Time [s],Channel 0,Channel 1,Channel 2
0.000000000,0,0,0
1.017965280,0,1,0
1.066922080,0,1,1
1.066979520,0,1,0
1.067037120,0,1,1
1.067043840,0,1,0
1.067050240,0,1,1
1.067056640,0,1,0
1.067101440,0,1,1
1.067108320,0,1,0
1.067114720,0,1,1
1.071365920,0,1,0
1.071423520,0,1,1
1.071430240,0,1,0
1.071436640,0,1,1
1.071443040,0,1,0
1.071487840,0,1,1
1.071494720,0,1,0
1.071501120,0,1,1
1.102193120,0,1,0
1.102250720,0,1,1
1.102257440,0,1,0
1.102263840,0,1,1
1.102270240,0,1,0
1.102315040,0,1,1
1.102321920,0,1,0
1.102328320,0,1,1
1.117207200,0,1,0
1.117264800,0,1,1
1.117271520,0,1,0
1.117284320,0,1,1
1.117297120,0,1,0
1.117329120,0,1,1
1.117336000,0,1,0
1.117348800,0,1,1
1.117355200,0,1,0
1.117361600,0,1,1
1.134681120,0,1,0
1.134738720,0,1,1
1.134745600,0,1,0
1.134758400,0,1,1
1.134771200,0,1,0
1.134803200,0,1,1
1.134809920,0,1,0
1.134822720,0,1,1
1.134829120,0,1,0
1.134835520,0,1,1
1.149682400,0,1,0
1.149715520,0,1,1
1.149758400,0,1,0
1.154687520,0,1,1
1.175414400,0,0,0
1.175414720,0,1,0
1.175415040,0,0,0
1.175415360,0,1,0
1.175415680,0,0,0
1.175416000,0,1,0
1.175416320,0,0,0
1.175416640,0,1,0
1.175416960,0,0,0
1.175417280,0,1,0
1.175417600,0,0,0
1.175418080,0,1,0
1.175418400,0,0,0
1.175418720,0,1,0
1.175419040,0,0,0
1.175419360,0,1,0
1.175419680,0,0,0
1.175420000,0,1,0
1.175420320,0,0,0
1.175420640,0,1,0
1.175420960,0,0,0
1.175421280,0,1,0
1.175421600,0,0,0
1.175422080,0,1,0
1.175422400,0,0,0
1.175422720,0,1,0
1.175423040,0,0,0
1.175423360,0,1,0
1.175423680,0,0,0
1.175424000,0,1,0
1.175424320,0,0,0
1.175424640,0,1,0
1.175424960,0,0,0
1.175425280,0,1,0
1.175425600,0,0,0
1.175426080,0,1,0
1.175426400,1,0,0
1.175426720,1,1,0
1.175427040,1,0,0
1.175427360,1,1,0
1.175427680,1,0,0
1.175428000,1,1,0
1.175428320,1,0,0
1.175428640,1,1,0
1.175428960,1,0,0
1.175429280,1,1,0
1.175429600,1,0,0
1.175430080,1,1,0
1.175430400,1,0,0
1.175430720,1,1,0
1.175431040,1,0,0
1.175431360,1,1,0
1.175431680,0,0,0
1.175432000,0,1,0
1.175432320,0,0,0
1.175432640,0,1,0
1.175432960,0,0,0
1.175433280,0,1,0
1.175433600,1,0,0
1.175434080,1,1,0
1.175434400,1,0,0
1.175434720,1,1,0
1.175435040,0,0,0
1.175435360,0,1,0
1.176272320,0,0,0
1.176272640,0,1,0
1.176272960,0,0,0
1.176273280,0,1,0
1.176273600,0,0,0
1.176273920,0,1,0
1.176274400,0,0,0
1.176274720,0,1,0
1.176275040,1,0,1
1.176275360,1,1,1
1.176275680,0,0,0
1.176276000,0,1,0
1.176276320,0,0,0
1.176276640,0,1,0
1.176276960,0,0,0
1.176277280,0,1,0
1.176277600,0,0,0
1.176278080,0,1,0
1.176278400,0,0,0
1.176278720,0,1,0
1.176279040,0,0,0
1.176279360,0,1,0
1.176279680,1,0,0
1.176280000,1,1,0
1.176280320,0,0,0
1.176280640,0,1,0
1.176280960,0,0,0
1.176281280,0,1,0
1.176281600,0,0,0
1.176282080,0,1,0
1.176282400,0,0,0
1.176282720,0,1,0
1.176283040,1,0,1
1.176283360,1,1,1
1.176283680,0,0,0
1.176284000,0,1,0
1.176284320,0,0,1
1.176284640,0,1,1
1.176284960,0,0,1
1.176285280,0,1,1
1.176285600,0,0,1
1.176286080,0,1,1
1.176286400,0,0,1
1.176286720,0,1,1
1.176287040,0,0,1
1.176287360,0,1,1
1.176287680,0,0,1
1.176288000,0,1,1
1.176288320,0,0,1
1.176288640,0,1,1
1.176288960,0,0,1
1.176289280,0,1,1
1.176289600,1,0,1
1.176289760,1,0,0
1.176290080,1,1,0
1.176290400,0,0,1
1.176290720,0,1,1
1.176291040,0,0,1
1.176291360,0,1,1
1.176291680,0,0,0
1.176292000,0,1,0
1.176292320,1,0,0
1.176292640,1,1,0
1.176292960,0,0,0
1.176293280,0,1,0
1.177770400,0,0,0
1.177770720,0,1,0
1.177771040,0,0,0
1.177771360,0,1,0
1.177771680,0,0,0
1.177772000,0,1,0
1.177772320,0,0,0
1.177772640,0,1,0
1.177772960,0,0,0
1.177773280,0,1,0
1.177773600,0,0,0
1.177773920,0,1,0
1.177774400,0,0,0
1.177774720,0,1,0
1.177775040,0,0,0
1.177775360,0,1,0
1.177775680,0,0,0
1.177776000,0,1,0
1.177776320,0,0,0
1.177776640,0,1,0
1.177776960,0,0,0
1.177777280,0,1,0
1.177777600,0,0,0
1.177777920,0,1,0
1.177778400,0,0,0
1.177778720,0,1,0
1.177779040,0,0,0
1.177779360,0,1,0
1.177779680,0,0,0
1.177780000,0,1,0
1.177780320,0,0,0
1.177780640,0,1,0
1.177780960,0,0,0
1.177781280,0,1,0
1.177781600,0,0,0
1.177781920,0,1,0
1.177782400,0,0,1
1.177782720,0,1,1
1.177783040,0,0,1
1.177783360,0,1,1
1.177783680,0,0,1
1.177784000,0,1,1
1.177784320,0,0,1
1.177784640,0,1,1
1.177784960,0,0,1
1.177785280,0,1,1
1.177785600,0,0,1
1.177785920,0,1,1
1.177786400,0,0,1
1.177786720,0,1,1
1.177787040,0,0,1
1.177787360,0,1,1
1.177787680,0,0,0
1.177788000,0,1,0
1.177788320,0,0,0
1.177788640,0,1,0
1.177788960,0,0,0
1.177789280,0,1,0
1.177789600,0,0,0
1.177789760,0,0,1
1.177789920,0,1,1
1.177790400,0,0,1
1.177790720,0,1,1
1.177791040,0,0,0
1.177791360,0,1,0
1.178624320,0,0,0
1.178624640,0,1,0
1.178624960,0,0,0
1.178625280,0,1,0
1.178625600,0,0,0
1.178625920,0,1,0
1.178626400,0,0,0
1.178626720,0,1,0
1.178627040,1,0,1
1.178627360,1,1,1
1.178627680,0,0,0
1.178628000,0,1,0
1.178628320,0,0,0
1.178628640,0,1,0
1.178628960,0,0,0
1.178629280,0,1,0
1.178629600,0,0,0
1.178629920,0,1,0
1.178630400,0,0,0
1.178630720,0,1,0
1.178631040,0,0,0
1.178631360,0,1,0
1.178631680,0,0,0
1.178632000,0,1,0
1.178632320,0,0,0
1.178632640,0,1,0
1.178632960,0,0,0
1.178633280,0,1,0
1.178633600,0,0,0
1.178633920,0,1,0
1.178634400,0,0,0
1.178634720,0,1,0
1.178635040,1,0,1
1.178635360,1,1,1
1.178635680,0,0,0
1.178636000,0,1,0
1.178636320,1,0,0
1.178636640,1,1,0
1.178636960,1,0,0
1.178637280,1,1,0
1.178637600,1,0,0
1.178637920,1,1,0
1.178638400,1,0,0
1.178638720,1,1,0
1.178639040,1,0,0
1.178639360,1,1,0
1.178639680,1,0,0
1.178640000,1,1,0
1.178640320,1,0,0
1.178640640,1,1,0
1.178640960,1,0,0
1.178641280,1,1,0
1.178641600,0,0,0
1.178641920,0,1,0
1.178642400,1,0,1
1.178642720,1,1,1
1.178643040,1,0,0
1.178643360,1,1,0
1.178643680,0,0,0
1.178644000,0,1,0
1.178644320,0,0,1
1.178644640,0,1,1
1.178644960,0,0,0
1.178645280,0,1,0
1.180343040,1,0,0
1.180343360,1,1,0
1.180343680,0,0,0
1.180344000,0,1,0
1.180344320,1,0,0
1.180344640,1,1,0
1.180344960,1,0,0
1.180345280,1,1,0
1.180345600,1,0,0
1.180345920,1,1,0
1.180346400,0,0,0
1.180346720,0,1,0
1.180347040,0,0,0
1.180347360,0,1,0
1.180347680,0,0,0
1.180348000,0,1,0
1.180348320,0,0,0
1.180348640,0,1,0
1.180348960,0,0,0
1.180349280,0,1,0
1.180349600,0,0,0
1.180349920,0,1,0
1.180350400,0,0,0
1.180350720,0,1,0
1.180351040,0,0,0
1.180351360,0,1,0
1.180351680,0,0,0
1.180352000,0,1,0
1.180352320,0,0,0
1.180352640,0,1,0
1.180352960,1,0,0
1.180353280,1,1,0
1.180353600,0,0,0
1.180353920,0,1,0
1.180354400,0,0,0
1.180354720,0,1,0
1.180355040,0,0,0
1.180355360,0,1,0
1.180355680,0,0,0
1.180356000,0,1,0
1.180356320,0,0,0
1.180356640,0,1,0
1.180356960,1,0,0
1.180357280,1,1,0
1.180357600,1,0,0
1.180357920,1,1,0
1.180358400,0,0,0
1.180358720,0,1,0
1.180359040,0,0,0
1.180359360,0,1,0
1.180359680,0,0,0
1.180360000,0,1,0
1.180360320,1,0,0
1.180360640,1,1,0
1.180360960,0,0,0
1.180361280,0,1,0
1.180361600,0,0,0
1.180361920,0,1,0
1.180362400,1,0,0
1.180362720,1,1,0
1.180363040,1,0,0
1.180363360,1,1,0
1.180363680,0,0,0
1.180364000,0,1,0
1.181138400,0,0,0
1.181138720,0,1,0
1.181139040,0,0,0
1.181139360,0,1,0
1.181139680,0,0,0
1.181140000,0,1,0
1.181140320,0,0,0
1.181140640,0,1,0
1.181140960,1,0,1
1.181141280,1,1,1
1.181141600,0,0,0
1.181141920,0,1,0
1.181142400,0,0,0
1.181142720,0,1,0
1.181143040,1,0,0
1.181143360,1,1,0
1.181143680,0,0,0
1.181144000,0,1,0
1.181144320,0,0,0
1.181144640,0,1,0
1.181144960,0,0,0
1.181145280,0,1,0
1.181145600,1,0,0
1.181145920,1,1,0
1.181146400,0,0,0
1.181146720,0,1,0
1.181147040,0,0,0
1.181147360,0,1,0
1.181147680,0,0,0
1.181148000,0,1,0
1.181148320,0,0,0
1.181148640,0,1,0
1.181148960,1,0,1
1.181149280,1,1,1
1.181149600,0,0,0
1.181149920,0,1,0
1.181150400,0,0,0
1.181150720,0,1,0
1.181151040,0,0,0
1.181151360,0,1,0
1.181151680,0,0,0
1.181152000,0,1,0
1.181152320,0,0,1
1.181152640,0,1,1
1.181152960,0,0,1
1.181153280,0,1,1
1.181153600,0,0,0
1.181153920,0,1,0
1.181154400,0,0,0
1.181154720,0,1,0
1.181155040,0,0,0
1.181155360,0,1,0
1.181155680,1,0,1
1.181156000,1,1,1
1.181156320,0,0,0
1.181156640,0,1,0
1.181156960,1,0,1
1.181157280,1,1,1
1.181157600,0,0,0
1.181157920,0,1,0
1.181158400,1,0,1
1.181158720,1,1,1
1.181159040,0,0,0
1.181159360,0,1,0
1.181718400,0,0,1
1.181718720,0,1,1
1.181719040,0,0,0
1.181719360,0,1,0
1.181719680,0,0,1
1.181720000,0,1,1
1.181720320,0,0,1
1.181720640,0,1,1
1.181720960,0,0,1
1.181721280,0,1,1
1.181721600,0,0,0
1.181721920,0,1,0
1.181722400,0,0,0
1.181722720,0,1,0
1.181723040,0,0,0
1.181723360,0,1,0
1.181723680,0,0,0
1.181724000,0,1,0
1.181724320,0,0,0
1.181724640,0,1,0
1.181724960,0,0,0
1.181725280,0,1,0
1.181725600,0,0,0
1.181725920,0,1,0
1.181726400,0,0,0
1.181726720,0,1,0
1.181727040,0,0,0
1.181727360,0,1,0
1.181727680,0,0,0
1.181728000,0,1,0
1.181728320,0,0,1
1.181728640,0,1,1
1.181728960,0,0,0
1.181729280,0,1,0
1.181729600,0,0,0
1.181729920,0,1,0
1.181730400,0,0,0
1.181730720,0,1,0
1.181731040,0,0,0
1.181731360,0,1,0
1.181731680,0,0,0
1.181732000,0,1,0
1.181732320,1,0,1
1.181732640,1,1,1
1.181732960,0,0,1
1.181733280,0,1,1
1.181733600,1,0,0
1.181733920,1,1,0
1.181734240,1,0,0
1.181734400,0,0,0
1.181734720,0,1,0
1.181735040,0,0,0
1.181735360,0,1,0
1.181735680,0,0,1
1.181736000,0,1,1
1.181736320,1,0,0
1.181736640,1,1,0
1.181736960,0,0,0
1.181737280,0,1,0
1.181737600,1,0,1
1.181737920,1,1,1
1.181738240,1,0,1
1.181738400,0,0,1
1.181738720,0,1,1
1.181739040,0,0,0
1.181739360,0,1,0
1.182503040,0,0,0
1.182503360,0,1,0
1.182503680,0,0,0
1.182504000,0,1,0
1.182504320,0,0,0
1.182504640,0,1,0
1.182504960,0,0,0
1.182505280,0,1,0
1.182505600,1,0,1
1.182505920,1,1,1
1.182506240,1,0,1
1.182506400,0,0,0
1.182506720,0,1,0
1.182507040,1,0,0
1.182507360,1,1,0
1.182507680,0,0,1
1.182508000,0,1,1
1.182508320,0,0,0
1.182508640,0,1,0
1.182508960,0,0,0
1.182509280,0,1,0
1.182509600,0,0,0
1.182509920,0,1,0
1.182510240,0,0,0
1.182510720,0,1,0
1.182511040,0,0,0
1.182511360,0,1,0
1.182511680,0,0,0
1.182512000,0,1,0
1.182512320,0,0,0
1.182512640,0,1,0
1.182512960,0,0,0
1.182513280,0,1,0
1.182513600,1,0,1
1.182513920,1,1,1
1.182514240,1,0,1
1.182514400,0,0,0
1.182514720,0,1,0
1.182515040,0,0,0
1.182515360,0,1,0
1.182515680,0,0,0
1.182516000,0,1,0
1.182516320,0,0,0
1.182516640,0,1,0
1.182516960,1,0,1
1.182517280,1,1,1
1.182517600,1,0,0
1.182517920,1,1,0
1.182518240,1,0,0
1.182518400,0,0,1
1.182518720,0,1,1
1.182519040,0,0,0
1.182519360,0,1,0
1.182519680,0,0,0
1.182520000,0,1,0
1.182520320,1,0,1
1.182520640,1,1,1
1.182520960,1,0,0
1.182521280,1,1,0
1.182521600,1,0,1
1.182521920,1,1,1
1.182522240,1,0,1
1.182522400,0,0,1
1.182522720,0,1,1
1.182523040,1,0,1
1.182523360,1,1,1
1.182523680,0,0,0
1.182524000,0,1,0
1.183111040,0,0,0
1.183111360,0,1,0
1.183111680,0,0,0
1.183112000,0,1,0
1.183112320,0,0,0
1.183112640,0,1,0
1.183112960,0,0,0
1.183113280,0,1,0
1.183113600,0,0,0
1.183113920,0,1,0
1.183114240,0,0,0
1.183114720,0,1,0
1.183115040,0,0,0
1.183115360,0,1,0
1.183115680,0,0,0
1.183116000,0,1,0
1.183116320,0,0,0
1.183116640,0,1,0
1.183116960,0,0,0
1.183117280,0,1,0
1.183117600,0,0,0
1.183117920,0,1,0
1.183118240,0,0,0
1.183118720,0,1,0
1.183119040,0,0,0
1.183119360,0,1,0
1.183119680,0,0,0
1.183120000,0,1,0
1.183120320,0,0,0
1.183120640,0,1,0
1.183120960,0,0,0
1.183121280,0,1,0
1.183121600,0,0,0
1.183121920,0,1,0
1.183122240,0,0,0
1.183122720,0,1,0
1.183123040,0,0,0
1.183123360,0,1,0
1.183123680,0,0,0
1.183124000,0,1,0
1.183124320,0,0,0
1.183124640,0,1,0
1.183124960,0,0,1
1.183125280,0,1,1
1.183125600,0,0,0
1.183125920,0,1,0
1.183126240,0,0,0
1.183126400,0,0,1
1.183126720,0,1,1
1.183127040,0,0,0
1.183127360,0,1,0
1.183127680,0,0,0
1.183128000,0,1,0
1.183128320,0,0,0
1.183128640,0,1,0
1.183128960,0,0,1
1.183129280,0,1,1
1.183129600,0,0,0
1.183129920,0,1,0
1.183130240,0,0,0
1.183130400,0,0,1
1.183130720,0,1,1
1.183131040,0,0,0
1.183131360,0,1,0
1.183131680,0,0,0
1.183132000,0,1,0
1.183675680,0,0,0
1.183676000,0,1,0
1.183676320,0,0,0
1.183676640,0,1,0
1.183676960,0,0,0
1.183677280,0,1,0
1.183677600,0,0,0
1.183677920,0,1,0
1.183678240,0,0,0
1.183678400,1,0,1
1.183678720,1,1,1
1.183679040,0,0,0
1.183679360,0,1,0
1.183679680,0,0,1
1.183680000,0,1,1
1.183680320,0,0,0
1.183680640,0,1,0
1.183680960,0,0,0
1.183681280,0,1,0
1.183681600,0,0,0
1.183681920,0,1,0
1.183682240,0,0,0
1.183682720,0,1,0
1.183683040,0,0,0
1.183683360,0,1,0
1.183683680,0,0,0
1.183684000,0,1,0
1.183684320,0,0,0
1.183684640,0,1,0
1.183684960,0,0,0
1.183685280,0,1,0
1.183685600,0,0,0
1.183685920,0,1,0
1.183686240,0,0,0
1.183686400,1,0,1
1.183686720,1,1,1
1.183687040,0,0,0
1.183687360,0,1,0
1.183687680,0,0,0
1.183688000,0,1,0
1.183688320,0,0,0
1.183688640,0,1,0
1.183688960,0,0,0
1.183689280,0,1,0
1.183689600,1,0,0
1.183689920,1,1,0
1.183690240,1,0,0
1.183690400,0,0,0
1.183690720,0,1,0
1.183691040,1,0,0
1.183691360,1,1,0
1.183691680,0,0,0
1.183692000,0,1,0
1.183692320,0,0,0
1.183692640,0,1,0
1.183692960,1,0,1
1.183693280,1,1,1
1.183693600,0,0,0
1.183693920,0,1,0
1.183694240,0,0,0
1.183694720,0,1,0
1.183695040,1,0,0
1.183695360,1,1,0
1.183695680,1,0,1
1.183696000,1,1,1
1.183696320,0,0,0
1.183696640,0,1,0
1.186763040,1,0,0
1.186763360,1,1,0
1.186763680,1,0,0
1.186764000,1,1,0
1.186764320,1,0,0
1.186764640,1,1,0
1.186764960,1,0,0
1.186765280,1,1,0
1.186765600,1,0,0
1.186765920,1,1,0
1.186766240,1,0,0
1.186766720,1,1,0
1.186767040,1,0,0
1.186767360,1,1,0
1.186767680,1,0,0
1.186768000,1,1,0
1.186768320,1,0,0
1.186768640,1,1,0
1.186768960,1,0,0
1.186769280,1,1,0
1.186769600,1,0,0
1.186769920,1,1,0
1.186770240,1,0,0
1.186770720,1,1,0
1.186771040,1,0,0
1.186771360,1,1,0
1.186771680,1,0,0
1.186772000,1,1,0
1.186772320,1,0,0
1.186772640,1,1,0
1.186772960,1,0,0
1.186773280,1,1,0
1.186773600,0,0,0
1.186773920,0,1,0
1.186774240,0,0,0
1.186774400,0,0,1
1.186774720,0,1,1
1.186775040,0,0,0
1.186775360,0,1,0
1.186775680,0,0,0
1.186776000,0,1,0
1.186776320,0,0,1
1.186776640,0,1,1
1.186776960,0,0,1
1.186777280,0,1,1
1.186777600,0,0,0
1.186777920,0,1,0
1.186778240,0,0,0
1.186778720,0,1,0
1.186779040,0,0,0
1.186779360,0,1,0
1.186779680,0,0,1
1.186780000,0,1,1
1.186780320,0,0,0
1.186780640,0,1,0
1.186780960,0,0,1
1.186781280,0,1,1
1.186781600,0,0,0
1.186781920,0,1,0
1.186782240,0,0,0
1.186782720,0,1,0
1.186783040,0,0,1
1.186783360,0,1,1
1.186783680,0,0,0
1.186784000,0,1,0
1.186784320,0,0,0
1.186784640,0,1,0
1.186784960,0,0,0
1.186785280,0,1,0
1.186785600,0,0,1
1.186785920,0,1,1
1.186786240,0,0,1
1.186786720,0,1,1
1.186787040,0,0,0
1.186787360,0,1,0
1.186787680,0,0,0
1.186788000,0,1,0
1.186788320,0,0,0
1.186788640,0,1,0
1.186788960,0,0,1
1.186789280,0,1,1
1.186789600,0,0,0
1.186789920,0,1,0
1.186790240,0,0,0
1.186790720,0,1,0
1.186791040,0,0,1
1.186791360,0,1,1
1.186791680,0,0,1
1.186792000,0,1,1
1.186792320,0,0,0
1.186792640,0,1,0
1.186792960,0,0,0
1.186793280,0,1,0
1.186793600,0,0,0
1.186793920,0,1,0
1.186794240,0,0,0
1.186794720,0,1,0
1.186795040,0,0,0
1.186795360,0,1,0
1.186795680,0,0,0
1.186796000,0,1,0
1.186796320,0,0,1
1.186796640,0,1,1
1.186796960,0,0,1
1.186797280,0,1,1
1.186797600,0,0,0
1.186797920,0,1,0
1.186798240,0,0,0
1.186798400,0,0,1
1.186798720,0,1,1
1.186799040,0,0,1
1.186799360,0,1,1
1.186799680,0,0,1
1.186800000,0,1,1
1.186800320,0,0,0
1.186800640,0,1,0
1.186800960,0,0,1
1.186801280,0,1,1
1.186801600,0,0,0
1.186801920,0,1,0
1.186802240,0,0,0
1.186802720,0,1,0
1.186803040,0,0,0
1.186803360,0,1,0
1.186803680,0,0,0
1.186804000,0,1,0
1.186804320,0,0,0
1.186804640,0,1,0
1.186804960,0,0,1
1.186805280,0,1,1
1.186805600,0,0,0
1.186805920,0,1,0
1.186806240,0,0,0
1.186806720,0,1,0
1.186807040,0,0,0
1.186807360,0,1,0
1.186807680,0,0,0
1.186808000,0,1,0
1.186808320,0,0,0
1.186808640,0,1,0
1.186808960,0,0,0
1.186809280,0,1,0
1.186809600,0,0,0
1.186809920,0,1,0
1.186810240,0,0,0
1.186810720,0,1,0
1.186811040,0,0,0
1.186811360,0,1,0
1.186811680,0,0,0
1.186812000,0,1,0
1.186812320,0,0,0
1.186812640,0,1,0
1.186812960,0,0,0
1.186813280,0,1,0
1.186813600,0,0,0
1.186813920,0,1,0
1.186814240,0,0,0
1.186814720,0,1,0
1.186815040,0,0,0
1.186815360,0,1,0
1.186815680,0,0,0
1.186816000,0,1,0
1.186816320,0,0,0
1.186816640,0,1,0
1.186816960,0,0,1
1.186817280,0,1,1
1.186817600,0,0,0
1.186817920,0,1,0
1.186818240,0,0,0
1.186818720,0,1,0
1.186819040,0,0,0
1.186819360,0,1,0
1.186819680,0,0,1
1.186820000,0,1,1
1.186820320,0,0,1
1.186820640,0,1,1
1.186820960,0,0,0
1.186821280,0,1,0
1.186821600,0,0,0
1.186821920,0,1,0
1.186822240,0,0,0
1.186822400,0,0,1
1.186822720,0,1,1
1.186823040,0,0,0
1.186823360,0,1,0
1.186823680,0,0,1
1.186824000,0,1,1
1.186824320,0,0,0
1.186824640,0,1,0
1.186824960,0,0,0
1.186825280,0,1,0
1.186825600,0,0,1
1.186825920,0,1,1
1.186826240,0,0,1
1.186826720,0,1,1
1.186827040,0,0,0
1.186827360,0,1,0
1.186827680,0,0,1
1.186828000,0,1,1
1.186828320,0,0,0
1.186828640,0,1,0
1.186828960,0,0,1
1.186829280,0,1,1
1.186829600,0,0,0
1.186829920,0,1,0
1.186830240,0,0,0
1.186830720,0,1,0
1.186831040,0,0,1
1.186831360,0,1,1
1.186831680,0,0,1
1.186832000,0,1,1
1.186832320,0,0,0
1.186832640,0,1,0
1.186832960,0,0,1
1.186833280,0,1,1
1.186833600,0,0,0
1.186833920,0,1,0
1.186834240,0,0,0
1.186834720,0,1,0
1.186835040,0,0,0
1.186835360,0,1,0
1.186835680,0,0,1
1.186836000,0,1,1
1.186836320,0,0,1
1.186836640,0,1,1
1.186836960,0,0,1
1.186837280,0,1,1
1.186837600,0,0,0
1.186837920,0,1,0
1.186838240,0,0,0
1.186838400,0,0,1
1.186838720,0,1,1
1.186839040,0,0,0
1.186839360,0,1,0
1.186839680,0,0,1
1.186840000,0,1,1
1.186840320,0,0,0
1.186840640,0,1,0
1.186840960,0,0,1
1.186841280,0,1,1
1.186841600,0,0,1
1.186841920,0,1,1
1.186842240,0,0,1
1.186842720,0,1,1
1.186843040,0,0,0
1.186843360,0,1,0
1.186843680,0,0,0
1.186844000,0,1,0
1.186844320,0,0,1
1.186844640,0,1,1
1.186844960,0,0,1
1.186845280,0,1,1
1.186845600,0,0,0
1.186845920,0,1,0
1.186846240,0,0,0
1.186846400,0,0,1
1.186846720,0,1,1
1.186847040,0,0,0
1.186847360,0,1,0
1.186847680,0,0,1
1.186848000,0,1,1
1.186848320,0,0,0
1.186848640,0,1,0
1.186848960,0,0,0
1.186849280,0,1,0
1.186849600,0,0,1
1.186849920,0,1,1
1.186850240,0,0,1
1.186850720,0,1,1
1.186851040,0,0,0
1.186851360,0,1,0
1.186851680,0,0,0
1.186852000,0,1,0
1.186852320,0,0,0
1.186852640,0,1,0
1.186852960,0,0,0
1.186853280,0,1,0
1.186853600,0,0,0
1.186853920,0,1,0
1.186854240,0,0,0
1.186854720,0,1,0
1.186855040,0,0,1
1.186855360,0,1,1
1.186855680,0,0,1
1.186856000,0,1,1
1.186856320,0,0,0
1.186856640,0,1,0
1.186856960,0,0,1
1.186857280,0,1,1
1.186857600,0,0,1
1.186857920,0,1,1
1.186858240,0,0,1
1.186858720,0,1,1
1.186859040,0,0,0
1.186859360,0,1,0
1.186859680,0,0,1
1.186860000,0,1,1
1.186860320,0,0,0
1.186860640,0,1,0
1.186860960,0,0,0
1.186861280,0,1,0
1.186861600,0,0,0
1.186861920,0,1,0
1.186862240,0,0,0
1.186862400,0,0,1
1.186862720,0,1,1
1.186863040,0,0,1
1.186863360,0,1,1
1.186863680,0,0,1
1.186864000,0,1,1
1.186864320,0,0,0
1.186864640,0,1,0
1.186864960,0,0,1
1.186865280,0,1,1
1.186865600,0,0,0
1.186865920,0,1,0
1.186866240,0,0,0
1.186866720,0,1,0
1.186867040,0,0,0
1.186867360,0,1,0
1.186867680,0,0,1
1.186868000,0,1,1
1.186868320,0,0,1
1.186868640,0,1,1
1.186868960,0,0,0
1.186869280,0,1,0
1.186869600,0,0,0
1.186869920,0,1,0
1.186870240,0,0,0
1.186870720,0,1,0
1.186871040,0,0,1
1.186871360,0,1,1
1.186871680,0,0,1
1.186872000,0,1,1
1.186872320,0,0,0
1.186872640,0,1,0
1.186872960,0,0,0
1.186873280,0,1,0
1.186873600,0,0,1
1.186873920,0,1,1
1.186874240,0,0,1
1.186874400,0,0,0
1.186874720,0,1,0
1.186875040,0,0,0
1.186875360,0,1,0
1.186875680,0,0,0
1.186876000,0,1,0
1.186876320,0,0,1
1.186876640,0,1,1
1.186876960,0,0,1
1.186877280,0,1,1
1.186877600,0,0,0
1.186877920,0,1,0
1.186878240,0,0,0
1.186878400,0,0,1
1.186878720,0,1,1
1.186879040,0,0,0
1.186879360,0,1,0
1.186879680,0,0,1
1.186880000,0,1,1
1.186880320,0,0,0
1.186880640,0,1,0
1.186880960,0,0,0
1.186881280,0,1,0
1.186881600,0,0,1
1.186881920,0,1,1
1.186882240,0,0,1
1.186882720,0,1,1
1.186883040,0,0,0
1.186883360,0,1,0
1.186883680,0,0,0
1.186884000,0,1,0
1.186884320,0,0,0
1.186884640,0,1,0
1.186884960,0,0,0
1.186885280,0,1,0
1.186885600,0,0,0
1.186885920,0,1,0
1.186886240,0,0,0
1.186886400,0,0,1
1.186886720,0,1,1
1.186887040,0,0,1
1.186887360,0,1,1
1.186887680,0,0,0
1.186888000,0,1,0
1.186888320,0,0,1
1.186888640,0,1,1
1.186888960,0,0,1
1.186889280,0,1,1
1.186889600,0,0,0
1.186889920,0,1,0
1.186890240,0,0,0
1.186890400,0,0,1
1.186890720,0,1,1
1.186891040,0,0,0
1.186891360,0,1,0
1.186891680,0,0,1
1.186892000,0,1,1
1.186892320,0,0,1
1.186892640,0,1,1
1.186892960,0,0,0
1.186893280,0,1,0
1.186893600,0,0,1
1.186893920,0,1,1
1.186894240,0,0,1
1.186894720,0,1,1
1.186895040,0,0,0
1.186895360,0,1,0
1.186895680,0,0,1
1.186896000,0,1,1
1.186896320,0,0,0
1.186896640,0,1,0
1.186896960,0,0,1
1.186897280,0,1,1
1.186897600,0,0,0
1.186897920,0,1,0
1.186898240,0,0,0
1.186898720,0,1,0
1.186899040,0,0,0
1.186899360,0,1,0
1.186899680,0,0,1
1.186900000,0,1,1
1.186900320,0,0,1
1.186900640,0,1,1
1.186900960,0,0,0
1.186901280,0,1,0
1.186901600,0,0,0
1.186901920,0,1,0
1.186902240,0,0,0
1.186902720,0,1,0
1.186903040,0,0,1
1.186903360,0,1,1
1.186903680,0,0,1
1.186904000,0,1,1
1.186904320,0,0,0
1.186904640,0,1,0
1.186904960,0,0,1
1.186905280,0,1,1
1.186905600,0,0,0
1.186905920,0,1,0
1.186906240,0,0,0
1.186906720,0,1,0
1.186907040,0,0,0
1.186907360,0,1,0
1.186907680,0,0,0
1.186908000,0,1,0
1.186908320,0,0,1
1.186908640,0,1,1
1.186908960,0,0,0
1.186909280,0,1,0
1.186909600,0,0,0
1.186909920,0,1,0
1.186910240,0,0,0
1.186910720,0,1,0
1.186911040,0,0,0
1.186911360,0,1,0
1.186911680,0,0,0
1.186912000,0,1,0
1.186912320,0,0,0
1.186912640,0,1,0
1.186912960,0,0,1
1.186913280,0,1,1
1.186913600,0,0,0
1.186913920,0,1,0
1.186914240,0,0,0
1.186914400,0,0,1
1.186914720,0,1,1
1.186915040,0,0,0
1.186915360,0,1,0
1.186915680,0,0,0
1.186916000,0,1,0
1.186916320,0,0,1
1.186916640,0,1,1
1.186916960,0,0,0
1.186917280,0,1,0
1.186917600,0,0,0
1.186917920,0,1,0
1.186918240,0,0,0
1.186918720,0,1,0
1.186919040,0,0,1
1.186919360,0,1,1
1.186919680,0,0,0
1.186920000,0,1,0
1.186920320,0,0,0
1.186920640,0,1,0
1.186920960,0,0,0
1.186921280,0,1,0
1.186921600,0,0,0
1.186921920,0,1,0
1.186922240,0,0,0
1.186922720,0,1,0
1.186923040,0,0,0
1.186923360,0,1,0
1.186923680,0,0,1
1.186924000,0,1,1
1.186924320,0,0,0
1.186924640,0,1,0
1.186924960,0,0,0
1.186925280,0,1,0
1.186925600,0,0,1
1.186925920,0,1,1
1.186926240,0,0,1
1.186926720,0,1,1
1.186927040,0,0,0
1.186927360,0,1,0
1.186927680,0,0,0
1.186928000,0,1,0
1.186928320,0,0,0
1.186928640,0,1,0
1.186928960,0,0,1
1.186929280,0,1,1
1.186929600,0,0,0
1.186929920,0,1,0
1.186930240,0,0,0
1.186930720,0,1,0
1.186931040,0,0,1
1.186931360,0,1,1
1.186931680,0,0,1
1.186932000,0,1,1
1.186932320,0,0,0
1.186932640,0,1,0
1.186932960,0,0,1
1.186933280,0,1,1
1.186933600,0,0,0
1.186933920,0,1,0
1.186934240,0,0,0
1.186934720,0,1,0
1.186935040,0,0,1
1.186935360,0,1,1
1.186935680,0,0,0
1.186936000,0,1,0
1.186936320,0,0,0
1.186936640,0,1,0
1.186936960,0,0,0
1.186937280,0,1,0
1.186937600,0,0,0
1.186937920,0,1,0
1.186938240,0,0,0
1.186938720,0,1,0
1.186939040,0,0,0
1.186939360,0,1,0
1.186939680,0,0,1
1.186940000,0,1,1
1.186940320,0,0,0
1.186940640,0,1,0
1.186940960,0,0,0
1.186941280,0,1,0
1.186941600,0,0,1
1.186941920,0,1,1
1.186942240,0,0,1
1.186942720,0,1,1
1.186943040,0,0,1
1.186943360,0,1,1
1.186943680,0,0,1
1.186944000,0,1,1
1.186944320,0,0,0
1.186944640,0,1,0
1.186944960,0,0,1
1.186945280,0,1,1
1.186945600,0,0,0
1.186945920,0,1,0
1.186946240,0,0,0
1.186946720,0,1,0
1.186947040,0,0,1
1.186947360,0,1,1
1.186947680,0,0,0
1.186948000,0,1,0
1.186948320,0,0,0
1.186948640,0,1,0
1.186948960,0,0,1
1.186949280,0,1,1
1.186949600,0,0,0
1.186949920,0,1,0
1.186950240,0,0,0
1.186950400,0,0,1
1.186950720,0,1,1
1.186951040,0,0,0
1.186951360,0,1,0
1.186951680,0,0,1
1.186952000,0,1,1
1.186952320,0,0,0
1.186952640,0,1,0
1.186952960,0,0,0
1.186953280,0,1,0
1.186953600,0,0,1
1.186953920,0,1,1
1.186954240,0,0,1
1.186954720,0,1,1
1.186955040,0,0,0
1.186955360,0,1,0
1.186955680,0,0,0
1.186956000,0,1,0
1.186956320,0,0,1
1.186956640,0,1,1
1.186956960,0,0,0
1.186957280,0,1,0
1.186957600,0,0,0
1.186957920,0,1,0
1.186958240,0,0,0
1.186958720,0,1,0
1.186959040,0,0,0
1.186959360,0,1,0
1.186959680,0,0,0
1.186960000,0,1,0
1.186960320,0,0,0
1.186960640,0,1,0
1.186960960,0,0,1
1.186961280,0,1,1
1.186961600,0,0,0
1.186961920,0,1,0
1.186962240,0,0,0
1.186962400,0,0,1
1.186962720,0,1,1
1.186963040,0,0,0
1.186963360,0,1,0
1.186963680,0,0,1
1.186964000,0,1,1
1.186964320,0,0,1
1.186964640,0,1,1
1.186964960,0,0,1
1.186965280,0,1,1
1.186965600,0,0,0
1.186965920,0,1,0
1.186966240,0,0,0
1.186966400,0,0,1
1.186966720,0,1,1
1.186967040,0,0,0
1.186967360,0,1,0
1.186967680,0,0,1
1.186968000,0,1,1
1.186968320,0,0,0
1.186968640,0,1,0
1.186968960,0,0,0
1.186969280,0,1,0
1.186969600,0,0,1
1.186969920,0,1,1
1.186970240,0,0,1
1.186970400,0,0,0
1.186970720,0,1,0
1.186971040,0,0,0
1.186971360,0,1,0
1.186971680,0,0,0
1.186972000,0,1,0
1.186972320,0,0,0
1.186972640,0,1,0
1.186972960,0,0,0
1.186973280,0,1,0
1.186973600,0,0,0
1.186973920,0,1,0
1.186974240,0,0,0
1.186974720,0,1,0
1.186975040,0,0,0
1.186975360,0,1,0
1.186975680,0,0,0
1.186976000,0,1,0
1.186976320,0,0,0
1.186976640,0,1,0
1.186976960,0,0,0
1.186977280,0,1,0
1.186977600,0,0,0
1.186977920,0,1,0
1.186978240,0,0,0
1.186978720,0,1,0
1.186979040,0,0,0
1.186979360,0,1,0
1.186979680,0,0,0
1.186980000,0,1,0
1.186980320,0,0,0
1.186980640,0,1,0
1.186980960,0,0,0
1.186981280,0,1,0
1.186981600,0,0,0
1.186981920,0,1,0
1.186982240,0,0,0
1.186982720,0,1,0
1.186983040,0,0,0
1.186983360,0,1,0
1.186983680,0,0,0
1.186984000,0,1,0
1.186984320,0,0,0
1.186984640,0,1,0
1.186984960,0,0,0
1.186985280,0,1,0
1.186985600,0,0,0
1.186985920,0,1,0
1.186986240,0,0,0
1.186986720,0,1,0
1.186987040,0,0,0
1.186987360,0,1,0
1.186987680,0,0,0
1.186988000,0,1,0
1.186988320,0,0,0
1.186988640,0,1,0
1.186988960,0,0,0
1.186989280,0,1,0
1.186989600,0,0,0
1.186989920,0,1,0
1.186990240,0,0,0
1.186990720,0,1,0
1.186991040,0,0,0
1.186991360,0,1,0
1.186991680,0,0,0
1.186992000,0,1,0
1.186992320,0,0,0
1.186992640,0,1,0
1.186992960,0,0,0
1.186993280,0,1,0
1.186993600,0,0,0
1.186993920,0,1,0
1.186994240,0,0,0
1.186994720,0,1,0
1.186995040,0,0,0
1.186995360,0,1,0
1.186995680,0,0,0
1.186996000,0,1,0
1.186996320,0,0,0
1.186996640,0,1,0
1.186996960,0,0,0
1.186997280,0,1,0
1.186997600,0,0,0
1.186997920,0,1,0
1.186998240,0,0,0
1.186998720,0,1,0
1.186999040,0,0,0
1.186999360,0,1,0
1.186999680,0,0,0
1.187000000,0,1,0
1.187000320,0,0,0
1.187000640,0,1,0
1.187000960,0,0,0
1.187001280,0,1,0
1.187001600,0,0,0
1.187001920,0,1,0
1.187002240,0,0,0
1.187002720,0,1,0
1.187003040,0,0,0
1.187003360,0,1,0
1.187003680,0,0,0
1.187004000,0,1,0
1.187004320,0,0,0
1.187004640,0,1,0
1.187004960,0,0,0
1.187005280,0,1,0
1.187005600,0,0,0
1.187005920,0,1,0
1.187006240,0,0,0
1.187006720,0,1,0
1.187007040,0,0,0
1.187007360,0,1,0
1.187007680,0,0,0
1.187008000,0,1,0
1.187008320,0,0,0
1.187008640,0,1,0
1.187008960,0,0,0
1.187009280,0,1,0
1.187009600,0,0,0
1.187009920,0,1,0
1.187010240,0,0,0
1.187010720,0,1,0
1.187011040,0,0,0
1.187011360,0,1,0
1.187011680,0,0,0
1.187012000,0,1,0
1.187012320,0,0,0
1.187012640,0,1,0
1.187012960,0,0,0
1.187013280,0,1,0
1.187013600,0,0,0
1.187013920,0,1,0
1.187014240,0,0,0
1.187014720,0,1,0
1.187015040,0,0,0
1.187015360,0,1,0
1.187015680,0,0,0
1.187016000,0,1,0
1.187016320,0,0,0
1.187016640,0,1,0
1.187016960,0,0,0
1.187017280,0,1,0
1.187017600,0,0,0
1.187017920,0,1,0
1.187018240,0,0,0
1.187018720,0,1,0
1.187019040,0,0,0
1.187019360,0,1,0
1.187019680,0,0,0
1.187020000,0,1,0
1.187020320,0,0,0
1.187020640,0,1,0
1.187020960,0,0,0
1.187021280,0,1,0
1.187021600,0,0,0
1.187021920,0,1,0
1.187022240,0,0,0
1.187022720,0,1,0
1.187023040,0,0,0
1.187023360,0,1,0
1.187023680,0,0,0
1.187024000,0,1,0
1.187024320,0,0,0
1.187024640,0,1,0
1.187024960,0,0,0
1.187025280,0,1,0
1.187025600,0,0,0
1.187025920,0,1,0
1.187026240,0,0,0
1.187026720,0,1,0
1.187027040,0,0,0
1.187027360,0,1,0
1.187027680,0,0,0
1.187028000,0,1,0
1.187028320,0,0,0
1.187028640,0,1,0
1.187028960,0,0,0
1.187029280,0,1,0
1.187029600,0,0,0
1.187029920,0,1,0
1.187030240,0,0,0
1.187030720,0,1,0
1.187031040,0,0,0
1.187031360,0,1,0
1.187031680,0,0,0
1.187032000,0,1,0
1.187032320,0,0,0
1.187032640,0,1,0
1.187032960,0,0,0
1.187033280,0,1,0
1.187033600,0,0,0
1.187033920,0,1,0
1.187034240,0,0,0
1.187034720,0,1,0
1.187035040,0,0,0
1.187035360,0,1,0
1.187035680,0,0,0
1.187036000,0,1,0
1.187036320,0,0,0
1.187036640,0,1,0
1.187036960,0,0,0
1.187037280,0,1,0
1.187037600,0,0,0
1.187037920,0,1,0
1.187038240,0,0,0
1.187038720,0,1,0
1.187039040,0,0,0
1.187039360,0,1,0
1.187039680,0,0,0
1.187040000,0,1,0
1.187040320,0,0,0
1.187040640,0,1,0
1.187040960,0,0,0
1.187041280,0,1,0
1.187041600,0,0,0
1.187041920,0,1,0
1.187042240,0,0,0
1.187042720,0,1,0
1.187043040,0,0,0
1.187043360,0,1,0
1.187043680,0,0,0
1.187044000,0,1,0
1.187044320,0,0,0
1.187044640,0,1,0
1.187044960,0,0,0
1.187045280,0,1,0
1.187045600,0,0,0
1.187045920,0,1,0
1.187046240,0,0,0
1.187046720,0,1,0
1.187047040,0,0,0
1.187047360,0,1,0
1.187047680,0,0,0
1.187048000,0,1,0
1.187048320,0,0,0
1.187048640,0,1,0
1.187048960,0,0,0
1.187049280,0,1,0
1.187049600,0,0,0
1.187049920,0,1,0
1.187050240,0,0,0
1.187050720,0,1,0
1.187051040,0,0,0
1.187051360,0,1,0
1.187051680,0,0,0
1.187052000,0,1,0
1.187052320,0,0,0
1.187052640,0,1,0
1.187052960,0,0,0
1.187053280,0,1,0
1.187053600,0,0,0
1.187053920,0,1,0
1.187054240,0,0,0
1.187054720,0,1,0
1.187055040,0,0,0
1.187055360,0,1,0
1.187055680,0,0,0
1.187056000,0,1,0
1.187056320,0,0,0
1.187056640,0,1,0
1.187056960,0,0,0
1.187057280,0,1,0
1.187057600,0,0,0
1.187057920,0,1,0
1.187058240,0,0,0
1.187058720,0,1,0
1.187059040,0,0,0
1.187059360,0,1,0
1.187059680,0,0,0
1.187060000,0,1,0
1.187060320,0,0,0
1.187060640,0,1,0
1.187060960,0,0,0
1.187061280,0,1,0
1.187061600,0,0,0
1.187061920,0,1,0
1.187062240,0,0,0
1.187062720,0,1,0
1.187063040,0,0,0
1.187063360,0,1,0
1.187063680,0,0,0
1.187064000,0,1,0
1.187064320,0,0,0
1.187064640,0,1,0
1.187064960,0,0,0
1.187065280,0,1,0
1.187065600,0,0,0
1.187065920,0,1,0
1.187066240,0,0,0
1.187066720,0,1,0
1.187067040,0,0,0
1.187067360,0,1,0
1.187067680,0,0,0
1.187068000,0,1,0
1.187068320,0,0,0
1.187068640,0,1,0
1.187068960,0,0,0
1.187069280,0,1,0
1.187069600,0,0,0
1.187069920,0,1,0
1.187070240,0,0,0
1.187070720,0,1,0
1.187071040,0,0,0
1.187071360,0,1,0
1.187071680,0,0,0
1.187072000,0,1,0
1.187072320,0,0,0
1.187072640,0,1,0
1.187072960,0,0,0
1.187073280,0,1,0
1.187073600,0,0,0
1.187073920,0,1,0
1.187074240,0,0,0
1.187074720,0,1,0
1.187075040,0,0,0
1.187075360,0,1,0
1.187075680,0,0,0
1.187076000,0,1,0
1.187076320,0,0,0
1.187076640,0,1,0
1.187076960,0,0,0
1.187077280,0,1,0
1.187077600,0,0,0
1.187077920,0,1,0
1.187078240,0,0,0
1.187078720,0,1,0
1.187079040,0,0,0
1.187079360,0,1,0
1.187079680,0,0,0
1.187080000,0,1,0
1.187080320,0,0,0
1.187080640,0,1,0
1.187080960,0,0,0
1.187081280,0,1,0
1.187081600,0,0,0
1.187081920,0,1,0
1.187082240,0,0,0
1.187082720,0,1,0
1.187083040,0,0,0
1.187083360,0,1,0
1.187083680,0,0,0
1.187084000,0,1,0
1.187084320,0,0,0
1.187084640,0,1,0
1.187084960,0,0,0
1.187085280,0,1,0
1.187085600,0,0,0
1.187085920,0,1,0
1.187086240,0,0,0
1.187086720,0,1,0
1.187087040,0,0,0
1.187087360,0,1,0
1.187087680,0,0,0
1.187088000,0,1,0
1.187088320,0,0,0
1.187088640,0,1,0
1.187088960,0,0,0
1.187089280,0,1,0
1.187089600,0,0,0
1.187089920,0,1,0
1.187090240,0,0,0
1.187090720,0,1,0
1.187091040,0,0,0
1.187091360,0,1,0
1.187091680,0,0,0
1.187092000,0,1,0
1.187092320,0,0,0
1.187092640,0,1,0
1.187092960,0,0,0
1.187093280,0,1,0
1.187093600,0,0,0
1.187093920,0,1,0
1.187094240,0,0,0
1.187094720,0,1,0
1.187095040,0,0,0
1.187095360,0,1,0
1.187095680,0,0,0
1.187096000,0,1,0
1.187096320,0,0,0
1.187096640,0,1,0
1.187096960,0,0,0
1.187097280,0,1,0
1.187097600,0,0,0
1.187097920,0,1,0
1.187098240,0,0,0
1.187098720,0,1,0
1.187099040,0,0,0
1.187099360,0,1,0
1.187099680,0,0,0
1.187100000,0,1,0
1.187100320,0,0,0
1.187100640,0,1,0
1.187100960,0,0,0
1.187101280,0,1,0
1.187101600,0,0,0
1.187101920,0,1,0
1.187102240,0,0,0
1.187102720,0,1,0
1.187103040,0,0,0
1.187103360,0,1,0
1.187103680,0,0,0
1.187104000,0,1,0
1.187104320,0,0,0
1.187104640,0,1,0
1.187104960,0,0,0
1.187105280,0,1,0
1.187105600,0,0,0
1.187105920,0,1,0
1.187106240,0,0,0
1.187106720,0,1,0
1.187107040,0,0,0
1.187107360,0,1,0
1.187107680,0,0,0
1.187108000,0,1,0
1.187108320,0,0,0
1.187108640,0,1,0
1.187108960,0,0,0
1.187109280,0,1,0
1.187109600,0,0,0
1.187109920,0,1,0
1.187110240,0,0,0
1.187110720,0,1,0
1.187111040,0,0,0
1.187111360,0,1,0
1.187111680,0,0,0
1.187112000,0,1,0
1.187112320,0,0,0
1.187112640,0,1,0
1.187112960,0,0,0
1.187113280,0,1,0
1.187113600,0,0,0
1.187113920,0,1,0
1.187114240,0,0,0
1.187114720,0,1,0
1.187115040,0,0,0
1.187115360,0,1,0
1.187115680,0,0,0
1.187116000,0,1,0
1.187116320,0,0,0
1.187116640,0,1,0
1.187116960,0,0,0
1.187117280,0,1,0
1.187117600,0,0,0
1.187117920,0,1,0
1.187118240,0,0,0
1.187118720,0,1,0
1.187119040,0,0,0
1.187119360,0,1,0
1.187119680,0,0,0
1.187120000,0,1,0
1.187120320,0,0,0
1.187120640,0,1,0
1.187120960,0,0,0
1.187121280,0,1,0
1.187121600,0,0,0
1.187121920,0,1,0
1.187122240,0,0,0
1.187122720,0,1,0
1.187123040,0,0,0
1.187123360,0,1,0
1.187123680,0,0,0
1.187124000,0,1,0
1.187124320,0,0,0
1.187124640,0,1,0
1.187124960,0,0,0
1.187125280,0,1,0
1.187125600,0,0,0
1.187125920,0,1,0
1.187126240,0,0,0
1.187126720,0,1,0
1.187127040,0,0,0
1.187127360,0,1,0
1.187127680,0,0,0
1.187128000,0,1,0
1.187128320,0,0,0
1.187128640,0,1,0
1.187128960,0,0,0
1.187129280,0,1,0
1.187129600,0,0,0
1.187129920,0,1,0
1.187130240,0,0,0
1.187130720,0,1,0
1.187131040,0,0,0
1.187131360,0,1,0
1.187131680,0,0,0
1.187132000,0,1,0
1.187132320,0,0,0
1.187132640,0,1,0
1.187132960,0,0,0
1.187133280,0,1,0
1.187133600,0,0,0
1.187133920,0,1,0
1.187134240,0,0,0
1.187134720,0,1,0
1.187135040,0,0,0
1.187135360,0,1,0
1.187135680,0,0,0
1.187136000,0,1,0
1.187136320,0,0,0
1.187136640,0,1,0
1.187136960,0,0,0
1.187137280,0,1,0
1.187137600,0,0,0
1.187137920,0,1,0
1.187138240,0,0,0
1.187138720,0,1,0
1.187139040,0,0,0
1.187139360,0,1,0
1.187139680,0,0,0
1.187140000,0,1,0
1.187140320,0,0,0
1.187140640,0,1,0
1.187140960,0,0,0
1.187141280,0,1,0
1.187141600,0,0,0
1.187141920,0,1,0
1.187142240,0,0,0
1.187142720,0,1,0
1.187143040,0,0,0
1.187143360,0,1,0
1.187143680,0,0,0
1.187144000,0,1,0
1.187144320,0,0,0
1.187144640,0,1,0
1.187144960,0,0,0
1.187145280,0,1,0
1.187145600,0,0,0
1.187145920,0,1,0
1.187146240,0,0,0
1.187146720,0,1,0
1.187147040,0,0,0
1.187147360,0,1,0
1.187147680,0,0,0
1.187148000,0,1,0
1.187148320,0,0,0
1.187148640,0,1,0
1.187148960,0,0,0
1.187149280,0,1,0
1.187149600,0,0,0
1.187149920,0,1,0
1.187150240,0,0,0
1.187150720,0,1,0
1.187151040,0,0,0
1.187151360,0,1,0
1.187151680,0,0,0
1.187152000,0,1,0
1.187152320,0,0,0
1.187152640,0,1,0
1.187152960,0,0,0
1.187153280,0,1,0
1.187153600,0,0,0
1.187153920,0,1,0
1.187154240,0,0,0
1.187154720,0,1,0
1.187155040,0,0,0
1.187155360,0,1,0
1.187155680,0,0,0
1.187156000,0,1,0
1.187156320,0,0,0
1.187156640,0,1,0
1.187156960,0,0,0
1.187157280,0,1,0
1.187157600,0,0,0
1.187157920,0,1,0
1.187158240,0,0,0
1.187158720,0,1,0
1.187159040,0,0,0
1.187159360,0,1,0
1.187159680,0,0,0
1.187160000,0,1,0
1.187160320,0,0,0
1.187160640,0,1,0
1.187160960,0,0,0
1.187161280,0,1,0
1.187161600,0,0,0
1.187161920,0,1,0
1.187162240,0,0,0
1.187162720,0,1,0
1.187163040,0,0,0
1.187163360,0,1,0
1.187163680,0,0,0
1.187164000,0,1,0
1.187164320,0,0,0
1.187164640,0,1,0
1.187164960,0,0,0
1.187165280,0,1,0
1.187165600,0,0,0
1.187165920,0,1,0
1.187166240,0,0,0
1.187166720,0,1,0
1.187167040,0,0,0
1.187167360,0,1,0
1.187167680,0,0,0
1.187168000,0,1,0
1.187168320,0,0,0
1.187168640,0,1,0
1.187168960,0,0,0
1.187169280,0,1,0
1.187169600,0,0,0
1.187169920,0,1,0
1.187170240,0,0,0
1.187170720,0,1,0
1.187171040,0,0,0
1.187171360,0,1,0
1.187171680,0,0,0
1.187172000,0,1,0
1.187172320,0,0,0
1.187172640,0,1,0
1.187172960,0,0,0
1.187173280,0,1,0
1.187173600,0,0,0
1.187173920,0,1,0
1.187174240,0,0,0
1.187174720,0,1,0
1.187175040,0,0,0
1.187175360,0,1,0
1.187175680,0,0,0
1.187176000,0,1,0
1.187176320,0,0,0
1.187176640,0,1,0
1.187176960,0,0,0
1.187177280,0,1,0
1.187177600,0,0,0
1.187177920,0,1,0
1.187178240,0,0,0
1.187178720,0,1,0
1.187179040,0,0,0
1.187179360,0,1,0
1.187179680,0,0,0
1.187180000,0,1,0
1.187180320,0,0,0
1.187180640,0,1,0
1.187180960,0,0,0
1.187181280,0,1,0
1.187181600,0,0,0
1.187181920,0,1,0
1.187182240,0,0,0
1.187182720,0,1,0
1.187183040,0,0,0
1.187183360,0,1,0
1.187183680,0,0,0
1.187184000,0,1,0
1.187184320,0,0,0
1.187184640,0,1,0
1.187184960,0,0,0
1.187185280,0,1,0
1.187185600,0,0,0
1.187185920,0,1,0
1.187186240,0,0,0
1.187186720,0,1,0
1.187187040,0,0,0
1.187187360,0,1,0
1.187187680,0,0,0
1.187188000,0,1,0
1.187188320,0,0,0
1.187188640,0,1,0
1.187188960,0,0,0
1.187189280,0,1,0
1.187189600,0,0,0
1.187189920,0,1,0
1.187190240,0,0,0
1.187190720,0,1,0
1.187191040,0,0,0
1.187191360,0,1,0
1.187191680,0,0,0
1.187192000,0,1,0
1.187192320,0,0,0
1.187192640,0,1,0
1.187192960,0,0,0
1.187193280,0,1,0
1.187193600,0,0,0
1.187193920,0,1,0
1.187194240,0,0,0
1.187194720,0,1,0
1.187195040,0,0,0
1.187195360,0,1,0
1.187195680,0,0,0
1.187196000,0,1,0
1.187196320,0,0,0
1.187196640,0,1,0
1.187196960,0,0,0
1.187197280,0,1,0
1.187197600,0,0,0
1.187197920,0,1,0
1.187198240,0,0,0
1.187198720,0,1,0
1.187199040,0,0,0
1.187199360,0,1,0
1.187199680,0,0,0
1.187200000,0,1,0
1.187200320,0,0,0
1.187200640,0,1,0
1.187200960,0,0,0
1.187201280,0,1,0
1.187201600,0,0,1
1.187201920,0,1,1
1.187202240,0,0,1
1.187202720,0,1,1
1.187203040,0,0,0
1.187203360,0,1,0
1.187203680,0,0,0
1.187204000,0,1,0
1.187204320,0,0,1
1.187204640,0,1,1
1.187204960,0,0,0
1.187205280,0,1,0
1.187205600,0,0,0
1.187205920,0,1,0
1.187206240,0,0,0
1.187206720,0,1,0
1.187207040,0,0,1
1.187207360,0,1,1
1.187207680,0,0,1
1.187208000,0,1,1
1.187208320,0,0,0
1.187208640,0,1,0
1.187208960,0,0,1
1.187209280,0,1,1
1.187209600,0,0,1
1.187209920,0,1,1
1.187210240,0,0,1
1.187210720,0,1,1
1.187211040,0,0,0
1.187211360,0,1,0
1.187211680,0,0,1
1.187212000,0,1,1
1.187212320,0,0,0
1.187212640,0,1,0
1.187212960,0,0,0
1.187213280,0,1,0
1.187213600,0,0,0
1.187213920,0,1,0
1.187214240,0,0,0
1.187214720,0,1,0
1.187215040,0,0,1
1.187215360,0,1,1
1.187215680,0,0,1
1.187216000,0,1,1
1.187216320,0,0,0
1.187216640,0,1,0
1.187216960,0,0,0
1.187217280,0,1,0
1.187217600,0,0,1
1.187217920,0,1,1
1.187218240,0,0,1
1.187218720,0,1,1
1.187219040,0,0,0
1.187219360,0,1,0
1.187219680,0,0,0
1.187220000,0,1,0
1.187220320,0,0,0
1.187220640,0,1,0
1.187220960,0,0,0
1.187221280,0,1,0
1.187221600,0,0,0
1.187221920,0,1,0
1.187222240,0,0,0
1.187222720,0,1,0
1.187223040,0,0,1
1.187223360,0,1,1
1.187223680,0,0,1
1.187224000,0,1,1
1.187224320,0,0,0
1.187224640,0,1,0
1.187224960,0,0,0
1.187225280,0,1,0
1.187225600,0,0,0
1.187225920,0,1,0
1.187226240,0,0,0
1.187226720,0,1,0
1.187227040,0,0,0
1.187227360,0,1,0
1.187227680,0,0,0
1.187228000,0,1,0
1.187228320,0,0,1
1.187228640,0,1,1
1.187228960,0,0,1
1.187229280,0,1,1
1.187229600,0,0,0
1.187229920,0,1,0
1.187230240,0,0,0
1.187230720,0,1,0
1.187231040,0,0,0
1.187231360,0,1,0
1.187231680,0,0,0
1.187232000,0,1,0
1.187232320,0,0,0
1.187232640,0,1,0
1.187232960,0,0,0
1.187233280,0,1,0
1.187233600,0,0,1
1.187233920,0,1,1
1.187234240,0,0,1
1.187234720,0,1,1
1.187235040,0,0,0
1.187235360,0,1,0
1.187235680,0,0,1
1.187236000,0,1,1
1.187236320,0,0,1
1.187236640,0,1,1
1.187236960,0,0,1
1.187237280,0,1,1
1.187237600,0,0,0
1.187237920,0,1,0
1.187238240,0,0,0
1.187238720,0,1,0
1.187239040,0,0,1
1.187239360,0,1,1
1.187239680,0,0,1
1.187240000,0,1,1
1.187240320,0,0,0
1.187240640,0,1,0
1.187240960,0,0,1
1.187241280,0,1,1
1.187241600,0,0,0
1.187241920,0,1,0
1.187242240,0,0,0
1.187242400,0,0,1
1.187242720,0,1,1
1.187243040,0,0,0
1.187243360,0,1,0
1.187243680,0,0,0
1.187244000,0,1,0
1.187244320,0,0,0
1.187244640,0,1,0
1.187244960,0,0,0
1.187245280,0,1,0
1.187245600,0,0,0
1.187245920,0,1,0
1.187246240,0,0,0
1.187246720,0,1,0
1.187247040,0,0,0
1.187247360,0,1,0
1.187247680,0,0,0
1.187248000,0,1,0
1.187248320,0,0,0
1.187248640,0,1,0
1.187248960,0,0,0
1.187249280,0,1,0
1.187249600,0,0,0
1.187249920,0,1,0
1.187250240,0,0,0
1.187250720,0,1,0
1.187251040,0,0,0
1.187251360,0,1,0
1.187251680,0,0,0
1.187252000,0,1,0
1.187252320,0,0,0
1.187252640,0,1,0
1.187252960,0,0,0
1.187253280,0,1,0
1.187253600,0,0,0
1.187253920,0,1,0
1.187254240,0,0,0
1.187254720,0,1,0
1.187255040,0,0,0
1.187255360,0,1,0
1.187255680,0,0,0
1.187256000,0,1,0
1.187256320,0,0,0
1.187256640,0,1,0
1.187256960,0,0,0
1.187257280,0,1,0
1.187257600,0,0,0
1.187257920,0,1,0
1.187258240,0,0,0
1.187258400,0,0,1
1.187258720,0,1,1
1.187259040,0,0,1
1.187259360,0,1,1
1.187259680,0,0,0
1.187260000,0,1,0
1.187260320,0,0,0
1.187260640,0,1,0
1.187260960,0,0,0
1.187261280,0,1,0
1.187261600,0,0,0
1.187261920,0,1,0
1.187262240,0,0,0
1.187262720,0,1,0
1.187263040,0,0,0
1.187263360,0,1,0
1.187263680,0,0,0
1.187264000,0,1,0
1.187264320,0,0,0
1.187264640,0,1,0
1.187264960,0,0,0
1.187265280,0,1,0
1.187265600,0,0,0
1.187265920,0,1,0
1.187266240,0,0,0
1.187266720,0,1,0
1.187267040,0,0,0
1.187267360,0,1,0
1.187267680,0,0,0
1.187268000,0,1,0
1.187268320,0,0,0
1.187268640,0,1,0
1.187268960,0,0,1
1.187269280,0,1,1
1.187269600,0,0,0
1.187269920,0,1,0
1.187270240,0,0,0
1.187270720,0,1,0
1.187271040,0,0,0
1.187271360,0,1,0
1.187271680,0,0,1
1.187272000,0,1,1
1.187272320,0,0,0
1.187272640,0,1,0
1.187272960,0,0,0
1.187273280,0,1,0
1.187273600,0,0,0
1.187273920,0,1,0
1.187274240,0,0,0
1.187274400,0,0,1
1.187274720,0,1,1
1.187275040,0,0,0
1.187275360,0,1,0
1.187275680,0,0,0
1.187276000,0,1,0
1.187276320,0,0,0
1.187276640,0,1,0
1.187276960,0,0,0
1.187277280,0,1,0
1.187277600,0,0,0
1.187277920,0,1,0
1.187278240,0,0,0
1.187278720,0,1,0
1.187279040,0,0,0
1.187279360,0,1,0
1.187279680,0,0,1
1.187280000,0,1,1
1.187280320,0,0,0
1.187280640,0,1,0
1.187280960,0,0,0
1.187281280,0,1,0
1.187281600,0,0,0
1.187281920,0,1,0
1.187282240,0,0,0
1.187282400,0,0,1
1.187282720,0,1,1
1.187283040,0,0,0
1.187283360,0,1,0
1.187283680,0,0,0
1.187284000,0,1,0
1.187284320,0,0,0
1.187284640,0,1,0
1.187284960,0,0,0
1.187285280,0,1,0
1.187285600,0,0,0
1.187285920,0,1,0
1.187286240,0,0,0
1.187286720,0,1,0
1.187287040,0,0,0
1.187287360,0,1,0
1.187287680,0,0,0
1.187288000,0,1,0
1.187288320,0,0,0
1.187288640,0,1,0
1.187288960,0,0,0
1.187289280,0,1,0
1.187289600,0,0,0
1.187289920,0,1,0
1.187290240,0,0,0
1.187290400,0,0,1
1.187290720,0,1,1
1.187291040,0,0,0
1.187291360,0,1,0
1.187291680,0,0,0
1.187292000,0,1,0
1.187292320,0,0,0
1.187292640,0,1,0
1.187292960,0,0,1
1.187293280,0,1,1
1.187293600,0,0,0
1.187293920,0,1,0
1.187294240,0,0,0
1.187294720,0,1,0
1.187295040,0,0,0
1.187295360,0,1,0
1.187295680,0,0,0
1.187296000,0,1,0
1.187296320,0,0,0
1.187296640,0,1,0
1.187296960,0,0,0
1.187297280,0,1,0
1.187297600,0,0,0
1.187297920,0,1,0
1.187298240,0,0,0
1.187298720,0,1,0
1.187299040,0,0,0
1.187299360,0,1,0
1.187299680,0,0,0
1.187300000,0,1,0
1.187300320,0,0,0
1.187300640,0,1,0
1.187300960,0,0,1
1.187301280,0,1,1
1.187301600,0,0,0
1.187301920,0,1,0
1.187302240,0,0,0
1.187302720,0,1,0
1.187303040,0,0,0
1.187303360,0,1,0
1.187303680,0,0,1
1.187304000,0,1,1
1.187304320,0,0,0
1.187304640,0,1,0
1.187304960,0,0,0
1.187305280,0,1,0
1.187305600,0,0,0
1.187305920,0,1,0
1.187306240,0,0,0
1.187306720,0,1,0
1.187307040,0,0,1
1.187307360,0,1,1
1.187307680,0,0,1
1.187308000,0,1,1
1.187308320,0,0,0
1.187308640,0,1,0
1.187308960,0,0,0
1.187309280,0,1,0
1.187309600,0,0,1
1.187309920,0,1,1
1.187310240,0,0,1
1.187310400,0,0,0
1.187310720,0,1,0
1.187311040,0,0,0
1.187311360,0,1,0
1.187311680,0,0,0
1.187312000,0,1,0
1.187312320,0,0,0
1.187312640,0,1,0
1.187312960,0,0,0
1.187313280,0,1,0
1.187313600,0,0,0
1.187313920,0,1,0
1.187314240,0,0,0
1.187314720,0,1,0
1.187315040,0,0,1
1.187315360,0,1,1
1.187315680,0,0,0
1.187316000,0,1,0
1.187316320,0,0,0
1.187316640,0,1,0
1.187316960,0,0,1
1.187317280,0,1,1
1.187317600,0,0,0
1.187317920,0,1,0
1.187318240,0,0,0
1.187318720,0,1,0
1.187319040,0,0,0
1.187319360,0,1,0
1.187319680,0,0,0
1.187320000,0,1,0
1.187320320,0,0,0
1.187320640,0,1,0
1.187320960,0,0,0
1.187321280,0,1,0
1.187321600,0,0,0
1.187321920,0,1,0
1.187322240,0,0,0
1.187322720,0,1,0
1.187323040,0,0,0
1.187323360,0,1,0
1.187323680,0,0,0
1.187324000,0,1,0
1.187324320,0,0,0
1.187324640,0,1,0
1.187324960,0,0,0
1.187325280,0,1,0
1.187325600,0,0,0
1.187325920,0,1,0
1.187326240,0,0,0
1.187326720,0,1,0
1.187327040,0,0,0
1.187327360,0,1,0
1.187327680,0,0,0
1.187328000,0,1,0
1.187328320,0,0,0
1.187328640,0,1,0
1.187328960,0,0,0
1.187329280,0,1,0
1.187329600,0,0,0
1.187329920,0,1,0
1.187330240,0,0,0
1.187330720,0,1,0
1.187331040,0,0,0
1.187331360,0,1,0
1.187331680,0,0,0
1.187332000,0,1,0
1.187332320,0,0,0
1.187332640,0,1,0
1.187332960,0,0,0
1.187333280,0,1,0
1.187333600,0,0,0
1.187333920,0,1,0
1.187334240,0,0,0
1.187334720,0,1,0
1.187335040,0,0,0
1.187335360,0,1,0
1.187335680,0,0,0
1.187336000,0,1,0
1.187336320,0,0,0
1.187336640,0,1,0
1.187336960,0,0,0
1.187337280,0,1,0
1.187337600,0,0,0
1.187337920,0,1,0
1.187338240,0,0,0
1.187338720,0,1,0
1.187339040,0,0,0
1.187339360,0,1,0
1.187339680,0,0,0
1.187340000,0,1,0
1.187340320,0,0,0
1.187340640,0,1,0
1.187340960,0,0,0
1.187341280,0,1,0
1.187341600,0,0,0
1.187341920,0,1,0
1.187342240,0,0,0
1.187342720,0,1,0
1.187343040,0,0,0
1.187343360,0,1,0
1.187343680,0,0,0
1.187344000,0,1,0
1.187344320,0,0,0
1.187344640,0,1,0
1.187344960,0,0,0
1.187345280,0,1,0
1.187345600,0,0,0
1.187345920,0,1,0
1.187346240,0,0,0
1.187346720,0,1,0
1.187347040,0,0,0
1.187347360,0,1,0
1.187347680,0,0,0
1.187348000,0,1,0
1.187348320,0,0,0
1.187348640,0,1,0
1.187348960,0,0,0
1.187349280,0,1,0
1.187349600,0,0,0
1.187349920,0,1,0
1.187350240,0,0,0
1.187350720,0,1,0
1.187351040,0,0,0
1.187351360,0,1,0
1.187351680,0,0,0
1.187352000,0,1,0
1.187352320,0,0,0
1.187352640,0,1,0
1.187352960,0,0,0
1.187353280,0,1,0
1.187353600,0,0,0
1.187353920,0,1,0
1.187354240,0,0,0
1.187354720,0,1,0
1.187355040,0,0,0
1.187355360,0,1,0
1.187355680,0,0,0
1.187356000,0,1,0
1.187356320,0,0,0
1.187356640,0,1,0
1.187356960,0,0,0
1.187357280,0,1,0
1.187357600,0,0,0
1.187357920,0,1,0
1.187358240,0,0,0
1.187358720,0,1,0
1.187359040,0,0,0
1.187359360,0,1,0
1.187359680,0,0,0
1.187360000,0,1,0
1.187360320,0,0,0
1.187360640,0,1,0
1.187360960,0,0,0
1.187361280,0,1,0
1.187361600,0,0,0
1.187361920,0,1,0
1.187362240,0,0,0
1.187362720,0,1,0
1.187363040,0,0,0
1.187363360,0,1,0
1.187363680,0,0,0
1.187364000,0,1,0
1.187364320,0,0,0
1.187364640,0,1,0
1.187364960,0,0,0
1.187365280,0,1,0
1.187365600,0,0,0
1.187365920,0,1,0
1.187366240,0,0,0
1.187366720,0,1,0
1.187367040,0,0,0
1.187367360,0,1,0
1.187367680,0,0,0
1.187368000,0,1,0
1.187368320,0,0,0
1.187368640,0,1,0
1.187368960,0,0,0
1.187369280,0,1,0
1.187369600,0,0,0
1.187369920,0,1,0
1.187370240,0,0,0
1.187370720,0,1,0
1.187371040,0,0,0
1.187371360,0,1,0
1.187371680,0,0,0
1.187372000,0,1,0
1.187372320,0,0,0
1.187372640,0,1,0
1.187372960,0,0,0
1.187373280,0,1,0
1.187373600,0,0,0
1.187373920,0,1,0
1.187374240,0,0,0
1.187374720,0,1,0
1.187375040,0,0,0
1.187375360,0,1,0
1.187375680,0,0,0
1.187376000,0,1,0
1.187376320,0,0,0
1.187376640,0,1,0
1.187376960,0,0,0
1.187377280,0,1,0
1.187377600,0,0,0
1.187377920,0,1,0
1.187378240,0,0,0
1.187378720,0,1,0
1.187379040,0,0,0
1.187379360,0,1,0
1.187379680,0,0,0
1.187380000,0,1,0
1.187380320,0,0,0
1.187380640,0,1,0
1.187380960,0,0,0
1.187381280,0,1,0
1.187381600,0,0,0
1.187381920,0,1,0
1.187382240,0,0,0
1.187382720,0,1,0
1.187383040,0,0,0
1.187383360,0,1,0
1.187383680,0,0,0
1.187384000,0,1,0
1.187384320,0,0,0
1.187384640,0,1,0
1.187384960,0,0,0
1.187385280,0,1,0
1.187385600,0,0,0
1.187385920,0,1,0
1.187386240,0,0,0
1.187386720,0,1,0
1.187387040,0,0,0
1.187387360,0,1,0
1.187387680,0,0,0
1.187388000,0,1,0
1.187388320,0,0,0
1.187388640,0,1,0
1.187388960,0,0,0
1.187389280,0,1,0
1.187389600,0,0,0
1.187389920,0,1,0
1.187390240,0,0,0
1.187390720,0,1,0
1.187391040,0,0,0
1.187391360,0,1,0
1.187391680,0,0,0
1.187392000,0,1,0
1.187392320,0,0,0
1.187392640,0,1,0
1.187392960,0,0,0
1.187393280,0,1,0
1.187393600,0,0,0
1.187393920,0,1,0
1.187394240,0,0,0
1.187394720,0,1,0
1.187395040,0,0,0
1.187395360,0,1,0
1.187395680,0,0,0
1.187396000,0,1,0
1.187396320,0,0,0
1.187396640,0,1,0
1.187396960,0,0,0
1.187397280,0,1,0
1.187397600,0,0,0
1.187397920,0,1,0
1.187398240,0,0,0
1.187398720,0,1,0
1.187399040,0,0,0
1.187399360,0,1,0
1.187399680,0,0,0
1.187400000,0,1,0
1.187400320,0,0,0
1.187400640,0,1,0
1.187400960,0,0,0
1.187401280,0,1,0
1.187401600,0,0,0
1.187401920,0,1,0
1.187402240,0,0,0
1.187402720,0,1,0
1.187403040,0,0,0
1.187403360,0,1,0
1.187403680,0,0,0
1.187404000,0,1,0
1.187404320,0,0,0
1.187404640,0,1,0
1.187404960,0,0,0
1.187405280,0,1,0
1.187405600,0,0,0
1.187405920,0,1,0
1.187406240,0,0,0
1.187406720,0,1,0
1.187407040,0,0,0
1.187407360,0,1,0
1.187407680,0,0,0
1.187408000,0,1,0
1.187408320,0,0,0
1.187408640,0,1,0
1.187408960,0,0,0
1.187409280,0,1,0
1.187409600,0,0,0
1.187409920,0,1,0
1.187410240,0,0,0
1.187410720,0,1,0
1.187411040,0,0,0
1.187411360,0,1,0
1.187411680,0,0,0
1.187412000,0,1,0
1.187412320,0,0,0
1.187412640,0,1,0
1.187412960,0,0,0
1.187413280,0,1,0
1.187413600,0,0,0
1.187413920,0,1,0
1.187414240,0,0,0
1.187414720,0,1,0
1.187415040,0,0,0
1.187415360,0,1,0
1.187415680,0,0,0
1.187416000,0,1,0
1.187416320,0,0,0
1.187416640,0,1,0
1.187416960,0,0,0
1.187417280,0,1,0
1.187417600,0,0,0
1.187417920,0,1,0
1.187418240,0,0,0
1.187418720,0,1,0
1.187419040,0,0,0
1.187419360,0,1,0
1.187419680,0,0,0
1.187420000,0,1,0
1.187420320,0,0,0
1.187420640,0,1,0
1.187420960,0,0,0
1.187421280,0,1,0
1.187421600,0,0,0
1.187421920,0,1,0
1.187422240,0,0,0
1.187422720,0,1,0
1.187423040,0,0,0
1.187423360,0,1,0
1.187423680,0,0,0
1.187424000,0,1,0
1.187424320,0,0,0
1.187424640,0,1,0
1.187424960,0,0,0
1.187425280,0,1,0
1.187425600,0,0,0
1.187425920,0,1,0
1.187426240,0,0,0
1.187426720,0,1,0
1.187427040,0,0,0
1.187427360,0,1,0
1.187427680,0,0,0
1.187428000,0,1,0
1.187428320,0,0,0
1.187428640,0,1,0
1.187428960,0,0,0
1.187429280,0,1,0
1.187429600,0,0,0
1.187429920,0,1,0
1.187430240,0,0,0
1.187430720,0,1,0
1.187431040,0,0,0
1.187431360,0,1,0
1.187431680,0,0,0
1.187432000,0,1,0
1.187432320,0,0,0
1.187432640,0,1,0
1.187432960,0,0,0
1.187433280,0,1,0
1.187433600,0,0,0
1.187433920,0,1,0
1.187434240,0,0,0
1.187434720,0,1,0
1.187435040,0,0,0
1.187435360,0,1,0
1.187435680,0,0,0
1.187436000,0,1,0
1.187436320,0,0,0
1.187436640,0,1,0
1.187436960,0,0,0
1.187437280,0,1,0
1.187437600,0,0,0
1.187437920,0,1,0
1.187438240,0,0,0
1.187438720,0,1,0
1.187439040,0,0,0
1.187439360,0,1,0
1.187439680,0,0,0
1.187440000,0,1,0
1.187440320,0,0,0
1.187440640,0,1,0
1.187440960,0,0,0
1.187441280,0,1,0
1.187441600,0,0,0
1.187441920,0,1,0
1.187442240,0,0,0
1.187442720,0,1,0
1.187443040,0,0,0
1.187443360,0,1,0
1.187443680,0,0,0
1.187444000,0,1,0
1.187444320,0,0,0
1.187444640,0,1,0
1.187444960,0,0,0
1.187445280,0,1,0
1.187445600,0,0,0
1.187445920,0,1,0
1.187446240,0,0,0
1.187446720,0,1,0
1.187447040,0,0,0
1.187447360,0,1,0
1.187447680,0,0,0
1.187448000,0,1,0
1.187448320,0,0,0
1.187448640,0,1,0
1.187448960,0,0,0
1.187449280,0,1,0
1.187449600,0,0,0
1.187449920,0,1,0
1.187450240,0,0,0
1.187450720,0,1,0
1.187451040,0,0,0
1.187451360,0,1,0
1.187451680,0,0,0
1.187452000,0,1,0
1.187452320,0,0,0
1.187452640,0,1,0
1.187452960,0,0,0
1.187453280,0,1,0
1.187453600,0,0,0
1.187453920,0,1,0
1.187454240,0,0,0
1.187454720,0,1,0
1.187455040,0,0,0
1.187455360,0,1,0
1.187455680,0,0,0
1.187456000,0,1,0
1.187456320,0,0,0
1.187456640,0,1,0
1.187456960,1,0,1
1.187457280,1,1,1
1.187457600,0,0,0
1.187457920,0,1,0
1.187458240,0,0,0
1.187458400,1,0,1
1.187458720,1,1,1
1.187459040,1,0,0
1.187459360,1,1,0
1.187459680,0,0,0
1.187460000,0,1,0
1.187460320,1,0,1
1.187460640,1,1,1
1.187460960,0,0,1
1.187461280,0,1,1
1.190576320,1,0,1
1.190576640,1,1,1
1.190576960,1,0,1
1.190577280,1,1,1
1.190577600,1,0,1
1.190577920,1,1,1
1.190578240,1,0,1
1.190578720,1,1,1
1.190579040,1,0,1
1.190579360,1,1,1
1.190579680,1,0,1
1.190580000,1,1,1
1.190580320,1,0,1
1.190580640,1,1,1
1.190580960,1,0,1
1.190581280,1,1,1
1.190581600,0,0,1
1.190581920,0,1,1
1.190582240,0,0,1
1.190582720,0,1,1
1.190583040,0,0,1
1.190583360,0,1,1
1.190583680,0,0,1
1.190584000,0,1,1
1.190584320,0,0,1
1.190584640,0,1,1
1.190584960,0,0,1
1.190585280,0,1,1
1.190585600,0,0,1
1.190585920,0,1,1
1.190586240,0,0,1
1.190586720,0,1,1
1.190587040,0,0,0
1.190587360,0,1,0
1.190587680,0,0,1
1.190588000,0,1,1
1.190588320,0,0,0
1.190588640,0,1,0
1.190588960,0,0,0
1.190589280,0,1,0
1.190589600,0,0,1
1.190589920,0,1,1
1.190590240,0,0,1
1.190590720,0,1,1
1.190591040,0,0,0
1.190591360,0,1,0
1.190591680,0,0,0
1.190592000,0,1,0
1.190592320,0,0,0
1.190592640,0,1,0
1.190592960,0,0,1
1.190593280,0,1,1
1.190593600,0,0,0
1.190593920,0,1,0
1.190594240,0,0,0
1.190594400,0,0,1
1.190594720,0,1,1
1.190595040,0,0,0
1.190595360,0,1,0
1.190595680,0,0,0
1.190596000,0,1,0
1.190596320,0,0,1
1.190596640,0,1,1
1.190596960,0,0,0
1.190597280,0,1,0
1.190597600,0,0,0
1.190597920,0,1,0
1.190598240,0,0,0
1.190598720,0,1,0
1.190599040,0,0,1
1.190599360,0,1,1
1.190599680,0,0,1
1.190600000,0,1,1
1.190600320,0,0,0
1.190600640,0,1,0
1.190600960,0,0,0
1.190601280,0,1,0
1.190601600,0,0,0
1.190601920,0,1,0
1.190602240,0,0,0
1.190602400,0,0,1
1.190602720,0,1,1
1.190603040,0,0,0
1.190603360,0,1,0
1.190603680,0,0,0
1.190604000,0,1,0
1.190604320,0,0,1
1.190604640,0,1,1
1.190604960,0,0,1
1.190605280,0,1,1
1.190605600,0,0,0
1.190605920,0,1,0
1.190606240,0,0,0
1.190606720,0,1,0
1.190607040,0,0,0
1.190607360,0,1,0
1.190607680,0,0,0
1.190608000,0,1,0
1.190608320,0,0,0
1.190608640,0,1,0
1.190608960,0,0,0
1.190609280,0,1,0
1.190609600,0,0,1
1.190609920,0,1,1
1.190610240,0,0,1
1.190610720,0,1,1
1.190611040,0,0,0
1.190611360,0,1,0
1.190611680,0,0,1
1.190612000,0,1,1
1.190612320,0,0,1
1.190612640,0,1,1
1.190612960,0,0,1
1.190613280,0,1,1
1.190613600,0,0,0
1.190613920,0,1,0
1.190614240,0,0,0
1.190614400,0,0,1
1.190614720,0,1,1
1.190615040,0,0,0
1.190615360,0,1,0
1.190615680,0,0,0
1.190616000,0,1,0
1.190616320,0,0,0
1.190616640,0,1,0
1.190616960,0,0,0
1.190617280,0,1,0
1.190617600,0,0,0
1.190617920,0,1,0
1.190618240,0,0,0
1.190618400,0,0,1
1.190618720,0,1,1
1.190619040,0,0,0
1.190619360,0,1,0
1.190619680,0,0,0
1.190620000,0,1,0
1.190620320,0,0,0
1.190620640,0,1,0
1.190620960,0,0,0
1.190621280,0,1,0
1.190621600,0,0,0
1.190621920,0,1,0
1.190622240,0,0,0
1.190622720,0,1,0
1.190623040,0,0,0
1.190623360,0,1,0
1.190623680,0,0,0
1.190624000,0,1,0
1.190624320,0,0,0
1.190624640,0,1,0
1.190624960,0,0,0
1.190625280,0,1,0
1.190625600,0,0,0
1.190625920,0,1,0
1.190626240,0,0,0
1.190626720,0,1,0
1.190627040,0,0,0
1.190627360,0,1,0
1.190627680,0,0,0
1.190628000,0,1,0
1.190628320,0,0,0
1.190628640,0,1,0
1.190628960,0,0,0
1.190629280,0,1,0
1.190629600,0,0,0
1.190629920,0,1,0
1.190630240,0,0,0
1.190630400,0,0,1
1.190630720,0,1,1
1.190631040,0,0,0
1.190631360,0,1,0
1.190631680,0,0,0
1.190632000,0,1,0
1.190632320,0,0,0
1.190632640,0,1,0
1.190632960,0,0,1
1.190633280,0,1,1
1.190633600,0,0,1
1.190633920,0,1,1
1.190634240,0,0,1
1.190634400,0,0,0
1.190634720,0,1,0
1.190635040,0,0,0
1.190635360,0,1,0
1.190635680,0,0,1
1.190636000,0,1,1
1.190636320,0,0,0
1.190636640,0,1,0
1.190636960,0,0,1
1.190637280,0,1,1
1.190637600,0,0,0
1.190637920,0,1,0
1.190638240,0,0,0
1.190638720,0,1,0
1.190639040,0,0,1
1.190639360,0,1,1
1.190639680,0,0,1
1.190640000,0,1,1
1.190640320,0,0,0
1.190640640,0,1,0
1.190640960,0,0,1
1.190641280,0,1,1
1.190641600,0,0,0
1.190641920,0,1,0
1.190642240,0,0,0
1.190642400,0,0,1
1.190642720,0,1,1
1.190643040,0,0,0
1.190643360,0,1,0
1.190643680,0,0,0
1.190644000,0,1,0
1.190644320,0,0,1
1.190644640,0,1,1
1.190644960,0,0,1
1.190645280,0,1,1
1.190645600,0,0,0
1.190645920,0,1,0
1.190646240,0,0,0
1.190646400,0,0,1
1.190646720,0,1,1
1.190647040,0,0,0
1.190647360,0,1,0
1.190647680,0,0,0
1.190648000,0,1,0
1.190648320,0,0,0
1.190648640,0,1,0
1.190648960,0,0,1
1.190649280,0,1,1
1.190649600,0,0,1
1.190649920,0,1,1
1.190650240,0,0,1
1.190650720,0,1,1
1.190651040,0,0,0
1.190651360,0,1,0
1.190651680,0,0,1
1.190652000,0,1,1
1.190652320,0,0,0
1.190652640,0,1,0
1.190652960,0,0,1
1.190653280,0,1,1
1.190653600,0,0,0
1.190653920,0,1,0
1.190654240,0,0,0
1.190654400,0,0,1
1.190654720,0,1,1
1.190655040,0,0,1
1.190655360,0,1,1
1.190655680,0,0,1
1.190656000,0,1,1
1.190656320,0,0,0
1.190656640,0,1,0
1.190656960,0,0,0
1.190657280,0,1,0
1.190657600,0,0,1
1.190657920,0,1,1
1.190658240,0,0,1
1.190658720,0,1,1
1.190659040,0,0,0
1.190659360,0,1,0
1.190659680,0,0,1
1.190660000,0,1,1
1.190660320,0,0,0
1.190660640,0,1,0
1.190660960,0,0,1
1.190661280,0,1,1
1.190661600,0,0,0
1.190661920,0,1,0
1.190662240,0,0,0
1.190662720,0,1,0
1.190663040,0,0,1
1.190663360,0,1,1
1.190663680,0,0,1
1.190664000,0,1,1
1.190664320,0,0,0
1.190664640,0,1,0
1.190664960,0,0,0
1.190665280,0,1,0
1.190665600,0,0,0
1.190665920,0,1,0
1.190666240,0,0,0
1.190666720,0,1,0
1.190667040,0,0,0
1.190667360,0,1,0
1.190667680,0,0,0
1.190668000,0,1,0
1.190668320,0,0,1
1.190668640,0,1,1
1.190668960,0,0,1
1.190669280,0,1,1
1.190669600,0,0,0
1.190669920,0,1,0
1.190670240,0,0,0
1.190670400,0,0,1
1.190670720,0,1,1
1.190671040,0,0,1
1.190671360,0,1,1
1.190671680,0,0,1
1.190672000,0,1,1
1.190672320,0,0,0
1.190672640,0,1,0
1.190672960,0,0,1
1.190673280,0,1,1
1.190673600,0,0,0
1.190673920,0,1,0
1.190674240,0,0,0
1.190674720,0,1,0
1.190675040,0,0,0
1.190675360,0,1,0
1.190675680,0,0,1
1.190676000,0,1,1
1.190676320,0,0,1
1.190676640,0,1,1
1.190676960,0,0,1
1.190677280,0,1,1
1.190677600,0,0,0
1.190677920,0,1,0
1.190678240,0,0,0
1.190678400,0,0,1
1.190678720,0,1,1
1.190679040,0,0,0
1.190679360,0,1,0
1.190679680,0,0,0
1.190680000,0,1,0
1.190680320,0,0,0
1.190680640,0,1,0
1.190680960,0,0,1
1.190681280,0,1,1
1.190681600,0,0,1
1.190681920,0,1,1
1.190682240,0,0,1
1.190682400,0,0,0
1.190682720,0,1,0
1.190683040,0,0,0
1.190683360,0,1,0
1.190683680,0,0,0
1.190684000,0,1,0
1.190684320,0,0,1
1.190684640,0,1,1
1.190684960,0,0,1
1.190685280,0,1,1
1.190685600,0,0,0
1.190685920,0,1,0
1.190686240,0,0,0
1.190686720,0,1,0
1.190687040,0,0,1
1.190687360,0,1,1
1.190687680,0,0,0
1.190688000,0,1,0
1.190688320,0,0,0
1.190688640,0,1,0
1.190688960,0,0,0
1.190689280,0,1,0
1.190689600,0,0,1
1.190689920,0,1,1
1.190690240,0,0,1
1.190690720,0,1,1
1.190691040,0,0,0
1.190691360,0,1,0
1.190691680,0,0,1
1.190692000,0,1,1
1.190692320,0,0,0
1.190692640,0,1,0
1.190692960,0,0,1
1.190693280,0,1,1
1.190693600,0,0,0
1.190693920,0,1,0
1.190694240,0,0,0
1.190694720,0,1,0
1.190695040,0,0,1
1.190695360,0,1,1
1.190695680,0,0,1
1.190696000,0,1,1
1.190696320,0,0,0
1.190696640,0,1,0
1.190696960,0,0,0
1.190697280,0,1,0
1.190697600,0,0,0
1.190697920,0,1,0
1.190698240,0,0,0
1.190698720,0,1,0
1.190699040,0,0,0
1.190699360,0,1,0
1.190699680,0,0,1
1.190700000,0,1,1
1.190700320,0,0,1
1.190700640,0,1,1
1.190700960,0,0,0
1.190701280,0,1,0
1.190701600,0,0,1
1.190701920,0,1,1
1.190702240,0,0,1
1.190702720,0,1,1
1.190703040,0,0,0
1.190703360,0,1,0
1.190703680,0,0,1
1.190704000,0,1,1
1.190704320,0,0,0
1.190704640,0,1,0
1.190704960,0,0,1
1.190705280,0,1,1
1.190705600,0,0,1
1.190705920,0,1,1
1.190706240,0,0,1
1.190706400,0,0,0
1.190706720,0,1,0
1.190707040,0,0,1
1.190707360,0,1,1
1.190707680,0,0,1
1.190708000,0,1,1
1.190708320,0,0,0
1.190708640,0,1,0
1.190708960,0,0,1
1.190709280,0,1,1
1.190709600,0,0,0
1.190709920,0,1,0
1.190710240,0,0,0
1.190710400,0,0,1
1.190710720,0,1,1
1.190711040,0,0,0
1.190711360,0,1,0
1.190711680,0,0,0
1.190712000,0,1,0
1.190712320,0,0,0
1.190712640,0,1,0
1.190712960,0,0,1
1.190713280,0,1,1
1.190713600,0,0,1
1.190713920,0,1,1
1.190714240,0,0,1
1.190714400,0,0,0
1.190714720,0,1,0
1.190715040,0,0,0
1.190715360,0,1,0
1.190715680,0,0,0
1.190716000,0,1,0
1.190716320,0,0,1
1.190716640,0,1,1
1.190716960,0,0,1
1.190717280,0,1,1
1.190717600,0,0,0
1.190717920,0,1,0
1.190718240,0,0,0
1.190718400,0,0,1
1.190718720,0,1,1
1.190719040,0,0,0
1.190719360,0,1,0
1.190719680,0,0,0
1.190720000,0,1,0
1.190720320,0,0,0
1.190720640,0,1,0
1.190720960,0,0,0
1.190721280,0,1,0
1.190721600,0,0,1
1.190721920,0,1,1
1.190722240,0,0,1
1.190722400,0,0,0
1.190722720,0,1,0
1.190723040,0,0,0
1.190723360,0,1,0
1.190723680,0,0,0
1.190724000,0,1,0
1.190724320,0,0,0
1.190724640,0,1,0
1.190724960,0,0,0
1.190725280,0,1,0
1.190725600,0,0,0
1.190725920,0,1,0
1.190726240,0,0,0
1.190726400,0,0,1
1.190726720,0,1,1
1.190727040,0,0,0
1.190727360,0,1,0
1.190727680,0,0,1
1.190728000,0,1,1
1.190728320,0,0,0
1.190728640,0,1,0
1.190728960,0,0,0
1.190729280,0,1,0
1.190729600,0,0,1
1.190729920,0,1,1
1.190730240,0,0,1
1.190730400,0,0,0
1.190730720,0,1,0
1.190731040,0,0,0
1.190731360,0,1,0
1.190731680,0,0,0
1.190732000,0,1,0
1.190732320,0,0,1
1.190732640,0,1,1
1.190732960,0,0,0
1.190733280,0,1,0
1.190733600,0,0,0
1.190733920,0,1,0
1.190734240,0,0,0
1.190734720,0,1,0
1.190735040,0,0,0
1.190735360,0,1,0
1.190735680,0,0,0
1.190736000,0,1,0
1.190736320,0,0,0
1.190736640,0,1,0
1.190736960,0,0,1
1.190737280,0,1,1
1.190737600,0,0,0
1.190737920,0,1,0
1.190738240,0,0,0
1.190738720,0,1,0
1.190739040,0,0,1
1.190739360,0,1,1
1.190739680,0,0,1
1.190740000,0,1,1
1.190740320,0,0,0
1.190740640,0,1,0
1.190740960,0,0,0
1.190741280,0,1,0
1.190741600,0,0,0
1.190741920,0,1,0
1.190742240,0,0,0
1.190742400,0,0,1
1.190742720,0,1,1
1.190743040,0,0,0
1.190743360,0,1,0
1.190743680,0,0,0
1.190744000,0,1,0
1.190744320,0,0,1
1.190744640,0,1,1
1.190744960,0,0,1
1.190745280,0,1,1
1.190745600,0,0,0
1.190745920,0,1,0
1.190746240,0,0,0
1.190746400,0,0,1
1.190746720,0,1,1
1.190747040,0,0,0
1.190747360,0,1,0
1.190747680,0,0,0
1.190748000,0,1,0
1.190748320,0,0,1
1.190748640,0,1,1
1.190748960,0,0,0
1.190749280,0,1,0
1.190749600,0,0,0
1.190749920,0,1,0
1.190750240,0,0,0
1.190750720,0,1,0
1.190751040,0,0,0
1.190751360,0,1,0
1.190751680,0,0,0
1.190752000,0,1,0
1.190752320,0,0,0
1.190752640,0,1,0
1.190752960,0,0,1
1.190753280,0,1,1
1.190753600,0,0,0
1.190753920,0,1,0
1.190754240,0,0,0
1.190754720,0,1,0
1.190755040,0,0,1
1.190755360,0,1,1
1.190755680,0,0,1
1.190756000,0,1,1
1.190756320,0,0,1
1.190756640,0,1,1
1.190756960,0,0,1
1.190757280,0,1,1
1.190757600,0,0,0
1.190757920,0,1,0
1.190758240,0,0,0
1.190758400,0,0,1
1.190758720,0,1,1
1.190759040,0,0,0
1.190759360,0,1,0
1.190759680,0,0,0
1.190760000,0,1,0
1.190760320,0,0,1
1.190760640,0,1,1
1.190760960,0,0,0
1.190761280,0,1,0
1.190761600,0,0,0
1.190761920,0,1,0
1.190762240,0,0,0
1.190762400,0,0,1
1.190762720,0,1,1
1.190763040,0,0,0
1.190763360,0,1,0
1.190763680,0,0,1
1.190764000,0,1,1
1.190764320,0,0,0
1.190764640,0,1,0
1.190764960,0,0,1
1.190765280,0,1,1
1.190765600,0,0,0
1.190765920,0,1,0
1.190766240,0,0,0
1.190766720,0,1,0
1.190767040,0,0,1
1.190767360,0,1,1
1.190767680,0,0,1
1.190768000,0,1,1
1.190768320,0,0,0
1.190768640,0,1,0
1.190768960,0,0,0
1.190769280,0,1,0
1.190769600,0,0,1
1.190769920,0,1,1
1.190770240,0,0,1
1.190770400,0,0,0
1.190770720,0,1,0
1.190771040,0,0,0
1.190771360,0,1,0
1.190771680,0,0,0
1.190772000,0,1,0
1.190772320,0,0,0
1.190772640,0,1,0
1.190772960,0,0,0
1.190773280,0,1,0
1.190773600,0,0,0
1.190773920,0,1,0
1.190774240,0,0,0
1.190774400,0,0,1
1.190774720,0,1,1
1.190775040,0,0,0
1.190775360,0,1,0
1.190775680,0,0,1
1.190776000,0,1,1
1.190776320,0,0,0
1.190776640,0,1,0
1.190776960,0,0,1
1.190777280,0,1,1
1.190777600,0,0,1
1.190777920,0,1,1
1.190778240,0,0,1
1.190778720,0,1,1
1.190779040,0,0,0
1.190779360,0,1,0
1.190779680,0,0,1
1.190780000,0,1,1
1.190780320,0,0,0
1.190780640,0,1,0
1.190780960,0,0,1
1.190781280,0,1,1
1.190781600,0,0,0
1.190781920,0,1,0
1.190782240,0,0,0
1.190782720,0,1,0
1.190783040,0,0,1
1.190783360,0,1,1
1.190783680,0,0,0
1.190784000,0,1,0
1.190784320,0,0,0
1.190784640,0,1,0
1.190784960,0,0,0
1.190785280,0,1,0
1.190785600,0,0,0
1.190785920,0,1,0
1.190786240,0,0,0
1.190786720,0,1,0
1.190787040,0,0,0
1.190787360,0,1,0
1.190787680,0,0,0
1.190788000,0,1,0
1.190788320,0,0,0
1.190788640,0,1,0
1.190788960,0,0,0
1.190789280,0,1,0
1.190789600,0,0,0
1.190789920,0,1,0
1.190790240,0,0,0
1.190790720,0,1,0
1.190791040,0,0,0
1.190791360,0,1,0
1.190791680,0,0,0
1.190792000,0,1,0
1.190792320,0,0,0
1.190792640,0,1,0
1.190792960,0,0,0
1.190793280,0,1,0
1.190793600,0,0,0
1.190793920,0,1,0
1.190794240,0,0,0
1.190794720,0,1,0
1.190795040,0,0,0
1.190795360,0,1,0
1.190795680,0,0,0
1.190796000,0,1,0
1.190796320,0,0,0
1.190796640,0,1,0
1.190796960,0,0,0
1.190797280,0,1,0
1.190797600,0,0,0
1.190797920,0,1,0
1.190798240,0,0,0
1.190798720,0,1,0
1.190799040,0,0,0
1.190799360,0,1,0
1.190799680,0,0,0
1.190800000,0,1,0
1.190800320,0,0,0
1.190800640,0,1,0
1.190800960,0,0,0
1.190801280,0,1,0
1.190801600,0,0,0
1.190801920,0,1,0
1.190802240,0,0,0
1.190802720,0,1,0
1.190803040,0,0,0
1.190803360,0,1,0
1.190803680,0,0,0
1.190804000,0,1,0
1.190804320,0,0,0
1.190804640,0,1,0
1.190804960,0,0,0
1.190805280,0,1,0
1.190805600,0,0,0
1.190805920,0,1,0
1.190806240,0,0,0
1.190806720,0,1,0
1.190807040,0,0,0
1.190807360,0,1,0
1.190807680,0,0,0
1.190808000,0,1,0
1.190808320,0,0,0
1.190808640,0,1,0
1.190808960,0,0,0
1.190809280,0,1,0
1.190809600,0,0,0
1.190809920,0,1,0
1.190810240,0,0,0
1.190810720,0,1,0
1.190811040,0,0,0
1.190811360,0,1,0
1.190811680,0,0,0
1.190812000,0,1,0
1.190812320,0,0,0
1.190812640,0,1,0
1.190812960,0,0,0
1.190813280,0,1,0
1.190813600,0,0,0
1.190813920,0,1,0
1.190814240,0,0,0
1.190814720,0,1,0
1.190815040,0,0,0
1.190815360,0,1,0
1.190815680,0,0,0
1.190816000,0,1,0
1.190816320,0,0,0
1.190816640,0,1,0
1.190816960,0,0,0
1.190817280,0,1,0
1.190817600,0,0,0
1.190817920,0,1,0
1.190818240,0,0,0
1.190818720,0,1,0
1.190819040,0,0,0
1.190819360,0,1,0
1.190819680,0,0,0
1.190820000,0,1,0
1.190820320,0,0,0
1.190820640,0,1,0
1.190820960,0,0,0
1.190821280,0,1,0
1.190821600,0,0,0
1.190821920,0,1,0
1.190822240,0,0,0
1.190822720,0,1,0
1.190823040,0,0,0
1.190823360,0,1,0
1.190823680,0,0,0
1.190824000,0,1,0
1.190824320,0,0,0
1.190824640,0,1,0
1.190824960,0,0,0
1.190825280,0,1,0
1.190825600,0,0,0
1.190825920,0,1,0
1.190826240,0,0,0
1.190826720,0,1,0
1.190827040,0,0,0
1.190827360,0,1,0
1.190827680,0,0,0
1.190828000,0,1,0
1.190828320,0,0,0
1.190828640,0,1,0
1.190828960,0,0,0
1.190829280,0,1,0
1.190829600,0,0,0
1.190829920,0,1,0
1.190830240,0,0,0
1.190830720,0,1,0
1.190831040,0,0,0
1.190831360,0,1,0
1.190831680,0,0,0
1.190832000,0,1,0
1.190832320,0,0,0
1.190832640,0,1,0
1.190832960,0,0,0
1.190833280,0,1,0
1.190833600,0,0,0
1.190833920,0,1,0
1.190834240,0,0,0
1.190834720,0,1,0
1.190835040,0,0,0
1.190835360,0,1,0
1.190835680,0,0,0
1.190836000,0,1,0
1.190836320,0,0,0
1.190836640,0,1,0
1.190836960,0,0,0
1.190837280,0,1,0
1.190837600,0,0,0
1.190837920,0,1,0
1.190838240,0,0,0
1.190838720,0,1,0
1.190839040,0,0,0
1.190839360,0,1,0
1.190839680,0,0,0
1.190840000,0,1,0
1.190840320,0,0,0
1.190840640,0,1,0
1.190840960,0,0,0
1.190841280,0,1,0
1.190841600,0,0,0
1.190841920,0,1,0
1.190842240,0,0,0
1.190842720,0,1,0
1.190843040,0,0,0
1.190843360,0,1,0
1.190843680,0,0,0
1.190844000,0,1,0
1.190844320,0,0,0
1.190844640,0,1,0
1.190844960,0,0,0
1.190845280,0,1,0
1.190845600,0,0,0
1.190845920,0,1,0
1.190846240,0,0,0
1.190846720,0,1,0
1.190847040,0,0,0
1.190847360,0,1,0
1.190847680,0,0,0
1.190848000,0,1,0
1.190848320,0,0,0
1.190848640,0,1,0
1.190848960,0,0,0
1.190849280,0,1,0
1.190849600,0,0,0
1.190849920,0,1,0
1.190850240,0,0,0
1.190850720,0,1,0
1.190851040,0,0,0
1.190851360,0,1,0
1.190851680,0,0,0
1.190852000,0,1,0
1.190852320,0,0,0
1.190852640,0,1,0
1.190852960,0,0,0
1.190853280,0,1,0
1.190853600,0,0,0
1.190853920,0,1,0
1.190854240,0,0,0
1.190854720,0,1,0
1.190855040,0,0,0
1.190855360,0,1,0
1.190855680,0,0,0
1.190856000,0,1,0
1.190856320,0,0,0
1.190856640,0,1,0
1.190856960,0,0,0
1.190857280,0,1,0
1.190857600,0,0,0
1.190857920,0,1,0
1.190858240,0,0,0
1.190858720,0,1,0
1.190859040,0,0,0
1.190859360,0,1,0
1.190859680,0,0,0
1.190860000,0,1,0
1.190860320,0,0,0
1.190860640,0,1,0
1.190860960,0,0,0
1.190861280,0,1,0
1.190861600,0,0,0
1.190861920,0,1,0
1.190862240,0,0,0
1.190862720,0,1,0
1.190863040,0,0,0
1.190863360,0,1,0
1.190863680,0,0,0
1.190864000,0,1,0
1.190864320,0,0,0
1.190864640,0,1,0
1.190864960,0,0,0
1.190865280,0,1,0
1.190865600,0,0,0
1.190865920,0,1,0
1.190866240,0,0,0
1.190866720,0,1,0
1.190867040,0,0,0
1.190867360,0,1,0
1.190867680,0,0,0
1.190868000,0,1,0
1.190868320,0,0,0
1.190868640,0,1,0
1.190868960,0,0,0
1.190869280,0,1,0
1.190869600,0,0,0
1.190869920,0,1,0
1.190870240,0,0,0
1.190870720,0,1,0
1.190871040,0,0,0
1.190871360,0,1,0
1.190871680,0,0,0
1.190872000,0,1,0
1.190872320,0,0,0
1.190872640,0,1,0
1.190872960,0,0,0
1.190873280,0,1,0
1.190873600,0,0,0
1.190873920,0,1,0
1.190874240,0,0,0
1.190874720,0,1,0
1.190875040,0,0,0
1.190875360,0,1,0
1.190875680,0,0,0
1.190876000,0,1,0
1.190876320,0,0,0
1.190876640,0,1,0
1.190876960,0,0,0
1.190877280,0,1,0
1.190877600,0,0,0
1.190877920,0,1,0
1.190878240,0,0,0
1.190878720,0,1,0
1.190879040,0,0,0
1.190879360,0,1,0
1.190879680,0,0,0
1.190880000,0,1,0
1.190880320,0,0,0
1.190880640,0,1,0
1.190880960,0,0,0
1.190881280,0,1,0
1.190881600,0,0,0
1.190881920,0,1,0
1.190882240,0,0,0
1.190882720,0,1,0
1.190883040,0,0,0
1.190883360,0,1,0
1.190883680,0,0,0
1.190884000,0,1,0
1.190884320,0,0,0
1.190884640,0,1,0
1.190884960,0,0,0
1.190885280,0,1,0
1.190885600,0,0,0
1.190885920,0,1,0
1.190886240,0,0,0
1.190886720,0,1,0
1.190887040,0,0,0
1.190887360,0,1,0
1.190887680,0,0,0
1.190888000,0,1,0
1.190888320,0,0,0
1.190888640,0,1,0
1.190888960,0,0,0
1.190889280,0,1,0
1.190889600,0,0,0
1.190889920,0,1,0
1.190890240,0,0,0
1.190890720,0,1,0
1.190891040,0,0,0
1.190891360,0,1,0
1.190891680,0,0,0
1.190892000,0,1,0
1.190892320,0,0,0
1.190892640,0,1,0
1.190892960,0,0,0
1.190893280,0,1,0
1.190893600,0,0,0
1.190893920,0,1,0
1.190894240,0,0,0
1.190894720,0,1,0
1.190895040,0,0,0
1.190895360,0,1,0
1.190895680,0,0,0
1.190896000,0,1,0
1.190896320,0,0,0
1.190896640,0,1,0
1.190896960,0,0,0
1.190897280,0,1,0
1.190897600,0,0,0
1.190897920,0,1,0
1.190898240,0,0,0
1.190898720,0,1,0
1.190899040,0,0,0
1.190899360,0,1,0
1.190899680,0,0,0
1.190900000,0,1,0
1.190900320,0,0,0
1.190900640,0,1,0
1.190900960,0,0,0
1.190901280,0,1,0
1.190901600,0,0,0
1.190901920,0,1,0
1.190902240,0,0,0
1.190902720,0,1,0
1.190903040,0,0,0
1.190903360,0,1,0
1.190903680,0,0,0
1.190904000,0,1,0
1.190904320,0,0,0
1.190904640,0,1,0
1.190904960,0,0,0
1.190905280,0,1,0
1.190905600,0,0,0
1.190905920,0,1,0
1.190906240,0,0,0
1.190906720,0,1,0
1.190907040,0,0,0
1.190907360,0,1,0
1.190907680,0,0,0
1.190908000,0,1,0
1.190908320,0,0,0
1.190908640,0,1,0
1.190908960,0,0,0
1.190909280,0,1,0
1.190909600,0,0,0
1.190909920,0,1,0
1.190910240,0,0,0
1.190910720,0,1,0
1.190911040,0,0,0
1.190911360,0,1,0
1.190911680,0,0,0
1.190912000,0,1,0
1.190912320,0,0,0
1.190912640,0,1,0
1.190912960,0,0,0
1.190913280,0,1,0
1.190913600,0,0,0
1.190913920,0,1,0
1.190914240,0,0,0
1.190914720,0,1,0
1.190915040,0,0,0
1.190915360,0,1,0
1.190915680,0,0,0
1.190916000,0,1,0
1.190916320,0,0,0
1.190916640,0,1,0
1.190916960,0,0,0
1.190917280,0,1,0
1.190917600,0,0,0
1.190917920,0,1,0
1.190918240,0,0,0
1.190918720,0,1,0
1.190919040,0,0,0
1.190919360,0,1,0
1.190919680,0,0,0
1.190920000,0,1,0
1.190920320,0,0,0
1.190920640,0,1,0
1.190920960,0,0,0
1.190921280,0,1,0
1.190921600,0,0,0
1.190921920,0,1,0
1.190922240,0,0,0
1.190922720,0,1,0
1.190923040,0,0,0
1.190923360,0,1,0
1.190923680,0,0,0
1.190924000,0,1,0
1.190924320,0,0,0
1.190924640,0,1,0
1.190924960,0,0,0
1.190925280,0,1,0
1.190925600,0,0,0
1.190925920,0,1,0
1.190926240,0,0,0
1.190926720,0,1,0
1.190927040,0,0,0
1.190927360,0,1,0
1.190927680,0,0,0
1.190928000,0,1,0
1.190928320,0,0,0
1.190928640,0,1,0
1.190928960,0,0,0
1.190929280,0,1,0
1.190929600,0,0,0
1.190929920,0,1,0
1.190930240,0,0,0
1.190930720,0,1,0
1.190931040,0,0,0
1.190931360,0,1,0
1.190931680,0,0,0
1.190932000,0,1,0
1.190932320,0,0,0
1.190932640,0,1,0
1.190932960,0,0,0
1.190933280,0,1,0
1.190933600,0,0,0
1.190933920,0,1,0
1.190934240,0,0,0
1.190934720,0,1,0
1.190935040,0,0,0
1.190935360,0,1,0
1.190935680,0,0,0
1.190936000,0,1,0
1.190936320,0,0,0
1.190936640,0,1,0
1.190936960,0,0,0
1.190937280,0,1,0
1.190937600,0,0,0
1.190937920,0,1,0
1.190938240,0,0,0
1.190938720,0,1,0
1.190939040,0,0,0
1.190939360,0,1,0
1.190939680,0,0,0
1.190940000,0,1,0
1.190940320,0,0,0
1.190940640,0,1,0
1.190940960,0,0,0
1.190941280,0,1,0
1.190941600,0,0,0
1.190941920,0,1,0
1.190942240,0,0,0
1.190942720,0,1,0
1.190943040,0,0,0
1.190943360,0,1,0
1.190943680,0,0,0
1.190944000,0,1,0
1.190944320,0,0,0
1.190944640,0,1,0
1.190944960,0,0,0
1.190945280,0,1,0
1.190945600,0,0,0
1.190945920,0,1,0
1.190946240,0,0,0
1.190946720,0,1,0
1.190947040,0,0,0
1.190947360,0,1,0
1.190947680,0,0,0
1.190948000,0,1,0
1.190948320,0,0,0
1.190948640,0,1,0
1.190948960,0,0,0
1.190949280,0,1,0
1.190949600,0,0,0
1.190949920,0,1,0
1.190950240,0,0,0
1.190950720,0,1,0
1.190951040,0,0,0
1.190951360,0,1,0
1.190951680,0,0,0
1.190952000,0,1,0
1.190952320,0,0,0
1.190952640,0,1,0
1.190952960,0,0,0
1.190953280,0,1,0
1.190953600,0,0,0
1.190953920,0,1,0
1.190954240,0,0,0
1.190954720,0,1,0
1.190955040,0,0,0
1.190955360,0,1,0
1.190955680,0,0,0
1.190956000,0,1,0
1.190956320,0,0,0
1.190956640,0,1,0
1.190956960,0,0,0
1.190957280,0,1,0
1.190957600,0,0,0
1.190957920,0,1,0
1.190958240,0,0,0
1.190958720,0,1,0
1.190959040,0,0,0
1.190959360,0,1,0
1.190959680,0,0,0
1.190960000,0,1,0
1.190960320,0,0,0
1.190960640,0,1,0
1.190960960,0,0,0
1.190961280,0,1,0
1.190961600,0,0,0
1.190961920,0,1,0
1.190962240,0,0,0
1.190962720,0,1,0
1.190963040,0,0,0
1.190963360,0,1,0
1.190963680,0,0,0
1.190964000,0,1,0
1.190964320,0,0,0
1.190964640,0,1,0
1.190964960,0,0,0
1.190965280,0,1,0
1.190965600,0,0,0
1.190965920,0,1,0
1.190966240,0,0,0
1.190966720,0,1,0
1.190967040,0,0,0
1.190967360,0,1,0
1.190967680,0,0,0
1.190968000,0,1,0
1.190968320,0,0,0
1.190968640,0,1,0
1.190968960,0,0,0
1.190969280,0,1,0
1.190969600,0,0,0
1.190969920,0,1,0
1.190970240,0,0,0
1.190970720,0,1,0
1.190971040,0,0,0
1.190971360,0,1,0
1.190971680,0,0,0
1.190972000,0,1,0
1.190972320,0,0,0
1.190972640,0,1,0
1.190972960,0,0,0
1.190973280,0,1,0
1.190973600,0,0,0
1.190973920,0,1,0
1.190974240,0,0,0
1.190974720,0,1,0
1.190975040,0,0,0
1.190975360,0,1,0
1.190975680,0,0,0
1.190976000,0,1,0
1.190976320,0,0,0
1.190976640,0,1,0
1.190976960,0,0,0
1.190977280,0,1,0
1.190977600,0,0,0
1.190977920,0,1,0
1.190978240,0,0,0
1.190978720,0,1,0
1.190979040,0,0,0
1.190979360,0,1,0
1.190979680,0,0,0
1.190980000,0,1,0
1.190980320,0,0,0
1.190980640,0,1,0
1.190980960,0,0,0
1.190981280,0,1,0
1.190981600,0,0,0
1.190981920,0,1,0
1.190982240,0,0,0
1.190982720,0,1,0
1.190983040,0,0,0
1.190983360,0,1,0
1.190983680,0,0,0
1.190984000,0,1,0
1.190984320,0,0,0
1.190984640,0,1,0
1.190984960,0,0,0
1.190985280,0,1,0
1.190985600,0,0,0
1.190985920,0,1,0
1.190986240,0,0,0
1.190986720,0,1,0
1.190987040,0,0,0
1.190987360,0,1,0
1.190987680,0,0,0
1.190988000,0,1,0
1.190988320,0,0,0
1.190988640,0,1,0
1.190988960,0,0,0
1.190989280,0,1,0
1.190989600,0,0,0
1.190989920,0,1,0
1.190990240,0,0,0
1.190990720,0,1,0
1.190991040,0,0,0
1.190991360,0,1,0
1.190991680,0,0,0
1.190992000,0,1,0
1.190992320,0,0,0
1.190992640,0,1,0
1.190992960,0,0,0
1.190993280,0,1,0
1.190993600,0,0,0
1.190993920,0,1,0
1.190994240,0,0,0
1.190994720,0,1,0
1.190995040,0,0,0
1.190995360,0,1,0
1.190995680,0,0,0
1.190996000,0,1,0
1.190996320,0,0,0
1.190996640,0,1,0
1.190996960,0,0,0
1.190997280,0,1,0
1.190997600,0,0,0
1.190997920,0,1,0
1.190998240,0,0,0
1.190998720,0,1,0
1.190999040,0,0,0
1.190999360,0,1,0
1.190999680,0,0,0
1.191000000,0,1,0
1.191000320,0,0,0
1.191000640,0,1,0
1.191000960,0,0,0
1.191001280,0,1,0
1.191001600,0,0,0
1.191001920,0,1,0
1.191002240,0,0,0
1.191002720,0,1,0
1.191003040,0,0,0
1.191003360,0,1,0
1.191003680,0,0,0
1.191004000,0,1,0
1.191004320,0,0,0
1.191004640,0,1,0
1.191004960,0,0,0
1.191005280,0,1,0
1.191005600,0,0,0
1.191005920,0,1,0
1.191006240,0,0,0
1.191006720,0,1,0
1.191007040,0,0,0
1.191007360,0,1,0
1.191007680,0,0,0
1.191008000,0,1,0
1.191008320,0,0,0
1.191008640,0,1,0
1.191008960,0,0,0
1.191009280,0,1,0
1.191009600,0,0,0
1.191009920,0,1,0
1.191010240,0,0,0
1.191010720,0,1,0
1.191011040,0,0,0
1.191011360,0,1,0
1.191011680,0,0,0
1.191012000,0,1,0
1.191012320,0,0,0
1.191012640,0,1,0
1.191012960,0,0,0
1.191013280,0,1,0
1.191013600,0,0,0
1.191013920,0,1,0
1.191014240,0,0,0
1.191014720,0,1,0
1.191015040,0,0,1
1.191015360,0,1,1
1.191015680,0,0,1
1.191016000,0,1,1
1.191016320,0,0,0
1.191016640,0,1,0
1.191016960,0,0,0
1.191017280,0,1,0
1.191017600,0,0,1
1.191017920,0,1,1
1.191018240,0,0,1
1.191018400,0,0,0
1.191018720,0,1,0
1.191019040,0,0,0
1.191019360,0,1,0
1.191019680,0,0,0
1.191020000,0,1,0
1.191020320,0,0,1
1.191020640,0,1,1
1.191020960,0,0,1
1.191021280,0,1,1
1.191021600,0,0,0
1.191021920,0,1,0
1.191022240,0,0,0
1.191022400,0,0,1
1.191022720,0,1,1
1.191023040,0,0,1
1.191023360,0,1,1
1.191023680,0,0,1
1.191024000,0,1,1
1.191024320,0,0,0
1.191024640,0,1,0
1.191024960,0,0,1
1.191025280,0,1,1
1.191025600,0,0,0
1.191025920,0,1,0
1.191026240,0,0,0
1.191026720,0,1,0
1.191027040,0,0,0
1.191027360,0,1,0
1.191027680,0,0,0
1.191028000,0,1,0
1.191028320,0,0,1
1.191028640,0,1,1
1.191028960,0,0,1
1.191029280,0,1,1
1.191029600,0,0,0
1.191029920,0,1,0
1.191030240,0,0,0
1.191030720,0,1,0
1.191031040,0,0,1
1.191031360,0,1,1
1.191031680,0,0,1
1.191032000,0,1,1
1.191032320,0,0,0
1.191032640,0,1,0
1.191032960,0,0,0
1.191033280,0,1,0
1.191033600,0,0,0
1.191033920,0,1,0
1.191034240,0,0,0
1.191034720,0,1,0
1.191035040,0,0,0
1.191035360,0,1,0
1.191035680,0,0,0
1.191036000,0,1,0
1.191036320,0,0,1
1.191036640,0,1,1
1.191036960,0,0,1
1.191037280,0,1,1
1.191037600,0,0,0
1.191037920,0,1,0
1.191038240,0,0,0
1.191038720,0,1,0
1.191039040,0,0,0
1.191039360,0,1,0
1.191039680,0,0,0
1.191040000,0,1,0
1.191040320,0,0,0
1.191040640,0,1,0
1.191040960,0,0,0
1.191041280,0,1,0
1.191041600,0,0,1
1.191041920,0,1,1
1.191042240,0,0,1
1.191042720,0,1,1
1.191043040,0,0,0
1.191043360,0,1,0
1.191043680,0,0,0
1.191044000,0,1,0
1.191044320,0,0,0
1.191044640,0,1,0
1.191044960,0,0,0
1.191045280,0,1,0
1.191045600,0,0,0
1.191045920,0,1,0
1.191046240,0,0,0
1.191046720,0,1,0
1.191047040,0,0,1
1.191047360,0,1,1
1.191047680,0,0,1
1.191048000,0,1,1
1.191048320,0,0,0
1.191048640,0,1,0
1.191048960,0,0,1
1.191049280,0,1,1
1.191049600,0,0,1
1.191049920,0,1,1
1.191050240,0,0,1
1.191050720,0,1,1
1.191051040,0,0,0
1.191051360,0,1,0
1.191051680,0,0,0
1.191052000,0,1,0
1.191052320,0,0,1
1.191052640,0,1,1
1.191052960,0,0,1
1.191053280,0,1,1
1.191053600,0,0,0
1.191053920,0,1,0
1.191054240,0,0,0
1.191054400,0,0,1
1.191054720,0,1,1
1.191055040,0,0,0
1.191055360,0,1,0
1.191055680,0,0,1
1.191056000,0,1,1
1.191056320,0,0,0
1.191056640,0,1,0
1.191056960,0,0,0
1.191057280,0,1,0
1.191057600,0,0,0
1.191057920,0,1,0
1.191058240,0,0,0
1.191058720,0,1,0
1.191059040,0,0,0
1.191059360,0,1,0
1.191059680,0,0,0
1.191060000,0,1,0
1.191060320,0,0,0
1.191060640,0,1,0
1.191060960,0,0,0
1.191061280,0,1,0
1.191061600,0,0,0
1.191061920,0,1,0
1.191062240,0,0,0
1.191062720,0,1,0
1.191063040,0,0,0
1.191063360,0,1,0
1.191063680,0,0,0
1.191064000,0,1,0
1.191064320,0,0,0
1.191064640,0,1,0
1.191064960,0,0,0
1.191065280,0,1,0
1.191065600,0,0,0
1.191065920,0,1,0
1.191066240,0,0,0
1.191066720,0,1,0
1.191067040,0,0,0
1.191067360,0,1,0
1.191067680,0,0,0
1.191068000,0,1,0
1.191068320,0,0,0
1.191068640,0,1,0
1.191068960,0,0,0
1.191069280,0,1,0
1.191069600,0,0,0
1.191069920,0,1,0
1.191070240,0,0,0
1.191070720,0,1,0
1.191071040,0,0,0
1.191071360,0,1,0
1.191071680,0,0,1
1.191072000,0,1,1
1.191072320,0,0,1
1.191072640,0,1,1
1.191072960,0,0,0
1.191073280,0,1,0
1.191073600,0,0,0
1.191073920,0,1,0
1.191074240,0,0,0
1.191074720,0,1,0
1.191075040,0,0,0
1.191075360,0,1,0
1.191075680,0,0,0
1.191076000,0,1,0
1.191076320,0,0,0
1.191076640,0,1,0
1.191076960,0,0,0
1.191077280,0,1,0
1.191077600,0,0,0
1.191077920,0,1,0
1.191078240,0,0,0
1.191078720,0,1,0
1.191079040,0,0,0
1.191079360,0,1,0
1.191079680,0,0,0
1.191080000,0,1,0
1.191080320,0,0,0
1.191080640,0,1,0
1.191080960,0,0,0
1.191081280,0,1,0
1.191081600,0,0,0
1.191081920,0,1,0
1.191082240,0,0,0
1.191082400,0,0,1
1.191082720,0,1,1
1.191083040,0,0,0
1.191083360,0,1,0
1.191083680,0,0,0
1.191084000,0,1,0
1.191084320,0,0,0
1.191084640,0,1,0
1.191084960,0,0,1
1.191085280,0,1,1
1.191085600,0,0,0
1.191085920,0,1,0
1.191086240,0,0,0
1.191086720,0,1,0
1.191087040,0,0,0
1.191087360,0,1,0
1.191087680,0,0,1
1.191088000,0,1,1
1.191088320,0,0,0
1.191088640,0,1,0
1.191088960,0,0,0
1.191089280,0,1,0
1.191089600,0,0,0
1.191089920,0,1,0
1.191090240,0,0,0
1.191090720,0,1,0
1.191091040,0,0,0
1.191091360,0,1,0
1.191091680,0,0,0
1.191092000,0,1,0
1.191092320,0,0,0
1.191092640,0,1,0
1.191092960,0,0,1
1.191093280,0,1,1
1.191093600,0,0,0
1.191093920,0,1,0
1.191094240,0,0,0
1.191094720,0,1,0
1.191095040,0,0,0
1.191095360,0,1,0
1.191095680,0,0,1
1.191096000,0,1,1
1.191096320,0,0,0
1.191096640,0,1,0
1.191096960,0,0,0
1.191097280,0,1,0
1.191097600,0,0,0
1.191097920,0,1,0
1.191098240,0,0,0
1.191098720,0,1,0
1.191099040,0,0,0
1.191099360,0,1,0
1.191099680,0,0,0
1.191100000,0,1,0
1.191100320,0,0,0
1.191100640,0,1,0
1.191100960,0,0,0
1.191101280,0,1,0
1.191101600,0,0,0
1.191101920,0,1,0
1.191102240,0,0,0
1.191102720,0,1,0
1.191103040,0,0,0
1.191103360,0,1,0
1.191103680,0,0,1
1.191104000,0,1,1
1.191104320,0,0,0
1.191104640,0,1,0
1.191104960,0,0,0
1.191105280,0,1,0
1.191105600,0,0,0
1.191105920,0,1,0
1.191106240,0,0,0
1.191106400,0,0,1
1.191106720,0,1,1
1.191107040,0,0,0
1.191107360,0,1,0
1.191107680,0,0,0
1.191108000,0,1,0
1.191108320,0,0,0
1.191108640,0,1,0
1.191108960,0,0,0
1.191109280,0,1,0
1.191109600,0,0,0
1.191109920,0,1,0
1.191110240,0,0,0
1.191110720,0,1,0
1.191111040,0,0,0
1.191111360,0,1,0
1.191111680,0,0,0
1.191112000,0,1,0
1.191112320,0,0,0
1.191112640,0,1,0
1.191112960,0,0,0
1.191113280,0,1,0
1.191113600,0,0,0
1.191113920,0,1,0
1.191114240,0,0,0
1.191114400,0,0,1
1.191114720,0,1,1
1.191115040,0,0,0
1.191115360,0,1,0
1.191115680,0,0,0
1.191116000,0,1,0
1.191116320,0,0,0
1.191116640,0,1,0
1.191116960,0,0,1
1.191117280,0,1,1
1.191117600,0,0,0
1.191117920,0,1,0
1.191118240,0,0,0
1.191118720,0,1,0
1.191119040,0,0,0
1.191119360,0,1,0
1.191119680,0,0,0
1.191120000,0,1,0
1.191120320,0,0,1
1.191120640,0,1,1
1.191120960,0,0,1
1.191121280,0,1,1
1.191121600,0,0,0
1.191121920,0,1,0
1.191122240,0,0,0
1.191122720,0,1,0
1.191123040,0,0,1
1.191123360,0,1,1
1.191123680,0,0,0
1.191124000,0,1,0
1.191124320,0,0,0
1.191124640,0,1,0
1.191124960,0,0,0
1.191125280,0,1,0
1.191125600,0,0,0
1.191125920,0,1,0
1.191126240,0,0,0
1.191126720,0,1,0
1.191127040,0,0,0
1.191127360,0,1,0
1.191127680,0,0,0
1.191128000,0,1,0
1.191128320,0,0,1
1.191128640,0,1,1
1.191128960,0,0,0
1.191129280,0,1,0
1.191129600,0,0,0
1.191129920,0,1,0
1.191130240,0,0,0
1.191130400,0,0,1
1.191130720,0,1,1
1.191131040,0,0,0
1.191131360,0,1,0
1.191131680,0,0,0
1.191132000,0,1,0
1.191132320,0,0,0
1.191132640,0,1,0
1.191132960,0,0,0
1.191133280,0,1,0
1.191133600,0,0,0
1.191133920,0,1,0
1.191134240,0,0,0
1.191134720,0,1,0
1.191135040,0,0,0
1.191135360,0,1,0
1.191135680,0,0,0
1.191136000,0,1,0
1.191136320,0,0,0
1.191136640,0,1,0
1.191136960,0,0,0
1.191137280,0,1,0
1.191137600,0,0,0
1.191137920,0,1,0
1.191138240,0,0,0
1.191138720,0,1,0
1.191139040,0,0,0
1.191139360,0,1,0
1.191139680,0,0,0
1.191140000,0,1,0
1.191140320,0,0,0
1.191140640,0,1,0
1.191140960,0,0,0
1.191141280,0,1,0
1.191141600,0,0,0
1.191141920,0,1,0
1.191142240,0,0,0
1.191142720,0,1,0
1.191143040,0,0,0
1.191143360,0,1,0
1.191143680,0,0,0
1.191144000,0,1,0
1.191144320,0,0,0
1.191144640,0,1,0
1.191144960,0,0,0
1.191145280,0,1,0
1.191145600,0,0,0
1.191145920,0,1,0
1.191146240,0,0,0
1.191146720,0,1,0
1.191147040,0,0,0
1.191147360,0,1,0
1.191147680,0,0,0
1.191148000,0,1,0
1.191148320,0,0,0
1.191148640,0,1,0
1.191148960,0,0,0
1.191149280,0,1,0
1.191149600,0,0,0
1.191149920,0,1,0
1.191150240,0,0,0
1.191150720,0,1,0
1.191151040,0,0,0
1.191151360,0,1,0
1.191151680,0,0,0
1.191152000,0,1,0
1.191152320,0,0,0
1.191152640,0,1,0
1.191152960,0,0,0
1.191153280,0,1,0
1.191153600,0,0,0
1.191153920,0,1,0
1.191154240,0,0,0
1.191154720,0,1,0
1.191155040,0,0,0
1.191155360,0,1,0
1.191155680,0,0,0
1.191156000,0,1,0
1.191156320,0,0,0
1.191156640,0,1,0
1.191156960,0,0,0
1.191157280,0,1,0
1.191157600,0,0,0
1.191157920,0,1,0
1.191158240,0,0,0
1.191158720,0,1,0
1.191159040,0,0,0
1.191159360,0,1,0
1.191159680,0,0,0
1.191160000,0,1,0
1.191160320,0,0,0
1.191160640,0,1,0
1.191160960,0,0,0
1.191161280,0,1,0
1.191161600,0,0,0
1.191161920,0,1,0
1.191162240,0,0,0
1.191162720,0,1,0
1.191163040,0,0,0
1.191163360,0,1,0
1.191163680,0,0,0
1.191164000,0,1,0
1.191164320,0,0,0
1.191164640,0,1,0
1.191164960,0,0,0
1.191165280,0,1,0
1.191165600,0,0,0
1.191165920,0,1,0
1.191166240,0,0,0
1.191166720,0,1,0
1.191167040,0,0,0
1.191167360,0,1,0
1.191167680,0,0,0
1.191168000,0,1,0
1.191168320,0,0,0
1.191168640,0,1,0
1.191168960,0,0,0
1.191169280,0,1,0
1.191169600,0,0,0
1.191169920,0,1,0
1.191170240,0,0,0
1.191170720,0,1,0
1.191171040,0,0,0
1.191171360,0,1,0
1.191171680,0,0,0
1.191172000,0,1,0
1.191172320,0,0,0
1.191172640,0,1,0
1.191172960,0,0,0
1.191173280,0,1,0
1.191173600,0,0,0
1.191173920,0,1,0
1.191174240,0,0,0
1.191174720,0,1,0
1.191175040,0,0,0
1.191175360,0,1,0
1.191175680,0,0,0
1.191176000,0,1,0
1.191176320,0,0,0
1.191176640,0,1,0
1.191176960,0,0,0
1.191177280,0,1,0
1.191177600,0,0,0
1.191177920,0,1,0
1.191178240,0,0,0
1.191178720,0,1,0
1.191179040,0,0,0
1.191179360,0,1,0
1.191179680,0,0,0
1.191180000,0,1,0
1.191180320,0,0,0
1.191180640,0,1,0
1.191180960,0,0,0
1.191181280,0,1,0
1.191181600,0,0,0
1.191181920,0,1,0
1.191182240,0,0,0
1.191182720,0,1,0
1.191183040,0,0,0
1.191183360,0,1,0
1.191183680,0,0,0
1.191184000,0,1,0
1.191184320,0,0,0
1.191184640,0,1,0
1.191184960,0,0,0
1.191185280,0,1,0
1.191185600,0,0,0
1.191185920,0,1,0
1.191186240,0,0,0
1.191186720,0,1,0
1.191187040,0,0,0
1.191187360,0,1,0
1.191187680,0,0,0
1.191188000,0,1,0
1.191188320,0,0,0
1.191188640,0,1,0
1.191188960,0,0,0
1.191189280,0,1,0
1.191189600,0,0,0
1.191189920,0,1,0
1.191190240,0,0,0
1.191190720,0,1,0
1.191191040,0,0,0
1.191191360,0,1,0
1.191191680,0,0,0
1.191192000,0,1,0
1.191192320,0,0,0
1.191192640,0,1,0
1.191192960,0,0,0
1.191193280,0,1,0
1.191193600,0,0,0
1.191193920,0,1,0
1.191194240,0,0,0
1.191194720,0,1,0
1.191195040,0,0,0
1.191195360,0,1,0
1.191195680,0,0,0
1.191196000,0,1,0
1.191196320,0,0,0
1.191196640,0,1,0
1.191196960,0,0,0
1.191197280,0,1,0
1.191197600,0,0,0
1.191197920,0,1,0
1.191198240,0,0,0
1.191198720,0,1,0
1.191199040,0,0,0
1.191199360,0,1,0
1.191199680,0,0,0
1.191200000,0,1,0
1.191200320,0,0,0
1.191200640,0,1,0
1.191200960,0,0,0
1.191201280,0,1,0
1.191201600,0,0,0
1.191201920,0,1,0
1.191202240,0,0,0
1.191202720,0,1,0
1.191203040,0,0,0
1.191203360,0,1,0
1.191203680,0,0,0
1.191204000,0,1,0
1.191204320,0,0,0
1.191204640,0,1,0
1.191204960,0,0,0
1.191205280,0,1,0
1.191205600,0,0,0
1.191205920,0,1,0
1.191206240,0,0,0
1.191206720,0,1,0
1.191207040,0,0,0
1.191207360,0,1,0
1.191207680,0,0,0
1.191208000,0,1,0
1.191208320,0,0,0
1.191208640,0,1,0
1.191208960,0,0,0
1.191209280,0,1,0
1.191209600,0,0,0
1.191209920,0,1,0
1.191210240,0,0,0
1.191210720,0,1,0
1.191211040,0,0,0
1.191211360,0,1,0
1.191211680,0,0,0
1.191212000,0,1,0
1.191212320,0,0,0
1.191212640,0,1,0
1.191212960,0,0,0
1.191213280,0,1,0
1.191213600,0,0,0
1.191213920,0,1,0
1.191214240,0,0,0
1.191214720,0,1,0
1.191215040,0,0,0
1.191215360,0,1,0
1.191215680,0,0,0
1.191216000,0,1,0
1.191216320,0,0,0
1.191216640,0,1,0
1.191216960,0,0,0
1.191217280,0,1,0
1.191217600,0,0,0
1.191217920,0,1,0
1.191218240,0,0,0
1.191218720,0,1,0
1.191219040,0,0,0
1.191219360,0,1,0
1.191219680,0,0,0
1.191220000,0,1,0
1.191220320,0,0,0
1.191220640,0,1,0
1.191220960,0,0,0
1.191221280,0,1,0
1.191221600,0,0,0
1.191221920,0,1,0
1.191222240,0,0,0
1.191222720,0,1,0
1.191223040,0,0,0
1.191223360,0,1,0
1.191223680,0,0,0
1.191224000,0,1,0
1.191224320,0,0,0
1.191224640,0,1,0
1.191224960,0,0,0
1.191225280,0,1,0
1.191225600,0,0,0
1.191225920,0,1,0
1.191226240,0,0,0
1.191226720,0,1,0
1.191227040,0,0,0
1.191227360,0,1,0
1.191227680,0,0,0
1.191228000,0,1,0
1.191228320,0,0,0
1.191228640,0,1,0
1.191228960,0,0,0
1.191229280,0,1,0
1.191229600,0,0,0
1.191229920,0,1,0
1.191230240,0,0,0
1.191230720,0,1,0
1.191231040,0,0,0
1.191231360,0,1,0
1.191231680,0,0,0
1.191232000,0,1,0
1.191232320,0,0,0
1.191232640,0,1,0
1.191232960,0,0,0
1.191233280,0,1,0
1.191233600,0,0,0
1.191233920,0,1,0
1.191234240,0,0,0
1.191234720,0,1,0
1.191235040,0,0,0
1.191235360,0,1,0
1.191235680,0,0,0
1.191236000,0,1,0
1.191236320,0,0,0
1.191236640,0,1,0
1.191236960,0,0,0
1.191237280,0,1,0
1.191237600,0,0,0
1.191237920,0,1,0
1.191238240,0,0,0
1.191238720,0,1,0
1.191239040,0,0,0
1.191239360,0,1,0
1.191239680,0,0,0
1.191240000,0,1,0
1.191240320,0,0,0
1.191240640,0,1,0
1.191240960,0,0,0
1.191241280,0,1,0
1.191241600,0,0,0
1.191241920,0,1,0
1.191242240,0,0,0
1.191242720,0,1,0
1.191243040,0,0,0
1.191243360,0,1,0
1.191243680,0,0,0
1.191244000,0,1,0
1.191244320,0,0,0
1.191244640,0,1,0
1.191244960,0,0,0
1.191245280,0,1,0
1.191245600,0,0,0
1.191245920,0,1,0
1.191246240,0,0,0
1.191246720,0,1,0
1.191247040,0,0,0
1.191247360,0,1,0
1.191247680,0,0,0
1.191248000,0,1,0
1.191248320,0,0,0
1.191248640,0,1,0
1.191248960,0,0,0
1.191249280,0,1,0
1.191249600,0,0,0
1.191249920,0,1,0
1.191250240,0,0,0
1.191250720,0,1,0
1.191251040,0,0,0
1.191251360,0,1,0
1.191251680,0,0,0
1.191252000,0,1,0
1.191252320,0,0,0
1.191252640,0,1,0
1.191252960,0,0,0
1.191253280,0,1,0
1.191253600,0,0,0
1.191253920,0,1,0
1.191254240,0,0,0
1.191254720,0,1,0
1.191255040,0,0,0
1.191255360,0,1,0
1.191255680,0,0,0
1.191256000,0,1,0
1.191256320,0,0,0
1.191256640,0,1,0
1.191256960,0,0,0
1.191257280,0,1,0
1.191257600,0,0,0
1.191257920,0,1,0
1.191258240,0,0,0
1.191258720,0,1,0
1.191259040,0,0,0
1.191259360,0,1,0
1.191259680,0,0,0
1.191260000,0,1,0
1.191260320,0,0,0
1.191260640,0,1,0
1.191260960,0,0,0
1.191261280,0,1,0
1.191261600,0,0,0
1.191261920,0,1,0
1.191262240,0,0,0
1.191262720,0,1,0
1.191263040,0,0,0
1.191263360,0,1,0
1.191263680,0,0,0
1.191264000,0,1,0
1.191264320,0,0,0
1.191264640,0,1,0
1.191264960,0,0,0
1.191265280,0,1,0
1.191265600,0,0,0
1.191265920,0,1,0
1.191266240,0,0,0
1.191266720,0,1,0
1.191267040,0,0,0
1.191267360,0,1,0
1.191267680,0,0,0
1.191268000,0,1,0
1.191268320,0,0,0
1.191268640,0,1,0
1.191268960,0,0,0
1.191269280,0,1,0
1.191269600,0,0,0
1.191269920,0,1,0
1.191270240,1,0,0
1.191270400,1,0,1
1.191270720,1,1,1
1.191271040,0,0,0
1.191271360,0,1,0
1.191271680,1,0,1
1.191272000,1,1,1
1.191272320,1,0,0
1.191272640,1,1,0
1.191272960,0,0,0
1.191273280,0,1,0
1.191273600,1,0,0
1.191273920,1,1,0
1.191274240,0,0,0
1.191274400,0,0,1
1.191274720,0,1,1
1.194393600,1,0,0
1.194393920,1,1,0
1.194394240,0,0,0
1.194394560,0,1,0
1.194395040,1,0,0
1.194395360,1,1,0
1.194395680,1,0,0
1.194396000,1,1,0
1.194396320,1,0,0
1.194396640,1,1,0
1.194396960,0,0,0
1.194397280,0,1,0
1.194397600,0,0,0
1.194397920,0,1,0
1.194398240,0,0,0
1.194398560,0,1,0
1.194399040,0,0,0
1.194399360,0,1,0
1.194399680,0,0,0
1.194400000,0,1,0
1.194400320,0,0,0
1.194400640,0,1,0
1.194400960,0,0,0
1.194401280,0,1,0
1.194401600,0,0,0
1.194401920,0,1,0
1.194402240,0,0,0
1.194402560,0,1,0
1.194403040,0,0,0
1.194403360,0,1,0
1.194403680,1,0,0
1.194404000,1,1,0
1.194404320,0,0,0
1.194404640,0,1,0
1.194404960,0,0,0
1.194405280,0,1,0
1.194405600,0,0,0
1.194405920,0,1,0
1.194406240,0,0,0
1.194406560,0,1,0
1.194407040,0,0,0
1.194407360,0,1,0
1.194407680,1,0,0
1.194408000,1,1,0
1.194408320,1,0,0
1.194408640,1,1,0
1.194408960,0,0,0
1.194409280,0,1,0
1.194409600,0,0,0
1.194409920,0,1,0
1.194410240,0,0,0
1.194410560,0,1,0
1.194411040,1,0,0
1.194411360,1,1,0
1.194411680,0,0,0
1.194412000,0,1,0
1.194412320,0,0,0
1.194412640,0,1,0
1.194412960,1,0,0
1.194413280,1,1,0
1.194413600,1,0,0
1.194413920,1,1,0
1.194414240,0,0,0
1.194414560,0,1,0
1.195191040,0,0,0
1.195191360,0,1,0
1.195191680,0,0,0
1.195192000,0,1,0
1.195192320,0,0,0
1.195192640,0,1,0
1.195192960,0,0,0
1.195193280,0,1,0
1.195193600,1,0,1
1.195193920,1,1,1
1.195194240,0,0,0
1.195194560,0,1,0
1.195195040,1,0,0
1.195195360,1,1,0
1.195195680,1,0,0
1.195196000,1,1,0
1.195196320,0,0,0
1.195196640,0,1,0
1.195196960,0,0,0
1.195197280,0,1,0
1.195197600,0,0,0
1.195197920,0,1,0
1.195198240,1,0,0
1.195198560,1,1,0
1.195199040,0,0,0
1.195199360,0,1,0
1.195199680,0,0,0
1.195200000,0,1,0
1.195200320,0,0,0
1.195200640,0,1,0
1.195200960,0,0,0
1.195201280,0,1,0
1.195201600,1,0,1
1.195201920,1,1,1
1.195202240,0,0,0
1.195202560,0,1,0
1.195203040,0,0,0
1.195203360,0,1,0
1.195203680,0,0,0
1.195204000,0,1,0
1.195204320,0,0,0
1.195204640,0,1,0
1.195204960,0,0,1
1.195205280,0,1,1
1.195205600,0,0,1
1.195205920,0,1,1
1.195206240,0,0,0
1.195206560,0,1,0
1.195207040,0,0,0
1.195207360,0,1,0
1.195207680,0,0,0
1.195208000,0,1,0
1.195208320,1,0,1
1.195208640,1,1,1
1.195208960,1,0,0
1.195209280,1,1,0
1.195209600,1,0,1
1.195209920,1,1,1
1.195210240,0,0,0
1.195210560,0,1,0
1.195211040,1,0,1
1.195211360,1,1,1
1.195211680,0,0,0
1.195212000,0,1,0
1.195761600,0,0,1
1.195761920,0,1,1
1.195762240,0,0,0
1.195762560,0,1,0
1.195763040,0,0,1
1.195763360,0,1,1
1.195763680,0,0,1
1.195764000,0,1,1
1.195764320,0,0,1
1.195764640,0,1,1
1.195764960,0,0,0
1.195765280,0,1,0
1.195765600,0,0,0
1.195765920,0,1,0
1.195766240,0,0,0
1.195766560,0,1,0
1.195767040,0,0,0
1.195767360,0,1,0
1.195767680,0,0,0
1.195768000,0,1,0
1.195768320,0,0,0
1.195768640,0,1,0
1.195768960,0,0,0
1.195769280,0,1,0
1.195769600,0,0,0
1.195769920,0,1,0
1.195770240,0,0,0
1.195770560,0,1,0
1.195771040,0,0,0
1.195771360,0,1,0
1.195771680,0,0,1
1.195772000,0,1,1
1.195772320,0,0,0
1.195772640,0,1,0
1.195772960,0,0,0
1.195773280,0,1,0
1.195773600,0,0,0
1.195773920,0,1,0
1.195774240,0,0,0
1.195774560,0,1,0
1.195775040,0,0,0
1.195775360,0,1,0
1.195775680,1,0,1
1.195776000,1,1,1
1.195776320,0,0,1
1.195776640,0,1,1
1.195776960,1,0,0
1.195777280,1,1,0
1.195777600,0,0,0
1.195777920,0,1,0
1.195778240,1,0,0
1.195778560,1,1,0
1.195779040,0,0,1
1.195779360,0,1,1
1.195779680,1,0,0
1.195780000,1,1,0
1.195780320,0,0,0
1.195780640,0,1,0
1.195780960,1,0,1
1.195781280,1,1,1
1.195781600,1,0,1
1.195781920,1,1,1
1.195782240,0,0,0
1.195782560,0,1,0
1.196553600,0,0,0
1.196553920,0,1,0
1.196554240,0,0,0
1.196554560,0,1,0
1.196555040,0,0,0
1.196555360,0,1,0
1.196555680,0,0,0
1.196556000,0,1,0
1.196556320,1,0,1
1.196556640,1,1,1
1.196556960,1,0,0
1.196557280,1,1,0
1.196557600,0,0,1
1.196557920,0,1,1
1.196558240,0,0,1
1.196558560,0,1,1
1.196559040,0,0,0
1.196559360,0,1,0
1.196559680,0,0,0
1.196560000,0,1,0
1.196560320,0,0,0
1.196560640,0,1,0
1.196560960,0,0,0
1.196561280,0,1,0
1.196561600,0,0,0
1.196561920,0,1,0
1.196562240,0,0,0
1.196562560,0,1,0
1.196563040,0,0,0
1.196563360,0,1,0
1.196563680,0,0,0
1.196564000,0,1,0
1.196564320,1,0,1
1.196564640,1,1,1
1.196564960,0,0,0
1.196565280,0,1,0
1.196565600,0,0,0
1.196565920,0,1,0
1.196566240,0,0,0
1.196566560,0,1,0
1.196567040,0,0,0
1.196567360,0,1,0
1.196567680,1,0,1
1.196568000,1,1,1
1.196568320,1,0,0
1.196568640,1,1,0
1.196568960,0,0,1
1.196569280,0,1,1
1.196569600,0,0,0
1.196569920,0,1,0
1.196570240,0,0,1
1.196570560,0,1,1
1.196571040,0,0,0
1.196571360,0,1,0
1.196571680,0,0,0
1.196572000,0,1,0
1.196572320,1,0,0
1.196572640,1,1,0
1.196572960,0,0,0
1.196573280,0,1,0
1.196573600,1,0,0
1.196573920,1,1,0
1.196574240,0,0,0
1.196574560,0,1,0
1.197134240,0,0,0
1.197134560,0,1,0
1.197135040,0,0,0
1.197135360,0,1,0
1.197135680,0,0,0
1.197136000,0,1,0
1.197136320,0,0,0
1.197136640,0,1,0
1.197136960,0,0,0
1.197137280,0,1,0
1.197137600,0,0,0
1.197137920,0,1,0
1.197138240,0,0,0
1.197138560,0,1,0
1.197139040,0,0,0
1.197139360,0,1,0
1.197139680,0,0,0
1.197140000,0,1,0
1.197140320,0,0,0
1.197140640,0,1,0
1.197140960,0,0,0
1.197141280,0,1,0
1.197141600,0,0,0
1.197141920,0,1,0
1.197142240,0,0,0
1.197142560,0,1,0
1.197143040,0,0,0
1.197143360,0,1,0
1.197143680,0,0,0
1.197144000,0,1,0
1.197144320,0,0,0
1.197144640,0,1,0
1.197144960,0,0,0
1.197145280,0,1,0
1.197145600,0,0,0
1.197145920,0,1,0
1.197146240,0,0,0
1.197146560,0,1,0
1.197147040,0,0,0
1.197147360,0,1,0
1.197147680,0,0,0
1.197148000,0,1,0
1.197148320,0,0,1
1.197148640,0,1,1
1.197148960,0,0,0
1.197149280,0,1,0
1.197149600,0,0,1
1.197149920,0,1,1
1.197150240,0,0,0
1.197150560,0,1,0
1.197150880,0,0,0
1.197151040,0,0,1
1.197151360,0,1,1
1.197151680,0,0,0
1.197152000,0,1,0
1.197152320,0,0,1
1.197152640,0,1,1
1.197152960,0,0,0
1.197153280,0,1,0
1.197153600,0,0,1
1.197153920,0,1,1
1.197154240,0,0,1
1.197154560,0,1,1
1.197154880,0,0,1
1.197155040,0,0,0
1.197155360,0,1,0
1.197705600,0,0,0
1.197705920,0,1,0
1.197706240,0,0,0
1.197706560,0,1,0
1.197707040,0,0,0
1.197707360,0,1,0
1.197707680,0,0,0
1.197708000,0,1,0
1.197708320,1,0,1
1.197708640,1,1,1
1.197708960,0,0,1
1.197709280,0,1,1
1.197709600,0,0,0
1.197709920,0,1,0
1.197710240,0,0,0
1.197710560,0,1,0
1.197710880,0,0,0
1.197711360,0,1,0
1.197711680,0,0,0
1.197712000,0,1,0
1.197712320,0,0,0
1.197712640,0,1,0
1.197712960,0,0,0
1.197713280,0,1,0
1.197713600,0,0,0
1.197713920,0,1,0
1.197714240,0,0,0
1.197714560,0,1,0
1.197714880,0,0,0
1.197715360,0,1,0
1.197715680,0,0,0
1.197716000,0,1,0
1.197716320,1,0,1
1.197716640,1,1,1
1.197716960,0,0,0
1.197717280,0,1,0
1.197717600,0,0,0
1.197717920,0,1,0
1.197718240,0,0,0
1.197718560,0,1,0
1.197718880,0,0,0
1.197719360,0,1,0
1.197719680,1,0,0
1.197720000,1,1,0
1.197720320,0,0,0
1.197720640,0,1,0
1.197720960,1,0,0
1.197721280,1,1,0
1.197721600,0,0,0
1.197721920,0,1,0
1.197722240,1,0,0
1.197722560,1,1,0
1.197722880,1,0,0
1.197723040,1,0,1
1.197723360,1,1,1
1.197723680,0,0,1
1.197724000,0,1,1
1.197724320,1,0,0
1.197724640,1,1,0
1.197724960,0,0,0
1.197725280,0,1,0
1.197725600,0,0,1
1.197725920,0,1,1
1.197726240,0,0,0
1.197726560,0,1,0
1.200806240,0,0,1
1.200806560,0,1,1
1.200806880,0,0,1
1.200807360,0,1,1
1.200807680,0,0,1
1.200808000,0,1,1
1.200808320,0,0,1
1.200808640,0,1,1
1.200808960,0,0,1
1.200809280,0,1,1
1.200809600,0,0,1
1.200809920,0,1,1
1.200810240,0,0,1
1.200810560,0,1,1
1.200810880,0,0,1
1.200811360,0,1,1
1.200811680,0,0,1
1.200812000,0,1,1
1.200812320,0,0,1
1.200812640,0,1,1
1.200812960,0,0,1
1.200813280,0,1,1
1.200813600,0,0,1
1.200813920,0,1,1
1.200814240,0,0,1
1.200814560,0,1,1
1.200814880,0,0,1
1.200815360,0,1,1
1.200815680,0,0,1
1.200816000,0,1,1
1.200816320,0,0,1
1.200816640,0,1,1
1.200816960,0,0,0
1.200817280,0,1,0
1.200817600,1,0,0
1.200817920,1,1,0
1.200818240,0,0,0
1.200818560,0,1,0
1.200818880,0,0,0
1.200819040,1,0,0
1.200819360,1,1,0
1.200819680,0,0,0
1.200820000,0,1,0
1.200820320,0,0,0
1.200820640,0,1,0
1.200820960,1,0,0
1.200821280,1,1,0
1.200821600,1,0,0
1.200821920,1,1,0
1.200822240,0,0,0
1.200822560,0,1,0
1.200822880,0,0,0
1.200823040,1,0,0
1.200823360,1,1,0
1.200823680,0,0,0
1.200824000,0,1,0
1.200824320,1,0,0
1.200824640,1,1,0
1.200824960,0,0,0
1.200825280,0,1,0
1.200825600,0,0,0
1.200825920,0,1,0
1.200826240,0,0,0
1.200826560,0,1,0
1.200826880,0,0,0
1.200827360,0,1,0
1.200827680,0,0,0
1.200828000,0,1,0
1.200828320,1,0,0
1.200828640,1,1,0
1.200828960,0,0,0
1.200829280,0,1,0
1.200829600,1,0,0
1.200829920,1,1,0
1.200830240,1,0,0
1.200830560,1,1,0
1.200830880,0,0,0
1.200831360,0,1,0
1.200831680,0,0,0
1.200832000,0,1,0
1.200832320,0,0,0
1.200832640,0,1,0
1.200832960,0,0,0
1.200833280,0,1,0
1.200833600,0,0,0
1.200833920,0,1,0
1.200834240,1,0,0
1.200834560,1,1,0
1.200834880,1,0,0
1.200835360,1,1,0
1.200835680,0,0,0
1.200836000,0,1,0
1.200836320,0,0,0
1.200836640,0,1,0
1.200836960,0,0,0
1.200837280,0,1,0
1.200837600,1,0,0
1.200837920,1,1,0
1.200838240,0,0,0
1.200838560,0,1,0
1.200838880,0,0,0
1.200839360,0,1,0
1.200839680,0,0,0
1.200840000,0,1,0
1.200840320,0,0,0
1.200840640,0,1,0
1.200840960,0,0,0
1.200841280,0,1,0
1.200841600,0,0,0
1.200841920,0,1,0
1.200842240,0,0,0
1.200842560,0,1,0
1.200842880,0,0,0
1.200843360,0,1,0
1.200843680,0,0,0
1.200844000,0,1,0
1.200844320,0,0,0
1.200844640,0,1,0
1.200844960,0,0,0
1.200845280,0,1,0
1.200845600,0,0,0
1.200845920,0,1,0
1.200846240,0,0,0
1.200846560,0,1,0
1.200846880,0,0,0
1.200847360,0,1,0
1.200847680,0,0,0
1.200848000,0,1,0
1.200848320,0,0,0
1.200848640,0,1,0
1.200848960,0,0,0
1.200849280,0,1,0
1.200849600,0,0,0
1.200849920,0,1,0
1.200850240,0,0,0
1.200850560,0,1,0
1.200850880,0,0,0
1.200851360,0,1,0
1.200851680,0,0,0
1.200852000,0,1,0
1.200852320,0,0,0
1.200852640,0,1,0
1.200852960,0,0,0
1.200853280,0,1,0
1.200853600,0,0,0
1.200853920,0,1,0
1.200854240,0,0,0
1.200854560,0,1,0
1.200854880,0,0,0
1.200855360,0,1,0
1.200855680,0,0,0
1.200856000,0,1,0
1.200856320,0,0,0
1.200856640,0,1,0
1.200856960,0,0,0
1.200857280,0,1,0
1.200857600,0,0,0
1.200857920,0,1,0
1.200858240,0,0,0
1.200858560,0,1,0
1.200858880,0,0,0
1.200859360,0,1,0
1.200859680,0,0,0
1.200860000,0,1,0
1.200860320,0,0,0
1.200860640,0,1,0
1.200860960,0,0,0
1.200861280,0,1,0
1.200861600,0,0,0
1.200861920,0,1,0
1.200862240,0,0,0
1.200862560,0,1,0
1.200862880,0,0,0
1.200863360,0,1,0
1.200863680,0,0,0
1.200864000,0,1,0
1.200864320,0,0,0
1.200864640,0,1,0
1.200864960,0,0,0
1.200865280,0,1,0
1.200865600,0,0,0
1.200865920,0,1,0
1.200866240,0,0,0
1.200866560,0,1,0
1.200866880,0,0,0
1.200867360,0,1,0
1.200867680,0,0,0
1.200868000,0,1,0
1.200868320,0,0,0
1.200868640,0,1,0
1.200868960,0,0,0
1.200869280,0,1,0
1.200869600,0,0,0
1.200869920,0,1,0
1.200870240,0,0,0
1.200870560,0,1,0
1.200870880,0,0,0
1.200871040,1,0,0
1.200871360,1,1,0
1.200871680,0,0,0
1.200872000,0,1,0
1.200872320,0,0,0
1.200872640,0,1,0
1.200872960,0,0,0
1.200873280,0,1,0
1.200873600,1,0,0
1.200873920,1,1,0
1.200874240,1,0,0
1.200874560,1,1,0
1.200874880,1,0,0
1.200875360,1,1,0
1.200875680,0,0,0
1.200876000,0,1,0
1.200876320,1,0,0
1.200876640,1,1,0
1.200876960,0,0,0
1.200877280,0,1,0
1.200877600,0,0,0
1.200877920,0,1,0
1.200878240,0,0,0
1.200878560,0,1,0
1.200878880,0,0,0
1.200879040,1,0,0
1.200879360,1,1,0
1.200879680,1,0,0
1.200880000,1,1,0
1.200880320,0,0,0
1.200880640,0,1,0
1.200880960,0,0,0
1.200881280,0,1,0
1.200881600,1,0,0
1.200881920,1,1,0
1.200882240,0,0,0
1.200882560,0,1,0
1.200882880,0,0,0
1.200883040,1,0,0
1.200883360,1,1,0
1.200883680,1,0,0
1.200884000,1,1,0
1.200884320,0,0,0
1.200884640,0,1,0
1.200884960,0,0,0
1.200885280,0,1,0
1.200885600,0,0,0
1.200885920,0,1,0
1.200886240,0,0,0
1.200886560,0,1,0
1.200886880,0,0,0
1.200887360,0,1,0
1.200887680,1,0,0
1.200888000,1,1,0
1.200888320,0,0,0
1.200888640,0,1,0
1.200888960,0,0,0
1.200889280,0,1,0
1.200889600,0,0,0
1.200889920,0,1,0
1.200890240,0,0,0
1.200890560,0,1,0
1.200890880,0,0,0
1.200891360,0,1,0
1.200891680,0,0,0
1.200892000,0,1,0
1.200892320,0,0,0
1.200892640,0,1,0
1.200892960,1,0,0
1.200893280,1,1,0
1.200893600,1,0,0
1.200893920,1,1,0
1.200894240,0,0,0
1.200894560,0,1,0
1.200894880,0,0,0
1.200895040,1,0,0
1.200895360,1,1,0
1.200895680,0,0,0
1.200896000,0,1,0
1.200896320,1,0,0
1.200896640,1,1,0
1.200896960,0,0,0
1.200897280,0,1,0
1.200897600,0,0,0
1.200897920,0,1,0
1.200898240,1,0,0
1.200898560,1,1,0
1.200898880,1,0,0
1.200899360,1,1,0
1.200899680,0,0,0
1.200900000,0,1,0
1.200900320,0,0,0
1.200900640,0,1,0
1.200900960,0,0,0
1.200901280,0,1,0
1.200901600,0,0,0
1.200901920,0,1,0
1.200902240,0,0,0
1.200902560,0,1,0
1.200902880,0,0,0
1.200903040,1,0,0
1.200903360,1,1,0
1.200903680,0,0,0
1.200904000,0,1,0
1.200904320,1,0,0
1.200904640,1,1,0
1.200904960,0,0,0
1.200905280,0,1,0
1.200905600,0,0,0
1.200905920,0,1,0
1.200906240,1,0,0
1.200906560,1,1,0
1.200906880,1,0,0
1.200907360,1,1,0
1.200907680,0,0,0
1.200908000,0,1,0
1.200908320,0,0,0
1.200908640,0,1,0
1.200908960,0,0,0
1.200909280,0,1,0
1.200909600,0,0,0
1.200909920,0,1,0
1.200910240,0,0,0
1.200910560,0,1,0
1.200910880,0,0,0
1.200911360,0,1,0
1.200911680,0,0,0
1.200912000,0,1,0
1.200912320,0,0,0
1.200912640,0,1,0
1.200912960,0,0,0
1.200913280,0,1,0
1.200913600,0,0,0
1.200913920,0,1,0
1.200914240,0,0,0
1.200914560,0,1,0
1.200914880,0,0,0
1.200915360,0,1,0
1.200915680,0,0,0
1.200916000,0,1,0
1.200916320,0,0,0
1.200916640,0,1,0
1.200916960,0,0,0
1.200917280,0,1,0
1.200917600,0,0,0
1.200917920,0,1,0
1.200918240,0,0,0
1.200918560,0,1,0
1.200918880,0,0,0
1.200919360,0,1,0
1.200919680,0,0,0
1.200920000,0,1,0
1.200920320,0,0,0
1.200920640,0,1,0
1.200920960,0,0,0
1.200921280,0,1,0
1.200921600,0,0,0
1.200921920,0,1,0
1.200922240,0,0,0
1.200922560,0,1,0
1.200922880,0,0,0
1.200923360,0,1,0
1.200923680,0,0,0
1.200924000,0,1,0
1.200924320,0,0,0
1.200924640,0,1,0
1.200924960,0,0,0
1.200925280,0,1,0
1.200925600,0,0,0
1.200925920,0,1,0
1.200926240,0,0,0
1.200926560,0,1,0
1.200926880,0,0,0
1.200927360,0,1,0
1.200927680,0,0,0
1.200928000,0,1,0
1.200928320,0,0,0
1.200928640,0,1,0
1.200928960,0,0,0
1.200929280,0,1,0
1.200929600,0,0,0
1.200929920,0,1,0
1.200930240,0,0,0
1.200930560,0,1,0
1.200930880,0,0,0
1.200931360,0,1,0
1.200931680,0,0,0
1.200932000,0,1,0
1.200932320,0,0,0
1.200932640,0,1,0
1.200932960,0,0,0
1.200933280,0,1,0
1.200933600,0,0,0
1.200933920,0,1,0
1.200934240,0,0,0
1.200934560,0,1,0
1.200934880,0,0,0
1.200935360,0,1,0
1.200935680,0,0,0
1.200936000,0,1,0
1.200936320,0,0,0
1.200936640,0,1,0
1.200936960,0,0,0
1.200937280,0,1,0
1.200937600,0,0,0
1.200937920,0,1,0
1.200938240,0,0,0
1.200938560,0,1,0
1.200938880,0,0,0
1.200939360,0,1,0
1.200939680,0,0,0
1.200940000,0,1,0
1.200940320,0,0,0
1.200940640,0,1,0
1.200940960,0,0,0
1.200941280,0,1,0
1.200941600,0,0,0
1.200941920,0,1,0
1.200942240,0,0,0
1.200942560,0,1,0
1.200942880,0,0,0
1.200943360,0,1,0
1.200943680,0,0,0
1.200944000,0,1,0
1.200944320,0,0,0
1.200944640,0,1,0
1.200944960,0,0,0
1.200945280,0,1,0
1.200945600,0,0,0
1.200945920,0,1,0
1.200946240,0,0,0
1.200946560,0,1,0
1.200946880,0,0,0
1.200947360,0,1,0
1.200947680,0,0,0
1.200948000,0,1,0
1.200948320,0,0,0
1.200948640,0,1,0
1.200948960,0,0,0
1.200949280,0,1,0
1.200949600,0,0,0
1.200949920,0,1,0
1.200950240,0,0,0
1.200950560,0,1,0
1.200950880,0,0,0
1.200951360,0,1,0
1.200951680,0,0,0
1.200952000,0,1,0
1.200952320,0,0,0
1.200952640,0,1,0
1.200952960,0,0,0
1.200953280,0,1,0
1.200953600,0,0,0
1.200953920,0,1,0
1.200954240,0,0,0
1.200954560,0,1,0
1.200954880,0,0,0
1.200955360,0,1,0
1.200955680,0,0,0
1.200956000,0,1,0
1.200956320,0,0,0
1.200956640,0,1,0
1.200956960,0,0,0
1.200957280,0,1,0
1.200957600,0,0,0
1.200957920,0,1,0
1.200958240,0,0,0
1.200958560,0,1,0
1.200958880,0,0,0
1.200959360,0,1,0
1.200959680,0,0,0
1.200960000,0,1,0
1.200960320,0,0,0
1.200960640,0,1,0
1.200960960,0,0,0
1.200961280,0,1,0
1.200961600,0,0,0
1.200961920,0,1,0
1.200962240,0,0,0
1.200962560,0,1,0
1.200962880,0,0,0
1.200963360,0,1,0
1.200963680,0,0,0
1.200964000,0,1,0
1.200964320,0,0,0
1.200964640,0,1,0
1.200964960,0,0,0
1.200965280,0,1,0
1.200965600,0,0,0
1.200965920,0,1,0
1.200966240,0,0,0
1.200966560,0,1,0
1.200966880,0,0,0
1.200967360,0,1,0
1.200967680,0,0,0
1.200968000,0,1,0
1.200968320,0,0,0
1.200968640,0,1,0
1.200968960,0,0,0
1.200969280,0,1,0
1.200969600,0,0,0
1.200969920,0,1,0
1.200970240,0,0,0
1.200970560,0,1,0
1.200970880,0,0,0
1.200971360,0,1,0
1.200971680,0,0,0
1.200972000,0,1,0
1.200972320,0,0,0
1.200972640,0,1,0
1.200972960,0,0,0
1.200973280,0,1,0
1.200973600,0,0,0
1.200973920,0,1,0
1.200974240,0,0,0
1.200974560,0,1,0
1.200974880,0,0,0
1.200975360,0,1,0
1.200975680,0,0,0
1.200976000,0,1,0
1.200976320,0,0,0
1.200976640,0,1,0
1.200976960,0,0,0
1.200977280,0,1,0
1.200977600,1,0,0
1.200977920,1,1,0
1.200978240,0,0,0
1.200978560,0,1,0
1.200978880,0,0,0
1.200979360,0,1,0
1.200979680,0,0,0
1.200980000,0,1,0
1.200980320,1,0,0
1.200980640,1,1,0
1.200980960,1,0,0
1.200981280,1,1,0
1.200981600,1,0,0
1.200981920,1,1,0
1.200982240,0,0,0
1.200982560,0,1,0
1.200982880,0,0,0
1.200983040,1,0,0
1.200983360,1,1,0
1.200983680,0,0,0
1.200984000,0,1,0
1.200984320,0,0,0
1.200984640,0,1,0
1.200984960,0,0,0
1.200985280,0,1,0
1.200985600,1,0,0
1.200985920,1,1,0
1.200986240,1,0,0
1.200986560,1,1,0
1.200986880,0,0,0
1.200987360,0,1,0
1.200987680,0,0,0
1.200988000,0,1,0
1.200988320,1,0,0
1.200988640,1,1,0
1.200988960,0,0,0
1.200989280,0,1,0
1.200989600,1,0,0
1.200989920,1,1,0
1.200990240,1,0,0
1.200990560,1,1,0
1.200990880,0,0,0
1.200991360,0,1,0
1.200991680,0,0,0
1.200992000,0,1,0
1.200992320,0,0,0
1.200992640,0,1,0
1.200992960,0,0,0
1.200993280,0,1,0
1.200993600,0,0,0
1.200993920,0,1,0
1.200994240,1,0,0
1.200994560,1,1,0
1.200994880,0,0,0
1.200995360,0,1,0
1.200995680,0,0,0
1.200996000,0,1,0
1.200996320,0,0,0
1.200996640,0,1,0
1.200996960,0,0,0
1.200997280,0,1,0
1.200997600,0,0,0
1.200997920,0,1,0
1.200998240,0,0,0
1.200998560,0,1,0
1.200998880,0,0,0
1.200999360,0,1,0
1.200999680,1,0,0
1.201000000,1,1,0
1.201000320,1,0,0
1.201000640,1,1,0
1.201000960,0,0,0
1.201001280,0,1,0
1.201001600,1,0,0
1.201001920,1,1,0
1.201002240,0,0,0
1.201002560,0,1,0
1.201002880,0,0,0
1.201003040,1,0,0
1.201003360,1,1,0
1.201003680,0,0,0
1.201004000,0,1,0
1.201004320,0,0,0
1.201004640,0,1,0
1.201004960,1,0,0
1.201005280,1,1,0
1.201005600,1,0,0
1.201005920,1,1,0
1.201006240,0,0,0
1.201006560,0,1,0
1.201006880,0,0,0
1.201007360,0,1,0
1.201007680,0,0,0
1.201008000,0,1,0
1.201008320,0,0,0
1.201008640,0,1,0
1.201008960,0,0,0
1.201009280,0,1,0
1.201009600,1,0,0
1.201009920,1,1,0
1.201010240,0,0,0
1.201010560,0,1,0
1.201010880,0,0,0
1.201011040,1,0,0
1.201011360,1,1,0
1.201011680,0,0,0
1.201012000,0,1,0
1.201012320,0,0,0
1.201012640,0,1,0
1.201012960,1,0,0
1.201013280,1,1,0
1.201013600,1,0,0
1.201013920,1,1,0
1.201014240,0,0,0
1.201014560,0,1,0
1.201014880,0,0,0
1.201015360,0,1,0
1.201015680,0,0,0
1.201016000,0,1,0
1.201016320,0,0,0
1.201016640,0,1,0
1.201016960,0,0,0
1.201017280,0,1,0
1.201017600,0,0,0
1.201017920,0,1,0
1.201018240,0,0,0
1.201018560,0,1,0
1.201018880,0,0,0
1.201019360,0,1,0
1.201019680,0,0,0
1.201020000,0,1,0
1.201020320,0,0,0
1.201020640,0,1,0
1.201020960,0,0,0
1.201021280,0,1,0
1.201021600,0,0,0
1.201021920,0,1,0
1.201022240,0,0,0
1.201022560,0,1,0
1.201022880,0,0,0
1.201023360,0,1,0
1.201023680,0,0,0
1.201024000,0,1,0
1.201024320,0,0,0
1.201024640,0,1,0
1.201024960,0,0,0
1.201025280,0,1,0
1.201025600,0,0,0
1.201025920,0,1,0
1.201026240,0,0,0
1.201026560,0,1,0
1.201026880,0,0,0
1.201027360,0,1,0
1.201027680,0,0,0
1.201028000,0,1,0
1.201028320,0,0,0
1.201028640,0,1,0
1.201028960,0,0,0
1.201029280,0,1,0
1.201029600,0,0,0
1.201029920,0,1,0
1.201030240,0,0,0
1.201030560,0,1,0
1.201030880,0,0,0
1.201031360,0,1,0
1.201031680,0,0,0
1.201032000,0,1,0
1.201032320,0,0,0
1.201032640,0,1,0
1.201032960,0,0,0
1.201033280,0,1,0
1.201033600,0,0,0
1.201033920,0,1,0
1.201034240,0,0,0
1.201034560,0,1,0
1.201034880,0,0,0
1.201035360,0,1,0
1.201035680,0,0,0
1.201036000,0,1,0
1.201036320,0,0,0
1.201036640,0,1,0
1.201036960,0,0,0
1.201037280,0,1,0
1.201037600,0,0,0
1.201037920,0,1,0
1.201038240,0,0,0
1.201038560,0,1,0
1.201038880,0,0,0
1.201039360,0,1,0
1.201039680,0,0,0
1.201040000,0,1,0
1.201040320,0,0,0
1.201040640,0,1,0
1.201040960,0,0,0
1.201041280,0,1,0
1.201041600,0,0,0
1.201041920,0,1,0
1.201042240,0,0,0
1.201042560,0,1,0
1.201042880,0,0,0
1.201043360,0,1,0
1.201043680,0,0,0
1.201044000,0,1,0
1.201044320,0,0,0
1.201044640,0,1,0
1.201044960,0,0,0
1.201045280,0,1,0
1.201045600,0,0,0
1.201045920,0,1,0
1.201046240,0,0,0
1.201046560,0,1,0
1.201046880,0,0,0
1.201047360,0,1,0
1.201047680,0,0,0
1.201048000,0,1,0
1.201048320,0,0,0
1.201048640,0,1,0
1.201048960,0,0,0
1.201049280,0,1,0
1.201049600,0,0,0
1.201049920,0,1,0
1.201050240,0,0,0
1.201050560,0,1,0
1.201050880,0,0,0
1.201051360,0,1,0
1.201051680,0,0,0
1.201052000,0,1,0
1.201052320,0,0,0
1.201052640,0,1,0
1.201052960,0,0,0
1.201053280,0,1,0
1.201053600,0,0,0
1.201053920,0,1,0
1.201054240,0,0,0
1.201054560,0,1,0
1.201054880,0,0,0
1.201055360,0,1,0
1.201055680,0,0,0
1.201056000,0,1,0
1.201056320,0,0,0
1.201056640,0,1,0
1.201056960,0,0,0
1.201057280,0,1,0
1.201057600,0,0,0
1.201057920,0,1,0
1.201058240,1,0,0
1.201058560,1,1,0
1.201058880,1,0,0
1.201059360,1,1,0
1.201059680,0,0,0
1.201060000,0,1,0
1.201060320,1,0,0
1.201060640,1,1,0
1.201060960,0,0,0
1.201061280,0,1,0
1.201061600,1,0,0
1.201061920,1,1,0
1.201062240,0,0,0
1.201062560,0,1,0
1.201062880,0,0,0
1.201063360,0,1,0
1.201063680,1,0,0
1.201064000,1,1,0
1.201064320,1,0,0
1.201064640,1,1,0
1.201064960,1,0,0
1.201065280,1,1,0
1.201065600,0,0,0
1.201065920,0,1,0
1.201066240,0,0,0
1.201066560,0,1,0
1.201066880,0,0,0
1.201067040,1,0,0
1.201067360,1,1,0
1.201067680,0,0,0
1.201068000,0,1,0
1.201068320,0,0,0
1.201068640,0,1,0
1.201068960,1,0,0
1.201069280,1,1,0
1.201069600,1,0,0
1.201069920,1,1,0
1.201070240,0,0,0
1.201070560,0,1,0
1.201070880,0,0,0
1.201071360,0,1,0
1.201071680,1,0,0
1.201072000,1,1,0
1.201072320,1,0,0
1.201072640,1,1,0
1.201072960,0,0,0
1.201073280,0,1,0
1.201073600,0,0,0
1.201073920,0,1,0
1.201074240,1,0,0
1.201074560,1,1,0
1.201074880,1,0,0
1.201075360,1,1,0
1.201075680,0,0,0
1.201076000,0,1,0
1.201076320,1,0,0
1.201076640,1,1,0
1.201076960,0,0,0
1.201077280,0,1,0
1.201077600,1,0,0
1.201077920,1,1,0
1.201078240,0,0,0
1.201078560,0,1,0
1.201078880,0,0,0
1.201079360,0,1,0
1.201079680,1,0,0
1.201080000,1,1,0
1.201080320,1,0,0
1.201080640,1,1,0
1.201080960,0,0,0
1.201081280,0,1,0
1.201081600,0,0,0
1.201081920,0,1,0
1.201082240,1,0,0
1.201082560,1,1,0
1.201082880,1,0,0
1.201083360,1,1,0
1.201083680,0,0,0
1.201084000,0,1,0
1.201084320,0,0,0
1.201084640,0,1,0
1.201084960,1,0,0
1.201085280,1,1,0
1.201085600,1,0,0
1.201085920,1,1,0
1.201086240,0,0,0
1.201086560,0,1,0
1.201086880,0,0,0
1.201087360,0,1,0
1.201087680,1,0,0
1.201088000,1,1,0
1.201088320,1,0,0
1.201088640,1,1,0
1.201088960,0,0,0
1.201089280,0,1,0
1.201089600,0,0,0
1.201089920,0,1,0
1.201090240,1,0,0
1.201090560,1,1,0
1.201090880,1,0,0
1.201091360,1,1,0
1.201091680,0,0,0
1.201092000,0,1,0
1.201092320,0,0,0
1.201092640,0,1,0
1.201092960,1,0,0
1.201093280,1,1,0
1.201093600,1,0,0
1.201093920,1,1,0
1.201094240,0,0,0
1.201094560,0,1,0
1.201094880,0,0,0
1.201095360,0,1,0
1.201095680,1,0,0
1.201096000,1,1,0
1.201096320,1,0,0
1.201096640,1,1,0
1.201096960,0,0,0
1.201097280,0,1,0
1.201097600,0,0,0
1.201097920,0,1,0
1.201098240,0,0,0
1.201098560,0,1,0
1.201098880,0,0,0
1.201099040,1,0,0
1.201099360,1,1,0
1.201099680,0,0,0
1.201100000,0,1,0
1.201100320,0,0,0
1.201100640,0,1,0
1.201100960,1,0,0
1.201101280,1,1,0
1.201101600,1,0,0
1.201101920,1,1,0
1.201102240,0,0,0
1.201102560,0,1,0
1.201102880,0,0,0
1.201103360,0,1,0
1.201103680,1,0,0
1.201104000,1,1,0
1.201104320,1,0,0
1.201104640,1,1,0
1.201104960,0,0,0
1.201105280,0,1,0
1.201105600,0,0,0
1.201105920,0,1,0
1.201106240,1,0,0
1.201106560,1,1,0
1.201106880,1,0,0
1.201107360,1,1,0
1.201107680,0,0,0
1.201108000,0,1,0
1.201108320,1,0,0
1.201108640,1,1,0
1.201108960,1,0,0
1.201109280,1,1,0
1.201109600,0,0,0
1.201109920,0,1,0
1.201110240,0,0,0
1.201110560,0,1,0
1.201110880,0,0,0
1.201111360,0,1,0
1.201111680,1,0,0
1.201112000,1,1,0
1.201112320,1,0,0
1.201112640,1,1,0
1.201112960,0,0,0
1.201113280,0,1,0
1.201113600,0,0,0
1.201113920,0,1,0
1.201114240,1,0,0
1.201114560,1,1,0
1.201114880,1,0,0
1.201115360,1,1,0
1.201115680,0,0,0
1.201116000,0,1,0
1.201116320,0,0,0
1.201116640,0,1,0
1.201116960,1,0,0
1.201117280,1,1,0
1.201117600,1,0,0
1.201117920,1,1,0
1.201118240,0,0,0
1.201118560,0,1,0
1.201118880,0,0,0
1.201119360,0,1,0
1.201119680,0,0,0
1.201120000,0,1,0
1.201120320,1,0,0
1.201120640,1,1,0
1.201120960,0,0,0
1.201121280,0,1,0
1.201121600,0,0,0
1.201121920,0,1,0
1.201122240,1,0,0
1.201122560,1,1,0
1.201122880,1,0,0
1.201123360,1,1,0
1.201123680,0,0,0
1.201124000,0,1,0
1.201124320,0,0,0
1.201124640,0,1,0
1.201124960,0,0,0
1.201125280,0,1,0
1.201125600,1,0,0
1.201125920,1,1,0
1.201126240,0,0,0
1.201126560,0,1,0
1.201126880,0,0,0
1.201127360,0,1,0
1.201127680,1,0,0
1.201128000,1,1,0
1.201128320,1,0,0
1.201128640,1,1,0
1.201128960,0,0,0
1.201129280,0,1,0
1.201129600,1,0,0
1.201129920,1,1,0
1.201130240,1,0,0
1.201130560,1,1,0
1.201130880,1,0,0
1.201131360,1,1,0
1.201131680,0,0,0
1.201132000,0,1,0
1.201132320,0,0,0
1.201132640,0,1,0
1.201132960,1,0,0
1.201133280,1,1,0
1.201133600,1,0,0
1.201133920,1,1,0
1.201134240,0,0,0
1.201134560,0,1,0
1.201134880,0,0,0
1.201135360,0,1,0
1.201135680,0,0,0
1.201136000,0,1,0
1.201136320,0,0,0
1.201136640,0,1,0
1.201136960,0,0,0
1.201137280,0,1,0
1.201137600,0,0,0
1.201137920,0,1,0
1.201138240,1,0,0
1.201138560,1,1,0
1.201138880,1,0,0
1.201139360,1,1,0
1.201139680,0,0,0
1.201140000,0,1,0
1.201140320,0,0,0
1.201140640,0,1,0
1.201140960,1,0,0
1.201141280,1,1,0
1.201141600,0,0,0
1.201141920,0,1,0
1.201142240,0,0,0
1.201142560,0,1,0
1.201142880,0,0,0
1.201143360,0,1,0
1.201143680,1,0,0
1.201144000,1,1,0
1.201144320,1,0,0
1.201144640,1,1,0
1.201144960,0,0,0
1.201145280,0,1,0
1.201145600,0,0,0
1.201145920,0,1,0
1.201146240,0,0,0
1.201146560,0,1,0
1.201146880,0,0,0
1.201147040,1,0,0
1.201147360,1,1,0
1.201147680,0,0,0
1.201148000,0,1,0
1.201148320,0,0,0
1.201148640,0,1,0
1.201148960,1,0,0
1.201149280,1,1,0
1.201149600,1,0,0
1.201149920,1,1,0
1.201150240,0,0,0
1.201150560,0,1,0
1.201150880,0,0,0
1.201151040,1,0,0
1.201151360,1,1,0
1.201151680,1,0,0
1.201152000,1,1,0
1.201152320,0,0,0
1.201152640,0,1,0
1.201152960,0,0,0
1.201153280,0,1,0
1.201153600,0,0,0
1.201153920,0,1,0
1.201154240,1,0,0
1.201154560,1,1,0
1.201154880,1,0,0
1.201155360,1,1,0
1.201155680,0,0,0
1.201156000,0,1,0
1.201156320,1,0,0
1.201156640,1,1,0
1.201156960,1,0,0
1.201157280,1,1,0
1.201157600,1,0,0
1.201157920,1,1,0
1.201158240,0,0,0
1.201158560,0,1,0
1.201158880,0,0,0
1.201159360,0,1,0
1.201159680,1,0,0
1.201160000,1,1,0
1.201160320,1,0,0
1.201160640,1,1,0
1.201160960,0,0,0
1.201161280,0,1,0
1.201161600,0,0,0
1.201161920,0,1,0
1.201162240,0,0,0
1.201162560,0,1,0
1.201162880,0,0,0
1.201163360,0,1,0
1.201163680,0,0,0
1.201164000,0,1,0
1.201164320,0,0,0
1.201164640,0,1,0
1.201164960,1,0,0
1.201165280,1,1,0
1.201165600,1,0,0
1.201165920,1,1,0
1.201166240,0,0,0
1.201166560,0,1,0
1.201166880,0,0,0
1.201167360,0,1,0
1.201167680,1,0,0
1.201168000,1,1,0
1.201168320,0,0,0
1.201168640,0,1,0
1.201168960,0,0,0
1.201169280,0,1,0
1.201169600,0,0,0
1.201169920,0,1,0
1.201170240,1,0,0
1.201170560,1,1,0
1.201170880,1,0,0
1.201171360,1,1,0
1.201171680,0,0,0
1.201172000,0,1,0
1.201172320,0,0,0
1.201172640,0,1,0
1.201172960,0,0,0
1.201173280,0,1,0
1.201173600,0,0,0
1.201173920,0,1,0
1.201174240,0,0,0
1.201174560,0,1,0
1.201174880,0,0,0
1.201175360,0,1,0
1.201175680,1,0,0
1.201176000,1,1,0
1.201176320,1,0,0
1.201176640,1,1,0
1.201176960,0,0,0
1.201177280,0,1,0
1.201177600,0,0,0
1.201177920,0,1,0
1.201178240,0,0,0
1.201178560,0,1,0
1.201178880,0,0,0
1.201179040,1,0,0
1.201179360,1,1,0
1.201179680,0,0,0
1.201180000,0,1,0
1.201180320,0,0,0
1.201180640,0,1,0
1.201180960,1,0,0
1.201181280,1,1,0
1.201181600,1,0,0
1.201181920,1,1,0
1.201182240,0,0,0
1.201182560,0,1,0
1.201182880,0,0,0
1.201183360,0,1,0
1.201183680,0,0,0
1.201184000,0,1,0
1.201184320,0,0,0
1.201184640,0,1,0
1.201184960,0,0,0
1.201185280,0,1,0
1.201185600,0,0,0
1.201185920,0,1,0
1.201186240,1,0,0
1.201186560,1,1,0
1.201186880,1,0,0
1.201187360,1,1,0
1.201187680,0,0,0
1.201188000,0,1,0
1.201188320,0,0,0
1.201188640,0,1,0
1.201188960,0,0,0
1.201189280,0,1,0
1.201189600,1,0,0
1.201189920,1,1,0
1.201190240,0,0,0
1.201190560,0,1,0
1.201190880,0,0,0
1.201191360,0,1,0
1.201191680,1,0,0
1.201192000,1,1,0
1.201192320,1,0,0
1.201192640,1,1,0
1.201192960,0,0,0
1.201193280,0,1,0
1.201193600,0,0,0
1.201193920,0,1,0
1.201194240,0,0,0
1.201194560,0,1,0
1.201194880,0,0,0
1.201195040,1,0,0
1.201195360,1,1,0
1.201195680,0,0,0
1.201196000,0,1,0
1.201196320,0,0,0
1.201196640,0,1,0
1.201196960,1,0,0
1.201197280,1,1,0
1.201197600,1,0,0
1.201197920,1,1,0
1.201198240,0,0,0
1.201198560,0,1,0
1.201198880,0,0,0
1.201199360,0,1,0
1.201199680,0,0,0
1.201200000,0,1,0
1.201200320,0,0,0
1.201200640,0,1,0
1.201200960,0,0,0
1.201201280,0,1,0
1.201201600,0,0,0
1.201201920,0,1,0
1.201202240,1,0,0
1.201202560,1,1,0
1.201202880,1,0,0
1.201203360,1,1,0
1.201203680,0,0,0
1.201204000,0,1,0
1.201204320,1,0,0
1.201204640,1,1,0
1.201204960,1,0,0
1.201205280,1,1,0
1.201205600,0,0,0
1.201205920,0,1,0
1.201206240,0,0,0
1.201206560,0,1,0
1.201206880,0,0,0
1.201207360,0,1,0
1.201207680,1,0,0
1.201208000,1,1,0
1.201208320,1,0,0
1.201208640,1,1,0
1.201208960,1,0,0
1.201209280,1,1,0
1.201209600,0,0,0
1.201209920,0,1,0
1.201210240,0,0,0
1.201210560,0,1,0
1.201210880,0,0,0
1.201211040,1,0,0
1.201211360,1,1,0
1.201211680,0,0,0
1.201212000,0,1,0
1.201212320,1,0,0
1.201212640,1,1,0
1.201212960,0,0,0
1.201213280,0,1,0
1.201213600,0,0,0
1.201213920,0,1,0
1.201214240,0,0,0
1.201214560,0,1,0
1.201214880,0,0,0
1.201215360,0,1,0
1.201215680,0,0,0
1.201216000,0,1,0
1.201216320,1,0,0
1.201216640,1,1,0
1.201216960,0,0,0
1.201217280,0,1,0
1.201217600,0,0,0
1.201217920,0,1,0
1.201218240,0,0,0
1.201218560,0,1,0
1.201218880,0,0,0
1.201219360,0,1,0
1.201219680,0,0,0
1.201220000,0,1,0
1.201220320,1,0,0
1.201220640,1,1,0
1.201220960,0,0,0
1.201221280,0,1,0
1.201221600,0,0,0
1.201221920,0,1,0
1.201222240,0,0,0
1.201222560,0,1,0
1.201222880,0,0,0
1.201223360,0,1,0
1.201223680,1,0,0
1.201224000,1,1,0
1.201224320,0,0,0
1.201224640,0,1,0
1.201224960,0,0,0
1.201225280,0,1,0
1.201225600,0,0,0
1.201225920,0,1,0
1.201226240,0,0,0
1.201226560,0,1,0
1.201226880,0,0,0
1.201227360,0,1,0
1.201227680,0,0,0
1.201228000,0,1,0
1.201228320,0,0,0
1.201228640,0,1,0
1.201228960,0,0,0
1.201229280,0,1,0
1.201229600,0,0,0
1.201229920,0,1,0
1.201230240,0,0,0
1.201230560,0,1,0
1.201230880,0,0,0
1.201231360,0,1,0
1.201231680,1,0,0
1.201232000,1,1,0
1.201232320,0,0,0
1.201232640,0,1,0
1.201232960,0,0,0
1.201233280,0,1,0
1.201233600,0,0,0
1.201233920,0,1,0
1.201234240,0,0,0
1.201234560,0,1,0
1.201234880,0,0,0
1.201235040,1,0,0
1.201235360,1,1,0
1.201235680,0,0,0
1.201236000,0,1,0
1.201236320,1,0,0
1.201236640,1,1,0
1.201236960,1,0,0
1.201237280,1,1,0
1.201237600,0,0,0
1.201237920,0,1,0
1.201238240,0,0,0
1.201238560,0,1,0
1.201238880,0,0,0
1.201239360,0,1,0
1.201239680,0,0,0
1.201240000,0,1,0
1.201240320,0,0,0
1.201240640,0,1,0
1.201240960,0,0,0
1.201241280,0,1,0
1.201241600,0,0,0
1.201241920,0,1,0
1.201242240,0,0,0
1.201242560,0,1,0
1.201242880,0,0,0
1.201243040,1,0,0
1.201243360,1,1,0
1.201243680,0,0,0
1.201244000,0,1,0
1.201244320,0,0,0
1.201244640,0,1,0
1.201244960,0,0,0
1.201245280,0,1,0
1.201245600,0,0,0
1.201245920,0,1,0
1.201246240,0,0,0
1.201246560,0,1,0
1.201246880,0,0,0
1.201247360,0,1,0
1.201247680,0,0,0
1.201248000,0,1,0
1.201248320,0,0,0
1.201248640,0,1,0
1.201248960,0,0,0
1.201249280,0,1,0
1.201249600,0,0,0
1.201249920,0,1,0
1.201250240,0,0,0
1.201250560,0,1,0
1.201250880,0,0,0
1.201251360,0,1,0
1.201251680,0,0,0
1.201252000,0,1,0
1.201252320,0,0,0
1.201252640,0,1,0
1.201252960,0,0,0
1.201253280,0,1,0
1.201253600,1,0,0
1.201253920,1,1,0
1.201254240,0,0,0
1.201254560,0,1,0
1.201254880,0,0,0
1.201255360,0,1,0
1.201255680,0,0,0
1.201256000,0,1,0
1.201256320,0,0,0
1.201256640,0,1,0
1.201256960,0,0,0
1.201257280,0,1,0
1.201257600,0,0,0
1.201257920,0,1,0
1.201258240,0,0,0
1.201258560,0,1,0
1.201258880,0,0,0
1.201259360,0,1,0
1.201259680,0,0,0
1.201260000,0,1,0
1.201260320,0,0,0
1.201260640,0,1,0
1.201260960,0,0,0
1.201261280,0,1,0
1.201261600,0,0,0
1.201261920,0,1,0
1.201262240,0,0,0
1.201262560,0,1,0
1.201262880,0,0,0
1.201263360,0,1,0
1.201263680,0,0,0
1.201264000,0,1,0
1.201264320,1,0,0
1.201264640,1,1,0
1.201264960,0,0,0
1.201265280,0,1,0
1.201265600,0,0,0
1.201265920,0,1,0
1.201266240,0,0,0
1.201266560,0,1,0
1.201266880,0,0,0
1.201267360,0,1,0
1.201267680,0,0,0
1.201268000,0,1,0
1.201268320,0,0,0
1.201268640,0,1,0
1.201268960,0,0,0
1.201269280,0,1,0
1.201269600,0,0,0
1.201269920,0,1,0
1.201270240,0,0,0
1.201270560,0,1,0
1.201270880,0,0,0
1.201271360,0,1,0
1.201271680,0,0,0
1.201272000,0,1,0
1.201272320,0,0,0
1.201272640,0,1,0
1.201272960,0,0,0
1.201273280,0,1,0
1.201273600,0,0,0
1.201273920,0,1,0
1.201274240,0,0,0
1.201274560,0,1,0
1.201274880,0,0,0
1.201275360,0,1,0
1.201275680,0,0,0
1.201276000,0,1,0
1.201276320,0,0,0
1.201276640,0,1,0
1.201276960,0,0,0
1.201277280,0,1,0
1.201277600,0,0,0
1.201277920,0,1,0
1.201278240,0,0,0
1.201278560,0,1,0
1.201278880,0,0,0
1.201279360,0,1,0
1.201279680,0,0,0
1.201280000,0,1,0
1.201280320,0,0,0
1.201280640,0,1,0
1.201280960,0,0,0
1.201281280,0,1,0
1.201281600,0,0,0
1.201281920,0,1,0
1.201282240,0,0,0
1.201282560,0,1,0
1.201282880,0,0,0
1.201283360,0,1,0
1.201283680,0,0,0
1.201284000,0,1,0
1.201284320,0,0,0
1.201284640,0,1,0
1.201284960,0,0,0
1.201285280,0,1,0
1.201285600,0,0,0
1.201285920,0,1,0
1.201286240,0,0,0
1.201286560,0,1,0
1.201286880,0,0,0
1.201287360,0,1,0
1.201287680,0,0,0
1.201288000,0,1,0
1.201288320,0,0,0
1.201288640,0,1,0
1.201288960,0,0,0
1.201289280,0,1,0
1.201289600,0,0,0
1.201289920,0,1,0
1.201290240,0,0,0
1.201290560,0,1,0
1.201290880,0,0,0
1.201291360,0,1,0
1.201291680,0,0,0
1.201292000,0,1,0
1.201292320,0,0,0
1.201292640,0,1,0
1.201292960,0,0,0
1.201293280,0,1,0
1.201293600,0,0,0
1.201293920,0,1,0
1.201294240,0,0,0
1.201294560,0,1,0
1.201294880,0,0,0
1.201295360,0,1,0
1.201295680,0,0,0
1.201296000,0,1,0
1.201296320,0,0,0
1.201296640,0,1,0
1.201296960,0,0,0
1.201297280,0,1,0
1.201297600,0,0,0
1.201297920,0,1,0
1.201298240,0,0,0
1.201298560,0,1,0
1.201298880,0,0,0
1.201299360,0,1,0
1.201299680,0,0,0
1.201300000,0,1,0
1.201300320,0,0,0
1.201300640,0,1,0
1.201300960,0,0,0
1.201301280,0,1,0
1.201301600,0,0,0
1.201301920,0,1,0
1.201302240,0,0,0
1.201302560,0,1,0
1.201302880,0,0,0
1.201303360,0,1,0
1.201303680,0,0,0
1.201304000,0,1,0
1.201304320,0,0,0
1.201304640,0,1,0
1.201304960,0,0,0
1.201305280,0,1,0
1.201305600,0,0,0
1.201305920,0,1,0
1.201306240,0,0,0
1.201306560,0,1,0
1.201306880,0,0,0
1.201307360,0,1,0
1.201307680,0,0,0
1.201308000,0,1,0
1.201308320,0,0,0
1.201308640,0,1,0
1.201308960,0,0,0
1.201309280,0,1,0
1.201309600,0,0,0
1.201309920,0,1,0
1.201310240,0,0,0
1.201310560,0,1,0
1.201310880,0,0,0
1.201311360,0,1,0
1.201311680,0,0,0
1.201312000,0,1,0
1.201312320,0,0,0
1.201312640,0,1,0
1.201312960,0,0,0
1.201313280,0,1,0
1.201313600,0,0,0
1.201313920,0,1,0
1.201314240,0,0,0
1.201314560,0,1,0
1.201314880,0,0,0
1.201315360,0,1,0
1.201315680,0,0,0
1.201316000,0,1,0
1.201316320,0,0,0
1.201316640,0,1,0
1.201316960,0,0,0
1.201317280,0,1,0
1.201317600,0,0,0
1.201317920,0,1,0
1.201318240,0,0,0
1.201318560,0,1,0
1.201318880,0,0,0
1.201319360,0,1,0
1.201319680,0,0,0
1.201320000,0,1,0
1.201320320,0,0,0
1.201320640,0,1,0
1.201320960,0,0,0
1.201321280,0,1,0
1.201321600,0,0,0
1.201321920,0,1,0
1.201322240,0,0,0
1.201322560,0,1,0
1.201322880,0,0,0
1.201323360,0,1,0
1.201323680,0,0,0
1.201324000,0,1,0
1.201324320,0,0,0
1.201324640,0,1,0
1.201324960,0,0,0
1.201325280,0,1,0
1.201325600,0,0,0
1.201325920,0,1,0
1.201326240,0,0,0
1.201326560,0,1,0
1.201326880,0,0,0
1.201327360,0,1,0
1.201327680,0,0,0
1.201328000,0,1,0
1.201328320,0,0,0
1.201328640,0,1,0
1.201328960,0,0,0
1.201329280,0,1,0
1.201329600,0,0,0
1.201329920,0,1,0
1.201330240,0,0,0
1.201330560,0,1,0
1.201330880,0,0,0
1.201331360,0,1,0
1.201331680,0,0,0
1.201332000,0,1,0
1.201332320,0,0,0
1.201332640,0,1,0
1.201332960,0,0,0
1.201333280,0,1,0
1.201333600,0,0,0
1.201333920,0,1,0
1.201334240,0,0,0
1.201334560,0,1,0
1.201334880,0,0,0
1.201335360,0,1,0
1.201335680,0,0,0
1.201336000,0,1,0
1.201336320,0,0,0
1.201336640,0,1,0
1.201336960,0,0,0
1.201337280,0,1,0
1.201337600,0,0,0
1.201337920,0,1,0
1.201338240,0,0,0
1.201338560,0,1,0
1.201338880,0,0,0
1.201339360,0,1,0
1.201339680,0,0,0
1.201340000,0,1,0
1.201340320,0,0,0
1.201340640,0,1,0
1.201340960,0,0,0
1.201341280,0,1,0
1.201341600,0,0,0
1.201341920,0,1,0
1.201342240,0,0,0
1.201342560,0,1,0
1.201342880,0,0,0
1.201343360,0,1,0
1.201343680,0,0,0
1.201344000,0,1,0
1.201344320,0,0,0
1.201344640,0,1,0
1.201344960,0,0,0
1.201345280,0,1,0
1.201345600,0,0,0
1.201345920,0,1,0
1.201346240,0,0,0
1.201346560,0,1,0
1.201346880,0,0,0
1.201347360,0,1,0
1.201347680,0,0,0
1.201348000,0,1,0
1.201348320,0,0,0
1.201348640,0,1,0
1.201348960,0,0,0
1.201349280,0,1,0
1.201349600,0,0,0
1.201349920,0,1,0
1.201350240,0,0,0
1.201350560,0,1,0
1.201350880,0,0,0
1.201351360,0,1,0
1.201351680,0,0,0
1.201352000,0,1,0
1.201352320,0,0,0
1.201352640,0,1,0
1.201352960,0,0,0
1.201353280,0,1,0
1.201353600,0,0,0
1.201353920,0,1,0
1.201354240,0,0,0
1.201354560,0,1,0
1.201354880,0,0,0
1.201355360,0,1,0
1.201355680,0,0,0
1.201356000,0,1,0
1.201356320,0,0,0
1.201356640,0,1,0
1.201356960,0,0,0
1.201357280,0,1,0
1.201357600,0,0,0
1.201357920,0,1,0
1.201358240,0,0,0
1.201358560,0,1,0
1.201358880,0,0,0
1.201359360,0,1,0
1.201359680,0,0,0
1.201360000,0,1,0
1.201360320,0,0,0
1.201360640,0,1,0
1.201360960,0,0,0
1.201361280,0,1,0
1.201361600,0,0,0
1.201361920,0,1,0
1.201362240,0,0,0
1.201362560,0,1,0
1.201362880,0,0,0
1.201363360,0,1,0
1.201363680,0,0,0
1.201364000,0,1,0
1.201364320,0,0,0
1.201364640,0,1,0
1.201364960,0,0,0
1.201365280,0,1,0
1.201365600,0,0,0
1.201365920,0,1,0
1.201366240,0,0,0
1.201366560,0,1,0
1.201366880,0,0,0
1.201367360,0,1,0
1.201367680,0,0,0
1.201368000,0,1,0
1.201368320,0,0,0
1.201368640,0,1,0
1.201368960,0,0,0
1.201369280,0,1,0
1.201369600,0,0,0
1.201369920,0,1,0
1.201370240,0,0,0
1.201370560,0,1,0
1.201370880,0,0,0
1.201371360,0,1,0
1.201371680,0,0,0
1.201372000,0,1,0
1.201372320,0,0,0
1.201372640,0,1,0
1.201372960,0,0,0
1.201373280,0,1,0
1.201373600,0,0,0
1.201373920,0,1,0
1.201374240,0,0,0
1.201374560,0,1,0
1.201374880,0,0,0
1.201375360,0,1,0
1.201375680,0,0,0
1.201376000,0,1,0
1.201376320,0,0,0
1.201376640,0,1,0
1.201376960,0,0,0
1.201377280,0,1,0
1.201377600,0,0,0
1.201377920,0,1,0
1.201378240,0,0,0
1.201378560,0,1,0
1.201378880,0,0,0
1.201379360,0,1,0
1.201379680,0,0,0
1.201380000,0,1,0
1.201380320,0,0,0
1.201380640,0,1,0
1.201380960,0,0,0
1.201381280,0,1,0
1.201381600,0,0,0
1.201381920,0,1,0
1.201382240,0,0,0
1.201382560,0,1,0
1.201382880,0,0,0
1.201383360,0,1,0
1.201383680,0,0,0
1.201384000,0,1,0
1.201384320,0,0,0
1.201384640,0,1,0
1.201384960,0,0,0
1.201385280,0,1,0
1.201385600,0,0,0
1.201385920,0,1,0
1.201386240,0,0,0
1.201386560,0,1,0
1.201386880,0,0,0
1.201387360,0,1,0
1.201387680,0,0,0
1.201388000,0,1,0
1.201388320,0,0,0
1.201388640,0,1,0
1.201388960,0,0,0
1.201389280,0,1,0
1.201389600,0,0,0
1.201389920,0,1,0
1.201390240,0,0,0
1.201390560,0,1,0
1.201390880,0,0,0
1.201391360,0,1,0
1.201391680,0,0,0
1.201392000,0,1,0
1.201392320,0,0,0
1.201392640,0,1,0
1.201392960,0,0,0
1.201393280,0,1,0
1.201393600,0,0,0
1.201393920,0,1,0
1.201394240,0,0,0
1.201394560,0,1,0
1.201394880,0,0,0
1.201395360,0,1,0
1.201395680,0,0,0
1.201396000,0,1,0
1.201396320,0,0,0
1.201396640,0,1,0
1.201396960,0,0,0
1.201397280,0,1,0
1.201397600,0,0,0
1.201397920,0,1,0
1.201398240,0,0,0
1.201398560,0,1,0
1.201398880,0,0,0
1.201399360,0,1,0
1.201399680,0,0,0
1.201400000,0,1,0
1.201400320,0,0,0
1.201400640,0,1,0
1.201400960,0,0,0
1.201401280,0,1,0
1.201401600,0,0,0
1.201401920,0,1,0
1.201402240,0,0,0
1.201402560,0,1,0
1.201402880,0,0,0
1.201403360,0,1,0
1.201403680,0,0,0
1.201404000,0,1,0
1.201404320,0,0,0
1.201404640,0,1,0
1.201404960,0,0,0
1.201405280,0,1,0
1.201405600,0,0,0
1.201405920,0,1,0
1.201406240,0,0,0
1.201406560,0,1,0
1.201406880,0,0,0
1.201407360,0,1,0
1.201407680,0,0,0
1.201408000,0,1,0
1.201408320,0,0,0
1.201408640,0,1,0
1.201408960,0,0,0
1.201409280,0,1,0
1.201409600,0,0,0
1.201409920,0,1,0
1.201410240,0,0,0
1.201410560,0,1,0
1.201410880,0,0,0
1.201411360,0,1,0
1.201411680,0,0,0
1.201412000,0,1,0
1.201412320,0,0,0
1.201412640,0,1,0
1.201412960,0,0,0
1.201413280,0,1,0
1.201413600,0,0,0
1.201413920,0,1,0
1.201414240,0,0,0
1.201414560,0,1,0
1.201414880,0,0,0
1.201415360,0,1,0
1.201415680,0,0,0
1.201416000,0,1,0
1.201416320,0,0,0
1.201416640,0,1,0
1.201416960,0,0,0
1.201417280,0,1,0
1.201417600,0,0,0
1.201417920,0,1,0
1.201418240,0,0,0
1.201418560,0,1,0
1.201418880,0,0,0
1.201419360,0,1,0
1.201419680,0,0,0
1.201420000,0,1,0
1.201420320,0,0,0
1.201420640,0,1,0
1.201420960,0,0,0
1.201421280,0,1,0
1.201421600,0,0,0
1.201421920,0,1,0
1.201422240,0,0,0
1.201422560,0,1,0
1.201422880,0,0,0
1.201423360,0,1,0
1.201423680,0,0,0
1.201424000,0,1,0
1.201424320,0,0,0
1.201424640,0,1,0
1.201424960,0,0,0
1.201425280,0,1,0
1.201425600,0,0,0
1.201425920,0,1,0
1.201426240,0,0,0
1.201426560,0,1,0
1.201426880,0,0,0
1.201427360,0,1,0
1.201427680,0,0,0
1.201428000,0,1,0
1.201428320,0,0,0
1.201428640,0,1,0
1.201428960,0,0,0
1.201429280,0,1,0
1.201429600,0,0,0
1.201429920,0,1,0
1.201430240,0,0,0
1.201430560,0,1,0
1.201430880,0,0,0
1.201431360,0,1,0
1.201431680,0,0,0
1.201432000,0,1,0
1.201432320,0,0,0
1.201432640,0,1,0
1.201432960,0,0,0
1.201433280,0,1,0
1.201433600,0,0,0
1.201433920,0,1,0
1.201434240,0,0,0
1.201434560,0,1,0
1.201434880,0,0,0
1.201435360,0,1,0
1.201435680,0,0,0
1.201436000,0,1,0
1.201436320,0,0,0
1.201436640,0,1,0
1.201436960,0,0,0
1.201437280,0,1,0
1.201437600,0,0,0
1.201437920,0,1,0
1.201438240,0,0,0
1.201438560,0,1,0
1.201438880,0,0,0
1.201439360,0,1,0
1.201439680,0,0,0
1.201440000,0,1,0
1.201440320,0,0,0
1.201440640,0,1,0
1.201440960,0,0,0
1.201441280,0,1,0
1.201441600,0,0,0
1.201441920,0,1,0
1.201442240,0,0,0
1.201442560,0,1,0
1.201442880,0,0,0
1.201443360,0,1,0
1.201443680,0,0,0
1.201444000,0,1,0
1.201444320,0,0,0
1.201444640,0,1,0
1.201444960,0,0,0
1.201445280,0,1,0
1.201445600,0,0,0
1.201445920,0,1,0
1.201446240,0,0,0
1.201446560,0,1,0
1.201446880,0,0,0
1.201447360,0,1,0
1.201447680,0,0,0
1.201448000,0,1,0
1.201448320,0,0,0
1.201448640,0,1,0
1.201448960,0,0,0
1.201449280,0,1,0
1.201449600,0,0,0
1.201449920,0,1,0
1.201450240,0,0,0
1.201450560,0,1,0
1.201450880,0,0,0
1.201451360,0,1,0
1.201451680,0,0,0
1.201452000,0,1,0
1.201452320,0,0,0
1.201452640,0,1,0
1.201452960,0,0,0
1.201453280,0,1,0
1.201453600,0,0,0
1.201453920,0,1,0
1.201454240,0,0,0
1.201454560,0,1,0
1.201454880,0,0,0
1.201455360,0,1,0
1.201455680,0,0,0
1.201456000,0,1,0
1.201456320,0,0,0
1.201456640,0,1,0
1.201456960,0,0,0
1.201457280,0,1,0
1.201457600,0,0,0
1.201457920,0,1,0
1.201458240,0,0,0
1.201458560,0,1,0
1.201458880,0,0,0
1.201459360,0,1,0
1.201459680,0,0,0
1.201460000,0,1,0
1.201460320,0,0,0
1.201460640,0,1,0
1.201460960,0,0,0
1.201461280,0,1,0
1.201461600,0,0,0
1.201461920,0,1,0
1.201462240,0,0,0
1.201462560,0,1,0
1.201462880,0,0,0
1.201463360,0,1,0
1.201463680,0,0,0
1.201464000,0,1,0
1.201464320,0,0,0
1.201464640,0,1,0
1.201464960,0,0,0
1.201465280,0,1,0
1.201465600,0,0,0
1.201465920,0,1,0
1.201466240,0,0,0
1.201466560,0,1,0
1.201466880,0,0,0
1.201467360,0,1,0
1.201467680,0,0,0
1.201468000,0,1,0
1.201468320,0,0,0
1.201468640,0,1,0
1.201468960,0,0,0
1.201469280,0,1,0
1.201469600,0,0,0
1.201469920,0,1,0
1.201470240,0,0,0
1.201470560,0,1,0
1.201470880,0,0,0
1.201471360,0,1,0
1.201471680,0,0,0
1.201472000,0,1,0
1.201472320,0,0,0
1.201472640,0,1,0
1.201472960,0,0,0
1.201473280,0,1,0
1.201473600,0,0,0
1.201473920,0,1,0
1.201474240,0,0,0
1.201474560,0,1,0
1.201474880,0,0,0
1.201475360,0,1,0
1.201475680,0,0,0
1.201476000,0,1,0
1.201476320,0,0,0
1.201476640,0,1,0
1.201476960,0,0,0
1.201477280,0,1,0
1.201477600,0,0,0
1.201477920,0,1,0
1.201478240,0,0,0
1.201478560,0,1,0
1.201478880,0,0,0
1.201479360,0,1,0
1.201479680,0,0,0
1.201480000,0,1,0
1.201480320,0,0,0
1.201480640,0,1,0
1.201480960,0,0,0
1.201481280,0,1,0
1.201481600,0,0,0
1.201481920,0,1,0
1.201482240,0,0,0
1.201482560,0,1,0
1.201482880,0,0,0
1.201483360,0,1,0
1.201483680,0,0,0
1.201484000,0,1,0
1.201484320,0,0,0
1.201484640,0,1,0
1.201484960,0,0,0
1.201485280,0,1,0
1.201485600,0,0,0
1.201485920,0,1,0
1.201486240,0,0,0
1.201486560,0,1,0
1.201486880,0,0,0
1.201487360,0,1,0
1.201487680,0,0,0
1.201488000,0,1,0
1.201488320,0,0,0
1.201488640,0,1,0
1.201488960,0,0,0
1.201489280,0,1,0
1.201489600,0,0,0
1.201489920,0,1,0
1.201490240,0,0,0
1.201490560,0,1,0
1.201490880,0,0,0
1.201491360,0,1,0
1.201491680,0,0,0
1.201492000,0,1,0
1.201492320,0,0,0
1.201492640,0,1,0
1.201492960,0,0,0
1.201493280,0,1,0
1.201493600,0,0,0
1.201493920,0,1,0
1.201494240,0,0,0
1.201494560,0,1,0
1.201494880,0,0,0
1.201495360,0,1,0
1.201495680,0,0,0
1.201496000,0,1,0
1.201496320,0,0,0
1.201496640,0,1,0
1.201496960,0,0,0
1.201497280,0,1,0
1.201497600,0,0,0
1.201497920,0,1,0
1.201498240,0,0,0
1.201498560,0,1,0
1.201498880,0,0,0
1.201499360,0,1,0
1.201499680,1,0,0
1.201500000,1,1,0
1.201500320,1,0,1
1.201500640,1,1,1
1.201500960,1,0,0
1.201501280,1,1,0
1.201501600,0,0,1
1.201501920,0,1,1
1.201502240,1,0,1
1.201502560,1,1,1
1.201502880,1,0,1
1.201503040,1,0,0
1.201503360,1,1,0
1.201503680,1,0,1
1.201504000,1,1,1
1.201504320,1,0,0
1.201504640,1,1,0
1.201506240,0,1,0
1.204618240,1,1,0
1.204618880,1,0,0
1.204619040,1,0,1
1.204619360,1,1,1
1.204619680,1,0,1
1.204620000,1,1,1
1.204620320,1,0,1
1.204620640,1,1,1
1.204620960,1,0,1
1.204621280,1,1,1
1.204621600,1,0,1
1.204621920,1,1,1
1.204622240,1,0,1
1.204622560,1,1,1
1.204622880,1,0,1
1.204623360,1,1,1
1.204623680,1,0,1
1.204624000,1,1,1
1.204624320,1,0,0
1.204624640,1,1,0
1.204624960,1,0,0
1.204625280,1,1,0
1.204625600,1,0,0
1.204625920,1,1,0
1.204626240,1,0,0
1.204626560,1,1,0
1.204626880,1,0,0
1.204627360,1,1,0
1.204627680,1,0,0
1.204628000,1,1,0
1.204628320,1,0,0
1.204628640,1,1,0
1.204628960,1,0,0
1.204629280,1,1,0
1.204629600,0,0,0
1.204629920,0,1,0
1.204630240,1,0,0
1.204630560,1,1,0
1.204630880,0,0,0
1.204631360,0,1,0
1.204631680,1,0,0
1.204632000,1,1,0
1.204632320,0,0,0
1.204632640,0,1,0
1.204632960,0,0,0
1.204633280,0,1,0
1.204633600,1,0,0
1.204633920,1,1,0
1.204634240,1,0,0
1.204634560,1,1,0
1.204634880,0,0,0
1.204635360,0,1,0
1.204635680,1,0,0
1.204636000,1,1,0
1.204636320,0,0,0
1.204636640,0,1,0
1.204636960,1,0,0
1.204637280,1,1,0
1.204637600,0,0,0
1.204637920,0,1,0
1.204638240,0,0,0
1.204638560,0,1,0
1.204638880,0,0,0
1.204639360,0,1,0
1.204639680,0,0,0
1.204640000,0,1,0
1.204640320,0,0,0
1.204640640,0,1,0
1.204640960,1,0,0
1.204641280,1,1,0
1.204641600,0,0,0
1.204641920,0,1,0
1.204642240,1,0,0
1.204642560,1,1,0
1.204642880,1,0,0
1.204643360,1,1,0
1.204643680,0,0,0
1.204644000,0,1,0
1.204644320,0,0,0
1.204644640,0,1,0
1.204644960,0,0,0
1.204645280,0,1,0
1.204645600,0,0,0
1.204645920,0,1,0
1.204646240,0,0,0
1.204646560,0,1,0
1.204646880,1,0,0
1.204647360,1,1,0
1.204647680,1,0,0
1.204648000,1,1,0
1.204648320,0,0,0
1.204648640,0,1,0
1.204648960,0,0,0
1.204649280,0,1,0
1.204649600,0,0,0
1.204649920,0,1,0
1.204650240,1,0,0
1.204650560,1,1,0
1.204650880,0,0,0
1.204651360,0,1,0
1.204651680,0,0,0
1.204652000,0,1,0
1.204652320,0,0,0
1.204652640,0,1,0
1.204652960,0,0,0
1.204653280,0,1,0
1.204653600,0,0,0
1.204653920,0,1,0
1.204654240,0,0,0
1.204654560,0,1,0
1.204654880,0,0,0
1.204655360,0,1,0
1.204655680,0,0,0
1.204656000,0,1,0
1.204656320,0,0,0
1.204656640,0,1,0
1.204656960,0,0,0
1.204657280,0,1,0
1.204657600,0,0,0
1.204657920,0,1,0
1.204658240,0,0,0
1.204658560,0,1,0
1.204658880,0,0,0
1.204659360,0,1,0
1.204659680,0,0,0
1.204660000,0,1,0
1.204660320,0,0,0
1.204660640,0,1,0
1.204660960,0,0,0
1.204661280,0,1,0
1.204661600,0,0,0
1.204661920,0,1,0
1.204662240,0,0,0
1.204662560,0,1,0
1.204662880,0,0,0
1.204663360,0,1,0
1.204663680,0,0,0
1.204664000,0,1,0
1.204664320,0,0,0
1.204664640,0,1,0
1.204664960,0,0,0
1.204665280,0,1,0
1.204665600,0,0,0
1.204665920,0,1,0
1.204666240,0,0,0
1.204666560,0,1,0
1.204666880,0,0,0
1.204667360,0,1,0
1.204667680,0,0,0
1.204668000,0,1,0
1.204668320,0,0,0
1.204668640,0,1,0
1.204668960,0,0,0
1.204669280,0,1,0
1.204669600,0,0,0
1.204669920,0,1,0
1.204670240,0,0,0
1.204670560,0,1,0
1.204670880,0,0,0
1.204671360,0,1,0
1.204671680,0,0,0
1.204672000,0,1,0
1.204672320,0,0,0
1.204672640,0,1,0
1.204672960,0,0,0
1.204673280,0,1,0
1.204673600,0,0,0
1.204673920,0,1,0
1.204674240,0,0,0
1.204674560,0,1,0
1.204674880,0,0,0
1.204675360,0,1,0
1.204675680,0,0,0
1.204676000,0,1,0
1.204676320,0,0,0
1.204676640,0,1,0
1.204676960,0,0,0
1.204677280,0,1,0
1.204677600,0,0,0
1.204677920,0,1,0
1.204678240,0,0,0
1.204678560,0,1,0
1.204678880,0,0,0
1.204679360,0,1,0
1.204679680,0,0,0
1.204680000,0,1,0
1.204680320,0,0,0
1.204680640,0,1,0
1.204680960,0,0,0
1.204681280,0,1,0
1.204681600,0,0,0
1.204681920,0,1,0
1.204682240,0,0,0
1.204682560,0,1,0
1.204682880,0,0,0
1.204683360,0,1,0
1.204683680,1,0,0
1.204684000,1,1,0
1.204684320,0,0,0
1.204684640,0,1,0
1.204684960,0,0,0
1.204685280,0,1,0
1.204685600,0,0,0
1.204685920,0,1,0
1.204686240,1,0,0
1.204686560,1,1,0
1.204686880,1,0,0
1.204687360,1,1,0
1.204687680,1,0,0
1.204688000,1,1,0
1.204688320,0,0,0
1.204688640,0,1,0
1.204688960,1,0,0
1.204689280,1,1,0
1.204689600,0,0,0
1.204689920,0,1,0
1.204690240,0,0,0
1.204690560,0,1,0
1.204690880,0,0,0
1.204691360,0,1,0
1.204691680,1,0,0
1.204692000,1,1,0
1.204692320,1,0,0
1.204692640,1,1,0
1.204692960,0,0,0
1.204693280,0,1,0
1.204693600,0,0,0
1.204693920,0,1,0
1.204694240,1,0,0
1.204694560,1,1,0
1.204694880,0,0,0
1.204695360,0,1,0
1.204695680,1,0,0
1.204696000,1,1,0
1.204696320,1,0,0
1.204696640,1,1,0
1.204696960,0,0,0
1.204697280,0,1,0
1.204697600,0,0,0
1.204697920,0,1,0
1.204698240,0,0,0
1.204698560,0,1,0
1.204698880,0,0,0
1.204699360,0,1,0
1.204699680,0,0,0
1.204700000,0,1,0
1.204700320,1,0,0
1.204700640,1,1,0
1.204700960,0,0,0
1.204701280,0,1,0
1.204701600,0,0,0
1.204701920,0,1,0
1.204702240,0,0,0
1.204702560,0,1,0
1.204702880,0,0,0
1.204703360,0,1,0
1.204703680,0,0,0
1.204704000,0,1,0
1.204704320,0,0,0
1.204704640,0,1,0
1.204704960,0,0,0
1.204705280,0,1,0
1.204705600,1,0,0
1.204705920,1,1,0
1.204706240,1,0,0
1.204706560,1,1,0
1.204706880,0,0,0
1.204707360,0,1,0
1.204707680,1,0,0
1.204708000,1,1,0
1.204708320,0,0,0
1.204708640,0,1,0
1.204708960,1,0,0
1.204709280,1,1,0
1.204709600,0,0,0
1.204709920,0,1,0
1.204710240,0,0,0
1.204710560,0,1,0
1.204710880,1,0,0
1.204711360,1,1,0
1.204711680,1,0,0
1.204712000,1,1,0
1.204712320,0,0,0
1.204712640,0,1,0
1.204712960,0,0,0
1.204713280,0,1,0
1.204713600,0,0,0
1.204713920,0,1,0
1.204714240,0,0,0
1.204714560,0,1,0
1.204714880,0,0,0
1.204715360,0,1,0
1.204715680,1,0,0
1.204716000,1,1,0
1.204716320,0,0,0
1.204716640,0,1,0
1.204716960,1,0,0
1.204717280,1,1,0
1.204717600,0,0,0
1.204717920,0,1,0
1.204718240,0,0,0
1.204718560,0,1,0
1.204718880,1,0,0
1.204719360,1,1,0
1.204719680,1,0,0
1.204720000,1,1,0
1.204720320,0,0,0
1.204720640,0,1,0
1.204720960,0,0,0
1.204721280,0,1,0
1.204721600,0,0,0
1.204721920,0,1,0
1.204722240,0,0,0
1.204722560,0,1,0
1.204722880,0,0,0
1.204723360,0,1,0
1.204723680,0,0,0
1.204724000,0,1,0
1.204724320,0,0,0
1.204724640,0,1,0
1.204724960,0,0,0
1.204725280,0,1,0
1.204725600,0,0,0
1.204725920,0,1,0
1.204726240,0,0,0
1.204726560,0,1,0
1.204726880,0,0,0
1.204727360,0,1,0
1.204727680,0,0,0
1.204728000,0,1,0
1.204728320,0,0,0
1.204728640,0,1,0
1.204728960,0,0,0
1.204729280,0,1,0
1.204729600,0,0,0
1.204729920,0,1,0
1.204730240,0,0,0
1.204730560,0,1,0
1.204730880,0,0,0
1.204731360,0,1,0
1.204731680,0,0,0
1.204732000,0,1,0
1.204732320,0,0,0
1.204732640,0,1,0
1.204732960,0,0,0
1.204733280,0,1,0
1.204733600,0,0,0
1.204733920,0,1,0
1.204734240,0,0,0
1.204734560,0,1,0
1.204734880,0,0,0
1.204735360,0,1,0
1.204735680,0,0,0
1.204736000,0,1,0
1.204736320,0,0,0
1.204736640,0,1,0
1.204736960,0,0,0
1.204737280,0,1,0
1.204737600,0,0,0
1.204737920,0,1,0
1.204738240,0,0,0
1.204738560,0,1,0
1.204738880,0,0,0
1.204739360,0,1,0
1.204739680,0,0,0
1.204740000,0,1,0
1.204740320,0,0,0
1.204740640,0,1,0
1.204740960,0,0,0
1.204741280,0,1,0
1.204741600,0,0,0
1.204741920,0,1,0
1.204742240,0,0,0
1.204742560,0,1,0
1.204742880,0,0,0
1.204743360,0,1,0
1.204743680,0,0,0
1.204744000,0,1,0
1.204744320,0,0,0
1.204744640,0,1,0
1.204744960,0,0,0
1.204745280,0,1,0
1.204745600,0,0,0
1.204745920,0,1,0
1.204746240,0,0,0
1.204746560,0,1,0
1.204746880,0,0,0
1.204747360,0,1,0
1.204747680,0,0,0
1.204748000,0,1,0
1.204748320,0,0,0
1.204748640,0,1,0
1.204748960,0,0,0
1.204749280,0,1,0
1.204749600,0,0,0
1.204749920,0,1,0
1.204750240,0,0,0
1.204750560,0,1,0
1.204750880,0,0,0
1.204751360,0,1,0
1.204751680,0,0,0
1.204752000,0,1,0
1.204752320,0,0,0
1.204752640,0,1,0
1.204752960,0,0,0
1.204753280,0,1,0
1.204753600,0,0,0
1.204753920,0,1,0
1.204754240,0,0,0
1.204754560,0,1,0
1.204754880,0,0,0
1.204755360,0,1,0
1.204755680,0,0,0
1.204756000,0,1,0
1.204756320,0,0,0
1.204756640,0,1,0
1.204756960,0,0,0
1.204757280,0,1,0
1.204757600,0,0,0
1.204757920,0,1,0
1.204758240,0,0,0
1.204758560,0,1,0
1.204758880,0,0,0
1.204759360,0,1,0
1.204759680,0,0,0
1.204760000,0,1,0
1.204760320,0,0,0
1.204760640,0,1,0
1.204760960,0,0,0
1.204761280,0,1,0
1.204761600,0,0,0
1.204761920,0,1,0
1.204762240,0,0,0
1.204762560,0,1,0
1.204762880,0,0,0
1.204763360,0,1,0
1.204763680,0,0,0
1.204764000,0,1,0
1.204764320,0,0,0
1.204764640,0,1,0
1.204764960,0,0,0
1.204765280,0,1,0
1.204765600,0,0,0
1.204765920,0,1,0
1.204766240,0,0,0
1.204766560,0,1,0
1.204766880,0,0,0
1.204767360,0,1,0
1.204767680,0,0,0
1.204768000,0,1,0
1.204768320,0,0,0
1.204768640,0,1,0
1.204768960,0,0,0
1.204769280,0,1,0
1.204769600,0,0,0
1.204769920,0,1,0
1.204770240,0,0,0
1.204770560,0,1,0
1.204770880,0,0,0
1.204771360,0,1,0
1.204771680,0,0,0
1.204772000,0,1,0
1.204772320,0,0,0
1.204772640,0,1,0
1.204772960,0,0,0
1.204773280,0,1,0
1.204773600,0,0,0
1.204773920,0,1,0
1.204774240,0,0,0
1.204774560,0,1,0
1.204774880,0,0,0
1.204775360,0,1,0
1.204775680,0,0,0
1.204776000,0,1,0
1.204776320,0,0,0
1.204776640,0,1,0
1.204776960,0,0,0
1.204777280,0,1,0
1.204777600,0,0,0
1.204777920,0,1,0
1.204778240,0,0,0
1.204778560,0,1,0
1.204778880,0,0,0
1.204779360,0,1,0
1.204779680,0,0,0
1.204780000,0,1,0
1.204780320,0,0,0
1.204780640,0,1,0
1.204780960,0,0,0
1.204781280,0,1,0
1.204781600,0,0,0
1.204781920,0,1,0
1.204782240,0,0,0
1.204782560,0,1,0
1.204782880,0,0,0
1.204783360,0,1,0
1.204783680,0,0,0
1.204784000,0,1,0
1.204784320,0,0,0
1.204784640,0,1,0
1.204784960,0,0,0
1.204785280,0,1,0
1.204785600,0,0,0
1.204785920,0,1,0
1.204786240,0,0,0
1.204786560,0,1,0
1.204786880,0,0,0
1.204787360,0,1,0
1.204787680,0,0,0
1.204788000,0,1,0
1.204788320,0,0,0
1.204788640,0,1,0
1.204788960,0,0,0
1.204789280,0,1,0
1.204789600,0,0,0
1.204789920,0,1,0
1.204790240,1,0,0
1.204790560,1,1,0
1.204790880,0,0,0
1.204791360,0,1,0
1.204791680,0,0,0
1.204792000,0,1,0
1.204792320,0,0,0
1.204792640,0,1,0
1.204792960,1,0,0
1.204793280,1,1,0
1.204793600,1,0,0
1.204793920,1,1,0
1.204794240,1,0,0
1.204794560,1,1,0
1.204794880,0,0,0
1.204795360,0,1,0
1.204795680,1,0,0
1.204796000,1,1,0
1.204796320,0,0,0
1.204796640,0,1,0
1.204796960,0,0,0
1.204797280,0,1,0
1.204797600,0,0,0
1.204797920,0,1,0
1.204798240,1,0,0
1.204798560,1,1,0
1.204798880,1,0,0
1.204799360,1,1,0
1.204799680,0,0,0
1.204800000,0,1,0
1.204800320,0,0,0
1.204800640,0,1,0
1.204800960,1,0,0
1.204801280,1,1,0
1.204801600,0,0,0
1.204801920,0,1,0
1.204802240,1,0,0
1.204802560,1,1,0
1.204802880,1,0,0
1.204803360,1,1,0
1.204803680,0,0,0
1.204804000,0,1,0
1.204804320,0,0,0
1.204804640,0,1,0
1.204804960,0,0,0
1.204805280,0,1,0
1.204805600,0,0,0
1.204805920,0,1,0
1.204806240,0,0,0
1.204806560,0,1,0
1.204806880,1,0,0
1.204807360,1,1,0
1.204807680,0,0,0
1.204808000,0,1,0
1.204808320,0,0,0
1.204808640,0,1,0
1.204808960,0,0,0
1.204809280,0,1,0
1.204809600,0,0,0
1.204809920,0,1,0
1.204810240,0,0,0
1.204810560,0,1,0
1.204810880,0,0,0
1.204811360,0,1,0
1.204811680,0,0,0
1.204812000,0,1,0
1.204812320,1,0,0
1.204812640,1,1,0
1.204812960,1,0,0
1.204813280,1,1,0
1.204813600,0,0,0
1.204813920,0,1,0
1.204814240,1,0,0
1.204814560,1,1,0
1.204814880,0,0,0
1.204815360,0,1,0
1.204815680,1,0,0
1.204816000,1,1,0
1.204816320,0,0,0
1.204816640,0,1,0
1.204816960,0,0,0
1.204817280,0,1,0
1.204817600,1,0,0
1.204817920,1,1,0
1.204818240,1,0,0
1.204818560,1,1,0
1.204818880,0,0,0
1.204819360,0,1,0
1.204819680,0,0,0
1.204820000,0,1,0
1.204820320,0,0,0
1.204820640,0,1,0
1.204820960,0,0,0
1.204821280,0,1,0
1.204821600,0,0,0
1.204821920,0,1,0
1.204822240,1,0,0
1.204822560,1,1,0
1.204822880,0,0,0
1.204823360,0,1,0
1.204823680,1,0,0
1.204824000,1,1,0
1.204824320,0,0,0
1.204824640,0,1,0
1.204824960,0,0,0
1.204825280,0,1,0
1.204825600,1,0,0
1.204825920,1,1,0
1.204826240,1,0,0
1.204826560,1,1,0
1.204826880,0,0,0
1.204827360,0,1,0
1.204827680,0,0,0
1.204828000,0,1,0
1.204828320,0,0,0
1.204828640,0,1,0
1.204828960,0,0,0
1.204829280,0,1,0
1.204829600,0,0,0
1.204829920,0,1,0
1.204830240,0,0,0
1.204830560,0,1,0
1.204830880,0,0,0
1.204831360,0,1,0
1.204831680,0,0,0
1.204832000,0,1,0
1.204832320,0,0,0
1.204832640,0,1,0
1.204832960,0,0,0
1.204833280,0,1,0
1.204833600,0,0,0
1.204833920,0,1,0
1.204834240,0,0,0
1.204834560,0,1,0
1.204834880,0,0,0
1.204835360,0,1,0
1.204835680,0,0,0
1.204836000,0,1,0
1.204836320,0,0,0
1.204836640,0,1,0
1.204836960,0,0,0
1.204837280,0,1,0
1.204837600,0,0,0
1.204837920,0,1,0
1.204838240,0,0,0
1.204838560,0,1,0
1.204838880,0,0,0
1.204839360,0,1,0
1.204839680,0,0,0
1.204840000,0,1,0
1.204840320,0,0,0
1.204840640,0,1,0
1.204840960,0,0,0
1.204841280,0,1,0
1.204841600,0,0,0
1.204841920,0,1,0
1.204842240,0,0,0
1.204842560,0,1,0
1.204842880,0,0,0
1.204843360,0,1,0
1.204843680,0,0,0
1.204844000,0,1,0
1.204844320,0,0,0
1.204844640,0,1,0
1.204844960,0,0,0
1.204845280,0,1,0
1.204845600,0,0,0
1.204845920,0,1,0
1.204846240,0,0,0
1.204846560,0,1,0
1.204846880,0,0,0
1.204847360,0,1,0
1.204847680,0,0,0
1.204848000,0,1,0
1.204848320,0,0,0
1.204848640,0,1,0
1.204848960,0,0,0
1.204849280,0,1,0
1.204849600,0,0,0
1.204849920,0,1,0
1.204850240,0,0,0
1.204850560,0,1,0
1.204850880,0,0,0
1.204851360,0,1,0
1.204851680,0,0,0
1.204852000,0,1,0
1.204852320,0,0,0
1.204852640,0,1,0
1.204852960,0,0,0
1.204853280,0,1,0
1.204853600,0,0,0
1.204853920,0,1,0
1.204854240,0,0,0
1.204854560,0,1,0
1.204854880,0,0,0
1.204855360,0,1,0
1.204855680,0,0,0
1.204856000,0,1,0
1.204856320,0,0,0
1.204856640,0,1,0
1.204856960,0,0,0
1.204857280,0,1,0
1.204857600,0,0,0
1.204857920,0,1,0
1.204858240,0,0,0
1.204858560,0,1,0
1.204858880,0,0,0
1.204859360,0,1,0
1.204859680,0,0,0
1.204860000,0,1,0
1.204860320,0,0,0
1.204860640,0,1,0
1.204860960,0,0,0
1.204861280,0,1,0
1.204861600,0,0,0
1.204861920,0,1,0
1.204862240,0,0,0
1.204862560,0,1,0
1.204862880,0,0,0
1.204863360,0,1,0
1.204863680,0,0,0
1.204864000,0,1,0
1.204864320,0,0,0
1.204864640,0,1,0
1.204864960,0,0,0
1.204865280,0,1,0
1.204865600,0,0,0
1.204865920,0,1,0
1.204866240,0,0,0
1.204866560,0,1,0
1.204866880,0,0,0
1.204867360,0,1,0
1.204867680,0,0,0
1.204868000,0,1,0
1.204868320,0,0,0
1.204868640,0,1,0
1.204868960,0,0,0
1.204869280,0,1,0
1.204869600,0,0,0
1.204869920,0,1,0
1.204870240,0,0,0
1.204870560,0,1,0
1.204870880,0,0,0
1.204871040,1,0,0
1.204871360,1,1,0
1.204871680,1,0,0
1.204872000,1,1,0
1.204872320,0,0,0
1.204872640,0,1,0
1.204872960,1,0,0
1.204873280,1,1,0
1.204873600,0,0,0
1.204873920,0,1,0
1.204874240,1,0,0
1.204874560,1,1,0
1.204874880,0,0,0
1.204875360,0,1,0
1.204875680,0,0,0
1.204876000,0,1,0
1.204876320,1,0,0
1.204876640,1,1,0
1.204876960,1,0,0
1.204877280,1,1,0
1.204877600,1,0,0
1.204877920,1,1,0
1.204878240,0,0,0
1.204878560,0,1,0
1.204878880,0,0,0
1.204879360,0,1,0
1.204879680,1,0,0
1.204880000,1,1,0
1.204880320,0,0,0
1.204880640,0,1,0
1.204880960,0,0,0
1.204881280,0,1,0
1.204881600,1,0,0
1.204881920,1,1,0
1.204882240,1,0,0
1.204882560,1,1,0
1.204882880,0,0,0
1.204883360,0,1,0
1.204883680,0,0,0
1.204884000,0,1,0
1.204884320,1,0,0
1.204884640,1,1,0
1.204884960,1,0,0
1.204885280,1,1,0
1.204885600,0,0,0
1.204885920,0,1,0
1.204886240,0,0,0
1.204886560,0,1,0
1.204886880,1,0,0
1.204887360,1,1,0
1.204887680,1,0,0
1.204888000,1,1,0
1.204888320,0,0,0
1.204888640,0,1,0
1.204888960,1,0,0
1.204889280,1,1,0
1.204889600,0,0,0
1.204889920,0,1,0
1.204890240,1,0,0
1.204890560,1,1,0
1.204890880,0,0,0
1.204891360,0,1,0
1.204891680,0,0,0
1.204892000,0,1,0
1.204892320,1,0,0
1.204892640,1,1,0
1.204892960,1,0,0
1.204893280,1,1,0
1.204893600,0,0,0
1.204893920,0,1,0
1.204894240,0,0,0
1.204894560,0,1,0
1.204894880,1,0,0
1.204895360,1,1,0
1.204895680,1,0,0
1.204896000,1,1,0
1.204896320,0,0,0
1.204896640,0,1,0
1.204896960,0,0,0
1.204897280,0,1,0
1.204897600,1,0,0
1.204897920,1,1,0
1.204898240,1,0,0
1.204898560,1,1,0
1.204898880,0,0,0
1.204899360,0,1,0
1.204899680,0,0,0
1.204900000,0,1,0
1.204900320,1,0,0
1.204900640,1,1,0
1.204900960,1,0,0
1.204901280,1,1,0
1.204901600,0,0,0
1.204901920,0,1,0
1.204902240,0,0,0
1.204902560,0,1,0
1.204902880,1,0,0
1.204903360,1,1,0
1.204903680,1,0,0
1.204904000,1,1,0
1.204904320,0,0,0
1.204904640,0,1,0
1.204904960,0,0,0
1.204905280,0,1,0
1.204905600,1,0,0
1.204905920,1,1,0
1.204906240,1,0,0
1.204906560,1,1,0
1.204906880,0,0,0
1.204907360,0,1,0
1.204907680,0,0,0
1.204908000,0,1,0
1.204908320,1,0,0
1.204908640,1,1,0
1.204908960,1,0,0
1.204909280,1,1,0
1.204909600,0,0,0
1.204909920,0,1,0
1.204910240,0,0,0
1.204910560,0,1,0
1.204910880,0,0,0
1.204911360,0,1,0
1.204911680,1,0,0
1.204912000,1,1,0
1.204912320,0,0,0
1.204912640,0,1,0
1.204912960,0,0,0
1.204913280,0,1,0
1.204913600,1,0,0
1.204913920,1,1,0
1.204914240,1,0,0
1.204914560,1,1,0
1.204914880,0,0,0
1.204915360,0,1,0
1.204915680,0,0,0
1.204916000,0,1,0
1.204916320,1,0,0
1.204916640,1,1,0
1.204916960,1,0,0
1.204917280,1,1,0
1.204917600,0,0,0
1.204917920,0,1,0
1.204918240,0,0,0
1.204918560,0,1,0
1.204918880,1,0,0
1.204919360,1,1,0
1.204919680,1,0,0
1.204920000,1,1,0
1.204920320,0,0,0
1.204920640,0,1,0
1.204920960,1,0,0
1.204921280,1,1,0
1.204921600,1,0,0
1.204921920,1,1,0
1.204922240,0,0,0
1.204922560,0,1,0
1.204922880,0,0,0
1.204923360,0,1,0
1.204923680,0,0,0
1.204924000,0,1,0
1.204924320,1,0,0
1.204924640,1,1,0
1.204924960,1,0,0
1.204925280,1,1,0
1.204925600,0,0,0
1.204925920,0,1,0
1.204926240,0,0,0
1.204926560,0,1,0
1.204926880,1,0,0
1.204927360,1,1,0
1.204927680,1,0,0
1.204928000,1,1,0
1.204928320,0,0,0
1.204928640,0,1,0
1.204928960,0,0,0
1.204929280,0,1,0
1.204929600,1,0,0
1.204929920,1,1,0
1.204930240,1,0,0
1.204930560,1,1,0
1.204930880,0,0,0
1.204931360,0,1,0
1.204931680,0,0,0
1.204932000,0,1,0
1.204932320,0,0,0
1.204932640,0,1,0
1.204932960,1,0,0
1.204933280,1,1,0
1.204933600,0,0,0
1.204933920,0,1,0
1.204934240,0,0,0
1.204934560,0,1,0
1.204934880,1,0,0
1.204935360,1,1,0
1.204935680,1,0,0
1.204936000,1,1,0
1.204936320,0,0,0
1.204936640,0,1,0
1.204936960,0,0,0
1.204937280,0,1,0
1.204937600,0,0,0
1.204937920,0,1,0
1.204938240,1,0,0
1.204938560,1,1,0
1.204938880,0,0,0
1.204939360,0,1,0
1.204939680,0,0,0
1.204940000,0,1,0
1.204940320,1,0,0
1.204940640,1,1,0
1.204940960,1,0,0
1.204941280,1,1,0
1.204941600,0,0,0
1.204941920,0,1,0
1.204942240,1,0,0
1.204942560,1,1,0
1.204942880,1,0,0
1.204943360,1,1,0
1.204943680,1,0,0
1.204944000,1,1,0
1.204944320,0,0,0
1.204944640,0,1,0
1.204944960,0,0,0
1.204945280,0,1,0
1.204945600,1,0,0
1.204945920,1,1,0
1.204946240,1,0,0
1.204946560,1,1,0
1.204946880,0,0,0
1.204947360,0,1,0
1.204947680,0,0,0
1.204948000,0,1,0
1.204948320,0,0,0
1.204948640,0,1,0
1.204948960,0,0,0
1.204949280,0,1,0
1.204949600,0,0,0
1.204949920,0,1,0
1.204950240,0,0,0
1.204950560,0,1,0
1.204950880,1,0,0
1.204951360,1,1,0
1.204951680,1,0,0
1.204952000,1,1,0
1.204952320,0,0,0
1.204952640,0,1,0
1.204952960,0,0,0
1.204953280,0,1,0
1.204953600,1,0,0
1.204953920,1,1,0
1.204954240,0,0,0
1.204954560,0,1,0
1.204954880,0,0,0
1.204955360,0,1,0
1.204955680,0,0,0
1.204956000,0,1,0
1.204956320,1,0,0
1.204956640,1,1,0
1.204956960,1,0,0
1.204957280,1,1,0
1.204957600,0,0,0
1.204957920,0,1,0
1.204958240,0,0,0
1.204958560,0,1,0
1.204958880,0,0,0
1.204959360,0,1,0
1.204959680,1,0,0
1.204960000,1,1,0
1.204960320,0,0,0
1.204960640,0,1,0
1.204960960,0,0,0
1.204961280,0,1,0
1.204961600,1,0,0
1.204961920,1,1,0
1.204962240,1,0,0
1.204962560,1,1,0
1.204962880,0,0,0
1.204963360,0,1,0
1.204963680,1,0,0
1.204964000,1,1,0
1.204964320,1,0,0
1.204964640,1,1,0
1.204964960,0,0,0
1.204965280,0,1,0
1.204965600,0,0,0
1.204965920,0,1,0
1.204966240,0,0,0
1.204966560,0,1,0
1.204966880,1,0,0
1.204967360,1,1,0
1.204967680,1,0,0
1.204968000,1,1,0
1.204968320,0,0,0
1.204968640,0,1,0
1.204968960,1,0,0
1.204969280,1,1,0
1.204969600,1,0,0
1.204969920,1,1,0
1.204970240,1,0,0
1.204970560,1,1,0
1.204970880,0,0,0
1.204971360,0,1,0
1.204971680,0,0,0
1.204972000,0,1,0
1.204972320,1,0,0
1.204972640,1,1,0
1.204972960,1,0,0
1.204973280,1,1,0
1.204973600,0,0,0
1.204973920,0,1,0
1.204974240,0,0,0
1.204974560,0,1,0
1.204974880,0,0,0
1.204975360,0,1,0
1.204975680,0,0,0
1.204976000,0,1,0
1.204976320,0,0,0
1.204976640,0,1,0
1.204976960,0,0,0
1.204977280,0,1,0
1.204977600,1,0,0
1.204977920,1,1,0
1.204978240,1,0,0
1.204978560,1,1,0
1.204978880,0,0,0
1.204979360,0,1,0
1.204979680,0,0,0
1.204980000,0,1,0
1.204980320,1,0,0
1.204980640,1,1,0
1.204980960,0,0,0
1.204981280,0,1,0
1.204981600,0,0,0
1.204981920,0,1,0
1.204982240,0,0,0
1.204982560,0,1,0
1.204982880,1,0,0
1.204983360,1,1,0
1.204983680,1,0,0
1.204984000,1,1,0
1.204984320,0,0,0
1.204984640,0,1,0
1.204984960,0,0,0
1.204985280,0,1,0
1.204985600,0,0,0
1.204985920,0,1,0
1.204986240,0,0,0
1.204986560,0,1,0
1.204986880,0,0,0
1.204987360,0,1,0
1.204987680,0,0,0
1.204988000,0,1,0
1.204988320,1,0,0
1.204988640,1,1,0
1.204988960,1,0,0
1.204989280,1,1,0
1.204989600,0,0,0
1.204989920,0,1,0
1.204990240,0,0,0
1.204990560,0,1,0
1.204990880,0,0,0
1.204991360,0,1,0
1.204991680,1,0,0
1.204992000,1,1,0
1.204992320,0,0,0
1.204992640,0,1,0
1.204992960,0,0,0
1.204993280,0,1,0
1.204993600,1,0,0
1.204993920,1,1,0
1.204994240,1,0,0
1.204994560,1,1,0
1.204994880,0,0,0
1.204995360,0,1,0
1.204995680,0,0,0
1.204996000,0,1,0
1.204996320,0,0,0
1.204996640,0,1,0
1.204996960,0,0,0
1.204997280,0,1,0
1.204997600,0,0,0
1.204997920,0,1,0
1.204998240,0,0,0
1.204998560,0,1,0
1.204998880,1,0,0
1.204999360,1,1,0
1.204999680,1,0,0
1.205000000,1,1,0
1.205000320,0,0,0
1.205000640,0,1,0
1.205000960,0,0,0
1.205001280,0,1,0
1.205001600,0,0,0
1.205001920,0,1,0
1.205002240,1,0,0
1.205002560,1,1,0
1.205002880,0,0,0
1.205003360,0,1,0
1.205003680,0,0,0
1.205004000,0,1,0
1.205004320,1,0,0
1.205004640,1,1,0
1.205004960,1,0,0
1.205005280,1,1,0
1.205005600,0,0,0
1.205005920,0,1,0
1.205006240,0,0,0
1.205006560,0,1,0
1.205006880,0,0,0
1.205007360,0,1,0
1.205007680,1,0,0
1.205008000,1,1,0
1.205008320,0,0,0
1.205008640,0,1,0
1.205008960,0,0,0
1.205009280,0,1,0
1.205009600,1,0,0
1.205009920,1,1,0
1.205010240,1,0,0
1.205010560,1,1,0
1.205010880,0,0,0
1.205011360,0,1,0
1.205011680,0,0,0
1.205012000,0,1,0
1.205012320,0,0,0
1.205012640,0,1,0
1.205012960,0,0,0
1.205013280,0,1,0
1.205013600,0,0,0
1.205013920,0,1,0
1.205014240,0,0,0
1.205014560,0,1,0
1.205014880,1,0,0
1.205015360,1,1,0
1.205015680,1,0,0
1.205016000,1,1,0
1.205016320,0,0,0
1.205016640,0,1,0
1.205016960,1,0,0
1.205017280,1,1,0
1.205017600,1,0,0
1.205017920,1,1,0
1.205018240,0,0,0
1.205018560,0,1,0
1.205018880,0,0,0
1.205019360,0,1,0
1.205019680,0,0,0
1.205020000,0,1,0
1.205020320,1,0,0
1.205020640,1,1,0
1.205020960,1,0,0
1.205021280,1,1,0
1.205021600,1,0,0
1.205021920,1,1,0
1.205022240,0,0,0
1.205022560,0,1,0
1.205022880,0,0,0
1.205023360,0,1,0
1.205023680,1,0,0
1.205024000,1,1,0
1.205024320,0,0,0
1.205024640,0,1,0
1.205024960,1,0,0
1.205025280,1,1,0
1.205025600,0,0,0
1.205025920,0,1,0
1.205026240,0,0,0
1.205026560,0,1,0
1.205026880,0,0,0
1.205027360,0,1,0
1.205027680,0,0,0
1.205028000,0,1,0
1.205028320,0,0,0
1.205028640,0,1,0
1.205028960,1,0,0
1.205029280,1,1,0
1.205029600,0,0,0
1.205029920,0,1,0
1.205030240,0,0,0
1.205030560,0,1,0
1.205030880,0,0,0
1.205031360,0,1,0
1.205031680,0,0,0
1.205032000,0,1,0
1.205032320,0,0,0
1.205032640,0,1,0
1.205032960,1,0,0
1.205033280,1,1,0
1.205033600,0,0,0
1.205033920,0,1,0
1.205034240,0,0,0
1.205034560,0,1,0
1.205034880,0,0,0
1.205035360,0,1,0
1.205035680,0,0,0
1.205036000,0,1,0
1.205036320,1,0,0
1.205036640,1,1,0
1.205036960,0,0,0
1.205037280,0,1,0
1.205037600,0,0,0
1.205037920,0,1,0
1.205038240,0,0,0
1.205038560,0,1,0
1.205038880,0,0,0
1.205039360,0,1,0
1.205039680,0,0,0
1.205040000,0,1,0
1.205040320,0,0,0
1.205040640,0,1,0
1.205040960,0,0,0
1.205041280,0,1,0
1.205041600,0,0,0
1.205041920,0,1,0
1.205042240,0,0,0
1.205042560,0,1,0
1.205042880,0,0,0
1.205043360,0,1,0
1.205043680,0,0,0
1.205044000,0,1,0
1.205044320,1,0,0
1.205044640,1,1,0
1.205044960,0,0,0
1.205045280,0,1,0
1.205045600,0,0,0
1.205045920,0,1,0
1.205046240,0,0,0
1.205046560,0,1,0
1.205046880,0,0,0
1.205047360,0,1,0
1.205047680,1,0,0
1.205048000,1,1,0
1.205048320,0,0,0
1.205048640,0,1,0
1.205048960,1,0,0
1.205049280,1,1,0
1.205049600,1,0,0
1.205049920,1,1,0
1.205050240,0,0,0
1.205050560,0,1,0
1.205050880,0,0,0
1.205051360,0,1,0
1.205051680,0,0,0
1.205052000,0,1,0
1.205052320,0,0,0
1.205052640,0,1,0
1.205052960,0,0,0
1.205053280,0,1,0
1.205053600,0,0,0
1.205053920,0,1,0
1.205054240,0,0,0
1.205054560,0,1,0
1.205054880,0,0,0
1.205055360,0,1,0
1.205055680,1,0,0
1.205056000,1,1,0
1.205056320,0,0,0
1.205056640,0,1,0
1.205056960,0,0,0
1.205057280,0,1,0
1.205057600,0,0,0
1.205057920,0,1,0
1.205058240,0,0,0
1.205058560,0,1,0
1.205058880,0,0,0
1.205059360,0,1,0
1.205059680,0,0,0
1.205060000,0,1,0
1.205060320,0,0,0
1.205060640,0,1,0
1.205060960,0,0,0
1.205061280,0,1,0
1.205061600,0,0,0
1.205061920,0,1,0
1.205062240,0,0,0
1.205062560,0,1,0
1.205062880,0,0,0
1.205063360,0,1,0
1.205063680,0,0,0
1.205064000,0,1,0
1.205064320,0,0,0
1.205064640,0,1,0
1.205064960,0,0,0
1.205065280,0,1,0
1.205065600,0,0,0
1.205065920,0,1,0
1.205066240,1,0,0
1.205066560,1,1,0
1.205066880,0,0,0
1.205067360,0,1,0
1.205067680,0,0,0
1.205068000,0,1,0
1.205068320,0,0,0
1.205068640,0,1,0
1.205068960,0,0,0
1.205069280,0,1,0
1.205069600,0,0,0
1.205069920,0,1,0
1.205070240,0,0,0
1.205070560,0,1,0
1.205070880,0,0,0
1.205071360,0,1,0
1.205071680,0,0,0
1.205072000,0,1,0
1.205072320,0,0,0
1.205072640,0,1,0
1.205072960,0,0,0
1.205073280,0,1,0
1.205073600,0,0,0
1.205073920,0,1,0
1.205074240,0,0,0
1.205074560,0,1,0
1.205074880,0,0,0
1.205075360,0,1,0
1.205075680,0,0,0
1.205076000,0,1,0
1.205076320,0,0,0
1.205076640,0,1,0
1.205076960,1,0,0
1.205077280,1,1,0
1.205077600,0,0,0
1.205077920,0,1,0
1.205078240,0,0,0
1.205078560,0,1,0
1.205078880,0,0,0
1.205079360,0,1,0
1.205079680,0,0,0
1.205080000,0,1,0
1.205080320,0,0,0
1.205080640,0,1,0
1.205080960,0,0,0
1.205081280,0,1,0
1.205081600,0,0,0
1.205081920,0,1,0
1.205082240,0,0,0
1.205082560,0,1,0
1.205082880,0,0,0
1.205083360,0,1,0
1.205083680,0,0,0
1.205084000,0,1,0
1.205084320,0,0,0
1.205084640,0,1,0
1.205084960,0,0,0
1.205085280,0,1,0
1.205085600,0,0,0
1.205085920,0,1,0
1.205086240,0,0,0
1.205086560,0,1,0
1.205086880,0,0,0
1.205087360,0,1,0
1.205087680,0,0,0
1.205088000,0,1,0
1.205088320,0,0,0
1.205088640,0,1,0
1.205088960,0,0,0
1.205089280,0,1,0
1.205089600,0,0,0
1.205089920,0,1,0
1.205090240,0,0,0
1.205090560,0,1,0
1.205090880,0,0,0
1.205091360,0,1,0
1.205091680,0,0,0
1.205092000,0,1,0
1.205092320,0,0,0
1.205092640,0,1,0
1.205092960,0,0,0
1.205093280,0,1,0
1.205093600,0,0,0
1.205093920,0,1,0
1.205094240,0,0,0
1.205094560,0,1,0
1.205094880,0,0,0
1.205095360,0,1,0
1.205095680,0,0,0
1.205096000,0,1,0
1.205096320,0,0,0
1.205096640,0,1,0
1.205096960,0,0,0
1.205097280,0,1,0
1.205097600,0,0,0
1.205097920,0,1,0
1.205098240,0,0,0
1.205098560,0,1,0
1.205098880,0,0,0
1.205099360,0,1,0
1.205099680,0,0,0
1.205100000,0,1,0
1.205100320,0,0,0
1.205100640,0,1,0
1.205100960,0,0,0
1.205101280,0,1,0
1.205101600,0,0,0
1.205101920,0,1,0
1.205102240,0,0,0
1.205102560,0,1,0
1.205102880,0,0,0
1.205103360,0,1,0
1.205103680,0,0,0
1.205104000,0,1,0
1.205104320,0,0,0
1.205104640,0,1,0
1.205104960,0,0,0
1.205105280,0,1,0
1.205105600,0,0,0
1.205105920,0,1,0
1.205106240,0,0,0
1.205106560,0,1,0
1.205106880,0,0,0
1.205107360,0,1,0
1.205107680,0,0,0
1.205108000,0,1,0
1.205108320,0,0,0
1.205108640,0,1,0
1.205108960,0,0,0
1.205109280,0,1,0
1.205109600,0,0,0
1.205109920,0,1,0
1.205110240,0,0,0
1.205110560,0,1,0
1.205110880,0,0,0
1.205111360,0,1,0
1.205111680,0,0,0
1.205112000,0,1,0
1.205112320,0,0,0
1.205112640,0,1,0
1.205112960,0,0,0
1.205113280,0,1,0
1.205113600,0,0,0
1.205113920,0,1,0
1.205114240,0,0,0
1.205114560,0,1,0
1.205114880,0,0,0
1.205115360,0,1,0
1.205115680,0,0,0
1.205116000,0,1,0
1.205116320,0,0,0
1.205116640,0,1,0
1.205116960,0,0,0
1.205117280,0,1,0
1.205117600,0,0,0
1.205117920,0,1,0
1.205118240,0,0,0
1.205118560,0,1,0
1.205118880,0,0,0
1.205119360,0,1,0
1.205119680,0,0,0
1.205120000,0,1,0
1.205120320,0,0,0
1.205120640,0,1,0
1.205120960,0,0,0
1.205121280,0,1,0
1.205121600,0,0,0
1.205121920,0,1,0
1.205122240,0,0,0
1.205122560,0,1,0
1.205122880,0,0,0
1.205123360,0,1,0
1.205123680,0,0,0
1.205124000,0,1,0
1.205124320,0,0,0
1.205124640,0,1,0
1.205124960,0,0,0
1.205125280,0,1,0
1.205125600,0,0,0
1.205125920,0,1,0
1.205126240,0,0,0
1.205126560,0,1,0
1.205126880,0,0,0
1.205127360,0,1,0
1.205127680,0,0,0
1.205128000,0,1,0
1.205128320,0,0,0
1.205128640,0,1,0
1.205128960,0,0,0
1.205129280,0,1,0
1.205129600,0,0,0
1.205129920,0,1,0
1.205130240,0,0,0
1.205130560,0,1,0
1.205130880,0,0,0
1.205131360,0,1,0
1.205131680,0,0,0
1.205132000,0,1,0
1.205132320,0,0,0
1.205132640,0,1,0
1.205132960,0,0,0
1.205133280,0,1,0
1.205133600,0,0,0
1.205133920,0,1,0
1.205134240,0,0,0
1.205134560,0,1,0
1.205134880,0,0,0
1.205135360,0,1,0
1.205135680,0,0,0
1.205136000,0,1,0
1.205136320,0,0,0
1.205136640,0,1,0
1.205136960,0,0,0
1.205137280,0,1,0
1.205137600,0,0,0
1.205137920,0,1,0
1.205138240,0,0,0
1.205138560,0,1,0
1.205138880,0,0,0
1.205139360,0,1,0
1.205139680,0,0,0
1.205140000,0,1,0
1.205140320,0,0,0
1.205140640,0,1,0
1.205140960,0,0,0
1.205141280,0,1,0
1.205141600,0,0,0
1.205141920,0,1,0
1.205142240,0,0,0
1.205142560,0,1,0
1.205142880,0,0,0
1.205143360,0,1,0
1.205143680,0,0,0
1.205144000,0,1,0
1.205144320,0,0,0
1.205144640,0,1,0
1.205144960,0,0,0
1.205145280,0,1,0
1.205145600,0,0,0
1.205145920,0,1,0
1.205146240,0,0,0
1.205146560,0,1,0
1.205146880,0,0,0
1.205147360,0,1,0
1.205147680,0,0,0
1.205148000,0,1,0
1.205148320,0,0,0
1.205148640,0,1,0
1.205148960,0,0,0
1.205149280,0,1,0
1.205149600,0,0,0
1.205149920,0,1,0
1.205150240,0,0,0
1.205150560,0,1,0
1.205150880,0,0,0
1.205151360,0,1,0
1.205151680,0,0,0
1.205152000,0,1,0
1.205152320,0,0,0
1.205152640,0,1,0
1.205152960,0,0,0
1.205153280,0,1,0
1.205153600,0,0,0
1.205153920,0,1,0
1.205154240,0,0,0
1.205154560,0,1,0
1.205154880,0,0,0
1.205155360,0,1,0
1.205155680,0,0,0
1.205156000,0,1,0
1.205156320,0,0,0
1.205156640,0,1,0
1.205156960,0,0,0
1.205157280,0,1,0
1.205157600,0,0,0
1.205157920,0,1,0
1.205158240,0,0,0
1.205158560,0,1,0
1.205158880,0,0,0
1.205159360,0,1,0
1.205159680,0,0,0
1.205160000,0,1,0
1.205160320,0,0,0
1.205160640,0,1,0
1.205160960,0,0,0
1.205161280,0,1,0
1.205161600,0,0,0
1.205161920,0,1,0
1.205162240,0,0,0
1.205162560,0,1,0
1.205162880,0,0,0
1.205163360,0,1,0
1.205163680,0,0,0
1.205164000,0,1,0
1.205164320,0,0,0
1.205164640,0,1,0
1.205164960,0,0,0
1.205165280,0,1,0
1.205165600,0,0,0
1.205165920,0,1,0
1.205166240,0,0,0
1.205166560,0,1,0
1.205166880,0,0,0
1.205167360,0,1,0
1.205167680,0,0,0
1.205168000,0,1,0
1.205168320,0,0,0
1.205168640,0,1,0
1.205168960,0,0,0
1.205169280,0,1,0
1.205169600,0,0,0
1.205169920,0,1,0
1.205170240,0,0,0
1.205170560,0,1,0
1.205170880,0,0,0
1.205171360,0,1,0
1.205171680,0,0,0
1.205172000,0,1,0
1.205172320,0,0,0
1.205172640,0,1,0
1.205172960,0,0,0
1.205173280,0,1,0
1.205173600,0,0,0
1.205173920,0,1,0
1.205174240,0,0,0
1.205174560,0,1,0
1.205174880,0,0,0
1.205175360,0,1,0
1.205175680,0,0,0
1.205176000,0,1,0
1.205176320,0,0,0
1.205176640,0,1,0
1.205176960,0,0,0
1.205177280,0,1,0
1.205177600,0,0,0
1.205177920,0,1,0
1.205178240,0,0,0
1.205178560,0,1,0
1.205178880,0,0,0
1.205179360,0,1,0
1.205179680,0,0,0
1.205180000,0,1,0
1.205180320,0,0,0
1.205180640,0,1,0
1.205180960,0,0,0
1.205181280,0,1,0
1.205181600,0,0,0
1.205181920,0,1,0
1.205182240,0,0,0
1.205182560,0,1,0
1.205182880,0,0,0
1.205183360,0,1,0
1.205183680,0,0,0
1.205184000,0,1,0
1.205184320,0,0,0
1.205184640,0,1,0
1.205184960,0,0,0
1.205185280,0,1,0
1.205185600,0,0,0
1.205185920,0,1,0
1.205186240,0,0,0
1.205186560,0,1,0
1.205186880,0,0,0
1.205187360,0,1,0
1.205187680,0,0,0
1.205188000,0,1,0
1.205188320,0,0,0
1.205188640,0,1,0
1.205188960,0,0,0
1.205189280,0,1,0
1.205189600,0,0,0
1.205189920,0,1,0
1.205190240,0,0,0
1.205190560,0,1,0
1.205190880,0,0,0
1.205191360,0,1,0
1.205191680,0,0,0
1.205192000,0,1,0
1.205192320,0,0,0
1.205192640,0,1,0
1.205192960,0,0,0
1.205193280,0,1,0
1.205193600,0,0,0
1.205193920,0,1,0
1.205194240,0,0,0
1.205194560,0,1,0
1.205194880,0,0,0
1.205195360,0,1,0
1.205195680,0,0,0
1.205196000,0,1,0
1.205196320,0,0,0
1.205196640,0,1,0
1.205196960,0,0,0
1.205197280,0,1,0
1.205197600,0,0,0
1.205197920,0,1,0
1.205198240,0,0,0
1.205198560,0,1,0
1.205198880,0,0,0
1.205199360,0,1,0
1.205199680,0,0,0
1.205200000,0,1,0
1.205200320,0,0,0
1.205200640,0,1,0
1.205200960,0,0,0
1.205201280,0,1,0
1.205201600,0,0,0
1.205201920,0,1,0
1.205202240,0,0,0
1.205202560,0,1,0
1.205202880,0,0,0
1.205203360,0,1,0
1.205203680,0,0,0
1.205204000,0,1,0
1.205204320,0,0,0
1.205204640,0,1,0
1.205204960,0,0,0
1.205205280,0,1,0
1.205205600,0,0,0
1.205205920,0,1,0
1.205206240,0,0,0
1.205206560,0,1,0
1.205206880,0,0,0
1.205207360,0,1,0
1.205207680,0,0,0
1.205208000,0,1,0
1.205208320,0,0,0
1.205208640,0,1,0
1.205208960,0,0,0
1.205209280,0,1,0
1.205209600,0,0,0
1.205209920,0,1,0
1.205210240,0,0,0
1.205210560,0,1,0
1.205210880,0,0,0
1.205211360,0,1,0
1.205211680,0,0,0
1.205212000,0,1,0
1.205212320,0,0,0
1.205212640,0,1,0
1.205212960,0,0,0
1.205213280,0,1,0
1.205213600,0,0,0
1.205213920,0,1,0
1.205214240,0,0,0
1.205214560,0,1,0
1.205214880,0,0,0
1.205215360,0,1,0
1.205215680,0,0,0
1.205216000,0,1,0
1.205216320,0,0,0
1.205216640,0,1,0
1.205216960,0,0,0
1.205217280,0,1,0
1.205217600,0,0,0
1.205217920,0,1,0
1.205218240,0,0,0
1.205218560,0,1,0
1.205218880,0,0,0
1.205219360,0,1,0
1.205219680,0,0,0
1.205220000,0,1,0
1.205220320,0,0,0
1.205220640,0,1,0
1.205220960,0,0,0
1.205221280,0,1,0
1.205221600,0,0,0
1.205221920,0,1,0
1.205222240,0,0,0
1.205222560,0,1,0
1.205222880,0,0,0
1.205223360,0,1,0
1.205223680,0,0,0
1.205224000,0,1,0
1.205224320,0,0,0
1.205224640,0,1,0
1.205224960,0,0,0
1.205225280,0,1,0
1.205225600,0,0,0
1.205225920,0,1,0
1.205226240,0,0,0
1.205226560,0,1,0
1.205226880,0,0,0
1.205227360,0,1,0
1.205227680,0,0,0
1.205228000,0,1,0
1.205228320,0,0,0
1.205228640,0,1,0
1.205228960,0,0,0
1.205229280,0,1,0
1.205229600,0,0,0
1.205229920,0,1,0
1.205230240,0,0,0
1.205230560,0,1,0
1.205230880,0,0,0
1.205231360,0,1,0
1.205231680,0,0,0
1.205232000,0,1,0
1.205232320,0,0,0
1.205232640,0,1,0
1.205232960,0,0,0
1.205233280,0,1,0
1.205233600,0,0,0
1.205233920,0,1,0
1.205234240,0,0,0
1.205234560,0,1,0
1.205234880,0,0,0
1.205235360,0,1,0
1.205235680,0,0,0
1.205236000,0,1,0
1.205236320,0,0,0
1.205236640,0,1,0
1.205236960,0,0,0
1.205237280,0,1,0
1.205237600,0,0,0
1.205237920,0,1,0
1.205238240,0,0,0
1.205238560,0,1,0
1.205238880,0,0,0
1.205239360,0,1,0
1.205239680,0,0,0
1.205240000,0,1,0
1.205240320,0,0,0
1.205240640,0,1,0
1.205240960,0,0,0
1.205241280,0,1,0
1.205241600,0,0,0
1.205241920,0,1,0
1.205242240,0,0,0
1.205242560,0,1,0
1.205242880,0,0,0
1.205243360,0,1,0
1.205243680,0,0,0
1.205244000,0,1,0
1.205244320,0,0,0
1.205244640,0,1,0
1.205244960,0,0,0
1.205245280,0,1,0
1.205245600,0,0,0
1.205245920,0,1,0
1.205246240,0,0,0
1.205246560,0,1,0
1.205246880,0,0,0
1.205247360,0,1,0
1.205247680,0,0,0
1.205248000,0,1,0
1.205248320,0,0,0
1.205248640,0,1,0
1.205248960,0,0,0
1.205249280,0,1,0
1.205249600,0,0,0
1.205249920,0,1,0
1.205250240,0,0,0
1.205250560,0,1,0
1.205250880,0,0,0
1.205251360,0,1,0
1.205251680,0,0,0
1.205252000,0,1,0
1.205252320,0,0,0
1.205252640,0,1,0
1.205252960,0,0,0
1.205253280,0,1,0
1.205253600,0,0,0
1.205253920,0,1,0
1.205254240,0,0,0
1.205254560,0,1,0
1.205254880,0,0,0
1.205255360,0,1,0
1.205255680,0,0,0
1.205256000,0,1,0
1.205256320,0,0,0
1.205256640,0,1,0
1.205256960,0,0,0
1.205257280,0,1,0
1.205257600,0,0,0
1.205257920,0,1,0
1.205258240,0,0,0
1.205258560,0,1,0
1.205258880,0,0,0
1.205259360,0,1,0
1.205259680,0,0,0
1.205260000,0,1,0
1.205260320,0,0,0
1.205260640,0,1,0
1.205260960,0,0,0
1.205261280,0,1,0
1.205261600,0,0,0
1.205261920,0,1,0
1.205262240,0,0,0
1.205262560,0,1,0
1.205262880,0,0,0
1.205263360,0,1,0
1.205263680,0,0,0
1.205264000,0,1,0
1.205264320,0,0,0
1.205264640,0,1,0
1.205264960,0,0,0
1.205265280,0,1,0
1.205265600,0,0,0
1.205265920,0,1,0
1.205266240,0,0,0
1.205266560,0,1,0
1.205266880,0,0,0
1.205267360,0,1,0
1.205267680,0,0,0
1.205268000,0,1,0
1.205268320,0,0,0
1.205268640,0,1,0
1.205268960,0,0,0
1.205269280,0,1,0
1.205269600,0,0,0
1.205269920,0,1,0
1.205270240,0,0,0
1.205270560,0,1,0
1.205270880,0,0,0
1.205271360,0,1,0
1.205271680,0,0,0
1.205272000,0,1,0
1.205272320,0,0,0
1.205272640,0,1,0
1.205272960,0,0,0
1.205273280,0,1,0
1.205273600,0,0,0
1.205273920,0,1,0
1.205274240,0,0,0
1.205274560,0,1,0
1.205274880,0,0,0
1.205275360,0,1,0
1.205275680,0,0,0
1.205276000,0,1,0
1.205276320,0,0,0
1.205276640,0,1,0
1.205276960,0,0,0
1.205277280,0,1,0
1.205277600,0,0,0
1.205277920,0,1,0
1.205278240,0,0,0
1.205278560,0,1,0
1.205278880,0,0,0
1.205279360,0,1,0
1.205279680,0,0,0
1.205280000,0,1,0
1.205280320,0,0,0
1.205280640,0,1,0
1.205280960,0,0,0
1.205281280,0,1,0
1.205281600,0,0,0
1.205281920,0,1,0
1.205282240,0,0,0
1.205282560,0,1,0
1.205282880,0,0,0
1.205283360,0,1,0
1.205283680,0,0,0
1.205284000,0,1,0
1.205284320,0,0,0
1.205284640,0,1,0
1.205284960,0,0,0
1.205285280,0,1,0
1.205285600,0,0,0
1.205285920,0,1,0
1.205286240,0,0,0
1.205286560,0,1,0
1.205286880,0,0,0
1.205287360,0,1,0
1.205287680,0,0,0
1.205288000,0,1,0
1.205288320,0,0,0
1.205288640,0,1,0
1.205288960,0,0,0
1.205289280,0,1,0
1.205289600,0,0,0
1.205289920,0,1,0
1.205290240,0,0,0
1.205290560,0,1,0
1.205290880,0,0,0
1.205291360,0,1,0
1.205291680,0,0,0
1.205292000,0,1,0
1.205292320,0,0,0
1.205292640,0,1,0
1.205292960,0,0,0
1.205293280,0,1,0
1.205293600,0,0,0
1.205293920,0,1,0
1.205294240,0,0,0
1.205294560,0,1,0
1.205294880,0,0,0
1.205295360,0,1,0
1.205295680,0,0,0
1.205296000,0,1,0
1.205296320,0,0,0
1.205296640,0,1,0
1.205296960,0,0,0
1.205297280,0,1,0
1.205297600,0,0,0
1.205297920,0,1,0
1.205298240,0,0,0
1.205298560,0,1,0
1.205298880,0,0,0
1.205299360,0,1,0
1.205299680,0,0,0
1.205300000,0,1,0
1.205300320,0,0,0
1.205300640,0,1,0
1.205300960,0,0,0
1.205301280,0,1,0
1.205301600,0,0,0
1.205301920,0,1,0
1.205302240,0,0,0
1.205302560,0,1,0
1.205302880,0,0,0
1.205303360,0,1,0
1.205303680,0,0,0
1.205304000,0,1,0
1.205304320,0,0,0
1.205304640,0,1,0
1.205304960,0,0,0
1.205305280,0,1,0
1.205305600,0,0,0
1.205305920,0,1,0
1.205306240,0,0,0
1.205306560,0,1,0
1.205306880,0,0,0
1.205307360,0,1,0
1.205307680,0,0,0
1.205308000,0,1,0
1.205308320,0,0,0
1.205308640,0,1,0
1.205308960,0,0,0
1.205309280,0,1,0
1.205309600,0,0,0
1.205309920,0,1,0
1.205310240,0,0,0
1.205310560,0,1,0
1.205310880,0,0,0
1.205311360,0,1,0
1.205311680,0,0,0
1.205312000,0,1,0
1.205312320,1,0,0
1.205312640,1,1,0
1.205312960,1,0,1
1.205313280,1,1,1
1.205313600,1,0,0
1.205313920,1,1,0
1.205314240,0,0,1
1.205314560,0,1,1
1.205314880,1,0,1
1.205315360,1,1,1
1.205315680,1,0,0
1.205316000,1,1,0
1.205316320,0,0,1
1.205316640,0,1,1
1.205316960,1,0,0
1.205317280,1,1,0
1.205318880,0,1,0
1.208432320,1,1,0
1.208432960,0,0,0
1.208433280,0,1,0
1.208433600,0,0,0
1.208433920,0,1,0
1.208434240,0,0,0
1.208434560,0,1,0
1.208434880,0,0,0
1.208435200,0,1,0
1.208435680,0,0,0
1.208436000,0,1,0
1.208436320,0,0,0
1.208436640,0,1,0
1.208436960,0,0,0
1.208437280,0,1,0
1.208437600,0,0,0
1.208437920,0,1,0
1.208438240,0,0,0
1.208438560,0,1,0
1.208438880,0,0,0
1.208439200,0,1,0
1.208439680,0,0,0
1.208440000,0,1,0
1.208440320,0,0,0
1.208440640,0,1,0
1.208440960,0,0,0
1.208441280,0,1,0
1.208441600,0,0,0
1.208441920,0,1,0
1.208442240,0,0,0
1.208442560,0,1,0
1.208442880,0,0,0
1.208443200,0,1,0
1.208443680,0,0,0
1.208444000,0,1,0
1.208444320,0,0,0
1.208444640,0,1,0
1.208444960,0,0,0
1.208445280,0,1,0
1.208445600,0,0,0
1.208445920,0,1,0
1.208446240,0,0,0
1.208446560,0,1,0
1.208446880,1,0,0
1.208447200,1,1,0
1.208447680,0,0,0
1.208448000,0,1,0
1.208448320,1,0,0
1.208448640,1,1,0
1.208448960,1,0,0
1.208449280,1,1,0
1.208449600,0,0,0
1.208449920,0,1,0
1.208450240,0,0,0
1.208450560,0,1,0
1.208450880,1,0,0
1.208451200,1,1,0
1.208451680,0,0,0
1.208452000,0,1,0
1.208452320,1,0,0
1.208452640,1,1,0
1.208452960,1,0,0
1.208453280,1,1,0
1.208453600,0,0,0
1.208453920,0,1,0
1.209235680,0,0,0
1.209236000,0,1,0
1.209236320,0,0,0
1.209236640,0,1,0
1.209236960,0,0,0
1.209237280,0,1,0
1.209237600,0,0,0
1.209237920,0,1,0
1.209238240,1,0,1
1.209238560,1,1,1
1.209238880,1,0,0
1.209239200,1,1,0
1.209239680,0,0,0
1.209240000,0,1,0
1.209240320,1,0,0
1.209240640,1,1,0
1.209240960,0,0,0
1.209241280,0,1,0
1.209241600,0,0,0
1.209241920,0,1,0
1.209242240,0,0,0
1.209242560,0,1,0
1.209242880,1,0,0
1.209243200,1,1,0
1.209243680,0,0,0
1.209244000,0,1,0
1.209244320,0,0,0
1.209244640,0,1,0
1.209244960,0,0,0
1.209245280,0,1,0
1.209245600,0,0,0
1.209245920,0,1,0
1.209246240,1,0,1
1.209246560,1,1,1
1.209246880,0,0,0
1.209247200,0,1,0
1.209247680,0,0,0
1.209248000,0,1,0
1.209248320,0,0,0
1.209248640,0,1,0
1.209248960,0,0,0
1.209249280,0,1,0
1.209249600,0,0,1
1.209249920,0,1,1
1.209250240,0,0,0
1.209250560,0,1,0
1.209250880,0,0,0
1.209251040,0,0,1
1.209251200,0,1,1
1.209251680,0,0,1
1.209252000,0,1,1
1.209252320,0,0,0
1.209252640,0,1,0
1.209252960,0,0,1
1.209253280,0,1,1
1.209253600,0,0,0
1.209253920,0,1,0
1.209254240,1,0,1
1.209254560,1,1,1
1.209254880,0,0,1
1.209255040,0,0,0
1.209255200,0,1,0
1.209255680,1,0,0
1.209256000,1,1,0
1.209256320,0,0,0
1.209256640,0,1,0
1.209802240,0,0,0
1.209802560,0,1,0
1.209802880,0,0,0
1.209803200,0,1,0
1.209803680,0,0,0
1.209804000,0,1,0
1.209804320,0,0,0
1.209804640,0,1,0
1.209804960,0,0,0
1.209805280,0,1,0
1.209805600,0,0,0
1.209805920,0,1,0
1.209806240,0,0,0
1.209806560,0,1,0
1.209806880,0,0,0
1.209807200,0,1,0
1.209807680,0,0,0
1.209808000,0,1,0
1.209808320,0,0,0
1.209808640,0,1,0
1.209808960,0,0,0
1.209809280,0,1,0
1.209809600,0,0,0
1.209809920,0,1,0
1.209810240,0,0,0
1.209810560,0,1,0
1.209810880,0,0,0
1.209811200,0,1,0
1.209811680,0,0,0
1.209812000,0,1,0
1.209812320,0,0,0
1.209812640,0,1,0
1.209812960,0,0,0
1.209813280,0,1,0
1.209813600,0,0,0
1.209813920,0,1,0
1.209814240,0,0,0
1.209814560,0,1,0
1.209814880,0,0,0
1.209815200,0,1,0
1.209815680,0,0,0
1.209816000,0,1,0
1.209816320,0,0,1
1.209816640,0,1,1
1.209816960,0,0,0
1.209817280,0,1,0
1.209817600,0,0,1
1.209817920,0,1,1
1.209818240,0,0,1
1.209818560,0,1,1
1.209818880,0,0,0
1.209819200,0,1,0
1.209819680,0,0,0
1.209820000,0,1,0
1.209820320,0,0,1
1.209820640,0,1,1
1.209820960,0,0,0
1.209821280,0,1,0
1.209821600,0,0,1
1.209821920,0,1,1
1.209822240,0,0,1
1.209822560,0,1,1
1.209822880,0,0,0
1.209823200,0,1,0
1.210380960,0,0,0
1.210381280,0,1,0
1.210381600,0,0,0
1.210381920,0,1,0
1.210382240,0,0,0
1.210382560,0,1,0
1.210382880,0,0,0
1.210383200,0,1,0
1.210383680,1,0,1
1.210384000,1,1,1
1.210384320,0,0,1
1.210384640,0,1,1
1.210384960,0,0,0
1.210385280,0,1,0
1.210385600,0,0,1
1.210385920,0,1,1
1.210386240,0,0,0
1.210386560,0,1,0
1.210386880,0,0,0
1.210387200,0,1,0
1.210387680,0,0,0
1.210388000,0,1,0
1.210388320,0,0,0
1.210388640,0,1,0
1.210388960,0,0,0
1.210389280,0,1,0
1.210389600,0,0,0
1.210389920,0,1,0
1.210390240,0,0,0
1.210390560,0,1,0
1.210390880,0,0,0
1.210391200,0,1,0
1.210391680,1,0,1
1.210392000,1,1,1
1.210392320,0,0,0
1.210392640,0,1,0
1.210392960,0,0,0
1.210393280,0,1,0
1.210393600,0,0,0
1.210393920,0,1,0
1.210394240,0,0,0
1.210394560,0,1,0
1.210394880,1,0,0
1.210395200,1,1,0
1.210395680,0,0,0
1.210396000,0,1,0
1.210396320,1,0,0
1.210396640,1,1,0
1.210396960,1,0,0
1.210397280,1,1,0
1.210397600,0,0,0
1.210397920,0,1,0
1.210398240,1,0,1
1.210398560,1,1,1
1.210398880,0,0,1
1.210399200,0,1,1
1.210399680,1,0,1
1.210400000,1,1,1
1.210400320,0,0,0
1.210400640,0,1,0
1.210400960,0,0,1
1.210401280,0,1,1
1.210401600,0,0,0
1.210401920,0,1,0
1.210970880,0,0,0
1.210971200,0,1,0
1.210971680,0,0,0
1.210972000,0,1,0
1.210972320,0,0,0
1.210972640,0,1,0
1.210972960,0,0,0
1.210973280,0,1,0
1.210973600,0,0,0
1.210973920,0,1,0
1.210974240,0,0,0
1.210974560,0,1,0
1.210974880,0,0,0
1.210975200,0,1,0
1.210975680,0,0,0
1.210976000,0,1,0
1.210976320,0,0,0
1.210976640,0,1,0
1.210976960,0,0,0
1.210977280,0,1,0
1.210977600,0,0,0
1.210977920,0,1,0
1.210978240,0,0,0
1.210978560,0,1,0
1.210978880,0,0,0
1.210979200,0,1,0
1.210979680,0,0,0
1.210980000,0,1,0
1.210980320,0,0,0
1.210980640,0,1,0
1.210980960,0,0,0
1.210981280,0,1,0
1.210981600,0,0,0
1.210981920,0,1,0
1.210982240,0,0,0
1.210982560,0,1,0
1.210982880,0,0,0
1.210983200,0,1,0
1.210983680,0,0,0
1.210984000,0,1,0
1.210984320,1,0,0
1.210984640,1,1,0
1.210984960,0,0,0
1.210985280,0,1,0
1.210985600,0,0,0
1.210985920,0,1,0
1.210986240,0,0,0
1.210986560,0,1,0
1.210986880,0,0,0
1.210987200,0,1,0
1.210987680,0,0,0
1.210988000,0,1,0
1.210988320,1,0,0
1.210988640,1,1,0
1.210988960,0,0,0
1.210989280,0,1,0
1.210989600,0,0,0
1.210989920,0,1,0
1.210990240,0,0,0
1.210990560,0,1,0
1.210990880,0,0,0
1.210991200,0,1,0
1.210991680,0,0,0
1.210992000,0,1,0
1.211767680,0,0,0
1.211768000,0,1,0
1.211768320,0,0,0
1.211768640,0,1,0
1.211768960,0,0,0
1.211769280,0,1,0
1.211769600,0,0,0
1.211769920,0,1,0
1.211770240,1,0,1
1.211770560,1,1,1
1.211770880,1,0,0
1.211771200,1,1,0
1.211771680,1,0,0
1.211772000,1,1,0
1.211772320,0,0,0
1.211772640,0,1,0
1.211772960,0,0,0
1.211773280,0,1,0
1.211773600,0,0,0
1.211773920,0,1,0
1.211774240,0,0,0
1.211774560,0,1,0
1.211774880,1,0,0
1.211775200,1,1,0
1.211775680,0,0,0
1.211776000,0,1,0
1.211776320,0,0,0
1.211776640,0,1,0
1.211776960,0,0,0
1.211777280,0,1,0
1.211777600,0,0,0
1.211777920,0,1,0
1.211778240,1,0,1
1.211778560,1,1,1
1.211778880,0,0,0
1.211779200,0,1,0
1.211779680,0,0,0
1.211780000,0,1,0
1.211780320,0,0,0
1.211780640,0,1,0
1.211780960,0,0,1
1.211781280,0,1,1
1.211781600,0,0,0
1.211781920,0,1,0
1.211782240,0,0,0
1.211782560,0,1,0
1.211782880,0,0,0
1.211783200,0,1,0
1.211783680,0,0,0
1.211784000,0,1,0
1.211784320,0,0,0
1.211784640,0,1,0
1.211784960,0,0,1
1.211785280,0,1,1
1.211785600,1,0,1
1.211785920,1,1,1
1.211786240,0,0,0
1.211786560,0,1,0
1.211786880,0,0,0
1.211787200,0,1,0
1.211787680,1,0,1
1.211788000,1,1,1
1.211788320,0,0,0
1.211788640,0,1,0
1.212332960,0,0,0
1.212333280,0,1,0
1.212333600,0,0,0
1.212333920,0,1,0
1.212334240,0,0,0
1.212334560,0,1,0
1.212334880,0,0,1
1.212335200,0,1,1
1.212335680,0,0,0
1.212336000,0,1,0
1.212336320,0,0,0
1.212336640,0,1,0
1.212336960,0,0,0
1.212337280,0,1,0
1.212337600,0,0,1
1.212337920,0,1,1
1.212338240,0,0,1
1.212338560,0,1,1
1.212338880,0,0,0
1.212339200,0,1,0
1.212339680,0,0,0
1.212340000,0,1,0
1.212340320,0,0,1
1.212340640,0,1,1
1.212340960,0,0,1
1.212341280,0,1,1
1.212341600,0,0,0
1.212341920,0,1,0
1.212342240,0,0,0
1.212342560,0,1,0
1.212342880,0,0,1
1.212343200,0,1,1
1.212343680,0,0,0
1.212344000,0,1,0
1.212344320,0,0,0
1.212344640,0,1,0
1.212344960,0,0,0
1.212345280,0,1,0
1.212345600,0,0,0
1.212345920,0,1,0
1.212346240,0,0,1
1.212346560,0,1,1
1.212346880,0,0,0
1.212347200,0,1,0
1.212347520,0,0,0
1.212348000,0,1,0
1.212348320,0,0,0
1.212348640,0,1,0
1.212348960,0,0,0
1.212349280,0,1,0
1.212349600,0,0,0
1.212349920,0,1,0
1.212350240,0,0,1
1.212350560,0,1,1
1.212350880,0,0,0
1.212351200,0,1,0
1.212351520,0,0,0
1.212351680,0,0,1
1.212352000,0,1,1
1.212352320,0,0,0
1.212352640,0,1,0
1.212352960,0,0,0
1.212353280,0,1,0
1.212353600,0,0,0
1.212353920,0,1,0
1.212903680,0,0,0
1.212904000,0,1,0
1.212904320,0,0,0
1.212904640,0,1,0
1.212904960,0,0,0
1.212905280,0,1,0
1.212905600,0,0,0
1.212905920,0,1,0
1.212906240,1,0,1
1.212906560,1,1,1
1.212906880,0,0,1
1.212907200,0,1,1
1.212907520,0,0,1
1.212908000,0,1,1
1.212908320,0,0,0
1.212908640,0,1,0
1.212908960,0,0,0
1.212909280,0,1,0
1.212909600,0,0,0
1.212909920,0,1,0
1.212910240,0,0,0
1.212910560,0,1,0
1.212910880,0,0,0
1.212911200,0,1,0
1.212911520,0,0,0
1.212912000,0,1,0
1.212912320,0,0,0
1.212912640,0,1,0
1.212912960,0,0,0
1.212913280,0,1,0
1.212913600,0,0,0
1.212913920,0,1,0
1.212914240,1,0,1
1.212914560,1,1,1
1.212914880,0,0,0
1.212915200,0,1,0
1.212915520,0,0,0
1.212916000,0,1,0
1.212916320,0,0,0
1.212916640,0,1,0
1.212916960,1,0,0
1.212917280,1,1,0
1.212917600,0,0,0
1.212917920,0,1,0
1.212918240,0,0,0
1.212918560,0,1,0
1.212918880,0,0,0
1.212919200,0,1,0
1.212919520,0,0,0
1.212920000,0,1,0
1.212920320,0,0,0
1.212920640,0,1,0
1.212920960,1,0,0
1.212921280,1,1,0
1.212921600,1,0,0
1.212921920,1,1,0
1.212922240,0,0,0
1.212922560,0,1,0
1.212922880,0,0,0
1.212923200,0,1,0
1.212923520,0,0,0
1.212923680,1,0,1
1.212924000,1,1,1
1.212924320,0,0,0
1.212924640,0,1,0
1.213498240,0,0,0
1.213498560,0,1,0
1.213498880,0,0,0
1.213499200,0,1,0
1.213499520,0,0,0
1.213500000,0,1,0
1.213500320,0,0,0
1.213500640,0,1,0
1.213500960,0,0,0
1.213501280,0,1,0
1.213501600,0,0,0
1.213501920,0,1,0
1.213502240,0,0,0
1.213502560,0,1,0
1.213502880,0,0,0
1.213503200,0,1,0
1.213503520,0,0,0
1.213504000,0,1,0
1.213504320,0,0,0
1.213504640,0,1,0
1.213504960,0,0,0
1.213505280,0,1,0
1.213505600,0,0,0
1.213505920,0,1,0
1.213506240,0,0,0
1.213506560,0,1,0
1.213506880,0,0,0
1.213507200,0,1,0
1.213507520,0,0,0
1.213508000,0,1,0
1.213508320,0,0,0
1.213508640,0,1,0
1.213508960,0,0,0
1.213509280,0,1,0
1.213509600,0,0,0
1.213509920,0,1,0
1.213510240,0,0,0
1.213510560,0,1,0
1.213510880,0,0,0
1.213511200,0,1,0
1.213511520,0,0,0
1.213511680,1,0,0
1.213512000,1,1,0
1.213512320,1,0,0
1.213512640,1,1,0
1.213512960,0,0,0
1.213513280,0,1,0
1.213513600,0,0,0
1.213513920,0,1,0
1.213514240,0,0,0
1.213514560,0,1,0
1.213514880,0,0,0
1.213515200,0,1,0
1.213515520,0,0,0
1.213515680,1,0,0
1.213516000,1,1,0
1.213516320,1,0,0
1.213516640,1,1,0
1.213516960,0,0,0
1.213517280,0,1,0
1.213517600,0,0,0
1.213517920,0,1,0
1.213518240,0,0,0
1.213518560,0,1,0
1.213518880,0,0,0
1.213519200,0,1,0
1.214290240,0,0,0
1.214290560,0,1,0
1.214290880,0,0,0
1.214291200,0,1,0
1.214291520,0,0,0
1.214292000,0,1,0
1.214292320,0,0,0
1.214292640,0,1,0
1.214292960,1,0,1
1.214293280,1,1,1
1.214293600,1,0,0
1.214293920,1,1,0
1.214294240,1,0,0
1.214294560,1,1,0
1.214294880,1,0,0
1.214295200,1,1,0
1.214295520,0,0,0
1.214296000,0,1,0
1.214296320,0,0,0
1.214296640,0,1,0
1.214296960,0,0,0
1.214297280,0,1,0
1.214297600,1,0,0
1.214297920,1,1,0
1.214298240,0,0,0
1.214298560,0,1,0
1.214298880,0,0,0
1.214299200,0,1,0
1.214299520,0,0,0
1.214300000,0,1,0
1.214300320,0,0,0
1.214300640,0,1,0
1.214300960,1,0,1
1.214301280,1,1,1
1.214301600,0,0,0
1.214301920,0,1,0
1.214302240,0,0,0
1.214302560,0,1,0
1.214302880,0,0,0
1.214303200,0,1,0
1.214303520,0,0,0
1.214303680,0,0,1
1.214304000,0,1,1
1.214304320,0,0,1
1.214304640,0,1,1
1.214304960,0,0,0
1.214305280,0,1,0
1.214305600,0,0,0
1.214305920,0,1,0
1.214306240,0,0,0
1.214306560,0,1,0
1.214306880,0,0,0
1.214307200,0,1,0
1.214307520,0,0,0
1.214308000,0,1,0
1.214308320,1,0,0
1.214308640,1,1,0
1.214308960,1,0,0
1.214309280,1,1,0
1.214309600,0,0,0
1.214309920,0,1,0
1.214310240,1,0,1
1.214310560,1,1,1
1.214310880,0,0,0
1.214311200,0,1,0
1.214856960,0,0,0
1.214857280,0,1,0
1.214857600,0,0,0
1.214857920,0,1,0
1.214858240,0,0,0
1.214858560,0,1,0
1.214858880,0,0,0
1.214859200,0,1,0
1.214859520,0,0,0
1.214860000,0,1,0
1.214860320,0,0,0
1.214860640,0,1,0
1.214860960,0,0,0
1.214861280,0,1,0
1.214861600,0,0,0
1.214861920,0,1,0
1.214862240,0,0,0
1.214862560,0,1,0
1.214862880,0,0,0
1.214863200,0,1,0
1.214863520,0,0,0
1.214864000,0,1,0
1.214864320,0,0,0
1.214864640,0,1,0
1.214864960,0,0,0
1.214865280,0,1,0
1.214865600,0,0,1
1.214865920,0,1,1
1.214866240,0,0,0
1.214866560,0,1,0
1.214866880,0,0,0
1.214867200,0,1,0
1.214867520,0,0,0
1.214868000,0,1,0
1.214868320,0,0,0
1.214868640,0,1,0
1.214868960,0,0,0
1.214869280,0,1,0
1.214869600,0,0,0
1.214869920,0,1,0
1.214870240,1,0,1
1.214870560,1,1,1
1.214870880,1,0,1
1.214871200,1,1,1
1.214871520,0,0,1
1.214871680,0,0,0
1.214872000,0,1,0
1.214872320,0,0,0
1.214872640,0,1,0
1.214872960,0,0,0
1.214873280,0,1,0
1.214873600,1,0,0
1.214873920,1,1,0
1.214874240,1,0,1
1.214874560,1,1,1
1.214874880,1,0,1
1.214875200,1,1,1
1.214875520,0,0,1
1.214875680,0,0,0
1.214876000,0,1,0
1.214876320,0,0,1
1.214876640,0,1,1
1.214876960,1,0,0
1.214877280,1,1,0
1.214877600,0,0,0
1.214877920,0,1,0
1.215652320,0,0,0
1.215652640,0,1,0
1.215652960,0,0,0
1.215653280,0,1,0
1.215653600,0,0,0
1.215653920,0,1,0
1.215654240,0,0,0
1.215654560,0,1,0
1.215654880,1,0,1
1.215655200,1,1,1
1.215655520,0,0,1
1.215656000,0,1,1
1.215656320,0,0,1
1.215656640,0,1,1
1.215656960,0,0,1
1.215657280,0,1,1
1.215657600,0,0,0
1.215657920,0,1,0
1.215658240,0,0,0
1.215658560,0,1,0
1.215658880,0,0,0
1.215659200,0,1,0
1.215659520,0,0,0
1.215660000,0,1,0
1.215660320,0,0,0
1.215660640,0,1,0
1.215660960,0,0,0
1.215661280,0,1,0
1.215661600,0,0,0
1.215661920,0,1,0
1.215662240,0,0,0
1.215662560,0,1,0
1.215662880,1,0,1
1.215663200,1,1,1
1.215663520,0,0,1
1.215663680,0,0,0
1.215664000,0,1,0
1.215664320,0,0,0
1.215664640,0,1,0
1.215664960,0,0,0
1.215665280,0,1,0
1.215665600,1,0,1
1.215665920,1,1,1
1.215666240,1,0,1
1.215666560,1,1,1
1.215666880,0,0,0
1.215667200,0,1,0
1.215667520,0,0,0
1.215668000,0,1,0
1.215668320,0,0,0
1.215668640,0,1,0
1.215668960,0,0,1
1.215669280,0,1,1
1.215669600,0,0,1
1.215669920,0,1,1
1.215670240,0,0,1
1.215670560,0,1,1
1.215670880,0,0,1
1.215671200,0,1,1
1.215671520,0,0,1
1.215672000,0,1,1
1.215672320,1,0,0
1.215672640,1,1,0
1.215672960,0,0,0
1.215673280,0,1,0
1.216235520,0,0,0
1.216236000,0,1,0
1.216236320,0,0,0
1.216236640,0,1,0
1.216236960,0,0,0
1.216237280,0,1,0
1.216237600,0,0,0
1.216237920,0,1,0
1.216238240,0,0,0
1.216238560,0,1,0
1.216238880,0,0,0
1.216239200,0,1,0
1.216239520,0,0,0
1.216240000,0,1,0
1.216240320,0,0,0
1.216240640,0,1,0
1.216240960,0,0,0
1.216241280,0,1,0
1.216241600,0,0,1
1.216241920,0,1,1
1.216242240,0,0,0
1.216242560,0,1,0
1.216242880,0,0,0
1.216243200,0,1,0
1.216243520,0,0,0
1.216244000,0,1,0
1.216244320,0,0,0
1.216244640,0,1,0
1.216244960,0,0,0
1.216245280,0,1,0
1.216245600,0,0,0
1.216245920,0,1,0
1.216246240,0,0,0
1.216246560,0,1,0
1.216246880,0,0,0
1.216247200,0,1,0
1.216247520,0,0,0
1.216248000,0,1,0
1.216248320,0,0,0
1.216248640,0,1,0
1.216248960,0,0,1
1.216249280,0,1,1
1.216249600,0,0,1
1.216249920,0,1,1
1.216250240,0,0,0
1.216250560,0,1,0
1.216250880,0,0,0
1.216251200,0,1,0
1.216251520,0,0,0
1.216252000,0,1,0
1.216252320,0,0,1
1.216252640,0,1,1
1.216252960,0,0,1
1.216253280,0,1,1
1.216253600,0,0,1
1.216253920,0,1,1
1.216254240,0,0,0
1.216254560,0,1,0
1.216254880,0,0,1
1.216255200,0,1,1
1.216255520,0,0,1
1.216255680,0,0,0
1.216256000,0,1,0
1.216256320,0,0,0
1.216256640,0,1,0
1.216810240,0,0,0
1.216810560,0,1,0
1.216810880,0,0,0
1.216811200,0,1,0
1.216811520,0,0,0
1.216812000,0,1,0
1.216812320,0,0,0
1.216812640,0,1,0
1.216812960,1,0,1
1.216813280,1,1,1
1.216813600,0,0,0
1.216813920,0,1,0
1.216814240,0,0,0
1.216814560,0,1,0
1.216814880,0,0,0
1.216815200,0,1,0
1.216815520,0,0,0
1.216816000,0,1,0
1.216816320,0,0,0
1.216816640,0,1,0
1.216816960,0,0,0
1.216817280,0,1,0
1.216817600,0,0,0
1.216817920,0,1,0
1.216818240,0,0,0
1.216818560,0,1,0
1.216818880,0,0,0
1.216819200,0,1,0
1.216819520,0,0,0
1.216820000,0,1,0
1.216820320,0,0,0
1.216820640,0,1,0
1.216820960,1,0,1
1.216821280,1,1,1
1.216821600,0,0,0
1.216821920,0,1,0
1.216822240,0,0,0
1.216822560,0,1,0
1.216822880,0,0,0
1.216823200,0,1,0
1.216823520,0,0,0
1.216823680,1,0,0
1.216824000,1,1,0
1.216824320,1,0,0
1.216824640,1,1,0
1.216824960,0,0,0
1.216825280,0,1,0
1.216825600,0,0,0
1.216825920,0,1,0
1.216826240,0,0,0
1.216826560,0,1,0
1.216826880,1,0,0
1.216827200,1,1,0
1.216827520,0,0,0
1.216828000,0,1,0
1.216828320,0,0,1
1.216828640,0,1,1
1.216828960,0,0,0
1.216829280,0,1,0
1.216829600,1,0,0
1.216829920,1,1,0
1.216830240,0,0,1
1.216830560,0,1,1
1.216830880,0,0,0
1.216831200,0,1,0
1.250696800,0,0,0
1.250697280,0,1,0
1.250697600,0,0,0
1.250697920,0,1,0
1.250698240,0,0,0
1.250698560,0,1,0
1.250698880,0,0,0
1.250699200,0,1,0
1.250699520,0,0,0
1.250699840,0,1,0
1.250700160,0,0,0
1.250700480,0,1,0
1.250700800,0,0,0
1.250701280,0,1,0
1.250701600,0,0,0
1.250701920,0,1,0
1.250702240,0,0,0
1.250702560,0,1,0
1.250702880,0,0,0
1.250703200,0,1,0
1.250703520,0,0,0
1.250703840,0,1,0
1.250704160,0,0,0
1.250704480,0,1,0
1.250704800,0,0,0
1.250705280,0,1,0
1.250705600,0,0,0
1.250705920,0,1,0
1.250706240,0,0,0
1.250706560,0,1,0
1.250706880,0,0,0
1.250707200,0,1,0
1.250707520,0,0,0
1.250707840,0,1,0
1.250708160,0,0,0
1.250708480,0,1,0
1.250708800,0,0,0
1.250709280,0,1,0
1.250709600,0,0,0
1.250709920,0,1,0
1.250710240,1,0,0
1.250710560,1,1,0
1.250710880,0,0,0
1.250711200,0,1,0
1.250711520,0,0,0
1.250711840,0,1,0
1.250712160,0,0,0
1.250712480,0,1,0
1.250712800,0,0,0
1.250713280,0,1,0
1.250713600,0,0,0
1.250713920,0,1,0
1.250714240,1,0,0
1.250714560,1,1,0
1.250714880,0,0,0
1.250715200,0,1,0
1.250715520,0,0,0
1.250715840,0,1,0
1.250716160,0,0,0
1.250716480,0,1,0
1.250716800,0,0,0
1.250717280,0,1,0
1.250717600,0,0,0
1.250717920,0,1,0
1.251484800,0,0,0
1.251485280,0,1,0
1.251485600,0,0,0
1.251485920,0,1,0
1.251486240,0,0,0
1.251486560,0,1,0
1.251486880,0,0,0
1.251487200,0,1,0
1.251487520,1,0,1
1.251487840,1,1,1
1.251488160,0,0,0
1.251488480,0,1,0
1.251488800,0,0,0
1.251489280,0,1,0
1.251489600,1,0,0
1.251489920,1,1,0
1.251490240,0,0,0
1.251490560,0,1,0
1.251490880,0,0,0
1.251491200,0,1,0
1.251491520,0,0,0
1.251491840,0,1,0
1.251492160,1,0,0
1.251492480,1,1,0
1.251492800,0,0,0
1.251493280,0,1,0
1.251493600,0,0,0
1.251493920,0,1,0
1.251494240,0,0,0
1.251494560,0,1,0
1.251494880,0,0,0
1.251495200,0,1,0
1.251495520,1,0,1
1.251495840,1,1,1
1.251496160,0,0,0
1.251496480,0,1,0
1.251496800,0,0,0
1.251497280,0,1,0
1.251497600,0,0,0
1.251497920,0,1,0
1.251498240,0,0,1
1.251498560,0,1,1
1.251498880,0,0,0
1.251499200,0,1,0
1.251499520,0,0,0
1.251499840,0,1,0
1.251500160,0,0,0
1.251500480,0,1,0
1.251500800,0,0,0
1.251501280,0,1,0
1.251501600,0,0,0
1.251501920,0,1,0
1.251502240,1,0,1
1.251502560,1,1,1
1.251502880,0,0,1
1.251503200,0,1,1
1.251503520,1,0,0
1.251503840,1,1,0
1.251504160,0,0,0
1.251504480,0,1,0
1.251504800,1,0,0
1.251504960,1,0,1
1.251505280,1,1,1
1.251505600,0,0,0
1.251505920,0,1,0
1.252059520,0,0,0
1.252059840,0,1,0
1.252060160,0,0,0
1.252060480,0,1,0
1.252060800,0,0,0
1.252061120,0,1,0
1.252061600,0,0,0
1.252061920,0,1,0
1.252062240,0,0,0
1.252062560,0,1,0
1.252062880,0,0,0
1.252063200,0,1,0
1.252063520,0,0,0
1.252063840,0,1,0
1.252064160,0,0,1
1.252064480,0,1,1
1.252064800,0,0,1
1.252065280,0,1,1
1.252065600,0,0,0
1.252065920,0,1,0
1.252066240,0,0,0
1.252066560,0,1,0
1.252066880,0,0,0
1.252067200,0,1,0
1.252067520,0,0,1
1.252067840,0,1,1
1.252068160,0,0,0
1.252068480,0,1,0
1.252068800,0,0,0
1.252069280,0,1,0
1.252069600,0,0,1
1.252069920,0,1,1
1.252070240,0,0,0
1.252070560,0,1,0
1.252070880,0,0,0
1.252071200,0,1,0
1.252071520,0,0,0
1.252071840,0,1,0
1.252072160,0,0,0
1.252072480,0,1,0
1.252072800,0,0,0
1.252072960,0,0,1
1.252073280,0,1,1
1.252073600,0,0,0
1.252073920,0,1,0
1.252074240,0,0,0
1.252074560,0,1,0
1.252074880,0,0,0
1.252075200,0,1,0
1.252075520,0,0,0
1.252075840,0,1,0
1.252076160,0,0,0
1.252076480,0,1,0
1.252076800,0,0,0
1.252077280,0,1,0
1.252077600,0,0,1
1.252077920,0,1,1
1.252078240,0,0,0
1.252078560,0,1,0
1.252078880,0,0,1
1.252079200,0,1,1
1.252079520,0,0,0
1.252079840,0,1,0
1.252080160,0,0,0
1.252080480,0,1,0
1.252622880,0,0,0
1.252623200,0,1,0
1.252623520,0,0,0
1.252623840,0,1,0
1.252624160,0,0,0
1.252624480,0,1,0
1.252624800,0,0,0
1.252625120,0,1,0
1.252625600,1,0,1
1.252625920,1,1,1
1.252626240,0,0,0
1.252626560,0,1,0
1.252626880,0,0,0
1.252627200,0,1,0
1.252627520,0,0,1
1.252627840,0,1,1
1.252628160,0,0,0
1.252628480,0,1,0
1.252628800,0,0,0
1.252629120,0,1,0
1.252629600,0,0,0
1.252629920,0,1,0
1.252630240,0,0,0
1.252630560,0,1,0
1.252630880,0,0,0
1.252631200,0,1,0
1.252631520,0,0,0
1.252631840,0,1,0
1.252632160,0,0,0
1.252632480,0,1,0
1.252632800,0,0,0
1.252633120,0,1,0
1.252633600,1,0,1
1.252633920,1,1,1
1.252634240,0,0,0
1.252634560,0,1,0
1.252634880,0,0,0
1.252635200,0,1,0
1.252635520,0,0,0
1.252635840,0,1,0
1.252636160,1,0,0
1.252636480,1,1,0
1.252636800,0,0,0
1.252637280,0,1,0
1.252637600,0,0,0
1.252637920,0,1,0
1.252638240,0,0,0
1.252638560,0,1,0
1.252638880,0,0,0
1.252639200,0,1,0
1.252639520,0,0,0
1.252639840,0,1,0
1.252640160,1,0,0
1.252640480,1,1,0
1.252640800,1,0,0
1.252640960,1,0,1
1.252641280,1,1,1
1.252641600,0,0,1
1.252641920,0,1,1
1.252642240,0,0,0
1.252642560,0,1,0
1.252642880,1,0,1
1.252643200,1,1,1
1.252643520,0,0,0
1.252643840,0,1,0
1.313210720,0,0,0
1.313211040,0,1,0
1.313211360,0,0,0
1.313211680,0,1,0
1.313212160,0,0,0
1.313212480,0,1,0
1.313212800,0,0,0
1.313213120,0,1,0
1.313213440,0,0,0
1.313213760,0,1,0
1.313214080,0,0,0
1.313214400,0,1,0
1.313214720,0,0,0
1.313215040,0,1,0
1.313215360,0,0,0
1.313215680,0,1,0
1.313216160,0,0,0
1.313216480,0,1,0
1.313216800,0,0,0
1.313217120,0,1,0
1.313217440,0,0,0
1.313217760,0,1,0
1.313218080,0,0,0
1.313218400,0,1,0
1.313218720,0,0,0
1.313219040,0,1,0
1.313219360,0,0,0
1.313219680,0,1,0
1.313220160,0,0,0
1.313220480,0,1,0
1.313220800,0,0,0
1.313221120,0,1,0
1.313221440,0,0,0
1.313221760,0,1,0
1.313222080,0,0,0
1.313222400,0,1,0
1.313222720,0,0,0
1.313223040,0,1,0
1.313223360,0,0,0
1.313223680,0,1,0
1.313224160,1,0,0
1.313224480,1,1,0
1.313224800,0,0,0
1.313225120,0,1,0
1.313225440,0,0,0
1.313225760,0,1,0
1.313226080,0,0,0
1.313226400,0,1,0
1.313226720,0,0,0
1.313227040,0,1,0
1.313227360,0,0,0
1.313227840,0,1,0
1.313228160,1,0,0
1.313228480,1,1,0
1.313228800,0,0,0
1.313229120,0,1,0
1.313229440,0,0,0
1.313229760,0,1,0
1.313230080,0,0,0
1.313230400,0,1,0
1.313230720,0,0,0
1.313231040,0,1,0
1.313231360,0,0,0
1.313231840,0,1,0
1.313680800,0,0,0
1.313681120,0,1,0
1.313681440,0,0,0
1.313681760,0,1,0
1.313682080,0,0,0
1.313682400,0,1,0
1.313682720,0,0,0
1.313683040,0,1,0
1.313683360,1,0,0
1.313683520,1,0,1
1.313683680,1,1,1
1.313684160,0,0,0
1.313684480,0,1,0
1.313684800,1,0,0
1.313685120,1,1,0
1.313685440,0,0,0
1.313685760,0,1,0
1.313686080,0,0,0
1.313686400,0,1,0
1.313686720,0,0,0
1.313687040,0,1,0
1.313687360,0,0,0
1.313687680,0,1,0
1.313688160,1,0,0
1.313688480,1,1,0
1.313688800,0,0,0
1.313689120,0,1,0
1.313689440,0,0,0
1.313689760,0,1,0
1.313690080,0,0,0
1.313690400,0,1,0
1.313690720,0,0,0
1.313691040,0,1,0
1.313691360,1,0,0
1.313691520,1,0,1
1.313691680,1,1,1
1.313692160,0,0,0
1.313692480,0,1,0
1.313692800,0,0,0
1.313693120,0,1,0
1.313693440,0,0,0
1.313693760,0,1,0
1.313694080,0,0,1
1.313694400,0,1,1
1.313694720,0,0,0
1.313695040,0,1,0
1.313695360,0,0,0
1.313695680,0,1,0
1.313696160,0,0,0
1.313696480,0,1,0
1.313696800,0,0,0
1.313697120,0,1,0
1.313697440,0,0,0
1.313697760,0,1,0
1.313698080,1,0,1
1.313698400,1,1,1
1.313698720,1,0,1
1.313699040,1,1,1
1.313699360,0,0,1
1.313699520,0,0,0
1.313699680,0,1,0
1.313700160,0,0,0
1.313700480,0,1,0
1.313700800,1,0,1
1.313701120,1,1,1
1.313701440,0,0,0
1.313701760,0,1,0
1.313962720,0,0,0
1.313963040,0,1,0
1.313963360,0,0,0
1.313963680,0,1,0
1.313964160,0,0,0
1.313964480,0,1,0
1.313964800,0,0,0
1.313965120,0,1,0
1.313965440,0,0,0
1.313965760,0,1,0
1.313966080,0,0,0
1.313966400,0,1,0
1.313966720,0,0,0
1.313967040,0,1,0
1.313967360,0,0,0
1.313967520,0,0,1
1.313967680,0,1,1
1.313968160,0,0,1
1.313968480,0,1,1
1.313968800,0,0,0
1.313969120,0,1,0
1.313969440,0,0,0
1.313969760,0,1,0
1.313970080,0,0,0
1.313970400,0,1,0
1.313970720,0,0,1
1.313971040,0,1,1
1.313971360,0,0,1
1.313971520,0,0,0
1.313971680,0,1,0
1.313972160,0,0,0
1.313972480,0,1,0
1.313972800,0,0,1
1.313973120,0,1,1
1.313973440,0,0,0
1.313973760,0,1,0
1.313974080,0,0,0
1.313974400,0,1,0
1.313974720,0,0,0
1.313975040,0,1,0
1.313975360,0,0,0
1.313975680,0,1,0
1.313976160,0,0,1
1.313976480,0,1,1
1.313976800,0,0,0
1.313977120,0,1,0
1.313977440,0,0,0
1.313977760,0,1,0
1.313978080,0,0,0
1.313978400,0,1,0
1.313978720,0,0,0
1.313979040,0,1,0
1.313979360,0,0,0
1.313979680,0,1,0
1.313980160,0,0,0
1.313980480,0,1,0
1.313980800,0,0,1
1.313981120,0,1,1
1.313981440,0,0,0
1.313981760,0,1,0
1.313982080,0,0,1
1.313982400,0,1,1
1.313982720,0,0,0
1.313983040,0,1,0
1.313983360,0,0,0
1.313983680,0,1,0
1.314240800,0,0,0
1.314241120,0,1,0
1.314241440,0,0,0
1.314241760,0,1,0
1.314242080,0,0,0
1.314242400,0,1,0
1.314242720,0,0,0
1.314243040,0,1,0
1.314243360,1,0,0
1.314243520,1,0,1
1.314243680,1,1,1
1.314244160,0,0,0
1.314244480,0,1,0
1.314244800,0,0,1
1.314245120,0,1,1
1.314245440,0,0,0
1.314245760,0,1,0
1.314246080,0,0,0
1.314246400,0,1,0
1.314246720,0,0,0
1.314247040,0,1,0
1.314247360,0,0,0
1.314247680,0,1,0
1.314248160,0,0,0
1.314248480,0,1,0
1.314248800,0,0,0
1.314249120,0,1,0
1.314249440,0,0,0
1.314249760,0,1,0
1.314250080,0,0,0
1.314250400,0,1,0
1.314250720,0,0,0
1.314251040,0,1,0
1.314251360,1,0,0
1.314251520,1,0,1
1.314251680,1,1,1
1.314252160,0,0,0
1.314252480,0,1,0
1.314252800,0,0,0
1.314253120,0,1,0
1.314253440,0,0,0
1.314253760,0,1,0
1.314254080,1,0,0
1.314254400,1,1,0
1.314254720,0,0,0
1.314255040,0,1,0
1.314255360,0,0,0
1.314255680,0,1,0
1.314256160,0,0,0
1.314256480,0,1,0
1.314256800,0,0,0
1.314257120,0,1,0
1.314257440,0,0,0
1.314257760,0,1,0
1.314258080,1,0,1
1.314258400,1,1,1
1.314258720,1,0,0
1.314259040,1,1,0
1.314259360,0,0,0
1.314259680,0,1,0
1.314260160,0,0,0
1.314260480,0,1,0
1.314260800,1,0,1
1.314261120,1,1,1
1.314261440,0,0,0
1.314261760,0,1,0
1.330504800,0,0,0
1.330505120,0,1,0
1.330505440,0,0,0
1.330505760,0,1,0
1.330506080,0,0,0
1.330506400,0,1,0
1.330506720,0,0,0
1.330507040,0,1,0
1.330507360,0,0,0
1.330507680,0,1,0
1.330508000,0,0,0
1.330508320,0,1,0
1.330508800,0,0,0
1.330509120,0,1,0
1.330509440,0,0,0
1.330509760,0,1,0
1.330510080,0,0,0
1.330510400,0,1,0
1.330510720,0,0,0
1.330511040,0,1,0
1.330511360,0,0,0
1.330511680,0,1,0
1.330512000,0,0,0
1.330512320,0,1,0
1.330512800,0,0,0
1.330513120,0,1,0
1.330513440,0,0,0
1.330513760,0,1,0
1.330514080,0,0,0
1.330514400,0,1,0
1.330514720,0,0,0
1.330515040,0,1,0
1.330515360,0,0,0
1.330515680,0,1,0
1.330516000,0,0,0
1.330516320,0,1,0
1.330516800,1,0,0
1.330517120,1,1,0
1.330517440,0,0,0
1.330517760,0,1,0
1.330518080,0,0,0
1.330518400,0,1,0
1.330518720,0,0,0
1.330519040,0,1,0
1.330519360,0,0,0
1.330519680,0,1,0
1.330520000,0,0,0
1.330520320,0,1,0
1.330520800,0,0,0
1.330521120,0,1,0
1.330521440,0,0,0
1.330521760,0,1,0
1.330522080,0,0,0
1.330522400,0,1,0
1.330522720,0,0,0
1.330523040,0,1,0
1.330523360,0,0,0
1.330523680,0,1,0
1.330524000,1,0,0
1.330524320,1,1,0
1.330524800,0,0,0
1.330525120,0,1,0
1.330525440,0,0,0
1.330525760,0,1,0
1.330999360,0,0,0
1.330999680,0,1,0
1.331000000,0,0,0
1.331000320,0,1,0
1.331000800,0,0,0
1.331001120,0,1,0
1.331001440,0,0,0
1.331001760,0,1,0
1.331002080,1,0,1
1.331002400,1,1,1
1.331002720,0,0,0
1.331003040,0,1,0
1.331003360,1,0,0
1.331003680,1,1,0
1.331004000,1,0,0
1.331004320,1,1,0
1.331004800,0,0,0
1.331005120,0,1,0
1.331005440,0,0,0
1.331005760,0,1,0
1.331006080,0,0,0
1.331006400,0,1,0
1.331006720,1,0,0
1.331007040,1,1,0
1.331007360,0,0,0
1.331007680,0,1,0
1.331008000,0,0,0
1.331008320,0,1,0
1.331008800,0,0,0
1.331009120,0,1,0
1.331009440,0,0,0
1.331009760,0,1,0
1.331010080,1,0,1
1.331010400,1,1,1
1.331010720,0,0,0
1.331011040,0,1,0
1.331011360,0,0,1
1.331011680,0,1,1
1.331012000,0,0,0
1.331012320,0,1,0
1.331012800,0,0,0
1.331013120,0,1,0
1.331013440,0,0,0
1.331013760,0,1,0
1.331014080,0,0,0
1.331014400,0,1,0
1.331014720,0,0,0
1.331015040,0,1,0
1.331015360,0,0,0
1.331015680,0,1,0
1.331016000,0,0,0
1.331016320,0,1,0
1.331016800,1,0,0
1.331017120,1,1,0
1.331017440,1,0,1
1.331017760,1,1,1
1.331018080,1,0,0
1.331018400,1,1,0
1.331018720,0,0,1
1.331019040,0,1,1
1.331019360,1,0,1
1.331019680,1,1,1
1.331020000,0,0,0
1.331020320,0,1,0
1.331310080,0,0,0
1.331310400,0,1,0
1.331310720,0,0,0
1.331311040,0,1,0
1.331311360,0,0,0
1.331311680,0,1,0
1.331312000,0,0,0
1.331312320,0,1,0
1.331312800,0,0,0
1.331313120,0,1,0
1.331313440,0,0,0
1.331313760,0,1,0
1.331314080,0,0,0
1.331314400,0,1,0
1.331314720,0,0,0
1.331315040,0,1,0
1.331315360,0,0,0
1.331315680,0,1,0
1.331316000,0,0,0
1.331316320,0,1,0
1.331316800,0,0,0
1.331317120,0,1,0
1.331317440,0,0,0
1.331317760,0,1,0
1.331318080,0,0,0
1.331318400,0,1,0
1.331318720,0,0,0
1.331319040,0,1,0
1.331319360,0,0,0
1.331319680,0,1,0
1.331320000,0,0,0
1.331320320,0,1,0
1.331320800,0,0,0
1.331321120,0,1,0
1.331321440,0,0,0
1.331321760,0,1,0
1.331322080,1,0,1
1.331322400,1,1,1
1.331322720,1,0,0
1.331323040,1,1,0
1.331323360,1,0,0
1.331323680,1,1,0
1.331324000,1,0,0
1.331324320,1,1,0
1.331324800,1,0,0
1.331325120,1,1,0
1.331325440,1,0,0
1.331325760,1,1,0
1.331326080,1,0,0
1.331326400,1,1,0
1.331326720,1,0,0
1.331327040,1,1,0
1.331327360,0,0,0
1.331327680,0,1,0
1.331328000,0,0,0
1.331328320,0,1,0
1.331328800,0,0,0
1.331329120,0,1,0
1.331329440,1,0,1
1.331329760,1,1,1
1.331330080,1,0,0
1.331330400,1,1,0
1.331330720,0,0,0
1.331331040,0,1,0
1.331810080,0,0,0
1.331810400,0,1,0
1.331810720,0,0,0
1.331811040,0,1,0
1.331811360,0,0,0
1.331811680,0,1,0
1.331812000,0,0,0
1.331812320,0,1,0
1.331812800,1,0,1
1.331813120,1,1,1
1.331813440,1,0,0
1.331813760,1,1,0
1.331814080,0,0,1
1.331814400,0,1,1
1.331814720,0,0,1
1.331815040,0,1,1
1.331815360,0,0,0
1.331815680,0,1,0
1.331816000,0,0,0
1.331816320,0,1,0
1.331816800,0,0,0
1.331817120,0,1,0
1.331817440,0,0,0
1.331817760,0,1,0
1.331818080,0,0,0
1.331818400,0,1,0
1.331818720,0,0,0
1.331819040,0,1,0
1.331819360,0,0,0
1.331819680,0,1,0
1.331820000,0,0,0
1.331820320,0,1,0
1.331820800,1,0,1
1.331821120,1,1,1
1.331821440,0,0,0
1.331821760,0,1,0
1.331822080,1,0,1
1.331822400,1,1,1
1.331822720,0,0,1
1.331823040,0,1,1
1.331823360,0,0,1
1.331823680,0,1,1
1.331824000,0,0,1
1.331824320,0,1,1
1.331824800,0,0,1
1.331825120,0,1,1
1.331825440,0,0,1
1.331825760,0,1,1
1.331826080,0,0,1
1.331826400,0,1,1
1.331826720,0,0,1
1.331827040,0,1,1
1.331827360,1,0,1
1.331827680,1,1,1
1.331828000,1,0,1
1.331828320,1,1,1
1.331828800,0,0,0
1.331829120,0,1,0
1.331829440,1,0,0
1.331829760,1,1,0
1.331830080,1,0,0
1.331830400,1,1,0
1.331830720,0,0,0
1.331831040,0,1,0
1.332112000,0,0,0
1.332112320,0,1,0
1.332112800,0,0,0
1.332113120,0,1,0
1.332113440,0,0,0
1.332113760,0,1,0
1.332114080,0,0,0
1.332114400,0,1,0
1.332114720,0,0,0
1.332115040,0,1,0
1.332115360,0,0,0
1.332115680,0,1,0
1.332116000,0,0,0
1.332116320,0,1,0
1.332116800,0,0,0
1.332117120,0,1,0
1.332117440,0,0,0
1.332117760,0,1,0
1.332118080,0,0,0
1.332118400,0,1,0
1.332118720,0,0,0
1.332119040,0,1,0
1.332119360,0,0,0
1.332119680,0,1,0
1.332120000,0,0,0
1.332120320,0,1,0
1.332120800,0,0,0
1.332121120,0,1,0
1.332121440,0,0,0
1.332121760,0,1,0
1.332122080,0,0,0
1.332122400,0,1,0
1.332122720,0,0,0
1.332123040,0,1,0
1.332123360,0,0,0
1.332123680,0,1,0
1.332124000,0,0,1
1.332124320,0,1,1
1.332124800,0,0,1
1.332125120,0,1,1
1.332125440,0,0,1
1.332125760,0,1,1
1.332126080,0,0,1
1.332126400,0,1,1
1.332126720,0,0,1
1.332127040,0,1,1
1.332127360,0,0,1
1.332127680,0,1,1
1.332128000,0,0,1
1.332128320,0,1,1
1.332128800,0,0,1
1.332129120,0,1,1
1.332129440,0,0,0
1.332129760,0,1,0
1.332130080,0,0,0
1.332130400,0,1,0
1.332130720,0,0,0
1.332131040,0,1,0
1.332131360,0,0,1
1.332131680,0,1,1
1.332132000,0,0,1
1.332132320,0,1,1
1.332132800,0,0,0
1.332133120,0,1,0
1.332394080,0,0,0
1.332394400,0,1,0
1.332394720,0,0,0
1.332395040,0,1,0
1.332395360,0,0,0
1.332395680,0,1,0
1.332396000,0,0,0
1.332396320,0,1,0
1.332396800,1,0,1
1.332397120,1,1,1
1.332397440,0,0,1
1.332397760,0,1,1
1.332398080,0,0,0
1.332398400,0,1,0
1.332398720,0,0,0
1.332399040,0,1,0
1.332399360,0,0,0
1.332399680,0,1,0
1.332400000,0,0,0
1.332400320,0,1,0
1.332400800,0,0,0
1.332401120,0,1,0
1.332401440,0,0,0
1.332401760,0,1,0
1.332402080,0,0,0
1.332402400,0,1,0
1.332402720,0,0,0
1.332403040,0,1,0
1.332403360,0,0,0
1.332403680,0,1,0
1.332404000,0,0,0
1.332404320,0,1,0
1.332404800,1,0,1
1.332405120,1,1,1
1.332405440,0,0,0
1.332405760,0,1,0
1.332406080,1,0,0
1.332406400,1,1,0
1.332406720,1,0,0
1.332407040,1,1,0
1.332407360,1,0,0
1.332407680,1,1,0
1.332408000,1,0,0
1.332408320,1,1,0
1.332408800,1,0,0
1.332409120,1,1,0
1.332409440,1,0,0
1.332409760,1,1,0
1.332410080,1,0,0
1.332410400,1,1,0
1.332410720,1,0,0
1.332411040,1,1,0
1.332411360,0,0,1
1.332411680,0,1,1
1.332412000,1,0,1
1.332412320,1,1,1
1.332412800,1,0,0
1.332413120,1,1,0
1.332413440,0,0,0
1.332413760,0,1,0
1.332414080,0,0,1
1.332414400,0,1,1
1.332414720,0,0,0
1.332415040,0,1,0
1.332683360,0,0,0
1.332683680,0,1,0
1.332684000,0,0,0
1.332684320,0,1,0
1.332684800,0,0,0
1.332685120,0,1,0
1.332685440,0,0,0
1.332685760,0,1,0
1.332686080,0,0,0
1.332686400,0,1,0
1.332686720,0,0,0
1.332687040,0,1,0
1.332687360,0,0,0
1.332687680,0,1,0
1.332688000,0,0,0
1.332688320,0,1,0
1.332688800,0,0,0
1.332689120,0,1,0
1.332689440,0,0,0
1.332689760,0,1,0
1.332690080,0,0,0
1.332690400,0,1,0
1.332690720,0,0,0
1.332691040,0,1,0
1.332691360,0,0,0
1.332691680,0,1,0
1.332692000,0,0,0
1.332692320,0,1,0
1.332692800,1,0,0
1.332693120,1,1,0
1.332693440,0,0,0
1.332693760,0,1,0
1.332694080,0,0,0
1.332694400,0,1,0
1.332694720,0,0,0
1.332695040,0,1,0
1.332695360,1,0,0
1.332695680,1,1,0
1.332696000,0,0,0
1.332696320,0,1,0
1.332696800,1,0,0
1.332697120,1,1,0
1.332697440,0,0,0
1.332697760,0,1,0
1.332698080,1,0,0
1.332698400,1,1,0
1.332698720,0,0,0
1.332699040,0,1,0
1.332699360,0,0,0
1.332699680,0,1,0
1.332700000,0,0,0
1.332700320,0,1,0
1.332700800,1,0,0
1.332701120,1,1,0
1.332701440,0,0,0
1.332701760,0,1,0
1.332702080,1,0,0
1.332702400,1,1,0
1.332702720,1,0,0
1.332703040,1,1,0
1.332703360,1,0,0
1.332703680,1,1,0
1.332704000,0,0,0
1.332704320,0,1,0
1.333148800,0,0,0
1.333149120,0,1,0
1.333149440,0,0,0
1.333149760,0,1,0
1.333150080,0,0,0
1.333150400,0,1,0
1.333150720,0,0,0
1.333151040,0,1,0
1.333151360,1,0,1
1.333151680,1,1,1
1.333152000,1,0,0
1.333152320,1,1,0
1.333152800,0,0,0
1.333153120,0,1,0
1.333153440,1,0,0
1.333153760,1,1,0
1.333154080,0,0,0
1.333154400,0,1,0
1.333154720,0,0,0
1.333155040,0,1,0
1.333155360,0,0,0
1.333155680,0,1,0
1.333156000,1,0,0
1.333156320,1,1,0
1.333156800,0,0,0
1.333157120,0,1,0
1.333157440,0,0,0
1.333157760,0,1,0
1.333158080,0,0,0
1.333158400,0,1,0
1.333158720,0,0,0
1.333159040,0,1,0
1.333159360,1,0,1
1.333159680,1,1,1
1.333160000,0,0,0
1.333160320,0,1,0
1.333160800,0,0,1
1.333161120,0,1,1
1.333161440,0,0,0
1.333161760,0,1,0
1.333162080,0,0,1
1.333162400,0,1,1
1.333162720,0,0,0
1.333163040,0,1,0
1.333163360,0,0,1
1.333163680,0,1,1
1.333164000,0,0,0
1.333164320,0,1,0
1.333164800,0,0,0
1.333165120,0,1,0
1.333165440,0,0,0
1.333165760,0,1,0
1.333166080,0,0,1
1.333166400,0,1,1
1.333166720,0,0,1
1.333167040,0,1,1
1.333167360,1,0,1
1.333167680,1,1,1
1.333168000,0,0,1
1.333168320,0,1,1
1.333168800,1,0,1
1.333169120,1,1,1
1.333169440,0,0,0
1.333169760,0,1,0
1.333432000,0,0,0
1.333432320,0,1,0
1.333432800,0,0,0
1.333433120,0,1,0
1.333433440,0,0,0
1.333433760,0,1,0
1.333434080,0,0,0
1.333434400,0,1,0
1.333434720,0,0,0
1.333435040,0,1,0
1.333435360,0,0,0
1.333435680,0,1,0
1.333436000,0,0,0
1.333436320,0,1,0
1.333436800,0,0,0
1.333437120,0,1,0
1.333437440,0,0,0
1.333437760,0,1,0
1.333438080,0,0,0
1.333438400,0,1,0
1.333438720,0,0,0
1.333439040,0,1,0
1.333439360,0,0,0
1.333439680,0,1,0
1.333440000,0,0,0
1.333440320,0,1,0
1.333440800,0,0,0
1.333441120,0,1,0
1.333441440,0,0,1
1.333441760,0,1,1
1.333442080,0,0,0
1.333442400,0,1,0
1.333442720,0,0,0
1.333443040,0,1,0
1.333443360,0,0,0
1.333443680,0,1,0
1.333444000,1,0,1
1.333444320,1,1,1
1.333444800,1,0,0
1.333445120,1,1,0
1.333445440,1,0,1
1.333445760,1,1,1
1.333446080,1,0,0
1.333446400,1,1,0
1.333446720,1,0,1
1.333447040,1,1,1
1.333447360,1,0,0
1.333447680,1,1,0
1.333448000,1,0,0
1.333448320,1,1,0
1.333448800,1,0,0
1.333449120,1,1,0
1.333449440,0,0,1
1.333449760,0,1,1
1.333450080,0,0,0
1.333450400,0,1,0
1.333450720,0,0,1
1.333451040,0,1,1
1.333451360,1,0,1
1.333451680,1,1,1
1.333452000,1,0,1
1.333452320,1,1,1
1.333452640,1,0,1
1.333452800,0,0,0
1.333453120,0,1,0
1.333912800,0,0,0
1.333913120,0,1,0
1.333913440,0,0,0
1.333913760,0,1,0
1.333914080,0,0,0
1.333914400,0,1,0
1.333914720,0,0,0
1.333915040,0,1,0
1.333915360,1,0,1
1.333915680,1,1,1
1.333916000,1,0,1
1.333916320,1,1,1
1.333916800,1,0,0
1.333917120,1,1,0
1.333917440,0,0,1
1.333917760,0,1,1
1.333918080,0,0,0
1.333918400,0,1,0
1.333918720,0,0,0
1.333919040,0,1,0
1.333919360,0,0,0
1.333919680,0,1,0
1.333920000,0,0,0
1.333920320,0,1,0
1.333920640,0,0,0
1.333921120,0,1,0
1.333921440,0,0,0
1.333921760,0,1,0
1.333922080,0,0,0
1.333922400,0,1,0
1.333922720,0,0,0
1.333923040,0,1,0
1.333923360,1,0,1
1.333923680,1,1,1
1.333924000,0,0,0
1.333924320,0,1,0
1.333924800,1,0,1
1.333925120,1,1,1
1.333925440,0,0,1
1.333925760,0,1,1
1.333926080,1,0,1
1.333926400,1,1,1
1.333926720,0,0,1
1.333927040,0,1,1
1.333927360,1,0,1
1.333927680,1,1,1
1.333928000,0,0,1
1.333928320,0,1,1
1.333928640,0,0,1
1.333929120,0,1,1
1.333929440,0,0,1
1.333929760,0,1,1
1.333930080,1,0,0
1.333930400,1,1,0
1.333930720,0,0,0
1.333931040,0,1,0
1.333931360,1,0,0
1.333931680,1,1,0
1.333932000,1,0,0
1.333932320,1,1,0
1.333932640,1,0,0
1.333933120,1,1,0
1.333933440,0,0,0
1.333933760,0,1,0
1.334218720,0,0,0
1.334219040,0,1,0
1.334219360,0,0,0
1.334219680,0,1,0
1.334220000,0,0,0
1.334220320,0,1,0
1.334220800,0,0,0
1.334221120,0,1,0
1.334221440,0,0,0
1.334221760,0,1,0
1.334222080,0,0,0
1.334222400,0,1,0
1.334222720,0,0,0
1.334223040,0,1,0
1.334223360,0,0,0
1.334223680,0,1,0
1.334224000,0,0,0
1.334224320,0,1,0
1.334224640,0,0,0
1.334225120,0,1,0
1.334225440,0,0,0
1.334225760,0,1,0
1.334226080,0,0,0
1.334226400,0,1,0
1.334226720,0,0,0
1.334227040,0,1,0
1.334227360,0,0,0
1.334227680,0,1,0
1.334228000,0,0,0
1.334228320,0,1,0
1.334228640,0,0,0
1.334229120,0,1,0
1.334229440,0,0,0
1.334229760,0,1,0
1.334230080,0,0,0
1.334230400,0,1,0
1.334230720,0,0,1
1.334231040,0,1,1
1.334231360,0,0,1
1.334231680,0,1,1
1.334232000,0,0,1
1.334232320,0,1,1
1.334232640,0,0,1
1.334233120,0,1,1
1.334233440,0,0,1
1.334233760,0,1,1
1.334234080,0,0,1
1.334234400,0,1,1
1.334234720,0,0,1
1.334235040,0,1,1
1.334235360,0,0,1
1.334235680,0,1,1
1.334236000,0,0,0
1.334236320,0,1,0
1.334236640,0,0,0
1.334237120,0,1,0
1.334237440,0,0,0
1.334237760,0,1,0
1.334238080,0,0,1
1.334238400,0,1,1
1.334238720,0,0,1
1.334239040,0,1,1
1.334239360,0,0,0
1.334239680,0,1,0
1.334503360,0,0,0
1.334503680,0,1,0
1.334504000,0,0,0
1.334504320,0,1,0
1.334504800,0,0,0
1.334505120,0,1,0
1.334505440,0,0,0
1.334505760,0,1,0
1.334506080,1,0,1
1.334506400,1,1,1
1.334506720,0,0,1
1.334507040,0,1,1
1.334507360,0,0,1
1.334507680,0,1,1
1.334508000,0,0,0
1.334508320,0,1,0
1.334508640,0,0,0
1.334509120,0,1,0
1.334509440,0,0,0
1.334509760,0,1,0
1.334510080,0,0,0
1.334510400,0,1,0
1.334510720,0,0,0
1.334511040,0,1,0
1.334511360,0,0,0
1.334511680,0,1,0
1.334512000,0,0,0
1.334512320,0,1,0
1.334512640,0,0,0
1.334513120,0,1,0
1.334513440,0,0,0
1.334513760,0,1,0
1.334514080,1,0,1
1.334514400,1,1,1
1.334514720,0,0,0
1.334515040,0,1,0
1.334515360,1,0,0
1.334515680,1,1,0
1.334516000,1,0,0
1.334516320,1,1,0
1.334516640,1,0,0
1.334517120,1,1,0
1.334517440,1,0,0
1.334517760,1,1,0
1.334518080,1,0,0
1.334518400,1,1,0
1.334518720,1,0,0
1.334519040,1,1,0
1.334519360,1,0,0
1.334519680,1,1,0
1.334520000,1,0,0
1.334520320,1,1,0
1.334520640,1,0,0
1.334520800,0,0,0
1.334521120,0,1,0
1.334521440,1,0,0
1.334521760,1,1,0
1.334522080,1,0,0
1.334522400,1,1,0
1.334522720,0,0,0
1.334523040,0,1,0
1.334523360,0,0,1
1.334523680,0,1,1
1.334524000,0,0,0
1.334524320,0,1,0
1.353180000,0,0,0
1.353180320,0,1,0
1.353180640,0,0,0
1.353180960,0,1,0
1.353181280,0,0,0
1.353181760,0,1,0
1.353182080,0,0,0
1.353182400,0,1,0
1.353182720,0,0,0
1.353183040,0,1,0
1.353183360,0,0,0
1.353183680,0,1,0
1.353184000,0,0,0
1.353184320,0,1,0
1.353184640,0,0,0
1.353184960,0,1,0
1.353185280,0,0,0
1.353185760,0,1,0
1.353186080,0,0,0
1.353186400,0,1,0
1.353186720,0,0,0
1.353187040,0,1,0
1.353187360,0,0,0
1.353187680,0,1,0
1.353188000,0,0,0
1.353188320,0,1,0
1.353188640,0,0,0
1.353188960,0,1,0
1.353189280,0,0,0
1.353189760,0,1,0
1.353190080,0,0,0
1.353190400,0,1,0
1.353190720,0,0,0
1.353191040,0,1,0
1.353191360,0,0,0
1.353191680,0,1,0
1.353192000,0,0,0
1.353192320,0,1,0
1.353192640,0,0,0
1.353192960,0,1,0
1.353193280,0,0,0
1.353193440,1,0,0
1.353193760,1,1,0
1.353194080,0,0,0
1.353194400,0,1,0
1.353194720,0,0,0
1.353195040,0,1,0
1.353195360,0,0,0
1.353195680,0,1,0
1.353196000,0,0,0
1.353196320,0,1,0
1.353196640,0,0,0
1.353196960,0,1,0
1.353197280,0,0,0
1.353197440,1,0,0
1.353197760,1,1,0
1.353198080,0,0,0
1.353198400,0,1,0
1.353198720,0,0,0
1.353199040,0,1,0
1.353199360,0,0,0
1.353199680,0,1,0
1.353200000,0,0,0
1.353200320,0,1,0
1.353200640,0,0,0
1.353200960,0,1,0
1.353658720,0,0,0
1.353659040,0,1,0
1.353659360,0,0,0
1.353659680,0,1,0
1.353660000,0,0,0
1.353660320,0,1,0
1.353660640,0,0,0
1.353660960,0,1,0
1.353661280,0,0,0
1.353661440,1,0,1
1.353661760,1,1,1
1.353662080,1,0,0
1.353662400,1,1,0
1.353662720,1,0,0
1.353663040,1,1,0
1.353663360,1,0,0
1.353663680,1,1,0
1.353664000,0,0,0
1.353664320,0,1,0
1.353664640,0,0,0
1.353664960,0,1,0
1.353665280,0,0,0
1.353665760,0,1,0
1.353666080,1,0,0
1.353666400,1,1,0
1.353666720,0,0,0
1.353667040,0,1,0
1.353667360,0,0,0
1.353667680,0,1,0
1.353668000,0,0,0
1.353668320,0,1,0
1.353668640,0,0,0
1.353668960,0,1,0
1.353669280,0,0,0
1.353669440,1,0,1
1.353669760,1,1,1
1.353670080,0,0,0
1.353670400,0,1,0
1.353670720,0,0,0
1.353671040,0,1,0
1.353671360,0,0,0
1.353671680,0,1,0
1.353672000,0,0,1
1.353672320,0,1,1
1.353672640,0,0,0
1.353672960,0,1,0
1.353673280,0,0,0
1.353673760,0,1,0
1.353674080,0,0,0
1.353674400,0,1,0
1.353674720,0,0,0
1.353675040,0,1,0
1.353675360,0,0,0
1.353675680,0,1,0
1.353676000,0,0,1
1.353676320,0,1,1
1.353676640,1,0,1
1.353676960,1,1,1
1.353677280,1,0,1
1.353677440,1,0,0
1.353677760,1,1,0
1.353678080,0,0,0
1.353678400,0,1,0
1.353678720,1,0,1
1.353679040,1,1,1
1.353679360,0,0,0
1.353679680,0,1,0
1.353946080,0,0,0
1.353946400,0,1,0
1.353946720,0,0,0
1.353947040,0,1,0
1.353947360,0,0,0
1.353947680,0,1,0
1.353948000,0,0,0
1.353948320,0,1,0
1.353948640,0,0,0
1.353948960,0,1,0
1.353949280,0,0,0
1.353949760,0,1,0
1.353950080,0,0,0
1.353950400,0,1,0
1.353950720,0,0,1
1.353951040,0,1,1
1.353951360,0,0,1
1.353951680,0,1,1
1.353952000,0,0,0
1.353952320,0,1,0
1.353952640,0,0,0
1.353952960,0,1,0
1.353953280,0,0,0
1.353953760,0,1,0
1.353954080,0,0,1
1.353954400,0,1,1
1.353954720,0,0,0
1.353955040,0,1,0
1.353955360,0,0,0
1.353955680,0,1,0
1.353956000,0,0,1
1.353956320,0,1,1
1.353956640,0,0,0
1.353956960,0,1,0
1.353957280,0,0,0
1.353957760,0,1,0
1.353958080,0,0,0
1.353958400,0,1,0
1.353958720,0,0,0
1.353959040,0,1,0
1.353959360,0,0,1
1.353959680,0,1,1
1.353960000,0,0,0
1.353960320,0,1,0
1.353960640,0,0,0
1.353960960,0,1,0
1.353961280,0,0,0
1.353961760,0,1,0
1.353962080,0,0,0
1.353962400,0,1,0
1.353962720,0,0,0
1.353963040,0,1,0
1.353963360,0,0,0
1.353963680,0,1,0
1.353964000,0,0,1
1.353964320,0,1,1
1.353964640,0,0,0
1.353964960,0,1,0
1.353965280,0,0,0
1.353965440,0,0,1
1.353965760,0,1,1
1.353966080,0,0,0
1.353966400,0,1,0
1.353966720,0,0,0
1.353967040,0,1,0
1.354220000,0,0,0
1.354220320,0,1,0
1.354220640,0,0,0
1.354220960,0,1,0
1.354221280,0,0,0
1.354221760,0,1,0
1.354222080,0,0,0
1.354222400,0,1,0
1.354222720,1,0,1
1.354223040,1,1,1
1.354223360,0,0,1
1.354223680,0,1,1
1.354224000,0,0,1
1.354224320,0,1,1
1.354224640,0,0,1
1.354224960,0,1,1
1.354225280,0,0,1
1.354225440,0,0,0
1.354225760,0,1,0
1.354226080,0,0,0
1.354226400,0,1,0
1.354226720,0,0,0
1.354227040,0,1,0
1.354227360,0,0,0
1.354227680,0,1,0
1.354228000,0,0,0
1.354228320,0,1,0
1.354228640,0,0,0
1.354228960,0,1,0
1.354229280,0,0,0
1.354229760,0,1,0
1.354230080,0,0,0
1.354230400,0,1,0
1.354230720,1,0,1
1.354231040,1,1,1
1.354231360,0,0,0
1.354231680,0,1,0
1.354232000,0,0,0
1.354232320,0,1,0
1.354232640,0,0,0
1.354232960,0,1,0
1.354233280,0,0,0
1.354233440,1,0,0
1.354233760,1,1,0
1.354234080,0,0,0
1.354234400,0,1,0
1.354234720,0,0,0
1.354235040,0,1,0
1.354235360,0,0,0
1.354235680,0,1,0
1.354236000,0,0,0
1.354236320,0,1,0
1.354236640,0,0,0
1.354236960,0,1,0
1.354237280,0,0,0
1.354237440,1,0,0
1.354237760,1,1,0
1.354238080,1,0,0
1.354238400,1,1,0
1.354238720,0,0,1
1.354239040,0,1,1
1.354239360,0,0,0
1.354239680,0,1,0
1.354240000,1,0,1
1.354240320,1,1,1
1.354240640,0,0,0
1.354240960,0,1,0
1.354517280,0,0,0
1.354517760,0,1,0
1.354518080,0,0,0
1.354518400,0,1,0
1.354518720,0,0,0
1.354519040,0,1,0
1.354519360,0,0,0
1.354519680,0,1,0
1.354520000,0,0,0
1.354520320,0,1,0
1.354520640,0,0,0
1.354520960,0,1,0
1.354521280,0,0,0
1.354521760,0,1,0
1.354522080,0,0,0
1.354522400,0,1,0
1.354522720,0,0,0
1.354523040,0,1,0
1.354523360,0,0,0
1.354523680,0,1,0
1.354524000,0,0,0
1.354524320,0,1,0
1.354524640,0,0,0
1.354524960,0,1,0
1.354525280,0,0,0
1.354525760,0,1,0
1.354526080,0,0,0
1.354526400,0,1,0
1.354526720,0,0,0
1.354527040,0,1,0
1.354527360,0,0,0
1.354527680,0,1,0
1.354528000,0,0,0
1.354528320,0,1,0
1.354528640,0,0,0
1.354528960,0,1,0
1.354529280,0,0,0
1.354529760,0,1,0
1.354530080,0,0,0
1.354530400,0,1,0
1.354530720,1,0,0
1.354531040,1,1,0
1.354531360,1,0,0
1.354531680,1,1,0
1.354532000,0,0,0
1.354532320,0,1,0
1.354532640,0,0,0
1.354532960,0,1,0
1.354533280,0,0,0
1.354533440,1,0,0
1.354533760,1,1,0
1.354534080,0,0,0
1.354534400,0,1,0
1.354534720,1,0,0
1.354535040,1,1,0
1.354535360,1,0,0
1.354535680,1,1,0
1.354536000,0,0,0
1.354536320,0,1,0
1.354536640,0,0,0
1.354536960,0,1,0
1.354537280,0,0,0
1.354537440,1,0,0
1.354537760,1,1,0
1.354538080,0,0,0
1.354538400,0,1,0
1.354988640,0,0,0
1.354988960,0,1,0
1.354989280,0,0,0
1.354989760,0,1,0
1.354990080,0,0,0
1.354990400,0,1,0
1.354990720,0,0,0
1.354991040,0,1,0
1.354991360,1,0,1
1.354991680,1,1,1
1.354992000,0,0,0
1.354992320,0,1,0
1.354992640,0,0,0
1.354992960,0,1,0
1.354993280,0,0,0
1.354993760,0,1,0
1.354994080,0,0,0
1.354994400,0,1,0
1.354994720,0,0,0
1.354995040,0,1,0
1.354995360,0,0,0
1.354995680,0,1,0
1.354996000,1,0,0
1.354996320,1,1,0
1.354996640,0,0,0
1.354996960,0,1,0
1.354997280,0,0,0
1.354997760,0,1,0
1.354998080,0,0,0
1.354998400,0,1,0
1.354998720,0,0,0
1.354999040,0,1,0
1.354999360,1,0,1
1.354999680,1,1,1
1.355000000,0,0,0
1.355000320,0,1,0
1.355000640,0,0,0
1.355000960,0,1,0
1.355001280,0,0,0
1.355001760,0,1,0
1.355002080,0,0,1
1.355002400,0,1,1
1.355002720,0,0,1
1.355003040,0,1,1
1.355003360,0,0,0
1.355003680,0,1,0
1.355004000,0,0,0
1.355004320,0,1,0
1.355004640,0,0,1
1.355004960,0,1,1
1.355005280,0,0,1
1.355005440,0,0,0
1.355005760,0,1,0
1.355006080,1,0,0
1.355006400,1,1,0
1.355006720,0,0,0
1.355007040,0,1,0
1.355007360,0,0,0
1.355007680,0,1,0
1.355008000,0,0,1
1.355008320,0,1,1
1.355008640,1,0,0
1.355008960,1,1,0
1.355009280,0,0,0
1.355009760,0,1,0
1.355274720,0,0,1
1.355275040,0,1,1
1.355275360,0,0,0
1.355275680,0,1,0
1.355276000,0,0,0
1.355276320,0,1,0
1.355276640,0,0,0
1.355276960,0,1,0
1.355277280,0,0,0
1.355277760,0,1,0
1.355278080,0,0,0
1.355278400,0,1,0
1.355278720,0,0,0
1.355279040,0,1,0
1.355279360,0,0,0
1.355279680,0,1,0
1.355280000,0,0,0
1.355280320,0,1,0
1.355280640,0,0,0
1.355280960,0,1,0
1.355281280,0,0,0
1.355281760,0,1,0
1.355282080,0,0,0
1.355282400,0,1,0
1.355282720,0,0,0
1.355283040,0,1,0
1.355283360,0,0,0
1.355283680,0,1,0
1.355284000,0,0,0
1.355284320,0,1,0
1.355284640,0,0,1
1.355284960,0,1,1
1.355285280,0,0,1
1.355285440,0,0,0
1.355285760,0,1,0
1.355286080,0,0,0
1.355286400,0,1,0
1.355286720,0,0,0
1.355287040,0,1,0
1.355287360,0,0,0
1.355287680,0,1,0
1.355288000,1,0,1
1.355288320,1,1,1
1.355288640,1,0,1
1.355288960,1,1,1
1.355289280,0,0,1
1.355289440,0,0,0
1.355289760,0,1,0
1.355290080,0,0,0
1.355290400,0,1,0
1.355290720,0,0,1
1.355291040,0,1,1
1.355291360,0,0,0
1.355291680,0,1,0
1.355292000,1,0,1
1.355292320,1,1,1
1.355292640,1,0,1
1.355292960,1,1,1
1.355293280,0,0,1
1.355293440,0,0,0
1.355293760,0,1,0
1.355294080,0,0,0
1.355294400,0,1,0
1.355294720,0,0,1
1.355295040,0,1,1
1.355295360,0,0,0
1.355295680,0,1,0
1.355731360,0,0,0
1.355731680,0,1,0
1.355732000,0,0,0
1.355732320,0,1,0
1.355732640,0,0,0
1.355732960,0,1,0
1.355733280,0,0,0
1.355733760,0,1,0
1.355734080,1,0,1
1.355734400,1,1,1
1.355734720,0,0,0
1.355735040,0,1,0
1.355735360,0,0,0
1.355735680,0,1,0
1.355736000,1,0,0
1.355736320,1,1,0
1.355736640,0,0,0
1.355736960,0,1,0
1.355737280,0,0,0
1.355737760,0,1,0
1.355738080,0,0,0
1.355738400,0,1,0
1.355738720,0,0,0
1.355739040,0,1,0
1.355739360,0,0,0
1.355739680,0,1,0
1.355740000,0,0,0
1.355740320,0,1,0
1.355740640,0,0,0
1.355740960,0,1,0
1.355741280,0,0,0
1.355741760,0,1,0
1.355742080,1,0,1
1.355742400,1,1,1
1.355742720,0,0,0
1.355743040,0,1,0
1.355743360,0,0,0
1.355743680,0,1,0
1.355744000,0,0,0
1.355744320,0,1,0
1.355744640,1,0,1
1.355744960,1,1,1
1.355745280,1,0,1
1.355745760,1,1,1
1.355746080,0,0,0
1.355746400,0,1,0
1.355746720,0,0,0
1.355747040,0,1,0
1.355747360,1,0,0
1.355747680,1,1,0
1.355748000,0,0,0
1.355748320,0,1,0
1.355748640,0,0,0
1.355748960,0,1,0
1.355749280,0,0,0
1.355749760,0,1,0
1.355750080,1,0,0
1.355750400,1,1,0
1.355750720,1,0,0
1.355751040,1,1,0
1.355751360,0,0,1
1.355751680,0,1,1
1.355752000,0,0,0
1.355752320,0,1,0
1.356024000,0,0,0
1.356024320,0,1,0
1.356024640,0,0,0
1.356024960,0,1,0
1.356025280,0,0,0
1.356025760,0,1,0
1.356026080,0,0,0
1.356026400,0,1,0
1.356026720,0,0,0
1.356027040,0,1,0
1.356027360,0,0,0
1.356027680,0,1,0
1.356028000,0,0,0
1.356028320,0,1,0
1.356028640,0,0,0
1.356028960,0,1,0
1.356029280,0,0,0
1.356029760,0,1,0
1.356030080,0,0,0
1.356030400,0,1,0
1.356030720,0,0,0
1.356031040,0,1,0
1.356031360,0,0,0
1.356031680,0,1,0
1.356032000,0,0,0
1.356032320,0,1,0
1.356032640,0,0,1
1.356032960,0,1,1
1.356033280,0,0,1
1.356033440,0,0,0
1.356033760,0,1,0
1.356034080,0,0,0
1.356034400,0,1,0
1.356034720,0,0,0
1.356035040,0,1,0
1.356035360,0,0,0
1.356035680,0,1,0
1.356036000,0,0,0
1.356036320,0,1,0
1.356036640,0,0,0
1.356036960,0,1,0
1.356037280,0,0,0
1.356037440,0,0,1
1.356037760,0,1,1
1.356038080,0,0,1
1.356038400,0,1,1
1.356038720,0,0,0
1.356039040,0,1,0
1.356039360,0,0,0
1.356039680,0,1,0
1.356040000,0,0,0
1.356040320,0,1,0
1.356040640,0,0,0
1.356040960,0,1,0
1.356041280,0,0,0
1.356041440,0,0,1
1.356041760,0,1,1
1.356042080,0,0,1
1.356042400,0,1,1
1.356042720,0,0,0
1.356043040,0,1,0
1.356043360,0,0,1
1.356043680,0,1,1
1.356044000,0,0,0
1.356044320,0,1,0
1.356044640,0,0,0
1.356044960,0,1,0
1.356316000,0,0,0
1.356316320,0,1,0
1.356316640,0,0,0
1.356316960,0,1,0
1.356317280,0,0,0
1.356317760,0,1,0
1.356318080,0,0,0
1.356318400,0,1,0
1.356318720,1,0,1
1.356319040,1,1,1
1.356319360,0,0,0
1.356319680,0,1,0
1.356320000,0,0,0
1.356320320,0,1,0
1.356320640,0,0,1
1.356320960,0,1,1
1.356321280,0,0,1
1.356321440,0,0,0
1.356321760,0,1,0
1.356322080,0,0,0
1.356322400,0,1,0
1.356322720,0,0,0
1.356323040,0,1,0
1.356323360,0,0,0
1.356323680,0,1,0
1.356324000,0,0,0
1.356324320,0,1,0
1.356324640,0,0,0
1.356324960,0,1,0
1.356325280,0,0,0
1.356325760,0,1,0
1.356326080,0,0,0
1.356326400,0,1,0
1.356326720,1,0,1
1.356327040,1,1,1
1.356327360,0,0,0
1.356327680,0,1,0
1.356328000,0,0,0
1.356328320,0,1,0
1.356328640,0,0,0
1.356328960,0,1,0
1.356329280,0,0,0
1.356329440,1,0,0
1.356329760,1,1,0
1.356330080,1,0,0
1.356330400,1,1,0
1.356330720,0,0,0
1.356331040,0,1,0
1.356331360,0,0,0
1.356331680,0,1,0
1.356332000,0,0,0
1.356332320,0,1,0
1.356332640,0,0,0
1.356332960,0,1,0
1.356333280,0,0,0
1.356333760,0,1,0
1.356334080,0,0,1
1.356334400,0,1,1
1.356334720,0,0,1
1.356335040,0,1,1
1.356335360,0,0,0
1.356335680,0,1,0
1.356336000,1,0,1
1.356336320,1,1,1
1.356336640,0,0,0
1.356336960,0,1,0
1.393184640,0,0,0
1.393184960,0,1,0
1.393185280,0,0,0
1.393185600,0,1,0
1.393185920,0,0,0
1.393186240,0,1,0
1.393186560,0,0,0
1.393186880,0,1,0
1.393187360,0,0,0
1.393187680,0,1,0
1.393188000,0,0,0
1.393188320,0,1,0
1.393188640,0,0,0
1.393188960,0,1,0
1.393189280,0,0,0
1.393189600,0,1,0
1.393189920,0,0,0
1.393190240,0,1,0
1.393190560,0,0,0
1.393190880,0,1,0
1.393191360,0,0,0
1.393191680,0,1,0
1.393192000,0,0,0
1.393192320,0,1,0
1.393192640,0,0,0
1.393192960,0,1,0
1.393193280,0,0,0
1.393193600,0,1,0
1.393193920,0,0,0
1.393194240,0,1,0
1.393194560,0,0,0
1.393194880,0,1,0
1.393195360,0,0,0
1.393195680,0,1,0
1.393196000,0,0,0
1.393196320,0,1,0
1.393196640,0,0,0
1.393196960,0,1,0
1.393197280,0,0,0
1.393197600,0,1,0
1.393197920,1,0,0
1.393198240,1,1,0
1.393198560,0,0,0
1.393198880,0,1,0
1.393199360,0,0,0
1.393199680,0,1,0
1.393200000,0,0,0
1.393200320,0,1,0
1.393200640,0,0,0
1.393200960,0,1,0
1.393201280,0,0,0
1.393201600,0,1,0
1.393201920,1,0,0
1.393202240,1,1,0
1.393202560,0,0,0
1.393202880,0,1,0
1.393203360,0,0,0
1.393203680,0,1,0
1.393204000,0,0,0
1.393204320,0,1,0
1.393204640,0,0,0
1.393204960,0,1,0
1.393205280,0,0,0
1.393205600,0,1,0
1.393659360,0,0,0
1.393659680,0,1,0
1.393660000,0,0,0
1.393660320,0,1,0
1.393660640,0,0,0
1.393660960,0,1,0
1.393661280,0,0,0
1.393661600,0,1,0
1.393661920,1,0,1
1.393662240,1,1,1
1.393662560,0,0,0
1.393662880,0,1,0
1.393663360,1,0,0
1.393663680,1,1,0
1.393664000,0,0,0
1.393664320,0,1,0
1.393664640,0,0,0
1.393664960,0,1,0
1.393665280,0,0,0
1.393665600,0,1,0
1.393665920,0,0,0
1.393666240,0,1,0
1.393666560,1,0,0
1.393666880,1,1,0
1.393667360,0,0,0
1.393667680,0,1,0
1.393668000,0,0,0
1.393668320,0,1,0
1.393668640,0,0,0
1.393668960,0,1,0
1.393669280,0,0,0
1.393669600,0,1,0
1.393669920,1,0,1
1.393670240,1,1,1
1.393670560,0,0,0
1.393670880,0,1,0
1.393671360,0,0,0
1.393671680,0,1,0
1.393672000,0,0,0
1.393672320,0,1,0
1.393672640,0,0,1
1.393672960,0,1,1
1.393673280,0,0,0
1.393673600,0,1,0
1.393673920,0,0,0
1.393674240,0,1,0
1.393674560,0,0,0
1.393674880,0,1,0
1.393675360,0,0,0
1.393675680,0,1,0
1.393676000,0,0,0
1.393676320,0,1,0
1.393676640,1,0,1
1.393676960,1,1,1
1.393677280,1,0,1
1.393677600,1,1,1
1.393677920,0,0,0
1.393678240,0,1,0
1.393678560,0,0,0
1.393678880,0,1,0
1.393679360,1,0,1
1.393679680,1,1,1
1.393680000,0,0,0
1.393680320,0,1,0
1.393937280,0,0,0
1.393937600,0,1,0
1.393937920,0,0,0
1.393938240,0,1,0
1.393938560,0,0,0
1.393938880,0,1,0
1.393939360,0,0,0
1.393939680,0,1,0
1.393940000,0,0,0
1.393940320,0,1,0
1.393940640,0,0,0
1.393940960,0,1,0
1.393941280,0,0,0
1.393941600,0,1,0
1.393941920,0,0,1
1.393942240,0,1,1
1.393942560,0,0,1
1.393942880,0,1,1
1.393943360,0,0,0
1.393943680,0,1,0
1.393944000,0,0,0
1.393944320,0,1,0
1.393944640,0,0,0
1.393944960,0,1,0
1.393945280,0,0,0
1.393945600,0,1,0
1.393945920,0,0,0
1.393946240,0,1,0
1.393946560,0,0,0
1.393946880,0,1,0
1.393947360,0,0,1
1.393947680,0,1,1
1.393948000,0,0,0
1.393948320,0,1,0
1.393948640,0,0,0
1.393948960,0,1,0
1.393949280,0,0,0
1.393949600,0,1,0
1.393949920,0,0,0
1.393950240,0,1,0
1.393950560,0,0,1
1.393950880,0,1,1
1.393951360,0,0,0
1.393951680,0,1,0
1.393952000,0,0,0
1.393952320,0,1,0
1.393952640,0,0,0
1.393952960,0,1,0
1.393953280,0,0,0
1.393953600,0,1,0
1.393953920,0,0,0
1.393954240,0,1,0
1.393954560,0,0,0
1.393954880,0,1,0
1.393955360,0,0,0
1.393955680,0,1,0
1.393956000,0,0,1
1.393956320,0,1,1
1.393956640,0,0,1
1.393956960,0,1,1
1.393957280,0,0,0
1.393957600,0,1,0
1.393957920,0,0,0
1.393958240,0,1,0
1.394217920,0,0,0
1.394218240,0,1,0
1.394218560,0,0,0
1.394218880,0,1,0
1.394219360,0,0,0
1.394219680,0,1,0
1.394220000,0,0,0
1.394220320,0,1,0
1.394220640,1,0,1
1.394220960,1,1,1
1.394221280,0,0,0
1.394221600,0,1,0
1.394221920,0,0,1
1.394222240,0,1,1
1.394222560,0,0,0
1.394222880,0,1,0
1.394223360,0,0,0
1.394223680,0,1,0
1.394224000,0,0,0
1.394224320,0,1,0
1.394224640,0,0,0
1.394224960,0,1,0
1.394225280,0,0,0
1.394225600,0,1,0
1.394225920,0,0,0
1.394226240,0,1,0
1.394226560,0,0,0
1.394226880,0,1,0
1.394227360,0,0,0
1.394227680,0,1,0
1.394228000,0,0,0
1.394228320,0,1,0
1.394228640,1,0,1
1.394228960,1,1,1
1.394229280,0,0,0
1.394229600,0,1,0
1.394229920,0,0,0
1.394230240,0,1,0
1.394230560,0,0,0
1.394230880,0,1,0
1.394231360,1,0,0
1.394231680,1,1,0
1.394232000,0,0,0
1.394232320,0,1,0
1.394232640,0,0,0
1.394232960,0,1,0
1.394233280,0,0,0
1.394233600,0,1,0
1.394233920,0,0,0
1.394234240,0,1,0
1.394234560,0,0,0
1.394234880,0,1,0
1.394235360,1,0,1
1.394235680,1,1,1
1.394236000,1,0,0
1.394236320,1,1,0
1.394236640,0,0,0
1.394236960,0,1,0
1.394237280,0,0,0
1.394237600,0,1,0
1.394237920,1,0,1
1.394238240,1,1,1
1.394238560,0,0,0
1.394238880,0,1,0
1.433283840,0,0,0
1.433284160,0,1,0
1.433284480,0,0,0
1.433284960,0,1,0
1.433285280,0,0,0
1.433285600,0,1,0
1.433285920,0,0,0
1.433286240,0,1,0
1.433286560,0,0,0
1.433286880,0,1,0
1.433287200,0,0,0
1.433287520,0,1,0
1.433287840,0,0,0
1.433288160,0,1,0
1.433288480,0,0,0
1.433288960,0,1,0
1.433289280,0,0,0
1.433289600,0,1,0
1.433289920,0,0,0
1.433290240,0,1,0
1.433290560,0,0,0
1.433290880,0,1,0
1.433291200,0,0,0
1.433291520,0,1,0
1.433291840,0,0,0
1.433292160,0,1,0
1.433292480,0,0,0
1.433292960,0,1,0
1.433293280,0,0,0
1.433293600,0,1,0
1.433293920,0,0,0
1.433294240,0,1,0
1.433294560,0,0,0
1.433294880,0,1,0
1.433295200,0,0,0
1.433295520,0,1,0
1.433295840,0,0,0
1.433296160,0,1,0
1.433296480,0,0,0
1.433296960,0,1,0
1.433297280,1,0,0
1.433297600,1,1,0
1.433297920,0,0,0
1.433298240,0,1,0
1.433298560,0,0,0
1.433298880,0,1,0
1.433299200,0,0,0
1.433299520,0,1,0
1.433299840,0,0,0
1.433300160,0,1,0
1.433300480,0,0,0
1.433300960,0,1,0
1.433301280,1,0,0
1.433301600,1,1,0
1.433301920,0,0,0
1.433302240,0,1,0
1.433302560,0,0,0
1.433302880,0,1,0
1.433303200,0,0,0
1.433303520,0,1,0
1.433303840,0,0,0
1.433304160,0,1,0
1.433304480,0,0,0
1.433304960,0,1,0
1.433765920,0,0,0
1.433766240,0,1,0
1.433766560,0,0,0
1.433766880,0,1,0
1.433767200,0,0,0
1.433767520,0,1,0
1.433767840,0,0,0
1.433768160,0,1,0
1.433768480,1,0,0
1.433768640,1,0,1
1.433768800,1,1,1
1.433769280,0,0,0
1.433769600,0,1,0
1.433769920,1,0,0
1.433770240,1,1,0
1.433770560,1,0,0
1.433770880,1,1,0
1.433771200,0,0,0
1.433771520,0,1,0
1.433771840,0,0,0
1.433772160,0,1,0
1.433772480,0,0,0
1.433772960,0,1,0
1.433773280,1,0,0
1.433773600,1,1,0
1.433773920,0,0,0
1.433774240,0,1,0
1.433774560,0,0,0
1.433774880,0,1,0
1.433775200,0,0,0
1.433775520,0,1,0
1.433775840,0,0,0
1.433776160,0,1,0
1.433776480,1,0,0
1.433776640,1,0,1
1.433776960,1,1,1
1.433777280,0,0,0
1.433777600,0,1,0
1.433777920,0,0,0
1.433778240,0,1,0
1.433778560,0,0,0
1.433778880,0,1,0
1.433779200,0,0,1
1.433779520,0,1,1
1.433779840,0,0,0
1.433780160,0,1,0
1.433780480,0,0,0
1.433780960,0,1,0
1.433781280,0,0,0
1.433781600,0,1,0
1.433781920,0,0,0
1.433782240,0,1,0
1.433782560,0,0,0
1.433782880,0,1,0
1.433783200,1,0,1
1.433783520,1,1,1
1.433783840,1,0,1
1.433784160,1,1,1
1.433784480,1,0,1
1.433784640,1,0,0
1.433784960,1,1,0
1.433785280,0,0,0
1.433785600,0,1,0
1.433785920,1,0,1
1.433786240,1,1,1
1.433786560,0,0,0
1.433786880,0,1,0
1.434053280,0,0,0
1.434053600,0,1,0
1.434053920,0,0,0
1.434054240,0,1,0
1.434054560,0,0,0
1.434054880,0,1,0
1.434055200,0,0,0
1.434055520,0,1,0
1.434055840,0,0,0
1.434056160,0,1,0
1.434056480,0,0,0
1.434056800,0,1,0
1.434057280,0,0,0
1.434057600,0,1,0
1.434057920,0,0,1
1.434058240,0,1,1
1.434058560,0,0,1
1.434058880,0,1,1
1.434059200,0,0,0
1.434059520,0,1,0
1.434059840,0,0,0
1.434060160,0,1,0
1.434060480,0,0,0
1.434060960,0,1,0
1.434061280,0,0,0
1.434061600,0,1,0
1.434061920,0,0,0
1.434062240,0,1,0
1.434062560,0,0,0
1.434062880,0,1,0
1.434063200,0,0,1
1.434063520,0,1,1
1.434063840,0,0,0
1.434064160,0,1,0
1.434064480,0,0,0
1.434064960,0,1,0
1.434065280,0,0,0
1.434065600,0,1,0
1.434065920,0,0,0
1.434066240,0,1,0
1.434066560,0,0,1
1.434066880,0,1,1
1.434067200,0,0,0
1.434067520,0,1,0
1.434067840,0,0,0
1.434068160,0,1,0
1.434068480,0,0,0
1.434068960,0,1,0
1.434069280,0,0,0
1.434069600,0,1,0
1.434069920,0,0,0
1.434070240,0,1,0
1.434070560,0,0,0
1.434070880,0,1,0
1.434071200,0,0,0
1.434071520,0,1,0
1.434071840,0,0,1
1.434072160,0,1,1
1.434072480,0,0,1
1.434072960,0,1,1
1.434073280,0,0,0
1.434073600,0,1,0
1.434073920,0,0,0
1.434074240,0,1,0
1.434327840,0,0,0
1.434328160,0,1,0
1.434328480,0,0,0
1.434328800,0,1,0
1.434329280,0,0,0
1.434329600,0,1,0
1.434329920,0,0,0
1.434330240,0,1,0
1.434330560,1,0,1
1.434330880,1,1,1
1.434331200,0,0,0
1.434331520,0,1,0
1.434331840,0,0,1
1.434332160,0,1,1
1.434332480,0,0,1
1.434332800,0,1,1
1.434333280,0,0,0
1.434333600,0,1,0
1.434333920,0,0,0
1.434334240,0,1,0
1.434334560,0,0,0
1.434334880,0,1,0
1.434335200,0,0,0
1.434335520,0,1,0
1.434335840,0,0,0
1.434336160,0,1,0
1.434336480,0,0,0
1.434336800,0,1,0
1.434337280,0,0,0
1.434337600,0,1,0
1.434337920,0,0,0
1.434338240,0,1,0
1.434338560,1,0,1
1.434338880,1,1,1
1.434339200,0,0,0
1.434339520,0,1,0
1.434339840,0,0,0
1.434340160,0,1,0
1.434340480,0,0,0
1.434340960,0,1,0
1.434341280,1,0,0
1.434341600,1,1,0
1.434341920,0,0,0
1.434342240,0,1,0
1.434342560,0,0,0
1.434342880,0,1,0
1.434343200,0,0,0
1.434343520,0,1,0
1.434343840,0,0,0
1.434344160,0,1,0
1.434344480,0,0,0
1.434344960,0,1,0
1.434345280,1,0,1
1.434345600,1,1,1
1.434345920,1,0,0
1.434346240,1,1,0
1.434346560,0,0,1
1.434346880,0,1,1
1.434347200,0,0,0
1.434347520,0,1,0
1.434347840,1,0,1
1.434348160,1,1,1
1.434348480,0,0,1
1.434348640,0,0,0
1.434348960,0,1,0
1.473177760,0,0,0
1.473178080,0,1,0
1.473178400,0,0,0
1.473178880,0,1,0
1.473179200,0,0,0
1.473179520,0,1,0
1.473179840,0,0,0
1.473180160,0,1,0
1.473180480,0,0,0
1.473180800,0,1,0
1.473181120,0,0,0
1.473181440,0,1,0
1.473181760,0,0,0
1.473182080,0,1,0
1.473182400,0,0,0
1.473182880,0,1,0
1.473183200,0,0,0
1.473183520,0,1,0
1.473183840,0,0,0
1.473184160,0,1,0
1.473184480,0,0,0
1.473184800,0,1,0
1.473185120,0,0,0
1.473185440,0,1,0
1.473185760,0,0,0
1.473186080,0,1,0
1.473186400,0,0,0
1.473186880,0,1,0
1.473187200,0,0,0
1.473187520,0,1,0
1.473187840,0,0,0
1.473188160,0,1,0
1.473188480,0,0,0
1.473188800,0,1,0
1.473189120,0,0,0
1.473189440,0,1,0
1.473189760,0,0,0
1.473190080,0,1,0
1.473190400,0,0,0
1.473190880,0,1,0
1.473191200,1,0,0
1.473191520,1,1,0
1.473191840,0,0,0
1.473192160,0,1,0
1.473192480,0,0,0
1.473192800,0,1,0
1.473193120,0,0,0
1.473193440,0,1,0
1.473193760,0,0,0
1.473194080,0,1,0
1.473194400,0,0,0
1.473194880,0,1,0
1.473195200,1,0,0
1.473195520,1,1,0
1.473195840,0,0,0
1.473196160,0,1,0
1.473196480,0,0,0
1.473196800,0,1,0
1.473197120,0,0,0
1.473197440,0,1,0
1.473197760,0,0,0
1.473198080,0,1,0
1.473198400,0,0,0
1.473198880,0,1,0
1.473647200,0,0,0
1.473647520,0,1,0
1.473647840,0,0,0
1.473648160,0,1,0
1.473648480,0,0,0
1.473648800,0,1,0
1.473649120,0,0,0
1.473649440,0,1,0
1.473649760,1,0,1
1.473650080,1,1,1
1.473650400,1,0,1
1.473650560,1,0,0
1.473650880,1,1,0
1.473651200,0,0,0
1.473651520,0,1,0
1.473651840,0,0,0
1.473652160,0,1,0
1.473652480,0,0,0
1.473652800,0,1,0
1.473653120,0,0,0
1.473653440,0,1,0
1.473653760,0,0,0
1.473654080,0,1,0
1.473654400,0,0,0
1.473654560,1,0,0
1.473654880,1,1,0
1.473655200,0,0,0
1.473655520,0,1,0
1.473655840,0,0,0
1.473656160,0,1,0
1.473656480,0,0,0
1.473656800,0,1,0
1.473657120,0,0,0
1.473657440,0,1,0
1.473657760,1,0,1
1.473658080,1,1,1
1.473658400,0,0,1
1.473658560,0,0,0
1.473658880,0,1,0
1.473659200,0,0,0
1.473659520,0,1,0
1.473659840,0,0,0
1.473660160,0,1,0
1.473660480,0,0,1
1.473660800,0,1,1
1.473661120,0,0,0
1.473661440,0,1,0
1.473661760,0,0,0
1.473662080,0,1,0
1.473662400,0,0,0
1.473662880,0,1,0
1.473663200,0,0,0
1.473663520,0,1,0
1.473663840,0,0,0
1.473664160,0,1,0
1.473664480,0,0,1
1.473664800,0,1,1
1.473665120,0,0,1
1.473665440,0,1,1
1.473665760,0,0,0
1.473666080,0,1,0
1.473666400,0,0,0
1.473666880,0,1,0
1.473667200,1,0,1
1.473667520,1,1,1
1.473667840,0,0,0
1.473668160,0,1,0
1.473922400,0,0,0
1.473922880,0,1,0
1.473923200,0,0,0
1.473923520,0,1,0
1.473923840,0,0,0
1.473924160,0,1,0
1.473924480,0,0,0
1.473924800,0,1,0
1.473925120,0,0,0
1.473925440,0,1,0
1.473925760,0,0,0
1.473926080,0,1,0
1.473926400,0,0,0
1.473926880,0,1,0
1.473927200,0,0,1
1.473927520,0,1,1
1.473927840,0,0,1
1.473928160,0,1,1
1.473928480,0,0,0
1.473928800,0,1,0
1.473929120,0,0,0
1.473929440,0,1,0
1.473929760,0,0,0
1.473930080,0,1,0
1.473930400,0,0,0
1.473930880,0,1,0
1.473931200,0,0,0
1.473931520,0,1,0
1.473931840,0,0,0
1.473932160,0,1,0
1.473932480,0,0,1
1.473932800,0,1,1
1.473933120,0,0,0
1.473933440,0,1,0
1.473933760,0,0,0
1.473934080,0,1,0
1.473934400,0,0,0
1.473934880,0,1,0
1.473935200,0,0,0
1.473935520,0,1,0
1.473935840,0,0,1
1.473936160,0,1,1
1.473936480,0,0,0
1.473936800,0,1,0
1.473937120,0,0,0
1.473937440,0,1,0
1.473937760,0,0,0
1.473938080,0,1,0
1.473938400,0,0,0
1.473938880,0,1,0
1.473939200,0,0,0
1.473939520,0,1,0
1.473939840,0,0,0
1.473940160,0,1,0
1.473940480,0,0,0
1.473940800,0,1,0
1.473941120,0,0,1
1.473941440,0,1,1
1.473941760,0,0,1
1.473942080,0,1,1
1.473942400,0,0,1
1.473942560,0,0,0
1.473942880,0,1,0
1.473943200,0,0,0
1.473943520,0,1,0
1.474211200,0,0,0
1.474211520,0,1,0
1.474211840,0,0,0
1.474212160,0,1,0
1.474212480,0,0,0
1.474212800,0,1,0
1.474213120,0,0,0
1.474213440,0,1,0
1.474213760,1,0,1
1.474214080,1,1,1
1.474214400,0,0,1
1.474214880,0,1,1
1.474215200,0,0,0
1.474215520,0,1,0
1.474215840,0,0,0
1.474216160,0,1,0
1.474216480,0,0,0
1.474216800,0,1,0
1.474217120,0,0,0
1.474217440,0,1,0
1.474217760,0,0,0
1.474218080,0,1,0
1.474218400,0,0,0
1.474218880,0,1,0
1.474219200,0,0,0
1.474219520,0,1,0
1.474219840,0,0,0
1.474220160,0,1,0
1.474220480,0,0,0
1.474220800,0,1,0
1.474221120,0,0,0
1.474221440,0,1,0
1.474221760,1,0,1
1.474222080,1,1,1
1.474222400,0,0,1
1.474222560,0,0,0
1.474222880,0,1,0
1.474223200,0,0,0
1.474223520,0,1,0
1.474223840,0,0,0
1.474224160,0,1,0
1.474224480,1,0,0
1.474224800,1,1,0
1.474225120,0,0,0
1.474225440,0,1,0
1.474225760,0,0,0
1.474226080,0,1,0
1.474226400,0,0,0
1.474226880,0,1,0
1.474227200,0,0,0
1.474227520,0,1,0
1.474227840,0,0,0
1.474228160,0,1,0
1.474228480,1,0,1
1.474228800,1,1,1
1.474229120,1,0,1
1.474229440,1,1,1
1.474229760,0,0,0
1.474230080,0,1,0
1.474230400,0,0,0
1.474230880,0,1,0
1.474231200,1,0,1
1.474231520,1,1,1
1.474231840,0,0,0
1.474232160,0,1,0
1.513187040,0,0,0
1.513187360,0,1,0
1.513187680,0,0,0
1.513188000,0,1,0
1.513188480,0,0,0
1.513188800,0,1,0
1.513189120,0,0,0
1.513189440,0,1,0
1.513189760,0,0,0
1.513190080,0,1,0
1.513190400,0,0,0
1.513190720,0,1,0
1.513191040,0,0,0
1.513191360,0,1,0
1.513191680,0,0,0
1.513192000,0,1,0
1.513192480,0,0,0
1.513192800,0,1,0
1.513193120,0,0,0
1.513193440,0,1,0
1.513193760,0,0,0
1.513194080,0,1,0
1.513194400,0,0,0
1.513194720,0,1,0
1.513195040,0,0,0
1.513195360,0,1,0
1.513195680,0,0,0
1.513196000,0,1,0
1.513196480,0,0,0
1.513196800,0,1,0
1.513197120,0,0,0
1.513197440,0,1,0
1.513197760,0,0,0
1.513198080,0,1,0
1.513198400,0,0,0
1.513198720,0,1,0
1.513199040,0,0,0
1.513199360,0,1,0
1.513199680,0,0,0
1.513200000,0,1,0
1.513200480,1,0,0
1.513200800,1,1,0
1.513201120,0,0,0
1.513201440,0,1,0
1.513201760,0,0,0
1.513202080,0,1,0
1.513202400,0,0,0
1.513202720,0,1,0
1.513203040,0,0,0
1.513203360,0,1,0
1.513203680,0,0,0
1.513204000,0,1,0
1.513204480,1,0,0
1.513204800,1,1,0
1.513205120,0,0,0
1.513205440,0,1,0
1.513205760,0,0,0
1.513206080,0,1,0
1.513206400,0,0,0
1.513206720,0,1,0
1.513207040,0,0,0
1.513207360,0,1,0
1.513207680,0,0,0
1.513208000,0,1,0
1.513659040,0,0,0
1.513659360,0,1,0
1.513659680,0,0,0
1.513660000,0,1,0
1.513660480,0,0,0
1.513660800,0,1,0
1.513661120,0,0,0
1.513661440,0,1,0
1.513661760,1,0,1
1.513662080,1,1,1
1.513662400,1,0,0
1.513662720,1,1,0
1.513663040,0,0,0
1.513663360,0,1,0
1.513663680,1,0,0
1.513664000,1,1,0
1.513664480,0,0,0
1.513664800,0,1,0
1.513665120,0,0,0
1.513665440,0,1,0
1.513665760,0,0,0
1.513666080,0,1,0
1.513666400,1,0,0
1.513666720,1,1,0
1.513667040,0,0,0
1.513667360,0,1,0
1.513667680,0,0,0
1.513668000,0,1,0
1.513668480,0,0,0
1.513668800,0,1,0
1.513669120,0,0,0
1.513669440,0,1,0
1.513669760,1,0,1
1.513670080,1,1,1
1.513670400,0,0,0
1.513670720,0,1,0
1.513671040,0,0,0
1.513671360,0,1,0
1.513671680,0,0,0
1.513672000,0,1,0
1.513672480,0,0,1
1.513672800,0,1,1
1.513673120,0,0,0
1.513673440,0,1,0
1.513673760,0,0,0
1.513674080,0,1,0
1.513674400,0,0,0
1.513674720,0,1,0
1.513675040,0,0,0
1.513675360,0,1,0
1.513675680,0,0,0
1.513676000,0,1,0
1.513676480,0,0,1
1.513676800,0,1,1
1.513677120,0,0,1
1.513677440,0,1,1
1.513677760,1,0,0
1.513678080,1,1,0
1.513678400,0,0,0
1.513678720,0,1,0
1.513679040,1,0,1
1.513679360,1,1,1
1.513679680,0,0,0
1.513680000,0,1,0
1.513950400,0,0,0
1.513950720,0,1,0
1.513951040,0,0,0
1.513951360,0,1,0
1.513951680,0,0,0
1.513952000,0,1,0
1.513952480,0,0,0
1.513952800,0,1,0
1.513953120,0,0,0
1.513953440,0,1,0
1.513953760,0,0,0
1.513954080,0,1,0
1.513954400,0,0,0
1.513954720,0,1,0
1.513955040,0,0,1
1.513955360,0,1,1
1.513955680,0,0,1
1.513956000,0,1,1
1.513956480,0,0,0
1.513956800,0,1,0
1.513957120,0,0,0
1.513957440,0,1,0
1.513957760,0,0,0
1.513958080,0,1,0
1.513958400,0,0,0
1.513958720,0,1,0
1.513959040,0,0,0
1.513959360,0,1,0
1.513959680,0,0,0
1.513960000,0,1,0
1.513960480,0,0,1
1.513960800,0,1,1
1.513961120,0,0,0
1.513961440,0,1,0
1.513961760,0,0,0
1.513962080,0,1,0
1.513962400,0,0,0
1.513962720,0,1,0
1.513963040,0,0,0
1.513963360,0,1,0
1.513963680,0,0,1
1.513964000,0,1,1
1.513964480,0,0,0
1.513964800,0,1,0
1.513965120,0,0,0
1.513965440,0,1,0
1.513965760,0,0,0
1.513966080,0,1,0
1.513966400,0,0,0
1.513966720,0,1,0
1.513967040,0,0,0
1.513967360,0,1,0
1.513967680,0,0,0
1.513968000,0,1,0
1.513968480,0,0,0
1.513968800,0,1,0
1.513969120,0,0,1
1.513969440,0,1,1
1.513969760,0,0,1
1.513970080,0,1,1
1.513970400,0,0,0
1.513970720,0,1,0
1.513971040,0,0,0
1.513971360,0,1,0
1.514228480,0,0,0
1.514228800,0,1,0
1.514229120,0,0,0
1.514229440,0,1,0
1.514229760,0,0,0
1.514230080,0,1,0
1.514230400,0,0,0
1.514230720,0,1,0
1.514231040,1,0,1
1.514231360,1,1,1
1.514231680,0,0,1
1.514232000,0,1,1
1.514232480,0,0,0
1.514232800,0,1,0
1.514233120,0,0,1
1.514233440,0,1,1
1.514233760,0,0,0
1.514234080,0,1,0
1.514234400,0,0,0
1.514234720,0,1,0
1.514235040,0,0,0
1.514235360,0,1,0
1.514235680,0,0,0
1.514236000,0,1,0
1.514236480,0,0,0
1.514236800,0,1,0
1.514237120,0,0,0
1.514237440,0,1,0
1.514237760,0,0,0
1.514238080,0,1,0
1.514238400,0,0,0
1.514238720,0,1,0
1.514239040,1,0,1
1.514239360,1,1,1
1.514239680,0,0,0
1.514240000,0,1,0
1.514240480,0,0,0
1.514240800,0,1,0
1.514241120,0,0,0
1.514241440,0,1,0
1.514241760,1,0,0
1.514242080,1,1,0
1.514242400,0,0,0
1.514242720,0,1,0
1.514243040,0,0,0
1.514243360,0,1,0
1.514243680,0,0,0
1.514244000,0,1,0
1.514244480,0,0,0
1.514244800,0,1,0
1.514245120,0,0,0
1.514245440,0,1,0
1.514245760,1,0,1
1.514246080,1,1,1
1.514246400,1,0,1
1.514246720,1,1,1
1.514247040,0,0,1
1.514247360,0,1,1
1.514247680,0,0,0
1.514248000,0,1,0
1.514248480,1,0,1
1.514248800,1,1,1
1.514249120,0,0,0
1.514249440,0,1,0
1.553172960,0,0,0
1.553173280,0,1,0
1.553173600,0,0,0
1.553174080,0,1,0
1.553174400,0,0,0
1.553174720,0,1,0
1.553175040,0,0,0
1.553175360,0,1,0
1.553175680,0,0,0
1.553176000,0,1,0
1.553176320,0,0,0
1.553176640,0,1,0
1.553176960,0,0,0
1.553177280,0,1,0
1.553177600,0,0,0
1.553178080,0,1,0
1.553178400,0,0,0
1.553178720,0,1,0
1.553179040,0,0,0
1.553179360,0,1,0
1.553179680,0,0,0
1.553180000,0,1,0
1.553180320,0,0,0
1.553180640,0,1,0
1.553180960,0,0,0
1.553181280,0,1,0
1.553181600,0,0,0
1.553182080,0,1,0
1.553182400,0,0,0
1.553182720,0,1,0
1.553183040,0,0,0
1.553183360,0,1,0
1.553183680,0,0,0
1.553184000,0,1,0
1.553184320,0,0,0
1.553184640,0,1,0
1.553184960,0,0,0
1.553185280,0,1,0
1.553185600,0,0,0
1.553186080,0,1,0
1.553186400,1,0,0
1.553186720,1,1,0
1.553187040,0,0,0
1.553187360,0,1,0
1.553187680,0,0,0
1.553188000,0,1,0
1.553188320,0,0,0
1.553188640,0,1,0
1.553188960,0,0,0
1.553189280,0,1,0
1.553189600,0,0,0
1.553190080,0,1,0
1.553190400,1,0,0
1.553190720,1,1,0
1.553191040,0,0,0
1.553191360,0,1,0
1.553191680,0,0,0
1.553192000,0,1,0
1.553192320,0,0,0
1.553192640,0,1,0
1.553192960,0,0,0
1.553193280,0,1,0
1.553193600,0,0,0
1.553194080,0,1,0
1.553644320,0,0,0
1.553644640,0,1,0
1.553644960,0,0,0
1.553645280,0,1,0
1.553645600,0,0,0
1.553646080,0,1,0
1.553646400,0,0,0
1.553646720,0,1,0
1.553647040,1,0,1
1.553647360,1,1,1
1.553647680,1,0,0
1.553648000,1,1,0
1.553648320,1,0,0
1.553648640,1,1,0
1.553648960,0,0,0
1.553649280,0,1,0
1.553649600,0,0,0
1.553650080,0,1,0
1.553650400,0,0,0
1.553650720,0,1,0
1.553651040,0,0,0
1.553651360,0,1,0
1.553651680,1,0,0
1.553652000,1,1,0
1.553652320,0,0,0
1.553652640,0,1,0
1.553652960,0,0,0
1.553653280,0,1,0
1.553653600,0,0,0
1.553654080,0,1,0
1.553654400,0,0,0
1.553654720,0,1,0
1.553655040,1,0,1
1.553655360,1,1,1
1.553655680,0,0,0
1.553656000,0,1,0
1.553656320,0,0,0
1.553656640,0,1,0
1.553656960,0,0,0
1.553657280,0,1,0
1.553657600,0,0,0
1.553657760,0,0,1
1.553658080,0,1,1
1.553658400,0,0,0
1.553658720,0,1,0
1.553659040,0,0,0
1.553659360,0,1,0
1.553659680,0,0,0
1.553660000,0,1,0
1.553660320,0,0,0
1.553660640,0,1,0
1.553660960,0,0,0
1.553661280,0,1,0
1.553661600,0,0,0
1.553661760,0,0,1
1.553662080,0,1,1
1.553662400,1,0,1
1.553662720,1,1,1
1.553663040,0,0,0
1.553663360,0,1,0
1.553663680,0,0,0
1.553664000,0,1,0
1.553664320,1,0,1
1.553664640,1,1,1
1.553664960,0,0,0
1.553665280,0,1,0
1.553920960,0,0,0
1.553921280,0,1,0
1.553921600,0,0,0
1.553922080,0,1,0
1.553922400,0,0,0
1.553922720,0,1,0
1.553923040,0,0,0
1.553923360,0,1,0
1.553923680,0,0,0
1.553924000,0,1,0
1.553924320,0,0,0
1.553924640,0,1,0
1.553924960,0,0,0
1.553925280,0,1,0
1.553925600,0,0,0
1.553925760,0,0,1
1.553926080,0,1,1
1.553926400,0,0,1
1.553926720,0,1,1
1.553927040,0,0,0
1.553927360,0,1,0
1.553927680,0,0,0
1.553928000,0,1,0
1.553928320,0,0,0
1.553928640,0,1,0
1.553928960,0,0,0
1.553929280,0,1,0
1.553929600,0,0,0
1.553930080,0,1,0
1.553930400,0,0,0
1.553930720,0,1,0
1.553931040,0,0,1
1.553931360,0,1,1
1.553931680,0,0,0
1.553932000,0,1,0
1.553932320,0,0,0
1.553932640,0,1,0
1.553932960,0,0,0
1.553933280,0,1,0
1.553933600,0,0,0
1.553934080,0,1,0
1.553934400,0,0,1
1.553934720,0,1,1
1.553935040,0,0,0
1.553935360,0,1,0
1.553935680,0,0,0
1.553936000,0,1,0
1.553936320,0,0,0
1.553936640,0,1,0
1.553936960,0,0,0
1.553937280,0,1,0
1.553937600,0,0,0
1.553938080,0,1,0
1.553938400,0,0,0
1.553938720,0,1,0
1.553939040,0,0,0
1.553939360,0,1,0
1.553939680,0,0,1
1.553940000,0,1,1
1.553940320,0,0,1
1.553940640,0,1,1
1.553940960,0,0,0
1.553941280,0,1,0
1.553941600,0,0,0
1.553942080,0,1,0
1.554208960,0,0,0
1.554209280,0,1,0
1.554209600,0,0,0
1.554210080,0,1,0
1.554210400,0,0,0
1.554210720,0,1,0
1.554211040,0,0,0
1.554211360,0,1,0
1.554211680,1,0,1
1.554212000,1,1,1
1.554212320,0,0,1
1.554212640,0,1,1
1.554212960,0,0,1
1.554213280,0,1,1
1.554213600,0,0,1
1.554213760,0,0,0
1.554214080,0,1,0
1.554214400,0,0,0
1.554214720,0,1,0
1.554215040,0,0,0
1.554215360,0,1,0
1.554215680,0,0,0
1.554216000,0,1,0
1.554216320,0,0,0
1.554216640,0,1,0
1.554216960,0,0,0
1.554217280,0,1,0
1.554217600,0,0,0
1.554218080,0,1,0
1.554218400,0,0,0
1.554218720,0,1,0
1.554219040,0,0,0
1.554219360,0,1,0
1.554219680,1,0,1
1.554220000,1,1,1
1.554220320,0,0,0
1.554220640,0,1,0
1.554220960,0,0,0
1.554221280,0,1,0
1.554221600,0,0,0
1.554222080,0,1,0
1.554222400,1,0,0
1.554222720,1,1,0
1.554223040,0,0,0
1.554223360,0,1,0
1.554223680,0,0,0
1.554224000,0,1,0
1.554224320,0,0,0
1.554224640,0,1,0
1.554224960,0,0,0
1.554225280,0,1,0
1.554225600,0,0,0
1.554226080,0,1,0
1.554226400,1,0,0
1.554226720,1,1,0
1.554227040,1,0,0
1.554227360,1,1,0
1.554227680,0,0,0
1.554228000,0,1,0
1.554228320,0,0,0
1.554228640,0,1,0
1.554228960,1,0,1
1.554229280,1,1,1
1.554229600,0,0,1
1.554229760,0,0,0
1.554230080,0,1,0
1.593181600,0,0,0
1.593181920,0,1,0
1.593182240,0,0,0
1.593182560,0,1,0
1.593182880,0,0,0
1.593183200,0,1,0
1.593183520,0,0,0
1.593184000,0,1,0
1.593184320,0,0,0
1.593184640,0,1,0
1.593184960,0,0,0
1.593185280,0,1,0
1.593185600,0,0,0
1.593185920,0,1,0
1.593186240,0,0,0
1.593186560,0,1,0
1.593186880,0,0,0
1.593187200,0,1,0
1.593187520,0,0,0
1.593188000,0,1,0
1.593188320,0,0,0
1.593188640,0,1,0
1.593188960,0,0,0
1.593189280,0,1,0
1.593189600,0,0,0
1.593189920,0,1,0
1.593190240,0,0,0
1.593190560,0,1,0
1.593190880,0,0,0
1.593191200,0,1,0
1.593191520,0,0,0
1.593192000,0,1,0
1.593192320,0,0,0
1.593192640,0,1,0
1.593192960,0,0,0
1.593193280,0,1,0
1.593193600,0,0,0
1.593193920,0,1,0
1.593194240,0,0,0
1.593194560,0,1,0
1.593194880,1,0,0
1.593195200,1,1,0
1.593195520,0,0,0
1.593196000,0,1,0
1.593196320,0,0,0
1.593196640,0,1,0
1.593196960,0,0,0
1.593197280,0,1,0
1.593197600,0,0,0
1.593197920,0,1,0
1.593198240,0,0,0
1.593198560,0,1,0
1.593198880,1,0,0
1.593199200,1,1,0
1.593199520,0,0,0
1.593200000,0,1,0
1.593200320,0,0,0
1.593200640,0,1,0
1.593200960,0,0,0
1.593201280,0,1,0
1.593201600,0,0,0
1.593201920,0,1,0
1.593202240,0,0,0
1.593202560,0,1,0
1.593666880,0,0,0
1.593667200,0,1,0
1.593667520,0,0,0
1.593668000,0,1,0
1.593668320,0,0,0
1.593668640,0,1,0
1.593668960,0,0,0
1.593669280,0,1,0
1.593669600,1,0,1
1.593669920,1,1,1
1.593670240,1,0,0
1.593670560,1,1,0
1.593670880,1,0,0
1.593671200,1,1,0
1.593671520,1,0,0
1.593672000,1,1,0
1.593672320,0,0,0
1.593672640,0,1,0
1.593672960,0,0,0
1.593673280,0,1,0
1.593673600,0,0,0
1.593673920,0,1,0
1.593674240,1,0,0
1.593674560,1,1,0
1.593674880,0,0,0
1.593675200,0,1,0
1.593675520,0,0,0
1.593676000,0,1,0
1.593676320,0,0,0
1.593676640,0,1,0
1.593676960,0,0,0
1.593677280,0,1,0
1.593677600,1,0,1
1.593677920,1,1,1
1.593678240,0,0,0
1.593678560,0,1,0
1.593678880,0,0,0
1.593679200,0,1,0
1.593679520,0,0,0
1.593680000,0,1,0
1.593680320,0,0,1
1.593680640,0,1,1
1.593680960,0,0,0
1.593681280,0,1,0
1.593681600,0,0,0
1.593681920,0,1,0
1.593682240,0,0,0
1.593682560,0,1,0
1.593682880,0,0,0
1.593683200,0,1,0
1.593683520,0,0,0
1.593684000,0,1,0
1.593684320,0,0,1
1.593684640,0,1,1
1.593684960,1,0,1
1.593685280,1,1,1
1.593685600,1,0,0
1.593685920,1,1,0
1.593686240,0,0,0
1.593686560,0,1,0
1.593686880,1,0,1
1.593687200,1,1,1
1.593687520,0,0,1
1.593687680,0,0,0
1.593688000,0,1,0
1.593954880,0,0,0
1.593955200,0,1,0
1.593955520,0,0,0
1.593956000,0,1,0
1.593956320,0,0,0
1.593956640,0,1,0
1.593956960,0,0,0
1.593957280,0,1,0
1.593957600,0,0,0
1.593957920,0,1,0
1.593958240,0,0,0
1.593958560,0,1,0
1.593958880,0,0,0
1.593959200,0,1,0
1.593959520,0,0,0
1.593959680,0,0,1
1.593960000,0,1,1
1.593960320,0,0,1
1.593960640,0,1,1
1.593960960,0,0,0
1.593961280,0,1,0
1.593961600,0,0,0
1.593961920,0,1,0
1.593962240,0,0,0
1.593962560,0,1,0
1.593962880,0,0,0
1.593963200,0,1,0
1.593963520,0,0,0
1.593964000,0,1,0
1.593964320,0,0,0
1.593964640,0,1,0
1.593964960,0,0,1
1.593965280,0,1,1
1.593965600,0,0,0
1.593965920,0,1,0
1.593966240,0,0,0
1.593966560,0,1,0
1.593966880,0,0,0
1.593967200,0,1,0
1.593967520,0,0,0
1.593968000,0,1,0
1.593968320,0,0,1
1.593968640,0,1,1
1.593968960,0,0,0
1.593969280,0,1,0
1.593969600,0,0,0
1.593969920,0,1,0
1.593970240,0,0,0
1.593970560,0,1,0
1.593970880,0,0,0
1.593971200,0,1,0
1.593971520,0,0,0
1.593972000,0,1,0
1.593972320,0,0,0
1.593972640,0,1,0
1.593972960,0,0,0
1.593973280,0,1,0
1.593973600,0,0,1
1.593973920,0,1,1
1.593974240,0,0,1
1.593974560,0,1,1
1.593974880,0,0,0
1.593975200,0,1,0
1.593975520,0,0,0
1.593976000,0,1,0
1.594234880,0,0,0
1.594235200,0,1,0
1.594235520,0,0,0
1.594236000,0,1,0
1.594236320,0,0,0
1.594236640,0,1,0
1.594236960,0,0,0
1.594237280,0,1,0
1.594237600,1,0,1
1.594237920,1,1,1
1.594238240,0,0,1
1.594238560,0,1,1
1.594238880,0,0,1
1.594239200,0,1,1
1.594239520,0,0,1
1.594240000,0,1,1
1.594240320,0,0,0
1.594240640,0,1,0
1.594240960,0,0,0
1.594241280,0,1,0
1.594241600,0,0,0
1.594241920,0,1,0
1.594242240,0,0,0
1.594242560,0,1,0
1.594242880,0,0,0
1.594243200,0,1,0
1.594243520,0,0,0
1.594244000,0,1,0
1.594244320,0,0,0
1.594244640,0,1,0
1.594244960,0,0,0
1.594245280,0,1,0
1.594245600,1,0,1
1.594245920,1,1,1
1.594246240,0,0,0
1.594246560,0,1,0
1.594246880,0,0,0
1.594247200,0,1,0
1.594247520,0,0,0
1.594248000,0,1,0
1.594248320,1,0,0
1.594248640,1,1,0
1.594248960,0,0,0
1.594249280,0,1,0
1.594249600,0,0,0
1.594249920,0,1,0
1.594250240,0,0,0
1.594250560,0,1,0
1.594250880,0,0,0
1.594251200,0,1,0
1.594251520,0,0,0
1.594252000,0,1,0
1.594252320,1,0,0
1.594252640,1,1,0
1.594252960,1,0,0
1.594253280,1,1,0
1.594253600,0,0,1
1.594253920,0,1,1
1.594254240,0,0,0
1.594254560,0,1,0
1.594254880,1,0,1
1.594255200,1,1,1
1.594255520,0,0,1
1.594255680,0,0,0
1.594256000,0,1,0
1.633296800,0,0,0
1.633297120,0,1,0
1.633297600,0,0,0
1.633297920,0,1,0
1.633298240,0,0,0
1.633298560,0,1,0
1.633298880,0,0,0
1.633299200,0,1,0
1.633299520,0,0,0
1.633299840,0,1,0
1.633300160,0,0,0
1.633300480,0,1,0
1.633300800,0,0,0
1.633301120,0,1,0
1.633301600,0,0,0
1.633301920,0,1,0
1.633302240,0,0,0
1.633302560,0,1,0
1.633302880,0,0,0
1.633303200,0,1,0
1.633303520,0,0,0
1.633303840,0,1,0
1.633304160,0,0,0
1.633304480,0,1,0
1.633304800,0,0,0
1.633305120,0,1,0
1.633305600,0,0,0
1.633305920,0,1,0
1.633306240,0,0,0
1.633306560,0,1,0
1.633306880,0,0,0
1.633307200,0,1,0
1.633307520,0,0,0
1.633307840,0,1,0
1.633308160,0,0,0
1.633308480,0,1,0
1.633308800,0,0,0
1.633309120,0,1,0
1.633309600,0,0,0
1.633309920,0,1,0
1.633310240,1,0,0
1.633310560,1,1,0
1.633310880,0,0,0
1.633311200,0,1,0
1.633311520,0,0,0
1.633311840,0,1,0
1.633312160,0,0,0
1.633312480,0,1,0
1.633312800,0,0,0
1.633313120,0,1,0
1.633313600,0,0,0
1.633313920,0,1,0
1.633314240,1,0,0
1.633314560,1,1,0
1.633314880,0,0,0
1.633315200,0,1,0
1.633315520,0,0,0
1.633315840,0,1,0
1.633316160,0,0,0
1.633316480,0,1,0
1.633316800,0,0,0
1.633317120,0,1,0
1.633317600,0,0,0
1.633317920,0,1,0
1.633765600,0,0,0
1.633765920,0,1,0
1.633766240,0,0,0
1.633766560,0,1,0
1.633766880,0,0,0
1.633767200,0,1,0
1.633767520,0,0,0
1.633767840,0,1,0
1.633768160,1,0,1
1.633768480,1,1,1
1.633768800,0,0,0
1.633769120,0,1,0
1.633769600,0,0,0
1.633769920,0,1,0
1.633770240,0,0,0
1.633770560,0,1,0
1.633770880,0,0,0
1.633771200,0,1,0
1.633771520,0,0,0
1.633771840,0,1,0
1.633772160,0,0,0
1.633772480,0,1,0
1.633772800,1,0,0
1.633773120,1,1,0
1.633773600,0,0,0
1.633773920,0,1,0
1.633774240,0,0,0
1.633774560,0,1,0
1.633774880,0,0,0
1.633775200,0,1,0
1.633775520,0,0,0
1.633775840,0,1,0
1.633776160,1,0,1
1.633776480,1,1,1
1.633776800,0,0,0
1.633777120,0,1,0
1.633777600,0,0,0
1.633777920,0,1,0
1.633778240,0,0,0
1.633778560,0,1,0
1.633778880,0,0,1
1.633779200,0,1,1
1.633779520,0,0,0
1.633779840,0,1,0
1.633780160,0,0,0
1.633780480,0,1,0
1.633780800,0,0,0
1.633781120,0,1,0
1.633781600,0,0,0
1.633781920,0,1,0
1.633782240,0,0,0
1.633782560,0,1,0
1.633782880,1,0,1
1.633783200,1,1,1
1.633783520,0,0,1
1.633783840,0,1,1
1.633784160,0,0,0
1.633784480,0,1,0
1.633784800,0,0,0
1.633785120,0,1,0
1.633785600,1,0,1
1.633785920,1,1,1
1.633786240,0,0,0
1.633786560,0,1,0
1.634040800,0,0,0
1.634041120,0,1,0
1.634041600,0,0,0
1.634041920,0,1,0
1.634042240,0,0,0
1.634042560,0,1,0
1.634042880,0,0,0
1.634043200,0,1,0
1.634043520,0,0,0
1.634043840,0,1,0
1.634044160,0,0,0
1.634044480,0,1,0
1.634044800,0,0,0
1.634045120,0,1,0
1.634045600,0,0,1
1.634045920,0,1,1
1.634046240,0,0,1
1.634046560,0,1,1
1.634046880,0,0,0
1.634047200,0,1,0
1.634047520,0,0,0
1.634047840,0,1,0
1.634048160,0,0,0
1.634048480,0,1,0
1.634048800,0,0,0
1.634049120,0,1,0
1.634049600,0,0,0
1.634049920,0,1,0
1.634050240,0,0,0
1.634050560,0,1,0
1.634050880,0,0,1
1.634051200,0,1,1
1.634051520,0,0,0
1.634051840,0,1,0
1.634052160,0,0,0
1.634052480,0,1,0
1.634052800,0,0,0
1.634053120,0,1,0
1.634053600,0,0,0
1.634053920,0,1,0
1.634054240,0,0,1
1.634054560,0,1,1
1.634054880,0,0,0
1.634055200,0,1,0
1.634055520,0,0,0
1.634055840,0,1,0
1.634056160,0,0,0
1.634056480,0,1,0
1.634056800,0,0,0
1.634057120,0,1,0
1.634057600,0,0,0
1.634057920,0,1,0
1.634058240,0,0,0
1.634058560,0,1,0
1.634058880,0,0,0
1.634059200,0,1,0
1.634059520,0,0,1
1.634059840,0,1,1
1.634060160,0,0,1
1.634060480,0,1,1
1.634060800,0,0,0
1.634061120,0,1,0
1.634061600,0,0,0
1.634061920,0,1,0
1.634312160,0,0,0
1.634312480,0,1,0
1.634312800,0,0,0
1.634313120,0,1,0
1.634313600,0,0,0
1.634313920,0,1,0
1.634314240,0,0,0
1.634314560,0,1,0
1.634314880,1,0,1
1.634315200,1,1,1
1.634315520,0,0,0
1.634315840,0,1,0
1.634316160,0,0,0
1.634316480,0,1,0
1.634316800,0,0,0
1.634317120,0,1,0
1.634317600,0,0,0
1.634317920,0,1,0
1.634318240,0,0,0
1.634318560,0,1,0
1.634318880,0,0,0
1.634319200,0,1,0
1.634319520,0,0,0
1.634319840,0,1,0
1.634320160,0,0,0
1.634320480,0,1,0
1.634320800,0,0,0
1.634321120,0,1,0
1.634321600,0,0,0
1.634321920,0,1,0
1.634322240,0,0,0
1.634322560,0,1,0
1.634322880,1,0,1
1.634323200,1,1,1
1.634323520,0,0,0
1.634323840,0,1,0
1.634324160,0,0,0
1.634324480,0,1,0
1.634324800,0,0,0
1.634325120,0,1,0
1.634325600,1,0,0
1.634325920,1,1,0
1.634326240,0,0,0
1.634326560,0,1,0
1.634326880,0,0,0
1.634327200,0,1,0
1.634327520,0,0,0
1.634327840,0,1,0
1.634328160,0,0,0
1.634328480,0,1,0
1.634328800,0,0,0
1.634329120,0,1,0
1.634329600,1,0,0
1.634329920,1,1,0
1.634330240,1,0,1
1.634330560,1,1,1
1.634330880,0,0,0
1.634331200,0,1,0
1.634331520,0,0,0
1.634331840,0,1,0
1.634332160,1,0,1
1.634332480,1,1,1
1.634332800,0,0,0
1.634333120,0,1,0
1.673160800,0,0,0
1.673161120,0,1,0
1.673161440,0,0,0
1.673161760,0,1,0
1.673162080,0,0,0
1.673162400,0,1,0
1.673162720,0,0,0
1.673163200,0,1,0
1.673163520,0,0,0
1.673163840,0,1,0
1.673164160,0,0,0
1.673164480,0,1,0
1.673164800,0,0,0
1.673165120,0,1,0
1.673165440,0,0,0
1.673165760,0,1,0
1.673166080,0,0,0
1.673166400,0,1,0
1.673166720,0,0,0
1.673167200,0,1,0
1.673167520,0,0,0
1.673167840,0,1,0
1.673168160,0,0,0
1.673168480,0,1,0
1.673168800,0,0,0
1.673169120,0,1,0
1.673169440,0,0,0
1.673169760,0,1,0
1.673170080,0,0,0
1.673170400,0,1,0
1.673170720,0,0,0
1.673171200,0,1,0
1.673171520,0,0,0
1.673171840,0,1,0
1.673172160,0,0,0
1.673172480,0,1,0
1.673172800,0,0,0
1.673173120,0,1,0
1.673173440,0,0,0
1.673173760,0,1,0
1.673174080,1,0,0
1.673174400,1,1,0
1.673174720,0,0,0
1.673175200,0,1,0
1.673175520,0,0,0
1.673175840,0,1,0
1.673176160,0,0,0
1.673176480,0,1,0
1.673176800,0,0,0
1.673177120,0,1,0
1.673177440,0,0,0
1.673177760,0,1,0
1.673178080,1,0,0
1.673178400,1,1,0
1.673178720,0,0,0
1.673179200,0,1,0
1.673179520,0,0,0
1.673179840,0,1,0
1.673180160,0,0,0
1.673180480,0,1,0
1.673180800,0,0,0
1.673181120,0,1,0
1.673181440,0,0,0
1.673181760,0,1,0
1.673627520,0,0,0
1.673627840,0,1,0
1.673628160,0,0,0
1.673628480,0,1,0
1.673628800,0,0,0
1.673629120,0,1,0
1.673629440,0,0,0
1.673629760,0,1,0
1.673630080,1,0,1
1.673630400,1,1,1
1.673630720,0,0,1
1.673630880,0,0,0
1.673631200,0,1,0
1.673631520,0,0,0
1.673631840,0,1,0
1.673632160,1,0,0
1.673632480,1,1,0
1.673632800,0,0,0
1.673633120,0,1,0
1.673633440,0,0,0
1.673633760,0,1,0
1.673634080,0,0,0
1.673634400,0,1,0
1.673634720,0,0,0
1.673634880,1,0,0
1.673635200,1,1,0
1.673635520,0,0,0
1.673635840,0,1,0
1.673636160,0,0,0
1.673636480,0,1,0
1.673636800,0,0,0
1.673637120,0,1,0
1.673637440,0,0,0
1.673637760,0,1,0
1.673638080,1,0,1
1.673638400,1,1,1
1.673638720,0,0,1
1.673638880,0,0,0
1.673639200,0,1,0
1.673639520,0,0,0
1.673639840,0,1,0
1.673640160,0,0,0
1.673640480,0,1,0
1.673640800,0,0,1
1.673641120,0,1,1
1.673641440,0,0,0
1.673641760,0,1,0
1.673642080,0,0,0
1.673642400,0,1,0
1.673642720,0,0,0
1.673643200,0,1,0
1.673643520,0,0,0
1.673643840,0,1,0
1.673644160,0,0,0
1.673644480,0,1,0
1.673644800,1,0,1
1.673645120,1,1,1
1.673645440,0,0,1
1.673645760,0,1,1
1.673646080,1,0,0
1.673646400,1,1,0
1.673646720,0,0,0
1.673647200,0,1,0
1.673647520,1,0,1
1.673647840,1,1,1
1.673648160,0,0,0
1.673648480,0,1,0
1.673903520,0,0,0
1.673903840,0,1,0
1.673904160,0,0,0
1.673904480,0,1,0
1.673904800,0,0,0
1.673905120,0,1,0
1.673905440,0,0,0
1.673905760,0,1,0
1.673906080,0,0,0
1.673906400,0,1,0
1.673906720,0,0,0
1.673907200,0,1,0
1.673907520,0,0,0
1.673907840,0,1,0
1.673908160,0,0,1
1.673908480,0,1,1
1.673908800,0,0,1
1.673909120,0,1,1
1.673909440,0,0,0
1.673909760,0,1,0
1.673910080,0,0,0
1.673910400,0,1,0
1.673910720,0,0,0
1.673911200,0,1,0
1.673911520,0,0,0
1.673911840,0,1,0
1.673912160,0,0,0
1.673912480,0,1,0
1.673912800,0,0,0
1.673913120,0,1,0
1.673913440,0,0,1
1.673913760,0,1,1
1.673914080,0,0,0
1.673914400,0,1,0
1.673914720,0,0,0
1.673915200,0,1,0
1.673915520,0,0,0
1.673915840,0,1,0
1.673916160,0,0,0
1.673916480,0,1,0
1.673916800,0,0,1
1.673917120,0,1,1
1.673917440,0,0,0
1.673917760,0,1,0
1.673918080,0,0,0
1.673918400,0,1,0
1.673918720,0,0,0
1.673919200,0,1,0
1.673919520,0,0,0
1.673919840,0,1,0
1.673920160,0,0,0
1.673920480,0,1,0
1.673920800,0,0,0
1.673921120,0,1,0
1.673921440,0,0,0
1.673921760,0,1,0
1.673922080,0,0,1
1.673922400,0,1,1
1.673922720,0,0,1
1.673923200,0,1,1
1.673923520,0,0,0
1.673923840,0,1,0
1.673924160,0,0,0
1.673924480,0,1,0
1.674174080,0,0,0
1.674174400,0,1,0
1.674174720,0,0,0
1.674175200,0,1,0
1.674175520,0,0,0
1.674175840,0,1,0
1.674176160,0,0,0
1.674176480,0,1,0
1.674176800,1,0,1
1.674177120,1,1,1
1.674177440,0,0,0
1.674177760,0,1,0
1.674178080,0,0,0
1.674178400,0,1,0
1.674178720,0,0,0
1.674178880,0,0,1
1.674179200,0,1,1
1.674179520,0,0,0
1.674179840,0,1,0
1.674180160,0,0,0
1.674180480,0,1,0
1.674180800,0,0,0
1.674181120,0,1,0
1.674181440,0,0,0
1.674181760,0,1,0
1.674182080,0,0,0
1.674182400,0,1,0
1.674182720,0,0,0
1.674183200,0,1,0
1.674183520,0,0,0
1.674183840,0,1,0
1.674184160,0,0,0
1.674184480,0,1,0
1.674184800,1,0,1
1.674185120,1,1,1
1.674185440,0,0,0
1.674185760,0,1,0
1.674186080,0,0,0
1.674186400,0,1,0
1.674186720,0,0,0
1.674187200,0,1,0
1.674187520,1,0,0
1.674187840,1,1,0
1.674188160,0,0,0
1.674188480,0,1,0
1.674188800,0,0,0
1.674189120,0,1,0
1.674189440,0,0,0
1.674189760,0,1,0
1.674190080,0,0,0
1.674190400,0,1,0
1.674190720,0,0,0
1.674191200,0,1,0
1.674191520,1,0,0
1.674191840,1,1,0
1.674192160,1,0,1
1.674192480,1,1,1
1.674192800,0,0,1
1.674193120,0,1,1
1.674193440,0,0,0
1.674193760,0,1,0
1.674194080,1,0,1
1.674194400,1,1,1
1.674194720,0,0,1
1.674194880,0,0,0
1.674195200,0,1,0
1.707671360,0,0,0
1.707671680,0,1,0
1.707672000,0,0,0
1.707672320,0,1,0
1.707672800,0,0,0
1.707673120,0,1,0
1.707673440,0,0,0
1.707673760,0,1,0
1.707674080,0,0,0
1.707674400,0,1,0
1.707674720,0,0,0
1.707675040,0,1,0
1.707675360,0,0,0
1.707675680,0,1,0
1.707676000,0,0,0
1.707676320,0,1,0
1.707676800,0,0,0
1.707677120,0,1,0
1.707677440,0,0,0
1.707677760,0,1,0
1.707678080,0,0,0
1.707678400,0,1,0
1.707678720,0,0,0
1.707679040,0,1,0
1.707679360,0,0,0
1.707679680,0,1,0
1.707680000,0,0,0
1.707680320,0,1,0
1.707680800,0,0,0
1.707681120,0,1,0
1.707681440,0,0,0
1.707681760,0,1,0
1.707682080,0,0,0
1.707682400,0,1,0
1.707682720,0,0,0
1.707683040,0,1,0
1.707683360,0,0,0
1.707683680,0,1,0
1.707684000,0,0,0
1.707684480,0,1,0
1.707684800,1,0,0
1.707685120,1,1,0
1.707685440,1,0,0
1.707685760,1,1,0
1.707686080,1,0,0
1.707686400,1,1,0
1.707686720,1,0,0
1.707687040,1,1,0
1.707687360,1,0,0
1.707687680,1,1,0
1.707688000,1,0,0
1.707688480,1,1,0
1.707688800,0,0,0
1.707689120,0,1,0
1.707689440,0,0,0
1.707689760,0,1,0
1.707690080,0,0,0
1.707690400,0,1,0
1.707690720,0,0,0
1.707691040,0,1,0
1.707691360,0,0,0
1.707691680,0,1,0
1.707692000,0,0,0
1.707692480,0,1,0
1.708132000,0,0,0
1.708132320,0,1,0
1.708132800,0,0,0
1.708133120,0,1,0
1.708133440,0,0,0
1.708133760,0,1,0
1.708134080,0,0,0
1.708134400,0,1,0
1.708134720,1,0,1
1.708135040,1,1,1
1.708135360,0,0,0
1.708135680,0,1,0
1.708136000,1,0,0
1.708136320,1,1,0
1.708136800,0,0,0
1.708137120,0,1,0
1.708137440,0,0,0
1.708137760,0,1,0
1.708138080,0,0,0
1.708138400,0,1,0
1.708138720,0,0,0
1.708139040,0,1,0
1.708139360,1,0,0
1.708139680,1,1,0
1.708140000,0,0,0
1.708140320,0,1,0
1.708140800,0,0,0
1.708141120,0,1,0
1.708141440,0,0,0
1.708141760,0,1,0
1.708142080,0,0,0
1.708142400,0,1,0
1.708142720,1,0,1
1.708143040,1,1,1
1.708143360,0,0,0
1.708143680,0,1,0
1.708144000,0,0,0
1.708144320,0,1,0
1.708144800,0,0,0
1.708145120,0,1,0
1.708145440,0,0,1
1.708145760,0,1,1
1.708146080,0,0,1
1.708146400,0,1,1
1.708146720,0,0,1
1.708147040,0,1,1
1.708147360,0,0,1
1.708147680,0,1,1
1.708148000,0,0,1
1.708148320,0,1,1
1.708148800,0,0,1
1.708149120,0,1,1
1.708149440,1,0,0
1.708149760,1,1,0
1.708150080,1,0,1
1.708150400,1,1,1
1.708150720,0,0,0
1.708151040,0,1,0
1.708151360,0,0,0
1.708151680,0,1,0
1.708152000,1,0,0
1.708152160,1,0,1
1.708152320,1,1,1
1.708152800,0,0,0
1.708153120,0,1,0
1.708406080,0,0,0
1.708406400,0,1,0
1.708406720,0,0,0
1.708407040,0,1,0
1.708407360,0,0,0
1.708407680,0,1,0
1.708408000,0,0,0
1.708408320,0,1,0
1.708408800,0,0,0
1.708409120,0,1,0
1.708409440,0,0,0
1.708409760,0,1,0
1.708410080,0,0,0
1.708410400,0,1,0
1.708410720,0,0,0
1.708411040,0,1,0
1.708411360,0,0,0
1.708411680,0,1,0
1.708412000,0,0,0
1.708412320,0,1,0
1.708412800,0,0,0
1.708413120,0,1,0
1.708413440,0,0,0
1.708413760,0,1,0
1.708414080,0,0,0
1.708414400,0,1,0
1.708414720,0,0,0
1.708415040,0,1,0
1.708415360,0,0,0
1.708415680,0,1,0
1.708416000,1,0,0
1.708416320,1,1,0
1.708416800,0,0,0
1.708417120,0,1,0
1.708417440,0,0,0
1.708417760,0,1,0
1.708418080,0,0,0
1.708418400,0,1,0
1.708418720,0,0,0
1.708419040,0,1,0
1.708419360,1,0,1
1.708419680,1,1,1
1.708420000,0,0,1
1.708420320,0,1,1
1.708420800,0,0,1
1.708421120,0,1,1
1.708421440,1,0,1
1.708421760,1,1,1
1.708422080,0,0,1
1.708422400,0,1,1
1.708422720,0,0,1
1.708423040,0,1,1
1.708423360,0,0,0
1.708423680,0,1,0
1.708424000,0,0,0
1.708424320,0,1,0
1.708424800,0,0,0
1.708425120,0,1,0
1.708425440,1,0,0
1.708425760,1,1,0
1.708426080,0,0,0
1.708426400,0,1,0
1.708426720,0,0,0
1.708427040,0,1,0
1.708856800,0,0,0
1.708857120,0,1,0
1.708857440,0,0,0
1.708857760,0,1,0
1.708858080,0,0,0
1.708858400,0,1,0
1.708858720,0,0,0
1.708859040,0,1,0
1.708859360,1,0,1
1.708859680,1,1,1
1.708860000,0,0,1
1.708860160,0,0,0
1.708860320,0,1,0
1.708860800,1,0,1
1.708861120,1,1,1
1.708861440,1,0,0
1.708861760,1,1,0
1.708862080,0,0,0
1.708862400,0,1,0
1.708862720,0,0,0
1.708863040,0,1,0
1.708863360,0,0,0
1.708863680,0,1,0
1.708864000,0,0,0
1.708864320,0,1,0
1.708864800,0,0,0
1.708865120,0,1,0
1.708865440,0,0,0
1.708865760,0,1,0
1.708866080,0,0,0
1.708866400,0,1,0
1.708866720,0,0,0
1.708867040,0,1,0
1.708867360,1,0,1
1.708867680,1,1,1
1.708868000,0,0,1
1.708868160,0,0,0
1.708868320,0,1,0
1.708868800,0,0,0
1.708869120,0,1,0
1.708869440,0,0,0
1.708869760,0,1,0
1.708870080,1,0,1
1.708870400,1,1,1
1.708870720,1,0,0
1.708871040,1,1,0
1.708871360,1,0,0
1.708871680,1,1,0
1.708872000,1,0,0
1.708872160,1,0,1
1.708872320,1,1,1
1.708872800,1,0,0
1.708873120,1,1,0
1.708873440,1,0,0
1.708873760,1,1,0
1.708874080,1,0,0
1.708874400,1,1,0
1.708874720,0,0,0
1.708875040,0,1,0
1.708875360,1,0,0
1.708875680,1,1,0
1.708876000,0,0,0
1.708876160,0,0,1
1.708876320,0,1,1
1.708876800,1,0,1
1.708877120,1,1,1
1.708877440,0,0,0
1.708877760,0,1,0
1.709136000,0,0,0
1.709136320,0,1,0
1.709136800,0,0,0
1.709137120,0,1,0
1.709137440,0,0,0
1.709137760,0,1,0
1.709138080,0,0,0
1.709138400,0,1,0
1.709138720,0,0,0
1.709139040,0,1,0
1.709139360,0,0,0
1.709139680,0,1,0
1.709140000,0,0,0
1.709140320,0,1,0
1.709140800,0,0,0
1.709141120,0,1,0
1.709141440,0,0,0
1.709141760,0,1,0
1.709142080,0,0,0
1.709142400,0,1,0
1.709142720,0,0,0
1.709143040,0,1,0
1.709143360,0,0,0
1.709143680,0,1,0
1.709144000,0,0,0
1.709144320,0,1,0
1.709144800,0,0,0
1.709145120,0,1,0
1.709145440,0,0,0
1.709145760,0,1,0
1.709146080,1,0,0
1.709146400,1,1,0
1.709146720,0,0,0
1.709147040,0,1,0
1.709147360,0,0,0
1.709147680,0,1,0
1.709148000,0,0,0
1.709148320,0,1,0
1.709148800,0,0,0
1.709149120,0,1,0
1.709149440,1,0,1
1.709149760,1,1,1
1.709150080,0,0,0
1.709150400,0,1,0
1.709150720,0,0,0
1.709151040,0,1,0
1.709151360,0,0,1
1.709151680,0,1,1
1.709152000,0,0,1
1.709152160,0,0,0
1.709152320,0,1,0
1.709152800,1,0,0
1.709153120,1,1,0
1.709153440,0,0,1
1.709153760,0,1,1
1.709154080,0,0,0
1.709154400,0,1,0
1.709154720,0,0,0
1.709155040,0,1,0
1.709155360,0,0,1
1.709155680,0,1,1
1.709156000,1,0,1
1.709156160,1,0,0
1.709156320,1,1,0
1.709156800,0,0,0
1.709157120,0,1,0
1.709588000,0,0,0
1.709588320,0,1,0
1.709588800,0,0,0
1.709589120,0,1,0
1.709589440,0,0,0
1.709589760,0,1,0
1.709590080,0,0,0
1.709590400,0,1,0
1.709590720,1,0,1
1.709591040,1,1,1
1.709591360,1,0,0
1.709591680,1,1,0
1.709592000,0,0,0
1.709592160,0,0,1
1.709592320,0,1,1
1.709592800,0,0,1
1.709593120,0,1,1
1.709593440,0,0,0
1.709593760,0,1,0
1.709594080,0,0,0
1.709594400,0,1,0
1.709594720,0,0,0
1.709595040,0,1,0
1.709595360,0,0,0
1.709595680,0,1,0
1.709596000,0,0,0
1.709596320,0,1,0
1.709596800,0,0,0
1.709597120,0,1,0
1.709597440,0,0,0
1.709597760,0,1,0
1.709598080,0,0,0
1.709598400,0,1,0
1.709598720,1,0,1
1.709599040,1,1,1
1.709599360,0,0,0
1.709599680,0,1,0
1.709600000,0,0,0
1.709600320,0,1,0
1.709600800,0,0,0
1.709601120,0,1,0
1.709601440,1,0,1
1.709601760,1,1,1
1.709602080,0,0,0
1.709602400,0,1,0
1.709602720,0,0,0
1.709603040,0,1,0
1.709603360,1,0,0
1.709603680,1,1,0
1.709604000,0,0,0
1.709604320,0,1,0
1.709604800,0,0,1
1.709605120,0,1,1
1.709605440,0,0,0
1.709605760,0,1,0
1.709606080,1,0,0
1.709606400,1,1,0
1.709606720,0,0,1
1.709607040,0,1,1
1.709607360,1,0,1
1.709607680,1,1,1
1.709608000,1,0,1
1.709608160,1,0,0
1.709608320,1,1,0
1.709608800,0,0,0
1.709609120,0,1,0
1.709867360,0,0,0
1.709867680,0,1,0
1.709868000,0,0,0
1.709868320,0,1,0
1.709868800,0,0,0
1.709869120,0,1,0
1.709869440,0,0,0
1.709869760,0,1,0
1.709870080,0,0,0
1.709870400,0,1,0
1.709870720,0,0,1
1.709871040,0,1,1
1.709871360,0,0,1
1.709871680,0,1,1
1.709872000,0,0,1
1.709872320,0,1,1
1.709872800,0,0,1
1.709873120,0,1,1
1.709873440,0,0,1
1.709873760,0,1,1
1.709874080,0,0,0
1.709874400,0,1,0
1.709874720,0,0,1
1.709875040,0,1,1
1.709875360,0,0,1
1.709875680,0,1,1
1.709876000,0,0,1
1.709876320,0,1,1
1.709876800,0,0,0
1.709877120,0,1,0
1.709877440,1,0,0
1.709877760,1,1,0
1.709878080,0,0,0
1.709878400,0,1,0
1.709878720,0,0,0
1.709879040,0,1,0
1.709879360,0,0,0
1.709879680,0,1,0
1.709880000,0,0,0
1.709880320,0,1,0
1.709880800,1,0,1
1.709881120,1,1,1
1.709881440,0,0,0
1.709881760,0,1,0
1.709882080,0,0,0
1.709882400,0,1,0
1.709882720,0,0,0
1.709883040,0,1,0
1.709883360,1,0,0
1.709883680,1,1,0
1.709884000,0,0,0
1.709884160,0,0,1
1.709884320,0,1,1
1.709884800,0,0,1
1.709885120,0,1,1
1.709885440,0,0,1
1.709885760,0,1,1
1.709886080,0,0,1
1.709886400,0,1,1
1.709886720,0,0,1
1.709887040,0,1,1
1.709887360,1,0,0
1.709887680,1,1,0
1.709888000,0,0,0
1.709888320,0,1,0
1.710322080,0,0,0
1.710322400,0,1,0
1.710322720,0,0,0
1.710323040,0,1,0
1.710323360,0,0,0
1.710323680,0,1,0
1.710324000,0,0,0
1.710324320,0,1,0
1.710324800,1,0,1
1.710325120,1,1,1
1.710325440,1,0,1
1.710325760,1,1,1
1.710326080,0,0,0
1.710326400,0,1,0
1.710326720,1,0,0
1.710327040,1,1,0
1.710327360,0,0,0
1.710327680,0,1,0
1.710328000,0,0,0
1.710328320,0,1,0
1.710328800,0,0,0
1.710329120,0,1,0
1.710329440,0,0,0
1.710329760,0,1,0
1.710330080,0,0,0
1.710330400,0,1,0
1.710330720,0,0,0
1.710331040,0,1,0
1.710331360,0,0,0
1.710331680,0,1,0
1.710332000,0,0,0
1.710332320,0,1,0
1.710332800,1,0,1
1.710333120,1,1,1
1.710333440,0,0,0
1.710333760,0,1,0
1.710334080,0,0,0
1.710334400,0,1,0
1.710334720,0,0,0
1.710335040,0,1,0
1.710335360,1,0,1
1.710335680,1,1,1
1.710336000,0,0,0
1.710336320,0,1,0
1.710336800,0,0,0
1.710337120,0,1,0
1.710337440,0,0,0
1.710337760,0,1,0
1.710338080,0,0,1
1.710338400,0,1,1
1.710338720,1,0,0
1.710339040,1,1,0
1.710339360,0,0,0
1.710339680,0,1,0
1.710340000,1,0,1
1.710340320,1,1,1
1.710340800,1,0,0
1.710341120,1,1,0
1.710341440,1,0,1
1.710341760,1,1,1
1.710342080,0,0,0
1.710342400,0,1,0
1.710342720,0,0,0
1.710343040,0,1,0
1.710603360,0,0,0
1.710603680,0,1,0
1.710604000,0,0,0
1.710604320,0,1,0
1.710604800,0,0,0
1.710605120,0,1,0
1.710605440,0,0,0
1.710605760,0,1,0
1.710606080,0,0,0
1.710606400,0,1,0
1.710606720,0,0,0
1.710607040,0,1,0
1.710607360,0,0,0
1.710607680,0,1,0
1.710608000,0,0,0
1.710608320,0,1,0
1.710608800,0,0,0
1.710609120,0,1,0
1.710609440,0,0,0
1.710609760,0,1,0
1.710610080,0,0,0
1.710610400,0,1,0
1.710610720,0,0,0
1.710611040,0,1,0
1.710611360,0,0,0
1.710611680,0,1,0
1.710612000,0,0,0
1.710612320,0,1,0
1.710612800,0,0,0
1.710613120,0,1,0
1.710613440,0,0,0
1.710613760,0,1,0
1.710614080,0,0,0
1.710614400,0,1,0
1.710614720,0,0,0
1.710615040,0,1,0
1.710615360,0,0,0
1.710615680,0,1,0
1.710616000,0,0,0
1.710616320,0,1,0
1.710616800,1,0,1
1.710617120,1,1,1
1.710617440,0,0,0
1.710617760,0,1,0
1.710618080,0,0,0
1.710618400,0,1,0
1.710618720,1,0,0
1.710619040,1,1,0
1.710619360,1,0,1
1.710619680,1,1,1
1.710620000,1,0,0
1.710620320,1,1,0
1.710620800,1,0,1
1.710621120,1,1,1
1.710621440,0,0,0
1.710621760,0,1,0
1.710622080,1,0,0
1.710622400,1,1,0
1.710622720,0,0,0
1.710623040,0,1,0
1.710623360,0,0,1
1.710623680,0,1,1
1.710624000,0,0,0
1.710624320,0,1,0
1.711060800,0,0,0
1.711061120,0,1,0
1.711061440,0,0,0
1.711061760,0,1,0
1.711062080,0,0,0
1.711062400,0,1,0
1.711062720,0,0,0
1.711063040,0,1,0
1.711063360,1,0,1
1.711063680,1,1,1
1.711064000,1,0,1
1.711064320,1,1,1
1.711064800,1,0,0
1.711065120,1,1,0
1.711065440,0,0,1
1.711065760,0,1,1
1.711066080,0,0,0
1.711066400,0,1,0
1.711066720,0,0,0
1.711067040,0,1,0
1.711067360,0,0,0
1.711067680,0,1,0
1.711068000,0,0,0
1.711068320,0,1,0
1.711068800,0,0,0
1.711069120,0,1,0
1.711069440,0,0,0
1.711069760,0,1,0
1.711070080,0,0,0
1.711070400,0,1,0
1.711070720,0,0,0
1.711071040,0,1,0
1.711071360,1,0,1
1.711071680,1,1,1
1.711072000,0,0,0
1.711072320,0,1,0
1.711072800,0,0,0
1.711073120,0,1,0
1.711073440,0,0,0
1.711073760,0,1,0
1.711074080,1,0,1
1.711074400,1,1,1
1.711074720,0,0,0
1.711075040,0,1,0
1.711075360,0,0,0
1.711075680,0,1,0
1.711076000,0,0,1
1.711076320,0,1,1
1.711076800,1,0,1
1.711077120,1,1,1
1.711077440,0,0,1
1.711077760,0,1,1
1.711078080,1,0,1
1.711078400,1,1,1
1.711078720,0,0,0
1.711079040,0,1,0
1.711079360,0,0,0
1.711079680,0,1,0
1.711080000,1,0,0
1.711080320,1,1,0
1.711080800,0,0,1
1.711081120,0,1,1
1.711081440,0,0,0
1.711081760,0,1,0
1.711342080,0,0,0
1.711342400,0,1,0
1.711342720,0,0,0
1.711343040,0,1,0
1.711343360,0,0,0
1.711343680,0,1,0
1.711344000,0,0,0
1.711344320,0,1,0
1.711344800,0,0,0
1.711345120,0,1,0
1.711345440,0,0,0
1.711345760,0,1,0
1.711346080,0,0,0
1.711346400,0,1,0
1.711346720,0,0,0
1.711347040,0,1,0
1.711347360,0,0,0
1.711347680,0,1,0
1.711348000,0,0,0
1.711348320,0,1,0
1.711348800,0,0,0
1.711349120,0,1,0
1.711349440,0,0,0
1.711349760,0,1,0
1.711350080,0,0,0
1.711350400,0,1,0
1.711350720,0,0,0
1.711351040,0,1,0
1.711351360,0,0,0
1.711351680,0,1,0
1.711352000,0,0,0
1.711352320,0,1,0
1.711352800,0,0,0
1.711353120,0,1,0
1.711353440,0,0,0
1.711353760,0,1,0
1.711354080,0,0,0
1.711354400,0,1,0
1.711354720,0,0,0
1.711355040,0,1,0
1.711355360,0,0,1
1.711355680,0,1,1
1.711356000,0,0,0
1.711356320,0,1,0
1.711356800,0,0,0
1.711357120,0,1,0
1.711357440,0,0,1
1.711357760,0,1,1
1.711358080,0,0,1
1.711358400,0,1,1
1.711358720,0,0,1
1.711359040,0,1,1
1.711359360,0,0,1
1.711359680,0,1,1
1.711360000,0,0,0
1.711360320,0,1,0
1.711360800,0,0,1
1.711361120,0,1,1
1.711361440,0,0,0
1.711361760,0,1,0
1.711362080,0,0,0
1.711362400,0,1,0
1.711362720,0,0,0
1.711363040,0,1,0
1.711615360,0,0,0
1.711615680,0,1,0
1.711616000,0,0,0
1.711616320,0,1,0
1.711616800,0,0,0
1.711617120,0,1,0
1.711617440,0,0,0
1.711617760,0,1,0
1.711618080,1,0,1
1.711618400,1,1,1
1.711618720,0,0,1
1.711619040,0,1,1
1.711619360,0,0,1
1.711619680,0,1,1
1.711620000,0,0,0
1.711620320,0,1,0
1.711620800,0,0,0
1.711621120,0,1,0
1.711621440,0,0,0
1.711621760,0,1,0
1.711622080,0,0,0
1.711622400,0,1,0
1.711622720,0,0,0
1.711623040,0,1,0
1.711623360,0,0,0
1.711623680,0,1,0
1.711624000,0,0,0
1.711624320,0,1,0
1.711624800,0,0,0
1.711625120,0,1,0
1.711625440,0,0,0
1.711625760,0,1,0
1.711626080,1,0,1
1.711626400,1,1,1
1.711626720,0,0,0
1.711627040,0,1,0
1.711627360,0,0,0
1.711627680,0,1,0
1.711628000,0,0,0
1.711628320,0,1,0
1.711628800,1,0,0
1.711629120,1,1,0
1.711629440,0,0,0
1.711629760,0,1,0
1.711630080,0,0,0
1.711630400,0,1,0
1.711630720,1,0,0
1.711631040,1,1,0
1.711631360,1,0,0
1.711631680,1,1,0
1.711632000,1,0,0
1.711632320,1,1,0
1.711632800,1,0,0
1.711633120,1,1,0
1.711633440,1,0,0
1.711633760,1,1,0
1.711634080,1,0,0
1.711634400,1,1,0
1.711634720,0,0,0
1.711635040,0,1,0
1.711635360,1,0,1
1.711635680,1,1,1
1.711636000,0,0,0
1.711636320,0,1,0
1.711899360,0,0,0
1.711899680,0,1,0
1.711900000,0,0,0
1.711900320,0,1,0
1.711900800,0,0,0
1.711901120,0,1,0
1.711901440,0,0,0
1.711901760,0,1,0
1.711902080,0,0,0
1.711902400,0,1,0
1.711902720,0,0,0
1.711903040,0,1,0
1.711903360,0,0,0
1.711903680,0,1,0
1.711904000,0,0,0
1.711904320,0,1,0
1.711904800,0,0,0
1.711905120,0,1,0
1.711905440,0,0,0
1.711905760,0,1,0
1.711906080,0,0,0
1.711906400,0,1,0
1.711906720,0,0,0
1.711907040,0,1,0
1.711907360,0,0,0
1.711907680,0,1,0
1.711908000,0,0,0
1.711908320,0,1,0
1.711908800,0,0,0
1.711909120,0,1,0
1.711909440,0,0,0
1.711909760,0,1,0
1.711910080,0,0,0
1.711910400,0,1,0
1.711910720,0,0,0
1.711911040,0,1,0
1.711911360,0,0,0
1.711911680,0,1,0
1.711912000,0,0,0
1.711912320,0,1,0
1.711912800,1,0,0
1.711913120,1,1,0
1.711913440,0,0,0
1.711913760,0,1,0
1.711914080,0,0,0
1.711914400,0,1,0
1.711914720,1,0,0
1.711915040,1,1,0
1.711915360,1,0,0
1.711915680,1,1,0
1.711916000,0,0,0
1.711916320,0,1,0
1.711916800,1,0,0
1.711917120,1,1,0
1.711917440,0,0,0
1.711917760,0,1,0
1.711918080,0,0,0
1.711918400,0,1,0
1.711918720,1,0,0
1.711919040,1,1,0
1.711919360,1,0,0
1.711919680,1,1,0
1.711920000,0,0,0
1.711920320,0,1,0
1.712376000,0,0,0
1.712376320,0,1,0
1.712376800,0,0,0
1.712377120,0,1,0
1.712377440,0,0,0
1.712377760,0,1,0
1.712378080,0,0,0
1.712378400,0,1,0
1.712378720,1,0,1
1.712379040,1,1,1
1.712379360,1,0,0
1.712379680,1,1,0
1.712380000,1,0,0
1.712380320,1,1,0
1.712380800,1,0,0
1.712381120,1,1,0
1.712381440,0,0,0
1.712381760,0,1,0
1.712382080,0,0,0
1.712382400,0,1,0
1.712382720,0,0,0
1.712383040,0,1,0
1.712383360,1,0,0
1.712383680,1,1,0
1.712384000,0,0,0
1.712384320,0,1,0
1.712384800,0,0,0
1.712385120,0,1,0
1.712385440,0,0,0
1.712385760,0,1,0
1.712386080,0,0,0
1.712386400,0,1,0
1.712386720,1,0,1
1.712387040,1,1,1
1.712387360,0,0,0
1.712387680,0,1,0
1.712388000,0,0,0
1.712388320,0,1,0
1.712388800,0,0,0
1.712389120,0,1,0
1.712389440,0,0,1
1.712389760,0,1,1
1.712390080,0,0,0
1.712390400,0,1,0
1.712390720,0,0,0
1.712391040,0,1,0
1.712391360,0,0,1
1.712391680,0,1,1
1.712392000,0,0,1
1.712392320,0,1,1
1.712392800,0,0,0
1.712393120,0,1,0
1.712393440,0,0,1
1.712393760,0,1,1
1.712394080,1,0,1
1.712394400,1,1,1
1.712394720,1,0,1
1.712395040,1,1,1
1.712395360,0,0,0
1.712395680,0,1,0
1.712396000,1,0,0
1.712396320,1,1,0
1.712396640,1,0,0
1.712396800,0,0,0
1.712397120,0,1,0
1.712669440,0,0,0
1.712669760,0,1,0
1.712670080,0,0,0
1.712670400,0,1,0
1.712670720,0,0,0
1.712671040,0,1,0
1.712671360,0,0,0
1.712671680,0,1,0
1.712672000,0,0,0
1.712672320,0,1,0
1.712672800,0,0,0
1.712673120,0,1,0
1.712673440,0,0,0
1.712673760,0,1,0
1.712674080,0,0,0
1.712674400,0,1,0
1.712674720,0,0,0
1.712675040,0,1,0
1.712675360,0,0,0
1.712675680,0,1,0
1.712676000,0,0,0
1.712676320,0,1,0
1.712676800,0,0,1
1.712677120,0,1,1
1.712677440,0,0,1
1.712677760,0,1,1
1.712678080,0,0,0
1.712678400,0,1,0
1.712678720,0,0,0
1.712679040,0,1,0
1.712679360,0,0,1
1.712679680,0,1,1
1.712680000,0,0,0
1.712680320,0,1,0
1.712680800,0,0,0
1.712681120,0,1,0
1.712681440,0,0,0
1.712681760,0,1,0
1.712682080,0,0,0
1.712682400,0,1,0
1.712682720,0,0,1
1.712683040,0,1,1
1.712683360,0,0,0
1.712683680,0,1,0
1.712684000,0,0,0
1.712684320,0,1,0
1.712684800,0,0,1
1.712685120,0,1,1
1.712685440,0,0,1
1.712685760,0,1,1
1.712686080,0,0,0
1.712686400,0,1,0
1.712686720,0,0,0
1.712687040,0,1,0
1.712687360,0,0,1
1.712687680,0,1,1
1.712688000,0,0,1
1.712688320,0,1,1
1.712688640,0,0,1
1.712689120,0,1,1
1.712689440,0,0,1
1.712689760,0,1,1
1.712690080,0,0,0
1.712690400,0,1,0
1.712952800,0,0,0
1.712953120,0,1,0
1.712953440,0,0,0
1.712953760,0,1,0
1.712954080,0,0,0
1.712954400,0,1,0
1.712954720,0,0,0
1.712955040,0,1,0
1.712955360,1,0,1
1.712955680,1,1,1
1.712956000,0,0,1
1.712956320,0,1,1
1.712956800,0,0,1
1.712957120,0,1,1
1.712957440,0,0,1
1.712957760,0,1,1
1.712958080,0,0,0
1.712958400,0,1,0
1.712958720,0,0,0
1.712959040,0,1,0
1.712959360,0,0,0
1.712959680,0,1,0
1.712960000,0,0,0
1.712960320,0,1,0
1.712960800,0,0,0
1.712961120,0,1,0
1.712961440,0,0,0
1.712961760,0,1,0
1.712962080,0,0,0
1.712962400,0,1,0
1.712962720,0,0,0
1.712963040,0,1,0
1.712963360,1,0,1
1.712963680,1,1,1
1.712964000,0,0,0
1.712964320,0,1,0
1.712964640,0,0,0
1.712965120,0,1,0
1.712965440,0,0,0
1.712965760,0,1,0
1.712966080,1,0,0
1.712966400,1,1,0
1.712966720,0,0,0
1.712967040,0,1,0
1.712967360,0,0,0
1.712967680,0,1,0
1.712968000,1,0,0
1.712968320,1,1,0
1.712968640,1,0,0
1.712969120,1,1,0
1.712969440,0,0,0
1.712969760,0,1,0
1.712970080,1,0,0
1.712970400,1,1,0
1.712970720,1,0,0
1.712971040,1,1,0
1.712971360,1,0,1
1.712971680,1,1,1
1.712972000,0,0,0
1.712972320,0,1,0
1.712972640,0,0,0
1.712972800,0,0,1
1.712973120,0,1,1
1.712973440,0,0,0
1.712973760,0,1,0
1.713258080,1,0,0
1.713258400,1,1,0
1.713258720,0,0,0
1.713259040,0,1,0
1.713259360,0,0,0
1.713259680,0,1,0
1.713260000,0,0,0
1.713260320,0,1,0
1.713260800,0,0,0
1.713261120,0,1,0
1.713261440,0,0,0
1.713261760,0,1,0
1.713262080,0,0,0
1.713262400,0,1,0
1.713262720,0,0,0
1.713263040,0,1,0
1.713263360,0,0,0
1.713263680,0,1,0
1.713264000,0,0,0
1.713264320,0,1,0
1.713264800,0,0,0
1.713265120,0,1,0
1.713265440,0,0,0
1.713265760,0,1,0
1.713266080,0,0,0
1.713266400,0,1,0
1.713266720,0,0,0
1.713267040,0,1,0
1.713267360,1,0,0
1.713267680,1,1,0
1.713268000,0,0,0
1.713268320,0,1,0
1.713268640,0,0,0
1.713269120,0,1,0
1.713269440,0,0,0
1.713269760,0,1,0
1.713270080,1,0,0
1.713270400,1,1,0
1.713270720,0,0,0
1.713271040,0,1,0
1.713271360,1,0,0
1.713271680,1,1,0
1.713272000,0,0,0
1.713272320,0,1,0
1.713272640,0,0,0
1.713273120,0,1,0
1.713273440,0,0,0
1.713273760,0,1,0
1.713274080,0,0,0
1.713274400,0,1,0
1.713274720,0,0,0
1.713275040,0,1,0
1.713275360,0,0,0
1.713275680,0,1,0
1.713276000,0,0,0
1.713276320,0,1,0
1.713276640,0,0,0
1.713277120,0,1,0
1.713277440,1,0,0
1.713277760,1,1,0
1.713278080,1,0,0
1.713278400,1,1,0
1.713278720,0,0,0
1.713279040,0,1,0
1.713722720,0,0,0
1.713723040,0,1,0
1.713723360,0,0,0
1.713723680,0,1,0
1.713724000,0,0,0
1.713724320,0,1,0
1.713724640,0,0,0
1.713725120,0,1,0
1.713725440,1,0,1
1.713725760,1,1,1
1.713726080,0,0,0
1.713726400,0,1,0
1.713726720,0,0,0
1.713727040,0,1,0
1.713727360,0,0,0
1.713727680,0,1,0
1.713728000,0,0,0
1.713728320,0,1,0
1.713728640,0,0,0
1.713729120,0,1,0
1.713729440,0,0,0
1.713729760,0,1,0
1.713730080,1,0,0
1.713730400,1,1,0
1.713730720,0,0,0
1.713731040,0,1,0
1.713731360,0,0,0
1.713731680,0,1,0
1.713732000,0,0,0
1.713732320,0,1,0
1.713732640,0,0,0
1.713733120,0,1,0
1.713733440,1,0,1
1.713733760,1,1,1
1.713734080,0,0,0
1.713734400,0,1,0
1.713734720,0,0,1
1.713735040,0,1,1
1.713735360,0,0,0
1.713735680,0,1,0
1.713736000,0,0,1
1.713736320,0,1,1
1.713736640,0,0,1
1.713736800,0,0,0
1.713737120,0,1,0
1.713737440,0,0,0
1.713737760,0,1,0
1.713738080,0,0,0
1.713738400,0,1,0
1.713738720,0,0,0
1.713739040,0,1,0
1.713739360,0,0,0
1.713739680,0,1,0
1.713740000,1,0,1
1.713740320,1,1,1
1.713740640,1,0,1
1.713740800,0,0,1
1.713741120,0,1,1
1.713741440,0,0,0
1.713741760,0,1,0
1.713742080,0,0,1
1.713742400,0,1,1
1.713742720,1,0,1
1.713743040,1,1,1
1.713743360,0,0,0
1.713743680,0,1,0
1.714004800,0,0,1
1.714005120,0,1,1
1.714005440,1,0,0
1.714005760,1,1,0
1.714006080,1,0,0
1.714006400,1,1,0
1.714006720,1,0,0
1.714007040,1,1,0
1.714007360,1,0,0
1.714007680,1,1,0
1.714008000,1,0,0
1.714008320,1,1,0
1.714008640,1,0,0
1.714009120,1,1,0
1.714009440,1,0,0
1.714009760,1,1,0
1.714010080,1,0,0
1.714010400,1,1,0
1.714010720,1,0,0
1.714011040,1,1,0
1.714011360,1,0,0
1.714011680,1,1,0
1.714012000,1,0,0
1.714012320,1,1,0
1.714012640,1,0,0
1.714013120,1,1,0
1.714013440,1,0,0
1.714013760,1,1,0
1.714014080,1,0,1
1.714014400,1,1,1
1.714014720,1,0,0
1.714015040,1,1,0
1.714015360,0,0,0
1.714015680,0,1,0
1.714016000,0,0,0
1.714016320,0,1,0
1.714016640,0,0,0
1.714016800,0,0,1
1.714017120,0,1,1
1.714017440,1,0,0
1.714017760,1,1,0
1.714018080,0,0,1
1.714018400,0,1,1
1.714018720,1,0,0
1.714019040,1,1,0
1.714019360,0,0,0
1.714019680,0,1,0
1.714020000,1,0,0
1.714020320,1,1,0
1.714020640,1,0,0
1.714020800,0,0,0
1.714021120,0,1,0
1.714021440,0,0,0
1.714021760,0,1,0
1.714022080,0,0,0
1.714022400,0,1,0
1.714022720,1,0,0
1.714023040,1,1,0
1.714023360,0,0,0
1.714023680,0,1,0
1.714024000,0,0,1
1.714024320,0,1,1
1.714024640,0,0,1
1.714025120,0,1,1
1.714025440,0,0,0
1.714025760,0,1,0
1.714465440,0,0,0
1.714465760,0,1,0
1.714466080,0,0,0
1.714466400,0,1,0
1.714466720,0,0,0
1.714467040,0,1,0
1.714467360,0,0,0
1.714467680,0,1,0
1.714468000,1,0,1
1.714468320,1,1,1
1.714468640,0,0,1
1.714468800,0,0,0
1.714469120,0,1,0
1.714469440,0,0,0
1.714469760,0,1,0
1.714470080,1,0,0
1.714470400,1,1,0
1.714470720,0,0,0
1.714471040,0,1,0
1.714471360,0,0,0
1.714471680,0,1,0
1.714472000,0,0,0
1.714472320,0,1,0
1.714472640,0,0,0
1.714473120,0,1,0
1.714473440,0,0,0
1.714473760,0,1,0
1.714474080,0,0,0
1.714474400,0,1,0
1.714474720,0,0,0
1.714475040,0,1,0
1.714475360,0,0,0
1.714475680,0,1,0
1.714476000,1,0,1
1.714476320,1,1,1
1.714476640,0,0,1
1.714476800,0,0,0
1.714477120,0,1,0
1.714477440,1,0,0
1.714477760,1,1,0
1.714478080,0,0,1
1.714478400,0,1,1
1.714478720,1,0,0
1.714479040,1,1,0
1.714479360,0,0,1
1.714479680,0,1,1
1.714480000,0,0,0
1.714480320,0,1,0
1.714480640,0,0,0
1.714480800,0,0,1
1.714481120,0,1,1
1.714481440,0,0,0
1.714481760,0,1,0
1.714482080,0,0,0
1.714482400,0,1,0
1.714482720,1,0,1
1.714483040,1,1,1
1.714483360,1,0,0
1.714483680,1,1,0
1.714484000,1,0,1
1.714484320,1,1,1
1.714484640,1,0,1
1.714484800,1,0,0
1.714485120,1,1,0
1.714485440,1,0,0
1.714485760,1,1,0
1.714486080,0,0,0
1.714486400,0,1,0
1.714770720,0,0,0
1.714771040,0,1,0
1.714771360,0,0,1
1.714771680,0,1,1
1.714772000,0,0,1
1.714772320,0,1,1
1.714772640,0,0,1
1.714773120,0,1,1
1.714773440,0,0,1
1.714773760,0,1,1
1.714774080,0,0,1
1.714774400,0,1,1
1.714774720,0,0,1
1.714775040,0,1,1
1.714775360,1,0,1
1.714775680,1,1,1
1.714776000,0,0,1
1.714776320,0,1,1
1.714776640,0,0,1
1.714777120,0,1,1
1.714777440,1,0,1
1.714777760,1,1,1
1.714778080,0,0,1
1.714778400,0,1,1
1.714778720,0,0,1
1.714779040,0,1,1
1.714779360,0,0,1
1.714779680,0,1,1
1.714780000,1,0,1
1.714780320,1,1,1
1.714780640,1,0,1
1.714781120,1,1,1
1.714781440,0,0,0
1.714781760,0,1,0
1.714782080,0,0,0
1.714782400,0,1,0
1.714782720,0,0,0
1.714783040,0,1,0
1.714783360,1,0,1
1.714783680,1,1,1
1.714784000,0,0,0
1.714784320,0,1,0
1.714784640,0,0,0
1.714784800,1,0,1
1.714785120,1,1,1
1.714785440,0,0,0
1.714785760,0,1,0
1.714786080,1,0,1
1.714786400,1,1,1
1.714786720,0,0,0
1.714787040,0,1,0
1.714787360,1,0,0
1.714787680,1,1,0
1.714788000,1,0,0
1.714788320,1,1,0
1.714788640,1,0,0
1.714788800,0,0,1
1.714789120,0,1,1
1.714789440,0,0,0
1.714789760,0,1,0
1.714790080,0,0,0
1.714790400,0,1,0
1.714790720,1,0,0
1.714791040,1,1,0
1.714791360,0,0,0
1.714791680,0,1,0
1.715228640,0,0,0
1.715229120,0,1,0
1.715229440,0,0,0
1.715229760,0,1,0
1.715230080,0,0,0
1.715230400,0,1,0
1.715230720,0,0,0
1.715231040,0,1,0
1.715231360,1,0,1
1.715231680,1,1,1
1.715232000,0,0,0
1.715232320,0,1,0
1.715232640,0,0,0
1.715232800,1,0,0
1.715233120,1,1,0
1.715233440,0,0,1
1.715233760,0,1,1
1.715234080,0,0,0
1.715234400,0,1,0
1.715234720,0,0,0
1.715235040,0,1,0
1.715235360,0,0,0
1.715235680,0,1,0
1.715236000,0,0,0
1.715236320,0,1,0
1.715236640,0,0,0
1.715237120,0,1,0
1.715237440,0,0,0
1.715237760,0,1,0
1.715238080,0,0,0
1.715238400,0,1,0
1.715238720,0,0,0
1.715239040,0,1,0
1.715239360,1,0,1
1.715239680,1,1,1
1.715240000,0,0,0
1.715240320,0,1,0
1.715240640,0,0,0
1.715241120,0,1,0
1.715241440,1,0,1
1.715241760,1,1,1
1.715242080,0,0,0
1.715242400,0,1,0
1.715242720,1,0,1
1.715243040,1,1,1
1.715243360,0,0,0
1.715243680,0,1,0
1.715244000,1,0,1
1.715244320,1,1,1
1.715244640,0,0,1
1.715244800,0,0,0
1.715245120,0,1,0
1.715245440,0,0,1
1.715245760,0,1,1
1.715246080,1,0,1
1.715246400,1,1,1
1.715246720,1,0,1
1.715247040,1,1,1
1.715247360,1,0,0
1.715247680,1,1,0
1.715248000,0,0,0
1.715248320,0,1,0
1.715248640,0,0,0
1.715248800,0,0,1
1.715249120,0,1,1
1.715249440,0,0,0
1.715249760,0,1,0
1.715514080,0,0,0
1.715514400,0,1,0
1.715514720,0,0,0
1.715515040,0,1,0
1.715515360,0,0,0
1.715515680,0,1,0
1.715516000,0,0,0
1.715516320,0,1,0
1.715516640,0,0,0
1.715517120,0,1,0
1.715517440,1,0,0
1.715517760,1,1,0
1.715518080,1,0,0
1.715518400,1,1,0
1.715518720,1,0,1
1.715519040,1,1,1
1.715519360,1,0,0
1.715519680,1,1,0
1.715520000,1,0,0
1.715520320,1,1,0
1.715520640,1,0,0
1.715520800,1,0,1
1.715521120,1,1,1
1.715521440,1,0,0
1.715521760,1,1,0
1.715522080,1,0,0
1.715522400,1,1,0
1.715522720,0,0,0
1.715523040,0,1,0
1.715523360,0,0,1
1.715523680,0,1,1
1.715524000,1,0,1
1.715524320,1,1,1
1.715524640,0,0,1
1.715524800,0,0,0
1.715525120,0,1,0
1.715525440,0,0,0
1.715525760,0,1,0
1.715526080,0,0,0
1.715526400,0,1,0
1.715526720,1,0,1
1.715527040,1,1,1
1.715527360,0,0,0
1.715527680,0,1,0
1.715528000,1,0,1
1.715528320,1,1,1
1.715528640,0,0,1
1.715528800,0,0,0
1.715529120,0,1,0
1.715529440,1,0,1
1.715529760,1,1,1
1.715530080,1,0,0
1.715530400,1,1,0
1.715530720,0,0,1
1.715531040,0,1,1
1.715531360,1,0,1
1.715531680,1,1,1
1.715532000,0,0,0
1.715532320,0,1,0
1.715532640,0,0,0
1.715532800,1,0,0
1.715533120,1,1,0
1.715533440,1,0,0
1.715533760,1,1,0
1.715534080,1,0,1
1.715534400,1,1,1
1.715534720,0,0,0
1.715535040,0,1,0
1.715967360,0,0,0
1.715967680,0,1,0
1.715968000,0,0,0
1.715968320,0,1,0
1.715968640,0,0,0
1.715969120,0,1,0
1.715969440,0,0,0
1.715969760,0,1,0
1.715970080,1,0,1
1.715970400,1,1,1
1.715970720,0,0,0
1.715971040,0,1,0
1.715971360,1,0,1
1.715971680,1,1,1
1.715972000,1,0,0
1.715972320,1,1,0
1.715972640,0,0,0
1.715973120,0,1,0
1.715973440,0,0,0
1.715973760,0,1,0
1.715974080,0,0,0
1.715974400,0,1,0
1.715974720,0,0,0
1.715975040,0,1,0
1.715975360,0,0,0
1.715975680,0,1,0
1.715976000,0,0,0
1.715976320,0,1,0
1.715976640,0,0,0
1.715977120,0,1,0
1.715977440,0,0,0
1.715977760,0,1,0
1.715978080,1,0,1
1.715978400,1,1,1
1.715978720,0,0,0
1.715979040,0,1,0
1.715979360,0,0,0
1.715979680,0,1,0
1.715980000,1,0,1
1.715980320,1,1,1
1.715980640,0,0,1
1.715980800,0,0,0
1.715981120,0,1,0
1.715981440,1,0,1
1.715981760,1,1,1
1.715982080,0,0,0
1.715982400,0,1,0
1.715982720,1,0,1
1.715983040,1,1,1
1.715983360,0,0,1
1.715983680,0,1,1
1.715984000,1,0,0
1.715984320,1,1,0
1.715984640,0,0,0
1.715984800,0,0,1
1.715985120,0,1,1
1.715985440,0,0,1
1.715985760,0,1,1
1.715986080,0,0,1
1.715986400,0,1,1
1.715986720,0,0,0
1.715987040,0,1,0
1.715987360,1,0,1
1.715987680,1,1,1
1.715988000,0,0,0
1.715988320,0,1,0
1.716247360,0,0,0
1.716247680,0,1,0
1.716248000,0,0,0
1.716248320,0,1,0
1.716248640,0,0,0
1.716249120,0,1,0
1.716249440,0,0,0
1.716249760,0,1,0
1.716250080,0,0,0
1.716250400,0,1,0
1.716250720,0,0,1
1.716251040,0,1,1
1.716251360,0,0,1
1.716251680,0,1,1
1.716252000,0,0,1
1.716252320,0,1,1
1.716252640,0,0,1
1.716253120,0,1,1
1.716253440,0,0,1
1.716253760,0,1,1
1.716254080,0,0,1
1.716254400,0,1,1
1.716254720,0,0,1
1.716255040,0,1,1
1.716255360,0,0,1
1.716255680,0,1,1
1.716256000,0,0,0
1.716256320,0,1,0
1.716256640,0,0,0
1.716257120,0,1,0
1.716257440,0,0,1
1.716257760,0,1,1
1.716258080,0,0,0
1.716258400,0,1,0
1.716258720,0,0,0
1.716259040,0,1,0
1.716259360,1,0,0
1.716259680,1,1,0
1.716260000,1,0,1
1.716260320,1,1,1
1.716260640,1,0,1
1.716260800,1,0,0
1.716261120,1,1,0
1.716261440,1,0,1
1.716261760,1,1,1
1.716262080,1,0,0
1.716262400,1,1,0
1.716262720,1,0,1
1.716263040,1,1,1
1.716263360,1,0,1
1.716263680,1,1,1
1.716264000,1,0,0
1.716264320,1,1,0
1.716264640,0,0,0
1.716264800,0,0,1
1.716265120,0,1,1
1.716265440,0,0,0
1.716265760,0,1,0
1.716266080,0,0,1
1.716266400,0,1,1
1.716266720,1,0,1
1.716267040,1,1,1
1.716267360,1,0,1
1.716267680,1,1,1
1.716268000,0,0,0
1.716268320,0,1,0
1.716699360,0,0,0
1.716699680,0,1,0
1.716700000,0,0,0
1.716700320,0,1,0
1.716700640,0,0,0
1.716701120,0,1,0
1.716701440,0,0,0
1.716701760,0,1,0
1.716702080,1,0,1
1.716702400,1,1,1
1.716702720,1,0,0
1.716703040,1,1,0
1.716703360,0,0,1
1.716703680,0,1,1
1.716704000,0,0,1
1.716704320,0,1,1
1.716704640,0,0,1
1.716704800,0,0,0
1.716705120,0,1,0
1.716705440,0,0,0
1.716705760,0,1,0
1.716706080,0,0,0
1.716706400,0,1,0
1.716706720,0,0,0
1.716707040,0,1,0
1.716707360,0,0,0
1.716707680,0,1,0
1.716708000,0,0,0
1.716708320,0,1,0
1.716708640,0,0,0
1.716709120,0,1,0
1.716709440,0,0,0
1.716709760,0,1,0
1.716710080,1,0,1
1.716710400,1,1,1
1.716710720,0,0,0
1.716711040,0,1,0
1.716711360,0,0,1
1.716711680,0,1,1
1.716712000,1,0,1
1.716712320,1,1,1
1.716712640,0,0,1
1.716713120,0,1,1
1.716713440,1,0,1
1.716713760,1,1,1
1.716714080,0,0,1
1.716714400,0,1,1
1.716714720,1,0,1
1.716715040,1,1,1
1.716715360,1,0,1
1.716715680,1,1,1
1.716716000,0,0,1
1.716716320,0,1,1
1.716716640,0,0,1
1.716717120,0,1,1
1.716717440,0,0,1
1.716717760,0,1,1
1.716718080,1,0,0
1.716718400,1,1,0
1.716718720,0,0,0
1.716719040,0,1,0
1.716719360,1,0,0
1.716719680,1,1,0
1.716720000,0,0,0
1.716720320,0,1,0
1.716978720,0,0,0
1.716979040,0,1,0
1.716979360,0,0,0
1.716979680,0,1,0
1.716980000,0,0,0
1.716980320,0,1,0
1.716980640,0,0,0
1.716981120,0,1,0
1.716981440,0,0,0
1.716981760,0,1,0
1.716982080,0,0,0
1.716982400,0,1,0
1.716982720,0,0,0
1.716983040,0,1,0
1.716983360,0,0,0
1.716983680,0,1,0
1.716984000,0,0,0
1.716984320,0,1,0
1.716984640,0,0,0
1.716985120,0,1,0
1.716985440,0,0,0
1.716985760,0,1,0
1.716986080,0,0,0
1.716986400,0,1,0
1.716986720,0,0,0
1.716987040,0,1,0
1.716987360,0,0,0
1.716987680,0,1,0
1.716988000,0,0,0
1.716988320,0,1,0
1.716988640,0,0,0
1.716989120,0,1,0
1.716989440,0,0,0
1.716989760,0,1,0
1.716990080,0,0,0
1.716990400,0,1,0
1.716990720,0,0,1
1.716991040,0,1,1
1.716991360,0,0,1
1.716991680,0,1,1
1.716992000,1,0,1
1.716992320,1,1,1
1.716992640,0,0,1
1.716993120,0,1,1
1.716993440,0,0,1
1.716993760,0,1,1
1.716994080,0,0,1
1.716994400,0,1,1
1.716994720,0,0,1
1.716995040,0,1,1
1.716995360,0,0,1
1.716995680,0,1,1
1.716996000,1,0,0
1.716996320,1,1,0
1.716996640,0,0,0
1.716997120,0,1,0
1.716997440,0,0,0
1.716997760,0,1,0
1.716998080,0,0,1
1.716998400,0,1,1
1.716998720,0,0,1
1.716999040,0,1,1
1.716999360,0,0,0
1.716999680,0,1,0
1.717430720,0,0,0
1.717431040,0,1,0
1.717431360,0,0,0
1.717431680,0,1,0
1.717432000,0,0,0
1.717432320,0,1,0
1.717432640,0,0,0
1.717433120,0,1,0
1.717433440,1,0,1
1.717433760,1,1,1
1.717434080,1,0,1
1.717434400,1,1,1
1.717434720,0,0,0
1.717435040,0,1,0
1.717435360,1,0,0
1.717435680,1,1,0
1.717436000,0,0,0
1.717436320,0,1,0
1.717436640,0,0,0
1.717437120,0,1,0
1.717437440,0,0,0
1.717437760,0,1,0
1.717438080,0,0,1
1.717438400,0,1,1
1.717438720,0,0,0
1.717439040,0,1,0
1.717439360,0,0,0
1.717439680,0,1,0
1.717440000,0,0,0
1.717440320,0,1,0
1.717440640,0,0,0
1.717441120,0,1,0
1.717441440,1,0,1
1.717441760,1,1,1
1.717442080,0,0,0
1.717442400,0,1,0
1.717442720,1,0,0
1.717443040,1,1,0
1.717443360,1,0,0
1.717443680,1,1,0
1.717444000,1,0,1
1.717444320,1,1,1
1.717444640,1,0,1
1.717444800,1,0,0
1.717445120,1,1,0
1.717445440,1,0,0
1.717445760,1,1,0
1.717446080,1,0,0
1.717446400,1,1,0
1.717446720,1,0,0
1.717447040,1,1,0
1.717447360,1,0,0
1.717447680,1,1,0
1.717448000,0,0,1
1.717448320,0,1,1
1.717448640,0,0,1
1.717448800,0,0,0
1.717449120,0,1,0
1.717449440,0,0,0
1.717449760,0,1,0
1.717450080,0,0,0
1.717450400,0,1,0
1.717450720,0,0,1
1.717451040,0,1,1
1.717451360,0,0,0
1.717451680,0,1,0
1.717708000,0,0,0
1.717708320,0,1,0
1.717708640,0,0,0
1.717709120,0,1,0
1.717709440,0,0,0
1.717709760,0,1,0
1.717710080,0,0,0
1.717710400,0,1,0
1.717710720,1,0,1
1.717711040,1,1,1
1.717711360,1,0,1
1.717711680,1,1,1
1.717712000,0,0,0
1.717712320,0,1,0
1.717712640,0,0,0
1.717712800,1,0,0
1.717713120,1,1,0
1.717713440,0,0,0
1.717713760,0,1,0
1.717714080,0,0,0
1.717714400,0,1,0
1.717714720,0,0,0
1.717715040,0,1,0
1.717715360,0,0,0
1.717715680,0,1,0
1.717716000,0,0,0
1.717716320,0,1,0
1.717716640,0,0,0
1.717717120,0,1,0
1.717717440,0,0,0
1.717717760,0,1,0
1.717718080,0,0,0
1.717718400,0,1,0
1.717718720,1,0,1
1.717719040,1,1,1
1.717719360,0,0,0
1.717719680,0,1,0
1.717720000,1,0,0
1.717720320,1,1,0
1.717720640,1,0,0
1.717721120,1,1,0
1.717721440,1,0,1
1.717721760,1,1,1
1.717722080,1,0,0
1.717722400,1,1,0
1.717722720,1,0,0
1.717723040,1,1,0
1.717723360,1,0,0
1.717723680,1,1,0
1.717724000,1,0,0
1.717724320,1,1,0
1.717724640,1,0,0
1.717725120,1,1,0
1.717725440,0,0,0
1.717725760,0,1,0
1.717726080,0,0,1
1.717726400,0,1,1
1.717726720,0,0,0
1.717727040,0,1,0
1.717727360,0,0,0
1.717727680,0,1,0
1.717728000,0,0,1
1.717728320,0,1,1
1.717728640,0,0,1
1.717728800,0,0,0
1.717729120,0,1,0
1.717980000,0,0,0
1.717980320,0,1,0
1.717980640,0,0,0
1.717981120,0,1,0
1.717981440,0,0,0
1.717981760,0,1,0
1.717982080,0,0,1
1.717982400,0,1,1
1.717982720,0,0,0
1.717983040,0,1,0
1.717983360,0,0,0
1.717983680,0,1,0
1.717984000,0,0,0
1.717984320,0,1,0
1.717984640,0,0,0
1.717984800,0,0,1
1.717985120,0,1,1
1.717985440,0,0,1
1.717985760,0,1,1
1.717986080,0,0,0
1.717986400,0,1,0
1.717986720,0,0,0
1.717987040,0,1,0
1.717987360,0,0,0
1.717987680,0,1,0
1.717988000,0,0,0
1.717988320,0,1,0
1.717988640,0,0,0
1.717989120,0,1,0
1.717989440,0,0,0
1.717989760,0,1,0
1.717990080,0,0,1
1.717990400,0,1,1
1.717990720,0,0,0
1.717991040,0,1,0
1.717991360,0,0,0
1.717991680,0,1,0
1.717992000,0,0,0
1.717992320,0,1,0
1.717992640,0,0,0
1.717993120,0,1,0
1.717993440,0,0,1
1.717993760,0,1,1
1.717994080,0,0,0
1.717994400,0,1,0
1.717994720,0,0,0
1.717995040,0,1,0
1.717995360,0,0,0
1.717995680,0,1,0
1.717996000,0,0,0
1.717996320,0,1,0
1.717996640,0,0,0
1.717997120,0,1,0
1.717997440,0,0,0
1.717997760,0,1,0
1.717998080,0,0,1
1.717998400,0,1,1
1.717998720,0,0,0
1.717999040,0,1,0
1.717999360,0,0,0
1.717999680,0,1,0
1.718000000,0,0,0
1.718000320,0,1,0
1.718000640,0,0,0
1.718001120,0,1,0
1.718256640,0,0,0
1.718257120,0,1,0
1.718257440,0,0,0
1.718257760,0,1,0
1.718258080,0,0,0
1.718258400,0,1,0
1.718258720,0,0,0
1.718259040,0,1,0
1.718259360,1,0,1
1.718259680,1,1,1
1.718260000,0,0,1
1.718260320,0,1,1
1.718260640,0,0,1
1.718260800,0,0,0
1.718261120,0,1,0
1.718261440,0,0,1
1.718261760,0,1,1
1.718262080,0,0,0
1.718262400,0,1,0
1.718262720,0,0,0
1.718263040,0,1,0
1.718263360,0,0,0
1.718263680,0,1,0
1.718264000,0,0,0
1.718264320,0,1,0
1.718264640,0,0,0
1.718265120,0,1,0
1.718265440,0,0,0
1.718265760,0,1,0
1.718266080,0,0,0
1.718266400,0,1,0
1.718266720,0,0,0
1.718267040,0,1,0
1.718267360,1,0,1
1.718267680,1,1,1
1.718268000,0,0,0
1.718268320,0,1,0
1.718268640,0,0,0
1.718269120,0,1,0
1.718269440,0,0,0
1.718269760,0,1,0
1.718270080,1,0,0
1.718270400,1,1,0
1.718270720,0,0,0
1.718271040,0,1,0
1.718271360,0,0,0
1.718271680,0,1,0
1.718272000,0,0,0
1.718272320,0,1,0
1.718272640,0,0,0
1.718273120,0,1,0
1.718273440,0,0,0
1.718273760,0,1,0
1.718274080,1,0,1
1.718274400,1,1,1
1.718274720,1,0,1
1.718275040,1,1,1
1.718275360,0,0,1
1.718275680,0,1,1
1.718276000,0,0,0
1.718276320,0,1,0
1.718276640,0,0,0
1.718276800,1,0,1
1.718277120,1,1,1
1.718277440,0,0,0
1.718277760,0,1,0
1.718543360,0,0,0
1.718543680,0,1,0
1.718544000,0,0,0
1.718544320,0,1,0
1.718544640,0,0,0
1.718545120,0,1,0
1.718545440,0,0,0
1.718545760,0,1,0
1.718546080,0,0,0
1.718546400,0,1,0
1.718546720,0,0,0
1.718547040,0,1,0
1.718547360,0,0,0
1.718547680,0,1,0
1.718548000,0,0,0
1.718548320,0,1,0
1.718548640,0,0,0
1.718549120,0,1,0
1.718549440,0,0,0
1.718549760,0,1,0
1.718550080,0,0,0
1.718550400,0,1,0
1.718550720,0,0,0
1.718551040,0,1,0
1.718551360,0,0,0
1.718551680,0,1,0
1.718552000,0,0,0
1.718552320,0,1,0
1.718552640,0,0,0
1.718553120,0,1,0
1.718553440,0,0,0
1.718553760,0,1,0
1.718554080,0,0,0
1.718554400,0,1,0
1.718554720,0,0,0
1.718555040,0,1,0
1.718555360,0,0,0
1.718555680,0,1,0
1.718556000,0,0,0
1.718556320,0,1,0
1.718556640,0,0,0
1.718556800,1,0,0
1.718557120,1,1,0
1.718557440,1,0,0
1.718557760,1,1,0
1.718558080,0,0,0
1.718558400,0,1,0
1.718558720,0,0,0
1.718559040,0,1,0
1.718559360,0,0,0
1.718559680,0,1,0
1.718560000,1,0,0
1.718560320,1,1,0
1.718560640,1,0,0
1.718561120,1,1,0
1.718561440,1,0,0
1.718561760,1,1,0
1.718562080,0,0,0
1.718562400,0,1,0
1.718562720,0,0,0
1.718563040,0,1,0
1.718563360,1,0,0
1.718563680,1,1,0
1.718564000,0,0,0
1.718564320,0,1,0
1.718998080,0,0,0
1.718998400,0,1,0
1.718998720,0,0,0
1.718999040,0,1,0
1.718999360,0,0,0
1.718999680,0,1,0
1.719000000,0,0,0
1.719000320,0,1,0
1.719000640,0,0,0
1.719000800,1,0,1
1.719001120,1,1,1
1.719001440,1,0,0
1.719001760,1,1,0
1.719002080,1,0,0
1.719002400,1,1,0
1.719002720,0,0,0
1.719003040,0,1,0
1.719003360,0,0,0
1.719003680,0,1,0
1.719004000,0,0,0
1.719004320,0,1,0
1.719004640,0,0,0
1.719005120,0,1,0
1.719005440,1,0,0
1.719005760,1,1,0
1.719006080,0,0,0
1.719006400,0,1,0
1.719006720,0,0,0
1.719007040,0,1,0
1.719007360,0,0,0
1.719007680,0,1,0
1.719008000,0,0,0
1.719008320,0,1,0
1.719008640,0,0,0
1.719008800,1,0,1
1.719009120,1,1,1
1.719009440,0,0,0
1.719009760,0,1,0
1.719010080,0,0,0
1.719010400,0,1,0
1.719010720,0,0,0
1.719011040,0,1,0
1.719011360,0,0,1
1.719011680,0,1,1
1.719012000,0,0,1
1.719012320,0,1,1
1.719012640,0,0,1
1.719012800,0,0,0
1.719013120,0,1,0
1.719013440,0,0,0
1.719013760,0,1,0
1.719014080,0,0,0
1.719014400,0,1,0
1.719014720,0,0,1
1.719015040,0,1,1
1.719015360,0,0,0
1.719015680,0,1,0
1.719016000,1,0,0
1.719016320,1,1,0
1.719016640,0,0,0
1.719017120,0,1,0
1.719017440,0,0,1
1.719017760,0,1,1
1.719018080,1,0,0
1.719018400,1,1,0
1.719018720,0,0,0
1.719019040,0,1,0
1.719273440,0,0,0
1.719273760,0,1,0
1.719274080,0,0,0
1.719274400,0,1,0
1.719274720,0,0,0
1.719275040,0,1,0
1.719275360,0,0,0
1.719275680,0,1,0
1.719276000,0,0,0
1.719276320,0,1,0
1.719276640,0,0,0
1.719277120,0,1,0
1.719277440,0,0,0
1.719277760,0,1,0
1.719278080,0,0,0
1.719278400,0,1,0
1.719278720,0,0,0
1.719279040,0,1,0
1.719279360,0,0,1
1.719279680,0,1,1
1.719280000,0,0,0
1.719280320,0,1,0
1.719280640,0,0,0
1.719281120,0,1,0
1.719281440,0,0,0
1.719281760,0,1,0
1.719282080,0,0,0
1.719282400,0,1,0
1.719282720,0,0,1
1.719283040,0,1,1
1.719283360,0,0,1
1.719283680,0,1,1
1.719284000,0,0,0
1.719284320,0,1,0
1.719284640,0,0,0
1.719285120,0,1,0
1.719285440,0,0,0
1.719285760,0,1,0
1.719286080,0,0,0
1.719286400,0,1,0
1.719286720,0,0,1
1.719287040,0,1,1
1.719287360,0,0,1
1.719287680,0,1,1
1.719288000,0,0,0
1.719288320,0,1,0
1.719288640,0,0,0
1.719289120,0,1,0
1.719289440,0,0,0
1.719289760,0,1,0
1.719290080,0,0,1
1.719290400,0,1,1
1.719290720,0,0,0
1.719291040,0,1,0
1.719291360,0,0,1
1.719291680,0,1,1
1.719292000,0,0,0
1.719292320,0,1,0
1.719292640,0,0,0
1.719292800,0,0,1
1.719293120,0,1,1
1.719293440,0,0,1
1.719293760,0,1,1
1.719294080,0,0,0
1.719294400,0,1,0
1.719544640,0,0,0
1.719545120,0,1,0
1.719545440,0,0,0
1.719545760,0,1,0
1.719546080,0,0,0
1.719546400,0,1,0
1.719546720,0,0,0
1.719547040,0,1,0
1.719547360,1,0,1
1.719547680,1,1,1
1.719548000,0,0,1
1.719548320,0,1,1
1.719548640,0,0,1
1.719549120,0,1,1
1.719549440,0,0,0
1.719549760,0,1,0
1.719550080,0,0,0
1.719550400,0,1,0
1.719550720,0,0,0
1.719551040,0,1,0
1.719551360,0,0,0
1.719551680,0,1,0
1.719552000,0,0,0
1.719552320,0,1,0
1.719552640,0,0,0
1.719553120,0,1,0
1.719553440,0,0,0
1.719553760,0,1,0
1.719554080,0,0,0
1.719554400,0,1,0
1.719554720,0,0,0
1.719555040,0,1,0
1.719555360,1,0,1
1.719555680,1,1,1
1.719556000,0,0,0
1.719556320,0,1,0
1.719556640,0,0,0
1.719557120,0,1,0
1.719557440,0,0,0
1.719557760,0,1,0
1.719558080,1,0,0
1.719558400,1,1,0
1.719558720,1,0,0
1.719559040,1,1,0
1.719559360,0,0,0
1.719559680,0,1,0
1.719560000,0,0,0
1.719560320,0,1,0
1.719560640,0,0,0
1.719561120,0,1,0
1.719561440,1,0,0
1.719561760,1,1,0
1.719562080,0,0,0
1.719562400,0,1,0
1.719562720,0,0,0
1.719563040,0,1,0
1.719563360,0,0,0
1.719563680,0,1,0
1.719564000,1,0,0
1.719564320,1,1,0
1.719564640,0,0,0
1.719564800,0,0,1
1.719565120,0,1,1
1.719565440,0,0,0
1.719565760,0,1,0
1.730608000,0,0,0
1.730608320,0,1,0
1.730608640,0,0,0
1.730608960,0,1,0
1.730609280,0,0,0
1.730609760,0,1,0
1.730610080,0,0,0
1.730610400,0,1,0
1.730610720,0,0,0
1.730611040,0,1,0
1.730611360,0,0,0
1.730611680,0,1,0
1.730612000,0,0,0
1.730612320,0,1,0
1.730612640,0,0,0
1.730612960,0,1,0
1.730613280,0,0,0
1.730613760,0,1,0
1.730614080,0,0,0
1.730614400,0,1,0
1.730614720,0,0,0
1.730615040,0,1,0
1.730615360,0,0,0
1.730615680,0,1,0
1.730616000,0,0,0
1.730616320,0,1,0
1.730616640,0,0,0
1.730616960,0,1,0
1.730617280,0,0,0
1.730617760,0,1,0
1.730618080,0,0,0
1.730618400,0,1,0
1.730618720,0,0,0
1.730619040,0,1,0
1.730619360,0,0,0
1.730619680,0,1,0
1.730620000,0,0,0
1.730620320,0,1,0
1.730620640,0,0,0
1.730620960,0,1,0
1.730621280,0,0,0
1.730621440,1,0,0
1.730621760,1,1,0
1.730622080,1,0,0
1.730622400,1,1,0
1.730622720,1,0,0
1.730623040,1,1,0
1.730623360,1,0,0
1.730623680,1,1,0
1.730624000,1,0,0
1.730624320,1,1,0
1.730624640,1,0,0
1.730624960,1,1,0
1.730625280,0,0,0
1.730625760,0,1,0
1.730626080,0,0,0
1.730626400,0,1,0
1.730626720,0,0,0
1.730627040,0,1,0
1.730627360,0,0,0
1.730627680,0,1,0
1.730628000,0,0,0
1.730628320,0,1,0
1.730628640,0,0,0
1.730628960,0,1,0
1.731066080,0,0,0
1.731066400,0,1,0
1.731066720,0,0,0
1.731067040,0,1,0
1.731067360,0,0,0
1.731067680,0,1,0
1.731068000,0,0,0
1.731068320,0,1,0
1.731068640,1,0,1
1.731068960,1,1,1
1.731069280,1,0,1
1.731069440,1,0,0
1.731069760,1,1,0
1.731070080,1,0,0
1.731070400,1,1,0
1.731070720,1,0,0
1.731071040,1,1,0
1.731071360,0,0,0
1.731071680,0,1,0
1.731072000,0,0,0
1.731072320,0,1,0
1.731072640,0,0,0
1.731072960,0,1,0
1.731073280,0,0,0
1.731073440,1,0,0
1.731073760,1,1,0
1.731074080,0,0,0
1.731074400,0,1,0
1.731074720,0,0,0
1.731075040,0,1,0
1.731075360,0,0,0
1.731075680,0,1,0
1.731076000,0,0,0
1.731076320,0,1,0
1.731076640,1,0,1
1.731076960,1,1,1
1.731077280,0,0,1
1.731077440,0,0,0
1.731077760,0,1,0
1.731078080,0,0,0
1.731078400,0,1,0
1.731078720,0,0,0
1.731079040,0,1,0
1.731079360,0,0,1
1.731079680,0,1,1
1.731080000,0,0,1
1.731080320,0,1,1
1.731080640,0,0,1
1.731080960,0,1,1
1.731081280,0,0,1
1.731081760,0,1,1
1.731082080,0,0,1
1.731082400,0,1,1
1.731082720,0,0,1
1.731083040,0,1,1
1.731083360,0,0,0
1.731083680,0,1,0
1.731084000,1,0,1
1.731084320,1,1,1
1.731084640,1,0,0
1.731084960,1,1,0
1.731085280,0,0,0
1.731085760,0,1,0
1.731086080,1,0,1
1.731086400,1,1,1
1.731086720,0,0,0
1.731087040,0,1,0
1.731340000,0,0,0
1.731340320,0,1,0
1.731340640,0,0,0
1.731340960,0,1,0
1.731341280,0,0,0
1.731341760,0,1,0
1.731342080,0,0,0
1.731342400,0,1,0
1.731342720,0,0,0
1.731343040,0,1,0
1.731343360,0,0,0
1.731343680,0,1,0
1.731344000,0,0,0
1.731344320,0,1,0
1.731344640,0,0,0
1.731344960,0,1,0
1.731345280,0,0,0
1.731345760,0,1,0
1.731346080,0,0,0
1.731346400,0,1,0
1.731346720,0,0,0
1.731347040,0,1,0
1.731347360,0,0,0
1.731347680,0,1,0
1.731348000,0,0,0
1.731348320,0,1,0
1.731348640,0,0,0
1.731348960,0,1,0
1.731349280,0,0,0
1.731349760,0,1,0
1.731350080,0,0,0
1.731350400,0,1,0
1.731350720,0,0,0
1.731351040,0,1,0
1.731351360,0,0,0
1.731351680,0,1,0
1.731352000,0,0,0
1.731352320,0,1,0
1.731352640,0,0,0
1.731352960,0,1,0
1.731353280,0,0,0
1.731353440,0,0,1
1.731353760,0,1,1
1.731354080,0,0,1
1.731354400,0,1,1
1.731354720,0,0,1
1.731355040,0,1,1
1.731355360,0,0,1
1.731355680,0,1,1
1.731356000,0,0,1
1.731356320,0,1,1
1.731356640,0,0,1
1.731356960,0,1,1
1.731357280,0,0,1
1.731357440,0,0,0
1.731357760,0,1,0
1.731358080,0,0,0
1.731358400,0,1,0
1.731358720,0,0,0
1.731359040,0,1,0
1.731359360,0,0,0
1.731359680,0,1,0
1.731360000,0,0,0
1.731360320,0,1,0
1.731360640,0,0,0
1.731360960,0,1,0
1.731611360,0,0,0
1.731611680,0,1,0
1.731612000,0,0,0
1.731612320,0,1,0
1.731612640,0,0,0
1.731612960,0,1,0
1.731613280,0,0,0
1.731613760,0,1,0
1.731614080,1,0,1
1.731614400,1,1,1
1.731614720,0,0,1
1.731615040,0,1,1
1.731615360,0,0,1
1.731615680,0,1,1
1.731616000,0,0,1
1.731616320,0,1,1
1.731616640,0,0,0
1.731616960,0,1,0
1.731617280,0,0,0
1.731617760,0,1,0
1.731618080,0,0,0
1.731618400,0,1,0
1.731618720,0,0,0
1.731619040,0,1,0
1.731619360,0,0,0
1.731619680,0,1,0
1.731620000,0,0,0
1.731620320,0,1,0
1.731620640,0,0,0
1.731620960,0,1,0
1.731621280,0,0,0
1.731621760,0,1,0
1.731622080,1,0,1
1.731622400,1,1,1
1.731622720,0,0,0
1.731623040,0,1,0
1.731623360,0,0,0
1.731623680,0,1,0
1.731624000,0,0,0
1.731624320,0,1,0
1.731624640,1,0,0
1.731624960,1,1,0
1.731625280,1,0,0
1.731625760,1,1,0
1.731626080,1,0,0
1.731626400,1,1,0
1.731626720,1,0,0
1.731627040,1,1,0
1.731627360,1,0,0
1.731627680,1,1,0
1.731628000,1,0,0
1.731628320,1,1,0
1.731628640,0,0,0
1.731628960,0,1,0
1.731629280,0,0,0
1.731629440,1,0,0
1.731629760,1,1,0
1.731630080,0,0,1
1.731630400,0,1,1
1.731630720,0,0,0
1.731631040,0,1,0
1.731631360,1,0,1
1.731631680,1,1,1
1.731632000,0,0,0
1.731632320,0,1,0
1.731892000,0,0,0
1.731892320,0,1,0
1.731892640,0,0,0
1.731892960,0,1,0
1.731893280,0,0,0
1.731893760,0,1,0
1.731894080,0,0,0
1.731894400,0,1,0
1.731894720,0,0,0
1.731895040,0,1,0
1.731895360,0,0,0
1.731895680,0,1,0
1.731896000,0,0,0
1.731896320,0,1,0
1.731896640,0,0,0
1.731896960,0,1,0
1.731897280,0,0,0
1.731897760,0,1,0
1.731898080,0,0,0
1.731898400,0,1,0
1.731898720,0,0,0
1.731899040,0,1,0
1.731899360,0,0,0
1.731899680,0,1,0
1.731900000,0,0,0
1.731900320,0,1,0
1.731900640,0,0,0
1.731900960,0,1,0
1.731901280,0,0,0
1.731901760,0,1,0
1.731902080,0,0,0
1.731902400,0,1,0
1.731902720,0,0,0
1.731903040,0,1,0
1.731903360,0,0,0
1.731903680,0,1,0
1.731904000,0,0,0
1.731904320,0,1,0
1.731904640,0,0,0
1.731904960,0,1,0
1.731905280,0,0,0
1.731905440,1,0,0
1.731905760,1,1,0
1.731906080,0,0,0
1.731906400,0,1,0
1.731906720,0,0,0
1.731907040,0,1,0
1.731907360,1,0,0
1.731907680,1,1,0
1.731908000,1,0,0
1.731908320,1,1,0
1.731908640,1,0,0
1.731908960,1,1,0
1.731909280,1,0,0
1.731909760,1,1,0
1.731910080,0,0,0
1.731910400,0,1,0
1.731910720,1,0,0
1.731911040,1,1,0
1.731911360,0,0,0
1.731911680,0,1,0
1.731912000,0,0,0
1.731912320,0,1,0
1.731912640,0,0,0
1.731912960,0,1,0
1.732344640,0,0,0
1.732344960,0,1,0
1.732345280,0,0,0
1.732345760,0,1,0
1.732346080,0,0,0
1.732346400,0,1,0
1.732346720,0,0,0
1.732347040,0,1,0
1.732347360,1,0,1
1.732347680,1,1,1
1.732348000,0,0,0
1.732348320,0,1,0
1.732348640,0,0,0
1.732348960,0,1,0
1.732349280,0,0,0
1.732349760,0,1,0
1.732350080,0,0,0
1.732350400,0,1,0
1.732350720,0,0,0
1.732351040,0,1,0
1.732351360,0,0,0
1.732351680,0,1,0
1.732352000,1,0,0
1.732352320,1,1,0
1.732352640,0,0,0
1.732352960,0,1,0
1.732353280,0,0,0
1.732353760,0,1,0
1.732354080,0,0,0
1.732354400,0,1,0
1.732354720,0,0,0
1.732355040,0,1,0
1.732355360,1,0,1
1.732355680,1,1,1
1.732356000,0,0,0
1.732356320,0,1,0
1.732356640,0,0,0
1.732356960,0,1,0
1.732357280,0,0,0
1.732357760,0,1,0
1.732358080,0,0,1
1.732358400,0,1,1
1.732358720,0,0,0
1.732359040,0,1,0
1.732359360,0,0,0
1.732359680,0,1,0
1.732360000,0,0,1
1.732360320,0,1,1
1.732360640,0,0,1
1.732360960,0,1,1
1.732361280,0,0,1
1.732361760,0,1,1
1.732362080,1,0,1
1.732362400,1,1,1
1.732362720,0,0,1
1.732363040,0,1,1
1.732363360,0,0,1
1.732363680,0,1,1
1.732364000,0,0,0
1.732364320,0,1,0
1.732364640,1,0,1
1.732364960,1,1,1
1.732365280,0,0,1
1.732365440,0,0,0
1.732365760,0,1,0
1.732616640,0,0,0
1.732616960,0,1,0
1.732617280,0,0,0
1.732617760,0,1,0
1.732618080,0,0,0
1.732618400,0,1,0
1.732618720,0,0,0
1.732619040,0,1,0
1.732619360,0,0,0
1.732619680,0,1,0
1.732620000,0,0,0
1.732620320,0,1,0
1.732620640,0,0,0
1.732620960,0,1,0
1.732621280,0,0,0
1.732621760,0,1,0
1.732622080,0,0,0
1.732622400,0,1,0
1.732622720,0,0,0
1.732623040,0,1,0
1.732623360,0,0,0
1.732623680,0,1,0
1.732624000,0,0,0
1.732624320,0,1,0
1.732624640,0,0,0
1.732624960,0,1,0
1.732625280,0,0,0
1.732625760,0,1,0
1.732626080,0,0,0
1.732626400,0,1,0
1.732626720,0,0,1
1.732627040,0,1,1
1.732627360,0,0,0
1.732627680,0,1,0
1.732628000,0,0,0
1.732628320,0,1,0
1.732628640,0,0,0
1.732628960,0,1,0
1.732629280,0,0,0
1.732629760,0,1,0
1.732630080,0,0,1
1.732630400,0,1,1
1.732630720,0,0,0
1.732631040,0,1,0
1.732631360,0,0,0
1.732631680,0,1,0
1.732632000,0,0,1
1.732632320,0,1,1
1.732632640,0,0,1
1.732632960,0,1,1
1.732633280,0,0,1
1.732633760,0,1,1
1.732634080,0,0,0
1.732634400,0,1,0
1.732634720,0,0,0
1.732635040,0,1,0
1.732635360,0,0,1
1.732635680,0,1,1
1.732636000,0,0,0
1.732636320,0,1,0
1.732636640,0,0,0
1.732636960,0,1,0
1.732637280,0,0,0
1.732637760,0,1,0
1.732886720,0,0,0
1.732887040,0,1,0
1.732887360,0,0,0
1.732887680,0,1,0
1.732888000,0,0,0
1.732888320,0,1,0
1.732888640,0,0,0
1.732888960,0,1,0
1.732889280,0,0,0
1.732889440,1,0,1
1.732889760,1,1,1
1.732890080,0,0,0
1.732890400,0,1,0
1.732890720,0,0,0
1.732891040,0,1,0
1.732891360,0,0,0
1.732891680,0,1,0
1.732892000,0,0,0
1.732892320,0,1,0
1.732892640,0,0,0
1.732892960,0,1,0
1.732893280,0,0,0
1.732893760,0,1,0
1.732894080,0,0,0
1.732894400,0,1,0
1.732894720,0,0,0
1.732895040,0,1,0
1.732895360,0,0,0
1.732895680,0,1,0
1.732896000,0,0,0
1.732896320,0,1,0
1.732896640,0,0,0
1.732896960,0,1,0
1.732897280,0,0,0
1.732897440,1,0,1
1.732897760,1,1,1
1.732898080,0,0,0
1.732898400,0,1,0
1.732898720,0,0,0
1.732899040,0,1,0
1.732899360,0,0,0
1.732899680,0,1,0
1.732900000,1,0,0
1.732900320,1,1,0
1.732900640,0,0,0
1.732900960,0,1,0
1.732901280,0,0,0
1.732901760,0,1,0
1.732902080,1,0,0
1.732902400,1,1,0
1.732902720,1,0,0
1.732903040,1,1,0
1.732903360,1,0,0
1.732903680,1,1,0
1.732904000,1,0,0
1.732904320,1,1,0
1.732904640,1,0,1
1.732904960,1,1,1
1.732905280,1,0,1
1.732905440,1,0,0
1.732905760,1,1,0
1.732906080,0,0,0
1.732906400,0,1,0
1.732906720,1,0,1
1.732907040,1,1,1
1.732907360,0,0,0
1.732907680,0,1,0
1.733165280,0,0,0
1.733165760,0,1,0
1.733166080,0,0,0
1.733166400,0,1,0
1.733166720,0,0,0
1.733167040,0,1,0
1.733167360,0,0,0
1.733167680,0,1,0
1.733168000,0,0,0
1.733168320,0,1,0
1.733168640,0,0,0
1.733168960,0,1,0
1.733169280,0,0,0
1.733169760,0,1,0
1.733170080,0,0,0
1.733170400,0,1,0
1.733170720,0,0,0
1.733171040,0,1,0
1.733171360,0,0,0
1.733171680,0,1,0
1.733172000,0,0,0
1.733172320,0,1,0
1.733172640,0,0,0
1.733172960,0,1,0
1.733173280,0,0,0
1.733173760,0,1,0
1.733174080,0,0,0
1.733174400,0,1,0
1.733174720,0,0,0
1.733175040,0,1,0
1.733175360,1,0,0
1.733175680,1,1,0
1.733176000,0,0,0
1.733176320,0,1,0
1.733176640,0,0,0
1.733176960,0,1,0
1.733177280,0,0,0
1.733177760,0,1,0
1.733178080,0,0,0
1.733178400,0,1,0
1.733178720,1,0,0
1.733179040,1,1,0
1.733179360,0,0,0
1.733179680,0,1,0
1.733180000,0,0,0
1.733180320,0,1,0
1.733180640,0,0,0
1.733180960,0,1,0
1.733181280,0,0,0
1.733181760,0,1,0
1.733182080,1,0,0
1.733182400,1,1,0
1.733182720,0,0,0
1.733183040,0,1,0
1.733183360,0,0,0
1.733183680,0,1,0
1.733184000,0,0,0
1.733184320,0,1,0
1.733184640,0,0,0
1.733184960,0,1,0
1.733185280,0,0,0
1.733185440,1,0,0
1.733185760,1,1,0
1.733186080,0,0,0
1.733186400,0,1,0
1.733618080,0,0,0
1.733618400,0,1,0
1.733618720,0,0,0
1.733619040,0,1,0
1.733619360,0,0,0
1.733619680,0,1,0
1.733620000,0,0,0
1.733620320,0,1,0
1.733620640,1,0,1
1.733620960,1,1,1
1.733621280,0,0,1
1.733621440,0,0,0
1.733621760,0,1,0
1.733622080,0,0,0
1.733622400,0,1,0
1.733622720,1,0,0
1.733623040,1,1,0
1.733623360,0,0,0
1.733623680,0,1,0
1.733624000,0,0,0
1.733624320,0,1,0
1.733624640,0,0,0
1.733624960,0,1,0
1.733625280,0,0,0
1.733625440,1,0,0
1.733625760,1,1,0
1.733626080,0,0,0
1.733626400,0,1,0
1.733626720,0,0,0
1.733627040,0,1,0
1.733627360,0,0,0
1.733627680,0,1,0
1.733628000,0,0,0
1.733628320,0,1,0
1.733628640,1,0,1
1.733628960,1,1,1
1.733629280,0,0,1
1.733629440,0,0,0
1.733629760,0,1,0
1.733630080,0,0,0
1.733630400,0,1,0
1.733630720,0,0,0
1.733631040,0,1,0
1.733631360,0,0,1
1.733631680,0,1,1
1.733632000,0,0,0
1.733632320,0,1,0
1.733632640,0,0,0
1.733632960,0,1,0
1.733633280,0,0,0
1.733633760,0,1,0
1.733634080,0,0,0
1.733634400,0,1,0
1.733634720,0,0,1
1.733635040,0,1,1
1.733635360,1,0,1
1.733635680,1,1,1
1.733636000,0,0,1
1.733636320,0,1,1
1.733636640,1,0,0
1.733636960,1,1,0
1.733637280,0,0,0
1.733637440,0,0,1
1.733637760,0,1,1
1.733638080,1,0,0
1.733638400,1,1,0
1.733638720,0,0,0
1.733639040,0,1,0
1.733889280,0,0,0
1.733889760,0,1,0
1.733890080,0,0,0
1.733890400,0,1,0
1.733890720,0,0,0
1.733891040,0,1,0
1.733891360,0,0,0
1.733891680,0,1,0
1.733892000,0,0,0
1.733892320,0,1,0
1.733892640,0,0,1
1.733892960,0,1,1
1.733893280,0,0,1
1.733893760,0,1,1
1.733894080,0,0,1
1.733894400,0,1,1
1.733894720,0,0,1
1.733895040,0,1,1
1.733895360,0,0,1
1.733895680,0,1,1
1.733896000,0,0,1
1.733896320,0,1,1
1.733896640,0,0,1
1.733896960,0,1,1
1.733897280,0,0,1
1.733897760,0,1,1
1.733898080,0,0,0
1.733898400,0,1,0
1.733898720,0,0,0
1.733899040,0,1,0
1.733899360,0,0,0
1.733899680,0,1,0
1.733900000,0,0,0
1.733900320,0,1,0
1.733900640,0,0,0
1.733900960,0,1,0
1.733901280,0,0,0
1.733901760,0,1,0
1.733902080,0,0,0
1.733902400,0,1,0
1.733902720,0,0,1
1.733903040,0,1,1
1.733903360,0,0,0
1.733903680,0,1,0
1.733904000,0,0,0
1.733904320,0,1,0
1.733904640,0,0,0
1.733904960,0,1,0
1.733905280,0,0,0
1.733905760,0,1,0
1.733906080,0,0,1
1.733906400,0,1,1
1.733906720,0,0,0
1.733907040,0,1,0
1.733907360,0,0,1
1.733907680,0,1,1
1.733908000,0,0,1
1.733908320,0,1,1
1.733908640,0,0,0
1.733908960,0,1,0
1.733909280,0,0,0
1.733909760,0,1,0
1.733910080,0,0,0
1.733910400,0,1,0
1.734159360,0,0,0
1.734159680,0,1,0
1.734160000,0,0,0
1.734160320,0,1,0
1.734160640,0,0,0
1.734160960,0,1,0
1.734161280,0,0,0
1.734161760,0,1,0
1.734162080,1,0,1
1.734162400,1,1,1
1.734162720,0,0,0
1.734163040,0,1,0
1.734163360,0,0,0
1.734163680,0,1,0
1.734164000,0,0,1
1.734164320,0,1,1
1.734164640,0,0,0
1.734164960,0,1,0
1.734165280,0,0,0
1.734165760,0,1,0
1.734166080,0,0,0
1.734166400,0,1,0
1.734166720,0,0,0
1.734167040,0,1,0
1.734167360,0,0,0
1.734167680,0,1,0
1.734168000,0,0,0
1.734168320,0,1,0
1.734168640,0,0,0
1.734168960,0,1,0
1.734169280,0,0,0
1.734169760,0,1,0
1.734170080,1,0,1
1.734170400,1,1,1
1.734170720,0,0,0
1.734171040,0,1,0
1.734171360,0,0,0
1.734171680,0,1,0
1.734172000,0,0,0
1.734172320,0,1,0
1.734172640,1,0,0
1.734172960,1,1,0
1.734173280,0,0,0
1.734173760,0,1,0
1.734174080,0,0,0
1.734174400,0,1,0
1.734174720,0,0,0
1.734175040,0,1,0
1.734175360,0,0,0
1.734175680,0,1,0
1.734176000,1,0,0
1.734176320,1,1,0
1.734176640,1,0,0
1.734176960,1,1,0
1.734177280,1,0,0
1.734177440,1,0,1
1.734177760,1,1,1
1.734178080,0,0,1
1.734178400,0,1,1
1.734178720,1,0,0
1.734179040,1,1,0
1.734179360,0,0,1
1.734179680,0,1,1
1.734180000,0,0,0
1.734180320,0,1,0
1.735126720,0,0,0
1.735127040,0,1,0
1.735127360,0,0,0
1.735127680,0,1,0
1.735128000,0,0,0
1.735128320,0,1,0
1.735128640,0,0,0
1.735128960,0,1,0
1.735129280,0,0,0
1.735129760,0,1,0
1.735130080,0,0,0
1.735130400,0,1,0
1.735130720,0,0,0
1.735131040,0,1,0
1.735131360,0,0,0
1.735131680,0,1,0
1.735132000,0,0,0
1.735132320,0,1,0
1.735132640,0,0,0
1.735132960,0,1,0
1.735133280,0,0,0
1.735133760,0,1,0
1.735134080,0,0,0
1.735134400,0,1,0
1.735134720,0,0,0
1.735135040,0,1,0
1.735135360,0,0,0
1.735135680,0,1,0
1.735136000,0,0,0
1.735136320,0,1,0
1.735136640,0,0,0
1.735136960,0,1,0
1.735137280,0,0,0
1.735137760,0,1,0
1.735138080,0,0,0
1.735138400,0,1,0
1.735138720,1,0,0
1.735139040,1,1,0
1.735139360,0,0,0
1.735139680,0,1,0
1.735140000,1,0,0
1.735140320,1,1,0
1.735140640,0,0,0
1.735140960,0,1,0
1.735141280,0,0,0
1.735141440,1,0,0
1.735141760,1,1,0
1.735142080,0,0,0
1.735142400,0,1,0
1.735142720,0,0,0
1.735143040,0,1,0
1.735143360,1,0,0
1.735143680,1,1,0
1.735144000,1,0,0
1.735144320,1,1,0
1.735144640,0,0,0
1.735144960,0,1,0
1.735145280,0,0,0
1.735145440,1,0,0
1.735145760,1,1,0
1.735146080,1,0,0
1.735146400,1,1,0
1.735146720,1,0,0
1.735147040,1,1,0
1.735147360,0,0,0
1.735147680,0,1,0
1.735600640,0,0,0
1.735600960,0,1,0
1.735601280,0,0,0
1.735601760,0,1,0
1.735602080,0,0,0
1.735602400,0,1,0
1.735602720,0,0,0
1.735603040,0,1,0
1.735603360,1,0,1
1.735603680,1,1,1
1.735604000,0,0,0
1.735604320,0,1,0
1.735604640,1,0,0
1.735604960,1,1,0
1.735605280,0,0,0
1.735605760,0,1,0
1.735606080,0,0,0
1.735606400,0,1,0
1.735606720,0,0,0
1.735607040,0,1,0
1.735607360,0,0,0
1.735607680,0,1,0
1.735608000,1,0,0
1.735608320,1,1,0
1.735608640,0,0,0
1.735608960,0,1,0
1.735609280,0,0,0
1.735609760,0,1,0
1.735610080,0,0,0
1.735610400,0,1,0
1.735610720,0,0,0
1.735611040,0,1,0
1.735611360,1,0,1
1.735611680,1,1,1
1.735612000,0,0,0
1.735612320,0,1,0
1.735612640,0,0,1
1.735612960,0,1,1
1.735613280,0,0,1
1.735613440,0,0,0
1.735613760,0,1,0
1.735614080,0,0,1
1.735614400,0,1,1
1.735614720,0,0,0
1.735615040,0,1,0
1.735615360,0,0,1
1.735615680,0,1,1
1.735616000,0,0,0
1.735616320,0,1,0
1.735616640,0,0,0
1.735616960,0,1,0
1.735617280,0,0,0
1.735617440,0,0,1
1.735617760,0,1,1
1.735618080,1,0,0
1.735618400,1,1,0
1.735618720,1,0,0
1.735619040,1,1,0
1.735619360,0,0,0
1.735619680,0,1,0
1.735620000,0,0,0
1.735620320,0,1,0
1.735620640,1,0,0
1.735620960,1,1,0
1.735621280,0,0,0
1.735621760,0,1,0
1.735883360,0,0,0
1.735883680,0,1,0
1.735884000,0,0,0
1.735884320,0,1,0
1.735884640,0,0,0
1.735884960,0,1,0
1.735885280,0,0,0
1.735885760,0,1,0
1.735886080,0,0,0
1.735886400,0,1,0
1.735886720,0,0,0
1.735887040,0,1,0
1.735887360,0,0,0
1.735887680,0,1,0
1.735888000,0,0,0
1.735888320,0,1,0
1.735888640,0,0,0
1.735888960,0,1,0
1.735889280,0,0,0
1.735889760,0,1,0
1.735890080,0,0,0
1.735890400,0,1,0
1.735890720,0,0,0
1.735891040,0,1,0
1.735891360,0,0,0
1.735891680,0,1,0
1.735892000,0,0,0
1.735892320,0,1,0
1.735892640,0,0,0
1.735892960,0,1,0
1.735893280,0,0,0
1.735893760,0,1,0
1.735894080,0,0,0
1.735894400,0,1,0
1.735894720,0,0,0
1.735895040,0,1,0
1.735895360,1,0,1
1.735895680,1,1,1
1.735896000,1,0,0
1.735896320,1,1,0
1.735896640,1,0,1
1.735896960,1,1,1
1.735897280,1,0,1
1.735897440,1,0,0
1.735897760,1,1,0
1.735898080,1,0,1
1.735898400,1,1,1
1.735898720,1,0,0
1.735899040,1,1,0
1.735899360,1,0,0
1.735899680,1,1,0
1.735900000,1,0,1
1.735900320,1,1,1
1.735900640,0,0,1
1.735900960,0,1,1
1.735901280,0,0,1
1.735901440,0,0,0
1.735901760,0,1,0
1.735902080,0,0,1
1.735902400,0,1,1
1.735902720,1,0,1
1.735903040,1,1,1
1.735903360,1,0,1
1.735903680,1,1,1
1.735904000,0,0,0
1.735904320,0,1,0
1.736348000,0,0,0
1.736348320,0,1,0
1.736348640,0,0,0
1.736348960,0,1,0
1.736349280,0,0,0
1.736349760,0,1,0
1.736350080,0,0,0
1.736350400,0,1,0
1.736350720,1,0,1
1.736351040,1,1,1
1.736351360,0,0,0
1.736351680,0,1,0
1.736352000,1,0,1
1.736352320,1,1,1
1.736352640,1,0,0
1.736352960,1,1,0
1.736353280,0,0,0
1.736353760,0,1,0
1.736354080,0,0,0
1.736354400,0,1,0
1.736354720,0,0,0
1.736355040,0,1,0
1.736355360,0,0,0
1.736355680,0,1,0
1.736356000,0,0,0
1.736356320,0,1,0
1.736356640,0,0,0
1.736356960,0,1,0
1.736357280,0,0,0
1.736357760,0,1,0
1.736358080,0,0,0
1.736358400,0,1,0
1.736358720,1,0,1
1.736359040,1,1,1
1.736359360,0,0,0
1.736359680,0,1,0
1.736360000,1,0,1
1.736360320,1,1,1
1.736360640,0,0,1
1.736360960,0,1,1
1.736361280,1,0,1
1.736361760,1,1,1
1.736362080,0,0,1
1.736362400,0,1,1
1.736362720,1,0,1
1.736363040,1,1,1
1.736363360,0,0,1
1.736363680,0,1,1
1.736364000,0,0,1
1.736364320,0,1,1
1.736364640,1,0,1
1.736364960,1,1,1
1.736365280,0,0,1
1.736365760,0,1,1
1.736366080,1,0,0
1.736366400,1,1,0
1.736366720,1,0,1
1.736367040,1,1,1
1.736367360,0,0,0
1.736367680,0,1,0
1.736368000,0,0,0
1.736368320,0,1,0
1.736368640,0,0,0
1.736368960,0,1,0
1.736644640,0,0,0
1.736644960,0,1,0
1.736645280,0,0,0
1.736645760,0,1,0
1.736646080,0,0,0
1.736646400,0,1,0
1.736646720,0,0,0
1.736647040,0,1,0
1.736647360,0,0,0
1.736647680,0,1,0
1.736648000,0,0,0
1.736648320,0,1,0
1.736648640,0,0,0
1.736648960,0,1,0
1.736649280,0,0,0
1.736649760,0,1,0
1.736650080,0,0,0
1.736650400,0,1,0
1.736650720,0,0,0
1.736651040,0,1,0
1.736651360,0,0,0
1.736651680,0,1,0
1.736652000,0,0,0
1.736652320,0,1,0
1.736652640,0,0,0
1.736652960,0,1,0
1.736653280,0,0,0
1.736653760,0,1,0
1.736654080,0,0,0
1.736654400,0,1,0
1.736654720,0,0,0
1.736655040,0,1,0
1.736655360,0,0,0
1.736655680,0,1,0
1.736656000,0,0,0
1.736656320,0,1,0
1.736656640,0,0,1
1.736656960,0,1,1
1.736657280,0,0,1
1.736657760,0,1,1
1.736658080,0,0,1
1.736658400,0,1,1
1.736658720,0,0,1
1.736659040,0,1,1
1.736659360,0,0,1
1.736659680,0,1,1
1.736660000,0,0,1
1.736660320,0,1,1
1.736660640,0,0,1
1.736660960,0,1,1
1.736661280,0,0,1
1.736661760,0,1,1
1.736662080,0,0,0
1.736662400,0,1,0
1.736662720,0,0,0
1.736663040,0,1,0
1.736663360,0,0,0
1.736663680,0,1,0
1.736664000,0,0,1
1.736664320,0,1,1
1.736664640,0,0,1
1.736664960,0,1,1
1.736665280,0,0,1
1.736665440,0,0,0
1.736665760,0,1,0
1.736934080,0,0,0
1.736934400,0,1,0
1.736934720,0,0,0
1.736935040,0,1,0
1.736935360,0,0,0
1.736935680,0,1,0
1.736936000,0,0,0
1.736936320,0,1,0
1.736936640,1,0,1
1.736936960,1,1,1
1.736937280,0,0,1
1.736937440,0,0,0
1.736937760,0,1,0
1.736938080,0,0,1
1.736938400,0,1,1
1.736938720,0,0,1
1.736939040,0,1,1
1.736939360,0,0,0
1.736939680,0,1,0
1.736940000,0,0,0
1.736940320,0,1,0
1.736940640,0,0,0
1.736940960,0,1,0
1.736941280,0,0,0
1.736941760,0,1,0
1.736942080,0,0,0
1.736942400,0,1,0
1.736942720,0,0,0
1.736943040,0,1,0
1.736943360,0,0,0
1.736943680,0,1,0
1.736944000,0,0,0
1.736944320,0,1,0
1.736944640,1,0,1
1.736944960,1,1,1
1.736945280,0,0,1
1.736945440,0,0,0
1.736945760,0,1,0
1.736946080,1,0,0
1.736946400,1,1,0
1.736946720,1,0,0
1.736947040,1,1,0
1.736947360,1,0,0
1.736947680,1,1,0
1.736948000,1,0,0
1.736948320,1,1,0
1.736948640,1,0,0
1.736948960,1,1,0
1.736949280,1,0,0
1.736949760,1,1,0
1.736950080,1,0,0
1.736950400,1,1,0
1.736950720,1,0,0
1.736951040,1,1,0
1.736951360,0,0,1
1.736951680,0,1,1
1.736952000,1,0,0
1.736952320,1,1,0
1.736952640,1,0,1
1.736952960,1,1,1
1.736953280,0,0,1
1.736953440,0,0,0
1.736953760,0,1,0
1.736954080,0,0,1
1.736954400,0,1,1
1.736954720,0,0,0
1.736955040,0,1,0
1.753153920,0,0,0
1.753154240,0,1,0
1.753154720,0,0,0
1.753155040,0,1,0
1.753155360,0,0,0
1.753155680,0,1,0
1.753156000,0,0,0
1.753156320,0,1,0
1.753156640,0,0,0
1.753156960,0,1,0
1.753157280,0,0,0
1.753157600,0,1,0
1.753157920,0,0,0
1.753158240,0,1,0
1.753158720,0,0,0
1.753159040,0,1,0
1.753159360,0,0,0
1.753159680,0,1,0
1.753160000,0,0,0
1.753160320,0,1,0
1.753160640,0,0,0
1.753160960,0,1,0
1.753161280,0,0,0
1.753161600,0,1,0
1.753161920,0,0,0
1.753162400,0,1,0
1.753162720,0,0,0
1.753163040,0,1,0
1.753163360,0,0,0
1.753163680,0,1,0
1.753164000,0,0,0
1.753164320,0,1,0
1.753164640,0,0,0
1.753164960,0,1,0
1.753165280,0,0,0
1.753165600,0,1,0
1.753165920,0,0,0
1.753166400,0,1,0
1.753166720,0,0,0
1.753167040,0,1,0
1.753167360,1,0,0
1.753167680,1,1,0
1.753168000,0,0,0
1.753168320,0,1,0
1.753168640,0,0,0
1.753168960,0,1,0
1.753169280,0,0,0
1.753169600,0,1,0
1.753169920,0,0,0
1.753170400,0,1,0
1.753170720,0,0,0
1.753171040,0,1,0
1.753171360,1,0,0
1.753171680,1,1,0
1.753172000,0,0,0
1.753172320,0,1,0
1.753172640,0,0,0
1.753172960,0,1,0
1.753173280,0,0,0
1.753173600,0,1,0
1.753173920,0,0,0
1.753174400,0,1,0
1.753174720,0,0,0
1.753175040,0,1,0
1.753621280,0,0,0
1.753621600,0,1,0
1.753621920,0,0,0
1.753622240,0,1,0
1.753622720,0,0,0
1.753623040,0,1,0
1.753623360,0,0,0
1.753623680,0,1,0
1.753624000,1,0,1
1.753624320,1,1,1
1.753624640,1,0,0
1.753624960,1,1,0
1.753625280,0,0,0
1.753625600,0,1,0
1.753625920,0,0,0
1.753626240,0,1,0
1.753626720,0,0,0
1.753627040,0,1,0
1.753627360,0,0,0
1.753627680,0,1,0
1.753628000,0,0,0
1.753628320,0,1,0
1.753628640,1,0,0
1.753628960,1,1,0
1.753629280,0,0,0
1.753629600,0,1,0
1.753629920,0,0,0
1.753630240,0,1,0
1.753630720,0,0,0
1.753631040,0,1,0
1.753631360,0,0,0
1.753631680,0,1,0
1.753632000,1,0,1
1.753632320,1,1,1
1.753632640,0,0,0
1.753632960,0,1,0
1.753633280,0,0,0
1.753633600,0,1,0
1.753633920,0,0,0
1.753634240,0,1,0
1.753634720,0,0,1
1.753635040,0,1,1
1.753635360,0,0,0
1.753635680,0,1,0
1.753636000,0,0,0
1.753636320,0,1,0
1.753636640,0,0,0
1.753636960,0,1,0
1.753637280,0,0,0
1.753637600,0,1,0
1.753637920,0,0,0
1.753638400,0,1,0
1.753638720,0,0,1
1.753639040,0,1,1
1.753639360,0,0,1
1.753639680,0,1,1
1.753640000,0,0,0
1.753640320,0,1,0
1.753640640,0,0,0
1.753640960,0,1,0
1.753641280,1,0,1
1.753641600,1,1,1
1.753641920,0,0,1
1.753642080,0,0,0
1.753642400,0,1,0
1.753896640,0,0,0
1.753896960,0,1,0
1.753897280,0,0,0
1.753897600,0,1,0
1.753897920,0,0,0
1.753898240,0,1,0
1.753898720,0,0,0
1.753899040,0,1,0
1.753899360,0,0,0
1.753899680,0,1,0
1.753900000,0,0,0
1.753900320,0,1,0
1.753900640,0,0,0
1.753900960,0,1,0
1.753901280,0,0,1
1.753901600,0,1,1
1.753901920,0,0,1
1.753902240,0,1,1
1.753902720,0,0,0
1.753903040,0,1,0
1.753903360,0,0,0
1.753903680,0,1,0
1.753904000,0,0,0
1.753904320,0,1,0
1.753904640,0,0,0
1.753904960,0,1,0
1.753905280,0,0,0
1.753905600,0,1,0
1.753905920,0,0,0
1.753906240,0,1,0
1.753906720,0,0,0
1.753907040,0,1,0
1.753907360,0,0,0
1.753907680,0,1,0
1.753908000,0,0,0
1.753908320,0,1,0
1.753908640,0,0,0
1.753908960,0,1,0
1.753909280,0,0,0
1.753909600,0,1,0
1.753909920,0,0,0
1.753910080,0,0,1
1.753910240,0,1,1
1.753910720,0,0,0
1.753911040,0,1,0
1.753911360,0,0,0
1.753911680,0,1,0
1.753912000,0,0,0
1.753912320,0,1,0
1.753912640,0,0,0
1.753912960,0,1,0
1.753913280,0,0,0
1.753913600,0,1,0
1.753913920,0,0,0
1.753914080,0,0,1
1.753914240,0,1,1
1.753914720,0,0,0
1.753915040,0,1,0
1.753915360,0,0,1
1.753915680,0,1,1
1.753916000,0,0,1
1.753916320,0,1,1
1.753916640,0,0,0
1.753916960,0,1,0
1.753917280,0,0,0
1.753917600,0,1,0
1.754167360,0,0,0
1.754167680,0,1,0
1.754168000,0,0,0
1.754168320,0,1,0
1.754168640,0,0,0
1.754168960,0,1,0
1.754169280,0,0,0
1.754169600,0,1,0
1.754169920,1,0,0
1.754170080,1,0,1
1.754170240,1,1,1
1.754170720,0,0,1
1.754171040,0,1,1
1.754171360,0,0,0
1.754171680,0,1,0
1.754172000,0,0,0
1.754172320,0,1,0
1.754172640,0,0,0
1.754172960,0,1,0
1.754173280,0,0,0
1.754173600,0,1,0
1.754173920,0,0,0
1.754174240,0,1,0
1.754174720,0,0,0
1.754175040,0,1,0
1.754175360,0,0,0
1.754175680,0,1,0
1.754176000,0,0,0
1.754176320,0,1,0
1.754176640,0,0,0
1.754176960,0,1,0
1.754177280,0,0,0
1.754177600,0,1,0
1.754177920,1,0,0
1.754178080,1,0,1
1.754178240,1,1,1
1.754178720,0,0,0
1.754179040,0,1,0
1.754179360,0,0,0
1.754179680,0,1,0
1.754180000,0,0,0
1.754180320,0,1,0
1.754180640,1,0,0
1.754180960,1,1,0
1.754181280,0,0,0
1.754181600,0,1,0
1.754181920,0,0,0
1.754182240,0,1,0
1.754182720,0,0,0
1.754183040,0,1,0
1.754183360,0,0,0
1.754183680,0,1,0
1.754184000,0,0,0
1.754184320,0,1,0
1.754184640,1,0,1
1.754184960,1,1,1
1.754185280,1,0,1
1.754185600,1,1,1
1.754185920,0,0,1
1.754186080,0,0,0
1.754186240,0,1,0
1.754186720,0,0,0
1.754187040,0,1,0
1.754187360,1,0,1
1.754187680,1,1,1
1.754188000,0,0,0
1.754188320,0,1,0
1.764216640,0,0,0
1.764216960,0,1,0
1.764217280,0,0,0
1.764217600,0,1,0
1.764217920,0,0,0
1.764218240,0,1,0
1.764218560,0,0,0
1.764219040,0,1,0
1.764219360,0,0,0
1.764219680,0,1,0
1.764220000,0,0,0
1.764220320,0,1,0
1.764220640,0,0,0
1.764220960,0,1,0
1.764221280,0,0,0
1.764221600,0,1,0
1.764221920,0,0,0
1.764222240,0,1,0
1.764222560,0,0,0
1.764223040,0,1,0
1.764223360,0,0,0
1.764223680,0,1,0
1.764224000,0,0,0
1.764224320,0,1,0
1.764224640,0,0,0
1.764224960,0,1,0
1.764225280,1,0,0
1.764225600,1,1,0
1.764225920,0,0,0
1.764226240,0,1,0
1.764226560,0,0,0
1.764227040,0,1,0
1.764227360,0,0,0
1.764227680,0,1,0
1.764228000,0,0,0
1.764228320,0,1,0
1.764228640,1,0,0
1.764228960,1,1,0
1.764229280,0,0,0
1.764229600,0,1,0
1.764229920,1,0,0
1.764230240,1,1,0
1.764230560,0,0,0
1.764231040,0,1,0
1.764231360,1,0,0
1.764231680,1,1,0
1.764232000,0,0,0
1.764232320,0,1,0
1.764232640,0,0,0
1.764232960,0,1,0
1.764233280,1,0,0
1.764233600,1,1,0
1.764233920,1,0,0
1.764234240,1,1,0
1.764234560,1,0,0
1.764235040,1,1,0
1.764235360,0,0,0
1.764235680,0,1,0
1.764236000,0,0,0
1.764236320,0,1,0
1.764236640,1,0,0
1.764236960,1,1,0
1.764237280,0,0,0
1.764237600,0,1,0
1.764690560,0,0,0
1.764691040,0,1,0
1.764691360,0,0,0
1.764691680,0,1,0
1.764692000,0,0,0
1.764692320,0,1,0
1.764692640,0,0,0
1.764692960,0,1,0
1.764693280,1,0,1
1.764693600,1,1,1
1.764693920,1,0,0
1.764694240,1,1,0
1.764694560,0,0,0
1.764695040,0,1,0
1.764695360,1,0,0
1.764695680,1,1,0
1.764696000,0,0,0
1.764696320,0,1,0
1.764696640,0,0,0
1.764696960,0,1,0
1.764697280,0,0,0
1.764697600,0,1,0
1.764697920,1,0,0
1.764698240,1,1,0
1.764698560,0,0,0
1.764699040,0,1,0
1.764699360,0,0,0
1.764699680,0,1,0
1.764700000,0,0,0
1.764700320,0,1,0
1.764700640,0,0,0
1.764700960,0,1,0
1.764701280,1,0,1
1.764701600,1,1,1
1.764701920,0,0,0
1.764702240,0,1,0
1.764702560,0,0,0
1.764702720,0,0,1
1.764703040,0,1,1
1.764703360,0,0,0
1.764703680,0,1,0
1.764704000,0,0,1
1.764704320,0,1,1
1.764704640,0,0,0
1.764704960,0,1,0
1.764705280,0,0,1
1.764705600,0,1,1
1.764705920,0,0,0
1.764706240,0,1,0
1.764706560,0,0,0
1.764707040,0,1,0
1.764707360,0,0,1
1.764707680,0,1,1
1.764708000,0,0,0
1.764708320,0,1,0
1.764708640,0,0,0
1.764708960,0,1,0
1.764709280,1,0,0
1.764709600,1,1,0
1.764709920,0,0,0
1.764710240,0,1,0
1.764710560,0,0,0
1.764710720,1,0,0
1.764711040,1,1,0
1.764711360,0,0,0
1.764711680,0,1,0
1.764969920,0,0,0
1.764970240,0,1,0
1.764970560,0,0,0
1.764971040,0,1,0
1.764971360,0,0,0
1.764971680,0,1,0
1.764972000,0,0,0
1.764972320,0,1,0
1.764972640,0,0,0
1.764972960,0,1,0
1.764973280,0,0,0
1.764973600,0,1,0
1.764973920,0,0,0
1.764974240,0,1,0
1.764974560,0,0,0
1.764975040,0,1,0
1.764975360,0,0,0
1.764975680,0,1,0
1.764976000,0,0,0
1.764976320,0,1,0
1.764976640,0,0,0
1.764976960,0,1,0
1.764977280,0,0,0
1.764977600,0,1,0
1.764977920,0,0,0
1.764978240,0,1,0
1.764978560,0,0,0
1.764978720,0,0,1
1.764979040,0,1,1
1.764979360,0,0,0
1.764979680,0,1,0
1.764980000,0,0,0
1.764980320,0,1,0
1.764980640,0,0,0
1.764980960,0,1,0
1.764981280,0,0,0
1.764981600,0,1,0
1.764981920,1,0,1
1.764982240,1,1,1
1.764982560,1,0,1
1.764982720,1,0,0
1.764983040,1,1,0
1.764983360,1,0,1
1.764983680,1,1,1
1.764984000,1,0,0
1.764984320,1,1,0
1.764984640,1,0,1
1.764984960,1,1,1
1.764985280,1,0,0
1.764985600,1,1,0
1.764985920,1,0,0
1.764986240,1,1,0
1.764986560,1,0,0
1.764986720,1,0,1
1.764987040,1,1,1
1.764987360,0,0,1
1.764987680,0,1,1
1.764988000,0,0,1
1.764988320,0,1,1
1.764988640,0,0,0
1.764988960,0,1,0
1.764989280,1,0,0
1.764989600,1,1,0
1.764989920,1,0,1
1.764990240,1,1,1
1.764990560,0,0,1
1.764990720,0,0,0
1.764991040,0,1,0
1.765428000,0,0,0
1.765428320,0,1,0
1.765428640,0,0,0
1.765428960,0,1,0
1.765429280,0,0,0
1.765429600,0,1,0
1.765429920,0,0,0
1.765430240,0,1,0
1.765430560,0,0,0
1.765430720,1,0,1
1.765431040,1,1,1
1.765431360,1,0,1
1.765431680,1,1,1
1.765432000,1,0,0
1.765432320,1,1,0
1.765432640,0,0,1
1.765432960,0,1,1
1.765433280,0,0,0
1.765433600,0,1,0
1.765433920,0,0,0
1.765434240,0,1,0
1.765434560,0,0,0
1.765435040,0,1,0
1.765435360,0,0,0
1.765435680,0,1,0
1.765436000,0,0,0
1.765436320,0,1,0
1.765436640,0,0,0
1.765436960,0,1,0
1.765437280,0,0,0
1.765437600,0,1,0
1.765437920,0,0,0
1.765438240,0,1,0
1.765438560,0,0,0
1.765438720,1,0,1
1.765439040,1,1,1
1.765439360,0,0,0
1.765439680,0,1,0
1.765440000,1,0,1
1.765440320,1,1,1
1.765440640,0,0,1
1.765440960,0,1,1
1.765441280,1,0,1
1.765441600,1,1,1
1.765441920,0,0,1
1.765442240,0,1,1
1.765442560,0,0,1
1.765442720,1,0,1
1.765443040,1,1,1
1.765443360,0,0,1
1.765443680,0,1,1
1.765444000,0,0,1
1.765444320,0,1,1
1.765444640,1,0,1
1.765444960,1,1,1
1.765445280,1,0,0
1.765445600,1,1,0
1.765445920,1,0,0
1.765446240,1,1,0
1.765446560,0,0,0
1.765447040,0,1,0
1.765447360,0,0,0
1.765447680,0,1,0
1.765448000,0,0,0
1.765448320,0,1,0
1.765448640,0,0,0
1.765448960,0,1,0
1.765725280,0,0,0
1.765725600,0,1,0
1.765725920,0,0,0
1.765726240,0,1,0
1.765726560,0,0,0
1.765727040,0,1,0
1.765727360,0,0,0
1.765727680,0,1,0
1.765728000,0,0,0
1.765728320,0,1,0
1.765728640,0,0,0
1.765728960,0,1,0
1.765729280,0,0,0
1.765729600,0,1,0
1.765729920,0,0,0
1.765730240,0,1,0
1.765730560,0,0,0
1.765731040,0,1,0
1.765731360,0,0,0
1.765731680,0,1,0
1.765732000,0,0,0
1.765732320,0,1,0
1.765732640,0,0,0
1.765732960,0,1,0
1.765733280,0,0,0
1.765733600,0,1,0
1.765733920,0,0,0
1.765734240,0,1,0
1.765734560,0,0,0
1.765735040,0,1,0
1.765735360,0,0,0
1.765735680,0,1,0
1.765736000,0,0,0
1.765736320,0,1,0
1.765736640,0,0,0
1.765736960,0,1,0
1.765737280,0,0,1
1.765737600,0,1,1
1.765737920,0,0,1
1.765738240,0,1,1
1.765738560,0,0,1
1.765739040,0,1,1
1.765739360,0,0,1
1.765739680,0,1,1
1.765740000,0,0,1
1.765740320,0,1,1
1.765740640,0,0,1
1.765740960,0,1,1
1.765741280,0,0,1
1.765741600,0,1,1
1.765741920,0,0,1
1.765742240,0,1,1
1.765742560,0,0,1
1.765742720,0,0,0
1.765743040,0,1,0
1.765743360,0,0,0
1.765743680,0,1,0
1.765744000,0,0,0
1.765744320,0,1,0
1.765744640,0,0,1
1.765744960,0,1,1
1.765745280,0,0,1
1.765745600,0,1,1
1.765745920,0,0,0
1.765746240,0,1,0
1.766012640,0,0,0
1.766012960,0,1,0
1.766013280,0,0,0
1.766013600,0,1,0
1.766013920,0,0,0
1.766014240,0,1,0
1.766014560,0,0,0
1.766015040,0,1,0
1.766015360,1,0,1
1.766015680,1,1,1
1.766016000,0,0,1
1.766016320,0,1,1
1.766016640,0,0,1
1.766016960,0,1,1
1.766017280,0,0,0
1.766017600,0,1,0
1.766017920,0,0,0
1.766018240,0,1,0
1.766018560,0,0,0
1.766019040,0,1,0
1.766019360,0,0,0
1.766019680,0,1,0
1.766020000,0,0,0
1.766020320,0,1,0
1.766020640,0,0,0
1.766020960,0,1,0
1.766021280,0,0,0
1.766021600,0,1,0
1.766021920,0,0,0
1.766022240,0,1,0
1.766022560,0,0,0
1.766023040,0,1,0
1.766023360,1,0,1
1.766023680,1,1,1
1.766024000,0,0,0
1.766024320,0,1,0
1.766024640,1,0,0
1.766024960,1,1,0
1.766025280,1,0,0
1.766025600,1,1,0
1.766025920,1,0,0
1.766026240,1,1,0
1.766026560,1,0,0
1.766027040,1,1,0
1.766027360,1,0,0
1.766027680,1,1,0
1.766028000,1,0,0
1.766028320,1,1,0
1.766028640,1,0,0
1.766028960,1,1,0
1.766029280,1,0,0
1.766029600,1,1,0
1.766029920,0,0,0
1.766030240,0,1,0
1.766030560,1,0,0
1.766031040,1,1,0
1.766031360,1,0,0
1.766031680,1,1,0
1.766032000,0,0,0
1.766032320,0,1,0
1.766032640,0,0,1
1.766032960,0,1,1
1.766033280,0,0,0
1.766033600,0,1,0
1.793173920,0,0,0
1.793174240,0,1,0
1.793174560,0,0,0
1.793174880,0,1,0
1.793175200,0,0,0
1.793175520,0,1,0
1.793175840,0,0,0
1.793176320,0,1,0
1.793176640,0,0,0
1.793176960,0,1,0
1.793177280,0,0,0
1.793177600,0,1,0
1.793177920,0,0,0
1.793178240,0,1,0
1.793178560,0,0,0
1.793178880,0,1,0
1.793179200,0,0,0
1.793179520,0,1,0
1.793179840,0,0,0
1.793180320,0,1,0
1.793180640,0,0,0
1.793180960,0,1,0
1.793181280,0,0,0
1.793181600,0,1,0
1.793181920,0,0,0
1.793182240,0,1,0
1.793182560,0,0,0
1.793182880,0,1,0
1.793183200,0,0,0
1.793183520,0,1,0
1.793183840,0,0,0
1.793184320,0,1,0
1.793184640,0,0,0
1.793184960,0,1,0
1.793185280,0,0,0
1.793185600,0,1,0
1.793185920,0,0,0
1.793186240,0,1,0
1.793186560,0,0,0
1.793186880,0,1,0
1.793187200,1,0,0
1.793187520,1,1,0
1.793187840,0,0,0
1.793188320,0,1,0
1.793188640,0,0,0
1.793188960,0,1,0
1.793189280,0,0,0
1.793189600,0,1,0
1.793189920,0,0,0
1.793190240,0,1,0
1.793190560,0,0,0
1.793190880,0,1,0
1.793191200,1,0,0
1.793191520,1,1,0
1.793191840,0,0,0
1.793192320,0,1,0
1.793192640,0,0,0
1.793192960,0,1,0
1.793193280,0,0,0
1.793193600,0,1,0
1.793193920,0,0,0
1.793194240,0,1,0
1.793194560,0,0,0
1.793194880,0,1,0
1.793643200,0,0,0
1.793643520,0,1,0
1.793643840,0,0,0
1.793644320,0,1,0
1.793644640,0,0,0
1.793644960,0,1,0
1.793645280,0,0,0
1.793645600,0,1,0
1.793645920,1,0,1
1.793646240,1,1,1
1.793646560,1,0,0
1.793646880,1,1,0
1.793647200,1,0,0
1.793647520,1,1,0
1.793647840,1,0,0
1.793648320,1,1,0
1.793648640,0,0,0
1.793648960,0,1,0
1.793649280,0,0,0
1.793649600,0,1,0
1.793649920,0,0,0
1.793650240,0,1,0
1.793650560,1,0,0
1.793650880,1,1,0
1.793651200,0,0,0
1.793651520,0,1,0
1.793651840,0,0,0
1.793652320,0,1,0
1.793652640,0,0,0
1.793652960,0,1,0
1.793653280,0,0,0
1.793653600,0,1,0
1.793653920,1,0,1
1.793654240,1,1,1
1.793654560,0,0,0
1.793654880,0,1,0
1.793655200,0,0,0
1.793655520,0,1,0
1.793655840,0,0,0
1.793656320,0,1,0
1.793656640,0,0,1
1.793656960,0,1,1
1.793657280,0,0,0
1.793657600,0,1,0
1.793657920,0,0,0
1.793658240,0,1,0
1.793658560,0,0,0
1.793658880,0,1,0
1.793659200,0,0,0
1.793659520,0,1,0
1.793659840,0,0,0
1.793660320,0,1,0
1.793660640,0,0,1
1.793660960,0,1,1
1.793661280,1,0,1
1.793661600,1,1,1
1.793661920,1,0,0
1.793662240,1,1,0
1.793662560,0,0,0
1.793662880,0,1,0
1.793663200,1,0,1
1.793663520,1,1,1
1.793663840,0,0,1
1.793664000,0,0,0
1.793664320,0,1,0
1.793921280,0,0,0
1.793921600,0,1,0
1.793921920,0,0,0
1.793922240,0,1,0
1.793922560,0,0,0
1.793922880,0,1,0
1.793923200,0,0,0
1.793923520,0,1,0
1.793923840,0,0,0
1.793924320,0,1,0
1.793924640,0,0,0
1.793924960,0,1,0
1.793925280,0,0,0
1.793925600,0,1,0
1.793925920,0,0,1
1.793926240,0,1,1
1.793926560,0,0,1
1.793926880,0,1,1
1.793927200,0,0,0
1.793927520,0,1,0
1.793927840,0,0,0
1.793928320,0,1,0
1.793928640,0,0,0
1.793928960,0,1,0
1.793929280,0,0,0
1.793929600,0,1,0
1.793929920,0,0,0
1.793930240,0,1,0
1.793930560,0,0,0
1.793930880,0,1,0
1.793931200,0,0,0
1.793931520,0,1,0
1.793931840,0,0,0
1.793932320,0,1,0
1.793932640,0,0,0
1.793932960,0,1,0
1.793933280,0,0,0
1.793933600,0,1,0
1.793933920,0,0,0
1.793934240,0,1,0
1.793934560,1,0,1
1.793934880,1,1,1
1.793935200,0,0,0
1.793935520,0,1,0
1.793935840,0,0,0
1.793936320,0,1,0
1.793936640,1,0,0
1.793936960,1,1,0
1.793937280,1,0,0
1.793937600,1,1,0
1.793937920,0,0,0
1.793938240,0,1,0
1.793938560,1,0,1
1.793938880,1,1,1
1.793939200,0,0,0
1.793939520,0,1,0
1.793939840,0,0,0
1.793940000,0,0,1
1.793940320,0,1,1
1.793940640,1,0,1
1.793940960,1,1,1
1.793941280,1,0,0
1.793941600,1,1,0
1.793941920,0,0,0
1.793942240,0,1,0
1.794375200,0,0,0
1.794375520,0,1,0
1.794375840,0,0,0
1.794376320,0,1,0
1.794376640,0,0,0
1.794376960,0,1,0
1.794377280,0,0,0
1.794377600,0,1,0
1.794377920,1,0,1
1.794378240,1,1,1
1.794378560,0,0,1
1.794378880,0,1,1
1.794379200,0,0,1
1.794379520,0,1,1
1.794379840,0,0,1
1.794380320,0,1,1
1.794380640,0,0,0
1.794380960,0,1,0
1.794381280,0,0,0
1.794381600,0,1,0
1.794381920,0,0,0
1.794382240,0,1,0
1.794382560,0,0,0
1.794382880,0,1,0
1.794383200,0,0,0
1.794383520,0,1,0
1.794383840,0,0,0
1.794384320,0,1,0
1.794384640,0,0,0
1.794384960,0,1,0
1.794385280,0,0,0
1.794385600,0,1,0
1.794385920,1,0,1
1.794386240,1,1,1
1.794386560,0,0,0
1.794386880,0,1,0
1.794387200,0,0,0
1.794387520,0,1,0
1.794387840,0,0,0
1.794388320,0,1,0
1.794388640,1,0,1
1.794388960,1,1,1
1.794389280,0,0,0
1.794389600,0,1,0
1.794389920,0,0,0
1.794390240,0,1,0
1.794390560,0,0,1
1.794390880,0,1,1
1.794391200,0,0,1
1.794391520,0,1,1
1.794391840,0,0,1
1.794392000,0,0,0
1.794392320,0,1,0
1.794392640,1,0,1
1.794392960,1,1,1
1.794393280,1,0,1
1.794393600,1,1,1
1.794393920,0,0,0
1.794394240,0,1,0
1.794394560,0,0,0
1.794394880,0,1,0
1.794395200,1,0,0
1.794395520,1,1,0
1.794395840,0,0,0
1.794396320,0,1,0
1.794661280,0,0,0
1.794661600,0,1,0
1.794661920,0,0,0
1.794662240,0,1,0
1.794662560,0,0,0
1.794662880,0,1,0
1.794663200,0,0,0
1.794663520,0,1,0
1.794663840,0,0,0
1.794664320,0,1,0
1.794664640,0,0,0
1.794664960,0,1,0
1.794665280,0,0,0
1.794665600,0,1,0
1.794665920,0,0,0
1.794666240,0,1,0
1.794666560,0,0,0
1.794666880,0,1,0
1.794667200,0,0,0
1.794667520,0,1,0
1.794667840,0,0,0
1.794668320,0,1,0
1.794668640,0,0,1
1.794668960,0,1,1
1.794669280,0,0,1
1.794669600,0,1,1
1.794669920,0,0,0
1.794670240,0,1,0
1.794670560,0,0,0
1.794670880,0,1,0
1.794671200,0,0,1
1.794671520,0,1,1
1.794671840,0,0,1
1.794672000,0,0,0
1.794672320,0,1,0
1.794672640,0,0,0
1.794672960,0,1,0
1.794673280,0,0,0
1.794673600,0,1,0
1.794673920,0,0,0
1.794674240,0,1,0
1.794674560,0,0,1
1.794674880,0,1,1
1.794675200,0,0,0
1.794675520,0,1,0
1.794675840,0,0,0
1.794676320,0,1,0
1.794676640,0,0,1
1.794676960,0,1,1
1.794677280,0,0,1
1.794677600,0,1,1
1.794677920,0,0,0
1.794678240,0,1,0
1.794678560,0,0,0
1.794678880,0,1,0
1.794679200,0,0,1
1.794679520,0,1,1
1.794679840,0,0,1
1.794680320,0,1,1
1.794680640,0,0,1
1.794680960,0,1,1
1.794681280,0,0,1
1.794681600,0,1,1
1.794681920,0,0,0
1.794682240,0,1,0
1.794933280,0,0,0
1.794933600,0,1,0
1.794933920,0,0,0
1.794934240,0,1,0
1.794934560,0,0,0
1.794934880,0,1,0
1.794935200,0,0,0
1.794935520,0,1,0
1.794935840,0,0,0
1.794936000,1,0,1
1.794936320,1,1,1
1.794936640,0,0,0
1.794936960,0,1,0
1.794937280,0,0,0
1.794937600,0,1,0
1.794937920,0,0,0
1.794938240,0,1,0
1.794938560,0,0,0
1.794938880,0,1,0
1.794939200,0,0,0
1.794939520,0,1,0
1.794939840,0,0,0
1.794940320,0,1,0
1.794940640,0,0,0
1.794940960,0,1,0
1.794941280,0,0,0
1.794941600,0,1,0
1.794941920,0,0,0
1.794942240,0,1,0
1.794942560,0,0,0
1.794942880,0,1,0
1.794943200,0,0,0
1.794943520,0,1,0
1.794943840,0,0,0
1.794944000,1,0,1
1.794944320,1,1,1
1.794944640,0,0,0
1.794944960,0,1,0
1.794945280,0,0,0
1.794945600,0,1,0
1.794945920,0,0,0
1.794946240,0,1,0
1.794946560,1,0,0
1.794946880,1,1,0
1.794947200,0,0,0
1.794947520,0,1,0
1.794947840,0,0,0
1.794948320,0,1,0
1.794948640,1,0,0
1.794948960,1,1,0
1.794949280,1,0,0
1.794949600,1,1,0
1.794949920,0,0,0
1.794950240,0,1,0
1.794950560,1,0,0
1.794950880,1,1,0
1.794951200,1,0,1
1.794951520,1,1,1
1.794951840,1,0,1
1.794952000,1,0,0
1.794952320,1,1,0
1.794952640,0,0,0
1.794952960,0,1,0
1.794953280,0,0,1
1.794953600,0,1,1
1.794953920,0,0,0
1.794954240,0,1,0
1.833177920,0,0,0
1.833178240,0,1,0
1.833178560,0,0,0
1.833178880,0,1,0
1.833179200,0,0,0
1.833179520,0,1,0
1.833179840,0,0,0
1.833180160,0,1,0
1.833180480,0,0,0
1.833180800,0,1,0
1.833181120,0,0,0
1.833181440,0,1,0
1.833181920,0,0,0
1.833182240,0,1,0
1.833182560,0,0,0
1.833182880,0,1,0
1.833183200,0,0,0
1.833183520,0,1,0
1.833183840,0,0,0
1.833184160,0,1,0
1.833184480,0,0,0
1.833184800,0,1,0
1.833185120,0,0,0
1.833185440,0,1,0
1.833185920,0,0,0
1.833186240,0,1,0
1.833186560,0,0,0
1.833186880,0,1,0
1.833187200,0,0,0
1.833187520,0,1,0
1.833187840,0,0,0
1.833188160,0,1,0
1.833188480,0,0,0
1.833188800,0,1,0
1.833189120,0,0,0
1.833189440,0,1,0
1.833189920,0,0,0
1.833190240,0,1,0
1.833190560,0,0,0
1.833190880,0,1,0
1.833191200,1,0,0
1.833191520,1,1,0
1.833191840,0,0,0
1.833192160,0,1,0
1.833192480,0,0,0
1.833192800,0,1,0
1.833193120,0,0,0
1.833193440,0,1,0
1.833193920,0,0,0
1.833194240,0,1,0
1.833194560,0,0,0
1.833194880,0,1,0
1.833195200,1,0,0
1.833195520,1,1,0
1.833195840,0,0,0
1.833196160,0,1,0
1.833196480,0,0,0
1.833196800,0,1,0
1.833197120,0,0,0
1.833197440,0,1,0
1.833197920,0,0,0
1.833198240,0,1,0
1.833198560,0,0,0
1.833198880,0,1,0
1.833651840,0,0,0
1.833652160,0,1,0
1.833652480,0,0,0
1.833652800,0,1,0
1.833653120,0,0,0
1.833653440,0,1,0
1.833653920,0,0,0
1.833654240,0,1,0
1.833654560,1,0,1
1.833654880,1,1,1
1.833655200,0,0,0
1.833655520,0,1,0
1.833655840,0,0,0
1.833656160,0,1,0
1.833656480,1,0,0
1.833656800,1,1,0
1.833657120,0,0,0
1.833657440,0,1,0
1.833657920,0,0,0
1.833658240,0,1,0
1.833658560,0,0,0
1.833658880,0,1,0
1.833659200,1,0,0
1.833659520,1,1,0
1.833659840,0,0,0
1.833660160,0,1,0
1.833660480,0,0,0
1.833660800,0,1,0
1.833661120,0,0,0
1.833661440,0,1,0
1.833661920,0,0,0
1.833662240,0,1,0
1.833662560,1,0,1
1.833662880,1,1,1
1.833663200,0,0,0
1.833663520,0,1,0
1.833663840,0,0,0
1.833664160,0,1,0
1.833664480,0,0,0
1.833664800,0,1,0
1.833665120,0,0,1
1.833665440,0,1,1
1.833665920,0,0,0
1.833666240,0,1,0
1.833666560,0,0,0
1.833666880,0,1,0
1.833667200,0,0,0
1.833667520,0,1,0
1.833667840,0,0,0
1.833668160,0,1,0
1.833668480,0,0,0
1.833668800,0,1,0
1.833669120,1,0,1
1.833669440,1,1,1
1.833669920,0,0,1
1.833670240,0,1,1
1.833670560,1,0,0
1.833670880,1,1,0
1.833671200,0,0,0
1.833671520,0,1,0
1.833671840,1,0,1
1.833672160,1,1,1
1.833672480,0,0,0
1.833672800,0,1,0
1.833937920,0,0,0
1.833938240,0,1,0
1.833938560,0,0,0
1.833938880,0,1,0
1.833939200,0,0,0
1.833939520,0,1,0
1.833939840,0,0,0
1.833940160,0,1,0
1.833940480,0,0,0
1.833940800,0,1,0
1.833941120,0,0,0
1.833941440,0,1,0
1.833941920,0,0,0
1.833942240,0,1,0
1.833942560,0,0,1
1.833942880,0,1,1
1.833943200,0,0,1
1.833943520,0,1,1
1.833943840,0,0,0
1.833944160,0,1,0
1.833944480,0,0,0
1.833944800,0,1,0
1.833945120,0,0,0
1.833945440,0,1,0
1.833945920,0,0,0
1.833946240,0,1,0
1.833946560,0,0,0
1.833946880,0,1,0
1.833947200,0,0,0
1.833947520,0,1,0
1.833947840,0,0,0
1.833948160,0,1,0
1.833948480,0,0,0
1.833948800,0,1,0
1.833949120,0,0,0
1.833949440,0,1,0
1.833949920,0,0,0
1.833950240,0,1,0
1.833950560,0,0,0
1.833950880,0,1,0
1.833951200,0,0,1
1.833951520,0,1,1
1.833951840,0,0,0
1.833952160,0,1,0
1.833952480,0,0,0
1.833952800,0,1,0
1.833953120,0,0,0
1.833953440,0,1,0
1.833953920,0,0,0
1.833954240,0,1,0
1.833954560,0,0,0
1.833954880,0,1,0
1.833955200,0,0,1
1.833955520,0,1,1
1.833955840,0,0,0
1.833956160,0,1,0
1.833956480,0,0,1
1.833956800,0,1,1
1.833957120,0,0,1
1.833957440,0,1,1
1.833957920,0,0,0
1.833958240,0,1,0
1.833958560,0,0,0
1.833958880,0,1,0
1.834217120,0,0,0
1.834217440,0,1,0
1.834217920,0,0,0
1.834218240,0,1,0
1.834218560,0,0,0
1.834218880,0,1,0
1.834219200,0,0,0
1.834219520,0,1,0
1.834219840,1,0,1
1.834220160,1,1,1
1.834220480,0,0,0
1.834220800,0,1,0
1.834221120,0,0,0
1.834221440,0,1,0
1.834221920,0,0,1
1.834222240,0,1,1
1.834222560,0,0,0
1.834222880,0,1,0
1.834223200,0,0,0
1.834223520,0,1,0
1.834223840,0,0,0
1.834224160,0,1,0
1.834224480,0,0,0
1.834224800,0,1,0
1.834225120,0,0,0
1.834225440,0,1,0
1.834225920,0,0,0
1.834226240,0,1,0
1.834226560,0,0,0
1.834226880,0,1,0
1.834227200,0,0,0
1.834227520,0,1,0
1.834227840,1,0,1
1.834228160,1,1,1
1.834228480,0,0,0
1.834228800,0,1,0
1.834229120,0,0,0
1.834229440,0,1,0
1.834229920,0,0,0
1.834230240,0,1,0
1.834230560,1,0,0
1.834230880,1,1,0
1.834231200,0,0,0
1.834231520,0,1,0
1.834231840,0,0,0
1.834232160,0,1,0
1.834232480,0,0,0
1.834232800,0,1,0
1.834233120,0,0,0
1.834233440,0,1,0
1.834233920,0,0,0
1.834234240,0,1,0
1.834234560,1,0,0
1.834234880,1,1,0
1.834235200,1,0,1
1.834235520,1,1,1
1.834235840,0,0,1
1.834236160,0,1,1
1.834236480,0,0,0
1.834236800,0,1,0
1.834237120,1,0,1
1.834237440,1,1,1
1.834237760,1,0,1
1.834237920,0,0,0
1.834238240,0,1,0
1.873165120,0,0,0
1.873165440,0,1,0
1.873165760,0,0,0
1.873166080,0,1,0
1.873166400,0,0,0
1.873166720,0,1,0
1.873167040,0,0,0
1.873167520,0,1,0
1.873167840,0,0,0
1.873168160,0,1,0
1.873168480,0,0,0
1.873168800,0,1,0
1.873169120,0,0,0
1.873169440,0,1,0
1.873169760,0,0,0
1.873170080,0,1,0
1.873170400,0,0,0
1.873170720,0,1,0
1.873171040,0,0,0
1.873171520,0,1,0
1.873171840,0,0,0
1.873172160,0,1,0
1.873172480,0,0,0
1.873172800,0,1,0
1.873173120,0,0,0
1.873173440,0,1,0
1.873173760,0,0,0
1.873174080,0,1,0
1.873174400,0,0,0
1.873174720,0,1,0
1.873175040,0,0,0
1.873175520,0,1,0
1.873175840,0,0,0
1.873176160,0,1,0
1.873176480,0,0,0
1.873176800,0,1,0
1.873177120,0,0,0
1.873177440,0,1,0
1.873177760,0,0,0
1.873178080,0,1,0
1.873178400,1,0,0
1.873178720,1,1,0
1.873179040,0,0,0
1.873179520,0,1,0
1.873179840,0,0,0
1.873180160,0,1,0
1.873180480,0,0,0
1.873180800,0,1,0
1.873181120,0,0,0
1.873181440,0,1,0
1.873181760,0,0,0
1.873182080,0,1,0
1.873182400,1,0,0
1.873182720,1,1,0
1.873183040,0,0,0
1.873183520,0,1,0
1.873183840,0,0,0
1.873184160,0,1,0
1.873184480,0,0,0
1.873184800,0,1,0
1.873185120,0,0,0
1.873185440,0,1,0
1.873185760,0,0,0
1.873186080,0,1,0
1.873634400,0,0,0
1.873634720,0,1,0
1.873635040,0,0,0
1.873635520,0,1,0
1.873635840,0,0,0
1.873636160,0,1,0
1.873636480,0,0,0
1.873636800,0,1,0
1.873637120,1,0,1
1.873637440,1,1,1
1.873637760,0,0,0
1.873638080,0,1,0
1.873638400,1,0,0
1.873638720,1,1,0
1.873639040,0,0,0
1.873639520,0,1,0
1.873639840,0,0,0
1.873640160,0,1,0
1.873640480,0,0,0
1.873640800,0,1,0
1.873641120,0,0,0
1.873641440,0,1,0
1.873641760,1,0,0
1.873642080,1,1,0
1.873642400,0,0,0
1.873642720,0,1,0
1.873643040,0,0,0
1.873643520,0,1,0
1.873643840,0,0,0
1.873644160,0,1,0
1.873644480,0,0,0
1.873644800,0,1,0
1.873645120,1,0,1
1.873645440,1,1,1
1.873645760,0,0,0
1.873646080,0,1,0
1.873646400,0,0,0
1.873646720,0,1,0
1.873647040,0,0,0
1.873647520,0,1,0
1.873647840,0,0,1
1.873648160,0,1,1
1.873648480,0,0,0
1.873648800,0,1,0
1.873649120,0,0,0
1.873649440,0,1,0
1.873649760,0,0,0
1.873650080,0,1,0
1.873650400,0,0,0
1.873650720,0,1,0
1.873651040,0,0,0
1.873651520,0,1,0
1.873651840,1,0,1
1.873652160,1,1,1
1.873652480,1,0,1
1.873652800,1,1,1
1.873653120,0,0,0
1.873653440,0,1,0
1.873653760,0,0,0
1.873654080,0,1,0
1.873654400,1,0,1
1.873654720,1,1,1
1.873655040,0,0,1
1.873655200,0,0,0
1.873655520,0,1,0
1.873909760,0,0,0
1.873910080,0,1,0
1.873910400,0,0,0
1.873910720,0,1,0
1.873911040,0,0,0
1.873911520,0,1,0
1.873911840,0,0,0
1.873912160,0,1,0
1.873912480,0,0,0
1.873912800,0,1,0
1.873913120,0,0,0
1.873913440,0,1,0
1.873913760,0,0,0
1.873914080,0,1,0
1.873914400,0,0,1
1.873914720,0,1,1
1.873915040,0,0,1
1.873915520,0,1,1
1.873915840,0,0,0
1.873916160,0,1,0
1.873916480,0,0,0
1.873916800,0,1,0
1.873917120,0,0,0
1.873917440,0,1,0
1.873917760,0,0,0
1.873918080,0,1,0
1.873918400,0,0,0
1.873918720,0,1,0
1.873919040,0,0,0
1.873919520,0,1,0
1.873919840,0,0,0
1.873920160,0,1,0
1.873920480,0,0,0
1.873920800,0,1,0
1.873921120,0,0,0
1.873921440,0,1,0
1.873921760,0,0,0
1.873922080,0,1,0
1.873922400,0,0,0
1.873922720,0,1,0
1.873923040,0,0,0
1.873923200,0,0,1
1.873923520,0,1,1
1.873923840,0,0,0
1.873924160,0,1,0
1.873924480,0,0,0
1.873924800,0,1,0
1.873925120,0,0,0
1.873925440,0,1,0
1.873925760,0,0,0
1.873926080,0,1,0
1.873926400,0,0,0
1.873926720,0,1,0
1.873927040,0,0,0
1.873927200,0,0,1
1.873927520,0,1,1
1.873927840,0,0,0
1.873928160,0,1,0
1.873928480,0,0,1
1.873928800,0,1,1
1.873929120,0,0,1
1.873929440,0,1,1
1.873929760,0,0,0
1.873930080,0,1,0
1.873930400,0,0,0
1.873930720,0,1,0
1.874181120,0,0,0
1.874181440,0,1,0
1.874181760,0,0,0
1.874182080,0,1,0
1.874182400,0,0,0
1.874182720,0,1,0
1.874183040,0,0,0
1.874183520,0,1,0
1.874183840,1,0,1
1.874184160,1,1,1
1.874184480,0,0,0
1.874184800,0,1,0
1.874185120,0,0,1
1.874185440,0,1,1
1.874185760,0,0,0
1.874186080,0,1,0
1.874186400,0,0,0
1.874186720,0,1,0
1.874187040,0,0,0
1.874187520,0,1,0
1.874187840,0,0,0
1.874188160,0,1,0
1.874188480,0,0,0
1.874188800,0,1,0
1.874189120,0,0,0
1.874189440,0,1,0
1.874189760,0,0,0
1.874190080,0,1,0
1.874190400,0,0,0
1.874190720,0,1,0
1.874191040,0,0,0
1.874191520,0,1,0
1.874191840,1,0,1
1.874192160,1,1,1
1.874192480,0,0,0
1.874192800,0,1,0
1.874193120,0,0,0
1.874193440,0,1,0
1.874193760,0,0,0
1.874194080,0,1,0
1.874194400,1,0,0
1.874194720,1,1,0
1.874195040,0,0,0
1.874195520,0,1,0
1.874195840,0,0,0
1.874196160,0,1,0
1.874196480,0,0,0
1.874196800,0,1,0
1.874197120,0,0,0
1.874197440,0,1,0
1.874197760,0,0,0
1.874198080,0,1,0
1.874198400,1,0,1
1.874198720,1,1,1
1.874199040,1,0,1
1.874199200,1,0,0
1.874199520,1,1,0
1.874199840,0,0,0
1.874200160,0,1,0
1.874200480,0,0,0
1.874200800,0,1,0
1.874201120,1,0,1
1.874201440,1,1,1
1.874201760,0,0,0
1.874202080,0,1,0
1.913168960,0,0,0
1.913169440,0,1,0
1.913169760,0,0,0
1.913170080,0,1,0
1.913170400,0,0,0
1.913170720,0,1,0
1.913171040,0,0,0
1.913171360,0,1,0
1.913171680,0,0,0
1.913172000,0,1,0
1.913172320,0,0,0
1.913172640,0,1,0
1.913172960,0,0,0
1.913173440,0,1,0
1.913173760,0,0,0
1.913174080,0,1,0
1.913174400,0,0,0
1.913174720,0,1,0
1.913175040,0,0,0
1.913175360,0,1,0
1.913175680,0,0,0
1.913176000,0,1,0
1.913176320,0,0,0
1.913176640,0,1,0
1.913176960,0,0,0
1.913177440,0,1,0
1.913177760,0,0,0
1.913178080,0,1,0
1.913178400,0,0,0
1.913178720,0,1,0
1.913179040,0,0,0
1.913179360,0,1,0
1.913179680,0,0,0
1.913180000,0,1,0
1.913180320,0,0,0
1.913180640,0,1,0
1.913180960,0,0,0
1.913181440,0,1,0
1.913181760,0,0,0
1.913182080,0,1,0
1.913182400,1,0,0
1.913182720,1,1,0
1.913183040,0,0,0
1.913183360,0,1,0
1.913183680,0,0,0
1.913184000,0,1,0
1.913184320,0,0,0
1.913184640,0,1,0
1.913184960,0,0,0
1.913185440,0,1,0
1.913185760,0,0,0
1.913186080,0,1,0
1.913186400,1,0,0
1.913186720,1,1,0
1.913187040,0,0,0
1.913187360,0,1,0
1.913187680,0,0,0
1.913188000,0,1,0
1.913188320,0,0,0
1.913188640,0,1,0
1.913188960,0,0,0
1.913189440,0,1,0
1.913189760,0,0,0
1.913190080,0,1,0
1.913632960,0,0,0
1.913633440,0,1,0
1.913633760,0,0,0
1.913634080,0,1,0
1.913634400,0,0,0
1.913634720,0,1,0
1.913635040,0,0,0
1.913635360,0,1,0
1.913635680,1,0,1
1.913636000,1,1,1
1.913636320,0,0,0
1.913636640,0,1,0
1.913636960,0,0,0
1.913637120,1,0,0
1.913637440,1,1,0
1.913637760,1,0,0
1.913638080,1,1,0
1.913638400,0,0,0
1.913638720,0,1,0
1.913639040,0,0,0
1.913639360,0,1,0
1.913639680,0,0,0
1.913640000,0,1,0
1.913640320,1,0,0
1.913640640,1,1,0
1.913640960,0,0,0
1.913641440,0,1,0
1.913641760,0,0,0
1.913642080,0,1,0
1.913642400,0,0,0
1.913642720,0,1,0
1.913643040,0,0,0
1.913643360,0,1,0
1.913643680,1,0,1
1.913644000,1,1,1
1.913644320,0,0,0
1.913644640,0,1,0
1.913644960,0,0,0
1.913645440,0,1,0
1.913645760,0,0,0
1.913646080,0,1,0
1.913646400,0,0,1
1.913646720,0,1,1
1.913647040,0,0,0
1.913647360,0,1,0
1.913647680,0,0,0
1.913648000,0,1,0
1.913648320,0,0,0
1.913648640,0,1,0
1.913648960,0,0,0
1.913649440,0,1,0
1.913649760,0,0,0
1.913650080,0,1,0
1.913650400,1,0,1
1.913650720,1,1,1
1.913651040,1,0,1
1.913651360,1,1,1
1.913651680,1,0,0
1.913652000,1,1,0
1.913652320,0,0,0
1.913652640,0,1,0
1.913652960,0,0,0
1.913653120,1,0,1
1.913653440,1,1,1
1.913653760,0,0,0
1.913654080,0,1,0
1.913910400,0,0,0
1.913910720,0,1,0
1.913911040,0,0,0
1.913911360,0,1,0
1.913911680,0,0,0
1.913912000,0,1,0
1.913912320,0,0,0
1.913912640,0,1,0
1.913912960,0,0,0
1.913913440,0,1,0
1.913913760,0,0,0
1.913914080,0,1,0
1.913914400,0,0,0
1.913914720,0,1,0
1.913915040,0,0,1
1.913915360,0,1,1
1.913915680,0,0,1
1.913916000,0,1,1
1.913916320,0,0,0
1.913916640,0,1,0
1.913916960,0,0,0
1.913917440,0,1,0
1.913917760,0,0,0
1.913918080,0,1,0
1.913918400,0,0,0
1.913918720,0,1,0
1.913919040,0,0,0
1.913919360,0,1,0
1.913919680,0,0,0
1.913920000,0,1,0
1.913920320,0,0,0
1.913920640,0,1,0
1.913920960,0,0,0
1.913921440,0,1,0
1.913921760,0,0,0
1.913922080,0,1,0
1.913922400,0,0,0
1.913922720,0,1,0
1.913923040,0,0,0
1.913923360,0,1,0
1.913923680,1,0,1
1.913924000,1,1,1
1.913924320,0,0,0
1.913924640,0,1,0
1.913924960,0,0,0
1.913925440,0,1,0
1.913925760,1,0,0
1.913926080,1,1,0
1.913926400,1,0,0
1.913926720,1,1,0
1.913927040,0,0,0
1.913927360,0,1,0
1.913927680,1,0,1
1.913928000,1,1,1
1.913928320,0,0,0
1.913928640,0,1,0
1.913928960,0,0,0
1.913929120,0,0,1
1.913929440,0,1,1
1.913929760,1,0,1
1.913930080,1,1,1
1.913930400,1,0,0
1.913930720,1,1,0
1.913931040,0,0,0
1.913931360,0,1,0
1.914363040,0,0,0
1.914363360,0,1,0
1.914363680,0,0,0
1.914364000,0,1,0
1.914364320,0,0,0
1.914364640,0,1,0
1.914364960,0,0,0
1.914365440,0,1,0
1.914365760,1,0,1
1.914366080,1,1,1
1.914366400,1,0,0
1.914366720,1,1,0
1.914367040,0,0,1
1.914367360,0,1,1
1.914367680,0,0,1
1.914368000,0,1,1
1.914368320,0,0,0
1.914368640,0,1,0
1.914368960,0,0,0
1.914369440,0,1,0
1.914369760,0,0,0
1.914370080,0,1,0
1.914370400,0,0,0
1.914370720,0,1,0
1.914371040,0,0,0
1.914371360,0,1,0
1.914371680,0,0,0
1.914372000,0,1,0
1.914372320,0,0,0
1.914372640,0,1,0
1.914372960,0,0,0
1.914373440,0,1,0
1.914373760,1,0,1
1.914374080,1,1,1
1.914374400,0,0,0
1.914374720,0,1,0
1.914375040,0,0,0
1.914375360,0,1,0
1.914375680,0,0,0
1.914376000,0,1,0
1.914376320,1,0,1
1.914376640,1,1,1
1.914376960,0,0,1
1.914377120,0,0,0
1.914377440,0,1,0
1.914377760,0,0,0
1.914378080,0,1,0
1.914378400,0,0,1
1.914378720,0,1,1
1.914379040,0,0,1
1.914379360,0,1,1
1.914379680,0,0,0
1.914380000,0,1,0
1.914380320,0,0,0
1.914380640,0,1,0
1.914380960,0,0,0
1.914381120,1,0,1
1.914381440,1,1,1
1.914381760,0,0,0
1.914382080,0,1,0
1.914382400,0,0,0
1.914382720,0,1,0
1.914383040,1,0,0
1.914383360,1,1,0
1.914383680,0,0,0
1.914384000,0,1,0
1.914647680,0,0,0
1.914648000,0,1,0
1.914648320,0,0,0
1.914648640,0,1,0
1.914648960,0,0,0
1.914649440,0,1,0
1.914649760,0,0,0
1.914650080,0,1,0
1.914650400,0,0,0
1.914650720,0,1,0
1.914651040,0,0,0
1.914651360,0,1,0
1.914651680,0,0,0
1.914652000,0,1,0
1.914652320,0,0,0
1.914652640,0,1,0
1.914652960,0,0,0
1.914653440,0,1,0
1.914653760,0,0,0
1.914654080,0,1,0
1.914654400,0,0,0
1.914654720,0,1,0
1.914655040,0,0,1
1.914655360,0,1,1
1.914655680,0,0,1
1.914656000,0,1,1
1.914656320,0,0,0
1.914656640,0,1,0
1.914656960,0,0,0
1.914657440,0,1,0
1.914657760,0,0,1
1.914658080,0,1,1
1.914658400,0,0,0
1.914658720,0,1,0
1.914659040,0,0,0
1.914659360,0,1,0
1.914659680,0,0,0
1.914660000,0,1,0
1.914660320,0,0,0
1.914660640,0,1,0
1.914660960,0,0,0
1.914661120,0,0,1
1.914661440,0,1,1
1.914661760,0,0,0
1.914662080,0,1,0
1.914662400,0,0,0
1.914662720,0,1,0
1.914663040,0,0,1
1.914663360,0,1,1
1.914663680,0,0,1
1.914664000,0,1,1
1.914664320,0,0,0
1.914664640,0,1,0
1.914664960,0,0,0
1.914665440,0,1,0
1.914665760,0,0,1
1.914666080,0,1,1
1.914666400,0,0,1
1.914666720,0,1,1
1.914667040,0,0,1
1.914667360,0,1,1
1.914667680,0,0,1
1.914668000,0,1,1
1.914668320,0,0,0
1.914668640,0,1,0
1.914921760,0,0,0
1.914922080,0,1,0
1.914922400,0,0,0
1.914922720,0,1,0
1.914923040,0,0,0
1.914923360,0,1,0
1.914923680,0,0,0
1.914924000,0,1,0
1.914924320,1,0,1
1.914924640,1,1,1
1.914924960,0,0,1
1.914925440,0,1,1
1.914925760,0,0,0
1.914926080,0,1,0
1.914926400,0,0,0
1.914926720,0,1,0
1.914927040,0,0,0
1.914927360,0,1,0
1.914927680,0,0,0
1.914928000,0,1,0
1.914928320,0,0,0
1.914928640,0,1,0
1.914928960,0,0,0
1.914929440,0,1,0
1.914929760,0,0,0
1.914930080,0,1,0
1.914930400,0,0,0
1.914930720,0,1,0
1.914931040,0,0,0
1.914931360,0,1,0
1.914931680,0,0,0
1.914932000,0,1,0
1.914932320,1,0,1
1.914932640,1,1,1
1.914932960,0,0,1
1.914933120,0,0,0
1.914933440,0,1,0
1.914933760,0,0,0
1.914934080,0,1,0
1.914934400,0,0,0
1.914934720,0,1,0
1.914935040,1,0,0
1.914935360,1,1,0
1.914935680,0,0,0
1.914936000,0,1,0
1.914936320,0,0,0
1.914936640,0,1,0
1.914936960,0,0,0
1.914937120,1,0,0
1.914937440,1,1,0
1.914937760,1,0,0
1.914938080,1,1,0
1.914938400,0,0,0
1.914938720,0,1,0
1.914939040,1,0,1
1.914939360,1,1,1
1.914939680,1,0,1
1.914940000,1,1,1
1.914940320,1,0,0
1.914940640,1,1,0
1.914940960,0,0,0
1.914941440,0,1,0
1.914941760,0,0,1
1.914942080,0,1,1
1.914942400,0,0,0
1.914942720,0,1,0
1.953223680,0,0,0
1.953224000,0,1,0
1.953224320,0,0,0
1.953224640,0,1,0
1.953224960,0,0,0
1.953225280,0,1,0
1.953225600,0,0,0
1.953225920,0,1,0
1.953226240,0,0,0
1.953226560,0,1,0
1.953227040,0,0,0
1.953227360,0,1,0
1.953227680,0,0,0
1.953228000,0,1,0
1.953228320,0,0,0
1.953228640,0,1,0
1.953228960,0,0,0
1.953229280,0,1,0
1.953229600,0,0,0
1.953229920,0,1,0
1.953230240,0,0,0
1.953230560,0,1,0
1.953231040,0,0,0
1.953231360,0,1,0
1.953231680,0,0,0
1.953232000,0,1,0
1.953232320,0,0,0
1.953232640,0,1,0
1.953232960,0,0,0
1.953233280,0,1,0
1.953233600,0,0,0
1.953233920,0,1,0
1.953234240,0,0,0
1.953234560,0,1,0
1.953235040,0,0,0
1.953235360,0,1,0
1.953235680,0,0,0
1.953236000,0,1,0
1.953236320,0,0,0
1.953236640,0,1,0
1.953236960,1,0,0
1.953237280,1,1,0
1.953237600,0,0,0
1.953237920,0,1,0
1.953238240,0,0,0
1.953238560,0,1,0
1.953239040,0,0,0
1.953239360,0,1,0
1.953239680,0,0,0
1.953240000,0,1,0
1.953240320,0,0,0
1.953240640,0,1,0
1.953240960,1,0,0
1.953241280,1,1,0
1.953241600,0,0,0
1.953241920,0,1,0
1.953242240,0,0,0
1.953242560,0,1,0
1.953243040,0,0,0
1.953243360,0,1,0
1.953243680,0,0,0
1.953244000,0,1,0
1.953244320,0,0,0
1.953244640,0,1,0
1.953698240,0,0,0
1.953698560,0,1,0
1.953699040,0,0,0
1.953699360,0,1,0
1.953699680,0,0,0
1.953700000,0,1,0
1.953700320,0,0,0
1.953700640,0,1,0
1.953700960,1,0,1
1.953701280,1,1,1
1.953701600,1,0,0
1.953701920,1,1,0
1.953702240,0,0,0
1.953702560,0,1,0
1.953703040,1,0,0
1.953703360,1,1,0
1.953703680,0,0,0
1.953704000,0,1,0
1.953704320,0,0,0
1.953704640,0,1,0
1.953704960,0,0,0
1.953705280,0,1,0
1.953705600,1,0,0
1.953705920,1,1,0
1.953706240,0,0,0
1.953706560,0,1,0
1.953707040,0,0,0
1.953707360,0,1,0
1.953707680,0,0,0
1.953708000,0,1,0
1.953708320,0,0,0
1.953708640,0,1,0
1.953708960,1,0,1
1.953709280,1,1,1
1.953709600,0,0,0
1.953709920,0,1,0
1.953710240,0,0,0
1.953710560,0,1,0
1.953711040,0,0,0
1.953711360,0,1,0
1.953711680,0,0,1
1.953712000,0,1,1
1.953712320,0,0,0
1.953712640,0,1,0
1.953712960,0,0,0
1.953713280,0,1,0
1.953713600,0,0,0
1.953713920,0,1,0
1.953714240,0,0,0
1.953714560,0,1,0
1.953715040,0,0,0
1.953715360,0,1,0
1.953715680,0,0,1
1.953716000,0,1,1
1.953716320,0,0,1
1.953716640,0,1,1
1.953716960,1,0,0
1.953717280,1,1,0
1.953717600,0,0,0
1.953717920,0,1,0
1.953718240,1,0,0
1.953718400,1,0,1
1.953718560,1,1,1
1.953719040,0,0,0
1.953719360,0,1,0
1.953978240,0,0,0
1.953978560,0,1,0
1.953979040,0,0,0
1.953979360,0,1,0
1.953979680,0,0,0
1.953980000,0,1,0
1.953980320,0,0,0
1.953980640,0,1,0
1.953980960,0,0,0
1.953981280,0,1,0
1.953981600,0,0,0
1.953981920,0,1,0
1.953982240,0,0,0
1.953982560,0,1,0
1.953983040,0,0,1
1.953983360,0,1,1
1.953983680,0,0,1
1.953984000,0,1,1
1.953984320,0,0,0
1.953984640,0,1,0
1.953984960,0,0,0
1.953985280,0,1,0
1.953985600,0,0,0
1.953985920,0,1,0
1.953986240,0,0,0
1.953986560,0,1,0
1.953987040,0,0,0
1.953987360,0,1,0
1.953987680,0,0,0
1.953988000,0,1,0
1.953988320,0,0,0
1.953988640,0,1,0
1.953988960,0,0,0
1.953989280,0,1,0
1.953989600,0,0,0
1.953989920,0,1,0
1.953990240,0,0,0
1.953990560,0,1,0
1.953991040,0,0,0
1.953991360,0,1,0
1.953991680,0,0,1
1.953992000,0,1,1
1.953992320,0,0,0
1.953992640,0,1,0
1.953992960,0,0,0
1.953993280,0,1,0
1.953993600,0,0,0
1.953993920,0,1,0
1.953994240,0,0,0
1.953994560,0,1,0
1.953995040,0,0,0
1.953995360,0,1,0
1.953995680,0,0,1
1.953996000,0,1,1
1.953996320,0,0,0
1.953996640,0,1,0
1.953996960,0,0,1
1.953997280,0,1,1
1.953997600,0,0,1
1.953997920,0,1,1
1.953998240,0,0,0
1.953998560,0,1,0
1.953999040,0,0,0
1.953999360,0,1,0
1.954252320,0,0,0
1.954252640,0,1,0
1.954252960,0,0,0
1.954253280,0,1,0
1.954253600,0,0,0
1.954253920,0,1,0
1.954254240,0,0,0
1.954254560,0,1,0
1.954255040,1,0,1
1.954255360,1,1,1
1.954255680,0,0,1
1.954256000,0,1,1
1.954256320,0,0,0
1.954256640,0,1,0
1.954256960,0,0,1
1.954257280,0,1,1
1.954257600,0,0,0
1.954257920,0,1,0
1.954258240,0,0,0
1.954258560,0,1,0
1.954259040,0,0,0
1.954259360,0,1,0
1.954259680,0,0,0
1.954260000,0,1,0
1.954260320,0,0,0
1.954260640,0,1,0
1.954260960,0,0,0
1.954261280,0,1,0
1.954261600,0,0,0
1.954261920,0,1,0
1.954262240,0,0,0
1.954262560,0,1,0
1.954263040,1,0,1
1.954263360,1,1,1
1.954263680,0,0,0
1.954264000,0,1,0
1.954264320,0,0,0
1.954264640,0,1,0
1.954264960,0,0,0
1.954265280,0,1,0
1.954265600,1,0,0
1.954265920,1,1,0
1.954266240,0,0,0
1.954266560,0,1,0
1.954267040,0,0,0
1.954267360,0,1,0
1.954267680,0,0,0
1.954268000,0,1,0
1.954268320,0,0,0
1.954268640,0,1,0
1.954268960,0,0,0
1.954269280,0,1,0
1.954269600,1,0,1
1.954269920,1,1,1
1.954270240,1,0,1
1.954270560,1,1,1
1.954271040,0,0,1
1.954271360,0,1,1
1.954271680,0,0,0
1.954272000,0,1,0
1.954272320,1,0,1
1.954272640,1,1,1
1.954272960,0,0,0
1.954273280,0,1,0
1.993183520,0,0,0
1.993183840,0,1,0
1.993184160,0,0,0
1.993184640,0,1,0
1.993184960,0,0,0
1.993185280,0,1,0
1.993185600,0,0,0
1.993185920,0,1,0
1.993186240,0,0,0
1.993186560,0,1,0
1.993186880,0,0,0
1.993187200,0,1,0
1.993187520,0,0,0
1.993187840,0,1,0
1.993188160,0,0,0
1.993188640,0,1,0
1.993188960,0,0,0
1.993189280,0,1,0
1.993189600,0,0,0
1.993189920,0,1,0
1.993190240,0,0,0
1.993190560,0,1,0
1.993190880,0,0,0
1.993191200,0,1,0
1.993191520,0,0,0
1.993191840,0,1,0
1.993192160,0,0,0
1.993192640,0,1,0
1.993192960,0,0,0
1.993193280,0,1,0
1.993193600,0,0,0
1.993193920,0,1,0
1.993194240,0,0,0
1.993194560,0,1,0
1.993194880,0,0,0
1.993195200,0,1,0
1.993195520,0,0,0
1.993195840,0,1,0
1.993196160,0,0,0
1.993196640,0,1,0
1.993196960,1,0,0
1.993197280,1,1,0
1.993197600,0,0,0
1.993197920,0,1,0
1.993198240,0,0,0
1.993198560,0,1,0
1.993198880,0,0,0
1.993199200,0,1,0
1.993199520,0,0,0
1.993199840,0,1,0
1.993200160,0,0,0
1.993200640,0,1,0
1.993200960,1,0,0
1.993201280,1,1,0
1.993201600,0,0,0
1.993201920,0,1,0
1.993202240,0,0,0
1.993202560,0,1,0
1.993202880,0,0,0
1.993203200,0,1,0
1.993203520,0,0,0
1.993203840,0,1,0
1.993204160,0,0,0
1.993204640,0,1,0
1.993660160,0,0,0
1.993660640,0,1,0
1.993660960,0,0,0
1.993661280,0,1,0
1.993661600,0,0,0
1.993661920,0,1,0
1.993662240,0,0,0
1.993662560,0,1,0
1.993662880,1,0,1
1.993663200,1,1,1
1.993663520,1,0,0
1.993663840,1,1,0
1.993664160,1,0,0
1.993664640,1,1,0
1.993664960,0,0,0
1.993665280,0,1,0
1.993665600,0,0,0
1.993665920,0,1,0
1.993666240,0,0,0
1.993666560,0,1,0
1.993666880,0,0,0
1.993667200,0,1,0
1.993667520,1,0,0
1.993667840,1,1,0
1.993668160,0,0,0
1.993668640,0,1,0
1.993668960,0,0,0
1.993669280,0,1,0
1.993669600,0,0,0
1.993669920,0,1,0
1.993670240,0,0,0
1.993670560,0,1,0
1.993670880,1,0,1
1.993671200,1,1,1
1.993671520,0,0,0
1.993671840,0,1,0
1.993672160,0,0,0
1.993672640,0,1,0
1.993672960,0,0,0
1.993673280,0,1,0
1.993673600,0,0,1
1.993673920,0,1,1
1.993674240,0,0,0
1.993674560,0,1,0
1.993674880,0,0,0
1.993675200,0,1,0
1.993675520,0,0,0
1.993675840,0,1,0
1.993676160,0,0,0
1.993676640,0,1,0
1.993676960,0,0,0
1.993677280,0,1,0
1.993677600,0,0,1
1.993677920,0,1,1
1.993678240,1,0,1
1.993678560,1,1,1
1.993678880,0,0,0
1.993679200,0,1,0
1.993679520,0,0,0
1.993679840,0,1,0
1.993680160,0,0,0
1.993680320,1,0,1
1.993680640,1,1,1
1.993680960,0,0,0
1.993681280,0,1,0
1.993942240,0,0,0
1.993942560,0,1,0
1.993942880,0,0,0
1.993943200,0,1,0
1.993943520,0,0,0
1.993943840,0,1,0
1.993944160,0,0,0
1.993944640,0,1,0
1.993944960,0,0,0
1.993945280,0,1,0
1.993945600,0,0,0
1.993945920,0,1,0
1.993946240,0,0,0
1.993946560,0,1,0
1.993946880,0,0,1
1.993947200,0,1,1
1.993947520,0,0,1
1.993947840,0,1,1
1.993948160,0,0,1
1.993948320,0,0,0
1.993948640,0,1,0
1.993948960,0,0,0
1.993949280,0,1,0
1.993949600,0,0,0
1.993949920,0,1,0
1.993950240,0,0,0
1.993950560,0,1,0
1.993950880,0,0,0
1.993951200,0,1,0
1.993951520,0,0,0
1.993951840,0,1,0
1.993952160,0,0,0
1.993952640,0,1,0
1.993952960,0,0,0
1.993953280,0,1,0
1.993953600,0,0,0
1.993953920,0,1,0
1.993954240,0,0,0
1.993954560,0,1,0
1.993954880,0,0,0
1.993955200,0,1,0
1.993955520,0,0,1
1.993955840,0,1,1
1.993956160,0,0,1
1.993956320,0,0,0
1.993956640,0,1,0
1.993956960,0,0,0
1.993957280,0,1,0
1.993957600,0,0,0
1.993957920,0,1,0
1.993958240,0,0,0
1.993958560,0,1,0
1.993958880,0,0,0
1.993959200,0,1,0
1.993959520,0,0,1
1.993959840,0,1,1
1.993960160,0,0,1
1.993960320,0,0,0
1.993960640,0,1,0
1.993960960,0,0,1
1.993961280,0,1,1
1.993961600,0,0,1
1.993961920,0,1,1
1.993962240,0,0,0
1.993962560,0,1,0
1.993962880,0,0,0
1.993963200,0,1,0
1.994218880,0,0,0
1.994219200,0,1,0
1.994219520,0,0,0
1.994219840,0,1,0
1.994220160,0,0,0
1.994220640,0,1,0
1.994220960,0,0,0
1.994221280,0,1,0
1.994221600,1,0,1
1.994221920,1,1,1
1.994222240,0,0,1
1.994222560,0,1,1
1.994222880,0,0,1
1.994223200,0,1,1
1.994223520,0,0,0
1.994223840,0,1,0
1.994224160,0,0,0
1.994224640,0,1,0
1.994224960,0,0,0
1.994225280,0,1,0
1.994225600,0,0,0
1.994225920,0,1,0
1.994226240,0,0,0
1.994226560,0,1,0
1.994226880,0,0,0
1.994227200,0,1,0
1.994227520,0,0,0
1.994227840,0,1,0
1.994228160,0,0,0
1.994228640,0,1,0
1.994228960,0,0,0
1.994229280,0,1,0
1.994229600,1,0,1
1.994229920,1,1,1
1.994230240,0,0,0
1.994230560,0,1,0
1.994230880,0,0,0
1.994231200,0,1,0
1.994231520,0,0,0
1.994231840,0,1,0
1.994232160,0,0,0
1.994232320,1,0,0
1.994232640,1,1,0
1.994232960,0,0,0
1.994233280,0,1,0
1.994233600,0,0,0
1.994233920,0,1,0
1.994234240,0,0,0
1.994234560,0,1,0
1.994234880,0,0,0
1.994235200,0,1,0
1.994235520,0,0,0
1.994235840,0,1,0
1.994236160,0,0,0
1.994236320,1,0,0
1.994236640,1,1,0
1.994236960,1,0,0
1.994237280,1,1,0
1.994237600,0,0,0
1.994237920,0,1,0
1.994238240,0,0,0
1.994238560,0,1,0
1.994238880,1,0,1
1.994239200,1,1,1
1.994239520,0,0,0
1.994239840,0,1,0
2.033212800,0,0,0
2.033213120,0,1,0
2.033213440,0,0,0
2.033213760,0,1,0
2.033214240,0,0,0
2.033214560,0,1,0
2.033214880,0,0,0
2.033215200,0,1,0
2.033215520,0,0,0
2.033215840,0,1,0
2.033216160,0,0,0
2.033216480,0,1,0
2.033216800,0,0,0
2.033217120,0,1,0
2.033217440,0,0,0
2.033217760,0,1,0
2.033218240,0,0,0
2.033218560,0,1,0
2.033218880,0,0,0
2.033219200,0,1,0
2.033219520,0,0,0
2.033219840,0,1,0
2.033220160,0,0,0
2.033220480,0,1,0
2.033220800,0,0,0
2.033221120,0,1,0
2.033221440,0,0,0
2.033221760,0,1,0
2.033222080,0,0,0
2.033222560,0,1,0
2.033222880,0,0,0
2.033223200,0,1,0
2.033223520,0,0,0
2.033223840,0,1,0
2.033224160,0,0,0
2.033224480,0,1,0
2.033224800,0,0,0
2.033225120,0,1,0
2.033225440,0,0,0
2.033225760,0,1,0
2.033226240,1,0,0
2.033226560,1,1,0
2.033226880,0,0,0
2.033227200,0,1,0
2.033227520,0,0,0
2.033227840,0,1,0
2.033228160,0,0,0
2.033228480,0,1,0
2.033228800,0,0,0
2.033229120,0,1,0
2.033229440,0,0,0
2.033229760,0,1,0
2.033230080,0,0,0
2.033230240,1,0,0
2.033230560,1,1,0
2.033230880,0,0,0
2.033231200,0,1,0
2.033231520,0,0,0
2.033231840,0,1,0
2.033232160,0,0,0
2.033232480,0,1,0
2.033232800,0,0,0
2.033233120,0,1,0
2.033233440,0,0,0
2.033233760,0,1,0
2.033690880,0,0,0
2.033691200,0,1,0
2.033691520,0,0,0
2.033691840,0,1,0
2.033692160,0,0,0
2.033692480,0,1,0
2.033692800,0,0,0
2.033693120,0,1,0
2.033693440,1,0,1
2.033693760,1,1,1
2.033694240,1,0,0
2.033694560,1,1,0
2.033694880,1,0,0
2.033695200,1,1,0
2.033695520,1,0,0
2.033695840,1,1,0
2.033696160,0,0,0
2.033696480,0,1,0
2.033696800,0,0,0
2.033697120,0,1,0
2.033697440,0,0,0
2.033697760,0,1,0
2.033698080,0,0,0
2.033698240,1,0,0
2.033698560,1,1,0
2.033698880,0,0,0
2.033699200,0,1,0
2.033699520,0,0,0
2.033699840,0,1,0
2.033700160,0,0,0
2.033700480,0,1,0
2.033700800,0,0,0
2.033701120,0,1,0
2.033701440,1,0,1
2.033701760,1,1,1
2.033702080,1,0,1
2.033702240,0,0,0
2.033702560,0,1,0
2.033702880,0,0,0
2.033703200,0,1,0
2.033703520,0,0,0
2.033703840,0,1,0
2.033704160,0,0,1
2.033704480,0,1,1
2.033704800,0,0,0
2.033705120,0,1,0
2.033705440,0,0,0
2.033705760,0,1,0
2.033706080,0,0,0
2.033706560,0,1,0
2.033706880,0,0,0
2.033707200,0,1,0
2.033707520,0,0,0
2.033707840,0,1,0
2.033708160,0,0,1
2.033708480,0,1,1
2.033708800,1,0,1
2.033709120,1,1,1
2.033709440,1,0,0
2.033709760,1,1,0
2.033710080,1,0,0
2.033710240,0,0,0
2.033710560,0,1,0
2.033710880,1,0,1
2.033711200,1,1,1
2.033711520,0,0,0
2.033711840,0,1,0
2.033976160,0,0,0
2.033976480,0,1,0
2.033976800,0,0,0
2.033977120,0,1,0
2.033977440,0,0,0
2.033977760,0,1,0
2.033978080,0,0,0
2.033978560,0,1,0
2.033978880,0,0,0
2.033979200,0,1,0
2.033979520,0,0,0
2.033979840,0,1,0
2.033980160,0,0,0
2.033980480,0,1,0
2.033980800,0,0,1
2.033981120,0,1,1
2.033981440,0,0,1
2.033981760,0,1,1
2.033982080,0,0,1
2.033982240,0,0,0
2.033982560,0,1,0
2.033982880,0,0,0
2.033983200,0,1,0
2.033983520,0,0,0
2.033983840,0,1,0
2.033984160,0,0,0
2.033984480,0,1,0
2.033984800,0,0,0
2.033985120,0,1,0
2.033985440,0,0,0
2.033985760,0,1,0
2.033986080,0,0,0
2.033986560,0,1,0
2.033986880,0,0,0
2.033987200,0,1,0
2.033987520,0,0,0
2.033987840,0,1,0
2.033988160,0,0,0
2.033988480,0,1,0
2.033988800,0,0,0
2.033989120,0,1,0
2.033989440,1,0,1
2.033989760,1,1,1
2.033990080,1,0,1
2.033990240,0,0,0
2.033990560,0,1,0
2.033990880,0,0,0
2.033991200,0,1,0
2.033991520,1,0,0
2.033991840,1,1,0
2.033992160,1,0,0
2.033992480,1,1,0
2.033992800,0,0,0
2.033993120,0,1,0
2.033993440,1,0,1
2.033993760,1,1,1
2.033994080,1,0,1
2.033994240,0,0,0
2.033994560,0,1,0
2.033994880,0,0,1
2.033995200,0,1,1
2.033995520,1,0,1
2.033995840,1,1,1
2.033996160,1,0,0
2.033996480,1,1,0
2.033996800,0,0,0
2.033997120,0,1,0
2.034432160,0,0,0
2.034432480,0,1,0
2.034432800,0,0,0
2.034433120,0,1,0
2.034433440,0,0,0
2.034433760,0,1,0
2.034434080,0,0,0
2.034434560,0,1,0
2.034434880,1,0,1
2.034435200,1,1,1
2.034435520,0,0,1
2.034435840,0,1,1
2.034436160,0,0,1
2.034436480,0,1,1
2.034436800,0,0,1
2.034437120,0,1,1
2.034437440,0,0,0
2.034437760,0,1,0
2.034438080,0,0,0
2.034438560,0,1,0
2.034438880,0,0,0
2.034439200,0,1,0
2.034439520,0,0,0
2.034439840,0,1,0
2.034440160,0,0,0
2.034440480,0,1,0
2.034440800,0,0,0
2.034441120,0,1,0
2.034441440,0,0,0
2.034441760,0,1,0
2.034442080,0,0,0
2.034442560,0,1,0
2.034442880,1,0,1
2.034443200,1,1,1
2.034443520,0,0,0
2.034443840,0,1,0
2.034444160,0,0,0
2.034444480,0,1,0
2.034444800,0,0,0
2.034445120,0,1,0
2.034445440,1,0,1
2.034445760,1,1,1
2.034446080,1,0,1
2.034446240,0,0,0
2.034446560,0,1,0
2.034446880,0,0,0
2.034447200,0,1,0
2.034447520,0,0,1
2.034447840,0,1,1
2.034448160,0,0,1
2.034448480,0,1,1
2.034448800,0,0,0
2.034449120,0,1,0
2.034449440,1,0,1
2.034449760,1,1,1
2.034450080,1,0,1
2.034450560,1,1,1
2.034450880,0,0,0
2.034451200,0,1,0
2.034451520,0,0,0
2.034451840,0,1,0
2.034452160,1,0,0
2.034452480,1,1,0
2.034452800,0,0,0
2.034453120,0,1,0
2.034720800,0,0,0
2.034721120,0,1,0
2.034721440,0,0,0
2.034721760,0,1,0
2.034722080,0,0,0
2.034722560,0,1,0
2.034722880,0,0,0
2.034723200,0,1,0
2.034723520,0,0,0
2.034723840,0,1,0
2.034724160,0,0,0
2.034724480,0,1,0
2.034724800,0,0,0
2.034725120,0,1,0
2.034725440,0,0,0
2.034725760,0,1,0
2.034726080,0,0,0
2.034726560,0,1,0
2.034726880,0,0,0
2.034727200,0,1,0
2.034727520,0,0,0
2.034727840,0,1,0
2.034728160,0,0,1
2.034728480,0,1,1
2.034728800,0,0,1
2.034729120,0,1,1
2.034729440,0,0,0
2.034729760,0,1,0
2.034730080,0,0,0
2.034730560,0,1,0
2.034730880,0,0,1
2.034731200,0,1,1
2.034731520,0,0,0
2.034731840,0,1,0
2.034732160,0,0,0
2.034732480,0,1,0
2.034732800,0,0,0
2.034733120,0,1,0
2.034733440,0,0,0
2.034733760,0,1,0
2.034734080,0,0,0
2.034734240,0,0,1
2.034734560,0,1,1
2.034734880,0,0,0
2.034735200,0,1,0
2.034735520,0,0,0
2.034735840,0,1,0
2.034736160,0,0,1
2.034736480,0,1,1
2.034736800,0,0,1
2.034737120,0,1,1
2.034737440,0,0,0
2.034737760,0,1,0
2.034738080,0,0,0
2.034738560,0,1,0
2.034738880,0,0,1
2.034739200,0,1,1
2.034739520,0,0,1
2.034739840,0,1,1
2.034740160,0,0,1
2.034740480,0,1,1
2.034740800,0,0,1
2.034741120,0,1,1
2.034741440,0,0,0
2.034741760,0,1,0
2.034994880,0,0,0
2.034995200,0,1,0
2.034995520,0,0,0
2.034995840,0,1,0
2.034996160,0,0,0
2.034996480,0,1,0
2.034996800,0,0,0
2.034997120,0,1,0
2.034997440,1,0,1
2.034997760,1,1,1
2.034998080,0,0,1
2.034998240,0,0,0
2.034998560,0,1,0
2.034998880,0,0,0
2.034999200,0,1,0
2.034999520,0,0,0
2.034999840,0,1,0
2.035000160,0,0,0
2.035000480,0,1,0
2.035000800,0,0,0
2.035001120,0,1,0
2.035001440,0,0,0
2.035001760,0,1,0
2.035002080,0,0,0
2.035002560,0,1,0
2.035002880,0,0,0
2.035003200,0,1,0
2.035003520,0,0,0
2.035003840,0,1,0
2.035004160,0,0,0
2.035004480,0,1,0
2.035004800,0,0,0
2.035005120,0,1,0
2.035005440,1,0,1
2.035005760,1,1,1
2.035006080,0,0,1
2.035006240,0,0,0
2.035006560,0,1,0
2.035006880,0,0,0
2.035007200,0,1,0
2.035007520,0,0,0
2.035007840,0,1,0
2.035008160,1,0,0
2.035008480,1,1,0
2.035008800,0,0,0
2.035009120,0,1,0
2.035009440,0,0,0
2.035009760,0,1,0
2.035010080,0,0,0
2.035010240,1,0,0
2.035010560,1,1,0
2.035010880,1,0,0
2.035011200,1,1,0
2.035011520,0,0,0
2.035011840,0,1,0
2.035012160,1,0,0
2.035012480,1,1,0
2.035012800,1,0,1
2.035013120,1,1,1
2.035013440,1,0,0
2.035013760,1,1,0
2.035014080,1,0,0
2.035014240,0,0,0
2.035014560,0,1,0
2.035014880,0,0,1
2.035015200,0,1,1
2.035015520,0,0,0
2.035015840,0,1,0
2.073176800,0,0,0
2.073177120,0,1,0
2.073177440,0,0,0
2.073177760,0,1,0
2.073178080,0,0,0
2.073178400,0,1,0
2.073178720,0,0,0
2.073179040,0,1,0
2.073179360,0,0,0
2.073179840,0,1,0
2.073180160,0,0,0
2.073180480,0,1,0
2.073180800,0,0,0
2.073181120,0,1,0
2.073181440,0,0,0
2.073181760,0,1,0
2.073182080,0,0,0
2.073182400,0,1,0
2.073182720,0,0,0
2.073183040,0,1,0
2.073183360,0,0,0
2.073183840,0,1,0
2.073184160,0,0,0
2.073184480,0,1,0
2.073184800,0,0,0
2.073185120,0,1,0
2.073185440,0,0,0
2.073185760,0,1,0
2.073186080,0,0,0
2.073186400,0,1,0
2.073186720,0,0,0
2.073187040,0,1,0
2.073187360,0,0,0
2.073187840,0,1,0
2.073188160,0,0,0
2.073188480,0,1,0
2.073188800,0,0,0
2.073189120,0,1,0
2.073189440,0,0,0
2.073189760,0,1,0
2.073190080,1,0,0
2.073190400,1,1,0
2.073190720,0,0,0
2.073191040,0,1,0
2.073191360,0,0,0
2.073191840,0,1,0
2.073192160,0,0,0
2.073192480,0,1,0
2.073192800,0,0,0
2.073193120,0,1,0
2.073193440,0,0,0
2.073193760,0,1,0
2.073194080,1,0,0
2.073194400,1,1,0
2.073194720,0,0,0
2.073195040,0,1,0
2.073195360,0,0,0
2.073195840,0,1,0
2.073196160,0,0,0
2.073196480,0,1,0
2.073196800,0,0,0
2.073197120,0,1,0
2.073197440,0,0,0
2.073197760,0,1,0
2.073648800,0,0,0
2.073649120,0,1,0
2.073649440,0,0,0
2.073649760,0,1,0
2.073650080,0,0,0
2.073650400,0,1,0
2.073650720,0,0,0
2.073651040,0,1,0
2.073651360,1,0,0
2.073651520,1,0,1
2.073651680,1,1,1
2.073652160,0,0,0
2.073652480,0,1,0
2.073652800,0,0,0
2.073653120,0,1,0
2.073653440,1,0,0
2.073653760,1,1,0
2.073654080,0,0,0
2.073654400,0,1,0
2.073654720,0,0,0
2.073655040,0,1,0
2.073655360,0,0,0
2.073655680,0,1,0
2.073656160,1,0,0
2.073656480,1,1,0
2.073656800,0,0,0
2.073657120,0,1,0
2.073657440,0,0,0
2.073657760,0,1,0
2.073658080,0,0,0
2.073658400,0,1,0
2.073658720,0,0,0
2.073659040,0,1,0
2.073659360,1,0,0
2.073659520,1,0,1
2.073659840,1,1,1
2.073660160,0,0,0
2.073660480,0,1,0
2.073660800,0,0,0
2.073661120,0,1,0
2.073661440,0,0,0
2.073661760,0,1,0
2.073662080,0,0,1
2.073662400,0,1,1
2.073662720,0,0,0
2.073663040,0,1,0
2.073663360,0,0,0
2.073663840,0,1,0
2.073664160,0,0,0
2.073664480,0,1,0
2.073664800,0,0,0
2.073665120,0,1,0
2.073665440,0,0,0
2.073665760,0,1,0
2.073666080,1,0,1
2.073666400,1,1,1
2.073666720,0,0,1
2.073667040,0,1,1
2.073667360,1,0,1
2.073667520,1,0,0
2.073667840,1,1,0
2.073668160,0,0,0
2.073668480,0,1,0
2.073668800,1,0,1
2.073669120,1,1,1
2.073669440,0,0,0
2.073669760,0,1,0
2.073932800,0,0,0
2.073933120,0,1,0
2.073933440,0,0,0
2.073933760,0,1,0
2.073934080,0,0,0
2.073934400,0,1,0
2.073934720,0,0,0
2.073935040,0,1,0
2.073935360,0,0,0
2.073935680,0,1,0
2.073936160,0,0,0
2.073936480,0,1,0
2.073936800,0,0,0
2.073937120,0,1,0
2.073937440,0,0,1
2.073937760,0,1,1
2.073938080,0,0,1
2.073938400,0,1,1
2.073938720,0,0,0
2.073939040,0,1,0
2.073939360,0,0,0
2.073939680,0,1,0
2.073940160,0,0,0
2.073940480,0,1,0
2.073940800,0,0,0
2.073941120,0,1,0
2.073941440,0,0,0
2.073941760,0,1,0
2.073942080,0,0,0
2.073942400,0,1,0
2.073942720,0,0,0
2.073943040,0,1,0
2.073943360,0,0,0
2.073943840,0,1,0
2.073944160,0,0,0
2.073944480,0,1,0
2.073944800,0,0,0
2.073945120,0,1,0
2.073945440,0,0,0
2.073945760,0,1,0
2.073946080,0,0,1
2.073946400,0,1,1
2.073946720,0,0,0
2.073947040,0,1,0
2.073947360,0,0,0
2.073947840,0,1,0
2.073948160,0,0,0
2.073948480,0,1,0
2.073948800,0,0,0
2.073949120,0,1,0
2.073949440,0,0,0
2.073949760,0,1,0
2.073950080,0,0,1
2.073950400,0,1,1
2.073950720,0,0,0
2.073951040,0,1,0
2.073951360,0,0,0
2.073951520,0,0,1
2.073951840,0,1,1
2.073952160,0,0,1
2.073952480,0,1,1
2.073952800,0,0,0
2.073953120,0,1,0
2.073953440,0,0,0
2.073953760,0,1,0
2.074206720,0,0,0
2.074207040,0,1,0
2.074207360,0,0,0
2.074207680,0,1,0
2.074208160,0,0,0
2.074208480,0,1,0
2.074208800,0,0,0
2.074209120,0,1,0
2.074209440,1,0,1
2.074209760,1,1,1
2.074210080,0,0,0
2.074210400,0,1,0
2.074210720,0,0,0
2.074211040,0,1,0
2.074211360,0,0,0
2.074211520,0,0,1
2.074211680,0,1,1
2.074212160,0,0,0
2.074212480,0,1,0
2.074212800,0,0,0
2.074213120,0,1,0
2.074213440,0,0,0
2.074213760,0,1,0
2.074214080,0,0,0
2.074214400,0,1,0
2.074214720,0,0,0
2.074215040,0,1,0
2.074215360,0,0,0
2.074215680,0,1,0
2.074216160,0,0,0
2.074216480,0,1,0
2.074216800,0,0,0
2.074217120,0,1,0
2.074217440,1,0,1
2.074217760,1,1,1
2.074218080,0,0,0
2.074218400,0,1,0
2.074218720,0,0,0
2.074219040,0,1,0
2.074219360,0,0,0
2.074219680,0,1,0
2.074220160,1,0,0
2.074220480,1,1,0
2.074220800,0,0,0
2.074221120,0,1,0
2.074221440,0,0,0
2.074221760,0,1,0
2.074222080,0,0,0
2.074222400,0,1,0
2.074222720,0,0,0
2.074223040,0,1,0
2.074223360,0,0,0
2.074223840,0,1,0
2.074224160,1,0,0
2.074224480,1,1,0
2.074224800,1,0,1
2.074225120,1,1,1
2.074225440,0,0,1
2.074225760,0,1,1
2.074226080,0,0,0
2.074226400,0,1,0
2.074226720,1,0,1
2.074227040,1,1,1
2.074227360,0,0,1
2.074227520,0,0,0
2.074227840,0,1,0
2.113156640,0,0,0
2.113156960,0,1,0
2.113157280,0,0,0
2.113157760,0,1,0
2.113158080,0,0,0
2.113158400,0,1,0
2.113158720,0,0,0
2.113159040,0,1,0
2.113159360,0,0,0
2.113159680,0,1,0
2.113160000,0,0,0
2.113160320,0,1,0
2.113160640,0,0,0
2.113160960,0,1,0
2.113161280,0,0,0
2.113161760,0,1,0
2.113162080,0,0,0
2.113162400,0,1,0
2.113162720,0,0,0
2.113163040,0,1,0
2.113163360,0,0,0
2.113163680,0,1,0
2.113164000,0,0,0
2.113164320,0,1,0
2.113164640,0,0,0
2.113164960,0,1,0
2.113165280,0,0,0
2.113165760,0,1,0
2.113166080,0,0,0
2.113166400,0,1,0
2.113166720,0,0,0
2.113167040,0,1,0
2.113167360,0,0,0
2.113167680,0,1,0
2.113168000,0,0,0
2.113168320,0,1,0
2.113168640,0,0,0
2.113168960,0,1,0
2.113169280,0,0,0
2.113169760,0,1,0
2.113170080,1,0,0
2.113170400,1,1,0
2.113170720,0,0,0
2.113171040,0,1,0
2.113171360,0,0,0
2.113171680,0,1,0
2.113172000,0,0,0
2.113172320,0,1,0
2.113172640,0,0,0
2.113172960,0,1,0
2.113173280,0,0,0
2.113173760,0,1,0
2.113174080,1,0,0
2.113174400,1,1,0
2.113174720,0,0,0
2.113175040,0,1,0
2.113175360,0,0,0
2.113175680,0,1,0
2.113176000,0,0,0
2.113176320,0,1,0
2.113176640,0,0,0
2.113176960,0,1,0
2.113177280,0,0,0
2.113177760,0,1,0
2.113625280,0,0,0
2.113625760,0,1,0
2.113626080,0,0,0
2.113626400,0,1,0
2.113626720,0,0,0
2.113627040,0,1,0
2.113627360,0,0,0
2.113627680,0,1,0
2.113628000,1,0,1
2.113628320,1,1,1
2.113628640,0,0,0
2.113628960,0,1,0
2.113629280,0,0,0
2.113629440,1,0,0
2.113629760,1,1,0
2.113630080,0,0,0
2.113630400,0,1,0
2.113630720,0,0,0
2.113631040,0,1,0
2.113631360,0,0,0
2.113631680,0,1,0
2.113632000,0,0,0
2.113632320,0,1,0
2.113632640,1,0,0
2.113632960,1,1,0
2.113633280,0,0,0
2.113633760,0,1,0
2.113634080,0,0,0
2.113634400,0,1,0
2.113634720,0,0,0
2.113635040,0,1,0
2.113635360,0,0,0
2.113635680,0,1,0
2.113636000,1,0,1
2.113636320,1,1,1
2.113636640,0,0,0
2.113636960,0,1,0
2.113637280,0,0,0
2.113637760,0,1,0
2.113638080,0,0,0
2.113638400,0,1,0
2.113638720,0,0,1
2.113639040,0,1,1
2.113639360,0,0,0
2.113639680,0,1,0
2.113640000,0,0,0
2.113640320,0,1,0
2.113640640,0,0,0
2.113640960,0,1,0
2.113641280,0,0,0
2.113641760,0,1,0
2.113642080,0,0,0
2.113642400,0,1,0
2.113642720,1,0,1
2.113643040,1,1,1
2.113643360,1,0,1
2.113643680,1,1,1
2.113644000,0,0,0
2.113644320,0,1,0
2.113644640,0,0,0
2.113644960,0,1,0
2.113645280,0,0,0
2.113645440,1,0,1
2.113645760,1,1,1
2.113646080,0,0,0
2.113646400,0,1,0
2.113906080,0,0,0
2.113906400,0,1,0
2.113906720,0,0,0
2.113907040,0,1,0
2.113907360,0,0,0
2.113907680,0,1,0
2.113908000,0,0,0
2.113908320,0,1,0
2.113908640,0,0,0
2.113908960,0,1,0
2.113909280,0,0,0
2.113909760,0,1,0
2.113910080,0,0,0
2.113910400,0,1,0
2.113910720,0,0,1
2.113911040,0,1,1
2.113911360,0,0,1
2.113911680,0,1,1
2.113912000,0,0,0
2.113912320,0,1,0
2.113912640,0,0,0
2.113912960,0,1,0
2.113913280,0,0,0
2.113913760,0,1,0
2.113914080,0,0,0
2.113914400,0,1,0
2.113914720,0,0,0
2.113915040,0,1,0
2.113915360,0,0,0
2.113915680,0,1,0
2.113916000,0,0,0
2.113916320,0,1,0
2.113916640,0,0,0
2.113916960,0,1,0
2.113917280,0,0,0
2.113917760,0,1,0
2.113918080,0,0,0
2.113918400,0,1,0
2.113918720,0,0,0
2.113919040,0,1,0
2.113919360,0,0,1
2.113919680,0,1,1
2.113920000,0,0,0
2.113920320,0,1,0
2.113920640,0,0,0
2.113920960,0,1,0
2.113921280,0,0,0
2.113921760,0,1,0
2.113922080,0,0,0
2.113922400,0,1,0
2.113922720,0,0,0
2.113923040,0,1,0
2.113923360,0,0,1
2.113923680,0,1,1
2.113924000,0,0,0
2.113924320,0,1,0
2.113924640,0,0,1
2.113924960,0,1,1
2.113925280,0,0,1
2.113925760,0,1,1
2.113926080,0,0,0
2.113926400,0,1,0
2.113926720,0,0,0
2.113927040,0,1,0
2.114180640,0,0,0
2.114180960,0,1,0
2.114181280,0,0,0
2.114181760,0,1,0
2.114182080,0,0,0
2.114182400,0,1,0
2.114182720,0,0,0
2.114183040,0,1,0
2.114183360,1,0,1
2.114183680,1,1,1
2.114184000,0,0,0
2.114184320,0,1,0
2.114184640,0,0,1
2.114184960,0,1,1
2.114185280,0,0,1
2.114185440,0,0,0
2.114185760,0,1,0
2.114186080,0,0,0
2.114186400,0,1,0
2.114186720,0,0,0
2.114187040,0,1,0
2.114187360,0,0,0
2.114187680,0,1,0
2.114188000,0,0,0
2.114188320,0,1,0
2.114188640,0,0,0
2.114188960,0,1,0
2.114189280,0,0,0
2.114189760,0,1,0
2.114190080,0,0,0
2.114190400,0,1,0
2.114190720,0,0,0
2.114191040,0,1,0
2.114191360,1,0,1
2.114191680,1,1,1
2.114192000,0,0,0
2.114192320,0,1,0
2.114192640,0,0,0
2.114192960,0,1,0
2.114193280,0,0,0
2.114193760,0,1,0
2.114194080,1,0,0
2.114194400,1,1,0
2.114194720,0,0,0
2.114195040,0,1,0
2.114195360,0,0,0
2.114195680,0,1,0
2.114196000,0,0,0
2.114196320,0,1,0
2.114196640,0,0,0
2.114196960,0,1,0
2.114197280,0,0,0
2.114197760,0,1,0
2.114198080,1,0,1
2.114198400,1,1,1
2.114198720,1,0,0
2.114199040,1,1,0
2.114199360,0,0,0
2.114199680,0,1,0
2.114200000,0,0,0
2.114200320,0,1,0
2.114200640,1,0,1
2.114200960,1,1,1
2.114201280,0,0,1
2.114201440,0,0,0
2.114201760,0,1,0
2.153189920,0,0,0
2.153190240,0,1,0
2.153190560,0,0,0
2.153190880,0,1,0
2.153191360,0,0,0
2.153191680,0,1,0
2.153192000,0,0,0
2.153192320,0,1,0
2.153192640,0,0,0
2.153192960,0,1,0
2.153193280,0,0,0
2.153193600,0,1,0
2.153193920,0,0,0
2.153194240,0,1,0
2.153194560,0,0,0
2.153194880,0,1,0
2.153195360,0,0,0
2.153195680,0,1,0
2.153196000,0,0,0
2.153196320,0,1,0
2.153196640,0,0,0
2.153196960,0,1,0
2.153197280,0,0,0
2.153197600,0,1,0
2.153197920,0,0,0
2.153198240,0,1,0
2.153198560,0,0,0
2.153198880,0,1,0
2.153199360,0,0,0
2.153199680,0,1,0
2.153200000,0,0,0
2.153200320,0,1,0
2.153200640,0,0,0
2.153200960,0,1,0
2.153201280,0,0,0
2.153201600,0,1,0
2.153201920,0,0,0
2.153202240,0,1,0
2.153202560,0,0,0
2.153202880,0,1,0
2.153203360,1,0,0
2.153203680,1,1,0
2.153204000,0,0,0
2.153204320,0,1,0
2.153204640,0,0,0
2.153204960,0,1,0
2.153205280,0,0,0
2.153205600,0,1,0
2.153205920,0,0,0
2.153206240,0,1,0
2.153206560,0,0,0
2.153206880,0,1,0
2.153207360,1,0,0
2.153207680,1,1,0
2.153208000,0,0,0
2.153208320,0,1,0
2.153208640,0,0,0
2.153208960,0,1,0
2.153209280,0,0,0
2.153209600,0,1,0
2.153209920,0,0,0
2.153210240,0,1,0
2.153210560,0,0,0
2.153210880,0,1,0
2.153673280,0,0,0
2.153673600,0,1,0
2.153673920,0,0,0
2.153674240,0,1,0
2.153674560,0,0,0
2.153674880,0,1,0
2.153675360,0,0,0
2.153675680,0,1,0
2.153676000,1,0,1
2.153676320,1,1,1
2.153676640,0,0,0
2.153676960,0,1,0
2.153677280,1,0,0
2.153677600,1,1,0
2.153677920,1,0,0
2.153678240,1,1,0
2.153678560,0,0,0
2.153678880,0,1,0
2.153679360,0,0,0
2.153679680,0,1,0
2.153680000,0,0,0
2.153680320,0,1,0
2.153680640,1,0,0
2.153680960,1,1,0
2.153681280,0,0,0
2.153681600,0,1,0
2.153681920,0,0,0
2.153682240,0,1,0
2.153682560,0,0,0
2.153682880,0,1,0
2.153683360,0,0,0
2.153683680,0,1,0
2.153684000,1,0,1
2.153684320,1,1,1
2.153684640,0,0,0
2.153684960,0,1,0
2.153685280,0,0,0
2.153685600,0,1,0
2.153685920,0,0,0
2.153686240,0,1,0
2.153686560,0,0,1
2.153686880,0,1,1
2.153687360,0,0,0
2.153687680,0,1,0
2.153688000,0,0,0
2.153688320,0,1,0
2.153688640,0,0,0
2.153688960,0,1,0
2.153689280,0,0,0
2.153689600,0,1,0
2.153689920,0,0,0
2.153690240,0,1,0
2.153690560,1,0,1
2.153690880,1,1,1
2.153691360,1,0,1
2.153691680,1,1,1
2.153692000,1,0,0
2.153692320,1,1,0
2.153692640,0,0,0
2.153692960,0,1,0
2.153693280,1,0,1
2.153693600,1,1,1
2.153693920,0,0,0
2.153694240,0,1,0
2.153979360,0,0,0
2.153979680,0,1,0
2.153980000,0,0,0
2.153980320,0,1,0
2.153980640,0,0,0
2.153980960,0,1,0
2.153981280,0,0,0
2.153981600,0,1,0
2.153981920,0,0,0
2.153982240,0,1,0
2.153982560,0,0,0
2.153982880,0,1,0
2.153983360,0,0,0
2.153983680,0,1,0
2.153984000,0,0,1
2.153984320,0,1,1
2.153984640,0,0,1
2.153984960,0,1,1
2.153985280,0,0,0
2.153985600,0,1,0
2.153985920,0,0,0
2.153986240,0,1,0
2.153986560,0,0,0
2.153986880,0,1,0
2.153987360,0,0,0
2.153987680,0,1,0
2.153988000,0,0,0
2.153988320,0,1,0
2.153988640,0,0,0
2.153988960,0,1,0
2.153989280,0,0,0
2.153989600,0,1,0
2.153989920,0,0,0
2.153990240,0,1,0
2.153990560,0,0,0
2.153990880,0,1,0
2.153991360,0,0,0
2.153991680,0,1,0
2.153992000,0,0,0
2.153992320,0,1,0
2.153992640,1,0,1
2.153992960,1,1,1
2.153993280,0,0,0
2.153993600,0,1,0
2.153993920,0,0,0
2.153994240,0,1,0
2.153994560,1,0,0
2.153994880,1,1,0
2.153995360,1,0,0
2.153995680,1,1,0
2.153996000,0,0,0
2.153996320,0,1,0
2.153996640,1,0,1
2.153996960,1,1,1
2.153997280,0,0,0
2.153997600,0,1,0
2.153997920,0,0,1
2.153998240,0,1,1
2.153998560,1,0,1
2.153998880,1,1,1
2.153999360,1,0,0
2.153999680,1,1,0
2.154000000,0,0,0
2.154000320,0,1,0
2.154447360,0,0,0
2.154447680,0,1,0
2.154448000,0,0,0
2.154448320,0,1,0
2.154448640,0,0,0
2.154448960,0,1,0
2.154449280,0,0,0
2.154449600,0,1,0
2.154449920,1,0,1
2.154450240,1,1,1
2.154450560,1,0,0
2.154450880,1,1,0
2.154451360,0,0,1
2.154451680,0,1,1
2.154452000,0,0,1
2.154452320,0,1,1
2.154452640,0,0,0
2.154452960,0,1,0
2.154453280,0,0,0
2.154453600,0,1,0
2.154453920,0,0,0
2.154454240,0,1,0
2.154454560,0,0,0
2.154454880,0,1,0
2.154455360,0,0,0
2.154455680,0,1,0
2.154456000,0,0,0
2.154456320,0,1,0
2.154456640,0,0,0
2.154456960,0,1,0
2.154457280,0,0,0
2.154457600,0,1,0
2.154457920,1,0,1
2.154458240,1,1,1
2.154458560,0,0,0
2.154458880,0,1,0
2.154459360,0,0,0
2.154459680,0,1,0
2.154460000,0,0,0
2.154460320,0,1,0
2.154460640,1,0,1
2.154460960,1,1,1
2.154461280,0,0,0
2.154461600,0,1,0
2.154461920,0,0,0
2.154462240,0,1,0
2.154462560,0,0,1
2.154462880,0,1,1
2.154463360,0,0,1
2.154463680,0,1,1
2.154464000,0,0,0
2.154464320,0,1,0
2.154464640,0,0,0
2.154464960,0,1,0
2.154465280,1,0,1
2.154465600,1,1,1
2.154465920,0,0,0
2.154466240,0,1,0
2.154466560,0,0,0
2.154466880,0,1,0
2.154467360,1,0,0
2.154467680,1,1,0
2.154468000,0,0,0
2.154468320,0,1,0
2.154754560,0,0,0
2.154754880,0,1,0
2.154755360,0,0,0
2.154755680,0,1,0
2.154756000,0,0,0
2.154756320,0,1,0
2.154756640,0,0,0
2.154756960,0,1,0
2.154757280,0,0,0
2.154757600,0,1,0
2.154757920,0,0,0
2.154758240,0,1,0
2.154758560,0,0,0
2.154758880,0,1,0
2.154759360,0,0,0
2.154759680,0,1,0
2.154760000,0,0,0
2.154760320,0,1,0
2.154760640,0,0,0
2.154760960,0,1,0
2.154761280,0,0,0
2.154761600,0,1,0
2.154761920,0,0,1
2.154762240,0,1,1
2.154762560,0,0,1
2.154762880,0,1,1
2.154763360,0,0,0
2.154763680,0,1,0
2.154764000,0,0,0
2.154764320,0,1,0
2.154764640,0,0,1
2.154764960,0,1,1
2.154765280,0,0,0
2.154765600,0,1,0
2.154765920,0,0,0
2.154766240,0,1,0
2.154766560,0,0,0
2.154766880,0,1,0
2.154767360,0,0,0
2.154767680,0,1,0
2.154768000,0,0,1
2.154768320,0,1,1
2.154768640,0,0,0
2.154768960,0,1,0
2.154769280,0,0,0
2.154769600,0,1,0
2.154769920,0,0,1
2.154770240,0,1,1
2.154770560,0,0,1
2.154770880,0,1,1
2.154771360,0,0,0
2.154771680,0,1,0
2.154772000,0,0,0
2.154772320,0,1,0
2.154772640,0,0,1
2.154772960,0,1,1
2.154773280,0,0,1
2.154773600,0,1,1
2.154773920,0,0,1
2.154774240,0,1,1
2.154774560,0,0,1
2.154774880,0,1,1
2.154775360,0,0,0
2.154775680,0,1,0
2.155035360,0,0,0
2.155035680,0,1,0
2.155036000,0,0,0
2.155036320,0,1,0
2.155036640,0,0,0
2.155036960,0,1,0
2.155037280,0,0,0
2.155037600,0,1,0
2.155037920,1,0,1
2.155038240,1,1,1
2.155038560,0,0,1
2.155038880,0,1,1
2.155039360,0,0,0
2.155039680,0,1,0
2.155040000,0,0,0
2.155040320,0,1,0
2.155040640,0,0,0
2.155040960,0,1,0
2.155041280,0,0,0
2.155041600,0,1,0
2.155041920,0,0,0
2.155042240,0,1,0
2.155042560,0,0,0
2.155042880,0,1,0
2.155043360,0,0,0
2.155043680,0,1,0
2.155044000,0,0,0
2.155044320,0,1,0
2.155044640,0,0,0
2.155044960,0,1,0
2.155045280,0,0,0
2.155045600,0,1,0
2.155045920,1,0,1
2.155046240,1,1,1
2.155046560,0,0,0
2.155046880,0,1,0
2.155047360,0,0,0
2.155047680,0,1,0
2.155048000,0,0,0
2.155048320,0,1,0
2.155048640,1,0,0
2.155048960,1,1,0
2.155049280,0,0,0
2.155049600,0,1,0
2.155049920,0,0,0
2.155050240,0,1,0
2.155050560,1,0,0
2.155050880,1,1,0
2.155051360,1,0,0
2.155051680,1,1,0
2.155052000,0,0,0
2.155052320,0,1,0
2.155052640,1,0,1
2.155052960,1,1,1
2.155053280,1,0,1
2.155053600,1,1,1
2.155053920,1,0,0
2.155054240,1,1,0
2.155054560,0,0,0
2.155054880,0,1,0
2.155055360,0,0,1
2.155055680,0,1,1
2.155056000,0,0,0
2.155056320,0,1,0
2.193207840,0,0,0
2.193208160,0,1,0
2.193208480,0,0,0
2.193208960,0,1,0
2.193209280,0,0,0
2.193209600,0,1,0
2.193209920,0,0,0
2.193210240,0,1,0
2.193210560,0,0,0
2.193210880,0,1,0
2.193211200,0,0,0
2.193211520,0,1,0
2.193211840,0,0,0
2.193212160,0,1,0
2.193212480,0,0,0
2.193212960,0,1,0
2.193213280,0,0,0
2.193213600,0,1,0
2.193213920,0,0,0
2.193214240,0,1,0
2.193214560,0,0,0
2.193214880,0,1,0
2.193215200,0,0,0
2.193215520,0,1,0
2.193215840,0,0,0
2.193216160,0,1,0
2.193216480,0,0,0
2.193216960,0,1,0
2.193217280,0,0,0
2.193217600,0,1,0
2.193217920,0,0,0
2.193218240,0,1,0
2.193218560,0,0,0
2.193218880,0,1,0
2.193219200,0,0,0
2.193219520,0,1,0
2.193219840,0,0,0
2.193220160,0,1,0
2.193220480,0,0,0
2.193220960,0,1,0
2.193221280,1,0,0
2.193221600,1,1,0
2.193221920,0,0,0
2.193222240,0,1,0
2.193222560,0,0,0
2.193222880,0,1,0
2.193223200,0,0,0
2.193223520,0,1,0
2.193223840,0,0,0
2.193224160,0,1,0
2.193224480,0,0,0
2.193224960,0,1,0
2.193225280,1,0,0
2.193225600,1,1,0
2.193225920,0,0,0
2.193226240,0,1,0
2.193226560,0,0,0
2.193226880,0,1,0
2.193227200,0,0,0
2.193227520,0,1,0
2.193227840,0,0,0
2.193228160,0,1,0
2.193228480,0,0,0
2.193228960,0,1,0
2.193685920,0,0,0
2.193686240,0,1,0
2.193686560,0,0,0
2.193686880,0,1,0
2.193687200,0,0,0
2.193687520,0,1,0
2.193687840,0,0,0
2.193688160,0,1,0
2.193688480,0,0,0
2.193688640,1,0,1
2.193688960,1,1,1
2.193689280,1,0,0
2.193689600,1,1,0
2.193689920,0,0,0
2.193690240,0,1,0
2.193690560,1,0,0
2.193690880,1,1,0
2.193691200,0,0,0
2.193691520,0,1,0
2.193691840,0,0,0
2.193692160,0,1,0
2.193692480,0,0,0
2.193692960,0,1,0
2.193693280,1,0,0
2.193693600,1,1,0
2.193693920,0,0,0
2.193694240,0,1,0
2.193694560,0,0,0
2.193694880,0,1,0
2.193695200,0,0,0
2.193695520,0,1,0
2.193695840,0,0,0
2.193696160,0,1,0
2.193696480,0,0,0
2.193696640,1,0,1
2.193696960,1,1,1
2.193697280,0,0,0
2.193697600,0,1,0
2.193697920,0,0,0
2.193698240,0,1,0
2.193698560,0,0,0
2.193698880,0,1,0
2.193699200,0,0,1
2.193699520,0,1,1
2.193699840,0,0,0
2.193700160,0,1,0
2.193700480,0,0,0
2.193700960,0,1,0
2.193701280,0,0,0
2.193701600,0,1,0
2.193701920,0,0,0
2.193702240,0,1,0
2.193702560,0,0,0
2.193702880,0,1,0
2.193703200,0,0,1
2.193703520,0,1,1
2.193703840,0,0,1
2.193704160,0,1,1
2.193704480,0,0,1
2.193704640,1,0,0
2.193704960,1,1,0
2.193705280,0,0,0
2.193705600,0,1,0
2.193705920,1,0,1
2.193706240,1,1,1
2.193706560,0,0,0
2.193706880,0,1,0
2.193975840,0,0,0
2.193976160,0,1,0
2.193976480,0,0,0
2.193976960,0,1,0
2.193977280,0,0,0
2.193977600,0,1,0
2.193977920,0,0,0
2.193978240,0,1,0
2.193978560,0,0,0
2.193978880,0,1,0
2.193979200,0,0,0
2.193979520,0,1,0
2.193979840,0,0,0
2.193980160,0,1,0
2.193980480,0,0,0
2.193980640,0,0,1
2.193980960,0,1,1
2.193981280,0,0,1
2.193981600,0,1,1
2.193981920,0,0,0
2.193982240,0,1,0
2.193982560,0,0,0
2.193982880,0,1,0
2.193983200,0,0,0
2.193983520,0,1,0
2.193983840,0,0,0
2.193984160,0,1,0
2.193984480,0,0,0
2.193984960,0,1,0
2.193985280,0,0,0
2.193985600,0,1,0
2.193985920,0,0,0
2.193986240,0,1,0
2.193986560,0,0,0
2.193986880,0,1,0
2.193987200,0,0,0
2.193987520,0,1,0
2.193987840,0,0,0
2.193988160,0,1,0
2.193988480,0,0,0
2.193988960,0,1,0
2.193989280,0,0,1
2.193989600,0,1,1
2.193989920,0,0,0
2.193990240,0,1,0
2.193990560,0,0,0
2.193990880,0,1,0
2.193991200,0,0,0
2.193991520,0,1,0
2.193991840,0,0,0
2.193992160,0,1,0
2.193992480,0,0,0
2.193992960,0,1,0
2.193993280,0,0,1
2.193993600,0,1,1
2.193993920,0,0,0
2.193994240,0,1,0
2.193994560,0,0,1
2.193994880,0,1,1
2.193995200,0,0,1
2.193995520,0,1,1
2.193995840,0,0,0
2.193996160,0,1,0
2.193996480,0,0,0
2.193996960,0,1,0
2.194261920,0,0,0
2.194262240,0,1,0
2.194262560,0,0,0
2.194262880,0,1,0
2.194263200,0,0,0
2.194263520,0,1,0
2.194263840,0,0,0
2.194264160,0,1,0
2.194264480,0,0,0
2.194264640,1,0,1
2.194264960,1,1,1
2.194265280,0,0,1
2.194265600,0,1,1
2.194265920,0,0,0
2.194266240,0,1,0
2.194266560,0,0,1
2.194266880,0,1,1
2.194267200,0,0,0
2.194267520,0,1,0
2.194267840,0,0,0
2.194268160,0,1,0
2.194268480,0,0,0
2.194268960,0,1,0
2.194269280,0,0,0
2.194269600,0,1,0
2.194269920,0,0,0
2.194270240,0,1,0
2.194270560,0,0,0
2.194270880,0,1,0
2.194271200,0,0,0
2.194271520,0,1,0
2.194271840,0,0,0
2.194272160,0,1,0
2.194272480,0,0,0
2.194272640,1,0,1
2.194272960,1,1,1
2.194273280,0,0,0
2.194273600,0,1,0
2.194273920,0,0,0
2.194274240,0,1,0
2.194274560,0,0,0
2.194274880,0,1,0
2.194275200,1,0,0
2.194275520,1,1,0
2.194275840,0,0,0
2.194276160,0,1,0
2.194276480,0,0,0
2.194276960,0,1,0
2.194277280,0,0,0
2.194277600,0,1,0
2.194277920,0,0,0
2.194278240,0,1,0
2.194278560,0,0,0
2.194278880,0,1,0
2.194279200,1,0,1
2.194279520,1,1,1
2.194279840,1,0,1
2.194280160,1,1,1
2.194280480,0,0,1
2.194280960,0,1,1
2.194281280,0,0,0
2.194281600,0,1,0
2.194281920,1,0,1
2.194282240,1,1,1
2.194282560,0,0,0
2.194282880,0,1,0
2.233168480,0,0,0
2.233168800,0,1,0
2.233169120,0,0,0
2.233169440,0,1,0
2.233169760,0,0,0
2.233170080,0,1,0
2.233170400,0,0,0
2.233170880,0,1,0
2.233171200,0,0,0
2.233171520,0,1,0
2.233171840,0,0,0
2.233172160,0,1,0
2.233172480,0,0,0
2.233172800,0,1,0
2.233173120,0,0,0
2.233173440,0,1,0
2.233173760,0,0,0
2.233174080,0,1,0
2.233174400,0,0,0
2.233174880,0,1,0
2.233175200,0,0,0
2.233175520,0,1,0
2.233175840,0,0,0
2.233176160,0,1,0
2.233176480,0,0,0
2.233176800,0,1,0
2.233177120,0,0,0
2.233177440,0,1,0
2.233177760,0,0,0
2.233178080,0,1,0
2.233178400,0,0,0
2.233178880,0,1,0
2.233179200,0,0,0
2.233179520,0,1,0
2.233179840,0,0,0
2.233180160,0,1,0
2.233180480,0,0,0
2.233180800,0,1,0
2.233181120,0,0,0
2.233181440,0,1,0
2.233181760,1,0,0
2.233182080,1,1,0
2.233182400,1,0,0
2.233182560,0,0,0
2.233182880,0,1,0
2.233183200,0,0,0
2.233183520,0,1,0
2.233183840,0,0,0
2.233184160,0,1,0
2.233184480,0,0,0
2.233184800,0,1,0
2.233185120,0,0,0
2.233185440,0,1,0
2.233185760,1,0,0
2.233186080,1,1,0
2.233186400,1,0,0
2.233186560,0,0,0
2.233186880,0,1,0
2.233187200,0,0,0
2.233187520,0,1,0
2.233187840,0,0,0
2.233188160,0,1,0
2.233188480,0,0,0
2.233188800,0,1,0
2.233189120,0,0,0
2.233189440,0,1,0
2.233637120,0,0,0
2.233637440,0,1,0
2.233637760,0,0,0
2.233638080,0,1,0
2.233638400,0,0,0
2.233638880,0,1,0
2.233639200,0,0,0
2.233639520,0,1,0
2.233639840,1,0,1
2.233640160,1,1,1
2.233640480,1,0,0
2.233640800,1,1,0
2.233641120,1,0,0
2.233641440,1,1,0
2.233641760,0,0,0
2.233642080,0,1,0
2.233642400,0,0,0
2.233642880,0,1,0
2.233643200,0,0,0
2.233643520,0,1,0
2.233643840,0,0,0
2.233644160,0,1,0
2.233644480,1,0,0
2.233644800,1,1,0
2.233645120,0,0,0
2.233645440,0,1,0
2.233645760,0,0,0
2.233646080,0,1,0
2.233646400,0,0,0
2.233646880,0,1,0
2.233647200,0,0,0
2.233647520,0,1,0
2.233647840,1,0,1
2.233648160,1,1,1
2.233648480,0,0,0
2.233648800,0,1,0
2.233649120,0,0,0
2.233649440,0,1,0
2.233649760,0,0,0
2.233650080,0,1,0
2.233650400,0,0,0
2.233650560,0,0,1
2.233650880,0,1,1
2.233651200,0,0,0
2.233651520,0,1,0
2.233651840,0,0,0
2.233652160,0,1,0
2.233652480,0,0,0
2.233652800,0,1,0
2.233653120,0,0,0
2.233653440,0,1,0
2.233653760,0,0,0
2.233654080,0,1,0
2.233654400,0,0,0
2.233654560,0,0,1
2.233654880,0,1,1
2.233655200,1,0,1
2.233655520,1,1,1
2.233655840,0,0,0
2.233656160,0,1,0
2.233656480,0,0,0
2.233656800,0,1,0
2.233657120,1,0,1
2.233657440,1,1,1
2.233657760,0,0,0
2.233658080,0,1,0
2.233913760,0,0,0
2.233914080,0,1,0
2.233914400,0,0,0
2.233914880,0,1,0
2.233915200,0,0,0
2.233915520,0,1,0
2.233915840,0,0,0
2.233916160,0,1,0
2.233916480,0,0,0
2.233916800,0,1,0
2.233917120,0,0,0
2.233917440,0,1,0
2.233917760,0,0,0
2.233918080,0,1,0
2.233918400,0,0,0
2.233918560,0,0,1
2.233918880,0,1,1
2.233919200,0,0,1
2.233919520,0,1,1
2.233919840,0,0,0
2.233920160,0,1,0
2.233920480,0,0,0
2.233920800,0,1,0
2.233921120,0,0,0
2.233921440,0,1,0
2.233921760,0,0,0
2.233922080,0,1,0
2.233922400,0,0,0
2.233922880,0,1,0
2.233923200,0,0,0
2.233923520,0,1,0
2.233923840,0,0,0
2.233924160,0,1,0
2.233924480,0,0,0
2.233924800,0,1,0
2.233925120,0,0,0
2.233925440,0,1,0
2.233925760,0,0,0
2.233926080,0,1,0
2.233926400,0,0,0
2.233926880,0,1,0
2.233927200,0,0,1
2.233927520,0,1,1
2.233927840,0,0,0
2.233928160,0,1,0
2.233928480,0,0,0
2.233928800,0,1,0
2.233929120,0,0,0
2.233929440,0,1,0
2.233929760,0,0,0
2.233930080,0,1,0
2.233930400,0,0,0
2.233930880,0,1,0
2.233931200,0,0,1
2.233931520,0,1,1
2.233931840,0,0,0
2.233932160,0,1,0
2.233932480,0,0,1
2.233932800,0,1,1
2.233933120,0,0,1
2.233933440,0,1,1
2.233933760,0,0,0
2.233934080,0,1,0
2.233934400,0,0,0
2.233934880,0,1,0
2.234184480,0,0,0
2.234184800,0,1,0
2.234185120,0,0,0
2.234185440,0,1,0
2.234185760,0,0,0
2.234186080,0,1,0
2.234186400,0,0,0
2.234186880,0,1,0
2.234187200,1,0,1
2.234187520,1,1,1
2.234187840,0,0,1
2.234188160,0,1,1
2.234188480,0,0,1
2.234188800,0,1,1
2.234189120,0,0,0
2.234189440,0,1,0
2.234189760,0,0,0
2.234190080,0,1,0
2.234190400,0,0,0
2.234190880,0,1,0
2.234191200,0,0,0
2.234191520,0,1,0
2.234191840,0,0,0
2.234192160,0,1,0
2.234192480,0,0,0
2.234192800,0,1,0
2.234193120,0,0,0
2.234193440,0,1,0
2.234193760,0,0,0
2.234194080,0,1,0
2.234194400,0,0,0
2.234194880,0,1,0
2.234195200,1,0,1
2.234195520,1,1,1
2.234195840,0,0,0
2.234196160,0,1,0
2.234196480,0,0,0
2.234196800,0,1,0
2.234197120,0,0,0
2.234197440,0,1,0
2.234197760,1,0,0
2.234198080,1,1,0
2.234198400,0,0,0
2.234198880,0,1,0
2.234199200,0,0,0
2.234199520,0,1,0
2.234199840,0,0,0
2.234200160,0,1,0
2.234200480,0,0,0
2.234200800,0,1,0
2.234201120,0,0,0
2.234201440,0,1,0
2.234201760,1,0,0
2.234202080,1,1,0
2.234202400,1,0,0
2.234202880,1,1,0
2.234203200,0,0,0
2.234203520,0,1,0
2.234203840,0,0,0
2.234204160,0,1,0
2.234204480,1,0,1
2.234204800,1,1,1
2.234205120,0,0,0
2.234205440,0,1,0
2.273167040,0,0,0
2.273167360,0,1,0
2.273167680,0,0,0
2.273168000,0,1,0
2.273168480,0,0,0
2.273168800,0,1,0
2.273169120,0,0,0
2.273169440,0,1,0
2.273169760,0,0,0
2.273170080,0,1,0
2.273170400,0,0,0
2.273170720,0,1,0
2.273171040,0,0,0
2.273171360,0,1,0
2.273171680,0,0,0
2.273172000,0,1,0
2.273172480,0,0,0
2.273172800,0,1,0
2.273173120,0,0,0
2.273173440,0,1,0
2.273173760,0,0,0
2.273174080,0,1,0
2.273174400,0,0,0
2.273174720,0,1,0
2.273175040,0,0,0
2.273175360,0,1,0
2.273175680,0,0,0
2.273176000,0,1,0
2.273176480,0,0,0
2.273176800,0,1,0
2.273177120,0,0,0
2.273177440,0,1,0
2.273177760,0,0,0
2.273178080,0,1,0
2.273178400,0,0,0
2.273178720,0,1,0
2.273179040,0,0,0
2.273179360,0,1,0
2.273179680,0,0,0
2.273180000,0,1,0
2.273180480,1,0,0
2.273180800,1,1,0
2.273181120,0,0,0
2.273181440,0,1,0
2.273181760,0,0,0
2.273182080,0,1,0
2.273182400,0,0,0
2.273182720,0,1,0
2.273183040,0,0,0
2.273183360,0,1,0
2.273183680,0,0,0
2.273184160,0,1,0
2.273184480,1,0,0
2.273184800,1,1,0
2.273185120,0,0,0
2.273185440,0,1,0
2.273185760,0,0,0
2.273186080,0,1,0
2.273186400,0,0,0
2.273186720,0,1,0
2.273187040,0,0,0
2.273187360,0,1,0
2.273187680,0,0,0
2.273188160,0,1,0
2.273633760,0,0,0
2.273634080,0,1,0
2.273634400,0,0,0
2.273634720,0,1,0
2.273635040,0,0,0
2.273635360,0,1,0
2.273635680,0,0,0
2.273636000,0,1,0
2.273636480,1,0,1
2.273636800,1,1,1
2.273637120,1,0,0
2.273637440,1,1,0
2.273637760,1,0,0
2.273638080,1,1,0
2.273638400,1,0,0
2.273638720,1,1,0
2.273639040,0,0,0
2.273639360,0,1,0
2.273639680,0,0,0
2.273640000,0,1,0
2.273640480,0,0,0
2.273640800,0,1,0
2.273641120,1,0,0
2.273641440,1,1,0
2.273641760,0,0,0
2.273642080,0,1,0
2.273642400,0,0,0
2.273642720,0,1,0
2.273643040,0,0,0
2.273643360,0,1,0
2.273643680,0,0,0
2.273644000,0,1,0
2.273644480,1,0,1
2.273644800,1,1,1
2.273645120,0,0,0
2.273645440,0,1,0
2.273645760,0,0,0
2.273646080,0,1,0
2.273646400,0,0,0
2.273646720,0,1,0
2.273647040,0,0,1
2.273647360,0,1,1
2.273647680,0,0,1
2.273647840,0,0,0
2.273648000,0,1,0
2.273648480,0,0,0
2.273648800,0,1,0
2.273649120,0,0,0
2.273649440,0,1,0
2.273649760,0,0,0
2.273650080,0,1,0
2.273650400,0,0,0
2.273650720,0,1,0
2.273651040,0,0,1
2.273651360,0,1,1
2.273651680,1,0,1
2.273652000,1,1,1
2.273652480,1,0,0
2.273652800,1,1,0
2.273653120,0,0,0
2.273653440,0,1,0
2.273653760,1,0,1
2.273654080,1,1,1
2.273654400,0,0,0
2.273654720,0,1,0
2.273909120,0,0,0
2.273909440,0,1,0
2.273909760,0,0,0
2.273910080,0,1,0
2.273910400,0,0,0
2.273910720,0,1,0
2.273911040,0,0,0
2.273911360,0,1,0
2.273911680,0,0,0
2.273912000,0,1,0
2.273912480,0,0,0
2.273912800,0,1,0
2.273913120,0,0,0
2.273913440,0,1,0
2.273913760,0,0,1
2.273914080,0,1,1
2.273914400,0,0,1
2.273914720,0,1,1
2.273915040,0,0,0
2.273915360,0,1,0
2.273915680,0,0,0
2.273916000,0,1,0
2.273916480,0,0,0
2.273916800,0,1,0
2.273917120,0,0,0
2.273917440,0,1,0
2.273917760,0,0,0
2.273918080,0,1,0
2.273918400,0,0,0
2.273918720,0,1,0
2.273919040,0,0,0
2.273919360,0,1,0
2.273919680,0,0,0
2.273920000,0,1,0
2.273920480,0,0,0
2.273920800,0,1,0
2.273921120,0,0,0
2.273921440,0,1,0
2.273921760,0,0,0
2.273922080,0,1,0
2.273922400,1,0,1
2.273922720,1,1,1
2.273923040,0,0,0
2.273923360,0,1,0
2.273923680,0,0,0
2.273924000,0,1,0
2.273924480,1,0,0
2.273924800,1,1,0
2.273925120,1,0,0
2.273925440,1,1,0
2.273925760,0,0,0
2.273926080,0,1,0
2.273926400,1,0,1
2.273926720,1,1,1
2.273927040,0,0,0
2.273927360,0,1,0
2.273927680,0,0,0
2.273927840,0,0,1
2.273928000,0,1,1
2.273928480,1,0,1
2.273928800,1,1,1
2.273929120,1,0,0
2.273929440,1,1,0
2.273929760,0,0,0
2.273930080,0,1,0
2.274359680,0,0,0
2.274360000,0,1,0
2.274360480,0,0,0
2.274360800,0,1,0
2.274361120,0,0,0
2.274361440,0,1,0
2.274361760,0,0,0
2.274362080,0,1,0
2.274362400,1,0,1
2.274362720,1,1,1
2.274363040,0,0,1
2.274363360,0,1,1
2.274363680,0,0,1
2.274364000,0,1,1
2.274364480,0,0,1
2.274364800,0,1,1
2.274365120,0,0,0
2.274365440,0,1,0
2.274365760,0,0,0
2.274366080,0,1,0
2.274366400,0,0,0
2.274366720,0,1,0
2.274367040,0,0,0
2.274367360,0,1,0
2.274367680,0,0,0
2.274368000,0,1,0
2.274368480,0,0,0
2.274368800,0,1,0
2.274369120,0,0,0
2.274369440,0,1,0
2.274369760,0,0,0
2.274370080,0,1,0
2.274370400,1,0,1
2.274370720,1,1,1
2.274371040,0,0,0
2.274371360,0,1,0
2.274371680,0,0,0
2.274372000,0,1,0
2.274372480,0,0,0
2.274372800,0,1,0
2.274373120,1,0,1
2.274373440,1,1,1
2.274373760,0,0,0
2.274374080,0,1,0
2.274374400,0,0,0
2.274374720,0,1,0
2.274375040,0,0,1
2.274375360,0,1,1
2.274375680,0,0,1
2.274376000,0,1,1
2.274376480,0,0,0
2.274376800,0,1,0
2.274377120,1,0,1
2.274377440,1,1,1
2.274377760,1,0,1
2.274378080,1,1,1
2.274378400,0,0,0
2.274378720,0,1,0
2.274379040,0,0,0
2.274379360,0,1,0
2.274379680,1,0,0
2.274380000,1,1,0
2.274380480,0,0,0
2.274380800,0,1,0
2.274643040,0,0,0
2.274643360,0,1,0
2.274643680,0,0,0
2.274644000,0,1,0
2.274644480,0,0,0
2.274644800,0,1,0
2.274645120,0,0,0
2.274645440,0,1,0
2.274645760,0,0,0
2.274646080,0,1,0
2.274646400,0,0,0
2.274646720,0,1,0
2.274647040,0,0,0
2.274647360,0,1,0
2.274647680,0,0,0
2.274648000,0,1,0
2.274648480,0,0,0
2.274648800,0,1,0
2.274649120,0,0,0
2.274649440,0,1,0
2.274649760,0,0,0
2.274650080,0,1,0
2.274650400,0,0,1
2.274650720,0,1,1
2.274651040,0,0,1
2.274651360,0,1,1
2.274651680,0,0,1
2.274651840,0,0,0
2.274652000,0,1,0
2.274652480,0,0,0
2.274652800,0,1,0
2.274653120,0,0,1
2.274653440,0,1,1
2.274653760,0,0,0
2.274654080,0,1,0
2.274654400,0,0,0
2.274654720,0,1,0
2.274655040,0,0,0
2.274655360,0,1,0
2.274655680,0,0,0
2.274656000,0,1,0
2.274656480,0,0,1
2.274656800,0,1,1
2.274657120,0,0,0
2.274657440,0,1,0
2.274657760,0,0,0
2.274658080,0,1,0
2.274658400,0,0,1
2.274658720,0,1,1
2.274659040,0,0,1
2.274659360,0,1,1
2.274659680,0,0,1
2.274659840,0,0,0
2.274660000,0,1,0
2.274660480,0,0,0
2.274660800,0,1,0
2.274661120,0,0,1
2.274661440,0,1,1
2.274661760,0,0,1
2.274662080,0,1,1
2.274662400,0,0,1
2.274662720,0,1,1
2.274663040,0,0,1
2.274663360,0,1,1
2.274663680,0,0,1
2.274663840,0,0,0
2.274664000,0,1,0
2.274915680,0,0,0
2.274916000,0,1,0
2.274916480,0,0,0
2.274916800,0,1,0
2.274917120,0,0,0
2.274917440,0,1,0
2.274917760,0,0,0
2.274918080,0,1,0
2.274918400,1,0,1
2.274918720,1,1,1
2.274919040,0,0,0
2.274919360,0,1,0
2.274919680,0,0,0
2.274920000,0,1,0
2.274920480,0,0,0
2.274920800,0,1,0
2.274921120,0,0,0
2.274921440,0,1,0
2.274921760,0,0,0
2.274922080,0,1,0
2.274922400,0,0,0
2.274922720,0,1,0
2.274923040,0,0,0
2.274923360,0,1,0
2.274923680,0,0,0
2.274924000,0,1,0
2.274924480,0,0,0
2.274924800,0,1,0
2.274925120,0,0,0
2.274925440,0,1,0
2.274925760,0,0,0
2.274926080,0,1,0
2.274926400,1,0,1
2.274926720,1,1,1
2.274927040,0,0,0
2.274927360,0,1,0
2.274927680,0,0,0
2.274928000,0,1,0
2.274928480,0,0,0
2.274928800,0,1,0
2.274929120,1,0,0
2.274929440,1,1,0
2.274929760,0,0,0
2.274930080,0,1,0
2.274930400,0,0,0
2.274930720,0,1,0
2.274931040,1,0,0
2.274931360,1,1,0
2.274931680,1,0,0
2.274932000,1,1,0
2.274932480,0,0,0
2.274932800,0,1,0
2.274933120,1,0,0
2.274933440,1,1,0
2.274933760,1,0,1
2.274934080,1,1,1
2.274934400,1,0,0
2.274934720,1,1,0
2.274935040,0,0,0
2.274935360,0,1,0
2.274935680,0,0,0
2.274935840,0,0,1
2.274936000,0,1,1
2.274936480,0,0,0
2.274936800,0,1,0
2.313169600,0,0,0
2.313170080,0,1,0
2.313170400,0,0,0
2.313170720,0,1,0
2.313171040,0,0,0
2.313171360,0,1,0
2.313171680,0,0,0
2.313172000,0,1,0
2.313172320,0,0,0
2.313172640,0,1,0
2.313172960,0,0,0
2.313173280,0,1,0
2.313173600,0,0,0
2.313174080,0,1,0
2.313174400,0,0,0
2.313174720,0,1,0
2.313175040,0,0,0
2.313175360,0,1,0
2.313175680,0,0,0
2.313176000,0,1,0
2.313176320,0,0,0
2.313176640,0,1,0
2.313176960,0,0,0
2.313177280,0,1,0
2.313177600,0,0,0
2.313178080,0,1,0
2.313178400,0,0,0
2.313178720,0,1,0
2.313179040,0,0,0
2.313179360,0,1,0
2.313179680,0,0,0
2.313180000,0,1,0
2.313180320,0,0,0
2.313180640,0,1,0
2.313180960,0,0,0
2.313181280,0,1,0
2.313181600,0,0,0
2.313182080,0,1,0
2.313182400,0,0,0
2.313182720,0,1,0
2.313183040,1,0,0
2.313183360,1,1,0
2.313183680,0,0,0
2.313184000,0,1,0
2.313184320,0,0,0
2.313184640,0,1,0
2.313184960,0,0,0
2.313185280,0,1,0
2.313185600,0,0,0
2.313186080,0,1,0
2.313186400,0,0,0
2.313186720,0,1,0
2.313187040,1,0,0
2.313187360,1,1,0
2.313187680,0,0,0
2.313188000,0,1,0
2.313188320,0,0,0
2.313188640,0,1,0
2.313188960,0,0,0
2.313189280,0,1,0
2.313189600,0,0,0
2.313190080,0,1,0
2.313190400,0,0,0
2.313190720,0,1,0
2.313636320,0,0,0
2.313636640,0,1,0
2.313636960,0,0,0
2.313637280,0,1,0
2.313637600,0,0,0
2.313638080,0,1,0
2.313638400,0,0,0
2.313638720,0,1,0
2.313639040,1,0,1
2.313639360,1,1,1
2.313639680,0,0,0
2.313640000,0,1,0
2.313640320,0,0,0
2.313640640,0,1,0
2.313640960,1,0,0
2.313641280,1,1,0
2.313641600,0,0,0
2.313642080,0,1,0
2.313642400,0,0,0
2.313642720,0,1,0
2.313643040,0,0,0
2.313643360,0,1,0
2.313643680,1,0,0
2.313644000,1,1,0
2.313644320,0,0,0
2.313644640,0,1,0
2.313644960,0,0,0
2.313645280,0,1,0
2.313645600,0,0,0
2.313646080,0,1,0
2.313646400,0,0,0
2.313646720,0,1,0
2.313647040,1,0,1
2.313647360,1,1,1
2.313647680,0,0,0
2.313648000,0,1,0
2.313648320,0,0,0
2.313648640,0,1,0
2.313648960,0,0,0
2.313649280,0,1,0
2.313649600,0,0,0
2.313649760,0,0,1
2.313650080,0,1,1
2.313650400,0,0,0
2.313650720,0,1,0
2.313651040,0,0,0
2.313651360,0,1,0
2.313651680,0,0,0
2.313652000,0,1,0
2.313652320,0,0,0
2.313652640,0,1,0
2.313652960,0,0,0
2.313653280,0,1,0
2.313653600,0,0,0
2.313653760,1,0,1
2.313654080,1,1,1
2.313654400,0,0,1
2.313654720,0,1,1
2.313655040,1,0,0
2.313655360,1,1,0
2.313655680,0,0,0
2.313656000,0,1,0
2.313656320,1,0,1
2.313656640,1,1,1
2.313656960,0,0,0
2.313657280,0,1,0
2.313912320,0,0,0
2.313912640,0,1,0
2.313912960,0,0,0
2.313913280,0,1,0
2.313913600,0,0,0
2.313914080,0,1,0
2.313914400,0,0,0
2.313914720,0,1,0
2.313915040,0,0,0
2.313915360,0,1,0
2.313915680,0,0,0
2.313916000,0,1,0
2.313916320,0,0,0
2.313916640,0,1,0
2.313916960,0,0,1
2.313917280,0,1,1
2.313917600,0,0,1
2.313918080,0,1,1
2.313918400,0,0,0
2.313918720,0,1,0
2.313919040,0,0,0
2.313919360,0,1,0
2.313919680,0,0,0
2.313920000,0,1,0
2.313920320,0,0,0
2.313920640,0,1,0
2.313920960,0,0,0
2.313921280,0,1,0
2.313921600,0,0,0
2.313922080,0,1,0
2.313922400,0,0,0
2.313922720,0,1,0
2.313923040,0,0,0
2.313923360,0,1,0
2.313923680,0,0,0
2.313924000,0,1,0
2.313924320,0,0,0
2.313924640,0,1,0
2.313924960,0,0,0
2.313925280,0,1,0
2.313925600,0,0,0
2.313925760,0,0,1
2.313926080,0,1,1
2.313926400,0,0,0
2.313926720,0,1,0
2.313927040,0,0,0
2.313927360,0,1,0
2.313927680,0,0,0
2.313928000,0,1,0
2.313928320,0,0,0
2.313928640,0,1,0
2.313928960,0,0,0
2.313929280,0,1,0
2.313929600,0,0,0
2.313929760,0,0,1
2.313930080,0,1,1
2.313930400,0,0,0
2.313930720,0,1,0
2.313931040,0,0,1
2.313931360,0,1,1
2.313931680,0,0,1
2.313932000,0,1,1
2.313932320,0,0,0
2.313932640,0,1,0
2.313932960,0,0,0
2.313933280,0,1,0
2.314182400,0,0,0
2.314182720,0,1,0
2.314183040,0,0,0
2.314183360,0,1,0
2.314183680,0,0,0
2.314184000,0,1,0
2.314184320,0,0,0
2.314184640,0,1,0
2.314184960,1,0,1
2.314185280,1,1,1
2.314185600,0,0,1
2.314185760,0,0,0
2.314186080,0,1,0
2.314186400,0,0,0
2.314186720,0,1,0
2.314187040,0,0,1
2.314187360,0,1,1
2.314187680,0,0,0
2.314188000,0,1,0
2.314188320,0,0,0
2.314188640,0,1,0
2.314188960,0,0,0
2.314189280,0,1,0
2.314189600,0,0,0
2.314190080,0,1,0
2.314190400,0,0,0
2.314190720,0,1,0
2.314191040,0,0,0
2.314191360,0,1,0
2.314191680,0,0,0
2.314192000,0,1,0
2.314192320,0,0,0
2.314192640,0,1,0
2.314192960,1,0,1
2.314193280,1,1,1
2.314193600,0,0,1
2.314193760,0,0,0
2.314194080,0,1,0
2.314194400,0,0,0
2.314194720,0,1,0
2.314195040,0,0,0
2.314195360,0,1,0
2.314195680,1,0,0
2.314196000,1,1,0
2.314196320,0,0,0
2.314196640,0,1,0
2.314196960,0,0,0
2.314197280,0,1,0
2.314197600,0,0,0
2.314198080,0,1,0
2.314198400,0,0,0
2.314198720,0,1,0
2.314199040,0,0,0
2.314199360,0,1,0
2.314199680,1,0,0
2.314200000,1,1,0
2.314200320,1,0,1
2.314200640,1,1,1
2.314200960,0,0,1
2.314201280,0,1,1
2.314201600,0,0,1
2.314201760,0,0,0
2.314202080,0,1,0
2.314202400,1,0,1
2.314202720,1,1,1
2.314203040,0,0,0
2.314203360,0,1,0
2.353186240,0,0,0
2.353186560,0,1,0
2.353186880,0,0,0
2.353187200,0,1,0
2.353187680,0,0,0
2.353188000,0,1,0
2.353188320,0,0,0
2.353188640,0,1,0
2.353188960,0,0,0
2.353189280,0,1,0
2.353189600,0,0,0
2.353189920,0,1,0
2.353190240,0,0,0
2.353190560,0,1,0
2.353190880,0,0,0
2.353191200,0,1,0
2.353191680,0,0,0
2.353192000,0,1,0
2.353192320,0,0,0
2.353192640,0,1,0
2.353192960,0,0,0
2.353193280,0,1,0
2.353193600,0,0,0
2.353193920,0,1,0
2.353194240,0,0,0
2.353194560,0,1,0
2.353194880,0,0,0
2.353195200,0,1,0
2.353195680,0,0,0
2.353196000,0,1,0
2.353196320,0,0,0
2.353196640,0,1,0
2.353196960,0,0,0
2.353197280,0,1,0
2.353197600,0,0,0
2.353197920,0,1,0
2.353198240,0,0,0
2.353198560,0,1,0
2.353198880,0,0,0
2.353199200,0,1,0
2.353199680,1,0,0
2.353200000,1,1,0
2.353200320,0,0,0
2.353200640,0,1,0
2.353200960,0,0,0
2.353201280,0,1,0
2.353201600,0,0,0
2.353201920,0,1,0
2.353202240,0,0,0
2.353202560,0,1,0
2.353202880,0,0,0
2.353203200,0,1,0
2.353203680,1,0,0
2.353204000,1,1,0
2.353204320,0,0,0
2.353204640,0,1,0
2.353204960,0,0,0
2.353205280,0,1,0
2.353205600,0,0,0
2.353205920,0,1,0
2.353206240,0,0,0
2.353206560,0,1,0
2.353206880,0,0,0
2.353207200,0,1,0
2.353656960,0,0,0
2.353657280,0,1,0
2.353657600,0,0,0
2.353657920,0,1,0
2.353658240,0,0,0
2.353658560,0,1,0
2.353658880,0,0,0
2.353659200,0,1,0
2.353659680,1,0,1
2.353660000,1,1,1
2.353660320,0,0,0
2.353660640,0,1,0
2.353660960,1,0,0
2.353661280,1,1,0
2.353661600,0,0,0
2.353661920,0,1,0
2.353662240,0,0,0
2.353662560,0,1,0
2.353662880,0,0,0
2.353663200,0,1,0
2.353663680,0,0,0
2.353664000,0,1,0
2.353664320,1,0,0
2.353664640,1,1,0
2.353664960,0,0,0
2.353665280,0,1,0
2.353665600,0,0,0
2.353665920,0,1,0
2.353666240,0,0,0
2.353666560,0,1,0
2.353666880,0,0,0
2.353667200,0,1,0
2.353667680,1,0,1
2.353668000,1,1,1
2.353668320,0,0,0
2.353668640,0,1,0
2.353668960,0,0,0
2.353669280,0,1,0
2.353669600,0,0,0
2.353669920,0,1,0
2.353670240,0,0,1
2.353670560,0,1,1
2.353670880,0,0,0
2.353671200,0,1,0
2.353671680,0,0,0
2.353672000,0,1,0
2.353672320,0,0,0
2.353672640,0,1,0
2.353672960,0,0,0
2.353673280,0,1,0
2.353673600,0,0,0
2.353673920,0,1,0
2.353674240,1,0,1
2.353674560,1,1,1
2.353674880,1,0,1
2.353675200,1,1,1
2.353675680,0,0,0
2.353676000,0,1,0
2.353676320,0,0,0
2.353676640,0,1,0
2.353676960,1,0,1
2.353677280,1,1,1
2.353677600,0,0,0
2.353677920,0,1,0
2.353932320,0,0,0
2.353932640,0,1,0
2.353932960,0,0,0
2.353933280,0,1,0
2.353933600,0,0,0
2.353933920,0,1,0
2.353934240,0,0,0
2.353934560,0,1,0
2.353934880,0,0,0
2.353935200,0,1,0
2.353935680,0,0,0
2.353936000,0,1,0
2.353936320,0,0,0
2.353936640,0,1,0
2.353936960,0,0,1
2.353937280,0,1,1
2.353937600,0,0,1
2.353937920,0,1,1
2.353938240,0,0,0
2.353938560,0,1,0
2.353938880,0,0,0
2.353939200,0,1,0
2.353939680,0,0,0
2.353940000,0,1,0
2.353940320,0,0,0
2.353940640,0,1,0
2.353940960,0,0,0
2.353941280,0,1,0
2.353941600,0,0,0
2.353941920,0,1,0
2.353942240,0,0,0
2.353942560,0,1,0
2.353942880,0,0,0
2.353943200,0,1,0
2.353943680,0,0,0
2.353944000,0,1,0
2.353944320,0,0,0
2.353944640,0,1,0
2.353944960,0,0,0
2.353945280,0,1,0
2.353945600,0,0,1
2.353945920,0,1,1
2.353946240,0,0,0
2.353946560,0,1,0
2.353946880,0,0,0
2.353947200,0,1,0
2.353947680,0,0,0
2.353948000,0,1,0
2.353948320,0,0,0
2.353948640,0,1,0
2.353948960,0,0,0
2.353949280,0,1,0
2.353949600,0,0,1
2.353949920,0,1,1
2.353950240,0,0,0
2.353950560,0,1,0
2.353950880,0,0,1
2.353951200,0,1,1
2.353951680,0,0,1
2.353952000,0,1,1
2.353952320,0,0,0
2.353952640,0,1,0
2.353952960,0,0,0
2.353953280,0,1,0
2.354202880,0,0,0
2.354203200,0,1,0
2.354203680,0,0,0
2.354204000,0,1,0
2.354204320,0,0,0
2.354204640,0,1,0
2.354204960,0,0,0
2.354205280,0,1,0
2.354205600,1,0,1
2.354205920,1,1,1
2.354206240,0,0,0
2.354206560,0,1,0
2.354206880,0,0,1
2.354207200,0,1,1
2.354207680,0,0,0
2.354208000,0,1,0
2.354208320,0,0,0
2.354208640,0,1,0
2.354208960,0,0,0
2.354209280,0,1,0
2.354209600,0,0,0
2.354209920,0,1,0
2.354210240,0,0,0
2.354210560,0,1,0
2.354210880,0,0,0
2.354211200,0,1,0
2.354211680,0,0,0
2.354212000,0,1,0
2.354212320,0,0,0
2.354212640,0,1,0
2.354212960,0,0,0
2.354213280,0,1,0
2.354213600,1,0,1
2.354213920,1,1,1
2.354214240,0,0,0
2.354214560,0,1,0
2.354214880,0,0,0
2.354215200,0,1,0
2.354215680,0,0,0
2.354216000,0,1,0
2.354216320,1,0,0
2.354216640,1,1,0
2.354216960,0,0,0
2.354217280,0,1,0
2.354217600,0,0,0
2.354217920,0,1,0
2.354218240,0,0,0
2.354218560,0,1,0
2.354218880,0,0,0
2.354219200,0,1,0
2.354219680,0,0,0
2.354220000,0,1,0
2.354220320,1,0,1
2.354220640,1,1,1
2.354220960,1,0,0
2.354221280,1,1,0
2.354221600,0,0,0
2.354221920,0,1,0
2.354222240,0,0,0
2.354222560,0,1,0
2.354222880,1,0,1
2.354223200,1,1,1
2.354223680,0,0,0
2.354224000,0,1,0
2.393184160,0,0,0
2.393184480,0,1,0
2.393184800,0,0,0
2.393185280,0,1,0
2.393185600,0,0,0
2.393185920,0,1,0
2.393186240,0,0,0
2.393186560,0,1,0
2.393186880,0,0,0
2.393187200,0,1,0
2.393187520,0,0,0
2.393187840,0,1,0
2.393188160,0,0,0
2.393188480,0,1,0
2.393188800,0,0,0
2.393189280,0,1,0
2.393189600,0,0,0
2.393189920,0,1,0
2.393190240,0,0,0
2.393190560,0,1,0
2.393190880,0,0,0
2.393191200,0,1,0
2.393191520,0,0,0
2.393191840,0,1,0
2.393192160,0,0,0
2.393192480,0,1,0
2.393192800,0,0,0
2.393193280,0,1,0
2.393193600,0,0,0
2.393193920,0,1,0
2.393194240,0,0,0
2.393194560,0,1,0
2.393194880,0,0,0
2.393195200,0,1,0
2.393195520,0,0,0
2.393195840,0,1,0
2.393196160,0,0,0
2.393196480,0,1,0
2.393196800,0,0,0
2.393197280,0,1,0
2.393197600,1,0,0
2.393197920,1,1,0
2.393198240,0,0,0
2.393198560,0,1,0
2.393198880,0,0,0
2.393199200,0,1,0
2.393199520,0,0,0
2.393199840,0,1,0
2.393200160,0,0,0
2.393200480,0,1,0
2.393200800,0,0,0
2.393201280,0,1,0
2.393201600,1,0,0
2.393201920,1,1,0
2.393202240,0,0,0
2.393202560,0,1,0
2.393202880,0,0,0
2.393203200,0,1,0
2.393203520,0,0,0
2.393203840,0,1,0
2.393204160,0,0,0
2.393204480,0,1,0
2.393204800,0,0,0
2.393205280,0,1,0
2.393654240,0,0,0
2.393654560,0,1,0
2.393654880,0,0,0
2.393655200,0,1,0
2.393655520,0,0,0
2.393655840,0,1,0
2.393656160,0,0,0
2.393656480,0,1,0
2.393656800,0,0,0
2.393656960,1,0,1
2.393657280,1,1,1
2.393657600,0,0,0
2.393657920,0,1,0
2.393658240,1,0,0
2.393658560,1,1,0
2.393658880,1,0,0
2.393659200,1,1,0
2.393659520,0,0,0
2.393659840,0,1,0
2.393660160,0,0,0
2.393660480,0,1,0
2.393660800,0,0,0
2.393661280,0,1,0
2.393661600,1,0,0
2.393661920,1,1,0
2.393662240,0,0,0
2.393662560,0,1,0
2.393662880,0,0,0
2.393663200,0,1,0
2.393663520,0,0,0
2.393663840,0,1,0
2.393664160,0,0,0
2.393664480,0,1,0
2.393664800,0,0,0
2.393664960,1,0,1
2.393665280,1,1,1
2.393665600,0,0,0
2.393665920,0,1,0
2.393666240,0,0,0
2.393666560,0,1,0
2.393666880,0,0,0
2.393667200,0,1,0
2.393667520,0,0,1
2.393667840,0,1,1
2.393668160,0,0,0
2.393668480,0,1,0
2.393668800,0,0,0
2.393669280,0,1,0
2.393669600,0,0,0
2.393669920,0,1,0
2.393670240,0,0,0
2.393670560,0,1,0
2.393670880,0,0,0
2.393671200,0,1,0
2.393671520,1,0,1
2.393671840,1,1,1
2.393672160,1,0,1
2.393672480,1,1,1
2.393672800,1,0,1
2.393672960,1,0,0
2.393673280,1,1,0
2.393673600,0,0,0
2.393673920,0,1,0
2.393674240,1,0,1
2.393674560,1,1,1
2.393674880,0,0,0
2.393675200,0,1,0
2.393932160,0,0,0
2.393932480,0,1,0
2.393932800,0,0,0
2.393933280,0,1,0
2.393933600,0,0,0
2.393933920,0,1,0
2.393934240,0,0,0
2.393934560,0,1,0
2.393934880,0,0,0
2.393935200,0,1,0
2.393935520,0,0,0
2.393935840,0,1,0
2.393936160,0,0,0
2.393936480,0,1,0
2.393936800,0,0,0
2.393936960,0,0,1
2.393937280,0,1,1
2.393937600,0,0,1
2.393937920,0,1,1
2.393938240,0,0,0
2.393938560,0,1,0
2.393938880,0,0,0
2.393939200,0,1,0
2.393939520,0,0,0
2.393939840,0,1,0
2.393940160,0,0,0
2.393940480,0,1,0
2.393940800,0,0,0
2.393941280,0,1,0
2.393941600,0,0,0
2.393941920,0,1,0
2.393942240,0,0,0
2.393942560,0,1,0
2.393942880,0,0,0
2.393943200,0,1,0
2.393943520,0,0,0
2.393943840,0,1,0
2.393944160,0,0,0
2.393944480,0,1,0
2.393944800,0,0,0
2.393945280,0,1,0
2.393945600,1,0,1
2.393945920,1,1,1
2.393946240,0,0,0
2.393946560,0,1,0
2.393946880,0,0,0
2.393947200,0,1,0
2.393947520,1,0,0
2.393947840,1,1,0
2.393948160,1,0,0
2.393948480,1,1,0
2.393948800,0,0,0
2.393949280,0,1,0
2.393949600,1,0,1
2.393949920,1,1,1
2.393950240,0,0,0
2.393950560,0,1,0
2.393950880,0,0,1
2.393951200,0,1,1
2.393951520,1,0,1
2.393951840,1,1,1
2.393952160,1,0,0
2.393952480,1,1,0
2.393952800,0,0,0
2.393953280,0,1,0
2.394386240,0,0,0
2.394386560,0,1,0
2.394386880,0,0,0
2.394387200,0,1,0
2.394387520,0,0,0
2.394387840,0,1,0
2.394388160,0,0,0
2.394388480,0,1,0
2.394388800,1,0,0
2.394388960,1,0,1
2.394389280,1,1,1
2.394389600,1,0,0
2.394389920,1,1,0
2.394390240,0,0,1
2.394390560,0,1,1
2.394390880,0,0,1
2.394391200,0,1,1
2.394391520,0,0,0
2.394391840,0,1,0
2.394392160,0,0,0
2.394392480,0,1,0
2.394392800,0,0,0
2.394393280,0,1,0
2.394393600,0,0,0
2.394393920,0,1,0
2.394394240,0,0,0
2.394394560,0,1,0
2.394394880,0,0,0
2.394395200,0,1,0
2.394395520,0,0,0
2.394395840,0,1,0
2.394396160,0,0,0
2.394396480,0,1,0
2.394396800,1,0,0
2.394396960,1,0,1
2.394397280,1,1,1
2.394397600,0,0,0
2.394397920,0,1,0
2.394398240,0,0,0
2.394398560,0,1,0
2.394398880,0,0,0
2.394399200,0,1,0
2.394399520,1,0,1
2.394399840,1,1,1
2.394400160,0,0,0
2.394400480,0,1,0
2.394400800,0,0,0
2.394401280,0,1,0
2.394401600,0,0,1
2.394401920,0,1,1
2.394402240,0,0,1
2.394402560,0,1,1
2.394402880,0,0,0
2.394403200,0,1,0
2.394403520,0,0,0
2.394403840,0,1,0
2.394404160,1,0,1
2.394404480,1,1,1
2.394404800,0,0,1
2.394404960,0,0,0
2.394405280,0,1,0
2.394405600,0,0,0
2.394405920,0,1,0
2.394406240,1,0,0
2.394406560,1,1,0
2.394406880,0,0,0
2.394407200,0,1,0
2.394673600,0,0,0
2.394673920,0,1,0
2.394674240,0,0,0
2.394674560,0,1,0
2.394674880,0,0,0
2.394675200,0,1,0
2.394675520,0,0,0
2.394675840,0,1,0
2.394676160,0,0,0
2.394676480,0,1,0
2.394676800,0,0,0
2.394677280,0,1,0
2.394677600,0,0,0
2.394677920,0,1,0
2.394678240,0,0,0
2.394678560,0,1,0
2.394678880,0,0,0
2.394679200,0,1,0
2.394679520,0,0,0
2.394679840,0,1,0
2.394680160,0,0,0
2.394680480,0,1,0
2.394680800,0,0,0
2.394680960,0,0,1
2.394681280,0,1,1
2.394681600,0,0,1
2.394681920,0,1,1
2.394682240,0,0,0
2.394682560,0,1,0
2.394682880,0,0,0
2.394683200,0,1,0
2.394683520,0,0,1
2.394683840,0,1,1
2.394684160,0,0,0
2.394684480,0,1,0
2.394684800,0,0,0
2.394685280,0,1,0
2.394685600,0,0,0
2.394685920,0,1,0
2.394686240,0,0,0
2.394686560,0,1,0
2.394686880,0,0,1
2.394687200,0,1,1
2.394687520,0,0,0
2.394687840,0,1,0
2.394688160,0,0,0
2.394688480,0,1,0
2.394688800,0,0,0
2.394688960,0,0,1
2.394689280,0,1,1
2.394689600,0,0,1
2.394689920,0,1,1
2.394690240,0,0,0
2.394690560,0,1,0
2.394690880,0,0,0
2.394691200,0,1,0
2.394691520,0,0,1
2.394691840,0,1,1
2.394692160,0,0,1
2.394692480,0,1,1
2.394692800,0,0,1
2.394693280,0,1,1
2.394693600,0,0,1
2.394693920,0,1,1
2.394694240,0,0,0
2.394694560,0,1,0
2.394946880,0,0,0
2.394947200,0,1,0
2.394947520,0,0,0
2.394947840,0,1,0
2.394948160,0,0,0
2.394948480,0,1,0
2.394948800,0,0,0
2.394949280,0,1,0
2.394949600,1,0,1
2.394949920,1,1,1
2.394950240,0,0,1
2.394950560,0,1,1
2.394950880,0,0,0
2.394951200,0,1,0
2.394951520,0,0,0
2.394951840,0,1,0
2.394952160,0,0,0
2.394952480,0,1,0
2.394952800,0,0,0
2.394953280,0,1,0
2.394953600,0,0,0
2.394953920,0,1,0
2.394954240,0,0,0
2.394954560,0,1,0
2.394954880,0,0,0
2.394955200,0,1,0
2.394955520,0,0,0
2.394955840,0,1,0
2.394956160,0,0,0
2.394956480,0,1,0
2.394956800,0,0,0
2.394957280,0,1,0
2.394957600,1,0,1
2.394957920,1,1,1
2.394958240,0,0,0
2.394958560,0,1,0
2.394958880,0,0,0
2.394959200,0,1,0
2.394959520,0,0,0
2.394959840,0,1,0
2.394960160,1,0,0
2.394960480,1,1,0
2.394960800,0,0,0
2.394961280,0,1,0
2.394961600,0,0,0
2.394961920,0,1,0
2.394962240,1,0,0
2.394962560,1,1,0
2.394962880,1,0,0
2.394963200,1,1,0
2.394963520,0,0,0
2.394963840,0,1,0
2.394964160,1,0,1
2.394964480,1,1,1
2.394964800,1,0,1
2.394965280,1,1,1
2.394965600,1,0,0
2.394965920,1,1,0
2.394966240,0,0,0
2.394966560,0,1,0
2.394966880,0,0,1
2.394967200,0,1,1
2.394967520,0,0,0
2.394967840,0,1,0
2.433162080,0,0,0
2.433162400,0,1,0
2.433162720,0,0,0
2.433163200,0,1,0
2.433163520,0,0,0
2.433163840,0,1,0
2.433164160,0,0,0
2.433164480,0,1,0
2.433164800,0,0,0
2.433165120,0,1,0
2.433165440,0,0,0
2.433165760,0,1,0
2.433166080,0,0,0
2.433166400,0,1,0
2.433166720,0,0,0
2.433167200,0,1,0
2.433167520,0,0,0
2.433167840,0,1,0
2.433168160,0,0,0
2.433168480,0,1,0
2.433168800,0,0,0
2.433169120,0,1,0
2.433169440,0,0,0
2.433169760,0,1,0
2.433170080,0,0,0
2.433170400,0,1,0
2.433170720,0,0,0
2.433171200,0,1,0
2.433171520,0,0,0
2.433171840,0,1,0
2.433172160,0,0,0
2.433172480,0,1,0
2.433172800,0,0,0
2.433173120,0,1,0
2.433173440,0,0,0
2.433173760,0,1,0
2.433174080,0,0,0
2.433174400,0,1,0
2.433174720,0,0,0
2.433175200,0,1,0
2.433175520,1,0,0
2.433175840,1,1,0
2.433176160,0,0,0
2.433176480,0,1,0
2.433176800,0,0,0
2.433177120,0,1,0
2.433177440,0,0,0
2.433177760,0,1,0
2.433178080,0,0,0
2.433178400,0,1,0
2.433178720,0,0,0
2.433179200,0,1,0
2.433179520,1,0,0
2.433179840,1,1,0
2.433180160,0,0,0
2.433180480,0,1,0
2.433180800,0,0,0
2.433181120,0,1,0
2.433181440,0,0,0
2.433181760,0,1,0
2.433182080,0,0,0
2.433182400,0,1,0
2.433182720,0,0,0
2.433183200,0,1,0
2.433628800,0,0,0
2.433629120,0,1,0
2.433629440,0,0,0
2.433629760,0,1,0
2.433630080,0,0,0
2.433630400,0,1,0
2.433630720,0,0,0
2.433631200,0,1,0
2.433631520,1,0,1
2.433631840,1,1,1
2.433632160,1,0,0
2.433632480,1,1,0
2.433632800,0,0,0
2.433633120,0,1,0
2.433633440,1,0,0
2.433633760,1,1,0
2.433634080,0,0,0
2.433634400,0,1,0
2.433634720,0,0,0
2.433635200,0,1,0
2.433635520,0,0,0
2.433635840,0,1,0
2.433636160,1,0,0
2.433636480,1,1,0
2.433636800,0,0,0
2.433637120,0,1,0
2.433637440,0,0,0
2.433637760,0,1,0
2.433638080,0,0,0
2.433638400,0,1,0
2.433638720,0,0,0
2.433639200,0,1,0
2.433639520,1,0,1
2.433639840,1,1,1
2.433640160,0,0,0
2.433640480,0,1,0
2.433640800,0,0,0
2.433641120,0,1,0
2.433641440,0,0,0
2.433641760,0,1,0
2.433642080,0,0,1
2.433642400,0,1,1
2.433642720,0,0,1
2.433642880,0,0,0
2.433643200,0,1,0
2.433643520,0,0,0
2.433643840,0,1,0
2.433644160,0,0,0
2.433644480,0,1,0
2.433644800,0,0,0
2.433645120,0,1,0
2.433645440,0,0,0
2.433645760,0,1,0
2.433646080,0,0,1
2.433646400,0,1,1
2.433646720,0,0,1
2.433647200,0,1,1
2.433647520,1,0,0
2.433647840,1,1,0
2.433648160,0,0,0
2.433648480,0,1,0
2.433648800,1,0,1
2.433649120,1,1,1
2.433649440,0,0,0
2.433649760,0,1,0
2.433904160,0,0,0
2.433904480,0,1,0
2.433904800,0,0,0
2.433905120,0,1,0
2.433905440,0,0,0
2.433905760,0,1,0
2.433906080,0,0,0
2.433906400,0,1,0
2.433906720,0,0,0
2.433907200,0,1,0
2.433907520,0,0,0
2.433907840,0,1,0
2.433908160,0,0,0
2.433908480,0,1,0
2.433908800,0,0,1
2.433909120,0,1,1
2.433909440,0,0,1
2.433909760,0,1,1
2.433910080,0,0,0
2.433910400,0,1,0
2.433910720,0,0,0
2.433911200,0,1,0
2.433911520,0,0,0
2.433911840,0,1,0
2.433912160,0,0,0
2.433912480,0,1,0
2.433912800,0,0,0
2.433913120,0,1,0
2.433913440,0,0,0
2.433913760,0,1,0
2.433914080,0,0,0
2.433914400,0,1,0
2.433914720,0,0,0
2.433915200,0,1,0
2.433915520,0,0,0
2.433915840,0,1,0
2.433916160,0,0,0
2.433916480,0,1,0
2.433916800,0,0,0
2.433917120,0,1,0
2.433917440,0,0,1
2.433917760,0,1,1
2.433918080,0,0,0
2.433918400,0,1,0
2.433918720,0,0,0
2.433919200,0,1,0
2.433919520,0,0,0
2.433919840,0,1,0
2.433920160,0,0,0
2.433920480,0,1,0
2.433920800,0,0,0
2.433921120,0,1,0
2.433921440,0,0,1
2.433921760,0,1,1
2.433922080,0,0,0
2.433922400,0,1,0
2.433922720,0,0,0
2.433922880,0,0,1
2.433923200,0,1,1
2.433923520,0,0,1
2.433923840,0,1,1
2.433924160,0,0,0
2.433924480,0,1,0
2.433924800,0,0,0
2.433925120,0,1,0
2.434174720,0,0,0
2.434175200,0,1,0
2.434175520,0,0,0
2.434175840,0,1,0
2.434176160,0,0,0
2.434176480,0,1,0
2.434176800,0,0,0
2.434177120,0,1,0
2.434177440,1,0,1
2.434177760,1,1,1
2.434178080,0,0,1
2.434178400,0,1,1
2.434178720,0,0,1
2.434178880,0,0,0
2.434179200,0,1,0
2.434179520,0,0,1
2.434179840,0,1,1
2.434180160,0,0,0
2.434180480,0,1,0
2.434180800,0,0,0
2.434181120,0,1,0
2.434181440,0,0,0
2.434181760,0,1,0
2.434182080,0,0,0
2.434182400,0,1,0
2.434182720,0,0,0
2.434183200,0,1,0
2.434183520,0,0,0
2.434183840,0,1,0
2.434184160,0,0,0
2.434184480,0,1,0
2.434184800,0,0,0
2.434185120,0,1,0
2.434185440,1,0,1
2.434185760,1,1,1
2.434186080,0,0,0
2.434186400,0,1,0
2.434186720,0,0,0
2.434187200,0,1,0
2.434187520,0,0,0
2.434187840,0,1,0
2.434188160,1,0,0
2.434188480,1,1,0
2.434188800,0,0,0
2.434189120,0,1,0
2.434189440,0,0,0
2.434189760,0,1,0
2.434190080,0,0,0
2.434190400,0,1,0
2.434190720,0,0,0
2.434191200,0,1,0
2.434191520,0,0,0
2.434191840,0,1,0
2.434192160,1,0,1
2.434192480,1,1,1
2.434192800,1,0,1
2.434193120,1,1,1
2.434193440,0,0,1
2.434193760,0,1,1
2.434194080,0,0,0
2.434194400,0,1,0
2.434194720,0,0,0
2.434194880,1,0,1
2.434195200,1,1,1
2.434195520,0,0,0
2.434195840,0,1,0
2.473164800,0,0,0
2.473165120,0,1,0
2.473165440,0,0,0
2.473165760,0,1,0
2.473166080,0,0,0
2.473166400,0,1,0
2.473166720,0,0,0
2.473167040,0,1,0
2.473167360,0,0,0
2.473167680,0,1,0
2.473168000,0,0,0
2.473168320,0,1,0
2.473168800,0,0,0
2.473169120,0,1,0
2.473169440,0,0,0
2.473169760,0,1,0
2.473170080,0,0,0
2.473170400,0,1,0
2.473170720,0,0,0
2.473171040,0,1,0
2.473171360,0,0,0
2.473171680,0,1,0
2.473172000,0,0,0
2.473172320,0,1,0
2.473172800,0,0,0
2.473173120,0,1,0
2.473173440,0,0,0
2.473173760,0,1,0
2.473174080,0,0,0
2.473174400,0,1,0
2.473174720,0,0,0
2.473175040,0,1,0
2.473175360,0,0,0
2.473175680,0,1,0
2.473176000,0,0,0
2.473176320,0,1,0
2.473176800,0,0,0
2.473177120,0,1,0
2.473177440,0,0,0
2.473177760,0,1,0
2.473178080,1,0,0
2.473178400,1,1,0
2.473178720,0,0,0
2.473179040,0,1,0
2.473179360,0,0,0
2.473179680,0,1,0
2.473180000,0,0,0
2.473180320,0,1,0
2.473180800,0,0,0
2.473181120,0,1,0
2.473181440,0,0,0
2.473181760,0,1,0
2.473182080,1,0,0
2.473182400,1,1,0
2.473182720,0,0,0
2.473183040,0,1,0
2.473183360,0,0,0
2.473183680,0,1,0
2.473184000,0,0,0
2.473184320,0,1,0
2.473184800,0,0,0
2.473185120,0,1,0
2.473185440,0,0,0
2.473185760,0,1,0
2.473632000,0,0,0
2.473632320,0,1,0
2.473632800,0,0,0
2.473633120,0,1,0
2.473633440,0,0,0
2.473633760,0,1,0
2.473634080,0,0,0
2.473634400,0,1,0
2.473634720,1,0,1
2.473635040,1,1,1
2.473635360,1,0,0
2.473635680,1,1,0
2.473636000,1,0,0
2.473636320,1,1,0
2.473636800,0,0,0
2.473637120,0,1,0
2.473637440,0,0,0
2.473637760,0,1,0
2.473638080,0,0,0
2.473638400,0,1,0
2.473638720,0,0,0
2.473639040,0,1,0
2.473639360,1,0,0
2.473639680,1,1,0
2.473640000,0,0,0
2.473640320,0,1,0
2.473640800,0,0,0
2.473641120,0,1,0
2.473641440,0,0,0
2.473641760,0,1,0
2.473642080,0,0,0
2.473642400,0,1,0
2.473642720,1,0,1
2.473643040,1,1,1
2.473643360,0,0,0
2.473643680,0,1,0
2.473644000,0,0,0
2.473644320,0,1,0
2.473644800,0,0,0
2.473645120,0,1,0
2.473645440,0,0,1
2.473645760,0,1,1
2.473646080,0,0,0
2.473646400,0,1,0
2.473646720,0,0,0
2.473647040,0,1,0
2.473647360,0,0,0
2.473647680,0,1,0
2.473648000,0,0,0
2.473648320,0,1,0
2.473648800,0,0,0
2.473649120,0,1,0
2.473649440,0,0,1
2.473649760,0,1,1
2.473650080,1,0,1
2.473650400,1,1,1
2.473650720,0,0,0
2.473651040,0,1,0
2.473651360,0,0,0
2.473651680,0,1,0
2.473652000,1,0,0
2.473652160,1,0,1
2.473652320,1,1,1
2.473652800,0,0,0
2.473653120,0,1,0
2.473906720,0,0,0
2.473907040,0,1,0
2.473907360,0,0,0
2.473907680,0,1,0
2.473908000,0,0,0
2.473908320,0,1,0
2.473908800,0,0,0
2.473909120,0,1,0
2.473909440,0,0,0
2.473909760,0,1,0
2.473910080,0,0,0
2.473910400,0,1,0
2.473910720,0,0,0
2.473911040,0,1,0
2.473911360,0,0,1
2.473911680,0,1,1
2.473912000,0,0,1
2.473912320,0,1,1
2.473912800,0,0,0
2.473913120,0,1,0
2.473913440,0,0,0
2.473913760,0,1,0
2.473914080,0,0,0
2.473914400,0,1,0
2.473914720,0,0,0
2.473915040,0,1,0
2.473915360,0,0,0
2.473915680,0,1,0
2.473916000,0,0,0
2.473916320,0,1,0
2.473916800,0,0,0
2.473917120,0,1,0
2.473917440,0,0,0
2.473917760,0,1,0
2.473918080,0,0,0
2.473918400,0,1,0
2.473918720,0,0,0
2.473919040,0,1,0
2.473919360,0,0,0
2.473919680,0,1,0
2.473920000,0,0,0
2.473920160,0,0,1
2.473920320,0,1,1
2.473920800,0,0,0
2.473921120,0,1,0
2.473921440,0,0,0
2.473921760,0,1,0
2.473922080,0,0,0
2.473922400,0,1,0
2.473922720,0,0,0
2.473923040,0,1,0
2.473923360,0,0,0
2.473923680,0,1,0
2.473924000,0,0,0
2.473924160,0,0,1
2.473924320,0,1,1
2.473924800,0,0,0
2.473925120,0,1,0
2.473925440,0,0,1
2.473925760,0,1,1
2.473926080,0,0,1
2.473926400,0,1,1
2.473926720,0,0,0
2.473927040,0,1,0
2.473927360,0,0,0
2.473927680,0,1,0
2.474178080,0,0,0
2.474178400,0,1,0
2.474178720,0,0,0
2.474179040,0,1,0
2.474179360,0,0,0
2.474179680,0,1,0
2.474180000,0,0,0
2.474180320,0,1,0
2.474180800,1,0,1
2.474181120,1,1,1
2.474181440,0,0,1
2.474181760,0,1,1
2.474182080,0,0,1
2.474182400,0,1,1
2.474182720,0,0,0
2.474183040,0,1,0
2.474183360,0,0,0
2.474183680,0,1,0
2.474184000,0,0,0
2.474184320,0,1,0
2.474184800,0,0,0
2.474185120,0,1,0
2.474185440,0,0,0
2.474185760,0,1,0
2.474186080,0,0,0
2.474186400,0,1,0
2.474186720,0,0,0
2.474187040,0,1,0
2.474187360,0,0,0
2.474187680,0,1,0
2.474188000,0,0,0
2.474188320,0,1,0
2.474188800,1,0,1
2.474189120,1,1,1
2.474189440,0,0,0
2.474189760,0,1,0
2.474190080,0,0,0
2.474190400,0,1,0
2.474190720,0,0,0
2.474191040,0,1,0
2.474191360,1,0,0
2.474191680,1,1,0
2.474192000,0,0,0
2.474192320,0,1,0
2.474192800,0,0,0
2.474193120,0,1,0
2.474193440,0,0,0
2.474193760,0,1,0
2.474194080,0,0,0
2.474194400,0,1,0
2.474194720,0,0,0
2.474195040,0,1,0
2.474195360,1,0,0
2.474195680,1,1,0
2.474196000,1,0,0
2.474196320,1,1,0
2.474196800,0,0,0
2.474197120,0,1,0
2.474197440,0,0,0
2.474197760,0,1,0
2.474198080,1,0,1
2.474198400,1,1,1
2.474198720,0,0,0
2.474199040,0,1,0
2.513164640,0,0,0
2.513164960,0,1,0
2.513165280,0,0,0
2.513165600,0,1,0
2.513165920,0,0,0
2.513166400,0,1,0
2.513166720,0,0,0
2.513167040,0,1,0
2.513167360,0,0,0
2.513167680,0,1,0
2.513168000,0,0,0
2.513168320,0,1,0
2.513168640,0,0,0
2.513168960,0,1,0
2.513169280,0,0,0
2.513169600,0,1,0
2.513169920,0,0,0
2.513170400,0,1,0
2.513170720,0,0,0
2.513171040,0,1,0
2.513171360,0,0,0
2.513171680,0,1,0
2.513172000,0,0,0
2.513172320,0,1,0
2.513172640,0,0,0
2.513172960,0,1,0
2.513173280,0,0,0
2.513173600,0,1,0
2.513173920,0,0,0
2.513174400,0,1,0
2.513174720,0,0,0
2.513175040,0,1,0
2.513175360,0,0,0
2.513175680,0,1,0
2.513176000,0,0,0
2.513176320,0,1,0
2.513176640,0,0,0
2.513176960,0,1,0
2.513177280,0,0,0
2.513177600,0,1,0
2.513177920,0,0,0
2.513178080,1,0,0
2.513178400,1,1,0
2.513178720,0,0,0
2.513179040,0,1,0
2.513179360,0,0,0
2.513179680,0,1,0
2.513180000,0,0,0
2.513180320,0,1,0
2.513180640,0,0,0
2.513180960,0,1,0
2.513181280,0,0,0
2.513181600,0,1,0
2.513181920,0,0,0
2.513182080,1,0,0
2.513182400,1,1,0
2.513182720,0,0,0
2.513183040,0,1,0
2.513183360,0,0,0
2.513183680,0,1,0
2.513184000,0,0,0
2.513184320,0,1,0
2.513184640,0,0,0
2.513184960,0,1,0
2.513185280,0,0,0
2.513185600,0,1,0
2.513629920,0,0,0
2.513630400,0,1,0
2.513630720,0,0,0
2.513631040,0,1,0
2.513631360,0,0,0
2.513631680,0,1,0
2.513632000,0,0,0
2.513632320,0,1,0
2.513632640,1,0,1
2.513632960,1,1,1
2.513633280,1,0,0
2.513633600,1,1,0
2.513633920,1,0,0
2.513634400,1,1,0
2.513634720,1,0,0
2.513635040,1,1,0
2.513635360,0,0,0
2.513635680,0,1,0
2.513636000,0,0,0
2.513636320,0,1,0
2.513636640,0,0,0
2.513636960,0,1,0
2.513637280,1,0,0
2.513637600,1,1,0
2.513637920,0,0,0
2.513638400,0,1,0
2.513638720,0,0,0
2.513639040,0,1,0
2.513639360,0,0,0
2.513639680,0,1,0
2.513640000,0,0,0
2.513640320,0,1,0
2.513640640,1,0,1
2.513640960,1,1,1
2.513641280,0,0,0
2.513641600,0,1,0
2.513641920,0,0,0
2.513642400,0,1,0
2.513642720,0,0,0
2.513643040,0,1,0
2.513643360,0,0,1
2.513643680,0,1,1
2.513644000,0,0,0
2.513644320,0,1,0
2.513644640,0,0,0
2.513644960,0,1,0
2.513645280,0,0,0
2.513645600,0,1,0
2.513645920,0,0,0
2.513646400,0,1,0
2.513646720,0,0,0
2.513647040,0,1,0
2.513647360,0,0,1
2.513647680,0,1,1
2.513648000,1,0,1
2.513648320,1,1,1
2.513648640,1,0,0
2.513648960,1,1,0
2.513649280,0,0,0
2.513649600,0,1,0
2.513649920,0,0,0
2.513650080,1,0,1
2.513650400,1,1,1
2.513650720,0,0,0
2.513651040,0,1,0
2.513905280,0,0,0
2.513905600,0,1,0
2.513905920,0,0,0
2.513906400,0,1,0
2.513906720,0,0,0
2.513907040,0,1,0
2.513907360,0,0,0
2.513907680,0,1,0
2.513908000,0,0,0
2.513908320,0,1,0
2.513908640,0,0,0
2.513908960,0,1,0
2.513909280,0,0,0
2.513909600,0,1,0
2.513909920,0,0,0
2.513910080,0,0,1
2.513910400,0,1,1
2.513910720,0,0,1
2.513911040,0,1,1
2.513911360,0,0,0
2.513911680,0,1,0
2.513912000,0,0,0
2.513912320,0,1,0
2.513912640,0,0,0
2.513912960,0,1,0
2.513913280,0,0,0
2.513913600,0,1,0
2.513913920,0,0,0
2.513914400,0,1,0
2.513914720,0,0,0
2.513915040,0,1,0
2.513915360,0,0,0
2.513915680,0,1,0
2.513916000,0,0,0
2.513916320,0,1,0
2.513916640,0,0,0
2.513916960,0,1,0
2.513917280,0,0,0
2.513917600,0,1,0
2.513917920,0,0,0
2.513918400,0,1,0
2.513918720,1,0,1
2.513919040,1,1,1
2.513919360,0,0,0
2.513919680,0,1,0
2.513920000,0,0,0
2.513920320,0,1,0
2.513920640,1,0,0
2.513920960,1,1,0
2.513921280,1,0,0
2.513921600,1,1,0
2.513921920,0,0,0
2.513922400,0,1,0
2.513922720,1,0,1
2.513923040,1,1,1
2.513923360,0,0,0
2.513923680,0,1,0
2.513924000,0,0,1
2.513924320,0,1,1
2.513924640,1,0,1
2.513924960,1,1,1
2.513925280,1,0,0
2.513925600,1,1,0
2.513925920,0,0,0
2.513926400,0,1,0
2.514356000,0,0,0
2.514356320,0,1,0
2.514356640,0,0,0
2.514356960,0,1,0
2.514357280,0,0,0
2.514357600,0,1,0
2.514357920,0,0,0
2.514358400,0,1,0
2.514358720,1,0,1
2.514359040,1,1,1
2.514359360,0,0,1
2.514359680,0,1,1
2.514360000,0,0,1
2.514360320,0,1,1
2.514360640,0,0,1
2.514360960,0,1,1
2.514361280,0,0,0
2.514361600,0,1,0
2.514361920,0,0,0
2.514362400,0,1,0
2.514362720,0,0,0
2.514363040,0,1,0
2.514363360,0,0,0
2.514363680,0,1,0
2.514364000,0,0,0
2.514364320,0,1,0
2.514364640,0,0,0
2.514364960,0,1,0
2.514365280,0,0,0
2.514365600,0,1,0
2.514365920,0,0,0
2.514366400,0,1,0
2.514366720,1,0,1
2.514367040,1,1,1
2.514367360,0,0,0
2.514367680,0,1,0
2.514368000,0,0,0
2.514368320,0,1,0
2.514368640,0,0,0
2.514368960,0,1,0
2.514369280,1,0,1
2.514369600,1,1,1
2.514369920,0,0,1
2.514370080,0,0,0
2.514370400,0,1,0
2.514370720,0,0,0
2.514371040,0,1,0
2.514371360,0,0,1
2.514371680,0,1,1
2.514372000,0,0,1
2.514372320,0,1,1
2.514372640,0,0,0
2.514372960,0,1,0
2.514373280,1,0,1
2.514373600,1,1,1
2.514373920,1,0,1
2.514374400,1,1,1
2.514374720,0,0,0
2.514375040,0,1,0
2.514375360,0,0,0
2.514375680,0,1,0
2.514376000,1,0,0
2.514376320,1,1,0
2.514376640,0,0,0
2.514376960,0,1,0
2.514640000,0,0,0
2.514640320,0,1,0
2.514640640,0,0,0
2.514640960,0,1,0
2.514641280,0,0,0
2.514641600,0,1,0
2.514641920,0,0,0
2.514642400,0,1,0
2.514642720,0,0,0
2.514643040,0,1,0
2.514643360,0,0,0
2.514643680,0,1,0
2.514644000,0,0,0
2.514644320,0,1,0
2.514644640,0,0,0
2.514644960,0,1,0
2.514645280,0,0,0
2.514645600,0,1,0
2.514645920,0,0,0
2.514646400,0,1,0
2.514646720,0,0,0
2.514647040,0,1,0
2.514647360,0,0,1
2.514647680,0,1,1
2.514648000,0,0,1
2.514648320,0,1,1
2.514648640,0,0,0
2.514648960,0,1,0
2.514649280,0,0,0
2.514649600,0,1,0
2.514649920,0,0,0
2.514650080,0,0,1
2.514650400,0,1,1
2.514650720,0,0,0
2.514651040,0,1,0
2.514651360,0,0,0
2.514651680,0,1,0
2.514652000,0,0,0
2.514652320,0,1,0
2.514652640,0,0,0
2.514652960,0,1,0
2.514653280,0,0,1
2.514653600,0,1,1
2.514653920,0,0,1
2.514654080,0,0,0
2.514654400,0,1,0
2.514654720,0,0,0
2.514655040,0,1,0
2.514655360,0,0,1
2.514655680,0,1,1
2.514656000,0,0,1
2.514656320,0,1,1
2.514656640,0,0,0
2.514656960,0,1,0
2.514657280,0,0,0
2.514657600,0,1,0
2.514657920,0,0,0
2.514658080,0,0,1
2.514658400,0,1,1
2.514658720,0,0,1
2.514659040,0,1,1
2.514659360,0,0,1
2.514659680,0,1,1
2.514660000,0,0,1
2.514660320,0,1,1
2.514660640,0,0,0
2.514660960,0,1,0
2.514912640,0,0,0
2.514912960,0,1,0
2.514913280,0,0,0
2.514913600,0,1,0
2.514913920,0,0,0
2.514914400,0,1,0
2.514914720,0,0,0
2.514915040,0,1,0
2.514915360,1,0,1
2.514915680,1,1,1
2.514916000,0,0,0
2.514916320,0,1,0
2.514916640,0,0,0
2.514916960,0,1,0
2.514917280,0,0,0
2.514917600,0,1,0
2.514917920,0,0,0
2.514918400,0,1,0
2.514918720,0,0,0
2.514919040,0,1,0
2.514919360,0,0,0
2.514919680,0,1,0
2.514920000,0,0,0
2.514920320,0,1,0
2.514920640,0,0,0
2.514920960,0,1,0
2.514921280,0,0,0
2.514921600,0,1,0
2.514921920,0,0,0
2.514922400,0,1,0
2.514922720,0,0,0
2.514923040,0,1,0
2.514923360,1,0,1
2.514923680,1,1,1
2.514924000,0,0,0
2.514924320,0,1,0
2.514924640,0,0,0
2.514924960,0,1,0
2.514925280,0,0,0
2.514925600,0,1,0
2.514925920,0,0,0
2.514926080,1,0,0
2.514926400,1,1,0
2.514926720,0,0,0
2.514927040,0,1,0
2.514927360,0,0,0
2.514927680,0,1,0
2.514928000,1,0,0
2.514928320,1,1,0
2.514928640,1,0,0
2.514928960,1,1,0
2.514929280,0,0,0
2.514929600,0,1,0
2.514929920,0,0,0
2.514930080,1,0,0
2.514930400,1,1,0
2.514930720,1,0,1
2.514931040,1,1,1
2.514931360,1,0,0
2.514931680,1,1,0
2.514932000,0,0,0
2.514932320,0,1,0
2.514932640,0,0,1
2.514932960,0,1,1
2.514933280,0,0,0
2.514933600,0,1,0
2.553167200,0,0,0
2.553167520,0,1,0
2.553168000,0,0,0
2.553168320,0,1,0
2.553168640,0,0,0
2.553168960,0,1,0
2.553169280,0,0,0
2.553169600,0,1,0
2.553169920,0,0,0
2.553170240,0,1,0
2.553170560,0,0,0
2.553170880,0,1,0
2.553171200,0,0,0
2.553171520,0,1,0
2.553172000,0,0,0
2.553172320,0,1,0
2.553172640,0,0,0
2.553172960,0,1,0
2.553173280,0,0,0
2.553173600,0,1,0
2.553173920,0,0,0
2.553174240,0,1,0
2.553174560,0,0,0
2.553174880,0,1,0
2.553175200,0,0,0
2.553175520,0,1,0
2.553176000,0,0,0
2.553176320,0,1,0
2.553176640,0,0,0
2.553176960,0,1,0
2.553177280,0,0,0
2.553177600,0,1,0
2.553177920,0,0,0
2.553178240,0,1,0
2.553178560,0,0,0
2.553178880,0,1,0
2.553179200,0,0,0
2.553179520,0,1,0
2.553180000,0,0,0
2.553180320,0,1,0
2.553180640,1,0,0
2.553180960,1,1,0
2.553181280,0,0,0
2.553181600,0,1,0
2.553181920,0,0,0
2.553182240,0,1,0
2.553182560,0,0,0
2.553182880,0,1,0
2.553183200,0,0,0
2.553183520,0,1,0
2.553184000,0,0,0
2.553184320,0,1,0
2.553184640,1,0,0
2.553184960,1,1,0
2.553185280,0,0,0
2.553185600,0,1,0
2.553185920,0,0,0
2.553186240,0,1,0
2.553186560,0,0,0
2.553186880,0,1,0
2.553187200,0,0,0
2.553187520,0,1,0
2.553188000,0,0,0
2.553188320,0,1,0
2.553636640,0,0,0
2.553636960,0,1,0
2.553637280,0,0,0
2.553637600,0,1,0
2.553637920,0,0,0
2.553638240,0,1,0
2.553638560,0,0,0
2.553638880,0,1,0
2.553639200,1,0,1
2.553639520,1,1,1
2.553640000,0,0,0
2.553640320,0,1,0
2.553640640,0,0,0
2.553640960,0,1,0
2.553641280,1,0,0
2.553641600,1,1,0
2.553641920,0,0,0
2.553642240,0,1,0
2.553642560,0,0,0
2.553642880,0,1,0
2.553643200,0,0,0
2.553643520,0,1,0
2.553644000,1,0,0
2.553644320,1,1,0
2.553644640,0,0,0
2.553644960,0,1,0
2.553645280,0,0,0
2.553645600,0,1,0
2.553645920,0,0,0
2.553646240,0,1,0
2.553646560,0,0,0
2.553646880,0,1,0
2.553647200,1,0,1
2.553647520,1,1,1
2.553648000,0,0,0
2.553648320,0,1,0
2.553648640,0,0,0
2.553648960,0,1,0
2.553649280,0,0,0
2.553649600,0,1,0
2.553649920,0,0,1
2.553650240,0,1,1
2.553650560,0,0,0
2.553650880,0,1,0
2.553651200,0,0,0
2.553651520,0,1,0
2.553652000,0,0,0
2.553652320,0,1,0
2.553652640,0,0,0
2.553652960,0,1,0
2.553653280,0,0,0
2.553653600,0,1,0
2.553653920,1,0,1
2.553654240,1,1,1
2.553654560,0,0,1
2.553654880,0,1,1
2.553655200,1,0,0
2.553655520,1,1,0
2.553656000,0,0,0
2.553656320,0,1,0
2.553656640,1,0,1
2.553656960,1,1,1
2.553657280,0,0,0
2.553657600,0,1,0
2.553913280,0,0,0
2.553913600,0,1,0
2.553913920,0,0,0
2.553914240,0,1,0
2.553914560,0,0,0
2.553914880,0,1,0
2.553915200,0,0,0
2.553915520,0,1,0
2.553916000,0,0,0
2.553916320,0,1,0
2.553916640,0,0,0
2.553916960,0,1,0
2.553917280,0,0,0
2.553917600,0,1,0
2.553917920,0,0,1
2.553918240,0,1,1
2.553918560,0,0,1
2.553918880,0,1,1
2.553919200,0,0,0
2.553919520,0,1,0
2.553920000,0,0,0
2.553920320,0,1,0
2.553920640,0,0,0
2.553920960,0,1,0
2.553921280,0,0,0
2.553921600,0,1,0
2.553921920,0,0,0
2.553922240,0,1,0
2.553922560,0,0,0
2.553922880,0,1,0
2.553923200,0,0,0
2.553923520,0,1,0
2.553924000,0,0,0
2.553924320,0,1,0
2.553924640,0,0,0
2.553924960,0,1,0
2.553925280,0,0,0
2.553925600,0,1,0
2.553925920,0,0,0
2.553926240,0,1,0
2.553926560,0,0,1
2.553926880,0,1,1
2.553927200,0,0,0
2.553927520,0,1,0
2.553928000,0,0,0
2.553928320,0,1,0
2.553928640,0,0,0
2.553928960,0,1,0
2.553929280,0,0,0
2.553929600,0,1,0
2.553929920,0,0,0
2.553930240,0,1,0
2.553930560,0,0,1
2.553930880,0,1,1
2.553931200,0,0,0
2.553931520,0,1,0
2.553932000,0,0,1
2.553932320,0,1,1
2.553932640,0,0,1
2.553932960,0,1,1
2.553933280,0,0,0
2.553933600,0,1,0
2.553933920,0,0,0
2.553934240,0,1,0
2.554184000,0,0,0
2.554184320,0,1,0
2.554184640,0,0,0
2.554184960,0,1,0
2.554185280,0,0,0
2.554185600,0,1,0
2.554185920,0,0,0
2.554186240,0,1,0
2.554186560,1,0,1
2.554186880,1,1,1
2.554187200,0,0,0
2.554187520,0,1,0
2.554188000,0,0,0
2.554188320,0,1,0
2.554188640,0,0,1
2.554188960,0,1,1
2.554189280,0,0,0
2.554189600,0,1,0
2.554189920,0,0,0
2.554190240,0,1,0
2.554190560,0,0,0
2.554190880,0,1,0
2.554191200,0,0,0
2.554191520,0,1,0
2.554192000,0,0,0
2.554192320,0,1,0
2.554192640,0,0,0
2.554192960,0,1,0
2.554193280,0,0,0
2.554193600,0,1,0
2.554193920,0,0,0
2.554194240,0,1,0
2.554194560,1,0,1
2.554194880,1,1,1
2.554195200,0,0,0
2.554195520,0,1,0
2.554196000,0,0,0
2.554196320,0,1,0
2.554196640,0,0,0
2.554196960,0,1,0
2.554197280,1,0,0
2.554197600,1,1,0
2.554197920,0,0,0
2.554198240,0,1,0
2.554198560,0,0,0
2.554198880,0,1,0
2.554199200,0,0,0
2.554199520,0,1,0
2.554200000,0,0,0
2.554200320,0,1,0
2.554200640,0,0,0
2.554200960,0,1,0
2.554201280,1,0,0
2.554201600,1,1,0
2.554201920,1,0,1
2.554202240,1,1,1
2.554202560,0,0,1
2.554202880,0,1,1
2.554203200,0,0,0
2.554203520,0,1,0
2.554204000,1,0,1
2.554204320,1,1,1
2.554204640,0,0,0
2.554204960,0,1,0
2.593169920,0,0,0
2.593170240,0,1,0
2.593170560,0,0,0
2.593170880,0,1,0
2.593171200,0,0,0
2.593171520,0,1,0
2.593171840,0,0,0
2.593172160,0,1,0
2.593172480,0,0,0
2.593172800,0,1,0
2.593173120,0,0,0
2.593173600,0,1,0
2.593173920,0,0,0
2.593174240,0,1,0
2.593174560,0,0,0
2.593174880,0,1,0
2.593175200,0,0,0
2.593175520,0,1,0
2.593175840,0,0,0
2.593176160,0,1,0
2.593176480,0,0,0
2.593176800,0,1,0
2.593177120,0,0,0
2.593177600,0,1,0
2.593177920,0,0,0
2.593178240,0,1,0
2.593178560,0,0,0
2.593178880,0,1,0
2.593179200,0,0,0
2.593179520,0,1,0
2.593179840,0,0,0
2.593180160,0,1,0
2.593180480,0,0,0
2.593180800,0,1,0
2.593181120,0,0,0
2.593181600,0,1,0
2.593181920,0,0,0
2.593182240,0,1,0
2.593182560,0,0,0
2.593182880,0,1,0
2.593183200,1,0,0
2.593183520,1,1,0
2.593183840,0,0,0
2.593184160,0,1,0
2.593184480,0,0,0
2.593184800,0,1,0
2.593185120,0,0,0
2.593185600,0,1,0
2.593185920,0,0,0
2.593186240,0,1,0
2.593186560,0,0,0
2.593186880,0,1,0
2.593187200,1,0,0
2.593187520,1,1,0
2.593187840,0,0,0
2.593188160,0,1,0
2.593188480,0,0,0
2.593188800,0,1,0
2.593189120,0,0,0
2.593189600,0,1,0
2.593189920,0,0,0
2.593190240,0,1,0
2.593190560,0,0,0
2.593190880,0,1,0
2.593640480,0,0,0
2.593640800,0,1,0
2.593641120,0,0,0
2.593641600,0,1,0
2.593641920,0,0,0
2.593642240,0,1,0
2.593642560,0,0,0
2.593642880,0,1,0
2.593643200,1,0,1
2.593643520,1,1,1
2.593643840,0,0,0
2.593644160,0,1,0
2.593644480,1,0,0
2.593644800,1,1,0
2.593645120,0,0,0
2.593645600,0,1,0
2.593645920,0,0,0
2.593646240,0,1,0
2.593646560,0,0,0
2.593646880,0,1,0
2.593647200,0,0,0
2.593647520,0,1,0
2.593647840,1,0,0
2.593648160,1,1,0
2.593648480,0,0,0
2.593648800,0,1,0
2.593649120,0,0,0
2.593649600,0,1,0
2.593649920,0,0,0
2.593650240,0,1,0
2.593650560,0,0,0
2.593650880,0,1,0
2.593651200,1,0,1
2.593651520,1,1,1
2.593651840,0,0,0
2.593652160,0,1,0
2.593652480,0,0,0
2.593652800,0,1,0
2.593653120,0,0,0
2.593653600,0,1,0
2.593653920,0,0,1
2.593654240,0,1,1
2.593654560,0,0,0
2.593654880,0,1,0
2.593655200,0,0,0
2.593655520,0,1,0
2.593655840,0,0,0
2.593656160,0,1,0
2.593656480,0,0,0
2.593656800,0,1,0
2.593657120,0,0,0
2.593657600,0,1,0
2.593657920,1,0,1
2.593658240,1,1,1
2.593658560,1,0,1
2.593658880,1,1,1
2.593659200,0,0,0
2.593659520,0,1,0
2.593659840,0,0,0
2.593660160,0,1,0
2.593660480,1,0,1
2.593660800,1,1,1
2.593661120,0,0,1
2.593661280,0,0,0
2.593661600,0,1,0
2.593917920,0,0,0
2.593918240,0,1,0
2.593918560,0,0,0
2.593918880,0,1,0
2.593919200,0,0,0
2.593919520,0,1,0
2.593919840,0,0,0
2.593920160,0,1,0
2.593920480,0,0,0
2.593920800,0,1,0
2.593921120,0,0,0
2.593921600,0,1,0
2.593921920,0,0,0
2.593922240,0,1,0
2.593922560,0,0,1
2.593922880,0,1,1
2.593923200,0,0,1
2.593923520,0,1,1
2.593923840,0,0,0
2.593924160,0,1,0
2.593924480,0,0,0
2.593924800,0,1,0
2.593925120,0,0,0
2.593925600,0,1,0
2.593925920,0,0,0
2.593926240,0,1,0
2.593926560,0,0,0
2.593926880,0,1,0
2.593927200,0,0,0
2.593927520,0,1,0
2.593927840,0,0,0
2.593928160,0,1,0
2.593928480,0,0,0
2.593928800,0,1,0
2.593929120,0,0,0
2.593929600,0,1,0
2.593929920,0,0,0
2.593930240,0,1,0
2.593930560,0,0,0
2.593930880,0,1,0
2.593931200,0,0,1
2.593931520,0,1,1
2.593931840,0,0,0
2.593932160,0,1,0
2.593932480,0,0,0
2.593932800,0,1,0
2.593933120,0,0,0
2.593933600,0,1,0
2.593933920,0,0,0
2.593934240,0,1,0
2.593934560,0,0,0
2.593934880,0,1,0
2.593935200,0,0,1
2.593935520,0,1,1
2.593935840,0,0,0
2.593936160,0,1,0
2.593936480,0,0,1
2.593936800,0,1,1
2.593937120,0,0,1
2.593937600,0,1,1
2.593937920,0,0,0
2.593938240,0,1,0
2.593938560,0,0,0
2.593938880,0,1,0
2.594191200,0,0,0
2.594191520,0,1,0
2.594191840,0,0,0
2.594192160,0,1,0
2.594192480,0,0,0
2.594192800,0,1,0
2.594193120,0,0,0
2.594193600,0,1,0
2.594193920,1,0,1
2.594194240,1,1,1
2.594194560,0,0,0
2.594194880,0,1,0
2.594195200,0,0,1
2.594195520,0,1,1
2.594195840,0,0,0
2.594196160,0,1,0
2.594196480,0,0,0
2.594196800,0,1,0
2.594197120,0,0,0
2.594197600,0,1,0
2.594197920,0,0,0
2.594198240,0,1,0
2.594198560,0,0,0
2.594198880,0,1,0
2.594199200,0,0,0
2.594199520,0,1,0
2.594199840,0,0,0
2.594200160,0,1,0
2.594200480,0,0,0
2.594200800,0,1,0
2.594201120,0,0,0
2.594201600,0,1,0
2.594201920,1,0,1
2.594202240,1,1,1
2.594202560,0,0,0
2.594202880,0,1,0
2.594203200,0,0,0
2.594203520,0,1,0
2.594203840,0,0,0
2.594204160,0,1,0
2.594204480,1,0,0
2.594204800,1,1,0
2.594205120,0,0,0
2.594205600,0,1,0
2.594205920,0,0,0
2.594206240,0,1,0
2.594206560,0,0,0
2.594206880,0,1,0
2.594207200,0,0,0
2.594207520,0,1,0
2.594207840,0,0,0
2.594208160,0,1,0
2.594208480,1,0,1
2.594208800,1,1,1
2.594209120,1,0,1
2.594209280,1,0,0
2.594209600,1,1,0
2.594209920,0,0,0
2.594210240,0,1,0
2.594210560,0,0,0
2.594210880,0,1,0
2.594211200,1,0,1
2.594211520,1,1,1
2.594211840,0,0,0
2.594212160,0,1,0
2.633177120,0,0,0
2.633177440,0,1,0
2.633177760,0,0,0
2.633178080,0,1,0
2.633178400,0,0,0
2.633178720,0,1,0
2.633179040,0,0,0
2.633179520,0,1,0
2.633179840,0,0,0
2.633180160,0,1,0
2.633180480,0,0,0
2.633180800,0,1,0
2.633181120,0,0,0
2.633181440,0,1,0
2.633181760,0,0,0
2.633182080,0,1,0
2.633182400,0,0,0
2.633182720,0,1,0
2.633183040,0,0,0
2.633183520,0,1,0
2.633183840,0,0,0
2.633184160,0,1,0
2.633184480,0,0,0
2.633184800,0,1,0
2.633185120,0,0,0
2.633185440,0,1,0
2.633185760,0,0,0
2.633186080,0,1,0
2.633186400,0,0,0
2.633186720,0,1,0
2.633187040,0,0,0
2.633187520,0,1,0
2.633187840,0,0,0
2.633188160,0,1,0
2.633188480,0,0,0
2.633188800,0,1,0
2.633189120,0,0,0
2.633189440,0,1,0
2.633189760,0,0,0
2.633190080,0,1,0
2.633190400,1,0,0
2.633190720,1,1,0
2.633191040,1,0,0
2.633191200,0,0,0
2.633191520,0,1,0
2.633191840,0,0,0
2.633192160,0,1,0
2.633192480,0,0,0
2.633192800,0,1,0
2.633193120,0,0,0
2.633193440,0,1,0
2.633193760,0,0,0
2.633194080,0,1,0
2.633194400,1,0,0
2.633194720,1,1,0
2.633195040,1,0,0
2.633195200,0,0,0
2.633195520,0,1,0
2.633195840,0,0,0
2.633196160,0,1,0
2.633196480,0,0,0
2.633196800,0,1,0
2.633197120,0,0,0
2.633197440,0,1,0
2.633197760,0,0,0
2.633198080,0,1,0
2.633644480,0,0,0
2.633644800,0,1,0
2.633645120,0,0,0
2.633645440,0,1,0
2.633645760,0,0,0
2.633646080,0,1,0
2.633646400,0,0,0
2.633646720,0,1,0
2.633647040,0,0,0
2.633647200,1,0,1
2.633647520,1,1,1
2.633647840,0,0,0
2.633648160,0,1,0
2.633648480,1,0,0
2.633648800,1,1,0
2.633649120,1,0,0
2.633649440,1,1,0
2.633649760,0,0,0
2.633650080,0,1,0
2.633650400,0,0,0
2.633650720,0,1,0
2.633651040,0,0,0
2.633651520,0,1,0
2.633651840,1,0,0
2.633652160,1,1,0
2.633652480,0,0,0
2.633652800,0,1,0
2.633653120,0,0,0
2.633653440,0,1,0
2.633653760,0,0,0
2.633654080,0,1,0
2.633654400,0,0,0
2.633654720,0,1,0
2.633655040,0,0,0
2.633655200,1,0,1
2.633655520,1,1,1
2.633655840,0,0,0
2.633656160,0,1,0
2.633656480,0,0,0
2.633656800,0,1,0
2.633657120,0,0,0
2.633657440,0,1,0
2.633657760,0,0,1
2.633658080,0,1,1
2.633658400,0,0,0
2.633658720,0,1,0
2.633659040,0,0,0
2.633659520,0,1,0
2.633659840,0,0,0
2.633660160,0,1,0
2.633660480,0,0,0
2.633660800,0,1,0
2.633661120,0,0,0
2.633661440,0,1,0
2.633661760,1,0,1
2.633662080,1,1,1
2.633662400,1,0,1
2.633662720,1,1,1
2.633663040,1,0,1
2.633663200,1,0,0
2.633663520,1,1,0
2.633663840,0,0,0
2.633664160,0,1,0
2.633664480,1,0,1
2.633664800,1,1,1
2.633665120,0,0,0
2.633665440,0,1,0
2.633919840,0,0,0
2.633920160,0,1,0
2.633920480,0,0,0
2.633920800,0,1,0
2.633921120,0,0,0
2.633921440,0,1,0
2.633921760,0,0,0
2.633922080,0,1,0
2.633922400,0,0,0
2.633922720,0,1,0
2.633923040,0,0,0
2.633923520,0,1,0
2.633923840,0,0,0
2.633924160,0,1,0
2.633924480,0,0,1
2.633924800,0,1,1
2.633925120,0,0,1
2.633925440,0,1,1
2.633925760,0,0,0
2.633926080,0,1,0
2.633926400,0,0,0
2.633926720,0,1,0
2.633927040,0,0,0
2.633927520,0,1,0
2.633927840,0,0,0
2.633928160,0,1,0
2.633928480,0,0,0
2.633928800,0,1,0
2.633929120,0,0,0
2.633929440,0,1,0
2.633929760,0,0,0
2.633930080,0,1,0
2.633930400,0,0,0
2.633930720,0,1,0
2.633931040,0,0,0
2.633931520,0,1,0
2.633931840,0,0,0
2.633932160,0,1,0
2.633932480,0,0,0
2.633932800,0,1,0
2.633933120,1,0,1
2.633933440,1,1,1
2.633933760,0,0,0
2.633934080,0,1,0
2.633934400,0,0,0
2.633934720,0,1,0
2.633935040,0,0,0
2.633935200,1,0,0
2.633935520,1,1,0
2.633935840,1,0,0
2.633936160,1,1,0
2.633936480,0,0,0
2.633936800,0,1,0
2.633937120,1,0,1
2.633937440,1,1,1
2.633937760,0,0,0
2.633938080,0,1,0
2.633938400,0,0,1
2.633938720,0,1,1
2.633939040,0,0,1
2.633939200,1,0,1
2.633939520,1,1,1
2.633939840,1,0,0
2.633940160,1,1,0
2.633940480,0,0,0
2.633940800,0,1,0
2.634370400,0,0,0
2.634370720,0,1,0
2.634371040,0,0,0
2.634371520,0,1,0
2.634371840,0,0,0
2.634372160,0,1,0
2.634372480,0,0,0
2.634372800,0,1,0
2.634373120,1,0,1
2.634373440,1,1,1
2.634373760,1,0,0
2.634374080,1,1,0
2.634374400,0,0,1
2.634374720,0,1,1
2.634375040,0,0,1
2.634375520,0,1,1
2.634375840,0,0,0
2.634376160,0,1,0
2.634376480,0,0,0
2.634376800,0,1,0
2.634377120,0,0,0
2.634377440,0,1,0
2.634377760,0,0,0
2.634378080,0,1,0
2.634378400,0,0,0
2.634378720,0,1,0
2.634379040,0,0,0
2.634379520,0,1,0
2.634379840,0,0,0
2.634380160,0,1,0
2.634380480,0,0,0
2.634380800,0,1,0
2.634381120,1,0,1
2.634381440,1,1,1
2.634381760,0,0,0
2.634382080,0,1,0
2.634382400,0,0,0
2.634382720,0,1,0
2.634383040,0,0,0
2.634383520,0,1,0
2.634383840,1,0,1
2.634384160,1,1,1
2.634384480,0,0,0
2.634384800,0,1,0
2.634385120,0,0,0
2.634385440,0,1,0
2.634385760,0,0,1
2.634386080,0,1,1
2.634386400,0,0,1
2.634386720,0,1,1
2.634387040,0,0,1
2.634387200,0,0,0
2.634387520,0,1,0
2.634387840,0,0,0
2.634388160,0,1,0
2.634388480,1,0,1
2.634388800,1,1,1
2.634389120,0,0,0
2.634389440,0,1,0
2.634389760,0,0,0
2.634390080,0,1,0
2.634390400,1,0,0
2.634390720,1,1,0
2.634391040,0,0,0
2.634391520,0,1,0
2.634652480,0,0,0
2.634652800,0,1,0
2.634653120,0,0,0
2.634653440,0,1,0
2.634653760,0,0,0
2.634654080,0,1,0
2.634654400,0,0,0
2.634654720,0,1,0
2.634655040,0,0,0
2.634655520,0,1,0
2.634655840,0,0,0
2.634656160,0,1,0
2.634656480,0,0,0
2.634656800,0,1,0
2.634657120,0,0,0
2.634657440,0,1,0
2.634657760,0,0,0
2.634658080,0,1,0
2.634658400,0,0,0
2.634658720,0,1,0
2.634659040,0,0,0
2.634659520,0,1,0
2.634659840,0,0,1
2.634660160,0,1,1
2.634660480,0,0,1
2.634660800,0,1,1
2.634661120,0,0,0
2.634661440,0,1,0
2.634661760,0,0,0
2.634662080,0,1,0
2.634662400,0,0,1
2.634662720,0,1,1
2.634663040,0,0,1
2.634663200,0,0,0
2.634663520,0,1,0
2.634663840,0,0,0
2.634664160,0,1,0
2.634664480,0,0,0
2.634664800,0,1,0
2.634665120,0,0,0
2.634665440,0,1,0
2.634665760,0,0,1
2.634666080,0,1,1
2.634666400,0,0,0
2.634666720,0,1,0
2.634667040,0,0,0
2.634667520,0,1,0
2.634667840,0,0,1
2.634668160,0,1,1
2.634668480,0,0,1
2.634668800,0,1,1
2.634669120,0,0,0
2.634669440,0,1,0
2.634669760,0,0,0
2.634670080,0,1,0
2.634670400,0,0,1
2.634670720,0,1,1
2.634671040,0,0,1
2.634671520,0,1,1
2.634671840,0,0,1
2.634672160,0,1,1
2.634672480,0,0,1
2.634672800,0,1,1
2.634673120,0,0,0
2.634673440,0,1,0
2.634925120,0,0,0
2.634925440,0,1,0
2.634925760,0,0,0
2.634926080,0,1,0
2.634926400,0,0,0
2.634926720,0,1,0
2.634927040,0,0,0
2.634927520,0,1,0
2.634927840,1,0,1
2.634928160,1,1,1
2.634928480,0,0,1
2.634928800,0,1,1
2.634929120,0,0,0
2.634929440,0,1,0
2.634929760,0,0,0
2.634930080,0,1,0
2.634930400,0,0,0
2.634930720,0,1,0
2.634931040,0,0,0
2.634931520,0,1,0
2.634931840,0,0,0
2.634932160,0,1,0
2.634932480,0,0,0
2.634932800,0,1,0
2.634933120,0,0,0
2.634933440,0,1,0
2.634933760,0,0,0
2.634934080,0,1,0
2.634934400,0,0,0
2.634934720,0,1,0
2.634935040,0,0,0
2.634935520,0,1,0
2.634935840,1,0,1
2.634936160,1,1,1
2.634936480,0,0,0
2.634936800,0,1,0
2.634937120,0,0,0
2.634937440,0,1,0
2.634937760,0,0,0
2.634938080,0,1,0
2.634938400,1,0,0
2.634938720,1,1,0
2.634939040,0,0,0
2.634939520,0,1,0
2.634939840,0,0,0
2.634940160,0,1,0
2.634940480,1,0,0
2.634940800,1,1,0
2.634941120,1,0,0
2.634941440,1,1,0
2.634941760,0,0,0
2.634942080,0,1,0
2.634942400,1,0,1
2.634942720,1,1,1
2.634943040,1,0,1
2.634943520,1,1,1
2.634943840,1,0,0
2.634944160,1,1,0
2.634944480,0,0,0
2.634944800,0,1,0
2.634945120,0,0,1
2.634945440,0,1,1
2.634945760,0,0,0
2.634946080,0,1,0
2.673163680,0,0,0
2.673164000,0,1,0
2.673164320,0,0,0
2.673164640,0,1,0
2.673165120,0,0,0
2.673165440,0,1,0
2.673165760,0,0,0
2.673166080,0,1,0
2.673166400,0,0,0
2.673166720,0,1,0
2.673167040,0,0,0
2.673167360,0,1,0
2.673167680,0,0,0
2.673168000,0,1,0
2.673168320,0,0,0
2.673168640,0,1,0
2.673169120,0,0,0
2.673169440,0,1,0
2.673169760,0,0,0
2.673170080,0,1,0
2.673170400,0,0,0
2.673170720,0,1,0
2.673171040,0,0,0
2.673171360,0,1,0
2.673171680,0,0,0
2.673172000,0,1,0
2.673172320,0,0,0
2.673172800,0,1,0
2.673173120,0,0,0
2.673173440,0,1,0
2.673173760,0,0,0
2.673174080,0,1,0
2.673174400,0,0,0
2.673174720,0,1,0
2.673175040,0,0,0
2.673175360,0,1,0
2.673175680,0,0,0
2.673176000,0,1,0
2.673176320,0,0,0
2.673176800,0,1,0
2.673177120,1,0,0
2.673177440,1,1,0
2.673177760,0,0,0
2.673178080,0,1,0
2.673178400,0,0,0
2.673178720,0,1,0
2.673179040,0,0,0
2.673179360,0,1,0
2.673179680,0,0,0
2.673180000,0,1,0
2.673180320,0,0,0
2.673180800,0,1,0
2.673181120,1,0,0
2.673181440,1,1,0
2.673181760,0,0,0
2.673182080,0,1,0
2.673182400,0,0,0
2.673182720,0,1,0
2.673183040,0,0,0
2.673183360,0,1,0
2.673183680,0,0,0
2.673184000,0,1,0
2.673184320,0,0,0
2.673184800,0,1,0
2.673629760,0,0,0
2.673630080,0,1,0
2.673630400,0,0,0
2.673630720,0,1,0
2.673631040,0,0,0
2.673631360,0,1,0
2.673631680,0,0,0
2.673632000,0,1,0
2.673632320,1,0,0
2.673632480,1,0,1
2.673632640,1,1,1
2.673633120,1,0,0
2.673633440,1,1,0
2.673633760,0,0,0
2.673634080,0,1,0
2.673634400,1,0,0
2.673634720,1,1,0
2.673635040,0,0,0
2.673635360,0,1,0
2.673635680,0,0,0
2.673636000,0,1,0
2.673636320,0,0,0
2.673636640,0,1,0
2.673637120,1,0,0
2.673637440,1,1,0
2.673637760,0,0,0
2.673638080,0,1,0
2.673638400,0,0,0
2.673638720,0,1,0
2.673639040,0,0,0
2.673639360,0,1,0
2.673639680,0,0,0
2.673640000,0,1,0
2.673640320,1,0,0
2.673640480,1,0,1
2.673640640,1,1,1
2.673641120,0,0,0
2.673641440,0,1,0
2.673641760,0,0,0
2.673642080,0,1,0
2.673642400,0,0,0
2.673642720,0,1,0
2.673643040,0,0,1
2.673643360,0,1,1
2.673643680,0,0,0
2.673644000,0,1,0
2.673644320,0,0,0
2.673644640,0,1,0
2.673645120,0,0,0
2.673645440,0,1,0
2.673645760,0,0,0
2.673646080,0,1,0
2.673646400,0,0,0
2.673646720,0,1,0
2.673647040,0,0,1
2.673647360,0,1,1
2.673647680,0,0,1
2.673648000,0,1,1
2.673648320,1,0,1
2.673648480,1,0,0
2.673648800,1,1,0
2.673649120,0,0,0
2.673649440,0,1,0
2.673649760,1,0,1
2.673650080,1,1,1
2.673650400,0,0,0
2.673650720,0,1,0
2.673905120,0,0,0
2.673905440,0,1,0
2.673905760,0,0,0
2.673906080,0,1,0
2.673906400,0,0,0
2.673906720,0,1,0
2.673907040,0,0,0
2.673907360,0,1,0
2.673907680,0,0,0
2.673908000,0,1,0
2.673908320,0,0,0
2.673908640,0,1,0
2.673909120,0,0,0
2.673909440,0,1,0
2.673909760,0,0,1
2.673910080,0,1,1
2.673910400,0,0,1
2.673910720,0,1,1
2.673911040,0,0,0
2.673911360,0,1,0
2.673911680,0,0,0
2.673912000,0,1,0
2.673912320,0,0,0
2.673912640,0,1,0
2.673913120,0,0,0
2.673913440,0,1,0
2.673913760,0,0,0
2.673914080,0,1,0
2.673914400,0,0,0
2.673914720,0,1,0
2.673915040,0,0,0
2.673915360,0,1,0
2.673915680,0,0,0
2.673916000,0,1,0
2.673916320,0,0,0
2.673916640,0,1,0
2.673917120,0,0,0
2.673917440,0,1,0
2.673917760,0,0,0
2.673918080,0,1,0
2.673918400,0,0,1
2.673918720,0,1,1
2.673919040,0,0,0
2.673919360,0,1,0
2.673919680,0,0,0
2.673920000,0,1,0
2.673920320,0,0,0
2.673920640,0,1,0
2.673921120,0,0,0
2.673921440,0,1,0
2.673921760,0,0,0
2.673922080,0,1,0
2.673922400,0,0,1
2.673922720,0,1,1
2.673923040,0,0,0
2.673923360,0,1,0
2.673923680,0,0,1
2.673924000,0,1,1
2.673924320,0,0,1
2.673924640,0,1,1
2.673925120,0,0,0
2.673925440,0,1,0
2.673925760,0,0,0
2.673926080,0,1,0
2.674176320,0,0,0
2.674176640,0,1,0
2.674177120,0,0,0
2.674177440,0,1,0
2.674177760,0,0,0
2.674178080,0,1,0
2.674178400,0,0,0
2.674178720,0,1,0
2.674179040,1,0,1
2.674179360,1,1,1
2.674179680,0,0,1
2.674180000,0,1,1
2.674180320,0,0,1
2.674180480,0,0,0
2.674180640,0,1,0
2.674181120,0,0,1
2.674181440,0,1,1
2.674181760,0,0,0
2.674182080,0,1,0
2.674182400,0,0,0
2.674182720,0,1,0
2.674183040,0,0,0
2.674183360,0,1,0
2.674183680,0,0,0
2.674184000,0,1,0
2.674184320,0,0,0
2.674184640,0,1,0
2.674185120,0,0,0
2.674185440,0,1,0
2.674185760,0,0,0
2.674186080,0,1,0
2.674186400,0,0,0
2.674186720,0,1,0
2.674187040,1,0,1
2.674187360,1,1,1
2.674187680,0,0,0
2.674188000,0,1,0
2.674188320,0,0,0
2.674188640,0,1,0
2.674189120,0,0,0
2.674189440,0,1,0
2.674189760,1,0,0
2.674190080,1,1,0
2.674190400,0,0,0
2.674190720,0,1,0
2.674191040,0,0,0
2.674191360,0,1,0
2.674191680,0,0,0
2.674192000,0,1,0
2.674192320,0,0,0
2.674192640,0,1,0
2.674193120,0,0,0
2.674193440,0,1,0
2.674193760,1,0,1
2.674194080,1,1,1
2.674194400,1,0,1
2.674194720,1,1,1
2.674195040,0,0,1
2.674195360,0,1,1
2.674195680,0,0,0
2.674196000,0,1,0
2.674196320,1,0,0
2.674196480,1,0,1
2.674196640,1,1,1
2.674197120,0,0,0
2.674197440,0,1,0
2.713154240,0,0,0
2.713154720,0,1,0
2.713155040,0,0,0
2.713155360,0,1,0
2.713155680,0,0,0
2.713156000,0,1,0
2.713156320,0,0,0
2.713156640,0,1,0
2.713156960,0,0,0
2.713157280,0,1,0
2.713157600,0,0,0
2.713157920,0,1,0
2.713158240,0,0,0
2.713158720,0,1,0
2.713159040,0,0,0
2.713159360,0,1,0
2.713159680,0,0,0
2.713160000,0,1,0
2.713160320,0,0,0
2.713160640,0,1,0
2.713160960,0,0,0
2.713161280,0,1,0
2.713161600,0,0,0
2.713161920,0,1,0
2.713162240,0,0,0
2.713162720,0,1,0
2.713163040,0,0,0
2.713163360,0,1,0
2.713163680,0,0,0
2.713164000,0,1,0
2.713164320,0,0,0
2.713164640,0,1,0
2.713164960,0,0,0
2.713165280,0,1,0
2.713165600,0,0,0
2.713165920,0,1,0
2.713166240,0,0,0
2.713166720,0,1,0
2.713167040,0,0,0
2.713167360,0,1,0
2.713167680,1,0,0
2.713168000,1,1,0
2.713168320,0,0,0
2.713168640,0,1,0
2.713168960,0,0,0
2.713169280,0,1,0
2.713169600,0,0,0
2.713169920,0,1,0
2.713170240,0,0,0
2.713170720,0,1,0
2.713171040,0,0,0
2.713171360,0,1,0
2.713171680,1,0,0
2.713172000,1,1,0
2.713172320,0,0,0
2.713172640,0,1,0
2.713172960,0,0,0
2.713173280,0,1,0
2.713173600,0,0,0
2.713173920,0,1,0
2.713174240,0,0,0
2.713174720,0,1,0
2.713175040,0,0,0
2.713175360,0,1,0
2.713621600,0,0,0
2.713621920,0,1,0
2.713622240,0,0,0
2.713622720,0,1,0
2.713623040,0,0,0
2.713623360,0,1,0
2.713623680,0,0,0
2.713624000,0,1,0
2.713624320,1,0,1
2.713624640,1,1,1
2.713624960,1,0,0
2.713625280,1,1,0
2.713625600,1,0,0
2.713625920,1,1,0
2.713626240,0,0,0
2.713626720,0,1,0
2.713627040,0,0,0
2.713627360,0,1,0
2.713627680,0,0,0
2.713628000,0,1,0
2.713628320,0,0,0
2.713628640,0,1,0
2.713628960,1,0,0
2.713629280,1,1,0
2.713629600,0,0,0
2.713629920,0,1,0
2.713630240,0,0,0
2.713630720,0,1,0
2.713631040,0,0,0
2.713631360,0,1,0
2.713631680,0,0,0
2.713632000,0,1,0
2.713632320,1,0,1
2.713632640,1,1,1
2.713632960,0,0,0
2.713633280,0,1,0
2.713633600,0,0,0
2.713633920,0,1,0
2.713634240,0,0,0
2.713634720,0,1,0
2.713635040,0,0,1
2.713635360,0,1,1
2.713635680,0,0,0
2.713636000,0,1,0
2.713636320,0,0,0
2.713636640,0,1,0
2.713636960,0,0,0
2.713637280,0,1,0
2.713637600,0,0,0
2.713637920,0,1,0
2.713638240,0,0,0
2.713638720,0,1,0
2.713639040,0,0,1
2.713639360,0,1,1
2.713639680,1,0,1
2.713640000,1,1,1
2.713640320,0,0,0
2.713640640,0,1,0
2.713640960,0,0,0
2.713641280,0,1,0
2.713641600,1,0,1
2.713641920,1,1,1
2.713642240,0,0,1
2.713642400,0,0,0
2.713642720,0,1,0
2.713895680,0,0,0
2.713896000,0,1,0
2.713896320,0,0,0
2.713896640,0,1,0
2.713896960,0,0,0
2.713897280,0,1,0
2.713897600,0,0,0
2.713897920,0,1,0
2.713898240,0,0,0
2.713898720,0,1,0
2.713899040,0,0,0
2.713899360,0,1,0
2.713899680,0,0,0
2.713900000,0,1,0
2.713900320,0,0,1
2.713900640,0,1,1
2.713900960,0,0,1
2.713901280,0,1,1
2.713901600,0,0,0
2.713901920,0,1,0
2.713902240,0,0,0
2.713902720,0,1,0
2.713903040,0,0,0
2.713903360,0,1,0
2.713903680,0,0,0
2.713904000,0,1,0
2.713904320,0,0,0
2.713904640,0,1,0
2.713904960,0,0,0
2.713905280,0,1,0
2.713905600,0,0,0
2.713905920,0,1,0
2.713906240,0,0,0
2.713906720,0,1,0
2.713907040,0,0,0
2.713907360,0,1,0
2.713907680,0,0,0
2.713908000,0,1,0
2.713908320,0,0,0
2.713908640,0,1,0
2.713908960,0,0,1
2.713909280,0,1,1
2.713909600,0,0,0
2.713909920,0,1,0
2.713910240,0,0,0
2.713910720,0,1,0
2.713911040,0,0,0
2.713911360,0,1,0
2.713911680,0,0,0
2.713912000,0,1,0
2.713912320,0,0,0
2.713912640,0,1,0
2.713912960,0,0,1
2.713913280,0,1,1
2.713913600,0,0,0
2.713913920,0,1,0
2.713914240,0,0,0
2.713914400,0,0,1
2.713914720,0,1,1
2.713915040,0,0,1
2.713915360,0,1,1
2.713915680,0,0,0
2.713916000,0,1,0
2.713916320,0,0,0
2.713916640,0,1,0
2.714166240,0,0,0
2.714166720,0,1,0
2.714167040,0,0,0
2.714167360,0,1,0
2.714167680,0,0,0
2.714168000,0,1,0
2.714168320,0,0,0
2.714168640,0,1,0
2.714168960,1,0,1
2.714169280,1,1,1
2.714169600,0,0,1
2.714169920,0,1,1
2.714170240,0,0,1
2.714170720,0,1,1
2.714171040,0,0,0
2.714171360,0,1,0
2.714171680,0,0,0
2.714172000,0,1,0
2.714172320,0,0,0
2.714172640,0,1,0
2.714172960,0,0,0
2.714173280,0,1,0
2.714173600,0,0,0
2.714173920,0,1,0
2.714174240,0,0,0
2.714174720,0,1,0
2.714175040,0,0,0
2.714175360,0,1,0
2.714175680,0,0,0
2.714176000,0,1,0
2.714176320,0,0,0
2.714176640,0,1,0
2.714176960,1,0,1
2.714177280,1,1,1
2.714177600,0,0,0
2.714177920,0,1,0
2.714178240,0,0,0
2.714178720,0,1,0
2.714179040,0,0,0
2.714179360,0,1,0
2.714179680,1,0,0
2.714180000,1,1,0
2.714180320,0,0,0
2.714180640,0,1,0
2.714180960,0,0,0
2.714181280,0,1,0
2.714181600,0,0,0
2.714181920,0,1,0
2.714182240,0,0,0
2.714182720,0,1,0
2.714183040,0,0,0
2.714183360,0,1,0
2.714183680,1,0,0
2.714184000,1,1,0
2.714184320,1,0,0
2.714184640,1,1,0
2.714184960,0,0,0
2.714185280,0,1,0
2.714185600,0,0,0
2.714185920,0,1,0
2.714186240,0,0,0
2.714186400,1,0,1
2.714186720,1,1,1
2.714187040,0,0,0
2.714187360,0,1,0
2.753162880,0,0,0
2.753163200,0,1,0
2.753163520,0,0,0
2.753163840,0,1,0
2.753164320,0,0,0
2.753164640,0,1,0
2.753164960,0,0,0
2.753165280,0,1,0
2.753165600,0,0,0
2.753165920,0,1,0
2.753166240,0,0,0
2.753166560,0,1,0
2.753166880,0,0,0
2.753167200,0,1,0
2.753167520,0,0,0
2.753167840,0,1,0
2.753168320,0,0,0
2.753168640,0,1,0
2.753168960,0,0,0
2.753169280,0,1,0
2.753169600,0,0,0
2.753169920,0,1,0
2.753170240,0,0,0
2.753170560,0,1,0
2.753170880,0,0,0
2.753171200,0,1,0
2.753171520,0,0,0
2.753171840,0,1,0
2.753172320,0,0,0
2.753172640,0,1,0
2.753172960,0,0,0
2.753173280,0,1,0
2.753173600,0,0,0
2.753173920,0,1,0
2.753174240,0,0,0
2.753174560,0,1,0
2.753174880,0,0,0
2.753175200,0,1,0
2.753175520,0,0,0
2.753175840,0,1,0
2.753176320,1,0,0
2.753176640,1,1,0
2.753176960,0,0,0
2.753177280,0,1,0
2.753177600,0,0,0
2.753177920,0,1,0
2.753178240,0,0,0
2.753178560,0,1,0
2.753178880,0,0,0
2.753179200,0,1,0
2.753179520,0,0,0
2.753179840,0,1,0
2.753180320,1,0,0
2.753180640,1,1,0
2.753180960,0,0,0
2.753181280,0,1,0
2.753181600,0,0,0
2.753181920,0,1,0
2.753182240,0,0,0
2.753182560,0,1,0
2.753182880,0,0,0
2.753183200,0,1,0
2.753183520,0,0,0
2.753183840,0,1,0
2.753631520,0,0,0
2.753631840,0,1,0
2.753632320,0,0,0
2.753632640,0,1,0
2.753632960,0,0,0
2.753633280,0,1,0
2.753633600,0,0,0
2.753633920,0,1,0
2.753634240,1,0,1
2.753634560,1,1,1
2.753634880,1,0,0
2.753635200,1,1,0
2.753635520,1,0,0
2.753635840,1,1,0
2.753636320,1,0,0
2.753636640,1,1,0
2.753636960,0,0,0
2.753637280,0,1,0
2.753637600,0,0,0
2.753637920,0,1,0
2.753638240,0,0,0
2.753638560,0,1,0
2.753638880,1,0,0
2.753639200,1,1,0
2.753639520,0,0,0
2.753639840,0,1,0
2.753640320,0,0,0
2.753640640,0,1,0
2.753640960,0,0,0
2.753641280,0,1,0
2.753641600,0,0,0
2.753641920,0,1,0
2.753642240,1,0,1
2.753642560,1,1,1
2.753642880,0,0,0
2.753643200,0,1,0
2.753643520,0,0,0
2.753643840,0,1,0
2.753644320,0,0,0
2.753644640,0,1,0
2.753644960,0,0,1
2.753645280,0,1,1
2.753645600,0,0,0
2.753645920,0,1,0
2.753646240,0,0,0
2.753646560,0,1,0
2.753646880,0,0,0
2.753647200,0,1,0
2.753647520,0,0,0
2.753647840,0,1,0
2.753648320,0,0,0
2.753648640,0,1,0
2.753648960,0,0,1
2.753649280,0,1,1
2.753649600,1,0,1
2.753649920,1,1,1
2.753650240,1,0,0
2.753650560,1,1,0
2.753650880,0,0,0
2.753651200,0,1,0
2.753651520,1,0,1
2.753651840,1,1,1
2.753652320,0,0,0
2.753652640,0,1,0
2.753907520,0,0,0
2.753907840,0,1,0
2.753908320,0,0,0
2.753908640,0,1,0
2.753908960,0,0,0
2.753909280,0,1,0
2.753909600,0,0,0
2.753909920,0,1,0
2.753910240,0,0,0
2.753910560,0,1,0
2.753910880,0,0,0
2.753911200,0,1,0
2.753911520,0,0,0
2.753911840,0,1,0
2.753912320,0,0,1
2.753912640,0,1,1
2.753912960,0,0,1
2.753913280,0,1,1
2.753913600,0,0,0
2.753913920,0,1,0
2.753914240,0,0,0
2.753914560,0,1,0
2.753914880,0,0,0
2.753915200,0,1,0
2.753915520,0,0,0
2.753915840,0,1,0
2.753916320,0,0,0
2.753916640,0,1,0
2.753916960,0,0,0
2.753917280,0,1,0
2.753917600,0,0,0
2.753917920,0,1,0
2.753918240,0,0,0
2.753918560,0,1,0
2.753918880,0,0,0
2.753919200,0,1,0
2.753919520,0,0,0
2.753919840,0,1,0
2.753920320,0,0,0
2.753920640,0,1,0
2.753920960,1,0,1
2.753921280,1,1,1
2.753921600,0,0,0
2.753921920,0,1,0
2.753922240,0,0,0
2.753922560,0,1,0
2.753922880,1,0,0
2.753923200,1,1,0
2.753923520,1,0,0
2.753923840,1,1,0
2.753924320,0,0,0
2.753924640,0,1,0
2.753924960,1,0,1
2.753925280,1,1,1
2.753925600,0,0,0
2.753925920,0,1,0
2.753926240,0,0,1
2.753926560,0,1,1
2.753926880,1,0,1
2.753927200,1,1,1
2.753927520,1,0,0
2.753927840,1,1,0
2.753928320,0,0,0
2.753928640,0,1,0
2.754358880,0,0,0
2.754359200,0,1,0
2.754359520,0,0,0
2.754359840,0,1,0
2.754360320,0,0,0
2.754360640,0,1,0
2.754360960,0,0,0
2.754361280,0,1,0
2.754361600,1,0,1
2.754361920,1,1,1
2.754362240,0,0,1
2.754362560,0,1,1
2.754362880,0,0,1
2.754363200,0,1,1
2.754363520,0,0,1
2.754363840,0,1,1
2.754364320,0,0,0
2.754364640,0,1,0
2.754364960,0,0,0
2.754365280,0,1,0
2.754365600,0,0,0
2.754365920,0,1,0
2.754366240,0,0,0
2.754366560,0,1,0
2.754366880,0,0,0
2.754367200,0,1,0
2.754367520,0,0,0
2.754367840,0,1,0
2.754368320,0,0,0
2.754368640,0,1,0
2.754368960,0,0,0
2.754369280,0,1,0
2.754369600,1,0,1
2.754369920,1,1,1
2.754370240,0,0,0
2.754370560,0,1,0
2.754370880,0,0,0
2.754371200,0,1,0
2.754371520,0,0,0
2.754371840,0,1,0
2.754372320,1,0,1
2.754372640,1,1,1
2.754372960,0,0,0
2.754373280,0,1,0
2.754373600,0,0,0
2.754373920,0,1,0
2.754374240,0,0,1
2.754374560,0,1,1
2.754374880,0,0,1
2.754375200,0,1,1
2.754375520,0,0,0
2.754375840,0,1,0
2.754376320,1,0,1
2.754376640,1,1,1
2.754376960,1,0,1
2.754377280,1,1,1
2.754377600,0,0,0
2.754377920,0,1,0
2.754378240,0,0,0
2.754378560,0,1,0
2.754378880,1,0,0
2.754379200,1,1,0
2.754379520,0,0,0
2.754379840,0,1,0
2.754642880,0,0,0
2.754643200,0,1,0
2.754643520,0,0,0
2.754643840,0,1,0
2.754644320,0,0,0
2.754644640,0,1,0
2.754644960,0,0,0
2.754645280,0,1,0
2.754645600,0,0,0
2.754645920,0,1,0
2.754646240,0,0,0
2.754646560,0,1,0
2.754646880,0,0,0
2.754647200,0,1,0
2.754647520,0,0,0
2.754647840,0,1,0
2.754648320,0,0,0
2.754648640,0,1,0
2.754648960,0,0,0
2.754649280,0,1,0
2.754649600,0,0,0
2.754649920,0,1,0
2.754650240,0,0,1
2.754650560,0,1,1
2.754650880,0,0,1
2.754651200,0,1,1
2.754651520,0,0,0
2.754651840,0,1,0
2.754652320,0,0,0
2.754652640,0,1,0
2.754652960,0,0,1
2.754653280,0,1,1
2.754653600,0,0,0
2.754653920,0,1,0
2.754654240,0,0,0
2.754654560,0,1,0
2.754654880,0,0,0
2.754655200,0,1,0
2.754655520,0,0,0
2.754655840,0,1,0
2.754656320,0,0,1
2.754656640,0,1,1
2.754656960,0,0,0
2.754657280,0,1,0
2.754657600,0,0,0
2.754657920,0,1,0
2.754658240,0,0,1
2.754658560,0,1,1
2.754658880,0,0,1
2.754659200,0,1,1
2.754659520,0,0,0
2.754659840,0,1,0
2.754660320,0,0,0
2.754660640,0,1,0
2.754660960,0,0,1
2.754661280,0,1,1
2.754661600,0,0,1
2.754661920,0,1,1
2.754662240,0,0,1
2.754662560,0,1,1
2.754662880,0,0,1
2.754663200,0,1,1
2.754663520,0,0,0
2.754663840,0,1,0
2.754915520,0,0,0
2.754915840,0,1,0
2.754916320,0,0,0
2.754916640,0,1,0
2.754916960,0,0,0
2.754917280,0,1,0
2.754917600,0,0,0
2.754917920,0,1,0
2.754918240,1,0,1
2.754918560,1,1,1
2.754918880,0,0,0
2.754919200,0,1,0
2.754919520,0,0,0
2.754919840,0,1,0
2.754920320,0,0,0
2.754920640,0,1,0
2.754920960,0,0,0
2.754921280,0,1,0
2.754921600,0,0,0
2.754921920,0,1,0
2.754922240,0,0,0
2.754922560,0,1,0
2.754922880,0,0,0
2.754923200,0,1,0
2.754923520,0,0,0
2.754923840,0,1,0
2.754924320,0,0,0
2.754924640,0,1,0
2.754924960,0,0,0
2.754925280,0,1,0
2.754925600,0,0,0
2.754925920,0,1,0
2.754926240,1,0,1
2.754926560,1,1,1
2.754926880,0,0,0
2.754927200,0,1,0
2.754927520,0,0,0
2.754927840,0,1,0
2.754928320,0,0,0
2.754928640,0,1,0
2.754928960,1,0,0
2.754929280,1,1,0
2.754929600,0,0,0
2.754929920,0,1,0
2.754930240,0,0,0
2.754930560,0,1,0
2.754930880,1,0,0
2.754931200,1,1,0
2.754931520,1,0,0
2.754931840,1,1,0
2.754932320,0,0,0
2.754932640,0,1,0
2.754932960,1,0,0
2.754933280,1,1,0
2.754933600,1,0,1
2.754933920,1,1,1
2.754934240,1,0,0
2.754934560,1,1,0
2.754934880,0,0,0
2.754935200,0,1,0
2.754935520,0,0,1
2.754935840,0,1,1
2.754936320,0,0,0
2.754936640,0,1,0
2.793174880,0,0,0
2.793175200,0,1,0
2.793175520,0,0,0
2.793175840,0,1,0
2.793176160,0,0,0
2.793176480,0,1,0
2.793176800,0,0,0
2.793177120,0,1,0
2.793177440,0,0,0
2.793177920,0,1,0
2.793178240,0,0,0
2.793178560,0,1,0
2.793178880,0,0,0
2.793179200,0,1,0
2.793179520,0,0,0
2.793179840,0,1,0
2.793180160,0,0,0
2.793180480,0,1,0
2.793180800,0,0,0
2.793181120,0,1,0
2.793181440,0,0,0
2.793181920,0,1,0
2.793182240,0,0,0
2.793182560,0,1,0
2.793182880,0,0,0
2.793183200,0,1,0
2.793183520,0,0,0
2.793183840,0,1,0
2.793184160,0,0,0
2.793184480,0,1,0
2.793184800,0,0,0
2.793185120,0,1,0
2.793185440,0,0,0
2.793185920,0,1,0
2.793186240,0,0,0
2.793186560,0,1,0
2.793186880,0,0,0
2.793187200,0,1,0
2.793187520,0,0,0
2.793187840,0,1,0
2.793188160,1,0,0
2.793188480,1,1,0
2.793188800,0,0,0
2.793189120,0,1,0
2.793189440,0,0,0
2.793189920,0,1,0
2.793190240,0,0,0
2.793190560,0,1,0
2.793190880,0,0,0
2.793191200,0,1,0
2.793191520,0,0,0
2.793191840,0,1,0
2.793192160,1,0,0
2.793192480,1,1,0
2.793192800,0,0,0
2.793193120,0,1,0
2.793193440,0,0,0
2.793193920,0,1,0
2.793194240,0,0,0
2.793194560,0,1,0
2.793194880,0,0,0
2.793195200,0,1,0
2.793195520,0,0,0
2.793195840,0,1,0
2.793648800,0,0,0
2.793649120,0,1,0
2.793649440,0,0,0
2.793649920,0,1,0
2.793650240,0,0,0
2.793650560,0,1,0
2.793650880,0,0,0
2.793651200,0,1,0
2.793651520,1,0,1
2.793651840,1,1,1
2.793652160,0,0,0
2.793652480,0,1,0
2.793652800,0,0,0
2.793653120,0,1,0
2.793653440,0,0,0
2.793653600,1,0,0
2.793653920,1,1,0
2.793654240,0,0,0
2.793654560,0,1,0
2.793654880,0,0,0
2.793655200,0,1,0
2.793655520,0,0,0
2.793655840,0,1,0
2.793656160,1,0,0
2.793656480,1,1,0
2.793656800,0,0,0
2.793657120,0,1,0
2.793657440,0,0,0
2.793657920,0,1,0
2.793658240,0,0,0
2.793658560,0,1,0
2.793658880,0,0,0
2.793659200,0,1,0
2.793659520,1,0,1
2.793659840,1,1,1
2.793660160,0,0,0
2.793660480,0,1,0
2.793660800,0,0,0
2.793661120,0,1,0
2.793661440,0,0,0
2.793661920,0,1,0
2.793662240,0,0,1
2.793662560,0,1,1
2.793662880,0,0,0
2.793663200,0,1,0
2.793663520,0,0,0
2.793663840,0,1,0
2.793664160,0,0,0
2.793664480,0,1,0
2.793664800,0,0,0
2.793665120,0,1,0
2.793665440,0,0,0
2.793665920,0,1,0
2.793666240,1,0,1
2.793666560,1,1,1
2.793666880,0,0,1
2.793667200,0,1,1
2.793667520,1,0,0
2.793667840,1,1,0
2.793668160,0,0,0
2.793668480,0,1,0
2.793668800,1,0,1
2.793669120,1,1,1
2.793669440,0,0,1
2.793669600,0,0,0
2.793669920,0,1,0
2.793938240,0,0,0
2.793938560,0,1,0
2.793938880,0,0,0
2.793939200,0,1,0
2.793939520,0,0,0
2.793939840,0,1,0
2.793940160,0,0,0
2.793940480,0,1,0
2.793940800,0,0,0
2.793941120,0,1,0
2.793941440,0,0,0
2.793941920,0,1,0
2.793942240,0,0,0
2.793942560,0,1,0
2.793942880,0,0,1
2.793943200,0,1,1
2.793943520,0,0,1
2.793943840,0,1,1
2.793944160,0,0,0
2.793944480,0,1,0
2.793944800,0,0,0
2.793945120,0,1,0
2.793945440,0,0,0
2.793945920,0,1,0
2.793946240,0,0,0
2.793946560,0,1,0
2.793946880,0,0,0
2.793947200,0,1,0
2.793947520,0,0,0
2.793947840,0,1,0
2.793948160,0,0,0
2.793948480,0,1,0
2.793948800,0,0,0
2.793949120,0,1,0
2.793949440,0,0,0
2.793949920,0,1,0
2.793950240,0,0,0
2.793950560,0,1,0
2.793950880,0,0,0
2.793951200,0,1,0
2.793951520,0,0,1
2.793951840,0,1,1
2.793952160,0,0,0
2.793952480,0,1,0
2.793952800,0,0,0
2.793953120,0,1,0
2.793953440,0,0,0
2.793953920,0,1,0
2.793954240,0,0,0
2.793954560,0,1,0
2.793954880,0,0,0
2.793955200,0,1,0
2.793955520,0,0,1
2.793955840,0,1,1
2.793956160,0,0,0
2.793956480,0,1,0
2.793956800,0,0,1
2.793957120,0,1,1
2.793957440,0,0,1
2.793957920,0,1,1
2.793958240,0,0,0
2.793958560,0,1,0
2.793958880,0,0,0
2.793959200,0,1,0
2.794220800,0,0,0
2.794221120,0,1,0
2.794221440,0,0,0
2.794221920,0,1,0
2.794222240,0,0,0
2.794222560,0,1,0
2.794222880,0,0,0
2.794223200,0,1,0
2.794223520,1,0,1
2.794223840,1,1,1
2.794224160,0,0,0
2.794224480,0,1,0
2.794224800,0,0,0
2.794225120,0,1,0
2.794225440,0,0,0
2.794225600,0,0,1
2.794225920,0,1,1
2.794226240,0,0,0
2.794226560,0,1,0
2.794226880,0,0,0
2.794227200,0,1,0
2.794227520,0,0,0
2.794227840,0,1,0
2.794228160,0,0,0
2.794228480,0,1,0
2.794228800,0,0,0
2.794229120,0,1,0
2.794229440,0,0,0
2.794229920,0,1,0
2.794230240,0,0,0
2.794230560,0,1,0
2.794230880,0,0,0
2.794231200,0,1,0
2.794231520,1,0,1
2.794231840,1,1,1
2.794232160,0,0,0
2.794232480,0,1,0
2.794232800,0,0,0
2.794233120,0,1,0
2.794233440,0,0,0
2.794233920,0,1,0
2.794234240,1,0,0
2.794234560,1,1,0
2.794234880,0,0,0
2.794235200,0,1,0
2.794235520,0,0,0
2.794235840,0,1,0
2.794236160,0,0,0
2.794236480,0,1,0
2.794236800,0,0,0
2.794237120,0,1,0
2.794237440,0,0,0
2.794237920,0,1,0
2.794238240,1,0,0
2.794238560,1,1,0
2.794238880,1,0,1
2.794239200,1,1,1
2.794239520,0,0,1
2.794239840,0,1,1
2.794240160,0,0,0
2.794240480,0,1,0
2.794240800,1,0,1
2.794241120,1,1,1
2.794241440,0,0,1
2.794241600,0,0,0
2.794241920,0,1,0
2.833188800,0,0,0
2.833189120,0,1,0
2.833189440,0,0,0
2.833189760,0,1,0
2.833190080,0,0,0
2.833190400,0,1,0
2.833190720,0,0,0
2.833191040,0,1,0
2.833191520,0,0,0
2.833191840,0,1,0
2.833192160,0,0,0
2.833192480,0,1,0
2.833192800,0,0,0
2.833193120,0,1,0
2.833193440,0,0,0
2.833193760,0,1,0
2.833194080,0,0,0
2.833194400,0,1,0
2.833194720,0,0,0
2.833195040,0,1,0
2.833195520,0,0,0
2.833195840,0,1,0
2.833196160,0,0,0
2.833196480,0,1,0
2.833196800,0,0,0
2.833197120,0,1,0
2.833197440,0,0,0
2.833197760,0,1,0
2.833198080,0,0,0
2.833198400,0,1,0
2.833198720,0,0,0
2.833199040,0,1,0
2.833199360,0,0,0
2.833199840,0,1,0
2.833200160,0,0,0
2.833200480,0,1,0
2.833200800,0,0,0
2.833201120,0,1,0
2.833201440,0,0,0
2.833201760,0,1,0
2.833202080,1,0,0
2.833202400,1,1,0
2.833202720,0,0,0
2.833203040,0,1,0
2.833203360,0,0,0
2.833203840,0,1,0
2.833204160,0,0,0
2.833204480,0,1,0
2.833204800,0,0,0
2.833205120,0,1,0
2.833205440,0,0,0
2.833205760,0,1,0
2.833206080,1,0,0
2.833206400,1,1,0
2.833206720,0,0,0
2.833207040,0,1,0
2.833207360,0,0,0
2.833207840,0,1,0
2.833208160,0,0,0
2.833208480,0,1,0
2.833208800,0,0,0
2.833209120,0,1,0
2.833209440,0,0,0
2.833209760,0,1,0
2.833671520,0,0,0
2.833671840,0,1,0
2.833672160,0,0,0
2.833672480,0,1,0
2.833672800,0,0,0
2.833673120,0,1,0
2.833673440,0,0,0
2.833673760,0,1,0
2.833674080,1,0,1
2.833674400,1,1,1
2.833674720,0,0,0
2.833675040,0,1,0
2.833675520,1,0,0
2.833675840,1,1,0
2.833676160,0,0,0
2.833676480,0,1,0
2.833676800,0,0,0
2.833677120,0,1,0
2.833677440,0,0,0
2.833677760,0,1,0
2.833678080,0,0,0
2.833678400,0,1,0
2.833678720,1,0,0
2.833679040,1,1,0
2.833679360,1,0,0
2.833679520,0,0,0
2.833679840,0,1,0
2.833680160,0,0,0
2.833680480,0,1,0
2.833680800,0,0,0
2.833681120,0,1,0
2.833681440,0,0,0
2.833681760,0,1,0
2.833682080,1,0,1
2.833682400,1,1,1
2.833682720,0,0,0
2.833683040,0,1,0
2.833683360,0,0,0
2.833683840,0,1,0
2.833684160,0,0,0
2.833684480,0,1,0
2.833684800,0,0,1
2.833685120,0,1,1
2.833685440,0,0,0
2.833685760,0,1,0
2.833686080,0,0,0
2.833686400,0,1,0
2.833686720,0,0,0
2.833687040,0,1,0
2.833687360,0,0,0
2.833687840,0,1,0
2.833688160,0,0,0
2.833688480,0,1,0
2.833688800,1,0,1
2.833689120,1,1,1
2.833689440,1,0,1
2.833689760,1,1,1
2.833690080,0,0,0
2.833690400,0,1,0
2.833690720,0,0,0
2.833691040,0,1,0
2.833691360,0,0,0
2.833691520,1,0,1
2.833691840,1,1,1
2.833692160,0,0,0
2.833692480,0,1,0
2.833961440,0,0,0
2.833961760,0,1,0
2.833962080,0,0,0
2.833962400,0,1,0
2.833962720,0,0,0
2.833963040,0,1,0
2.833963360,0,0,0
2.833963840,0,1,0
2.833964160,0,0,0
2.833964480,0,1,0
2.833964800,0,0,0
2.833965120,0,1,0
2.833965440,0,0,0
2.833965760,0,1,0
2.833966080,0,0,1
2.833966400,0,1,1
2.833966720,0,0,1
2.833967040,0,1,1
2.833967360,0,0,1
2.833967520,0,0,0
2.833967840,0,1,0
2.833968160,0,0,0
2.833968480,0,1,0
2.833968800,0,0,0
2.833969120,0,1,0
2.833969440,0,0,0
2.833969760,0,1,0
2.833970080,0,0,0
2.833970400,0,1,0
2.833970720,0,0,0
2.833971040,0,1,0
2.833971360,0,0,0
2.833971840,0,1,0
2.833972160,0,0,0
2.833972480,0,1,0
2.833972800,0,0,0
2.833973120,0,1,0
2.833973440,0,0,0
2.833973760,0,1,0
2.833974080,0,0,0
2.833974400,0,1,0
2.833974720,0,0,1
2.833975040,0,1,1
2.833975360,0,0,1
2.833975520,0,0,0
2.833975840,0,1,0
2.833976160,0,0,0
2.833976480,0,1,0
2.833976800,0,0,0
2.833977120,0,1,0
2.833977440,0,0,0
2.833977760,0,1,0
2.833978080,0,0,0
2.833978400,0,1,0
2.833978720,0,0,1
2.833979040,0,1,1
2.833979360,0,0,1
2.833979520,0,0,0
2.833979840,0,1,0
2.833980160,0,0,1
2.833980480,0,1,1
2.833980800,0,0,1
2.833981120,0,1,1
2.833981440,0,0,0
2.833981760,0,1,0
2.833982080,0,0,0
2.833982400,0,1,0
2.834238720,0,0,0
2.834239040,0,1,0
2.834239360,0,0,0
2.834239840,0,1,0
2.834240160,0,0,0
2.834240480,0,1,0
2.834240800,0,0,0
2.834241120,0,1,0
2.834241440,1,0,1
2.834241760,1,1,1
2.834242080,0,0,0
2.834242400,0,1,0
2.834242720,0,0,1
2.834243040,0,1,1
2.834243360,0,0,1
2.834243520,0,0,0
2.834243840,0,1,0
2.834244160,0,0,0
2.834244480,0,1,0
2.834244800,0,0,0
2.834245120,0,1,0
2.834245440,0,0,0
2.834245760,0,1,0
2.834246080,0,0,0
2.834246400,0,1,0
2.834246720,0,0,0
2.834247040,0,1,0
2.834247360,0,0,0
2.834247840,0,1,0
2.834248160,0,0,0
2.834248480,0,1,0
2.834248800,0,0,0
2.834249120,0,1,0
2.834249440,1,0,1
2.834249760,1,1,1
2.834250080,0,0,0
2.834250400,0,1,0
2.834250720,0,0,0
2.834251040,0,1,0
2.834251360,0,0,0
2.834251840,0,1,0
2.834252160,1,0,0
2.834252480,1,1,0
2.834252800,0,0,0
2.834253120,0,1,0
2.834253440,0,0,0
2.834253760,0,1,0
2.834254080,0,0,0
2.834254400,0,1,0
2.834254720,0,0,0
2.834255040,0,1,0
2.834255360,0,0,0
2.834255840,0,1,0
2.834256160,1,0,1
2.834256480,1,1,1
2.834256800,1,0,0
2.834257120,1,1,0
2.834257440,0,0,0
2.834257760,0,1,0
2.834258080,0,0,0
2.834258400,0,1,0
2.834258720,1,0,1
2.834259040,1,1,1
2.834259360,1,0,1
2.834259520,0,0,0
2.834259840,0,1,0
2.873174720,0,0,0
2.873175040,0,1,0
2.873175360,0,0,0
2.873175680,0,1,0
2.873176000,0,0,0
2.873176320,0,1,0
2.873176640,0,0,0
2.873177120,0,1,0
2.873177440,0,0,0
2.873177760,0,1,0
2.873178080,0,0,0
2.873178400,0,1,0
2.873178720,0,0,0
2.873179040,0,1,0
2.873179360,0,0,0
2.873179680,0,1,0
2.873180000,0,0,0
2.873180320,0,1,0
2.873180640,0,0,0
2.873181120,0,1,0
2.873181440,0,0,0
2.873181760,0,1,0
2.873182080,0,0,0
2.873182400,0,1,0
2.873182720,0,0,0
2.873183040,0,1,0
2.873183360,0,0,0
2.873183680,0,1,0
2.873184000,0,0,0
2.873184320,0,1,0
2.873184640,0,0,0
2.873185120,0,1,0
2.873185440,0,0,0
2.873185760,0,1,0
2.873186080,0,0,0
2.873186400,0,1,0
2.873186720,0,0,0
2.873187040,0,1,0
2.873187360,0,0,0
2.873187680,0,1,0
2.873188000,1,0,0
2.873188320,1,1,0
2.873188640,0,0,0
2.873189120,0,1,0
2.873189440,0,0,0
2.873189760,0,1,0
2.873190080,0,0,0
2.873190400,0,1,0
2.873190720,0,0,0
2.873191040,0,1,0
2.873191360,0,0,0
2.873191680,0,1,0
2.873192000,1,0,0
2.873192320,1,1,0
2.873192640,0,0,0
2.873193120,0,1,0
2.873193440,0,0,0
2.873193760,0,1,0
2.873194080,0,0,0
2.873194400,0,1,0
2.873194720,0,0,0
2.873195040,0,1,0
2.873195360,0,0,0
2.873195680,0,1,0
2.873642720,0,0,0
2.873643040,0,1,0
2.873643360,0,0,0
2.873643680,0,1,0
2.873644000,0,0,0
2.873644320,0,1,0
2.873644640,0,0,0
2.873644960,0,1,0
2.873645440,1,0,1
2.873645760,1,1,1
2.873646080,0,0,0
2.873646400,0,1,0
2.873646720,1,0,0
2.873647040,1,1,0
2.873647360,1,0,0
2.873647680,1,1,0
2.873648000,0,0,0
2.873648320,0,1,0
2.873648640,0,0,0
2.873649120,0,1,0
2.873649440,0,0,0
2.873649760,0,1,0
2.873650080,1,0,0
2.873650400,1,1,0
2.873650720,0,0,0
2.873651040,0,1,0
2.873651360,0,0,0
2.873651680,0,1,0
2.873652000,0,0,0
2.873652320,0,1,0
2.873652640,0,0,0
2.873653120,0,1,0
2.873653440,1,0,1
2.873653760,1,1,1
2.873654080,0,0,0
2.873654400,0,1,0
2.873654720,0,0,0
2.873655040,0,1,0
2.873655360,0,0,0
2.873655680,0,1,0
2.873656000,0,0,1
2.873656320,0,1,1
2.873656640,0,0,1
2.873656800,0,0,0
2.873657120,0,1,0
2.873657440,0,0,0
2.873657760,0,1,0
2.873658080,0,0,0
2.873658400,0,1,0
2.873658720,0,0,0
2.873659040,0,1,0
2.873659360,0,0,0
2.873659680,0,1,0
2.873660000,1,0,1
2.873660320,1,1,1
2.873660640,1,0,1
2.873661120,1,1,1
2.873661440,1,0,0
2.873661760,1,1,0
2.873662080,0,0,0
2.873662400,0,1,0
2.873662720,1,0,1
2.873663040,1,1,1
2.873663360,0,0,0
2.873663680,0,1,0
2.873920000,0,0,0
2.873920320,0,1,0
2.873920640,0,0,0
2.873920960,0,1,0
2.873921440,0,0,0
2.873921760,0,1,0
2.873922080,0,0,0
2.873922400,0,1,0
2.873922720,0,0,0
2.873923040,0,1,0
2.873923360,0,0,0
2.873923680,0,1,0
2.873924000,0,0,0
2.873924320,0,1,0
2.873924640,0,0,0
2.873924800,0,0,1
2.873924960,0,1,1
2.873925440,0,0,1
2.873925760,0,1,1
2.873926080,0,0,0
2.873926400,0,1,0
2.873926720,0,0,0
2.873927040,0,1,0
2.873927360,0,0,0
2.873927680,0,1,0
2.873928000,0,0,0
2.873928320,0,1,0
2.873928640,0,0,0
2.873928960,0,1,0
2.873929440,0,0,0
2.873929760,0,1,0
2.873930080,0,0,0
2.873930400,0,1,0
2.873930720,0,0,0
2.873931040,0,1,0
2.873931360,0,0,0
2.873931680,0,1,0
2.873932000,0,0,0
2.873932320,0,1,0
2.873932640,0,0,0
2.873933120,0,1,0
2.873933440,1,0,1
2.873933760,1,1,1
2.873934080,0,0,0
2.873934400,0,1,0
2.873934720,0,0,0
2.873935040,0,1,0
2.873935360,1,0,0
2.873935680,1,1,0
2.873936000,1,0,0
2.873936320,1,1,0
2.873936640,0,0,0
2.873937120,0,1,0
2.873937440,1,0,1
2.873937760,1,1,1
2.873938080,0,0,0
2.873938400,0,1,0
2.873938720,0,0,1
2.873939040,0,1,1
2.873939360,1,0,1
2.873939680,1,1,1
2.873940000,1,0,0
2.873940320,1,1,0
2.873940640,0,0,0
2.873941120,0,1,0
2.874370720,0,0,0
2.874371040,0,1,0
2.874371360,0,0,0
2.874371680,0,1,0
2.874372000,0,0,0
2.874372320,0,1,0
2.874372640,0,0,0
2.874372960,0,1,0
2.874373440,1,0,1
2.874373760,1,1,1
2.874374080,1,0,0
2.874374400,1,1,0
2.874374720,0,0,1
2.874375040,0,1,1
2.874375360,0,0,1
2.874375680,0,1,1
2.874376000,0,0,0
2.874376320,0,1,0
2.874376640,0,0,0
2.874376960,0,1,0
2.874377440,0,0,0
2.874377760,0,1,0
2.874378080,0,0,0
2.874378400,0,1,0
2.874378720,0,0,0
2.874379040,0,1,0
2.874379360,0,0,0
2.874379680,0,1,0
2.874380000,0,0,0
2.874380320,0,1,0
2.874380640,0,0,0
2.874380960,0,1,0
2.874381440,1,0,1
2.874381760,1,1,1
2.874382080,0,0,0
2.874382400,0,1,0
2.874382720,0,0,0
2.874383040,0,1,0
2.874383360,0,0,0
2.874383680,0,1,0
2.874384000,1,0,1
2.874384320,1,1,1
2.874384640,0,0,1
2.874384800,0,0,0
2.874384960,0,1,0
2.874385440,0,0,0
2.874385760,0,1,0
2.874386080,0,0,1
2.874386400,0,1,1
2.874386720,0,0,1
2.874387040,0,1,1
2.874387360,0,0,0
2.874387680,0,1,0
2.874388000,0,0,0
2.874388320,0,1,0
2.874388640,1,0,0
2.874388800,1,0,1
2.874389120,1,1,1
2.874389440,0,0,0
2.874389760,0,1,0
2.874390080,0,0,0
2.874390400,0,1,0
2.874390720,1,0,0
2.874391040,1,1,0
2.874391360,0,0,0
2.874391680,0,1,0
2.874654080,0,0,0
2.874654400,0,1,0
2.874654720,0,0,0
2.874655040,0,1,0
2.874655360,0,0,0
2.874655680,0,1,0
2.874656000,0,0,0
2.874656320,0,1,0
2.874656640,0,0,0
2.874656960,0,1,0
2.874657440,0,0,0
2.874657760,0,1,0
2.874658080,0,0,0
2.874658400,0,1,0
2.874658720,0,0,0
2.874659040,0,1,0
2.874659360,0,0,0
2.874659680,0,1,0
2.874660000,0,0,0
2.874660320,0,1,0
2.874660640,0,0,0
2.874660960,0,1,0
2.874661440,0,0,1
2.874661760,0,1,1
2.874662080,0,0,1
2.874662400,0,1,1
2.874662720,0,0,0
2.874663040,0,1,0
2.874663360,0,0,0
2.874663680,0,1,0
2.874664000,0,0,1
2.874664320,0,1,1
2.874664640,0,0,1
2.874664800,0,0,0
2.874664960,0,1,0
2.874665440,0,0,0
2.874665760,0,1,0
2.874666080,0,0,0
2.874666400,0,1,0
2.874666720,0,0,0
2.874667040,0,1,0
2.874667360,0,0,1
2.874667680,0,1,1
2.874668000,0,0,0
2.874668320,0,1,0
2.874668640,0,0,0
2.874668960,0,1,0
2.874669440,0,0,1
2.874669760,0,1,1
2.874670080,0,0,1
2.874670400,0,1,1
2.874670720,0,0,0
2.874671040,0,1,0
2.874671360,0,0,0
2.874671680,0,1,0
2.874672000,0,0,1
2.874672320,0,1,1
2.874672640,0,0,1
2.874672960,0,1,1
2.874673440,0,0,1
2.874673760,0,1,1
2.874674080,0,0,1
2.874674400,0,1,1
2.874674720,0,0,0
2.874675040,0,1,0
2.874926080,0,0,0
2.874926400,0,1,0
2.874926720,0,0,0
2.874927040,0,1,0
2.874927360,0,0,0
2.874927680,0,1,0
2.874928000,0,0,0
2.874928320,0,1,0
2.874928640,1,0,0
2.874928800,1,0,1
2.874928960,1,1,1
2.874929440,0,0,1
2.874929760,0,1,1
2.874930080,0,0,0
2.874930400,0,1,0
2.874930720,0,0,0
2.874931040,0,1,0
2.874931360,0,0,0
2.874931680,0,1,0
2.874932000,0,0,0
2.874932320,0,1,0
2.874932640,0,0,0
2.874932960,0,1,0
2.874933440,0,0,0
2.874933760,0,1,0
2.874934080,0,0,0
2.874934400,0,1,0
2.874934720,0,0,0
2.874935040,0,1,0
2.874935360,0,0,0
2.874935680,0,1,0
2.874936000,0,0,0
2.874936320,0,1,0
2.874936640,1,0,0
2.874936800,1,0,1
2.874936960,1,1,1
2.874937440,0,0,0
2.874937760,0,1,0
2.874938080,0,0,0
2.874938400,0,1,0
2.874938720,0,0,0
2.874939040,0,1,0
2.874939360,1,0,0
2.874939680,1,1,0
2.874940000,0,0,0
2.874940320,0,1,0
2.874940640,0,0,0
2.874940960,0,1,0
2.874941440,1,0,0
2.874941760,1,1,0
2.874942080,1,0,0
2.874942400,1,1,0
2.874942720,0,0,0
2.874943040,0,1,0
2.874943360,1,0,1
2.874943680,1,1,1
2.874944000,1,0,1
2.874944320,1,1,1
2.874944640,1,0,1
2.874944800,1,0,0
2.874944960,1,1,0
2.874945440,0,0,0
2.874945760,0,1,0
2.874946080,0,0,1
2.874946400,0,1,1
2.874946720,0,0,0
2.874947040,0,1,0
2.913165280,0,0,0
2.913165600,0,1,0
2.913165920,0,0,0
2.913166240,0,1,0
2.913166560,0,0,0
2.913167040,0,1,0
2.913167360,0,0,0
2.913167680,0,1,0
2.913168000,0,0,0
2.913168320,0,1,0
2.913168640,0,0,0
2.913168960,0,1,0
2.913169280,0,0,0
2.913169600,0,1,0
2.913169920,0,0,0
2.913170240,0,1,0
2.913170560,0,0,0
2.913171040,0,1,0
2.913171360,0,0,0
2.913171680,0,1,0
2.913172000,0,0,0
2.913172320,0,1,0
2.913172640,0,0,0
2.913172960,0,1,0
2.913173280,0,0,0
2.913173600,0,1,0
2.913173920,0,0,0
2.913174240,0,1,0
2.913174560,0,0,0
2.913175040,0,1,0
2.913175360,0,0,0
2.913175680,0,1,0
2.913176000,0,0,0
2.913176320,0,1,0
2.913176640,0,0,0
2.913176960,0,1,0
2.913177280,0,0,0
2.913177600,0,1,0
2.913177920,0,0,0
2.913178240,0,1,0
2.913178560,0,0,0
2.913178720,1,0,0
2.913179040,1,1,0
2.913179360,0,0,0
2.913179680,0,1,0
2.913180000,0,0,0
2.913180320,0,1,0
2.913180640,0,0,0
2.913180960,0,1,0
2.913181280,0,0,0
2.913181600,0,1,0
2.913181920,0,0,0
2.913182240,0,1,0
2.913182560,0,0,0
2.913182720,1,0,0
2.913183040,1,1,0
2.913183360,0,0,0
2.913183680,0,1,0
2.913184000,0,0,0
2.913184320,0,1,0
2.913184640,0,0,0
2.913184960,0,1,0
2.913185280,0,0,0
2.913185600,0,1,0
2.913185920,0,0,0
2.913186240,0,1,0
2.913633280,0,0,0
2.913633600,0,1,0
2.913633920,0,0,0
2.913634240,0,1,0
2.913634560,0,0,0
2.913635040,0,1,0
2.913635360,0,0,0
2.913635680,0,1,0
2.913636000,1,0,1
2.913636320,1,1,1
2.913636640,1,0,0
2.913636960,1,1,0
2.913637280,0,0,0
2.913637600,0,1,0
2.913637920,1,0,0
2.913638240,1,1,0
2.913638560,0,0,0
2.913639040,0,1,0
2.913639360,0,0,0
2.913639680,0,1,0
2.913640000,0,0,0
2.913640320,0,1,0
2.913640640,1,0,0
2.913640960,1,1,0
2.913641280,0,0,0
2.913641600,0,1,0
2.913641920,0,0,0
2.913642240,0,1,0
2.913642560,0,0,0
2.913643040,0,1,0
2.913643360,0,0,0
2.913643680,0,1,0
2.913644000,1,0,1
2.913644320,1,1,1
2.913644640,0,0,0
2.913644960,0,1,0
2.913645280,0,0,0
2.913645600,0,1,0
2.913645920,0,0,0
2.913646240,0,1,0
2.913646560,0,0,0
2.913646720,0,0,1
2.913647040,0,1,1
2.913647360,0,0,0
2.913647680,0,1,0
2.913648000,0,0,0
2.913648320,0,1,0
2.913648640,0,0,0
2.913648960,0,1,0
2.913649280,0,0,0
2.913649600,0,1,0
2.913649920,0,0,0
2.913650240,0,1,0
2.913650560,0,0,0
2.913650720,0,0,1
2.913651040,0,1,1
2.913651360,0,0,1
2.913651680,0,1,1
2.913652000,1,0,0
2.913652320,1,1,0
2.913652640,0,0,0
2.913652960,0,1,0
2.913653280,1,0,1
2.913653600,1,1,1
2.913653920,0,0,0
2.913654240,0,1,0
2.913909280,0,0,0
2.913909600,0,1,0
2.913909920,0,0,0
2.913910240,0,1,0
2.913910560,0,0,0
2.913911040,0,1,0
2.913911360,0,0,0
2.913911680,0,1,0
2.913912000,0,0,0
2.913912320,0,1,0
2.913912640,0,0,0
2.913912960,0,1,0
2.913913280,0,0,0
2.913913600,0,1,0
2.913913920,0,0,1
2.913914240,0,1,1
2.913914560,0,0,1
2.913915040,0,1,1
2.913915360,0,0,0
2.913915680,0,1,0
2.913916000,0,0,0
2.913916320,0,1,0
2.913916640,0,0,0
2.913916960,0,1,0
2.913917280,0,0,0
2.913917600,0,1,0
2.913917920,0,0,0
2.913918240,0,1,0
2.913918560,0,0,0
2.913919040,0,1,0
2.913919360,0,0,0
2.913919680,0,1,0
2.913920000,0,0,0
2.913920320,0,1,0
2.913920640,0,0,0
2.913920960,0,1,0
2.913921280,0,0,0
2.913921600,0,1,0
2.913921920,0,0,0
2.913922240,0,1,0
2.913922560,0,0,0
2.913922720,0,0,1
2.913923040,0,1,1
2.913923360,0,0,0
2.913923680,0,1,0
2.913924000,0,0,0
2.913924320,0,1,0
2.913924640,0,0,0
2.913924960,0,1,0
2.913925280,0,0,0
2.913925600,0,1,0
2.913925920,0,0,0
2.913926240,0,1,0
2.913926560,0,0,0
2.913926720,0,0,1
2.913927040,0,1,1
2.913927360,0,0,0
2.913927680,0,1,0
2.913928000,0,0,1
2.913928320,0,1,1
2.913928640,0,0,1
2.913928960,0,1,1
2.913929280,0,0,0
2.913929600,0,1,0
2.913929920,0,0,0
2.913930240,0,1,0
2.914180000,0,0,0
2.914180320,0,1,0
2.914180640,0,0,0
2.914180960,0,1,0
2.914181280,0,0,0
2.914181600,0,1,0
2.914181920,0,0,0
2.914182240,0,1,0
2.914182560,0,0,0
2.914182720,1,0,1
2.914183040,1,1,1
2.914183360,0,0,1
2.914183680,0,1,1
2.914184000,0,0,0
2.914184320,0,1,0
2.914184640,0,0,1
2.914184960,0,1,1
2.914185280,0,0,0
2.914185600,0,1,0
2.914185920,0,0,0
2.914186240,0,1,0
2.914186560,0,0,0
2.914187040,0,1,0
2.914187360,0,0,0
2.914187680,0,1,0
2.914188000,0,0,0
2.914188320,0,1,0
2.914188640,0,0,0
2.914188960,0,1,0
2.914189280,0,0,0
2.914189600,0,1,0
2.914189920,0,0,0
2.914190240,0,1,0
2.914190560,0,0,0
2.914190720,1,0,1
2.914191040,1,1,1
2.914191360,0,0,0
2.914191680,0,1,0
2.914192000,0,0,0
2.914192320,0,1,0
2.914192640,0,0,0
2.914192960,0,1,0
2.914193280,1,0,0
2.914193600,1,1,0
2.914193920,0,0,0
2.914194240,0,1,0
2.914194560,0,0,0
2.914195040,0,1,0
2.914195360,0,0,0
2.914195680,0,1,0
2.914196000,0,0,0
2.914196320,0,1,0
2.914196640,0,0,0
2.914196960,0,1,0
2.914197280,1,0,1
2.914197600,1,1,1
2.914197920,1,0,1
2.914198240,1,1,1
2.914198560,0,0,1
2.914199040,0,1,1
2.914199360,0,0,0
2.914199680,0,1,0
2.914200000,1,0,1
2.914200320,1,1,1
2.914200640,0,0,0
2.914200960,0,1,0
2.953181920,0,0,0
2.953182240,0,1,0
2.953182560,0,0,0
2.953182880,0,1,0
2.953183200,0,0,0
2.953183520,0,1,0
2.953183840,0,0,0
2.953184160,0,1,0
2.953184640,0,0,0
2.953184960,0,1,0
2.953185280,0,0,0
2.953185600,0,1,0
2.953185920,0,0,0
2.953186240,0,1,0
2.953186560,0,0,0
2.953186880,0,1,0
2.953187200,0,0,0
2.953187520,0,1,0
2.953187840,0,0,0
2.953188160,0,1,0
2.953188640,0,0,0
2.953188960,0,1,0
2.953189280,0,0,0
2.953189600,0,1,0
2.953189920,0,0,0
2.953190240,0,1,0
2.953190560,0,0,0
2.953190880,0,1,0
2.953191200,0,0,0
2.953191520,0,1,0
2.953191840,0,0,0
2.953192160,0,1,0
2.953192640,0,0,0
2.953192960,0,1,0
2.953193280,0,0,0
2.953193600,0,1,0
2.953193920,0,0,0
2.953194240,0,1,0
2.953194560,0,0,0
2.953194880,0,1,0
2.953195200,1,0,0
2.953195520,1,1,0
2.953195840,0,0,0
2.953196160,0,1,0
2.953196640,0,0,0
2.953196960,0,1,0
2.953197280,0,0,0
2.953197600,0,1,0
2.953197920,0,0,0
2.953198240,0,1,0
2.953198560,0,0,0
2.953198880,0,1,0
2.953199200,1,0,0
2.953199520,1,1,0
2.953199840,0,0,0
2.953200160,0,1,0
2.953200640,0,0,0
2.953200960,0,1,0
2.953201280,0,0,0
2.953201600,0,1,0
2.953201920,0,0,0
2.953202240,0,1,0
2.953202560,0,0,0
2.953202880,0,1,0
2.953647840,0,0,0
2.953648160,0,1,0
2.953648640,0,0,0
2.953648960,0,1,0
2.953649280,0,0,0
2.953649600,0,1,0
2.953649920,0,0,0
2.953650240,0,1,0
2.953650560,1,0,1
2.953650880,1,1,1
2.953651200,1,0,0
2.953651520,1,1,0
2.953651840,1,0,0
2.953652160,1,1,0
2.953652640,0,0,0
2.953652960,0,1,0
2.953653280,0,0,0
2.953653600,0,1,0
2.953653920,0,0,0
2.953654240,0,1,0
2.953654560,0,0,0
2.953654880,0,1,0
2.953655200,1,0,0
2.953655520,1,1,0
2.953655840,0,0,0
2.953656160,0,1,0
2.953656640,0,0,0
2.953656960,0,1,0
2.953657280,0,0,0
2.953657600,0,1,0
2.953657920,0,0,0
2.953658240,0,1,0
2.953658560,1,0,1
2.953658880,1,1,1
2.953659200,0,0,0
2.953659520,0,1,0
2.953659840,0,0,0
2.953660160,0,1,0
2.953660640,0,0,0
2.953660960,0,1,0
2.953661280,0,0,1
2.953661600,0,1,1
2.953661920,0,0,0
2.953662240,0,1,0
2.953662560,0,0,0
2.953662880,0,1,0
2.953663200,0,0,0
2.953663520,0,1,0
2.953663840,0,0,0
2.953664160,0,1,0
2.953664640,0,0,0
2.953664960,0,1,0
2.953665280,0,0,1
2.953665600,0,1,1
2.953665920,1,0,1
2.953666240,1,1,1
2.953666560,0,0,0
2.953666880,0,1,0
2.953667200,0,0,0
2.953667520,0,1,0
2.953667840,1,0,0
2.953668000,1,0,1
2.953668160,1,1,1
2.953668640,0,0,0
2.953668960,0,1,0
2.953924640,0,0,0
2.953924960,0,1,0
2.953925280,0,0,0
2.953925600,0,1,0
2.953925920,0,0,0
2.953926240,0,1,0
2.953926560,0,0,0
2.953926880,0,1,0
2.953927200,0,0,0
2.953927520,0,1,0
2.953927840,0,0,0
2.953928160,0,1,0
2.953928640,0,0,0
2.953928960,0,1,0
2.953929280,0,0,1
2.953929600,0,1,1
2.953929920,0,0,1
2.953930240,0,1,1
2.953930560,0,0,0
2.953930880,0,1,0
2.953931200,0,0,0
2.953931520,0,1,0
2.953931840,0,0,0
2.953932160,0,1,0
2.953932640,0,0,0
2.953932960,0,1,0
2.953933280,0,0,0
2.953933600,0,1,0
2.953933920,0,0,0
2.953934240,0,1,0
2.953934560,0,0,0
2.953934880,0,1,0
2.953935200,0,0,0
2.953935520,0,1,0
2.953935840,0,0,0
2.953936160,0,1,0
2.953936640,0,0,0
2.953936960,0,1,0
2.953937280,0,0,0
2.953937600,0,1,0
2.953937920,0,0,1
2.953938240,0,1,1
2.953938560,0,0,0
2.953938880,0,1,0
2.953939200,0,0,0
2.953939520,0,1,0
2.953939840,0,0,0
2.953940160,0,1,0
2.953940640,0,0,0
2.953940960,0,1,0
2.953941280,0,0,0
2.953941600,0,1,0
2.953941920,0,0,1
2.953942240,0,1,1
2.953942560,0,0,0
2.953942880,0,1,0
2.953943200,0,0,1
2.953943520,0,1,1
2.953943840,0,0,1
2.953944160,0,1,1
2.953944640,0,0,0
2.953944960,0,1,0
2.953945280,0,0,0
2.953945600,0,1,0
2.954195200,0,0,0
2.954195520,0,1,0
2.954195840,0,0,0
2.954196160,0,1,0
2.954196640,0,0,0
2.954196960,0,1,0
2.954197280,0,0,0
2.954197600,0,1,0
2.954197920,1,0,1
2.954198240,1,1,1
2.954198560,0,0,1
2.954198880,0,1,1
2.954199200,0,0,1
2.954199520,0,1,1
2.954199840,0,0,0
2.954200160,0,1,0
2.954200640,0,0,0
2.954200960,0,1,0
2.954201280,0,0,0
2.954201600,0,1,0
2.954201920,0,0,0
2.954202240,0,1,0
2.954202560,0,0,0
2.954202880,0,1,0
2.954203200,0,0,0
2.954203520,0,1,0
2.954203840,0,0,0
2.954204160,0,1,0
2.954204640,0,0,0
2.954204960,0,1,0
2.954205280,0,0,0
2.954205600,0,1,0
2.954205920,1,0,1
2.954206240,1,1,1
2.954206560,0,0,0
2.954206880,0,1,0
2.954207200,0,0,0
2.954207520,0,1,0
2.954207840,0,0,0
2.954208160,0,1,0
2.954208640,1,0,0
2.954208960,1,1,0
2.954209280,0,0,0
2.954209600,0,1,0
2.954209920,0,0,0
2.954210240,0,1,0
2.954210560,0,0,0
2.954210880,0,1,0
2.954211200,0,0,0
2.954211520,0,1,0
2.954211840,0,0,0
2.954212160,0,1,0
2.954212640,1,0,0
2.954212960,1,1,0
2.954213280,1,0,0
2.954213600,1,1,0
2.954213920,0,0,0
2.954214240,0,1,0
2.954214560,0,0,0
2.954214880,0,1,0
2.954215200,1,0,1
2.954215520,1,1,1
2.954215840,0,0,0
2.954216160,0,1,0
2.993176480,0,0,0
2.993176800,0,1,0
2.993177120,0,0,0
2.993177440,0,1,0
2.993177760,0,0,0
2.993178240,0,1,0
2.993178560,0,0,0
2.993178880,0,1,0
2.993179200,0,0,0
2.993179520,0,1,0
2.993179840,0,0,0
2.993180160,0,1,0
2.993180480,0,0,0
2.993180800,0,1,0
2.993181120,0,0,0
2.993181440,0,1,0
2.993181760,0,0,0
2.993182240,0,1,0
2.993182560,0,0,0
2.993182880,0,1,0
2.993183200,0,0,0
2.993183520,0,1,0
2.993183840,0,0,0
2.993184160,0,1,0
2.993184480,0,0,0
2.993184800,0,1,0
2.993185120,0,0,0
2.993185440,0,1,0
2.993185760,0,0,0
2.993186240,0,1,0
2.993186560,0,0,0
2.993186880,0,1,0
2.993187200,0,0,0
2.993187520,0,1,0
2.993187840,0,0,0
2.993188160,0,1,0
2.993188480,0,0,0
2.993188800,0,1,0
2.993189120,0,0,0
2.993189440,0,1,0
2.993189760,0,0,0
2.993189920,1,0,0
2.993190240,1,1,0
2.993190560,0,0,0
2.993190880,0,1,0
2.993191200,0,0,0
2.993191520,0,1,0
2.993191840,0,0,0
2.993192160,0,1,0
2.993192480,0,0,0
2.993192800,0,1,0
2.993193120,0,0,0
2.993193440,0,1,0
2.993193760,0,0,0
2.993193920,1,0,0
2.993194240,1,1,0
2.993194560,0,0,0
2.993194880,0,1,0
2.993195200,0,0,0
2.993195520,0,1,0
2.993195840,0,0,0
2.993196160,0,1,0
2.993196480,0,0,0
2.993196800,0,1,0
2.993197120,0,0,0
2.993197440,0,1,0
2.993660480,0,0,0
2.993660800,0,1,0
2.993661120,0,0,0
2.993661440,0,1,0
2.993661760,0,0,0
2.993662240,0,1,0
2.993662560,0,0,0
2.993662880,0,1,0
2.993663200,1,0,1
2.993663520,1,1,1
2.993663840,1,0,0
2.993664160,1,1,0
2.993664480,1,0,0
2.993664800,1,1,0
2.993665120,1,0,0
2.993665440,1,1,0
2.993665760,0,0,0
2.993666240,0,1,0
2.993666560,0,0,0
2.993666880,0,1,0
2.993667200,0,0,0
2.993667520,0,1,0
2.993667840,1,0,0
2.993668160,1,1,0
2.993668480,0,0,0
2.993668800,0,1,0
2.993669120,0,0,0
2.993669440,0,1,0
2.993669760,0,0,0
2.993670240,0,1,0
2.993670560,0,0,0
2.993670880,0,1,0
2.993671200,1,0,1
2.993671520,1,1,1
2.993671840,0,0,0
2.993672160,0,1,0
2.993672480,0,0,0
2.993672800,0,1,0
2.993673120,0,0,0
2.993673440,0,1,0
2.993673760,0,0,0
2.993673920,0,0,1
2.993674240,0,1,1
2.993674560,0,0,0
2.993674880,0,1,0
2.993675200,0,0,0
2.993675520,0,1,0
2.993675840,0,0,0
2.993676160,0,1,0
2.993676480,0,0,0
2.993676800,0,1,0
2.993677120,0,0,0
2.993677440,0,1,0
2.993677760,0,0,0
2.993677920,0,0,1
2.993678240,0,1,1
2.993678560,1,0,1
2.993678880,1,1,1
2.993679200,1,0,0
2.993679520,1,1,0
2.993679840,0,0,0
2.993680160,0,1,0
2.993680480,1,0,1
2.993680800,1,1,1
2.993681120,0,0,0
2.993681440,0,1,0
2.993946560,0,0,0
2.993946880,0,1,0
2.993947200,0,0,0
2.993947520,0,1,0
2.993947840,0,0,0
2.993948160,0,1,0
2.993948480,0,0,0
2.993948800,0,1,0
2.993949120,0,0,0
2.993949440,0,1,0
2.993949760,0,0,0
2.993950240,0,1,0
2.993950560,0,0,0
2.993950880,0,1,0
2.993951200,0,0,1
2.993951520,0,1,1
2.993951840,0,0,1
2.993952160,0,1,1
2.993952480,0,0,0
2.993952800,0,1,0
2.993953120,0,0,0
2.993953440,0,1,0
2.993953760,0,0,0
2.993954240,0,1,0
2.993954560,0,0,0
2.993954880,0,1,0
2.993955200,0,0,0
2.993955520,0,1,0
2.993955840,0,0,0
2.993956160,0,1,0
2.993956480,0,0,0
2.993956800,0,1,0
2.993957120,0,0,0
2.993957440,0,1,0
2.993957760,0,0,0
2.993958240,0,1,0
2.993958560,0,0,0
2.993958880,0,1,0
2.993959200,0,0,0
2.993959520,0,1,0
2.993959840,1,0,1
2.993960160,1,1,1
2.993960480,0,0,0
2.993960800,0,1,0
2.993961120,0,0,0
2.993961440,0,1,0
2.993961760,0,0,0
2.993961920,1,0,0
2.993962240,1,1,0
2.993962560,1,0,0
2.993962880,1,1,0
2.993963200,0,0,0
2.993963520,0,1,0
2.993963840,1,0,1
2.993964160,1,1,1
2.993964480,0,0,0
2.993964800,0,1,0
2.993965120,0,0,1
2.993965440,0,1,1
2.993965760,0,0,1
2.993965920,1,0,1
2.993966240,1,1,1
2.993966560,1,0,0
2.993966880,1,1,0
2.993967200,0,0,0
2.993967520,0,1,0
2.994403840,0,0,0
2.994404160,0,1,0
2.994404480,0,0,0
2.994404800,0,1,0
2.994405120,0,0,0
2.994405440,0,1,0
2.994405760,0,0,0
2.994406240,0,1,0
2.994406560,1,0,1
2.994406880,1,1,1
2.994407200,0,0,1
2.994407520,0,1,1
2.994407840,0,0,1
2.994408160,0,1,1
2.994408480,0,0,1
2.994408800,0,1,1
2.994409120,0,0,0
2.994409440,0,1,0
2.994409760,0,0,0
2.994410240,0,1,0
2.994410560,0,0,0
2.994410880,0,1,0
2.994411200,0,0,0
2.994411520,0,1,0
2.994411840,0,0,0
2.994412160,0,1,0
2.994412480,0,0,0
2.994412800,0,1,0
2.994413120,0,0,0
2.994413440,0,1,0
2.994413760,0,0,0
2.994414240,0,1,0
2.994414560,1,0,1
2.994414880,1,1,1
2.994415200,0,0,0
2.994415520,0,1,0
2.994415840,0,0,0
2.994416160,0,1,0
2.994416480,0,0,0
2.994416800,0,1,0
2.994417120,1,0,1
2.994417440,1,1,1
2.994417760,0,0,1
2.994417920,0,0,0
2.994418240,0,1,0
2.994418560,0,0,0
2.994418880,0,1,0
2.994419200,0,0,1
2.994419520,0,1,1
2.994419840,0,0,1
2.994420160,0,1,1
2.994420480,0,0,0
2.994420800,0,1,0
2.994421120,1,0,1
2.994421440,1,1,1
2.994421760,1,0,1
2.994422240,1,1,1
2.994422560,0,0,0
2.994422880,0,1,0
2.994423200,0,0,0
2.994423520,0,1,0
2.994423840,1,0,0
2.994424160,1,1,0
2.994424480,0,0,0
2.994424800,0,1,0
2.994689760,0,0,0
2.994690240,0,1,0
2.994690560,0,0,0
2.994690880,0,1,0
2.994691200,0,0,0
2.994691520,0,1,0
2.994691840,0,0,0
2.994692160,0,1,0
2.994692480,0,0,0
2.994692800,0,1,0
2.994693120,0,0,0
2.994693440,0,1,0
2.994693760,0,0,0
2.994694240,0,1,0
2.994694560,0,0,0
2.994694880,0,1,0
2.994695200,0,0,0
2.994695520,0,1,0
2.994695840,0,0,0
2.994696160,0,1,0
2.994696480,0,0,0
2.994696800,0,1,0
2.994697120,0,0,1
2.994697440,0,1,1
2.994697760,0,0,1
2.994698240,0,1,1
2.994698560,0,0,0
2.994698880,0,1,0
2.994699200,0,0,0
2.994699520,0,1,0
2.994699840,0,0,1
2.994700160,0,1,1
2.994700480,0,0,0
2.994700800,0,1,0
2.994701120,0,0,0
2.994701440,0,1,0
2.994701760,0,0,0
2.994702240,0,1,0
2.994702560,0,0,0
2.994702880,0,1,0
2.994703200,0,0,1
2.994703520,0,1,1
2.994703840,0,0,0
2.994704160,0,1,0
2.994704480,0,0,0
2.994704800,0,1,0
2.994705120,0,0,1
2.994705440,0,1,1
2.994705760,0,0,1
2.994706240,0,1,1
2.994706560,0,0,0
2.994706880,0,1,0
2.994707200,0,0,0
2.994707520,0,1,0
2.994707840,0,0,1
2.994708160,0,1,1
2.994708480,0,0,1
2.994708800,0,1,1
2.994709120,0,0,1
2.994709440,0,1,1
2.994709760,0,0,1
2.994710240,0,1,1
2.994710560,0,0,0
2.994710880,0,1,0
2.994962560,0,0,0
2.994962880,0,1,0
2.994963200,0,0,0
2.994963520,0,1,0
2.994963840,0,0,0
2.994964160,0,1,0
2.994964480,0,0,0
2.994964800,0,1,0
2.994965120,1,0,1
2.994965440,1,1,1
2.994965760,0,0,1
2.994965920,0,0,0
2.994966240,0,1,0
2.994966560,0,0,0
2.994966880,0,1,0
2.994967200,0,0,0
2.994967520,0,1,0
2.994967840,0,0,0
2.994968160,0,1,0
2.994968480,0,0,0
2.994968800,0,1,0
2.994969120,0,0,0
2.994969440,0,1,0
2.994969760,0,0,0
2.994970240,0,1,0
2.994970560,0,0,0
2.994970880,0,1,0
2.994971200,0,0,0
2.994971520,0,1,0
2.994971840,0,0,0
2.994972160,0,1,0
2.994972480,0,0,0
2.994972800,0,1,0
2.994973120,1,0,1
2.994973440,1,1,1
2.994973760,0,0,1
2.994973920,0,0,0
2.994974240,0,1,0
2.994974560,0,0,0
2.994974880,0,1,0
2.994975200,0,0,0
2.994975520,0,1,0
2.994975840,1,0,0
2.994976160,1,1,0
2.994976480,0,0,0
2.994976800,0,1,0
2.994977120,0,0,0
2.994977440,0,1,0
2.994977760,0,0,0
2.994977920,1,0,0
2.994978240,1,1,0
2.994978560,1,0,0
2.994978880,1,1,0
2.994979200,0,0,0
2.994979520,0,1,0
2.994979840,1,0,0
2.994980160,1,1,0
2.994980480,1,0,1
2.994980800,1,1,1
2.994981120,1,0,0
2.994981440,1,1,0
2.994981760,0,0,0
2.994982240,0,1,0
2.994982560,0,0,1
2.994982880,0,1,1
2.994983200,0,0,0
2.994983520,0,1,0
3.033161760,0,0,0
3.033162080,0,1,0
3.033162400,0,0,0
3.033162720,0,1,0
3.033163040,0,0,0
3.033163360,0,1,0
3.033163840,0,0,0
3.033164160,0,1,0
3.033164480,0,0,0
3.033164800,0,1,0
3.033165120,0,0,0
3.033165440,0,1,0
3.033165760,0,0,0
3.033166080,0,1,0
3.033166400,0,0,0
3.033166720,0,1,0
3.033167040,0,0,0
3.033167360,0,1,0
3.033167840,0,0,0
3.033168160,0,1,0
3.033168480,0,0,0
3.033168800,0,1,0
3.033169120,0,0,0
3.033169440,0,1,0
3.033169760,0,0,0
3.033170080,0,1,0
3.033170400,0,0,0
3.033170720,0,1,0
3.033171040,0,0,0
3.033171360,0,1,0
3.033171840,0,0,0
3.033172160,0,1,0
3.033172480,0,0,0
3.033172800,0,1,0
3.033173120,0,0,0
3.033173440,0,1,0
3.033173760,0,0,0
3.033174080,0,1,0
3.033174400,0,0,0
3.033174720,0,1,0
3.033175040,1,0,0
3.033175360,1,1,0
3.033175840,0,0,0
3.033176160,0,1,0
3.033176480,0,0,0
3.033176800,0,1,0
3.033177120,0,0,0
3.033177440,0,1,0
3.033177760,0,0,0
3.033178080,0,1,0
3.033178400,0,0,0
3.033178720,0,1,0
3.033179040,1,0,0
3.033179360,1,1,0
3.033179840,0,0,0
3.033180160,0,1,0
3.033180480,0,0,0
3.033180800,0,1,0
3.033181120,0,0,0
3.033181440,0,1,0
3.033181760,0,0,0
3.033182080,0,1,0
3.033182400,0,0,0
3.033182720,0,1,0
3.033628480,0,0,0
3.033628800,0,1,0
3.033629120,0,0,0
3.033629440,0,1,0
3.033629760,0,0,0
3.033630080,0,1,0
3.033630400,0,0,0
3.033630720,0,1,0
3.033631040,1,0,1
3.033631360,1,1,1
3.033631840,0,0,0
3.033632160,0,1,0
3.033632480,0,0,0
3.033632800,0,1,0
3.033633120,1,0,0
3.033633440,1,1,0
3.033633760,0,0,0
3.033634080,0,1,0
3.033634400,0,0,0
3.033634720,0,1,0
3.033635040,0,0,0
3.033635360,0,1,0
3.033635840,1,0,0
3.033636160,1,1,0
3.033636480,0,0,0
3.033636800,0,1,0
3.033637120,0,0,0
3.033637440,0,1,0
3.033637760,0,0,0
3.033638080,0,1,0
3.033638400,0,0,0
3.033638720,0,1,0
3.033639040,1,0,1
3.033639360,1,1,1
3.033639840,0,0,0
3.033640160,0,1,0
3.033640480,0,0,0
3.033640800,0,1,0
3.033641120,0,0,0
3.033641440,0,1,0
3.033641760,0,0,1
3.033642080,0,1,1
3.033642400,0,0,0
3.033642720,0,1,0
3.033643040,0,0,0
3.033643360,0,1,0
3.033643840,0,0,0
3.033644160,0,1,0
3.033644480,0,0,0
3.033644800,0,1,0
3.033645120,0,0,0
3.033645440,0,1,0
3.033645760,1,0,1
3.033646080,1,1,1
3.033646400,0,0,1
3.033646720,0,1,1
3.033647040,1,0,0
3.033647360,1,1,0
3.033647680,1,0,0
3.033647840,0,0,0
3.033648160,0,1,0
3.033648480,1,0,1
3.033648800,1,1,1
3.033649120,0,0,0
3.033649440,0,1,0
3.033904480,0,0,0
3.033904800,0,1,0
3.033905120,0,0,0
3.033905440,0,1,0
3.033905760,0,0,0
3.033906080,0,1,0
3.033906400,0,0,0
3.033906720,0,1,0
3.033907040,0,0,0
3.033907360,0,1,0
3.033907840,0,0,0
3.033908160,0,1,0
3.033908480,0,0,0
3.033908800,0,1,0
3.033909120,0,0,1
3.033909440,0,1,1
3.033909760,0,0,1
3.033910080,0,1,1
3.033910400,0,0,0
3.033910720,0,1,0
3.033911040,0,0,0
3.033911360,0,1,0
3.033911840,0,0,0
3.033912160,0,1,0
3.033912480,0,0,0
3.033912800,0,1,0
3.033913120,0,0,0
3.033913440,0,1,0
3.033913760,0,0,0
3.033914080,0,1,0
3.033914400,0,0,0
3.033914720,0,1,0
3.033915040,0,0,0
3.033915360,0,1,0
3.033915840,0,0,0
3.033916160,0,1,0
3.033916480,0,0,0
3.033916800,0,1,0
3.033917120,0,0,0
3.033917440,0,1,0
3.033917760,0,0,1
3.033918080,0,1,1
3.033918400,0,0,0
3.033918720,0,1,0
3.033919040,0,0,0
3.033919360,0,1,0
3.033919840,0,0,0
3.033920160,0,1,0
3.033920480,0,0,0
3.033920800,0,1,0
3.033921120,0,0,0
3.033921440,0,1,0
3.033921760,0,0,1
3.033922080,0,1,1
3.033922400,0,0,0
3.033922720,0,1,0
3.033923040,0,0,1
3.033923360,0,1,1
3.033923840,0,0,1
3.033924160,0,1,1
3.033924480,0,0,0
3.033924800,0,1,0
3.033925120,0,0,0
3.033925440,0,1,0
3.034175840,0,0,0
3.034176160,0,1,0
3.034176480,0,0,0
3.034176800,0,1,0
3.034177120,0,0,0
3.034177440,0,1,0
3.034177760,0,0,0
3.034178080,0,1,0
3.034178400,1,0,1
3.034178720,1,1,1
3.034179040,0,0,0
3.034179360,0,1,0
3.034179840,0,0,0
3.034180160,0,1,0
3.034180480,0,0,1
3.034180800,0,1,1
3.034181120,0,0,0
3.034181440,0,1,0
3.034181760,0,0,0
3.034182080,0,1,0
3.034182400,0,0,0
3.034182720,0,1,0
3.034183040,0,0,0
3.034183360,0,1,0
3.034183840,0,0,0
3.034184160,0,1,0
3.034184480,0,0,0
3.034184800,0,1,0
3.034185120,0,0,0
3.034185440,0,1,0
3.034185760,0,0,0
3.034186080,0,1,0
3.034186400,1,0,1
3.034186720,1,1,1
3.034187040,0,0,0
3.034187360,0,1,0
3.034187680,0,0,0
3.034188160,0,1,0
3.034188480,0,0,0
3.034188800,0,1,0
3.034189120,1,0,0
3.034189440,1,1,0
3.034189760,0,0,0
3.034190080,0,1,0
3.034190400,0,0,0
3.034190720,0,1,0
3.034191040,0,0,0
3.034191360,0,1,0
3.034191680,0,0,0
3.034192160,0,1,0
3.034192480,0,0,0
3.034192800,0,1,0
3.034193120,1,0,0
3.034193440,1,1,0
3.034193760,1,0,1
3.034194080,1,1,1
3.034194400,0,0,1
3.034194720,0,1,1
3.034195040,0,0,0
3.034195360,0,1,0
3.034195680,0,0,0
3.034195840,1,0,1
3.034196160,1,1,1
3.034196480,0,0,0
3.034196800,0,1,0
3.073159040,0,0,0
3.073159360,0,1,0
3.073159680,0,0,0
3.073160000,0,1,0
3.073160320,0,0,0
3.073160640,0,1,0
3.073160960,0,0,0
3.073161440,0,1,0
3.073161760,0,0,0
3.073162080,0,1,0
3.073162400,0,0,0
3.073162720,0,1,0
3.073163040,0,0,0
3.073163360,0,1,0
3.073163680,0,0,0
3.073164000,0,1,0
3.073164320,0,0,0
3.073164640,0,1,0
3.073164960,0,0,0
3.073165440,0,1,0
3.073165760,0,0,0
3.073166080,0,1,0
3.073166400,0,0,0
3.073166720,0,1,0
3.073167040,0,0,0
3.073167360,0,1,0
3.073167680,0,0,0
3.073168000,0,1,0
3.073168320,0,0,0
3.073168640,0,1,0
3.073168960,0,0,0
3.073169440,0,1,0
3.073169760,0,0,0
3.073170080,0,1,0
3.073170400,0,0,0
3.073170720,0,1,0
3.073171040,0,0,0
3.073171360,0,1,0
3.073171680,0,0,0
3.073172000,0,1,0
3.073172320,1,0,0
3.073172640,1,1,0
3.073172960,0,0,0
3.073173440,0,1,0
3.073173760,0,0,0
3.073174080,0,1,0
3.073174400,0,0,0
3.073174720,0,1,0
3.073175040,0,0,0
3.073175360,0,1,0
3.073175680,0,0,0
3.073176000,0,1,0
3.073176320,1,0,0
3.073176640,1,1,0
3.073176960,0,0,0
3.073177440,0,1,0
3.073177760,0,0,0
3.073178080,0,1,0
3.073178400,0,0,0
3.073178720,0,1,0
3.073179040,0,0,0
3.073179360,0,1,0
3.073179680,0,0,0
3.073180000,0,1,0
3.073627040,0,0,0
3.073627360,0,1,0
3.073627680,0,0,0
3.073628000,0,1,0
3.073628320,0,0,0
3.073628640,0,1,0
3.073628960,0,0,0
3.073629440,0,1,0
3.073629760,1,0,1
3.073630080,1,1,1
3.073630400,0,0,0
3.073630720,0,1,0
3.073631040,1,0,0
3.073631360,1,1,0
3.073631680,0,0,0
3.073632000,0,1,0
3.073632320,0,0,0
3.073632640,0,1,0
3.073632960,0,0,0
3.073633440,0,1,0
3.073633760,0,0,0
3.073634080,0,1,0
3.073634400,1,0,0
3.073634720,1,1,0
3.073635040,0,0,0
3.073635360,0,1,0
3.073635680,0,0,0
3.073636000,0,1,0
3.073636320,0,0,0
3.073636640,0,1,0
3.073636960,0,0,0
3.073637440,0,1,0
3.073637760,1,0,1
3.073638080,1,1,1
3.073638400,0,0,0
3.073638720,0,1,0
3.073639040,0,0,0
3.073639360,0,1,0
3.073639680,0,0,0
3.073640000,0,1,0
3.073640320,0,0,1
3.073640640,0,1,1
3.073640960,0,0,1
3.073641120,0,0,0
3.073641440,0,1,0
3.073641760,0,0,0
3.073642080,0,1,0
3.073642400,0,0,0
3.073642720,0,1,0
3.073643040,0,0,0
3.073643360,0,1,0
3.073643680,0,0,0
3.073644000,0,1,0
3.073644320,1,0,1
3.073644640,1,1,1
3.073644960,1,0,1
3.073645440,1,1,1
3.073645760,0,0,0
3.073646080,0,1,0
3.073646400,0,0,0
3.073646720,0,1,0
3.073647040,1,0,1
3.073647360,1,1,1
3.073647680,0,0,0
3.073648000,0,1,0
3.073903680,0,0,0
3.073904000,0,1,0
3.073904320,0,0,0
3.073904640,0,1,0
3.073904960,0,0,0
3.073905440,0,1,0
3.073905760,0,0,0
3.073906080,0,1,0
3.073906400,0,0,0
3.073906720,0,1,0
3.073907040,0,0,0
3.073907360,0,1,0
3.073907680,0,0,0
3.073908000,0,1,0
3.073908320,0,0,1
3.073908640,0,1,1
3.073908960,0,0,1
3.073909440,0,1,1
3.073909760,0,0,0
3.073910080,0,1,0
3.073910400,0,0,0
3.073910720,0,1,0
3.073911040,0,0,0
3.073911360,0,1,0
3.073911680,0,0,0
3.073912000,0,1,0
3.073912320,0,0,0
3.073912640,0,1,0
3.073912960,0,0,0
3.073913440,0,1,0
3.073913760,0,0,0
3.073914080,0,1,0
3.073914400,0,0,0
3.073914720,0,1,0
3.073915040,0,0,0
3.073915360,0,1,0
3.073915680,0,0,0
3.073916000,0,1,0
3.073916320,0,0,0
3.073916640,0,1,0
3.073916960,0,0,0
3.073917120,0,0,1
3.073917440,0,1,1
3.073917760,0,0,0
3.073918080,0,1,0
3.073918400,0,0,0
3.073918720,0,1,0
3.073919040,0,0,0
3.073919360,0,1,0
3.073919680,0,0,0
3.073920000,0,1,0
3.073920320,0,0,0
3.073920640,0,1,0
3.073920960,0,0,0
3.073921120,0,0,1
3.073921440,0,1,1
3.073921760,0,0,0
3.073922080,0,1,0
3.073922400,0,0,1
3.073922720,0,1,1
3.073923040,0,0,1
3.073923360,0,1,1
3.073923680,0,0,0
3.073924000,0,1,0
3.073924320,0,0,0
3.073924640,0,1,0
3.074175040,0,0,0
3.074175360,0,1,0
3.074175680,0,0,0
3.074176000,0,1,0
3.074176320,0,0,0
3.074176640,0,1,0
3.074176960,0,0,0
3.074177440,0,1,0
3.074177760,1,0,1
3.074178080,1,1,1
3.074178400,0,0,0
3.074178720,0,1,0
3.074179040,0,0,1
3.074179360,0,1,1
3.074179680,0,0,0
3.074180000,0,1,0
3.074180320,0,0,0
3.074180640,0,1,0
3.074180960,0,0,0
3.074181440,0,1,0
3.074181760,0,0,0
3.074182080,0,1,0
3.074182400,0,0,0
3.074182720,0,1,0
3.074183040,0,0,0
3.074183360,0,1,0
3.074183680,0,0,0
3.074184000,0,1,0
3.074184320,0,0,0
3.074184640,0,1,0
3.074184960,0,0,0
3.074185440,0,1,0
3.074185760,1,0,1
3.074186080,1,1,1
3.074186400,0,0,0
3.074186720,0,1,0
3.074187040,0,0,0
3.074187360,0,1,0
3.074187680,0,0,0
3.074188000,0,1,0
3.074188320,1,0,0
3.074188640,1,1,0
3.074188960,0,0,0
3.074189440,0,1,0
3.074189760,0,0,0
3.074190080,0,1,0
3.074190400,0,0,0
3.074190720,0,1,0
3.074191040,0,0,0
3.074191360,0,1,0
3.074191680,0,0,0
3.074192000,0,1,0
3.074192320,1,0,1
3.074192640,1,1,1
3.074192960,1,0,1
3.074193120,1,0,0
3.074193440,1,1,0
3.074193760,0,0,0
3.074194080,0,1,0
3.074194400,0,0,0
3.074194720,0,1,0
3.074195040,1,0,1
3.074195360,1,1,1
3.074195680,0,0,0
3.074196000,0,1,0
3.113158880,0,0,0
3.113159360,0,1,0
3.113159680,0,0,0
3.113160000,0,1,0
3.113160320,0,0,0
3.113160640,0,1,0
3.113160960,0,0,0
3.113161280,0,1,0
3.113161600,0,0,0
3.113161920,0,1,0
3.113162240,0,0,0
3.113162560,0,1,0
3.113162880,0,0,0
3.113163360,0,1,0
3.113163680,0,0,0
3.113164000,0,1,0
3.113164320,0,0,0
3.113164640,0,1,0
3.113164960,0,0,0
3.113165280,0,1,0
3.113165600,0,0,0
3.113165920,0,1,0
3.113166240,0,0,0
3.113166560,0,1,0
3.113166880,0,0,0
3.113167360,0,1,0
3.113167680,0,0,0
3.113168000,0,1,0
3.113168320,0,0,0
3.113168640,0,1,0
3.113168960,0,0,0
3.113169280,0,1,0
3.113169600,0,0,0
3.113169920,0,1,0
3.113170240,0,0,0
3.113170560,0,1,0
3.113170880,0,0,0
3.113171360,0,1,0
3.113171680,0,0,0
3.113172000,0,1,0
3.113172320,1,0,0
3.113172640,1,1,0
3.113172960,0,0,0
3.113173280,0,1,0
3.113173600,0,0,0
3.113173920,0,1,0
3.113174240,0,0,0
3.113174560,0,1,0
3.113174880,0,0,0
3.113175360,0,1,0
3.113175680,0,0,0
3.113176000,0,1,0
3.113176320,1,0,0
3.113176640,1,1,0
3.113176960,0,0,0
3.113177280,0,1,0
3.113177600,0,0,0
3.113177920,0,1,0
3.113178240,0,0,0
3.113178560,0,1,0
3.113178880,0,0,0
3.113179360,0,1,0
3.113179680,0,0,0
3.113180000,0,1,0
3.113624960,0,0,0
3.113625280,0,1,0
3.113625600,0,0,0
3.113625920,0,1,0
3.113626240,0,0,0
3.113626560,0,1,0
3.113626880,0,0,0
3.113627360,0,1,0
3.113627680,1,0,1
3.113628000,1,1,1
3.113628320,0,0,0
3.113628640,0,1,0
3.113628960,1,0,0
3.113629280,1,1,0
3.113629600,1,0,0
3.113629920,1,1,0
3.113630240,0,0,0
3.113630560,0,1,0
3.113630880,0,0,0
3.113631360,0,1,0
3.113631680,0,0,0
3.113632000,0,1,0
3.113632320,1,0,0
3.113632640,1,1,0
3.113632960,0,0,0
3.113633280,0,1,0
3.113633600,0,0,0
3.113633920,0,1,0
3.113634240,0,0,0
3.113634560,0,1,0
3.113634880,0,0,0
3.113635360,0,1,0
3.113635680,1,0,1
3.113636000,1,1,1
3.113636320,0,0,0
3.113636640,0,1,0
3.113636960,0,0,0
3.113637280,0,1,0
3.113637600,0,0,0
3.113637920,0,1,0
3.113638240,0,0,1
3.113638560,0,1,1
3.113638880,0,0,1
3.113639040,0,0,0
3.113639360,0,1,0
3.113639680,0,0,0
3.113640000,0,1,0
3.113640320,0,0,0
3.113640640,0,1,0
3.113640960,0,0,0
3.113641280,0,1,0
3.113641600,0,0,0
3.113641920,0,1,0
3.113642240,1,0,1
3.113642560,1,1,1
3.113642880,1,0,1
3.113643360,1,1,1
3.113643680,1,0,0
3.113644000,1,1,0
3.113644320,0,0,0
3.113644640,0,1,0
3.113644960,1,0,1
3.113645280,1,1,1
3.113645600,0,0,0
3.113645920,0,1,0
3.113901600,0,0,0
3.113901920,0,1,0
3.113902240,0,0,0
3.113902560,0,1,0
3.113902880,0,0,0
3.113903360,0,1,0
3.113903680,0,0,0
3.113904000,0,1,0
3.113904320,0,0,0
3.113904640,0,1,0
3.113904960,0,0,0
3.113905280,0,1,0
3.113905600,0,0,0
3.113905920,0,1,0
3.113906240,0,0,1
3.113906560,0,1,1
3.113906880,0,0,1
3.113907360,0,1,1
3.113907680,0,0,0
3.113908000,0,1,0
3.113908320,0,0,0
3.113908640,0,1,0
3.113908960,0,0,0
3.113909280,0,1,0
3.113909600,0,0,0
3.113909920,0,1,0
3.113910240,0,0,0
3.113910560,0,1,0
3.113910880,0,0,0
3.113911360,0,1,0
3.113911680,0,0,0
3.113912000,0,1,0
3.113912320,0,0,0
3.113912640,0,1,0
3.113912960,0,0,0
3.113913280,0,1,0
3.113913600,0,0,0
3.113913920,0,1,0
3.113914240,0,0,0
3.113914560,0,1,0
3.113914880,0,0,0
3.113915040,1,0,1
3.113915360,1,1,1
3.113915680,0,0,0
3.113916000,0,1,0
3.113916320,0,0,0
3.113916640,0,1,0
3.113916960,1,0,0
3.113917280,1,1,0
3.113917600,1,0,0
3.113917920,1,1,0
3.113918240,0,0,0
3.113918560,0,1,0
3.113918880,0,0,0
3.113919040,1,0,1
3.113919360,1,1,1
3.113919680,0,0,0
3.113920000,0,1,0
3.113920320,0,0,1
3.113920640,0,1,1
3.113920960,1,0,1
3.113921280,1,1,1
3.113921600,1,0,0
3.113921920,1,1,0
3.113922240,0,0,0
3.113922560,0,1,0
3.114352320,0,0,0
3.114352640,0,1,0
3.114352960,0,0,0
3.114353280,0,1,0
3.114353600,0,0,0
3.114353920,0,1,0
3.114354240,0,0,0
3.114354560,0,1,0
3.114354880,0,0,0
3.114355040,1,0,1
3.114355360,1,1,1
3.114355680,1,0,0
3.114356000,1,1,0
3.114356320,0,0,1
3.114356640,0,1,1
3.114356960,0,0,1
3.114357280,0,1,1
3.114357600,0,0,0
3.114357920,0,1,0
3.114358240,0,0,0
3.114358560,0,1,0
3.114358880,0,0,0
3.114359360,0,1,0
3.114359680,0,0,0
3.114360000,0,1,0
3.114360320,0,0,0
3.114360640,0,1,0
3.114360960,0,0,0
3.114361280,0,1,0
3.114361600,0,0,0
3.114361920,0,1,0
3.114362240,0,0,0
3.114362560,0,1,0
3.114362880,0,0,0
3.114363040,1,0,1
3.114363360,1,1,1
3.114363680,0,0,0
3.114364000,0,1,0
3.114364320,0,0,0
3.114364640,0,1,0
3.114364960,0,0,0
3.114365280,0,1,0
3.114365600,1,0,1
3.114365920,1,1,1
3.114366240,0,0,0
3.114366560,0,1,0
3.114366880,0,0,0
3.114367360,0,1,0
3.114367680,0,0,1
3.114368000,0,1,1
3.114368320,0,0,1
3.114368640,0,1,1
3.114368960,0,0,0
3.114369280,0,1,0
3.114369600,0,0,0
3.114369920,0,1,0
3.114370240,1,0,1
3.114370560,1,1,1
3.114370880,0,0,1
3.114371040,0,0,0
3.114371360,0,1,0
3.114371680,0,0,0
3.114372000,0,1,0
3.114372320,1,0,0
3.114372640,1,1,0
3.114372960,0,0,0
3.114373280,0,1,0
3.114636320,0,0,0
3.114636640,0,1,0
3.114636960,0,0,0
3.114637280,0,1,0
3.114637600,0,0,0
3.114637920,0,1,0
3.114638240,0,0,0
3.114638560,0,1,0
3.114638880,0,0,0
3.114639360,0,1,0
3.114639680,0,0,0
3.114640000,0,1,0
3.114640320,0,0,0
3.114640640,0,1,0
3.114640960,0,0,0
3.114641280,0,1,0
3.114641600,0,0,0
3.114641920,0,1,0
3.114642240,0,0,0
3.114642560,0,1,0
3.114642880,0,0,0
3.114643360,0,1,0
3.114643680,0,0,1
3.114644000,0,1,1
3.114644320,0,0,1
3.114644640,0,1,1
3.114644960,0,0,0
3.114645280,0,1,0
3.114645600,0,0,0
3.114645920,0,1,0
3.114646240,0,0,1
3.114646560,0,1,1
3.114646880,0,0,1
3.114647040,0,0,0
3.114647360,0,1,0
3.114647680,0,0,0
3.114648000,0,1,0
3.114648320,0,0,0
3.114648640,0,1,0
3.114648960,0,0,0
3.114649280,0,1,0
3.114649600,0,0,1
3.114649920,0,1,1
3.114650240,0,0,0
3.114650560,0,1,0
3.114650880,0,0,0
3.114651360,0,1,0
3.114651680,0,0,1
3.114652000,0,1,1
3.114652320,0,0,1
3.114652640,0,1,1
3.114652960,0,0,0
3.114653280,0,1,0
3.114653600,0,0,0
3.114653920,0,1,0
3.114654240,0,0,1
3.114654560,0,1,1
3.114654880,0,0,1
3.114655360,0,1,1
3.114655680,0,0,1
3.114656000,0,1,1
3.114656320,0,0,1
3.114656640,0,1,1
3.114656960,0,0,0
3.114657280,0,1,0
3.114908960,0,0,0
3.114909280,0,1,0
3.114909600,0,0,0
3.114909920,0,1,0
3.114910240,0,0,0
3.114910560,0,1,0
3.114910880,0,0,0
3.114911360,0,1,0
3.114911680,1,0,1
3.114912000,1,1,1
3.114912320,0,0,1
3.114912640,0,1,1
3.114912960,0,0,0
3.114913280,0,1,0
3.114913600,0,0,0
3.114913920,0,1,0
3.114914240,0,0,0
3.114914560,0,1,0
3.114914880,0,0,0
3.114915360,0,1,0
3.114915680,0,0,0
3.114916000,0,1,0
3.114916320,0,0,0
3.114916640,0,1,0
3.114916960,0,0,0
3.114917280,0,1,0
3.114917600,0,0,0
3.114917920,0,1,0
3.114918240,0,0,0
3.114918560,0,1,0
3.114918880,0,0,0
3.114919360,0,1,0
3.114919680,1,0,1
3.114920000,1,1,1
3.114920320,0,0,0
3.114920640,0,1,0
3.114920960,0,0,0
3.114921280,0,1,0
3.114921600,0,0,0
3.114921920,0,1,0
3.114922240,1,0,0
3.114922560,1,1,0
3.114922880,0,0,0
3.114923360,0,1,0
3.114923680,0,0,0
3.114924000,0,1,0
3.114924320,1,0,0
3.114924640,1,1,0
3.114924960,1,0,0
3.114925280,1,1,0
3.114925600,0,0,0
3.114925920,0,1,0
3.114926240,1,0,1
3.114926560,1,1,1
3.114926880,1,0,1
3.114927360,1,1,1
3.114927680,1,0,0
3.114928000,1,1,0
3.114928320,0,0,0
3.114928640,0,1,0
3.114928960,0,0,1
3.114929280,0,1,1
3.114929600,0,0,0
3.114929920,0,1,0
3.153148960,0,0,0
3.153149280,0,1,0
3.153149600,0,0,0
3.153149920,0,1,0
3.153150240,0,0,0
3.153150560,0,1,0
3.153150880,0,0,0
3.153151200,0,1,0
3.153151520,0,0,0
3.153151840,0,1,0
3.153152160,0,0,0
3.153152480,0,1,0
3.153152960,0,0,0
3.153153280,0,1,0
3.153153600,0,0,0
3.153153920,0,1,0
3.153154240,0,0,0
3.153154560,0,1,0
3.153154880,0,0,0
3.153155200,0,1,0
3.153155520,0,0,0
3.153155840,0,1,0
3.153156160,0,0,0
3.153156480,0,1,0
3.153156960,0,0,0
3.153157280,0,1,0
3.153157600,0,0,0
3.153157920,0,1,0
3.153158240,0,0,0
3.153158560,0,1,0
3.153158880,0,0,0
3.153159200,0,1,0
3.153159520,0,0,0
3.153159840,0,1,0
3.153160160,0,0,0
3.153160480,0,1,0
3.153160960,0,0,0
3.153161280,0,1,0
3.153161600,0,0,0
3.153161920,0,1,0
3.153162240,1,0,0
3.153162560,1,1,0
3.153162880,0,0,0
3.153163200,0,1,0
3.153163520,0,0,0
3.153163840,0,1,0
3.153164160,0,0,0
3.153164480,0,1,0
3.153164960,0,0,0
3.153165280,0,1,0
3.153165600,0,0,0
3.153165920,0,1,0
3.153166240,1,0,0
3.153166560,1,1,0
3.153166880,0,0,0
3.153167200,0,1,0
3.153167520,0,0,0
3.153167840,0,1,0
3.153168160,0,0,0
3.153168640,0,1,0
3.153168960,0,0,0
3.153169280,0,1,0
3.153169600,0,0,0
3.153169920,0,1,0
3.153613600,0,0,0
3.153613920,0,1,0
3.153614240,0,0,0
3.153614560,0,1,0
3.153614880,0,0,0
3.153615200,0,1,0
3.153615520,0,0,0
3.153615840,0,1,0
3.153616160,1,0,0
3.153616320,1,0,1
3.153616480,1,1,1
3.153616960,1,0,0
3.153617280,1,1,0
3.153617600,0,0,0
3.153617920,0,1,0
3.153618240,1,0,0
3.153618560,1,1,0
3.153618880,0,0,0
3.153619200,0,1,0
3.153619520,0,0,0
3.153619840,0,1,0
3.153620160,0,0,0
3.153620480,0,1,0
3.153620960,1,0,0
3.153621280,1,1,0
3.153621600,0,0,0
3.153621920,0,1,0
3.153622240,0,0,0
3.153622560,0,1,0
3.153622880,0,0,0
3.153623200,0,1,0
3.153623520,0,0,0
3.153623840,0,1,0
3.153624160,1,0,0
3.153624320,1,0,1
3.153624480,1,1,1
3.153624960,0,0,0
3.153625280,0,1,0
3.153625600,0,0,0
3.153625920,0,1,0
3.153626240,0,0,0
3.153626560,0,1,0
3.153626880,0,0,1
3.153627200,0,1,1
3.153627520,0,0,0
3.153627840,0,1,0
3.153628160,0,0,0
3.153628480,0,1,0
3.153628960,0,0,0
3.153629280,0,1,0
3.153629600,0,0,0
3.153629920,0,1,0
3.153630240,0,0,0
3.153630560,0,1,0
3.153630880,0,0,1
3.153631200,0,1,1
3.153631520,0,0,1
3.153631840,0,1,1
3.153632160,1,0,1
3.153632320,1,0,0
3.153632480,1,1,0
3.153632960,0,0,0
3.153633280,0,1,0
3.153633600,1,0,1
3.153633920,1,1,1
3.153634240,0,0,0
3.153634560,0,1,0
3.153888960,0,0,0
3.153889280,0,1,0
3.153889600,0,0,0
3.153889920,0,1,0
3.153890240,0,0,0
3.153890560,0,1,0
3.153890880,0,0,0
3.153891200,0,1,0
3.153891520,0,0,0
3.153891840,0,1,0
3.153892160,0,0,0
3.153892480,0,1,0
3.153892960,0,0,0
3.153893280,0,1,0
3.153893600,0,0,1
3.153893920,0,1,1
3.153894240,0,0,1
3.153894560,0,1,1
3.153894880,0,0,0
3.153895200,0,1,0
3.153895520,0,0,0
3.153895840,0,1,0
3.153896160,0,0,0
3.153896480,0,1,0
3.153896960,0,0,0
3.153897280,0,1,0
3.153897600,0,0,0
3.153897920,0,1,0
3.153898240,0,0,0
3.153898560,0,1,0
3.153898880,0,0,0
3.153899200,0,1,0
3.153899520,0,0,0
3.153899840,0,1,0
3.153900160,0,0,0
3.153900480,0,1,0
3.153900960,0,0,0
3.153901280,0,1,0
3.153901600,0,0,0
3.153901920,0,1,0
3.153902240,0,0,1
3.153902560,0,1,1
3.153902880,0,0,0
3.153903200,0,1,0
3.153903520,0,0,0
3.153903840,0,1,0
3.153904160,0,0,0
3.153904480,0,1,0
3.153904960,0,0,0
3.153905280,0,1,0
3.153905600,0,0,0
3.153905920,0,1,0
3.153906240,0,0,1
3.153906560,0,1,1
3.153906880,0,0,0
3.153907200,0,1,0
3.153907520,0,0,1
3.153907840,0,1,1
3.153908160,0,0,1
3.153908480,0,1,1
3.153908960,0,0,0
3.153909280,0,1,0
3.153909600,0,0,0
3.153909920,0,1,0
3.154159520,0,0,0
3.154159840,0,1,0
3.154160160,0,0,0
3.154160480,0,1,0
3.154160960,0,0,0
3.154161280,0,1,0
3.154161600,0,0,0
3.154161920,0,1,0
3.154162240,1,0,1
3.154162560,1,1,1
3.154162880,0,0,1
3.154163200,0,1,1
3.154163520,0,0,0
3.154163840,0,1,0
3.154164160,0,0,0
3.154164320,0,0,1
3.154164480,0,1,1
3.154164960,0,0,0
3.154165280,0,1,0
3.154165600,0,0,0
3.154165920,0,1,0
3.154166240,0,0,0
3.154166560,0,1,0
3.154166880,0,0,0
3.154167200,0,1,0
3.154167520,0,0,0
3.154167840,0,1,0
3.154168160,0,0,0
3.154168480,0,1,0
3.154168960,0,0,0
3.154169280,0,1,0
3.154169600,0,0,0
3.154169920,0,1,0
3.154170240,1,0,1
3.154170560,1,1,1
3.154170880,0,0,0
3.154171200,0,1,0
3.154171520,0,0,0
3.154171840,0,1,0
3.154172160,0,0,0
3.154172480,0,1,0
3.154172960,1,0,0
3.154173280,1,1,0
3.154173600,0,0,0
3.154173920,0,1,0
3.154174240,0,0,0
3.154174560,0,1,0
3.154174880,0,0,0
3.154175200,0,1,0
3.154175520,0,0,0
3.154175840,0,1,0
3.154176160,0,0,0
3.154176480,0,1,0
3.154176960,1,0,1
3.154177280,1,1,1
3.154177600,1,0,1
3.154177920,1,1,1
3.154178240,0,0,1
3.154178560,0,1,1
3.154178880,0,0,0
3.154179200,0,1,0
3.154179520,1,0,1
3.154179840,1,1,1
3.154180160,0,0,1
3.154180320,0,0,0
3.154180480,0,1,0
3.193174880,0,0,0
3.193175200,0,1,0
3.193175520,0,0,0
3.193175840,0,1,0
3.193176160,0,0,0
3.193176480,0,1,0
3.193176800,0,0,0
3.193177120,0,1,0
3.193177440,0,0,0
3.193177760,0,1,0
3.193178080,0,0,0
3.193178560,0,1,0
3.193178880,0,0,0
3.193179200,0,1,0
3.193179520,0,0,0
3.193179840,0,1,0
3.193180160,0,0,0
3.193180480,0,1,0
3.193180800,0,0,0
3.193181120,0,1,0
3.193181440,0,0,0
3.193181760,0,1,0
3.193182080,0,0,0
3.193182560,0,1,0
3.193182880,0,0,0
3.193183200,0,1,0
3.193183520,0,0,0
3.193183840,0,1,0
3.193184160,0,0,0
3.193184480,0,1,0
3.193184800,0,0,0
3.193185120,0,1,0
3.193185440,0,0,0
3.193185760,0,1,0
3.193186080,0,0,0
3.193186560,0,1,0
3.193186880,0,0,0
3.193187200,0,1,0
3.193187520,0,0,0
3.193187840,0,1,0
3.193188160,1,0,0
3.193188480,1,1,0
3.193188800,0,0,0
3.193189120,0,1,0
3.193189440,0,0,0
3.193189760,0,1,0
3.193190080,0,0,0
3.193190560,0,1,0
3.193190880,0,0,0
3.193191200,0,1,0
3.193191520,0,0,0
3.193191840,0,1,0
3.193192160,1,0,0
3.193192480,1,1,0
3.193192800,0,0,0
3.193193120,0,1,0
3.193193440,0,0,0
3.193193760,0,1,0
3.193194080,0,0,0
3.193194560,0,1,0
3.193194880,0,0,0
3.193195200,0,1,0
3.193195520,0,0,0
3.193195840,0,1,0
3.193654080,0,0,0
3.193654560,0,1,0
3.193654880,0,0,0
3.193655200,0,1,0
3.193655520,0,0,0
3.193655840,0,1,0
3.193656160,0,0,0
3.193656480,0,1,0
3.193656800,1,0,1
3.193657120,1,1,1
3.193657440,1,0,0
3.193657760,1,1,0
3.193658080,1,0,0
3.193658560,1,1,0
3.193658880,0,0,0
3.193659200,0,1,0
3.193659520,0,0,0
3.193659840,0,1,0
3.193660160,0,0,0
3.193660480,0,1,0
3.193660800,0,0,0
3.193661120,0,1,0
3.193661440,1,0,0
3.193661760,1,1,0
3.193662080,0,0,0
3.193662560,0,1,0
3.193662880,0,0,0
3.193663200,0,1,0
3.193663520,0,0,0
3.193663840,0,1,0
3.193664160,0,0,0
3.193664480,0,1,0
3.193664800,1,0,1
3.193665120,1,1,1
3.193665440,0,0,0
3.193665760,0,1,0
3.193666080,0,0,0
3.193666560,0,1,0
3.193666880,0,0,0
3.193667200,0,1,0
3.193667520,0,0,1
3.193667840,0,1,1
3.193668160,0,0,0
3.193668480,0,1,0
3.193668800,0,0,0
3.193669120,0,1,0
3.193669440,0,0,0
3.193669760,0,1,0
3.193670080,0,0,0
3.193670560,0,1,0
3.193670880,0,0,0
3.193671200,0,1,0
3.193671520,0,0,1
3.193671840,0,1,1
3.193672160,1,0,1
3.193672480,1,1,1
3.193672800,0,0,0
3.193673120,0,1,0
3.193673440,0,0,0
3.193673760,0,1,0
3.193674080,0,0,0
3.193674240,1,0,1
3.193674560,1,1,1
3.193674880,0,0,0
3.193675200,0,1,0
3.193944800,0,0,0
3.193945120,0,1,0
3.193945440,0,0,0
3.193945760,0,1,0
3.193946080,0,0,0
3.193946560,0,1,0
3.193946880,0,0,0
3.193947200,0,1,0
3.193947520,0,0,0
3.193947840,0,1,0
3.193948160,0,0,0
3.193948480,0,1,0
3.193948800,0,0,0
3.193949120,0,1,0
3.193949440,0,0,1
3.193949760,0,1,1
3.193950080,0,0,1
3.193950560,0,1,1
3.193950880,0,0,0
3.193951200,0,1,0
3.193951520,0,0,0
3.193951840,0,1,0
3.193952160,0,0,0
3.193952480,0,1,0
3.193952800,0,0,0
3.193953120,0,1,0
3.193953440,0,0,0
3.193953760,0,1,0
3.193954080,0,0,0
3.193954560,0,1,0
3.193954880,0,0,0
3.193955200,0,1,0
3.193955520,0,0,0
3.193955840,0,1,0
3.193956160,0,0,0
3.193956480,0,1,0
3.193956800,0,0,0
3.193957120,0,1,0
3.193957440,0,0,0
3.193957760,0,1,0
3.193958080,0,0,0
3.193958240,0,0,1
3.193958560,0,1,1
3.193958880,0,0,0
3.193959200,0,1,0
3.193959520,0,0,0
3.193959840,0,1,0
3.193960160,0,0,0
3.193960480,0,1,0
3.193960800,0,0,0
3.193961120,0,1,0
3.193961440,0,0,0
3.193961760,0,1,0
3.193962080,0,0,0
3.193962240,0,0,1
3.193962560,0,1,1
3.193962880,0,0,0
3.193963200,0,1,0
3.193963520,0,0,1
3.193963840,0,1,1
3.193964160,0,0,1
3.193964480,0,1,1
3.193964800,0,0,0
3.193965120,0,1,0
3.193965440,0,0,0
3.193965760,0,1,0
3.194220160,0,0,0
3.194220480,0,1,0
3.194220800,0,0,0
3.194221120,0,1,0
3.194221440,0,0,0
3.194221760,0,1,0
3.194222080,0,0,0
3.194222560,0,1,0
3.194222880,1,0,1
3.194223200,1,1,1
3.194223520,0,0,1
3.194223840,0,1,1
3.194224160,0,0,1
3.194224480,0,1,1
3.194224800,0,0,0
3.194225120,0,1,0
3.194225440,0,0,0
3.194225760,0,1,0
3.194226080,0,0,0
3.194226560,0,1,0
3.194226880,0,0,0
3.194227200,0,1,0
3.194227520,0,0,0
3.194227840,0,1,0
3.194228160,0,0,0
3.194228480,0,1,0
3.194228800,0,0,0
3.194229120,0,1,0
3.194229440,0,0,0
3.194229760,0,1,0
3.194230080,0,0,0
3.194230560,0,1,0
3.194230880,1,0,1
3.194231200,1,1,1
3.194231520,0,0,0
3.194231840,0,1,0
3.194232160,0,0,0
3.194232480,0,1,0
3.194232800,0,0,0
3.194233120,0,1,0
3.194233440,1,0,0
3.194233760,1,1,0
3.194234080,0,0,0
3.194234560,0,1,0
3.194234880,0,0,0
3.194235200,0,1,0
3.194235520,0,0,0
3.194235840,0,1,0
3.194236160,0,0,0
3.194236480,0,1,0
3.194236800,0,0,0
3.194237120,0,1,0
3.194237440,1,0,0
3.194237760,1,1,0
3.194238080,1,0,0
3.194238560,1,1,0
3.194238880,0,0,0
3.194239200,0,1,0
3.194239520,0,0,0
3.194239840,0,1,0
3.194240160,1,0,1
3.194240480,1,1,1
3.194240800,0,0,0
3.194241120,0,1,0
3.233155360,0,0,0
3.233155680,0,1,0
3.233156160,0,0,0
3.233156480,0,1,0
3.233156800,0,0,0
3.233157120,0,1,0
3.233157440,0,0,0
3.233157760,0,1,0
3.233158080,0,0,0
3.233158400,0,1,0
3.233158720,0,0,0
3.233159040,0,1,0
3.233159360,0,0,0
3.233159680,0,1,0
3.233160160,0,0,0
3.233160480,0,1,0
3.233160800,0,0,0
3.233161120,0,1,0
3.233161440,0,0,0
3.233161760,0,1,0
3.233162080,0,0,0
3.233162400,0,1,0
3.233162720,0,0,0
3.233163040,0,1,0
3.233163360,0,0,0
3.233163680,0,1,0
3.233164160,0,0,0
3.233164480,0,1,0
3.233164800,0,0,0
3.233165120,0,1,0
3.233165440,0,0,0
3.233165760,0,1,0
3.233166080,0,0,0
3.233166400,0,1,0
3.233166720,0,0,0
3.233167040,0,1,0
3.233167360,0,0,0
3.233167680,0,1,0
3.233168160,0,0,0
3.233168480,0,1,0
3.233168800,1,0,0
3.233169120,1,1,0
3.233169440,0,0,0
3.233169760,0,1,0
3.233170080,0,0,0
3.233170400,0,1,0
3.233170720,0,0,0
3.233171040,0,1,0
3.233171360,0,0,0
3.233171680,0,1,0
3.233172160,0,0,0
3.233172480,0,1,0
3.233172800,1,0,0
3.233173120,1,1,0
3.233173440,0,0,0
3.233173760,0,1,0
3.233174080,0,0,0
3.233174400,0,1,0
3.233174720,0,0,0
3.233175040,0,1,0
3.233175360,0,0,0
3.233175680,0,1,0
3.233176160,0,0,0
3.233176480,0,1,0
3.233621440,0,0,0
3.233621760,0,1,0
3.233622080,0,0,0
3.233622400,0,1,0
3.233622720,0,0,0
3.233623040,0,1,0
3.233623360,0,0,0
3.233623680,0,1,0
3.233624160,1,0,1
3.233624480,1,1,1
3.233624800,1,0,0
3.233625120,1,1,0
3.233625440,1,0,0
3.233625760,1,1,0
3.233626080,1,0,0
3.233626400,1,1,0
3.233626720,0,0,0
3.233627040,0,1,0
3.233627360,0,0,0
3.233627680,0,1,0
3.233628160,0,0,0
3.233628480,0,1,0
3.233628800,1,0,0
3.233629120,1,1,0
3.233629440,0,0,0
3.233629760,0,1,0
3.233630080,0,0,0
3.233630400,0,1,0
3.233630720,0,0,0
3.233631040,0,1,0
3.233631360,0,0,0
3.233631680,0,1,0
3.233632160,1,0,1
3.233632480,1,1,1
3.233632800,0,0,0
3.233633120,0,1,0
3.233633440,0,0,0
3.233633760,0,1,0
3.233634080,0,0,0
3.233634400,0,1,0
3.233634720,0,0,1
3.233635040,0,1,1
3.233635360,0,0,0
3.233635680,0,1,0
3.233636160,0,0,0
3.233636480,0,1,0
3.233636800,0,0,0
3.233637120,0,1,0
3.233637440,0,0,0
3.233637760,0,1,0
3.233638080,0,0,0
3.233638400,0,1,0
3.233638720,0,0,1
3.233639040,0,1,1
3.233639360,1,0,1
3.233639680,1,1,1
3.233640160,1,0,0
3.233640480,1,1,0
3.233640800,0,0,0
3.233641120,0,1,0
3.233641440,1,0,1
3.233641760,1,1,1
3.233642080,0,0,0
3.233642400,0,1,0
3.233896800,0,0,0
3.233897120,0,1,0
3.233897440,0,0,0
3.233897760,0,1,0
3.233898080,0,0,0
3.233898400,0,1,0
3.233898720,0,0,0
3.233899040,0,1,0
3.233899360,0,0,0
3.233899680,0,1,0
3.233900160,0,0,0
3.233900480,0,1,0
3.233900800,0,0,0
3.233901120,0,1,0
3.233901440,0,0,1
3.233901760,0,1,1
3.233902080,0,0,1
3.233902400,0,1,1
3.233902720,0,0,0
3.233903040,0,1,0
3.233903360,0,0,0
3.233903680,0,1,0
3.233904160,0,0,0
3.233904480,0,1,0
3.233904800,0,0,0
3.233905120,0,1,0
3.233905440,0,0,0
3.233905760,0,1,0
3.233906080,0,0,0
3.233906400,0,1,0
3.233906720,0,0,0
3.233907040,0,1,0
3.233907360,0,0,0
3.233907680,0,1,0
3.233908160,0,0,0
3.233908480,0,1,0
3.233908800,0,0,0
3.233909120,0,1,0
3.233909440,0,0,0
3.233909760,0,1,0
3.233910080,1,0,1
3.233910400,1,1,1
3.233910720,0,0,0
3.233911040,0,1,0
3.233911360,0,0,0
3.233911680,0,1,0
3.233912160,1,0,0
3.233912480,1,1,0
3.233912800,1,0,0
3.233913120,1,1,0
3.233913440,0,0,0
3.233913760,0,1,0
3.233914080,1,0,1
3.233914400,1,1,1
3.233914720,0,0,0
3.233915040,0,1,0
3.233915360,0,0,1
3.233915680,0,1,1
3.233916160,1,0,1
3.233916480,1,1,1
3.233916800,1,0,0
3.233917120,1,1,0
3.233917440,0,0,0
3.233917760,0,1,0
3.234347360,0,0,0
3.234347680,0,1,0
3.234348160,0,0,0
3.234348480,0,1,0
3.234348800,0,0,0
3.234349120,0,1,0
3.234349440,0,0,0
3.234349760,0,1,0
3.234350080,1,0,1
3.234350400,1,1,1
3.234350720,0,0,1
3.234351040,0,1,1
3.234351360,0,0,1
3.234351680,0,1,1
3.234352160,0,0,1
3.234352480,0,1,1
3.234352800,0,0,0
3.234353120,0,1,0
3.234353440,0,0,0
3.234353760,0,1,0
3.234354080,0,0,0
3.234354400,0,1,0
3.234354720,0,0,0
3.234355040,0,1,0
3.234355360,0,0,0
3.234355680,0,1,0
3.234356160,0,0,0
3.234356480,0,1,0
3.234356800,0,0,0
3.234357120,0,1,0
3.234357440,0,0,0
3.234357760,0,1,0
3.234358080,1,0,1
3.234358400,1,1,1
3.234358720,0,0,0
3.234359040,0,1,0
3.234359360,0,0,0
3.234359680,0,1,0
3.234360160,0,0,0
3.234360480,0,1,0
3.234360800,1,0,1
3.234361120,1,1,1
3.234361440,0,0,0
3.234361760,0,1,0
3.234362080,0,0,0
3.234362400,0,1,0
3.234362720,0,0,1
3.234363040,0,1,1
3.234363360,0,0,1
3.234363680,0,1,1
3.234364160,0,0,0
3.234364480,0,1,0
3.234364800,1,0,1
3.234365120,1,1,1
3.234365440,1,0,1
3.234365760,1,1,1
3.234366080,0,0,0
3.234366400,0,1,0
3.234366720,0,0,0
3.234367040,0,1,0
3.234367360,1,0,0
3.234367680,1,1,0
3.234368160,0,0,0
3.234368480,0,1,0
3.234630080,0,0,0
3.234630400,0,1,0
3.234630720,0,0,0
3.234631040,0,1,0
3.234631360,0,0,0
3.234631680,0,1,0
3.234632160,0,0,0
3.234632480,0,1,0
3.234632800,0,0,0
3.234633120,0,1,0
3.234633440,0,0,0
3.234633760,0,1,0
3.234634080,0,0,0
3.234634400,0,1,0
3.234634720,0,0,0
3.234635040,0,1,0
3.234635360,0,0,0
3.234635680,0,1,0
3.234636160,0,0,0
3.234636480,0,1,0
3.234636800,0,0,0
3.234637120,0,1,0
3.234637440,0,0,1
3.234637760,0,1,1
3.234638080,0,0,1
3.234638400,0,1,1
3.234638720,0,0,0
3.234639040,0,1,0
3.234639360,0,0,0
3.234639680,0,1,0
3.234640160,0,0,1
3.234640480,0,1,1
3.234640800,0,0,0
3.234641120,0,1,0
3.234641440,0,0,0
3.234641760,0,1,0
3.234642080,0,0,0
3.234642400,0,1,0
3.234642720,0,0,0
3.234643040,0,1,0
3.234643360,0,0,1
3.234643680,0,1,1
3.234644160,0,0,0
3.234644480,0,1,0
3.234644800,0,0,0
3.234645120,0,1,0
3.234645440,0,0,1
3.234645760,0,1,1
3.234646080,0,0,1
3.234646400,0,1,1
3.234646720,0,0,0
3.234647040,0,1,0
3.234647360,0,0,0
3.234647680,0,1,0
3.234648160,0,0,1
3.234648480,0,1,1
3.234648800,0,0,1
3.234649120,0,1,1
3.234649440,0,0,1
3.234649760,0,1,1
3.234650080,0,0,1
3.234650400,0,1,1
3.234650720,0,0,0
3.234651040,0,1,0
3.234903360,0,0,0
3.234903680,0,1,0
3.234904160,0,0,0
3.234904480,0,1,0
3.234904800,0,0,0
3.234905120,0,1,0
3.234905440,0,0,0
3.234905760,0,1,0
3.234906080,1,0,1
3.234906400,1,1,1
3.234906720,0,0,0
3.234907040,0,1,0
3.234907360,0,0,0
3.234907680,0,1,0
3.234908160,0,0,0
3.234908480,0,1,0
3.234908800,0,0,0
3.234909120,0,1,0
3.234909440,0,0,0
3.234909760,0,1,0
3.234910080,0,0,0
3.234910400,0,1,0
3.234910720,0,0,0
3.234911040,0,1,0
3.234911360,0,0,0
3.234911680,0,1,0
3.234912160,0,0,0
3.234912480,0,1,0
3.234912800,0,0,0
3.234913120,0,1,0
3.234913440,0,0,0
3.234913760,0,1,0
3.234914080,1,0,1
3.234914400,1,1,1
3.234914720,0,0,0
3.234915040,0,1,0
3.234915360,0,0,0
3.234915680,0,1,0
3.234916160,0,0,0
3.234916480,0,1,0
3.234916800,1,0,0
3.234917120,1,1,0
3.234917440,0,0,0
3.234917760,0,1,0
3.234918080,0,0,0
3.234918400,0,1,0
3.234918720,1,0,0
3.234919040,1,1,0
3.234919360,1,0,0
3.234919680,1,1,0
3.234920160,0,0,0
3.234920480,0,1,0
3.234920800,1,0,0
3.234921120,1,1,0
3.234921440,1,0,1
3.234921760,1,1,1
3.234922080,1,0,0
3.234922400,1,1,0
3.234922720,0,0,0
3.234923040,0,1,0
3.234923360,0,0,1
3.234923680,0,1,1
3.234924160,0,0,0
3.234924480,0,1,0
3.273157280,0,0,0
3.273157760,0,1,0
3.273158080,0,0,0
3.273158400,0,1,0
3.273158720,0,0,0
3.273159040,0,1,0
3.273159360,0,0,0
3.273159680,0,1,0
3.273160000,0,0,0
3.273160320,0,1,0
3.273160640,0,0,0
3.273160960,0,1,0
3.273161280,0,0,0
3.273161760,0,1,0
3.273162080,0,0,0
3.273162400,0,1,0
3.273162720,0,0,0
3.273163040,0,1,0
3.273163360,0,0,0
3.273163680,0,1,0
3.273164000,0,0,0
3.273164320,0,1,0
3.273164640,0,0,0
3.273164960,0,1,0
3.273165280,0,0,0
3.273165760,0,1,0
3.273166080,0,0,0
3.273166400,0,1,0
3.273166720,0,0,0
3.273167040,0,1,0
3.273167360,0,0,0
3.273167680,0,1,0
3.273168000,0,0,0
3.273168320,0,1,0
3.273168640,0,0,0
3.273168960,0,1,0
3.273169280,0,0,0
3.273169760,0,1,0
3.273170080,0,0,0
3.273170400,0,1,0
3.273170720,1,0,0
3.273171040,1,1,0
3.273171360,0,0,0
3.273171680,0,1,0
3.273172000,0,0,0
3.273172320,0,1,0
3.273172640,0,0,0
3.273172960,0,1,0
3.273173280,0,0,0
3.273173760,0,1,0
3.273174080,0,0,0
3.273174400,0,1,0
3.273174720,1,0,0
3.273175040,1,1,0
3.273175360,0,0,0
3.273175680,0,1,0
3.273176000,0,0,0
3.273176320,0,1,0
3.273176640,0,0,0
3.273176960,0,1,0
3.273177280,0,0,0
3.273177760,0,1,0
3.273178080,0,0,0
3.273178400,0,1,0
3.273624000,0,0,0
3.273624320,0,1,0
3.273624640,0,0,0
3.273624960,0,1,0
3.273625280,0,0,0
3.273625760,0,1,0
3.273626080,0,0,0
3.273626400,0,1,0
3.273626720,1,0,1
3.273627040,1,1,1
3.273627360,0,0,0
3.273627680,0,1,0
3.273628000,0,0,0
3.273628320,0,1,0
3.273628640,1,0,0
3.273628960,1,1,0
3.273629280,0,0,0
3.273629760,0,1,0
3.273630080,0,0,0
3.273630400,0,1,0
3.273630720,0,0,0
3.273631040,0,1,0
3.273631360,1,0,0
3.273631680,1,1,0
3.273632000,0,0,0
3.273632320,0,1,0
3.273632640,0,0,0
3.273632960,0,1,0
3.273633280,0,0,0
3.273633760,0,1,0
3.273634080,0,0,0
3.273634400,0,1,0
3.273634720,1,0,1
3.273635040,1,1,1
3.273635360,0,0,0
3.273635680,0,1,0
3.273636000,0,0,0
3.273636320,0,1,0
3.273636640,0,0,0
3.273636960,0,1,0
3.273637280,0,0,0
3.273637440,0,0,1
3.273637760,0,1,1
3.273638080,0,0,0
3.273638400,0,1,0
3.273638720,0,0,0
3.273639040,0,1,0
3.273639360,0,0,0
3.273639680,0,1,0
3.273640000,0,0,0
3.273640320,0,1,0
3.273640640,0,0,0
3.273640960,0,1,0
3.273641280,0,0,0
3.273641440,1,0,1
3.273641760,1,1,1
3.273642080,0,0,1
3.273642400,0,1,1
3.273642720,1,0,0
3.273643040,1,1,0
3.273643360,0,0,0
3.273643680,0,1,0
3.273644000,1,0,1
3.273644320,1,1,1
3.273644640,0,0,0
3.273644960,0,1,0
3.273900000,0,0,0
3.273900320,0,1,0
3.273900640,0,0,0
3.273900960,0,1,0
3.273901280,0,0,0
3.273901760,0,1,0
3.273902080,0,0,0
3.273902400,0,1,0
3.273902720,0,0,0
3.273903040,0,1,0
3.273903360,0,0,0
3.273903680,0,1,0
3.273904000,0,0,0
3.273904320,0,1,0
3.273904640,0,0,1
3.273904960,0,1,1
3.273905280,0,0,1
3.273905760,0,1,1
3.273906080,0,0,0
3.273906400,0,1,0
3.273906720,0,0,0
3.273907040,0,1,0
3.273907360,0,0,0
3.273907680,0,1,0
3.273908000,0,0,0
3.273908320,0,1,0
3.273908640,0,0,0
3.273908960,0,1,0
3.273909280,0,0,0
3.273909760,0,1,0
3.273910080,0,0,0
3.273910400,0,1,0
3.273910720,0,0,0
3.273911040,0,1,0
3.273911360,0,0,0
3.273911680,0,1,0
3.273912000,0,0,0
3.273912320,0,1,0
3.273912640,0,0,0
3.273912960,0,1,0
3.273913280,0,0,0
3.273913440,0,0,1
3.273913760,0,1,1
3.273914080,0,0,0
3.273914400,0,1,0
3.273914720,0,0,0
3.273915040,0,1,0
3.273915360,0,0,0
3.273915680,0,1,0
3.273916000,0,0,0
3.273916320,0,1,0
3.273916640,0,0,0
3.273916960,0,1,0
3.273917280,0,0,0
3.273917440,0,0,1
3.273917760,0,1,1
3.273918080,0,0,0
3.273918400,0,1,0
3.273918720,0,0,1
3.273919040,0,1,1
3.273919360,0,0,1
3.273919680,0,1,1
3.273920000,0,0,0
3.273920320,0,1,0
3.273920640,0,0,0
3.273920960,0,1,0
3.274170720,0,0,0
3.274171040,0,1,0
3.274171360,0,0,0
3.274171680,0,1,0
3.274172000,0,0,0
3.274172320,0,1,0
3.274172640,0,0,0
3.274172960,0,1,0
3.274173280,0,0,0
3.274173440,1,0,1
3.274173760,1,1,1
3.274174080,0,0,0
3.274174400,0,1,0
3.274174720,0,0,0
3.274175040,0,1,0
3.274175360,0,0,1
3.274175680,0,1,1
3.274176000,0,0,0
3.274176320,0,1,0
3.274176640,0,0,0
3.274176960,0,1,0
3.274177280,0,0,0
3.274177760,0,1,0
3.274178080,0,0,0
3.274178400,0,1,0
3.274178720,0,0,0
3.274179040,0,1,0
3.274179360,0,0,0
3.274179680,0,1,0
3.274180000,0,0,0
3.274180320,0,1,0
3.274180640,0,0,0
3.274180960,0,1,0
3.274181280,0,0,0
3.274181440,1,0,1
3.274181760,1,1,1
3.274182080,0,0,0
3.274182400,0,1,0
3.274182720,0,0,0
3.274183040,0,1,0
3.274183360,0,0,0
3.274183680,0,1,0
3.274184000,1,0,0
3.274184320,1,1,0
3.274184640,0,0,0
3.274184960,0,1,0
3.274185280,0,0,0
3.274185760,0,1,0
3.274186080,0,0,0
3.274186400,0,1,0
3.274186720,0,0,0
3.274187040,0,1,0
3.274187360,0,0,0
3.274187680,0,1,0
3.274188000,1,0,0
3.274188320,1,1,0
3.274188640,1,0,1
3.274188960,1,1,1
3.274189280,0,0,1
3.274189760,0,1,1
3.274190080,0,0,0
3.274190400,0,1,0
3.274190720,1,0,1
3.274191040,1,1,1
3.274191360,0,0,0
3.274191680,0,1,0
3.313159360,0,0,0
3.313159680,0,1,0
3.313160000,0,0,0
3.313160320,0,1,0
3.313160640,0,0,0
3.313160960,0,1,0
3.313161280,0,0,0
3.313161600,0,1,0
3.313161920,0,0,0
3.313162240,0,1,0
3.313162560,0,0,0
3.313162880,0,1,0
3.313163360,0,0,0
3.313163680,0,1,0
3.313164000,0,0,0
3.313164320,0,1,0
3.313164640,0,0,0
3.313164960,0,1,0
3.313165280,0,0,0
3.313165600,0,1,0
3.313165920,0,0,0
3.313166240,0,1,0
3.313166560,0,0,0
3.313166880,0,1,0
3.313167360,0,0,0
3.313167680,0,1,0
3.313168000,0,0,0
3.313168320,0,1,0
3.313168640,0,0,0
3.313168960,0,1,0
3.313169280,0,0,0
3.313169600,0,1,0
3.313169920,0,0,0
3.313170240,0,1,0
3.313170560,0,0,0
3.313170880,0,1,0
3.313171360,0,0,0
3.313171680,0,1,0
3.313172000,0,0,0
3.313172320,0,1,0
3.313172640,1,0,0
3.313172960,1,1,0
3.313173280,0,0,0
3.313173600,0,1,0
3.313173920,0,0,0
3.313174240,0,1,0
3.313174560,0,0,0
3.313174880,0,1,0
3.313175360,0,0,0
3.313175680,0,1,0
3.313176000,0,0,0
3.313176320,0,1,0
3.313176640,1,0,0
3.313176960,1,1,0
3.313177280,0,0,0
3.313177600,0,1,0
3.313177920,0,0,0
3.313178240,0,1,0
3.313178560,0,0,0
3.313178880,0,1,0
3.313179200,0,0,0
3.313179680,0,1,0
3.313180000,0,0,0
3.313180320,0,1,0
3.313626560,0,0,0
3.313626880,0,1,0
3.313627360,0,0,0
3.313627680,0,1,0
3.313628000,0,0,0
3.313628320,0,1,0
3.313628640,0,0,0
3.313628960,0,1,0
3.313629280,1,0,1
3.313629600,1,1,1
3.313629920,0,0,0
3.313630240,0,1,0
3.313630560,1,0,0
3.313630880,1,1,0
3.313631200,1,0,0
3.313631360,0,0,0
3.313631680,0,1,0
3.313632000,0,0,0
3.313632320,0,1,0
3.313632640,0,0,0
3.313632960,0,1,0
3.313633280,0,0,0
3.313633600,0,1,0
3.313633920,1,0,0
3.313634240,1,1,0
3.313634560,0,0,0
3.313634880,0,1,0
3.313635200,0,0,0
3.313635680,0,1,0
3.313636000,0,0,0
3.313636320,0,1,0
3.313636640,0,0,0
3.313636960,0,1,0
3.313637280,1,0,1
3.313637600,1,1,1
3.313637920,0,0,0
3.313638240,0,1,0
3.313638560,0,0,0
3.313638880,0,1,0
3.313639200,0,0,0
3.313639680,0,1,0
3.313640000,0,0,1
3.313640320,0,1,1
3.313640640,0,0,0
3.313640960,0,1,0
3.313641280,0,0,0
3.313641600,0,1,0
3.313641920,0,0,0
3.313642240,0,1,0
3.313642560,0,0,0
3.313642880,0,1,0
3.313643200,0,0,0
3.313643680,0,1,0
3.313644000,1,0,1
3.313644320,1,1,1
3.313644640,1,0,1
3.313644960,1,1,1
3.313645280,0,0,0
3.313645600,0,1,0
3.313645920,0,0,0
3.313646240,0,1,0
3.313646560,1,0,1
3.313646880,1,1,1
3.313647200,1,0,1
3.313647360,0,0,0
3.313647680,0,1,0
3.313902560,0,0,0
3.313902880,0,1,0
3.313903360,0,0,0
3.313903680,0,1,0
3.313904000,0,0,0
3.313904320,0,1,0
3.313904640,0,0,0
3.313904960,0,1,0
3.313905280,0,0,0
3.313905600,0,1,0
3.313905920,0,0,0
3.313906240,0,1,0
3.313906560,0,0,0
3.313906880,0,1,0
3.313907200,0,0,0
3.313907360,0,0,1
3.313907680,0,1,1
3.313908000,0,0,1
3.313908320,0,1,1
3.313908640,0,0,0
3.313908960,0,1,0
3.313909280,0,0,0
3.313909600,0,1,0
3.313909920,0,0,0
3.313910240,0,1,0
3.313910560,0,0,0
3.313910880,0,1,0
3.313911200,0,0,0
3.313911680,0,1,0
3.313912000,0,0,0
3.313912320,0,1,0
3.313912640,0,0,0
3.313912960,0,1,0
3.313913280,0,0,0
3.313913600,0,1,0
3.313913920,0,0,0
3.313914240,0,1,0
3.313914560,0,0,0
3.313914880,0,1,0
3.313915200,0,0,0
3.313915680,0,1,0
3.313916000,0,0,1
3.313916320,0,1,1
3.313916640,0,0,0
3.313916960,0,1,0
3.313917280,0,0,0
3.313917600,0,1,0
3.313917920,0,0,0
3.313918240,0,1,0
3.313918560,0,0,0
3.313918880,0,1,0
3.313919200,0,0,0
3.313919680,0,1,0
3.313920000,0,0,1
3.313920320,0,1,1
3.313920640,0,0,0
3.313920960,0,1,0
3.313921280,0,0,1
3.313921600,0,1,1
3.313921920,0,0,1
3.313922240,0,1,1
3.313922560,0,0,0
3.313922880,0,1,0
3.313923200,0,0,0
3.313923680,0,1,0
3.314173280,0,0,0
3.314173600,0,1,0
3.314173920,0,0,0
3.314174240,0,1,0
3.314174560,0,0,0
3.314174880,0,1,0
3.314175200,0,0,0
3.314175680,0,1,0
3.314176000,1,0,1
3.314176320,1,1,1
3.314176640,0,0,0
3.314176960,0,1,0
3.314177280,0,0,1
3.314177600,0,1,1
3.314177920,0,0,0
3.314178240,0,1,0
3.314178560,0,0,0
3.314178880,0,1,0
3.314179200,0,0,0
3.314179680,0,1,0
3.314180000,0,0,0
3.314180320,0,1,0
3.314180640,0,0,0
3.314180960,0,1,0
3.314181280,0,0,0
3.314181600,0,1,0
3.314181920,0,0,0
3.314182240,0,1,0
3.314182560,0,0,0
3.314182880,0,1,0
3.314183200,0,0,0
3.314183680,0,1,0
3.314184000,1,0,1
3.314184320,1,1,1
3.314184640,0,0,0
3.314184960,0,1,0
3.314185280,0,0,0
3.314185600,0,1,0
3.314185920,0,0,0
3.314186240,0,1,0
3.314186560,1,0,0
3.314186880,1,1,0
3.314187200,1,0,0
3.314187360,0,0,0
3.314187680,0,1,0
3.314188000,0,0,0
3.314188320,0,1,0
3.314188640,0,0,0
3.314188960,0,1,0
3.314189280,0,0,0
3.314189600,0,1,0
3.314189920,0,0,0
3.314190240,0,1,0
3.314190560,1,0,1
3.314190880,1,1,1
3.314191200,1,0,1
3.314191360,1,0,0
3.314191680,1,1,0
3.314192000,0,0,0
3.314192320,0,1,0
3.314192640,0,0,0
3.314192960,0,1,0
3.314193280,1,0,1
3.314193600,1,1,1
3.314193920,0,0,0
3.314194240,0,1,0
3.353162560,0,0,0
3.353162880,0,1,0
3.353163200,0,0,0
3.353163520,0,1,0
3.353163840,0,0,0
3.353164160,0,1,0
3.353164480,0,0,0
3.353164960,0,1,0
3.353165280,0,0,0
3.353165600,0,1,0
3.353165920,0,0,0
3.353166240,0,1,0
3.353166560,0,0,0
3.353166880,0,1,0
3.353167200,0,0,0
3.353167520,0,1,0
3.353167840,0,0,0
3.353168160,0,1,0
3.353168480,0,0,0
3.353168960,0,1,0
3.353169280,0,0,0
3.353169600,0,1,0
3.353169920,0,0,0
3.353170240,0,1,0
3.353170560,0,0,0
3.353170880,0,1,0
3.353171200,0,0,0
3.353171520,0,1,0
3.353171840,0,0,0
3.353172160,0,1,0
3.353172480,0,0,0
3.353172960,0,1,0
3.353173280,0,0,0
3.353173600,0,1,0
3.353173920,0,0,0
3.353174240,0,1,0
3.353174560,0,0,0
3.353174880,0,1,0
3.353175200,0,0,0
3.353175520,0,1,0
3.353175840,1,0,0
3.353176160,1,1,0
3.353176480,0,0,0
3.353176960,0,1,0
3.353177280,0,0,0
3.353177600,0,1,0
3.353177920,0,0,0
3.353178240,0,1,0
3.353178560,0,0,0
3.353178880,0,1,0
3.353179200,0,0,0
3.353179520,0,1,0
3.353179840,1,0,0
3.353180160,1,1,0
3.353180480,0,0,0
3.353180960,0,1,0
3.353181280,0,0,0
3.353181600,0,1,0
3.353181920,0,0,0
3.353182240,0,1,0
3.353182560,0,0,0
3.353182880,0,1,0
3.353183200,0,0,0
3.353183520,0,1,0
3.353633280,0,0,0
3.353633600,0,1,0
3.353633920,0,0,0
3.353634240,0,1,0
3.353634560,0,0,0
3.353634880,0,1,0
3.353635200,0,0,0
3.353635520,0,1,0
3.353635840,1,0,1
3.353636160,1,1,1
3.353636480,0,0,1
3.353636640,0,0,0
3.353636960,0,1,0
3.353637280,1,0,0
3.353637600,1,1,0
3.353637920,1,0,0
3.353638240,1,1,0
3.353638560,0,0,0
3.353638880,0,1,0
3.353639200,0,0,0
3.353639520,0,1,0
3.353639840,0,0,0
3.353640160,0,1,0
3.353640480,1,0,0
3.353640960,1,1,0
3.353641280,0,0,0
3.353641600,0,1,0
3.353641920,0,0,0
3.353642240,0,1,0
3.353642560,0,0,0
3.353642880,0,1,0
3.353643200,0,0,0
3.353643520,0,1,0
3.353643840,1,0,1
3.353644160,1,1,1
3.353644480,0,0,1
3.353644640,0,0,0
3.353644960,0,1,0
3.353645280,0,0,0
3.353645600,0,1,0
3.353645920,0,0,0
3.353646240,0,1,0
3.353646560,0,0,1
3.353646880,0,1,1
3.353647200,0,0,0
3.353647520,0,1,0
3.353647840,0,0,0
3.353648160,0,1,0
3.353648480,0,0,0
3.353648960,0,1,0
3.353649280,0,0,0
3.353649600,0,1,0
3.353649920,0,0,0
3.353650240,0,1,0
3.353650560,1,0,1
3.353650880,1,1,1
3.353651200,1,0,1
3.353651520,1,1,1
3.353651840,1,0,0
3.353652160,1,1,0
3.353652480,0,0,0
3.353652960,0,1,0
3.353653280,1,0,1
3.353653600,1,1,1
3.353653920,0,0,0
3.353654240,0,1,0
3.353909280,0,0,0
3.353909600,0,1,0
3.353909920,0,0,0
3.353910240,0,1,0
3.353910560,0,0,0
3.353910880,0,1,0
3.353911200,0,0,0
3.353911520,0,1,0
3.353911840,0,0,0
3.353912160,0,1,0
3.353912480,0,0,0
3.353912960,0,1,0
3.353913280,0,0,0
3.353913600,0,1,0
3.353913920,0,0,1
3.353914240,0,1,1
3.353914560,0,0,1
3.353914880,0,1,1
3.353915200,0,0,0
3.353915520,0,1,0
3.353915840,0,0,0
3.353916160,0,1,0
3.353916480,0,0,0
3.353916960,0,1,0
3.353917280,0,0,0
3.353917600,0,1,0
3.353917920,0,0,0
3.353918240,0,1,0
3.353918560,0,0,0
3.353918880,0,1,0
3.353919200,0,0,0
3.353919520,0,1,0
3.353919840,0,0,0
3.353920160,0,1,0
3.353920480,0,0,0
3.353920960,0,1,0
3.353921280,0,0,0
3.353921600,0,1,0
3.353921920,0,0,0
3.353922240,0,1,0
3.353922560,1,0,1
3.353922880,1,1,1
3.353923200,0,0,0
3.353923520,0,1,0
3.353923840,0,0,0
3.353924160,0,1,0
3.353924480,1,0,0
3.353924960,1,1,0
3.353925280,1,0,0
3.353925600,1,1,0
3.353925920,0,0,0
3.353926240,0,1,0
3.353926560,1,0,1
3.353926880,1,1,1
3.353927200,0,0,0
3.353927520,0,1,0
3.353927840,0,0,1
3.353928160,0,1,1
3.353928480,1,0,1
3.353928960,1,1,1
3.353929280,1,0,0
3.353929600,1,1,0
3.353929920,0,0,0
3.353930240,0,1,0
3.354359840,0,0,0
3.354360160,0,1,0
3.354360480,0,0,0
3.354360800,0,1,0
3.354361280,0,0,0
3.354361600,0,1,0
3.354361920,0,0,0
3.354362240,0,1,0
3.354362560,1,0,1
3.354362880,1,1,1
3.354363200,1,0,0
3.354363520,1,1,0
3.354363840,0,0,1
3.354364160,0,1,1
3.354364480,0,0,1
3.354364800,0,1,1
3.354365280,0,0,0
3.354365600,0,1,0
3.354365920,0,0,0
3.354366240,0,1,0
3.354366560,0,0,0
3.354366880,0,1,0
3.354367200,0,0,0
3.354367520,0,1,0
3.354367840,0,0,0
3.354368160,0,1,0
3.354368480,0,0,0
3.354368960,0,1,0
3.354369280,0,0,0
3.354369600,0,1,0
3.354369920,0,0,0
3.354370240,0,1,0
3.354370560,1,0,1
3.354370880,1,1,1
3.354371200,0,0,0
3.354371520,0,1,0
3.354371840,0,0,0
3.354372160,0,1,0
3.354372480,0,0,0
3.354372960,0,1,0
3.354373280,1,0,1
3.354373600,1,1,1
3.354373920,0,0,0
3.354374240,0,1,0
3.354374560,0,0,0
3.354374880,0,1,0
3.354375200,0,0,1
3.354375520,0,1,1
3.354375840,0,0,1
3.354376160,0,1,1
3.354376480,0,0,1
3.354376640,0,0,0
3.354376960,0,1,0
3.354377280,0,0,0
3.354377600,0,1,0
3.354377920,1,0,1
3.354378240,1,1,1
3.354378560,0,0,0
3.354378880,0,1,0
3.354379200,0,0,0
3.354379520,0,1,0
3.354379840,1,0,0
3.354380160,1,1,0
3.354380480,0,0,0
3.354380960,0,1,0
3.354643200,0,0,0
3.354643520,0,1,0
3.354643840,0,0,0
3.354644160,0,1,0
3.354644480,0,0,0
3.354644800,0,1,0
3.354645280,0,0,0
3.354645600,0,1,0
3.354645920,0,0,0
3.354646240,0,1,0
3.354646560,0,0,0
3.354646880,0,1,0
3.354647200,0,0,0
3.354647520,0,1,0
3.354647840,0,0,0
3.354648160,0,1,0
3.354648480,0,0,0
3.354648800,0,1,0
3.354649280,0,0,0
3.354649600,0,1,0
3.354649920,0,0,0
3.354650240,0,1,0
3.354650560,0,0,1
3.354650880,0,1,1
3.354651200,0,0,1
3.354651520,0,1,1
3.354651840,0,0,0
3.354652160,0,1,0
3.354652480,0,0,0
3.354652800,0,1,0
3.354653280,0,0,1
3.354653600,0,1,1
3.354653920,0,0,0
3.354654240,0,1,0
3.354654560,0,0,0
3.354654880,0,1,0
3.354655200,0,0,0
3.354655520,0,1,0
3.354655840,0,0,0
3.354656160,0,1,0
3.354656480,0,0,0
3.354656640,0,0,1
3.354656960,0,1,1
3.354657280,0,0,0
3.354657600,0,1,0
3.354657920,0,0,0
3.354658240,0,1,0
3.354658560,0,0,1
3.354658880,0,1,1
3.354659200,0,0,1
3.354659520,0,1,1
3.354659840,0,0,0
3.354660160,0,1,0
3.354660480,0,0,0
3.354660960,0,1,0
3.354661280,0,0,1
3.354661600,0,1,1
3.354661920,0,0,1
3.354662240,0,1,1
3.354662560,0,0,1
3.354662880,0,1,1
3.354663200,0,0,1
3.354663520,0,1,1
3.354663840,0,0,0
3.354664160,0,1,0
3.354915200,0,0,0
3.354915520,0,1,0
3.354915840,0,0,0
3.354916160,0,1,0
3.354916480,0,0,0
3.354916800,0,1,0
3.354917280,0,0,0
3.354917600,0,1,0
3.354917920,1,0,1
3.354918240,1,1,1
3.354918560,0,0,1
3.354918880,0,1,1
3.354919200,0,0,0
3.354919520,0,1,0
3.354919840,0,0,0
3.354920160,0,1,0
3.354920480,0,0,0
3.354920800,0,1,0
3.354921280,0,0,0
3.354921600,0,1,0
3.354921920,0,0,0
3.354922240,0,1,0
3.354922560,0,0,0
3.354922880,0,1,0
3.354923200,0,0,0
3.354923520,0,1,0
3.354923840,0,0,0
3.354924160,0,1,0
3.354924480,0,0,0
3.354924800,0,1,0
3.354925280,0,0,0
3.354925600,0,1,0
3.354925920,1,0,1
3.354926240,1,1,1
3.354926560,0,0,0
3.354926880,0,1,0
3.354927200,0,0,0
3.354927520,0,1,0
3.354927840,0,0,0
3.354928160,0,1,0
3.354928480,1,0,0
3.354928800,1,1,0
3.354929280,0,0,0
3.354929600,0,1,0
3.354929920,0,0,0
3.354930240,0,1,0
3.354930560,1,0,0
3.354930880,1,1,0
3.354931200,1,0,0
3.354931520,1,1,0
3.354931840,0,0,0
3.354932160,0,1,0
3.354932480,1,0,0
3.354932640,1,0,1
3.354932960,1,1,1
3.354933280,1,0,1
3.354933600,1,1,1
3.354933920,1,0,0
3.354934240,1,1,0
3.354934560,0,0,0
3.354934880,0,1,0
3.354935200,0,0,1
3.354935520,0,1,1
3.354935840,0,0,0
3.354936160,0,1,0
3.393171840,0,0,0
3.393172160,0,1,0
3.393172480,0,0,0
3.393172800,0,1,0
3.393173120,0,0,0
3.393173440,0,1,0
3.393173760,0,0,0
3.393174080,0,1,0
3.393174400,0,0,0
3.393174880,0,1,0
3.393175200,0,0,0
3.393175520,0,1,0
3.393175840,0,0,0
3.393176160,0,1,0
3.393176480,0,0,0
3.393176800,0,1,0
3.393177120,0,0,0
3.393177440,0,1,0
3.393177760,0,0,0
3.393178080,0,1,0
3.393178400,0,0,0
3.393178880,0,1,0
3.393179200,0,0,0
3.393179520,0,1,0
3.393179840,0,0,0
3.393180160,0,1,0
3.393180480,0,0,0
3.393180800,0,1,0
3.393181120,0,0,0
3.393181440,0,1,0
3.393181760,0,0,0
3.393182080,0,1,0
3.393182400,0,0,0
3.393182880,0,1,0
3.393183200,0,0,0
3.393183520,0,1,0
3.393183840,0,0,0
3.393184160,0,1,0
3.393184480,0,0,0
3.393184800,0,1,0
3.393185120,1,0,0
3.393185440,1,1,0
3.393185760,0,0,0
3.393186080,0,1,0
3.393186400,0,0,0
3.393186880,0,1,0
3.393187200,0,0,0
3.393187520,0,1,0
3.393187840,0,0,0
3.393188160,0,1,0
3.393188480,0,0,0
3.393188800,0,1,0
3.393189120,1,0,0
3.393189440,1,1,0
3.393189760,0,0,0
3.393190080,0,1,0
3.393190400,0,0,0
3.393190880,0,1,0
3.393191200,0,0,0
3.393191520,0,1,0
3.393191840,0,0,0
3.393192160,0,1,0
3.393192480,0,0,0
3.393192800,0,1,0
3.393647840,0,0,0
3.393648160,0,1,0
3.393648480,0,0,0
3.393648800,0,1,0
3.393649120,0,0,0
3.393649440,0,1,0
3.393649760,0,0,0
3.393650080,0,1,0
3.393650400,0,0,0
3.393650560,1,0,1
3.393650880,1,1,1
3.393651200,1,0,0
3.393651520,1,1,0
3.393651840,0,0,0
3.393652160,0,1,0
3.393652480,1,0,0
3.393652800,1,1,0
3.393653120,0,0,0
3.393653440,0,1,0
3.393653760,0,0,0
3.393654080,0,1,0
3.393654400,0,0,0
3.393654880,0,1,0
3.393655200,1,0,0
3.393655520,1,1,0
3.393655840,0,0,0
3.393656160,0,1,0
3.393656480,0,0,0
3.393656800,0,1,0
3.393657120,0,0,0
3.393657440,0,1,0
3.393657760,0,0,0
3.393658080,0,1,0
3.393658400,0,0,0
3.393658560,1,0,1
3.393658880,1,1,1
3.393659200,0,0,0
3.393659520,0,1,0
3.393659840,0,0,0
3.393660160,0,1,0
3.393660480,0,0,0
3.393660800,0,1,0
3.393661120,0,0,1
3.393661440,0,1,1
3.393661760,0,0,0
3.393662080,0,1,0
3.393662400,0,0,0
3.393662880,0,1,0
3.393663200,0,0,0
3.393663520,0,1,0
3.393663840,0,0,0
3.393664160,0,1,0
3.393664480,0,0,0
3.393664800,0,1,0
3.393665120,0,0,1
3.393665440,0,1,1
3.393665760,0,0,1
3.393666080,0,1,1
3.393666400,0,0,1
3.393666560,1,0,0
3.393666880,1,1,0
3.393667200,0,0,0
3.393667520,0,1,0
3.393667840,1,0,1
3.393668160,1,1,1
3.393668480,0,0,0
3.393668800,0,1,0
3.393934400,0,0,0
3.393934880,0,1,0
3.393935200,0,0,0
3.393935520,0,1,0
3.393935840,0,0,0
3.393936160,0,1,0
3.393936480,0,0,0
3.393936800,0,1,0
3.393937120,0,0,0
3.393937440,0,1,0
3.393937760,0,0,0
3.393938080,0,1,0
3.393938400,0,0,0
3.393938880,0,1,0
3.393939200,0,0,1
3.393939520,0,1,1
3.393939840,0,0,1
3.393940160,0,1,1
3.393940480,0,0,0
3.393940800,0,1,0
3.393941120,0,0,0
3.393941440,0,1,0
3.393941760,0,0,0
3.393942080,0,1,0
3.393942400,0,0,0
3.393942880,0,1,0
3.393943200,0,0,0
3.393943520,0,1,0
3.393943840,0,0,0
3.393944160,0,1,0
3.393944480,0,0,0
3.393944800,0,1,0
3.393945120,0,0,0
3.393945440,0,1,0
3.393945760,0,0,0
3.393946080,0,1,0
3.393946400,0,0,0
3.393946880,0,1,0
3.393947200,0,0,0
3.393947520,0,1,0
3.393947840,0,0,1
3.393948160,0,1,1
3.393948480,0,0,0
3.393948800,0,1,0
3.393949120,0,0,0
3.393949440,0,1,0
3.393949760,0,0,0
3.393950080,0,1,0
3.393950400,0,0,0
3.393950880,0,1,0
3.393951200,0,0,0
3.393951520,0,1,0
3.393951840,0,0,1
3.393952160,0,1,1
3.393952480,0,0,0
3.393952800,0,1,0
3.393953120,0,0,1
3.393953440,0,1,1
3.393953760,0,0,1
3.393954080,0,1,1
3.393954400,0,0,1
3.393954560,0,0,0
3.393954880,0,1,0
3.393955200,0,0,0
3.393955520,0,1,0
3.394211840,0,0,0
3.394212160,0,1,0
3.394212480,0,0,0
3.394212800,0,1,0
3.394213120,0,0,0
3.394213440,0,1,0
3.394213760,0,0,0
3.394214080,0,1,0
3.394214400,0,0,0
3.394214560,1,0,1
3.394214880,1,1,1
3.394215200,0,0,1
3.394215520,0,1,1
3.394215840,0,0,0
3.394216160,0,1,0
3.394216480,0,0,1
3.394216800,0,1,1
3.394217120,0,0,0
3.394217440,0,1,0
3.394217760,0,0,0
3.394218080,0,1,0
3.394218400,0,0,0
3.394218880,0,1,0
3.394219200,0,0,0
3.394219520,0,1,0
3.394219840,0,0,0
3.394220160,0,1,0
3.394220480,0,0,0
3.394220800,0,1,0
3.394221120,0,0,0
3.394221440,0,1,0
3.394221760,0,0,0
3.394222080,0,1,0
3.394222400,0,0,0
3.394222560,1,0,1
3.394222880,1,1,1
3.394223200,0,0,0
3.394223520,0,1,0
3.394223840,0,0,0
3.394224160,0,1,0
3.394224480,0,0,0
3.394224800,0,1,0
3.394225120,1,0,0
3.394225440,1,1,0
3.394225760,0,0,0
3.394226080,0,1,0
3.394226400,0,0,0
3.394226880,0,1,0
3.394227200,0,0,0
3.394227520,0,1,0
3.394227840,0,0,0
3.394228160,0,1,0
3.394228480,0,0,0
3.394228800,0,1,0
3.394229120,1,0,1
3.394229440,1,1,1
3.394229760,1,0,1
3.394230080,1,1,1
3.394230400,0,0,1
3.394230880,0,1,1
3.394231200,0,0,0
3.394231520,0,1,0
3.394231840,1,0,1
3.394232160,1,1,1
3.394232480,0,0,0
3.394232800,0,1,0
3.433168480,0,0,0
3.433168800,0,1,0
3.433169120,0,0,0
3.433169440,0,1,0
3.433169760,0,0,0
3.433170080,0,1,0
3.433170400,0,0,0
3.433170720,0,1,0
3.433171040,0,0,0
3.433171360,0,1,0
3.433171680,0,0,0
3.433172000,0,1,0
3.433172480,0,0,0
3.433172800,0,1,0
3.433173120,0,0,0
3.433173440,0,1,0
3.433173760,0,0,0
3.433174080,0,1,0
3.433174400,0,0,0
3.433174720,0,1,0
3.433175040,0,0,0
3.433175360,0,1,0
3.433175680,0,0,0
3.433176000,0,1,0
3.433176480,0,0,0
3.433176800,0,1,0
3.433177120,0,0,0
3.433177440,0,1,0
3.433177760,0,0,0
3.433178080,0,1,0
3.433178400,0,0,0
3.433178720,0,1,0
3.433179040,0,0,0
3.433179360,0,1,0
3.433179680,0,0,0
3.433180000,0,1,0
3.433180480,0,0,0
3.433180800,0,1,0
3.433181120,0,0,0
3.433181440,0,1,0
3.433181760,1,0,0
3.433182080,1,1,0
3.433182400,0,0,0
3.433182720,0,1,0
3.433183040,0,0,0
3.433183360,0,1,0
3.433183680,0,0,0
3.433184000,0,1,0
3.433184480,0,0,0
3.433184800,0,1,0
3.433185120,0,0,0
3.433185440,0,1,0
3.433185760,1,0,0
3.433186080,1,1,0
3.433186400,0,0,0
3.433186720,0,1,0
3.433187040,0,0,0
3.433187360,0,1,0
3.433187680,0,0,0
3.433188000,0,1,0
3.433188480,0,0,0
3.433188800,0,1,0
3.433189120,0,0,0
3.433189440,0,1,0
3.433639040,0,0,0
3.433639360,0,1,0
3.433639680,0,0,0
3.433640000,0,1,0
3.433640480,0,0,0
3.433640800,0,1,0
3.433641120,0,0,0
3.433641440,0,1,0
3.433641760,1,0,1
3.433642080,1,1,1
3.433642400,1,0,0
3.433642720,1,1,0
3.433643040,1,0,0
3.433643360,1,1,0
3.433643680,0,0,0
3.433644000,0,1,0
3.433644480,0,0,0
3.433644800,0,1,0
3.433645120,0,0,0
3.433645440,0,1,0
3.433645760,0,0,0
3.433646080,0,1,0
3.433646400,1,0,0
3.433646720,1,1,0
3.433647040,0,0,0
3.433647360,0,1,0
3.433647680,0,0,0
3.433648000,0,1,0
3.433648480,0,0,0
3.433648800,0,1,0
3.433649120,0,0,0
3.433649440,0,1,0
3.433649760,1,0,1
3.433650080,1,1,1
3.433650400,0,0,0
3.433650720,0,1,0
3.433651040,0,0,0
3.433651360,0,1,0
3.433651680,0,0,0
3.433652000,0,1,0
3.433652480,0,0,1
3.433652800,0,1,1
3.433653120,0,0,0
3.433653440,0,1,0
3.433653760,0,0,0
3.433654080,0,1,0
3.433654400,0,0,0
3.433654720,0,1,0
3.433655040,0,0,0
3.433655360,0,1,0
3.433655680,0,0,0
3.433656000,0,1,0
3.433656480,0,0,1
3.433656800,0,1,1
3.433657120,1,0,1
3.433657440,1,1,1
3.433657760,0,0,0
3.433658080,0,1,0
3.433658400,0,0,0
3.433658720,0,1,0
3.433659040,1,0,1
3.433659360,1,1,1
3.433659680,0,0,1
3.433659840,0,0,0
3.433660000,0,1,0
3.433915040,0,0,0
3.433915360,0,1,0
3.433915680,0,0,0
3.433916000,0,1,0
3.433916480,0,0,0
3.433916800,0,1,0
3.433917120,0,0,0
3.433917440,0,1,0
3.433917760,0,0,0
3.433918080,0,1,0
3.433918400,0,0,0
3.433918720,0,1,0
3.433919040,0,0,0
3.433919360,0,1,0
3.433919680,0,0,0
3.433919840,0,0,1
3.433920000,0,1,1
3.433920480,0,0,1
3.433920800,0,1,1
3.433921120,0,0,0
3.433921440,0,1,0
3.433921760,0,0,0
3.433922080,0,1,0
3.433922400,0,0,0
3.433922720,0,1,0
3.433923040,0,0,0
3.433923360,0,1,0
3.433923680,0,0,0
3.433924000,0,1,0
3.433924480,0,0,0
3.433924800,0,1,0
3.433925120,0,0,0
3.433925440,0,1,0
3.433925760,0,0,0
3.433926080,0,1,0
3.433926400,0,0,0
3.433926720,0,1,0
3.433927040,0,0,0
3.433927360,0,1,0
3.433927680,0,0,0
3.433928000,0,1,0
3.433928480,0,0,1
3.433928800,0,1,1
3.433929120,0,0,0
3.433929440,0,1,0
3.433929760,0,0,0
3.433930080,0,1,0
3.433930400,0,0,0
3.433930720,0,1,0
3.433931040,0,0,0
3.433931360,0,1,0
3.433931680,0,0,0
3.433932000,0,1,0
3.433932480,0,0,1
3.433932800,0,1,1
3.433933120,0,0,0
3.433933440,0,1,0
3.433933760,0,0,1
3.433934080,0,1,1
3.433934400,0,0,1
3.433934720,0,1,1
3.433935040,0,0,0
3.433935360,0,1,0
3.433935680,0,0,0
3.433936000,0,1,0
3.434185760,0,0,0
3.434186080,0,1,0
3.434186400,0,0,0
3.434186720,0,1,0
3.434187040,0,0,0
3.434187360,0,1,0
3.434187680,0,0,0
3.434188000,0,1,0
3.434188480,1,0,1
3.434188800,1,1,1
3.434189120,0,0,1
3.434189440,0,1,1
3.434189760,0,0,1
3.434190080,0,1,1
3.434190400,0,0,0
3.434190720,0,1,0
3.434191040,0,0,0
3.434191360,0,1,0
3.434191680,0,0,0
3.434192000,0,1,0
3.434192480,0,0,0
3.434192800,0,1,0
3.434193120,0,0,0
3.434193440,0,1,0
3.434193760,0,0,0
3.434194080,0,1,0
3.434194400,0,0,0
3.434194720,0,1,0
3.434195040,0,0,0
3.434195360,0,1,0
3.434195680,0,0,0
3.434196000,0,1,0
3.434196480,1,0,1
3.434196800,1,1,1
3.434197120,0,0,0
3.434197440,0,1,0
3.434197760,0,0,0
3.434198080,0,1,0
3.434198400,0,0,0
3.434198720,0,1,0
3.434199040,1,0,0
3.434199360,1,1,0
3.434199680,0,0,0
3.434200000,0,1,0
3.434200480,0,0,0
3.434200800,0,1,0
3.434201120,0,0,0
3.434201440,0,1,0
3.434201760,0,0,0
3.434202080,0,1,0
3.434202400,0,0,0
3.434202720,0,1,0
3.434203040,1,0,0
3.434203360,1,1,0
3.434203680,1,0,0
3.434204000,1,1,0
3.434204480,0,0,0
3.434204800,0,1,0
3.434205120,0,0,0
3.434205440,0,1,0
3.434205760,1,0,1
3.434206080,1,1,1
3.434206400,0,0,0
3.434206720,0,1,0
3.473196320,0,0,0
3.473196640,0,1,0
3.473196960,0,0,0
3.473197280,0,1,0
3.473197600,0,0,0
3.473198080,0,1,0
3.473198400,0,0,0
3.473198720,0,1,0
3.473199040,0,0,0
3.473199360,0,1,0
3.473199680,0,0,0
3.473200000,0,1,0
3.473200320,0,0,0
3.473200640,0,1,0
3.473200960,0,0,0
3.473201280,0,1,0
3.473201600,0,0,0
3.473202080,0,1,0
3.473202400,0,0,0
3.473202720,0,1,0
3.473203040,0,0,0
3.473203360,0,1,0
3.473203680,0,0,0
3.473204000,0,1,0
3.473204320,0,0,0
3.473204640,0,1,0
3.473204960,0,0,0
3.473205280,0,1,0
3.473205600,0,0,0
3.473206080,0,1,0
3.473206400,0,0,0
3.473206720,0,1,0
3.473207040,0,0,0
3.473207360,0,1,0
3.473207680,0,0,0
3.473208000,0,1,0
3.473208320,0,0,0
3.473208640,0,1,0
3.473208960,0,0,0
3.473209280,0,1,0
3.473209600,0,0,0
3.473209760,1,0,0
3.473210080,1,1,0
3.473210400,0,0,0
3.473210720,0,1,0
3.473211040,0,0,0
3.473211360,0,1,0
3.473211680,0,0,0
3.473212000,0,1,0
3.473212320,0,0,0
3.473212640,0,1,0
3.473212960,0,0,0
3.473213280,0,1,0
3.473213600,0,0,0
3.473213760,1,0,0
3.473214080,1,1,0
3.473214400,0,0,0
3.473214720,0,1,0
3.473215040,0,0,0
3.473215360,0,1,0
3.473215680,0,0,0
3.473216000,0,1,0
3.473216320,0,0,0
3.473216640,0,1,0
3.473216960,0,0,0
3.473217280,0,1,0
3.473665600,0,0,0
3.473666080,0,1,0
3.473666400,0,0,0
3.473666720,0,1,0
3.473667040,0,0,0
3.473667360,0,1,0
3.473667680,0,0,0
3.473668000,0,1,0
3.473668320,1,0,1
3.473668640,1,1,1
3.473668960,1,0,0
3.473669280,1,1,0
3.473669600,1,0,0
3.473670080,1,1,0
3.473670400,1,0,0
3.473670720,1,1,0
3.473671040,0,0,0
3.473671360,0,1,0
3.473671680,0,0,0
3.473672000,0,1,0
3.473672320,0,0,0
3.473672640,0,1,0
3.473672960,1,0,0
3.473673280,1,1,0
3.473673600,0,0,0
3.473674080,0,1,0
3.473674400,0,0,0
3.473674720,0,1,0
3.473675040,0,0,0
3.473675360,0,1,0
3.473675680,0,0,0
3.473676000,0,1,0
3.473676320,1,0,1
3.473676640,1,1,1
3.473676960,0,0,0
3.473677280,0,1,0
3.473677600,0,0,0
3.473678080,0,1,0
3.473678400,0,0,0
3.473678720,0,1,0
3.473679040,0,0,1
3.473679360,0,1,1
3.473679680,0,0,0
3.473680000,0,1,0
3.473680320,0,0,0
3.473680640,0,1,0
3.473680960,0,0,0
3.473681280,0,1,0
3.473681600,0,0,0
3.473682080,0,1,0
3.473682400,0,0,0
3.473682720,0,1,0
3.473683040,0,0,1
3.473683360,0,1,1
3.473683680,1,0,1
3.473684000,1,1,1
3.473684320,1,0,0
3.473684640,1,1,0
3.473684960,0,0,0
3.473685280,0,1,0
3.473685600,0,0,0
3.473685760,1,0,1
3.473686080,1,1,1
3.473686400,0,0,0
3.473686720,0,1,0
3.473943040,0,0,0
3.473943360,0,1,0
3.473943680,0,0,0
3.473944000,0,1,0
3.473944320,0,0,0
3.473944640,0,1,0
3.473944960,0,0,0
3.473945280,0,1,0
3.473945600,0,0,0
3.473946080,0,1,0
3.473946400,0,0,0
3.473946720,0,1,0
3.473947040,0,0,0
3.473947360,0,1,0
3.473947680,0,0,1
3.473948000,0,1,1
3.473948320,0,0,1
3.473948640,0,1,1
3.473948960,0,0,0
3.473949280,0,1,0
3.473949600,0,0,0
3.473950080,0,1,0
3.473950400,0,0,0
3.473950720,0,1,0
3.473951040,0,0,0
3.473951360,0,1,0
3.473951680,0,0,0
3.473952000,0,1,0
3.473952320,0,0,0
3.473952640,0,1,0
3.473952960,0,0,0
3.473953280,0,1,0
3.473953600,0,0,0
3.473954080,0,1,0
3.473954400,0,0,0
3.473954720,0,1,0
3.473955040,0,0,0
3.473955360,0,1,0
3.473955680,0,0,0
3.473956000,0,1,0
3.473956320,1,0,1
3.473956640,1,1,1
3.473956960,0,0,0
3.473957280,0,1,0
3.473957600,0,0,0
3.473958080,0,1,0
3.473958400,1,0,0
3.473958720,1,1,0
3.473959040,1,0,0
3.473959360,1,1,0
3.473959680,0,0,0
3.473960000,0,1,0
3.473960320,1,0,1
3.473960640,1,1,1
3.473960960,0,0,0
3.473961280,0,1,0
3.473961600,0,0,0
3.473961760,0,0,1
3.473962080,0,1,1
3.473962400,1,0,1
3.473962720,1,1,1
3.473963040,1,0,0
3.473963360,1,1,0
3.473963680,0,0,0
3.473964000,0,1,0
3.474394400,0,0,0
3.474394720,0,1,0
3.474395040,0,0,0
3.474395360,0,1,0
3.474395680,0,0,0
3.474396000,0,1,0
3.474396320,0,0,0
3.474396640,0,1,0
3.474396960,1,0,1
3.474397280,1,1,1
3.474397600,0,0,1
3.474398080,0,1,1
3.474398400,0,0,1
3.474398720,0,1,1
3.474399040,0,0,1
3.474399360,0,1,1
3.474399680,0,0,0
3.474400000,0,1,0
3.474400320,0,0,0
3.474400640,0,1,0
3.474400960,0,0,0
3.474401280,0,1,0
3.474401600,0,0,0
3.474402080,0,1,0
3.474402400,0,0,0
3.474402720,0,1,0
3.474403040,0,0,0
3.474403360,0,1,0
3.474403680,0,0,0
3.474404000,0,1,0
3.474404320,0,0,0
3.474404640,0,1,0
3.474404960,1,0,1
3.474405280,1,1,1
3.474405600,0,0,1
3.474405760,0,0,0
3.474406080,0,1,0
3.474406400,0,0,0
3.474406720,0,1,0
3.474407040,0,0,0
3.474407360,0,1,0
3.474407680,1,0,1
3.474408000,1,1,1
3.474408320,0,0,0
3.474408640,0,1,0
3.474408960,0,0,0
3.474409280,0,1,0
3.474409600,0,0,0
3.474409760,0,0,1
3.474410080,0,1,1
3.474410400,0,0,1
3.474410720,0,1,1
3.474411040,0,0,0
3.474411360,0,1,0
3.474411680,1,0,1
3.474412000,1,1,1
3.474412320,1,0,1
3.474412640,1,1,1
3.474412960,0,0,0
3.474413280,0,1,0
3.474413600,0,0,0
3.474414080,0,1,0
3.474414400,1,0,0
3.474414720,1,1,0
3.474415040,0,0,0
3.474415360,0,1,0
3.474676960,0,0,0
3.474677280,0,1,0
3.474677600,0,0,0
3.474678080,0,1,0
3.474678400,0,0,0
3.474678720,0,1,0
3.474679040,0,0,0
3.474679360,0,1,0
3.474679680,0,0,0
3.474680000,0,1,0
3.474680320,0,0,0
3.474680640,0,1,0
3.474680960,0,0,0
3.474681280,0,1,0
3.474681600,0,0,0
3.474682080,0,1,0
3.474682400,0,0,0
3.474682720,0,1,0
3.474683040,0,0,0
3.474683360,0,1,0
3.474683680,0,0,0
3.474684000,0,1,0
3.474684320,0,0,1
3.474684640,0,1,1
3.474684960,0,0,1
3.474685280,0,1,1
3.474685600,0,0,1
3.474685760,0,0,0
3.474686080,0,1,0
3.474686400,0,0,0
3.474686720,0,1,0
3.474687040,0,0,1
3.474687360,0,1,1
3.474687680,0,0,0
3.474688000,0,1,0
3.474688320,0,0,0
3.474688640,0,1,0
3.474688960,0,0,0
3.474689280,0,1,0
3.474689600,0,0,0
3.474690080,0,1,0
3.474690400,0,0,1
3.474690720,0,1,1
3.474691040,0,0,0
3.474691360,0,1,0
3.474691680,0,0,0
3.474692000,0,1,0
3.474692320,0,0,1
3.474692640,0,1,1
3.474692960,0,0,1
3.474693280,0,1,1
3.474693600,0,0,1
3.474693760,0,0,0
3.474694080,0,1,0
3.474694400,0,0,0
3.474694720,0,1,0
3.474695040,0,0,1
3.474695360,0,1,1
3.474695680,0,0,1
3.474696000,0,1,1
3.474696320,0,0,1
3.474696640,0,1,1
3.474696960,0,0,1
3.474697280,0,1,1
3.474697600,0,0,1
3.474697760,0,0,0
3.474698080,0,1,0
3.474948960,0,0,0
3.474949280,0,1,0
3.474949600,0,0,0
3.474950080,0,1,0
3.474950400,0,0,0
3.474950720,0,1,0
3.474951040,0,0,0
3.474951360,0,1,0
3.474951680,1,0,1
3.474952000,1,1,1
3.474952320,0,0,0
3.474952640,0,1,0
3.474952960,0,0,0
3.474953280,0,1,0
3.474953600,0,0,0
3.474954080,0,1,0
3.474954400,0,0,0
3.474954720,0,1,0
3.474955040,0,0,0
3.474955360,0,1,0
3.474955680,0,0,0
3.474956000,0,1,0
3.474956320,0,0,0
3.474956640,0,1,0
3.474956960,0,0,0
3.474957280,0,1,0
3.474957600,0,0,0
3.474958080,0,1,0
3.474958400,0,0,0
3.474958720,0,1,0
3.474959040,0,0,0
3.474959360,0,1,0
3.474959680,1,0,1
3.474960000,1,1,1
3.474960320,0,0,0
3.474960640,0,1,0
3.474960960,0,0,0
3.474961280,0,1,0
3.474961600,0,0,0
3.474962080,0,1,0
3.474962400,1,0,0
3.474962720,1,1,0
3.474963040,0,0,0
3.474963360,0,1,0
3.474963680,0,0,0
3.474964000,0,1,0
3.474964320,1,0,0
3.474964640,1,1,0
3.474964960,1,0,0
3.474965280,1,1,0
3.474965600,0,0,0
3.474966080,0,1,0
3.474966400,1,0,0
3.474966720,1,1,0
3.474967040,1,0,1
3.474967360,1,1,1
3.474967680,1,0,0
3.474968000,1,1,0
3.474968320,0,0,0
3.474968640,0,1,0
3.474968960,0,0,1
3.474969280,0,1,1
3.474969600,0,0,1
3.474969760,0,0,0
3.474970080,0,1,0
3.513158880,0,0,0
3.513159200,0,1,0
3.513159680,0,0,0
3.513160000,0,1,0
3.513160320,0,0,0
3.513160640,0,1,0
3.513160960,0,0,0
3.513161280,0,1,0
3.513161600,0,0,0
3.513161920,0,1,0
3.513162240,0,0,0
3.513162560,0,1,0
3.513162880,0,0,0
3.513163200,0,1,0
3.513163680,0,0,0
3.513164000,0,1,0
3.513164320,0,0,0
3.513164640,0,1,0
3.513164960,0,0,0
3.513165280,0,1,0
3.513165600,0,0,0
3.513165920,0,1,0
3.513166240,0,0,0
3.513166560,0,1,0
3.513166880,0,0,0
3.513167200,0,1,0
3.513167680,0,0,0
3.513168000,0,1,0
3.513168320,0,0,0
3.513168640,0,1,0
3.513168960,0,0,0
3.513169280,0,1,0
3.513169600,0,0,0
3.513169920,0,1,0
3.513170240,0,0,0
3.513170560,0,1,0
3.513170880,0,0,0
3.513171200,0,1,0
3.513171680,0,0,0
3.513172000,0,1,0
3.513172320,1,0,0
3.513172640,1,1,0
3.513172960,0,0,0
3.513173280,0,1,0
3.513173600,0,0,0
3.513173920,0,1,0
3.513174240,0,0,0
3.513174560,0,1,0
3.513174880,0,0,0
3.513175200,0,1,0
3.513175680,0,0,0
3.513176000,0,1,0
3.513176320,1,0,0
3.513176640,1,1,0
3.513176960,0,0,0
3.513177280,0,1,0
3.513177600,0,0,0
3.513177920,0,1,0
3.513178240,0,0,0
3.513178560,0,1,0
3.513178880,0,0,0
3.513179200,0,1,0
3.513179680,0,0,0
3.513180000,0,1,0
3.513624960,0,0,0
3.513625280,0,1,0
3.513625600,0,0,0
3.513625920,0,1,0
3.513626240,0,0,0
3.513626560,0,1,0
3.513626880,0,0,0
3.513627200,0,1,0
3.513627680,1,0,1
3.513628000,1,1,1
3.513628320,0,0,0
3.513628640,0,1,0
3.513628960,0,0,0
3.513629280,0,1,0
3.513629600,1,0,0
3.513629920,1,1,0
3.513630240,0,0,0
3.513630560,0,1,0
3.513630880,0,0,0
3.513631200,0,1,0
3.513631680,0,0,0
3.513632000,0,1,0
3.513632320,1,0,0
3.513632640,1,1,0
3.513632960,0,0,0
3.513633280,0,1,0
3.513633600,0,0,0
3.513633920,0,1,0
3.513634240,0,0,0
3.513634560,0,1,0
3.513634880,0,0,0
3.513635200,0,1,0
3.513635680,1,0,1
3.513636000,1,1,1
3.513636320,0,0,0
3.513636640,0,1,0
3.513636960,0,0,0
3.513637280,0,1,0
3.513637600,0,0,0
3.513637920,0,1,0
3.513638240,0,0,1
3.513638560,0,1,1
3.513638880,0,0,0
3.513639200,0,1,0
3.513639680,0,0,0
3.513640000,0,1,0
3.513640320,0,0,0
3.513640640,0,1,0
3.513640960,0,0,0
3.513641280,0,1,0
3.513641600,0,0,0
3.513641920,0,1,0
3.513642240,1,0,1
3.513642560,1,1,1
3.513642880,0,0,1
3.513643200,0,1,1
3.513643680,1,0,0
3.513644000,1,1,0
3.513644320,0,0,0
3.513644640,0,1,0
3.513644960,1,0,1
3.513645280,1,1,1
3.513645600,0,0,0
3.513645920,0,1,0
3.513901600,0,0,0
3.513901920,0,1,0
3.513902240,0,0,0
3.513902560,0,1,0
3.513902880,0,0,0
3.513903200,0,1,0
3.513903680,0,0,0
3.513904000,0,1,0
3.513904320,0,0,0
3.513904640,0,1,0
3.513904960,0,0,0
3.513905280,0,1,0
3.513905600,0,0,0
3.513905920,0,1,0
3.513906240,0,0,1
3.513906560,0,1,1
3.513906880,0,0,1
3.513907200,0,1,1
3.513907680,0,0,0
3.513908000,0,1,0
3.513908320,0,0,0
3.513908640,0,1,0
3.513908960,0,0,0
3.513909280,0,1,0
3.513909600,0,0,0
3.513909920,0,1,0
3.513910240,0,0,0
3.513910560,0,1,0
3.513910880,0,0,0
3.513911200,0,1,0
3.513911680,0,0,0
3.513912000,0,1,0
3.513912320,0,0,0
3.513912640,0,1,0
3.513912960,0,0,0
3.513913280,0,1,0
3.513913600,0,0,0
3.513913920,0,1,0
3.513914240,0,0,0
3.513914560,0,1,0
3.513914880,0,0,1
3.513915200,0,1,1
3.513915680,0,0,0
3.513916000,0,1,0
3.513916320,0,0,0
3.513916640,0,1,0
3.513916960,0,0,0
3.513917280,0,1,0
3.513917600,0,0,0
3.513917920,0,1,0
3.513918240,0,0,0
3.513918560,0,1,0
3.513918880,0,0,1
3.513919200,0,1,1
3.513919680,0,0,0
3.513920000,0,1,0
3.513920320,0,0,1
3.513920640,0,1,1
3.513920960,0,0,1
3.513921280,0,1,1
3.513921600,0,0,0
3.513921920,0,1,0
3.513922240,0,0,0
3.513922560,0,1,0
3.514172320,0,0,0
3.514172640,0,1,0
3.514172960,0,0,0
3.514173280,0,1,0
3.514173600,0,0,0
3.514173920,0,1,0
3.514174240,0,0,0
3.514174560,0,1,0
3.514174880,1,0,1
3.514175200,1,1,1
3.514175680,0,0,0
3.514176000,0,1,0
3.514176320,0,0,0
3.514176640,0,1,0
3.514176960,0,0,1
3.514177280,0,1,1
3.514177600,0,0,0
3.514177920,0,1,0
3.514178240,0,0,0
3.514178560,0,1,0
3.514178880,0,0,0
3.514179200,0,1,0
3.514179680,0,0,0
3.514180000,0,1,0
3.514180320,0,0,0
3.514180640,0,1,0
3.514180960,0,0,0
3.514181280,0,1,0
3.514181600,0,0,0
3.514181920,0,1,0
3.514182240,0,0,0
3.514182560,0,1,0
3.514182880,1,0,1
3.514183200,1,1,1
3.514183680,0,0,0
3.514184000,0,1,0
3.514184320,0,0,0
3.514184640,0,1,0
3.514184960,0,0,0
3.514185280,0,1,0
3.514185600,1,0,0
3.514185920,1,1,0
3.514186240,0,0,0
3.514186560,0,1,0
3.514186880,0,0,0
3.514187200,0,1,0
3.514187680,0,0,0
3.514188000,0,1,0
3.514188320,0,0,0
3.514188640,0,1,0
3.514188960,0,0,0
3.514189280,0,1,0
3.514189600,1,0,0
3.514189920,1,1,0
3.514190240,1,0,1
3.514190560,1,1,1
3.514190880,0,0,1
3.514191200,0,1,1
3.514191680,0,0,0
3.514192000,0,1,0
3.514192320,1,0,1
3.514192640,1,1,1
3.514192960,0,0,0
3.514193280,0,1,0
3.553392160,0,0,0
3.553392480,0,1,0
3.553392800,0,0,0
3.553393280,0,1,0
3.553393600,0,0,0
3.553393920,0,1,0
3.553394240,0,0,0
3.553394560,0,1,0
3.553394880,0,0,0
3.553395200,0,1,0
3.553395520,0,0,0
3.553395840,0,1,0
3.553396160,0,0,0
3.553396480,0,1,0
3.553396800,0,0,0
3.553397280,0,1,0
3.553397600,0,0,0
3.553397920,0,1,0
3.553398240,0,0,0
3.553398560,0,1,0
3.553398880,0,0,0
3.553399200,0,1,0
3.553399520,0,0,0
3.553399840,0,1,0
3.553400160,0,0,0
3.553400480,0,1,0
3.553400800,0,0,0
3.553401280,0,1,0
3.553401600,0,0,0
3.553401920,0,1,0
3.553402240,0,0,0
3.553402560,0,1,0
3.553402880,0,0,0
3.553403200,0,1,0
3.553403520,0,0,0
3.553403840,0,1,0
3.553404160,0,0,0
3.553404480,0,1,0
3.553404800,0,0,0
3.553405280,0,1,0
3.553405600,1,0,0
3.553405920,1,1,0
3.553406240,0,0,0
3.553406560,0,1,0
3.553406880,0,0,0
3.553407200,0,1,0
3.553407520,0,0,0
3.553407840,0,1,0
3.553408160,0,0,0
3.553408480,0,1,0
3.553408800,0,0,0
3.553409280,0,1,0
3.553409600,1,0,0
3.553409920,1,1,0
3.553410240,0,0,0
3.553410560,0,1,0
3.553410880,0,0,0
3.553411200,0,1,0
3.553411520,0,0,0
3.553411840,0,1,0
3.553412160,0,0,0
3.553412480,0,1,0
3.553412800,0,0,0
3.553413280,0,1,0
3.553860160,0,0,0
3.553860480,0,1,0
3.553860800,0,0,0
3.553861280,0,1,0
3.553861600,0,0,0
3.553861920,0,1,0
3.553862240,0,0,0
3.553862560,0,1,0
3.553862880,1,0,1
3.553863200,1,1,1
3.553863520,0,0,0
3.553863840,0,1,0
3.553864160,1,0,0
3.553864480,1,1,0
3.553864800,0,0,0
3.553865280,0,1,0
3.553865600,0,0,0
3.553865920,0,1,0
3.553866240,0,0,0
3.553866560,0,1,0
3.553866880,0,0,0
3.553867200,0,1,0
3.553867520,1,0,0
3.553867840,1,1,0
3.553868160,0,0,0
3.553868480,0,1,0
3.553868800,0,0,0
3.553869280,0,1,0
3.553869600,0,0,0
3.553869920,0,1,0
3.553870240,0,0,0
3.553870560,0,1,0
3.553870880,1,0,1
3.553871200,1,1,1
3.553871520,0,0,0
3.553871840,0,1,0
3.553872160,0,0,0
3.553872480,0,1,0
3.553872800,0,0,0
3.553873280,0,1,0
3.553873600,0,0,1
3.553873920,0,1,1
3.553874240,0,0,0
3.553874560,0,1,0
3.553874880,0,0,0
3.553875200,0,1,0
3.553875520,0,0,0
3.553875840,0,1,0
3.553876160,0,0,0
3.553876480,0,1,0
3.553876800,0,0,0
3.553877280,0,1,0
3.553877600,1,0,1
3.553877920,1,1,1
3.553878240,1,0,1
3.553878560,1,1,1
3.553878880,0,0,0
3.553879200,0,1,0
3.553879520,0,0,0
3.553879840,0,1,0
3.553880160,1,0,1
3.553880480,1,1,1
3.553880800,0,0,1
3.553880960,0,0,0
3.553881280,0,1,0
3.554137600,0,0,0
3.554137920,0,1,0
3.554138240,0,0,0
3.554138560,0,1,0
3.554138880,0,0,0
3.554139200,0,1,0
3.554139520,0,0,0
3.554139840,0,1,0
3.554140160,0,0,0
3.554140480,0,1,0
3.554140800,0,0,0
3.554141280,0,1,0
3.554141600,0,0,0
3.554141920,0,1,0
3.554142240,0,0,1
3.554142560,0,1,1
3.554142880,0,0,1
3.554143200,0,1,1
3.554143520,0,0,0
3.554143840,0,1,0
3.554144160,0,0,0
3.554144480,0,1,0
3.554144800,0,0,0
3.554145280,0,1,0
3.554145600,0,0,0
3.554145920,0,1,0
3.554146240,0,0,0
3.554146560,0,1,0
3.554146880,0,0,0
3.554147200,0,1,0
3.554147520,0,0,0
3.554147840,0,1,0
3.554148160,0,0,0
3.554148480,0,1,0
3.554148800,0,0,0
3.554149280,0,1,0
3.554149600,0,0,0
3.554149920,0,1,0
3.554150240,0,0,0
3.554150560,0,1,0
3.554150880,0,0,1
3.554151200,0,1,1
3.554151520,0,0,0
3.554151840,0,1,0
3.554152160,0,0,0
3.554152480,0,1,0
3.554152800,0,0,0
3.554153280,0,1,0
3.554153600,0,0,0
3.554153920,0,1,0
3.554154240,0,0,0
3.554154560,0,1,0
3.554154880,0,0,1
3.554155200,0,1,1
3.554155520,0,0,0
3.554155840,0,1,0
3.554156160,0,0,1
3.554156480,0,1,1
3.554156800,0,0,1
3.554157280,0,1,1
3.554157600,0,0,0
3.554157920,0,1,0
3.554158240,0,0,0
3.554158560,0,1,0
3.554409600,0,0,0
3.554409920,0,1,0
3.554410240,0,0,0
3.554410560,0,1,0
3.554410880,0,0,0
3.554411200,0,1,0
3.554411520,0,0,0
3.554411840,0,1,0
3.554412160,1,0,1
3.554412480,1,1,1
3.554412800,0,0,1
3.554412960,0,0,0
3.554413280,0,1,0
3.554413600,0,0,1
3.554413920,0,1,1
3.554414240,0,0,0
3.554414560,0,1,0
3.554414880,0,0,0
3.554415200,0,1,0
3.554415520,0,0,0
3.554415840,0,1,0
3.554416160,0,0,0
3.554416480,0,1,0
3.554416800,0,0,0
3.554417280,0,1,0
3.554417600,0,0,0
3.554417920,0,1,0
3.554418240,0,0,0
3.554418560,0,1,0
3.554418880,0,0,0
3.554419200,0,1,0
3.554419520,0,0,0
3.554419840,0,1,0
3.554420160,1,0,1
3.554420480,1,1,1
3.554420800,0,0,1
3.554420960,0,0,0
3.554421280,0,1,0
3.554421600,0,0,0
3.554421920,0,1,0
3.554422240,0,0,0
3.554422560,0,1,0
3.554422880,1,0,0
3.554423200,1,1,0
3.554423520,0,0,0
3.554423840,0,1,0
3.554424160,0,0,0
3.554424480,0,1,0
3.554424800,0,0,0
3.554425280,0,1,0
3.554425600,0,0,0
3.554425920,0,1,0
3.554426240,0,0,0
3.554426560,0,1,0
3.554426880,1,0,1
3.554427200,1,1,1
3.554427520,1,0,0
3.554427840,1,1,0
3.554428160,0,0,0
3.554428480,0,1,0
3.554428800,0,0,0
3.554429280,0,1,0
3.554429600,1,0,1
3.554429920,1,1,1
3.554430240,0,0,0
3.554430560,0,1,0
3.593431520,0,0,0
3.593431840,0,1,0
3.593432160,0,0,0
3.593432480,0,1,0
3.593432800,0,0,0
3.593433120,0,1,0
3.593433440,0,0,0
3.593433760,0,1,0
3.593434080,0,0,0
3.593434400,0,1,0
3.593434880,0,0,0
3.593435200,0,1,0
3.593435520,0,0,0
3.593435840,0,1,0
3.593436160,0,0,0
3.593436480,0,1,0
3.593436800,0,0,0
3.593437120,0,1,0
3.593437440,0,0,0
3.593437760,0,1,0
3.593438080,0,0,0
3.593438400,0,1,0
3.593438720,0,0,0
3.593439200,0,1,0
3.593439520,0,0,0
3.593439840,0,1,0
3.593440160,0,0,0
3.593440480,0,1,0
3.593440800,0,0,0
3.593441120,0,1,0
3.593441440,0,0,0
3.593441760,0,1,0
3.593442080,0,0,0
3.593442400,0,1,0
3.593442720,0,0,0
3.593443200,0,1,0
3.593443520,0,0,0
3.593443840,0,1,0
3.593444160,0,0,0
3.593444480,0,1,0
3.593444800,1,0,0
3.593445120,1,1,0
3.593445440,0,0,0
3.593445760,0,1,0
3.593446080,0,0,0
3.593446400,0,1,0
3.593446720,0,0,0
3.593447200,0,1,0
3.593447520,0,0,0
3.593447840,0,1,0
3.593448160,0,0,0
3.593448480,0,1,0
3.593448800,1,0,0
3.593449120,1,1,0
3.593449440,0,0,0
3.593449760,0,1,0
3.593450080,0,0,0
3.593450400,0,1,0
3.593450720,0,0,0
3.593451200,0,1,0
3.593451520,0,0,0
3.593451840,0,1,0
3.593452160,0,0,0
3.593452480,0,1,0
3.593905440,0,0,0
3.593905760,0,1,0
3.593906080,0,0,0
3.593906400,0,1,0
3.593906720,0,0,0
3.593907200,0,1,0
3.593907520,0,0,0
3.593907840,0,1,0
3.593908160,1,0,1
3.593908480,1,1,1
3.593908800,0,0,0
3.593909120,0,1,0
3.593909440,1,0,0
3.593909760,1,1,0
3.593910080,1,0,0
3.593910400,1,1,0
3.593910720,1,0,0
3.593910880,0,0,0
3.593911200,0,1,0
3.593911520,0,0,0
3.593911840,0,1,0
3.593912160,0,0,0
3.593912480,0,1,0
3.593912800,1,0,0
3.593913120,1,1,0
3.593913440,0,0,0
3.593913760,0,1,0
3.593914080,0,0,0
3.593914400,0,1,0
3.593914720,0,0,0
3.593915200,0,1,0
3.593915520,0,0,0
3.593915840,0,1,0
3.593916160,1,0,1
3.593916480,1,1,1
3.593916800,0,0,0
3.593917120,0,1,0
3.593917440,0,0,0
3.593917760,0,1,0
3.593918080,0,0,0
3.593918400,0,1,0
3.593918720,0,0,0
3.593918880,0,0,1
3.593919200,0,1,1
3.593919520,0,0,0
3.593919840,0,1,0
3.593920160,0,0,0
3.593920480,0,1,0
3.593920800,0,0,0
3.593921120,0,1,0
3.593921440,0,0,0
3.593921760,0,1,0
3.593922080,0,0,0
3.593922400,0,1,0
3.593922720,0,0,0
3.593922880,1,0,1
3.593923200,1,1,1
3.593923520,1,0,1
3.593923840,1,1,1
3.593924160,1,0,0
3.593924480,1,1,0
3.593924800,0,0,0
3.593925120,0,1,0
3.593925440,1,0,1
3.593925760,1,1,1
3.593926080,0,0,0
3.593926400,0,1,0
3.594182880,0,0,0
3.594183200,0,1,0
3.594183520,0,0,0
3.594183840,0,1,0
3.594184160,0,0,0
3.594184480,0,1,0
3.594184800,0,0,0
3.594185120,0,1,0
3.594185440,0,0,0
3.594185760,0,1,0
3.594186080,0,0,0
3.594186400,0,1,0
3.594186720,0,0,0
3.594187200,0,1,0
3.594187520,0,0,1
3.594187840,0,1,1
3.594188160,0,0,1
3.594188480,0,1,1
3.594188800,0,0,0
3.594189120,0,1,0
3.594189440,0,0,0
3.594189760,0,1,0
3.594190080,0,0,0
3.594190400,0,1,0
3.594190720,0,0,0
3.594191200,0,1,0
3.594191520,0,0,0
3.594191840,0,1,0
3.594192160,0,0,0
3.594192480,0,1,0
3.594192800,0,0,0
3.594193120,0,1,0
3.594193440,0,0,0
3.594193760,0,1,0
3.594194080,0,0,0
3.594194400,0,1,0
3.594194720,0,0,0
3.594195200,0,1,0
3.594195520,0,0,0
3.594195840,0,1,0
3.594196160,1,0,1
3.594196480,1,1,1
3.594196800,0,0,0
3.594197120,0,1,0
3.594197440,0,0,0
3.594197760,0,1,0
3.594198080,1,0,0
3.594198400,1,1,0
3.594198720,1,0,0
3.594199200,1,1,0
3.594199520,0,0,0
3.594199840,0,1,0
3.594200160,1,0,1
3.594200480,1,1,1
3.594200800,0,0,0
3.594201120,0,1,0
3.594201440,0,0,1
3.594201760,0,1,1
3.594202080,1,0,1
3.594202400,1,1,1
3.594202720,1,0,1
3.594202880,1,0,0
3.594203200,1,1,0
3.594203520,0,0,0
3.594203840,0,1,0
3.594636160,0,0,0
3.594636480,0,1,0
3.594636800,0,0,0
3.594637120,0,1,0
3.594637440,0,0,0
3.594637760,0,1,0
3.594638080,0,0,0
3.594638400,0,1,0
3.594638720,0,0,0
3.594638880,1,0,1
3.594639200,1,1,1
3.594639520,1,0,0
3.594639840,1,1,0
3.594640160,0,0,1
3.594640480,0,1,1
3.594640800,0,0,1
3.594641120,0,1,1
3.594641440,0,0,0
3.594641760,0,1,0
3.594642080,0,0,0
3.594642400,0,1,0
3.594642720,0,0,0
3.594643200,0,1,0
3.594643520,0,0,0
3.594643840,0,1,0
3.594644160,0,0,0
3.594644480,0,1,0
3.594644800,0,0,0
3.594645120,0,1,0
3.594645440,0,0,0
3.594645760,0,1,0
3.594646080,0,0,0
3.594646400,0,1,0
3.594646720,0,0,0
3.594646880,1,0,1
3.594647200,1,1,1
3.594647520,0,0,0
3.594647840,0,1,0
3.594648160,0,0,0
3.594648480,0,1,0
3.594648800,0,0,0
3.594649120,0,1,0
3.594649440,1,0,1
3.594649760,1,1,1
3.594650080,0,0,0
3.594650400,0,1,0
3.594650720,0,0,0
3.594651200,0,1,0
3.594651520,0,0,1
3.594651840,0,1,1
3.594652160,0,0,1
3.594652480,0,1,1
3.594652800,0,0,0
3.594653120,0,1,0
3.594653440,0,0,0
3.594653760,0,1,0
3.594654080,1,0,1
3.594654400,1,1,1
3.594654720,1,0,1
3.594654880,0,0,0
3.594655200,0,1,0
3.594655520,0,0,0
3.594655840,0,1,0
3.594656160,1,0,0
3.594656480,1,1,0
3.594656800,0,0,0
3.594657120,0,1,0
3.594924800,0,0,0
3.594925120,0,1,0
3.594925440,0,0,0
3.594925760,0,1,0
3.594926080,0,0,0
3.594926400,0,1,0
3.594926720,0,0,0
3.594927200,0,1,0
3.594927520,0,0,0
3.594927840,0,1,0
3.594928160,0,0,0
3.594928480,0,1,0
3.594928800,0,0,0
3.594929120,0,1,0
3.594929440,0,0,0
3.594929760,0,1,0
3.594930080,0,0,0
3.594930400,0,1,0
3.594930720,0,0,0
3.594931200,0,1,0
3.594931520,0,0,0
3.594931840,0,1,0
3.594932160,0,0,1
3.594932480,0,1,1
3.594932800,0,0,1
3.594933120,0,1,1
3.594933440,0,0,0
3.594933760,0,1,0
3.594934080,0,0,0
3.594934400,0,1,0
3.594934720,0,0,0
3.594934880,0,0,1
3.594935200,0,1,1
3.594935520,0,0,0
3.594935840,0,1,0
3.594936160,0,0,0
3.594936480,0,1,0
3.594936800,0,0,0
3.594937120,0,1,0
3.594937440,0,0,0
3.594937760,0,1,0
3.594938080,0,0,1
3.594938400,0,1,1
3.594938720,0,0,1
3.594938880,0,0,0
3.594939200,0,1,0
3.594939520,0,0,0
3.594939840,0,1,0
3.594940160,0,0,1
3.594940480,0,1,1
3.594940800,0,0,1
3.594941120,0,1,1
3.594941440,0,0,0
3.594941760,0,1,0
3.594942080,0,0,0
3.594942400,0,1,0
3.594942720,0,0,0
3.594942880,0,0,1
3.594943200,0,1,1
3.594943520,0,0,1
3.594943840,0,1,1
3.594944160,0,0,1
3.594944480,0,1,1
3.594944800,0,0,1
3.594945120,0,1,1
3.594945440,0,0,0
3.594945760,0,1,0
3.595198080,0,0,0
3.595198400,0,1,0
3.595198720,0,0,0
3.595199200,0,1,0
3.595199520,0,0,0
3.595199840,0,1,0
3.595200160,0,0,0
3.595200480,0,1,0
3.595200800,1,0,1
3.595201120,1,1,1
3.595201440,0,0,1
3.595201760,0,1,1
3.595202080,0,0,0
3.595202400,0,1,0
3.595202720,0,0,0
3.595203200,0,1,0
3.595203520,0,0,0
3.595203840,0,1,0
3.595204160,0,0,0
3.595204480,0,1,0
3.595204800,0,0,0
3.595205120,0,1,0
3.595205440,0,0,0
3.595205760,0,1,0
3.595206080,0,0,0
3.595206400,0,1,0
3.595206720,0,0,0
3.595207200,0,1,0
3.595207520,0,0,0
3.595207840,0,1,0
3.595208160,0,0,0
3.595208480,0,1,0
3.595208800,1,0,1
3.595209120,1,1,1
3.595209440,0,0,0
3.595209760,0,1,0
3.595210080,0,0,0
3.595210400,0,1,0
3.595210720,0,0,0
3.595211200,0,1,0
3.595211520,1,0,0
3.595211840,1,1,0
3.595212160,0,0,0
3.595212480,0,1,0
3.595212800,0,0,0
3.595213120,0,1,0
3.595213440,1,0,0
3.595213760,1,1,0
3.595214080,1,0,0
3.595214400,1,1,0
3.595214720,0,0,0
3.595215200,0,1,0
3.595215520,1,0,1
3.595215840,1,1,1
3.595216160,1,0,1
3.595216480,1,1,1
3.595216800,1,0,0
3.595217120,1,1,0
3.595217440,0,0,0
3.595217760,0,1,0
3.595218080,0,0,1
3.595218400,0,1,1
3.595218720,0,0,1
3.595218880,0,0,0
3.595219200,0,1,0
3.633353440,0,0,0
3.633353760,0,1,0
3.633354080,0,0,0
3.633354400,0,1,0
3.633354720,0,0,0
3.633355040,0,1,0
3.633355360,0,0,0
3.633355680,0,1,0
3.633356000,0,0,0
3.633356480,0,1,0
3.633356800,0,0,0
3.633357120,0,1,0
3.633357440,0,0,0
3.633357760,0,1,0
3.633358080,0,0,0
3.633358400,0,1,0
3.633358720,0,0,0
3.633359040,0,1,0
3.633359360,0,0,0
3.633359680,0,1,0
3.633360000,0,0,0
3.633360480,0,1,0
3.633360800,0,0,0
3.633361120,0,1,0
3.633361440,0,0,0
3.633361760,0,1,0
3.633362080,0,0,0
3.633362400,0,1,0
3.633362720,0,0,0
3.633363040,0,1,0
3.633363360,0,0,0
3.633363680,0,1,0
3.633364000,0,0,0
3.633364480,0,1,0
3.633364800,0,0,0
3.633365120,0,1,0
3.633365440,0,0,0
3.633365760,0,1,0
3.633366080,0,0,0
3.633366400,0,1,0
3.633366720,1,0,0
3.633367040,1,1,0
3.633367360,0,0,0
3.633367680,0,1,0
3.633368000,0,0,0
3.633368480,0,1,0
3.633368800,0,0,0
3.633369120,0,1,0
3.633369440,0,0,0
3.633369760,0,1,0
3.633370080,0,0,0
3.633370400,0,1,0
3.633370720,1,0,0
3.633371040,1,1,0
3.633371360,0,0,0
3.633371680,0,1,0
3.633372000,0,0,0
3.633372480,0,1,0
3.633372800,0,0,0
3.633373120,0,1,0
3.633373440,0,0,0
3.633373760,0,1,0
3.633374080,0,0,0
3.633374400,0,1,0
3.633821440,0,0,0
3.633821760,0,1,0
3.633822080,0,0,0
3.633822400,0,1,0
3.633822720,0,0,0
3.633823040,0,1,0
3.633823360,0,0,0
3.633823680,0,1,0
3.633824000,1,0,0
3.633824160,1,0,1
3.633824480,1,1,1
3.633824800,1,0,0
3.633825120,1,1,0
3.633825440,0,0,0
3.633825760,0,1,0
3.633826080,1,0,0
3.633826400,1,1,0
3.633826720,0,0,0
3.633827040,0,1,0
3.633827360,0,0,0
3.633827680,0,1,0
3.633828000,0,0,0
3.633828480,0,1,0
3.633828800,1,0,0
3.633829120,1,1,0
3.633829440,0,0,0
3.633829760,0,1,0
3.633830080,0,0,0
3.633830400,0,1,0
3.633830720,0,0,0
3.633831040,0,1,0
3.633831360,0,0,0
3.633831680,0,1,0
3.633832000,1,0,0
3.633832160,1,0,1
3.633832480,1,1,1
3.633832800,0,0,0
3.633833120,0,1,0
3.633833440,0,0,0
3.633833760,0,1,0
3.633834080,0,0,0
3.633834400,0,1,0
3.633834720,0,0,1
3.633835040,0,1,1
3.633835360,0,0,0
3.633835680,0,1,0
3.633836000,0,0,0
3.633836480,0,1,0
3.633836800,0,0,0
3.633837120,0,1,0
3.633837440,0,0,0
3.633837760,0,1,0
3.633838080,0,0,0
3.633838400,0,1,0
3.633838720,0,0,1
3.633839040,0,1,1
3.633839360,0,0,1
3.633839680,0,1,1
3.633840000,1,0,1
3.633840160,1,0,0
3.633840480,1,1,0
3.633840800,0,0,0
3.633841120,0,1,0
3.633841440,1,0,1
3.633841760,1,1,1
3.633842080,0,0,0
3.633842400,0,1,0
3.634097440,0,0,0
3.634097760,0,1,0
3.634098080,0,0,0
3.634098400,0,1,0
3.634098720,0,0,0
3.634099040,0,1,0
3.634099360,0,0,0
3.634099680,0,1,0
3.634100000,0,0,0
3.634100320,0,1,0
3.634100800,0,0,0
3.634101120,0,1,0
3.634101440,0,0,0
3.634101760,0,1,0
3.634102080,0,0,1
3.634102400,0,1,1
3.634102720,0,0,1
3.634103040,0,1,1
3.634103360,0,0,0
3.634103680,0,1,0
3.634104000,0,0,0
3.634104480,0,1,0
3.634104800,0,0,0
3.634105120,0,1,0
3.634105440,0,0,0
3.634105760,0,1,0
3.634106080,0,0,0
3.634106400,0,1,0
3.634106720,0,0,0
3.634107040,0,1,0
3.634107360,0,0,0
3.634107680,0,1,0
3.634108000,0,0,0
3.634108480,0,1,0
3.634108800,0,0,0
3.634109120,0,1,0
3.634109440,0,0,0
3.634109760,0,1,0
3.634110080,0,0,0
3.634110400,0,1,0
3.634110720,0,0,1
3.634111040,0,1,1
3.634111360,0,0,0
3.634111680,0,1,0
3.634112000,0,0,0
3.634112480,0,1,0
3.634112800,0,0,0
3.634113120,0,1,0
3.634113440,0,0,0
3.634113760,0,1,0
3.634114080,0,0,0
3.634114400,0,1,0
3.634114720,0,0,1
3.634115040,0,1,1
3.634115360,0,0,0
3.634115680,0,1,0
3.634116000,0,0,0
3.634116160,0,0,1
3.634116480,0,1,1
3.634116800,0,0,1
3.634117120,0,1,1
3.634117440,0,0,0
3.634117760,0,1,0
3.634118080,0,0,0
3.634118400,0,1,0
3.634368800,0,0,0
3.634369120,0,1,0
3.634369440,0,0,0
3.634369760,0,1,0
3.634370080,0,0,0
3.634370400,0,1,0
3.634370720,0,0,0
3.634371040,0,1,0
3.634371360,1,0,1
3.634371680,1,1,1
3.634372000,0,0,1
3.634372320,0,1,1
3.634372800,0,0,0
3.634373120,0,1,0
3.634373440,0,0,1
3.634373760,0,1,1
3.634374080,0,0,0
3.634374400,0,1,0
3.634374720,0,0,0
3.634375040,0,1,0
3.634375360,0,0,0
3.634375680,0,1,0
3.634376000,0,0,0
3.634376320,0,1,0
3.634376800,0,0,0
3.634377120,0,1,0
3.634377440,0,0,0
3.634377760,0,1,0
3.634378080,0,0,0
3.634378400,0,1,0
3.634378720,0,0,0
3.634379040,0,1,0
3.634379360,1,0,1
3.634379680,1,1,1
3.634380000,0,0,1
3.634380160,0,0,0
3.634380320,0,1,0
3.634380800,0,0,0
3.634381120,0,1,0
3.634381440,0,0,0
3.634381760,0,1,0
3.634382080,1,0,0
3.634382400,1,1,0
3.634382720,0,0,0
3.634383040,0,1,0
3.634383360,0,0,0
3.634383680,0,1,0
3.634384000,0,0,0
3.634384480,0,1,0
3.634384800,0,0,0
3.634385120,0,1,0
3.634385440,0,0,0
3.634385760,0,1,0
3.634386080,1,0,1
3.634386400,1,1,1
3.634386720,1,0,1
3.634387040,1,1,1
3.634387360,0,0,1
3.634387680,0,1,1
3.634388000,0,0,1
3.634388160,0,0,0
3.634388480,0,1,0
3.634388800,1,0,1
3.634389120,1,1,1
3.634389440,0,0,0
3.634389760,0,1,0
3.673373280,0,0,0
3.673373600,0,1,0
3.673373920,0,0,0
3.673374400,0,1,0
3.673374720,0,0,0
3.673375040,0,1,0
3.673375360,0,0,0
3.673375680,0,1,0
3.673376000,0,0,0
3.673376320,0,1,0
3.673376640,0,0,0
3.673376960,0,1,0
3.673377280,0,0,0
3.673377600,0,1,0
3.673377920,0,0,0
3.673378400,0,1,0
3.673378720,0,0,0
3.673379040,0,1,0
3.673379360,0,0,0
3.673379680,0,1,0
3.673380000,0,0,0
3.673380320,0,1,0
3.673380640,0,0,0
3.673380960,0,1,0
3.673381280,0,0,0
3.673381600,0,1,0
3.673381920,0,0,0
3.673382400,0,1,0
3.673382720,0,0,0
3.673383040,0,1,0
3.673383360,0,0,0
3.673383680,0,1,0
3.673384000,0,0,0
3.673384320,0,1,0
3.673384640,0,0,0
3.673384960,0,1,0
3.673385280,0,0,0
3.673385600,0,1,0
3.673385920,0,0,0
3.673386400,0,1,0
3.673386720,1,0,0
3.673387040,1,1,0
3.673387360,0,0,0
3.673387680,0,1,0
3.673388000,0,0,0
3.673388320,0,1,0
3.673388640,0,0,0
3.673388960,0,1,0
3.673389280,0,0,0
3.673389600,0,1,0
3.673389920,0,0,0
3.673390400,0,1,0
3.673390720,1,0,0
3.673391040,1,1,0
3.673391360,0,0,0
3.673391680,0,1,0
3.673392000,0,0,0
3.673392320,0,1,0
3.673392640,0,0,0
3.673392960,0,1,0
3.673393280,0,0,0
3.673393600,0,1,0
3.673393920,0,0,0
3.673394400,0,1,0
3.673841920,0,0,0
3.673842400,0,1,0
3.673842720,0,0,0
3.673843040,0,1,0
3.673843360,0,0,0
3.673843680,0,1,0
3.673844000,0,0,0
3.673844320,0,1,0
3.673844640,1,0,1
3.673844960,1,1,1
3.673845280,1,0,0
3.673845600,1,1,0
3.673845920,1,0,0
3.673846400,1,1,0
3.673846720,0,0,0
3.673847040,0,1,0
3.673847360,0,0,0
3.673847680,0,1,0
3.673848000,0,0,0
3.673848320,0,1,0
3.673848640,0,0,0
3.673848960,0,1,0
3.673849280,1,0,0
3.673849600,1,1,0
3.673849920,0,0,0
3.673850400,0,1,0
3.673850720,0,0,0
3.673851040,0,1,0
3.673851360,0,0,0
3.673851680,0,1,0
3.673852000,0,0,0
3.673852320,0,1,0
3.673852640,1,0,1
3.673852960,1,1,1
3.673853280,0,0,0
3.673853600,0,1,0
3.673853920,0,0,0
3.673854400,0,1,0
3.673854720,0,0,0
3.673855040,0,1,0
3.673855360,0,0,1
3.673855680,0,1,1
3.673856000,0,0,0
3.673856320,0,1,0
3.673856640,0,0,0
3.673856960,0,1,0
3.673857280,0,0,0
3.673857600,0,1,0
3.673857920,0,0,0
3.673858400,0,1,0
3.673858720,0,0,0
3.673859040,0,1,0
3.673859360,0,0,1
3.673859680,0,1,1
3.673860000,1,0,1
3.673860320,1,1,1
3.673860640,0,0,0
3.673860960,0,1,0
3.673861280,0,0,0
3.673861600,0,1,0
3.673861920,0,0,0
3.673862080,1,0,1
3.673862400,1,1,1
3.673862720,0,0,0
3.673863040,0,1,0
3.674117280,0,0,0
3.674117600,0,1,0
3.674117920,0,0,0
3.674118400,0,1,0
3.674118720,0,0,0
3.674119040,0,1,0
3.674119360,0,0,0
3.674119680,0,1,0
3.674120000,0,0,0
3.674120320,0,1,0
3.674120640,0,0,0
3.674120960,0,1,0
3.674121280,0,0,0
3.674121600,0,1,0
3.674121920,0,0,0
3.674122080,0,0,1
3.674122400,0,1,1
3.674122720,0,0,1
3.674123040,0,1,1
3.674123360,0,0,0
3.674123680,0,1,0
3.674124000,0,0,0
3.674124320,0,1,0
3.674124640,0,0,0
3.674124960,0,1,0
3.674125280,0,0,0
3.674125600,0,1,0
3.674125920,0,0,0
3.674126400,0,1,0
3.674126720,0,0,0
3.674127040,0,1,0
3.674127360,0,0,0
3.674127680,0,1,0
3.674128000,0,0,0
3.674128320,0,1,0
3.674128640,0,0,0
3.674128960,0,1,0
3.674129280,0,0,0
3.674129600,0,1,0
3.674129920,0,0,0
3.674130400,0,1,0
3.674130720,0,0,1
3.674131040,0,1,1
3.674131360,0,0,0
3.674131680,0,1,0
3.674132000,0,0,0
3.674132320,0,1,0
3.674132640,0,0,0
3.674132960,0,1,0
3.674133280,0,0,0
3.674133600,0,1,0
3.674133920,0,0,0
3.674134400,0,1,0
3.674134720,0,0,1
3.674135040,0,1,1
3.674135360,0,0,0
3.674135680,0,1,0
3.674136000,0,0,1
3.674136320,0,1,1
3.674136640,0,0,1
3.674136960,0,1,1
3.674137280,0,0,0
3.674137600,0,1,0
3.674137920,0,0,0
3.674138400,0,1,0
3.674389920,0,0,0
3.674390400,0,1,0
3.674390720,0,0,0
3.674391040,0,1,0
3.674391360,0,0,0
3.674391680,0,1,0
3.674392000,0,0,0
3.674392320,0,1,0
3.674392640,1,0,1
3.674392960,1,1,1
3.674393280,0,0,1
3.674393600,0,1,1
3.674393920,0,0,1
3.674394400,0,1,1
3.674394720,0,0,0
3.674395040,0,1,0
3.674395360,0,0,0
3.674395680,0,1,0
3.674396000,0,0,0
3.674396320,0,1,0
3.674396640,0,0,0
3.674396960,0,1,0
3.674397280,0,0,0
3.674397600,0,1,0
3.674397920,0,0,0
3.674398400,0,1,0
3.674398720,0,0,0
3.674399040,0,1,0
3.674399360,0,0,0
3.674399680,0,1,0
3.674400000,0,0,0
3.674400320,0,1,0
3.674400640,1,0,1
3.674400960,1,1,1
3.674401280,0,0,0
3.674401600,0,1,0
3.674401920,0,0,0
3.674402400,0,1,0
3.674402720,0,0,0
3.674403040,0,1,0
3.674403360,1,0,0
3.674403680,1,1,0
3.674404000,0,0,0
3.674404320,0,1,0
3.674404640,0,0,0
3.674404960,0,1,0
3.674405280,0,0,0
3.674405600,0,1,0
3.674405920,0,0,0
3.674406400,0,1,0
3.674406720,0,0,0
3.674407040,0,1,0
3.674407360,1,0,0
3.674407680,1,1,0
3.674408000,1,0,0
3.674408320,1,1,0
3.674408640,0,0,0
3.674408960,0,1,0
3.674409280,0,0,0
3.674409600,0,1,0
3.674409920,0,0,0
3.674410080,1,0,1
3.674410400,1,1,1
3.674410720,0,0,0
3.674411040,0,1,0
3.713384000,0,0,0
3.713384320,0,1,0
3.713384640,0,0,0
3.713384960,0,1,0
3.713385280,0,0,0
3.713385600,0,1,0
3.713385920,0,0,0
3.713386240,0,1,0
3.713386560,0,0,0
3.713386880,0,1,0
3.713387200,0,0,0
3.713387520,0,1,0
3.713388000,0,0,0
3.713388320,0,1,0
3.713388640,0,0,0
3.713388960,0,1,0
3.713389280,0,0,0
3.713389600,0,1,0
3.713389920,0,0,0
3.713390240,0,1,0
3.713390560,0,0,0
3.713390880,0,1,0
3.713391200,0,0,0
3.713391520,0,1,0
3.713392000,0,0,0
3.713392320,0,1,0
3.713392640,0,0,0
3.713392960,0,1,0
3.713393280,0,0,0
3.713393600,0,1,0
3.713393920,0,0,0
3.713394240,0,1,0
3.713394560,0,0,0
3.713394880,0,1,0
3.713395200,0,0,0
3.713395520,0,1,0
3.713396000,0,0,0
3.713396320,0,1,0
3.713396640,0,0,0
3.713396960,0,1,0
3.713397280,1,0,0
3.713397600,1,1,0
3.713397920,0,0,0
3.713398240,0,1,0
3.713398560,0,0,0
3.713398880,0,1,0
3.713399200,0,0,0
3.713399520,0,1,0
3.713400000,0,0,0
3.713400320,0,1,0
3.713400640,0,0,0
3.713400960,0,1,0
3.713401280,1,0,0
3.713401600,1,1,0
3.713401920,0,0,0
3.713402240,0,1,0
3.713402560,0,0,0
3.713402880,0,1,0
3.713403200,0,0,0
3.713403520,0,1,0
3.713404000,0,0,0
3.713404320,0,1,0
3.713404640,0,0,0
3.713404960,0,1,0
3.713853280,0,0,0
3.713853600,0,1,0
3.713853920,0,0,0
3.713854240,0,1,0
3.713854560,0,0,0
3.713854880,0,1,0
3.713855200,0,0,0
3.713855520,0,1,0
3.713856000,1,0,1
3.713856320,1,1,1
3.713856640,1,0,0
3.713856960,1,1,0
3.713857280,1,0,0
3.713857600,1,1,0
3.713857920,1,0,0
3.713858240,1,1,0
3.713858560,0,0,0
3.713858880,0,1,0
3.713859200,0,0,0
3.713859520,0,1,0
3.713860000,0,0,0
3.713860320,0,1,0
3.713860640,1,0,0
3.713860960,1,1,0
3.713861280,0,0,0
3.713861600,0,1,0
3.713861920,0,0,0
3.713862240,0,1,0
3.713862560,0,0,0
3.713862880,0,1,0
3.713863200,0,0,0
3.713863520,0,1,0
3.713864000,1,0,1
3.713864320,1,1,1
3.713864640,0,0,0
3.713864960,0,1,0
3.713865280,0,0,0
3.713865600,0,1,0
3.713865920,0,0,0
3.713866240,0,1,0
3.713866560,0,0,1
3.713866880,0,1,1
3.713867200,0,0,1
3.713867360,0,0,0
3.713867520,0,1,0
3.713868000,0,0,0
3.713868320,0,1,0
3.713868640,0,0,0
3.713868960,0,1,0
3.713869280,0,0,0
3.713869600,0,1,0
3.713869920,0,0,0
3.713870240,0,1,0
3.713870560,0,0,1
3.713870880,0,1,1
3.713871200,1,0,1
3.713871520,1,1,1
3.713872000,1,0,0
3.713872320,1,1,0
3.713872640,0,0,0
3.713872960,0,1,0
3.713873280,1,0,1
3.713873600,1,1,1
3.713873920,0,0,0
3.713874240,0,1,0
3.714129280,0,0,0
3.714129600,0,1,0
3.714129920,0,0,0
3.714130240,0,1,0
3.714130560,0,0,0
3.714130880,0,1,0
3.714131200,0,0,0
3.714131520,0,1,0
3.714132000,0,0,0
3.714132320,0,1,0
3.714132640,0,0,0
3.714132960,0,1,0
3.714133280,0,0,0
3.714133600,0,1,0
3.714133920,0,0,1
3.714134240,0,1,1
3.714134560,0,0,1
3.714134880,0,1,1
3.714135200,0,0,1
3.714135360,0,0,0
3.714135520,0,1,0
3.714136000,0,0,0
3.714136320,0,1,0
3.714136640,0,0,0
3.714136960,0,1,0
3.714137280,0,0,0
3.714137600,0,1,0
3.714137920,0,0,0
3.714138240,0,1,0
3.714138560,0,0,0
3.714138880,0,1,0
3.714139200,0,0,0
3.714139520,0,1,0
3.714140000,0,0,0
3.714140320,0,1,0
3.714140640,0,0,0
3.714140960,0,1,0
3.714141280,0,0,0
3.714141600,0,1,0
3.714141920,0,0,0
3.714142240,0,1,0
3.714142560,1,0,1
3.714142880,1,1,1
3.714143200,0,0,1
3.714143360,0,0,0
3.714143520,0,1,0
3.714144000,0,0,0
3.714144320,0,1,0
3.714144640,1,0,0
3.714144960,1,1,0
3.714145280,1,0,0
3.714145600,1,1,0
3.714145920,0,0,0
3.714146240,0,1,0
3.714146560,1,0,1
3.714146880,1,1,1
3.714147200,0,0,1
3.714147360,0,0,0
3.714147520,0,1,0
3.714148000,0,0,1
3.714148320,0,1,1
3.714148640,1,0,1
3.714148960,1,1,1
3.714149280,1,0,0
3.714149600,1,1,0
3.714149920,0,0,0
3.714150240,0,1,0
3.714579200,0,0,0
3.714579520,0,1,0
3.714580000,0,0,0
3.714580320,0,1,0
3.714580640,0,0,0
3.714580960,0,1,0
3.714581280,0,0,0
3.714581600,0,1,0
3.714581920,1,0,1
3.714582240,1,1,1
3.714582560,0,0,1
3.714582880,0,1,1
3.714583200,0,0,1
3.714583520,0,1,1
3.714584000,0,0,1
3.714584320,0,1,1
3.714584640,0,0,0
3.714584960,0,1,0
3.714585280,0,0,0
3.714585600,0,1,0
3.714585920,0,0,0
3.714586240,0,1,0
3.714586560,0,0,0
3.714586880,0,1,0
3.714587200,0,0,0
3.714587520,0,1,0
3.714588000,0,0,0
3.714588320,0,1,0
3.714588640,0,0,0
3.714588960,0,1,0
3.714589280,0,0,0
3.714589600,0,1,0
3.714589920,1,0,1
3.714590240,1,1,1
3.714590560,0,0,0
3.714590880,0,1,0
3.714591200,0,0,0
3.714591520,0,1,0
3.714592000,0,0,0
3.714592320,0,1,0
3.714592640,1,0,1
3.714592960,1,1,1
3.714593280,0,0,0
3.714593600,0,1,0
3.714593920,0,0,0
3.714594240,0,1,0
3.714594560,0,0,1
3.714594880,0,1,1
3.714595200,0,0,1
3.714595520,0,1,1
3.714596000,0,0,0
3.714596320,0,1,0
3.714596640,1,0,1
3.714596960,1,1,1
3.714597280,1,0,1
3.714597600,1,1,1
3.714597920,0,0,0
3.714598240,0,1,0
3.714598560,0,0,0
3.714598880,0,1,0
3.714599200,1,0,0
3.714599520,1,1,0
3.714600000,0,0,0
3.714600320,0,1,0
3.714863200,0,0,0
3.714863520,0,1,0
3.714864000,0,0,0
3.714864320,0,1,0
3.714864640,0,0,0
3.714864960,0,1,0
3.714865280,0,0,0
3.714865600,0,1,0
3.714865920,0,0,0
3.714866240,0,1,0
3.714866560,0,0,0
3.714866880,0,1,0
3.714867200,0,0,0
3.714867520,0,1,0
3.714868000,0,0,0
3.714868320,0,1,0
3.714868640,0,0,0
3.714868960,0,1,0
3.714869280,0,0,0
3.714869600,0,1,0
3.714869920,0,0,0
3.714870240,0,1,0
3.714870560,0,0,1
3.714870880,0,1,1
3.714871200,0,0,1
3.714871520,0,1,1
3.714872000,0,0,0
3.714872320,0,1,0
3.714872640,0,0,0
3.714872960,0,1,0
3.714873280,0,0,1
3.714873600,0,1,1
3.714873920,0,0,0
3.714874240,0,1,0
3.714874560,0,0,0
3.714874880,0,1,0
3.714875200,0,0,0
3.714875520,0,1,0
3.714876000,0,0,0
3.714876320,0,1,0
3.714876640,0,0,1
3.714876960,0,1,1
3.714877280,0,0,0
3.714877600,0,1,0
3.714877920,0,0,0
3.714878240,0,1,0
3.714878560,0,0,1
3.714878880,0,1,1
3.714879200,0,0,1
3.714879520,0,1,1
3.714880000,0,0,0
3.714880320,0,1,0
3.714880640,0,0,0
3.714880960,0,1,0
3.714881280,0,0,1
3.714881600,0,1,1
3.714881920,0,0,1
3.714882240,0,1,1
3.714882560,0,0,1
3.714882880,0,1,1
3.714883200,0,0,1
3.714883520,0,1,1
3.714884000,0,0,0
3.714884320,0,1,0
3.715136640,0,0,0
3.715136960,0,1,0
3.715137280,0,0,0
3.715137600,0,1,0
3.715137920,0,0,0
3.715138240,0,1,0
3.715138560,0,0,0
3.715138880,0,1,0
3.715139200,1,0,1
3.715139520,1,1,1
3.715140000,0,0,0
3.715140320,0,1,0
3.715140640,0,0,0
3.715140960,0,1,0
3.715141280,0,0,0
3.715141600,0,1,0
3.715141920,0,0,0
3.715142240,0,1,0
3.715142560,0,0,0
3.715142880,0,1,0
3.715143200,0,0,0
3.715143520,0,1,0
3.715144000,0,0,0
3.715144320,0,1,0
3.715144640,0,0,0
3.715144960,0,1,0
3.715145280,0,0,0
3.715145600,0,1,0
3.715145920,0,0,0
3.715146240,0,1,0
3.715146560,0,0,0
3.715146880,0,1,0
3.715147200,1,0,1
3.715147520,1,1,1
3.715148000,0,0,0
3.715148320,0,1,0
3.715148640,0,0,0
3.715148960,0,1,0
3.715149280,0,0,0
3.715149600,0,1,0
3.715149920,1,0,0
3.715150240,1,1,0
3.715150560,0,0,0
3.715150880,0,1,0
3.715151200,0,0,0
3.715151520,0,1,0
3.715152000,1,0,0
3.715152320,1,1,0
3.715152640,1,0,0
3.715152960,1,1,0
3.715153280,0,0,0
3.715153600,0,1,0
3.715153920,1,0,0
3.715154240,1,1,0
3.715154560,1,0,1
3.715154880,1,1,1
3.715155200,1,0,0
3.715155520,1,1,0
3.715156000,0,0,0
3.715156320,0,1,0
3.715156640,0,0,1
3.715156960,0,1,1
3.715157280,0,0,0
3.715157600,0,1,0
3.753421920,0,0,0
3.753422240,0,1,0
3.753422560,0,0,0
3.753422880,0,1,0
3.753423200,0,0,0
3.753423520,0,1,0
3.753423840,0,0,0
3.753424160,0,1,0
3.753424480,0,0,0
3.753424800,0,1,0
3.753425120,0,0,0
3.753425600,0,1,0
3.753425920,0,0,0
3.753426240,0,1,0
3.753426560,0,0,0
3.753426880,0,1,0
3.753427200,0,0,0
3.753427520,0,1,0
3.753427840,0,0,0
3.753428160,0,1,0
3.753428480,0,0,0
3.753428800,0,1,0
3.753429120,0,0,0
3.753429600,0,1,0
3.753429920,0,0,0
3.753430240,0,1,0
3.753430560,0,0,0
3.753430880,0,1,0
3.753431200,0,0,0
3.753431520,0,1,0
3.753431840,0,0,0
3.753432160,0,1,0
3.753432480,0,0,0
3.753432800,0,1,0
3.753433120,0,0,0
3.753433600,0,1,0
3.753433920,0,0,0
3.753434240,0,1,0
3.753434560,0,0,0
3.753434880,0,1,0
3.753435200,1,0,0
3.753435520,1,1,0
3.753435840,0,0,0
3.753436160,0,1,0
3.753436480,0,0,0
3.753436800,0,1,0
3.753437120,0,0,0
3.753437600,0,1,0
3.753437920,0,0,0
3.753438240,0,1,0
3.753438560,0,0,0
3.753438880,0,1,0
3.753439200,1,0,0
3.753439520,1,1,0
3.753439840,0,0,0
3.753440160,0,1,0
3.753440480,0,0,0
3.753440800,0,1,0
3.753441120,0,0,0
3.753441600,0,1,0
3.753441920,0,0,0
3.753442240,0,1,0
3.753442560,0,0,0
3.753442880,0,1,0
3.753889120,0,0,0
3.753889600,0,1,0
3.753889920,0,0,0
3.753890240,0,1,0
3.753890560,0,0,0
3.753890880,0,1,0
3.753891200,0,0,0
3.753891520,0,1,0
3.753891840,1,0,1
3.753892160,1,1,1
3.753892480,0,0,0
3.753892800,0,1,0
3.753893120,0,0,0
3.753893600,0,1,0
3.753893920,1,0,0
3.753894240,1,1,0
3.753894560,0,0,0
3.753894880,0,1,0
3.753895200,0,0,0
3.753895520,0,1,0
3.753895840,0,0,0
3.753896160,0,1,0
3.753896480,1,0,0
3.753896800,1,1,0
3.753897120,0,0,0
3.753897600,0,1,0
3.753897920,0,0,0
3.753898240,0,1,0
3.753898560,0,0,0
3.753898880,0,1,0
3.753899200,0,0,0
3.753899520,0,1,0
3.753899840,1,0,1
3.753900160,1,1,1
3.753900480,0,0,0
3.753900800,0,1,0
3.753901120,0,0,0
3.753901600,0,1,0
3.753901920,0,0,0
3.753902240,0,1,0
3.753902560,0,0,1
3.753902880,0,1,1
3.753903200,0,0,0
3.753903520,0,1,0
3.753903840,0,0,0
3.753904160,0,1,0
3.753904480,0,0,0
3.753904800,0,1,0
3.753905120,0,0,0
3.753905600,0,1,0
3.753905920,0,0,0
3.753906240,0,1,0
3.753906560,1,0,1
3.753906880,1,1,1
3.753907200,0,0,1
3.753907520,0,1,1
3.753907840,1,0,0
3.753908160,1,1,0
3.753908480,0,0,0
3.753908800,0,1,0
3.753909120,0,0,0
3.753909280,1,0,1
3.753909600,1,1,1
3.753909920,0,0,0
3.753910240,0,1,0
3.754165920,0,0,0
3.754166240,0,1,0
3.754166560,0,0,0
3.754166880,0,1,0
3.754167200,0,0,0
3.754167520,0,1,0
3.754167840,0,0,0
3.754168160,0,1,0
3.754168480,0,0,0
3.754168800,0,1,0
3.754169120,0,0,0
3.754169600,0,1,0
3.754169920,0,0,0
3.754170240,0,1,0
3.754170560,0,0,1
3.754170880,0,1,1
3.754171200,0,0,1
3.754171520,0,1,1
3.754171840,0,0,0
3.754172160,0,1,0
3.754172480,0,0,0
3.754172800,0,1,0
3.754173120,0,0,0
3.754173600,0,1,0
3.754173920,0,0,0
3.754174240,0,1,0
3.754174560,0,0,0
3.754174880,0,1,0
3.754175200,0,0,0
3.754175520,0,1,0
3.754175840,0,0,0
3.754176160,0,1,0
3.754176480,0,0,0
3.754176800,0,1,0
3.754177120,0,0,0
3.754177600,0,1,0
3.754177920,0,0,0
3.754178240,0,1,0
3.754178560,0,0,0
3.754178880,0,1,0
3.754179200,0,0,1
3.754179520,0,1,1
3.754179840,0,0,0
3.754180160,0,1,0
3.754180480,0,0,0
3.754180800,0,1,0
3.754181120,0,0,0
3.754181600,0,1,0
3.754181920,0,0,0
3.754182240,0,1,0
3.754182560,0,0,0
3.754182880,0,1,0
3.754183200,0,0,1
3.754183520,0,1,1
3.754183840,0,0,0
3.754184160,0,1,0
3.754184480,0,0,1
3.754184800,0,1,1
3.754185120,0,0,1
3.754185600,0,1,1
3.754185920,0,0,0
3.754186240,0,1,0
3.754186560,0,0,0
3.754186880,0,1,0
3.754437120,0,0,0
3.754437600,0,1,0
3.754437920,0,0,0
3.754438240,0,1,0
3.754438560,0,0,0
3.754438880,0,1,0
3.754439200,0,0,0
3.754439520,0,1,0
3.754439840,1,0,1
3.754440160,1,1,1
3.754440480,0,0,0
3.754440800,0,1,0
3.754441120,0,0,0
3.754441600,0,1,0
3.754441920,0,0,1
3.754442240,0,1,1
3.754442560,0,0,0
3.754442880,0,1,0
3.754443200,0,0,0
3.754443520,0,1,0
3.754443840,0,0,0
3.754444160,0,1,0
3.754444480,0,0,0
3.754444800,0,1,0
3.754445120,0,0,0
3.754445600,0,1,0
3.754445920,0,0,0
3.754446240,0,1,0
3.754446560,0,0,0
3.754446880,0,1,0
3.754447200,0,0,0
3.754447520,0,1,0
3.754447840,1,0,1
3.754448160,1,1,1
3.754448480,0,0,0
3.754448800,0,1,0
3.754449120,0,0,0
3.754449600,0,1,0
3.754449920,0,0,0
3.754450240,0,1,0
3.754450560,1,0,0
3.754450880,1,1,0
3.754451200,0,0,0
3.754451520,0,1,0
3.754451840,0,0,0
3.754452160,0,1,0
3.754452480,0,0,0
3.754452800,0,1,0
3.754453120,0,0,0
3.754453600,0,1,0
3.754453920,0,0,0
3.754454240,0,1,0
3.754454560,1,0,0
3.754454880,1,1,0
3.754455200,1,0,1
3.754455520,1,1,1
3.754455840,0,0,1
3.754456160,0,1,1
3.754456480,0,0,0
3.754456800,0,1,0
3.754457120,0,0,0
3.754457280,1,0,1
3.754457600,1,1,1
3.754457920,0,0,0
3.754458240,0,1,0
3.793403200,0,0,0
3.793403520,0,1,0
3.793403840,0,0,0
3.793404160,0,1,0
3.793404480,0,0,0
3.793404800,0,1,0
3.793405120,0,0,0
3.793405440,0,1,0
3.793405760,0,0,0
3.793406080,0,1,0
3.793406400,0,0,0
3.793406720,0,1,0
3.793407200,0,0,0
3.793407520,0,1,0
3.793407840,0,0,0
3.793408160,0,1,0
3.793408480,0,0,0
3.793408800,0,1,0
3.793409120,0,0,0
3.793409440,0,1,0
3.793409760,0,0,0
3.793410080,0,1,0
3.793410400,0,0,0
3.793410720,0,1,0
3.793411200,0,0,0
3.793411520,0,1,0
3.793411840,0,0,0
3.793412160,0,1,0
3.793412480,0,0,0
3.793412800,0,1,0
3.793413120,0,0,0
3.793413440,0,1,0
3.793413760,0,0,0
3.793414080,0,1,0
3.793414400,0,0,0
3.793414720,0,1,0
3.793415200,0,0,0
3.793415520,0,1,0
3.793415840,0,0,0
3.793416160,0,1,0
3.793416480,1,0,0
3.793416800,1,1,0
3.793417120,0,0,0
3.793417440,0,1,0
3.793417760,0,0,0
3.793418080,0,1,0
3.793418400,0,0,0
3.793418720,0,1,0
3.793419200,0,0,0
3.793419520,0,1,0
3.793419840,0,0,0
3.793420160,0,1,0
3.793420480,1,0,0
3.793420800,1,1,0
3.793421120,0,0,0
3.793421440,0,1,0
3.793421760,0,0,0
3.793422080,0,1,0
3.793422400,0,0,0
3.793422720,0,1,0
3.793423200,0,0,0
3.793423520,0,1,0
3.793423840,0,0,0
3.793424160,0,1,0
3.793873760,0,0,0
3.793874080,0,1,0
3.793874400,0,0,0
3.793874720,0,1,0
3.793875200,0,0,0
3.793875520,0,1,0
3.793875840,0,0,0
3.793876160,0,1,0
3.793876480,1,0,1
3.793876800,1,1,1
3.793877120,0,0,0
3.793877440,0,1,0
3.793877760,1,0,0
3.793878080,1,1,0
3.793878400,0,0,0
3.793878720,0,1,0
3.793879200,0,0,0
3.793879520,0,1,0
3.793879840,0,0,0
3.793880160,0,1,0
3.793880480,0,0,0
3.793880800,0,1,0
3.793881120,1,0,0
3.793881440,1,1,0
3.793881760,0,0,0
3.793882080,0,1,0
3.793882400,0,0,0
3.793882720,0,1,0
3.793883200,0,0,0
3.793883520,0,1,0
3.793883840,0,0,0
3.793884160,0,1,0
3.793884480,1,0,1
3.793884800,1,1,1
3.793885120,0,0,0
3.793885440,0,1,0
3.793885760,0,0,0
3.793886080,0,1,0
3.793886400,0,0,0
3.793886720,0,1,0
3.793887200,0,0,1
3.793887520,0,1,1
3.793887840,0,0,0
3.793888160,0,1,0
3.793888480,0,0,0
3.793888800,0,1,0
3.793889120,0,0,0
3.793889440,0,1,0
3.793889760,0,0,0
3.793890080,0,1,0
3.793890400,0,0,0
3.793890720,0,1,0
3.793891200,1,0,1
3.793891520,1,1,1
3.793891840,1,0,1
3.793892160,1,1,1
3.793892480,0,0,0
3.793892800,0,1,0
3.793893120,0,0,0
3.793893440,0,1,0
3.793893760,1,0,1
3.793894080,1,1,1
3.793894400,0,0,0
3.793894720,0,1,0
3.794153120,0,0,0
3.794153440,0,1,0
3.794153760,0,0,0
3.794154080,0,1,0
3.794154400,0,0,0
3.794154720,0,1,0
3.794155200,0,0,0
3.794155520,0,1,0
3.794155840,0,0,0
3.794156160,0,1,0
3.794156480,0,0,0
3.794156800,0,1,0
3.794157120,0,0,0
3.794157440,0,1,0
3.794157760,0,0,1
3.794158080,0,1,1
3.794158400,0,0,1
3.794158720,0,1,1
3.794159200,0,0,0
3.794159520,0,1,0
3.794159840,0,0,0
3.794160160,0,1,0
3.794160480,0,0,0
3.794160800,0,1,0
3.794161120,0,0,0
3.794161440,0,1,0
3.794161760,0,0,0
3.794162080,0,1,0
3.794162400,0,0,0
3.794162720,0,1,0
3.794163200,0,0,0
3.794163520,0,1,0
3.794163840,0,0,0
3.794164160,0,1,0
3.794164480,0,0,0
3.794164800,0,1,0
3.794165120,0,0,0
3.794165440,0,1,0
3.794165760,0,0,0
3.794166080,0,1,0
3.794166400,0,0,1
3.794166720,0,1,1
3.794167200,0,0,0
3.794167520,0,1,0
3.794167840,0,0,0
3.794168160,0,1,0
3.794168480,0,0,0
3.794168800,0,1,0
3.794169120,0,0,0
3.794169440,0,1,0
3.794169760,0,0,0
3.794170080,0,1,0
3.794170400,0,0,1
3.794170720,0,1,1
3.794171200,0,0,0
3.794171520,0,1,0
3.794171840,0,0,1
3.794172160,0,1,1
3.794172480,0,0,1
3.794172800,0,1,1
3.794173120,0,0,0
3.794173440,0,1,0
3.794173760,0,0,0
3.794174080,0,1,0
3.794427200,0,0,0
3.794427520,0,1,0
3.794427840,0,0,0
3.794428160,0,1,0
3.794428480,0,0,0
3.794428800,0,1,0
3.794429120,0,0,0
3.794429440,0,1,0
3.794429760,1,0,1
3.794430080,1,1,1
3.794430400,0,0,0
3.794430720,0,1,0
3.794431200,0,0,1
3.794431520,0,1,1
3.794431840,0,0,0
3.794432160,0,1,0
3.794432480,0,0,0
3.794432800,0,1,0
3.794433120,0,0,0
3.794433440,0,1,0
3.794433760,0,0,0
3.794434080,0,1,0
3.794434400,0,0,0
3.794434720,0,1,0
3.794435200,0,0,0
3.794435520,0,1,0
3.794435840,0,0,0
3.794436160,0,1,0
3.794436480,0,0,0
3.794436800,0,1,0
3.794437120,0,0,0
3.794437440,0,1,0
3.794437760,1,0,1
3.794438080,1,1,1
3.794438400,0,0,0
3.794438720,0,1,0
3.794439200,0,0,0
3.794439520,0,1,0
3.794439840,0,0,0
3.794440160,0,1,0
3.794440480,1,0,0
3.794440800,1,1,0
3.794441120,0,0,0
3.794441440,0,1,0
3.794441760,0,0,0
3.794442080,0,1,0
3.794442400,0,0,0
3.794442720,0,1,0
3.794443200,0,0,0
3.794443520,0,1,0
3.794443840,0,0,0
3.794444160,0,1,0
3.794444480,1,0,1
3.794444800,1,1,1
3.794445120,1,0,0
3.794445440,1,1,0
3.794445760,0,0,0
3.794446080,0,1,0
3.794446400,0,0,0
3.794446720,0,1,0
3.794447200,1,0,1
3.794447520,1,1,1
3.794447840,0,0,0
3.794448160,0,1,0
3.833432320,0,0,0
3.833432800,0,1,0
3.833433120,0,0,0
3.833433440,0,1,0
3.833433760,0,0,0
3.833434080,0,1,0
3.833434400,0,0,0
3.833434720,0,1,0
3.833435040,0,0,0
3.833435360,0,1,0
3.833435680,0,0,0
3.833436000,0,1,0
3.833436320,0,0,0
3.833436800,0,1,0
3.833437120,0,0,0
3.833437440,0,1,0
3.833437760,0,0,0
3.833438080,0,1,0
3.833438400,0,0,0
3.833438720,0,1,0
3.833439040,0,0,0
3.833439360,0,1,0
3.833439680,0,0,0
3.833440000,0,1,0
3.833440320,0,0,0
3.833440800,0,1,0
3.833441120,0,0,0
3.833441440,0,1,0
3.833441760,0,0,0
3.833442080,0,1,0
3.833442400,0,0,0
3.833442720,0,1,0
3.833443040,0,0,0
3.833443360,0,1,0
3.833443680,0,0,0
3.833444000,0,1,0
3.833444320,0,0,0
3.833444800,0,1,0
3.833445120,0,0,0
3.833445440,0,1,0
3.833445760,1,0,0
3.833446080,1,1,0
3.833446400,0,0,0
3.833446720,0,1,0
3.833447040,0,0,0
3.833447360,0,1,0
3.833447680,0,0,0
3.833448000,0,1,0
3.833448320,0,0,0
3.833448800,0,1,0
3.833449120,0,0,0
3.833449440,0,1,0
3.833449760,1,0,0
3.833450080,1,1,0
3.833450400,0,0,0
3.833450720,0,1,0
3.833451040,0,0,0
3.833451360,0,1,0
3.833451680,0,0,0
3.833452000,0,1,0
3.833452320,0,0,0
3.833452800,0,1,0
3.833453120,0,0,0
3.833453440,0,1,0
3.833923680,0,0,0
3.833924000,0,1,0
3.833924320,0,0,0
3.833924800,0,1,0
3.833925120,0,0,0
3.833925440,0,1,0
3.833925760,0,0,0
3.833926080,0,1,0
3.833926400,1,0,1
3.833926720,1,1,1
3.833927040,0,0,0
3.833927360,0,1,0
3.833927680,1,0,0
3.833928000,1,1,0
3.833928320,1,0,0
3.833928800,1,1,0
3.833929120,0,0,0
3.833929440,0,1,0
3.833929760,0,0,0
3.833930080,0,1,0
3.833930400,0,0,0
3.833930720,0,1,0
3.833931040,1,0,0
3.833931360,1,1,0
3.833931680,0,0,0
3.833932000,0,1,0
3.833932320,0,0,0
3.833932800,0,1,0
3.833933120,0,0,0
3.833933440,0,1,0
3.833933760,0,0,0
3.833934080,0,1,0
3.833934400,1,0,1
3.833934720,1,1,1
3.833935040,0,0,0
3.833935360,0,1,0
3.833935680,0,0,0
3.833936000,0,1,0
3.833936320,0,0,0
3.833936800,0,1,0
3.833937120,0,0,1
3.833937440,0,1,1
3.833937760,0,0,0
3.833938080,0,1,0
3.833938400,0,0,0
3.833938720,0,1,0
3.833939040,0,0,0
3.833939360,0,1,0
3.833939680,0,0,0
3.833940000,0,1,0
3.833940320,0,0,0
3.833940800,0,1,0
3.833941120,1,0,1
3.833941440,1,1,1
3.833941760,1,0,1
3.833942080,1,1,1
3.833942400,1,0,0
3.833942720,1,1,0
3.833943040,0,0,0
3.833943360,0,1,0
3.833943680,1,0,1
3.833944000,1,1,1
3.833944320,0,0,1
3.833944480,0,0,0
3.833944800,0,1,0
3.834217760,0,0,0
3.834218080,0,1,0
3.834218400,0,0,0
3.834218720,0,1,0
3.834219040,0,0,0
3.834219360,0,1,0
3.834219680,0,0,0
3.834220000,0,1,0
3.834220320,0,0,0
3.834220800,0,1,0
3.834221120,0,0,0
3.834221440,0,1,0
3.834221760,0,0,0
3.834222080,0,1,0
3.834222400,0,0,1
3.834222720,0,1,1
3.834223040,0,0,1
3.834223360,0,1,1
3.834223680,0,0,0
3.834224000,0,1,0
3.834224320,0,0,0
3.834224800,0,1,0
3.834225120,0,0,0
3.834225440,0,1,0
3.834225760,0,0,0
3.834226080,0,1,0
3.834226400,0,0,0
3.834226720,0,1,0
3.834227040,0,0,0
3.834227360,0,1,0
3.834227680,0,0,0
3.834228000,0,1,0
3.834228320,0,0,0
3.834228800,0,1,0
3.834229120,0,0,0
3.834229440,0,1,0
3.834229760,0,0,0
3.834230080,0,1,0
3.834230400,0,0,0
3.834230720,0,1,0
3.834231040,1,0,1
3.834231360,1,1,1
3.834231680,0,0,0
3.834232000,0,1,0
3.834232320,0,0,0
3.834232800,0,1,0
3.834233120,1,0,0
3.834233440,1,1,0
3.834233760,1,0,0
3.834234080,1,1,0
3.834234400,0,0,0
3.834234720,0,1,0
3.834235040,1,0,1
3.834235360,1,1,1
3.834235680,0,0,0
3.834236000,0,1,0
3.834236320,0,0,0
3.834236480,0,0,1
3.834236800,0,1,1
3.834237120,1,0,1
3.834237440,1,1,1
3.834237760,1,0,0
3.834238080,1,1,0
3.834238400,0,0,0
3.834238720,0,1,0
3.834687680,0,0,0
3.834688000,0,1,0
3.834688320,0,0,0
3.834688800,0,1,0
3.834689120,0,0,0
3.834689440,0,1,0
3.834689760,0,0,0
3.834690080,0,1,0
3.834690400,1,0,1
3.834690720,1,1,1
3.834691040,1,0,0
3.834691360,1,1,0
3.834691680,0,0,1
3.834692000,0,1,1
3.834692320,0,0,1
3.834692800,0,1,1
3.834693120,0,0,0
3.834693440,0,1,0
3.834693760,0,0,0
3.834694080,0,1,0
3.834694400,0,0,0
3.834694720,0,1,0
3.834695040,0,0,0
3.834695360,0,1,0
3.834695680,0,0,0
3.834696000,0,1,0
3.834696320,0,0,0
3.834696800,0,1,0
3.834697120,0,0,0
3.834697440,0,1,0
3.834697760,0,0,0
3.834698080,0,1,0
3.834698400,1,0,1
3.834698720,1,1,1
3.834699040,0,0,0
3.834699360,0,1,0
3.834699680,0,0,0
3.834700000,0,1,0
3.834700320,0,0,0
3.834700800,0,1,0
3.834701120,1,0,1
3.834701440,1,1,1
3.834701760,0,0,0
3.834702080,0,1,0
3.834702400,0,0,0
3.834702720,0,1,0
3.834703040,0,0,1
3.834703360,0,1,1
3.834703680,0,0,1
3.834704000,0,1,1
3.834704320,0,0,1
3.834704480,0,0,0
3.834704800,0,1,0
3.834705120,0,0,0
3.834705440,0,1,0
3.834705760,1,0,1
3.834706080,1,1,1
3.834706400,0,0,0
3.834706720,0,1,0
3.834707040,0,0,0
3.834707360,0,1,0
3.834707680,1,0,0
3.834708000,1,1,0
3.834708320,0,0,0
3.834708800,0,1,0
3.834994400,0,0,0
3.834994720,0,1,0
3.834995040,0,0,0
3.834995360,0,1,0
3.834995680,0,0,0
3.834996000,0,1,0
3.834996320,0,0,0
3.834996800,0,1,0
3.834997120,0,0,0
3.834997440,0,1,0
3.834997760,0,0,0
3.834998080,0,1,0
3.834998400,0,0,0
3.834998720,0,1,0
3.834999040,0,0,0
3.834999360,0,1,0
3.834999680,0,0,0
3.835000000,0,1,0
3.835000320,0,0,0
3.835000800,0,1,0
3.835001120,0,0,0
3.835001440,0,1,0
3.835001760,0,0,1
3.835002080,0,1,1
3.835002400,0,0,1
3.835002720,0,1,1
3.835003040,0,0,0
3.835003360,0,1,0
3.835003680,0,0,0
3.835004000,0,1,0
3.835004320,0,0,0
3.835004480,0,0,1
3.835004800,0,1,1
3.835005120,0,0,0
3.835005440,0,1,0
3.835005760,0,0,0
3.835006080,0,1,0
3.835006400,0,0,0
3.835006720,0,1,0
3.835007040,0,0,0
3.835007360,0,1,0
3.835007680,0,0,1
3.835008000,0,1,1
3.835008320,0,0,1
3.835008480,0,0,0
3.835008800,0,1,0
3.835009120,0,0,0
3.835009440,0,1,0
3.835009760,0,0,1
3.835010080,0,1,1
3.835010400,0,0,1
3.835010720,0,1,1
3.835011040,0,0,0
3.835011360,0,1,0
3.835011680,0,0,0
3.835012000,0,1,0
3.835012320,0,0,0
3.835012480,0,0,1
3.835012800,0,1,1
3.835013120,0,0,1
3.835013440,0,1,1
3.835013760,0,0,1
3.835014080,0,1,1
3.835014400,0,0,1
3.835014720,0,1,1
3.835015040,0,0,0
3.835015360,0,1,0
3.835273120,0,0,0
3.835273440,0,1,0
3.835273760,0,0,0
3.835274080,0,1,0
3.835274400,0,0,0
3.835274720,0,1,0
3.835275040,0,0,0
3.835275360,0,1,0
3.835275680,1,0,1
3.835276000,1,1,1
3.835276320,0,0,1
3.835276800,0,1,1
3.835277120,0,0,0
3.835277440,0,1,0
3.835277760,0,0,0
3.835278080,0,1,0
3.835278400,0,0,0
3.835278720,0,1,0
3.835279040,0,0,0
3.835279360,0,1,0
3.835279680,0,0,0
3.835280000,0,1,0
3.835280320,0,0,0
3.835280800,0,1,0
3.835281120,0,0,0
3.835281440,0,1,0
3.835281760,0,0,0
3.835282080,0,1,0
3.835282400,0,0,0
3.835282720,0,1,0
3.835283040,0,0,0
3.835283360,0,1,0
3.835283680,1,0,1
3.835284000,1,1,1
3.835284320,0,0,1
3.835284480,0,0,0
3.835284800,0,1,0
3.835285120,0,0,0
3.835285440,0,1,0
3.835285760,0,0,0
3.835286080,0,1,0
3.835286400,1,0,0
3.835286720,1,1,0
3.835287040,0,0,0
3.835287360,0,1,0
3.835287680,0,0,0
3.835288000,0,1,0
3.835288320,1,0,0
3.835288800,1,1,0
3.835289120,1,0,0
3.835289440,1,1,0
3.835289760,0,0,0
3.835290080,0,1,0
3.835290400,1,0,1
3.835290720,1,1,1
3.835291040,1,0,1
3.835291360,1,1,1
3.835291680,1,0,0
3.835292000,1,1,0
3.835292320,0,0,0
3.835292800,0,1,0
3.835293120,0,0,1
3.835293440,0,1,1
3.835293760,0,0,0
3.835294080,0,1,0
3.873377600,0,0,0
3.873377920,0,1,0
3.873378400,0,0,0
3.873378720,0,1,0
3.873379040,0,0,0
3.873379360,0,1,0
3.873379680,0,0,0
3.873380000,0,1,0
3.873380320,0,0,0
3.873380640,0,1,0
3.873380960,0,0,0
3.873381280,0,1,0
3.873381600,0,0,0
3.873381920,0,1,0
3.873382240,0,0,0
3.873382720,0,1,0
3.873383040,0,0,0
3.873383360,0,1,0
3.873383680,0,0,0
3.873384000,0,1,0
3.873384320,0,0,0
3.873384640,0,1,0
3.873384960,0,0,0
3.873385280,0,1,0
3.873385600,0,0,0
3.873385920,0,1,0
3.873386240,0,0,0
3.873386720,0,1,0
3.873387040,0,0,0
3.873387360,0,1,0
3.873387680,0,0,0
3.873388000,0,1,0
3.873388320,0,0,0
3.873388640,0,1,0
3.873388960,0,0,0
3.873389280,0,1,0
3.873389600,0,0,0
3.873389920,0,1,0
3.873390240,0,0,0
3.873390720,0,1,0
3.873391040,1,0,0
3.873391360,1,1,0
3.873391680,0,0,0
3.873392000,0,1,0
3.873392320,0,0,0
3.873392640,0,1,0
3.873392960,0,0,0
3.873393280,0,1,0
3.873393600,0,0,0
3.873393920,0,1,0
3.873394240,0,0,0
3.873394720,0,1,0
3.873395040,1,0,0
3.873395360,1,1,0
3.873395680,0,0,0
3.873396000,0,1,0
3.873396320,0,0,0
3.873396640,0,1,0
3.873396960,0,0,0
3.873397280,0,1,0
3.873397600,0,0,0
3.873397920,0,1,0
3.873398240,0,0,0
3.873398720,0,1,0
3.873847040,0,0,0
3.873847360,0,1,0
3.873847680,0,0,0
3.873848000,0,1,0
3.873848320,0,0,0
3.873848640,0,1,0
3.873848960,0,0,0
3.873849280,0,1,0
3.873849600,1,0,1
3.873849920,1,1,1
3.873850240,1,0,1
3.873850400,1,0,0
3.873850720,1,1,0
3.873851040,0,0,0
3.873851360,0,1,0
3.873851680,1,0,0
3.873852000,1,1,0
3.873852320,0,0,0
3.873852640,0,1,0
3.873852960,0,0,0
3.873853280,0,1,0
3.873853600,0,0,0
3.873853920,0,1,0
3.873854240,0,0,0
3.873854400,1,0,0
3.873854720,1,1,0
3.873855040,0,0,0
3.873855360,0,1,0
3.873855680,0,0,0
3.873856000,0,1,0
3.873856320,0,0,0
3.873856640,0,1,0
3.873856960,0,0,0
3.873857280,0,1,0
3.873857600,1,0,1
3.873857920,1,1,1
3.873858240,1,0,1
3.873858400,0,0,0
3.873858720,0,1,0
3.873859040,0,0,0
3.873859360,0,1,0
3.873859680,0,0,0
3.873860000,0,1,0
3.873860320,0,0,1
3.873860640,0,1,1
3.873860960,0,0,0
3.873861280,0,1,0
3.873861600,0,0,0
3.873861920,0,1,0
3.873862240,0,0,0
3.873862720,0,1,0
3.873863040,0,0,0
3.873863360,0,1,0
3.873863680,0,0,0
3.873864000,0,1,0
3.873864320,0,0,1
3.873864640,0,1,1
3.873864960,0,0,1
3.873865280,0,1,1
3.873865600,1,0,0
3.873865920,1,1,0
3.873866240,1,0,0
3.873866400,0,0,0
3.873866720,0,1,0
3.873867040,1,0,1
3.873867360,1,1,1
3.873867680,0,0,0
3.873868000,0,1,0
3.874123680,0,0,0
3.874124000,0,1,0
3.874124320,0,0,0
3.874124640,0,1,0
3.874124960,0,0,0
3.874125280,0,1,0
3.874125600,0,0,0
3.874125920,0,1,0
3.874126240,0,0,0
3.874126720,0,1,0
3.874127040,0,0,0
3.874127360,0,1,0
3.874127680,0,0,0
3.874128000,0,1,0
3.874128320,0,0,1
3.874128640,0,1,1
3.874128960,0,0,1
3.874129280,0,1,1
3.874129600,0,0,0
3.874129920,0,1,0
3.874130240,0,0,0
3.874130720,0,1,0
3.874131040,0,0,0
3.874131360,0,1,0
3.874131680,0,0,0
3.874132000,0,1,0
3.874132320,0,0,0
3.874132640,0,1,0
3.874132960,0,0,0
3.874133280,0,1,0
3.874133600,0,0,0
3.874133920,0,1,0
3.874134240,0,0,0
3.874134720,0,1,0
3.874135040,0,0,0
3.874135360,0,1,0
3.874135680,0,0,0
3.874136000,0,1,0
3.874136320,0,0,0
3.874136640,0,1,0
3.874136960,0,0,1
3.874137280,0,1,1
3.874137600,0,0,0
3.874137920,0,1,0
3.874138240,0,0,0
3.874138720,0,1,0
3.874139040,0,0,0
3.874139360,0,1,0
3.874139680,0,0,0
3.874140000,0,1,0
3.874140320,0,0,0
3.874140640,0,1,0
3.874140960,0,0,1
3.874141280,0,1,1
3.874141600,0,0,0
3.874141920,0,1,0
3.874142240,0,0,0
3.874142400,0,0,1
3.874142720,0,1,1
3.874143040,0,0,1
3.874143360,0,1,1
3.874143680,0,0,0
3.874144000,0,1,0
3.874144320,0,0,0
3.874144640,0,1,0
3.874394240,0,0,0
3.874394720,0,1,0
3.874395040,0,0,0
3.874395360,0,1,0
3.874395680,0,0,0
3.874396000,0,1,0
3.874396320,0,0,0
3.874396640,0,1,0
3.874396960,1,0,1
3.874397280,1,1,1
3.874397600,0,0,1
3.874397920,0,1,1
3.874398240,0,0,1
3.874398400,0,0,0
3.874398720,0,1,0
3.874399040,0,0,1
3.874399360,0,1,1
3.874399680,0,0,0
3.874400000,0,1,0
3.874400320,0,0,0
3.874400640,0,1,0
3.874400960,0,0,0
3.874401280,0,1,0
3.874401600,0,0,0
3.874401920,0,1,0
3.874402240,0,0,0
3.874402720,0,1,0
3.874403040,0,0,0
3.874403360,0,1,0
3.874403680,0,0,0
3.874404000,0,1,0
3.874404320,0,0,0
3.874404640,0,1,0
3.874404960,1,0,1
3.874405280,1,1,1
3.874405600,0,0,0
3.874405920,0,1,0
3.874406240,0,0,0
3.874406720,0,1,0
3.874407040,0,0,0
3.874407360,0,1,0
3.874407680,1,0,0
3.874408000,1,1,0
3.874408320,0,0,0
3.874408640,0,1,0
3.874408960,0,0,0
3.874409280,0,1,0
3.874409600,0,0,0
3.874409920,0,1,0
3.874410240,0,0,0
3.874410720,0,1,0
3.874411040,0,0,0
3.874411360,0,1,0
3.874411680,1,0,1
3.874412000,1,1,1
3.874412320,1,0,1
3.874412640,1,1,1
3.874412960,0,0,1
3.874413280,0,1,1
3.874413600,0,0,0
3.874413920,0,1,0
3.874414240,0,0,0
3.874414400,1,0,1
3.874414720,1,1,1
3.874415040,0,0,0
3.874415360,0,1,0
3.913148320,0,0,0
3.913148640,0,1,0
3.913148960,0,0,0
3.913149280,0,1,0
3.913149600,0,0,0
3.913149920,0,1,0
3.913150240,0,0,0
3.913150560,0,1,0
3.913150880,0,0,0
3.913151200,0,1,0
3.913151520,0,0,0
3.913152000,0,1,0
3.913152320,0,0,0
3.913152640,0,1,0
3.913152960,0,0,0
3.913153280,0,1,0
3.913153600,0,0,0
3.913153920,0,1,0
3.913154240,0,0,0
3.913154560,0,1,0
3.913154880,0,0,0
3.913155200,0,1,0
3.913155520,0,0,0
3.913156000,0,1,0
3.913156320,0,0,0
3.913156640,0,1,0
3.913156960,0,0,0
3.913157280,0,1,0
3.913157600,0,0,0
3.913157920,0,1,0
3.913158240,0,0,0
3.913158560,0,1,0
3.913158880,0,0,0
3.913159200,0,1,0
3.913159520,0,0,0
3.913160000,0,1,0
3.913160320,0,0,0
3.913160640,0,1,0
3.913160960,0,0,0
3.913161280,0,1,0
3.913161600,1,0,0
3.913161920,1,1,0
3.913162240,0,0,0
3.913162560,0,1,0
3.913162880,0,0,0
3.913163200,0,1,0
3.913163520,0,0,0
3.913164000,0,1,0
3.913164320,0,0,0
3.913164640,0,1,0
3.913164960,0,0,0
3.913165280,0,1,0
3.913165600,1,0,0
3.913165920,1,1,0
3.913166240,0,0,0
3.913166560,0,1,0
3.913166880,0,0,0
3.913167200,0,1,0
3.913167520,0,0,0
3.913168000,0,1,0
3.913168320,0,0,0
3.913168640,0,1,0
3.913168960,0,0,0
3.913169280,0,1,0
3.913612960,0,0,0
3.913613280,0,1,0
3.913613600,0,0,0
3.913613920,0,1,0
3.913614240,0,0,0
3.913614560,0,1,0
3.913614880,0,0,0
3.913615200,0,1,0
3.913615520,1,0,0
3.913615680,1,0,1
3.913615840,1,1,1
3.913616320,1,0,0
3.913616640,1,1,0
3.913616960,1,0,0
3.913617280,1,1,0
3.913617600,0,0,0
3.913617920,0,1,0
3.913618240,0,0,0
3.913618560,0,1,0
3.913618880,0,0,0
3.913619200,0,1,0
3.913619520,0,0,0
3.913620000,0,1,0
3.913620320,1,0,0
3.913620640,1,1,0
3.913620960,0,0,0
3.913621280,0,1,0
3.913621600,0,0,0
3.913621920,0,1,0
3.913622240,0,0,0
3.913622560,0,1,0
3.913622880,0,0,0
3.913623200,0,1,0
3.913623520,1,0,0
3.913623680,1,0,1
3.913624000,1,1,1
3.913624320,0,0,0
3.913624640,0,1,0
3.913624960,0,0,0
3.913625280,0,1,0
3.913625600,0,0,0
3.913625920,0,1,0
3.913626240,0,0,1
3.913626560,0,1,1
3.913626880,0,0,0
3.913627200,0,1,0
3.913627520,0,0,0
3.913628000,0,1,0
3.913628320,0,0,0
3.913628640,0,1,0
3.913628960,0,0,0
3.913629280,0,1,0
3.913629600,0,0,0
3.913629920,0,1,0
3.913630240,0,0,1
3.913630560,0,1,1
3.913630880,1,0,1
3.913631200,1,1,1
3.913631520,0,0,1
3.913631680,0,0,0
3.913632000,0,1,0
3.913632320,0,0,0
3.913632640,0,1,0
3.913632960,1,0,1
3.913633280,1,1,1
3.913633600,0,0,0
3.913633920,0,1,0
3.913888320,0,0,0
3.913888640,0,1,0
3.913888960,0,0,0
3.913889280,0,1,0
3.913889600,0,0,0
3.913889920,0,1,0
3.913890240,0,0,0
3.913890560,0,1,0
3.913890880,0,0,0
3.913891200,0,1,0
3.913891520,0,0,0
3.913891840,0,1,0
3.913892320,0,0,0
3.913892640,0,1,0
3.913892960,0,0,1
3.913893280,0,1,1
3.913893600,0,0,1
3.913893920,0,1,1
3.913894240,0,0,0
3.913894560,0,1,0
3.913894880,0,0,0
3.913895200,0,1,0
3.913895520,0,0,0
3.913896000,0,1,0
3.913896320,0,0,0
3.913896640,0,1,0
3.913896960,0,0,0
3.913897280,0,1,0
3.913897600,0,0,0
3.913897920,0,1,0
3.913898240,0,0,0
3.913898560,0,1,0
3.913898880,0,0,0
3.913899200,0,1,0
3.913899520,0,0,0
3.913900000,0,1,0
3.913900320,0,0,0
3.913900640,0,1,0
3.913900960,0,0,0
3.913901280,0,1,0
3.913901600,0,0,1
3.913901920,0,1,1
3.913902240,0,0,0
3.913902560,0,1,0
3.913902880,0,0,0
3.913903200,0,1,0
3.913903520,0,0,0
3.913904000,0,1,0
3.913904320,0,0,0
3.913904640,0,1,0
3.913904960,0,0,0
3.913905280,0,1,0
3.913905600,0,0,1
3.913905920,0,1,1
3.913906240,0,0,0
3.913906560,0,1,0
3.913906880,0,0,1
3.913907200,0,1,1
3.913907520,0,0,1
3.913908000,0,1,1
3.913908320,0,0,0
3.913908640,0,1,0
3.913908960,0,0,0
3.913909280,0,1,0
3.914158880,0,0,0
3.914159200,0,1,0
3.914159520,0,0,0
3.914159840,0,1,0
3.914160320,0,0,0
3.914160640,0,1,0
3.914160960,0,0,0
3.914161280,0,1,0
3.914161600,1,0,1
3.914161920,1,1,1
3.914162240,0,0,1
3.914162560,0,1,1
3.914162880,0,0,1
3.914163200,0,1,1
3.914163520,0,0,1
3.914163680,0,0,0
3.914163840,0,1,0
3.914164320,0,0,0
3.914164640,0,1,0
3.914164960,0,0,0
3.914165280,0,1,0
3.914165600,0,0,0
3.914165920,0,1,0
3.914166240,0,0,0
3.914166560,0,1,0
3.914166880,0,0,0
3.914167200,0,1,0
3.914167520,0,0,0
3.914168000,0,1,0
3.914168320,0,0,0
3.914168640,0,1,0
3.914168960,0,0,0
3.914169280,0,1,0
3.914169600,1,0,1
3.914169920,1,1,1
3.914170240,0,0,0
3.914170560,0,1,0
3.914170880,0,0,0
3.914171200,0,1,0
3.914171520,0,0,0
3.914172000,0,1,0
3.914172320,1,0,0
3.914172640,1,1,0
3.914172960,0,0,0
3.914173280,0,1,0
3.914173600,0,0,0
3.914173920,0,1,0
3.914174240,0,0,0
3.914174560,0,1,0
3.914174880,0,0,0
3.914175200,0,1,0
3.914175520,0,0,0
3.914176000,0,1,0
3.914176320,1,0,0
3.914176640,1,1,0
3.914176960,1,0,0
3.914177280,1,1,0
3.914177600,0,0,0
3.914177920,0,1,0
3.914178240,0,0,0
3.914178560,0,1,0
3.914178880,1,0,1
3.914179200,1,1,1
3.914179520,0,0,1
3.914179680,0,0,0
3.914180000,0,1,0
3.953178880,0,0,0
3.953179200,0,1,0
3.953179520,0,0,0
3.953179840,0,1,0
3.953180160,0,0,0
3.953180480,0,1,0
3.953180800,0,0,0
3.953181120,0,1,0
3.953181440,0,0,0
3.953181920,0,1,0
3.953182240,0,0,0
3.953182560,0,1,0
3.953182880,0,0,0
3.953183200,0,1,0
3.953183520,0,0,0
3.953183840,0,1,0
3.953184160,0,0,0
3.953184480,0,1,0
3.953184800,0,0,0
3.953185120,0,1,0
3.953185440,0,0,0
3.953185920,0,1,0
3.953186240,0,0,0
3.953186560,0,1,0
3.953186880,0,0,0
3.953187200,0,1,0
3.953187520,0,0,0
3.953187840,0,1,0
3.953188160,0,0,0
3.953188480,0,1,0
3.953188800,0,0,0
3.953189120,0,1,0
3.953189440,0,0,0
3.953189920,0,1,0
3.953190240,0,0,0
3.953190560,0,1,0
3.953190880,0,0,0
3.953191200,0,1,0
3.953191520,0,0,0
3.953191840,0,1,0
3.953192160,1,0,0
3.953192480,1,1,0
3.953192800,0,0,0
3.953193120,0,1,0
3.953193440,0,0,0
3.953193920,0,1,0
3.953194240,0,0,0
3.953194560,0,1,0
3.953194880,0,0,0
3.953195200,0,1,0
3.953195520,0,0,0
3.953195840,0,1,0
3.953196160,1,0,0
3.953196480,1,1,0
3.953196800,0,0,0
3.953197120,0,1,0
3.953197440,0,0,0
3.953197920,0,1,0
3.953198240,0,0,0
3.953198560,0,1,0
3.953198880,0,0,0
3.953199200,0,1,0
3.953199520,0,0,0
3.953199840,0,1,0
3.953643520,0,0,0
3.953643840,0,1,0
3.953644160,0,0,0
3.953644480,0,1,0
3.953644800,0,0,0
3.953645120,0,1,0
3.953645440,0,0,0
3.953645920,0,1,0
3.953646240,1,0,1
3.953646560,1,1,1
3.953646880,1,0,0
3.953647200,1,1,0
3.953647520,1,0,0
3.953647840,1,1,0
3.953648160,1,0,0
3.953648480,1,1,0
3.953648800,0,0,0
3.953649120,0,1,0
3.953649440,0,0,0
3.953649920,0,1,0
3.953650240,0,0,0
3.953650560,0,1,0
3.953650880,1,0,0
3.953651200,1,1,0
3.953651520,0,0,0
3.953651840,0,1,0
3.953652160,0,0,0
3.953652480,0,1,0
3.953652800,0,0,0
3.953653120,0,1,0
3.953653440,0,0,0
3.953653920,0,1,0
3.953654240,1,0,1
3.953654560,1,1,1
3.953654880,0,0,0
3.953655200,0,1,0
3.953655520,0,0,0
3.953655840,0,1,0
3.953656160,0,0,0
3.953656480,0,1,0
3.953656800,0,0,1
3.953657120,0,1,1
3.953657440,0,0,1
3.953657600,0,0,0
3.953657920,0,1,0
3.953658240,0,0,0
3.953658560,0,1,0
3.953658880,0,0,0
3.953659200,0,1,0
3.953659520,0,0,0
3.953659840,0,1,0
3.953660160,0,0,0
3.953660480,0,1,0
3.953660800,0,0,1
3.953661120,0,1,1
3.953661440,0,0,1
3.953661600,1,0,1
3.953661920,1,1,1
3.953662240,1,0,0
3.953662560,1,1,0
3.953662880,0,0,0
3.953663200,0,1,0
3.953663520,1,0,1
3.953663840,1,1,1
3.953664160,0,0,0
3.953664480,0,1,0
3.953918240,0,0,0
3.953918560,0,1,0
3.953918880,0,0,0
3.953919200,0,1,0
3.953919520,0,0,0
3.953919840,0,1,0
3.953920160,0,0,0
3.953920480,0,1,0
3.953920800,0,0,0
3.953921120,0,1,0
3.953921440,0,0,0
3.953921920,0,1,0
3.953922240,0,0,0
3.953922560,0,1,0
3.953922880,0,0,1
3.953923200,0,1,1
3.953923520,0,0,1
3.953923840,0,1,1
3.953924160,0,0,0
3.953924480,0,1,0
3.953924800,0,0,0
3.953925120,0,1,0
3.953925440,0,0,0
3.953925920,0,1,0
3.953926240,0,0,0
3.953926560,0,1,0
3.953926880,0,0,0
3.953927200,0,1,0
3.953927520,0,0,0
3.953927840,0,1,0
3.953928160,0,0,0
3.953928480,0,1,0
3.953928800,0,0,0
3.953929120,0,1,0
3.953929440,0,0,0
3.953929920,0,1,0
3.953930240,0,0,0
3.953930560,0,1,0
3.953930880,0,0,0
3.953931200,0,1,0
3.953931520,1,0,1
3.953931840,1,1,1
3.953932160,0,0,0
3.953932480,0,1,0
3.953932800,0,0,0
3.953933120,0,1,0
3.953933440,0,0,0
3.953933600,1,0,0
3.953933920,1,1,0
3.953934240,1,0,0
3.953934560,1,1,0
3.953934880,0,0,0
3.953935200,0,1,0
3.953935520,1,0,1
3.953935840,1,1,1
3.953936160,0,0,0
3.953936480,0,1,0
3.953936800,0,0,1
3.953937120,0,1,1
3.953937440,0,0,1
3.953937600,1,0,1
3.953937920,1,1,1
3.953938240,1,0,0
3.953938560,1,1,0
3.953938880,0,0,0
3.953939200,0,1,0
3.954369440,0,0,0
3.954369920,0,1,0
3.954370240,0,0,0
3.954370560,0,1,0
3.954370880,0,0,0
3.954371200,0,1,0
3.954371520,0,0,0
3.954371840,0,1,0
3.954372160,1,0,1
3.954372480,1,1,1
3.954372800,0,0,1
3.954373120,0,1,1
3.954373440,0,0,1
3.954373920,0,1,1
3.954374240,0,0,1
3.954374560,0,1,1
3.954374880,0,0,0
3.954375200,0,1,0
3.954375520,0,0,0
3.954375840,0,1,0
3.954376160,0,0,0
3.954376480,0,1,0
3.954376800,0,0,0
3.954377120,0,1,0
3.954377440,0,0,0
3.954377920,0,1,0
3.954378240,0,0,0
3.954378560,0,1,0
3.954378880,0,0,0
3.954379200,0,1,0
3.954379520,0,0,0
3.954379840,0,1,0
3.954380160,1,0,1
3.954380480,1,1,1
3.954380800,0,0,0
3.954381120,0,1,0
3.954381440,0,0,0
3.954381920,0,1,0
3.954382240,0,0,0
3.954382560,0,1,0
3.954382880,1,0,1
3.954383200,1,1,1
3.954383520,0,0,0
3.954383840,0,1,0
3.954384160,0,0,0
3.954384480,0,1,0
3.954384800,0,0,1
3.954385120,0,1,1
3.954385440,0,0,1
3.954385920,0,1,1
3.954386240,0,0,0
3.954386560,0,1,0
3.954386880,1,0,1
3.954387200,1,1,1
3.954387520,1,0,1
3.954387840,1,1,1
3.954388160,0,0,0
3.954388480,0,1,0
3.954388800,0,0,0
3.954389120,0,1,0
3.954389440,0,0,0
3.954389600,1,0,0
3.954389920,1,1,0
3.954390240,0,0,0
3.954390560,0,1,0
3.954650880,0,0,0
3.954651200,0,1,0
3.954651520,0,0,0
3.954651840,0,1,0
3.954652160,0,0,0
3.954652480,0,1,0
3.954652800,0,0,0
3.954653120,0,1,0
3.954653440,0,0,0
3.954653920,0,1,0
3.954654240,0,0,0
3.954654560,0,1,0
3.954654880,0,0,0
3.954655200,0,1,0
3.954655520,0,0,0
3.954655840,0,1,0
3.954656160,0,0,0
3.954656480,0,1,0
3.954656800,0,0,0
3.954657120,0,1,0
3.954657440,0,0,0
3.954657920,0,1,0
3.954658240,0,0,1
3.954658560,0,1,1
3.954658880,0,0,1
3.954659200,0,1,1
3.954659520,0,0,0
3.954659840,0,1,0
3.954660160,0,0,0
3.954660480,0,1,0
3.954660800,0,0,1
3.954661120,0,1,1
3.954661440,0,0,1
3.954661600,0,0,0
3.954661920,0,1,0
3.954662240,0,0,0
3.954662560,0,1,0
3.954662880,0,0,0
3.954663200,0,1,0
3.954663520,0,0,0
3.954663840,0,1,0
3.954664160,0,0,1
3.954664480,0,1,1
3.954664800,0,0,0
3.954665120,0,1,0
3.954665440,0,0,0
3.954665920,0,1,0
3.954666240,0,0,1
3.954666560,0,1,1
3.954666880,0,0,1
3.954667200,0,1,1
3.954667520,0,0,0
3.954667840,0,1,0
3.954668160,0,0,0
3.954668480,0,1,0
3.954668800,0,0,1
3.954669120,0,1,1
3.954669440,0,0,1
3.954669920,0,1,1
3.954670240,0,0,1
3.954670560,0,1,1
3.954670880,0,0,1
3.954671200,0,1,1
3.954671520,0,0,0
3.954671840,0,1,0
3.954923520,0,0,0
3.954923840,0,1,0
3.954924160,0,0,0
3.954924480,0,1,0
3.954924800,0,0,0
3.954925120,0,1,0
3.954925440,0,0,0
3.954925920,0,1,0
3.954926240,1,0,1
3.954926560,1,1,1
3.954926880,0,0,0
3.954927200,0,1,0
3.954927520,0,0,0
3.954927840,0,1,0
3.954928160,0,0,0
3.954928480,0,1,0
3.954928800,0,0,0
3.954929120,0,1,0
3.954929440,0,0,0
3.954929920,0,1,0
3.954930240,0,0,0
3.954930560,0,1,0
3.954930880,0,0,0
3.954931200,0,1,0
3.954931520,0,0,0
3.954931840,0,1,0
3.954932160,0,0,0
3.954932480,0,1,0
3.954932800,0,0,0
3.954933120,0,1,0
3.954933440,0,0,0
3.954933920,0,1,0
3.954934240,1,0,1
3.954934560,1,1,1
3.954934880,0,0,0
3.954935200,0,1,0
3.954935520,0,0,0
3.954935840,0,1,0
3.954936160,0,0,0
3.954936480,0,1,0
3.954936800,1,0,0
3.954937120,1,1,0
3.954937440,0,0,0
3.954937920,0,1,0
3.954938240,0,0,0
3.954938560,0,1,0
3.954938880,1,0,0
3.954939200,1,1,0
3.954939520,1,0,0
3.954939840,1,1,0
3.954940160,0,0,0
3.954940480,0,1,0
3.954940800,1,0,0
3.954941120,1,1,0
3.954941440,1,0,0
3.954941600,1,0,1
3.954941920,1,1,1
3.954942240,1,0,0
3.954942560,1,1,0
3.954942880,0,0,0
3.954943200,0,1,0
3.954943520,0,0,1
3.954943840,0,1,1
3.954944160,0,0,0
3.954944480,0,1,0
3.993128800,0,0,0
3.993129120,0,1,0
3.993129440,0,0,0
3.993129760,0,1,0
3.993130080,0,0,0
3.993130400,0,1,0
3.993130720,0,0,0
3.993131040,0,1,0
3.993131520,0,0,0
3.993131840,0,1,0
3.993132160,0,0,0
3.993132480,0,1,0
3.993132800,0,0,0
3.993133120,0,1,0
3.993133440,0,0,0
3.993133760,0,1,0
3.993134080,0,0,0
3.993134400,0,1,0
3.993134720,0,0,0
3.993135040,0,1,0
3.993135520,0,0,0
3.993135840,0,1,0
3.993136160,0,0,0
3.993136480,0,1,0
3.993136800,0,0,0
3.993137120,0,1,0
3.993137440,0,0,0
3.993137760,0,1,0
3.993138080,0,0,0
3.993138400,0,1,0
3.993138720,0,0,0
3.993139040,0,1,0
3.993139520,0,0,0
3.993139840,0,1,0
3.993140160,0,0,0
3.993140480,0,1,0
3.993140800,0,0,0
3.993141120,0,1,0
3.993141440,0,0,0
3.993141760,0,1,0
3.993142080,1,0,0
3.993142400,1,1,0
3.993142720,0,0,0
3.993143040,0,1,0
3.993143520,0,0,0
3.993143840,0,1,0
3.993144160,0,0,0
3.993144480,0,1,0
3.993144800,0,0,0
3.993145120,0,1,0
3.993145440,0,0,0
3.993145760,0,1,0
3.993146080,1,0,0
3.993146400,1,1,0
3.993146720,0,0,0
3.993147040,0,1,0
3.993147520,0,0,0
3.993147840,0,1,0
3.993148160,0,0,0
3.993148480,0,1,0
3.993148800,0,0,0
3.993149120,0,1,0
3.993149440,0,0,0
3.993149760,0,1,0
3.993588160,0,0,0
3.993588480,0,1,0
3.993588800,0,0,0
3.993589120,0,1,0
3.993589440,0,0,0
3.993589760,0,1,0
3.993590080,0,0,0
3.993590400,0,1,0
3.993590720,1,0,0
3.993590880,1,0,1
3.993591040,1,1,1
3.993591520,0,0,0
3.993591840,0,1,0
3.993592160,0,0,0
3.993592480,0,1,0
3.993592800,1,0,0
3.993593120,1,1,0
3.993593440,0,0,0
3.993593760,0,1,0
3.993594080,0,0,0
3.993594400,0,1,0
3.993594720,0,0,0
3.993595040,0,1,0
3.993595520,1,0,0
3.993595840,1,1,0
3.993596160,0,0,0
3.993596480,0,1,0
3.993596800,0,0,0
3.993597120,0,1,0
3.993597440,0,0,0
3.993597760,0,1,0
3.993598080,0,0,0
3.993598400,0,1,0
3.993598720,1,0,0
3.993598880,1,0,1
3.993599040,1,1,1
3.993599520,0,0,0
3.993599840,0,1,0
3.993600160,0,0,0
3.993600480,0,1,0
3.993600800,0,0,0
3.993601120,0,1,0
3.993601440,0,0,1
3.993601760,0,1,1
3.993602080,0,0,0
3.993602400,0,1,0
3.993602720,0,0,0
3.993603040,0,1,0
3.993603520,0,0,0
3.993603840,0,1,0
3.993604160,0,0,0
3.993604480,0,1,0
3.993604800,0,0,0
3.993605120,0,1,0
3.993605440,1,0,1
3.993605760,1,1,1
3.993606080,0,0,1
3.993606400,0,1,1
3.993606720,1,0,1
3.993606880,1,0,0
3.993607040,1,1,0
3.993607520,0,0,0
3.993607840,0,1,0
3.993608160,1,0,1
3.993608480,1,1,1
3.993608800,0,0,0
3.993609120,0,1,0
3.993860800,0,0,0
3.993861120,0,1,0
3.993861440,0,0,0
3.993861760,0,1,0
3.993862080,0,0,0
3.993862400,0,1,0
3.993862720,0,0,0
3.993863040,0,1,0
3.993863520,0,0,0
3.993863840,0,1,0
3.993864160,0,0,0
3.993864480,0,1,0
3.993864800,0,0,0
3.993865120,0,1,0
3.993865440,0,0,1
3.993865760,0,1,1
3.993866080,0,0,1
3.993866400,0,1,1
3.993866720,0,0,1
3.993866880,0,0,0
3.993867040,0,1,0
3.993867520,0,0,0
3.993867840,0,1,0
3.993868160,0,0,0
3.993868480,0,1,0
3.993868800,0,0,0
3.993869120,0,1,0
3.993869440,0,0,0
3.993869760,0,1,0
3.993870080,0,0,0
3.993870400,0,1,0
3.993870720,0,0,0
3.993871040,0,1,0
3.993871520,0,0,0
3.993871840,0,1,0
3.993872160,0,0,0
3.993872480,0,1,0
3.993872800,0,0,0
3.993873120,0,1,0
3.993873440,0,0,0
3.993873760,0,1,0
3.993874080,0,0,1
3.993874400,0,1,1
3.993874720,0,0,1
3.993874880,0,0,0
3.993875040,0,1,0
3.993875520,0,0,0
3.993875840,0,1,0
3.993876160,0,0,0
3.993876480,0,1,0
3.993876800,0,0,0
3.993877120,0,1,0
3.993877440,0,0,0
3.993877760,0,1,0
3.993878080,0,0,1
3.993878400,0,1,1
3.993878720,0,0,1
3.993878880,0,0,0
3.993879040,0,1,0
3.993879520,0,0,1
3.993879840,0,1,1
3.993880160,0,0,1
3.993880480,0,1,1
3.993880800,0,0,0
3.993881120,0,1,0
3.993881440,0,0,0
3.993881760,0,1,0
3.994134080,0,0,0
3.994134400,0,1,0
3.994134720,0,0,0
3.994135040,0,1,0
3.994135520,0,0,0
3.994135840,0,1,0
3.994136160,0,0,0
3.994136480,0,1,0
3.994136800,1,0,1
3.994137120,1,1,1
3.994137440,0,0,0
3.994137760,0,1,0
3.994138080,0,0,0
3.994138400,0,1,0
3.994138720,0,0,0
3.994138880,0,0,1
3.994139040,0,1,1
3.994139520,0,0,0
3.994139840,0,1,0
3.994140160,0,0,0
3.994140480,0,1,0
3.994140800,0,0,0
3.994141120,0,1,0
3.994141440,0,0,0
3.994141760,0,1,0
3.994142080,0,0,0
3.994142400,0,1,0
3.994142720,0,0,0
3.994143040,0,1,0
3.994143520,0,0,0
3.994143840,0,1,0
3.994144160,0,0,0
3.994144480,0,1,0
3.994144800,1,0,1
3.994145120,1,1,1
3.994145440,0,0,0
3.994145760,0,1,0
3.994146080,0,0,0
3.994146400,0,1,0
3.994146720,0,0,0
3.994147040,0,1,0
3.994147520,1,0,0
3.994147840,1,1,0
3.994148160,0,0,0
3.994148480,0,1,0
3.994148800,0,0,0
3.994149120,0,1,0
3.994149440,0,0,0
3.994149760,0,1,0
3.994150080,0,0,0
3.994150400,0,1,0
3.994150720,0,0,0
3.994151040,0,1,0
3.994151520,1,0,0
3.994151840,1,1,0
3.994152160,1,0,1
3.994152480,1,1,1
3.994152800,0,0,1
3.994153120,0,1,1
3.994153440,0,0,0
3.994153760,0,1,0
3.994154080,1,0,1
3.994154400,1,1,1
3.994154720,0,0,1
3.994154880,0,0,0
3.994155040,0,1,0
4.033135360,0,0,0
4.033135680,0,1,0
4.033136000,0,0,0
4.033136320,0,1,0
4.033136640,0,0,0
4.033137120,0,1,0
4.033137440,0,0,0
4.033137760,0,1,0
4.033138080,0,0,0
4.033138400,0,1,0
4.033138720,0,0,0
4.033139040,0,1,0
4.033139360,0,0,0
4.033139680,0,1,0
4.033140000,0,0,0
4.033140320,0,1,0
4.033140640,0,0,0
4.033141120,0,1,0
4.033141440,0,0,0
4.033141760,0,1,0
4.033142080,0,0,0
4.033142400,0,1,0
4.033142720,0,0,0
4.033143040,0,1,0
4.033143360,0,0,0
4.033143680,0,1,0
4.033144000,0,0,0
4.033144320,0,1,0
4.033144640,0,0,0
4.033145120,0,1,0
4.033145440,0,0,0
4.033145760,0,1,0
4.033146080,0,0,0
4.033146400,0,1,0
4.033146720,0,0,0
4.033147040,0,1,0
4.033147360,0,0,0
4.033147680,0,1,0
4.033148000,0,0,0
4.033148320,0,1,0
4.033148640,0,0,0
4.033148800,1,0,0
4.033149120,1,1,0
4.033149440,0,0,0
4.033149760,0,1,0
4.033150080,0,0,0
4.033150400,0,1,0
4.033150720,0,0,0
4.033151040,0,1,0
4.033151360,0,0,0
4.033151680,0,1,0
4.033152000,0,0,0
4.033152320,0,1,0
4.033152640,0,0,0
4.033152800,1,0,0
4.033153120,1,1,0
4.033153440,0,0,0
4.033153760,0,1,0
4.033154080,0,0,0
4.033154400,0,1,0
4.033154720,0,0,0
4.033155040,0,1,0
4.033155360,0,0,0
4.033155680,0,1,0
4.033156000,0,0,0
4.033156320,0,1,0
4.033592000,0,0,0
4.033592320,0,1,0
4.033592640,0,0,0
4.033593120,0,1,0
4.033593440,0,0,0
4.033593760,0,1,0
4.033594080,0,0,0
4.033594400,0,1,0
4.033594720,1,0,1
4.033595040,1,1,1
4.033595360,0,0,0
4.033595680,0,1,0
4.033596000,1,0,0
4.033596320,1,1,0
4.033596640,0,0,0
4.033597120,0,1,0
4.033597440,0,0,0
4.033597760,0,1,0
4.033598080,0,0,0
4.033598400,0,1,0
4.033598720,0,0,0
4.033599040,0,1,0
4.033599360,1,0,0
4.033599680,1,1,0
4.033600000,0,0,0
4.033600320,0,1,0
4.033600640,0,0,0
4.033601120,0,1,0
4.033601440,0,0,0
4.033601760,0,1,0
4.033602080,0,0,0
4.033602400,0,1,0
4.033602720,1,0,1
4.033603040,1,1,1
4.033603360,0,0,0
4.033603680,0,1,0
4.033604000,0,0,0
4.033604320,0,1,0
4.033604640,0,0,0
4.033605120,0,1,0
4.033605440,0,0,1
4.033605760,0,1,1
4.033606080,0,0,0
4.033606400,0,1,0
4.033606720,0,0,0
4.033607040,0,1,0
4.033607360,0,0,0
4.033607680,0,1,0
4.033608000,0,0,0
4.033608320,0,1,0
4.033608640,0,0,0
4.033609120,0,1,0
4.033609440,1,0,1
4.033609760,1,1,1
4.033610080,1,0,1
4.033610400,1,1,1
4.033610720,0,0,0
4.033611040,0,1,0
4.033611360,0,0,0
4.033611680,0,1,0
4.033612000,1,0,1
4.033612320,1,1,1
4.033612640,0,0,1
4.033612800,0,0,0
4.033613120,0,1,0
4.033864640,0,0,0
4.033865120,0,1,0
4.033865440,0,0,0
4.033865760,0,1,0
4.033866080,0,0,0
4.033866400,0,1,0
4.033866720,0,0,0
4.033867040,0,1,0
4.033867360,0,0,0
4.033867680,0,1,0
4.033868000,0,0,0
4.033868320,0,1,0
4.033868640,0,0,0
4.033869120,0,1,0
4.033869440,0,0,1
4.033869760,0,1,1
4.033870080,0,0,1
4.033870400,0,1,1
4.033870720,0,0,0
4.033871040,0,1,0
4.033871360,0,0,0
4.033871680,0,1,0
4.033872000,0,0,0
4.033872320,0,1,0
4.033872640,0,0,0
4.033873120,0,1,0
4.033873440,0,0,0
4.033873760,0,1,0
4.033874080,0,0,0
4.033874400,0,1,0
4.033874720,0,0,0
4.033875040,0,1,0
4.033875360,0,0,0
4.033875680,0,1,0
4.033876000,0,0,0
4.033876320,0,1,0
4.033876640,0,0,0
4.033877120,0,1,0
4.033877440,0,0,0
4.033877760,0,1,0
4.033878080,0,0,1
4.033878400,0,1,1
4.033878720,0,0,0
4.033879040,0,1,0
4.033879360,0,0,0
4.033879680,0,1,0
4.033880000,0,0,0
4.033880320,0,1,0
4.033880640,0,0,0
4.033881120,0,1,0
4.033881440,0,0,0
4.033881760,0,1,0
4.033882080,0,0,1
4.033882400,0,1,1
4.033882720,0,0,0
4.033883040,0,1,0
4.033883360,0,0,1
4.033883680,0,1,1
4.033884000,0,0,1
4.033884320,0,1,1
4.033884640,0,0,1
4.033884800,0,0,0
4.033885120,0,1,0
4.033885440,0,0,0
4.033885760,0,1,0
4.034136000,0,0,0
4.034136320,0,1,0
4.034136640,0,0,0
4.034137120,0,1,0
4.034137440,0,0,0
4.034137760,0,1,0
4.034138080,0,0,0
4.034138400,0,1,0
4.034138720,1,0,1
4.034139040,1,1,1
4.034139360,0,0,0
4.034139680,0,1,0
4.034140000,0,0,1
4.034140320,0,1,1
4.034140640,0,0,1
4.034140800,0,0,0
4.034141120,0,1,0
4.034141440,0,0,0
4.034141760,0,1,0
4.034142080,0,0,0
4.034142400,0,1,0
4.034142720,0,0,0
4.034143040,0,1,0
4.034143360,0,0,0
4.034143680,0,1,0
4.034144000,0,0,0
4.034144320,0,1,0
4.034144640,0,0,0
4.034145120,0,1,0
4.034145440,0,0,0
4.034145760,0,1,0
4.034146080,0,0,0
4.034146400,0,1,0
4.034146720,1,0,1
4.034147040,1,1,1
4.034147360,0,0,0
4.034147680,0,1,0
4.034148000,0,0,0
4.034148320,0,1,0
4.034148640,0,0,0
4.034149120,0,1,0
4.034149440,1,0,0
4.034149760,1,1,0
4.034150080,0,0,0
4.034150400,0,1,0
4.034150720,0,0,0
4.034151040,0,1,0
4.034151360,0,0,0
4.034151680,0,1,0
4.034152000,0,0,0
4.034152320,0,1,0
4.034152640,0,0,0
4.034153120,0,1,0
4.034153440,1,0,1
4.034153760,1,1,1
4.034154080,1,0,0
4.034154400,1,1,0
4.034154720,0,0,0
4.034155040,0,1,0
4.034155360,0,0,0
4.034155680,0,1,0
4.034156000,1,0,1
4.034156320,1,1,1
4.034156640,0,0,1
4.034156800,0,0,0
4.034157120,0,1,0
4.073121280,0,0,0
4.073121600,0,1,0
4.073121920,0,0,0
4.073122240,0,1,0
4.073122720,0,0,0
4.073123040,0,1,0
4.073123360,0,0,0
4.073123680,0,1,0
4.073124000,0,0,0
4.073124320,0,1,0
4.073124640,0,0,0
4.073124960,0,1,0
4.073125280,0,0,0
4.073125600,0,1,0
4.073125920,0,0,0
4.073126240,0,1,0
4.073126720,0,0,0
4.073127040,0,1,0
4.073127360,0,0,0
4.073127680,0,1,0
4.073128000,0,0,0
4.073128320,0,1,0
4.073128640,0,0,0
4.073128960,0,1,0
4.073129280,0,0,0
4.073129600,0,1,0
4.073129920,0,0,0
4.073130240,0,1,0
4.073130720,0,0,0
4.073131040,0,1,0
4.073131360,0,0,0
4.073131680,0,1,0
4.073132000,0,0,0
4.073132320,0,1,0
4.073132640,0,0,0
4.073132960,0,1,0
4.073133280,0,0,0
4.073133600,0,1,0
4.073133920,0,0,0
4.073134240,0,1,0
4.073134720,1,0,0
4.073135040,1,1,0
4.073135360,0,0,0
4.073135680,0,1,0
4.073136000,0,0,0
4.073136320,0,1,0
4.073136640,0,0,0
4.073136960,0,1,0
4.073137280,0,0,0
4.073137600,0,1,0
4.073137920,0,0,0
4.073138240,0,1,0
4.073138720,1,0,0
4.073139040,1,1,0
4.073139360,0,0,0
4.073139680,0,1,0
4.073140000,0,0,0
4.073140320,0,1,0
4.073140640,0,0,0
4.073140960,0,1,0
4.073141280,0,0,0
4.073141600,0,1,0
4.073141920,0,0,0
4.073142240,0,1,0
4.073576640,0,0,0
4.073576960,0,1,0
4.073577280,0,0,0
4.073577600,0,1,0
4.073577920,0,0,0
4.073578240,0,1,0
4.073578720,0,0,0
4.073579040,0,1,0
4.073579360,1,0,1
4.073579680,1,1,1
4.073580000,0,0,0
4.073580320,0,1,0
4.073580640,1,0,0
4.073580960,1,1,0
4.073581280,1,0,0
4.073581600,1,1,0
4.073581920,0,0,0
4.073582240,0,1,0
4.073582720,0,0,0
4.073583040,0,1,0
4.073583360,0,0,0
4.073583680,0,1,0
4.073584000,1,0,0
4.073584320,1,1,0
4.073584640,0,0,0
4.073584960,0,1,0
4.073585280,0,0,0
4.073585600,0,1,0
4.073585920,0,0,0
4.073586240,0,1,0
4.073586720,0,0,0
4.073587040,0,1,0
4.073587360,1,0,1
4.073587680,1,1,1
4.073588000,0,0,0
4.073588320,0,1,0
4.073588640,0,0,0
4.073588960,0,1,0
4.073589280,0,0,0
4.073589600,0,1,0
4.073589920,0,0,1
4.073590240,0,1,1
4.073590720,0,0,0
4.073591040,0,1,0
4.073591360,0,0,0
4.073591680,0,1,0
4.073592000,0,0,0
4.073592320,0,1,0
4.073592640,0,0,0
4.073592960,0,1,0
4.073593280,0,0,0
4.073593600,0,1,0
4.073593920,1,0,1
4.073594240,1,1,1
4.073594720,1,0,1
4.073595040,1,1,1
4.073595360,1,0,0
4.073595680,1,1,0
4.073596000,0,0,0
4.073596320,0,1,0
4.073596640,1,0,1
4.073596960,1,1,1
4.073597280,0,0,0
4.073597600,0,1,0
4.073849280,0,0,0
4.073849600,0,1,0
4.073849920,0,0,0
4.073850240,0,1,0
4.073850720,0,0,0
4.073851040,0,1,0
4.073851360,0,0,0
4.073851680,0,1,0
4.073852000,0,0,0
4.073852320,0,1,0
4.073852640,0,0,0
4.073852960,0,1,0
4.073853280,0,0,0
4.073853600,0,1,0
4.073853920,0,0,1
4.073854240,0,1,1
4.073854720,0,0,1
4.073855040,0,1,1
4.073855360,0,0,0
4.073855680,0,1,0
4.073856000,0,0,0
4.073856320,0,1,0
4.073856640,0,0,0
4.073856960,0,1,0
4.073857280,0,0,0
4.073857600,0,1,0
4.073857920,0,0,0
4.073858240,0,1,0
4.073858720,0,0,0
4.073859040,0,1,0
4.073859360,0,0,0
4.073859680,0,1,0
4.073860000,0,0,0
4.073860320,0,1,0
4.073860640,0,0,0
4.073860960,0,1,0
4.073861280,0,0,0
4.073861600,0,1,0
4.073861920,0,0,0
4.073862240,0,1,0
4.073862720,1,0,1
4.073863040,1,1,1
4.073863360,0,0,0
4.073863680,0,1,0
4.073864000,0,0,0
4.073864320,0,1,0
4.073864640,1,0,0
4.073864960,1,1,0
4.073865280,1,0,0
4.073865600,1,1,0
4.073865920,0,0,0
4.073866240,0,1,0
4.073866720,1,0,1
4.073867040,1,1,1
4.073867360,0,0,0
4.073867680,0,1,0
4.073868000,0,0,1
4.073868320,0,1,1
4.073868640,1,0,1
4.073868960,1,1,1
4.073869280,1,0,0
4.073869600,1,1,0
4.073869920,0,0,0
4.073870240,0,1,0
4.074300000,0,0,0
4.074300320,0,1,0
4.074300640,0,0,0
4.074300960,0,1,0
4.074301280,0,0,0
4.074301600,0,1,0
4.074301920,0,0,0
4.074302240,0,1,0
4.074302720,1,0,1
4.074303040,1,1,1
4.074303360,1,0,0
4.074303680,1,1,0
4.074304000,0,0,1
4.074304320,0,1,1
4.074304640,0,0,1
4.074304960,0,1,1
4.074305280,0,0,0
4.074305600,0,1,0
4.074305920,0,0,0
4.074306240,0,1,0
4.074306720,0,0,0
4.074307040,0,1,0
4.074307360,0,0,0
4.074307680,0,1,0
4.074308000,0,0,0
4.074308320,0,1,0
4.074308640,0,0,0
4.074308960,0,1,0
4.074309280,0,0,0
4.074309600,0,1,0
4.074309920,0,0,0
4.074310240,0,1,0
4.074310720,1,0,1
4.074311040,1,1,1
4.074311360,0,0,0
4.074311680,0,1,0
4.074312000,0,0,0
4.074312320,0,1,0
4.074312640,0,0,0
4.074312960,0,1,0
4.074313280,1,0,1
4.074313600,1,1,1
4.074313920,0,0,0
4.074314240,0,1,0
4.074314720,0,0,0
4.074315040,0,1,0
4.074315360,0,0,1
4.074315680,0,1,1
4.074316000,0,0,1
4.074316320,0,1,1
4.074316640,0,0,0
4.074316960,0,1,0
4.074317280,0,0,0
4.074317600,0,1,0
4.074317920,1,0,1
4.074318240,1,1,1
4.074318720,0,0,0
4.074319040,0,1,0
4.074319360,0,0,0
4.074319680,0,1,0
4.074320000,1,0,0
4.074320320,1,1,0
4.074320640,0,0,0
4.074320960,0,1,0
4.074580000,0,0,0
4.074580320,0,1,0
4.074580640,0,0,0
4.074580960,0,1,0
4.074581280,0,0,0
4.074581600,0,1,0
4.074581920,0,0,0
4.074582240,0,1,0
4.074582720,0,0,0
4.074583040,0,1,0
4.074583360,0,0,0
4.074583680,0,1,0
4.074584000,0,0,0
4.074584320,0,1,0
4.074584640,0,0,0
4.074584960,0,1,0
4.074585280,0,0,0
4.074585600,0,1,0
4.074585920,0,0,0
4.074586240,0,1,0
4.074586720,0,0,0
4.074587040,0,1,0
4.074587360,0,0,1
4.074587680,0,1,1
4.074588000,0,0,1
4.074588320,0,1,1
4.074588640,0,0,0
4.074588960,0,1,0
4.074589280,0,0,0
4.074589600,0,1,0
4.074589920,0,0,1
4.074590240,0,1,1
4.074590720,0,0,0
4.074591040,0,1,0
4.074591360,0,0,0
4.074591680,0,1,0
4.074592000,0,0,0
4.074592320,0,1,0
4.074592640,0,0,0
4.074592960,0,1,0
4.074593280,0,0,1
4.074593600,0,1,1
4.074593920,0,0,0
4.074594240,0,1,0
4.074594720,0,0,0
4.074595040,0,1,0
4.074595360,0,0,1
4.074595680,0,1,1
4.074596000,0,0,1
4.074596320,0,1,1
4.074596640,0,0,0
4.074596960,0,1,0
4.074597280,0,0,0
4.074597600,0,1,0
4.074597920,0,0,1
4.074598240,0,1,1
4.074598720,0,0,1
4.074599040,0,1,1
4.074599360,0,0,1
4.074599680,0,1,1
4.074600000,0,0,1
4.074600320,0,1,1
4.074600640,0,0,0
4.074600960,0,1,0
4.074852000,0,0,0
4.074852320,0,1,0
4.074852640,0,0,0
4.074852960,0,1,0
4.074853280,0,0,0
4.074853600,0,1,0
4.074853920,0,0,0
4.074854240,0,1,0
4.074854720,1,0,1
4.074855040,1,1,1
4.074855360,0,0,1
4.074855680,0,1,1
4.074856000,0,0,0
4.074856320,0,1,0
4.074856640,0,0,0
4.074856960,0,1,0
4.074857280,0,0,0
4.074857600,0,1,0
4.074857920,0,0,0
4.074858240,0,1,0
4.074858720,0,0,0
4.074859040,0,1,0
4.074859360,0,0,0
4.074859680,0,1,0
4.074860000,0,0,0
4.074860320,0,1,0
4.074860640,0,0,0
4.074860960,0,1,0
4.074861280,0,0,0
4.074861600,0,1,0
4.074861920,0,0,0
4.074862240,0,1,0
4.074862720,1,0,1
4.074863040,1,1,1
4.074863360,0,0,0
4.074863680,0,1,0
4.074864000,0,0,0
4.074864320,0,1,0
4.074864640,0,0,0
4.074864960,0,1,0
4.074865280,1,0,0
4.074865600,1,1,0
4.074865920,0,0,0
4.074866240,0,1,0
4.074866720,0,0,0
4.074867040,0,1,0
4.074867360,1,0,0
4.074867680,1,1,0
4.074868000,1,0,0
4.074868320,1,1,0
4.074868640,0,0,0
4.074868960,0,1,0
4.074869280,1,0,1
4.074869600,1,1,1
4.074869920,1,0,1
4.074870240,1,1,1
4.074870720,1,0,0
4.074871040,1,1,0
4.074871360,0,0,0
4.074871680,0,1,0
4.074872000,0,0,1
4.074872320,0,1,1
4.074872640,0,0,0
4.074872960,0,1,0
4.113147840,0,0,0
4.113148320,0,1,0
4.113148640,0,0,0
4.113148960,0,1,0
4.113149280,0,0,0
4.113149600,0,1,0
4.113149920,0,0,0
4.113150240,0,1,0
4.113150560,0,0,0
4.113150880,0,1,0
4.113151200,0,0,0
4.113151520,0,1,0
4.113151840,0,0,0
4.113152320,0,1,0
4.113152640,0,0,0
4.113152960,0,1,0
4.113153280,0,0,0
4.113153600,0,1,0
4.113153920,0,0,0
4.113154240,0,1,0
4.113154560,0,0,0
4.113154880,0,1,0
4.113155200,0,0,0
4.113155520,0,1,0
4.113155840,0,0,0
4.113156320,0,1,0
4.113156640,0,0,0
4.113156960,0,1,0
4.113157280,0,0,0
4.113157600,0,1,0
4.113157920,0,0,0
4.113158240,0,1,0
4.113158560,0,0,0
4.113158880,0,1,0
4.113159200,0,0,0
4.113159520,0,1,0
4.113159840,0,0,0
4.113160320,0,1,0
4.113160640,0,0,0
4.113160960,0,1,0
4.113161280,1,0,0
4.113161600,1,1,0
4.113161920,0,0,0
4.113162240,0,1,0
4.113162560,0,0,0
4.113162880,0,1,0
4.113163200,0,0,0
4.113163520,0,1,0
4.113163840,0,0,0
4.113164320,0,1,0
4.113164640,0,0,0
4.113164960,0,1,0
4.113165280,1,0,0
4.113165600,1,1,0
4.113165920,0,0,0
4.113166240,0,1,0
4.113166560,0,0,0
4.113166880,0,1,0
4.113167200,0,0,0
4.113167520,0,1,0
4.113167840,0,0,0
4.113168320,0,1,0
4.113168640,0,0,0
4.113168960,0,1,0
4.113613280,0,0,0
4.113613600,0,1,0
4.113613920,0,0,0
4.113614240,0,1,0
4.113614560,0,0,0
4.113614880,0,1,0
4.113615200,0,0,0
4.113615520,0,1,0
4.113615840,0,0,0
4.113616000,1,0,1
4.113616320,1,1,1
4.113616640,1,0,0
4.113616960,1,1,0
4.113617280,0,0,0
4.113617600,0,1,0
4.113617920,1,0,0
4.113618240,1,1,0
4.113618560,0,0,0
4.113618880,0,1,0
4.113619200,0,0,0
4.113619520,0,1,0
4.113619840,0,0,0
4.113620320,0,1,0
4.113620640,1,0,0
4.113620960,1,1,0
4.113621280,0,0,0
4.113621600,0,1,0
4.113621920,0,0,0
4.113622240,0,1,0
4.113622560,0,0,0
4.113622880,0,1,0
4.113623200,0,0,0
4.113623520,0,1,0
4.113623840,0,0,0
4.113624000,1,0,1
4.113624320,1,1,1
4.113624640,0,0,0
4.113624960,0,1,0
4.113625280,0,0,0
4.113625600,0,1,0
4.113625920,0,0,0
4.113626240,0,1,0
4.113626560,0,0,1
4.113626880,0,1,1
4.113627200,0,0,0
4.113627520,0,1,0
4.113627840,0,0,0
4.113628320,0,1,0
4.113628640,0,0,0
4.113628960,0,1,0
4.113629280,0,0,0
4.113629600,0,1,0
4.113629920,0,0,0
4.113630240,0,1,0
4.113630560,0,0,1
4.113630880,0,1,1
4.113631200,0,0,1
4.113631520,0,1,1
4.113631840,0,0,1
4.113632000,1,0,0
4.113632320,1,1,0
4.113632640,0,0,0
4.113632960,0,1,0
4.113633280,1,0,1
4.113633600,1,1,1
4.113633920,0,0,0
4.113634240,0,1,0
4.113887840,0,0,0
4.113888320,0,1,0
4.113888640,0,0,0
4.113888960,0,1,0
4.113889280,0,0,0
4.113889600,0,1,0
4.113889920,0,0,0
4.113890240,0,1,0
4.113890560,0,0,0
4.113890880,0,1,0
4.113891200,0,0,0
4.113891520,0,1,0
4.113891840,0,0,0
4.113892320,0,1,0
4.113892640,0,0,1
4.113892960,0,1,1
4.113893280,0,0,1
4.113893600,0,1,1
4.113893920,0,0,0
4.113894240,0,1,0
4.113894560,0,0,0
4.113894880,0,1,0
4.113895200,0,0,0
4.113895520,0,1,0
4.113895840,0,0,0
4.113896320,0,1,0
4.113896640,0,0,0
4.113896960,0,1,0
4.113897280,0,0,0
4.113897600,0,1,0
4.113897920,0,0,0
4.113898240,0,1,0
4.113898560,0,0,0
4.113898880,0,1,0
4.113899200,0,0,0
4.113899520,0,1,0
4.113899840,0,0,0
4.113900320,0,1,0
4.113900640,0,0,0
4.113900960,0,1,0
4.113901280,0,0,1
4.113901600,0,1,1
4.113901920,0,0,0
4.113902240,0,1,0
4.113902560,0,0,0
4.113902880,0,1,0
4.113903200,0,0,0
4.113903520,0,1,0
4.113903840,0,0,0
4.113904320,0,1,0
4.113904640,0,0,0
4.113904960,0,1,0
4.113905280,0,0,1
4.113905600,0,1,1
4.113905920,0,0,0
4.113906240,0,1,0
4.113906560,0,0,1
4.113906880,0,1,1
4.113907200,0,0,1
4.113907520,0,1,1
4.113907840,0,0,1
4.113908000,0,0,0
4.113908320,0,1,0
4.113908640,0,0,0
4.113908960,0,1,0
4.114157920,0,0,0
4.114158240,0,1,0
4.114158560,0,0,0
4.114158880,0,1,0
4.114159200,0,0,0
4.114159520,0,1,0
4.114159840,0,0,0
4.114160320,0,1,0
4.114160640,1,0,1
4.114160960,1,1,1
4.114161280,0,0,1
4.114161600,0,1,1
4.114161920,0,0,0
4.114162240,0,1,0
4.114162560,0,0,1
4.114162880,0,1,1
4.114163200,0,0,0
4.114163520,0,1,0
4.114163840,0,0,0
4.114164320,0,1,0
4.114164640,0,0,0
4.114164960,0,1,0
4.114165280,0,0,0
4.114165600,0,1,0
4.114165920,0,0,0
4.114166240,0,1,0
4.114166560,0,0,0
4.114166880,0,1,0
4.114167200,0,0,0
4.114167520,0,1,0
4.114167840,0,0,0
4.114168320,0,1,0
4.114168640,1,0,1
4.114168960,1,1,1
4.114169280,0,0,0
4.114169600,0,1,0
4.114169920,0,0,0
4.114170240,0,1,0
4.114170560,0,0,0
4.114170880,0,1,0
4.114171200,1,0,0
4.114171520,1,1,0
4.114171840,0,0,0
4.114172320,0,1,0
4.114172640,0,0,0
4.114172960,0,1,0
4.114173280,0,0,0
4.114173600,0,1,0
4.114173920,0,0,0
4.114174240,0,1,0
4.114174560,0,0,0
4.114174880,0,1,0
4.114175200,1,0,1
4.114175520,1,1,1
4.114175840,1,0,1
4.114176320,1,1,1
4.114176640,0,0,1
4.114176960,0,1,1
4.114177280,0,0,0
4.114177600,0,1,0
4.114177920,1,0,1
4.114178240,1,1,1
4.114178560,0,0,0
4.114178880,0,1,0
4.153121120,0,0,0
4.153121440,0,1,0
4.153121920,0,0,0
4.153122240,0,1,0
4.153122560,0,0,0
4.153122880,0,1,0
4.153123200,0,0,0
4.153123520,0,1,0
4.153123840,0,0,0
4.153124160,0,1,0
4.153124480,0,0,0
4.153124800,0,1,0
4.153125120,0,0,0
4.153125440,0,1,0
4.153125920,0,0,0
4.153126240,0,1,0
4.153126560,0,0,0
4.153126880,0,1,0
4.153127200,0,0,0
4.153127520,0,1,0
4.153127840,0,0,0
4.153128160,0,1,0
4.153128480,0,0,0
4.153128800,0,1,0
4.153129120,0,0,0
4.153129440,0,1,0
4.153129920,0,0,0
4.153130240,0,1,0
4.153130560,0,0,0
4.153130880,0,1,0
4.153131200,0,0,0
4.153131520,0,1,0
4.153131840,0,0,0
4.153132160,0,1,0
4.153132480,0,0,0
4.153132800,0,1,0
4.153133120,0,0,0
4.153133440,0,1,0
4.153133760,0,0,0
4.153134240,0,1,0
4.153134560,1,0,0
4.153134880,1,1,0
4.153135200,0,0,0
4.153135520,0,1,0
4.153135840,0,0,0
4.153136160,0,1,0
4.153136480,0,0,0
4.153136800,0,1,0
4.153137120,0,0,0
4.153137440,0,1,0
4.153137760,0,0,0
4.153138240,0,1,0
4.153138560,1,0,0
4.153138880,1,1,0
4.153139200,0,0,0
4.153139520,0,1,0
4.153139840,0,0,0
4.153140160,0,1,0
4.153140480,0,0,0
4.153140800,0,1,0
4.153141120,0,0,0
4.153141440,0,1,0
4.153141760,0,0,0
4.153142240,0,1,0
4.153576480,0,0,0
4.153576800,0,1,0
4.153577120,0,0,0
4.153577440,0,1,0
4.153577920,0,0,0
4.153578240,0,1,0
4.153578560,0,0,0
4.153578880,0,1,0
4.153579200,1,0,1
4.153579520,1,1,1
4.153579840,1,0,0
4.153580160,1,1,0
4.153580480,1,0,0
4.153580800,1,1,0
4.153581120,0,0,0
4.153581440,0,1,0
4.153581760,0,0,0
4.153582240,0,1,0
4.153582560,0,0,0
4.153582880,0,1,0
4.153583200,0,0,0
4.153583520,0,1,0
4.153583840,1,0,0
4.153584160,1,1,0
4.153584480,0,0,0
4.153584800,0,1,0
4.153585120,0,0,0
4.153585440,0,1,0
4.153585760,0,0,0
4.153586240,0,1,0
4.153586560,0,0,0
4.153586880,0,1,0
4.153587200,1,0,1
4.153587520,1,1,1
4.153587840,0,0,0
4.153588160,0,1,0
4.153588480,0,0,0
4.153588800,0,1,0
4.153589120,0,0,0
4.153589440,0,1,0
4.153589760,0,0,0
4.153589920,0,0,1
4.153590240,0,1,1
4.153590560,0,0,0
4.153590880,0,1,0
4.153591200,0,0,0
4.153591520,0,1,0
4.153591840,0,0,0
4.153592160,0,1,0
4.153592480,0,0,0
4.153592800,0,1,0
4.153593120,0,0,0
4.153593440,0,1,0
4.153593760,0,0,0
4.153593920,0,0,1
4.153594240,0,1,1
4.153594560,1,0,1
4.153594880,1,1,1
4.153595200,0,0,0
4.153595520,0,1,0
4.153595840,0,0,0
4.153596160,0,1,0
4.153596480,1,0,1
4.153596800,1,1,1
4.153597120,0,0,0
4.153597440,0,1,0
4.153849120,0,0,0
4.153849440,0,1,0
4.153849760,0,0,0
4.153850240,0,1,0
4.153850560,0,0,0
4.153850880,0,1,0
4.153851200,0,0,0
4.153851520,0,1,0
4.153851840,0,0,0
4.153852160,0,1,0
4.153852480,0,0,0
4.153852800,0,1,0
4.153853120,0,0,0
4.153853440,0,1,0
4.153853760,0,0,0
4.153853920,0,0,1
4.153854240,0,1,1
4.153854560,0,0,1
4.153854880,0,1,1
4.153855200,0,0,0
4.153855520,0,1,0
4.153855840,0,0,0
4.153856160,0,1,0
4.153856480,0,0,0
4.153856800,0,1,0
4.153857120,0,0,0
4.153857440,0,1,0
4.153857760,0,0,0
4.153858240,0,1,0
4.153858560,0,0,0
4.153858880,0,1,0
4.153859200,0,0,0
4.153859520,0,1,0
4.153859840,0,0,0
4.153860160,0,1,0
4.153860480,0,0,0
4.153860800,0,1,0
4.153861120,0,0,0
4.153861440,0,1,0
4.153861760,0,0,0
4.153862240,0,1,0
4.153862560,0,0,1
4.153862880,0,1,1
4.153863200,0,0,0
4.153863520,0,1,0
4.153863840,0,0,0
4.153864160,0,1,0
4.153864480,0,0,0
4.153864800,0,1,0
4.153865120,0,0,0
4.153865440,0,1,0
4.153865760,0,0,0
4.153866240,0,1,0
4.153866560,0,0,1
4.153866880,0,1,1
4.153867200,0,0,0
4.153867520,0,1,0
4.153867840,0,0,1
4.153868160,0,1,1
4.153868480,0,0,1
4.153868800,0,1,1
4.153869120,0,0,0
4.153869440,0,1,0
4.153869760,0,0,0
4.153870240,0,1,0
4.154119200,0,0,0
4.154119520,0,1,0
4.154119840,0,0,0
4.154120160,0,1,0
4.154120480,0,0,0
4.154120800,0,1,0
4.154121120,0,0,0
4.154121440,0,1,0
4.154121760,0,0,0
4.154121920,1,0,1
4.154122240,1,1,1
4.154122560,0,0,1
4.154122880,0,1,1
4.154123200,0,0,1
4.154123520,0,1,1
4.154123840,0,0,0
4.154124160,0,1,0
4.154124480,0,0,0
4.154124800,0,1,0
4.154125120,0,0,0
4.154125440,0,1,0
4.154125760,0,0,0
4.154126240,0,1,0
4.154126560,0,0,0
4.154126880,0,1,0
4.154127200,0,0,0
4.154127520,0,1,0
4.154127840,0,0,0
4.154128160,0,1,0
4.154128480,0,0,0
4.154128800,0,1,0
4.154129120,0,0,0
4.154129440,0,1,0
4.154129760,0,0,0
4.154129920,1,0,1
4.154130240,1,1,1
4.154130560,0,0,0
4.154130880,0,1,0
4.154131200,0,0,0
4.154131520,0,1,0
4.154131840,0,0,0
4.154132160,0,1,0
4.154132480,1,0,0
4.154132800,1,1,0
4.154133120,0,0,0
4.154133440,0,1,0
4.154133760,0,0,0
4.154134240,0,1,0
4.154134560,0,0,0
4.154134880,0,1,0
4.154135200,0,0,0
4.154135520,0,1,0
4.154135840,0,0,0
4.154136160,0,1,0
4.154136480,1,0,0
4.154136800,1,1,0
4.154137120,1,0,0
4.154137440,1,1,0
4.154137760,1,0,0
4.154137920,0,0,0
4.154138240,0,1,0
4.154138560,0,0,0
4.154138880,0,1,0
4.154139200,1,0,1
4.154139520,1,1,1
4.154139840,0,0,0
4.154140160,0,1,0
4.193129760,0,0,0
4.193130080,0,1,0
4.193130400,0,0,0
4.193130720,0,1,0
4.193131040,0,0,0
4.193131520,0,1,0
4.193131840,0,0,0
4.193132160,0,1,0
4.193132480,0,0,0
4.193132800,0,1,0
4.193133120,0,0,0
4.193133440,0,1,0
4.193133760,0,0,0
4.193134080,0,1,0
4.193134400,0,0,0
4.193134720,0,1,0
4.193135040,0,0,0
4.193135520,0,1,0
4.193135840,0,0,0
4.193136160,0,1,0
4.193136480,0,0,0
4.193136800,0,1,0
4.193137120,0,0,0
4.193137440,0,1,0
4.193137760,0,0,0
4.193138080,0,1,0
4.193138400,0,0,0
4.193138720,0,1,0
4.193139040,0,0,0
4.193139520,0,1,0
4.193139840,0,0,0
4.193140160,0,1,0
4.193140480,0,0,0
4.193140800,0,1,0
4.193141120,0,0,0
4.193141440,0,1,0
4.193141760,0,0,0
4.193142080,0,1,0
4.193142400,0,0,0
4.193142720,0,1,0
4.193143040,1,0,0
4.193143520,1,1,0
4.193143840,0,0,0
4.193144160,0,1,0
4.193144480,0,0,0
4.193144800,0,1,0
4.193145120,0,0,0
4.193145440,0,1,0
4.193145760,0,0,0
4.193146080,0,1,0
4.193146400,0,0,0
4.193146720,0,1,0
4.193147040,1,0,0
4.193147520,1,1,0
4.193147840,0,0,0
4.193148160,0,1,0
4.193148480,0,0,0
4.193148800,0,1,0
4.193149120,0,0,0
4.193149440,0,1,0
4.193149760,0,0,0
4.193150080,0,1,0
4.193150400,0,0,0
4.193150720,0,1,0
4.193587040,0,0,0
4.193587360,0,1,0
4.193587840,0,0,0
4.193588160,0,1,0
4.193588480,0,0,0
4.193588800,0,1,0
4.193589120,0,0,0
4.193589440,0,1,0
4.193589760,1,0,1
4.193590080,1,1,1
4.193590400,1,0,0
4.193590720,1,1,0
4.193591040,1,0,0
4.193591520,1,1,0
4.193591840,1,0,0
4.193592160,1,1,0
4.193592480,0,0,0
4.193592800,0,1,0
4.193593120,0,0,0
4.193593440,0,1,0
4.193593760,0,0,0
4.193594080,0,1,0
4.193594400,1,0,0
4.193594720,1,1,0
4.193595040,0,0,0
4.193595520,0,1,0
4.193595840,0,0,0
4.193596160,0,1,0
4.193596480,0,0,0
4.193596800,0,1,0
4.193597120,0,0,0
4.193597440,0,1,0
4.193597760,1,0,1
4.193598080,1,1,1
4.193598400,0,0,0
4.193598720,0,1,0
4.193599040,0,0,0
4.193599520,0,1,0
4.193599840,0,0,0
4.193600160,0,1,0
4.193600480,0,0,1
4.193600800,0,1,1
4.193601120,0,0,0
4.193601440,0,1,0
4.193601760,0,0,0
4.193602080,0,1,0
4.193602400,0,0,0
4.193602720,0,1,0
4.193603040,0,0,0
4.193603520,0,1,0
4.193603840,0,0,0
4.193604160,0,1,0
4.193604480,0,0,1
4.193604800,0,1,1
4.193605120,1,0,1
4.193605440,1,1,1
4.193605760,1,0,0
4.193606080,1,1,0
4.193606400,0,0,0
4.193606720,0,1,0
4.193607040,1,0,0
4.193607200,1,0,1
4.193607520,1,1,1
4.193607840,0,0,0
4.193608160,0,1,0
4.193860480,0,0,0
4.193860800,0,1,0
4.193861120,0,0,0
4.193861440,0,1,0
4.193861760,0,0,0
4.193862080,0,1,0
4.193862400,0,0,0
4.193862720,0,1,0
4.193863040,0,0,0
4.193863360,0,1,0
4.193863840,0,0,0
4.193864160,0,1,0
4.193864480,0,0,0
4.193864800,0,1,0
4.193865120,0,0,1
4.193865440,0,1,1
4.193865760,0,0,1
4.193866080,0,1,1
4.193866400,0,0,0
4.193866720,0,1,0
4.193867040,0,0,0
4.193867520,0,1,0
4.193867840,0,0,0
4.193868160,0,1,0
4.193868480,0,0,0
4.193868800,0,1,0
4.193869120,0,0,0
4.193869440,0,1,0
4.193869760,0,0,0
4.193870080,0,1,0
4.193870400,0,0,0
4.193870720,0,1,0
4.193871040,0,0,0
4.193871520,0,1,0
4.193871840,0,0,0
4.193872160,0,1,0
4.193872480,0,0,0
4.193872800,0,1,0
4.193873120,0,0,0
4.193873440,0,1,0
4.193873760,1,0,1
4.193874080,1,1,1
4.193874400,0,0,0
4.193874720,0,1,0
4.193875040,0,0,0
4.193875520,0,1,0
4.193875840,1,0,0
4.193876160,1,1,0
4.193876480,1,0,0
4.193876800,1,1,0
4.193877120,0,0,0
4.193877440,0,1,0
4.193877760,1,0,1
4.193878080,1,1,1
4.193878400,0,0,0
4.193878720,0,1,0
4.193879040,0,0,0
4.193879200,0,0,1
4.193879520,0,1,1
4.193879840,1,0,1
4.193880160,1,1,1
4.193880480,1,0,0
4.193880800,1,1,0
4.193881120,0,0,0
4.193881440,0,1,0
4.194313120,0,0,0
4.194313440,0,1,0
4.194313760,0,0,0
4.194314080,0,1,0
4.194314400,0,0,0
4.194314720,0,1,0
4.194315040,0,0,0
4.194315360,0,1,0
4.194315840,1,0,1
4.194316160,1,1,1
4.194316480,0,0,1
4.194316800,0,1,1
4.194317120,0,0,1
4.194317440,0,1,1
4.194317760,0,0,1
4.194318080,0,1,1
4.194318400,0,0,0
4.194318720,0,1,0
4.194319040,0,0,0
4.194319360,0,1,0
4.194319840,0,0,0
4.194320160,0,1,0
4.194320480,0,0,0
4.194320800,0,1,0
4.194321120,0,0,0
4.194321440,0,1,0
4.194321760,0,0,0
4.194322080,0,1,0
4.194322400,0,0,0
4.194322720,0,1,0
4.194323040,0,0,0
4.194323360,0,1,0
4.194323840,1,0,1
4.194324160,1,1,1
4.194324480,0,0,0
4.194324800,0,1,0
4.194325120,0,0,0
4.194325440,0,1,0
4.194325760,0,0,0
4.194326080,0,1,0
4.194326400,1,0,1
4.194326720,1,1,1
4.194327040,0,0,1
4.194327200,0,0,0
4.194327520,0,1,0
4.194327840,0,0,0
4.194328160,0,1,0
4.194328480,0,0,1
4.194328800,0,1,1
4.194329120,0,0,1
4.194329440,0,1,1
4.194329760,0,0,0
4.194330080,0,1,0
4.194330400,1,0,1
4.194330720,1,1,1
4.194331040,1,0,1
4.194331520,1,1,1
4.194331840,0,0,0
4.194332160,0,1,0
4.194332480,0,0,0
4.194332800,0,1,0
4.194333120,1,0,0
4.194333440,1,1,0
4.194333760,0,0,0
4.194334080,0,1,0
4.194595040,0,0,0
4.194595360,0,1,0
4.194595840,0,0,0
4.194596160,0,1,0
4.194596480,0,0,0
4.194596800,0,1,0
4.194597120,0,0,0
4.194597440,0,1,0
4.194597760,0,0,0
4.194598080,0,1,0
4.194598400,0,0,0
4.194598720,0,1,0
4.194599040,0,0,0
4.194599360,0,1,0
4.194599840,0,0,0
4.194600160,0,1,0
4.194600480,0,0,0
4.194600800,0,1,0
4.194601120,0,0,0
4.194601440,0,1,0
4.194601760,0,0,0
4.194602080,0,1,0
4.194602400,0,0,1
4.194602720,0,1,1
4.194603040,0,0,1
4.194603360,0,1,1
4.194603840,0,0,0
4.194604160,0,1,0
4.194604480,0,0,0
4.194604800,0,1,0
4.194605120,0,0,1
4.194605440,0,1,1
4.194605760,0,0,0
4.194606080,0,1,0
4.194606400,0,0,0
4.194606720,0,1,0
4.194607040,0,0,0
4.194607360,0,1,0
4.194607840,0,0,0
4.194608160,0,1,0
4.194608480,0,0,1
4.194608800,0,1,1
4.194609120,0,0,0
4.194609440,0,1,0
4.194609760,0,0,0
4.194610080,0,1,0
4.194610400,0,0,1
4.194610720,0,1,1
4.194611040,0,0,1
4.194611520,0,1,1
4.194611840,0,0,0
4.194612160,0,1,0
4.194612480,0,0,0
4.194612800,0,1,0
4.194613120,0,0,1
4.194613440,0,1,1
4.194613760,0,0,1
4.194614080,0,1,1
4.194614400,0,0,1
4.194614720,0,1,1
4.194615040,0,0,1
4.194615520,0,1,1
4.194615840,0,0,0
4.194616160,0,1,0
4.194868480,0,0,0
4.194868800,0,1,0
4.194869120,0,0,0
4.194869440,0,1,0
4.194869760,0,0,0
4.194870080,0,1,0
4.194870400,0,0,0
4.194870720,0,1,0
4.194871040,1,0,0
4.194871200,1,0,1
4.194871360,1,1,1
4.194871840,0,0,0
4.194872160,0,1,0
4.194872480,0,0,0
4.194872800,0,1,0
4.194873120,0,0,0
4.194873440,0,1,0
4.194873760,0,0,0
4.194874080,0,1,0
4.194874400,0,0,0
4.194874720,0,1,0
4.194875040,0,0,0
4.194875360,0,1,0
4.194875840,0,0,0
4.194876160,0,1,0
4.194876480,0,0,0
4.194876800,0,1,0
4.194877120,0,0,0
4.194877440,0,1,0
4.194877760,0,0,0
4.194878080,0,1,0
4.194878400,0,0,0
4.194878720,0,1,0
4.194879040,1,0,0
4.194879200,1,0,1
4.194879360,1,1,1
4.194879840,0,0,0
4.194880160,0,1,0
4.194880480,0,0,0
4.194880800,0,1,0
4.194881120,0,0,0
4.194881440,0,1,0
4.194881760,1,0,0
4.194882080,1,1,0
4.194882400,0,0,0
4.194882720,0,1,0
4.194883040,0,0,0
4.194883360,0,1,0
4.194883840,1,0,0
4.194884160,1,1,0
4.194884480,1,0,0
4.194884800,1,1,0
4.194885120,0,0,0
4.194885440,0,1,0
4.194885760,1,0,0
4.194886080,1,1,0
4.194886400,1,0,1
4.194886720,1,1,1
4.194887040,1,0,1
4.194887200,1,0,0
4.194887360,1,1,0
4.194887840,0,0,0
4.194888160,0,1,0
4.194888480,0,0,1
4.194888800,0,1,1
4.194889120,0,0,0
4.194889440,0,1,0
4.233119680,0,0,0
4.233120000,0,1,0
4.233120320,0,0,0
4.233120640,0,1,0
4.233120960,0,0,0
4.233121440,0,1,0
4.233121760,0,0,0
4.233122080,0,1,0
4.233122400,0,0,0
4.233122720,0,1,0
4.233123040,0,0,0
4.233123360,0,1,0
4.233123680,0,0,0
4.233124000,0,1,0
4.233124320,0,0,0
4.233124640,0,1,0
4.233124960,0,0,0
4.233125440,0,1,0
4.233125760,0,0,0
4.233126080,0,1,0
4.233126400,0,0,0
4.233126720,0,1,0
4.233127040,0,0,0
4.233127360,0,1,0
4.233127680,0,0,0
4.233128000,0,1,0
4.233128320,0,0,0
4.233128640,0,1,0
4.233128960,0,0,0
4.233129440,0,1,0
4.233129760,0,0,0
4.233130080,0,1,0
4.233130400,0,0,0
4.233130720,0,1,0
4.233131040,0,0,0
4.233131360,0,1,0
4.233131680,0,0,0
4.233132000,0,1,0
4.233132320,0,0,0
4.233132640,0,1,0
4.233132960,0,0,0
4.233133120,1,0,0
4.233133440,1,1,0
4.233133760,0,0,0
4.233134080,0,1,0
4.233134400,0,0,0
4.233134720,0,1,0
4.233135040,0,0,0
4.233135360,0,1,0
4.233135680,0,0,0
4.233136000,0,1,0
4.233136320,0,0,0
4.233136640,0,1,0
4.233136960,0,0,0
4.233137120,1,0,0
4.233137440,1,1,0
4.233137760,0,0,0
4.233138080,0,1,0
4.233138400,0,0,0
4.233138720,0,1,0
4.233139040,0,0,0
4.233139360,0,1,0
4.233139680,0,0,0
4.233140000,0,1,0
4.233140320,0,0,0
4.233140640,0,1,0
4.233575680,0,0,0
4.233576000,0,1,0
4.233576320,0,0,0
4.233576640,0,1,0
4.233576960,0,0,0
4.233577440,0,1,0
4.233577760,0,0,0
4.233578080,0,1,0
4.233578400,1,0,1
4.233578720,1,1,1
4.233579040,0,0,0
4.233579360,0,1,0
4.233579680,0,0,0
4.233580000,0,1,0
4.233580320,1,0,0
4.233580640,1,1,0
4.233580960,0,0,0
4.233581440,0,1,0
4.233581760,0,0,0
4.233582080,0,1,0
4.233582400,0,0,0
4.233582720,0,1,0
4.233583040,1,0,0
4.233583360,1,1,0
4.233583680,0,0,0
4.233584000,0,1,0
4.233584320,0,0,0
4.233584640,0,1,0
4.233584960,0,0,0
4.233585440,0,1,0
4.233585760,0,0,0
4.233586080,0,1,0
4.233586400,1,0,1
4.233586720,1,1,1
4.233587040,0,0,0
4.233587360,0,1,0
4.233587680,0,0,0
4.233588000,0,1,0
4.233588320,0,0,0
4.233588640,0,1,0
4.233588960,0,0,0
4.233589120,0,0,1
4.233589440,0,1,1
4.233589760,0,0,0
4.233590080,0,1,0
4.233590400,0,0,0
4.233590720,0,1,0
4.233591040,0,0,0
4.233591360,0,1,0
4.233591680,0,0,0
4.233592000,0,1,0
4.233592320,0,0,0
4.233592640,0,1,0
4.233592960,0,0,0
4.233593120,1,0,1
4.233593440,1,1,1
4.233593760,0,0,1
4.233594080,0,1,1
4.233594400,1,0,0
4.233594720,1,1,0
4.233595040,0,0,0
4.233595360,0,1,0
4.233595680,1,0,1
4.233596000,1,1,1
4.233596320,0,0,0
4.233596640,0,1,0
4.233848320,0,0,0
4.233848640,0,1,0
4.233848960,0,0,0
4.233849440,0,1,0
4.233849760,0,0,0
4.233850080,0,1,0
4.233850400,0,0,0
4.233850720,0,1,0
4.233851040,0,0,0
4.233851360,0,1,0
4.233851680,0,0,0
4.233852000,0,1,0
4.233852320,0,0,0
4.233852640,0,1,0
4.233852960,0,0,0
4.233853120,0,0,1
4.233853440,0,1,1
4.233853760,0,0,1
4.233854080,0,1,1
4.233854400,0,0,0
4.233854720,0,1,0
4.233855040,0,0,0
4.233855360,0,1,0
4.233855680,0,0,0
4.233856000,0,1,0
4.233856320,0,0,0
4.233856640,0,1,0
4.233856960,0,0,0
4.233857440,0,1,0
4.233857760,0,0,0
4.233858080,0,1,0
4.233858400,0,0,0
4.233858720,0,1,0
4.233859040,0,0,0
4.233859360,0,1,0
4.233859680,0,0,0
4.233860000,0,1,0
4.233860320,0,0,0
4.233860640,0,1,0
4.233860960,0,0,0
4.233861440,0,1,0
4.233861760,0,0,1
4.233862080,0,1,1
4.233862400,0,0,0
4.233862720,0,1,0
4.233863040,0,0,0
4.233863360,0,1,0
4.233863680,0,0,0
4.233864000,0,1,0
4.233864320,0,0,0
4.233864640,0,1,0
4.233864960,0,0,0
4.233865440,0,1,0
4.233865760,0,0,1
4.233866080,0,1,1
4.233866400,0,0,0
4.233866720,0,1,0
4.233867040,0,0,1
4.233867360,0,1,1
4.233867680,0,0,1
4.233868000,0,1,1
4.233868320,0,0,0
4.233868640,0,1,0
4.233868960,0,0,0
4.233869440,0,1,0
4.234119680,0,0,0
4.234120000,0,1,0
4.234120320,0,0,0
4.234120640,0,1,0
4.234120960,0,0,0
4.234121440,0,1,0
4.234121760,0,0,0
4.234122080,0,1,0
4.234122400,1,0,1
4.234122720,1,1,1
4.234123040,0,0,0
4.234123360,0,1,0
4.234123680,0,0,0
4.234124000,0,1,0
4.234124320,0,0,1
4.234124640,0,1,1
4.234124960,0,0,1
4.234125120,0,0,0
4.234125440,0,1,0
4.234125760,0,0,0
4.234126080,0,1,0
4.234126400,0,0,0
4.234126720,0,1,0
4.234127040,0,0,0
4.234127360,0,1,0
4.234127680,0,0,0
4.234128000,0,1,0
4.234128320,0,0,0
4.234128640,0,1,0
4.234128960,0,0,0
4.234129440,0,1,0
4.234129760,0,0,0
4.234130080,0,1,0
4.234130400,1,0,1
4.234130720,1,1,1
4.234131040,0,0,0
4.234131360,0,1,0
4.234131680,0,0,0
4.234132000,0,1,0
4.234132320,0,0,0
4.234132640,0,1,0
4.234132960,0,0,0
4.234133120,1,0,0
4.234133440,1,1,0
4.234133760,0,0,0
4.234134080,0,1,0
4.234134400,0,0,0
4.234134720,0,1,0
4.234135040,0,0,0
4.234135360,0,1,0
4.234135680,0,0,0
4.234136000,0,1,0
4.234136320,0,0,0
4.234136640,0,1,0
4.234136960,0,0,0
4.234137120,1,0,0
4.234137440,1,1,0
4.234137760,1,0,1
4.234138080,1,1,1
4.234138400,0,0,1
4.234138720,0,1,1
4.234139040,0,0,0
4.234139360,0,1,0
4.234139680,1,0,1
4.234140000,1,1,1
4.234140320,0,0,0
4.234140640,0,1,0
4.273116960,0,0,0
4.273117280,0,1,0
4.273117600,0,0,0
4.273117920,0,1,0
4.273118240,0,0,0
4.273118560,0,1,0
4.273119040,0,0,0
4.273119360,0,1,0
4.273119680,0,0,0
4.273120000,0,1,0
4.273120320,0,0,0
4.273120640,0,1,0
4.273120960,0,0,0
4.273121280,0,1,0
4.273121600,0,0,0
4.273121920,0,1,0
4.273122240,0,0,0
4.273122560,0,1,0
4.273123040,0,0,0
4.273123360,0,1,0
4.273123680,0,0,0
4.273124000,0,1,0
4.273124320,0,0,0
4.273124640,0,1,0
4.273124960,0,0,0
4.273125280,0,1,0
4.273125600,0,0,0
4.273125920,0,1,0
4.273126240,0,0,0
4.273126560,0,1,0
4.273127040,0,0,0
4.273127360,0,1,0
4.273127680,0,0,0
4.273128000,0,1,0
4.273128320,0,0,0
4.273128640,0,1,0
4.273128960,0,0,0
4.273129280,0,1,0
4.273129600,0,0,0
4.273129920,0,1,0
4.273130240,1,0,0
4.273130560,1,1,0
4.273131040,0,0,0
4.273131360,0,1,0
4.273131680,0,0,0
4.273132000,0,1,0
4.273132320,0,0,0
4.273132640,0,1,0
4.273132960,0,0,0
4.273133280,0,1,0
4.273133600,0,0,0
4.273133920,0,1,0
4.273134240,1,0,0
4.273134560,1,1,0
4.273135040,0,0,0
4.273135360,0,1,0
4.273135680,0,0,0
4.273136000,0,1,0
4.273136320,0,0,0
4.273136640,0,1,0
4.273136960,0,0,0
4.273137280,0,1,0
4.273137600,0,0,0
4.273137920,0,1,0
4.273572320,0,0,0
4.273572640,0,1,0
4.273572960,0,0,0
4.273573280,0,1,0
4.273573600,0,0,0
4.273573920,0,1,0
4.273574240,0,0,0
4.273574560,0,1,0
4.273575040,1,0,1
4.273575360,1,1,1
4.273575680,0,0,0
4.273576000,0,1,0
4.273576320,1,0,0
4.273576640,1,1,0
4.273576960,0,0,0
4.273577280,0,1,0
4.273577600,0,0,0
4.273577920,0,1,0
4.273578240,0,0,0
4.273578560,0,1,0
4.273579040,0,0,0
4.273579360,0,1,0
4.273579680,1,0,0
4.273580000,1,1,0
4.273580320,0,0,0
4.273580640,0,1,0
4.273580960,0,0,0
4.273581280,0,1,0
4.273581600,0,0,0
4.273581920,0,1,0
4.273582240,0,0,0
4.273582560,0,1,0
4.273583040,1,0,1
4.273583360,1,1,1
4.273583680,0,0,0
4.273584000,0,1,0
4.273584320,0,0,0
4.273584640,0,1,0
4.273584960,0,0,0
4.273585280,0,1,0
4.273585600,0,0,1
4.273585920,0,1,1
4.273586240,0,0,1
4.273586400,0,0,0
4.273586560,0,1,0
4.273587040,0,0,0
4.273587360,0,1,0
4.273587680,0,0,0
4.273588000,0,1,0
4.273588320,0,0,0
4.273588640,0,1,0
4.273588960,0,0,0
4.273589280,0,1,0
4.273589600,1,0,1
4.273589920,1,1,1
4.273590240,1,0,1
4.273590560,1,1,1
4.273591040,0,0,0
4.273591360,0,1,0
4.273591680,0,0,0
4.273592000,0,1,0
4.273592320,1,0,1
4.273592640,1,1,1
4.273592960,0,0,0
4.273593280,0,1,0
4.273844320,0,0,0
4.273844640,0,1,0
4.273844960,0,0,0
4.273845280,0,1,0
4.273845600,0,0,0
4.273845920,0,1,0
4.273846240,0,0,0
4.273846560,0,1,0
4.273847040,0,0,0
4.273847360,0,1,0
4.273847680,0,0,0
4.273848000,0,1,0
4.273848320,0,0,0
4.273848640,0,1,0
4.273848960,0,0,1
4.273849280,0,1,1
4.273849600,0,0,1
4.273849920,0,1,1
4.273850240,0,0,1
4.273850400,0,0,0
4.273850560,0,1,0
4.273851040,0,0,0
4.273851360,0,1,0
4.273851680,0,0,0
4.273852000,0,1,0
4.273852320,0,0,0
4.273852640,0,1,0
4.273852960,0,0,0
4.273853280,0,1,0
4.273853600,0,0,0
4.273853920,0,1,0
4.273854240,0,0,0
4.273854560,0,1,0
4.273855040,0,0,0
4.273855360,0,1,0
4.273855680,0,0,0
4.273856000,0,1,0
4.273856320,0,0,0
4.273856640,0,1,0
4.273856960,0,0,0
4.273857280,0,1,0
4.273857600,0,0,1
4.273857920,0,1,1
4.273858240,0,0,1
4.273858400,0,0,0
4.273858560,0,1,0
4.273859040,0,0,0
4.273859360,0,1,0
4.273859680,0,0,0
4.273860000,0,1,0
4.273860320,0,0,0
4.273860640,0,1,0
4.273860960,0,0,0
4.273861280,0,1,0
4.273861600,0,0,1
4.273861920,0,1,1
4.273862240,0,0,1
4.273862400,0,0,0
4.273862560,0,1,0
4.273863040,0,0,1
4.273863360,0,1,1
4.273863680,0,0,1
4.273864000,0,1,1
4.273864320,0,0,0
4.273864640,0,1,0
4.273864960,0,0,0
4.273865280,0,1,0
4.274115040,0,0,0
4.274115360,0,1,0
4.274115680,0,0,0
4.274116000,0,1,0
4.274116320,0,0,0
4.274116640,0,1,0
4.274116960,0,0,0
4.274117280,0,1,0
4.274117600,1,0,1
4.274117920,1,1,1
4.274118240,0,0,1
4.274118400,0,0,0
4.274118560,0,1,0
4.274119040,0,0,1
4.274119360,0,1,1
4.274119680,0,0,0
4.274120000,0,1,0
4.274120320,0,0,0
4.274120640,0,1,0
4.274120960,0,0,0
4.274121280,0,1,0
4.274121600,0,0,0
4.274121920,0,1,0
4.274122240,0,0,0
4.274122560,0,1,0
4.274123040,0,0,0
4.274123360,0,1,0
4.274123680,0,0,0
4.274124000,0,1,0
4.274124320,0,0,0
4.274124640,0,1,0
4.274124960,0,0,0
4.274125280,0,1,0
4.274125600,1,0,1
4.274125920,1,1,1
4.274126240,0,0,1
4.274126400,0,0,0
4.274126560,0,1,0
4.274127040,0,0,0
4.274127360,0,1,0
4.274127680,0,0,0
4.274128000,0,1,0
4.274128320,1,0,0
4.274128640,1,1,0
4.274128960,0,0,0
4.274129280,0,1,0
4.274129600,0,0,0
4.274129920,0,1,0
4.274130240,0,0,0
4.274130560,0,1,0
4.274131040,0,0,0
4.274131360,0,1,0
4.274131680,0,0,0
4.274132000,0,1,0
4.274132320,1,0,1
4.274132640,1,1,1
4.274132960,1,0,0
4.274133280,1,1,0
4.274133600,0,0,0
4.274133920,0,1,0
4.274134240,0,0,0
4.274134560,0,1,0
4.274135040,1,0,1
4.274135360,1,1,1
4.274135680,0,0,0
4.274136000,0,1,0
4.313128160,0,0,0
4.313128640,0,1,0
4.313128960,0,0,0
4.313129280,0,1,0
4.313129600,0,0,0
4.313129920,0,1,0
4.313130240,0,0,0
4.313130560,0,1,0
4.313130880,0,0,0
4.313131200,0,1,0
4.313131520,0,0,0
4.313131840,0,1,0
4.313132160,0,0,0
4.313132640,0,1,0
4.313132960,0,0,0
4.313133280,0,1,0
4.313133600,0,0,0
4.313133920,0,1,0
4.313134240,0,0,0
4.313134560,0,1,0
4.313134880,0,0,0
4.313135200,0,1,0
4.313135520,0,0,0
4.313135840,0,1,0
4.313136160,0,0,0
4.313136640,0,1,0
4.313136960,0,0,0
4.313137280,0,1,0
4.313137600,0,0,0
4.313137920,0,1,0
4.313138240,0,0,0
4.313138560,0,1,0
4.313138880,0,0,0
4.313139200,0,1,0
4.313139520,0,0,0
4.313139840,0,1,0
4.313140160,0,0,0
4.313140640,0,1,0
4.313140960,0,0,0
4.313141280,0,1,0
4.313141600,1,0,0
4.313141920,1,1,0
4.313142240,0,0,0
4.313142560,0,1,0
4.313142880,0,0,0
4.313143200,0,1,0
4.313143520,0,0,0
4.313143840,0,1,0
4.313144160,0,0,0
4.313144640,0,1,0
4.313144960,0,0,0
4.313145280,0,1,0
4.313145600,1,0,0
4.313145920,1,1,0
4.313146240,0,0,0
4.313146560,0,1,0
4.313146880,0,0,0
4.313147200,0,1,0
4.313147520,0,0,0
4.313147840,0,1,0
4.313148160,0,0,0
4.313148640,0,1,0
4.313148960,0,0,0
4.313149280,0,1,0
4.313582880,0,0,0
4.313583200,0,1,0
4.313583520,0,0,0
4.313583840,0,1,0
4.313584160,0,0,0
4.313584640,0,1,0
4.313584960,0,0,0
4.313585280,0,1,0
4.313585600,1,0,1
4.313585920,1,1,1
4.313586240,0,0,0
4.313586560,0,1,0
4.313586880,1,0,0
4.313587200,1,1,0
4.313587520,1,0,0
4.313587840,1,1,0
4.313588160,0,0,0
4.313588640,0,1,0
4.313588960,0,0,0
4.313589280,0,1,0
4.313589600,0,0,0
4.313589920,0,1,0
4.313590240,1,0,0
4.313590560,1,1,0
4.313590880,0,0,0
4.313591200,0,1,0
4.313591520,0,0,0
4.313591840,0,1,0
4.313592160,0,0,0
4.313592640,0,1,0
4.313592960,0,0,0
4.313593280,0,1,0
4.313593600,1,0,1
4.313593920,1,1,1
4.313594240,0,0,0
4.313594560,0,1,0
4.313594880,0,0,0
4.313595200,0,1,0
4.313595520,0,0,0
4.313595840,0,1,0
4.313596160,0,0,0
4.313596320,0,0,1
4.313596640,0,1,1
4.313596960,0,0,0
4.313597280,0,1,0
4.313597600,0,0,0
4.313597920,0,1,0
4.313598240,0,0,0
4.313598560,0,1,0
4.313598880,0,0,0
4.313599200,0,1,0
4.313599520,0,0,0
4.313599840,0,1,0
4.313600160,0,0,0
4.313600320,1,0,1
4.313600640,1,1,1
4.313600960,1,0,1
4.313601280,1,1,1
4.313601600,1,0,0
4.313601920,1,1,0
4.313602240,0,0,0
4.313602560,0,1,0
4.313602880,1,0,1
4.313603200,1,1,1
4.313603520,0,0,0
4.313603840,0,1,0
4.313854880,0,0,0
4.313855200,0,1,0
4.313855520,0,0,0
4.313855840,0,1,0
4.313856160,0,0,0
4.313856640,0,1,0
4.313856960,0,0,0
4.313857280,0,1,0
4.313857600,0,0,0
4.313857920,0,1,0
4.313858240,0,0,0
4.313858560,0,1,0
4.313858880,0,0,0
4.313859200,0,1,0
4.313859520,0,0,1
4.313859840,0,1,1
4.313860160,0,0,1
4.313860640,0,1,1
4.313860960,0,0,0
4.313861280,0,1,0
4.313861600,0,0,0
4.313861920,0,1,0
4.313862240,0,0,0
4.313862560,0,1,0
4.313862880,0,0,0
4.313863200,0,1,0
4.313863520,0,0,0
4.313863840,0,1,0
4.313864160,0,0,0
4.313864640,0,1,0
4.313864960,0,0,0
4.313865280,0,1,0
4.313865600,0,0,0
4.313865920,0,1,0
4.313866240,0,0,0
4.313866560,0,1,0
4.313866880,0,0,0
4.313867200,0,1,0
4.313867520,0,0,0
4.313867840,0,1,0
4.313868160,0,0,0
4.313868320,1,0,1
4.313868640,1,1,1
4.313868960,0,0,0
4.313869280,0,1,0
4.313869600,0,0,0
4.313869920,0,1,0
4.313870240,1,0,0
4.313870560,1,1,0
4.313870880,1,0,0
4.313871200,1,1,0
4.313871520,0,0,0
4.313871840,0,1,0
4.313872160,0,0,0
4.313872320,1,0,1
4.313872640,1,1,1
4.313872960,0,0,0
4.313873280,0,1,0
4.313873600,0,0,1
4.313873920,0,1,1
4.313874240,1,0,1
4.313874560,1,1,1
4.313874880,1,0,0
4.313875200,1,1,0
4.313875520,0,0,0
4.313875840,0,1,0
4.314304960,0,0,0
4.314305280,0,1,0
4.314305600,0,0,0
4.314305920,0,1,0
4.314306240,0,0,0
4.314306560,0,1,0
4.314306880,0,0,0
4.314307200,0,1,0
4.314307520,1,0,1
4.314307840,1,1,1
4.314308160,1,0,1
4.314308320,1,0,0
4.314308640,1,1,0
4.314308960,0,0,1
4.314309280,0,1,1
4.314309600,0,0,1
4.314309920,0,1,1
4.314310240,0,0,0
4.314310560,0,1,0
4.314310880,0,0,0
4.314311200,0,1,0
4.314311520,0,0,0
4.314311840,0,1,0
4.314312160,0,0,0
4.314312640,0,1,0
4.314312960,0,0,0
4.314313280,0,1,0
4.314313600,0,0,0
4.314313920,0,1,0
4.314314240,0,0,0
4.314314560,0,1,0
4.314314880,0,0,0
4.314315200,0,1,0
4.314315520,1,0,1
4.314315840,1,1,1
4.314316160,0,0,1
4.314316320,0,0,0
4.314316640,0,1,0
4.314316960,0,0,0
4.314317280,0,1,0
4.314317600,0,0,0
4.314317920,0,1,0
4.314318240,1,0,1
4.314318560,1,1,1
4.314318880,0,0,0
4.314319200,0,1,0
4.314319520,0,0,0
4.314319840,0,1,0
4.314320160,0,0,0
4.314320320,0,0,1
4.314320640,0,1,1
4.314320960,0,0,1
4.314321280,0,1,1
4.314321600,0,0,0
4.314321920,0,1,0
4.314322240,0,0,0
4.314322560,0,1,0
4.314322880,1,0,1
4.314323200,1,1,1
4.314323520,0,0,0
4.314323840,0,1,0
4.314324160,0,0,0
4.314324640,0,1,0
4.314324960,1,0,0
4.314325280,1,1,0
4.314325600,0,0,0
4.314325920,0,1,0
4.314584960,0,0,0
4.314585280,0,1,0
4.314585600,0,0,0
4.314585920,0,1,0
4.314586240,0,0,0
4.314586560,0,1,0
4.314586880,0,0,0
4.314587200,0,1,0
4.314587520,0,0,0
4.314587840,0,1,0
4.314588160,0,0,0
4.314588640,0,1,0
4.314588960,0,0,0
4.314589280,0,1,0
4.314589600,0,0,0
4.314589920,0,1,0
4.314590240,0,0,0
4.314590560,0,1,0
4.314590880,0,0,0
4.314591200,0,1,0
4.314591520,0,0,0
4.314591840,0,1,0
4.314592160,0,0,0
4.314592320,0,0,1
4.314592640,0,1,1
4.314592960,0,0,1
4.314593280,0,1,1
4.314593600,0,0,0
4.314593920,0,1,0
4.314594240,0,0,0
4.314594560,0,1,0
4.314594880,0,0,1
4.314595200,0,1,1
4.314595520,0,0,0
4.314595840,0,1,0
4.314596160,0,0,0
4.314596640,0,1,0
4.314596960,0,0,0
4.314597280,0,1,0
4.314597600,0,0,0
4.314597920,0,1,0
4.314598240,0,0,1
4.314598560,0,1,1
4.314598880,0,0,0
4.314599200,0,1,0
4.314599520,0,0,0
4.314599840,0,1,0
4.314600160,0,0,0
4.314600320,0,0,1
4.314600640,0,1,1
4.314600960,0,0,1
4.314601280,0,1,1
4.314601600,0,0,0
4.314601920,0,1,0
4.314602240,0,0,0
4.314602560,0,1,0
4.314602880,0,0,1
4.314603200,0,1,1
4.314603520,0,0,1
4.314603840,0,1,1
4.314604160,0,0,1
4.314604640,0,1,1
4.314604960,0,0,1
4.314605280,0,1,1
4.314605600,0,0,0
4.314605920,0,1,0
4.314856960,0,0,0
4.314857280,0,1,0
4.314857600,0,0,0
4.314857920,0,1,0
4.314858240,0,0,0
4.314858560,0,1,0
4.314858880,0,0,0
4.314859200,0,1,0
4.314859520,1,0,1
4.314859840,1,1,1
4.314860160,0,0,1
4.314860640,0,1,1
4.314860960,0,0,0
4.314861280,0,1,0
4.314861600,0,0,0
4.314861920,0,1,0
4.314862240,0,0,0
4.314862560,0,1,0
4.314862880,0,0,0
4.314863200,0,1,0
4.314863520,0,0,0
4.314863840,0,1,0
4.314864160,0,0,0
4.314864640,0,1,0
4.314864960,0,0,0
4.314865280,0,1,0
4.314865600,0,0,0
4.314865920,0,1,0
4.314866240,0,0,0
4.314866560,0,1,0
4.314866880,0,0,0
4.314867200,0,1,0
4.314867520,1,0,1
4.314867840,1,1,1
4.314868160,0,0,1
4.314868320,0,0,0
4.314868640,0,1,0
4.314868960,0,0,0
4.314869280,0,1,0
4.314869600,0,0,0
4.314869920,0,1,0
4.314870240,1,0,0
4.314870560,1,1,0
4.314870880,0,0,0
4.314871200,0,1,0
4.314871520,0,0,0
4.314871840,0,1,0
4.314872160,0,0,0
4.314872320,1,0,0
4.314872640,1,1,0
4.314872960,1,0,0
4.314873280,1,1,0
4.314873600,0,0,0
4.314873920,0,1,0
4.314874240,1,0,1
4.314874560,1,1,1
4.314874880,1,0,1
4.314875200,1,1,1
4.314875520,1,0,0
4.314875840,1,1,0
4.314876160,0,0,0
4.314876640,0,1,0
4.314876960,0,0,1
4.314877280,0,1,1
4.314877600,0,0,0
4.314877920,0,1,0
4.353158240,0,0,0
4.353158560,0,1,0
4.353158880,0,0,0
4.353159200,0,1,0
4.353159520,0,0,0
4.353159840,0,1,0
4.353160160,0,0,0
4.353160480,0,1,0
4.353160800,0,0,0
4.353161120,0,1,0
4.353161440,0,0,0
4.353161760,0,1,0
4.353162240,0,0,0
4.353162560,0,1,0
4.353162880,0,0,0
4.353163200,0,1,0
4.353163520,0,0,0
4.353163840,0,1,0
4.353164160,0,0,0
4.353164480,0,1,0
4.353164800,0,0,0
4.353165120,0,1,0
4.353165440,0,0,0
4.353165760,0,1,0
4.353166240,0,0,0
4.353166560,0,1,0
4.353166880,0,0,0
4.353167200,0,1,0
4.353167520,0,0,0
4.353167840,0,1,0
4.353168160,0,0,0
4.353168480,0,1,0
4.353168800,0,0,0
4.353169120,0,1,0
4.353169440,0,0,0
4.353169760,0,1,0
4.353170240,0,0,0
4.353170560,0,1,0
4.353170880,0,0,0
4.353171200,0,1,0
4.353171520,1,0,0
4.353171840,1,1,0
4.353172160,0,0,0
4.353172480,0,1,0
4.353172800,0,0,0
4.353173120,0,1,0
4.353173440,0,0,0
4.353173760,0,1,0
4.353174240,0,0,0
4.353174560,0,1,0
4.353174880,0,0,0
4.353175200,0,1,0
4.353175520,1,0,0
4.353175840,1,1,0
4.353176160,0,0,0
4.353176480,0,1,0
4.353176800,0,0,0
4.353177120,0,1,0
4.353177440,0,0,0
4.353177760,0,1,0
4.353178240,0,0,0
4.353178560,0,1,0
4.353178880,0,0,0
4.353179200,0,1,0
4.353625440,0,0,0
4.353625760,0,1,0
4.353626240,0,0,0
4.353626560,0,1,0
4.353626880,0,0,0
4.353627200,0,1,0
4.353627520,0,0,0
4.353627840,0,1,0
4.353628160,1,0,1
4.353628480,1,1,1
4.353628800,1,0,0
4.353629120,1,1,0
4.353629440,0,0,0
4.353629760,0,1,0
4.353630240,1,0,0
4.353630560,1,1,0
4.353630880,0,0,0
4.353631200,0,1,0
4.353631520,0,0,0
4.353631840,0,1,0
4.353632160,0,0,0
4.353632480,0,1,0
4.353632800,1,0,0
4.353633120,1,1,0
4.353633440,0,0,0
4.353633760,0,1,0
4.353634240,0,0,0
4.353634560,0,1,0
4.353634880,0,0,0
4.353635200,0,1,0
4.353635520,0,0,0
4.353635840,0,1,0
4.353636160,1,0,1
4.353636480,1,1,1
4.353636800,0,0,0
4.353637120,0,1,0
4.353637440,0,0,0
4.353637760,0,1,0
4.353638240,0,0,0
4.353638560,0,1,0
4.353638880,0,0,1
4.353639200,0,1,1
4.353639520,0,0,0
4.353639840,0,1,0
4.353640160,0,0,0
4.353640480,0,1,0
4.353640800,0,0,0
4.353641120,0,1,0
4.353641440,0,0,0
4.353641760,0,1,0
4.353642240,0,0,0
4.353642560,0,1,0
4.353642880,0,0,1
4.353643200,0,1,1
4.353643520,0,0,1
4.353643840,0,1,1
4.353644160,1,0,0
4.353644480,1,1,0
4.353644800,0,0,0
4.353645120,0,1,0
4.353645440,1,0,1
4.353645760,1,1,1
4.353646240,0,0,0
4.353646560,0,1,0
4.353901440,0,0,0
4.353901760,0,1,0
4.353902240,0,0,0
4.353902560,0,1,0
4.353902880,0,0,0
4.353903200,0,1,0
4.353903520,0,0,0
4.353903840,0,1,0
4.353904160,0,0,0
4.353904480,0,1,0
4.353904800,0,0,0
4.353905120,0,1,0
4.353905440,0,0,0
4.353905760,0,1,0
4.353906240,0,0,1
4.353906560,0,1,1
4.353906880,0,0,1
4.353907200,0,1,1
4.353907520,0,0,0
4.353907840,0,1,0
4.353908160,0,0,0
4.353908480,0,1,0
4.353908800,0,0,0
4.353909120,0,1,0
4.353909440,0,0,0
4.353909760,0,1,0
4.353910240,0,0,0
4.353910560,0,1,0
4.353910880,0,0,0
4.353911200,0,1,0
4.353911520,0,0,0
4.353911840,0,1,0
4.353912160,0,0,0
4.353912480,0,1,0
4.353912800,0,0,0
4.353913120,0,1,0
4.353913440,0,0,0
4.353913760,0,1,0
4.353914240,0,0,0
4.353914560,0,1,0
4.353914880,0,0,1
4.353915200,0,1,1
4.353915520,0,0,0
4.353915840,0,1,0
4.353916160,0,0,0
4.353916480,0,1,0
4.353916800,0,0,0
4.353917120,0,1,0
4.353917440,0,0,0
4.353917760,0,1,0
4.353918240,0,0,0
4.353918560,0,1,0
4.353918880,0,0,1
4.353919200,0,1,1
4.353919520,0,0,0
4.353919840,0,1,0
4.353920160,0,0,1
4.353920480,0,1,1
4.353920800,0,0,1
4.353921120,0,1,1
4.353921440,0,0,0
4.353921760,0,1,0
4.353922240,0,0,0
4.353922560,0,1,0
4.354172160,0,0,0
4.354172480,0,1,0
4.354172800,0,0,0
4.354173120,0,1,0
4.354173440,0,0,0
4.354173760,0,1,0
4.354174240,0,0,0
4.354174560,0,1,0
4.354174880,1,0,1
4.354175200,1,1,1
4.354175520,0,0,1
4.354175840,0,1,1
4.354176160,0,0,0
4.354176480,0,1,0
4.354176800,0,0,1
4.354177120,0,1,1
4.354177440,0,0,0
4.354177760,0,1,0
4.354178240,0,0,0
4.354178560,0,1,0
4.354178880,0,0,0
4.354179200,0,1,0
4.354179520,0,0,0
4.354179840,0,1,0
4.354180160,0,0,0
4.354180480,0,1,0
4.354180800,0,0,0
4.354181120,0,1,0
4.354181440,0,0,0
4.354181760,0,1,0
4.354182240,0,0,0
4.354182560,0,1,0
4.354182880,1,0,1
4.354183200,1,1,1
4.354183520,0,0,0
4.354183840,0,1,0
4.354184160,0,0,0
4.354184480,0,1,0
4.354184800,0,0,0
4.354185120,0,1,0
4.354185440,1,0,0
4.354185760,1,1,0
4.354186240,0,0,0
4.354186560,0,1,0
4.354186880,0,0,0
4.354187200,0,1,0
4.354187520,0,0,0
4.354187840,0,1,0
4.354188160,0,0,0
4.354188480,0,1,0
4.354188800,0,0,0
4.354189120,0,1,0
4.354189440,1,0,1
4.354189760,1,1,1
4.354190240,1,0,1
4.354190560,1,1,1
4.354190880,0,0,1
4.354191200,0,1,1
4.354191520,0,0,0
4.354191840,0,1,0
4.354192160,1,0,1
4.354192480,1,1,1
4.354192800,0,0,0
4.354193120,0,1,0
4.393123360,0,0,0
4.393123840,0,1,0
4.393124160,0,0,0
4.393124480,0,1,0
4.393124800,0,0,0
4.393125120,0,1,0
4.393125440,0,0,0
4.393125760,0,1,0
4.393126080,0,0,0
4.393126400,0,1,0
4.393126720,0,0,0
4.393127040,0,1,0
4.393127360,0,0,0
4.393127840,0,1,0
4.393128160,0,0,0
4.393128480,0,1,0
4.393128800,0,0,0
4.393129120,0,1,0
4.393129440,0,0,0
4.393129760,0,1,0
4.393130080,0,0,0
4.393130400,0,1,0
4.393130720,0,0,0
4.393131040,0,1,0
4.393131360,0,0,0
4.393131840,0,1,0
4.393132160,0,0,0
4.393132480,0,1,0
4.393132800,0,0,0
4.393133120,0,1,0
4.393133440,0,0,0
4.393133760,0,1,0
4.393134080,0,0,0
4.393134400,0,1,0
4.393134720,0,0,0
4.393135040,0,1,0
4.393135360,0,0,0
4.393135840,0,1,0
4.393136160,0,0,0
4.393136480,0,1,0
4.393136800,1,0,0
4.393137120,1,1,0
4.393137440,0,0,0
4.393137760,0,1,0
4.393138080,0,0,0
4.393138400,0,1,0
4.393138720,0,0,0
4.393139040,0,1,0
4.393139360,0,0,0
4.393139840,0,1,0
4.393140160,0,0,0
4.393140480,0,1,0
4.393140800,1,0,0
4.393141120,1,1,0
4.393141440,0,0,0
4.393141760,0,1,0
4.393142080,0,0,0
4.393142400,0,1,0
4.393142720,0,0,0
4.393143040,0,1,0
4.393143360,0,0,0
4.393143840,0,1,0
4.393144160,0,0,0
4.393144480,0,1,0
4.393581440,0,0,0
4.393581760,0,1,0
4.393582080,0,0,0
4.393582400,0,1,0
4.393582720,0,0,0
4.393583040,0,1,0
4.393583360,0,0,0
4.393583840,0,1,0
4.393584160,1,0,1
4.393584480,1,1,1
4.393584800,1,0,0
4.393585120,1,1,0
4.393585440,1,0,0
4.393585760,1,1,0
4.393586080,0,0,0
4.393586400,0,1,0
4.393586720,0,0,0
4.393587040,0,1,0
4.393587360,0,0,0
4.393587840,0,1,0
4.393588160,0,0,0
4.393588480,0,1,0
4.393588800,1,0,0
4.393589120,1,1,0
4.393589440,0,0,0
4.393589760,0,1,0
4.393590080,0,0,0
4.393590400,0,1,0
4.393590720,0,0,0
4.393591040,0,1,0
4.393591360,0,0,0
4.393591840,0,1,0
4.393592160,1,0,1
4.393592480,1,1,1
4.393592800,0,0,0
4.393593120,0,1,0
4.393593440,0,0,0
4.393593760,0,1,0
4.393594080,0,0,0
4.393594400,0,1,0
4.393594720,0,0,1
4.393595040,0,1,1
4.393595360,0,0,1
4.393595520,0,0,0
4.393595840,0,1,0
4.393596160,0,0,0
4.393596480,0,1,0
4.393596800,0,0,0
4.393597120,0,1,0
4.393597440,0,0,0
4.393597760,0,1,0
4.393598080,0,0,0
4.393598400,0,1,0
4.393598720,0,0,1
4.393599040,0,1,1
4.393599360,0,0,1
4.393599520,1,0,1
4.393599840,1,1,1
4.393600160,0,0,0
4.393600480,0,1,0
4.393600800,0,0,0
4.393601120,0,1,0
4.393601440,1,0,1
4.393601760,1,1,1
4.393602080,0,0,0
4.393602400,0,1,0
4.393855360,0,0,0
4.393855840,0,1,0
4.393856160,0,0,0
4.393856480,0,1,0
4.393856800,0,0,0
4.393857120,0,1,0
4.393857440,0,0,0
4.393857760,0,1,0
4.393858080,0,0,0
4.393858400,0,1,0
4.393858720,0,0,0
4.393859040,0,1,0
4.393859360,0,0,0
4.393859840,0,1,0
4.393860160,0,0,1
4.393860480,0,1,1
4.393860800,0,0,1
4.393861120,0,1,1
4.393861440,0,0,0
4.393861760,0,1,0
4.393862080,0,0,0
4.393862400,0,1,0
4.393862720,0,0,0
4.393863040,0,1,0
4.393863360,0,0,0
4.393863840,0,1,0
4.393864160,0,0,0
4.393864480,0,1,0
4.393864800,0,0,0
4.393865120,0,1,0
4.393865440,0,0,0
4.393865760,0,1,0
4.393866080,0,0,0
4.393866400,0,1,0
4.393866720,0,0,0
4.393867040,0,1,0
4.393867360,0,0,0
4.393867840,0,1,0
4.393868160,0,0,0
4.393868480,0,1,0
4.393868800,0,0,1
4.393869120,0,1,1
4.393869440,0,0,0
4.393869760,0,1,0
4.393870080,0,0,0
4.393870400,0,1,0
4.393870720,0,0,0
4.393871040,0,1,0
4.393871360,0,0,0
4.393871840,0,1,0
4.393872160,0,0,0
4.393872480,0,1,0
4.393872800,0,0,1
4.393873120,0,1,1
4.393873440,0,0,0
4.393873760,0,1,0
4.393874080,0,0,1
4.393874400,0,1,1
4.393874720,0,0,1
4.393875040,0,1,1
4.393875360,0,0,1
4.393875520,0,0,0
4.393875840,0,1,0
4.393876160,0,0,0
4.393876480,0,1,0
4.394128160,0,0,0
4.394128480,0,1,0
4.394128800,0,0,0
4.394129120,0,1,0
4.394129440,0,0,0
4.394129760,0,1,0
4.394130080,0,0,0
4.394130400,0,1,0
4.394130720,1,0,1
4.394131040,1,1,1
4.394131360,0,0,1
4.394131840,0,1,1
4.394132160,0,0,1
4.394132480,0,1,1
4.394132800,0,0,0
4.394133120,0,1,0
4.394133440,0,0,0
4.394133760,0,1,0
4.394134080,0,0,0
4.394134400,0,1,0
4.394134720,0,0,0
4.394135040,0,1,0
4.394135360,0,0,0
4.394135840,0,1,0
4.394136160,0,0,0
4.394136480,0,1,0
4.394136800,0,0,0
4.394137120,0,1,0
4.394137440,0,0,0
4.394137760,0,1,0
4.394138080,0,0,0
4.394138400,0,1,0
4.394138720,1,0,1
4.394139040,1,1,1
4.394139360,0,0,1
4.394139520,0,0,0
4.394139840,0,1,0
4.394140160,0,0,0
4.394140480,0,1,0
4.394140800,0,0,0
4.394141120,0,1,0
4.394141440,1,0,0
4.394141760,1,1,0
4.394142080,0,0,0
4.394142400,0,1,0
4.394142720,0,0,0
4.394143040,0,1,0
4.394143360,0,0,0
4.394143840,0,1,0
4.394144160,0,0,0
4.394144480,0,1,0
4.394144800,0,0,0
4.394145120,0,1,0
4.394145440,1,0,0
4.394145760,1,1,0
4.394146080,1,0,0
4.394146400,1,1,0
4.394146720,0,0,0
4.394147040,0,1,0
4.394147360,0,0,0
4.394147840,0,1,0
4.394148160,1,0,1
4.394148480,1,1,1
4.394148800,0,0,0
4.394149120,0,1,0
4.433126080,0,0,0
4.433126400,0,1,0
4.433126720,0,0,0
4.433127040,0,1,0
4.433127360,0,0,0
4.433127680,0,1,0
4.433128000,0,0,0
4.433128320,0,1,0
4.433128640,0,0,0
4.433128960,0,1,0
4.433129440,0,0,0
4.433129760,0,1,0
4.433130080,0,0,0
4.433130400,0,1,0
4.433130720,0,0,0
4.433131040,0,1,0
4.433131360,0,0,0
4.433131680,0,1,0
4.433132000,0,0,0
4.433132320,0,1,0
4.433132640,0,0,0
4.433132960,0,1,0
4.433133440,0,0,0
4.433133760,0,1,0
4.433134080,0,0,0
4.433134400,0,1,0
4.433134720,0,0,0
4.433135040,0,1,0
4.433135360,0,0,0
4.433135680,0,1,0
4.433136000,0,0,0
4.433136320,0,1,0
4.433136640,0,0,0
4.433136960,0,1,0
4.433137280,0,0,0
4.433137760,0,1,0
4.433138080,0,0,0
4.433138400,0,1,0
4.433138720,0,0,0
4.433139040,0,1,0
4.433139360,1,0,0
4.433139680,1,1,0
4.433140000,0,0,0
4.433140320,0,1,0
4.433140640,0,0,0
4.433140960,0,1,0
4.433141280,0,0,0
4.433141760,0,1,0
4.433142080,0,0,0
4.433142400,0,1,0
4.433142720,0,0,0
4.433143040,0,1,0
4.433143360,1,0,0
4.433143680,1,1,0
4.433144000,0,0,0
4.433144320,0,1,0
4.433144640,0,0,0
4.433144960,0,1,0
4.433145280,0,0,0
4.433145760,0,1,0
4.433146080,0,0,0
4.433146400,0,1,0
4.433146720,0,0,0
4.433147040,0,1,0
4.433584640,0,0,0
4.433584960,0,1,0
4.433585440,0,0,0
4.433585760,0,1,0
4.433586080,0,0,0
4.433586400,0,1,0
4.433586720,0,0,0
4.433587040,0,1,0
4.433587360,1,0,1
4.433587680,1,1,1
4.433588000,1,0,0
4.433588320,1,1,0
4.433588640,1,0,0
4.433588960,1,1,0
4.433589280,1,0,0
4.433589760,1,1,0
4.433590080,0,0,0
4.433590400,0,1,0
4.433590720,0,0,0
4.433591040,0,1,0
4.433591360,0,0,0
4.433591680,0,1,0
4.433592000,1,0,0
4.433592320,1,1,0
4.433592640,0,0,0
4.433592960,0,1,0
4.433593280,0,0,0
4.433593760,0,1,0
4.433594080,0,0,0
4.433594400,0,1,0
4.433594720,0,0,0
4.433595040,0,1,0
4.433595360,1,0,1
4.433595680,1,1,1
4.433596000,0,0,0
4.433596320,0,1,0
4.433596640,0,0,0
4.433596960,0,1,0
4.433597280,0,0,0
4.433597760,0,1,0
4.433598080,0,0,1
4.433598400,0,1,1
4.433598720,0,0,0
4.433599040,0,1,0
4.433599360,0,0,0
4.433599680,0,1,0
4.433600000,0,0,0
4.433600320,0,1,0
4.433600640,0,0,0
4.433600960,0,1,0
4.433601280,0,0,0
4.433601760,0,1,0
4.433602080,0,0,1
4.433602400,0,1,1
4.433602720,1,0,1
4.433603040,1,1,1
4.433603360,1,0,0
4.433603680,1,1,0
4.433604000,0,0,0
4.433604320,0,1,0
4.433604640,1,0,1
4.433604960,1,1,1
4.433605280,1,0,1
4.433605440,0,0,0
4.433605760,0,1,0
4.433857440,0,0,0
4.433857760,0,1,0
4.433858080,0,0,0
4.433858400,0,1,0
4.433858720,0,0,0
4.433859040,0,1,0
4.433859360,0,0,0
4.433859680,0,1,0
4.433860000,0,0,0
4.433860320,0,1,0
4.433860640,0,0,0
4.433860960,0,1,0
4.433861280,0,0,0
4.433861760,0,1,0
4.433862080,0,0,1
4.433862400,0,1,1
4.433862720,0,0,1
4.433863040,0,1,1
4.433863360,0,0,0
4.433863680,0,1,0
4.433864000,0,0,0
4.433864320,0,1,0
4.433864640,0,0,0
4.433864960,0,1,0
4.433865280,0,0,0
4.433865760,0,1,0
4.433866080,0,0,0
4.433866400,0,1,0
4.433866720,0,0,0
4.433867040,0,1,0
4.433867360,0,0,0
4.433867680,0,1,0
4.433868000,0,0,0
4.433868320,0,1,0
4.433868640,0,0,0
4.433868960,0,1,0
4.433869280,0,0,0
4.433869760,0,1,0
4.433870080,0,0,0
4.433870400,0,1,0
4.433870720,1,0,1
4.433871040,1,1,1
4.433871360,0,0,0
4.433871680,0,1,0
4.433872000,0,0,0
4.433872320,0,1,0
4.433872640,1,0,0
4.433872960,1,1,0
4.433873280,1,0,0
4.433873760,1,1,0
4.433874080,0,0,0
4.433874400,0,1,0
4.433874720,1,0,1
4.433875040,1,1,1
4.433875360,0,0,0
4.433875680,0,1,0
4.433876000,0,0,1
4.433876320,0,1,1
4.433876640,1,0,1
4.433876960,1,1,1
4.433877280,1,0,1
4.433877440,1,0,0
4.433877760,1,1,0
4.433878080,0,0,0
4.433878400,0,1,0
4.434308000,0,0,0
4.434308320,0,1,0
4.434308640,0,0,0
4.434308960,0,1,0
4.434309280,0,0,0
4.434309760,0,1,0
4.434310080,0,0,0
4.434310400,0,1,0
4.434310720,1,0,1
4.434311040,1,1,1
4.434311360,0,0,1
4.434311680,0,1,1
4.434312000,0,0,1
4.434312320,0,1,1
4.434312640,0,0,1
4.434312960,0,1,1
4.434313280,0,0,1
4.434313440,0,0,0
4.434313760,0,1,0
4.434314080,0,0,0
4.434314400,0,1,0
4.434314720,0,0,0
4.434315040,0,1,0
4.434315360,0,0,0
4.434315680,0,1,0
4.434316000,0,0,0
4.434316320,0,1,0
4.434316640,0,0,0
4.434316960,0,1,0
4.434317280,0,0,0
4.434317760,0,1,0
4.434318080,0,0,0
4.434318400,0,1,0
4.434318720,1,0,1
4.434319040,1,1,1
4.434319360,0,0,0
4.434319680,0,1,0
4.434320000,0,0,0
4.434320320,0,1,0
4.434320640,0,0,0
4.434320960,0,1,0
4.434321280,0,0,0
4.434321440,1,0,1
4.434321760,1,1,1
4.434322080,0,0,0
4.434322400,0,1,0
4.434322720,0,0,0
4.434323040,0,1,0
4.434323360,0,0,1
4.434323680,0,1,1
4.434324000,0,0,1
4.434324320,0,1,1
4.434324640,0,0,0
4.434324960,0,1,0
4.434325280,0,0,0
4.434325440,1,0,1
4.434325760,1,1,1
4.434326080,1,0,1
4.434326400,1,1,1
4.434326720,0,0,0
4.434327040,0,1,0
4.434327360,0,0,0
4.434327680,0,1,0
4.434328000,1,0,0
4.434328320,1,1,0
4.434328640,0,0,0
4.434328960,0,1,0
4.434588640,0,0,0
4.434588960,0,1,0
4.434589280,0,0,0
4.434589760,0,1,0
4.434590080,0,0,0
4.434590400,0,1,0
4.434590720,0,0,0
4.434591040,0,1,0
4.434591360,0,0,0
4.434591680,0,1,0
4.434592000,0,0,0
4.434592320,0,1,0
4.434592640,0,0,0
4.434592960,0,1,0
4.434593280,0,0,0
4.434593760,0,1,0
4.434594080,0,0,0
4.434594400,0,1,0
4.434594720,0,0,0
4.434595040,0,1,0
4.434595360,0,0,0
4.434595680,0,1,0
4.434596000,0,0,1
4.434596320,0,1,1
4.434596640,0,0,1
4.434596960,0,1,1
4.434597280,0,0,1
4.434597440,0,0,0
4.434597760,0,1,0
4.434598080,0,0,0
4.434598400,0,1,0
4.434598720,0,0,1
4.434599040,0,1,1
4.434599360,0,0,0
4.434599680,0,1,0
4.434600000,0,0,0
4.434600320,0,1,0
4.434600640,0,0,0
4.434600960,0,1,0
4.434601280,0,0,0
4.434601760,0,1,0
4.434602080,0,0,1
4.434602400,0,1,1
4.434602720,0,0,0
4.434603040,0,1,0
4.434603360,0,0,0
4.434603680,0,1,0
4.434604000,0,0,1
4.434604320,0,1,1
4.434604640,0,0,1
4.434604960,0,1,1
4.434605280,0,0,1
4.434605440,0,0,0
4.434605760,0,1,0
4.434606080,0,0,0
4.434606400,0,1,0
4.434606720,0,0,1
4.434607040,0,1,1
4.434607360,0,0,1
4.434607680,0,1,1
4.434608000,0,0,1
4.434608320,0,1,1
4.434608640,0,0,1
4.434608960,0,1,1
4.434609280,0,0,1
4.434609440,0,0,0
4.434609760,0,1,0
4.434860640,0,0,0
4.434860960,0,1,0
4.434861280,0,0,0
4.434861760,0,1,0
4.434862080,0,0,0
4.434862400,0,1,0
4.434862720,0,0,0
4.434863040,0,1,0
4.434863360,1,0,1
4.434863680,1,1,1
4.434864000,0,0,0
4.434864320,0,1,0
4.434864640,0,0,0
4.434864960,0,1,0
4.434865280,0,0,0
4.434865760,0,1,0
4.434866080,0,0,0
4.434866400,0,1,0
4.434866720,0,0,0
4.434867040,0,1,0
4.434867360,0,0,0
4.434867680,0,1,0
4.434868000,0,0,0
4.434868320,0,1,0
4.434868640,0,0,0
4.434868960,0,1,0
4.434869280,0,0,0
4.434869760,0,1,0
4.434870080,0,0,0
4.434870400,0,1,0
4.434870720,0,0,0
4.434871040,0,1,0
4.434871360,1,0,1
4.434871680,1,1,1
4.434872000,0,0,0
4.434872320,0,1,0
4.434872640,0,0,0
4.434872960,0,1,0
4.434873280,0,0,0
4.434873760,0,1,0
4.434874080,1,0,0
4.434874400,1,1,0
4.434874720,0,0,0
4.434875040,0,1,0
4.434875360,0,0,0
4.434875680,0,1,0
4.434876000,1,0,0
4.434876320,1,1,0
4.434876640,1,0,0
4.434876960,1,1,0
4.434877280,1,0,0
4.434877440,0,0,0
4.434877760,0,1,0
4.434878080,1,0,0
4.434878400,1,1,0
4.434878720,1,0,1
4.434879040,1,1,1
4.434879360,1,0,0
4.434879680,1,1,0
4.434880000,0,0,0
4.434880320,0,1,0
4.434880640,0,0,1
4.434880960,0,1,1
4.434881280,0,0,1
4.434881440,0,0,0
4.434881760,0,1,0
4.438968320,0,1,0
