name	type	start_time	duration	mosi	miso
SPI [1]	result	0.00034370	0.00000512	0x00	0x00
SPI [1]	result	0.00034898	0.00000512	0x00	0x00
SPI [1]	result	0.00035426	0.00000512	0x3F	0x00
SPI [1]	result	0.00035954	0.00000512	0xC6	0x00
SPI [1]	result	0.00120561	0.00000512	0x08	0x08
SPI [1]	result	0.00121089	0.00000512	0x10	0x00
SPI [1]	result	0.00121617	0.00000512	0x80	0xBF
SPI [1]	result	0.00122145	0.00000512	0x22	0xD8
SPI [1]	result	0.00455842	0.00000512	0x00	0x00
SPI [1]	result	0.00456370	0.00000512	0x00	0x00
SPI [1]	result	0.00456898	0.00000512	0x00	0x3F
SPI [1]	result	0.00457426	0.00000512	0x00	0xC6
SPI [1]	result	0.00540350	0.00000512	0x08	0x08
SPI [1]	result	0.00540878	0.00000512	0x00	0x00
SPI [1]	result	0.00541406	0.00000512	0xBF	0x80
SPI [1]	result	0.00541934	0.00000512	0xD8	0x12
SPI [1]	result	0.00795597	0.00000512	0xB8	0x00
SPI [1]	result	0.00796125	0.00000512	0x01	0x00
SPI [1]	result	0.00796653	0.00000512	0x06	0x00
SPI [1]	result	0.00797181	0.00000512	0x26	0x00
SPI [1]	result	0.00875429	0.00000512	0x09	0x08
SPI [1]	result	0.00875957	0.00000512	0x10	0x00
SPI [1]	result	0.00876485	0.00000512	0x80	0x86
SPI [1]	result	0.00877013	0.00000512	0x2A	0x2A
SPI [1]	result	0.00933453	0.00000512	0x00	0xB8
SPI [1]	result	0.00933981	0.00000512	0x00	0x01
SPI [1]	result	0.00934509	0.00000512	0x05	0x06
SPI [1]	result	0.00935037	0.00000512	0x14	0x26
SPI [1]	result	0.01012117	0.00000512	0x0A	0x09
SPI [1]	result	0.01012645	0.00000512	0x00	0x00
SPI [1]	result	0.01013173	0.00000512	0x86	0x85
SPI [1]	result	0.01013701	0.00000512	0x3A	0x2E
SPI [1]	result	0.01070750	0.00000512	0x00	0x00
SPI [1]	result	0.01071278	0.00000512	0x00	0x00
SPI [1]	result	0.01071806	0.00000512	0x00	0x05
SPI [1]	result	0.01072334	0.00000512	0x00	0x14
SPI [1]	result	0.01126937	0.00000512	0x08	0x0A
SPI [1]	result	0.01127465	0.00000512	0x00	0x00
SPI [1]	result	0.01127993	0.00000512	0x85	0x80
SPI [1]	result	0.01128521	0.00000512	0x26	0x22
SPI [1]	result	0.01436189	0.00000512	0xFF	0x00
SPI [1]	result	0.01436717	0.00000512	0xFF	0x00
SPI [1]	result	0.01437245	0.00000512	0x00	0x4C
SPI [1]	result	0.01437773	0.00000512	0x00	0x52
SPI [1]	result	0.01438301	0.00000512	0x00	0x31
SPI [1]	result	0.01438829	0.00000512	0x00	0x30
SPI [1]	result	0.01439357	0.00000512	0x00	0x37
SPI [1]	result	0.01439885	0.00000512	0x00	0x41
SPI [1]	result	0.01440413	0.00000512	0x00	0x00
SPI [1]	result	0.01440941	0.00000512	0x00	0x00
SPI [1]	result	0.01441469	0.00000512	0x00	0x46
SPI [1]	result	0.01441997	0.00000512	0x00	0x53
SPI [1]	result	0.01442525	0.00000512	0x00	0x53
SPI [1]	result	0.01443053	0.00000512	0x00	0x47
SPI [1]	result	0.01443581	0.00000512	0x00	0x57
SPI [1]	result	0.01444109	0.00000512	0x00	0x35
SPI [1]	result	0.01444637	0.00000512	0x00	0x30
SPI [1]	result	0.01445165	0.00000512	0x00	0x37
SPI [1]	result	0.01445693	0.00000512	0x00	0x47
SPI [1]	result	0.01446221	0.00000512	0x00	0x46
SPI [1]	result	0.01446749	0.00000512	0x00	0x32
SPI [1]	result	0.01447277	0.00000512	0x00	0x35
SPI [1]	result	0.01447805	0.00000512	0x00	0x30
SPI [1]	result	0.01448333	0.00000512	0x00	0x6D
SPI [1]	result	0.01448861	0.00000512	0x00	0x6D
SPI [1]	result	0.01449389	0.00000512	0x00	0x46
SPI [1]	result	0.01449917	0.00000512	0x00	0x34
SPI [1]	result	0.01450445	0.00000512	0x00	0x20
SPI [1]	result	0.01450973	0.00000512	0x00	0x52
SPI [1]	result	0.01451501	0.00000512	0x00	0x20
SPI [1]	result	0.01452029	0.00000512	0x00	0x4C
SPI [1]	result	0.01452557	0.00000512	0x00	0x4D
SPI [1]	result	0.01453085	0.00000512	0x00	0x20
SPI [1]	result	0.01453613	0.00000512	0x00	0x4F
SPI [1]	result	0.01454141	0.00000512	0x00	0x49
SPI [1]	result	0.01454669	0.00000512	0x00	0x53
SPI [1]	result	0.01455197	0.00000512	0x00	0x20
SPI [1]	result	0.01455725	0.00000512	0x00	0x57
SPI [1]	result	0.01456253	0.00000512	0x00	0x52
SPI [1]	result	0.01456781	0.00000512	0x00	0x00
SPI [1]	result	0.01457309	0.00000512	0x00	0x00
SPI [1]	result	0.01457837	0.00000512	0x00	0x00
SPI [1]	result	0.01458365	0.00000512	0x00	0x00
SPI [1]	result	0.01458893	0.00000512	0x00	0x00
SPI [1]	result	0.01459421	0.00000512	0x00	0x00
SPI [1]	result	0.01459949	0.00000512	0x00	0x00
SPI [1]	result	0.01460477	0.00000512	0x00	0x00
SPI [1]	result	0.01461005	0.00000512	0x00	0x00
SPI [1]	result	0.01461533	0.00000512	0x00	0x00
SPI [1]	result	0.01462061	0.00000512	0x00	0x00
SPI [1]	result	0.01462589	0.00000512	0x00	0x00
SPI [1]	result	0.01463117	0.00000512	0x00	0x00
SPI [1]	result	0.01463645	0.00000512	0x00	0x00
SPI [1]	result	0.01464173	0.00000512	0x00	0x00
SPI [1]	result	0.01464701	0.00000512	0x00	0x00
SPI [1]	result	0.01465229	0.00000512	0x00	0x00
SPI [1]	result	0.01465757	0.00000512	0x00	0x00
SPI [1]	result	0.01466285	0.00000512	0x00	0x00
SPI [1]	result	0.01466813	0.00000512	0x00	0x00
SPI [1]	result	0.01467341	0.00000512	0x00	0x00
SPI [1]	result	0.01467869	0.00000512	0x00	0x00
SPI [1]	result	0.01468397	0.00000512	0x00	0x00
SPI [1]	result	0.01468925	0.00000512	0x00	0x00
SPI [1]	result	0.01469453	0.00000512	0x00	0x00
SPI [1]	result	0.01469981	0.00000512	0x00	0x00
SPI [1]	result	0.01470509	0.00000512	0x00	0x00
SPI [1]	result	0.01471037	0.00000512	0x00	0x00
SPI [1]	result	0.01471565	0.00000512	0x00	0x00
SPI [1]	result	0.01472093	0.00000512	0x00	0x00
SPI [1]	result	0.01472621	0.00000512	0x00	0x00
SPI [1]	result	0.01473149	0.00000512	0x00	0x00
SPI [1]	result	0.01473677	0.00000512	0x00	0x00
SPI [1]	result	0.01474205	0.00000512	0x00	0x00
SPI [1]	result	0.01474733	0.00000512	0x00	0x00
SPI [1]	result	0.01475261	0.00000512	0x00	0x00
SPI [1]	result	0.01475789	0.00000512	0x00	0x00
SPI [1]	result	0.01476317	0.00000512	0x00	0x00
SPI [1]	result	0.01476845	0.00000512	0x00	0x00
SPI [1]	result	0.01477373	0.00000512	0x00	0x00
SPI [1]	result	0.01477901	0.00000512	0x00	0x00
SPI [1]	result	0.01478429	0.00000512	0x00	0x00
SPI [1]	result	0.01478957	0.00000512	0x00	0x00
SPI [1]	result	0.01479485	0.00000512	0x00	0x32
SPI [1]	result	0.01480013	0.00000512	0x00	0x37
SPI [1]	result	0.01480541	0.00000512	0x00	0x43
SPI [1]	result	0.01481069	0.00000512	0x00	0x30
SPI [1]	result	0.01481597	0.00000512	0x00	0x30
SPI [1]	result	0.01482125	0.00000512	0x00	0x30
SPI [1]	result	0.01482653	0.00000512	0x00	0x37
SPI [1]	result	0.01483181	0.00000512	0x00	0x35
SPI [1]	result	0.01483709	0.00000512	0x00	0x00
SPI [1]	result	0.01484237	0.00000512	0x00	0x00
SPI [1]	result	0.01484765	0.00000512	0x00	0x01
SPI [1]	result	0.01485293	0.00000512	0x00	0x80
SPI [1]	result	0.01485821	0.00000512	0x00	0x01
SPI [1]	result	0.01486349	0.00000512	0x00	0x11
SPI [1]	result	0.01486877	0.00000512	0x00	0x01
SPI [1]	result	0.01487405	0.00000512	0x00	0x10
SPI [1]	result	0.01487933	0.00000512	0x00	0x01
SPI [1]	result	0.01488461	0.00000512	0x00	0x10
SPI [1]	result	0.01488989	0.00000512	0x00	0x01
SPI [1]	result	0.01489517	0.00000512	0x00	0x10
SPI [1]	result	0.01490045	0.00000512	0x00	0xC8
SPI [1]	result	0.01490573	0.00000512	0x00	0x09
SPI [1]	result	0.01491101	0.00000512	0x00	0x00
SPI [1]	result	0.01491629	0.00000512	0x00	0x00
SPI [1]	result	0.01492157	0.00000512	0x00	0x00
SPI [1]	result	0.01492685	0.00000512	0x00	0x00
SPI [1]	result	0.01493213	0.00000512	0x00	0x00
SPI [1]	result	0.01493741	0.00000512	0x00	0x00
SPI [1]	result	0.01494269	0.00000512	0x00	0x00
SPI [1]	result	0.01494797	0.00000512	0x00	0x00
SPI [1]	result	0.01495325	0.00000512	0x00	0x00
SPI [1]	result	0.01495853	0.00000512	0x00	0x00
SPI [1]	result	0.01496381	0.00000512	0x00	0x00
SPI [1]	result	0.01496909	0.00000512	0x00	0x00
SPI [1]	result	0.01497437	0.00000512	0x00	0x00
SPI [1]	result	0.01497965	0.00000512	0x00	0x00
SPI [1]	result	0.01498493	0.00000512	0x00	0x00
SPI [1]	result	0.01499021	0.00000512	0x00	0x00
SPI [1]	result	0.01499549	0.00000512	0x00	0x00
SPI [1]	result	0.01500077	0.00000512	0x00	0x00
SPI [1]	result	0.01500605	0.00000512	0x00	0x00
SPI [1]	result	0.01501133	0.00000512	0x00	0x00
SPI [1]	result	0.01501661	0.00000512	0x00	0x00
SPI [1]	result	0.01502189	0.00000512	0x00	0x00
SPI [1]	result	0.01502717	0.00000512	0x00	0x00
SPI [1]	result	0.01503245	0.00000512	0x00	0x00
SPI [1]	result	0.01503773	0.00000512	0x00	0x00
SPI [1]	result	0.01504301	0.00000512	0x00	0x00
SPI [1]	result	0.01504829	0.00000512	0x5A	0x53
SPI [1]	result	0.01817851	0.00000512	0xFF	0xFF
SPI [1]	result	0.01818379	0.00000512	0x00	0xFF
SPI [1]	result	0.01818907	0.00000512	0x00	0x4C
SPI [1]	result	0.01819435	0.00000512	0x00	0x52
SPI [1]	result	0.01819963	0.00000512	0x00	0x31
SPI [1]	result	0.01820491	0.00000512	0x00	0x30
SPI [1]	result	0.01821019	0.00000512	0x00	0x37
SPI [1]	result	0.01821547	0.00000512	0x00	0x41
SPI [1]	result	0.01822075	0.00000512	0x00	0x00
SPI [1]	result	0.01822603	0.00000512	0x00	0x00
SPI [1]	result	0.01823131	0.00000512	0x00	0x46
SPI [1]	result	0.01823659	0.00000512	0x00	0x53
SPI [1]	result	0.01824187	0.00000512	0x00	0x53
SPI [1]	result	0.01824715	0.00000512	0x00	0x47
SPI [1]	result	0.01825243	0.00000512	0x00	0x57
SPI [1]	result	0.01825771	0.00000512	0x00	0x35
SPI [1]	result	0.01826299	0.00000512	0x00	0x30
SPI [1]	result	0.01826827	0.00000512	0x00	0x37
SPI [1]	result	0.01827355	0.00000512	0x00	0x47
SPI [1]	result	0.01827883	0.00000512	0x00	0x46
SPI [1]	result	0.01828411	0.00000512	0x00	0x32
SPI [1]	result	0.01828939	0.00000512	0x00	0x35
SPI [1]	result	0.01829467	0.00000512	0x00	0x30
SPI [1]	result	0.01829995	0.00000512	0x00	0x6D
SPI [1]	result	0.01830523	0.00000512	0x00	0x6D
SPI [1]	result	0.01831051	0.00000512	0x00	0x46
SPI [1]	result	0.01831579	0.00000512	0x00	0x34
SPI [1]	result	0.01832107	0.00000512	0x00	0x20
SPI [1]	result	0.01832635	0.00000512	0x00	0x52
SPI [1]	result	0.01833163	0.00000512	0x00	0x20
SPI [1]	result	0.01833691	0.00000512	0x00	0x4C
SPI [1]	result	0.01834219	0.00000512	0x00	0x4D
SPI [1]	result	0.01834747	0.00000512	0x00	0x20
SPI [1]	result	0.01835275	0.00000512	0x00	0x4F
SPI [1]	result	0.01835803	0.00000512	0x00	0x49
SPI [1]	result	0.01836331	0.00000512	0x00	0x53
SPI [1]	result	0.01836859	0.00000512	0x00	0x20
SPI [1]	result	0.01837387	0.00000512	0x00	0x57
SPI [1]	result	0.01837915	0.00000512	0x00	0x52
SPI [1]	result	0.01838443	0.00000512	0x00	0x00
SPI [1]	result	0.01838971	0.00000512	0x00	0x00
SPI [1]	result	0.01839499	0.00000512	0x00	0x00
SPI [1]	result	0.01840027	0.00000512	0x00	0x00
SPI [1]	result	0.01840555	0.00000512	0x00	0x00
SPI [1]	result	0.01841083	0.00000512	0x00	0x00
SPI [1]	result	0.01841611	0.00000512	0x00	0x00
SPI [1]	result	0.01842139	0.00000512	0x00	0x00
SPI [1]	result	0.01842667	0.00000512	0x00	0x00
SPI [1]	result	0.01843195	0.00000512	0x00	0x00
SPI [1]	result	0.01843723	0.00000512	0x00	0x00
SPI [1]	result	0.01844251	0.00000512	0x00	0x00
SPI [1]	result	0.01844779	0.00000512	0x00	0x00
SPI [1]	result	0.01845307	0.00000512	0x00	0x00
SPI [1]	result	0.01845835	0.00000512	0x00	0x00
SPI [1]	result	0.01846363	0.00000512	0x00	0x00
SPI [1]	result	0.01846891	0.00000512	0x00	0x00
SPI [1]	result	0.01847419	0.00000512	0x00	0x00
SPI [1]	result	0.01847947	0.00000512	0x00	0x00
SPI [1]	result	0.01848475	0.00000512	0x00	0x00
SPI [1]	result	0.01849003	0.00000512	0x00	0x00
SPI [1]	result	0.01849531	0.00000512	0x00	0x00
SPI [1]	result	0.01850059	0.00000512	0x00	0x00
SPI [1]	result	0.01850587	0.00000512	0x00	0x00
SPI [1]	result	0.01851115	0.00000512	0x00	0x00
SPI [1]	result	0.01851643	0.00000512	0x00	0x00
SPI [1]	result	0.01852171	0.00000512	0x00	0x00
SPI [1]	result	0.01852699	0.00000512	0x00	0x00
SPI [1]	result	0.01853227	0.00000512	0x00	0x00
SPI [1]	result	0.01853755	0.00000512	0x00	0x00
SPI [1]	result	0.01854283	0.00000512	0x00	0x00
SPI [1]	result	0.01854811	0.00000512	0x00	0x00
SPI [1]	result	0.01855339	0.00000512	0x00	0x00
SPI [1]	result	0.01855867	0.00000512	0x00	0x00
SPI [1]	result	0.01856395	0.00000512	0x00	0x00
SPI [1]	result	0.01856923	0.00000512	0x00	0x00
SPI [1]	result	0.01857451	0.00000512	0x00	0x00
SPI [1]	result	0.01857979	0.00000512	0x00	0x00
SPI [1]	result	0.01858507	0.00000512	0x00	0x00
SPI [1]	result	0.01859035	0.00000512	0x00	0x00
SPI [1]	result	0.01859563	0.00000512	0x00	0x00
SPI [1]	result	0.01860091	0.00000512	0x00	0x00
SPI [1]	result	0.01860619	0.00000512	0x00	0x00
SPI [1]	result	0.01861147	0.00000512	0x00	0x32
SPI [1]	result	0.01861675	0.00000512	0x00	0x37
SPI [1]	result	0.01862203	0.00000512	0x00	0x43
SPI [1]	result	0.01862731	0.00000512	0x00	0x30
SPI [1]	result	0.01863259	0.00000512	0x00	0x30
SPI [1]	result	0.01863787	0.00000512	0x00	0x30
SPI [1]	result	0.01864315	0.00000512	0x00	0x37
SPI [1]	result	0.01864843	0.00000512	0x00	0x35
SPI [1]	result	0.01865371	0.00000512	0x00	0x00
SPI [1]	result	0.01865899	0.00000512	0x00	0x00
SPI [1]	result	0.01866427	0.00000512	0x00	0x01
SPI [1]	result	0.01866955	0.00000512	0x00	0x80
SPI [1]	result	0.01867483	0.00000512	0x00	0x01
SPI [1]	result	0.01868011	0.00000512	0x00	0x11
SPI [1]	result	0.01868539	0.00000512	0x00	0x01
SPI [1]	result	0.01869067	0.00000512	0x00	0x10
SPI [1]	result	0.01869595	0.00000512	0x00	0x01
SPI [1]	result	0.01870123	0.00000512	0x00	0x10
SPI [1]	result	0.01870651	0.00000512	0x00	0x01
SPI [1]	result	0.01871179	0.00000512	0x00	0x10
SPI [1]	result	0.01871707	0.00000512	0x00	0xC8
SPI [1]	result	0.01872235	0.00000512	0x00	0x09
SPI [1]	result	0.01872763	0.00000512	0x00	0x00
SPI [1]	result	0.01873291	0.00000512	0x00	0x00
SPI [1]	result	0.01873819	0.00000512	0x00	0x00
SPI [1]	result	0.01874347	0.00000512	0x00	0x00
SPI [1]	result	0.01874875	0.00000512	0x00	0x00
SPI [1]	result	0.01875403	0.00000512	0x00	0x00
SPI [1]	result	0.01875931	0.00000512	0x00	0x00
SPI [1]	result	0.01876459	0.00000512	0x00	0x00
SPI [1]	result	0.01876987	0.00000512	0x00	0x00
SPI [1]	result	0.01877515	0.00000512	0x00	0x00
SPI [1]	result	0.01878043	0.00000512	0x00	0x00
SPI [1]	result	0.01878571	0.00000512	0x00	0x00
SPI [1]	result	0.01879099	0.00000512	0x00	0x00
SPI [1]	result	0.01879627	0.00000512	0x00	0x00
SPI [1]	result	0.01880155	0.00000512	0x00	0x00
SPI [1]	result	0.01880683	0.00000512	0x00	0x00
SPI [1]	result	0.01881211	0.00000512	0x00	0x00
SPI [1]	result	0.01881739	0.00000512	0x00	0x00
SPI [1]	result	0.01882267	0.00000512	0x00	0x00
SPI [1]	result	0.01882795	0.00000512	0x00	0x00
SPI [1]	result	0.01883323	0.00000512	0x00	0x00
SPI [1]	result	0.01883851	0.00000512	0x00	0x00
SPI [1]	result	0.01884379	0.00000512	0x00	0x00
SPI [1]	result	0.01884907	0.00000512	0x00	0x00
SPI [1]	result	0.01885435	0.00000512	0x00	0x00
SPI [1]	result	0.01885963	0.00000512	0x00	0x00
SPI [1]	result	0.01886491	0.00000512	0x5A	0x51
SPI [1]	result	0.02201445	0.00000512	0xB8	0x00
SPI [1]	result	0.02201973	0.00000512	0x01	0x00
SPI [1]	result	0.02202501	0.00000512	0x06	0x00
SPI [1]	result	0.02203029	0.00000512	0x26	0x00
SPI [1]	result	0.02281572	0.00000512	0x0B	0x08
SPI [1]	result	0.02282100	0.00000512	0x10	0x00
SPI [1]	result	0.02282628	0.00000512	0x80	0x86
SPI [1]	result	0.02283156	0.00000512	0x3A	0x2A
SPI [1]	result	0.02338048	0.00000512	0x00	0xB8
SPI [1]	result	0.02338576	0.00000512	0x00	0x01
SPI [1]	result	0.02339104	0.00000512	0x05	0x06
SPI [1]	result	0.02339632	0.00000512	0x56	0x26
SPI [1]	result	0.02417150	0.00000512	0x0C	0x0B
SPI [1]	result	0.02417678	0.00000512	0x00	0x00
SPI [1]	result	0.02418206	0.00000512	0x86	0x85
SPI [1]	result	0.02418734	0.00000512	0x0A	0x40
SPI [1]	result	0.02475539	0.00000512	0x00	0x00
SPI [1]	result	0.02476067	0.00000512	0x00	0x00
SPI [1]	result	0.02476595	0.00000512	0x00	0x05
SPI [1]	result	0.02477123	0.00000512	0x00	0x56
SPI [1]	result	0.02533039	0.00000512	0x08	0x0C
SPI [1]	result	0.02533567	0.00000512	0x00	0x00
SPI [1]	result	0.02534095	0.00000512	0x85	0x80
SPI [1]	result	0.02534623	0.00000512	0x68	0x32
SPI [1]	result	0.02843128	0.00000512	0x00	0xFF
SPI [1]	result	0.02843656	0.00000512	0x00	0xFF
SPI [1]	result	0.02844184	0.00000512	0x53	0x00
SPI [1]	result	0.02844712	0.00000512	0x50	0x00
SPI [1]	result	0.02845240	0.00000512	0x58	0x00
SPI [1]	result	0.02845768	0.00000512	0x31	0x00
SPI [1]	result	0.02846296	0.00000512	0x00	0x00
SPI [1]	result	0.02846824	0.00000512	0x00	0x00
SPI [1]	result	0.02847352	0.00000512	0x00	0x00
SPI [1]	result	0.02847880	0.00000512	0x00	0x00
SPI [1]	result	0.02848408	0.00000512	0x00	0x00
SPI [1]	result	0.02848936	0.00000512	0x00	0x00
SPI [1]	result	0.02849464	0.00000512	0x47	0x00
SPI [1]	result	0.02849992	0.00000512	0x46	0x00
SPI [1]	result	0.02850520	0.00000512	0x58	0x00
SPI [1]	result	0.02851048	0.00000512	0x20	0x00
SPI [1]	result	0.02851576	0.00000512	0x35	0x00
SPI [1]	result	0.02852104	0.00000512	0x30	0x00
SPI [1]	result	0.02852632	0.00000512	0x53	0x00
SPI [1]	result	0.02853160	0.00000512	0x00	0x00
SPI [1]	result	0.02853688	0.00000512	0x00	0x00
SPI [1]	result	0.02854216	0.00000512	0x00	0x00
SPI [1]	result	0.02854744	0.00000512	0x00	0x00
SPI [1]	result	0.02855272	0.00000512	0x00	0x00
SPI [1]	result	0.02855800	0.00000512	0x00	0x00
SPI [1]	result	0.02856328	0.00000512	0x00	0x00
SPI [1]	result	0.02856856	0.00000512	0x00	0x00
SPI [1]	result	0.02857384	0.00000512	0x00	0x00
SPI [1]	result	0.02857912	0.00000512	0x00	0x00
SPI [1]	result	0.02858440	0.00000512	0x00	0x00
SPI [1]	result	0.02858968	0.00000512	0x00	0x00
SPI [1]	result	0.02859496	0.00000512	0x00	0x00
SPI [1]	result	0.02860024	0.00000512	0x47	0x00
SPI [1]	result	0.02860552	0.00000512	0x46	0x00
SPI [1]	result	0.02861080	0.00000512	0x58	0x00
SPI [1]	result	0.02861608	0.00000512	0x20	0x00
SPI [1]	result	0.02862136	0.00000512	0x35	0x00
SPI [1]	result	0.02862664	0.00000512	0x30	0x00
SPI [1]	result	0.02863192	0.00000512	0x53	0x00
SPI [1]	result	0.02863720	0.00000512	0x00	0x00
SPI [1]	result	0.02864248	0.00000512	0x00	0x00
SPI [1]	result	0.02864776	0.00000512	0x00	0x00
SPI [1]	result	0.02865304	0.00000512	0x00	0x00
SPI [1]	result	0.02865832	0.00000512	0x00	0x00
SPI [1]	result	0.02866360	0.00000512	0x00	0x00
SPI [1]	result	0.02866888	0.00000512	0x00	0x00
SPI [1]	result	0.02867416	0.00000512	0x00	0x00
SPI [1]	result	0.02867944	0.00000512	0x35	0x00
SPI [1]	result	0.02868472	0.00000512	0x39	0x00
SPI [1]	result	0.02869000	0.00000512	0x33	0x00
SPI [1]	result	0.02869528	0.00000512	0x35	0x00
SPI [1]	result	0.02870056	0.00000512	0x33	0x00
SPI [1]	result	0.02870584	0.00000512	0x33	0x00
SPI [1]	result	0.02871112	0.00000512	0x33	0x00
SPI [1]	result	0.02871640	0.00000512	0x31	0x00
SPI [1]	result	0.02872168	0.00000512	0x33	0x00
SPI [1]	result	0.02872696	0.00000512	0x36	0x00
SPI [1]	result	0.02873224	0.00000512	0x33	0x00
SPI [1]	result	0.02873752	0.00000512	0x31	0x00
SPI [1]	result	0.02874280	0.00000512	0x31	0x00
SPI [1]	result	0.02874808	0.00000512	0x37	0x00
SPI [1]	result	0.02875336	0.00000512	0x30	0x00
SPI [1]	result	0.02875864	0.00000512	0x32	0x00
SPI [1]	result	0.02876392	0.00000512	0x31	0x00
SPI [1]	result	0.02876920	0.00000512	0x36	0x00
SPI [1]	result	0.02877448	0.00000512	0x37	0x00
SPI [1]	result	0.02877976	0.00000512	0x30	0x00
SPI [1]	result	0.02878504	0.00000512	0x32	0x00
SPI [1]	result	0.02879032	0.00000512	0x30	0x00
SPI [1]	result	0.02879560	0.00000512	0x31	0x00
SPI [1]	result	0.02880088	0.00000512	0x30	0x00
SPI [1]	result	0.02880616	0.00000512	0x31	0x00
SPI [1]	result	0.02881144	0.00000512	0x31	0x00
SPI [1]	result	0.02881672	0.00000512	0x30	0x00
SPI [1]	result	0.02882200	0.00000512	0x36	0x00
SPI [1]	result	0.02882728	0.00000512	0x39	0x00
SPI [1]	result	0.02883256	0.00000512	0x41	0x00
SPI [1]	result	0.02883784	0.00000512	0x04	0x00
SPI [1]	result	0.02884312	0.00000512	0x20	0x00
SPI [1]	result	0.02884840	0.00000512	0x02	0x00
SPI [1]	result	0.02885368	0.00000512	0x16	0x00
SPI [1]	result	0.02885896	0.00000512	0x01	0x00
SPI [1]	result	0.02886424	0.00000512	0x00	0x00
SPI [1]	result	0.02886952	0.00000512	0x01	0x00
SPI [1]	result	0.02887480	0.00000512	0x00	0x00
SPI [1]	result	0.02888008	0.00000512	0x01	0x00
SPI [1]	result	0.02888536	0.00000512	0x00	0x00
SPI [1]	result	0.02889064	0.00000512	0x00	0x00
SPI [1]	result	0.02889592	0.00000512	0x00	0x00
SPI [1]	result	0.02890120	0.00000512	0x00	0x00
SPI [1]	result	0.02890648	0.00000512	0x00	0x00
SPI [1]	result	0.02891176	0.00000512	0x00	0x00
SPI [1]	result	0.02891704	0.00000512	0x00	0x00
SPI [1]	result	0.02892232	0.00000512	0x00	0x00
SPI [1]	result	0.02892760	0.00000512	0x00	0x00
SPI [1]	result	0.02893288	0.00000512	0x00	0x00
SPI [1]	result	0.02893816	0.00000512	0x00	0x00
SPI [1]	result	0.02894344	0.00000512	0x00	0x00
SPI [1]	result	0.02894872	0.00000512	0x00	0x00
SPI [1]	result	0.02895400	0.00000512	0x00	0x00
SPI [1]	result	0.02895928	0.00000512	0x00	0x00
SPI [1]	result	0.02896456	0.00000512	0x00	0x00
SPI [1]	result	0.02896984	0.00000512	0x00	0x00
SPI [1]	result	0.02897512	0.00000512	0x00	0x00
SPI [1]	result	0.02898040	0.00000512	0x00	0x00
SPI [1]	result	0.02898568	0.00000512	0x00	0x00
SPI [1]	result	0.02899096	0.00000512	0x00	0x00
SPI [1]	result	0.02899624	0.00000512	0x00	0x00
SPI [1]	result	0.02900152	0.00000512	0x00	0x00
SPI [1]	result	0.02900680	0.00000512	0x00	0x00
SPI [1]	result	0.02901208	0.00000512	0x00	0x00
SPI [1]	result	0.02901736	0.00000512	0x00	0x00
SPI [1]	result	0.02902264	0.00000512	0x00	0x00
SPI [1]	result	0.02902792	0.00000512	0x00	0x00
SPI [1]	result	0.02903320	0.00000512	0x00	0x00
SPI [1]	result	0.02903848	0.00000512	0x00	0x00
SPI [1]	result	0.02904376	0.00000512	0x00	0x00
SPI [1]	result	0.02904904	0.00000512	0x00	0x00
SPI [1]	result	0.02905432	0.00000512	0x00	0x00
SPI [1]	result	0.02905960	0.00000512	0x00	0x00
SPI [1]	result	0.02906488	0.00000512	0x00	0x00
SPI [1]	result	0.02907016	0.00000512	0x00	0x00
SPI [1]	result	0.02907544	0.00000512	0x00	0x00
SPI [1]	result	0.02908072	0.00000512	0x00	0x00
SPI [1]	result	0.02908600	0.00000512	0x00	0x00
SPI [1]	result	0.02909128	0.00000512	0x00	0x00
SPI [1]	result	0.02909656	0.00000512	0x00	0x00
SPI [1]	result	0.02910184	0.00000512	0x00	0x00
SPI [1]	result	0.02910712	0.00000512	0x00	0x00
SPI [1]	result	0.02911240	0.00000512	0x00	0x00
SPI [1]	result	0.02911768	0.00000512	0xEF	0x5A
SPI [1]	result	0.03224342	0.00000512	0xFF	0xFF
SPI [1]	result	0.03224870	0.00000512	0xFF	0x00
SPI [1]	result	0.03225398	0.00000512	0x53	0x00
SPI [1]	result	0.03225926	0.00000512	0x50	0x00
SPI [1]	result	0.03226454	0.00000512	0x58	0x00
SPI [1]	result	0.03226982	0.00000512	0x31	0x00
SPI [1]	result	0.03227510	0.00000512	0x00	0x00
SPI [1]	result	0.03228038	0.00000512	0x00	0x00
SPI [1]	result	0.03228566	0.00000512	0x00	0x00
SPI [1]	result	0.03229094	0.00000512	0x00	0x00
SPI [1]	result	0.03229622	0.00000512	0x00	0x00
SPI [1]	result	0.03230150	0.00000512	0x00	0x00
SPI [1]	result	0.03230678	0.00000512	0x47	0x00
SPI [1]	result	0.03231206	0.00000512	0x46	0x00
SPI [1]	result	0.03231734	0.00000512	0x58	0x00
SPI [1]	result	0.03232262	0.00000512	0x20	0x00
SPI [1]	result	0.03232790	0.00000512	0x35	0x00
SPI [1]	result	0.03233318	0.00000512	0x30	0x00
SPI [1]	result	0.03233846	0.00000512	0x53	0x00
SPI [1]	result	0.03234374	0.00000512	0x00	0x00
SPI [1]	result	0.03234902	0.00000512	0x00	0x00
SPI [1]	result	0.03235430	0.00000512	0x00	0x00
SPI [1]	result	0.03235958	0.00000512	0x00	0x00
SPI [1]	result	0.03236486	0.00000512	0x00	0x00
SPI [1]	result	0.03237014	0.00000512	0x00	0x00
SPI [1]	result	0.03237542	0.00000512	0x00	0x00
SPI [1]	result	0.03238070	0.00000512	0x00	0x00
SPI [1]	result	0.03238598	0.00000512	0x00	0x00
SPI [1]	result	0.03239126	0.00000512	0x00	0x00
SPI [1]	result	0.03239654	0.00000512	0x00	0x00
SPI [1]	result	0.03240182	0.00000512	0x00	0x00
SPI [1]	result	0.03240710	0.00000512	0x00	0x00
SPI [1]	result	0.03241238	0.00000512	0x47	0x00
SPI [1]	result	0.03241766	0.00000512	0x46	0x00
SPI [1]	result	0.03242294	0.00000512	0x58	0x00
SPI [1]	result	0.03242822	0.00000512	0x20	0x00
SPI [1]	result	0.03243350	0.00000512	0x35	0x00
SPI [1]	result	0.03243878	0.00000512	0x30	0x00
SPI [1]	result	0.03244406	0.00000512	0x53	0x00
SPI [1]	result	0.03244934	0.00000512	0x00	0x00
SPI [1]	result	0.03245462	0.00000512	0x00	0x00
SPI [1]	result	0.03245990	0.00000512	0x00	0x00
SPI [1]	result	0.03246518	0.00000512	0x00	0x00
SPI [1]	result	0.03247046	0.00000512	0x00	0x00
SPI [1]	result	0.03247574	0.00000512	0x00	0x00
SPI [1]	result	0.03248102	0.00000512	0x00	0x00
SPI [1]	result	0.03248630	0.00000512	0x00	0x00
SPI [1]	result	0.03249158	0.00000512	0x35	0x00
SPI [1]	result	0.03249686	0.00000512	0x39	0x00
SPI [1]	result	0.03250214	0.00000512	0x33	0x00
SPI [1]	result	0.03250742	0.00000512	0x35	0x00
SPI [1]	result	0.03251270	0.00000512	0x33	0x00
SPI [1]	result	0.03251798	0.00000512	0x33	0x00
SPI [1]	result	0.03252326	0.00000512	0x33	0x00
SPI [1]	result	0.03252854	0.00000512	0x31	0x00
SPI [1]	result	0.03253382	0.00000512	0x33	0x00
SPI [1]	result	0.03253910	0.00000512	0x36	0x00
SPI [1]	result	0.03254438	0.00000512	0x33	0x00
SPI [1]	result	0.03254966	0.00000512	0x31	0x00
SPI [1]	result	0.03255494	0.00000512	0x31	0x00
SPI [1]	result	0.03256022	0.00000512	0x37	0x00
SPI [1]	result	0.03256550	0.00000512	0x30	0x00
SPI [1]	result	0.03257078	0.00000512	0x32	0x00
SPI [1]	result	0.03257606	0.00000512	0x31	0x00
SPI [1]	result	0.03258134	0.00000512	0x36	0x00
SPI [1]	result	0.03258662	0.00000512	0x37	0x00
SPI [1]	result	0.03259190	0.00000512	0x30	0x00
SPI [1]	result	0.03259718	0.00000512	0x32	0x00
SPI [1]	result	0.03260246	0.00000512	0x30	0x00
SPI [1]	result	0.03260774	0.00000512	0x31	0x00
SPI [1]	result	0.03261302	0.00000512	0x30	0x00
SPI [1]	result	0.03261830	0.00000512	0x31	0x00
SPI [1]	result	0.03262358	0.00000512	0x31	0x00
SPI [1]	result	0.03262886	0.00000512	0x30	0x00
SPI [1]	result	0.03263414	0.00000512	0x36	0x00
SPI [1]	result	0.03263942	0.00000512	0x39	0x00
SPI [1]	result	0.03264470	0.00000512	0x41	0x00
SPI [1]	result	0.03264998	0.00000512	0x04	0x00
SPI [1]	result	0.03265526	0.00000512	0x20	0x00
SPI [1]	result	0.03266054	0.00000512	0x02	0x00
SPI [1]	result	0.03266582	0.00000512	0x16	0x00
SPI [1]	result	0.03267110	0.00000512	0x01	0x00
SPI [1]	result	0.03267638	0.00000512	0x00	0x00
SPI [1]	result	0.03268166	0.00000512	0x01	0x00
SPI [1]	result	0.03268694	0.00000512	0x00	0x00
SPI [1]	result	0.03269222	0.00000512	0x01	0x00
SPI [1]	result	0.03269750	0.00000512	0x00	0x00
SPI [1]	result	0.03270278	0.00000512	0x00	0x00
SPI [1]	result	0.03270806	0.00000512	0x00	0x00
SPI [1]	result	0.03271334	0.00000512	0x00	0x00
SPI [1]	result	0.03271862	0.00000512	0x00	0x00
SPI [1]	result	0.03272390	0.00000512	0x00	0x00
SPI [1]	result	0.03272918	0.00000512	0x00	0x00
SPI [1]	result	0.03273446	0.00000512	0x00	0x00
SPI [1]	result	0.03273974	0.00000512	0x00	0x00
SPI [1]	result	0.03274502	0.00000512	0x00	0x00
SPI [1]	result	0.03275030	0.00000512	0x00	0x00
SPI [1]	result	0.03275558	0.00000512	0x00	0x00
SPI [1]	result	0.03276086	0.00000512	0x00	0x00
SPI [1]	result	0.03276614	0.00000512	0x00	0x00
SPI [1]	result	0.03277142	0.00000512	0x00	0x00
SPI [1]	result	0.03277670	0.00000512	0x00	0x00
SPI [1]	result	0.03278198	0.00000512	0x00	0x00
SPI [1]	result	0.03278726	0.00000512	0x00	0x00
SPI [1]	result	0.03279254	0.00000512	0x00	0x00
SPI [1]	result	0.03279782	0.00000512	0x00	0x00
SPI [1]	result	0.03280310	0.00000512	0x00	0x00
SPI [1]	result	0.03280838	0.00000512	0x00	0x00
SPI [1]	result	0.03281366	0.00000512	0x00	0x00
SPI [1]	result	0.03281894	0.00000512	0x00	0x00
SPI [1]	result	0.03282422	0.00000512	0x00	0x00
SPI [1]	result	0.03282950	0.00000512	0x00	0x00
SPI [1]	result	0.03283478	0.00000512	0x00	0x00
SPI [1]	result	0.03284006	0.00000512	0x00	0x00
SPI [1]	result	0.03284534	0.00000512	0x00	0x00
SPI [1]	result	0.03285062	0.00000512	0x00	0x00
SPI [1]	result	0.03285590	0.00000512	0x00	0x00
SPI [1]	result	0.03286118	0.00000512	0x00	0x00
SPI [1]	result	0.03286646	0.00000512	0x00	0x00
SPI [1]	result	0.03287174	0.00000512	0x00	0x00
SPI [1]	result	0.03287702	0.00000512	0x00	0x00
SPI [1]	result	0.03288230	0.00000512	0x00	0x00
SPI [1]	result	0.03288758	0.00000512	0x00	0x00
SPI [1]	result	0.03289286	0.00000512	0x00	0x00
SPI [1]	result	0.03289814	0.00000512	0x00	0x00
SPI [1]	result	0.03290342	0.00000512	0x00	0x00
SPI [1]	result	0.03290870	0.00000512	0x00	0x00
SPI [1]	result	0.03291398	0.00000512	0x00	0x00
SPI [1]	result	0.03291926	0.00000512	0x00	0x00
SPI [1]	result	0.03292454	0.00000512	0x00	0x00
SPI [1]	result	0.03292982	0.00000512	0xED	0x5A
SPI [1]	result	0.03605678	0.00000512	0x00	0x00
SPI [1]	result	0.03606206	0.00000512	0x00	0x00
SPI [1]	result	0.03606734	0.00000512	0x05	0x00
SPI [1]	result	0.03607262	0.00000512	0x96	0x00
SPI [1]	result	0.03686367	0.00000512	0x0D	0x08
SPI [1]	result	0.03686895	0.00000512	0x10	0x00
SPI [1]	result	0.03687423	0.00000512	0x80	0x85
SPI [1]	result	0.03687951	0.00000512	0x0A	0xA8
SPI [1]	result	0.03743038	0.00000512	0x00	0x00
SPI [1]	result	0.03743566	0.00000512	0x00	0x00
SPI [1]	result	0.03744094	0.00000512	0x00	0x05
SPI [1]	result	0.03744622	0.00000512	0x00	0x96
SPI [1]	result	0.03800747	0.00000512	0x08	0x0D
SPI [1]	result	0.03801275	0.00000512	0x00	0x00
SPI [1]	result	0.03801803	0.00000512	0x85	0x80
SPI [1]	result	0.03802331	0.00000512	0xA8	0x3A
SPI [1]	result	0.03859762	0.00000512	0x00	0x00
SPI [1]	result	0.03860290	0.00000512	0x00	0x00
SPI [1]	result	0.03860818	0.00000512	0x08	0x00
SPI [1]	result	0.03861346	0.00000512	0x20	0x00
SPI [1]	result	0.03960663	0.00000512	0x0E	0x08
SPI [1]	result	0.03961191	0.00000512	0x10	0x00
SPI [1]	result	0.03961719	0.00000512	0x80	0x88
SPI [1]	result	0.03962247	0.00000512	0x12	0x32
SPI [1]	result	0.03996336	0.00000512	0x00	0x11
SPI [1]	result	0.03996864	0.00000512	0x00	0x99
SPI [1]	result	0.03997392	0.00000512	0x00	0x08
SPI [1]	result	0.03997920	0.00000512	0x00	0x28
SPI [1]	result	0.04053640	0.00000512	0x08	0x0E
SPI [1]	result	0.04054168	0.00000512	0x00	0x00
SPI [1]	result	0.04054696	0.00000512	0x88	0x80
SPI [1]	result	0.04055224	0.00000512	0x32	0x02
SPI [1]	result	0.04113418	0.00000512	0x00	0x00
SPI [1]	result	0.04113946	0.00000512	0x00	0x00
SPI [1]	result	0.04114474	0.00000512	0x0C	0x00
SPI [1]	result	0.04115002	0.00000512	0x30	0x00
SPI [1]	result	0.04193211	0.00000512	0x0F	0x08
SPI [1]	result	0.04193739	0.00000512	0x10	0x00
SPI [1]	result	0.04194267	0.00000512	0x80	0x8C
SPI [1]	result	0.04194795	0.00000512	0x1A	0x02
SPI [1]	result	0.04250030	0.00000512	0x00	0x00
SPI [1]	result	0.04250558	0.00000512	0x00	0x07
SPI [1]	result	0.04251086	0.00000512	0x0C	0x0C
SPI [1]	result	0.04251614	0.00000512	0x72	0x16
SPI [1]	result	0.04329262	0.00000512	0x08	0x0F
SPI [1]	result	0.04329790	0.00000512	0x00	0x00
SPI [1]	result	0.04330318	0.00000512	0x8C	0x8C
SPI [1]	result	0.04330846	0.00000512	0x02	0x7C
SPI [1]	result	0.04388665	0.00000512	0x00	0x00
SPI [1]	result	0.04389193	0.00000512	0x00	0x40
SPI [1]	result	0.04389721	0.00000512	0x00	0x0C
SPI [1]	result	0.04390249	0.00000512	0x00	0x74
SPI [1]	result	0.04446034	0.00000512	0x08	0x08
SPI [1]	result	0.04446562	0.00000512	0x00	0x00
SPI [1]	result	0.04447090	0.00000512	0x8C	0x80
SPI [1]	result	0.04447618	0.00000512	0x44	0x12
SPI [1]	result	0.07960811	0.00000512	0x00	0x00
SPI [1]	result	0.07961339	0.00000512	0x00	0x00
SPI [1]	result	0.07961867	0.00000512	0x08	0x00
SPI [1]	result	0.07962395	0.00000512	0x20	0x00
SPI [1]	result	0.08039623	0.00000512	0x09	0x08
SPI [1]	result	0.08040151	0.00000512	0x10	0x00
SPI [1]	result	0.08040679	0.00000512	0x80	0x88
SPI [1]	result	0.08041207	0.00000512	0x2A	0x32
SPI [1]	result	0.08097013	0.00000512	0x00	0x01
SPI [1]	result	0.08097541	0.00000512	0x00	0x89
SPI [1]	result	0.08098069	0.00000512	0x00	0x08
SPI [1]	result	0.08098597	0.00000512	0x00	0x14
SPI [1]	result	0.08153521	0.00000512	0x08	0x09
SPI [1]	result	0.08154049	0.00000512	0x00	0x00
SPI [1]	result	0.08154577	0.00000512	0x88	0x80
SPI [1]	result	0.08155105	0.00000512	0x32	0x1A
SPI [1]	result	0.14212242	0.00000512	0x00	0x00
SPI [1]	result	0.14212770	0.00000512	0x00	0x00
SPI [1]	result	0.14213298	0.00000512	0x08	0x00
SPI [1]	result	0.14213826	0.00000512	0x20	0x00
SPI [1]	result	0.14259931	0.00000512	0x0A	0x08
SPI [1]	result	0.14260459	0.00000512	0x10	0x00
SPI [1]	result	0.14260987	0.00000512	0x80	0x88
SPI [1]	result	0.14261515	0.00000512	0x32	0x32
SPI [1]	result	0.14288317	0.00000512	0x00	0x01
SPI [1]	result	0.14288845	0.00000512	0x00	0x89
SPI [1]	result	0.14289373	0.00000512	0x00	0x08
SPI [1]	result	0.14289901	0.00000512	0x00	0x14
SPI [1]	result	0.14316319	0.00000512	0x08	0x0A
SPI [1]	result	0.14316847	0.00000512	0x00	0x00
SPI [1]	result	0.14317375	0.00000512	0x88	0x80
SPI [1]	result	0.14317903	0.00000512	0x32	0x22
SPI [1]	result	0.15698472	0.00000512	0x00	0x00
SPI [1]	result	0.15699000	0.00000512	0x00	0x00
SPI [1]	result	0.15699528	0.00000512	0x20	0x00
SPI [1]	result	0.15700056	0.00000512	0x04	0x00
SPI [1]	result	0.15747924	0.00000512	0x0B	0x08
SPI [1]	result	0.15748452	0.00000512	0x10	0x00
SPI [1]	result	0.15748980	0.00000512	0x80	0xA0
SPI [1]	result	0.15749508	0.00000512	0x3A	0x16
SPI [1]	result	0.15778613	0.00000512	0x00	0x00
SPI [1]	result	0.15779141	0.00000512	0x00	0x00
SPI [1]	result	0.15779669	0.00000512	0x3F	0x20
SPI [1]	result	0.15780197	0.00000512	0xC6	0x04
SPI [1]	result	0.15828023	0.00000512	0x0C	0x0B
SPI [1]	result	0.15828551	0.00000512	0x00	0x00
SPI [1]	result	0.15829079	0.00000512	0xA0	0xBF
SPI [1]	result	0.15829607	0.00000512	0x36	0xF0
SPI [1]	result	0.15858203	0.00000512	0x00	0x00
SPI [1]	result	0.15858731	0.00000512	0x00	0x00
SPI [1]	result	0.15859259	0.00000512	0x00	0x3F
SPI [1]	result	0.15859787	0.00000512	0x00	0xC6
SPI [1]	result	0.15886350	0.00000512	0x08	0x0C
SPI [1]	result	0.15886878	0.00000512	0x00	0x00
SPI [1]	result	0.15887406	0.00000512	0xBF	0x80
SPI [1]	result	0.15887934	0.00000512	0xD8	0x32
SPI [1]	result	0.15915210	0.00000512	0x00	0x00
SPI [1]	result	0.15915738	0.00000512	0x02	0x00
SPI [1]	result	0.15916266	0.00000512	0x2A	0x00
SPI [1]	result	0.15916794	0.00000512	0x2E	0x00
SPI [1]	result	0.15961549	0.00000512	0x0D	0x08
SPI [1]	result	0.15962077	0.00000512	0x10	0x00
SPI [1]	result	0.15962605	0.00000512	0x80	0xAA
SPI [1]	result	0.15963133	0.00000512	0x0A	0x3E
SPI [1]	result	0.15990020	0.00000512	0x00	0x00
SPI [1]	result	0.15990548	0.00000512	0x00	0x02
SPI [1]	result	0.15991076	0.00000512	0x3F	0x2A
SPI [1]	result	0.15991604	0.00000512	0xC6	0x2E
SPI [1]	result	0.16038129	0.00000512	0x0E	0x0D
SPI [1]	result	0.16038657	0.00000512	0x00	0x00
SPI [1]	result	0.16039185	0.00000512	0xAA	0xBF
SPI [1]	result	0.16039713	0.00000512	0x2E	0xC0
SPI [1]	result	0.16068513	0.00000512	0x00	0x00
SPI [1]	result	0.16069041	0.00000512	0x00	0x00
SPI [1]	result	0.16069569	0.00000512	0x00	0x3F
SPI [1]	result	0.16070097	0.00000512	0x00	0xC6
SPI [1]	result	0.16097111	0.00000512	0x08	0x0E
SPI [1]	result	0.16097639	0.00000512	0x00	0x00
SPI [1]	result	0.16098167	0.00000512	0xBF	0x80
SPI [1]	result	0.16098695	0.00000512	0xD8	0x02
SPI [1]	result	0.18208269	0.00000512	0x00	0x00
SPI [1]	result	0.18208797	0.00000512	0x00	0x00
SPI [1]	result	0.18209325	0.00000512	0x08	0x00
SPI [1]	result	0.18209853	0.00000512	0x20	0x00
SPI [1]	result	0.18256332	0.00000512	0x0F	0x08
SPI [1]	result	0.18256860	0.00000512	0x10	0x00
SPI [1]	result	0.18257388	0.00000512	0x80	0x88
SPI [1]	result	0.18257916	0.00000512	0x1A	0x32
SPI [1]	result	0.18285012	0.00000512	0x00	0x01
SPI [1]	result	0.18285540	0.00000512	0x00	0x89
SPI [1]	result	0.18286068	0.00000512	0x00	0x08
SPI [1]	result	0.18286596	0.00000512	0x00	0x14
SPI [1]	result	0.18312521	0.00000512	0x08	0x0F
SPI [1]	result	0.18313049	0.00000512	0x00	0x00
SPI [1]	result	0.18313577	0.00000512	0x88	0x80
SPI [1]	result	0.18314105	0.00000512	0x32	0x0A
SPI [1]	result	0.18342205	0.00000512	0x00	0x00
SPI [1]	result	0.18342733	0.00000512	0x00	0x00
SPI [1]	result	0.18343261	0.00000512	0x0C	0x00
SPI [1]	result	0.18343789	0.00000512	0xB2	0x00
SPI [1]	result	0.18389512	0.00000512	0x08	0x08
SPI [1]	result	0.18390040	0.00000512	0x10	0x00
SPI [1]	result	0.18390568	0.00000512	0x80	0x8C
SPI [1]	result	0.18391096	0.00000512	0x22	0x84
SPI [1]	result	0.18418011	0.00000512	0x00	0x80
SPI [1]	result	0.18418539	0.00000512	0x00	0x01
SPI [1]	result	0.18419067	0.00000512	0x0C	0x0C
SPI [1]	result	0.18419595	0.00000512	0x30	0xB2
SPI [1]	result	0.18463718	0.00000512	0x09	0x08
SPI [1]	result	0.18464246	0.00000512	0x00	0x00
SPI [1]	result	0.18464774	0.00000512	0x8C	0x8C
SPI [1]	result	0.18465302	0.00000512	0x8C	0x02
SPI [1]	result	0.18492910	0.00000512	0x00	0x00
SPI [1]	result	0.18493438	0.00000512	0x00	0x07
SPI [1]	result	0.18493966	0.00000512	0x00	0x0C
SPI [1]	result	0.18494494	0.00000512	0x00	0x16
SPI [1]	result	0.18522001	0.00000512	0x08	0x09
SPI [1]	result	0.18522529	0.00000512	0x00	0x00
SPI [1]	result	0.18523057	0.00000512	0x8C	0x80
SPI [1]	result	0.18523585	0.00000512	0x02	0x1A
SPI [1]	result	0.22210010	0.00000512	0x00	0x00
SPI [1]	result	0.22210538	0.00000512	0x00	0x00
SPI [1]	result	0.22211066	0.00000512	0x08	0x00
SPI [1]	result	0.22211594	0.00000512	0x20	0x00
SPI [1]	result	0.22256726	0.00000512	0x0A	0x08
SPI [1]	result	0.22257254	0.00000512	0x10	0x00
SPI [1]	result	0.22257782	0.00000512	0x80	0x88
SPI [1]	result	0.22258310	0.00000512	0x32	0x32
SPI [1]	result	0.22284423	0.00000512	0x00	0x11
SPI [1]	result	0.22284951	0.00000512	0x00	0x80
SPI [1]	result	0.22285479	0.00000512	0x00	0x08
SPI [1]	result	0.22286007	0.00000512	0x00	0x30
SPI [1]	result	0.22311609	0.00000512	0x08	0x0A
SPI [1]	result	0.22312137	0.00000512	0x00	0x00
SPI [1]	result	0.22312665	0.00000512	0x88	0x80
SPI [1]	result	0.22313193	0.00000512	0x32	0x22
SPI [1]	result	0.26208593	0.00000512	0x00	0x00
SPI [1]	result	0.26209121	0.00000512	0x00	0x00
SPI [1]	result	0.26209649	0.00000512	0x08	0x00
SPI [1]	result	0.26210177	0.00000512	0x20	0x00
SPI [1]	result	0.26255620	0.00000512	0x0B	0x08
SPI [1]	result	0.26256148	0.00000512	0x10	0x00
SPI [1]	result	0.26256676	0.00000512	0x80	0x88
SPI [1]	result	0.26257204	0.00000512	0x3A	0x32
SPI [1]	result	0.26283530	0.00000512	0x00	0x01
SPI [1]	result	0.26284058	0.00000512	0x00	0x80
SPI [1]	result	0.26284586	0.00000512	0x00	0x08
SPI [1]	result	0.26285114	0.00000512	0x00	0x2C
SPI [1]	result	0.26312020	0.00000512	0x08	0x0B
SPI [1]	result	0.26312548	0.00000512	0x00	0x00
SPI [1]	result	0.26313076	0.00000512	0x88	0x80
SPI [1]	result	0.26313604	0.00000512	0x32	0x2A
SPI [1]	result	0.30208386	0.00000512	0x00	0x00
SPI [1]	result	0.30208914	0.00000512	0x00	0x00
SPI [1]	result	0.30209442	0.00000512	0x08	0x00
SPI [1]	result	0.30209970	0.00000512	0x20	0x00
SPI [1]	result	0.30255216	0.00000512	0x0C	0x08
SPI [1]	result	0.30255744	0.00000512	0x10	0x00
SPI [1]	result	0.30256272	0.00000512	0x80	0x88
SPI [1]	result	0.30256800	0.00000512	0x02	0x32
SPI [1]	result	0.30283011	0.00000512	0x00	0x01
SPI [1]	result	0.30283539	0.00000512	0x00	0x80
SPI [1]	result	0.30284067	0.00000512	0x00	0x08
SPI [1]	result	0.30284595	0.00000512	0x00	0x2C
SPI [1]	result	0.30311953	0.00000512	0x08	0x0C
SPI [1]	result	0.30312481	0.00000512	0x00	0x00
SPI [1]	result	0.30313009	0.00000512	0x88	0x80
SPI [1]	result	0.30313537	0.00000512	0x32	0x32
SPI [1]	result	0.34208456	0.00000512	0x00	0x00
SPI [1]	result	0.34208984	0.00000512	0x00	0x00
SPI [1]	result	0.34209512	0.00000512	0x08	0x00
SPI [1]	result	0.34210040	0.00000512	0x20	0x00
SPI [1]	result	0.34255223	0.00000512	0x0D	0x08
SPI [1]	result	0.34255751	0.00000512	0x10	0x00
SPI [1]	result	0.34256279	0.00000512	0x80	0x88
SPI [1]	result	0.34256807	0.00000512	0x0A	0x32
SPI [1]	result	0.34284713	0.00000512	0x00	0x01
SPI [1]	result	0.34285241	0.00000512	0x00	0x80
SPI [1]	result	0.34285769	0.00000512	0x00	0x08
SPI [1]	result	0.34286297	0.00000512	0x00	0x2C
SPI [1]	result	0.34313119	0.00000512	0x08	0x0D
SPI [1]	result	0.34313647	0.00000512	0x00	0x00
SPI [1]	result	0.34314175	0.00000512	0x88	0x80
SPI [1]	result	0.34314703	0.00000512	0x32	0x3A
SPI [1]	result	0.38208199	0.00000512	0x00	0x00
SPI [1]	result	0.38208727	0.00000512	0x00	0x00
SPI [1]	result	0.38209255	0.00000512	0x08	0x00
SPI [1]	result	0.38209783	0.00000512	0x20	0x00
SPI [1]	result	0.38255009	0.00000512	0x0E	0x08
SPI [1]	result	0.38255537	0.00000512	0x10	0x00
SPI [1]	result	0.38256065	0.00000512	0x80	0x88
SPI [1]	result	0.38256593	0.00000512	0x12	0x32
SPI [1]	result	0.38283412	0.00000512	0x00	0x01
SPI [1]	result	0.38283940	0.00000512	0x00	0x80
SPI [1]	result	0.38284468	0.00000512	0x00	0x08
SPI [1]	result	0.38284996	0.00000512	0x00	0x2C
SPI [1]	result	0.38312307	0.00000512	0x08	0x0E
SPI [1]	result	0.38312835	0.00000512	0x00	0x00
SPI [1]	result	0.38313363	0.00000512	0x88	0x80
SPI [1]	result	0.38313891	0.00000512	0x32	0x02
SPI [1]	result	0.42208730	0.00000512	0x00	0x00
SPI [1]	result	0.42209258	0.00000512	0x00	0x00
SPI [1]	result	0.42209786	0.00000512	0x08	0x00
SPI [1]	result	0.42210314	0.00000512	0x20	0x00
SPI [1]	result	0.42257013	0.00000512	0x0F	0x08
SPI [1]	result	0.42257541	0.00000512	0x10	0x00
SPI [1]	result	0.42258069	0.00000512	0x80	0x88
SPI [1]	result	0.42258597	0.00000512	0x1A	0x32
SPI [1]	result	0.42285817	0.00000512	0x00	0x01
SPI [1]	result	0.42286345	0.00000512	0x00	0x80
SPI [1]	result	0.42286873	0.00000512	0x00	0x08
SPI [1]	result	0.42287401	0.00000512	0x00	0x2C
SPI [1]	result	0.42313216	0.00000512	0x08	0x0F
SPI [1]	result	0.42313744	0.00000512	0x00	0x00
SPI [1]	result	0.42314272	0.00000512	0x88	0x80
SPI [1]	result	0.42314800	0.00000512	0x32	0x0A
SPI [1]	result	0.46207568	0.00000512	0x00	0x00
SPI [1]	result	0.46208096	0.00000512	0x00	0x00
SPI [1]	result	0.46208624	0.00000512	0x08	0x00
SPI [1]	result	0.46209152	0.00000512	0x20	0x00
SPI [1]	result	0.46254418	0.00000512	0x08	0x08
SPI [1]	result	0.46254946	0.00000512	0x10	0x00
SPI [1]	result	0.46255474	0.00000512	0x80	0x88
SPI [1]	result	0.46256002	0.00000512	0x22	0x32
SPI [1]	result	0.46282113	0.00000512	0x00	0x01
SPI [1]	result	0.46282641	0.00000512	0x00	0x80
SPI [1]	result	0.46283169	0.00000512	0x00	0x08
SPI [1]	result	0.46283697	0.00000512	0x00	0x2C
SPI [1]	result	0.46309421	0.00000512	0x08	0x08
SPI [1]	result	0.46309949	0.00000512	0x00	0x00
SPI [1]	result	0.46310477	0.00000512	0x88	0x80
SPI [1]	result	0.46311005	0.00000512	0x32	0x12
SPI [1]	result	0.50206352	0.00000512	0x00	0x00
SPI [1]	result	0.50206880	0.00000512	0x00	0x00
SPI [1]	result	0.50207408	0.00000512	0x08	0x00
SPI [1]	result	0.50207936	0.00000512	0x20	0x00
SPI [1]	result	0.50252848	0.00000512	0x09	0x08
SPI [1]	result	0.50253376	0.00000512	0x10	0x00
SPI [1]	result	0.50253904	0.00000512	0x80	0x88
SPI [1]	result	0.50254432	0.00000512	0x2A	0x32
SPI [1]	result	0.50280307	0.00000512	0x00	0x01
SPI [1]	result	0.50280835	0.00000512	0x00	0x80
SPI [1]	result	0.50281363	0.00000512	0x00	0x08
SPI [1]	result	0.50281891	0.00000512	0x00	0x2C
SPI [1]	result	0.50307315	0.00000512	0x08	0x09
SPI [1]	result	0.50307843	0.00000512	0x00	0x00
SPI [1]	result	0.50308371	0.00000512	0x88	0x80
SPI [1]	result	0.50308899	0.00000512	0x32	0x1A
SPI [1]	result	0.54208289	0.00000512	0x00	0x00
SPI [1]	result	0.54208817	0.00000512	0x00	0x00
SPI [1]	result	0.54209345	0.00000512	0x08	0x00
SPI [1]	result	0.54209873	0.00000512	0x20	0x00
SPI [1]	result	0.54255055	0.00000512	0x0A	0x08
SPI [1]	result	0.54255583	0.00000512	0x10	0x00
SPI [1]	result	0.54256111	0.00000512	0x80	0x88
SPI [1]	result	0.54256639	0.00000512	0x32	0x32
SPI [1]	result	0.54282812	0.00000512	0x00	0x01
SPI [1]	result	0.54283340	0.00000512	0x00	0x80
SPI [1]	result	0.54283868	0.00000512	0x00	0x08
SPI [1]	result	0.54284396	0.00000512	0x00	0x2C
SPI [1]	result	0.54309812	0.00000512	0x08	0x0A
SPI [1]	result	0.54310340	0.00000512	0x00	0x00
SPI [1]	result	0.54310868	0.00000512	0x88	0x80
SPI [1]	result	0.54311396	0.00000512	0x32	0x22
SPI [1]	result	0.54338410	0.00000512	0x00	0x00
SPI [1]	result	0.54338938	0.00000512	0x00	0x00
SPI [1]	result	0.54339466	0.00000512	0x0C	0x00
SPI [1]	result	0.54339994	0.00000512	0x72	0x00
SPI [1]	result	0.54383715	0.00000512	0x0B	0x08
SPI [1]	result	0.54384243	0.00000512	0x10	0x00
SPI [1]	result	0.54384771	0.00000512	0x80	0x8C
SPI [1]	result	0.54385299	0.00000512	0x3A	0x44
SPI [1]	result	0.54410906	0.00000512	0x00	0x00
SPI [1]	result	0.54411434	0.00000512	0x00	0x43
SPI [1]	result	0.54411962	0.00000512	0x00	0x0C
SPI [1]	result	0.54412490	0.00000512	0x00	0x56
SPI [1]	result	0.54437915	0.00000512	0x08	0x0B
SPI [1]	result	0.54438443	0.00000512	0x00	0x00
SPI [1]	result	0.54438971	0.00000512	0x8C	0x80
SPI [1]	result	0.54439499	0.00000512	0x44	0x2A
SPI [1]	result	0.56450154	0.00000512	0x00	0x00
SPI [1]	result	0.56450682	0.00000512	0x00	0x00
SPI [1]	result	0.56451210	0.00000512	0x0F	0x00
SPI [1]	result	0.56451738	0.00000512	0xC0	0x00
SPI [1]	result	0.56496109	0.00000512	0x0C	0x08
SPI [1]	result	0.56496637	0.00000512	0x10	0x00
SPI [1]	result	0.56497165	0.00000512	0x80	0x8F
SPI [1]	result	0.56497693	0.00000512	0x02	0xD2
SPI [1]	result	0.56523508	0.00000512	0x00	0x00
SPI [1]	result	0.56524036	0.00000512	0x01	0x00
SPI [1]	result	0.56524564	0.00000512	0x09	0x0F
SPI [1]	result	0.56525092	0.00000512	0x04	0xC0
SPI [1]	result	0.56568615	0.00000512	0x0D	0x0C
SPI [1]	result	0.56569143	0.00000512	0x00	0x00
SPI [1]	result	0.56569671	0.00000512	0x8F	0x89
SPI [1]	result	0.56570199	0.00000512	0xFA	0x16
SPI [1]	result	0.56596710	0.00000512	0x00	0x00
SPI [1]	result	0.56597238	0.00000512	0x01	0x00
SPI [1]	result	0.56597766	0.00000512	0x08	0x09
SPI [1]	result	0.56598294	0.00000512	0x42	0x24
SPI [1]	result	0.56641900	0.00000512	0x0E	0x0D
SPI [1]	result	0.56642428	0.00000512	0x00	0x00
SPI [1]	result	0.56642956	0.00000512	0x89	0x88
SPI [1]	result	0.56643484	0.00000512	0x26	0x5C
SPI [1]	result	0.56669920	0.00000512	0x00	0x07
SPI [1]	result	0.56670448	0.00000512	0x01	0xDD
SPI [1]	result	0.56670976	0.00000512	0x08	0x08
SPI [1]	result	0.56671504	0.00000512	0x82	0x5C
SPI [1]	result	0.56715414	0.00000512	0x0F	0x0E
SPI [1]	result	0.56715942	0.00000512	0x00	0x00
SPI [1]	result	0.56716470	0.00000512	0x88	0x88
SPI [1]	result	0.56716998	0.00000512	0x6C	0xA4
SPI [1]	result	0.56743611	0.00000512	0x00	0x00
SPI [1]	result	0.56744139	0.00000512	0x00	0x00
SPI [1]	result	0.56744667	0.00000512	0x09	0x08
SPI [1]	result	0.56745195	0.00000512	0xE8	0xA2
SPI [1]	result	0.56788803	0.00000512	0x08	0x0F
SPI [1]	result	0.56789331	0.00000512	0x00	0x00
SPI [1]	result	0.56789859	0.00000512	0x88	0x89
SPI [1]	result	0.56790387	0.00000512	0xB4	0xF2
SPI [1]	result	0.56816710	0.00000512	0x00	0x00
SPI [1]	result	0.56817238	0.00000512	0x00	0x00
SPI [1]	result	0.56817766	0.00000512	0x00	0x09
SPI [1]	result	0.56818294	0.00000512	0x00	0xE8
SPI [1]	result	0.56843809	0.00000512	0x08	0x08
SPI [1]	result	0.56844337	0.00000512	0x00	0x00
SPI [1]	result	0.56844865	0.00000512	0x89	0x80
SPI [1]	result	0.56845393	0.00000512	0xFA	0x12
SPI [1]	result	0.56891429	0.00000512	0x00	0x00
SPI [1]	result	0.56891957	0.00000512	0x00	0x00
SPI [1]	result	0.56892485	0.00000512	0x09	0x00
SPI [1]	result	0.56893013	0.00000512	0xA6	0x00
SPI [1]	result	0.56918620	0.00000512	0x09	0x00
SPI [1]	result	0.56919148	0.00000512	0x10	0x00
SPI [1]	result	0.56919676	0.00000512	0x80	0x00
SPI [1]	result	0.56920204	0.00000512	0x2A	0x00
SPI [1]	result	0.56960768	0.00000512	0x00	0x08
SPI [1]	result	0.56961296	0.00000512	0x00	0x00
SPI [1]	result	0.56961824	0.00000512	0x00	0x89
SPI [1]	result	0.56962352	0.00000512	0x00	0xB8
SPI [1]	result	0.56973827	0.00000512	0x08	0x00
SPI [1]	result	0.56974355	0.00000512	0x00	0x00
SPI [1]	result	0.56974883	0.00000512	0x89	0x03
SPI [1]	result	0.56975411	0.00000512	0xB8	0xD0
SPI [1]	result	0.57002227	0.00000512	0x80	0xC3
SPI [1]	result	0.57002755	0.00000512	0x02	0x3C
SPI [1]	result	0.57003283	0.00000512	0x28	0xA5
SPI [1]	result	0.57003811	0.00000512	0x06	0x5A
SPI [1]	result	0.57047615	0.00000512	0x0A	0xC3
SPI [1]	result	0.57048143	0.00000512	0x10	0x3C
SPI [1]	result	0.57048671	0.00000512	0x80	0xA5
SPI [1]	result	0.57049199	0.00000512	0x32	0x5A
SPI [1]	result	0.57075021	0.00000512	0x7F	0xC3
SPI [1]	result	0.57075549	0.00000512	0xFF	0x3C
SPI [1]	result	0.57076077	0.00000512	0x15	0xA5
SPI [1]	result	0.57076605	0.00000512	0x10	0x5A
SPI [1]	result	0.57120212	0.00000512	0x0B	0xC3
SPI [1]	result	0.57120740	0.00000512	0x00	0x3C
SPI [1]	result	0.57121268	0.00000512	0xA8	0xA5
SPI [1]	result	0.57121796	0.00000512	0x0E	0x5A
SPI [1]	result	0.57148122	0.00000512	0x01	0xC3
SPI [1]	result	0.57148650	0.00000512	0x23	0x3C
SPI [1]	result	0.57149178	0.00000512	0x15	0xA5
SPI [1]	result	0.57149706	0.00000512	0x62	0x5A
SPI [1]	result	0.57193220	0.00000512	0x0C	0xC3
SPI [1]	result	0.57193748	0.00000512	0x00	0x3C
SPI [1]	result	0.57194276	0.00000512	0x95	0xA5
SPI [1]	result	0.57194804	0.00000512	0x08	0x5A
SPI [1]	result	0.57221018	0.00000512	0x0A	0xC3
SPI [1]	result	0.57221546	0.00000512	0x00	0x3C
SPI [1]	result	0.57222074	0.00000512	0x15	0xA5
SPI [1]	result	0.57222602	0.00000512	0xAA	0x5A
SPI [1]	result	0.57266220	0.00000512	0x0D	0xC3
SPI [1]	result	0.57266748	0.00000512	0x00	0x3C
SPI [1]	result	0.57267276	0.00000512	0x95	0xA5
SPI [1]	result	0.57267804	0.00000512	0x52	0x5A
SPI [1]	result	0.57293917	0.00000512	0x00	0xC3
SPI [1]	result	0.57294445	0.00000512	0x00	0x3C
SPI [1]	result	0.57294973	0.00000512	0x3F	0xA5
SPI [1]	result	0.57295501	0.00000512	0xC6	0x5A
SPI [1]	result	0.57339020	0.00000512	0x0E	0xC3
SPI [1]	result	0.57339548	0.00000512	0x00	0x3C
SPI [1]	result	0.57340076	0.00000512	0x95	0xA5
SPI [1]	result	0.57340604	0.00000512	0x9A	0x5A
SPI [1]	result	0.57366825	0.00000512	0x00	0xC3
SPI [1]	result	0.57367353	0.00000512	0x00	0x3C
SPI [1]	result	0.57367881	0.00000512	0x00	0xA5
SPI [1]	result	0.57368409	0.00000512	0x00	0x5A
SPI [1]	result	0.57394013	0.00000512	0x08	0xC3
SPI [1]	result	0.57394541	0.00000512	0x00	0x3C
SPI [1]	result	0.57395069	0.00000512	0xBF	0xA5
SPI [1]	result	0.57395597	0.00000512	0xD8	0x5A
SPI [1]	result	0.58203021	0.00000512	0x00	0xC3
SPI [1]	result	0.58203549	0.00000512	0x00	0x3C
SPI [1]	result	0.58204077	0.00000512	0x08	0xA5
SPI [1]	result	0.58204605	0.00000512	0x20	0x5A
SPI [1]	result	0.58248423	0.00000512	0x0F	0xC3
SPI [1]	result	0.58248951	0.00000512	0x10	0x3C
SPI [1]	result	0.58249479	0.00000512	0x80	0xA5
SPI [1]	result	0.58250007	0.00000512	0x1A	0x5A
SPI [1]	result	0.58275618	0.00000512	0x00	0xC3
SPI [1]	result	0.58276146	0.00000512	0x00	0x3C
SPI [1]	result	0.58276674	0.00000512	0x00	0xA5
SPI [1]	result	0.58277202	0.00000512	0x00	0x5A
SPI [1]	result	0.58302713	0.00000512	0x08	0xC3
SPI [1]	result	0.58303241	0.00000512	0x00	0x3C
SPI [1]	result	0.58303769	0.00000512	0x88	0xA5
SPI [1]	result	0.58304297	0.00000512	0x32	0x5A
SPI [1]	result	0.60826189	0.00000512	0x00	0xC3
SPI [1]	result	0.60826717	0.00000512	0x00	0x3C
SPI [1]	result	0.60827245	0.00000512	0x0F	0xA5
SPI [1]	result	0.60827773	0.00000512	0xC0	0x5A
SPI [1]	result	0.60871711	0.00000512	0x08	0xC3
SPI [1]	result	0.60872239	0.00000512	0x10	0x3C
SPI [1]	result	0.60872767	0.00000512	0x80	0xA5
SPI [1]	result	0.60873295	0.00000512	0x22	0x5A
SPI [1]	result	0.60899013	0.00000512	0x00	0xC3
SPI [1]	result	0.60899541	0.00000512	0x00	0x3C
SPI [1]	result	0.60900069	0.00000512	0x00	0xA5
SPI [1]	result	0.60900597	0.00000512	0x00	0x5A
SPI [1]	result	0.60926003	0.00000512	0x08	0xC3
SPI [1]	result	0.60926531	0.00000512	0x00	0x3C
SPI [1]	result	0.60927059	0.00000512	0x8F	0xA5
SPI [1]	result	0.60927587	0.00000512	0xD2	0x5A
SPI [1]	result	0.60954015	0.00000512	0x00	0xC3
SPI [1]	result	0.60954543	0.00000512	0x00	0x3C
SPI [1]	result	0.60955071	0.00000512	0x09	0xA5
SPI [1]	result	0.60955599	0.00000512	0xE8	0x5A
SPI [1]	result	0.60999220	0.00000512	0x09	0xC3
SPI [1]	result	0.60999748	0.00000512	0x10	0x3C
SPI [1]	result	0.61000276	0.00000512	0x80	0xA5
SPI [1]	result	0.61000804	0.00000512	0x2A	0x5A
SPI [1]	result	0.61026414	0.00000512	0x00	0xC3
SPI [1]	result	0.61026942	0.00000512	0x00	0x3C
SPI [1]	result	0.61027470	0.00000512	0x00	0xA5
SPI [1]	result	0.61027998	0.00000512	0x00	0x5A
SPI [1]	result	0.61053416	0.00000512	0x08	0xC3
SPI [1]	result	0.61053944	0.00000512	0x00	0x3C
SPI [1]	result	0.61054472	0.00000512	0x89	0xA5
SPI [1]	result	0.61055000	0.00000512	0xFA	0x5A
SPI [1]	result	0.61081213	0.00000512	0x00	0xC3
SPI [1]	result	0.61081741	0.00000512	0x01	0x3C
SPI [1]	result	0.61082269	0.00000512	0x08	0xA5
SPI [1]	result	0.61082797	0.00000512	0x42	0x5A
SPI [1]	result	0.61126406	0.00000512	0x0A	0xC3
SPI [1]	result	0.61126934	0.00000512	0x10	0x3C
SPI [1]	result	0.61127462	0.00000512	0x80	0xA5
SPI [1]	result	0.61127990	0.00000512	0x32	0x5A
SPI [1]	result	0.61153619	0.00000512	0x00	0xC3
SPI [1]	result	0.61154147	0.00000512	0x00	0x3C
SPI [1]	result	0.61154675	0.00000512	0x00	0xA5
SPI [1]	result	0.61155203	0.00000512	0x00	0x5A
SPI [1]	result	0.61180617	0.00000512	0x08	0xC3
SPI [1]	result	0.61181145	0.00000512	0x00	0x3C
SPI [1]	result	0.61181673	0.00000512	0x88	0xA5
SPI [1]	result	0.61182201	0.00000512	0x74	0x5A
SPI [1]	result	0.61296515	0.00000512	0x00	0xC3
SPI [1]	result	0.61297043	0.00000512	0x00	0x3C
SPI [1]	result	0.61297571	0.00000512	0x2A	0xA5
SPI [1]	result	0.61298099	0.00000512	0x6E	0x5A
SPI [1]	result	0.61344016	0.00000512	0x0B	0xC3
SPI [1]	result	0.61344544	0.00000512	0x10	0x3C
SPI [1]	result	0.61345072	0.00000512	0x80	0xA5
SPI [1]	result	0.61345600	0.00000512	0x3A	0x5A
SPI [1]	result	0.61372821	0.00000512	0x00	0x00
SPI [1]	result	0.61373349	0.00000512	0x00	0x00
SPI [1]	result	0.61373877	0.00000512	0x3F	0x00
SPI [1]	result	0.61374405	0.00000512	0xC6	0x00
SPI [1]	result	0.61419919	0.00000512	0x0C	0xC3
SPI [1]	result	0.61420447	0.00000512	0x00	0x3C
SPI [1]	result	0.61420975	0.00000512	0xAA	0xA5
SPI [1]	result	0.61421503	0.00000512	0x60	0x5A
SPI [1]	result	0.61450423	0.00000512	0x00	0xC3
SPI [1]	result	0.61450951	0.00000512	0x00	0x3C
SPI [1]	result	0.61451479	0.00000512	0x00	0xA5
SPI [1]	result	0.61452007	0.00000512	0x00	0x5A
SPI [1]	result	0.61479009	0.00000512	0x08	0xC3
SPI [1]	result	0.61479537	0.00000512	0x00	0x3C
SPI [1]	result	0.61480065	0.00000512	0xBF	0xA5
SPI [1]	result	0.61480593	0.00000512	0xD8	0x5A
SPI [1]	result	0.62206927	0.00000512	0x00	0xC3
SPI [1]	result	0.62207455	0.00000512	0x00	0x3C
SPI [1]	result	0.62207983	0.00000512	0x08	0xA5
SPI [1]	result	0.62208511	0.00000512	0x20	0x5A
SPI [1]	result	0.62253330	0.00000512	0x0D	0xC3
SPI [1]	result	0.62253858	0.00000512	0x10	0x3C
SPI [1]	result	0.62254386	0.00000512	0x80	0xA5
SPI [1]	result	0.62254914	0.00000512	0x0A	0x5A
SPI [1]	result	0.62280812	0.00000512	0x00	0xC3
SPI [1]	result	0.62281340	0.00000512	0x00	0x3C
SPI [1]	result	0.62281868	0.00000512	0x00	0xA5
SPI [1]	result	0.62282396	0.00000512	0x00	0x5A
SPI [1]	result	0.62307830	0.00000512	0x08	0xC3
SPI [1]	result	0.62308358	0.00000512	0x00	0x3C
SPI [1]	result	0.62308886	0.00000512	0x88	0xA5
SPI [1]	result	0.62309414	0.00000512	0x32	0x5A
SPI [1]	result	0.64123455	0.00000512	0x00	0xC3
SPI [1]	result	0.64123983	0.00000512	0x04	0x3C
SPI [1]	result	0.64124511	0.00000512	0x2A	0xA5
SPI [1]	result	0.64125039	0.00000512	0x72	0x5A
SPI [1]	result	0.64170623	0.00000512	0x0E	0xC0
SPI [1]	result	0.64171151	0.00000512	0x10	0x00
SPI [1]	result	0.64171679	0.00000512	0x80	0x00
SPI [1]	result	0.64172207	0.00000512	0x12	0x00
SPI [1]	result	0.64199424	0.00000512	0x00	0xC3
SPI [1]	result	0.64199952	0.00000512	0x00	0x3C
SPI [1]	result	0.64200480	0.00000512	0x3F	0xA5
SPI [1]	result	0.64201008	0.00000512	0xC6	0x5A
SPI [1]	result	0.64245311	0.00000512	0x0F	0xC3
SPI [1]	result	0.64245839	0.00000512	0x00	0x3C
SPI [1]	result	0.64246367	0.00000512	0xAA	0xA5
SPI [1]	result	0.64246895	0.00000512	0x78	0x5A
SPI [1]	result	0.64275204	0.00000512	0x00	0xC3
SPI [1]	result	0.64275732	0.00000512	0x00	0x3C
SPI [1]	result	0.64276260	0.00000512	0x00	0xA5
SPI [1]	result	0.64276788	0.00000512	0x00	0x5A
SPI [1]	result	0.64304020	0.00000512	0x08	0xC3
SPI [1]	result	0.64304548	0.00000512	0x00	0x3C
SPI [1]	result	0.64305076	0.00000512	0xBF	0xA5
SPI [1]	result	0.64305604	0.00000512	0xD8	0x5A
SPI [1]	result	0.68317488	0.00000512	0x00	0xC3
SPI [1]	result	0.68318016	0.00000512	0x00	0x3C
SPI [1]	result	0.68318544	0.00000512	0x08	0xA5
SPI [1]	result	0.68319072	0.00000512	0x20	0x5A
SPI [1]	result	0.68362797	0.00000512	0x08	0xC3
SPI [1]	result	0.68363325	0.00000512	0x10	0x3C
SPI [1]	result	0.68363853	0.00000512	0x80	0xA5
SPI [1]	result	0.68364381	0.00000512	0x22	0x5A
SPI [1]	result	0.68403745	0.00000512	0x00	0xC3
SPI [1]	result	0.68404273	0.00000512	0x00	0x3C
SPI [1]	result	0.68404801	0.00000512	0x09	0xA5
SPI [1]	result	0.68405329	0.00000512	0xA6	0x5A
SPI [1]	result	0.68444537	0.00000512	0x09	0xC3
SPI [1]	result	0.68445065	0.00000512	0x00	0x3C
SPI [1]	result	0.68445593	0.00000512	0x88	0xA5
SPI [1]	result	0.68446121	0.00000512	0x3A	0x5A
SPI [1]	result	0.68485314	0.00000512	0x00	0xC3
SPI [1]	result	0.68485842	0.00000512	0x00	0x3C
SPI [1]	result	0.68486370	0.00000512	0x00	0xA5
SPI [1]	result	0.68486898	0.00000512	0x00	0x5A
SPI [1]	result	0.68526161	0.00000512	0x08	0xC3
SPI [1]	result	0.68526689	0.00000512	0x00	0x3C
SPI [1]	result	0.68527217	0.00000512	0x89	0xA5
SPI [1]	result	0.68527745	0.00000512	0xB8	0x5A
SPI [1]	result	0.72317165	0.00000512	0x00	0xC3
SPI [1]	result	0.72317693	0.00000512	0x00	0x3C
SPI [1]	result	0.72318221	0.00000512	0x08	0xA5
SPI [1]	result	0.72318749	0.00000512	0x20	0x5A
SPI [1]	result	0.72362704	0.00000512	0x0A	0xC3
SPI [1]	result	0.72363232	0.00000512	0x10	0x3C
SPI [1]	result	0.72363760	0.00000512	0x80	0xA5
SPI [1]	result	0.72364288	0.00000512	0x32	0x5A
SPI [1]	result	0.72405950	0.00000512	0x00	0xC3
SPI [1]	result	0.72406478	0.00000512	0x00	0x3C
SPI [1]	result	0.72407006	0.00000512	0x00	0xA5
SPI [1]	result	0.72407534	0.00000512	0x00	0x5A
SPI [1]	result	0.72452433	0.00000512	0x08	0xC3
SPI [1]	result	0.72452961	0.00000512	0x00	0x3C
SPI [1]	result	0.72453489	0.00000512	0x88	0xA5
SPI [1]	result	0.72454017	0.00000512	0x32	0x5A
SPI [1]	result	0.76317030	0.00000512	0x00	0xC3
SPI [1]	result	0.76317558	0.00000512	0x00	0x3C
SPI [1]	result	0.76318086	0.00000512	0x08	0xA5
SPI [1]	result	0.76318614	0.00000512	0x20	0x5A
SPI [1]	result	0.76361962	0.00000512	0x0B	0xC3
SPI [1]	result	0.76362490	0.00000512	0x10	0x3C
SPI [1]	result	0.76363018	0.00000512	0x80	0xA5
SPI [1]	result	0.76363546	0.00000512	0x3A	0x5A
SPI [1]	result	0.76402836	0.00000512	0x00	0xC3
SPI [1]	result	0.76403364	0.00000512	0x00	0x3C
SPI [1]	result	0.76403892	0.00000512	0x00	0xA5
SPI [1]	result	0.76404420	0.00000512	0x00	0x5A
SPI [1]	result	0.76443647	0.00000512	0x08	0xC3
SPI [1]	result	0.76444175	0.00000512	0x00	0x3C
SPI [1]	result	0.76444703	0.00000512	0x88	0xA5
SPI [1]	result	0.76445231	0.00000512	0x32	0x5A
SPI [1]	result	0.80316401	0.00000512	0x00	0xC3
SPI [1]	result	0.80316929	0.00000512	0x00	0x3C
SPI [1]	result	0.80317457	0.00000512	0x08	0xA5
SPI [1]	result	0.80317985	0.00000512	0x20	0x5A
SPI [1]	result	0.80359510	0.00000512	0x0C	0xC3
SPI [1]	result	0.80360038	0.00000512	0x10	0x3C
SPI [1]	result	0.80360566	0.00000512	0x80	0xA5
SPI [1]	result	0.80361094	0.00000512	0x02	0x5A
SPI [1]	result	0.80400435	0.00000512	0x00	0xC3
SPI [1]	result	0.80400963	0.00000512	0x00	0x3C
SPI [1]	result	0.80401491	0.00000512	0x09	0xA5
SPI [1]	result	0.80402019	0.00000512	0xA6	0x5A
SPI [1]	result	0.80441161	0.00000512	0x0D	0xC3
SPI [1]	result	0.80441689	0.00000512	0x00	0x3C
SPI [1]	result	0.80442217	0.00000512	0x88	0xA5
SPI [1]	result	0.80442745	0.00000512	0x1A	0x5A
SPI [1]	result	0.80481897	0.00000512	0x00	0xC3
SPI [1]	result	0.80482425	0.00000512	0x00	0x3C
SPI [1]	result	0.80482953	0.00000512	0x00	0xA5
SPI [1]	result	0.80483481	0.00000512	0x00	0x5A
SPI [1]	result	0.80522622	0.00000512	0x08	0xC3
SPI [1]	result	0.80523150	0.00000512	0x00	0x3C
SPI [1]	result	0.80523678	0.00000512	0x89	0xA5
SPI [1]	result	0.80524206	0.00000512	0xB8	0x5A
SPI [1]	result	0.84316717	0.00000512	0x00	0xC3
SPI [1]	result	0.84317245	0.00000512	0x00	0x3C
SPI [1]	result	0.84317773	0.00000512	0x08	0xA5
SPI [1]	result	0.84318301	0.00000512	0x20	0x5A
SPI [1]	result	0.84361696	0.00000512	0x0E	0xC3
SPI [1]	result	0.84362224	0.00000512	0x10	0x3C
SPI [1]	result	0.84362752	0.00000512	0x80	0xA5
SPI [1]	result	0.84363280	0.00000512	0x12	0x5A
SPI [1]	result	0.84402631	0.00000512	0x00	0xC3
SPI [1]	result	0.84403159	0.00000512	0x00	0x3C
SPI [1]	result	0.84403687	0.00000512	0x00	0xA5
SPI [1]	result	0.84404215	0.00000512	0x00	0x5A
SPI [1]	result	0.84443340	0.00000512	0x08	0xC3
SPI [1]	result	0.84443868	0.00000512	0x00	0x3C
SPI [1]	result	0.84444396	0.00000512	0x88	0xA5
SPI [1]	result	0.84444924	0.00000512	0x32	0x5A
SPI [1]	result	0.88315894	0.00000512	0x00	0xC3
SPI [1]	result	0.88316422	0.00000512	0x00	0x3C
SPI [1]	result	0.88316950	0.00000512	0x08	0xA5
SPI [1]	result	0.88317478	0.00000512	0x20	0x5A
SPI [1]	result	0.88358481	0.00000512	0x0F	0xC3
SPI [1]	result	0.88359009	0.00000512	0x10	0x3C
SPI [1]	result	0.88359537	0.00000512	0x80	0xA5
SPI [1]	result	0.88360065	0.00000512	0x1A	0x5A
SPI [1]	result	0.88399341	0.00000512	0x00	0xC3
SPI [1]	result	0.88399869	0.00000512	0x00	0x3C
SPI [1]	result	0.88400397	0.00000512	0x00	0xA5
SPI [1]	result	0.88400925	0.00000512	0x00	0x5A
SPI [1]	result	0.88440157	0.00000512	0x08	0xC3
SPI [1]	result	0.88440685	0.00000512	0x00	0x3C
SPI [1]	result	0.88441213	0.00000512	0x88	0xA5
SPI [1]	result	0.88441741	0.00000512	0x32	0x5A
SPI [1]	result	0.92316075	0.00000512	0x00	0xC3
SPI [1]	result	0.92316603	0.00000512	0x00	0x3C
SPI [1]	result	0.92317131	0.00000512	0x08	0xA5
SPI [1]	result	0.92317659	0.00000512	0x20	0x5A
SPI [1]	result	0.92359712	0.00000512	0x08	0xC3
SPI [1]	result	0.92360240	0.00000512	0x10	0x3C
SPI [1]	result	0.92360768	0.00000512	0x80	0xA5
SPI [1]	result	0.92361296	0.00000512	0x22	0x5A
SPI [1]	result	0.92402850	0.00000512	0x00	0xC3
SPI [1]	result	0.92403378	0.00000512	0x00	0x3C
SPI [1]	result	0.92403906	0.00000512	0x09	0xA5
SPI [1]	result	0.92404434	0.00000512	0xA6	0x5A
SPI [1]	result	0.92450181	0.00000512	0x09	0xC3
SPI [1]	result	0.92450709	0.00000512	0x00	0x3C
SPI [1]	result	0.92451237	0.00000512	0x88	0xA5
SPI [1]	result	0.92451765	0.00000512	0x3A	0x5A
SPI [1]	result	0.92491879	0.00000512	0x00	0xC3
SPI [1]	result	0.92492407	0.00000512	0x00	0x3C
SPI [1]	result	0.92492935	0.00000512	0x00	0xA5
SPI [1]	result	0.92493463	0.00000512	0x00	0x5A
SPI [1]	result	0.92533275	0.00000512	0x08	0xC3
SPI [1]	result	0.92533803	0.00000512	0x00	0x3C
SPI [1]	result	0.92534331	0.00000512	0x89	0xA5
SPI [1]	result	0.92534859	0.00000512	0xB8	0x5A
SPI [1]	result	0.96316582	0.00000512	0x00	0xC3
SPI [1]	result	0.96317110	0.00000512	0x00	0x3C
SPI [1]	result	0.96317638	0.00000512	0x08	0xA5
SPI [1]	result	0.96318166	0.00000512	0x20	0x5A
SPI [1]	result	0.96361628	0.00000512	0x0A	0xC3
SPI [1]	result	0.96362156	0.00000512	0x10	0x3C
SPI [1]	result	0.96362684	0.00000512	0x80	0xA5
SPI [1]	result	0.96363212	0.00000512	0x32	0x5A
SPI [1]	result	0.96402477	0.00000512	0x00	0xC3
SPI [1]	result	0.96403005	0.00000512	0x00	0x3C
SPI [1]	result	0.96403533	0.00000512	0x00	0xA5
SPI [1]	result	0.96404061	0.00000512	0x00	0x5A
SPI [1]	result	0.96443395	0.00000512	0x08	0xC3
SPI [1]	result	0.96443923	0.00000512	0x00	0x3C
SPI [1]	result	0.96444451	0.00000512	0x88	0xA5
SPI [1]	result	0.96444979	0.00000512	0x32	0x5A
SPI [1]	result	1.00316435	0.00000512	0x00	0xC3
SPI [1]	result	1.00316963	0.00000512	0x00	0x3C
SPI [1]	result	1.00317491	0.00000512	0x08	0xA5
SPI [1]	result	1.00318019	0.00000512	0x20	0x5A
SPI [1]	result	1.00361379	0.00000512	0x0B	0xC3
SPI [1]	result	1.00361907	0.00000512	0x10	0x3C
SPI [1]	result	1.00362435	0.00000512	0x80	0xA5
SPI [1]	result	1.00362963	0.00000512	0x3A	0x5A
SPI [1]	result	1.00402227	0.00000512	0x00	0xC3
SPI [1]	result	1.00402755	0.00000512	0x00	0x3C
SPI [1]	result	1.00403283	0.00000512	0x00	0xA5
SPI [1]	result	1.00403811	0.00000512	0x00	0x5A
SPI [1]	result	1.00443069	0.00000512	0x08	0xC3
SPI [1]	result	1.00443597	0.00000512	0x00	0x3C
SPI [1]	result	1.00444125	0.00000512	0x88	0xA5
SPI [1]	result	1.00444653	0.00000512	0x32	0x5A
SPI [1]	result	1.04316783	0.00000512	0x00	0xC3
SPI [1]	result	1.04317311	0.00000512	0x00	0x3C
SPI [1]	result	1.04317839	0.00000512	0x08	0xA5
SPI [1]	result	1.04318367	0.00000512	0x20	0x5A
SPI [1]	result	1.04361934	0.00000512	0x0C	0xC3
SPI [1]	result	1.04362462	0.00000512	0x10	0x3C
SPI [1]	result	1.04362990	0.00000512	0x80	0xA5
SPI [1]	result	1.04363518	0.00000512	0x02	0x5A
SPI [1]	result	1.04402641	0.00000512	0x00	0xC3
SPI [1]	result	1.04403169	0.00000512	0x00	0x3C
SPI [1]	result	1.04403697	0.00000512	0x09	0xA5
SPI [1]	result	1.04404225	0.00000512	0xA6	0x5A
SPI [1]	result	1.04443396	0.00000512	0x0D	0xC3
SPI [1]	result	1.04443924	0.00000512	0x00	0x3C
SPI [1]	result	1.04444452	0.00000512	0x88	0xA5
SPI [1]	result	1.04444980	0.00000512	0x1A	0x5A
SPI [1]	result	1.04484182	0.00000512	0x00	0xC3
SPI [1]	result	1.04484710	0.00000512	0x00	0x3C
SPI [1]	result	1.04485238	0.00000512	0x00	0xA5
SPI [1]	result	1.04485766	0.00000512	0x00	0x5A
SPI [1]	result	1.04524943	0.00000512	0x08	0xC3
SPI [1]	result	1.04525471	0.00000512	0x00	0x3C
SPI [1]	result	1.04525999	0.00000512	0x89	0xA5
SPI [1]	result	1.04526527	0.00000512	0xB8	0x5A
SPI [1]	result	1.08315541	0.00000512	0x00	0xC3
SPI [1]	result	1.08316069	0.00000512	0x00	0x3C
SPI [1]	result	1.08316597	0.00000512	0x08	0xA5
SPI [1]	result	1.08317125	0.00000512	0x20	0x5A
SPI [1]	result	1.08358179	0.00000512	0x0E	0xC3
SPI [1]	result	1.08358707	0.00000512	0x10	0x3C
SPI [1]	result	1.08359235	0.00000512	0x80	0xA5
SPI [1]	result	1.08359763	0.00000512	0x12	0x5A
SPI [1]	result	1.08398860	0.00000512	0x00	0xC3
SPI [1]	result	1.08399388	0.00000512	0x00	0x3C
SPI [1]	result	1.08399916	0.00000512	0x00	0xA5
SPI [1]	result	1.08400444	0.00000512	0x00	0x5A
SPI [1]	result	1.08439656	0.00000512	0x08	0xC3
SPI [1]	result	1.08440184	0.00000512	0x00	0x3C
SPI [1]	result	1.08440712	0.00000512	0x88	0xA5
SPI [1]	result	1.08441240	0.00000512	0x32	0x5A
SPI [1]	result	1.12316376	0.00000512	0x00	0xC3
SPI [1]	result	1.12316904	0.00000512	0x00	0x3C
SPI [1]	result	1.12317432	0.00000512	0x08	0xA5
SPI [1]	result	1.12317960	0.00000512	0x20	0x5A
SPI [1]	result	1.12361379	0.00000512	0x0F	0xC3
SPI [1]	result	1.12361907	0.00000512	0x10	0x3C
SPI [1]	result	1.12362435	0.00000512	0x80	0xA5
SPI [1]	result	1.12362963	0.00000512	0x1A	0x5A
SPI [1]	result	1.12402180	0.00000512	0x00	0xC3
SPI [1]	result	1.12402708	0.00000512	0x00	0x3C
SPI [1]	result	1.12403236	0.00000512	0x00	0xA5
SPI [1]	result	1.12403764	0.00000512	0x00	0x5A
SPI [1]	result	1.12444241	0.00000512	0x08	0xC3
SPI [1]	result	1.12444769	0.00000512	0x00	0x3C
SPI [1]	result	1.12445297	0.00000512	0x88	0xA5
SPI [1]	result	1.12445825	0.00000512	0x32	0x5A
SPI [1]	result	1.16316712	0.00000512	0x00	0xC3
SPI [1]	result	1.16317240	0.00000512	0x00	0x3C
SPI [1]	result	1.16317768	0.00000512	0x08	0xA5
SPI [1]	result	1.16318296	0.00000512	0x20	0x5A
SPI [1]	result	1.16366197	0.00000512	0x08	0xC3
SPI [1]	result	1.16366725	0.00000512	0x10	0x3C
SPI [1]	result	1.16367253	0.00000512	0x80	0xA5
SPI [1]	result	1.16367781	0.00000512	0x22	0x5A
SPI [1]	result	1.16407522	0.00000512	0x00	0xC3
SPI [1]	result	1.16408050	0.00000512	0x00	0x3C
SPI [1]	result	1.16408578	0.00000512	0x09	0xA5
SPI [1]	result	1.16409106	0.00000512	0xA6	0x5A
SPI [1]	result	1.16448298	0.00000512	0x09	0xC3
SPI [1]	result	1.16448826	0.00000512	0x00	0x3C
SPI [1]	result	1.16449354	0.00000512	0x88	0xA5
SPI [1]	result	1.16449882	0.00000512	0x3A	0x5A
SPI [1]	result	1.16489012	0.00000512	0x00	0xC3
SPI [1]	result	1.16489540	0.00000512	0x00	0x3C
SPI [1]	result	1.16490068	0.00000512	0x00	0xA5
SPI [1]	result	1.16490596	0.00000512	0x00	0x5A
SPI [1]	result	1.16529706	0.00000512	0x08	0xC3
SPI [1]	result	1.16530234	0.00000512	0x00	0x3C
SPI [1]	result	1.16530762	0.00000512	0x89	0xA5
SPI [1]	result	1.16531290	0.00000512	0xB8	0x5A
SPI [1]	result	1.20315221	0.00000512	0x00	0xC3
SPI [1]	result	1.20315749	0.00000512	0x00	0x3C
SPI [1]	result	1.20316277	0.00000512	0x08	0xA5
SPI [1]	result	1.20316805	0.00000512	0x20	0x5A
SPI [1]	result	1.20356448	0.00000512	0x0A	0xC3
SPI [1]	result	1.20356976	0.00000512	0x10	0x3C
SPI [1]	result	1.20357504	0.00000512	0x80	0xA5
SPI [1]	result	1.20358032	0.00000512	0x32	0x5A
SPI [1]	result	1.20397147	0.00000512	0x00	0xC3
SPI [1]	result	1.20397675	0.00000512	0x00	0x3C
SPI [1]	result	1.20398203	0.00000512	0x00	0xA5
SPI [1]	result	1.20398731	0.00000512	0x00	0x5A
SPI [1]	result	1.20437911	0.00000512	0x08	0xC3
SPI [1]	result	1.20438439	0.00000512	0x00	0x3C
SPI [1]	result	1.20438967	0.00000512	0x88	0xA5
SPI [1]	result	1.20439495	0.00000512	0x32	0x5A
SPI [1]	result	1.24317946	0.00000512	0x00	0xC3
SPI [1]	result	1.24318474	0.00000512	0x00	0x3C
SPI [1]	result	1.24319002	0.00000512	0x08	0xA5
SPI [1]	result	1.24319530	0.00000512	0x20	0x5A
SPI [1]	result	1.24367014	0.00000512	0x0B	0xC3
SPI [1]	result	1.24367542	0.00000512	0x10	0x3C
SPI [1]	result	1.24368070	0.00000512	0x80	0xA5
SPI [1]	result	1.24368598	0.00000512	0x3A	0x5A
SPI [1]	result	1.24407919	0.00000512	0x00	0xC3
SPI [1]	result	1.24408447	0.00000512	0x00	0x3C
SPI [1]	result	1.24408975	0.00000512	0x00	0xA5
SPI [1]	result	1.24409503	0.00000512	0x00	0x5A
SPI [1]	result	1.24448509	0.00000512	0x08	0xC3
SPI [1]	result	1.24449037	0.00000512	0x00	0x3C
SPI [1]	result	1.24449565	0.00000512	0x88	0xA5
SPI [1]	result	1.24450093	0.00000512	0x32	0x5A
SPI [1]	result	1.28316725	0.00000512	0x00	0xC3
SPI [1]	result	1.28317253	0.00000512	0x00	0x3C
SPI [1]	result	1.28317781	0.00000512	0x08	0xA5
SPI [1]	result	1.28318309	0.00000512	0x20	0x5A
SPI [1]	result	1.28361895	0.00000512	0x0C	0xC3
SPI [1]	result	1.28362423	0.00000512	0x10	0x3C
SPI [1]	result	1.28362951	0.00000512	0x80	0xA5
SPI [1]	result	1.28363479	0.00000512	0x02	0x5A
SPI [1]	result	1.28402767	0.00000512	0x00	0xC3
SPI [1]	result	1.28403295	0.00000512	0x00	0x3C
SPI [1]	result	1.28403823	0.00000512	0x09	0xA5
SPI [1]	result	1.28404351	0.00000512	0xA6	0x5A
SPI [1]	result	1.28443744	0.00000512	0x0D	0xC3
SPI [1]	result	1.28444272	0.00000512	0x00	0x3C
SPI [1]	result	1.28444800	0.00000512	0x88	0xA5
SPI [1]	result	1.28445328	0.00000512	0x1A	0x5A
SPI [1]	result	1.28484334	0.00000512	0x00	0xC3
SPI [1]	result	1.28484862	0.00000512	0x00	0x3C
SPI [1]	result	1.28485390	0.00000512	0x00	0xA5
SPI [1]	result	1.28485918	0.00000512	0x00	0x5A
SPI [1]	result	1.28525126	0.00000512	0x08	0xC3
SPI [1]	result	1.28525654	0.00000512	0x00	0x3C
SPI [1]	result	1.28526182	0.00000512	0x89	0xA5
SPI [1]	result	1.28526710	0.00000512	0xB8	0x5A
SPI [1]	result	1.32316472	0.00000512	0x00	0xC3
SPI [1]	result	1.32317000	0.00000512	0x00	0x3C
SPI [1]	result	1.32317528	0.00000512	0x08	0xA5
SPI [1]	result	1.32318056	0.00000512	0x20	0x5A
SPI [1]	result	1.32361328	0.00000512	0x0E	0xC3
SPI [1]	result	1.32361856	0.00000512	0x10	0x3C
SPI [1]	result	1.32362384	0.00000512	0x80	0xA5
SPI [1]	result	1.32362912	0.00000512	0x12	0x5A
SPI [1]	result	1.32402236	0.00000512	0x00	0xC3
SPI [1]	result	1.32402764	0.00000512	0x00	0x3C
SPI [1]	result	1.32403292	0.00000512	0x00	0xA5
SPI [1]	result	1.32403820	0.00000512	0x00	0x5A
SPI [1]	result	1.32442852	0.00000512	0x08	0xC3
SPI [1]	result	1.32443380	0.00000512	0x00	0x3C
SPI [1]	result	1.32443908	0.00000512	0x88	0xA5
SPI [1]	result	1.32444436	0.00000512	0x32	0x5A
SPI [1]	result	1.36316401	0.00000512	0x00	0xC3
SPI [1]	result	1.36316929	0.00000512	0x00	0x3C
SPI [1]	result	1.36317457	0.00000512	0x08	0xA5
SPI [1]	result	1.36317985	0.00000512	0x20	0x5A
SPI [1]	result	1.36361377	0.00000512	0x0F	0xC3
SPI [1]	result	1.36361905	0.00000512	0x10	0x3C
SPI [1]	result	1.36362433	0.00000512	0x80	0xA5
SPI [1]	result	1.36362961	0.00000512	0x1A	0x5A
SPI [1]	result	1.36402262	0.00000512	0x00	0xC3
SPI [1]	result	1.36402790	0.00000512	0x00	0x3C
SPI [1]	result	1.36403318	0.00000512	0x00	0xA5
SPI [1]	result	1.36403846	0.00000512	0x00	0x5A
SPI [1]	result	1.36443002	0.00000512	0x08	0xC3
SPI [1]	result	1.36443530	0.00000512	0x00	0x3C
SPI [1]	result	1.36444058	0.00000512	0x88	0xA5
SPI [1]	result	1.36444586	0.00000512	0x32	0x5A
SPI [1]	result	1.40316712	0.00000512	0x00	0xC3
SPI [1]	result	1.40317240	0.00000512	0x00	0x3C
SPI [1]	result	1.40317768	0.00000512	0x08	0xA5
SPI [1]	result	1.40318296	0.00000512	0x20	0x5A
SPI [1]	result	1.40361810	0.00000512	0x08	0xC3
SPI [1]	result	1.40362338	0.00000512	0x10	0x3C
SPI [1]	result	1.40362866	0.00000512	0x80	0xA5
SPI [1]	result	1.40363394	0.00000512	0x22	0x5A
SPI [1]	result	1.40402657	0.00000512	0x00	0xC3
SPI [1]	result	1.40403185	0.00000512	0x00	0x3C
SPI [1]	result	1.40403713	0.00000512	0x09	0xA5
SPI [1]	result	1.40404241	0.00000512	0xA6	0x5A
SPI [1]	result	1.40443394	0.00000512	0x09	0xC3
SPI [1]	result	1.40443922	0.00000512	0x00	0x3C
SPI [1]	result	1.40444450	0.00000512	0x88	0xA5
SPI [1]	result	1.40444978	0.00000512	0x3A	0x5A
SPI [1]	result	1.40484154	0.00000512	0x00	0xC3
SPI [1]	result	1.40484682	0.00000512	0x00	0x3C
SPI [1]	result	1.40485210	0.00000512	0x00	0xA5
SPI [1]	result	1.40485738	0.00000512	0x00	0x5A
SPI [1]	result	1.40524963	0.00000512	0x08	0xC3
SPI [1]	result	1.40525491	0.00000512	0x00	0x3C
SPI [1]	result	1.40526019	0.00000512	0x89	0xA5
SPI [1]	result	1.40526547	0.00000512	0xB8	0x5A
SPI [1]	result	1.44315608	0.00000512	0x00	0xC3
SPI [1]	result	1.44316136	0.00000512	0x00	0x3C
SPI [1]	result	1.44316664	0.00000512	0x08	0xA5
SPI [1]	result	1.44317192	0.00000512	0x20	0x5A
SPI [1]	result	1.44358238	0.00000512	0x0A	0xC3
SPI [1]	result	1.44358766	0.00000512	0x10	0x3C
SPI [1]	result	1.44359294	0.00000512	0x80	0xA5
SPI [1]	result	1.44359822	0.00000512	0x32	0x5A
SPI [1]	result	1.44398886	0.00000512	0x00	0xC3
SPI [1]	result	1.44399414	0.00000512	0x00	0x3C
SPI [1]	result	1.44399942	0.00000512	0x00	0xA5
SPI [1]	result	1.44400470	0.00000512	0x00	0x5A
SPI [1]	result	1.44439602	0.00000512	0x08	0xC3
SPI [1]	result	1.44440130	0.00000512	0x00	0x3C
SPI [1]	result	1.44440658	0.00000512	0x88	0xA5
SPI [1]	result	1.44441186	0.00000512	0x32	0x5A
SPI [1]	result	1.48316435	0.00000512	0x00	0xC3
SPI [1]	result	1.48316963	0.00000512	0x00	0x3C
SPI [1]	result	1.48317491	0.00000512	0x08	0xA5
SPI [1]	result	1.48318019	0.00000512	0x20	0x5A
SPI [1]	result	1.48361734	0.00000512	0x0B	0xC3
SPI [1]	result	1.48362262	0.00000512	0x10	0x3C
SPI [1]	result	1.48362790	0.00000512	0x80	0xA5
SPI [1]	result	1.48363318	0.00000512	0x3A	0x5A
SPI [1]	result	1.48402419	0.00000512	0x00	0xC3
SPI [1]	result	1.48402947	0.00000512	0x00	0x3C
SPI [1]	result	1.48403475	0.00000512	0x00	0xA5
SPI [1]	result	1.48404003	0.00000512	0x00	0x5A
SPI [1]	result	1.48443168	0.00000512	0x08	0xC3
SPI [1]	result	1.48443696	0.00000512	0x00	0x3C
SPI [1]	result	1.48444224	0.00000512	0x88	0xA5
SPI [1]	result	1.48444752	0.00000512	0x32	0x5A
SPI [1]	result	1.52316617	0.00000512	0x00	0xC3
SPI [1]	result	1.52317145	0.00000512	0x00	0x3C
SPI [1]	result	1.52317673	0.00000512	0x08	0xA5
SPI [1]	result	1.52318201	0.00000512	0x20	0x5A
SPI [1]	result	1.52360939	0.00000512	0x0C	0xC3
SPI [1]	result	1.52361467	0.00000512	0x10	0x3C
SPI [1]	result	1.52361995	0.00000512	0x80	0xA5
SPI [1]	result	1.52362523	0.00000512	0x02	0x5A
SPI [1]	result	1.52401868	0.00000512	0x00	0xC3
SPI [1]	result	1.52402396	0.00000512	0x00	0x3C
SPI [1]	result	1.52402924	0.00000512	0x09	0xA5
SPI [1]	result	1.52403452	0.00000512	0xA6	0x5A
SPI [1]	result	1.52447825	0.00000512	0x0D	0xC3
SPI [1]	result	1.52448353	0.00000512	0x00	0x3C
SPI [1]	result	1.52448881	0.00000512	0x88	0xA5
SPI [1]	result	1.52449409	0.00000512	0x1A	0x5A
SPI [1]	result	1.52490145	0.00000512	0x00	0xC3
SPI [1]	result	1.52490673	0.00000512	0x00	0x3C
SPI [1]	result	1.52491201	0.00000512	0x00	0xA5
SPI [1]	result	1.52491729	0.00000512	0x00	0x5A
SPI [1]	result	1.52531863	0.00000512	0x08	0xC3
SPI [1]	result	1.52532391	0.00000512	0x00	0x3C
SPI [1]	result	1.52532919	0.00000512	0x89	0xA5
SPI [1]	result	1.52533447	0.00000512	0xB8	0x5A
SPI [1]	result	1.56316316	0.00000512	0x00	0xC3
SPI [1]	result	1.56316844	0.00000512	0x00	0x3C
SPI [1]	result	1.56317372	0.00000512	0x08	0xA5
SPI [1]	result	1.56317900	0.00000512	0x20	0x5A
SPI [1]	result	1.56361325	0.00000512	0x0E	0xC3
SPI [1]	result	1.56361853	0.00000512	0x10	0x3C
SPI [1]	result	1.56362381	0.00000512	0x80	0xA5
SPI [1]	result	1.56362909	0.00000512	0x12	0x5A
SPI [1]	result	1.56402284	0.00000512	0x00	0xC3
SPI [1]	result	1.56402812	0.00000512	0x00	0x3C
SPI [1]	result	1.56403340	0.00000512	0x00	0xA5
SPI [1]	result	1.56403868	0.00000512	0x00	0x5A
SPI [1]	result	1.56443092	0.00000512	0x08	0xC3
SPI [1]	result	1.56443620	0.00000512	0x00	0x3C
SPI [1]	result	1.56444148	0.00000512	0x88	0xA5
SPI [1]	result	1.56444676	0.00000512	0x32	0x5A
SPI [1]	result	1.60316362	0.00000512	0x00	0xC3
SPI [1]	result	1.60316890	0.00000512	0x00	0x3C
SPI [1]	result	1.60317418	0.00000512	0x08	0xA5
SPI [1]	result	1.60317946	0.00000512	0x20	0x5A
SPI [1]	result	1.60361389	0.00000512	0x0F	0xC3
SPI [1]	result	1.60361917	0.00000512	0x10	0x3C
SPI [1]	result	1.60362445	0.00000512	0x80	0xA5
SPI [1]	result	1.60362973	0.00000512	0x1A	0x5A
SPI [1]	result	1.60402259	0.00000512	0x00	0xC3
SPI [1]	result	1.60402787	0.00000512	0x00	0x3C
SPI [1]	result	1.60403315	0.00000512	0x00	0xA5
SPI [1]	result	1.60403843	0.00000512	0x00	0x5A
SPI [1]	result	1.60443010	0.00000512	0x08	0xC3
SPI [1]	result	1.60443538	0.00000512	0x00	0x3C
SPI [1]	result	1.60444066	0.00000512	0x88	0xA5
SPI [1]	result	1.60444594	0.00000512	0x32	0x5A
SPI [1]	result	1.64315489	0.00000512	0x00	0xC3
SPI [1]	result	1.64316017	0.00000512	0x00	0x3C
SPI [1]	result	1.64316545	0.00000512	0x08	0xA5
SPI [1]	result	1.64317073	0.00000512	0x20	0x5A
SPI [1]	result	1.64357375	0.00000512	0x08	0xC3
SPI [1]	result	1.64357903	0.00000512	0x10	0x3C
SPI [1]	result	1.64358431	0.00000512	0x80	0xA5
SPI [1]	result	1.64358959	0.00000512	0x22	0x5A
SPI [1]	result	1.64398219	0.00000512	0x00	0xC3
SPI [1]	result	1.64398747	0.00000512	0x00	0x3C
SPI [1]	result	1.64399275	0.00000512	0x09	0xA5
SPI [1]	result	1.64399803	0.00000512	0xA6	0x5A
SPI [1]	result	1.64438946	0.00000512	0x09	0xC3
SPI [1]	result	1.64439474	0.00000512	0x00	0x3C
SPI [1]	result	1.64440002	0.00000512	0x88	0xA5
SPI [1]	result	1.64440530	0.00000512	0x3A	0x5A
SPI [1]	result	1.64479672	0.00000512	0x00	0xC3
SPI [1]	result	1.64480200	0.00000512	0x00	0x3C
SPI [1]	result	1.64480728	0.00000512	0x00	0xA5
SPI [1]	result	1.64481256	0.00000512	0x00	0x5A
SPI [1]	result	1.64520491	0.00000512	0x08	0xC3
SPI [1]	result	1.64521019	0.00000512	0x00	0x3C
SPI [1]	result	1.64521547	0.00000512	0x89	0xA5
SPI [1]	result	1.64522075	0.00000512	0xB8	0x5A
SPI [1]	result	1.68316382	0.00000512	0x00	0xC3
SPI [1]	result	1.68316910	0.00000512	0x00	0x3C
SPI [1]	result	1.68317438	0.00000512	0x08	0xA5
SPI [1]	result	1.68317966	0.00000512	0x20	0x5A
SPI [1]	result	1.68361467	0.00000512	0x0A	0xC3
SPI [1]	result	1.68361995	0.00000512	0x10	0x3C
SPI [1]	result	1.68362523	0.00000512	0x80	0xA5
SPI [1]	result	1.68363051	0.00000512	0x32	0x5A
SPI [1]	result	1.68402370	0.00000512	0x00	0xC3
SPI [1]	result	1.68402898	0.00000512	0x00	0x3C
SPI [1]	result	1.68403426	0.00000512	0x00	0xA5
SPI [1]	result	1.68403954	0.00000512	0x00	0x5A
SPI [1]	result	1.68443073	0.00000512	0x08	0xC3
SPI [1]	result	1.68443601	0.00000512	0x00	0x3C
SPI [1]	result	1.68444129	0.00000512	0x88	0xA5
SPI [1]	result	1.68444657	0.00000512	0x32	0x5A
SPI [1]	result	1.72316456	0.00000512	0x00	0xC3
SPI [1]	result	1.72316984	0.00000512	0x00	0x3C
SPI [1]	result	1.72317512	0.00000512	0x08	0xA5
SPI [1]	result	1.72318040	0.00000512	0x20	0x5A
SPI [1]	result	1.72371307	0.00000512	0x0B	0xC3
SPI [1]	result	1.72371835	0.00000512	0x10	0x3C
SPI [1]	result	1.72372363	0.00000512	0x80	0xA5
SPI [1]	result	1.72372891	0.00000512	0x3A	0x5A
SPI [1]	result	1.72413260	0.00000512	0x00	0xC3
SPI [1]	result	1.72413788	0.00000512	0x00	0x3C
SPI [1]	result	1.72414316	0.00000512	0x00	0xA5
SPI [1]	result	1.72414844	0.00000512	0x00	0x5A
SPI [1]	result	1.72454319	0.00000512	0x08	0xC3
SPI [1]	result	1.72454847	0.00000512	0x00	0x3C
SPI [1]	result	1.72455375	0.00000512	0x88	0xA5
SPI [1]	result	1.72455903	0.00000512	0x32	0x5A
SPI [1]	result	1.76315631	0.00000512	0x00	0xC3
SPI [1]	result	1.76316159	0.00000512	0x00	0x3C
SPI [1]	result	1.76316687	0.00000512	0x08	0xA5
SPI [1]	result	1.76317215	0.00000512	0x20	0x5A
SPI [1]	result	1.76357204	0.00000512	0x0C	0xC3
SPI [1]	result	1.76357732	0.00000512	0x10	0x3C
SPI [1]	result	1.76358260	0.00000512	0x80	0xA5
SPI [1]	result	1.76358788	0.00000512	0x02	0x5A
SPI [1]	result	1.76397859	0.00000512	0x00	0xC3
SPI [1]	result	1.76398387	0.00000512	0x00	0x3C
SPI [1]	result	1.76398915	0.00000512	0x09	0xA5
SPI [1]	result	1.76399443	0.00000512	0xA6	0x5A
SPI [1]	result	1.76438601	0.00000512	0x0D	0xC3
SPI [1]	result	1.76439129	0.00000512	0x00	0x3C
SPI [1]	result	1.76439657	0.00000512	0x88	0xA5
SPI [1]	result	1.76440185	0.00000512	0x1A	0x5A
SPI [1]	result	1.76479373	0.00000512	0x00	0xC3
SPI [1]	result	1.76479901	0.00000512	0x00	0x3C
SPI [1]	result	1.76480429	0.00000512	0x00	0xA5
SPI [1]	result	1.76480957	0.00000512	0x00	0x5A
SPI [1]	result	1.76520105	0.00000512	0x08	0xC3
SPI [1]	result	1.76520633	0.00000512	0x00	0x3C
SPI [1]	result	1.76521161	0.00000512	0x89	0xA5
SPI [1]	result	1.76521689	0.00000512	0xB8	0x5A
SPI [1]	result	1.80316558	0.00000512	0x00	0xC3
SPI [1]	result	1.80317086	0.00000512	0x00	0x3C
SPI [1]	result	1.80317614	0.00000512	0x08	0xA5
SPI [1]	result	1.80318142	0.00000512	0x20	0x5A
SPI [1]	result	1.80361737	0.00000512	0x0E	0xC3
SPI [1]	result	1.80362265	0.00000512	0x10	0x3C
SPI [1]	result	1.80362793	0.00000512	0x80	0xA5
SPI [1]	result	1.80363321	0.00000512	0x12	0x5A
SPI [1]	result	1.80402379	0.00000512	0x00	0xC3
SPI [1]	result	1.80402907	0.00000512	0x00	0x3C
SPI [1]	result	1.80403435	0.00000512	0x00	0xA5
SPI [1]	result	1.80403963	0.00000512	0x00	0x5A
SPI [1]	result	1.80443095	0.00000512	0x08	0xC3
SPI [1]	result	1.80443623	0.00000512	0x00	0x3C
SPI [1]	result	1.80444151	0.00000512	0x88	0xA5
SPI [1]	result	1.80444679	0.00000512	0x32	0x5A
SPI [1]	result	1.84316420	0.00000512	0x00	0xC3
SPI [1]	result	1.84316948	0.00000512	0x00	0x3C
SPI [1]	result	1.84317476	0.00000512	0x08	0xA5
SPI [1]	result	1.84318004	0.00000512	0x20	0x5A
SPI [1]	result	1.84360923	0.00000512	0x0F	0xC3
SPI [1]	result	1.84361451	0.00000512	0x10	0x3C
SPI [1]	result	1.84361979	0.00000512	0x80	0xA5
SPI [1]	result	1.84362507	0.00000512	0x1A	0x5A
SPI [1]	result	1.84401915	0.00000512	0x00	0xC3
SPI [1]	result	1.84402443	0.00000512	0x00	0x3C
SPI [1]	result	1.84402971	0.00000512	0x00	0xA5
SPI [1]	result	1.84403499	0.00000512	0x00	0x5A
SPI [1]	result	1.84442672	0.00000512	0x08	0xC3
SPI [1]	result	1.84443200	0.00000512	0x00	0x3C
SPI [1]	result	1.84443728	0.00000512	0x88	0xA5
SPI [1]	result	1.84444256	0.00000512	0x32	0x5A
SPI [1]	result	1.88316582	0.00000512	0x00	0xC3
SPI [1]	result	1.88317110	0.00000512	0x00	0x3C
SPI [1]	result	1.88317638	0.00000512	0x08	0xA5
SPI [1]	result	1.88318166	0.00000512	0x20	0x5A
SPI [1]	result	1.88361557	0.00000512	0x08	0xC3
SPI [1]	result	1.88362085	0.00000512	0x10	0x3C
SPI [1]	result	1.88362613	0.00000512	0x80	0xA5
SPI [1]	result	1.88363141	0.00000512	0x22	0x5A
SPI [1]	result	1.88402401	0.00000512	0x00	0xC3
SPI [1]	result	1.88402929	0.00000512	0x00	0x3C
SPI [1]	result	1.88403457	0.00000512	0x09	0xA5
SPI [1]	result	1.88403985	0.00000512	0xA6	0x5A
SPI [1]	result	1.88443175	0.00000512	0x09	0xC3
SPI [1]	result	1.88443703	0.00000512	0x00	0x3C
SPI [1]	result	1.88444231	0.00000512	0x88	0xA5
SPI [1]	result	1.88444759	0.00000512	0x3A	0x5A
SPI [1]	result	1.88488493	0.00000512	0x00	0xC3
SPI [1]	result	1.88489021	0.00000512	0x00	0x3C
SPI [1]	result	1.88489549	0.00000512	0x00	0xA5
SPI [1]	result	1.88490077	0.00000512	0x00	0x5A
SPI [1]	result	1.88529911	0.00000512	0x08	0xC3
SPI [1]	result	1.88530439	0.00000512	0x00	0x3C
SPI [1]	result	1.88530967	0.00000512	0x89	0xA5
SPI [1]	result	1.88531495	0.00000512	0xB8	0x5A
SPI [1]	result	1.92315688	0.00000512	0x00	0xC3
SPI [1]	result	1.92316216	0.00000512	0x00	0x3C
SPI [1]	result	1.92316744	0.00000512	0x08	0xA5
SPI [1]	result	1.92317272	0.00000512	0x20	0x5A
SPI [1]	result	1.92358147	0.00000512	0x0A	0xC3
SPI [1]	result	1.92358675	0.00000512	0x10	0x3C
SPI [1]	result	1.92359203	0.00000512	0x80	0xA5
SPI [1]	result	1.92359731	0.00000512	0x32	0x5A
SPI [1]	result	1.92398965	0.00000512	0x00	0xC3
SPI [1]	result	1.92399493	0.00000512	0x00	0x3C
SPI [1]	result	1.92400021	0.00000512	0x00	0xA5
SPI [1]	result	1.92400549	0.00000512	0x00	0x5A
SPI [1]	result	1.92439705	0.00000512	0x08	0xC3
SPI [1]	result	1.92440233	0.00000512	0x00	0x3C
SPI [1]	result	1.92440761	0.00000512	0x88	0xA5
SPI [1]	result	1.92441289	0.00000512	0x32	0x5A
SPI [1]	result	1.96316317	0.00000512	0x00	0xC3
SPI [1]	result	1.96316845	0.00000512	0x00	0x3C
SPI [1]	result	1.96317373	0.00000512	0x08	0xA5
SPI [1]	result	1.96317901	0.00000512	0x20	0x5A
SPI [1]	result	1.96360839	0.00000512	0x0B	0xC3
SPI [1]	result	1.96361367	0.00000512	0x10	0x3C
SPI [1]	result	1.96361895	0.00000512	0x80	0xA5
SPI [1]	result	1.96362423	0.00000512	0x3A	0x5A
SPI [1]	result	1.96401807	0.00000512	0x00	0xC3
SPI [1]	result	1.96402335	0.00000512	0x00	0x3C
SPI [1]	result	1.96402863	0.00000512	0x00	0xA5
SPI [1]	result	1.96403391	0.00000512	0x00	0x5A
SPI [1]	result	1.96442536	0.00000512	0x08	0xC3
SPI [1]	result	1.96443064	0.00000512	0x00	0x3C
SPI [1]	result	1.96443592	0.00000512	0x88	0xA5
SPI [1]	result	1.96444120	0.00000512	0x32	0x5A
SPI [1]	result	2.00316637	0.00000512	0x00	0xC3
SPI [1]	result	2.00317165	0.00000512	0x00	0x3C
SPI [1]	result	2.00317693	0.00000512	0x08	0xA5
SPI [1]	result	2.00318221	0.00000512	0x20	0x5A
SPI [1]	result	2.00361547	0.00000512	0x0C	0xC3
SPI [1]	result	2.00362075	0.00000512	0x10	0x3C
SPI [1]	result	2.00362603	0.00000512	0x80	0xA5
SPI [1]	result	2.00363131	0.00000512	0x02	0x5A
SPI [1]	result	2.00402401	0.00000512	0x00	0xC3
SPI [1]	result	2.00402929	0.00000512	0x00	0x3C
SPI [1]	result	2.00403457	0.00000512	0x09	0xA5
SPI [1]	result	2.00403985	0.00000512	0xA6	0x5A
SPI [1]	result	2.00443194	0.00000512	0x0D	0xC3
SPI [1]	result	2.00443722	0.00000512	0x00	0x3C
SPI [1]	result	2.00444250	0.00000512	0x88	0xA5
SPI [1]	result	2.00444778	0.00000512	0x1A	0x5A
SPI [1]	result	2.00483918	0.00000512	0x00	0xC3
SPI [1]	result	2.00484446	0.00000512	0x00	0x3C
SPI [1]	result	2.00484974	0.00000512	0x00	0xA5
SPI [1]	result	2.00485502	0.00000512	0x00	0x5A
SPI [1]	result	2.00524647	0.00000512	0x08	0xC3
SPI [1]	result	2.00525175	0.00000512	0x00	0x3C
SPI [1]	result	2.00525703	0.00000512	0x89	0xA5
SPI [1]	result	2.00526231	0.00000512	0xB8	0x5A
SPI [1]	result	2.04316586	0.00000512	0x00	0xC3
SPI [1]	result	2.04317114	0.00000512	0x00	0x3C
SPI [1]	result	2.04317642	0.00000512	0x08	0xA5
SPI [1]	result	2.04318170	0.00000512	0x20	0x5A
SPI [1]	result	2.04643381	0.00000512	0x0E	0xC3
SPI [1]	result	2.04643909	0.00000512	0x10	0x3C
SPI [1]	result	2.04644437	0.00000512	0x80	0xA5
SPI [1]	result	2.04644965	0.00000512	0x12	0x5A
SPI [1]	result	2.04690487	0.00000512	0x00	0xC3
SPI [1]	result	2.04691015	0.00000512	0x00	0x3C
SPI [1]	result	2.04691543	0.00000512	0x00	0xA5
SPI [1]	result	2.04692071	0.00000512	0x00	0x5A
SPI [1]	result	2.04735705	0.00000512	0x08	0xC3
SPI [1]	result	2.04736233	0.00000512	0x00	0x3C
SPI [1]	result	2.04736761	0.00000512	0x88	0xA5
SPI [1]	result	2.04737289	0.00000512	0x32	0x5A
SPI [1]	result	2.08316528	0.00000512	0x00	0xC3
SPI [1]	result	2.08317056	0.00000512	0x00	0x3C
SPI [1]	result	2.08317584	0.00000512	0x08	0xA5
SPI [1]	result	2.08318112	0.00000512	0x20	0x5A
SPI [1]	result	2.08363842	0.00000512	0x0F	0xC3
SPI [1]	result	2.08364370	0.00000512	0x10	0x3C
SPI [1]	result	2.08364898	0.00000512	0x80	0xA5
SPI [1]	result	2.08365426	0.00000512	0x1A	0x5A
SPI [1]	result	2.08409262	0.00000512	0x00	0xC3
SPI [1]	result	2.08409790	0.00000512	0x00	0x3C
SPI [1]	result	2.08410318	0.00000512	0x00	0xA5
SPI [1]	result	2.08410846	0.00000512	0x00	0x5A
SPI [1]	result	2.08455526	0.00000512	0x08	0xC3
SPI [1]	result	2.08456054	0.00000512	0x00	0x3C
SPI [1]	result	2.08456582	0.00000512	0x88	0xA5
SPI [1]	result	2.08457110	0.00000512	0x32	0x5A
SPI [1]	result	2.12317958	0.00000512	0x00	0xC3
SPI [1]	result	2.12318486	0.00000512	0x00	0x3C
SPI [1]	result	2.12319014	0.00000512	0x08	0xA5
SPI [1]	result	2.12319542	0.00000512	0x20	0x5A
SPI [1]	result	2.12374071	0.00000512	0x08	0xC3
SPI [1]	result	2.12374599	0.00000512	0x10	0x3C
SPI [1]	result	2.12375127	0.00000512	0x80	0x00
SPI [1]	result	2.12375655	0.00000512	0x22	0x00
SPI [1]	result	2.12419756	0.00000512	0x00	0xC3
SPI [1]	result	2.12420284	0.00000512	0x00	0x3C
SPI [1]	result	2.12420812	0.00000512	0x09	0xA5
SPI [1]	result	2.12421340	0.00000512	0xA6	0x5A
SPI [1]	result	2.12464028	0.00000512	0x09	0xC3
SPI [1]	result	2.12464556	0.00000512	0x00	0x3C
SPI [1]	result	2.12465084	0.00000512	0x88	0xA5
SPI [1]	result	2.12465612	0.00000512	0x3A	0x5A
SPI [1]	result	2.12506887	0.00000512	0x00	0xC3
SPI [1]	result	2.12507415	0.00000512	0x00	0x3C
SPI [1]	result	2.12507943	0.00000512	0x00	0xA5
SPI [1]	result	2.12508471	0.00000512	0x00	0x5A
SPI [1]	result	2.12550282	0.00000512	0x08	0xC3
SPI [1]	result	2.12550810	0.00000512	0x00	0x3C
SPI [1]	result	2.12551338	0.00000512	0x89	0xA5
SPI [1]	result	2.12551866	0.00000512	0xB8	0x5A
SPI [1]	result	2.16316706	0.00000512	0x00	0xC3
SPI [1]	result	2.16317234	0.00000512	0x00	0x3C
SPI [1]	result	2.16317762	0.00000512	0x08	0xA5
SPI [1]	result	2.16318290	0.00000512	0x20	0x5A
SPI [1]	result	2.16362622	0.00000512	0x0A	0xC3
SPI [1]	result	2.16363150	0.00000512	0x10	0x3C
SPI [1]	result	2.16363678	0.00000512	0x80	0xA5
SPI [1]	result	2.16364206	0.00000512	0x32	0x5A
SPI [1]	result	2.16403719	0.00000512	0x00	0xC3
SPI [1]	result	2.16404247	0.00000512	0x00	0x3C
SPI [1]	result	2.16404775	0.00000512	0x00	0xA5
SPI [1]	result	2.16405303	0.00000512	0x00	0x5A
SPI [1]	result	2.16444506	0.00000512	0x08	0xC3
SPI [1]	result	2.16445034	0.00000512	0x00	0x3C
SPI [1]	result	2.16445562	0.00000512	0x88	0xA5
SPI [1]	result	2.16446090	0.00000512	0x32	0x5A
SPI [1]	result	2.20316534	0.00000512	0x00	0xC3
SPI [1]	result	2.20317062	0.00000512	0x00	0x3C
SPI [1]	result	2.20317590	0.00000512	0x08	0xA5
SPI [1]	result	2.20318118	0.00000512	0x20	0x5A
SPI [1]	result	2.20361375	0.00000512	0x0B	0xC3
SPI [1]	result	2.20361903	0.00000512	0x10	0x3C
SPI [1]	result	2.20362431	0.00000512	0x80	0xA5
SPI [1]	result	2.20362959	0.00000512	0x3A	0x5A
SPI [1]	result	2.20402296	0.00000512	0x00	0xC3
SPI [1]	result	2.20402824	0.00000512	0x00	0x3C
SPI [1]	result	2.20403352	0.00000512	0x00	0xA5
SPI [1]	result	2.20403880	0.00000512	0x00	0x5A
SPI [1]	result	2.20443159	0.00000512	0x08	0xC3
SPI [1]	result	2.20443687	0.00000512	0x00	0x3C
SPI [1]	result	2.20444215	0.00000512	0x88	0xA5
SPI [1]	result	2.20444743	0.00000512	0x32	0x5A
SPI [1]	result	2.24316030	0.00000512	0x00	0xC3
SPI [1]	result	2.24316558	0.00000512	0x00	0x3C
SPI [1]	result	2.24317086	0.00000512	0x08	0xA5
SPI [1]	result	2.24317614	0.00000512	0x20	0x5A
SPI [1]	result	2.24358881	0.00000512	0x0C	0xC3
SPI [1]	result	2.24359409	0.00000512	0x10	0x3C
SPI [1]	result	2.24359937	0.00000512	0x80	0xA5
SPI [1]	result	2.24360465	0.00000512	0x02	0x5A
SPI [1]	result	2.24399760	0.00000512	0x00	0xC3
SPI [1]	result	2.24400288	0.00000512	0x00	0x3C
SPI [1]	result	2.24400816	0.00000512	0x09	0xA5
SPI [1]	result	2.24401344	0.00000512	0xA6	0x5A
SPI [1]	result	2.24440508	0.00000512	0x0D	0xC3
SPI [1]	result	2.24441036	0.00000512	0x00	0x3C
SPI [1]	result	2.24441564	0.00000512	0x88	0xA5
SPI [1]	result	2.24442092	0.00000512	0x1A	0x5A
SPI [1]	result	2.24481226	0.00000512	0x00	0xC3
SPI [1]	result	2.24481754	0.00000512	0x00	0x3C
SPI [1]	result	2.24482282	0.00000512	0x00	0xA5
SPI [1]	result	2.24482810	0.00000512	0x00	0x5A
SPI [1]	result	2.24522083	0.00000512	0x08	0xC3
SPI [1]	result	2.24522611	0.00000512	0x00	0x3C
SPI [1]	result	2.24523139	0.00000512	0x89	0xA5
SPI [1]	result	2.24523667	0.00000512	0xB8	0x5A
SPI [1]	result	2.28316579	0.00000512	0x00	0xC3
SPI [1]	result	2.28317107	0.00000512	0x00	0x3C
SPI [1]	result	2.28317635	0.00000512	0x08	0xA5
SPI [1]	result	2.28318163	0.00000512	0x20	0x5A
SPI [1]	result	2.28361738	0.00000512	0x0E	0xC3
SPI [1]	result	2.28362266	0.00000512	0x10	0x3C
SPI [1]	result	2.28362794	0.00000512	0x80	0xA5
SPI [1]	result	2.28363322	0.00000512	0x12	0x5A
SPI [1]	result	2.28402674	0.00000512	0x00	0xC3
SPI [1]	result	2.28403202	0.00000512	0x00	0x3C
SPI [1]	result	2.28403730	0.00000512	0x00	0xA5
SPI [1]	result	2.28404258	0.00000512	0x00	0x5A
SPI [1]	result	2.28443387	0.00000512	0x08	0xC3
SPI [1]	result	2.28443915	0.00000512	0x00	0x3C
SPI [1]	result	2.28444443	0.00000512	0x88	0xA5
SPI [1]	result	2.28444971	0.00000512	0x32	0x5A
SPI [1]	result	2.32316480	0.00000512	0x00	0xC3
SPI [1]	result	2.32317008	0.00000512	0x00	0x3C
SPI [1]	result	2.32317536	0.00000512	0x08	0xA5
SPI [1]	result	2.32318064	0.00000512	0x20	0x5A
SPI [1]	result	2.32361857	0.00000512	0x0F	0xC3
SPI [1]	result	2.32362385	0.00000512	0x10	0x3C
SPI [1]	result	2.32362913	0.00000512	0x80	0xA5
SPI [1]	result	2.32363441	0.00000512	0x1A	0x5A
SPI [1]	result	2.32402877	0.00000512	0x00	0xC3
SPI [1]	result	2.32403405	0.00000512	0x00	0x3C
SPI [1]	result	2.32403933	0.00000512	0x00	0xA5
SPI [1]	result	2.32404461	0.00000512	0x00	0x5A
SPI [1]	result	2.32443662	0.00000512	0x08	0xC3
SPI [1]	result	2.32444190	0.00000512	0x00	0x3C
SPI [1]	result	2.32444718	0.00000512	0x88	0xA5
SPI [1]	result	2.32445246	0.00000512	0x32	0x5A
SPI [1]	result	2.36315698	0.00000512	0x00	0xC3
SPI [1]	result	2.36316226	0.00000512	0x00	0x3C
SPI [1]	result	2.36316754	0.00000512	0x08	0xA5
SPI [1]	result	2.36317282	0.00000512	0x20	0x5A
SPI [1]	result	2.36357638	0.00000512	0x08	0xC3
SPI [1]	result	2.36358166	0.00000512	0x10	0x3C
SPI [1]	result	2.36358694	0.00000512	0x80	0xA5
SPI [1]	result	2.36359222	0.00000512	0x22	0x5A
SPI [1]	result	2.36398504	0.00000512	0x00	0xC3
SPI [1]	result	2.36399032	0.00000512	0x00	0x3C
SPI [1]	result	2.36399560	0.00000512	0x09	0xA5
SPI [1]	result	2.36400088	0.00000512	0xA6	0x5A
SPI [1]	result	2.36439242	0.00000512	0x09	0xC3
SPI [1]	result	2.36439770	0.00000512	0x00	0x3C
SPI [1]	result	2.36440298	0.00000512	0x88	0xA5
SPI [1]	result	2.36440826	0.00000512	0x3A	0x5A
SPI [1]	result	2.36479949	0.00000512	0x00	0xC3
SPI [1]	result	2.36480477	0.00000512	0x00	0x3C
SPI [1]	result	2.36481005	0.00000512	0x00	0xA5
SPI [1]	result	2.36481533	0.00000512	0x00	0x5A
SPI [1]	result	2.36520673	0.00000512	0x08	0xC3
SPI [1]	result	2.36521201	0.00000512	0x00	0x3C
SPI [1]	result	2.36521729	0.00000512	0x89	0xA5
SPI [1]	result	2.36522257	0.00000512	0xB8	0x5A
SPI [1]	result	2.40316510	0.00000512	0x00	0xC3
SPI [1]	result	2.40317038	0.00000512	0x00	0x3C
SPI [1]	result	2.40317566	0.00000512	0x08	0xA5
SPI [1]	result	2.40318094	0.00000512	0x20	0x5A
SPI [1]	result	2.40361804	0.00000512	0x0A	0xC3
SPI [1]	result	2.40362332	0.00000512	0x10	0x3C
SPI [1]	result	2.40362860	0.00000512	0x80	0xA5
SPI [1]	result	2.40363388	0.00000512	0x32	0x5A
SPI [1]	result	2.40402622	0.00000512	0x00	0xC3
SPI [1]	result	2.40403150	0.00000512	0x00	0x3C
SPI [1]	result	2.40403678	0.00000512	0x00	0xA5
SPI [1]	result	2.40404206	0.00000512	0x00	0x5A
SPI [1]	result	2.40443405	0.00000512	0x08	0xC3
SPI [1]	result	2.40443933	0.00000512	0x00	0x3C
SPI [1]	result	2.40444461	0.00000512	0x88	0xA5
SPI [1]	result	2.40444989	0.00000512	0x32	0x5A
SPI [1]	result	2.44316470	0.00000512	0x00	0xC3
SPI [1]	result	2.44316998	0.00000512	0x00	0x3C
SPI [1]	result	2.44317526	0.00000512	0x08	0xA5
SPI [1]	result	2.44318054	0.00000512	0x20	0x5A
SPI [1]	result	2.44361607	0.00000512	0x0B	0xC3
SPI [1]	result	2.44362135	0.00000512	0x10	0x3C
SPI [1]	result	2.44362663	0.00000512	0x80	0xA5
SPI [1]	result	2.44363191	0.00000512	0x3A	0x5A
SPI [1]	result	2.44402473	0.00000512	0x00	0xC3
SPI [1]	result	2.44403001	0.00000512	0x00	0x3C
SPI [1]	result	2.44403529	0.00000512	0x00	0xA5
SPI [1]	result	2.44404057	0.00000512	0x00	0x5A
SPI [1]	result	2.44443085	0.00000512	0x08	0xC3
SPI [1]	result	2.44443613	0.00000512	0x00	0x3C
SPI [1]	result	2.44444141	0.00000512	0x88	0xA5
SPI [1]	result	2.44444669	0.00000512	0x32	0x5A
SPI [1]	result	2.48316716	0.00000512	0x00	0xC3
SPI [1]	result	2.48317244	0.00000512	0x00	0x3C
SPI [1]	result	2.48317772	0.00000512	0x08	0xA5
SPI [1]	result	2.48318300	0.00000512	0x20	0x5A
SPI [1]	result	2.48362206	0.00000512	0x0C	0xC3
SPI [1]	result	2.48362734	0.00000512	0x10	0x3C
SPI [1]	result	2.48363262	0.00000512	0x80	0xA5
SPI [1]	result	2.48363790	0.00000512	0x02	0x5A
SPI [1]	result	2.48403115	0.00000512	0x00	0xC3
SPI [1]	result	2.48403643	0.00000512	0x00	0x3C
SPI [1]	result	2.48404171	0.00000512	0x09	0xA5
SPI [1]	result	2.48404699	0.00000512	0xA6	0x5A
SPI [1]	result	2.48443703	0.00000512	0x0D	0xC3
SPI [1]	result	2.48444231	0.00000512	0x00	0x3C
SPI [1]	result	2.48444759	0.00000512	0x88	0xA5
SPI [1]	result	2.48445287	0.00000512	0x1A	0x5A
SPI [1]	result	2.48484410	0.00000512	0x00	0xC3
SPI [1]	result	2.48484938	0.00000512	0x00	0x3C
SPI [1]	result	2.48485466	0.00000512	0x00	0xA5
SPI [1]	result	2.48485994	0.00000512	0x00	0x5A
SPI [1]	result	2.48525463	0.00000512	0x08	0xC3
SPI [1]	result	2.48525991	0.00000512	0x00	0x3C
SPI [1]	result	2.48526519	0.00000512	0x89	0xA5
SPI [1]	result	2.48527047	0.00000512	0xB8	0x5A
SPI [1]	result	2.52316227	0.00000512	0x00	0xC3
SPI [1]	result	2.52316755	0.00000512	0x00	0x3C
SPI [1]	result	2.52317283	0.00000512	0x08	0xA5
SPI [1]	result	2.52317811	0.00000512	0x20	0x5A
SPI [1]	result	2.52360138	0.00000512	0x0E	0xC3
SPI [1]	result	2.52360666	0.00000512	0x10	0x3C
SPI [1]	result	2.52361194	0.00000512	0x80	0xA5
SPI [1]	result	2.52361722	0.00000512	0x12	0x5A
SPI [1]	result	2.52400886	0.00000512	0x00	0xC3
SPI [1]	result	2.52401414	0.00000512	0x00	0x3C
SPI [1]	result	2.52401942	0.00000512	0x00	0xA5
SPI [1]	result	2.52402470	0.00000512	0x00	0x5A
SPI [1]	result	2.52441615	0.00000512	0x08	0xC3
SPI [1]	result	2.52442143	0.00000512	0x00	0x3C
SPI [1]	result	2.52442671	0.00000512	0x88	0xA5
SPI [1]	result	2.52443199	0.00000512	0x32	0x5A
SPI [1]	result	2.56316527	0.00000512	0x00	0xC3
SPI [1]	result	2.56317055	0.00000512	0x00	0x3C
SPI [1]	result	2.56317583	0.00000512	0x08	0xA5
SPI [1]	result	2.56318111	0.00000512	0x20	0x5A
SPI [1]	result	2.56361882	0.00000512	0x0F	0xC3
SPI [1]	result	2.56362410	0.00000512	0x10	0x3C
SPI [1]	result	2.56362938	0.00000512	0x80	0xA5
SPI [1]	result	2.56363466	0.00000512	0x1A	0x5A
SPI [1]	result	2.56402589	0.00000512	0x00	0xC3
SPI [1]	result	2.56403117	0.00000512	0x00	0x3C
SPI [1]	result	2.56403645	0.00000512	0x00	0xA5
SPI [1]	result	2.56404173	0.00000512	0x00	0x5A
SPI [1]	result	2.56443342	0.00000512	0x08	0xC3
SPI [1]	result	2.56443870	0.00000512	0x00	0x3C
SPI [1]	result	2.56444398	0.00000512	0x88	0xA5
SPI [1]	result	2.56444926	0.00000512	0x32	0x5A
SPI [1]	result	2.60316644	0.00000512	0x00	0xC3
SPI [1]	result	2.60317172	0.00000512	0x00	0x3C
SPI [1]	result	2.60317700	0.00000512	0x08	0xA5
SPI [1]	result	2.60318228	0.00000512	0x20	0x5A
SPI [1]	result	2.60361995	0.00000512	0x08	0xC3
SPI [1]	result	2.60362523	0.00000512	0x10	0x3C
SPI [1]	result	2.60363051	0.00000512	0x80	0xA5
SPI [1]	result	2.60363579	0.00000512	0x22	0x5A
SPI [1]	result	2.60402819	0.00000512	0x00	0xC3
SPI [1]	result	2.60403347	0.00000512	0x00	0x3C
SPI [1]	result	2.60403875	0.00000512	0x09	0xA5
SPI [1]	result	2.60404403	0.00000512	0xA6	0x5A
SPI [1]	result	2.60443355	0.00000512	0x09	0xC3
SPI [1]	result	2.60443883	0.00000512	0x00	0x3C
SPI [1]	result	2.60444411	0.00000512	0x88	0xA5
SPI [1]	result	2.60444939	0.00000512	0x3A	0x5A
SPI [1]	result	2.60484070	0.00000512	0x00	0xC3
SPI [1]	result	2.60484598	0.00000512	0x00	0x3C
SPI [1]	result	2.60485126	0.00000512	0x00	0xA5
SPI [1]	result	2.60485654	0.00000512	0x00	0x5A
SPI [1]	result	2.60524750	0.00000512	0x08	0xC3
SPI [1]	result	2.60525278	0.00000512	0x00	0x3C
SPI [1]	result	2.60525806	0.00000512	0x89	0xA5
SPI [1]	result	2.60526334	0.00000512	0xB8	0x5A
SPI [1]	result	2.64315297	0.00000512	0x00	0xC3
SPI [1]	result	2.64315825	0.00000512	0x00	0x3C
SPI [1]	result	2.64316353	0.00000512	0x08	0xA5
SPI [1]	result	2.64316881	0.00000512	0x20	0x5A
SPI [1]	result	2.64361485	0.00000512	0x0A	0xC3
SPI [1]	result	2.64362013	0.00000512	0x10	0x3C
SPI [1]	result	2.64362541	0.00000512	0x80	0xA5
SPI [1]	result	2.64363069	0.00000512	0x32	0x5A
SPI [1]	result	2.64402644	0.00000512	0x00	0xC3
SPI [1]	result	2.64403172	0.00000512	0x00	0x3C
SPI [1]	result	2.64403700	0.00000512	0x00	0xA5
SPI [1]	result	2.64404228	0.00000512	0x00	0x5A
SPI [1]	result	2.64443391	0.00000512	0x08	0xC3
SPI [1]	result	2.64443919	0.00000512	0x00	0x3C
SPI [1]	result	2.64444447	0.00000512	0x88	0xA5
SPI [1]	result	2.64444975	0.00000512	0x32	0x5A
SPI [1]	result	2.68316496	0.00000512	0x00	0xC3
SPI [1]	result	2.68317024	0.00000512	0x00	0x3C
SPI [1]	result	2.68317552	0.00000512	0x08	0xA5
SPI [1]	result	2.68318080	0.00000512	0x20	0x5A
SPI [1]	result	2.68361851	0.00000512	0x0B	0xC3
SPI [1]	result	2.68362379	0.00000512	0x10	0x3C
SPI [1]	result	2.68362907	0.00000512	0x80	0xA5
SPI [1]	result	2.68363435	0.00000512	0x3A	0x5A
SPI [1]	result	2.68402682	0.00000512	0x00	0xC3
SPI [1]	result	2.68403210	0.00000512	0x00	0x3C
SPI [1]	result	2.68403738	0.00000512	0x00	0xA5
SPI [1]	result	2.68404266	0.00000512	0x00	0x5A
SPI [1]	result	2.68443570	0.00000512	0x08	0xC3
SPI [1]	result	2.68444098	0.00000512	0x00	0x3C
SPI [1]	result	2.68444626	0.00000512	0x88	0xA5
SPI [1]	result	2.68445154	0.00000512	0x32	0x5A
SPI [1]	result	2.72316619	0.00000512	0x00	0xC3
SPI [1]	result	2.72317147	0.00000512	0x00	0x3C
SPI [1]	result	2.72317675	0.00000512	0x08	0xA5
SPI [1]	result	2.72318203	0.00000512	0x20	0x5A
SPI [1]	result	2.72361805	0.00000512	0x0C	0xC3
SPI [1]	result	2.72362333	0.00000512	0x10	0x3C
SPI [1]	result	2.72362861	0.00000512	0x80	0xA5
SPI [1]	result	2.72363389	0.00000512	0x02	0x5A
SPI [1]	result	2.72402699	0.00000512	0x00	0xC3
SPI [1]	result	2.72403227	0.00000512	0x00	0x3C
SPI [1]	result	2.72403755	0.00000512	0x09	0xA5
SPI [1]	result	2.72404283	0.00000512	0xA6	0x5A
SPI [1]	result	2.72443573	0.00000512	0x0D	0xC3
SPI [1]	result	2.72444101	0.00000512	0x00	0x3C
SPI [1]	result	2.72444629	0.00000512	0x88	0xA5
SPI [1]	result	2.72445157	0.00000512	0x1A	0x5A
SPI [1]	result	2.72484307	0.00000512	0x00	0xC3
SPI [1]	result	2.72484835	0.00000512	0x00	0x3C
SPI [1]	result	2.72485363	0.00000512	0x00	0xA5
SPI [1]	result	2.72485891	0.00000512	0x00	0x5A
SPI [1]	result	2.72524996	0.00000512	0x08	0xC3
SPI [1]	result	2.72525524	0.00000512	0x00	0x3C
SPI [1]	result	2.72526052	0.00000512	0x89	0xA5
SPI [1]	result	2.72526580	0.00000512	0xB8	0x5A
SPI [1]	result	2.76316558	0.00000512	0x00	0xC3
SPI [1]	result	2.76317086	0.00000512	0x00	0x3C
SPI [1]	result	2.76317614	0.00000512	0x08	0xA5
SPI [1]	result	2.76318142	0.00000512	0x20	0x5A
SPI [1]	result	2.76361365	0.00000512	0x0E	0xC3
SPI [1]	result	2.76361893	0.00000512	0x10	0x3C
SPI [1]	result	2.76362421	0.00000512	0x80	0xA5
SPI [1]	result	2.76362949	0.00000512	0x12	0x5A
SPI [1]	result	2.76402187	0.00000512	0x00	0xC3
SPI [1]	result	2.76402715	0.00000512	0x00	0x3C
SPI [1]	result	2.76403243	0.00000512	0x00	0xA5
SPI [1]	result	2.76403771	0.00000512	0x00	0x5A
SPI [1]	result	2.76443087	0.00000512	0x08	0xC3
SPI [1]	result	2.76443615	0.00000512	0x00	0x3C
SPI [1]	result	2.76444143	0.00000512	0x88	0xA5
SPI [1]	result	2.76444671	0.00000512	0x32	0x5A
SPI [1]	result	2.80316481	0.00000512	0x00	0xC3
SPI [1]	result	2.80317009	0.00000512	0x00	0x3C
SPI [1]	result	2.80317537	0.00000512	0x08	0xA5
SPI [1]	result	2.80318065	0.00000512	0x20	0x5A
SPI [1]	result	2.80361837	0.00000512	0x0F	0xC3
SPI [1]	result	2.80362365	0.00000512	0x10	0x3C
SPI [1]	result	2.80362893	0.00000512	0x80	0xA5
SPI [1]	result	2.80363421	0.00000512	0x1A	0x5A
SPI [1]	result	2.80402829	0.00000512	0x00	0xC3
SPI [1]	result	2.80403357	0.00000512	0x00	0x3C
SPI [1]	result	2.80403885	0.00000512	0x00	0xA5
SPI [1]	result	2.80404413	0.00000512	0x00	0x5A
SPI [1]	result	2.80443556	0.00000512	0x08	0xC3
SPI [1]	result	2.80444084	0.00000512	0x00	0x3C
SPI [1]	result	2.80444612	0.00000512	0x88	0xA5
SPI [1]	result	2.80445140	0.00000512	0x32	0x5A
SPI [1]	result	2.84315404	0.00000512	0x00	0xC3
SPI [1]	result	2.84315932	0.00000512	0x00	0x3C
SPI [1]	result	2.84316460	0.00000512	0x08	0xA5
SPI [1]	result	2.84316988	0.00000512	0x20	0x5A
SPI [1]	result	2.84356608	0.00000512	0x08	0xC3
SPI [1]	result	2.84357136	0.00000512	0x10	0x3C
SPI [1]	result	2.84357664	0.00000512	0x80	0xA5
SPI [1]	result	2.84358192	0.00000512	0x22	0x5A
SPI [1]	result	2.84397487	0.00000512	0x00	0xC3
SPI [1]	result	2.84398015	0.00000512	0x00	0x3C
SPI [1]	result	2.84398543	0.00000512	0x09	0xA5
SPI [1]	result	2.84399071	0.00000512	0xA6	0x5A
SPI [1]	result	2.84438219	0.00000512	0x09	0xC3
SPI [1]	result	2.84438747	0.00000512	0x00	0x3C
SPI [1]	result	2.84439275	0.00000512	0x88	0xA5
SPI [1]	result	2.84439803	0.00000512	0x3A	0x5A
SPI [1]	result	2.84478932	0.00000512	0x00	0xC3
SPI [1]	result	2.84479460	0.00000512	0x00	0x3C
SPI [1]	result	2.84479988	0.00000512	0x00	0xA5
SPI [1]	result	2.84480516	0.00000512	0x00	0x5A
SPI [1]	result	2.84519698	0.00000512	0x08	0xC3
SPI [1]	result	2.84520226	0.00000512	0x00	0x3C
SPI [1]	result	2.84520754	0.00000512	0x89	0xA5
SPI [1]	result	2.84521282	0.00000512	0xB8	0x5A
SPI [1]	result	2.88316511	0.00000512	0x00	0xC3
SPI [1]	result	2.88317039	0.00000512	0x00	0x3C
SPI [1]	result	2.88317567	0.00000512	0x08	0xA5
SPI [1]	result	2.88318095	0.00000512	0x20	0x5A
SPI [1]	result	2.88361605	0.00000512	0x0A	0xC3
SPI [1]	result	2.88362133	0.00000512	0x10	0x3C
SPI [1]	result	2.88362661	0.00000512	0x80	0xA5
SPI [1]	result	2.88363189	0.00000512	0x32	0x5A
SPI [1]	result	2.88402436	0.00000512	0x00	0xC3
SPI [1]	result	2.88402964	0.00000512	0x00	0x3C
SPI [1]	result	2.88403492	0.00000512	0x00	0xA5
SPI [1]	result	2.88404020	0.00000512	0x00	0x5A
SPI [1]	result	2.88443156	0.00000512	0x08	0xC3
SPI [1]	result	2.88443684	0.00000512	0x00	0x3C
SPI [1]	result	2.88444212	0.00000512	0x88	0xA5
SPI [1]	result	2.88444740	0.00000512	0x32	0x5A
SPI [1]	result	2.92316482	0.00000512	0x00	0xC3
SPI [1]	result	2.92317010	0.00000512	0x00	0x3C
SPI [1]	result	2.92317538	0.00000512	0x08	0xA5
SPI [1]	result	2.92318066	0.00000512	0x20	0x5A
SPI [1]	result	2.92361637	0.00000512	0x0B	0xC3
SPI [1]	result	2.92362165	0.00000512	0x10	0x3C
SPI [1]	result	2.92362693	0.00000512	0x80	0xA5
SPI [1]	result	2.92363221	0.00000512	0x3A	0x5A
SPI [1]	result	2.92402476	0.00000512	0x00	0xC3
SPI [1]	result	2.92403004	0.00000512	0x00	0x3C
SPI [1]	result	2.92403532	0.00000512	0x00	0xA5
SPI [1]	result	2.92404060	0.00000512	0x00	0x5A
SPI [1]	result	2.92443184	0.00000512	0x08	0xC3
SPI [1]	result	2.92443712	0.00000512	0x00	0x3C
SPI [1]	result	2.92444240	0.00000512	0x88	0xA5
SPI [1]	result	2.92444768	0.00000512	0x32	0x5A
SPI [1]	result	2.96316600	0.00000512	0x00	0xC3
SPI [1]	result	2.96317128	0.00000512	0x00	0x3C
SPI [1]	result	2.96317656	0.00000512	0x08	0xA5
SPI [1]	result	2.96318184	0.00000512	0x20	0x5A
SPI [1]	result	2.96361770	0.00000512	0x0C	0xC3
SPI [1]	result	2.96362298	0.00000512	0x10	0x3C
SPI [1]	result	2.96362826	0.00000512	0x80	0xA5
SPI [1]	result	2.96363354	0.00000512	0x02	0x5A
SPI [1]	result	2.96402634	0.00000512	0x00	0xC3
SPI [1]	result	2.96403162	0.00000512	0x00	0x3C
SPI [1]	result	2.96403690	0.00000512	0x09	0xA5
SPI [1]	result	2.96404218	0.00000512	0xA6	0x5A
SPI [1]	result	2.96443381	0.00000512	0x0D	0xC3
SPI [1]	result	2.96443909	0.00000512	0x00	0x3C
SPI [1]	result	2.96444437	0.00000512	0x88	0xA5
SPI [1]	result	2.96444965	0.00000512	0x1A	0x5A
SPI [1]	result	2.96483938	0.00000512	0x00	0xC3
SPI [1]	result	2.96484466	0.00000512	0x00	0x3C
SPI [1]	result	2.96484994	0.00000512	0x00	0xA5
SPI [1]	result	2.96485522	0.00000512	0x00	0x5A
SPI [1]	result	2.96524656	0.00000512	0x08	0xC3
SPI [1]	result	2.96525184	0.00000512	0x00	0x3C
SPI [1]	result	2.96525712	0.00000512	0x89	0xA5
SPI [1]	result	2.96526240	0.00000512	0xB8	0x5A
SPI [1]	result	3.00315612	0.00000512	0x00	0xC3
SPI [1]	result	3.00316140	0.00000512	0x00	0x3C
SPI [1]	result	3.00316668	0.00000512	0x08	0xA5
SPI [1]	result	3.00317196	0.00000512	0x20	0x5A
SPI [1]	result	3.00358213	0.00000512	0x0E	0xC3
SPI [1]	result	3.00358741	0.00000512	0x10	0x3C
SPI [1]	result	3.00359269	0.00000512	0x80	0xA5
SPI [1]	result	3.00359797	0.00000512	0x12	0x5A
SPI [1]	result	3.00399094	0.00000512	0x00	0xC3
SPI [1]	result	3.00399622	0.00000512	0x00	0x3C
SPI [1]	result	3.00400150	0.00000512	0x00	0xA5
SPI [1]	result	3.00400678	0.00000512	0x00	0x5A
SPI [1]	result	3.00444947	0.00000512	0x08	0xC3
SPI [1]	result	3.00445475	0.00000512	0x00	0x3C
SPI [1]	result	3.00446003	0.00000512	0x88	0xA5
SPI [1]	result	3.00446531	0.00000512	0x32	0x5A
SPI [1]	result	3.04315370	0.00000512	0x00	0xC3
SPI [1]	result	3.04315898	0.00000512	0x00	0x3C
SPI [1]	result	3.04316426	0.00000512	0x08	0xA5
SPI [1]	result	3.04316954	0.00000512	0x20	0x5A
SPI [1]	result	3.04357743	0.00000512	0x0F	0xC3
SPI [1]	result	3.04358271	0.00000512	0x10	0x3C
SPI [1]	result	3.04358799	0.00000512	0x80	0xA5
SPI [1]	result	3.04359327	0.00000512	0x1A	0x5A
SPI [1]	result	3.04398598	0.00000512	0x00	0xC3
SPI [1]	result	3.04399126	0.00000512	0x00	0x3C
SPI [1]	result	3.04399654	0.00000512	0x00	0xA5
SPI [1]	result	3.04400182	0.00000512	0x00	0x5A
SPI [1]	result	3.04439307	0.00000512	0x08	0xC3
SPI [1]	result	3.04439835	0.00000512	0x00	0x3C
SPI [1]	result	3.04440363	0.00000512	0x88	0xA5
SPI [1]	result	3.04440891	0.00000512	0x32	0x5A
SPI [1]	result	3.08316697	0.00000512	0x00	0xC3
SPI [1]	result	3.08317225	0.00000512	0x00	0x3C
SPI [1]	result	3.08317753	0.00000512	0x08	0xA5
SPI [1]	result	3.08318281	0.00000512	0x20	0x5A
SPI [1]	result	3.08362076	0.00000512	0x08	0xC3
SPI [1]	result	3.08362604	0.00000512	0x10	0x3C
SPI [1]	result	3.08363132	0.00000512	0x80	0xA5
SPI [1]	result	3.08363660	0.00000512	0x22	0x5A
SPI [1]	result	3.08402971	0.00000512	0x00	0xC3
SPI [1]	result	3.08403499	0.00000512	0x00	0x3C
SPI [1]	result	3.08404027	0.00000512	0x09	0xA5
SPI [1]	result	3.08404555	0.00000512	0xA6	0x5A
SPI [1]	result	3.08443764	0.00000512	0x09	0xC3
SPI [1]	result	3.08444292	0.00000512	0x00	0x3C
SPI [1]	result	3.08444820	0.00000512	0x88	0xA5
SPI [1]	result	3.08445348	0.00000512	0x3A	0x5A
SPI [1]	result	3.08484467	0.00000512	0x00	0xC3
SPI [1]	result	3.08484995	0.00000512	0x00	0x3C
SPI [1]	result	3.08485523	0.00000512	0x00	0xA5
SPI [1]	result	3.08486051	0.00000512	0x00	0x5A
SPI [1]	result	3.08525238	0.00000512	0x08	0xC3
SPI [1]	result	3.08525766	0.00000512	0x00	0x3C
SPI [1]	result	3.08526294	0.00000512	0x89	0xA5
SPI [1]	result	3.08526822	0.00000512	0xB8	0x5A
SPI [1]	result	3.12315673	0.00000512	0x00	0xC3
SPI [1]	result	3.12316201	0.00000512	0x00	0x3C
SPI [1]	result	3.12316729	0.00000512	0x08	0xA5
SPI [1]	result	3.12317257	0.00000512	0x20	0x5A
SPI [1]	result	3.12358843	0.00000512	0x0A	0xC3
SPI [1]	result	3.12359371	0.00000512	0x10	0x3C
SPI [1]	result	3.12359899	0.00000512	0x80	0xA5
SPI [1]	result	3.12360427	0.00000512	0x32	0x5A
SPI [1]	result	3.12399772	0.00000512	0x00	0xC3
SPI [1]	result	3.12400300	0.00000512	0x00	0x3C
SPI [1]	result	3.12400828	0.00000512	0x00	0xA5
SPI [1]	result	3.12401356	0.00000512	0x00	0x5A
SPI [1]	result	3.12440485	0.00000512	0x08	0xC3
SPI [1]	result	3.12441013	0.00000512	0x00	0x3C
SPI [1]	result	3.12441541	0.00000512	0x88	0xA5
SPI [1]	result	3.12442069	0.00000512	0x32	0x5A
SPI [1]	result	3.16316445	0.00000512	0x00	0xC3
SPI [1]	result	3.16316973	0.00000512	0x00	0x3C
SPI [1]	result	3.16317501	0.00000512	0x08	0xA5
SPI [1]	result	3.16318029	0.00000512	0x20	0x5A
SPI [1]	result	3.16361685	0.00000512	0x0B	0xC3
SPI [1]	result	3.16362213	0.00000512	0x10	0x3C
SPI [1]	result	3.16362741	0.00000512	0x80	0xA5
SPI [1]	result	3.16363269	0.00000512	0x3A	0x5A
SPI [1]	result	3.16402525	0.00000512	0x00	0xC3
SPI [1]	result	3.16403053	0.00000512	0x00	0x3C
SPI [1]	result	3.16403581	0.00000512	0x00	0xA5
SPI [1]	result	3.16404109	0.00000512	0x00	0x5A
SPI [1]	result	3.16443258	0.00000512	0x08	0xC3
SPI [1]	result	3.16443786	0.00000512	0x00	0x3C
SPI [1]	result	3.16444314	0.00000512	0x88	0xA5
SPI [1]	result	3.16444842	0.00000512	0x32	0x5A
SPI [1]	result	3.20316270	0.00000512	0x00	0xC3
SPI [1]	result	3.20316798	0.00000512	0x00	0x3C
SPI [1]	result	3.20317326	0.00000512	0x08	0xA5
SPI [1]	result	3.20317854	0.00000512	0x20	0x5A
SPI [1]	result	3.20359886	0.00000512	0x0C	0xC3
SPI [1]	result	3.20360414	0.00000512	0x10	0x3C
SPI [1]	result	3.20360942	0.00000512	0x80	0xA5
SPI [1]	result	3.20361470	0.00000512	0x02	0x5A
SPI [1]	result	3.20400789	0.00000512	0x00	0xC3
SPI [1]	result	3.20401317	0.00000512	0x00	0x3C
SPI [1]	result	3.20401845	0.00000512	0x09	0xA5
SPI [1]	result	3.20402373	0.00000512	0xA6	0x5A
SPI [1]	result	3.20441496	0.00000512	0x0D	0xC3
SPI [1]	result	3.20442024	0.00000512	0x00	0x3C
SPI [1]	result	3.20442552	0.00000512	0x88	0xA5
SPI [1]	result	3.20443080	0.00000512	0x1A	0x5A
SPI [1]	result	3.20482426	0.00000512	0x00	0xC3
SPI [1]	result	3.20482954	0.00000512	0x00	0x3C
SPI [1]	result	3.20483482	0.00000512	0x00	0xA5
SPI [1]	result	3.20484010	0.00000512	0x00	0x5A
SPI [1]	result	3.20523181	0.00000512	0x08	0xC3
SPI [1]	result	3.20523709	0.00000512	0x00	0x3C
SPI [1]	result	3.20524237	0.00000512	0x89	0xA5
SPI [1]	result	3.20524765	0.00000512	0xB8	0x5A
SPI [1]	result	3.24315872	0.00000512	0x00	0xC3
SPI [1]	result	3.24316400	0.00000512	0x00	0x3C
SPI [1]	result	3.24316928	0.00000512	0x08	0xA5
SPI [1]	result	3.24317456	0.00000512	0x20	0x5A
SPI [1]	result	3.24358961	0.00000512	0x0E	0xC3
SPI [1]	result	3.24359489	0.00000512	0x10	0x3C
SPI [1]	result	3.24360017	0.00000512	0x80	0xA5
SPI [1]	result	3.24360545	0.00000512	0x12	0x5A
SPI [1]	result	3.24399919	0.00000512	0x00	0xC3
SPI [1]	result	3.24400447	0.00000512	0x00	0x3C
SPI [1]	result	3.24400975	0.00000512	0x00	0xA5
SPI [1]	result	3.24401503	0.00000512	0x00	0x5A
SPI [1]	result	3.24440695	0.00000512	0x08	0xC3
SPI [1]	result	3.24441223	0.00000512	0x00	0x3C
SPI [1]	result	3.24441751	0.00000512	0x88	0xA5
SPI [1]	result	3.24442279	0.00000512	0x32	0x5A
SPI [1]	result	3.28316484	0.00000512	0x00	0xC3
SPI [1]	result	3.28317012	0.00000512	0x00	0x3C
SPI [1]	result	3.28317540	0.00000512	0x08	0xA5
SPI [1]	result	3.28318068	0.00000512	0x20	0x5A
SPI [1]	result	3.28361389	0.00000512	0x0F	0xC3
SPI [1]	result	3.28361917	0.00000512	0x10	0x3C
SPI [1]	result	3.28362445	0.00000512	0x80	0xA5
SPI [1]	result	3.28362973	0.00000512	0x1A	0x5A
SPI [1]	result	3.28402242	0.00000512	0x00	0xC3
SPI [1]	result	3.28402770	0.00000512	0x00	0x3C
SPI [1]	result	3.28403298	0.00000512	0x00	0xA5
SPI [1]	result	3.28403826	0.00000512	0x00	0x5A
SPI [1]	result	3.28443116	0.00000512	0x08	0xC3
SPI [1]	result	3.28443644	0.00000512	0x00	0x3C
SPI [1]	result	3.28444172	0.00000512	0x88	0xA5
SPI [1]	result	3.28444700	0.00000512	0x32	0x5A
SPI [1]	result	3.32315413	0.00000512	0x00	0xC3
SPI [1]	result	3.32315941	0.00000512	0x00	0x3C
SPI [1]	result	3.32316469	0.00000512	0x08	0xA5
SPI [1]	result	3.32316997	0.00000512	0x20	0x5A
SPI [1]	result	3.32356831	0.00000512	0x08	0xC3
SPI [1]	result	3.32357359	0.00000512	0x10	0x3C
SPI [1]	result	3.32357887	0.00000512	0x80	0xA5
SPI [1]	result	3.32358415	0.00000512	0x22	0x5A
SPI [1]	result	3.32397556	0.00000512	0x00	0xC3
SPI [1]	result	3.32398084	0.00000512	0x00	0x3C
SPI [1]	result	3.32398612	0.00000512	0x09	0xA5
SPI [1]	result	3.32399140	0.00000512	0xA6	0x5A
SPI [1]	result	3.32438309	0.00000512	0x09	0xC3
SPI [1]	result	3.32438837	0.00000512	0x00	0x3C
SPI [1]	result	3.32439365	0.00000512	0x88	0xA5
SPI [1]	result	3.32439893	0.00000512	0x3A	0x5A
SPI [1]	result	3.32479199	0.00000512	0x00	0xC3
SPI [1]	result	3.32479727	0.00000512	0x00	0x3C
SPI [1]	result	3.32480255	0.00000512	0x00	0xA5
SPI [1]	result	3.32480783	0.00000512	0x00	0x5A
SPI [1]	result	3.32519941	0.00000512	0x08	0xC3
SPI [1]	result	3.32520469	0.00000512	0x00	0x3C
SPI [1]	result	3.32520997	0.00000512	0x89	0xA5
SPI [1]	result	3.32521525	0.00000512	0xB8	0x5A
SPI [1]	result	3.36316464	0.00000512	0x00	0xC3
SPI [1]	result	3.36316992	0.00000512	0x00	0x3C
SPI [1]	result	3.36317520	0.00000512	0x08	0xA5
SPI [1]	result	3.36318048	0.00000512	0x20	0x5A
SPI [1]	result	3.36361541	0.00000512	0x0A	0xC3
SPI [1]	result	3.36362069	0.00000512	0x10	0x3C
SPI [1]	result	3.36362597	0.00000512	0x80	0xA5
SPI [1]	result	3.36363125	0.00000512	0x32	0x5A
SPI [1]	result	3.36402194	0.00000512	0x00	0xC3
SPI [1]	result	3.36402722	0.00000512	0x00	0x3C
SPI [1]	result	3.36403250	0.00000512	0x00	0xA5
SPI [1]	result	3.36403778	0.00000512	0x00	0x5A
SPI [1]	result	3.36442919	0.00000512	0x08	0xC3
SPI [1]	result	3.36443447	0.00000512	0x00	0x3C
SPI [1]	result	3.36443975	0.00000512	0x88	0xA5
SPI [1]	result	3.36444503	0.00000512	0x32	0x5A
SPI [1]	result	3.40317692	0.00000512	0x00	0xC3
SPI [1]	result	3.40318220	0.00000512	0x00	0x3C
SPI [1]	result	3.40318748	0.00000512	0x08	0xA5
SPI [1]	result	3.40319276	0.00000512	0x20	0x5A
SPI [1]	result	3.40366138	0.00000512	0x0B	0xC3
SPI [1]	result	3.40366666	0.00000512	0x10	0x3C
SPI [1]	result	3.40367194	0.00000512	0x80	0xA5
SPI [1]	result	3.40367722	0.00000512	0x3A	0x5A
SPI [1]	result	3.40406971	0.00000512	0x00	0xC3
SPI [1]	result	3.40407499	0.00000512	0x00	0x3C
SPI [1]	result	3.40408027	0.00000512	0x00	0xA5
SPI [1]	result	3.40408555	0.00000512	0x00	0x5A
SPI [1]	result	3.40447794	0.00000512	0x08	0xC3
SPI [1]	result	3.40448322	0.00000512	0x00	0x3C
SPI [1]	result	3.40448850	0.00000512	0x88	0xA5
SPI [1]	result	3.40449378	0.00000512	0x32	0x5A
SPI [1]	result	3.44316139	0.00000512	0x00	0xC3
SPI [1]	result	3.44316667	0.00000512	0x00	0x3C
SPI [1]	result	3.44317195	0.00000512	0x08	0xA5
SPI [1]	result	3.44317723	0.00000512	0x20	0x5A
SPI [1]	result	3.44359596	0.00000512	0x0C	0xC3
SPI [1]	result	3.44360124	0.00000512	0x10	0x3C
SPI [1]	result	3.44360652	0.00000512	0x80	0xA5
SPI [1]	result	3.44361180	0.00000512	0x02	0x5A
SPI [1]	result	3.44400523	0.00000512	0x00	0xC3
SPI [1]	result	3.44401051	0.00000512	0x00	0x3C
SPI [1]	result	3.44401579	0.00000512	0x09	0xA5
SPI [1]	result	3.44402107	0.00000512	0xA6	0x5A
SPI [1]	result	3.44441286	0.00000512	0x0D	0xC3
SPI [1]	result	3.44441814	0.00000512	0x00	0x3C
SPI [1]	result	3.44442342	0.00000512	0x88	0xA5
SPI [1]	result	3.44442870	0.00000512	0x1A	0x5A
SPI [1]	result	3.44481944	0.00000512	0x00	0xC3
SPI [1]	result	3.44482472	0.00000512	0x00	0x3C
SPI [1]	result	3.44483000	0.00000512	0x00	0xA5
SPI [1]	result	3.44483528	0.00000512	0x00	0x5A
SPI [1]	result	3.44522648	0.00000512	0x08	0xC3
SPI [1]	result	3.44523176	0.00000512	0x00	0x3C
SPI [1]	result	3.44523704	0.00000512	0x89	0xA5
SPI [1]	result	3.44524232	0.00000512	0xB8	0x5A
SPI [1]	result	3.48316470	0.00000512	0x00	0xC3
SPI [1]	result	3.48316998	0.00000512	0x00	0x3C
SPI [1]	result	3.48317526	0.00000512	0x08	0xA5
SPI [1]	result	3.48318054	0.00000512	0x20	0x5A
SPI [1]	result	3.48361390	0.00000512	0x0E	0xC3
SPI [1]	result	3.48361918	0.00000512	0x10	0x3C
SPI [1]	result	3.48362446	0.00000512	0x80	0xA5
SPI [1]	result	3.48362974	0.00000512	0x12	0x5A
SPI [1]	result	3.48402271	0.00000512	0x00	0xC3
SPI [1]	result	3.48402799	0.00000512	0x00	0x3C
SPI [1]	result	3.48403327	0.00000512	0x00	0xA5
SPI [1]	result	3.48403855	0.00000512	0x00	0x5A
SPI [1]	result	3.48442896	0.00000512	0x08	0xC3
SPI [1]	result	3.48443424	0.00000512	0x00	0x3C
SPI [1]	result	3.48443952	0.00000512	0x88	0xA5
SPI [1]	result	3.48444480	0.00000512	0x32	0x5A
SPI [1]	result	3.52317926	0.00000512	0x00	0xC3
SPI [1]	result	3.52318454	0.00000512	0x00	0x3C
SPI [1]	result	3.52318982	0.00000512	0x08	0xA5
SPI [1]	result	3.52319510	0.00000512	0x20	0x5A
SPI [1]	result	3.52367627	0.00000512	0x0F	0xC3
SPI [1]	result	3.52368155	0.00000512	0x10	0x3C
SPI [1]	result	3.52368683	0.00000512	0x80	0xA5
SPI [1]	result	3.52369211	0.00000512	0x1A	0x5A
SPI [1]	result	3.52412745	0.00000512	0x00	0xC3
SPI [1]	result	3.52413273	0.00000512	0x00	0x3C
SPI [1]	result	3.52413801	0.00000512	0x00	0xA5
SPI [1]	result	3.52414329	0.00000512	0x00	0x5A
SPI [1]	result	3.52454169	0.00000512	0x08	0xC3
SPI [1]	result	3.52454697	0.00000512	0x00	0x3C
SPI [1]	result	3.52455225	0.00000512	0x88	0xA5
SPI [1]	result	3.52455753	0.00000512	0x32	0x5A
SPI [1]	result	3.56316652	0.00000512	0x00	0xC3
SPI [1]	result	3.56317180	0.00000512	0x00	0x3C
SPI [1]	result	3.56317708	0.00000512	0x08	0xA5
SPI [1]	result	3.56318236	0.00000512	0x20	0x5A
SPI [1]	result	3.56361915	0.00000512	0x08	0xC3
SPI [1]	result	3.56362443	0.00000512	0x10	0x3C
SPI [1]	result	3.56362971	0.00000512	0x80	0xA5
SPI [1]	result	3.56363499	0.00000512	0x22	0x5A
SPI [1]	result	3.56402898	0.00000512	0x00	0xC3
SPI [1]	result	3.56403426	0.00000512	0x00	0x3C
SPI [1]	result	3.56403954	0.00000512	0x09	0xA5
SPI [1]	result	3.56404482	0.00000512	0xA6	0x5A
SPI [1]	result	3.56443697	0.00000512	0x09	0xC3
SPI [1]	result	3.56444225	0.00000512	0x00	0x3C
SPI [1]	result	3.56444753	0.00000512	0x88	0xA5
SPI [1]	result	3.56445281	0.00000512	0x3A	0x5A
SPI [1]	result	3.56484439	0.00000512	0x00	0xC3
SPI [1]	result	3.56484967	0.00000512	0x00	0x3C
SPI [1]	result	3.56485495	0.00000512	0x00	0xA5
SPI [1]	result	3.56486023	0.00000512	0x00	0x5A
SPI [1]	result	3.56526424	0.00000512	0x08	0xC3
SPI [1]	result	3.56526952	0.00000512	0x00	0x3C
SPI [1]	result	3.56527480	0.00000512	0x89	0xA5
SPI [1]	result	3.56528008	0.00000512	0xB8	0x5A
SPI [1]	result	3.60317896	0.00000512	0x00	0xC3
SPI [1]	result	3.60318424	0.00000512	0x00	0x3C
SPI [1]	result	3.60318952	0.00000512	0x08	0xA5
SPI [1]	result	3.60319480	0.00000512	0x20	0x5A
SPI [1]	result	3.60408871	0.00000512	0x0A	0xC3
SPI [1]	result	3.60409399	0.00000512	0x10	0x3C
SPI [1]	result	3.60409927	0.00000512	0x80	0xA5
SPI [1]	result	3.60410455	0.00000512	0x32	0x5A
SPI [1]	result	3.60462430	0.00000512	0x00	0xC3
SPI [1]	result	3.60462958	0.00000512	0x00	0x3C
SPI [1]	result	3.60463486	0.00000512	0x00	0xA5
SPI [1]	result	3.60464014	0.00000512	0x00	0x5A
SPI [1]	result	3.60509752	0.00000512	0x08	0xC3
SPI [1]	result	3.60510280	0.00000512	0x00	0x3C
SPI [1]	result	3.60510808	0.00000512	0x88	0xA5
SPI [1]	result	3.60511336	0.00000512	0x32	0x5A
SPI [1]	result	3.64317248	0.00000512	0x00	0xC3
SPI [1]	result	3.64317776	0.00000512	0x00	0x3C
SPI [1]	result	3.64318304	0.00000512	0x08	0xA5
SPI [1]	result	3.64318832	0.00000512	0x20	0x5A
SPI [1]	result	3.64364646	0.00000512	0x0B	0xC3
SPI [1]	result	3.64365174	0.00000512	0x10	0x3C
SPI [1]	result	3.64365702	0.00000512	0x80	0xA5
SPI [1]	result	3.64366230	0.00000512	0x3A	0x5A
SPI [1]	result	3.64405612	0.00000512	0x00	0xC3
SPI [1]	result	3.64406140	0.00000512	0x00	0x3C
SPI [1]	result	3.64406668	0.00000512	0x00	0xA5
SPI [1]	result	3.64407196	0.00000512	0x00	0x5A
SPI [1]	result	3.64446426	0.00000512	0x08	0xC3
SPI [1]	result	3.64446954	0.00000512	0x00	0x3C
SPI [1]	result	3.64447482	0.00000512	0x88	0xA5
SPI [1]	result	3.64448010	0.00000512	0x32	0x5A
SPI [1]	result	3.68316725	0.00000512	0x00	0xC3
SPI [1]	result	3.68317253	0.00000512	0x00	0x3C
SPI [1]	result	3.68317781	0.00000512	0x08	0xA5
SPI [1]	result	3.68318309	0.00000512	0x20	0x5A
SPI [1]	result	3.68361785	0.00000512	0x0C	0xC3
SPI [1]	result	3.68362313	0.00000512	0x10	0x3C
SPI [1]	result	3.68362841	0.00000512	0x80	0xA5
SPI [1]	result	3.68363369	0.00000512	0x02	0x5A
SPI [1]	result	3.68402664	0.00000512	0x00	0xC3
SPI [1]	result	3.68403192	0.00000512	0x00	0x3C
SPI [1]	result	3.68403720	0.00000512	0x09	0xA5
SPI [1]	result	3.68404248	0.00000512	0xA6	0x5A
SPI [1]	result	3.68443447	0.00000512	0x0D	0xC3
SPI [1]	result	3.68443975	0.00000512	0x00	0x3C
SPI [1]	result	3.68444503	0.00000512	0x88	0xA5
SPI [1]	result	3.68445031	0.00000512	0x1A	0x5A
SPI [1]	result	3.68484173	0.00000512	0x00	0xC3
SPI [1]	result	3.68484701	0.00000512	0x00	0x3C
SPI [1]	result	3.68485229	0.00000512	0x00	0xA5
SPI [1]	result	3.68485757	0.00000512	0x00	0x5A
SPI [1]	result	3.68540480	0.00000512	0x08	0xC3
SPI [1]	result	3.68541008	0.00000512	0x00	0x3C
SPI [1]	result	3.68541536	0.00000512	0x89	0xA5
SPI [1]	result	3.68542064	0.00000512	0xB8	0x5A
SPI [1]	result	3.72318194	0.00000512	0x00	0xC3
SPI [1]	result	3.72318722	0.00000512	0x00	0x3C
SPI [1]	result	3.72319250	0.00000512	0x08	0xA5
SPI [1]	result	3.72319778	0.00000512	0x20	0x5A
SPI [1]	result	3.72368673	0.00000512	0x0E	0xC3
SPI [1]	result	3.72369201	0.00000512	0x10	0x3C
SPI [1]	result	3.72369729	0.00000512	0x80	0xA5
SPI [1]	result	3.72370257	0.00000512	0x12	0x5A
SPI [1]	result	3.72409482	0.00000512	0x00	0xC3
SPI [1]	result	3.72410010	0.00000512	0x00	0x3C
SPI [1]	result	3.72410538	0.00000512	0x00	0xA5
SPI [1]	result	3.72411066	0.00000512	0x00	0x5A
SPI [1]	result	3.72450346	0.00000512	0x08	0xC3
SPI [1]	result	3.72450874	0.00000512	0x00	0x3C
SPI [1]	result	3.72451402	0.00000512	0x88	0xA5
SPI [1]	result	3.72451930	0.00000512	0x32	0x5A
SPI [1]	result	3.76316493	0.00000512	0x00	0xC3
SPI [1]	result	3.76317021	0.00000512	0x00	0x3C
SPI [1]	result	3.76317549	0.00000512	0x08	0xA5
SPI [1]	result	3.76318077	0.00000512	0x20	0x5A
SPI [1]	result	3.76361694	0.00000512	0x0F	0xC3
SPI [1]	result	3.76362222	0.00000512	0x10	0x3C
SPI [1]	result	3.76362750	0.00000512	0x80	0xA5
SPI [1]	result	3.76363278	0.00000512	0x1A	0x5A
SPI [1]	result	3.76407542	0.00000512	0x00	0xC3
SPI [1]	result	3.76408070	0.00000512	0x00	0x3C
SPI [1]	result	3.76408598	0.00000512	0x00	0xA5
SPI [1]	result	3.76409126	0.00000512	0x00	0x5A
SPI [1]	result	3.76448723	0.00000512	0x08	0xC3
SPI [1]	result	3.76449251	0.00000512	0x00	0x3C
SPI [1]	result	3.76449779	0.00000512	0x88	0xA5
SPI [1]	result	3.76450307	0.00000512	0x32	0x5A
SPI [1]	result	3.80316627	0.00000512	0x00	0xC3
SPI [1]	result	3.80317155	0.00000512	0x00	0x3C
SPI [1]	result	3.80317683	0.00000512	0x08	0xA5
SPI [1]	result	3.80318211	0.00000512	0x20	0x5A
SPI [1]	result	3.80361056	0.00000512	0x08	0xC3
SPI [1]	result	3.80361584	0.00000512	0x10	0x3C
SPI [1]	result	3.80362112	0.00000512	0x80	0xA5
SPI [1]	result	3.80362640	0.00000512	0x22	0x5A
SPI [1]	result	3.80401987	0.00000512	0x00	0xC3
SPI [1]	result	3.80402515	0.00000512	0x00	0x3C
SPI [1]	result	3.80403043	0.00000512	0x09	0xA5
SPI [1]	result	3.80403571	0.00000512	0xA6	0x5A
SPI [1]	result	3.80442729	0.00000512	0x09	0xC3
SPI [1]	result	3.80443257	0.00000512	0x00	0x3C
SPI [1]	result	3.80443785	0.00000512	0x88	0xA5
SPI [1]	result	3.80444313	0.00000512	0x3A	0x5A
SPI [1]	result	3.80483504	0.00000512	0x00	0xC3
SPI [1]	result	3.80484032	0.00000512	0x00	0x3C
SPI [1]	result	3.80484560	0.00000512	0x00	0xA5
SPI [1]	result	3.80485088	0.00000512	0x00	0x5A
SPI [1]	result	3.80524289	0.00000512	0x08	0xC3
SPI [1]	result	3.80524817	0.00000512	0x00	0x3C
SPI [1]	result	3.80525345	0.00000512	0x89	0xA5
SPI [1]	result	3.80525873	0.00000512	0xB8	0x5A
SPI [1]	result	3.84315862	0.00000512	0x00	0xC3
SPI [1]	result	3.84316390	0.00000512	0x00	0x3C
SPI [1]	result	3.84316918	0.00000512	0x08	0xA5
SPI [1]	result	3.84317446	0.00000512	0x20	0x5A
SPI [1]	result	3.84359067	0.00000512	0x0A	0xC3
SPI [1]	result	3.84359595	0.00000512	0x10	0x3C
SPI [1]	result	3.84360123	0.00000512	0x80	0xA5
SPI [1]	result	3.84360651	0.00000512	0x32	0x5A
SPI [1]	result	3.84400013	0.00000512	0x00	0xC3
SPI [1]	result	3.84400541	0.00000512	0x00	0x3C
SPI [1]	result	3.84401069	0.00000512	0x00	0xA5
SPI [1]	result	3.84401597	0.00000512	0x00	0x5A
SPI [1]	result	3.84440742	0.00000512	0x08	0xC3
SPI [1]	result	3.84441270	0.00000512	0x00	0x3C
SPI [1]	result	3.84441798	0.00000512	0x88	0xA5
SPI [1]	result	3.84442326	0.00000512	0x32	0x5A
SPI [1]	result	3.88316389	0.00000512	0x00	0xC3
SPI [1]	result	3.88316917	0.00000512	0x00	0x3C
SPI [1]	result	3.88317445	0.00000512	0x08	0xA5
SPI [1]	result	3.88317973	0.00000512	0x20	0x5A
SPI [1]	result	3.88360957	0.00000512	0x0B	0xC3
SPI [1]	result	3.88361485	0.00000512	0x10	0x3C
SPI [1]	result	3.88362013	0.00000512	0x80	0xA5
SPI [1]	result	3.88362541	0.00000512	0x3A	0x5A
SPI [1]	result	3.88401755	0.00000512	0x00	0xC3
SPI [1]	result	3.88402283	0.00000512	0x00	0x3C
SPI [1]	result	3.88402811	0.00000512	0x00	0xA5
SPI [1]	result	3.88403339	0.00000512	0x00	0x5A
SPI [1]	result	3.88442502	0.00000512	0x08	0xC3
SPI [1]	result	3.88443030	0.00000512	0x00	0x3C
SPI [1]	result	3.88443558	0.00000512	0x88	0xA5
SPI [1]	result	3.88444086	0.00000512	0x32	0x5A
SPI [1]	result	3.92316666	0.00000512	0x00	0xC3
SPI [1]	result	3.92317194	0.00000512	0x00	0x3C
SPI [1]	result	3.92317722	0.00000512	0x08	0xA5
SPI [1]	result	3.92318250	0.00000512	0x20	0x5A
SPI [1]	result	3.92361880	0.00000512	0x0C	0xC3
SPI [1]	result	3.92362408	0.00000512	0x10	0x3C
SPI [1]	result	3.92362936	0.00000512	0x80	0xA5
SPI [1]	result	3.92363464	0.00000512	0x02	0x5A
SPI [1]	result	3.92402731	0.00000512	0x00	0xC3
SPI [1]	result	3.92403259	0.00000512	0x00	0x3C
SPI [1]	result	3.92403787	0.00000512	0x09	0xA5
SPI [1]	result	3.92404315	0.00000512	0xA6	0x5A
SPI [1]	result	3.92443566	0.00000512	0x0D	0xC3
SPI [1]	result	3.92444094	0.00000512	0x00	0x3C
SPI [1]	result	3.92444622	0.00000512	0x88	0xA5
SPI [1]	result	3.92445150	0.00000512	0x1A	0x5A
SPI [1]	result	3.92484262	0.00000512	0x00	0xC3
SPI [1]	result	3.92484790	0.00000512	0x00	0x3C
SPI [1]	result	3.92485318	0.00000512	0x00	0xA5
SPI [1]	result	3.92485846	0.00000512	0x00	0x5A
SPI [1]	result	3.92524989	0.00000512	0x08	0xC3
SPI [1]	result	3.92525517	0.00000512	0x00	0x3C
SPI [1]	result	3.92526045	0.00000512	0x89	0xA5
SPI [1]	result	3.92526573	0.00000512	0xB8	0x5A
SPI [1]	result	3.96316542	0.00000512	0x00	0xC3
SPI [1]	result	3.96317070	0.00000512	0x00	0x3C
SPI [1]	result	3.96317598	0.00000512	0x08	0xA5
SPI [1]	result	3.96318126	0.00000512	0x20	0x5A
SPI [1]	result	3.96361353	0.00000512	0x0E	0xC3
SPI [1]	result	3.96361881	0.00000512	0x10	0x3C
SPI [1]	result	3.96362409	0.00000512	0x80	0xA5
SPI [1]	result	3.96362937	0.00000512	0x12	0x5A
SPI [1]	result	3.96402191	0.00000512	0x00	0xC3
SPI [1]	result	3.96402719	0.00000512	0x00	0x3C
SPI [1]	result	3.96403247	0.00000512	0x00	0xA5
SPI [1]	result	3.96403775	0.00000512	0x00	0x5A
SPI [1]	result	3.96442972	0.00000512	0x08	0xC3
SPI [1]	result	3.96443500	0.00000512	0x00	0x3C
SPI [1]	result	3.96444028	0.00000512	0x88	0xA5
SPI [1]	result	3.96444556	0.00000512	0x32	0x5A
SPI [1]	result	4.00318032	0.00000512	0x00	0xC3
SPI [1]	result	4.00318560	0.00000512	0x00	0x3C
SPI [1]	result	4.00319088	0.00000512	0x08	0xA5
SPI [1]	result	4.00319616	0.00000512	0x20	0x5A
SPI [1]	result	4.00367098	0.00000512	0x0F	0xC3
SPI [1]	result	4.00367626	0.00000512	0x10	0x3C
SPI [1]	result	4.00368154	0.00000512	0x80	0xA5
SPI [1]	result	4.00368682	0.00000512	0x1A	0x5A
SPI [1]	result	4.00408105	0.00000512	0x00	0xC3
SPI [1]	result	4.00408633	0.00000512	0x00	0x3C
SPI [1]	result	4.00409161	0.00000512	0x00	0xA5
SPI [1]	result	4.00409689	0.00000512	0x00	0x5A
SPI [1]	result	4.00448910	0.00000512	0x08	0xC3
SPI [1]	result	4.00449438	0.00000512	0x00	0x3C
SPI [1]	result	4.00449966	0.00000512	0x88	0xA5
SPI [1]	result	4.00450494	0.00000512	0x32	0x5A
SPI [1]	result	4.04316616	0.00000512	0x00	0xC3
SPI [1]	result	4.04317144	0.00000512	0x00	0x3C
SPI [1]	result	4.04317672	0.00000512	0x08	0xA5
SPI [1]	result	4.04318200	0.00000512	0x20	0x5A
SPI [1]	result	4.04361862	0.00000512	0x08	0xC3
SPI [1]	result	4.04362390	0.00000512	0x10	0x3C
SPI [1]	result	4.04362918	0.00000512	0x80	0xA5
SPI [1]	result	4.04363446	0.00000512	0x22	0x5A
SPI [1]	result	4.04402846	0.00000512	0x00	0xC3
SPI [1]	result	4.04403374	0.00000512	0x00	0x3C
SPI [1]	result	4.04403902	0.00000512	0x09	0xA5
SPI [1]	result	4.04404430	0.00000512	0xA6	0x5A
SPI [1]	result	4.04443686	0.00000512	0x09	0xC3
SPI [1]	result	4.04444214	0.00000512	0x00	0x3C
SPI [1]	result	4.04444742	0.00000512	0x88	0xA5
SPI [1]	result	4.04445270	0.00000512	0x3A	0x5A
SPI [1]	result	4.04484414	0.00000512	0x00	0xC3
SPI [1]	result	4.04484942	0.00000512	0x00	0x3C
SPI [1]	result	4.04485470	0.00000512	0x00	0xA5
SPI [1]	result	4.04485998	0.00000512	0x00	0x5A
SPI [1]	result	4.04525920	0.00000512	0x08	0xC3
SPI [1]	result	4.04526448	0.00000512	0x00	0x3C
SPI [1]	result	4.04526976	0.00000512	0x89	0xA5
SPI [1]	result	4.04527504	0.00000512	0xB8	0x5A
SPI [1]	result	4.08316424	0.00000512	0x00	0xC3
SPI [1]	result	4.08316952	0.00000512	0x00	0x3C
SPI [1]	result	4.08317480	0.00000512	0x08	0xA5
SPI [1]	result	4.08318008	0.00000512	0x20	0x5A
SPI [1]	result	4.08361768	0.00000512	0x0A	0xC3
SPI [1]	result	4.08362296	0.00000512	0x10	0x3C
SPI [1]	result	4.08362824	0.00000512	0x80	0xA5
SPI [1]	result	4.08363352	0.00000512	0x32	0x5A
SPI [1]	result	4.08402449	0.00000512	0x00	0xC3
SPI [1]	result	4.08402977	0.00000512	0x00	0x3C
SPI [1]	result	4.08403505	0.00000512	0x00	0xA5
SPI [1]	result	4.08404033	0.00000512	0x00	0x5A
SPI [1]	result	4.08443170	0.00000512	0x08	0xC3
SPI [1]	result	4.08443698	0.00000512	0x00	0x3C
SPI [1]	result	4.08444226	0.00000512	0x88	0xA5
SPI [1]	result	4.08444754	0.00000512	0x32	0x5A
SPI [1]	result	4.12316424	0.00000512	0x00	0xC3
SPI [1]	result	4.12316952	0.00000512	0x00	0x3C
SPI [1]	result	4.12317480	0.00000512	0x08	0xA5
SPI [1]	result	4.12318008	0.00000512	0x20	0x5A
SPI [1]	result	4.12361542	0.00000512	0x0B	0xC3
SPI [1]	result	4.12362070	0.00000512	0x10	0x3C
SPI [1]	result	4.12362598	0.00000512	0x80	0xA5
SPI [1]	result	4.12363126	0.00000512	0x3A	0x5A
SPI [1]	result	4.12402431	0.00000512	0x00	0xC3
SPI [1]	result	4.12402959	0.00000512	0x00	0x3C
SPI [1]	result	4.12403487	0.00000512	0x00	0xA5
SPI [1]	result	4.12404015	0.00000512	0x00	0x5A
SPI [1]	result	4.12447412	0.00000512	0x08	0xC3
SPI [1]	result	4.12447940	0.00000512	0x00	0x3C
SPI [1]	result	4.12448468	0.00000512	0x88	0xA5
SPI [1]	result	4.12448996	0.00000512	0x32	0x5A
SPI [1]	result	4.16318344	0.00000512	0x00	0xC3
SPI [1]	result	4.16318872	0.00000512	0x00	0x3C
SPI [1]	result	4.16319400	0.00000512	0x08	0xA5
SPI [1]	result	4.16319928	0.00000512	0x20	0x5A
SPI [1]	result	4.16371056	0.00000512	0x0C	0xC3
SPI [1]	result	4.16371584	0.00000512	0x10	0x3C
SPI [1]	result	4.16372112	0.00000512	0x80	0xA5
SPI [1]	result	4.16372640	0.00000512	0x02	0x5A
SPI [1]	result	4.16412665	0.00000512	0x00	0xC3
SPI [1]	result	4.16413193	0.00000512	0x00	0x3C
SPI [1]	result	4.16413721	0.00000512	0x09	0xA5
SPI [1]	result	4.16414249	0.00000512	0xA6	0x5A
SPI [1]	result	4.16453827	0.00000512	0x0D	0xC3
SPI [1]	result	4.16454355	0.00000512	0x00	0x3C
SPI [1]	result	4.16454883	0.00000512	0x88	0xA5
SPI [1]	result	4.16455411	0.00000512	0x1A	0x5A
SPI [1]	result	4.16494645	0.00000512	0x00	0xC3
SPI [1]	result	4.16495173	0.00000512	0x00	0x3C
SPI [1]	result	4.16495701	0.00000512	0x00	0xA5
SPI [1]	result	4.16496229	0.00000512	0x00	0x5A
SPI [1]	result	4.16535510	0.00000512	0x08	0xC3
SPI [1]	result	4.16536038	0.00000512	0x00	0x3C
SPI [1]	result	4.16536566	0.00000512	0x89	0xA5
SPI [1]	result	4.16537094	0.00000512	0xB8	0x5A
SPI [1]	result	4.20316040	0.00000512	0x00	0xC3
SPI [1]	result	4.20316568	0.00000512	0x00	0x3C
SPI [1]	result	4.20317096	0.00000512	0x08	0xA5
SPI [1]	result	4.20317624	0.00000512	0x20	0x5A
SPI [1]	result	4.20359975	0.00000512	0x0E	0xC3
SPI [1]	result	4.20360503	0.00000512	0x10	0x3C
SPI [1]	result	4.20361031	0.00000512	0x80	0xA5
SPI [1]	result	4.20361559	0.00000512	0x12	0x5A
SPI [1]	result	4.20400830	0.00000512	0x00	0xC3
SPI [1]	result	4.20401358	0.00000512	0x00	0x3C
SPI [1]	result	4.20401886	0.00000512	0x00	0xA5
SPI [1]	result	4.20402414	0.00000512	0x00	0x5A
SPI [1]	result	4.20441633	0.00000512	0x08	0xC3
SPI [1]	result	4.20442161	0.00000512	0x00	0x3C
SPI [1]	result	4.20442689	0.00000512	0x88	0xA5
SPI [1]	result	4.20443217	0.00000512	0x32	0x5A
SPI [1]	result	4.24316454	0.00000512	0x00	0xC3
SPI [1]	result	4.24316982	0.00000512	0x00	0x3C
SPI [1]	result	4.24317510	0.00000512	0x08	0xA5
SPI [1]	result	4.24318038	0.00000512	0x20	0x5A
SPI [1]	result	4.24361835	0.00000512	0x0F	0xC3
SPI [1]	result	4.24362363	0.00000512	0x10	0x3C
SPI [1]	result	4.24362891	0.00000512	0x80	0xA5
SPI [1]	result	4.24363419	0.00000512	0x1A	0x5A
SPI [1]	result	4.24402729	0.00000512	0x00	0xC3
SPI [1]	result	4.24403257	0.00000512	0x00	0x3C
SPI [1]	result	4.24403785	0.00000512	0x00	0xA5
SPI [1]	result	4.24404313	0.00000512	0x00	0x5A
SPI [1]	result	4.24443523	0.00000512	0x08	0xC3
SPI [1]	result	4.24444051	0.00000512	0x00	0x3C
SPI [1]	result	4.24444579	0.00000512	0x88	0xA5
SPI [1]	result	4.24445107	0.00000512	0x32	0x5A
SPI [1]	result	4.28316612	0.00000512	0x00	0xC3
SPI [1]	result	4.28317140	0.00000512	0x00	0x3C
SPI [1]	result	4.28317668	0.00000512	0x08	0xA5
SPI [1]	result	4.28318196	0.00000512	0x20	0x5A
SPI [1]	result	4.28361964	0.00000512	0x08	0xC3
SPI [1]	result	4.28362492	0.00000512	0x10	0x3C
SPI [1]	result	4.28363020	0.00000512	0x80	0xA5
SPI [1]	result	4.28363548	0.00000512	0x22	0x5A
SPI [1]	result	4.28402880	0.00000512	0x00	0xC3
SPI [1]	result	4.28403408	0.00000512	0x00	0x3C
SPI [1]	result	4.28403936	0.00000512	0x09	0xA5
SPI [1]	result	4.28404464	0.00000512	0xA6	0x5A
SPI [1]	result	4.28443674	0.00000512	0x09	0xC3
SPI [1]	result	4.28444202	0.00000512	0x00	0x3C
SPI [1]	result	4.28444730	0.00000512	0x88	0xA5
SPI [1]	result	4.28445258	0.00000512	0x3A	0x5A
SPI [1]	result	4.28484477	0.00000512	0x00	0xC3
SPI [1]	result	4.28485005	0.00000512	0x00	0x3C
SPI [1]	result	4.28485533	0.00000512	0x00	0xA5
SPI [1]	result	4.28486061	0.00000512	0x00	0x5A
SPI [1]	result	4.28525996	0.00000512	0x08	0xC3
SPI [1]	result	4.28526524	0.00000512	0x00	0x3C
SPI [1]	result	4.28527052	0.00000512	0x89	0xA5
SPI [1]	result	4.28527580	0.00000512	0xB8	0x5A
SPI [1]	result	4.32316503	0.00000512	0x00	0xC3
SPI [1]	result	4.32317031	0.00000512	0x00	0x3C
SPI [1]	result	4.32317559	0.00000512	0x08	0xA5
SPI [1]	result	4.32318087	0.00000512	0x20	0x5A
SPI [1]	result	4.32362129	0.00000512	0x0A	0xC3
SPI [1]	result	4.32362657	0.00000512	0x10	0x3C
SPI [1]	result	4.32363185	0.00000512	0x80	0xA5
SPI [1]	result	4.32363713	0.00000512	0x32	0x5A
SPI [1]	result	4.32403310	0.00000512	0x00	0xC3
SPI [1]	result	4.32403838	0.00000512	0x00	0x3C
SPI [1]	result	4.32404366	0.00000512	0x00	0xA5
SPI [1]	result	4.32404894	0.00000512	0x00	0x5A
SPI [1]	result	4.32444185	0.00000512	0x08	0xC3
SPI [1]	result	4.32444713	0.00000512	0x00	0x3C
SPI [1]	result	4.32445241	0.00000512	0x88	0xA5
SPI [1]	result	4.32445769	0.00000512	0x32	0x5A
SPI [1]	result	4.36316451	0.00000512	0x00	0xC3
SPI [1]	result	4.36316979	0.00000512	0x00	0x3C
SPI [1]	result	4.36317507	0.00000512	0x08	0xA5
SPI [1]	result	4.36318035	0.00000512	0x20	0x5A
SPI [1]	result	4.36361624	0.00000512	0x0B	0xC3
SPI [1]	result	4.36362152	0.00000512	0x10	0x3C
SPI [1]	result	4.36362680	0.00000512	0x80	0xA5
SPI [1]	result	4.36363208	0.00000512	0x3A	0x5A
SPI [1]	result	4.36402620	0.00000512	0x00	0xC3
SPI [1]	result	4.36403148	0.00000512	0x00	0x3C
SPI [1]	result	4.36403676	0.00000512	0x00	0xA5
SPI [1]	result	4.36404204	0.00000512	0x00	0x5A
SPI [1]	result	4.36443184	0.00000512	0x08	0xC3
SPI [1]	result	4.36443712	0.00000512	0x00	0x3C
SPI [1]	result	4.36444240	0.00000512	0x88	0xA5
SPI [1]	result	4.36444768	0.00000512	0x32	0x5A
SPI [1]	result	4.40318029	0.00000512	0x00	0xC3
SPI [1]	result	4.40318557	0.00000512	0x00	0x3C
SPI [1]	result	4.40319085	0.00000512	0x08	0xA5
SPI [1]	result	4.40319613	0.00000512	0x20	0x5A
SPI [1]	result	4.40367618	0.00000512	0x0C	0xC3
SPI [1]	result	4.40368146	0.00000512	0x10	0x3C
SPI [1]	result	4.40368674	0.00000512	0x80	0xA5
SPI [1]	result	4.40369202	0.00000512	0x02	0x5A
SPI [1]	result	4.40408841	0.00000512	0x00	0xC3
SPI [1]	result	4.40409369	0.00000512	0x00	0x3C
SPI [1]	result	4.40409897	0.00000512	0x09	0xA5
SPI [1]	result	4.40410425	0.00000512	0xA6	0x5A
SPI [1]	result	4.40449794	0.00000512	0x0D	0xC3
SPI [1]	result	4.40450322	0.00000512	0x00	0x3C
SPI [1]	result	4.40450850	0.00000512	0x88	0xA5
SPI [1]	result	4.40451378	0.00000512	0x1A	0x5A
SPI [1]	result	4.40490684	0.00000512	0x00	0xC3
SPI [1]	result	4.40491212	0.00000512	0x00	0x3C
SPI [1]	result	4.40491740	0.00000512	0x00	0xA5
SPI [1]	result	4.40492268	0.00000512	0x00	0x5A
SPI [1]	result	4.40531458	0.00000512	0x08	0xC3
SPI [1]	result	4.40531986	0.00000512	0x00	0x3C
SPI [1]	result	4.40532514	0.00000512	0x89	0xA5
SPI [1]	result	4.40533042	0.00000512	0xB8	0x5A
SPI [1]	result	4.44317878	0.00000512	0x00	0xC3
SPI [1]	result	4.44318406	0.00000512	0x00	0x3C
SPI [1]	result	4.44318934	0.00000512	0x08	0xA5
SPI [1]	result	4.44319462	0.00000512	0x20	0x5A
SPI [1]	result	4.44366666	0.00000512	0x0E	0xC3
SPI [1]	result	4.44367194	0.00000512	0x10	0x3C
SPI [1]	result	4.44367722	0.00000512	0x80	0xA5
SPI [1]	result	4.44368250	0.00000512	0x12	0x5A
SPI [1]	result	4.44407505	0.00000512	0x00	0xC3
SPI [1]	result	4.44408033	0.00000512	0x00	0x3C
SPI [1]	result	4.44408561	0.00000512	0x00	0xA5
SPI [1]	result	4.44409089	0.00000512	0x00	0x5A
SPI [1]	result	4.44448208	0.00000512	0x08	0xC3
SPI [1]	result	4.44448736	0.00000512	0x00	0x3C
SPI [1]	result	4.44449264	0.00000512	0x88	0xA5
SPI [1]	result	4.44449792	0.00000512	0x32	0x5A
SPI [1]	result	4.48316399	0.00000512	0x00	0xC3
SPI [1]	result	4.48316927	0.00000512	0x00	0x3C
SPI [1]	result	4.48317455	0.00000512	0x08	0xA5
SPI [1]	result	4.48317983	0.00000512	0x20	0x5A
SPI [1]	result	4.48361626	0.00000512	0x0F	0xC3
SPI [1]	result	4.48362154	0.00000512	0x10	0x3C
SPI [1]	result	4.48362682	0.00000512	0x80	0xA5
SPI [1]	result	4.48363210	0.00000512	0x1A	0x5A
SPI [1]	result	4.48402499	0.00000512	0x00	0xC3
SPI [1]	result	4.48403027	0.00000512	0x00	0x3C
SPI [1]	result	4.48403555	0.00000512	0x00	0xA5
SPI [1]	result	4.48404083	0.00000512	0x00	0x5A
SPI [1]	result	4.48443295	0.00000512	0x08	0xC3
SPI [1]	result	4.48443823	0.00000512	0x00	0x3C
SPI [1]	result	4.48444351	0.00000512	0x88	0xA5
SPI [1]	result	4.48444879	0.00000512	0x32	0x5A
SPI [1]	result	4.52316647	0.00000512	0x00	0xC3
SPI [1]	result	4.52317175	0.00000512	0x00	0x3C
SPI [1]	result	4.52317703	0.00000512	0x08	0xA5
SPI [1]	result	4.52318231	0.00000512	0x20	0x5A
SPI [1]	result	4.52367190	0.00000512	0x08	0xC3
SPI [1]	result	4.52367718	0.00000512	0x10	0x3C
SPI [1]	result	4.52368246	0.00000512	0x80	0xA5
SPI [1]	result	4.52368774	0.00000512	0x22	0x5A
SPI [1]	result	4.52408720	0.00000512	0x00	0xC3
SPI [1]	result	4.52409248	0.00000512	0x00	0x3C
SPI [1]	result	4.52409776	0.00000512	0x09	0xA5
SPI [1]	result	4.52410304	0.00000512	0xA6	0x5A
SPI [1]	result	4.52449522	0.00000512	0x09	0xC3
SPI [1]	result	4.52450050	0.00000512	0x00	0x3C
SPI [1]	result	4.52450578	0.00000512	0x88	0xA5
SPI [1]	result	4.52451106	0.00000512	0x3A	0x5A
SPI [1]	result	4.52490245	0.00000512	0x00	0xC3
SPI [1]	result	4.52490773	0.00000512	0x00	0x3C
SPI [1]	result	4.52491301	0.00000512	0x00	0xA5
SPI [1]	result	4.52491829	0.00000512	0x00	0x5A
SPI [1]	result	4.52543623	0.00000512	0x08	0xC3
SPI [1]	result	4.52544151	0.00000512	0x00	0x3C
SPI [1]	result	4.52544679	0.00000512	0x89	0xA5
SPI [1]	result	4.52545207	0.00000512	0xB8	0x5A
SPI [1]	result	4.56316455	0.00000512	0x00	0xC3
SPI [1]	result	4.56316983	0.00000512	0x00	0x3C
SPI [1]	result	4.56317511	0.00000512	0x08	0xA5
SPI [1]	result	4.56318039	0.00000512	0x20	0x5A
SPI [1]	result	4.56361969	0.00000512	0x0A	0xC3
SPI [1]	result	4.56362497	0.00000512	0x10	0x3C
SPI [1]	result	4.56363025	0.00000512	0x80	0xA5
SPI [1]	result	4.56363553	0.00000512	0x32	0x5A
SPI [1]	result	4.56402791	0.00000512	0x00	0xC3
SPI [1]	result	4.56403319	0.00000512	0x00	0x3C
SPI [1]	result	4.56403847	0.00000512	0x00	0xA5
SPI [1]	result	4.56404375	0.00000512	0x00	0x5A
SPI [1]	result	4.56443574	0.00000512	0x08	0xC3
SPI [1]	result	4.56444102	0.00000512	0x00	0x3C
SPI [1]	result	4.56444630	0.00000512	0x88	0xA5
SPI [1]	result	4.56445158	0.00000512	0x32	0x5A
SPI [1]	result	4.60317737	0.00000512	0x00	0xC3
SPI [1]	result	4.60318265	0.00000512	0x00	0x3C
SPI [1]	result	4.60318793	0.00000512	0x08	0xA5
SPI [1]	result	4.60319321	0.00000512	0x20	0x5A
SPI [1]	result	4.60366985	0.00000512	0x0B	0xC3
SPI [1]	result	4.60367513	0.00000512	0x10	0x3C
SPI [1]	result	4.60368041	0.00000512	0x80	0xA5
SPI [1]	result	4.60368569	0.00000512	0x3A	0x5A
SPI [1]	result	4.60408042	0.00000512	0x00	0xC3
SPI [1]	result	4.60408570	0.00000512	0x00	0x3C
SPI [1]	result	4.60409098	0.00000512	0x00	0xA5
SPI [1]	result	4.60409626	0.00000512	0x00	0x5A
SPI [1]	result	4.60448836	0.00000512	0x08	0xC3
SPI [1]	result	4.60449364	0.00000512	0x00	0x3C
SPI [1]	result	4.60449892	0.00000512	0x88	0xA5
SPI [1]	result	4.60450420	0.00000512	0x32	0x5A
SPI [1]	result	4.64317932	0.00000512	0x00	0xC3
SPI [1]	result	4.64318460	0.00000512	0x00	0x3C
SPI [1]	result	4.64318988	0.00000512	0x08	0xA5
SPI [1]	result	4.64319516	0.00000512	0x20	0x5A
SPI [1]	result	4.64366576	0.00000512	0x0C	0xC3
SPI [1]	result	4.64367104	0.00000512	0x10	0x3C
SPI [1]	result	4.64367632	0.00000512	0x80	0xA5
SPI [1]	result	4.64368160	0.00000512	0x02	0x5A
SPI [1]	result	4.64407455	0.00000512	0x00	0xC3
SPI [1]	result	4.64407983	0.00000512	0x00	0x3C
SPI [1]	result	4.64408511	0.00000512	0x09	0xA5
SPI [1]	result	4.64409039	0.00000512	0xA6	0x5A
SPI [1]	result	4.64448556	0.00000512	0x0D	0xC3
SPI [1]	result	4.64449084	0.00000512	0x00	0x3C
SPI [1]	result	4.64449612	0.00000512	0x88	0xA5
SPI [1]	result	4.64450140	0.00000512	0x1A	0x5A
SPI [1]	result	4.64489415	0.00000512	0x00	0xC3
SPI [1]	result	4.64489943	0.00000512	0x00	0x3C
SPI [1]	result	4.64490471	0.00000512	0x00	0xA5
SPI [1]	result	4.64490999	0.00000512	0x00	0x5A
SPI [1]	result	4.64530135	0.00000512	0x08	0xC3
SPI [1]	result	4.64530663	0.00000512	0x00	0x3C
SPI [1]	result	4.64531191	0.00000512	0x89	0xA5
SPI [1]	result	4.64531719	0.00000512	0xB8	0x5A
SPI [1]	result	4.68316493	0.00000512	0x00	0xC3
SPI [1]	result	4.68317021	0.00000512	0x00	0x3C
SPI [1]	result	4.68317549	0.00000512	0x08	0xA5
SPI [1]	result	4.68318077	0.00000512	0x20	0x5A
SPI [1]	result	4.68361684	0.00000512	0x0E	0xC3
SPI [1]	result	4.68362212	0.00000512	0x10	0x3C
SPI [1]	result	4.68362740	0.00000512	0x80	0xA5
SPI [1]	result	4.68363268	0.00000512	0x12	0x5A
SPI [1]	result	4.68402565	0.00000512	0x00	0xC3
SPI [1]	result	4.68403093	0.00000512	0x00	0x3C
SPI [1]	result	4.68403621	0.00000512	0x00	0xA5
SPI [1]	result	4.68404149	0.00000512	0x00	0x5A
SPI [1]	result	4.68443292	0.00000512	0x08	0xC3
SPI [1]	result	4.68443820	0.00000512	0x00	0x3C
SPI [1]	result	4.68444348	0.00000512	0x88	0xA5
SPI [1]	result	4.68444876	0.00000512	0x32	0x5A
SPI [1]	result	4.72318700	0.00000512	0x00	0xC3
SPI [1]	result	4.72319228	0.00000512	0x00	0x3C
SPI [1]	result	4.72319756	0.00000512	0x08	0xA5
SPI [1]	result	4.72320284	0.00000512	0x20	0x5A
SPI [1]	result	4.72370768	0.00000512	0x0F	0xC3
SPI [1]	result	4.72371296	0.00000512	0x10	0x3C
SPI [1]	result	4.72371824	0.00000512	0x80	0xA5
SPI [1]	result	4.72372352	0.00000512	0x1A	0x5A
SPI [1]	result	4.72415247	0.00000512	0x00	0xC3
SPI [1]	result	4.72415775	0.00000512	0x00	0x3C
SPI [1]	result	4.72416303	0.00000512	0x00	0xA5
SPI [1]	result	4.72416831	0.00000512	0x00	0x5A
SPI [1]	result	4.72457752	0.00000512	0x08	0xC3
SPI [1]	result	4.72458280	0.00000512	0x00	0x3C
SPI [1]	result	4.72458808	0.00000512	0x88	0xA5
SPI [1]	result	4.72459336	0.00000512	0x32	0x5A
SPI [1]	result	4.76316628	0.00000512	0x00	0xC3
SPI [1]	result	4.76317156	0.00000512	0x00	0x3C
SPI [1]	result	4.76317684	0.00000512	0x08	0xA5
SPI [1]	result	4.76318212	0.00000512	0x20	0x5A
SPI [1]	result	4.76361818	0.00000512	0x08	0xC3
SPI [1]	result	4.76362346	0.00000512	0x10	0x3C
SPI [1]	result	4.76362874	0.00000512	0x80	0xA5
SPI [1]	result	4.76363402	0.00000512	0x22	0x5A
SPI [1]	result	4.76402786	0.00000512	0x00	0xC3
SPI [1]	result	4.76403314	0.00000512	0x00	0x3C
SPI [1]	result	4.76403842	0.00000512	0x09	0xA5
SPI [1]	result	4.76404370	0.00000512	0xA6	0x5A
SPI [1]	result	4.76443622	0.00000512	0x09	0xC3
SPI [1]	result	4.76444150	0.00000512	0x00	0x3C
SPI [1]	result	4.76444678	0.00000512	0x88	0xA5
SPI [1]	result	4.76445206	0.00000512	0x3A	0x5A
SPI [1]	result	4.76484425	0.00000512	0x00	0xC3
SPI [1]	result	4.76484953	0.00000512	0x00	0x3C
SPI [1]	result	4.76485481	0.00000512	0x00	0xA5
SPI [1]	result	4.76486009	0.00000512	0x00	0x5A
SPI [1]	result	4.76558783	0.00000512	0x08	0xC3
SPI [1]	result	4.76559311	0.00000512	0x00	0x3C
SPI [1]	result	4.76559839	0.00000512	0x89	0xA5
SPI [1]	result	4.76560367	0.00000512	0xB8	0x5A
SPI [1]	result	4.80318065	0.00000512	0x00	0xC3
SPI [1]	result	4.80318593	0.00000512	0x00	0x3C
SPI [1]	result	4.80319121	0.00000512	0x08	0xA5
SPI [1]	result	4.80319649	0.00000512	0x20	0x5A
SPI [1]	result	4.80369106	0.00000512	0x0A	0xC3
SPI [1]	result	4.80369634	0.00000512	0x10	0x3C
SPI [1]	result	4.80370162	0.00000512	0x80	0xA5
SPI [1]	result	4.80370690	0.00000512	0x32	0x5A
SPI [1]	result	4.80412096	0.00000512	0x00	0xC3
SPI [1]	result	4.80412624	0.00000512	0x00	0x3C
SPI [1]	result	4.80413152	0.00000512	0x00	0xA5
SPI [1]	result	4.80413680	0.00000512	0x00	0x5A
SPI [1]	result	4.80590392	0.00000512	0x08	0xC3
SPI [1]	result	4.80590920	0.00000512	0x00	0x3C
SPI [1]	result	4.80591448	0.00000512	0x88	0xA5
SPI [1]	result	4.80591976	0.00000512	0x32	0x5A
SPI [1]	result	4.84317406	0.00000512	0x00	0xC3
SPI [1]	result	4.84317934	0.00000512	0x00	0x3C
SPI [1]	result	4.84318462	0.00000512	0x08	0xA5
SPI [1]	result	4.84318990	0.00000512	0x20	0x5A
SPI [1]	result	4.84365671	0.00000512	0x0B	0xC3
SPI [1]	result	4.84366199	0.00000512	0x10	0x3C
SPI [1]	result	4.84366727	0.00000512	0x80	0xA5
SPI [1]	result	4.84367255	0.00000512	0x3A	0x5A
SPI [1]	result	4.84406706	0.00000512	0x00	0xC3
SPI [1]	result	4.84407234	0.00000512	0x00	0x3C
SPI [1]	result	4.84407762	0.00000512	0x00	0xA5
SPI [1]	result	4.84408290	0.00000512	0x00	0x5A
SPI [1]	result	4.84447707	0.00000512	0x08	0xC3
SPI [1]	result	4.84448235	0.00000512	0x00	0x3C
SPI [1]	result	4.84448763	0.00000512	0x88	0xA5
SPI [1]	result	4.84449291	0.00000512	0x32	0x5A
SPI [1]	result	4.88316694	0.00000512	0x00	0xC3
SPI [1]	result	4.88317222	0.00000512	0x00	0x3C
SPI [1]	result	4.88317750	0.00000512	0x08	0xA5
SPI [1]	result	4.88318278	0.00000512	0x20	0x5A
SPI [1]	result	4.88361225	0.00000512	0x0C	0xC3
SPI [1]	result	4.88361753	0.00000512	0x10	0x3C
SPI [1]	result	4.88362281	0.00000512	0x80	0xA5
SPI [1]	result	4.88362809	0.00000512	0x02	0x5A
SPI [1]	result	4.88407078	0.00000512	0x00	0xC3
SPI [1]	result	4.88407606	0.00000512	0x00	0x3C
SPI [1]	result	4.88408134	0.00000512	0x09	0xA5
SPI [1]	result	4.88408662	0.00000512	0xA6	0x5A
SPI [1]	result	4.88449487	0.00000512	0x0D	0xC3
SPI [1]	result	4.88450015	0.00000512	0x00	0x3C
SPI [1]	result	4.88450543	0.00000512	0x88	0xA5
SPI [1]	result	4.88451071	0.00000512	0x1A	0x5A
SPI [1]	result	4.88490375	0.00000512	0x00	0xC3
SPI [1]	result	4.88490903	0.00000512	0x00	0x3C
SPI [1]	result	4.88491431	0.00000512	0x00	0xA5
SPI [1]	result	4.88491959	0.00000512	0x00	0x5A
SPI [1]	result	4.88531778	0.00000512	0x08	0xC3
SPI [1]	result	4.88532306	0.00000512	0x00	0x3C
SPI [1]	result	4.88532834	0.00000512	0x89	0xA5
SPI [1]	result	4.88533362	0.00000512	0xB8	0x5A
SPI [1]	result	4.92317752	0.00000512	0x00	0xC3
SPI [1]	result	4.92318280	0.00000512	0x00	0x3C
SPI [1]	result	4.92318808	0.00000512	0x08	0xA5
SPI [1]	result	4.92319336	0.00000512	0x20	0x5A
SPI [1]	result	4.92372400	0.00000512	0x0E	0xC3
SPI [1]	result	4.92372928	0.00000512	0x10	0x3C
SPI [1]	result	4.92373456	0.00000512	0x80	0xA5
SPI [1]	result	4.92373984	0.00000512	0x12	0x5A
SPI [1]	result	4.92413971	0.00000512	0x00	0xC3
SPI [1]	result	4.92414499	0.00000512	0x00	0x3C
SPI [1]	result	4.92415027	0.00000512	0x00	0xA5
SPI [1]	result	4.92415555	0.00000512	0x00	0x5A
SPI [1]	result	4.92454949	0.00000512	0x08	0xC3
SPI [1]	result	4.92455477	0.00000512	0x00	0x3C
SPI [1]	result	4.92456005	0.00000512	0x88	0xA5
SPI [1]	result	4.92456533	0.00000512	0x32	0x5A
SPI [1]	result	4.96316487	0.00000512	0x00	0xC3
SPI [1]	result	4.96317015	0.00000512	0x00	0x3C
SPI [1]	result	4.96317543	0.00000512	0x08	0xA5
SPI [1]	result	4.96318071	0.00000512	0x20	0x5A
SPI [1]	result	4.96361691	0.00000512	0x0F	0xC3
SPI [1]	result	4.96362219	0.00000512	0x10	0x3C
SPI [1]	result	4.96362747	0.00000512	0x80	0xA5
SPI [1]	result	4.96363275	0.00000512	0x1A	0x5A
SPI [1]	result	4.96402783	0.00000512	0x00	0xC3
SPI [1]	result	4.96403311	0.00000512	0x00	0x3C
SPI [1]	result	4.96403839	0.00000512	0x00	0xA5
SPI [1]	result	4.96404367	0.00000512	0x00	0x5A
SPI [1]	result	4.96443738	0.00000512	0x08	0xC3
SPI [1]	result	4.96444266	0.00000512	0x00	0x3C
SPI [1]	result	4.96444794	0.00000512	0x88	0xA5
SPI [1]	result	4.96445322	0.00000512	0x32	0x5A
SPI [1]	result	5.00318410	0.00000512	0x00	0xC3
SPI [1]	result	5.00318938	0.00000512	0x00	0x3C
SPI [1]	result	5.00319466	0.00000512	0x08	0xA5
SPI [1]	result	5.00319994	0.00000512	0x20	0x5A
SPI [1]	result	5.00368567	0.00000512	0x08	0xC3
SPI [1]	result	5.00369095	0.00000512	0x10	0x3C
SPI [1]	result	5.00369623	0.00000512	0x80	0xA5
SPI [1]	result	5.00370151	0.00000512	0x22	0x5A
SPI [1]	result	5.00411196	0.00000512	0x00	0xC3
SPI [1]	result	5.00411724	0.00000512	0x00	0x3C
SPI [1]	result	5.00412252	0.00000512	0x09	0xA5
SPI [1]	result	5.00412780	0.00000512	0xA6	0x5A
SPI [1]	result	5.00453031	0.00000512	0x09	0xC3
SPI [1]	result	5.00453559	0.00000512	0x00	0x3C
SPI [1]	result	5.00454087	0.00000512	0x88	0xA5
SPI [1]	result	5.00454615	0.00000512	0x3A	0x5A
SPI [1]	result	5.00495849	0.00000512	0x00	0xC3
SPI [1]	result	5.00496377	0.00000512	0x00	0x3C
SPI [1]	result	5.00496905	0.00000512	0x00	0xA5
SPI [1]	result	5.00497433	0.00000512	0x00	0x5A
SPI [1]	result	5.00539660	0.00000512	0x08	0xC3
SPI [1]	result	5.00540188	0.00000512	0x00	0x3C
SPI [1]	result	5.00540716	0.00000512	0x89	0xA5
SPI [1]	result	5.00541244	0.00000512	0xB8	0x5A
SPI [1]	result	5.04316490	0.00000512	0x00	0xC3
SPI [1]	result	5.04317018	0.00000512	0x00	0x3C
SPI [1]	result	5.04317546	0.00000512	0x08	0xA5
SPI [1]	result	5.04318074	0.00000512	0x20	0x5A
SPI [1]	result	5.04361877	0.00000512	0x0A	0xC3
SPI [1]	result	5.04362405	0.00000512	0x10	0x3C
SPI [1]	result	5.04362933	0.00000512	0x80	0xA5
SPI [1]	result	5.04363461	0.00000512	0x32	0x5A
SPI [1]	result	5.04402832	0.00000512	0x00	0xC3
SPI [1]	result	5.04403360	0.00000512	0x00	0x3C
SPI [1]	result	5.04403888	0.00000512	0x00	0xA5
SPI [1]	result	5.04404416	0.00000512	0x00	0x5A
SPI [1]	result	5.04443670	0.00000512	0x08	0xC3
SPI [1]	result	5.04444198	0.00000512	0x00	0x3C
SPI [1]	result	5.04444726	0.00000512	0x88	0xA5
SPI [1]	result	5.04445254	0.00000512	0x32	0x5A
SPI [1]	result	5.08316870	0.00000512	0x00	0xC3
SPI [1]	result	5.08317398	0.00000512	0x00	0x3C
SPI [1]	result	5.08317926	0.00000512	0x08	0xA5
SPI [1]	result	5.08318454	0.00000512	0x20	0x5A
SPI [1]	result	5.08363203	0.00000512	0x0B	0xC3
SPI [1]	result	5.08363731	0.00000512	0x10	0x3C
SPI [1]	result	5.08364259	0.00000512	0x80	0xA5
SPI [1]	result	5.08364787	0.00000512	0x3A	0x5A
SPI [1]	result	5.08405056	0.00000512	0x00	0xC3
SPI [1]	result	5.08405584	0.00000512	0x00	0x3C
SPI [1]	result	5.08406112	0.00000512	0x00	0xA5
SPI [1]	result	5.08406640	0.00000512	0x00	0x5A
SPI [1]	result	5.08446724	0.00000512	0x08	0xC3
SPI [1]	result	5.08447252	0.00000512	0x00	0x3C
SPI [1]	result	5.08447780	0.00000512	0x88	0xA5
SPI [1]	result	5.08448308	0.00000512	0x32	0x5A
SPI [1]	result	5.12317093	0.00000512	0x00	0xC3
SPI [1]	result	5.12317621	0.00000512	0x00	0x3C
SPI [1]	result	5.12318149	0.00000512	0x08	0xA5
SPI [1]	result	5.12318677	0.00000512	0x20	0x5A
SPI [1]	result	5.12377236	0.00000512	0x0C	0xC3
SPI [1]	result	5.12377764	0.00000512	0x10	0x3C
SPI [1]	result	5.12378292	0.00000512	0x80	0xA5
SPI [1]	result	5.12378820	0.00000512	0x02	0x5A
SPI [1]	result	5.12424061	0.00000512	0x00	0xC3
SPI [1]	result	5.12424589	0.00000512	0x00	0x3C
SPI [1]	result	5.12425117	0.00000512	0x09	0xA5
SPI [1]	result	5.12425645	0.00000512	0xA6	0x5A
SPI [1]	result	5.12467879	0.00000512	0x0D	0xC3
SPI [1]	result	5.12468407	0.00000512	0x00	0x3C
SPI [1]	result	5.12468935	0.00000512	0x88	0xA5
SPI [1]	result	5.12469463	0.00000512	0x1A	0x5A
SPI [1]	result	5.12509879	0.00000512	0x00	0xC3
SPI [1]	result	5.12510407	0.00000512	0x00	0x3C
SPI [1]	result	5.12510935	0.00000512	0x00	0xA5
SPI [1]	result	5.12511463	0.00000512	0x00	0x5A
SPI [1]	result	5.12551545	0.00000512	0x08	0xC3
SPI [1]	result	5.12552073	0.00000512	0x00	0x3C
SPI [1]	result	5.12552601	0.00000512	0x89	0xA5
SPI [1]	result	5.12553129	0.00000512	0xB8	0x5A
SPI [1]	result	5.16316829	0.00000512	0x00	0xC3
SPI [1]	result	5.16317357	0.00000512	0x00	0x3C
SPI [1]	result	5.16317885	0.00000512	0x08	0xA5
SPI [1]	result	5.16318413	0.00000512	0x20	0x5A
SPI [1]	result	5.16365904	0.00000512	0x0E	0xC3
SPI [1]	result	5.16366432	0.00000512	0x10	0x3C
SPI [1]	result	5.16366960	0.00000512	0x80	0xA5
SPI [1]	result	5.16367488	0.00000512	0x12	0x5A
SPI [1]	result	5.16408020	0.00000512	0x00	0xC3
SPI [1]	result	5.16408548	0.00000512	0x00	0x3C
SPI [1]	result	5.16409076	0.00000512	0x00	0xA5
SPI [1]	result	5.16409604	0.00000512	0x00	0x5A
SPI [1]	result	5.16450044	0.00000512	0x08	0xC3
SPI [1]	result	5.16450572	0.00000512	0x00	0x3C
SPI [1]	result	5.16451100	0.00000512	0x88	0xA5
SPI [1]	result	5.16451628	0.00000512	0x32	0x5A
SPI [1]	result	5.20316851	0.00000512	0x00	0xC3
SPI [1]	result	5.20317379	0.00000512	0x00	0x3C
SPI [1]	result	5.20317907	0.00000512	0x08	0xA5
SPI [1]	result	5.20318435	0.00000512	0x20	0x5A
SPI [1]	result	5.20362949	0.00000512	0x0F	0xC3
SPI [1]	result	5.20363477	0.00000512	0x10	0x3C
SPI [1]	result	5.20364005	0.00000512	0x80	0xA5
SPI [1]	result	5.20364533	0.00000512	0x1A	0x5A
SPI [1]	result	5.20404711	0.00000512	0x00	0xC3
SPI [1]	result	5.20405239	0.00000512	0x00	0x3C
SPI [1]	result	5.20405767	0.00000512	0x00	0xA5
SPI [1]	result	5.20406295	0.00000512	0x00	0x5A
SPI [1]	result	5.20446316	0.00000512	0x08	0xC3
SPI [1]	result	5.20446844	0.00000512	0x00	0x3C
SPI [1]	result	5.20447372	0.00000512	0x88	0xA5
SPI [1]	result	5.20447900	0.00000512	0x32	0x5A
SPI [1]	result	5.24317159	0.00000512	0x00	0xC3
SPI [1]	result	5.24317687	0.00000512	0x00	0x3C
SPI [1]	result	5.24318215	0.00000512	0x08	0xA5
SPI [1]	result	5.24318743	0.00000512	0x20	0x5A
SPI [1]	result	5.24489613	0.00000512	0x08	0xC3
SPI [1]	result	5.24490141	0.00000512	0x10	0x3C
SPI [1]	result	5.24490669	0.00000512	0x80	0xA5
SPI [1]	result	5.24491197	0.00000512	0x22	0x5A
SPI [1]	result	5.24534692	0.00000512	0x00	0xC3
SPI [1]	result	5.24535220	0.00000512	0x00	0x3C
SPI [1]	result	5.24535748	0.00000512	0x09	0xA5
SPI [1]	result	5.24536276	0.00000512	0xA6	0x5A
SPI [1]	result	5.24576852	0.00000512	0x09	0xC3
SPI [1]	result	5.24577380	0.00000512	0x00	0x3C
SPI [1]	result	5.24577908	0.00000512	0x88	0xA5
SPI [1]	result	5.24578436	0.00000512	0x3A	0x5A
SPI [1]	result	5.24651679	0.00000512	0x00	0xC3
SPI [1]	result	5.24652207	0.00000512	0x00	0x3C
SPI [1]	result	5.24652735	0.00000512	0x00	0xA5
SPI [1]	result	5.24653263	0.00000512	0x00	0x5A
SPI [1]	result	5.24720573	0.00000512	0x08	0xC3
SPI [1]	result	5.24721101	0.00000512	0x00	0x3C
SPI [1]	result	5.24721629	0.00000512	0x89	0xA5
SPI [1]	result	5.24722157	0.00000512	0xB8	0x5A
SPI [1]	result	5.28316752	0.00000512	0x00	0xC3
SPI [1]	result	5.28317280	0.00000512	0x00	0x3C
SPI [1]	result	5.28317808	0.00000512	0x08	0xA5
SPI [1]	result	5.28318336	0.00000512	0x20	0x5A
SPI [1]	result	5.28363428	0.00000512	0x0A	0xC3
SPI [1]	result	5.28363956	0.00000512	0x10	0x3C
SPI [1]	result	5.28364484	0.00000512	0x80	0xA5
SPI [1]	result	5.28365012	0.00000512	0x32	0x5A
SPI [1]	result	5.28405207	0.00000512	0x00	0xC3
SPI [1]	result	5.28405735	0.00000512	0x00	0x3C
SPI [1]	result	5.28406263	0.00000512	0x00	0xA5
SPI [1]	result	5.28406791	0.00000512	0x00	0x5A
SPI [1]	result	5.28446689	0.00000512	0x08	0xC3
SPI [1]	result	5.28447217	0.00000512	0x00	0x3C
SPI [1]	result	5.28447745	0.00000512	0x88	0xA5
SPI [1]	result	5.28448273	0.00000512	0x32	0x5A
SPI [1]	result	5.32318730	0.00000512	0x00	0xC3
SPI [1]	result	5.32319258	0.00000512	0x00	0x3C
SPI [1]	result	5.32319786	0.00000512	0x08	0xA5
SPI [1]	result	5.32320314	0.00000512	0x20	0x5A
SPI [1]	result	5.32369286	0.00000512	0x0B	0xC3
SPI [1]	result	5.32369814	0.00000512	0x10	0x3C
SPI [1]	result	5.32370342	0.00000512	0x80	0xA5
SPI [1]	result	5.32370870	0.00000512	0x3A	0x5A
SPI [1]	result	5.32411672	0.00000512	0x00	0xC3
SPI [1]	result	5.32412200	0.00000512	0x00	0x3C
SPI [1]	result	5.32412728	0.00000512	0x00	0xA5
SPI [1]	result	5.32413256	0.00000512	0x00	0x5A
SPI [1]	result	5.32454007	0.00000512	0x08	0xC3
SPI [1]	result	5.32454535	0.00000512	0x00	0x3C
SPI [1]	result	5.32455063	0.00000512	0x88	0xA5
SPI [1]	result	5.32455591	0.00000512	0x32	0x5A
SPI [1]	result	5.36317079	0.00000512	0x00	0xC3
SPI [1]	result	5.36317607	0.00000512	0x00	0x3C
SPI [1]	result	5.36318135	0.00000512	0x08	0xA5
SPI [1]	result	5.36318663	0.00000512	0x20	0x5A
SPI [1]	result	5.36363680	0.00000512	0x0C	0xC3
SPI [1]	result	5.36364208	0.00000512	0x10	0x3C
SPI [1]	result	5.36364736	0.00000512	0x80	0xA5
SPI [1]	result	5.36365264	0.00000512	0x02	0x5A
SPI [1]	result	5.36405356	0.00000512	0x00	0xC3
SPI [1]	result	5.36405884	0.00000512	0x00	0x3C
SPI [1]	result	5.36406412	0.00000512	0x09	0xA5
SPI [1]	result	5.36406940	0.00000512	0xA6	0x5A
SPI [1]	result	5.36446955	0.00000512	0x0D	0xC3
SPI [1]	result	5.36447483	0.00000512	0x00	0x3C
SPI [1]	result	5.36448011	0.00000512	0x88	0xA5
SPI [1]	result	5.36448539	0.00000512	0x1A	0x5A
SPI [1]	result	5.36488401	0.00000512	0x00	0xC3
SPI [1]	result	5.36488929	0.00000512	0x00	0x3C
SPI [1]	result	5.36489457	0.00000512	0x00	0xA5
SPI [1]	result	5.36489985	0.00000512	0x00	0x5A
SPI [1]	result	5.36529813	0.00000512	0x08	0xC3
SPI [1]	result	5.36530341	0.00000512	0x00	0x3C
SPI [1]	result	5.36530869	0.00000512	0x89	0xA5
SPI [1]	result	5.36531397	0.00000512	0xB8	0x5A
SPI [1]	result	5.40318648	0.00000512	0x00	0xC3
SPI [1]	result	5.40319176	0.00000512	0x00	0x3C
SPI [1]	result	5.40319704	0.00000512	0x08	0xA5
SPI [1]	result	5.40320232	0.00000512	0x20	0x5A
SPI [1]	result	5.40421051	0.00000512	0x0E	0xC3
SPI [1]	result	5.40421579	0.00000512	0x10	0x3C
SPI [1]	result	5.40422107	0.00000512	0x80	0xA5
SPI [1]	result	5.40422635	0.00000512	0x12	0x5A
SPI [1]	result	5.40471203	0.00000512	0x00	0xC3
SPI [1]	result	5.40471731	0.00000512	0x00	0x3C
SPI [1]	result	5.40472259	0.00000512	0x00	0xA5
SPI [1]	result	5.40472787	0.00000512	0x00	0x5A
SPI [1]	result	5.40517176	0.00000512	0x08	0xC3
SPI [1]	result	5.40517704	0.00000512	0x00	0x3C
SPI [1]	result	5.40518232	0.00000512	0x88	0xA5
SPI [1]	result	5.40518760	0.00000512	0x32	0x5A
SPI [1]	result	5.44316869	0.00000512	0x00	0xC3
SPI [1]	result	5.44317397	0.00000512	0x00	0x3C
SPI [1]	result	5.44317925	0.00000512	0x08	0xA5
SPI [1]	result	5.44318453	0.00000512	0x20	0x5A
SPI [1]	result	5.44366605	0.00000512	0x0F	0xC3
SPI [1]	result	5.44367133	0.00000512	0x10	0x3C
SPI [1]	result	5.44367661	0.00000512	0x80	0xA5
SPI [1]	result	5.44368189	0.00000512	0x1A	0x5A
SPI [1]	result	5.44408666	0.00000512	0x00	0xC3
SPI [1]	result	5.44409194	0.00000512	0x00	0x3C
SPI [1]	result	5.44409722	0.00000512	0x00	0xA5
SPI [1]	result	5.44410250	0.00000512	0x00	0x5A
SPI [1]	result	5.44451112	0.00000512	0x08	0xC3
SPI [1]	result	5.44451640	0.00000512	0x00	0x3C
SPI [1]	result	5.44452168	0.00000512	0x88	0xA5
SPI [1]	result	5.44452696	0.00000512	0x32	0x5A
SPI [1]	result	5.48317980	0.00000512	0x00	0xC3
SPI [1]	result	5.48318508	0.00000512	0x00	0x3C
SPI [1]	result	5.48319036	0.00000512	0x08	0xA5
SPI [1]	result	5.48319564	0.00000512	0x20	0x5A
SPI [1]	result	5.48366702	0.00000512	0x08	0xC3
SPI [1]	result	5.48367230	0.00000512	0x10	0x3C
SPI [1]	result	5.48367758	0.00000512	0x80	0xA5
SPI [1]	result	5.48368286	0.00000512	0x22	0x5A
SPI [1]	result	5.48409446	0.00000512	0x00	0xC3
SPI [1]	result	5.48409974	0.00000512	0x00	0x3C
SPI [1]	result	5.48410502	0.00000512	0x09	0xA5
SPI [1]	result	5.48411030	0.00000512	0xA6	0x5A
SPI [1]	result	5.48451179	0.00000512	0x09	0xC3
SPI [1]	result	5.48451707	0.00000512	0x00	0x3C
SPI [1]	result	5.48452235	0.00000512	0x88	0xA5
SPI [1]	result	5.48452763	0.00000512	0x3A	0x5A
SPI [1]	result	5.48492663	0.00000512	0x00	0xC3
SPI [1]	result	5.48493191	0.00000512	0x00	0x3C
SPI [1]	result	5.48493719	0.00000512	0x00	0xA5
SPI [1]	result	5.48494247	0.00000512	0x00	0x5A
SPI [1]	result	5.48551745	0.00000512	0x08	0xC3
SPI [1]	result	5.48552273	0.00000512	0x00	0x3C
SPI [1]	result	5.48552801	0.00000512	0x89	0xA5
SPI [1]	result	5.48553329	0.00000512	0xB8	0x5A
SPI [1]	result	5.52318794	0.00000512	0x00	0xC3
SPI [1]	result	5.52319322	0.00000512	0x00	0x3C
SPI [1]	result	5.52319850	0.00000512	0x08	0xA5
SPI [1]	result	5.52320378	0.00000512	0x20	0x5A
SPI [1]	result	5.52365336	0.00000512	0x0A	0xC3
SPI [1]	result	5.52365864	0.00000512	0x10	0x3C
SPI [1]	result	5.52366392	0.00000512	0x80	0xA5
SPI [1]	result	5.52366920	0.00000512	0x32	0x5A
SPI [1]	result	5.52407143	0.00000512	0x00	0xC3
SPI [1]	result	5.52407671	0.00000512	0x00	0x3C
SPI [1]	result	5.52408199	0.00000512	0x00	0xA5
SPI [1]	result	5.52408727	0.00000512	0x00	0x5A
SPI [1]	result	5.52448605	0.00000512	0x08	0xC3
SPI [1]	result	5.52449133	0.00000512	0x00	0x3C
SPI [1]	result	5.52449661	0.00000512	0x88	0xA5
SPI [1]	result	5.52450189	0.00000512	0x32	0x5A
SPI [1]	result	5.56317890	0.00000512	0x00	0xC3
SPI [1]	result	5.56318418	0.00000512	0x00	0x3C
SPI [1]	result	5.56318946	0.00000512	0x08	0xA5
SPI [1]	result	5.56319474	0.00000512	0x20	0x5A
SPI [1]	result	5.56368234	0.00000512	0x0B	0xC3
SPI [1]	result	5.56368762	0.00000512	0x10	0x3C
SPI [1]	result	5.56369290	0.00000512	0x80	0xA5
SPI [1]	result	5.56369818	0.00000512	0x3A	0x5A
SPI [1]	result	5.56410104	0.00000512	0x00	0xC3
SPI [1]	result	5.56410632	0.00000512	0x00	0x3C
SPI [1]	result	5.56411160	0.00000512	0x00	0xA5
SPI [1]	result	5.56411688	0.00000512	0x00	0x5A
SPI [1]	result	5.56452081	0.00000512	0x08	0xC3
SPI [1]	result	5.56452609	0.00000512	0x00	0x3C
SPI [1]	result	5.56453137	0.00000512	0x88	0xA5
SPI [1]	result	5.56453665	0.00000512	0x32	0x5A
SPI [1]	result	5.60316848	0.00000512	0x00	0xC3
SPI [1]	result	5.60317376	0.00000512	0x00	0x3C
SPI [1]	result	5.60317904	0.00000512	0x08	0xA5
SPI [1]	result	5.60318432	0.00000512	0x20	0x5A
SPI [1]	result	5.60361945	0.00000512	0x0C	0xC3
SPI [1]	result	5.60362473	0.00000512	0x10	0x3C
SPI [1]	result	5.60363001	0.00000512	0x80	0xA5
SPI [1]	result	5.60363529	0.00000512	0x02	0x5A
SPI [1]	result	5.60403550	0.00000512	0x00	0xC3
SPI [1]	result	5.60404078	0.00000512	0x00	0x3C
SPI [1]	result	5.60404606	0.00000512	0x09	0xA5
SPI [1]	result	5.60405134	0.00000512	0xA6	0x5A
SPI [1]	result	5.60444894	0.00000512	0x0D	0xC3
SPI [1]	result	5.60445422	0.00000512	0x00	0x3C
SPI [1]	result	5.60445950	0.00000512	0x88	0xA5
SPI [1]	result	5.60446478	0.00000512	0x1A	0x5A
SPI [1]	result	5.60486240	0.00000512	0x00	0xC3
SPI [1]	result	5.60486768	0.00000512	0x00	0x3C
SPI [1]	result	5.60487296	0.00000512	0x00	0xA5
SPI [1]	result	5.60487824	0.00000512	0x00	0x5A
SPI [1]	result	5.60533619	0.00000512	0x08	0xC3
SPI [1]	result	5.60534147	0.00000512	0x00	0x3C
SPI [1]	result	5.60534675	0.00000512	0x89	0xA5
SPI [1]	result	5.60535203	0.00000512	0xB8	0x5A
SPI [1]	result	5.64316068	0.00000512	0x00	0xC3
SPI [1]	result	5.64316596	0.00000512	0x00	0x3C
SPI [1]	result	5.64317124	0.00000512	0x08	0xA5
SPI [1]	result	5.64317652	0.00000512	0x20	0x5A
SPI [1]	result	5.64359705	0.00000512	0x0E	0xC3
SPI [1]	result	5.64360233	0.00000512	0x10	0x3C
SPI [1]	result	5.64360761	0.00000512	0x80	0xA5
SPI [1]	result	5.64361289	0.00000512	0x12	0x5A
SPI [1]	result	5.64401208	0.00000512	0x00	0xC3
SPI [1]	result	5.64401736	0.00000512	0x00	0x3C
SPI [1]	result	5.64402264	0.00000512	0x00	0xA5
SPI [1]	result	5.64402792	0.00000512	0x00	0x5A
SPI [1]	result	5.64442550	0.00000512	0x08	0xC3
SPI [1]	result	5.64443078	0.00000512	0x00	0x3C
SPI [1]	result	5.64443606	0.00000512	0x88	0xA5
SPI [1]	result	5.64444134	0.00000512	0x32	0x5A
