name	type	start_time	duration	mosi	miso
SPI [1]	result	0.00024564	0.00000512	0x00	0x00
SPI [1]	result	0.00025092	0.00000512	0x00	0x00
SPI [1]	result	0.00025620	0.00000512	0x3F	0x00
SPI [1]	result	0.00026148	0.00000512	0xC6	0x00
SPI [1]	result	0.00110635	0.00000512	0x08	0x08
SPI [1]	result	0.00111163	0.00000512	0x10	0x00
SPI [1]	result	0.00111691	0.00000512	0x80	0xBF
SPI [1]	result	0.00112219	0.00000512	0x22	0xD8
SPI [1]	result	0.00446049	0.00000512	0x00	0x00
SPI [1]	result	0.00446577	0.00000512	0x00	0x00
SPI [1]	result	0.00447105	0.00000512	0x00	0x3F
SPI [1]	result	0.00447633	0.00000512	0x00	0xC6
SPI [1]	result	0.00530531	0.00000512	0x08	0x08
SPI [1]	result	0.00531059	0.00000512	0x00	0x00
SPI [1]	result	0.00531587	0.00000512	0xBF	0x80
SPI [1]	result	0.00532115	0.00000512	0xD8	0x12
SPI [1]	result	0.00785818	0.00000512	0xB8	0x00
SPI [1]	result	0.00786346	0.00000512	0x01	0x00
SPI [1]	result	0.00786874	0.00000512	0x06	0x00
SPI [1]	result	0.00787402	0.00000512	0x26	0x00
SPI [1]	result	0.00865409	0.00000512	0x09	0x08
SPI [1]	result	0.00865937	0.00000512	0x10	0x00
SPI [1]	result	0.00866465	0.00000512	0x80	0x86
SPI [1]	result	0.00866993	0.00000512	0x2A	0x2A
SPI [1]	result	0.00923417	0.00000512	0x00	0xB8
SPI [1]	result	0.00923945	0.00000512	0x00	0x01
SPI [1]	result	0.00924473	0.00000512	0x05	0x06
SPI [1]	result	0.00925001	0.00000512	0x14	0x26
SPI [1]	result	0.01002086	0.00000512	0x0A	0x09
SPI [1]	result	0.01002614	0.00000512	0x00	0x00
SPI [1]	result	0.01003142	0.00000512	0x86	0x85
SPI [1]	result	0.01003670	0.00000512	0x3A	0x2E
SPI [1]	result	0.01060799	0.00000512	0x00	0x00
SPI [1]	result	0.01061327	0.00000512	0x00	0x00
SPI [1]	result	0.01061855	0.00000512	0x00	0x05
SPI [1]	result	0.01062383	0.00000512	0x00	0x14
SPI [1]	result	0.01116986	0.00000512	0x08	0x0A
SPI [1]	result	0.01117514	0.00000512	0x00	0x00
SPI [1]	result	0.01118042	0.00000512	0x85	0x80
SPI [1]	result	0.01118570	0.00000512	0x26	0x22
SPI [1]	result	0.01426182	0.00000512	0xFF	0x00
SPI [1]	result	0.01426710	0.00000512	0xFF	0x00
SPI [1]	result	0.01427238	0.00000512	0x00	0x4C
SPI [1]	result	0.01427766	0.00000512	0x00	0x52
SPI [1]	result	0.01428294	0.00000512	0x00	0x31
SPI [1]	result	0.01428822	0.00000512	0x00	0x30
SPI [1]	result	0.01429350	0.00000512	0x00	0x37
SPI [1]	result	0.01429878	0.00000512	0x00	0x41
SPI [1]	result	0.01430406	0.00000512	0x00	0x00
SPI [1]	result	0.01430934	0.00000512	0x00	0x00
SPI [1]	result	0.01431462	0.00000512	0x00	0x46
SPI [1]	result	0.01431990	0.00000512	0x00	0x53
SPI [1]	result	0.01432518	0.00000512	0x00	0x53
SPI [1]	result	0.01433046	0.00000512	0x00	0x47
SPI [1]	result	0.01433574	0.00000512	0x00	0x57
SPI [1]	result	0.01434102	0.00000512	0x00	0x35
SPI [1]	result	0.01434630	0.00000512	0x00	0x30
SPI [1]	result	0.01435158	0.00000512	0x00	0x37
SPI [1]	result	0.01435686	0.00000512	0x00	0x47
SPI [1]	result	0.01436214	0.00000512	0x00	0x46
SPI [1]	result	0.01436742	0.00000512	0x00	0x32
SPI [1]	result	0.01437270	0.00000512	0x00	0x35
SPI [1]	result	0.01437798	0.00000512	0x00	0x30
SPI [1]	result	0.01438326	0.00000512	0x00	0x6D
SPI [1]	result	0.01438854	0.00000512	0x00	0x6D
SPI [1]	result	0.01439382	0.00000512	0x00	0x46
SPI [1]	result	0.01439910	0.00000512	0x00	0x34
SPI [1]	result	0.01440438	0.00000512	0x00	0x20
SPI [1]	result	0.01440966	0.00000512	0x00	0x52
SPI [1]	result	0.01441494	0.00000512	0x00	0x20
SPI [1]	result	0.01442022	0.00000512	0x00	0x4C
SPI [1]	result	0.01442550	0.00000512	0x00	0x4D
SPI [1]	result	0.01443078	0.00000512	0x00	0x20
SPI [1]	result	0.01443606	0.00000512	0x00	0x4F
SPI [1]	result	0.01444134	0.00000512	0x00	0x49
SPI [1]	result	0.01444662	0.00000512	0x00	0x53
SPI [1]	result	0.01445190	0.00000512	0x00	0x20
SPI [1]	result	0.01445718	0.00000512	0x00	0x57
SPI [1]	result	0.01446246	0.00000512	0x00	0x52
SPI [1]	result	0.01446774	0.00000512	0x00	0x00
SPI [1]	result	0.01447302	0.00000512	0x00	0x00
SPI [1]	result	0.01447830	0.00000512	0x00	0x00
SPI [1]	result	0.01448358	0.00000512	0x00	0x00
SPI [1]	result	0.01448886	0.00000512	0x00	0x00
SPI [1]	result	0.01449414	0.00000512	0x00	0x00
SPI [1]	result	0.01449942	0.00000512	0x00	0x00
SPI [1]	result	0.01450470	0.00000512	0x00	0x00
SPI [1]	result	0.01450998	0.00000512	0x00	0x00
SPI [1]	result	0.01451526	0.00000512	0x00	0x00
SPI [1]	result	0.01452054	0.00000512	0x00	0x00
SPI [1]	result	0.01452582	0.00000512	0x00	0x00
SPI [1]	result	0.01453110	0.00000512	0x00	0x00
SPI [1]	result	0.01453638	0.00000512	0x00	0x00
SPI [1]	result	0.01454166	0.00000512	0x00	0x00
SPI [1]	result	0.01454694	0.00000512	0x00	0x00
SPI [1]	result	0.01455222	0.00000512	0x00	0x00
SPI [1]	result	0.01455750	0.00000512	0x00	0x00
SPI [1]	result	0.01456278	0.00000512	0x00	0x00
SPI [1]	result	0.01456806	0.00000512	0x00	0x00
SPI [1]	result	0.01457334	0.00000512	0x00	0x00
SPI [1]	result	0.01457862	0.00000512	0x00	0x00
SPI [1]	result	0.01458390	0.00000512	0x00	0x00
SPI [1]	result	0.01458918	0.00000512	0x00	0x00
SPI [1]	result	0.01459446	0.00000512	0x00	0x00
SPI [1]	result	0.01459974	0.00000512	0x00	0x00
SPI [1]	result	0.01460502	0.00000512	0x00	0x00
SPI [1]	result	0.01461030	0.00000512	0x00	0x00
SPI [1]	result	0.01461558	0.00000512	0x00	0x00
SPI [1]	result	0.01462086	0.00000512	0x00	0x00
SPI [1]	result	0.01462614	0.00000512	0x00	0x00
SPI [1]	result	0.01463142	0.00000512	0x00	0x00
SPI [1]	result	0.01463670	0.00000512	0x00	0x00
SPI [1]	result	0.01464198	0.00000512	0x00	0x00
SPI [1]	result	0.01464726	0.00000512	0x00	0x00
SPI [1]	result	0.01465254	0.00000512	0x00	0x00
SPI [1]	result	0.01465782	0.00000512	0x00	0x00
SPI [1]	result	0.01466310	0.00000512	0x00	0x00
SPI [1]	result	0.01466838	0.00000512	0x00	0x00
SPI [1]	result	0.01467366	0.00000512	0x00	0x00
SPI [1]	result	0.01467894	0.00000512	0x00	0x00
SPI [1]	result	0.01468422	0.00000512	0x00	0x00
SPI [1]	result	0.01468950	0.00000512	0x00	0x00
SPI [1]	result	0.01469478	0.00000512	0x00	0x32
SPI [1]	result	0.01470006	0.00000512	0x00	0x37
SPI [1]	result	0.01470534	0.00000512	0x00	0x43
SPI [1]	result	0.01471062	0.00000512	0x00	0x30
SPI [1]	result	0.01471590	0.00000512	0x00	0x30
SPI [1]	result	0.01472118	0.00000512	0x00	0x30
SPI [1]	result	0.01472646	0.00000512	0x00	0x37
SPI [1]	result	0.01473174	0.00000512	0x00	0x35
SPI [1]	result	0.01473702	0.00000512	0x00	0x00
SPI [1]	result	0.01474230	0.00000512	0x00	0x00
SPI [1]	result	0.01474758	0.00000512	0x00	0x01
SPI [1]	result	0.01475286	0.00000512	0x00	0x80
SPI [1]	result	0.01475814	0.00000512	0x00	0x01
SPI [1]	result	0.01476342	0.00000512	0x00	0x11
SPI [1]	result	0.01476870	0.00000512	0x00	0x01
SPI [1]	result	0.01477398	0.00000512	0x00	0x10
SPI [1]	result	0.01477926	0.00000512	0x00	0x01
SPI [1]	result	0.01478454	0.00000512	0x00	0x10
SPI [1]	result	0.01478982	0.00000512	0x00	0x01
SPI [1]	result	0.01479510	0.00000512	0x00	0x10
SPI [1]	result	0.01480038	0.00000512	0x00	0xC8
SPI [1]	result	0.01480566	0.00000512	0x00	0x09
SPI [1]	result	0.01481094	0.00000512	0x00	0x00
SPI [1]	result	0.01481622	0.00000512	0x00	0x00
SPI [1]	result	0.01482150	0.00000512	0x00	0x00
SPI [1]	result	0.01482678	0.00000512	0x00	0x00
SPI [1]	result	0.01483206	0.00000512	0x00	0x00
SPI [1]	result	0.01483734	0.00000512	0x00	0x00
SPI [1]	result	0.01484262	0.00000512	0x00	0x00
SPI [1]	result	0.01484790	0.00000512	0x00	0x00
SPI [1]	result	0.01485318	0.00000512	0x00	0x00
SPI [1]	result	0.01485846	0.00000512	0x00	0x00
SPI [1]	result	0.01486374	0.00000512	0x00	0x00
SPI [1]	result	0.01486902	0.00000512	0x00	0x00
SPI [1]	result	0.01487430	0.00000512	0x00	0x00
SPI [1]	result	0.01487958	0.00000512	0x00	0x00
SPI [1]	result	0.01488486	0.00000512	0x00	0x00
SPI [1]	result	0.01489014	0.00000512	0x00	0x00
SPI [1]	result	0.01489542	0.00000512	0x00	0x00
SPI [1]	result	0.01490070	0.00000512	0x00	0x00
SPI [1]	result	0.01490598	0.00000512	0x00	0x00
SPI [1]	result	0.01491126	0.00000512	0x00	0x00
SPI [1]	result	0.01491654	0.00000512	0x00	0x00
SPI [1]	result	0.01492182	0.00000512	0x00	0x00
SPI [1]	result	0.01492710	0.00000512	0x00	0x00
SPI [1]	result	0.01493238	0.00000512	0x00	0x00
SPI [1]	result	0.01493766	0.00000512	0x00	0x00
SPI [1]	result	0.01494294	0.00000512	0x00	0x00
SPI [1]	result	0.01494822	0.00000512	0x5A	0x53
SPI [1]	result	0.01807825	0.00000512	0xFF	0xFF
SPI [1]	result	0.01808353	0.00000512	0x00	0xFF
SPI [1]	result	0.01808881	0.00000512	0x00	0x4C
SPI [1]	result	0.01809409	0.00000512	0x00	0x52
SPI [1]	result	0.01809937	0.00000512	0x00	0x31
SPI [1]	result	0.01810465	0.00000512	0x00	0x30
SPI [1]	result	0.01810993	0.00000512	0x00	0x37
SPI [1]	result	0.01811521	0.00000512	0x00	0x41
SPI [1]	result	0.01812049	0.00000512	0x00	0x00
SPI [1]	result	0.01812577	0.00000512	0x00	0x00
SPI [1]	result	0.01813105	0.00000512	0x00	0x46
SPI [1]	result	0.01813633	0.00000512	0x00	0x53
SPI [1]	result	0.01814161	0.00000512	0x00	0x53
SPI [1]	result	0.01814689	0.00000512	0x00	0x47
SPI [1]	result	0.01815217	0.00000512	0x00	0x57
SPI [1]	result	0.01815745	0.00000512	0x00	0x35
SPI [1]	result	0.01816273	0.00000512	0x00	0x30
SPI [1]	result	0.01816801	0.00000512	0x00	0x37
SPI [1]	result	0.01817329	0.00000512	0x00	0x47
SPI [1]	result	0.01817857	0.00000512	0x00	0x46
SPI [1]	result	0.01818385	0.00000512	0x00	0x32
SPI [1]	result	0.01818913	0.00000512	0x00	0x35
SPI [1]	result	0.01819441	0.00000512	0x00	0x30
SPI [1]	result	0.01819969	0.00000512	0x00	0x6D
SPI [1]	result	0.01820497	0.00000512	0x00	0x6D
SPI [1]	result	0.01821025	0.00000512	0x00	0x46
SPI [1]	result	0.01821553	0.00000512	0x00	0x34
SPI [1]	result	0.01822081	0.00000512	0x00	0x20
SPI [1]	result	0.01822609	0.00000512	0x00	0x52
SPI [1]	result	0.01823137	0.00000512	0x00	0x20
SPI [1]	result	0.01823665	0.00000512	0x00	0x4C
SPI [1]	result	0.01824193	0.00000512	0x00	0x4D
SPI [1]	result	0.01824721	0.00000512	0x00	0x20
SPI [1]	result	0.01825249	0.00000512	0x00	0x4F
SPI [1]	result	0.01825777	0.00000512	0x00	0x49
SPI [1]	result	0.01826305	0.00000512	0x00	0x53
SPI [1]	result	0.01826833	0.00000512	0x00	0x20
SPI [1]	result	0.01827361	0.00000512	0x00	0x57
SPI [1]	result	0.01827889	0.00000512	0x00	0x52
SPI [1]	result	0.01828417	0.00000512	0x00	0x00
SPI [1]	result	0.01828945	0.00000512	0x00	0x00
SPI [1]	result	0.01829473	0.00000512	0x00	0x00
SPI [1]	result	0.01830001	0.00000512	0x00	0x00
SPI [1]	result	0.01830529	0.00000512	0x00	0x00
SPI [1]	result	0.01831057	0.00000512	0x00	0x00
SPI [1]	result	0.01831585	0.00000512	0x00	0x00
SPI [1]	result	0.01832113	0.00000512	0x00	0x00
SPI [1]	result	0.01832641	0.00000512	0x00	0x00
SPI [1]	result	0.01833169	0.00000512	0x00	0x00
SPI [1]	result	0.01833697	0.00000512	0x00	0x00
SPI [1]	result	0.01834225	0.00000512	0x00	0x00
SPI [1]	result	0.01834753	0.00000512	0x00	0x00
SPI [1]	result	0.01835281	0.00000512	0x00	0x00
SPI [1]	result	0.01835809	0.00000512	0x00	0x00
SPI [1]	result	0.01836337	0.00000512	0x00	0x00
SPI [1]	result	0.01836865	0.00000512	0x00	0x00
SPI [1]	result	0.01837393	0.00000512	0x00	0x00
SPI [1]	result	0.01837921	0.00000512	0x00	0x00
SPI [1]	result	0.01838449	0.00000512	0x00	0x00
SPI [1]	result	0.01838977	0.00000512	0x00	0x00
SPI [1]	result	0.01839505	0.00000512	0x00	0x00
SPI [1]	result	0.01840033	0.00000512	0x00	0x00
SPI [1]	result	0.01840561	0.00000512	0x00	0x00
SPI [1]	result	0.01841089	0.00000512	0x00	0x00
SPI [1]	result	0.01841617	0.00000512	0x00	0x00
SPI [1]	result	0.01842145	0.00000512	0x00	0x00
SPI [1]	result	0.01842673	0.00000512	0x00	0x00
SPI [1]	result	0.01843201	0.00000512	0x00	0x00
SPI [1]	result	0.01843729	0.00000512	0x00	0x00
SPI [1]	result	0.01844257	0.00000512	0x00	0x00
SPI [1]	result	0.01844785	0.00000512	0x00	0x00
SPI [1]	result	0.01845313	0.00000512	0x00	0x00
SPI [1]	result	0.01845841	0.00000512	0x00	0x00
SPI [1]	result	0.01846369	0.00000512	0x00	0x00
SPI [1]	result	0.01846897	0.00000512	0x00	0x00
SPI [1]	result	0.01847425	0.00000512	0x00	0x00
SPI [1]	result	0.01847953	0.00000512	0x00	0x00
SPI [1]	result	0.01848481	0.00000512	0x00	0x00
SPI [1]	result	0.01849009	0.00000512	0x00	0x00
SPI [1]	result	0.01849537	0.00000512	0x00	0x00
SPI [1]	result	0.01850065	0.00000512	0x00	0x00
SPI [1]	result	0.01850593	0.00000512	0x00	0x00
SPI [1]	result	0.01851121	0.00000512	0x00	0x32
SPI [1]	result	0.01851649	0.00000512	0x00	0x37
SPI [1]	result	0.01852177	0.00000512	0x00	0x43
SPI [1]	result	0.01852705	0.00000512	0x00	0x30
SPI [1]	result	0.01853233	0.00000512	0x00	0x30
SPI [1]	result	0.01853761	0.00000512	0x00	0x30
SPI [1]	result	0.01854289	0.00000512	0x00	0x37
SPI [1]	result	0.01854817	0.00000512	0x00	0x35
SPI [1]	result	0.01855345	0.00000512	0x00	0x00
SPI [1]	result	0.01855873	0.00000512	0x00	0x00
SPI [1]	result	0.01856401	0.00000512	0x00	0x01
SPI [1]	result	0.01856929	0.00000512	0x00	0x80
SPI [1]	result	0.01857457	0.00000512	0x00	0x01
SPI [1]	result	0.01857985	0.00000512	0x00	0x11
SPI [1]	result	0.01858513	0.00000512	0x00	0x01
SPI [1]	result	0.01859041	0.00000512	0x00	0x10
SPI [1]	result	0.01859569	0.00000512	0x00	0x01
SPI [1]	result	0.01860097	0.00000512	0x00	0x10
SPI [1]	result	0.01860625	0.00000512	0x00	0x01
SPI [1]	result	0.01861153	0.00000512	0x00	0x10
SPI [1]	result	0.01861681	0.00000512	0x00	0xC8
SPI [1]	result	0.01862209	0.00000512	0x00	0x09
SPI [1]	result	0.01862737	0.00000512	0x00	0x00
SPI [1]	result	0.01863265	0.00000512	0x00	0x00
SPI [1]	result	0.01863793	0.00000512	0x00	0x00
SPI [1]	result	0.01864321	0.00000512	0x00	0x00
SPI [1]	result	0.01864849	0.00000512	0x00	0x00
SPI [1]	result	0.01865377	0.00000512	0x00	0x00
SPI [1]	result	0.01865905	0.00000512	0x00	0x00
SPI [1]	result	0.01866433	0.00000512	0x00	0x00
SPI [1]	result	0.01866961	0.00000512	0x00	0x00
SPI [1]	result	0.01867489	0.00000512	0x00	0x00
SPI [1]	result	0.01868017	0.00000512	0x00	0x00
SPI [1]	result	0.01868545	0.00000512	0x00	0x00
SPI [1]	result	0.01869073	0.00000512	0x00	0x00
SPI [1]	result	0.01869601	0.00000512	0x00	0x00
SPI [1]	result	0.01870129	0.00000512	0x00	0x00
SPI [1]	result	0.01870657	0.00000512	0x00	0x00
SPI [1]	result	0.01871185	0.00000512	0x00	0x00
SPI [1]	result	0.01871713	0.00000512	0x00	0x00
SPI [1]	result	0.01872241	0.00000512	0x00	0x00
SPI [1]	result	0.01872769	0.00000512	0x00	0x00
SPI [1]	result	0.01873297	0.00000512	0x00	0x00
SPI [1]	result	0.01873825	0.00000512	0x00	0x00
SPI [1]	result	0.01874353	0.00000512	0x00	0x00
SPI [1]	result	0.01874881	0.00000512	0x00	0x00
SPI [1]	result	0.01875409	0.00000512	0x00	0x00
SPI [1]	result	0.01875937	0.00000512	0x00	0x00
SPI [1]	result	0.01876465	0.00000512	0x5A	0x51
SPI [1]	result	0.02191432	0.00000512	0xB8	0x00
SPI [1]	result	0.02191960	0.00000512	0x01	0x00
SPI [1]	result	0.02192488	0.00000512	0x06	0x00
SPI [1]	result	0.02193016	0.00000512	0x26	0x00
SPI [1]	result	0.02271592	0.00000512	0x0B	0x08
SPI [1]	result	0.02272120	0.00000512	0x10	0x00
SPI [1]	result	0.02272648	0.00000512	0x80	0x86
SPI [1]	result	0.02273176	0.00000512	0x3A	0x2A
SPI [1]	result	0.02328093	0.00000512	0x00	0xB8
SPI [1]	result	0.02328621	0.00000512	0x00	0x01
SPI [1]	result	0.02329149	0.00000512	0x05	0x06
SPI [1]	result	0.02329677	0.00000512	0x56	0x26
SPI [1]	result	0.02407194	0.00000512	0x0C	0x0B
SPI [1]	result	0.02407722	0.00000512	0x00	0x00
SPI [1]	result	0.02408250	0.00000512	0x86	0x85
SPI [1]	result	0.02408778	0.00000512	0x0A	0x40
SPI [1]	result	0.02465600	0.00000512	0x00	0x00
SPI [1]	result	0.02466128	0.00000512	0x00	0x00
SPI [1]	result	0.02466656	0.00000512	0x00	0x05
SPI [1]	result	0.02467184	0.00000512	0x00	0x56
SPI [1]	result	0.02523086	0.00000512	0x08	0x0C
SPI [1]	result	0.02523614	0.00000512	0x00	0x00
SPI [1]	result	0.02524142	0.00000512	0x85	0x80
SPI [1]	result	0.02524670	0.00000512	0x68	0x32
SPI [1]	result	0.02833008	0.00000512	0x00	0xFF
SPI [1]	result	0.02833536	0.00000512	0x00	0xFF
SPI [1]	result	0.02834064	0.00000512	0x53	0x00
SPI [1]	result	0.02834592	0.00000512	0x50	0x00
SPI [1]	result	0.02835120	0.00000512	0x58	0x00
SPI [1]	result	0.02835648	0.00000512	0x31	0x00
SPI [1]	result	0.02836176	0.00000512	0x00	0x00
SPI [1]	result	0.02836704	0.00000512	0x00	0x00
SPI [1]	result	0.02837232	0.00000512	0x00	0x00
SPI [1]	result	0.02837760	0.00000512	0x00	0x00
SPI [1]	result	0.02838288	0.00000512	0x00	0x00
SPI [1]	result	0.02838816	0.00000512	0x00	0x00
SPI [1]	result	0.02839344	0.00000512	0x47	0x00
SPI [1]	result	0.02839872	0.00000512	0x46	0x00
SPI [1]	result	0.02840400	0.00000512	0x58	0x00
SPI [1]	result	0.02840928	0.00000512	0x20	0x00
SPI [1]	result	0.02841456	0.00000512	0x35	0x00
SPI [1]	result	0.02841984	0.00000512	0x30	0x00
SPI [1]	result	0.02842512	0.00000512	0x53	0x00
SPI [1]	result	0.02843040	0.00000512	0x00	0x00
SPI [1]	result	0.02843568	0.00000512	0x00	0x00
SPI [1]	result	0.02844096	0.00000512	0x00	0x00
SPI [1]	result	0.02844624	0.00000512	0x00	0x00
SPI [1]	result	0.02845152	0.00000512	0x00	0x00
SPI [1]	result	0.02845680	0.00000512	0x00	0x00
SPI [1]	result	0.02846208	0.00000512	0x00	0x00
SPI [1]	result	0.02846736	0.00000512	0x00	0x00
SPI [1]	result	0.02847264	0.00000512	0x00	0x00
SPI [1]	result	0.02847792	0.00000512	0x00	0x00
SPI [1]	result	0.02848320	0.00000512	0x00	0x00
SPI [1]	result	0.02848848	0.00000512	0x00	0x00
SPI [1]	result	0.02849376	0.00000512	0x00	0x00
SPI [1]	result	0.02849904	0.00000512	0x47	0x00
SPI [1]	result	0.02850432	0.00000512	0x46	0x00
SPI [1]	result	0.02850960	0.00000512	0x58	0x00
SPI [1]	result	0.02851488	0.00000512	0x20	0x00
SPI [1]	result	0.02852016	0.00000512	0x35	0x00
SPI [1]	result	0.02852544	0.00000512	0x30	0x00
SPI [1]	result	0.02853072	0.00000512	0x53	0x00
SPI [1]	result	0.02853600	0.00000512	0x00	0x00
SPI [1]	result	0.02854128	0.00000512	0x00	0x00
SPI [1]	result	0.02854656	0.00000512	0x00	0x00
SPI [1]	result	0.02855184	0.00000512	0x00	0x00
SPI [1]	result	0.02855712	0.00000512	0x00	0x00
SPI [1]	result	0.02856240	0.00000512	0x00	0x00
SPI [1]	result	0.02856768	0.00000512	0x00	0x00
SPI [1]	result	0.02857296	0.00000512	0x00	0x00
SPI [1]	result	0.02857824	0.00000512	0x35	0x00
SPI [1]	result	0.02858352	0.00000512	0x39	0x00
SPI [1]	result	0.02858880	0.00000512	0x33	0x00
SPI [1]	result	0.02859408	0.00000512	0x35	0x00
SPI [1]	result	0.02859936	0.00000512	0x33	0x00
SPI [1]	result	0.02860464	0.00000512	0x33	0x00
SPI [1]	result	0.02860992	0.00000512	0x33	0x00
SPI [1]	result	0.02861520	0.00000512	0x31	0x00
SPI [1]	result	0.02862048	0.00000512	0x33	0x00
SPI [1]	result	0.02862576	0.00000512	0x36	0x00
SPI [1]	result	0.02863104	0.00000512	0x33	0x00
SPI [1]	result	0.02863632	0.00000512	0x31	0x00
SPI [1]	result	0.02864160	0.00000512	0x31	0x00
SPI [1]	result	0.02864688	0.00000512	0x37	0x00
SPI [1]	result	0.02865216	0.00000512	0x30	0x00
SPI [1]	result	0.02865744	0.00000512	0x32	0x00
SPI [1]	result	0.02866272	0.00000512	0x31	0x00
SPI [1]	result	0.02866800	0.00000512	0x36	0x00
SPI [1]	result	0.02867328	0.00000512	0x37	0x00
SPI [1]	result	0.02867856	0.00000512	0x30	0x00
SPI [1]	result	0.02868384	0.00000512	0x32	0x00
SPI [1]	result	0.02868912	0.00000512	0x30	0x00
SPI [1]	result	0.02869440	0.00000512	0x31	0x00
SPI [1]	result	0.02869968	0.00000512	0x30	0x00
SPI [1]	result	0.02870496	0.00000512	0x31	0x00
SPI [1]	result	0.02871024	0.00000512	0x31	0x00
SPI [1]	result	0.02871552	0.00000512	0x30	0x00
SPI [1]	result	0.02872080	0.00000512	0x36	0x00
SPI [1]	result	0.02872608	0.00000512	0x39	0x00
SPI [1]	result	0.02873136	0.00000512	0x41	0x00
SPI [1]	result	0.02873664	0.00000512	0x04	0x00
SPI [1]	result	0.02874192	0.00000512	0x20	0x00
SPI [1]	result	0.02874720	0.00000512	0x02	0x00
SPI [1]	result	0.02875248	0.00000512	0x16	0x00
SPI [1]	result	0.02875776	0.00000512	0x01	0x00
SPI [1]	result	0.02876304	0.00000512	0x00	0x00
SPI [1]	result	0.02876832	0.00000512	0x01	0x00
SPI [1]	result	0.02877360	0.00000512	0x00	0x00
SPI [1]	result	0.02877888	0.00000512	0x01	0x00
SPI [1]	result	0.02878416	0.00000512	0x00	0x00
SPI [1]	result	0.02878944	0.00000512	0x00	0x00
SPI [1]	result	0.02879472	0.00000512	0x00	0x00
SPI [1]	result	0.02880000	0.00000512	0x00	0x00
SPI [1]	result	0.02880528	0.00000512	0x00	0x00
SPI [1]	result	0.02881056	0.00000512	0x00	0x00
SPI [1]	result	0.02881584	0.00000512	0x00	0x00
SPI [1]	result	0.02882112	0.00000512	0x00	0x00
SPI [1]	result	0.02882640	0.00000512	0x00	0x00
SPI [1]	result	0.02883168	0.00000512	0x00	0x00
SPI [1]	result	0.02883696	0.00000512	0x00	0x00
SPI [1]	result	0.02884224	0.00000512	0x00	0x00
SPI [1]	result	0.02884752	0.00000512	0x00	0x00
SPI [1]	result	0.02885280	0.00000512	0x00	0x00
SPI [1]	result	0.02885808	0.00000512	0x00	0x00
SPI [1]	result	0.02886336	0.00000512	0x00	0x00
SPI [1]	result	0.02886864	0.00000512	0x00	0x00
SPI [1]	result	0.02887392	0.00000512	0x00	0x00
SPI [1]	result	0.02887920	0.00000512	0x00	0x00
SPI [1]	result	0.02888448	0.00000512	0x00	0x00
SPI [1]	result	0.02888976	0.00000512	0x00	0x00
SPI [1]	result	0.02889504	0.00000512	0x00	0x00
SPI [1]	result	0.02890032	0.00000512	0x00	0x00
SPI [1]	result	0.02890560	0.00000512	0x00	0x00
SPI [1]	result	0.02891088	0.00000512	0x00	0x00
SPI [1]	result	0.02891616	0.00000512	0x00	0x00
SPI [1]	result	0.02892144	0.00000512	0x00	0x00
SPI [1]	result	0.02892672	0.00000512	0x00	0x00
SPI [1]	result	0.02893200	0.00000512	0x00	0x00
SPI [1]	result	0.02893728	0.00000512	0x00	0x00
SPI [1]	result	0.02894256	0.00000512	0x00	0x00
SPI [1]	result	0.02894784	0.00000512	0x00	0x00
SPI [1]	result	0.02895312	0.00000512	0x00	0x00
SPI [1]	result	0.02895840	0.00000512	0x00	0x00
SPI [1]	result	0.02896368	0.00000512	0x00	0x00
SPI [1]	result	0.02896896	0.00000512	0x00	0x00
SPI [1]	result	0.02897424	0.00000512	0x00	0x00
SPI [1]	result	0.02897952	0.00000512	0x00	0x00
SPI [1]	result	0.02898480	0.00000512	0x00	0x00
SPI [1]	result	0.02899008	0.00000512	0x00	0x00
SPI [1]	result	0.02899536	0.00000512	0x00	0x00
SPI [1]	result	0.02900064	0.00000512	0x00	0x00
SPI [1]	result	0.02900592	0.00000512	0x00	0x00
SPI [1]	result	0.02901120	0.00000512	0x00	0x00
SPI [1]	result	0.02901648	0.00000512	0xEF	0x5A
SPI [1]	result	0.03214237	0.00000512	0xFF	0xFF
SPI [1]	result	0.03214765	0.00000512	0xFF	0x00
SPI [1]	result	0.03215293	0.00000512	0x53	0x00
SPI [1]	result	0.03215821	0.00000512	0x50	0x00
SPI [1]	result	0.03216349	0.00000512	0x58	0x00
SPI [1]	result	0.03216877	0.00000512	0x31	0x00
SPI [1]	result	0.03217405	0.00000512	0x00	0x00
SPI [1]	result	0.03217933	0.00000512	0x00	0x00
SPI [1]	result	0.03218461	0.00000512	0x00	0x00
SPI [1]	result	0.03218989	0.00000512	0x00	0x00
SPI [1]	result	0.03219517	0.00000512	0x00	0x00
SPI [1]	result	0.03220045	0.00000512	0x00	0x00
SPI [1]	result	0.03220573	0.00000512	0x47	0x00
SPI [1]	result	0.03221101	0.00000512	0x46	0x00
SPI [1]	result	0.03221629	0.00000512	0x58	0x00
SPI [1]	result	0.03222157	0.00000512	0x20	0x00
SPI [1]	result	0.03222685	0.00000512	0x35	0x00
SPI [1]	result	0.03223213	0.00000512	0x30	0x00
SPI [1]	result	0.03223741	0.00000512	0x53	0x00
SPI [1]	result	0.03224269	0.00000512	0x00	0x00
SPI [1]	result	0.03224797	0.00000512	0x00	0x00
SPI [1]	result	0.03225325	0.00000512	0x00	0x00
SPI [1]	result	0.03225853	0.00000512	0x00	0x00
SPI [1]	result	0.03226381	0.00000512	0x00	0x00
SPI [1]	result	0.03226909	0.00000512	0x00	0x00
SPI [1]	result	0.03227437	0.00000512	0x00	0x00
SPI [1]	result	0.03227965	0.00000512	0x00	0x00
SPI [1]	result	0.03228493	0.00000512	0x00	0x00
SPI [1]	result	0.03229021	0.00000512	0x00	0x00
SPI [1]	result	0.03229549	0.00000512	0x00	0x00
SPI [1]	result	0.03230077	0.00000512	0x00	0x00
SPI [1]	result	0.03230605	0.00000512	0x00	0x00
SPI [1]	result	0.03231133	0.00000512	0x47	0x00
SPI [1]	result	0.03231661	0.00000512	0x46	0x00
SPI [1]	result	0.03232189	0.00000512	0x58	0x00
SPI [1]	result	0.03232717	0.00000512	0x20	0x00
SPI [1]	result	0.03233245	0.00000512	0x35	0x00
SPI [1]	result	0.03233773	0.00000512	0x30	0x00
SPI [1]	result	0.03234301	0.00000512	0x53	0x00
SPI [1]	result	0.03234829	0.00000512	0x00	0x00
SPI [1]	result	0.03235357	0.00000512	0x00	0x00
SPI [1]	result	0.03235885	0.00000512	0x00	0x00
SPI [1]	result	0.03236413	0.00000512	0x00	0x00
SPI [1]	result	0.03236941	0.00000512	0x00	0x00
SPI [1]	result	0.03237469	0.00000512	0x00	0x00
SPI [1]	result	0.03237997	0.00000512	0x00	0x00
SPI [1]	result	0.03238525	0.00000512	0x00	0x00
SPI [1]	result	0.03239053	0.00000512	0x35	0x00
SPI [1]	result	0.03239581	0.00000512	0x39	0x00
SPI [1]	result	0.03240109	0.00000512	0x33	0x00
SPI [1]	result	0.03240637	0.00000512	0x35	0x00
SPI [1]	result	0.03241165	0.00000512	0x33	0x00
SPI [1]	result	0.03241693	0.00000512	0x33	0x00
SPI [1]	result	0.03242221	0.00000512	0x33	0x00
SPI [1]	result	0.03242749	0.00000512	0x31	0x00
SPI [1]	result	0.03243277	0.00000512	0x33	0x00
SPI [1]	result	0.03243805	0.00000512	0x36	0x00
SPI [1]	result	0.03244333	0.00000512	0x33	0x00
SPI [1]	result	0.03244861	0.00000512	0x31	0x00
SPI [1]	result	0.03245389	0.00000512	0x31	0x00
SPI [1]	result	0.03245917	0.00000512	0x37	0x00
SPI [1]	result	0.03246445	0.00000512	0x30	0x00
SPI [1]	result	0.03246973	0.00000512	0x32	0x00
SPI [1]	result	0.03247501	0.00000512	0x31	0x00
SPI [1]	result	0.03248029	0.00000512	0x36	0x00
SPI [1]	result	0.03248557	0.00000512	0x37	0x00
SPI [1]	result	0.03249085	0.00000512	0x30	0x00
SPI [1]	result	0.03249613	0.00000512	0x32	0x00
SPI [1]	result	0.03250141	0.00000512	0x30	0x00
SPI [1]	result	0.03250669	0.00000512	0x31	0x00
SPI [1]	result	0.03251197	0.00000512	0x30	0x00
SPI [1]	result	0.03251725	0.00000512	0x31	0x00
SPI [1]	result	0.03252253	0.00000512	0x31	0x00
SPI [1]	result	0.03252781	0.00000512	0x30	0x00
SPI [1]	result	0.03253309	0.00000512	0x36	0x00
SPI [1]	result	0.03253837	0.00000512	0x39	0x00
SPI [1]	result	0.03254365	0.00000512	0x41	0x00
SPI [1]	result	0.03254893	0.00000512	0x04	0x00
SPI [1]	result	0.03255421	0.00000512	0x20	0x00
SPI [1]	result	0.03255949	0.00000512	0x02	0x00
SPI [1]	result	0.03256477	0.00000512	0x16	0x00
SPI [1]	result	0.03257005	0.00000512	0x01	0x00
SPI [1]	result	0.03257533	0.00000512	0x00	0x00
SPI [1]	result	0.03258061	0.00000512	0x01	0x00
SPI [1]	result	0.03258589	0.00000512	0x00	0x00
SPI [1]	result	0.03259117	0.00000512	0x01	0x00
SPI [1]	result	0.03259645	0.00000512	0x00	0x00
SPI [1]	result	0.03260173	0.00000512	0x00	0x00
SPI [1]	result	0.03260701	0.00000512	0x00	0x00
SPI [1]	result	0.03261229	0.00000512	0x00	0x00
SPI [1]	result	0.03261757	0.00000512	0x00	0x00
SPI [1]	result	0.03262285	0.00000512	0x00	0x00
SPI [1]	result	0.03262813	0.00000512	0x00	0x00
SPI [1]	result	0.03263341	0.00000512	0x00	0x00
SPI [1]	result	0.03263869	0.00000512	0x00	0x00
SPI [1]	result	0.03264397	0.00000512	0x00	0x00
SPI [1]	result	0.03264925	0.00000512	0x00	0x00
SPI [1]	result	0.03265453	0.00000512	0x00	0x00
SPI [1]	result	0.03265981	0.00000512	0x00	0x00
SPI [1]	result	0.03266509	0.00000512	0x00	0x00
SPI [1]	result	0.03267037	0.00000512	0x00	0x00
SPI [1]	result	0.03267565	0.00000512	0x00	0x00
SPI [1]	result	0.03268093	0.00000512	0x00	0x00
SPI [1]	result	0.03268621	0.00000512	0x00	0x00
SPI [1]	result	0.03269149	0.00000512	0x00	0x00
SPI [1]	result	0.03269677	0.00000512	0x00	0x00
SPI [1]	result	0.03270205	0.00000512	0x00	0x00
SPI [1]	result	0.03270733	0.00000512	0x00	0x00
SPI [1]	result	0.03271261	0.00000512	0x00	0x00
SPI [1]	result	0.03271789	0.00000512	0x00	0x00
SPI [1]	result	0.03272317	0.00000512	0x00	0x00
SPI [1]	result	0.03272845	0.00000512	0x00	0x00
SPI [1]	result	0.03273373	0.00000512	0x00	0x00
SPI [1]	result	0.03273901	0.00000512	0x00	0x00
SPI [1]	result	0.03274429	0.00000512	0x00	0x00
SPI [1]	result	0.03274957	0.00000512	0x00	0x00
SPI [1]	result	0.03275485	0.00000512	0x00	0x00
SPI [1]	result	0.03276013	0.00000512	0x00	0x00
SPI [1]	result	0.03276541	0.00000512	0x00	0x00
SPI [1]	result	0.03277069	0.00000512	0x00	0x00
SPI [1]	result	0.03277597	0.00000512	0x00	0x00
SPI [1]	result	0.03278125	0.00000512	0x00	0x00
SPI [1]	result	0.03278653	0.00000512	0x00	0x00
SPI [1]	result	0.03279181	0.00000512	0x00	0x00
SPI [1]	result	0.03279709	0.00000512	0x00	0x00
SPI [1]	result	0.03280237	0.00000512	0x00	0x00
SPI [1]	result	0.03280765	0.00000512	0x00	0x00
SPI [1]	result	0.03281293	0.00000512	0x00	0x00
SPI [1]	result	0.03281821	0.00000512	0x00	0x00
SPI [1]	result	0.03282349	0.00000512	0x00	0x00
SPI [1]	result	0.03282877	0.00000512	0xED	0x5A
SPI [1]	result	0.03595768	0.00000512	0x00	0x00
SPI [1]	result	0.03596296	0.00000512	0x00	0x00
SPI [1]	result	0.03596824	0.00000512	0x05	0x00
SPI [1]	result	0.03597352	0.00000512	0x96	0x00
SPI [1]	result	0.03676382	0.00000512	0x0D	0x08
SPI [1]	result	0.03676910	0.00000512	0x10	0x00
SPI [1]	result	0.03677438	0.00000512	0x80	0x85
SPI [1]	result	0.03677966	0.00000512	0x0A	0xA8
SPI [1]	result	0.03733118	0.00000512	0x00	0x00
SPI [1]	result	0.03733646	0.00000512	0x00	0x00
SPI [1]	result	0.03734174	0.00000512	0x00	0x05
SPI [1]	result	0.03734702	0.00000512	0x00	0x96
SPI [1]	result	0.03790790	0.00000512	0x08	0x0D
SPI [1]	result	0.03791318	0.00000512	0x00	0x00
SPI [1]	result	0.03791846	0.00000512	0x85	0x80
SPI [1]	result	0.03792374	0.00000512	0xA8	0x3A
SPI [1]	result	0.03849799	0.00000512	0x00	0x00
SPI [1]	result	0.03850327	0.00000512	0x00	0x00
SPI [1]	result	0.03850855	0.00000512	0x08	0x00
SPI [1]	result	0.03851383	0.00000512	0x20	0x00
SPI [1]	result	0.03929280	0.00000512	0x0E	0x08
SPI [1]	result	0.03929808	0.00000512	0x10	0x10
SPI [1]	result	0.03930336	0.00000512	0x80	0x88
SPI [1]	result	0.03930864	0.00000512	0x12	0x02
SPI [1]	result	0.03986396	0.00000512	0x00	0x08
SPI [1]	result	0.03986924	0.00000512	0x00	0x00
SPI [1]	result	0.03987452	0.00000512	0x00	0x88
SPI [1]	result	0.03987980	0.00000512	0x00	0x32
SPI [1]	result	0.04043696	0.00000512	0x08	0x00
SPI [1]	result	0.04044224	0.00000512	0x00	0x00
SPI [1]	result	0.04044752	0.00000512	0x88	0x03
SPI [1]	result	0.04045280	0.00000512	0x32	0xD0
SPI [1]	result	0.04103488	0.00000512	0x00	0xC3
SPI [1]	result	0.04104016	0.00000512	0x00	0x3C
SPI [1]	result	0.04104544	0.00000512	0x0C	0xA5
SPI [1]	result	0.04105072	0.00000512	0x30	0x5A
SPI [1]	result	0.04182991	0.00000512	0x0F	0xC3
SPI [1]	result	0.04183519	0.00000512	0x10	0x3C
SPI [1]	result	0.04184047	0.00000512	0x80	0xA5
SPI [1]	result	0.04184575	0.00000512	0x1A	0x5A
SPI [1]	result	0.04239980	0.00000512	0x00	0xC3
SPI [1]	result	0.04240508	0.00000512	0x00	0x3C
SPI [1]	result	0.04241036	0.00000512	0x0C	0xA5
SPI [1]	result	0.04241564	0.00000512	0x72	0x5A
SPI [1]	result	0.04319182	0.00000512	0x08	0xC3
SPI [1]	result	0.04319710	0.00000512	0x00	0x3C
SPI [1]	result	0.04320238	0.00000512	0x8C	0xA5
SPI [1]	result	0.04320766	0.00000512	0x02	0x5A
SPI [1]	result	0.04378484	0.00000512	0x00	0xC3
SPI [1]	result	0.04379012	0.00000512	0x00	0x3C
SPI [1]	result	0.04379540	0.00000512	0x00	0xA5
SPI [1]	result	0.04380068	0.00000512	0x00	0x5A
SPI [1]	result	0.04436110	0.00000512	0x08	0xC3
SPI [1]	result	0.04436638	0.00000512	0x00	0x3C
SPI [1]	result	0.04437166	0.00000512	0x8C	0xA5
SPI [1]	result	0.04437694	0.00000512	0x44	0x5A
SPI [1]	result	0.07950662	0.00000512	0x00	0xC3
SPI [1]	result	0.07951190	0.00000512	0x00	0x3C
SPI [1]	result	0.07951718	0.00000512	0x08	0xA5
SPI [1]	result	0.07952246	0.00000512	0x20	0x5A
SPI [1]	result	0.08029713	0.00000512	0x09	0xC3
SPI [1]	result	0.08030241	0.00000512	0x10	0x3C
SPI [1]	result	0.08030769	0.00000512	0x80	0xA5
SPI [1]	result	0.08031297	0.00000512	0x2A	0x5A
SPI [1]	result	0.08087070	0.00000512	0x00	0xC3
SPI [1]	result	0.08087598	0.00000512	0x00	0x3C
SPI [1]	result	0.08088126	0.00000512	0x00	0xA5
SPI [1]	result	0.08088654	0.00000512	0x00	0x5A
SPI [1]	result	0.08143581	0.00000512	0x08	0xC3
SPI [1]	result	0.08144109	0.00000512	0x00	0x3C
SPI [1]	result	0.08144637	0.00000512	0x88	0xA5
SPI [1]	result	0.08145165	0.00000512	0x32	0x5A
SPI [1]	result	0.14202235	0.00000512	0x00	0xC3
SPI [1]	result	0.14202763	0.00000512	0x00	0x3C
SPI [1]	result	0.14203291	0.00000512	0x08	0xA5
SPI [1]	result	0.14203819	0.00000512	0x20	0x5A
SPI [1]	result	0.14249973	0.00000512	0x0A	0xC3
SPI [1]	result	0.14250501	0.00000512	0x10	0x3C
SPI [1]	result	0.14251029	0.00000512	0x80	0xA5
SPI [1]	result	0.14251557	0.00000512	0x32	0x5A
SPI [1]	result	0.14278373	0.00000512	0x00	0xC3
SPI [1]	result	0.14278901	0.00000512	0x00	0x3C
SPI [1]	result	0.14279429	0.00000512	0x00	0xA5
SPI [1]	result	0.14279957	0.00000512	0x00	0x5A
SPI [1]	result	0.14306374	0.00000512	0x08	0xC3
SPI [1]	result	0.14306902	0.00000512	0x00	0x3C
SPI [1]	result	0.14307430	0.00000512	0x88	0xA5
SPI [1]	result	0.14307958	0.00000512	0x32	0x5A
SPI [1]	result	0.15688563	0.00000512	0x00	0xC3
SPI [1]	result	0.15689091	0.00000512	0x00	0x3C
SPI [1]	result	0.15689619	0.00000512	0x20	0xA5
SPI [1]	result	0.15690147	0.00000512	0x04	0x5A
SPI [1]	result	0.15737961	0.00000512	0x0B	0xC3
SPI [1]	result	0.15738489	0.00000512	0x10	0x3C
SPI [1]	result	0.15739017	0.00000512	0x80	0xA5
SPI [1]	result	0.15739545	0.00000512	0x3A	0x5A
SPI [1]	result	0.15768660	0.00000512	0x00	0xC3
SPI [1]	result	0.15769188	0.00000512	0x00	0x3C
SPI [1]	result	0.15769716	0.00000512	0x3F	0xA5
SPI [1]	result	0.15770244	0.00000512	0xC6	0x5A
SPI [1]	result	0.15818064	0.00000512	0x0C	0xC3
SPI [1]	result	0.15818592	0.00000512	0x00	0x3C
SPI [1]	result	0.15819120	0.00000512	0xA0	0xA5
SPI [1]	result	0.15819648	0.00000512	0x36	0x5A
SPI [1]	result	0.15848263	0.00000512	0x00	0xC3
SPI [1]	result	0.15848791	0.00000512	0x00	0x3C
SPI [1]	result	0.15849319	0.00000512	0x00	0xA5
SPI [1]	result	0.15849847	0.00000512	0x00	0x5A
SPI [1]	result	0.15876382	0.00000512	0x08	0xC3
SPI [1]	result	0.15876910	0.00000512	0x00	0x3C
SPI [1]	result	0.15877438	0.00000512	0xBF	0xA5
SPI [1]	result	0.15877966	0.00000512	0xD8	0x5A
SPI [1]	result	0.15905285	0.00000512	0x00	0xC3
SPI [1]	result	0.15905813	0.00000512	0x02	0x3C
SPI [1]	result	0.15906341	0.00000512	0x2A	0xA5
SPI [1]	result	0.15906869	0.00000512	0x2E	0x5A
SPI [1]	result	0.15951578	0.00000512	0x0D	0xC3
SPI [1]	result	0.15952106	0.00000512	0x10	0x3C
SPI [1]	result	0.15952634	0.00000512	0x80	0xA5
SPI [1]	result	0.15953162	0.00000512	0x0A	0x5A
SPI [1]	result	0.15980091	0.00000512	0x00	0xC3
SPI [1]	result	0.15980619	0.00000512	0x00	0x3C
SPI [1]	result	0.15981147	0.00000512	0x3F	0xA5
SPI [1]	result	0.15981675	0.00000512	0xC6	0x5A
SPI [1]	result	0.16028184	0.00000512	0x0E	0xC3
SPI [1]	result	0.16028712	0.00000512	0x00	0x3C
SPI [1]	result	0.16029240	0.00000512	0xAA	0xA5
SPI [1]	result	0.16029768	0.00000512	0x2E	0x5A
SPI [1]	result	0.16058572	0.00000512	0x00	0xC3
SPI [1]	result	0.16059100	0.00000512	0x00	0x3C
SPI [1]	result	0.16059628	0.00000512	0x00	0xA5
SPI [1]	result	0.16060156	0.00000512	0x00	0x5A
SPI [1]	result	0.16087175	0.00000512	0x08	0xC3
SPI [1]	result	0.16087703	0.00000512	0x00	0x3C
SPI [1]	result	0.16088231	0.00000512	0xBF	0xA5
SPI [1]	result	0.16088759	0.00000512	0xD8	0x5A
SPI [1]	result	0.18394219	0.00000512	0x00	0x00
SPI [1]	result	0.18394747	0.00000512	0x00	0x00
SPI [1]	result	0.18395275	0.00000512	0x08	0x00
SPI [1]	result	0.18395803	0.00000512	0x20	0x00
SPI [1]	result	0.18406963	0.00000512	0x0F	0xC3
SPI [1]	result	0.18407491	0.00000512	0x10	0x3C
SPI [1]	result	0.18408019	0.00000512	0x80	0xA5
SPI [1]	result	0.18408547	0.00000512	0x1A	0x5A
SPI [1]	result	0.18417309	0.00000512	0x00	0xC3
SPI [1]	result	0.18417837	0.00000512	0x00	0x3C
SPI [1]	result	0.18418365	0.00000512	0x00	0xA5
SPI [1]	result	0.18418893	0.00000512	0x00	0x5A
SPI [1]	result	0.18425227	0.00000512	0x08	0xC3
SPI [1]	result	0.18425755	0.00000512	0x00	0x3C
SPI [1]	result	0.18426283	0.00000512	0x88	0xA5
SPI [1]	result	0.18426811	0.00000512	0x32	0x5A
SPI [1]	result	0.18432525	0.00000512	0x00	0x00
SPI [1]	result	0.18433053	0.00000512	0x00	0x0C
SPI [1]	result	0.18433581	0.00000512	0x0C	0x33
SPI [1]	result	0.18434109	0.00000512	0xB2	0xCA
SPI [1]	result	0.18447778	0.00000512	0x08	0x55
SPI [1]	result	0.18448306	0.00000512	0x10	0xA0
SPI [1]	result	0.18448834	0.00000512	0x80	0x00
SPI [1]	result	0.18449362	0.00000512	0x22	0x00
SPI [1]	result	0.18464635	0.00000512	0x00	0xC3
SPI [1]	result	0.18465163	0.00000512	0x00	0x3C
SPI [1]	result	0.18465691	0.00000512	0x0C	0xA5
SPI [1]	result	0.18466219	0.00000512	0x30	0x5A
SPI [1]	result	0.18474640	0.00000512	0x09	0xC3
SPI [1]	result	0.18475168	0.00000512	0x00	0x3C
SPI [1]	result	0.18475696	0.00000512	0x8C	0xA5
SPI [1]	result	0.18476224	0.00000512	0x8C	0x5A
SPI [1]	result	0.18483038	0.00000512	0x00	0xC3
SPI [1]	result	0.18483566	0.00000512	0x00	0x3C
SPI [1]	result	0.18484094	0.00000512	0x00	0xA5
SPI [1]	result	0.18484622	0.00000512	0x00	0x5A
SPI [1]	result	0.18512068	0.00000512	0x08	0xC3
SPI [1]	result	0.18512596	0.00000512	0x00	0x3C
SPI [1]	result	0.18513124	0.00000512	0x8C	0xA5
SPI [1]	result	0.18513652	0.00000512	0x02	0x5A
SPI [1]	result	0.22532176	0.00000512	0x00	0xC3
SPI [1]	result	0.22532704	0.00000512	0x00	0x3C
SPI [1]	result	0.22533232	0.00000512	0x08	0xA5
SPI [1]	result	0.22533760	0.00000512	0x20	0x5A
SPI [1]	result	0.22582808	0.00000512	0xA5	0xC3
SPI [1]	result	0.22583336	0.00000512	0x5A	0x3C
SPI [1]	result	0.22583864	0.00000512	0x3C	0xA5
SPI [1]	result	0.22584392	0.00000512	0xC3	0x5A
SPI [1]	result	0.22624349	0.00000512	0x80	0xA5
SPI [1]	result	0.22624877	0.00000512	0x20	0x5A
SPI [1]	result	0.22625405	0.00000512	0x28	0x3C
SPI [1]	result	0.22625933	0.00000512	0x24	0xC3
SPI [1]	result	0.22665327	0.00000512	0x08	0x08
SPI [1]	result	0.22665855	0.00000512	0x10	0x10
SPI [1]	result	0.22666383	0.00000512	0x80	0xA8
SPI [1]	result	0.22666911	0.00000512	0x22	0x06
SPI [1]	result	0.22706970	0.00000512	0x00	0x08
SPI [1]	result	0.22707498	0.00000512	0x00	0x00
SPI [1]	result	0.22708026	0.00000512	0x00	0xA8
SPI [1]	result	0.22708554	0.00000512	0x00	0x36
SPI [1]	result	0.22748063	0.00000512	0x00	0x00
SPI [1]	result	0.22748591	0.00000512	0x00	0xF3
SPI [1]	result	0.22749119	0.00000512	0x00	0x03
SPI [1]	result	0.22749647	0.00000512	0x00	0xE8
SPI [1]	result	0.22791415	0.00000512	0x00	0xC3
SPI [1]	result	0.22791943	0.00000512	0x00	0x3C
SPI [1]	result	0.22792471	0.00000512	0x3F	0xA5
SPI [1]	result	0.22792999	0.00000512	0xC6	0x5A
SPI [1]	result	0.22877964	0.00000512	0x08	0xC3
SPI [1]	result	0.22878492	0.00000512	0x10	0x3C
SPI [1]	result	0.22879020	0.00000512	0x80	0xA5
SPI [1]	result	0.22879548	0.00000512	0x22	0x5A
SPI [1]	result	0.23213239	0.00000512	0x00	0xC3
SPI [1]	result	0.23213767	0.00000512	0x00	0x3C
SPI [1]	result	0.23214295	0.00000512	0x00	0xA5
SPI [1]	result	0.23214823	0.00000512	0x00	0x5A
SPI [1]	result	0.23297776	0.00000512	0x08	0xC3
SPI [1]	result	0.23298304	0.00000512	0x00	0x3C
SPI [1]	result	0.23298832	0.00000512	0xBF	0xA5
SPI [1]	result	0.23299360	0.00000512	0xD8	0x5A
SPI [1]	result	0.23553060	0.00000512	0xB8	0xC3
SPI [1]	result	0.23553588	0.00000512	0x01	0x3C
SPI [1]	result	0.23554116	0.00000512	0x06	0xA5
SPI [1]	result	0.23554644	0.00000512	0x26	0x5A
SPI [1]	result	0.23632775	0.00000512	0x09	0xC3
SPI [1]	result	0.23633303	0.00000512	0x10	0x3C
SPI [1]	result	0.23633831	0.00000512	0x80	0xA5
SPI [1]	result	0.23634359	0.00000512	0x2A	0x5A
SPI [1]	result	0.23690801	0.00000512	0x00	0xC3
SPI [1]	result	0.23691329	0.00000512	0x00	0x3C
SPI [1]	result	0.23691857	0.00000512	0x05	0xA5
SPI [1]	result	0.23692385	0.00000512	0x14	0x5A
SPI [1]	result	0.23769354	0.00000512	0x0A	0xC3
SPI [1]	result	0.23769882	0.00000512	0x00	0x3C
SPI [1]	result	0.23770410	0.00000512	0x86	0xA5
SPI [1]	result	0.23770938	0.00000512	0x3A	0x5A
SPI [1]	result	0.23828155	0.00000512	0x00	0xC3
SPI [1]	result	0.23828683	0.00000512	0x00	0x3C
SPI [1]	result	0.23829211	0.00000512	0x00	0xA5
SPI [1]	result	0.23829739	0.00000512	0x00	0x5A
SPI [1]	result	0.23884372	0.00000512	0x08	0xC3
SPI [1]	result	0.23884900	0.00000512	0x00	0x3C
SPI [1]	result	0.23885428	0.00000512	0x85	0xA5
SPI [1]	result	0.23885956	0.00000512	0x26	0x5A
SPI [1]	result	0.24193568	0.00000512	0xFF	0xC3
SPI [1]	result	0.24194096	0.00000512	0xFF	0x3C
SPI [1]	result	0.24194624	0.00000512	0x00	0xA5
SPI [1]	result	0.24195152	0.00000512	0x00	0x5A
SPI [1]	result	0.24195680	0.00000512	0x00	0x00
SPI [1]	result	0.24196208	0.00000512	0x00	0x00
SPI [1]	result	0.24196736	0.00000512	0x00	0x00
SPI [1]	result	0.24197264	0.00000512	0x00	0x00
SPI [1]	result	0.24197792	0.00000512	0x00	0x00
SPI [1]	result	0.24198320	0.00000512	0x00	0x00
SPI [1]	result	0.24198848	0.00000512	0x00	0x00
SPI [1]	result	0.24199376	0.00000512	0x00	0x00
SPI [1]	result	0.24199904	0.00000512	0x00	0x00
SPI [1]	result	0.24200432	0.00000512	0x00	0x0C
SPI [1]	result	0.24200960	0.00000512	0x00	0x33
SPI [1]	result	0.24201488	0.00000512	0x00	0xCA
SPI [1]	result	0.24202016	0.00000512	0x00	0x55
SPI [1]	result	0.24202544	0.00000512	0x00	0xA0
SPI [1]	result	0.24203072	0.00000512	0x00	0x00
SPI [1]	result	0.24203600	0.00000512	0x00	0x00
SPI [1]	result	0.24204128	0.00000512	0x00	0x00
SPI [1]	result	0.24204656	0.00000512	0x00	0x00
SPI [1]	result	0.24205184	0.00000512	0x00	0x00
SPI [1]	result	0.24205712	0.00000512	0x00	0x00
SPI [1]	result	0.24206240	0.00000512	0x00	0x00
SPI [1]	result	0.24206768	0.00000512	0x00	0x00
SPI [1]	result	0.24207296	0.00000512	0x00	0x00
SPI [1]	result	0.24207824	0.00000512	0x00	0xC3
SPI [1]	result	0.24208352	0.00000512	0x00	0x3C
SPI [1]	result	0.24208880	0.00000512	0x00	0xA5
SPI [1]	result	0.24209408	0.00000512	0x00	0x5A
SPI [1]	result	0.24209936	0.00000512	0x00	0x00
SPI [1]	result	0.24210464	0.00000512	0x00	0x00
SPI [1]	result	0.24210992	0.00000512	0x00	0x00
SPI [1]	result	0.24211520	0.00000512	0x00	0x00
SPI [1]	result	0.24212048	0.00000512	0x00	0x00
SPI [1]	result	0.24212576	0.00000512	0x00	0x00
SPI [1]	result	0.24213104	0.00000512	0x00	0x00
SPI [1]	result	0.24213632	0.00000512	0x00	0x00
SPI [1]	result	0.24214160	0.00000512	0x00	0x00
SPI [1]	result	0.24214688	0.00000512	0x00	0x0C
SPI [1]	result	0.24215216	0.00000512	0x00	0x33
SPI [1]	result	0.24215744	0.00000512	0x00	0xCA
SPI [1]	result	0.24216272	0.00000512	0x00	0x55
SPI [1]	result	0.24216800	0.00000512	0x00	0xA0
SPI [1]	result	0.24217328	0.00000512	0x00	0x00
SPI [1]	result	0.24217856	0.00000512	0x00	0x00
SPI [1]	result	0.24218384	0.00000512	0x00	0x00
SPI [1]	result	0.24218912	0.00000512	0x00	0x00
SPI [1]	result	0.24219440	0.00000512	0x00	0x00
SPI [1]	result	0.24219968	0.00000512	0x00	0x00
SPI [1]	result	0.24220496	0.00000512	0x00	0x00
SPI [1]	result	0.24221024	0.00000512	0x00	0x00
SPI [1]	result	0.24221552	0.00000512	0x00	0x00
SPI [1]	result	0.24222080	0.00000512	0x00	0xC3
SPI [1]	result	0.24222608	0.00000512	0x00	0x3C
SPI [1]	result	0.24223136	0.00000512	0x00	0xA5
SPI [1]	result	0.24223664	0.00000512	0x00	0x5A
SPI [1]	result	0.24224192	0.00000512	0x00	0x00
SPI [1]	result	0.24224720	0.00000512	0x00	0x00
SPI [1]	result	0.24225248	0.00000512	0x00	0x00
SPI [1]	result	0.24225776	0.00000512	0x00	0x00
SPI [1]	result	0.24226304	0.00000512	0x00	0x00
SPI [1]	result	0.24226832	0.00000512	0x00	0x00
SPI [1]	result	0.24227360	0.00000512	0x00	0x00
SPI [1]	result	0.24227888	0.00000512	0x00	0x00
SPI [1]	result	0.24228416	0.00000512	0x00	0x00
SPI [1]	result	0.24228944	0.00000512	0x00	0x0C
SPI [1]	result	0.24229472	0.00000512	0x00	0x33
SPI [1]	result	0.24230000	0.00000512	0x00	0xCA
SPI [1]	result	0.24230528	0.00000512	0x00	0x55
SPI [1]	result	0.24231056	0.00000512	0x00	0xA0
SPI [1]	result	0.24231584	0.00000512	0x00	0x00
SPI [1]	result	0.24232112	0.00000512	0x00	0x00
SPI [1]	result	0.24232640	0.00000512	0x00	0x00
SPI [1]	result	0.24233168	0.00000512	0x00	0x00
SPI [1]	result	0.24233696	0.00000512	0x00	0x00
SPI [1]	result	0.24234224	0.00000512	0x00	0x00
SPI [1]	result	0.24234752	0.00000512	0x00	0x00
SPI [1]	result	0.24235280	0.00000512	0x00	0x00
SPI [1]	result	0.24235808	0.00000512	0x00	0x00
SPI [1]	result	0.24236336	0.00000512	0x00	0xC3
SPI [1]	result	0.24236864	0.00000512	0x00	0x3C
SPI [1]	result	0.24237392	0.00000512	0x00	0xA5
SPI [1]	result	0.24237920	0.00000512	0x00	0x5A
SPI [1]	result	0.24238448	0.00000512	0x00	0x00
SPI [1]	result	0.24238976	0.00000512	0x00	0x00
SPI [1]	result	0.24239504	0.00000512	0x00	0x00
SPI [1]	result	0.24240032	0.00000512	0x00	0x00
SPI [1]	result	0.24240560	0.00000512	0x00	0x00
SPI [1]	result	0.24241088	0.00000512	0x00	0x00
SPI [1]	result	0.24241616	0.00000512	0x00	0x00
SPI [1]	result	0.24242144	0.00000512	0x00	0x00
SPI [1]	result	0.24242672	0.00000512	0x00	0x00
SPI [1]	result	0.24243200	0.00000512	0x00	0x0C
SPI [1]	result	0.24243728	0.00000512	0x00	0x33
SPI [1]	result	0.24244256	0.00000512	0x00	0xCA
SPI [1]	result	0.24244784	0.00000512	0x00	0x55
SPI [1]	result	0.24245312	0.00000512	0x00	0xA0
SPI [1]	result	0.24245840	0.00000512	0x00	0x00
SPI [1]	result	0.24246368	0.00000512	0x00	0x00
SPI [1]	result	0.24246896	0.00000512	0x00	0x00
SPI [1]	result	0.24247424	0.00000512	0x00	0x00
SPI [1]	result	0.24247952	0.00000512	0x00	0x00
SPI [1]	result	0.24248480	0.00000512	0x00	0x00
SPI [1]	result	0.24249008	0.00000512	0x00	0x00
SPI [1]	result	0.24249536	0.00000512	0x00	0x00
SPI [1]	result	0.24250064	0.00000512	0x00	0x00
SPI [1]	result	0.24250592	0.00000512	0x00	0xC3
SPI [1]	result	0.24251120	0.00000512	0x00	0x3C
SPI [1]	result	0.24251648	0.00000512	0x00	0xA5
SPI [1]	result	0.24252176	0.00000512	0x00	0x5A
SPI [1]	result	0.24252704	0.00000512	0x00	0x00
SPI [1]	result	0.24253232	0.00000512	0x00	0x00
SPI [1]	result	0.24253760	0.00000512	0x00	0x00
SPI [1]	result	0.24254288	0.00000512	0x00	0x00
SPI [1]	result	0.24254816	0.00000512	0x00	0x00
SPI [1]	result	0.24255344	0.00000512	0x00	0x00
SPI [1]	result	0.24255872	0.00000512	0x00	0x00
SPI [1]	result	0.24256400	0.00000512	0x00	0x00
SPI [1]	result	0.24256928	0.00000512	0x00	0x00
SPI [1]	result	0.24257456	0.00000512	0x00	0x0C
SPI [1]	result	0.24257984	0.00000512	0x00	0x33
SPI [1]	result	0.24258512	0.00000512	0x00	0xCA
SPI [1]	result	0.24259040	0.00000512	0x00	0x55
SPI [1]	result	0.24259568	0.00000512	0x00	0xA0
SPI [1]	result	0.24260096	0.00000512	0x00	0x00
SPI [1]	result	0.24260624	0.00000512	0x00	0x00
SPI [1]	result	0.24261152	0.00000512	0x00	0x00
SPI [1]	result	0.24261680	0.00000512	0x00	0x00
SPI [1]	result	0.24262208	0.00000512	0x5A	0x00
SPI [1]	result	0.24575169	0.00000512	0xFF	0xC3
SPI [1]	result	0.24575697	0.00000512	0x00	0x3C
SPI [1]	result	0.24576225	0.00000512	0x00	0xA5
SPI [1]	result	0.24576753	0.00000512	0x00	0x5A
SPI [1]	result	0.24577281	0.00000512	0x00	0x00
SPI [1]	result	0.24577809	0.00000512	0x00	0x00
SPI [1]	result	0.24578337	0.00000512	0x00	0x00
SPI [1]	result	0.24578865	0.00000512	0x00	0x00
SPI [1]	result	0.24579393	0.00000512	0x00	0x00
SPI [1]	result	0.24579921	0.00000512	0x00	0x00
SPI [1]	result	0.24580449	0.00000512	0x00	0x00
SPI [1]	result	0.24580977	0.00000512	0x00	0x00
SPI [1]	result	0.24581505	0.00000512	0x00	0x00
SPI [1]	result	0.24582033	0.00000512	0x00	0x0C
SPI [1]	result	0.24582561	0.00000512	0x00	0x33
SPI [1]	result	0.24583089	0.00000512	0x00	0xCA
SPI [1]	result	0.24583617	0.00000512	0x00	0x55
SPI [1]	result	0.24584145	0.00000512	0x00	0xA0
SPI [1]	result	0.24584673	0.00000512	0x00	0x00
SPI [1]	result	0.24585201	0.00000512	0x00	0x00
SPI [1]	result	0.24585729	0.00000512	0x00	0x00
SPI [1]	result	0.24586257	0.00000512	0x00	0x00
SPI [1]	result	0.24586785	0.00000512	0x00	0x00
SPI [1]	result	0.24587313	0.00000512	0x00	0x00
SPI [1]	result	0.24587841	0.00000512	0x00	0x00
SPI [1]	result	0.24588369	0.00000512	0x00	0x00
SPI [1]	result	0.24588897	0.00000512	0x00	0x00
SPI [1]	result	0.24589425	0.00000512	0x00	0xC3
SPI [1]	result	0.24589953	0.00000512	0x00	0x3C
SPI [1]	result	0.24590481	0.00000512	0x00	0xA5
SPI [1]	result	0.24591009	0.00000512	0x00	0x5A
SPI [1]	result	0.24591537	0.00000512	0x00	0x00
SPI [1]	result	0.24592065	0.00000512	0x00	0x00
SPI [1]	result	0.24592593	0.00000512	0x00	0x00
SPI [1]	result	0.24593121	0.00000512	0x00	0x00
SPI [1]	result	0.24593649	0.00000512	0x00	0x00
SPI [1]	result	0.24594177	0.00000512	0x00	0x00
SPI [1]	result	0.24594705	0.00000512	0x00	0x00
SPI [1]	result	0.24595233	0.00000512	0x00	0x00
SPI [1]	result	0.24595761	0.00000512	0x00	0x00
SPI [1]	result	0.24596289	0.00000512	0x00	0x0C
SPI [1]	result	0.24596817	0.00000512	0x00	0x33
SPI [1]	result	0.24597345	0.00000512	0x00	0xCA
SPI [1]	result	0.24597873	0.00000512	0x00	0x55
SPI [1]	result	0.24598401	0.00000512	0x00	0xA0
SPI [1]	result	0.24598929	0.00000512	0x00	0x00
SPI [1]	result	0.24599457	0.00000512	0x00	0x00
SPI [1]	result	0.24599985	0.00000512	0x00	0x00
SPI [1]	result	0.24600513	0.00000512	0x00	0x00
SPI [1]	result	0.24601041	0.00000512	0x00	0x00
SPI [1]	result	0.24601569	0.00000512	0x00	0x00
SPI [1]	result	0.24602097	0.00000512	0x00	0x00
SPI [1]	result	0.24602625	0.00000512	0x00	0x00
SPI [1]	result	0.24603153	0.00000512	0x00	0x00
SPI [1]	result	0.24603681	0.00000512	0x00	0xC3
SPI [1]	result	0.24604209	0.00000512	0x00	0x3C
SPI [1]	result	0.24604737	0.00000512	0x00	0xA5
SPI [1]	result	0.24605265	0.00000512	0x00	0x5A
SPI [1]	result	0.24605793	0.00000512	0x00	0x00
SPI [1]	result	0.24606321	0.00000512	0x00	0x00
SPI [1]	result	0.24606849	0.00000512	0x00	0x00
SPI [1]	result	0.24607377	0.00000512	0x00	0x00
SPI [1]	result	0.24607905	0.00000512	0x00	0x00
SPI [1]	result	0.24608433	0.00000512	0x00	0x00
SPI [1]	result	0.24608961	0.00000512	0x00	0x00
SPI [1]	result	0.24609489	0.00000512	0x00	0x00
SPI [1]	result	0.24610017	0.00000512	0x00	0x00
SPI [1]	result	0.24610545	0.00000512	0x00	0x0C
SPI [1]	result	0.24611073	0.00000512	0x00	0x33
SPI [1]	result	0.24611601	0.00000512	0x00	0xCA
SPI [1]	result	0.24612129	0.00000512	0x00	0x55
SPI [1]	result	0.24612657	0.00000512	0x00	0xA0
SPI [1]	result	0.24613185	0.00000512	0x00	0x00
SPI [1]	result	0.24613713	0.00000512	0x00	0x00
SPI [1]	result	0.24614241	0.00000512	0x00	0x00
SPI [1]	result	0.24614769	0.00000512	0x00	0x00
SPI [1]	result	0.24615297	0.00000512	0x00	0x00
SPI [1]	result	0.24615825	0.00000512	0x00	0x00
SPI [1]	result	0.24616353	0.00000512	0x00	0x00
SPI [1]	result	0.24616881	0.00000512	0x00	0x00
SPI [1]	result	0.24617409	0.00000512	0x00	0x00
SPI [1]	result	0.24617937	0.00000512	0x00	0xC3
SPI [1]	result	0.24618465	0.00000512	0x00	0x3C
SPI [1]	result	0.24618993	0.00000512	0x00	0xA5
SPI [1]	result	0.24619521	0.00000512	0x00	0x5A
SPI [1]	result	0.24620049	0.00000512	0x00	0x00
SPI [1]	result	0.24620577	0.00000512	0x00	0x00
SPI [1]	result	0.24621105	0.00000512	0x00	0x00
SPI [1]	result	0.24621633	0.00000512	0x00	0x00
SPI [1]	result	0.24622161	0.00000512	0x00	0x00
SPI [1]	result	0.24622689	0.00000512	0x00	0x00
SPI [1]	result	0.24623217	0.00000512	0x00	0x00
SPI [1]	result	0.24623745	0.00000512	0x00	0x00
SPI [1]	result	0.24624273	0.00000512	0x00	0x00
SPI [1]	result	0.24624801	0.00000512	0x00	0x0C
SPI [1]	result	0.24625329	0.00000512	0x00	0x33
SPI [1]	result	0.24625857	0.00000512	0x00	0xCA
SPI [1]	result	0.24626385	0.00000512	0x00	0x55
SPI [1]	result	0.24626913	0.00000512	0x00	0xA0
SPI [1]	result	0.24627441	0.00000512	0x00	0x00
SPI [1]	result	0.24627969	0.00000512	0x00	0x00
SPI [1]	result	0.24628497	0.00000512	0x00	0x00
SPI [1]	result	0.24629025	0.00000512	0x00	0x00
SPI [1]	result	0.24629553	0.00000512	0x00	0x00
SPI [1]	result	0.24630081	0.00000512	0x00	0x00
SPI [1]	result	0.24630609	0.00000512	0x00	0x00
SPI [1]	result	0.24631137	0.00000512	0x00	0x00
SPI [1]	result	0.24631665	0.00000512	0x00	0x00
SPI [1]	result	0.24632193	0.00000512	0x00	0xC3
SPI [1]	result	0.24632721	0.00000512	0x00	0x3C
SPI [1]	result	0.24633249	0.00000512	0x00	0xA5
SPI [1]	result	0.24633777	0.00000512	0x00	0x5A
SPI [1]	result	0.24634305	0.00000512	0x00	0x00
SPI [1]	result	0.24634833	0.00000512	0x00	0x00
SPI [1]	result	0.24635361	0.00000512	0x00	0x00
SPI [1]	result	0.24635889	0.00000512	0x00	0x00
SPI [1]	result	0.24636417	0.00000512	0x00	0x00
SPI [1]	result	0.24636945	0.00000512	0x00	0x00
SPI [1]	result	0.24637473	0.00000512	0x00	0x00
SPI [1]	result	0.24638001	0.00000512	0x00	0x00
SPI [1]	result	0.24638529	0.00000512	0x00	0x00
SPI [1]	result	0.24639057	0.00000512	0x00	0x0C
SPI [1]	result	0.24639585	0.00000512	0x00	0x33
SPI [1]	result	0.24640113	0.00000512	0x00	0xCA
SPI [1]	result	0.24640641	0.00000512	0x00	0x55
SPI [1]	result	0.24641169	0.00000512	0x00	0xA0
SPI [1]	result	0.24641697	0.00000512	0x00	0x00
SPI [1]	result	0.24642225	0.00000512	0x00	0x00
SPI [1]	result	0.24642753	0.00000512	0x00	0x00
SPI [1]	result	0.24643281	0.00000512	0x00	0x00
SPI [1]	result	0.24643809	0.00000512	0x5A	0x00
SPI [1]	result	0.24958827	0.00000512	0xB8	0xC3
SPI [1]	result	0.24959355	0.00000512	0x01	0x3C
SPI [1]	result	0.24959883	0.00000512	0x06	0xA5
SPI [1]	result	0.24960411	0.00000512	0x26	0x5A
SPI [1]	result	0.25038961	0.00000512	0x0B	0xC3
SPI [1]	result	0.25039489	0.00000512	0x10	0x3C
SPI [1]	result	0.25040017	0.00000512	0x80	0xA5
SPI [1]	result	0.25040545	0.00000512	0x3A	0x5A
SPI [1]	result	0.25095457	0.00000512	0x00	0xC3
SPI [1]	result	0.25095985	0.00000512	0x00	0x3C
SPI [1]	result	0.25096513	0.00000512	0x05	0xA5
SPI [1]	result	0.25097041	0.00000512	0x56	0x5A
SPI [1]	result	0.25174555	0.00000512	0x0C	0xC3
SPI [1]	result	0.25175083	0.00000512	0x00	0x3C
SPI [1]	result	0.25175611	0.00000512	0x86	0xA5
SPI [1]	result	0.25176139	0.00000512	0x0A	0x5A
SPI [1]	result	0.25232952	0.00000512	0x00	0xC3
SPI [1]	result	0.25233480	0.00000512	0x00	0x3C
SPI [1]	result	0.25234008	0.00000512	0x00	0xA5
SPI [1]	result	0.25234536	0.00000512	0x00	0x5A
SPI [1]	result	0.25290449	0.00000512	0x08	0xC3
SPI [1]	result	0.25290977	0.00000512	0x00	0x3C
SPI [1]	result	0.25291505	0.00000512	0x85	0xA5
SPI [1]	result	0.25292033	0.00000512	0x68	0x5A
SPI [1]	result	0.25600356	0.00000512	0x00	0xC3
SPI [1]	result	0.25600884	0.00000512	0x00	0x3C
SPI [1]	result	0.25601412	0.00000512	0x53	0xA5
SPI [1]	result	0.25601940	0.00000512	0x50	0x5A
SPI [1]	result	0.25602468	0.00000512	0x58	0x00
SPI [1]	result	0.25602996	0.00000512	0x31	0x00
SPI [1]	result	0.25603524	0.00000512	0x00	0x00
SPI [1]	result	0.25604052	0.00000512	0x00	0x00
SPI [1]	result	0.25604580	0.00000512	0x00	0x00
SPI [1]	result	0.25605108	0.00000512	0x00	0x00
SPI [1]	result	0.25605636	0.00000512	0x00	0x00
SPI [1]	result	0.25606164	0.00000512	0x00	0x00
SPI [1]	result	0.25606692	0.00000512	0x47	0x00
SPI [1]	result	0.25607220	0.00000512	0x46	0x0C
SPI [1]	result	0.25607748	0.00000512	0x58	0x33
SPI [1]	result	0.25608276	0.00000512	0x20	0xCA
SPI [1]	result	0.25608804	0.00000512	0x35	0x55
SPI [1]	result	0.25609332	0.00000512	0x30	0xA0
SPI [1]	result	0.25609860	0.00000512	0x53	0x00
SPI [1]	result	0.25610388	0.00000512	0x00	0x00
SPI [1]	result	0.25610916	0.00000512	0x00	0x00
SPI [1]	result	0.25611444	0.00000512	0x00	0x00
SPI [1]	result	0.25611972	0.00000512	0x00	0x00
SPI [1]	result	0.25612500	0.00000512	0x00	0x00
SPI [1]	result	0.25613028	0.00000512	0x00	0x00
SPI [1]	result	0.25613556	0.00000512	0x00	0x00
SPI [1]	result	0.25614084	0.00000512	0x00	0x00
SPI [1]	result	0.25614612	0.00000512	0x00	0xC3
SPI [1]	result	0.25615140	0.00000512	0x00	0x3C
SPI [1]	result	0.25615668	0.00000512	0x00	0xA5
SPI [1]	result	0.25616196	0.00000512	0x00	0x5A
SPI [1]	result	0.25616724	0.00000512	0x00	0x00
SPI [1]	result	0.25617252	0.00000512	0x47	0x00
SPI [1]	result	0.25617780	0.00000512	0x46	0x00
SPI [1]	result	0.25618308	0.00000512	0x58	0x00
SPI [1]	result	0.25618836	0.00000512	0x20	0x00
SPI [1]	result	0.25619364	0.00000512	0x35	0x00
SPI [1]	result	0.25619892	0.00000512	0x30	0x00
SPI [1]	result	0.25620420	0.00000512	0x53	0x00
SPI [1]	result	0.25620948	0.00000512	0x00	0x00
SPI [1]	result	0.25621476	0.00000512	0x00	0x0C
SPI [1]	result	0.25622004	0.00000512	0x00	0x33
SPI [1]	result	0.25622532	0.00000512	0x00	0xCA
SPI [1]	result	0.25623060	0.00000512	0x00	0x55
SPI [1]	result	0.25623588	0.00000512	0x00	0xA0
SPI [1]	result	0.25624116	0.00000512	0x00	0x00
SPI [1]	result	0.25624644	0.00000512	0x00	0x00
SPI [1]	result	0.25625172	0.00000512	0x35	0x00
SPI [1]	result	0.25625700	0.00000512	0x39	0x00
SPI [1]	result	0.25626228	0.00000512	0x33	0x00
SPI [1]	result	0.25626756	0.00000512	0x35	0x00
SPI [1]	result	0.25627284	0.00000512	0x33	0x00
SPI [1]	result	0.25627812	0.00000512	0x33	0x00
SPI [1]	result	0.25628340	0.00000512	0x33	0x00
SPI [1]	result	0.25628868	0.00000512	0x31	0xC3
SPI [1]	result	0.25629396	0.00000512	0x33	0x3C
SPI [1]	result	0.25629924	0.00000512	0x36	0xA5
SPI [1]	result	0.25630452	0.00000512	0x33	0x5A
SPI [1]	result	0.25630980	0.00000512	0x31	0x00
SPI [1]	result	0.25631508	0.00000512	0x31	0x00
SPI [1]	result	0.25632036	0.00000512	0x37	0x00
SPI [1]	result	0.25632564	0.00000512	0x30	0x00
SPI [1]	result	0.25633092	0.00000512	0x32	0x00
SPI [1]	result	0.25633620	0.00000512	0x31	0x00
SPI [1]	result	0.25634148	0.00000512	0x36	0x00
SPI [1]	result	0.25634676	0.00000512	0x37	0x00
SPI [1]	result	0.25635204	0.00000512	0x30	0x00
SPI [1]	result	0.25635732	0.00000512	0x32	0x0C
SPI [1]	result	0.25636260	0.00000512	0x30	0x33
SPI [1]	result	0.25636788	0.00000512	0x31	0xCA
SPI [1]	result	0.25637316	0.00000512	0x30	0x55
SPI [1]	result	0.25637844	0.00000512	0x31	0xA0
SPI [1]	result	0.25638372	0.00000512	0x31	0x00
SPI [1]	result	0.25638900	0.00000512	0x30	0x00
SPI [1]	result	0.25639428	0.00000512	0x36	0x00
SPI [1]	result	0.25639956	0.00000512	0x39	0x00
SPI [1]	result	0.25640484	0.00000512	0x41	0x00
SPI [1]	result	0.25641012	0.00000512	0x04	0x00
SPI [1]	result	0.25641540	0.00000512	0x20	0x00
SPI [1]	result	0.25642068	0.00000512	0x02	0x00
SPI [1]	result	0.25642596	0.00000512	0x16	0x00
SPI [1]	result	0.25643124	0.00000512	0x01	0xC3
SPI [1]	result	0.25643652	0.00000512	0x00	0x3C
SPI [1]	result	0.25644180	0.00000512	0x01	0xA5
SPI [1]	result	0.25644708	0.00000512	0x00	0x5A
SPI [1]	result	0.25645236	0.00000512	0x01	0x00
SPI [1]	result	0.25645764	0.00000512	0x00	0x00
SPI [1]	result	0.25646292	0.00000512	0x00	0x00
SPI [1]	result	0.25646820	0.00000512	0x00	0x00
SPI [1]	result	0.25647348	0.00000512	0x00	0x00
SPI [1]	result	0.25647876	0.00000512	0x00	0x00
SPI [1]	result	0.25648404	0.00000512	0x00	0x00
SPI [1]	result	0.25648932	0.00000512	0x00	0x00
SPI [1]	result	0.25649460	0.00000512	0x00	0x00
SPI [1]	result	0.25649988	0.00000512	0x00	0x0C
SPI [1]	result	0.25650516	0.00000512	0x00	0x33
SPI [1]	result	0.25651044	0.00000512	0x00	0xCA
SPI [1]	result	0.25651572	0.00000512	0x00	0x55
SPI [1]	result	0.25652100	0.00000512	0x00	0xA0
SPI [1]	result	0.25652628	0.00000512	0x00	0x00
SPI [1]	result	0.25653156	0.00000512	0x00	0x00
SPI [1]	result	0.25653684	0.00000512	0x00	0x00
SPI [1]	result	0.25654212	0.00000512	0x00	0x00
SPI [1]	result	0.25654740	0.00000512	0x00	0x00
SPI [1]	result	0.25655268	0.00000512	0x00	0x00
SPI [1]	result	0.25655796	0.00000512	0x00	0x00
SPI [1]	result	0.25656324	0.00000512	0x00	0x00
SPI [1]	result	0.25656852	0.00000512	0x00	0x00
SPI [1]	result	0.25657380	0.00000512	0x00	0xC3
SPI [1]	result	0.25657908	0.00000512	0x00	0x3C
SPI [1]	result	0.25658436	0.00000512	0x00	0xA5
SPI [1]	result	0.25658964	0.00000512	0x00	0x5A
SPI [1]	result	0.25659492	0.00000512	0x00	0x00
SPI [1]	result	0.25660020	0.00000512	0x00	0x00
SPI [1]	result	0.25660548	0.00000512	0x00	0x00
SPI [1]	result	0.25661076	0.00000512	0x00	0x00
SPI [1]	result	0.25661604	0.00000512	0x00	0x00
SPI [1]	result	0.25662132	0.00000512	0x00	0x00
SPI [1]	result	0.25662660	0.00000512	0x00	0x00
SPI [1]	result	0.25663188	0.00000512	0x00	0x00
SPI [1]	result	0.25663716	0.00000512	0x00	0x00
SPI [1]	result	0.25664244	0.00000512	0x00	0x0C
SPI [1]	result	0.25664772	0.00000512	0x00	0x33
SPI [1]	result	0.25665300	0.00000512	0x00	0xCA
SPI [1]	result	0.25665828	0.00000512	0x00	0x55
SPI [1]	result	0.25666356	0.00000512	0x00	0xA0
SPI [1]	result	0.25666884	0.00000512	0x00	0x00
SPI [1]	result	0.25667412	0.00000512	0x00	0x00
SPI [1]	result	0.25667940	0.00000512	0x00	0x00
SPI [1]	result	0.25668468	0.00000512	0x00	0x00
SPI [1]	result	0.25668996	0.00000512	0xEF	0x00
SPI [1]	result	0.25981575	0.00000512	0xFF	0xC3
SPI [1]	result	0.25982103	0.00000512	0xFF	0x3C
SPI [1]	result	0.25982631	0.00000512	0x53	0xA5
SPI [1]	result	0.25983159	0.00000512	0x50	0x5A
SPI [1]	result	0.25983687	0.00000512	0x58	0x00
SPI [1]	result	0.25984215	0.00000512	0x31	0x00
SPI [1]	result	0.25984743	0.00000512	0x00	0x00
SPI [1]	result	0.25985271	0.00000512	0x00	0x00
SPI [1]	result	0.25985799	0.00000512	0x00	0x00
SPI [1]	result	0.25986327	0.00000512	0x00	0x00
SPI [1]	result	0.25986855	0.00000512	0x00	0x00
SPI [1]	result	0.25987383	0.00000512	0x00	0x00
SPI [1]	result	0.25987911	0.00000512	0x47	0x00
SPI [1]	result	0.25988439	0.00000512	0x46	0x0C
SPI [1]	result	0.25988967	0.00000512	0x58	0x33
SPI [1]	result	0.25989495	0.00000512	0x20	0xCA
SPI [1]	result	0.25990023	0.00000512	0x35	0x55
SPI [1]	result	0.25990551	0.00000512	0x30	0xA0
SPI [1]	result	0.25991079	0.00000512	0x53	0x00
SPI [1]	result	0.25991607	0.00000512	0x00	0x00
SPI [1]	result	0.25992135	0.00000512	0x00	0x00
SPI [1]	result	0.25992663	0.00000512	0x00	0x00
SPI [1]	result	0.25993191	0.00000512	0x00	0x00
SPI [1]	result	0.25993719	0.00000512	0x00	0x00
SPI [1]	result	0.25994247	0.00000512	0x00	0x00
SPI [1]	result	0.25994775	0.00000512	0x00	0x00
SPI [1]	result	0.25995303	0.00000512	0x00	0x00
SPI [1]	result	0.25995831	0.00000512	0x00	0xC3
SPI [1]	result	0.25996359	0.00000512	0x00	0x3C
SPI [1]	result	0.25996887	0.00000512	0x00	0xA5
SPI [1]	result	0.25997415	0.00000512	0x00	0x5A
SPI [1]	result	0.25997943	0.00000512	0x00	0x00
SPI [1]	result	0.25998471	0.00000512	0x47	0x00
SPI [1]	result	0.25998999	0.00000512	0x46	0x00
SPI [1]	result	0.25999527	0.00000512	0x58	0x00
SPI [1]	result	0.26000055	0.00000512	0x20	0x00
SPI [1]	result	0.26000583	0.00000512	0x35	0x00
SPI [1]	result	0.26001111	0.00000512	0x30	0x00
SPI [1]	result	0.26001639	0.00000512	0x53	0x00
SPI [1]	result	0.26002167	0.00000512	0x00	0x00
SPI [1]	result	0.26002695	0.00000512	0x00	0x0C
SPI [1]	result	0.26003223	0.00000512	0x00	0x33
SPI [1]	result	0.26003751	0.00000512	0x00	0xCA
SPI [1]	result	0.26004279	0.00000512	0x00	0x55
SPI [1]	result	0.26004807	0.00000512	0x00	0xA0
SPI [1]	result	0.26005335	0.00000512	0x00	0x00
SPI [1]	result	0.26005863	0.00000512	0x00	0x00
SPI [1]	result	0.26006391	0.00000512	0x35	0x00
SPI [1]	result	0.26006919	0.00000512	0x39	0x00
SPI [1]	result	0.26007447	0.00000512	0x33	0x00
SPI [1]	result	0.26007975	0.00000512	0x35	0x00
SPI [1]	result	0.26008503	0.00000512	0x33	0x00
SPI [1]	result	0.26009031	0.00000512	0x33	0x00
SPI [1]	result	0.26009559	0.00000512	0x33	0x00
SPI [1]	result	0.26010087	0.00000512	0x31	0xC3
SPI [1]	result	0.26010615	0.00000512	0x33	0x3C
SPI [1]	result	0.26011143	0.00000512	0x36	0xA5
SPI [1]	result	0.26011671	0.00000512	0x33	0x5A
SPI [1]	result	0.26012199	0.00000512	0x31	0x00
SPI [1]	result	0.26012727	0.00000512	0x31	0x00
SPI [1]	result	0.26013255	0.00000512	0x37	0x00
SPI [1]	result	0.26013783	0.00000512	0x30	0x00
SPI [1]	result	0.26014311	0.00000512	0x32	0x00
SPI [1]	result	0.26014839	0.00000512	0x31	0x00
SPI [1]	result	0.26015367	0.00000512	0x36	0x00
SPI [1]	result	0.26015895	0.00000512	0x37	0x00
SPI [1]	result	0.26016423	0.00000512	0x30	0x00
SPI [1]	result	0.26016951	0.00000512	0x32	0x0C
SPI [1]	result	0.26017479	0.00000512	0x30	0x33
SPI [1]	result	0.26018007	0.00000512	0x31	0xCA
SPI [1]	result	0.26018535	0.00000512	0x30	0x55
SPI [1]	result	0.26019063	0.00000512	0x31	0xA0
SPI [1]	result	0.26019591	0.00000512	0x31	0x00
SPI [1]	result	0.26020119	0.00000512	0x30	0x00
SPI [1]	result	0.26020647	0.00000512	0x36	0x00
SPI [1]	result	0.26021175	0.00000512	0x39	0x00
SPI [1]	result	0.26021703	0.00000512	0x41	0x00
SPI [1]	result	0.26022231	0.00000512	0x04	0x00
SPI [1]	result	0.26022759	0.00000512	0x20	0x00
SPI [1]	result	0.26023287	0.00000512	0x02	0x00
SPI [1]	result	0.26023815	0.00000512	0x16	0x00
SPI [1]	result	0.26024343	0.00000512	0x01	0xC3
SPI [1]	result	0.26024871	0.00000512	0x00	0x3C
SPI [1]	result	0.26025399	0.00000512	0x01	0xA5
SPI [1]	result	0.26025927	0.00000512	0x00	0x5A
SPI [1]	result	0.26026455	0.00000512	0x01	0x00
SPI [1]	result	0.26026983	0.00000512	0x00	0x00
SPI [1]	result	0.26027511	0.00000512	0x00	0x00
SPI [1]	result	0.26028039	0.00000512	0x00	0x00
SPI [1]	result	0.26028567	0.00000512	0x00	0x00
SPI [1]	result	0.26029095	0.00000512	0x00	0x00
SPI [1]	result	0.26029623	0.00000512	0x00	0x00
SPI [1]	result	0.26030151	0.00000512	0x00	0x00
SPI [1]	result	0.26030679	0.00000512	0x00	0x00
SPI [1]	result	0.26031207	0.00000512	0x00	0x0C
SPI [1]	result	0.26031735	0.00000512	0x00	0x33
SPI [1]	result	0.26032263	0.00000512	0x00	0xCA
SPI [1]	result	0.26032791	0.00000512	0x00	0x55
SPI [1]	result	0.26033319	0.00000512	0x00	0xA0
SPI [1]	result	0.26033847	0.00000512	0x00	0x00
SPI [1]	result	0.26034375	0.00000512	0x00	0x00
SPI [1]	result	0.26034903	0.00000512	0x00	0x00
SPI [1]	result	0.26035431	0.00000512	0x00	0x00
SPI [1]	result	0.26035959	0.00000512	0x00	0x00
SPI [1]	result	0.26036487	0.00000512	0x00	0x00
SPI [1]	result	0.26037015	0.00000512	0x00	0x00
SPI [1]	result	0.26037543	0.00000512	0x00	0x00
SPI [1]	result	0.26038071	0.00000512	0x00	0x00
SPI [1]	result	0.26038599	0.00000512	0x00	0xC3
SPI [1]	result	0.26039127	0.00000512	0x00	0x3C
SPI [1]	result	0.26039655	0.00000512	0x00	0xA5
SPI [1]	result	0.26040183	0.00000512	0x00	0x5A
SPI [1]	result	0.26040711	0.00000512	0x00	0x00
SPI [1]	result	0.26041239	0.00000512	0x00	0x00
SPI [1]	result	0.26041767	0.00000512	0x00	0x00
SPI [1]	result	0.26042295	0.00000512	0x00	0x00
SPI [1]	result	0.26042823	0.00000512	0x00	0x00
SPI [1]	result	0.26043351	0.00000512	0x00	0x00
SPI [1]	result	0.26043879	0.00000512	0x00	0x00
SPI [1]	result	0.26044407	0.00000512	0x00	0x00
SPI [1]	result	0.26044935	0.00000512	0x00	0x00
SPI [1]	result	0.26045463	0.00000512	0x00	0x0C
SPI [1]	result	0.26045991	0.00000512	0x00	0x33
SPI [1]	result	0.26046519	0.00000512	0x00	0xCA
SPI [1]	result	0.26047047	0.00000512	0x00	0x55
SPI [1]	result	0.26047575	0.00000512	0x00	0xA0
SPI [1]	result	0.26048103	0.00000512	0x00	0x00
SPI [1]	result	0.26048631	0.00000512	0x00	0x00
SPI [1]	result	0.26049159	0.00000512	0x00	0x00
SPI [1]	result	0.26049687	0.00000512	0x00	0x00
SPI [1]	result	0.26050215	0.00000512	0xED	0x00
SPI [1]	result	0.26363069	0.00000512	0x00	0xC3
SPI [1]	result	0.26363597	0.00000512	0x00	0x3C
SPI [1]	result	0.26364125	0.00000512	0x05	0xA5
SPI [1]	result	0.26364653	0.00000512	0x96	0x5A
SPI [1]	result	0.26443753	0.00000512	0x0D	0xC3
SPI [1]	result	0.26444281	0.00000512	0x10	0x3C
SPI [1]	result	0.26444809	0.00000512	0x80	0xA5
SPI [1]	result	0.26445337	0.00000512	0x0A	0x5A
SPI [1]	result	0.26500468	0.00000512	0x00	0xC3
SPI [1]	result	0.26500996	0.00000512	0x00	0x3C
SPI [1]	result	0.26501524	0.00000512	0x00	0xA5
SPI [1]	result	0.26502052	0.00000512	0x00	0x5A
SPI [1]	result	0.26558184	0.00000512	0x08	0xC3
SPI [1]	result	0.26558712	0.00000512	0x00	0x3C
SPI [1]	result	0.26559240	0.00000512	0x85	0xA5
SPI [1]	result	0.26559768	0.00000512	0xA8	0x5A
SPI [1]	result	0.26617202	0.00000512	0x00	0xC3
SPI [1]	result	0.26617730	0.00000512	0x00	0x3C
SPI [1]	result	0.26618258	0.00000512	0x08	0xA5
SPI [1]	result	0.26618786	0.00000512	0x20	0x5A
SPI [1]	result	0.26696736	0.00000512	0x0E	0xC3
SPI [1]	result	0.26697264	0.00000512	0x10	0x3C
SPI [1]	result	0.26697792	0.00000512	0x80	0xA5
SPI [1]	result	0.26698320	0.00000512	0x12	0x5A
SPI [1]	result	0.26753808	0.00000512	0x00	0xC3
SPI [1]	result	0.26754336	0.00000512	0x00	0x3C
SPI [1]	result	0.26754864	0.00000512	0x00	0xA5
SPI [1]	result	0.26755392	0.00000512	0x00	0x5A
SPI [1]	result	0.26811058	0.00000512	0x08	0xC3
SPI [1]	result	0.26811586	0.00000512	0x00	0x3C
SPI [1]	result	0.26812114	0.00000512	0x88	0xA5
SPI [1]	result	0.26812642	0.00000512	0x32	0x5A
SPI [1]	result	0.26870875	0.00000512	0x00	0xC3
SPI [1]	result	0.26871403	0.00000512	0x00	0x3C
SPI [1]	result	0.26871931	0.00000512	0x0C	0xA5
SPI [1]	result	0.26872459	0.00000512	0x30	0x5A
SPI [1]	result	0.26950409	0.00000512	0x0F	0xC3
SPI [1]	result	0.26950937	0.00000512	0x10	0x3C
SPI [1]	result	0.26951465	0.00000512	0x80	0xA5
SPI [1]	result	0.26951993	0.00000512	0x1A	0x5A
SPI [1]	result	0.27007355	0.00000512	0x00	0xC3
SPI [1]	result	0.27007883	0.00000512	0x00	0x3C
SPI [1]	result	0.27008411	0.00000512	0x0C	0xA5
SPI [1]	result	0.27008939	0.00000512	0x72	0x5A
SPI [1]	result	0.27086556	0.00000512	0x08	0xC3
SPI [1]	result	0.27087084	0.00000512	0x00	0x3C
SPI [1]	result	0.27087612	0.00000512	0x8C	0xA5
SPI [1]	result	0.27088140	0.00000512	0x02	0x5A
SPI [1]	result	0.27145854	0.00000512	0x00	0xC3
SPI [1]	result	0.27146382	0.00000512	0x00	0x3C
SPI [1]	result	0.27146910	0.00000512	0x00	0xA5
SPI [1]	result	0.27147438	0.00000512	0x00	0x5A
SPI [1]	result	0.27203483	0.00000512	0x08	0xC3
SPI [1]	result	0.27204011	0.00000512	0x00	0x3C
SPI [1]	result	0.27204539	0.00000512	0x8C	0xA5
SPI [1]	result	0.27205067	0.00000512	0x44	0x5A
SPI [1]	result	0.30718102	0.00000512	0x00	0xC3
SPI [1]	result	0.30718630	0.00000512	0x00	0x3C
SPI [1]	result	0.30719158	0.00000512	0x08	0xA5
SPI [1]	result	0.30719686	0.00000512	0x20	0x5A
SPI [1]	result	0.30797119	0.00000512	0x09	0xC3
SPI [1]	result	0.30797647	0.00000512	0x10	0x3C
SPI [1]	result	0.30798175	0.00000512	0x80	0xA5
SPI [1]	result	0.30798703	0.00000512	0x2A	0x5A
SPI [1]	result	0.30854465	0.00000512	0x00	0xC3
SPI [1]	result	0.30854993	0.00000512	0x00	0x3C
SPI [1]	result	0.30855521	0.00000512	0x00	0xA5
SPI [1]	result	0.30856049	0.00000512	0x00	0x5A
SPI [1]	result	0.30910956	0.00000512	0x08	0xC3
SPI [1]	result	0.30911484	0.00000512	0x00	0x3C
SPI [1]	result	0.30912012	0.00000512	0x88	0xA5
SPI [1]	result	0.30912540	0.00000512	0x32	0x5A
SPI [1]	result	0.36969609	0.00000512	0x00	0xC3
SPI [1]	result	0.36970137	0.00000512	0x00	0x3C
SPI [1]	result	0.36970665	0.00000512	0x08	0xA5
SPI [1]	result	0.36971193	0.00000512	0x20	0x5A
SPI [1]	result	0.37017359	0.00000512	0x0A	0xC3
SPI [1]	result	0.37017887	0.00000512	0x10	0x3C
SPI [1]	result	0.37018415	0.00000512	0x80	0xA5
SPI [1]	result	0.37018943	0.00000512	0x32	0x5A
SPI [1]	result	0.37045763	0.00000512	0x00	0xC3
SPI [1]	result	0.37046291	0.00000512	0x00	0x3C
SPI [1]	result	0.37046819	0.00000512	0x00	0xA5
SPI [1]	result	0.37047347	0.00000512	0x00	0x5A
SPI [1]	result	0.37073770	0.00000512	0x08	0xC3
SPI [1]	result	0.37074298	0.00000512	0x00	0x3C
SPI [1]	result	0.37074826	0.00000512	0x88	0xA5
SPI [1]	result	0.37075354	0.00000512	0x32	0x5A
SPI [1]	result	0.38456040	0.00000512	0x00	0xC3
SPI [1]	result	0.38456568	0.00000512	0x00	0x3C
SPI [1]	result	0.38457096	0.00000512	0x20	0xA5
SPI [1]	result	0.38457624	0.00000512	0x04	0x5A
SPI [1]	result	0.38505361	0.00000512	0x0B	0xC3
SPI [1]	result	0.38505889	0.00000512	0x10	0x3C
SPI [1]	result	0.38506417	0.00000512	0x80	0xA5
SPI [1]	result	0.38506945	0.00000512	0x3A	0x5A
SPI [1]	result	0.38536061	0.00000512	0x00	0xC3
SPI [1]	result	0.38536589	0.00000512	0x00	0x3C
SPI [1]	result	0.38537117	0.00000512	0x3F	0xA5
SPI [1]	result	0.38537645	0.00000512	0xC6	0x5A
SPI [1]	result	0.38585463	0.00000512	0x0C	0xC3
SPI [1]	result	0.38585991	0.00000512	0x00	0x3C
SPI [1]	result	0.38586519	0.00000512	0xA0	0xA5
SPI [1]	result	0.38587047	0.00000512	0x36	0x5A
SPI [1]	result	0.38615657	0.00000512	0x00	0xC3
SPI [1]	result	0.38616185	0.00000512	0x00	0x3C
SPI [1]	result	0.38616713	0.00000512	0x00	0xA5
SPI [1]	result	0.38617241	0.00000512	0x00	0x5A
SPI [1]	result	0.38643755	0.00000512	0x08	0xC3
SPI [1]	result	0.38644283	0.00000512	0x00	0x3C
SPI [1]	result	0.38644811	0.00000512	0xBF	0xA5
SPI [1]	result	0.38645339	0.00000512	0xD8	0x5A
SPI [1]	result	0.38672662	0.00000512	0x00	0xC3
SPI [1]	result	0.38673190	0.00000512	0x02	0x3C
SPI [1]	result	0.38673718	0.00000512	0x2A	0xA5
SPI [1]	result	0.38674246	0.00000512	0x2E	0x5A
SPI [1]	result	0.38718956	0.00000512	0x0D	0x00
SPI [1]	result	0.38719484	0.00000512	0x10	0x00
SPI [1]	result	0.38720012	0.00000512	0x80	0x00
SPI [1]	result	0.38720540	0.00000512	0x0A	0xC3
SPI [1]	result	0.38747455	0.00000512	0x00	0x3C
SPI [1]	result	0.38747983	0.00000512	0x00	0xA5
SPI [1]	result	0.38748511	0.00000512	0x3F	0x5A
SPI [1]	result	0.38749039	0.00000512	0xC6	0x00
SPI [1]	result	0.38795552	0.00000512	0x0E	0xC3
SPI [1]	result	0.38796080	0.00000512	0x00	0x3C
SPI [1]	result	0.38796608	0.00000512	0xAA	0xA5
SPI [1]	result	0.38797136	0.00000512	0x2E	0x5A
SPI [1]	result	0.38825953	0.00000512	0x00	0xC3
SPI [1]	result	0.38826481	0.00000512	0x00	0x3C
SPI [1]	result	0.38827009	0.00000512	0x00	0xA5
SPI [1]	result	0.38827537	0.00000512	0x00	0x5A
SPI [1]	result	0.38854557	0.00000512	0x08	0xC3
SPI [1]	result	0.38855085	0.00000512	0x00	0x3C
SPI [1]	result	0.38855613	0.00000512	0xBF	0xA5
SPI [1]	result	0.38856141	0.00000512	0xD8	0x5A
SPI [1]	result	0.40965777	0.00000512	0x00	0xC3
SPI [1]	result	0.40966305	0.00000512	0x00	0x3C
SPI [1]	result	0.40966833	0.00000512	0x08	0xA5
SPI [1]	result	0.40967361	0.00000512	0x20	0x5A
SPI [1]	result	0.41013766	0.00000512	0x0F	0xC3
SPI [1]	result	0.41014294	0.00000512	0x10	0x3C
SPI [1]	result	0.41014822	0.00000512	0x80	0xA5
SPI [1]	result	0.41015350	0.00000512	0x1A	0x5A
SPI [1]	result	0.41042472	0.00000512	0x00	0xC3
SPI [1]	result	0.41043000	0.00000512	0x00	0x3C
SPI [1]	result	0.41043528	0.00000512	0x00	0xA5
SPI [1]	result	0.41044056	0.00000512	0x00	0x5A
SPI [1]	result	0.41069964	0.00000512	0x08	0xC3
SPI [1]	result	0.41070492	0.00000512	0x00	0x3C
SPI [1]	result	0.41071020	0.00000512	0x88	0xA5
SPI [1]	result	0.41071548	0.00000512	0x32	0x5A
SPI [1]	result	0.41099670	0.00000512	0x00	0xC3
SPI [1]	result	0.41100198	0.00000512	0x00	0x3C
SPI [1]	result	0.41100726	0.00000512	0x0C	0xA5
SPI [1]	result	0.41101254	0.00000512	0xB2	0x5A
SPI [1]	result	0.41146967	0.00000512	0x08	0xC3
SPI [1]	result	0.41147495	0.00000512	0x10	0x3C
SPI [1]	result	0.41148023	0.00000512	0x80	0xA5
SPI [1]	result	0.41148551	0.00000512	0x22	0x5A
SPI [1]	result	0.41175458	0.00000512	0x00	0xC3
SPI [1]	result	0.41175986	0.00000512	0x00	0x3C
SPI [1]	result	0.41176514	0.00000512	0x0C	0xA5
SPI [1]	result	0.41177042	0.00000512	0x30	0x5A
SPI [1]	result	0.41221157	0.00000512	0x09	0xC3
SPI [1]	result	0.41221685	0.00000512	0x00	0x3C
SPI [1]	result	0.41222213	0.00000512	0x8C	0xA5
SPI [1]	result	0.41222741	0.00000512	0x8C	0x5A
SPI [1]	result	0.41250369	0.00000512	0x00	0xC3
SPI [1]	result	0.41250897	0.00000512	0x00	0x3C
SPI [1]	result	0.41251425	0.00000512	0x00	0xA5
SPI [1]	result	0.41251953	0.00000512	0x00	0x5A
SPI [1]	result	0.41279469	0.00000512	0x08	0xC3
SPI [1]	result	0.41279997	0.00000512	0x00	0x3C
SPI [1]	result	0.41280525	0.00000512	0x8C	0xA5
SPI [1]	result	0.41281053	0.00000512	0x02	0x5A
SPI [1]	result	0.45294544	0.00000512	0x00	0xC3
SPI [1]	result	0.45295072	0.00000512	0x00	0x3C
SPI [1]	result	0.45295600	0.00000512	0x08	0xA5
SPI [1]	result	0.45296128	0.00000512	0x20	0x5A
SPI [1]	result	0.45343915	0.00000512	0xA5	0xC3
SPI [1]	result	0.45344443	0.00000512	0x5A	0x3C
SPI [1]	result	0.45344971	0.00000512	0x3C	0xA5
SPI [1]	result	0.45345499	0.00000512	0xC3	0x5A
SPI [1]	result	0.45385741	0.00000512	0x80	0xA5
SPI [1]	result	0.45386269	0.00000512	0x20	0x5A
SPI [1]	result	0.45386797	0.00000512	0x28	0x3C
SPI [1]	result	0.45387325	0.00000512	0x24	0xC3
SPI [1]	result	0.45426758	0.00000512	0x08	0x08
SPI [1]	result	0.45427286	0.00000512	0x10	0x10
SPI [1]	result	0.45427814	0.00000512	0x80	0xA8
SPI [1]	result	0.45428342	0.00000512	0x22	0x06
SPI [1]	result	0.45473140	0.00000512	0x00	0x08
SPI [1]	result	0.45473668	0.00000512	0x00	0x00
SPI [1]	result	0.45474196	0.00000512	0x00	0xA8
SPI [1]	result	0.45474724	0.00000512	0x00	0x36
SPI [1]	result	0.45515153	0.00000512	0x00	0x00
SPI [1]	result	0.45515681	0.00000512	0x00	0xF3
SPI [1]	result	0.45516209	0.00000512	0x00	0x03
SPI [1]	result	0.45516737	0.00000512	0x00	0xE8
SPI [1]	result	0.45558853	0.00000512	0x00	0xC3
SPI [1]	result	0.45559381	0.00000512	0x00	0x3C
SPI [1]	result	0.45559909	0.00000512	0x3F	0xA5
SPI [1]	result	0.45560437	0.00000512	0xC6	0x5A
SPI [1]	result	0.45645487	0.00000512	0x08	0xC3
SPI [1]	result	0.45646015	0.00000512	0x10	0x3C
SPI [1]	result	0.45646543	0.00000512	0x80	0xA5
SPI [1]	result	0.45647071	0.00000512	0x22	0x5A
SPI [1]	result	0.45980721	0.00000512	0x00	0xC3
SPI [1]	result	0.45981249	0.00000512	0x00	0x3C
SPI [1]	result	0.45981777	0.00000512	0x00	0xA5
SPI [1]	result	0.45982305	0.00000512	0x00	0x5A
SPI [1]	result	0.46065294	0.00000512	0x08	0xC3
SPI [1]	result	0.46065822	0.00000512	0x00	0x3C
SPI [1]	result	0.46066350	0.00000512	0xBF	0xA5
SPI [1]	result	0.46066878	0.00000512	0xD8	0x5A
SPI [1]	result	0.46320579	0.00000512	0xB8	0xC3
SPI [1]	result	0.46321107	0.00000512	0x01	0x3C
SPI [1]	result	0.46321635	0.00000512	0x06	0xA5
SPI [1]	result	0.46322163	0.00000512	0x26	0x5A
SPI [1]	result	0.46400332	0.00000512	0x09	0xC3
SPI [1]	result	0.46400860	0.00000512	0x10	0x3C
SPI [1]	result	0.46401388	0.00000512	0x80	0xA5
SPI [1]	result	0.46401916	0.00000512	0x2A	0x5A
SPI [1]	result	0.46458285	0.00000512	0x00	0xC3
SPI [1]	result	0.46458813	0.00000512	0x00	0x3C
SPI [1]	result	0.46459341	0.00000512	0x05	0xA5
SPI [1]	result	0.46459869	0.00000512	0x14	0x5A
SPI [1]	result	0.46536901	0.00000512	0x0A	0xC3
SPI [1]	result	0.46537429	0.00000512	0x00	0x3C
SPI [1]	result	0.46537957	0.00000512	0x86	0xA5
SPI [1]	result	0.46538485	0.00000512	0x3A	0x5A
SPI [1]	result	0.46595684	0.00000512	0x00	0xC3
SPI [1]	result	0.46596212	0.00000512	0x00	0x3C
SPI [1]	result	0.46596740	0.00000512	0x00	0xA5
SPI [1]	result	0.46597268	0.00000512	0x00	0x5A
SPI [1]	result	0.46651884	0.00000512	0x08	0xC3
SPI [1]	result	0.46652412	0.00000512	0x00	0x3C
SPI [1]	result	0.46652940	0.00000512	0x85	0xA5
SPI [1]	result	0.46653468	0.00000512	0x26	0x5A
SPI [1]	result	0.46961084	0.00000512	0xFF	0xC3
SPI [1]	result	0.46961612	0.00000512	0xFF	0x3C
SPI [1]	result	0.46962140	0.00000512	0x00	0xA5
SPI [1]	result	0.46962668	0.00000512	0x00	0x5A
SPI [1]	result	0.46963196	0.00000512	0x00	0x00
SPI [1]	result	0.46963724	0.00000512	0x00	0x00
SPI [1]	result	0.46964252	0.00000512	0x00	0x00
SPI [1]	result	0.46964780	0.00000512	0x00	0x00
SPI [1]	result	0.46965308	0.00000512	0x00	0x00
SPI [1]	result	0.46965836	0.00000512	0x00	0x00
SPI [1]	result	0.46966364	0.00000512	0x00	0x00
SPI [1]	result	0.46966892	0.00000512	0x00	0x00
SPI [1]	result	0.46967420	0.00000512	0x00	0x00
SPI [1]	result	0.46967948	0.00000512	0x00	0x0C
SPI [1]	result	0.46968476	0.00000512	0x00	0x33
SPI [1]	result	0.46969004	0.00000512	0x00	0xCA
SPI [1]	result	0.46969532	0.00000512	0x00	0x55
SPI [1]	result	0.46970060	0.00000512	0x00	0xA0
SPI [1]	result	0.46970588	0.00000512	0x00	0x00
SPI [1]	result	0.46971116	0.00000512	0x00	0x00
SPI [1]	result	0.46971644	0.00000512	0x00	0x00
SPI [1]	result	0.46972172	0.00000512	0x00	0x00
SPI [1]	result	0.46972700	0.00000512	0x00	0x00
SPI [1]	result	0.46973228	0.00000512	0x00	0x00
SPI [1]	result	0.46973756	0.00000512	0x00	0x00
SPI [1]	result	0.46974284	0.00000512	0x00	0x00
SPI [1]	result	0.46974812	0.00000512	0x00	0x00
SPI [1]	result	0.46975340	0.00000512	0x00	0xC3
SPI [1]	result	0.46975868	0.00000512	0x00	0x3C
SPI [1]	result	0.46976396	0.00000512	0x00	0xA5
SPI [1]	result	0.46976924	0.00000512	0x00	0x5A
SPI [1]	result	0.46977452	0.00000512	0x00	0x00
SPI [1]	result	0.46977980	0.00000512	0x00	0x00
SPI [1]	result	0.46978508	0.00000512	0x00	0x00
SPI [1]	result	0.46979036	0.00000512	0x00	0x00
SPI [1]	result	0.46979564	0.00000512	0x00	0x00
SPI [1]	result	0.46980092	0.00000512	0x00	0x00
SPI [1]	result	0.46980620	0.00000512	0x00	0x00
SPI [1]	result	0.46981148	0.00000512	0x00	0x00
SPI [1]	result	0.46981676	0.00000512	0x00	0x00
SPI [1]	result	0.46982204	0.00000512	0x00	0x0C
SPI [1]	result	0.46982732	0.00000512	0x00	0x33
SPI [1]	result	0.46983260	0.00000512	0x00	0xCA
SPI [1]	result	0.46983788	0.00000512	0x00	0x55
SPI [1]	result	0.46984316	0.00000512	0x00	0xA0
SPI [1]	result	0.46984844	0.00000512	0x00	0x00
SPI [1]	result	0.46985372	0.00000512	0x00	0x00
SPI [1]	result	0.46985900	0.00000512	0x00	0x00
SPI [1]	result	0.46986428	0.00000512	0x00	0x00
SPI [1]	result	0.46986956	0.00000512	0x00	0x00
SPI [1]	result	0.46987484	0.00000512	0x00	0x00
SPI [1]	result	0.46988012	0.00000512	0x00	0x00
SPI [1]	result	0.46988540	0.00000512	0x00	0x00
SPI [1]	result	0.46989068	0.00000512	0x00	0x00
SPI [1]	result	0.46989596	0.00000512	0x00	0xC3
SPI [1]	result	0.46990124	0.00000512	0x00	0x3C
SPI [1]	result	0.46990652	0.00000512	0x00	0xA5
SPI [1]	result	0.46991180	0.00000512	0x00	0x5A
SPI [1]	result	0.46991708	0.00000512	0x00	0x00
SPI [1]	result	0.46992236	0.00000512	0x00	0x00
SPI [1]	result	0.46992764	0.00000512	0x00	0x00
SPI [1]	result	0.46993292	0.00000512	0x00	0x00
SPI [1]	result	0.46993820	0.00000512	0x00	0x00
SPI [1]	result	0.46994348	0.00000512	0x00	0x00
SPI [1]	result	0.46994876	0.00000512	0x00	0x00
SPI [1]	result	0.46995404	0.00000512	0x00	0x00
SPI [1]	result	0.46995932	0.00000512	0x00	0x00
SPI [1]	result	0.46996460	0.00000512	0x00	0x0C
SPI [1]	result	0.46996988	0.00000512	0x00	0x33
SPI [1]	result	0.46997516	0.00000512	0x00	0xCA
SPI [1]	result	0.46998044	0.00000512	0x00	0x55
SPI [1]	result	0.46998572	0.00000512	0x00	0xA0
SPI [1]	result	0.46999100	0.00000512	0x00	0x00
SPI [1]	result	0.46999628	0.00000512	0x00	0x00
SPI [1]	result	0.47000156	0.00000512	0x00	0x00
SPI [1]	result	0.47000684	0.00000512	0x00	0x00
SPI [1]	result	0.47001212	0.00000512	0x00	0x00
SPI [1]	result	0.47001740	0.00000512	0x00	0x00
SPI [1]	result	0.47002268	0.00000512	0x00	0x00
SPI [1]	result	0.47002796	0.00000512	0x00	0x00
SPI [1]	result	0.47003324	0.00000512	0x00	0x00
SPI [1]	result	0.47003852	0.00000512	0x00	0xC3
SPI [1]	result	0.47004380	0.00000512	0x00	0x3C
SPI [1]	result	0.47004908	0.00000512	0x00	0xA5
SPI [1]	result	0.47005436	0.00000512	0x00	0x5A
SPI [1]	result	0.47005964	0.00000512	0x00	0x00
SPI [1]	result	0.47006492	0.00000512	0x00	0x00
SPI [1]	result	0.47007020	0.00000512	0x00	0x00
SPI [1]	result	0.47007548	0.00000512	0x00	0x00
SPI [1]	result	0.47008076	0.00000512	0x00	0x00
SPI [1]	result	0.47008604	0.00000512	0x00	0x00
SPI [1]	result	0.47009132	0.00000512	0x00	0x00
SPI [1]	result	0.47009660	0.00000512	0x00	0x00
SPI [1]	result	0.47010188	0.00000512	0x00	0x00
SPI [1]	result	0.47010716	0.00000512	0x00	0x0C
SPI [1]	result	0.47011244	0.00000512	0x00	0x33
SPI [1]	result	0.47011772	0.00000512	0x00	0xCA
SPI [1]	result	0.47012300	0.00000512	0x00	0x55
SPI [1]	result	0.47012828	0.00000512	0x00	0xA0
SPI [1]	result	0.47013356	0.00000512	0x00	0x00
SPI [1]	result	0.47013884	0.00000512	0x00	0x00
SPI [1]	result	0.47014412	0.00000512	0x00	0x00
SPI [1]	result	0.47014940	0.00000512	0x00	0x00
SPI [1]	result	0.47015468	0.00000512	0x00	0x00
SPI [1]	result	0.47015996	0.00000512	0x00	0x00
SPI [1]	result	0.47016524	0.00000512	0x00	0x00
SPI [1]	result	0.47017052	0.00000512	0x00	0x00
SPI [1]	result	0.47017580	0.00000512	0x00	0x00
SPI [1]	result	0.47018108	0.00000512	0x00	0xC3
SPI [1]	result	0.47018636	0.00000512	0x00	0x3C
SPI [1]	result	0.47019164	0.00000512	0x00	0xA5
SPI [1]	result	0.47019692	0.00000512	0x00	0x5A
SPI [1]	result	0.47020220	0.00000512	0x00	0x00
SPI [1]	result	0.47020748	0.00000512	0x00	0x00
SPI [1]	result	0.47021276	0.00000512	0x00	0x00
SPI [1]	result	0.47021804	0.00000512	0x00	0x00
SPI [1]	result	0.47022332	0.00000512	0x00	0x00
SPI [1]	result	0.47022860	0.00000512	0x00	0x00
SPI [1]	result	0.47023388	0.00000512	0x00	0x00
SPI [1]	result	0.47023916	0.00000512	0x00	0x00
SPI [1]	result	0.47024444	0.00000512	0x00	0x00
SPI [1]	result	0.47024972	0.00000512	0x00	0x0C
SPI [1]	result	0.47025500	0.00000512	0x00	0x33
SPI [1]	result	0.47026028	0.00000512	0x00	0xCA
SPI [1]	result	0.47026556	0.00000512	0x00	0x55
SPI [1]	result	0.47027084	0.00000512	0x00	0xA0
SPI [1]	result	0.47027612	0.00000512	0x00	0x00
SPI [1]	result	0.47028140	0.00000512	0x00	0x00
SPI [1]	result	0.47028668	0.00000512	0x00	0x00
SPI [1]	result	0.47029196	0.00000512	0x00	0x00
SPI [1]	result	0.47029724	0.00000512	0x5A	0x00
SPI [1]	result	0.47342750	0.00000512	0xFF	0xC3
SPI [1]	result	0.47343278	0.00000512	0x00	0x3C
SPI [1]	result	0.47343806	0.00000512	0x00	0xA5
SPI [1]	result	0.47344334	0.00000512	0x00	0x5A
SPI [1]	result	0.47344862	0.00000512	0x00	0x00
SPI [1]	result	0.47345390	0.00000512	0x00	0x00
SPI [1]	result	0.47345918	0.00000512	0x00	0x00
SPI [1]	result	0.47346446	0.00000512	0x00	0x00
SPI [1]	result	0.47346974	0.00000512	0x00	0x00
SPI [1]	result	0.47347502	0.00000512	0x00	0x00
SPI [1]	result	0.47348030	0.00000512	0x00	0x00
SPI [1]	result	0.47348558	0.00000512	0x00	0x00
SPI [1]	result	0.47349086	0.00000512	0x00	0x00
SPI [1]	result	0.47349614	0.00000512	0x00	0x0C
SPI [1]	result	0.47350142	0.00000512	0x00	0x33
SPI [1]	result	0.47350670	0.00000512	0x00	0xCA
SPI [1]	result	0.47351198	0.00000512	0x00	0x55
SPI [1]	result	0.47351726	0.00000512	0x00	0xA0
SPI [1]	result	0.47352254	0.00000512	0x00	0x00
SPI [1]	result	0.47352782	0.00000512	0x00	0x00
SPI [1]	result	0.47353310	0.00000512	0x00	0x00
SPI [1]	result	0.47353838	0.00000512	0x00	0x00
SPI [1]	result	0.47354366	0.00000512	0x00	0x00
SPI [1]	result	0.47354894	0.00000512	0x00	0x00
SPI [1]	result	0.47355422	0.00000512	0x00	0x00
SPI [1]	result	0.47355950	0.00000512	0x00	0x00
SPI [1]	result	0.47356478	0.00000512	0x00	0x00
SPI [1]	result	0.47357006	0.00000512	0x00	0xC3
SPI [1]	result	0.47357534	0.00000512	0x00	0x3C
SPI [1]	result	0.47358062	0.00000512	0x00	0xA5
SPI [1]	result	0.47358590	0.00000512	0x00	0x5A
SPI [1]	result	0.47359118	0.00000512	0x00	0x00
SPI [1]	result	0.47359646	0.00000512	0x00	0x00
SPI [1]	result	0.47360174	0.00000512	0x00	0x00
SPI [1]	result	0.47360702	0.00000512	0x00	0x00
SPI [1]	result	0.47361230	0.00000512	0x00	0x00
SPI [1]	result	0.47361758	0.00000512	0x00	0x00
SPI [1]	result	0.47362286	0.00000512	0x00	0x00
SPI [1]	result	0.47362814	0.00000512	0x00	0x00
SPI [1]	result	0.47363342	0.00000512	0x00	0x00
SPI [1]	result	0.47363870	0.00000512	0x00	0x0C
SPI [1]	result	0.47364398	0.00000512	0x00	0x33
SPI [1]	result	0.47364926	0.00000512	0x00	0xCA
SPI [1]	result	0.47365454	0.00000512	0x00	0x55
SPI [1]	result	0.47365982	0.00000512	0x00	0xA0
SPI [1]	result	0.47366510	0.00000512	0x00	0x00
SPI [1]	result	0.47367038	0.00000512	0x00	0x00
SPI [1]	result	0.47367566	0.00000512	0x00	0x00
SPI [1]	result	0.47368094	0.00000512	0x00	0x00
SPI [1]	result	0.47368622	0.00000512	0x00	0x00
SPI [1]	result	0.47369150	0.00000512	0x00	0x00
SPI [1]	result	0.47369678	0.00000512	0x00	0x00
SPI [1]	result	0.47370206	0.00000512	0x00	0x00
SPI [1]	result	0.47370734	0.00000512	0x00	0x00
SPI [1]	result	0.47371262	0.00000512	0x00	0xC3
SPI [1]	result	0.47371790	0.00000512	0x00	0x3C
SPI [1]	result	0.47372318	0.00000512	0x00	0xA5
SPI [1]	result	0.47372846	0.00000512	0x00	0x5A
SPI [1]	result	0.47373374	0.00000512	0x00	0x00
SPI [1]	result	0.47373902	0.00000512	0x00	0x00
SPI [1]	result	0.47374430	0.00000512	0x00	0x00
SPI [1]	result	0.47374958	0.00000512	0x00	0x00
SPI [1]	result	0.47375486	0.00000512	0x00	0x00
SPI [1]	result	0.47376014	0.00000512	0x00	0x00
SPI [1]	result	0.47376542	0.00000512	0x00	0x00
SPI [1]	result	0.47377070	0.00000512	0x00	0x00
SPI [1]	result	0.47377598	0.00000512	0x00	0x00
SPI [1]	result	0.47378126	0.00000512	0x00	0x0C
SPI [1]	result	0.47378654	0.00000512	0x00	0x33
SPI [1]	result	0.47379182	0.00000512	0x00	0xCA
SPI [1]	result	0.47379710	0.00000512	0x00	0x55
SPI [1]	result	0.47380238	0.00000512	0x00	0xA0
SPI [1]	result	0.47380766	0.00000512	0x00	0x00
SPI [1]	result	0.47381294	0.00000512	0x00	0x00
SPI [1]	result	0.47381822	0.00000512	0x00	0x00
SPI [1]	result	0.47382350	0.00000512	0x00	0x00
SPI [1]	result	0.47382878	0.00000512	0x00	0x00
SPI [1]	result	0.47383406	0.00000512	0x00	0x00
SPI [1]	result	0.47383934	0.00000512	0x00	0x00
SPI [1]	result	0.47384462	0.00000512	0x00	0x00
SPI [1]	result	0.47384990	0.00000512	0x00	0x00
SPI [1]	result	0.47385518	0.00000512	0x00	0xC3
SPI [1]	result	0.47386046	0.00000512	0x00	0x3C
SPI [1]	result	0.47386574	0.00000512	0x00	0xA5
SPI [1]	result	0.47387102	0.00000512	0x00	0x5A
SPI [1]	result	0.47387630	0.00000512	0x00	0x00
SPI [1]	result	0.47388158	0.00000512	0x00	0x00
SPI [1]	result	0.47388686	0.00000512	0x00	0x00
SPI [1]	result	0.47389214	0.00000512	0x00	0x00
SPI [1]	result	0.47389742	0.00000512	0x00	0x00
SPI [1]	result	0.47390270	0.00000512	0x00	0x00
SPI [1]	result	0.47390798	0.00000512	0x00	0x00
SPI [1]	result	0.47391326	0.00000512	0x00	0x00
SPI [1]	result	0.47391854	0.00000512	0x00	0x00
SPI [1]	result	0.47392382	0.00000512	0x00	0x0C
SPI [1]	result	0.47392910	0.00000512	0x00	0x33
SPI [1]	result	0.47393438	0.00000512	0x00	0xCA
SPI [1]	result	0.47393966	0.00000512	0x00	0x55
SPI [1]	result	0.47394494	0.00000512	0x00	0xA0
SPI [1]	result	0.47395022	0.00000512	0x00	0x00
SPI [1]	result	0.47395550	0.00000512	0x00	0x00
SPI [1]	result	0.47396078	0.00000512	0x00	0x00
SPI [1]	result	0.47396606	0.00000512	0x00	0x00
SPI [1]	result	0.47397134	0.00000512	0x00	0x00
SPI [1]	result	0.47397662	0.00000512	0x00	0x00
SPI [1]	result	0.47398190	0.00000512	0x00	0x00
SPI [1]	result	0.47398718	0.00000512	0x00	0x00
SPI [1]	result	0.47399246	0.00000512	0x00	0x00
SPI [1]	result	0.47399774	0.00000512	0x00	0xC3
SPI [1]	result	0.47400302	0.00000512	0x00	0x3C
SPI [1]	result	0.47400830	0.00000512	0x00	0xA5
SPI [1]	result	0.47401358	0.00000512	0x00	0x5A
SPI [1]	result	0.47401886	0.00000512	0x00	0x00
SPI [1]	result	0.47402414	0.00000512	0x00	0x00
SPI [1]	result	0.47402942	0.00000512	0x00	0x00
SPI [1]	result	0.47403470	0.00000512	0x00	0x00
SPI [1]	result	0.47403998	0.00000512	0x00	0x00
SPI [1]	result	0.47404526	0.00000512	0x00	0x00
SPI [1]	result	0.47405054	0.00000512	0x00	0x00
SPI [1]	result	0.47405582	0.00000512	0x00	0x00
SPI [1]	result	0.47406110	0.00000512	0x00	0x00
SPI [1]	result	0.47406638	0.00000512	0x00	0x0C
SPI [1]	result	0.47407166	0.00000512	0x00	0x33
SPI [1]	result	0.47407694	0.00000512	0x00	0xCA
SPI [1]	result	0.47408222	0.00000512	0x00	0x55
SPI [1]	result	0.47408750	0.00000512	0x00	0xA0
SPI [1]	result	0.47409278	0.00000512	0x00	0x00
SPI [1]	result	0.47409806	0.00000512	0x00	0x00
SPI [1]	result	0.47410334	0.00000512	0x00	0x00
SPI [1]	result	0.47410862	0.00000512	0x00	0x00
SPI [1]	result	0.47411390	0.00000512	0x5A	0x00
SPI [1]	result	0.47726291	0.00000512	0xB8	0xC3
SPI [1]	result	0.47726819	0.00000512	0x01	0x3C
SPI [1]	result	0.47727347	0.00000512	0x06	0xA5
SPI [1]	result	0.47727875	0.00000512	0x26	0x5A
SPI [1]	result	0.47806492	0.00000512	0x0B	0xC3
SPI [1]	result	0.47807020	0.00000512	0x10	0x3C
SPI [1]	result	0.47807548	0.00000512	0x80	0xA5
SPI [1]	result	0.47808076	0.00000512	0x3A	0x5A
SPI [1]	result	0.47862979	0.00000512	0x00	0xC3
SPI [1]	result	0.47863507	0.00000512	0x00	0x3C
SPI [1]	result	0.47864035	0.00000512	0x05	0xA5
SPI [1]	result	0.47864563	0.00000512	0x56	0x5A
SPI [1]	result	0.47942080	0.00000512	0x0C	0xC3
SPI [1]	result	0.47942608	0.00000512	0x00	0x3C
SPI [1]	result	0.47943136	0.00000512	0x86	0xA5
SPI [1]	result	0.47943664	0.00000512	0x0A	0x5A
SPI [1]	result	0.48000489	0.00000512	0x00	0xC3
SPI [1]	result	0.48001017	0.00000512	0x00	0x3C
SPI [1]	result	0.48001545	0.00000512	0x00	0xA5
SPI [1]	result	0.48002073	0.00000512	0x00	0x5A
SPI [1]	result	0.48057985	0.00000512	0x08	0xC3
SPI [1]	result	0.48058513	0.00000512	0x00	0x3C
SPI [1]	result	0.48059041	0.00000512	0x85	0xA5
SPI [1]	result	0.48059569	0.00000512	0x68	0x5A
SPI [1]	result	0.48367898	0.00000512	0x00	0xC3
SPI [1]	result	0.48368426	0.00000512	0x00	0x3C
SPI [1]	result	0.48368954	0.00000512	0x53	0xA5
SPI [1]	result	0.48369482	0.00000512	0x50	0x5A
SPI [1]	result	0.48370010	0.00000512	0x58	0x00
SPI [1]	result	0.48370538	0.00000512	0x31	0x00
SPI [1]	result	0.48371066	0.00000512	0x00	0x00
SPI [1]	result	0.48371594	0.00000512	0x00	0x00
SPI [1]	result	0.48372122	0.00000512	0x00	0x00
SPI [1]	result	0.48372650	0.00000512	0x00	0x00
SPI [1]	result	0.48373178	0.00000512	0x00	0x00
SPI [1]	result	0.48373706	0.00000512	0x00	0x00
SPI [1]	result	0.48374234	0.00000512	0x47	0x00
SPI [1]	result	0.48374762	0.00000512	0x46	0x0C
SPI [1]	result	0.48375290	0.00000512	0x58	0x33
SPI [1]	result	0.48375818	0.00000512	0x20	0xCA
SPI [1]	result	0.48376346	0.00000512	0x35	0x55
SPI [1]	result	0.48376874	0.00000512	0x30	0xA0
SPI [1]	result	0.48377402	0.00000512	0x53	0x00
SPI [1]	result	0.48377930	0.00000512	0x00	0x00
SPI [1]	result	0.48378458	0.00000512	0x00	0x00
SPI [1]	result	0.48378986	0.00000512	0x00	0x00
SPI [1]	result	0.48379514	0.00000512	0x00	0x00
SPI [1]	result	0.48380042	0.00000512	0x00	0x00
SPI [1]	result	0.48380570	0.00000512	0x00	0x00
SPI [1]	result	0.48381098	0.00000512	0x00	0x00
SPI [1]	result	0.48381626	0.00000512	0x00	0x00
SPI [1]	result	0.48382154	0.00000512	0x00	0xC3
SPI [1]	result	0.48382682	0.00000512	0x00	0x3C
SPI [1]	result	0.48383210	0.00000512	0x00	0xA5
SPI [1]	result	0.48383738	0.00000512	0x00	0x5A
SPI [1]	result	0.48384266	0.00000512	0x00	0x00
SPI [1]	result	0.48384794	0.00000512	0x47	0x00
SPI [1]	result	0.48385322	0.00000512	0x46	0x00
SPI [1]	result	0.48385850	0.00000512	0x58	0x00
SPI [1]	result	0.48386378	0.00000512	0x20	0x00
SPI [1]	result	0.48386906	0.00000512	0x35	0x00
SPI [1]	result	0.48387434	0.00000512	0x30	0x00
SPI [1]	result	0.48387962	0.00000512	0x53	0x00
SPI [1]	result	0.48388490	0.00000512	0x00	0x00
SPI [1]	result	0.48389018	0.00000512	0x00	0x0C
SPI [1]	result	0.48389546	0.00000512	0x00	0x33
SPI [1]	result	0.48390074	0.00000512	0x00	0xCA
SPI [1]	result	0.48390602	0.00000512	0x00	0x55
SPI [1]	result	0.48391130	0.00000512	0x00	0xA0
SPI [1]	result	0.48391658	0.00000512	0x00	0x00
SPI [1]	result	0.48392186	0.00000512	0x00	0x00
SPI [1]	result	0.48392714	0.00000512	0x35	0x00
SPI [1]	result	0.48393242	0.00000512	0x39	0x00
SPI [1]	result	0.48393770	0.00000512	0x33	0x00
SPI [1]	result	0.48394298	0.00000512	0x35	0x00
SPI [1]	result	0.48394826	0.00000512	0x33	0x00
SPI [1]	result	0.48395354	0.00000512	0x33	0x00
SPI [1]	result	0.48395882	0.00000512	0x33	0x00
SPI [1]	result	0.48396410	0.00000512	0x31	0xC3
SPI [1]	result	0.48396938	0.00000512	0x33	0x3C
SPI [1]	result	0.48397466	0.00000512	0x36	0xA5
SPI [1]	result	0.48397994	0.00000512	0x33	0x5A
SPI [1]	result	0.48398522	0.00000512	0x31	0x00
SPI [1]	result	0.48399050	0.00000512	0x31	0x00
SPI [1]	result	0.48399578	0.00000512	0x37	0x00
SPI [1]	result	0.48400106	0.00000512	0x30	0x00
SPI [1]	result	0.48400634	0.00000512	0x32	0x00
SPI [1]	result	0.48401162	0.00000512	0x31	0x00
SPI [1]	result	0.48401690	0.00000512	0x36	0x00
SPI [1]	result	0.48402218	0.00000512	0x37	0x00
SPI [1]	result	0.48402746	0.00000512	0x30	0x00
SPI [1]	result	0.48403274	0.00000512	0x32	0x0C
SPI [1]	result	0.48403802	0.00000512	0x30	0x33
SPI [1]	result	0.48404330	0.00000512	0x31	0xCA
SPI [1]	result	0.48404858	0.00000512	0x30	0x55
SPI [1]	result	0.48405386	0.00000512	0x31	0xA0
SPI [1]	result	0.48405914	0.00000512	0x31	0x00
SPI [1]	result	0.48406442	0.00000512	0x30	0x00
SPI [1]	result	0.48406970	0.00000512	0x36	0x00
SPI [1]	result	0.48407498	0.00000512	0x39	0x00
SPI [1]	result	0.48408026	0.00000512	0x41	0x00
SPI [1]	result	0.48408554	0.00000512	0x04	0x00
SPI [1]	result	0.48409082	0.00000512	0x20	0x00
SPI [1]	result	0.48409610	0.00000512	0x02	0x00
SPI [1]	result	0.48410138	0.00000512	0x16	0x00
SPI [1]	result	0.48410666	0.00000512	0x01	0xC3
SPI [1]	result	0.48411194	0.00000512	0x00	0x3C
SPI [1]	result	0.48411722	0.00000512	0x01	0xA5
SPI [1]	result	0.48412250	0.00000512	0x00	0x5A
SPI [1]	result	0.48412778	0.00000512	0x01	0x00
SPI [1]	result	0.48413306	0.00000512	0x00	0x00
SPI [1]	result	0.48413834	0.00000512	0x00	0x00
SPI [1]	result	0.48414362	0.00000512	0x00	0x00
SPI [1]	result	0.48414890	0.00000512	0x00	0x00
SPI [1]	result	0.48415418	0.00000512	0x00	0x00
SPI [1]	result	0.48415946	0.00000512	0x00	0x00
SPI [1]	result	0.48416474	0.00000512	0x00	0x00
SPI [1]	result	0.48417002	0.00000512	0x00	0x00
SPI [1]	result	0.48417530	0.00000512	0x00	0x0C
SPI [1]	result	0.48418058	0.00000512	0x00	0x33
SPI [1]	result	0.48418586	0.00000512	0x00	0xCA
SPI [1]	result	0.48419114	0.00000512	0x00	0x55
SPI [1]	result	0.48419642	0.00000512	0x00	0xA0
SPI [1]	result	0.48420170	0.00000512	0x00	0x00
SPI [1]	result	0.48420698	0.00000512	0x00	0x00
SPI [1]	result	0.48421226	0.00000512	0x00	0x00
SPI [1]	result	0.48421754	0.00000512	0x00	0x00
SPI [1]	result	0.48422282	0.00000512	0x00	0x00
SPI [1]	result	0.48422810	0.00000512	0x00	0x00
SPI [1]	result	0.48423338	0.00000512	0x00	0x00
SPI [1]	result	0.48423866	0.00000512	0x00	0x00
SPI [1]	result	0.48424394	0.00000512	0x00	0x00
SPI [1]	result	0.48424922	0.00000512	0x00	0xC3
SPI [1]	result	0.48425450	0.00000512	0x00	0x3C
SPI [1]	result	0.48425978	0.00000512	0x00	0xA5
SPI [1]	result	0.48426506	0.00000512	0x00	0x5A
SPI [1]	result	0.48427034	0.00000512	0x00	0x00
SPI [1]	result	0.48427562	0.00000512	0x00	0x00
SPI [1]	result	0.48428090	0.00000512	0x00	0x00
SPI [1]	result	0.48428618	0.00000512	0x00	0x00
SPI [1]	result	0.48429146	0.00000512	0x00	0x00
SPI [1]	result	0.48429674	0.00000512	0x00	0x00
SPI [1]	result	0.48430202	0.00000512	0x00	0x00
SPI [1]	result	0.48430730	0.00000512	0x00	0x00
SPI [1]	result	0.48431258	0.00000512	0x00	0x00
SPI [1]	result	0.48431786	0.00000512	0x00	0x0C
SPI [1]	result	0.48432314	0.00000512	0x00	0x33
SPI [1]	result	0.48432842	0.00000512	0x00	0xCA
SPI [1]	result	0.48433370	0.00000512	0x00	0x55
SPI [1]	result	0.48433898	0.00000512	0x00	0xA0
SPI [1]	result	0.48434426	0.00000512	0x00	0x00
SPI [1]	result	0.48434954	0.00000512	0x00	0x00
SPI [1]	result	0.48435482	0.00000512	0x00	0x00
SPI [1]	result	0.48436010	0.00000512	0x00	0x00
SPI [1]	result	0.48436538	0.00000512	0xEF	0x00
SPI [1]	result	0.48749110	0.00000512	0xFF	0xC3
SPI [1]	result	0.48749638	0.00000512	0xFF	0x3C
SPI [1]	result	0.48750166	0.00000512	0x53	0xA5
SPI [1]	result	0.48750694	0.00000512	0x50	0x5A
SPI [1]	result	0.48751222	0.00000512	0x58	0x00
SPI [1]	result	0.48751750	0.00000512	0x31	0x00
SPI [1]	result	0.48752278	0.00000512	0x00	0x00
SPI [1]	result	0.48752806	0.00000512	0x00	0x00
SPI [1]	result	0.48753334	0.00000512	0x00	0x00
SPI [1]	result	0.48753862	0.00000512	0x00	0x00
SPI [1]	result	0.48754390	0.00000512	0x00	0x00
SPI [1]	result	0.48754918	0.00000512	0x00	0x00
SPI [1]	result	0.48755446	0.00000512	0x47	0x00
SPI [1]	result	0.48755974	0.00000512	0x46	0x0C
SPI [1]	result	0.48756502	0.00000512	0x58	0x33
SPI [1]	result	0.48757030	0.00000512	0x20	0xCA
SPI [1]	result	0.48757558	0.00000512	0x35	0x55
SPI [1]	result	0.48758086	0.00000512	0x30	0xA0
SPI [1]	result	0.48758614	0.00000512	0x53	0x00
SPI [1]	result	0.48759142	0.00000512	0x00	0x00
SPI [1]	result	0.48759670	0.00000512	0x00	0x00
SPI [1]	result	0.48760198	0.00000512	0x00	0x00
SPI [1]	result	0.48760726	0.00000512	0x00	0x00
SPI [1]	result	0.48761254	0.00000512	0x00	0x00
SPI [1]	result	0.48761782	0.00000512	0x00	0x00
SPI [1]	result	0.48762310	0.00000512	0x00	0x00
SPI [1]	result	0.48762838	0.00000512	0x00	0x00
SPI [1]	result	0.48763366	0.00000512	0x00	0xC3
SPI [1]	result	0.48763894	0.00000512	0x00	0x3C
SPI [1]	result	0.48764422	0.00000512	0x00	0xA5
SPI [1]	result	0.48764950	0.00000512	0x00	0x5A
SPI [1]	result	0.48765478	0.00000512	0x00	0x00
SPI [1]	result	0.48766006	0.00000512	0x47	0x00
SPI [1]	result	0.48766534	0.00000512	0x46	0x00
SPI [1]	result	0.48767062	0.00000512	0x58	0x00
SPI [1]	result	0.48767590	0.00000512	0x20	0x00
SPI [1]	result	0.48768118	0.00000512	0x35	0x00
SPI [1]	result	0.48768646	0.00000512	0x30	0x00
SPI [1]	result	0.48769174	0.00000512	0x53	0x00
SPI [1]	result	0.48769702	0.00000512	0x00	0x00
SPI [1]	result	0.48770230	0.00000512	0x00	0x0C
SPI [1]	result	0.48770758	0.00000512	0x00	0x33
SPI [1]	result	0.48771286	0.00000512	0x00	0xCA
SPI [1]	result	0.48771814	0.00000512	0x00	0x55
SPI [1]	result	0.48772342	0.00000512	0x00	0xA0
SPI [1]	result	0.48772870	0.00000512	0x00	0x00
SPI [1]	result	0.48773398	0.00000512	0x00	0x00
SPI [1]	result	0.48773926	0.00000512	0x35	0x00
SPI [1]	result	0.48774454	0.00000512	0x39	0x00
SPI [1]	result	0.48774982	0.00000512	0x33	0x00
SPI [1]	result	0.48775510	0.00000512	0x35	0x00
SPI [1]	result	0.48776038	0.00000512	0x33	0x00
SPI [1]	result	0.48776566	0.00000512	0x33	0x00
SPI [1]	result	0.48777094	0.00000512	0x33	0x00
SPI [1]	result	0.48777622	0.00000512	0x31	0xC3
SPI [1]	result	0.48778150	0.00000512	0x33	0x3C
SPI [1]	result	0.48778678	0.00000512	0x36	0xA5
SPI [1]	result	0.48779206	0.00000512	0x33	0x5A
SPI [1]	result	0.48779734	0.00000512	0x31	0x00
SPI [1]	result	0.48780262	0.00000512	0x31	0x00
SPI [1]	result	0.48780790	0.00000512	0x37	0x00
SPI [1]	result	0.48781318	0.00000512	0x30	0x00
SPI [1]	result	0.48781846	0.00000512	0x32	0x00
SPI [1]	result	0.48782374	0.00000512	0x31	0x00
SPI [1]	result	0.48782902	0.00000512	0x36	0x00
SPI [1]	result	0.48783430	0.00000512	0x37	0x00
SPI [1]	result	0.48783958	0.00000512	0x30	0x00
SPI [1]	result	0.48784486	0.00000512	0x32	0x0C
SPI [1]	result	0.48785014	0.00000512	0x30	0x33
SPI [1]	result	0.48785542	0.00000512	0x31	0xCA
SPI [1]	result	0.48786070	0.00000512	0x30	0x55
SPI [1]	result	0.48786598	0.00000512	0x31	0xA0
SPI [1]	result	0.48787126	0.00000512	0x31	0x00
SPI [1]	result	0.48787654	0.00000512	0x30	0x00
SPI [1]	result	0.48788182	0.00000512	0x36	0x00
SPI [1]	result	0.48788710	0.00000512	0x39	0x00
SPI [1]	result	0.48789238	0.00000512	0x41	0x00
SPI [1]	result	0.48789766	0.00000512	0x04	0x00
SPI [1]	result	0.48790294	0.00000512	0x20	0x00
SPI [1]	result	0.48790822	0.00000512	0x02	0x00
SPI [1]	result	0.48791350	0.00000512	0x16	0x00
SPI [1]	result	0.48791878	0.00000512	0x01	0xC3
SPI [1]	result	0.48792406	0.00000512	0x00	0x3C
SPI [1]	result	0.48792934	0.00000512	0x01	0xA5
SPI [1]	result	0.48793462	0.00000512	0x00	0x5A
SPI [1]	result	0.48793990	0.00000512	0x01	0x00
SPI [1]	result	0.48794518	0.00000512	0x00	0x00
SPI [1]	result	0.48795046	0.00000512	0x00	0x00
SPI [1]	result	0.48795574	0.00000512	0x00	0x00
SPI [1]	result	0.48796102	0.00000512	0x00	0x00
SPI [1]	result	0.48796630	0.00000512	0x00	0x00
SPI [1]	result	0.48797158	0.00000512	0x00	0x00
SPI [1]	result	0.48797686	0.00000512	0x00	0x00
SPI [1]	result	0.48798214	0.00000512	0x00	0x00
SPI [1]	result	0.48798742	0.00000512	0x00	0x0C
SPI [1]	result	0.48799270	0.00000512	0x00	0x33
SPI [1]	result	0.48799798	0.00000512	0x00	0xCA
SPI [1]	result	0.48800326	0.00000512	0x00	0x55
SPI [1]	result	0.48800854	0.00000512	0x00	0xA0
SPI [1]	result	0.48801382	0.00000512	0x00	0x00
SPI [1]	result	0.48801910	0.00000512	0x00	0x00
SPI [1]	result	0.48802438	0.00000512	0x00	0x00
SPI [1]	result	0.48802966	0.00000512	0x00	0x00
SPI [1]	result	0.48803494	0.00000512	0x00	0x00
SPI [1]	result	0.48804022	0.00000512	0x00	0x00
SPI [1]	result	0.48804550	0.00000512	0x00	0x00
SPI [1]	result	0.48805078	0.00000512	0x00	0x00
SPI [1]	result	0.48805606	0.00000512	0x00	0x00
SPI [1]	result	0.48806134	0.00000512	0x00	0xC3
SPI [1]	result	0.48806662	0.00000512	0x00	0x3C
SPI [1]	result	0.48807190	0.00000512	0x00	0xA5
SPI [1]	result	0.48807718	0.00000512	0x00	0x5A
SPI [1]	result	0.48808246	0.00000512	0x00	0x00
SPI [1]	result	0.48808774	0.00000512	0x00	0x00
SPI [1]	result	0.48809302	0.00000512	0x00	0x00
SPI [1]	result	0.48809830	0.00000512	0x00	0x00
SPI [1]	result	0.48810358	0.00000512	0x00	0x00
SPI [1]	result	0.48810886	0.00000512	0x00	0x00
SPI [1]	result	0.48811414	0.00000512	0x00	0x00
SPI [1]	result	0.48811942	0.00000512	0x00	0x00
SPI [1]	result	0.48812470	0.00000512	0x00	0x00
SPI [1]	result	0.48812998	0.00000512	0x00	0x0C
SPI [1]	result	0.48813526	0.00000512	0x00	0x33
SPI [1]	result	0.48814054	0.00000512	0x00	0xCA
SPI [1]	result	0.48814582	0.00000512	0x00	0x55
SPI [1]	result	0.48815110	0.00000512	0x00	0xA0
SPI [1]	result	0.48815638	0.00000512	0x00	0x00
SPI [1]	result	0.48816166	0.00000512	0x00	0x00
SPI [1]	result	0.48816694	0.00000512	0x00	0x00
SPI [1]	result	0.48817222	0.00000512	0x00	0x00
SPI [1]	result	0.48817750	0.00000512	0xED	0x00
SPI [1]	result	0.49130618	0.00000512	0x00	0xC3
SPI [1]	result	0.49131146	0.00000512	0x00	0x3C
SPI [1]	result	0.49131674	0.00000512	0x05	0xA5
SPI [1]	result	0.49132202	0.00000512	0x96	0x5A
SPI [1]	result	0.49211484	0.00000512	0x0D	0xC3
SPI [1]	result	0.49212012	0.00000512	0x10	0x3C
SPI [1]	result	0.49212540	0.00000512	0x80	0xA5
SPI [1]	result	0.49213068	0.00000512	0x0A	0x5A
SPI [1]	result	0.49268048	0.00000512	0x00	0xC3
SPI [1]	result	0.49268576	0.00000512	0x00	0x3C
SPI [1]	result	0.49269104	0.00000512	0x00	0xA5
SPI [1]	result	0.49269632	0.00000512	0x00	0x5A
SPI [1]	result	0.49325689	0.00000512	0x08	0xC3
SPI [1]	result	0.49326217	0.00000512	0x00	0x3C
SPI [1]	result	0.49326745	0.00000512	0x85	0xA5
SPI [1]	result	0.49327273	0.00000512	0xA8	0x5A
SPI [1]	result	0.49384681	0.00000512	0x00	0xC3
SPI [1]	result	0.49385209	0.00000512	0x00	0x3C
SPI [1]	result	0.49385737	0.00000512	0x08	0xA5
SPI [1]	result	0.49386265	0.00000512	0x20	0x5A
SPI [1]	result	0.49464214	0.00000512	0x0E	0xC3
SPI [1]	result	0.49464742	0.00000512	0x10	0x3C
SPI [1]	result	0.49465270	0.00000512	0x80	0xA5
SPI [1]	result	0.49465798	0.00000512	0x12	0x5A
SPI [1]	result	0.49521289	0.00000512	0x00	0xC3
SPI [1]	result	0.49521817	0.00000512	0x00	0x3C
SPI [1]	result	0.49522345	0.00000512	0x00	0xA5
SPI [1]	result	0.49522873	0.00000512	0x00	0x5A
SPI [1]	result	0.49578583	0.00000512	0x08	0xC3
SPI [1]	result	0.49579111	0.00000512	0x00	0x3C
SPI [1]	result	0.49579639	0.00000512	0x88	0xA5
SPI [1]	result	0.49580167	0.00000512	0x32	0x5A
SPI [1]	result	0.49638417	0.00000512	0x00	0xC3
SPI [1]	result	0.49638945	0.00000512	0x00	0x3C
SPI [1]	result	0.49639473	0.00000512	0x0C	0xA5
SPI [1]	result	0.49640001	0.00000512	0x30	0x5A
SPI [1]	result	0.49717873	0.00000512	0x0F	0xC3
SPI [1]	result	0.49718401	0.00000512	0x10	0x3C
SPI [1]	result	0.49718929	0.00000512	0x80	0xA5
SPI [1]	result	0.49719457	0.00000512	0x1A	0x5A
SPI [1]	result	0.49774874	0.00000512	0x00	0xC3
SPI [1]	result	0.49775402	0.00000512	0x00	0x3C
SPI [1]	result	0.49775930	0.00000512	0x0C	0xA5
SPI [1]	result	0.49776458	0.00000512	0x72	0x5A
SPI [1]	result	0.49854079	0.00000512	0x08	0xC3
SPI [1]	result	0.49854607	0.00000512	0x00	0x3C
SPI [1]	result	0.49855135	0.00000512	0x8C	0xA5
SPI [1]	result	0.49855663	0.00000512	0x02	0x5A
SPI [1]	result	0.49913375	0.00000512	0x00	0xC3
SPI [1]	result	0.49913903	0.00000512	0x00	0x3C
SPI [1]	result	0.49914431	0.00000512	0x00	0xA5
SPI [1]	result	0.49914959	0.00000512	0x00	0x5A
SPI [1]	result	0.49970988	0.00000512	0x08	0xC3
SPI [1]	result	0.49971516	0.00000512	0x00	0x3C
SPI [1]	result	0.49972044	0.00000512	0x8C	0xA5
SPI [1]	result	0.49972572	0.00000512	0x44	0x5A
SPI [1]	result	0.53485594	0.00000512	0x00	0x00
SPI [1]	result	0.53486122	0.00000512	0x00	0xC3
SPI [1]	result	0.53486650	0.00000512	0x08	0x3C
SPI [1]	result	0.53487178	0.00000512	0x20	0xA5
SPI [1]	result	0.53564589	0.00000512	0x09	0x5A
SPI [1]	result	0.53565117	0.00000512	0x10	0x00
SPI [1]	result	0.53565645	0.00000512	0x80	0x00
SPI [1]	result	0.53566173	0.00000512	0x2A	0x00
SPI [1]	result	0.53621987	0.00000512	0x00	0xC3
SPI [1]	result	0.53622515	0.00000512	0x00	0x3C
SPI [1]	result	0.53623043	0.00000512	0x00	0xA5
SPI [1]	result	0.53623571	0.00000512	0x00	0x5A
SPI [1]	result	0.53678490	0.00000512	0x08	0xC3
SPI [1]	result	0.53679018	0.00000512	0x00	0x3C
SPI [1]	result	0.53679546	0.00000512	0x88	0xA5
SPI [1]	result	0.53680074	0.00000512	0x32	0x5A
SPI [1]	result	0.59737171	0.00000512	0x00	0xC3
SPI [1]	result	0.59737699	0.00000512	0x00	0x3C
SPI [1]	result	0.59738227	0.00000512	0x08	0xA5
SPI [1]	result	0.59738755	0.00000512	0x20	0x5A
SPI [1]	result	0.59784892	0.00000512	0x0A	0xC3
SPI [1]	result	0.59785420	0.00000512	0x10	0x3C
SPI [1]	result	0.59785948	0.00000512	0x80	0xA5
SPI [1]	result	0.59786476	0.00000512	0x32	0x5A
SPI [1]	result	0.59813292	0.00000512	0x00	0xC3
SPI [1]	result	0.59813820	0.00000512	0x00	0x3C
SPI [1]	result	0.59814348	0.00000512	0x00	0xA5
SPI [1]	result	0.59814876	0.00000512	0x00	0x5A
SPI [1]	result	0.59841312	0.00000512	0x08	0xC3
SPI [1]	result	0.59841840	0.00000512	0x00	0x3C
SPI [1]	result	0.59842368	0.00000512	0x88	0xA5
SPI [1]	result	0.59842896	0.00000512	0x32	0x5A
SPI [1]	result	0.61223660	0.00000512	0x00	0xC3
SPI [1]	result	0.61224188	0.00000512	0x00	0x3C
SPI [1]	result	0.61224716	0.00000512	0x20	0xA5
SPI [1]	result	0.61225244	0.00000512	0x04	0x5A
SPI [1]	result	0.61272938	0.00000512	0x0B	0xC3
SPI [1]	result	0.61273466	0.00000512	0x10	0x3C
SPI [1]	result	0.61273994	0.00000512	0x80	0xA5
SPI [1]	result	0.61274522	0.00000512	0x3A	0x5A
SPI [1]	result	0.61303607	0.00000512	0x00	0xC3
SPI [1]	result	0.61304135	0.00000512	0x00	0x3C
SPI [1]	result	0.61304663	0.00000512	0x3F	0xA5
SPI [1]	result	0.61305191	0.00000512	0xC6	0x5A
SPI [1]	result	0.61352992	0.00000512	0x0C	0xC3
SPI [1]	result	0.61353520	0.00000512	0x00	0x3C
SPI [1]	result	0.61354048	0.00000512	0xA0	0xA5
SPI [1]	result	0.61354576	0.00000512	0x36	0x5A
SPI [1]	result	0.61383224	0.00000512	0x00	0xC3
SPI [1]	result	0.61383752	0.00000512	0x00	0x3C
SPI [1]	result	0.61384280	0.00000512	0x00	0xA5
SPI [1]	result	0.61384808	0.00000512	0x00	0x5A
SPI [1]	result	0.61411327	0.00000512	0x08	0xC3
SPI [1]	result	0.61411855	0.00000512	0x00	0x3C
SPI [1]	result	0.61412383	0.00000512	0xBF	0xA5
SPI [1]	result	0.61412911	0.00000512	0xD8	0x5A
SPI [1]	result	0.61440224	0.00000512	0x00	0xC3
SPI [1]	result	0.61440752	0.00000512	0x02	0x3C
SPI [1]	result	0.61441280	0.00000512	0x2A	0xA5
SPI [1]	result	0.61441808	0.00000512	0x2E	0x5A
SPI [1]	result	0.61486515	0.00000512	0x0D	0xC3
SPI [1]	result	0.61487043	0.00000512	0x10	0x3C
SPI [1]	result	0.61487571	0.00000512	0x80	0xA5
SPI [1]	result	0.61488099	0.00000512	0x0A	0x5A
SPI [1]	result	0.61514988	0.00000512	0x00	0xC3
SPI [1]	result	0.61515516	0.00000512	0x00	0x3C
SPI [1]	result	0.61516044	0.00000512	0x3F	0xA5
SPI [1]	result	0.61516572	0.00000512	0xC6	0x5A
SPI [1]	result	0.61563079	0.00000512	0x0E	0xC3
SPI [1]	result	0.61563607	0.00000512	0x00	0x3C
SPI [1]	result	0.61564135	0.00000512	0xAA	0xA5
SPI [1]	result	0.61564663	0.00000512	0x2E	0x5A
SPI [1]	result	0.61593550	0.00000512	0x00	0xC3
SPI [1]	result	0.61594078	0.00000512	0x00	0x3C
SPI [1]	result	0.61594606	0.00000512	0x00	0xA5
SPI [1]	result	0.61595134	0.00000512	0x00	0x5A
SPI [1]	result	0.61622086	0.00000512	0x08	0xC3
SPI [1]	result	0.61622614	0.00000512	0x00	0x3C
SPI [1]	result	0.61623142	0.00000512	0xBF	0xA5
SPI [1]	result	0.61623670	0.00000512	0xD8	0x5A
SPI [1]	result	0.63733365	0.00000512	0x00	0xC3
SPI [1]	result	0.63733893	0.00000512	0x00	0x3C
SPI [1]	result	0.63734421	0.00000512	0x08	0xA5
SPI [1]	result	0.63734949	0.00000512	0x20	0x5A
SPI [1]	result	0.63781291	0.00000512	0x0F	0xC3
SPI [1]	result	0.63781819	0.00000512	0x10	0x3C
SPI [1]	result	0.63782347	0.00000512	0x80	0xA5
SPI [1]	result	0.63782875	0.00000512	0x1A	0x5A
SPI [1]	result	0.63809996	0.00000512	0x00	0xC3
SPI [1]	result	0.63810524	0.00000512	0x00	0x3C
SPI [1]	result	0.63811052	0.00000512	0x00	0xA5
SPI [1]	result	0.63811580	0.00000512	0x00	0x5A
SPI [1]	result	0.63837509	0.00000512	0x08	0xC3
SPI [1]	result	0.63838037	0.00000512	0x00	0x3C
SPI [1]	result	0.63838565	0.00000512	0x88	0xA5
SPI [1]	result	0.63839093	0.00000512	0x32	0x5A
SPI [1]	result	0.63867190	0.00000512	0x00	0xC3
SPI [1]	result	0.63867718	0.00000512	0x00	0x3C
SPI [1]	result	0.63868246	0.00000512	0x0C	0xA5
SPI [1]	result	0.63868774	0.00000512	0xB2	0x5A
SPI [1]	result	0.63914488	0.00000512	0x08	0xC3
SPI [1]	result	0.63915016	0.00000512	0x10	0x3C
SPI [1]	result	0.63915544	0.00000512	0x80	0xA5
SPI [1]	result	0.63916072	0.00000512	0x22	0x5A
SPI [1]	result	0.63942989	0.00000512	0x00	0xC3
SPI [1]	result	0.63943517	0.00000512	0x00	0x3C
SPI [1]	result	0.63944045	0.00000512	0x0C	0xA5
SPI [1]	result	0.63944573	0.00000512	0x30	0x5A
SPI [1]	result	0.63988686	0.00000512	0x09	0xC3
SPI [1]	result	0.63989214	0.00000512	0x00	0x3C
SPI [1]	result	0.63989742	0.00000512	0x8C	0xA5
SPI [1]	result	0.63990270	0.00000512	0x8C	0x5A
SPI [1]	result	0.64017886	0.00000512	0x00	0xC3
SPI [1]	result	0.64018414	0.00000512	0x00	0x3C
SPI [1]	result	0.64018942	0.00000512	0x00	0xA5
SPI [1]	result	0.64019470	0.00000512	0x00	0x5A
SPI [1]	result	0.64046989	0.00000512	0x08	0xC3
SPI [1]	result	0.64047517	0.00000512	0x00	0x3C
SPI [1]	result	0.64048045	0.00000512	0x8C	0xA5
SPI [1]	result	0.64048573	0.00000512	0x02	0x5A
SPI [1]	result	0.68063834	0.00000512	0x00	0xC3
SPI [1]	result	0.68064362	0.00000512	0x00	0x3C
SPI [1]	result	0.68064890	0.00000512	0x08	0xA5
SPI [1]	result	0.68065418	0.00000512	0x20	0x5A
SPI [1]	result	0.68113940	0.00000512	0xA5	0xC3
SPI [1]	result	0.68114468	0.00000512	0x5A	0x3C
SPI [1]	result	0.68114996	0.00000512	0x3C	0xA5
SPI [1]	result	0.68115524	0.00000512	0xC3	0x5A
SPI [1]	result	0.68155520	0.00000512	0x80	0xA5
SPI [1]	result	0.68156048	0.00000512	0x20	0x5A
SPI [1]	result	0.68156576	0.00000512	0x28	0x3C
SPI [1]	result	0.68157104	0.00000512	0x24	0xC3
SPI [1]	result	0.68196381	0.00000512	0x08	0x08
SPI [1]	result	0.68196909	0.00000512	0x10	0x10
SPI [1]	result	0.68197437	0.00000512	0x80	0xA8
SPI [1]	result	0.68197965	0.00000512	0x22	0x06
SPI [1]	result	0.68237730	0.00000512	0x00	0x08
SPI [1]	result	0.68238258	0.00000512	0x00	0x00
SPI [1]	result	0.68238786	0.00000512	0x00	0xA8
SPI [1]	result	0.68239314	0.00000512	0x00	0x36
SPI [1]	result	0.68278939	0.00000512	0x00	0x00
SPI [1]	result	0.68279467	0.00000512	0x00	0xF3
SPI [1]	result	0.68279995	0.00000512	0x00	0x03
SPI [1]	result	0.68280523	0.00000512	0x00	0xE8
SPI [1]	result	0.68322091	0.00000512	0x00	0xC3
SPI [1]	result	0.68322619	0.00000512	0x00	0x3C
SPI [1]	result	0.68323147	0.00000512	0x3F	0xA5
SPI [1]	result	0.68323675	0.00000512	0xC6	0x5A
SPI [1]	result	0.68408823	0.00000512	0x08	0xC3
SPI [1]	result	0.68409351	0.00000512	0x10	0x3C
SPI [1]	result	0.68409879	0.00000512	0x80	0xA5
SPI [1]	result	0.68410407	0.00000512	0x22	0x5A
SPI [1]	result	0.68744167	0.00000512	0x00	0xC3
SPI [1]	result	0.68744695	0.00000512	0x00	0x3C
SPI [1]	result	0.68745223	0.00000512	0x00	0xA5
SPI [1]	result	0.68745751	0.00000512	0x00	0x5A
SPI [1]	result	0.68828647	0.00000512	0x08	0xC3
SPI [1]	result	0.68829175	0.00000512	0x00	0x3C
SPI [1]	result	0.68829703	0.00000512	0xBF	0xA5
SPI [1]	result	0.68830231	0.00000512	0xD8	0x5A
SPI [1]	result	0.69084390	0.00000512	0xB8	0xC3
SPI [1]	result	0.69084918	0.00000512	0x01	0x3C
SPI [1]	result	0.69085446	0.00000512	0x06	0xA5
SPI [1]	result	0.69085974	0.00000512	0x26	0x5A
SPI [1]	result	0.69163726	0.00000512	0x09	0xC3
SPI [1]	result	0.69164254	0.00000512	0x10	0x3C
SPI [1]	result	0.69164782	0.00000512	0x80	0xA5
SPI [1]	result	0.69165310	0.00000512	0x2A	0x5A
SPI [1]	result	0.69221661	0.00000512	0x00	0xC3
SPI [1]	result	0.69222189	0.00000512	0x00	0x3C
SPI [1]	result	0.69222717	0.00000512	0x05	0xA5
SPI [1]	result	0.69223245	0.00000512	0x14	0x5A
SPI [1]	result	0.69300299	0.00000512	0x0A	0xC3
SPI [1]	result	0.69300827	0.00000512	0x00	0x3C
SPI [1]	result	0.69301355	0.00000512	0x86	0xA5
SPI [1]	result	0.69301883	0.00000512	0x3A	0x5A
SPI [1]	result	0.69359050	0.00000512	0x00	0xC3
SPI [1]	result	0.69359578	0.00000512	0x00	0x3C
SPI [1]	result	0.69360106	0.00000512	0x00	0xA5
SPI [1]	result	0.69360634	0.00000512	0x00	0x5A
SPI [1]	result	0.69415228	0.00000512	0x08	0xC3
SPI [1]	result	0.69415756	0.00000512	0x00	0x3C
SPI [1]	result	0.69416284	0.00000512	0x85	0xA5
SPI [1]	result	0.69416812	0.00000512	0x26	0x5A
SPI [1]	result	0.69724418	0.00000512	0xFF	0xC3
SPI [1]	result	0.69724946	0.00000512	0xFF	0x3C
SPI [1]	result	0.69725474	0.00000512	0x00	0xA5
SPI [1]	result	0.69726002	0.00000512	0x00	0x5A
SPI [1]	result	0.69726530	0.00000512	0x00	0x00
SPI [1]	result	0.69727058	0.00000512	0x00	0x00
SPI [1]	result	0.69727586	0.00000512	0x00	0x00
SPI [1]	result	0.69728114	0.00000512	0x00	0x00
SPI [1]	result	0.69728642	0.00000512	0x00	0x00
SPI [1]	result	0.69729170	0.00000512	0x00	0x00
SPI [1]	result	0.69729698	0.00000512	0x00	0x00
SPI [1]	result	0.69730226	0.00000512	0x00	0x00
SPI [1]	result	0.69730754	0.00000512	0x00	0x00
SPI [1]	result	0.69731282	0.00000512	0x00	0x0C
SPI [1]	result	0.69731810	0.00000512	0x00	0x33
SPI [1]	result	0.69732338	0.00000512	0x00	0xCA
SPI [1]	result	0.69732866	0.00000512	0x00	0x55
SPI [1]	result	0.69733394	0.00000512	0x00	0xA0
SPI [1]	result	0.69733922	0.00000512	0x00	0x00
SPI [1]	result	0.69734450	0.00000512	0x00	0x00
SPI [1]	result	0.69734978	0.00000512	0x00	0x00
SPI [1]	result	0.69735506	0.00000512	0x00	0x00
SPI [1]	result	0.69736034	0.00000512	0x00	0x00
SPI [1]	result	0.69736562	0.00000512	0x00	0x00
SPI [1]	result	0.69737090	0.00000512	0x00	0x00
SPI [1]	result	0.69737618	0.00000512	0x00	0x00
SPI [1]	result	0.69738146	0.00000512	0x00	0x00
SPI [1]	result	0.69738674	0.00000512	0x00	0xC3
SPI [1]	result	0.69739202	0.00000512	0x00	0x3C
SPI [1]	result	0.69739730	0.00000512	0x00	0xA5
SPI [1]	result	0.69740258	0.00000512	0x00	0x5A
SPI [1]	result	0.69740786	0.00000512	0x00	0x00
SPI [1]	result	0.69741314	0.00000512	0x00	0x00
SPI [1]	result	0.69741842	0.00000512	0x00	0x00
SPI [1]	result	0.69742370	0.00000512	0x00	0x00
SPI [1]	result	0.69742898	0.00000512	0x00	0x00
SPI [1]	result	0.69743426	0.00000512	0x00	0x00
SPI [1]	result	0.69743954	0.00000512	0x00	0x00
SPI [1]	result	0.69744482	0.00000512	0x00	0x00
SPI [1]	result	0.69745010	0.00000512	0x00	0x00
SPI [1]	result	0.69745538	0.00000512	0x00	0x0C
SPI [1]	result	0.69746066	0.00000512	0x00	0x33
SPI [1]	result	0.69746594	0.00000512	0x00	0xCA
SPI [1]	result	0.69747122	0.00000512	0x00	0x55
SPI [1]	result	0.69747650	0.00000512	0x00	0xA0
SPI [1]	result	0.69748178	0.00000512	0x00	0x00
SPI [1]	result	0.69748706	0.00000512	0x00	0x00
SPI [1]	result	0.69749234	0.00000512	0x00	0x00
SPI [1]	result	0.69749762	0.00000512	0x00	0x00
SPI [1]	result	0.69750290	0.00000512	0x00	0x00
SPI [1]	result	0.69750818	0.00000512	0x00	0x00
SPI [1]	result	0.69751346	0.00000512	0x00	0x00
SPI [1]	result	0.69751874	0.00000512	0x00	0x00
SPI [1]	result	0.69752402	0.00000512	0x00	0x00
SPI [1]	result	0.69752930	0.00000512	0x00	0xC3
SPI [1]	result	0.69753458	0.00000512	0x00	0x3C
SPI [1]	result	0.69753986	0.00000512	0x00	0xA5
SPI [1]	result	0.69754514	0.00000512	0x00	0x5A
SPI [1]	result	0.69755042	0.00000512	0x00	0x00
SPI [1]	result	0.69755570	0.00000512	0x00	0x00
SPI [1]	result	0.69756098	0.00000512	0x00	0x00
SPI [1]	result	0.69756626	0.00000512	0x00	0x00
SPI [1]	result	0.69757154	0.00000512	0x00	0x00
SPI [1]	result	0.69757682	0.00000512	0x00	0x00
SPI [1]	result	0.69758210	0.00000512	0x00	0x00
SPI [1]	result	0.69758738	0.00000512	0x00	0x00
SPI [1]	result	0.69759266	0.00000512	0x00	0x00
SPI [1]	result	0.69759794	0.00000512	0x00	0x0C
SPI [1]	result	0.69760322	0.00000512	0x00	0x33
SPI [1]	result	0.69760850	0.00000512	0x00	0xCA
SPI [1]	result	0.69761378	0.00000512	0x00	0x55
SPI [1]	result	0.69761906	0.00000512	0x00	0xA0
SPI [1]	result	0.69762434	0.00000512	0x00	0x00
SPI [1]	result	0.69762962	0.00000512	0x00	0x00
SPI [1]	result	0.69763490	0.00000512	0x00	0x00
SPI [1]	result	0.69764018	0.00000512	0x00	0x00
SPI [1]	result	0.69764546	0.00000512	0x00	0x00
SPI [1]	result	0.69765074	0.00000512	0x00	0x00
SPI [1]	result	0.69765602	0.00000512	0x00	0x00
SPI [1]	result	0.69766130	0.00000512	0x00	0x00
SPI [1]	result	0.69766658	0.00000512	0x00	0x00
SPI [1]	result	0.69767186	0.00000512	0x00	0xC3
SPI [1]	result	0.69767714	0.00000512	0x00	0x3C
SPI [1]	result	0.69768242	0.00000512	0x00	0xA5
SPI [1]	result	0.69768770	0.00000512	0x00	0x5A
SPI [1]	result	0.69769298	0.00000512	0x00	0x00
SPI [1]	result	0.69769826	0.00000512	0x00	0x00
SPI [1]	result	0.69770354	0.00000512	0x00	0x00
SPI [1]	result	0.69770882	0.00000512	0x00	0x00
SPI [1]	result	0.69771410	0.00000512	0x00	0x00
SPI [1]	result	0.69771938	0.00000512	0x00	0x00
SPI [1]	result	0.69772466	0.00000512	0x00	0x00
SPI [1]	result	0.69772994	0.00000512	0x00	0x00
SPI [1]	result	0.69773522	0.00000512	0x00	0x00
SPI [1]	result	0.69774050	0.00000512	0x00	0x0C
SPI [1]	result	0.69774578	0.00000512	0x00	0x33
SPI [1]	result	0.69775106	0.00000512	0x00	0xCA
SPI [1]	result	0.69775634	0.00000512	0x00	0x55
SPI [1]	result	0.69776162	0.00000512	0x00	0xA0
SPI [1]	result	0.69776690	0.00000512	0x00	0x00
SPI [1]	result	0.69777218	0.00000512	0x00	0x00
SPI [1]	result	0.69777746	0.00000512	0x00	0x00
SPI [1]	result	0.69778274	0.00000512	0x00	0x00
SPI [1]	result	0.69778802	0.00000512	0x00	0x00
SPI [1]	result	0.69779330	0.00000512	0x00	0x00
SPI [1]	result	0.69779858	0.00000512	0x00	0x00
SPI [1]	result	0.69780386	0.00000512	0x00	0x00
SPI [1]	result	0.69780914	0.00000512	0x00	0x00
SPI [1]	result	0.69781442	0.00000512	0x00	0xC3
SPI [1]	result	0.69781970	0.00000512	0x00	0x3C
SPI [1]	result	0.69782498	0.00000512	0x00	0xA5
SPI [1]	result	0.69783026	0.00000512	0x00	0x5A
SPI [1]	result	0.69783554	0.00000512	0x00	0x00
SPI [1]	result	0.69784082	0.00000512	0x00	0x00
SPI [1]	result	0.69784610	0.00000512	0x00	0x00
SPI [1]	result	0.69785138	0.00000512	0x00	0x00
SPI [1]	result	0.69785666	0.00000512	0x00	0x00
SPI [1]	result	0.69786194	0.00000512	0x00	0x00
SPI [1]	result	0.69786722	0.00000512	0x00	0x00
SPI [1]	result	0.69787250	0.00000512	0x00	0x00
SPI [1]	result	0.69787778	0.00000512	0x00	0x00
SPI [1]	result	0.69788306	0.00000512	0x00	0x0C
SPI [1]	result	0.69788834	0.00000512	0x00	0x33
SPI [1]	result	0.69789362	0.00000512	0x00	0xCA
SPI [1]	result	0.69789890	0.00000512	0x00	0x55
SPI [1]	result	0.69790418	0.00000512	0x00	0xA0
SPI [1]	result	0.69790946	0.00000512	0x00	0x00
SPI [1]	result	0.69791474	0.00000512	0x00	0x00
SPI [1]	result	0.69792002	0.00000512	0x00	0x00
SPI [1]	result	0.69792530	0.00000512	0x00	0x00
SPI [1]	result	0.69793058	0.00000512	0x5A	0x00
SPI [1]	result	0.70106036	0.00000512	0xFF	0xC3
SPI [1]	result	0.70106564	0.00000512	0x00	0x3C
SPI [1]	result	0.70107092	0.00000512	0x00	0xA5
SPI [1]	result	0.70107620	0.00000512	0x00	0x5A
SPI [1]	result	0.70108148	0.00000512	0x00	0x00
SPI [1]	result	0.70108676	0.00000512	0x00	0x00
SPI [1]	result	0.70109204	0.00000512	0x00	0x00
SPI [1]	result	0.70109732	0.00000512	0x00	0x00
SPI [1]	result	0.70110260	0.00000512	0x00	0x00
SPI [1]	result	0.70110788	0.00000512	0x00	0x00
SPI [1]	result	0.70111316	0.00000512	0x00	0x00
SPI [1]	result	0.70111844	0.00000512	0x00	0x00
SPI [1]	result	0.70112372	0.00000512	0x00	0x00
SPI [1]	result	0.70112900	0.00000512	0x00	0x0C
SPI [1]	result	0.70113428	0.00000512	0x00	0x33
SPI [1]	result	0.70113956	0.00000512	0x00	0xCA
SPI [1]	result	0.70114484	0.00000512	0x00	0x55
SPI [1]	result	0.70115012	0.00000512	0x00	0xA0
SPI [1]	result	0.70115540	0.00000512	0x00	0x00
SPI [1]	result	0.70116068	0.00000512	0x00	0x00
SPI [1]	result	0.70116596	0.00000512	0x00	0x00
SPI [1]	result	0.70117124	0.00000512	0x00	0x00
SPI [1]	result	0.70117652	0.00000512	0x00	0x00
SPI [1]	result	0.70118180	0.00000512	0x00	0x00
SPI [1]	result	0.70118708	0.00000512	0x00	0x00
SPI [1]	result	0.70119236	0.00000512	0x00	0x00
SPI [1]	result	0.70119764	0.00000512	0x00	0x00
SPI [1]	result	0.70120292	0.00000512	0x00	0xC3
SPI [1]	result	0.70120820	0.00000512	0x00	0x3C
SPI [1]	result	0.70121348	0.00000512	0x00	0xA5
SPI [1]	result	0.70121876	0.00000512	0x00	0x5A
SPI [1]	result	0.70122404	0.00000512	0x00	0x00
SPI [1]	result	0.70122932	0.00000512	0x00	0x00
SPI [1]	result	0.70123460	0.00000512	0x00	0x00
SPI [1]	result	0.70123988	0.00000512	0x00	0x00
SPI [1]	result	0.70124516	0.00000512	0x00	0x00
SPI [1]	result	0.70125044	0.00000512	0x00	0x00
SPI [1]	result	0.70125572	0.00000512	0x00	0x00
SPI [1]	result	0.70126100	0.00000512	0x00	0x00
SPI [1]	result	0.70126628	0.00000512	0x00	0x00
SPI [1]	result	0.70127156	0.00000512	0x00	0x0C
SPI [1]	result	0.70127684	0.00000512	0x00	0x33
SPI [1]	result	0.70128212	0.00000512	0x00	0xCA
SPI [1]	result	0.70128740	0.00000512	0x00	0x55
SPI [1]	result	0.70129268	0.00000512	0x00	0xA0
SPI [1]	result	0.70129796	0.00000512	0x00	0x00
SPI [1]	result	0.70130324	0.00000512	0x00	0x00
SPI [1]	result	0.70130852	0.00000512	0x00	0x00
SPI [1]	result	0.70131380	0.00000512	0x00	0x00
SPI [1]	result	0.70131908	0.00000512	0x00	0x00
SPI [1]	result	0.70132436	0.00000512	0x00	0x00
SPI [1]	result	0.70132964	0.00000512	0x00	0x00
SPI [1]	result	0.70133492	0.00000512	0x00	0x00
SPI [1]	result	0.70134020	0.00000512	0x00	0x00
SPI [1]	result	0.70134548	0.00000512	0x00	0xC3
SPI [1]	result	0.70135076	0.00000512	0x00	0x3C
SPI [1]	result	0.70135604	0.00000512	0x00	0xA5
SPI [1]	result	0.70136132	0.00000512	0x00	0x5A
SPI [1]	result	0.70136660	0.00000512	0x00	0x00
SPI [1]	result	0.70137188	0.00000512	0x00	0x00
SPI [1]	result	0.70137716	0.00000512	0x00	0x00
SPI [1]	result	0.70138244	0.00000512	0x00	0x00
SPI [1]	result	0.70138772	0.00000512	0x00	0x00
SPI [1]	result	0.70139300	0.00000512	0x00	0x00
SPI [1]	result	0.70139828	0.00000512	0x00	0x00
SPI [1]	result	0.70140356	0.00000512	0x00	0x00
SPI [1]	result	0.70140884	0.00000512	0x00	0x00
SPI [1]	result	0.70141412	0.00000512	0x00	0x0C
SPI [1]	result	0.70141940	0.00000512	0x00	0x33
SPI [1]	result	0.70142468	0.00000512	0x00	0xCA
SPI [1]	result	0.70142996	0.00000512	0x00	0x55
SPI [1]	result	0.70143524	0.00000512	0x00	0xA0
SPI [1]	result	0.70144052	0.00000512	0x00	0x00
SPI [1]	result	0.70144580	0.00000512	0x00	0x00
SPI [1]	result	0.70145108	0.00000512	0x00	0x00
SPI [1]	result	0.70145636	0.00000512	0x00	0x00
SPI [1]	result	0.70146164	0.00000512	0x00	0x00
SPI [1]	result	0.70146692	0.00000512	0x00	0x00
SPI [1]	result	0.70147220	0.00000512	0x00	0x00
SPI [1]	result	0.70147748	0.00000512	0x00	0x00
SPI [1]	result	0.70148276	0.00000512	0x00	0x00
SPI [1]	result	0.70148804	0.00000512	0x00	0xC3
SPI [1]	result	0.70149332	0.00000512	0x00	0x3C
SPI [1]	result	0.70149860	0.00000512	0x00	0xA5
SPI [1]	result	0.70150388	0.00000512	0x00	0x5A
SPI [1]	result	0.70150916	0.00000512	0x00	0x00
SPI [1]	result	0.70151444	0.00000512	0x00	0x00
SPI [1]	result	0.70151972	0.00000512	0x00	0x00
SPI [1]	result	0.70152500	0.00000512	0x00	0x00
SPI [1]	result	0.70153028	0.00000512	0x00	0x00
SPI [1]	result	0.70153556	0.00000512	0x00	0x00
SPI [1]	result	0.70154084	0.00000512	0x00	0x00
SPI [1]	result	0.70154612	0.00000512	0x00	0x00
SPI [1]	result	0.70155140	0.00000512	0x00	0x00
SPI [1]	result	0.70155668	0.00000512	0x00	0x0C
SPI [1]	result	0.70156196	0.00000512	0x00	0x33
SPI [1]	result	0.70156724	0.00000512	0x00	0xCA
SPI [1]	result	0.70157252	0.00000512	0x00	0x55
SPI [1]	result	0.70157780	0.00000512	0x00	0xA0
SPI [1]	result	0.70158308	0.00000512	0x00	0x00
SPI [1]	result	0.70158836	0.00000512	0x00	0x00
SPI [1]	result	0.70159364	0.00000512	0x00	0x00
SPI [1]	result	0.70159892	0.00000512	0x00	0x00
SPI [1]	result	0.70160420	0.00000512	0x00	0x00
SPI [1]	result	0.70160948	0.00000512	0x00	0x00
SPI [1]	result	0.70161476	0.00000512	0x00	0x00
SPI [1]	result	0.70162004	0.00000512	0x00	0x00
SPI [1]	result	0.70162532	0.00000512	0x00	0x00
SPI [1]	result	0.70163060	0.00000512	0x00	0xC3
SPI [1]	result	0.70163588	0.00000512	0x00	0x3C
SPI [1]	result	0.70164116	0.00000512	0x00	0xA5
SPI [1]	result	0.70164644	0.00000512	0x00	0x5A
SPI [1]	result	0.70165172	0.00000512	0x00	0x00
SPI [1]	result	0.70165700	0.00000512	0x00	0x00
SPI [1]	result	0.70166228	0.00000512	0x00	0x00
SPI [1]	result	0.70166756	0.00000512	0x00	0x00
SPI [1]	result	0.70167284	0.00000512	0x00	0x00
SPI [1]	result	0.70167812	0.00000512	0x00	0x00
SPI [1]	result	0.70168340	0.00000512	0x00	0x00
SPI [1]	result	0.70168868	0.00000512	0x00	0x00
SPI [1]	result	0.70169396	0.00000512	0x00	0x00
SPI [1]	result	0.70169924	0.00000512	0x00	0x0C
SPI [1]	result	0.70170452	0.00000512	0x00	0x33
SPI [1]	result	0.70170980	0.00000512	0x00	0xCA
SPI [1]	result	0.70171508	0.00000512	0x00	0x55
SPI [1]	result	0.70172036	0.00000512	0x00	0xA0
SPI [1]	result	0.70172564	0.00000512	0x00	0x00
SPI [1]	result	0.70173092	0.00000512	0x00	0x00
SPI [1]	result	0.70173620	0.00000512	0x00	0x00
SPI [1]	result	0.70174148	0.00000512	0x00	0x00
SPI [1]	result	0.70174676	0.00000512	0x5A	0x00
SPI [1]	result	0.70489672	0.00000512	0xB8	0xC3
SPI [1]	result	0.70490200	0.00000512	0x01	0x3C
SPI [1]	result	0.70490728	0.00000512	0x06	0xA5
SPI [1]	result	0.70491256	0.00000512	0x26	0x5A
SPI [1]	result	0.70569836	0.00000512	0x0B	0xC3
SPI [1]	result	0.70570364	0.00000512	0x10	0x3C
SPI [1]	result	0.70570892	0.00000512	0x80	0xA5
SPI [1]	result	0.70571420	0.00000512	0x3A	0x5A
SPI [1]	result	0.70626332	0.00000512	0x00	0xC3
SPI [1]	result	0.70626860	0.00000512	0x00	0x3C
SPI [1]	result	0.70627388	0.00000512	0x05	0xA5
SPI [1]	result	0.70627916	0.00000512	0x56	0x5A
SPI [1]	result	0.70705487	0.00000512	0x0C	0xC3
SPI [1]	result	0.70706015	0.00000512	0x00	0x3C
SPI [1]	result	0.70706543	0.00000512	0x86	0xA5
SPI [1]	result	0.70707071	0.00000512	0x0A	0x5A
SPI [1]	result	0.70763857	0.00000512	0x00	0xC3
SPI [1]	result	0.70764385	0.00000512	0x00	0x3C
SPI [1]	result	0.70764913	0.00000512	0x00	0xA5
SPI [1]	result	0.70765441	0.00000512	0x00	0x5A
SPI [1]	result	0.70821342	0.00000512	0x08	0xC3
SPI [1]	result	0.70821870	0.00000512	0x00	0x3C
SPI [1]	result	0.70822398	0.00000512	0x85	0xA5
SPI [1]	result	0.70822926	0.00000512	0x68	0x5A
SPI [1]	result	0.71131254	0.00000512	0x00	0xC3
SPI [1]	result	0.71131782	0.00000512	0x00	0x3C
SPI [1]	result	0.71132310	0.00000512	0x53	0xA5
SPI [1]	result	0.71132838	0.00000512	0x50	0x5A
SPI [1]	result	0.71133366	0.00000512	0x58	0x00
SPI [1]	result	0.71133894	0.00000512	0x31	0x00
SPI [1]	result	0.71134422	0.00000512	0x00	0x00
SPI [1]	result	0.71134950	0.00000512	0x00	0x00
SPI [1]	result	0.71135478	0.00000512	0x00	0x00
SPI [1]	result	0.71136006	0.00000512	0x00	0x00
SPI [1]	result	0.71136534	0.00000512	0x00	0x00
SPI [1]	result	0.71137062	0.00000512	0x00	0x00
SPI [1]	result	0.71137590	0.00000512	0x47	0x00
SPI [1]	result	0.71138118	0.00000512	0x46	0x0C
SPI [1]	result	0.71138646	0.00000512	0x58	0x33
SPI [1]	result	0.71139174	0.00000512	0x20	0xCA
SPI [1]	result	0.71139702	0.00000512	0x35	0x55
SPI [1]	result	0.71140230	0.00000512	0x30	0xA0
SPI [1]	result	0.71140758	0.00000512	0x53	0x00
SPI [1]	result	0.71141286	0.00000512	0x00	0x00
SPI [1]	result	0.71141814	0.00000512	0x00	0x00
SPI [1]	result	0.71142342	0.00000512	0x00	0x00
SPI [1]	result	0.71142870	0.00000512	0x00	0x00
SPI [1]	result	0.71143398	0.00000512	0x00	0x00
SPI [1]	result	0.71143926	0.00000512	0x00	0x00
SPI [1]	result	0.71144454	0.00000512	0x00	0x00
SPI [1]	result	0.71144982	0.00000512	0x00	0x00
SPI [1]	result	0.71145510	0.00000512	0x00	0xC3
SPI [1]	result	0.71146038	0.00000512	0x00	0x3C
SPI [1]	result	0.71146566	0.00000512	0x00	0xA5
SPI [1]	result	0.71147094	0.00000512	0x00	0x5A
SPI [1]	result	0.71147622	0.00000512	0x00	0x00
SPI [1]	result	0.71148150	0.00000512	0x47	0x00
SPI [1]	result	0.71148678	0.00000512	0x46	0x00
SPI [1]	result	0.71149206	0.00000512	0x58	0x00
SPI [1]	result	0.71149734	0.00000512	0x20	0x00
SPI [1]	result	0.71150262	0.00000512	0x35	0x00
SPI [1]	result	0.71150790	0.00000512	0x30	0x00
SPI [1]	result	0.71151318	0.00000512	0x53	0x00
SPI [1]	result	0.71151846	0.00000512	0x00	0x00
SPI [1]	result	0.71152374	0.00000512	0x00	0x0C
SPI [1]	result	0.71152902	0.00000512	0x00	0x33
SPI [1]	result	0.71153430	0.00000512	0x00	0xCA
SPI [1]	result	0.71153958	0.00000512	0x00	0x55
SPI [1]	result	0.71154486	0.00000512	0x00	0xA0
SPI [1]	result	0.71155014	0.00000512	0x00	0x00
SPI [1]	result	0.71155542	0.00000512	0x00	0x00
SPI [1]	result	0.71156070	0.00000512	0x35	0x00
SPI [1]	result	0.71156598	0.00000512	0x39	0x00
SPI [1]	result	0.71157126	0.00000512	0x33	0x00
SPI [1]	result	0.71157654	0.00000512	0x35	0x00
SPI [1]	result	0.71158182	0.00000512	0x33	0x00
SPI [1]	result	0.71158710	0.00000512	0x33	0x00
SPI [1]	result	0.71159238	0.00000512	0x33	0x00
SPI [1]	result	0.71159766	0.00000512	0x31	0xC3
SPI [1]	result	0.71160294	0.00000512	0x33	0x3C
SPI [1]	result	0.71160822	0.00000512	0x36	0xA5
SPI [1]	result	0.71161350	0.00000512	0x33	0x5A
SPI [1]	result	0.71161878	0.00000512	0x31	0x00
SPI [1]	result	0.71162406	0.00000512	0x31	0x00
SPI [1]	result	0.71162934	0.00000512	0x37	0x00
SPI [1]	result	0.71163462	0.00000512	0x30	0x00
SPI [1]	result	0.71163990	0.00000512	0x32	0x00
SPI [1]	result	0.71164518	0.00000512	0x31	0x00
SPI [1]	result	0.71165046	0.00000512	0x36	0x00
SPI [1]	result	0.71165574	0.00000512	0x37	0x00
SPI [1]	result	0.71166102	0.00000512	0x30	0x00
SPI [1]	result	0.71166630	0.00000512	0x32	0x0C
SPI [1]	result	0.71167158	0.00000512	0x30	0x33
SPI [1]	result	0.71167686	0.00000512	0x31	0xCA
SPI [1]	result	0.71168214	0.00000512	0x30	0x55
SPI [1]	result	0.71168742	0.00000512	0x31	0xA0
SPI [1]	result	0.71169270	0.00000512	0x31	0x00
SPI [1]	result	0.71169798	0.00000512	0x30	0x00
SPI [1]	result	0.71170326	0.00000512	0x36	0x00
SPI [1]	result	0.71170854	0.00000512	0x39	0x00
SPI [1]	result	0.71171382	0.00000512	0x41	0x00
SPI [1]	result	0.71171910	0.00000512	0x04	0x00
SPI [1]	result	0.71172438	0.00000512	0x20	0x00
SPI [1]	result	0.71172966	0.00000512	0x02	0x00
SPI [1]	result	0.71173494	0.00000512	0x16	0x00
SPI [1]	result	0.71174022	0.00000512	0x01	0xC3
SPI [1]	result	0.71174550	0.00000512	0x00	0x3C
SPI [1]	result	0.71175078	0.00000512	0x01	0xA5
SPI [1]	result	0.71175606	0.00000512	0x00	0x5A
SPI [1]	result	0.71176134	0.00000512	0x01	0x00
SPI [1]	result	0.71176662	0.00000512	0x00	0x00
SPI [1]	result	0.71177190	0.00000512	0x00	0x00
SPI [1]	result	0.71177718	0.00000512	0x00	0x00
SPI [1]	result	0.71178246	0.00000512	0x00	0x00
SPI [1]	result	0.71178774	0.00000512	0x00	0x00
SPI [1]	result	0.71179302	0.00000512	0x00	0x00
SPI [1]	result	0.71179830	0.00000512	0x00	0x00
SPI [1]	result	0.71180358	0.00000512	0x00	0x00
SPI [1]	result	0.71180886	0.00000512	0x00	0x0C
SPI [1]	result	0.71181414	0.00000512	0x00	0x33
SPI [1]	result	0.71181942	0.00000512	0x00	0xCA
SPI [1]	result	0.71182470	0.00000512	0x00	0x55
SPI [1]	result	0.71182998	0.00000512	0x00	0xA0
SPI [1]	result	0.71183526	0.00000512	0x00	0x00
SPI [1]	result	0.71184054	0.00000512	0x00	0x00
SPI [1]	result	0.71184582	0.00000512	0x00	0x00
SPI [1]	result	0.71185110	0.00000512	0x00	0x00
SPI [1]	result	0.71185638	0.00000512	0x00	0x00
SPI [1]	result	0.71186166	0.00000512	0x00	0x00
SPI [1]	result	0.71186694	0.00000512	0x00	0x00
SPI [1]	result	0.71187222	0.00000512	0x00	0x00
SPI [1]	result	0.71187750	0.00000512	0x00	0x00
SPI [1]	result	0.71188278	0.00000512	0x00	0xC3
SPI [1]	result	0.71188806	0.00000512	0x00	0x3C
SPI [1]	result	0.71189334	0.00000512	0x00	0xA5
SPI [1]	result	0.71189862	0.00000512	0x00	0x5A
SPI [1]	result	0.71190390	0.00000512	0x00	0x00
SPI [1]	result	0.71190918	0.00000512	0x00	0x00
SPI [1]	result	0.71191446	0.00000512	0x00	0x00
SPI [1]	result	0.71191974	0.00000512	0x00	0x00
SPI [1]	result	0.71192502	0.00000512	0x00	0x00
SPI [1]	result	0.71193030	0.00000512	0x00	0x00
SPI [1]	result	0.71193558	0.00000512	0x00	0x00
SPI [1]	result	0.71194086	0.00000512	0x00	0x00
SPI [1]	result	0.71194614	0.00000512	0x00	0x00
SPI [1]	result	0.71195142	0.00000512	0x00	0x0C
SPI [1]	result	0.71195670	0.00000512	0x00	0x33
SPI [1]	result	0.71196198	0.00000512	0x00	0xCA
SPI [1]	result	0.71196726	0.00000512	0x00	0x55
SPI [1]	result	0.71197254	0.00000512	0x00	0xA0
SPI [1]	result	0.71197782	0.00000512	0x00	0x00
SPI [1]	result	0.71198310	0.00000512	0x00	0x00
SPI [1]	result	0.71198838	0.00000512	0x00	0x00
SPI [1]	result	0.71199366	0.00000512	0x00	0x00
SPI [1]	result	0.71199894	0.00000512	0xEF	0x00
SPI [1]	result	0.71512435	0.00000512	0xFF	0xC3
SPI [1]	result	0.71512963	0.00000512	0xFF	0x3C
SPI [1]	result	0.71513491	0.00000512	0x53	0xA5
SPI [1]	result	0.71514019	0.00000512	0x50	0x5A
SPI [1]	result	0.71514547	0.00000512	0x58	0x00
SPI [1]	result	0.71515075	0.00000512	0x31	0x00
SPI [1]	result	0.71515603	0.00000512	0x00	0x00
SPI [1]	result	0.71516131	0.00000512	0x00	0x00
SPI [1]	result	0.71516659	0.00000512	0x00	0x00
SPI [1]	result	0.71517187	0.00000512	0x00	0x00
SPI [1]	result	0.71517715	0.00000512	0x00	0x00
SPI [1]	result	0.71518243	0.00000512	0x00	0x00
SPI [1]	result	0.71518771	0.00000512	0x47	0x00
SPI [1]	result	0.71519299	0.00000512	0x46	0x0C
SPI [1]	result	0.71519827	0.00000512	0x58	0x33
SPI [1]	result	0.71520355	0.00000512	0x20	0xCA
SPI [1]	result	0.71520883	0.00000512	0x35	0x55
SPI [1]	result	0.71521411	0.00000512	0x30	0xA0
SPI [1]	result	0.71521939	0.00000512	0x53	0x00
SPI [1]	result	0.71522467	0.00000512	0x00	0x00
SPI [1]	result	0.71522995	0.00000512	0x00	0x00
SPI [1]	result	0.71523523	0.00000512	0x00	0x00
SPI [1]	result	0.71524051	0.00000512	0x00	0x00
SPI [1]	result	0.71524579	0.00000512	0x00	0x00
SPI [1]	result	0.71525107	0.00000512	0x00	0x00
SPI [1]	result	0.71525635	0.00000512	0x00	0x00
SPI [1]	result	0.71526163	0.00000512	0x00	0x00
SPI [1]	result	0.71526691	0.00000512	0x00	0xC3
SPI [1]	result	0.71527219	0.00000512	0x00	0x3C
SPI [1]	result	0.71527747	0.00000512	0x00	0xA5
SPI [1]	result	0.71528275	0.00000512	0x00	0x5A
SPI [1]	result	0.71528803	0.00000512	0x00	0x00
SPI [1]	result	0.71529331	0.00000512	0x47	0x00
SPI [1]	result	0.71529859	0.00000512	0x46	0x00
SPI [1]	result	0.71530387	0.00000512	0x58	0x00
SPI [1]	result	0.71530915	0.00000512	0x20	0x00
SPI [1]	result	0.71531443	0.00000512	0x35	0x00
SPI [1]	result	0.71531971	0.00000512	0x30	0x00
SPI [1]	result	0.71532499	0.00000512	0x53	0x00
SPI [1]	result	0.71533027	0.00000512	0x00	0x00
SPI [1]	result	0.71533555	0.00000512	0x00	0x0C
SPI [1]	result	0.71534083	0.00000512	0x00	0x33
SPI [1]	result	0.71534611	0.00000512	0x00	0xCA
SPI [1]	result	0.71535139	0.00000512	0x00	0x55
SPI [1]	result	0.71535667	0.00000512	0x00	0xA0
SPI [1]	result	0.71536195	0.00000512	0x00	0x00
SPI [1]	result	0.71536723	0.00000512	0x00	0x00
SPI [1]	result	0.71537251	0.00000512	0x35	0x00
SPI [1]	result	0.71537779	0.00000512	0x39	0x00
SPI [1]	result	0.71538307	0.00000512	0x33	0x00
SPI [1]	result	0.71538835	0.00000512	0x35	0x00
SPI [1]	result	0.71539363	0.00000512	0x33	0x00
SPI [1]	result	0.71539891	0.00000512	0x33	0x00
SPI [1]	result	0.71540419	0.00000512	0x33	0x00
SPI [1]	result	0.71540947	0.00000512	0x31	0xC3
SPI [1]	result	0.71541475	0.00000512	0x33	0x3C
SPI [1]	result	0.71542003	0.00000512	0x36	0xA5
SPI [1]	result	0.71542531	0.00000512	0x33	0x5A
SPI [1]	result	0.71543059	0.00000512	0x31	0x00
SPI [1]	result	0.71543587	0.00000512	0x31	0x00
SPI [1]	result	0.71544115	0.00000512	0x37	0x00
SPI [1]	result	0.71544643	0.00000512	0x30	0x00
SPI [1]	result	0.71545171	0.00000512	0x32	0x00
SPI [1]	result	0.71545699	0.00000512	0x31	0x00
SPI [1]	result	0.71546227	0.00000512	0x36	0x00
SPI [1]	result	0.71546755	0.00000512	0x37	0x00
SPI [1]	result	0.71547283	0.00000512	0x30	0x00
SPI [1]	result	0.71547811	0.00000512	0x32	0x0C
SPI [1]	result	0.71548339	0.00000512	0x30	0x33
SPI [1]	result	0.71548867	0.00000512	0x31	0xCA
SPI [1]	result	0.71549395	0.00000512	0x30	0x55
SPI [1]	result	0.71549923	0.00000512	0x31	0xA0
SPI [1]	result	0.71550451	0.00000512	0x31	0x00
SPI [1]	result	0.71550979	0.00000512	0x30	0x00
SPI [1]	result	0.71551507	0.00000512	0x36	0x00
SPI [1]	result	0.71552035	0.00000512	0x39	0x00
SPI [1]	result	0.71552563	0.00000512	0x41	0x00
SPI [1]	result	0.71553091	0.00000512	0x04	0x00
SPI [1]	result	0.71553619	0.00000512	0x20	0x00
SPI [1]	result	0.71554147	0.00000512	0x02	0x00
SPI [1]	result	0.71554675	0.00000512	0x16	0x00
SPI [1]	result	0.71555203	0.00000512	0x01	0xC3
SPI [1]	result	0.71555731	0.00000512	0x00	0x3C
SPI [1]	result	0.71556259	0.00000512	0x01	0xA5
SPI [1]	result	0.71556787	0.00000512	0x00	0x5A
SPI [1]	result	0.71557315	0.00000512	0x01	0x00
SPI [1]	result	0.71557843	0.00000512	0x00	0x00
SPI [1]	result	0.71558371	0.00000512	0x00	0x00
SPI [1]	result	0.71558899	0.00000512	0x00	0x00
SPI [1]	result	0.71559427	0.00000512	0x00	0x00
SPI [1]	result	0.71559955	0.00000512	0x00	0x00
SPI [1]	result	0.71560483	0.00000512	0x00	0x00
SPI [1]	result	0.71561011	0.00000512	0x00	0x00
SPI [1]	result	0.71561539	0.00000512	0x00	0x00
SPI [1]	result	0.71562067	0.00000512	0x00	0x04
SPI [1]	result	0.71562595	0.00000512	0x00	0x33
SPI [1]	result	0.71563123	0.00000512	0x00	0xCA
SPI [1]	result	0.71563651	0.00000512	0x00	0x55
SPI [1]	result	0.71564179	0.00000512	0x00	0xA0
SPI [1]	result	0.71564707	0.00000512	0x00	0x00
SPI [1]	result	0.71565235	0.00000512	0x00	0x00
SPI [1]	result	0.71565763	0.00000512	0x00	0x00
SPI [1]	result	0.71566291	0.00000512	0x00	0x00
SPI [1]	result	0.71566819	0.00000512	0x00	0x00
SPI [1]	result	0.71567347	0.00000512	0x00	0x00
SPI [1]	result	0.71567875	0.00000512	0x00	0x00
SPI [1]	result	0.71568403	0.00000512	0x00	0x00
SPI [1]	result	0.71568931	0.00000512	0x00	0x00
SPI [1]	result	0.71569459	0.00000512	0x00	0xC3
SPI [1]	result	0.71569987	0.00000512	0x00	0x3C
SPI [1]	result	0.71570515	0.00000512	0x00	0xA5
SPI [1]	result	0.71571043	0.00000512	0x00	0x5A
SPI [1]	result	0.71571571	0.00000512	0x00	0x00
SPI [1]	result	0.71572099	0.00000512	0x00	0x00
SPI [1]	result	0.71572627	0.00000512	0x00	0x00
SPI [1]	result	0.71573155	0.00000512	0x00	0x00
SPI [1]	result	0.71573683	0.00000512	0x00	0x00
SPI [1]	result	0.71574211	0.00000512	0x00	0x00
SPI [1]	result	0.71574739	0.00000512	0x00	0x00
SPI [1]	result	0.71575267	0.00000512	0x00	0x00
SPI [1]	result	0.71575795	0.00000512	0x00	0x00
SPI [1]	result	0.71576323	0.00000512	0x00	0x01
SPI [1]	result	0.71576851	0.00000512	0x00	0x86
SPI [1]	result	0.71577379	0.00000512	0x00	0x79
SPI [1]	result	0.71577907	0.00000512	0x00	0x4A
SPI [1]	result	0.71578435	0.00000512	0x00	0xB4
SPI [1]	result	0.71578963	0.00000512	0x00	0x00
SPI [1]	result	0.71579491	0.00000512	0x00	0x00
SPI [1]	result	0.71580019	0.00000512	0x00	0x00
SPI [1]	result	0.71580547	0.00000512	0x00	0x00
SPI [1]	result	0.71581075	0.00000512	0xED	0x00
SPI [1]	result	0.71893921	0.00000512	0x00	0xC3
SPI [1]	result	0.71894449	0.00000512	0x00	0x3C
SPI [1]	result	0.71894977	0.00000512	0x05	0xA5
SPI [1]	result	0.71895505	0.00000512	0x96	0x5A
SPI [1]	result	0.71974648	0.00000512	0x0D	0xC3
SPI [1]	result	0.71975176	0.00000512	0x10	0x3C
SPI [1]	result	0.71975704	0.00000512	0x80	0xA5
SPI [1]	result	0.71976232	0.00000512	0x0A	0x5A
SPI [1]	result	0.72031320	0.00000512	0x00	0xC3
SPI [1]	result	0.72031848	0.00000512	0x00	0x3C
SPI [1]	result	0.72032376	0.00000512	0x00	0xA5
SPI [1]	result	0.72032904	0.00000512	0x00	0x5A
SPI [1]	result	0.72089029	0.00000512	0x08	0xC3
SPI [1]	result	0.72089557	0.00000512	0x00	0x3C
SPI [1]	result	0.72090085	0.00000512	0x85	0xA5
SPI [1]	result	0.72090613	0.00000512	0xA8	0x5A
SPI [1]	result	0.72148158	0.00000512	0x00	0xC3
SPI [1]	result	0.72148686	0.00000512	0x00	0x3C
SPI [1]	result	0.72149214	0.00000512	0x08	0xA5
SPI [1]	result	0.72149742	0.00000512	0x20	0x5A
SPI [1]	result	0.72227596	0.00000512	0x0E	0xC3
SPI [1]	result	0.72228124	0.00000512	0x10	0x3C
SPI [1]	result	0.72228652	0.00000512	0x80	0xA5
SPI [1]	result	0.72229180	0.00000512	0x12	0x5A
SPI [1]	result	0.72284729	0.00000512	0x00	0xC3
SPI [1]	result	0.72285257	0.00000512	0x00	0x3C
SPI [1]	result	0.72285785	0.00000512	0x00	0xA5
SPI [1]	result	0.72286313	0.00000512	0x00	0x5A
SPI [1]	result	0.72341996	0.00000512	0x08	0xC3
SPI [1]	result	0.72342524	0.00000512	0x00	0x3C
SPI [1]	result	0.72343052	0.00000512	0x88	0xA5
SPI [1]	result	0.72343580	0.00000512	0x32	0x5A
SPI [1]	result	0.72401788	0.00000512	0x00	0xC3
SPI [1]	result	0.72402316	0.00000512	0x00	0x3C
SPI [1]	result	0.72402844	0.00000512	0x0C	0xA5
SPI [1]	result	0.72403372	0.00000512	0x30	0x5A
SPI [1]	result	0.72481263	0.00000512	0x0F	0xC3
SPI [1]	result	0.72481791	0.00000512	0x10	0x3C
SPI [1]	result	0.72482319	0.00000512	0x80	0xA5
SPI [1]	result	0.72482847	0.00000512	0x1A	0x5A
SPI [1]	result	0.72538222	0.00000512	0x00	0xC3
SPI [1]	result	0.72538750	0.00000512	0x00	0x3C
SPI [1]	result	0.72539278	0.00000512	0x0C	0xA5
SPI [1]	result	0.72539806	0.00000512	0x72	0x5A
SPI [1]	result	0.72617464	0.00000512	0x08	0xC3
SPI [1]	result	0.72617992	0.00000512	0x00	0x3C
SPI [1]	result	0.72618520	0.00000512	0x8C	0xA5
SPI [1]	result	0.72619048	0.00000512	0x02	0x5A
SPI [1]	result	0.72676810	0.00000512	0x00	0xC3
SPI [1]	result	0.72677338	0.00000512	0x00	0x3C
SPI [1]	result	0.72677866	0.00000512	0x00	0xA5
SPI [1]	result	0.72678394	0.00000512	0x00	0x5A
SPI [1]	result	0.72745663	0.00000512	0x08	0xC3
SPI [1]	result	0.72746191	0.00000512	0x00	0x3C
SPI [1]	result	0.72746719	0.00000512	0x8C	0xA5
SPI [1]	result	0.72747247	0.00000512	0x44	0x5A
SPI [1]	result	0.76249021	0.00000512	0x00	0x18
SPI [1]	result	0.76249549	0.00000512	0x00	0x67
SPI [1]	result	0.76250077	0.00000512	0x08	0x94
SPI [1]	result	0.76250605	0.00000512	0x20	0xAB
SPI [1]	result	0.76327920	0.00000512	0x09	0x40
SPI [1]	result	0.76328448	0.00000512	0x10	0x00
SPI [1]	result	0.76328976	0.00000512	0x80	0x00
SPI [1]	result	0.76329504	0.00000512	0x2A	0x00
SPI [1]	result	0.76385314	0.00000512	0x00	0xC3
SPI [1]	result	0.76385842	0.00000512	0x00	0x3C
SPI [1]	result	0.76386370	0.00000512	0x00	0xA5
SPI [1]	result	0.76386898	0.00000512	0x00	0x5A
SPI [1]	result	0.76441821	0.00000512	0x08	0xC3
SPI [1]	result	0.76442349	0.00000512	0x00	0x3C
SPI [1]	result	0.76442877	0.00000512	0x88	0xA5
SPI [1]	result	0.76443405	0.00000512	0x32	0x5A
SPI [1]	result	0.82500495	0.00000512	0x00	0xC3
SPI [1]	result	0.82501023	0.00000512	0x00	0x3C
SPI [1]	result	0.82501551	0.00000512	0x08	0xA5
SPI [1]	result	0.82502079	0.00000512	0x20	0x5A
SPI [1]	result	0.82548261	0.00000512	0x0A	0xC3
SPI [1]	result	0.82548789	0.00000512	0x10	0x3C
SPI [1]	result	0.82549317	0.00000512	0x80	0xA5
SPI [1]	result	0.82549845	0.00000512	0x32	0x5A
SPI [1]	result	0.82576631	0.00000512	0x00	0xC3
SPI [1]	result	0.82577159	0.00000512	0x00	0x3C
SPI [1]	result	0.82577687	0.00000512	0x00	0xA5
SPI [1]	result	0.82578215	0.00000512	0x00	0x5A
SPI [1]	result	0.82604615	0.00000512	0x08	0xC3
SPI [1]	result	0.82605143	0.00000512	0x00	0x3C
SPI [1]	result	0.82605671	0.00000512	0x88	0xA5
SPI [1]	result	0.82606199	0.00000512	0x32	0x5A
SPI [1]	result	0.83986793	0.00000512	0x00	0xC3
SPI [1]	result	0.83987321	0.00000512	0x00	0x3C
SPI [1]	result	0.83987849	0.00000512	0x20	0xA5
SPI [1]	result	0.83988377	0.00000512	0x04	0x5A
SPI [1]	result	0.84036221	0.00000512	0x0B	0xC3
SPI [1]	result	0.84036749	0.00000512	0x10	0x3C
SPI [1]	result	0.84037277	0.00000512	0x80	0xA5
SPI [1]	result	0.84037805	0.00000512	0x3A	0x5A
SPI [1]	result	0.84066918	0.00000512	0x00	0xC3
SPI [1]	result	0.84067446	0.00000512	0x00	0x3C
SPI [1]	result	0.84067974	0.00000512	0x3F	0xA5
SPI [1]	result	0.84068502	0.00000512	0xC6	0x5A
SPI [1]	result	0.84116318	0.00000512	0x0C	0xC3
SPI [1]	result	0.84116846	0.00000512	0x00	0x3C
SPI [1]	result	0.84117374	0.00000512	0xA0	0xA5
SPI [1]	result	0.84117902	0.00000512	0x36	0x5A
SPI [1]	result	0.84146524	0.00000512	0x00	0xC3
SPI [1]	result	0.84147052	0.00000512	0x00	0x3C
SPI [1]	result	0.84147580	0.00000512	0x00	0xA5
SPI [1]	result	0.84148108	0.00000512	0x00	0x5A
SPI [1]	result	0.84174617	0.00000512	0x08	0xC3
SPI [1]	result	0.84175145	0.00000512	0x00	0x3C
SPI [1]	result	0.84175673	0.00000512	0xBF	0xA5
SPI [1]	result	0.84176201	0.00000512	0xD8	0x5A
SPI [1]	result	0.84203518	0.00000512	0x00	0xC3
SPI [1]	result	0.84204046	0.00000512	0x02	0x3C
SPI [1]	result	0.84204574	0.00000512	0x2A	0xA5
SPI [1]	result	0.84205102	0.00000512	0x2E	0x5A
SPI [1]	result	0.84249815	0.00000512	0x0D	0x00
SPI [1]	result	0.84250343	0.00000512	0x10	0x00
SPI [1]	result	0.84250871	0.00000512	0x80	0x03
SPI [1]	result	0.84251399	0.00000512	0x0A	0x0C
SPI [1]	result	0.84278323	0.00000512	0x00	0xF2
SPI [1]	result	0.84278851	0.00000512	0x00	0x95
SPI [1]	result	0.84279379	0.00000512	0x3F	0x68
SPI [1]	result	0.84279907	0.00000512	0xC6	0x00
SPI [1]	result	0.84326416	0.00000512	0x0E	0xC3
SPI [1]	result	0.84326944	0.00000512	0x00	0x3C
SPI [1]	result	0.84327472	0.00000512	0xAA	0xA5
SPI [1]	result	0.84328000	0.00000512	0x2E	0x5A
SPI [1]	result	0.84356820	0.00000512	0x00	0xC3
SPI [1]	result	0.84357348	0.00000512	0x00	0x3C
SPI [1]	result	0.84357876	0.00000512	0x00	0xA5
SPI [1]	result	0.84358404	0.00000512	0x00	0x5A
SPI [1]	result	0.84385425	0.00000512	0x08	0xC3
SPI [1]	result	0.84385953	0.00000512	0x00	0x3C
SPI [1]	result	0.84386481	0.00000512	0xBF	0xA5
SPI [1]	result	0.84387009	0.00000512	0xD8	0x5A
SPI [1]	result	0.86496643	0.00000512	0x00	0xC3
SPI [1]	result	0.86497171	0.00000512	0x00	0x3C
SPI [1]	result	0.86497699	0.00000512	0x08	0xA5
SPI [1]	result	0.86498227	0.00000512	0x20	0x5A
SPI [1]	result	0.86544632	0.00000512	0x0F	0xC3
SPI [1]	result	0.86545160	0.00000512	0x10	0x3C
SPI [1]	result	0.86545688	0.00000512	0x80	0xA5
SPI [1]	result	0.86546216	0.00000512	0x1A	0x5A
SPI [1]	result	0.86573318	0.00000512	0x00	0xC3
SPI [1]	result	0.86573846	0.00000512	0x00	0x3C
SPI [1]	result	0.86574374	0.00000512	0x00	0xA5
SPI [1]	result	0.86574902	0.00000512	0x00	0x5A
SPI [1]	result	0.86600828	0.00000512	0x08	0xC3
SPI [1]	result	0.86601356	0.00000512	0x00	0x3C
SPI [1]	result	0.86601884	0.00000512	0x88	0xA5
SPI [1]	result	0.86602412	0.00000512	0x32	0x5A
SPI [1]	result	0.86630527	0.00000512	0x00	0xC3
SPI [1]	result	0.86631055	0.00000512	0x00	0x3C
SPI [1]	result	0.86631583	0.00000512	0x0C	0xA5
SPI [1]	result	0.86632111	0.00000512	0xB2	0x5A
SPI [1]	result	0.86677827	0.00000512	0x08	0xC3
SPI [1]	result	0.86678355	0.00000512	0x10	0x3C
SPI [1]	result	0.86678883	0.00000512	0x80	0xA5
SPI [1]	result	0.86679411	0.00000512	0x22	0x5A
SPI [1]	result	0.86706330	0.00000512	0x00	0xC3
SPI [1]	result	0.86706858	0.00000512	0x00	0x3C
SPI [1]	result	0.86707386	0.00000512	0x0C	0xA5
SPI [1]	result	0.86707914	0.00000512	0x30	0x5A
SPI [1]	result	0.86752013	0.00000512	0x09	0xC3
SPI [1]	result	0.86752541	0.00000512	0x00	0x3C
SPI [1]	result	0.86753069	0.00000512	0x8C	0xA5
SPI [1]	result	0.86753597	0.00000512	0x8C	0x5A
SPI [1]	result	0.86781225	0.00000512	0x00	0xC3
SPI [1]	result	0.86781753	0.00000512	0x00	0x3C
SPI [1]	result	0.86782281	0.00000512	0x00	0xA5
SPI [1]	result	0.86782809	0.00000512	0x00	0x5A
SPI [1]	result	0.86810317	0.00000512	0x08	0xC3
SPI [1]	result	0.86810845	0.00000512	0x00	0x3C
SPI [1]	result	0.86811373	0.00000512	0x8C	0xA5
SPI [1]	result	0.86811901	0.00000512	0x02	0x5A
SPI [1]	result	0.90920377	0.00000512	0x00	0xC3
SPI [1]	result	0.90920905	0.00000512	0x00	0x3C
SPI [1]	result	0.90921433	0.00000512	0x08	0xA5
SPI [1]	result	0.90921961	0.00000512	0x20	0x5A
SPI [1]	result	0.90977121	0.00000512	0xA5	0xC3
SPI [1]	result	0.90977649	0.00000512	0x5A	0x3C
SPI [1]	result	0.90978177	0.00000512	0x3C	0xA5
SPI [1]	result	0.90978705	0.00000512	0xC3	0x5A
SPI [1]	result	0.91022031	0.00000512	0x80	0xA5
SPI [1]	result	0.91022559	0.00000512	0x20	0x5A
SPI [1]	result	0.91023087	0.00000512	0x28	0x3C
SPI [1]	result	0.91023615	0.00000512	0x24	0xC3
SPI [1]	result	0.91067370	0.00000512	0x08	0x08
SPI [1]	result	0.91067898	0.00000512	0x10	0x10
SPI [1]	result	0.91068426	0.00000512	0x80	0xA8
SPI [1]	result	0.91068954	0.00000512	0x22	0x06
SPI [1]	result	0.91112774	0.00000512	0x00	0x08
SPI [1]	result	0.91113302	0.00000512	0x00	0x00
SPI [1]	result	0.91113830	0.00000512	0x00	0xA8
SPI [1]	result	0.91114358	0.00000512	0x00	0x36
SPI [1]	result	0.91155087	0.00000512	0x00	0x00
SPI [1]	result	0.91155615	0.00000512	0x00	0xF3
SPI [1]	result	0.91156143	0.00000512	0x00	0x03
SPI [1]	result	0.91156671	0.00000512	0x00	0xE8
SPI [1]	result	0.91261759	0.00000512	0x00	0xC3
SPI [1]	result	0.91262287	0.00000512	0x00	0x3C
SPI [1]	result	0.91262815	0.00000512	0x3F	0xA5
SPI [1]	result	0.91263343	0.00000512	0xC6	0x5A
SPI [1]	result	0.91347491	0.00000512	0x08	0xC3
SPI [1]	result	0.91348019	0.00000512	0x10	0x3C
SPI [1]	result	0.91348547	0.00000512	0x80	0xA5
SPI [1]	result	0.91349075	0.00000512	0x22	0x5A
SPI [1]	result	0.91683040	0.00000512	0x00	0xC3
SPI [1]	result	0.91683568	0.00000512	0x00	0x3C
SPI [1]	result	0.91684096	0.00000512	0x00	0xA5
SPI [1]	result	0.91684624	0.00000512	0x00	0x5A
SPI [1]	result	0.91767461	0.00000512	0x08	0xC3
SPI [1]	result	0.91767989	0.00000512	0x00	0x3C
SPI [1]	result	0.91768517	0.00000512	0xBF	0xA5
SPI [1]	result	0.91769045	0.00000512	0xD8	0x5A
SPI [1]	result	0.92022574	0.00000512	0xB8	0xC3
SPI [1]	result	0.92023102	0.00000512	0x01	0x3C
SPI [1]	result	0.92023630	0.00000512	0x06	0xA5
SPI [1]	result	0.92024158	0.00000512	0x26	0x5A
SPI [1]	result	0.92102284	0.00000512	0x09	0xC3
SPI [1]	result	0.92102812	0.00000512	0x10	0x3C
SPI [1]	result	0.92103340	0.00000512	0x80	0xA5
SPI [1]	result	0.92103868	0.00000512	0x2A	0x5A
SPI [1]	result	0.92160288	0.00000512	0x00	0xC3
SPI [1]	result	0.92160816	0.00000512	0x00	0x3C
SPI [1]	result	0.92161344	0.00000512	0x05	0xA5
SPI [1]	result	0.92161872	0.00000512	0x14	0x5A
SPI [1]	result	0.92238872	0.00000512	0x0A	0xC3
SPI [1]	result	0.92239400	0.00000512	0x00	0x3C
SPI [1]	result	0.92239928	0.00000512	0x86	0xA5
SPI [1]	result	0.92240456	0.00000512	0x3A	0x5A
SPI [1]	result	0.92297681	0.00000512	0x00	0xC3
SPI [1]	result	0.92298209	0.00000512	0x00	0x3C
SPI [1]	result	0.92298737	0.00000512	0x00	0xA5
SPI [1]	result	0.92299265	0.00000512	0x00	0x5A
SPI [1]	result	0.92353892	0.00000512	0x08	0xC3
SPI [1]	result	0.92354420	0.00000512	0x00	0x3C
SPI [1]	result	0.92354948	0.00000512	0x85	0xA5
SPI [1]	result	0.92355476	0.00000512	0x26	0x5A
SPI [1]	result	0.92663083	0.00000512	0xFF	0xC3
SPI [1]	result	0.92663611	0.00000512	0xFF	0x3C
SPI [1]	result	0.92664139	0.00000512	0x00	0xA5
SPI [1]	result	0.92664667	0.00000512	0x00	0x5A
SPI [1]	result	0.92665195	0.00000512	0x00	0x00
SPI [1]	result	0.92665723	0.00000512	0x00	0x00
SPI [1]	result	0.92666251	0.00000512	0x00	0x00
SPI [1]	result	0.92666779	0.00000512	0x00	0x00
SPI [1]	result	0.92667307	0.00000512	0x00	0x00
SPI [1]	result	0.92667835	0.00000512	0x00	0x00
SPI [1]	result	0.92668363	0.00000512	0x00	0x00
SPI [1]	result	0.92668891	0.00000512	0x00	0x00
SPI [1]	result	0.92669419	0.00000512	0x00	0x00
SPI [1]	result	0.92669947	0.00000512	0x00	0x0C
SPI [1]	result	0.92670475	0.00000512	0x00	0x33
SPI [1]	result	0.92671003	0.00000512	0x00	0xCA
SPI [1]	result	0.92671531	0.00000512	0x00	0x55
SPI [1]	result	0.92672059	0.00000512	0x00	0xA0
SPI [1]	result	0.92672587	0.00000512	0x00	0x00
SPI [1]	result	0.92673115	0.00000512	0x00	0x00
SPI [1]	result	0.92673643	0.00000512	0x00	0x00
SPI [1]	result	0.92674171	0.00000512	0x00	0x00
SPI [1]	result	0.92674699	0.00000512	0x00	0x00
SPI [1]	result	0.92675227	0.00000512	0x00	0x00
SPI [1]	result	0.92675755	0.00000512	0x00	0x00
SPI [1]	result	0.92676283	0.00000512	0x00	0x00
SPI [1]	result	0.92676811	0.00000512	0x00	0x00
SPI [1]	result	0.92677339	0.00000512	0x00	0xC3
SPI [1]	result	0.92677867	0.00000512	0x00	0x3C
SPI [1]	result	0.92678395	0.00000512	0x00	0xA5
SPI [1]	result	0.92678923	0.00000512	0x00	0x5A
SPI [1]	result	0.92679451	0.00000512	0x00	0x00
SPI [1]	result	0.92679979	0.00000512	0x00	0x00
SPI [1]	result	0.92680507	0.00000512	0x00	0x00
SPI [1]	result	0.92681035	0.00000512	0x00	0x00
SPI [1]	result	0.92681563	0.00000512	0x00	0x00
SPI [1]	result	0.92682091	0.00000512	0x00	0x00
SPI [1]	result	0.92682619	0.00000512	0x00	0x00
SPI [1]	result	0.92683147	0.00000512	0x00	0x00
SPI [1]	result	0.92683675	0.00000512	0x00	0x00
SPI [1]	result	0.92684203	0.00000512	0x00	0x0C
SPI [1]	result	0.92684731	0.00000512	0x00	0x33
SPI [1]	result	0.92685259	0.00000512	0x00	0xCA
SPI [1]	result	0.92685787	0.00000512	0x00	0x55
SPI [1]	result	0.92686315	0.00000512	0x00	0xA0
SPI [1]	result	0.92686843	0.00000512	0x00	0x00
SPI [1]	result	0.92687371	0.00000512	0x00	0x00
SPI [1]	result	0.92687899	0.00000512	0x00	0x00
SPI [1]	result	0.92688427	0.00000512	0x00	0x00
SPI [1]	result	0.92688955	0.00000512	0x00	0x00
SPI [1]	result	0.92689483	0.00000512	0x00	0x00
SPI [1]	result	0.92690011	0.00000512	0x00	0x00
SPI [1]	result	0.92690539	0.00000512	0x00	0x00
SPI [1]	result	0.92691067	0.00000512	0x00	0x00
SPI [1]	result	0.92691595	0.00000512	0x00	0xC3
SPI [1]	result	0.92692123	0.00000512	0x00	0x3C
SPI [1]	result	0.92692651	0.00000512	0x00	0xA5
SPI [1]	result	0.92693179	0.00000512	0x00	0x5A
SPI [1]	result	0.92693707	0.00000512	0x00	0x00
SPI [1]	result	0.92694235	0.00000512	0x00	0x00
SPI [1]	result	0.92694763	0.00000512	0x00	0x00
SPI [1]	result	0.92695291	0.00000512	0x00	0x00
SPI [1]	result	0.92695819	0.00000512	0x00	0x00
SPI [1]	result	0.92696347	0.00000512	0x00	0x00
SPI [1]	result	0.92696875	0.00000512	0x00	0x00
SPI [1]	result	0.92697403	0.00000512	0x00	0x00
SPI [1]	result	0.92697931	0.00000512	0x00	0x00
SPI [1]	result	0.92698459	0.00000512	0x00	0x0C
SPI [1]	result	0.92698987	0.00000512	0x00	0x33
SPI [1]	result	0.92699515	0.00000512	0x00	0xCA
SPI [1]	result	0.92700043	0.00000512	0x00	0x55
SPI [1]	result	0.92700571	0.00000512	0x00	0xA0
SPI [1]	result	0.92701099	0.00000512	0x00	0x00
SPI [1]	result	0.92701627	0.00000512	0x00	0x00
SPI [1]	result	0.92702155	0.00000512	0x00	0x00
SPI [1]	result	0.92702683	0.00000512	0x00	0x00
SPI [1]	result	0.92703211	0.00000512	0x00	0x00
SPI [1]	result	0.92703739	0.00000512	0x00	0x00
SPI [1]	result	0.92704267	0.00000512	0x00	0x00
SPI [1]	result	0.92704795	0.00000512	0x00	0x00
SPI [1]	result	0.92705323	0.00000512	0x00	0x00
SPI [1]	result	0.92705851	0.00000512	0x00	0xC3
SPI [1]	result	0.92706379	0.00000512	0x00	0x3C
SPI [1]	result	0.92706907	0.00000512	0x00	0xA5
SPI [1]	result	0.92707435	0.00000512	0x00	0x5A
SPI [1]	result	0.92707963	0.00000512	0x00	0x00
SPI [1]	result	0.92708491	0.00000512	0x00	0x00
SPI [1]	result	0.92709019	0.00000512	0x00	0x00
SPI [1]	result	0.92709547	0.00000512	0x00	0x00
SPI [1]	result	0.92710075	0.00000512	0x00	0x00
SPI [1]	result	0.92710603	0.00000512	0x00	0x00
SPI [1]	result	0.92711131	0.00000512	0x00	0x00
SPI [1]	result	0.92711659	0.00000512	0x00	0x00
SPI [1]	result	0.92712187	0.00000512	0x00	0x00
SPI [1]	result	0.92712715	0.00000512	0x00	0x0C
SPI [1]	result	0.92713243	0.00000512	0x00	0x33
SPI [1]	result	0.92713771	0.00000512	0x00	0xCA
SPI [1]	result	0.92714299	0.00000512	0x00	0x55
SPI [1]	result	0.92714827	0.00000512	0x00	0xA0
SPI [1]	result	0.92715355	0.00000512	0x00	0x00
SPI [1]	result	0.92715883	0.00000512	0x00	0x00
SPI [1]	result	0.92716411	0.00000512	0x00	0x00
SPI [1]	result	0.92716939	0.00000512	0x00	0x00
SPI [1]	result	0.92717467	0.00000512	0x00	0x00
SPI [1]	result	0.92717995	0.00000512	0x00	0x00
SPI [1]	result	0.92718523	0.00000512	0x00	0x00
SPI [1]	result	0.92719051	0.00000512	0x00	0x00
SPI [1]	result	0.92719579	0.00000512	0x00	0x00
SPI [1]	result	0.92720107	0.00000512	0x00	0xC3
SPI [1]	result	0.92720635	0.00000512	0x00	0x3C
SPI [1]	result	0.92721163	0.00000512	0x00	0xFF
SPI [1]	result	0.92721691	0.00000512	0x00	0xFF
SPI [1]	result	0.92722219	0.00000512	0x00	0xFF
SPI [1]	result	0.92722747	0.00000512	0x00	0xFF
SPI [1]	result	0.92723275	0.00000512	0x00	0xFF
SPI [1]	result	0.92723803	0.00000512	0x00	0xFF
SPI [1]	result	0.92724331	0.00000512	0x00	0xFF
SPI [1]	result	0.92724859	0.00000512	0x00	0xFF
SPI [1]	result	0.92725387	0.00000512	0x00	0xC3
SPI [1]	result	0.92725915	0.00000512	0x00	0x3C
SPI [1]	result	0.92726443	0.00000512	0x00	0xA5
SPI [1]	result	0.92726971	0.00000512	0x00	0x5A
SPI [1]	result	0.92727499	0.00000512	0x00	0x00
SPI [1]	result	0.92728027	0.00000512	0x00	0x00
SPI [1]	result	0.92728555	0.00000512	0x00	0x00
SPI [1]	result	0.92729083	0.00000512	0x00	0x00
SPI [1]	result	0.92729611	0.00000512	0x00	0x00
SPI [1]	result	0.92730139	0.00000512	0x00	0x00
SPI [1]	result	0.92730667	0.00000512	0x00	0x00
SPI [1]	result	0.92731195	0.00000512	0x00	0x00
SPI [1]	result	0.92731723	0.00000512	0x5A	0x00
SPI [1]	result	0.93044732	0.00000512	0xFF	0xC3
SPI [1]	result	0.93045260	0.00000512	0x00	0x3C
SPI [1]	result	0.93045788	0.00000512	0x00	0xA5
SPI [1]	result	0.93046316	0.00000512	0x00	0x5A
SPI [1]	result	0.93046844	0.00000512	0x00	0x00
SPI [1]	result	0.93047372	0.00000512	0x00	0x00
SPI [1]	result	0.93047900	0.00000512	0x00	0x00
SPI [1]	result	0.93048428	0.00000512	0x00	0x00
SPI [1]	result	0.93048956	0.00000512	0x00	0x00
SPI [1]	result	0.93049484	0.00000512	0x00	0x00
SPI [1]	result	0.93050012	0.00000512	0x00	0x00
SPI [1]	result	0.93050540	0.00000512	0x00	0x00
SPI [1]	result	0.93051068	0.00000512	0x00	0x00
SPI [1]	result	0.93051596	0.00000512	0x00	0x0C
SPI [1]	result	0.93052124	0.00000512	0x00	0x33
SPI [1]	result	0.93052652	0.00000512	0x00	0xCA
SPI [1]	result	0.93053180	0.00000512	0x00	0x55
SPI [1]	result	0.93053708	0.00000512	0x00	0xA0
SPI [1]	result	0.93054236	0.00000512	0x00	0x00
SPI [1]	result	0.93054764	0.00000512	0x00	0x00
SPI [1]	result	0.93055292	0.00000512	0x00	0x00
SPI [1]	result	0.93055820	0.00000512	0x00	0x00
SPI [1]	result	0.93056348	0.00000512	0x00	0x00
SPI [1]	result	0.93056876	0.00000512	0x00	0x00
SPI [1]	result	0.93057404	0.00000512	0x00	0x00
SPI [1]	result	0.93057932	0.00000512	0x00	0x00
SPI [1]	result	0.93058460	0.00000512	0x00	0x00
SPI [1]	result	0.93058988	0.00000512	0x00	0xC3
SPI [1]	result	0.93059516	0.00000512	0x00	0x3C
SPI [1]	result	0.93060044	0.00000512	0x00	0xA5
SPI [1]	result	0.93060572	0.00000512	0x00	0x5A
SPI [1]	result	0.93061100	0.00000512	0x00	0x00
SPI [1]	result	0.93061628	0.00000512	0x00	0x00
SPI [1]	result	0.93062156	0.00000512	0x00	0x00
SPI [1]	result	0.93062684	0.00000512	0x00	0x00
SPI [1]	result	0.93063212	0.00000512	0x00	0x00
SPI [1]	result	0.93063740	0.00000512	0x00	0x00
SPI [1]	result	0.93064268	0.00000512	0x00	0x00
SPI [1]	result	0.93064796	0.00000512	0x00	0x00
SPI [1]	result	0.93065324	0.00000512	0x00	0x00
SPI [1]	result	0.93065852	0.00000512	0x00	0x0C
SPI [1]	result	0.93066380	0.00000512	0x00	0x33
SPI [1]	result	0.93066908	0.00000512	0x00	0xCA
SPI [1]	result	0.93067436	0.00000512	0x00	0x55
SPI [1]	result	0.93067964	0.00000512	0x00	0xA0
SPI [1]	result	0.93068492	0.00000512	0x00	0x00
SPI [1]	result	0.93069020	0.00000512	0x00	0x00
SPI [1]	result	0.93069548	0.00000512	0x00	0x00
SPI [1]	result	0.93070076	0.00000512	0x00	0x00
SPI [1]	result	0.93070604	0.00000512	0x00	0x00
SPI [1]	result	0.93071132	0.00000512	0x00	0x00
SPI [1]	result	0.93071660	0.00000512	0x00	0x00
SPI [1]	result	0.93072188	0.00000512	0x00	0x00
SPI [1]	result	0.93072716	0.00000512	0x00	0x00
SPI [1]	result	0.93073244	0.00000512	0x00	0xC3
SPI [1]	result	0.93073772	0.00000512	0x00	0x3C
SPI [1]	result	0.93074300	0.00000512	0x00	0xA5
SPI [1]	result	0.93074828	0.00000512	0x00	0x5A
SPI [1]	result	0.93075356	0.00000512	0x00	0x00
SPI [1]	result	0.93075884	0.00000512	0x00	0x00
SPI [1]	result	0.93076412	0.00000512	0x00	0x00
SPI [1]	result	0.93076940	0.00000512	0x00	0x00
SPI [1]	result	0.93077468	0.00000512	0x00	0x00
SPI [1]	result	0.93077996	0.00000512	0x00	0x00
SPI [1]	result	0.93078524	0.00000512	0x00	0x00
SPI [1]	result	0.93079052	0.00000512	0x00	0x00
SPI [1]	result	0.93079580	0.00000512	0x00	0x00
SPI [1]	result	0.93080108	0.00000512	0x00	0x0C
SPI [1]	result	0.93080636	0.00000512	0x00	0x33
SPI [1]	result	0.93081164	0.00000512	0x00	0xCA
SPI [1]	result	0.93081692	0.00000512	0x00	0x55
SPI [1]	result	0.93082220	0.00000512	0x00	0xA0
SPI [1]	result	0.93082748	0.00000512	0x00	0x00
SPI [1]	result	0.93083276	0.00000512	0x00	0x00
SPI [1]	result	0.93083804	0.00000512	0x00	0x00
SPI [1]	result	0.93084332	0.00000512	0x00	0x00
SPI [1]	result	0.93084860	0.00000512	0x00	0x00
SPI [1]	result	0.93085388	0.00000512	0x00	0x00
SPI [1]	result	0.93085916	0.00000512	0x00	0x00
SPI [1]	result	0.93086444	0.00000512	0x00	0x00
SPI [1]	result	0.93086972	0.00000512	0x00	0x00
SPI [1]	result	0.93087500	0.00000512	0x00	0xC3
SPI [1]	result	0.93088028	0.00000512	0x00	0x3C
SPI [1]	result	0.93088556	0.00000512	0x00	0xA5
SPI [1]	result	0.93089084	0.00000512	0x00	0x5A
SPI [1]	result	0.93089612	0.00000512	0x00	0x00
SPI [1]	result	0.93090140	0.00000512	0x00	0x00
SPI [1]	result	0.93090668	0.00000512	0x00	0x00
SPI [1]	result	0.93091196	0.00000512	0x00	0x00
SPI [1]	result	0.93091724	0.00000512	0x00	0x00
SPI [1]	result	0.93092252	0.00000512	0x00	0x00
SPI [1]	result	0.93092780	0.00000512	0x00	0x00
SPI [1]	result	0.93093308	0.00000512	0x00	0x00
SPI [1]	result	0.93093836	0.00000512	0x00	0x00
SPI [1]	result	0.93094364	0.00000512	0x00	0x0C
SPI [1]	result	0.93094892	0.00000512	0x00	0x33
SPI [1]	result	0.93095420	0.00000512	0x00	0xCA
SPI [1]	result	0.93095948	0.00000512	0x00	0x55
SPI [1]	result	0.93096476	0.00000512	0x00	0xA0
SPI [1]	result	0.93097004	0.00000512	0x00	0x00
SPI [1]	result	0.93097532	0.00000512	0x00	0x00
SPI [1]	result	0.93098060	0.00000512	0x00	0x00
SPI [1]	result	0.93098588	0.00000512	0x00	0x00
SPI [1]	result	0.93099116	0.00000512	0x00	0x00
SPI [1]	result	0.93099644	0.00000512	0x00	0x00
SPI [1]	result	0.93100172	0.00000512	0x00	0x00
SPI [1]	result	0.93100700	0.00000512	0x00	0x00
SPI [1]	result	0.93101228	0.00000512	0x00	0x00
SPI [1]	result	0.93101756	0.00000512	0x00	0xC3
SPI [1]	result	0.93102284	0.00000512	0x00	0x3C
SPI [1]	result	0.93102812	0.00000512	0x00	0xA5
SPI [1]	result	0.93103340	0.00000512	0x00	0x5A
SPI [1]	result	0.93103868	0.00000512	0x00	0x00
SPI [1]	result	0.93104396	0.00000512	0x00	0x00
SPI [1]	result	0.93104924	0.00000512	0x00	0x00
SPI [1]	result	0.93105452	0.00000512	0x00	0x00
SPI [1]	result	0.93105980	0.00000512	0x00	0x00
SPI [1]	result	0.93106508	0.00000512	0x00	0x00
SPI [1]	result	0.93107036	0.00000512	0x00	0x00
SPI [1]	result	0.93107564	0.00000512	0x00	0x00
SPI [1]	result	0.93108092	0.00000512	0x00	0x00
SPI [1]	result	0.93108620	0.00000512	0x00	0x0C
SPI [1]	result	0.93109148	0.00000512	0x00	0x33
SPI [1]	result	0.93109676	0.00000512	0x00	0xCA
SPI [1]	result	0.93110204	0.00000512	0x00	0x55
SPI [1]	result	0.93110732	0.00000512	0x00	0xA0
SPI [1]	result	0.93111260	0.00000512	0x00	0x00
SPI [1]	result	0.93111788	0.00000512	0x00	0x00
SPI [1]	result	0.93112316	0.00000512	0x00	0x00
SPI [1]	result	0.93112844	0.00000512	0x00	0x00
SPI [1]	result	0.93113372	0.00000512	0x5A	0x00
SPI [1]	result	0.93428283	0.00000512	0xB8	0xC3
SPI [1]	result	0.93428811	0.00000512	0x01	0x3C
SPI [1]	result	0.93429339	0.00000512	0x06	0xA5
SPI [1]	result	0.93429867	0.00000512	0x26	0x5A
SPI [1]	result	0.93508474	0.00000512	0x0B	0xC3
SPI [1]	result	0.93509002	0.00000512	0x10	0x3C
SPI [1]	result	0.93509530	0.00000512	0x80	0xA5
SPI [1]	result	0.93510058	0.00000512	0x3A	0x5A
SPI [1]	result	0.93564983	0.00000512	0x00	0xC3
SPI [1]	result	0.93565511	0.00000512	0x00	0x3C
SPI [1]	result	0.93566039	0.00000512	0x05	0xA5
SPI [1]	result	0.93566567	0.00000512	0x56	0x5A
SPI [1]	result	0.93644086	0.00000512	0x0C	0xC3
SPI [1]	result	0.93644614	0.00000512	0x00	0x3C
SPI [1]	result	0.93645142	0.00000512	0x86	0xA5
SPI [1]	result	0.93645670	0.00000512	0x0A	0x5A
SPI [1]	result	0.93702484	0.00000512	0x00	0xC3
SPI [1]	result	0.93703012	0.00000512	0x00	0x3C
SPI [1]	result	0.93703540	0.00000512	0x00	0xA5
SPI [1]	result	0.93704068	0.00000512	0x00	0x5A
SPI [1]	result	0.93759974	0.00000512	0x08	0xC3
SPI [1]	result	0.93760502	0.00000512	0x00	0x3C
SPI [1]	result	0.93761030	0.00000512	0x85	0xA5
SPI [1]	result	0.93761558	0.00000512	0x68	0x5A
SPI [1]	result	0.94069876	0.00000512	0x00	0xC3
SPI [1]	result	0.94070404	0.00000512	0x00	0x3C
SPI [1]	result	0.94070932	0.00000512	0x53	0xA5
SPI [1]	result	0.94071460	0.00000512	0x50	0x5A
SPI [1]	result	0.94071988	0.00000512	0x58	0x00
SPI [1]	result	0.94072516	0.00000512	0x31	0x00
SPI [1]	result	0.94073044	0.00000512	0x00	0x00
SPI [1]	result	0.94073572	0.00000512	0x00	0x00
SPI [1]	result	0.94074100	0.00000512	0x00	0x00
SPI [1]	result	0.94074628	0.00000512	0x00	0x00
SPI [1]	result	0.94075156	0.00000512	0x00	0x00
SPI [1]	result	0.94075684	0.00000512	0x00	0x00
SPI [1]	result	0.94076212	0.00000512	0x47	0x00
SPI [1]	result	0.94076740	0.00000512	0x46	0x0C
SPI [1]	result	0.94077268	0.00000512	0x58	0x33
SPI [1]	result	0.94077796	0.00000512	0x20	0xCA
SPI [1]	result	0.94078324	0.00000512	0x35	0x55
SPI [1]	result	0.94078852	0.00000512	0x30	0xA0
SPI [1]	result	0.94079380	0.00000512	0x53	0x00
SPI [1]	result	0.94079908	0.00000512	0x00	0x00
SPI [1]	result	0.94080436	0.00000512	0x00	0x00
SPI [1]	result	0.94080964	0.00000512	0x00	0x00
SPI [1]	result	0.94081492	0.00000512	0x00	0x00
SPI [1]	result	0.94082020	0.00000512	0x00	0x00
SPI [1]	result	0.94082548	0.00000512	0x00	0x00
SPI [1]	result	0.94083076	0.00000512	0x00	0x00
SPI [1]	result	0.94083604	0.00000512	0x00	0x00
SPI [1]	result	0.94084132	0.00000512	0x00	0xC3
SPI [1]	result	0.94084660	0.00000512	0x00	0x3C
SPI [1]	result	0.94085188	0.00000512	0x00	0xA5
SPI [1]	result	0.94085716	0.00000512	0x00	0x5A
SPI [1]	result	0.94086244	0.00000512	0x00	0x00
SPI [1]	result	0.94086772	0.00000512	0x47	0x00
SPI [1]	result	0.94087300	0.00000512	0x46	0x00
SPI [1]	result	0.94087828	0.00000512	0x58	0x00
SPI [1]	result	0.94088356	0.00000512	0x20	0x00
SPI [1]	result	0.94088884	0.00000512	0x35	0x00
SPI [1]	result	0.94089412	0.00000512	0x30	0x00
SPI [1]	result	0.94089940	0.00000512	0x53	0x00
SPI [1]	result	0.94090468	0.00000512	0x00	0x00
SPI [1]	result	0.94090996	0.00000512	0x00	0x01
SPI [1]	result	0.94091524	0.00000512	0x00	0x86
SPI [1]	result	0.94092052	0.00000512	0x00	0x79
SPI [1]	result	0.94092580	0.00000512	0x00	0x4A
SPI [1]	result	0.94093108	0.00000512	0x00	0xB4
SPI [1]	result	0.94093636	0.00000512	0x00	0x00
SPI [1]	result	0.94094164	0.00000512	0x00	0x00
SPI [1]	result	0.94094692	0.00000512	0x35	0x00
SPI [1]	result	0.94095220	0.00000512	0x39	0x00
SPI [1]	result	0.94095748	0.00000512	0x33	0x00
SPI [1]	result	0.94096276	0.00000512	0x35	0x00
SPI [1]	result	0.94096804	0.00000512	0x33	0x00
SPI [1]	result	0.94097332	0.00000512	0x33	0x00
SPI [1]	result	0.94097860	0.00000512	0x33	0x00
SPI [1]	result	0.94098388	0.00000512	0x31	0x18
SPI [1]	result	0.94098916	0.00000512	0x33	0x67
SPI [1]	result	0.94099444	0.00000512	0x36	0x94
SPI [1]	result	0.94099972	0.00000512	0x33	0xAB
SPI [1]	result	0.94100500	0.00000512	0x31	0x40
SPI [1]	result	0.94101028	0.00000512	0x31	0x00
SPI [1]	result	0.94101556	0.00000512	0x37	0x00
SPI [1]	result	0.94102084	0.00000512	0x30	0x00
SPI [1]	result	0.94102612	0.00000512	0x32	0x00
SPI [1]	result	0.94103140	0.00000512	0x31	0x00
SPI [1]	result	0.94103668	0.00000512	0x36	0x00
SPI [1]	result	0.94104196	0.00000512	0x37	0x00
SPI [1]	result	0.94104724	0.00000512	0x30	0x00
SPI [1]	result	0.94105252	0.00000512	0x32	0x01
SPI [1]	result	0.94105780	0.00000512	0x30	0x86
SPI [1]	result	0.94106308	0.00000512	0x31	0x79
SPI [1]	result	0.94106836	0.00000512	0x30	0x4A
SPI [1]	result	0.94107364	0.00000512	0x31	0xB4
SPI [1]	result	0.94107892	0.00000512	0x31	0x00
SPI [1]	result	0.94108420	0.00000512	0x30	0x00
SPI [1]	result	0.94108948	0.00000512	0x36	0x00
SPI [1]	result	0.94109476	0.00000512	0x39	0x00
SPI [1]	result	0.94110004	0.00000512	0x41	0x00
SPI [1]	result	0.94110532	0.00000512	0x04	0x00
SPI [1]	result	0.94111060	0.00000512	0x20	0x00
SPI [1]	result	0.94111588	0.00000512	0x02	0x00
SPI [1]	result	0.94112116	0.00000512	0x16	0x00
SPI [1]	result	0.94112644	0.00000512	0x01	0x18
SPI [1]	result	0.94113172	0.00000512	0x00	0x67
SPI [1]	result	0.94113700	0.00000512	0x01	0x94
SPI [1]	result	0.94114228	0.00000512	0x00	0xAB
SPI [1]	result	0.94114756	0.00000512	0x01	0x40
SPI [1]	result	0.94115284	0.00000512	0x00	0x00
SPI [1]	result	0.94115812	0.00000512	0x00	0x00
SPI [1]	result	0.94116340	0.00000512	0x00	0x00
SPI [1]	result	0.94116868	0.00000512	0x00	0x00
SPI [1]	result	0.94117396	0.00000512	0x00	0x00
SPI [1]	result	0.94117924	0.00000512	0x00	0x00
SPI [1]	result	0.94118452	0.00000512	0x00	0x00
SPI [1]	result	0.94118980	0.00000512	0x00	0x00
SPI [1]	result	0.94119508	0.00000512	0x00	0x01
SPI [1]	result	0.94120036	0.00000512	0x00	0x86
SPI [1]	result	0.94120564	0.00000512	0x00	0x79
SPI [1]	result	0.94121092	0.00000512	0x00	0x4A
SPI [1]	result	0.94121620	0.00000512	0x00	0x00
SPI [1]	result	0.94122148	0.00000512	0x00	0x00
SPI [1]	result	0.94122676	0.00000512	0x00	0x00
SPI [1]	result	0.94123204	0.00000512	0x00	0x00
SPI [1]	result	0.94123732	0.00000512	0x00	0x00
SPI [1]	result	0.94124260	0.00000512	0x00	0x00
SPI [1]	result	0.94124788	0.00000512	0x00	0x00
SPI [1]	result	0.94125316	0.00000512	0x00	0x00
SPI [1]	result	0.94125844	0.00000512	0x00	0xC3
SPI [1]	result	0.94126372	0.00000512	0x00	0x3C
SPI [1]	result	0.94126900	0.00000512	0x00	0xA5
SPI [1]	result	0.94127428	0.00000512	0x00	0x5A
SPI [1]	result	0.94127956	0.00000512	0x00	0x00
SPI [1]	result	0.94128484	0.00000512	0x00	0x00
SPI [1]	result	0.94129012	0.00000512	0x00	0x00
SPI [1]	result	0.94129540	0.00000512	0x00	0x00
SPI [1]	result	0.94130068	0.00000512	0x00	0x00
SPI [1]	result	0.94130596	0.00000512	0x00	0x00
SPI [1]	result	0.94131124	0.00000512	0x00	0x00
SPI [1]	result	0.94131652	0.00000512	0x00	0x00
SPI [1]	result	0.94132180	0.00000512	0x00	0x00
SPI [1]	result	0.94132708	0.00000512	0x00	0x0C
SPI [1]	result	0.94133236	0.00000512	0x00	0x33
SPI [1]	result	0.94133764	0.00000512	0x00	0xCA
SPI [1]	result	0.94134292	0.00000512	0x00	0x55
SPI [1]	result	0.94134820	0.00000512	0x00	0xA0
SPI [1]	result	0.94135348	0.00000512	0x00	0x00
SPI [1]	result	0.94135876	0.00000512	0x00	0x00
SPI [1]	result	0.94136404	0.00000512	0x00	0x00
SPI [1]	result	0.94136932	0.00000512	0x00	0x00
SPI [1]	result	0.94137460	0.00000512	0x00	0x00
SPI [1]	result	0.94137988	0.00000512	0x00	0x00
SPI [1]	result	0.94138516	0.00000512	0xEF	0x00
SPI [1]	result	0.94451103	0.00000512	0xFF	0xC3
SPI [1]	result	0.94451631	0.00000512	0xFF	0x3C
SPI [1]	result	0.94452159	0.00000512	0x53	0xA5
SPI [1]	result	0.94452687	0.00000512	0x50	0x5A
SPI [1]	result	0.94453215	0.00000512	0x58	0x00
SPI [1]	result	0.94453743	0.00000512	0x31	0x00
SPI [1]	result	0.94454271	0.00000512	0x00	0x00
SPI [1]	result	0.94454799	0.00000512	0x00	0x00
SPI [1]	result	0.94455327	0.00000512	0x00	0x00
SPI [1]	result	0.94455855	0.00000512	0x00	0x00
SPI [1]	result	0.94456383	0.00000512	0x00	0x00
SPI [1]	result	0.94456911	0.00000512	0x00	0x00
SPI [1]	result	0.94457439	0.00000512	0x47	0x00
SPI [1]	result	0.94457967	0.00000512	0x46	0x0C
SPI [1]	result	0.94458495	0.00000512	0x58	0x33
SPI [1]	result	0.94459023	0.00000512	0x20	0xCA
SPI [1]	result	0.94459551	0.00000512	0x35	0x55
SPI [1]	result	0.94460079	0.00000512	0x30	0xA0
SPI [1]	result	0.94460607	0.00000512	0x53	0x00
SPI [1]	result	0.94461135	0.00000512	0x00	0x00
SPI [1]	result	0.94461663	0.00000512	0x00	0x00
SPI [1]	result	0.94462191	0.00000512	0x00	0x00
SPI [1]	result	0.94462719	0.00000512	0x00	0x00
SPI [1]	result	0.94463247	0.00000512	0x00	0x00
SPI [1]	result	0.94463775	0.00000512	0x00	0x00
SPI [1]	result	0.94464303	0.00000512	0x00	0x00
SPI [1]	result	0.94464831	0.00000512	0x00	0x00
SPI [1]	result	0.94465359	0.00000512	0x00	0xC3
SPI [1]	result	0.94465887	0.00000512	0x00	0x3C
SPI [1]	result	0.94466415	0.00000512	0x00	0xA5
SPI [1]	result	0.94466943	0.00000512	0x00	0x5A
SPI [1]	result	0.94467471	0.00000512	0x00	0x00
SPI [1]	result	0.94467999	0.00000512	0x47	0x00
SPI [1]	result	0.94468527	0.00000512	0x46	0x00
SPI [1]	result	0.94469055	0.00000512	0x58	0x00
SPI [1]	result	0.94469583	0.00000512	0x20	0x00
SPI [1]	result	0.94470111	0.00000512	0x35	0x00
SPI [1]	result	0.94470639	0.00000512	0x30	0x00
SPI [1]	result	0.94471167	0.00000512	0x53	0x00
SPI [1]	result	0.94471695	0.00000512	0x00	0x00
SPI [1]	result	0.94472223	0.00000512	0x00	0x0C
SPI [1]	result	0.94472751	0.00000512	0x00	0x33
SPI [1]	result	0.94473279	0.00000512	0x00	0xCA
SPI [1]	result	0.94473807	0.00000512	0x00	0x55
SPI [1]	result	0.94474335	0.00000512	0x00	0xA0
SPI [1]	result	0.94474863	0.00000512	0x00	0x00
SPI [1]	result	0.94475391	0.00000512	0x00	0x00
SPI [1]	result	0.94475919	0.00000512	0x35	0x00
SPI [1]	result	0.94476447	0.00000512	0x39	0x00
SPI [1]	result	0.94476975	0.00000512	0x33	0x00
SPI [1]	result	0.94477503	0.00000512	0x35	0x00
SPI [1]	result	0.94478031	0.00000512	0x33	0x00
SPI [1]	result	0.94478559	0.00000512	0x33	0x00
SPI [1]	result	0.94479087	0.00000512	0x33	0x00
SPI [1]	result	0.94479615	0.00000512	0x31	0xC3
SPI [1]	result	0.94480143	0.00000512	0x33	0x3C
SPI [1]	result	0.94480671	0.00000512	0x36	0xA5
SPI [1]	result	0.94481199	0.00000512	0x33	0x5A
SPI [1]	result	0.94481727	0.00000512	0x31	0x00
SPI [1]	result	0.94482255	0.00000512	0x31	0x00
SPI [1]	result	0.94482783	0.00000512	0x37	0x00
SPI [1]	result	0.94483311	0.00000512	0x30	0x00
SPI [1]	result	0.94483839	0.00000512	0x32	0x00
SPI [1]	result	0.94484367	0.00000512	0x31	0x00
SPI [1]	result	0.94484895	0.00000512	0x36	0x00
SPI [1]	result	0.94485423	0.00000512	0x37	0x00
SPI [1]	result	0.94485951	0.00000512	0x30	0x00
SPI [1]	result	0.94486479	0.00000512	0x32	0x0C
SPI [1]	result	0.94487007	0.00000512	0x30	0x33
SPI [1]	result	0.94487535	0.00000512	0x31	0xCA
SPI [1]	result	0.94488063	0.00000512	0x30	0x55
SPI [1]	result	0.94488591	0.00000512	0x31	0xA0
SPI [1]	result	0.94489119	0.00000512	0x31	0x00
SPI [1]	result	0.94489647	0.00000512	0x30	0x00
SPI [1]	result	0.94490175	0.00000512	0x36	0x00
SPI [1]	result	0.94490703	0.00000512	0x39	0x00
SPI [1]	result	0.94491231	0.00000512	0x41	0x00
SPI [1]	result	0.94491759	0.00000512	0x04	0x00
SPI [1]	result	0.94492287	0.00000512	0x20	0x00
SPI [1]	result	0.94492815	0.00000512	0x02	0x00
SPI [1]	result	0.94493343	0.00000512	0x16	0x00
SPI [1]	result	0.94493871	0.00000512	0x01	0xC3
SPI [1]	result	0.94494399	0.00000512	0x00	0x3C
SPI [1]	result	0.94494927	0.00000512	0x01	0xA5
SPI [1]	result	0.94495455	0.00000512	0x00	0x5A
SPI [1]	result	0.94495983	0.00000512	0x01	0x00
SPI [1]	result	0.94496511	0.00000512	0x00	0x00
SPI [1]	result	0.94497039	0.00000512	0x00	0x00
SPI [1]	result	0.94497567	0.00000512	0x00	0x00
SPI [1]	result	0.94498095	0.00000512	0x00	0x00
SPI [1]	result	0.94498623	0.00000512	0x00	0x00
SPI [1]	result	0.94499151	0.00000512	0x00	0x00
SPI [1]	result	0.94499679	0.00000512	0x00	0x00
SPI [1]	result	0.94500207	0.00000512	0x00	0x00
SPI [1]	result	0.94500735	0.00000512	0x00	0x0C
SPI [1]	result	0.94501263	0.00000512	0x00	0x33
SPI [1]	result	0.94501791	0.00000512	0x00	0xCA
SPI [1]	result	0.94502319	0.00000512	0x00	0x55
SPI [1]	result	0.94502847	0.00000512	0x00	0xA0
SPI [1]	result	0.94503375	0.00000512	0x00	0x00
SPI [1]	result	0.94503903	0.00000512	0x00	0x00
SPI [1]	result	0.94504431	0.00000512	0x00	0x00
SPI [1]	result	0.94504959	0.00000512	0x00	0x00
SPI [1]	result	0.94505487	0.00000512	0x00	0x00
SPI [1]	result	0.94506015	0.00000512	0x00	0x00
SPI [1]	result	0.94506543	0.00000512	0x00	0x00
SPI [1]	result	0.94507071	0.00000512	0x00	0x00
SPI [1]	result	0.94507599	0.00000512	0x00	0x00
SPI [1]	result	0.94508127	0.00000512	0x00	0xC3
SPI [1]	result	0.94508655	0.00000512	0x00	0x3C
SPI [1]	result	0.94509183	0.00000512	0x00	0xA5
SPI [1]	result	0.94509711	0.00000512	0x00	0x5A
SPI [1]	result	0.94510239	0.00000512	0x00	0x00
SPI [1]	result	0.94510767	0.00000512	0x00	0x00
SPI [1]	result	0.94511295	0.00000512	0x00	0x00
SPI [1]	result	0.94511823	0.00000512	0x00	0x00
SPI [1]	result	0.94512351	0.00000512	0x00	0x00
SPI [1]	result	0.94512879	0.00000512	0x00	0x00
SPI [1]	result	0.94513407	0.00000512	0x00	0x00
SPI [1]	result	0.94513935	0.00000512	0x00	0x00
SPI [1]	result	0.94514463	0.00000512	0x00	0x00
SPI [1]	result	0.94514991	0.00000512	0x00	0x0C
SPI [1]	result	0.94515519	0.00000512	0x00	0x33
SPI [1]	result	0.94516047	0.00000512	0x00	0xCA
SPI [1]	result	0.94516575	0.00000512	0x00	0x55
SPI [1]	result	0.94517103	0.00000512	0x00	0xA0
SPI [1]	result	0.94517631	0.00000512	0x00	0x00
SPI [1]	result	0.94518159	0.00000512	0x00	0x00
SPI [1]	result	0.94518687	0.00000512	0x00	0x00
SPI [1]	result	0.94519215	0.00000512	0x00	0x00
SPI [1]	result	0.94519743	0.00000512	0xED	0x00
SPI [1]	result	0.94832812	0.00000512	0x00	0xC3
SPI [1]	result	0.94833340	0.00000512	0x00	0x3C
SPI [1]	result	0.94833868	0.00000512	0x05	0xA5
SPI [1]	result	0.94834396	0.00000512	0x96	0x5A
SPI [1]	result	0.94913335	0.00000512	0x0D	0xC3
SPI [1]	result	0.94913863	0.00000512	0x10	0x3C
SPI [1]	result	0.94914391	0.00000512	0x80	0xA5
SPI [1]	result	0.94914919	0.00000512	0x0A	0x5A
SPI [1]	result	0.94969994	0.00000512	0x00	0xC3
SPI [1]	result	0.94970522	0.00000512	0x00	0x3C
SPI [1]	result	0.94971050	0.00000512	0x00	0xA5
SPI [1]	result	0.94971578	0.00000512	0x00	0x5A
SPI [1]	result	0.95027766	0.00000512	0x08	0xC3
SPI [1]	result	0.95028294	0.00000512	0x00	0x3C
SPI [1]	result	0.95028822	0.00000512	0x85	0xA5
SPI [1]	result	0.95029350	0.00000512	0xA8	0x5A
SPI [1]	result	0.95086695	0.00000512	0x00	0xC3
SPI [1]	result	0.95087223	0.00000512	0x00	0x3C
SPI [1]	result	0.95087751	0.00000512	0x08	0xA5
SPI [1]	result	0.95088279	0.00000512	0x20	0x5A
SPI [1]	result	0.95166187	0.00000512	0x0E	0xC3
SPI [1]	result	0.95166715	0.00000512	0x10	0x3C
SPI [1]	result	0.95167243	0.00000512	0x80	0xA5
SPI [1]	result	0.95167771	0.00000512	0x12	0x5A
SPI [1]	result	0.95223283	0.00000512	0x00	0xC3
SPI [1]	result	0.95223811	0.00000512	0x00	0x3C
SPI [1]	result	0.95224339	0.00000512	0x00	0xA5
SPI [1]	result	0.95224867	0.00000512	0x00	0x5A
SPI [1]	result	0.95280586	0.00000512	0x08	0xC3
SPI [1]	result	0.95281114	0.00000512	0x00	0x3C
SPI [1]	result	0.95281642	0.00000512	0x88	0xA5
SPI [1]	result	0.95282170	0.00000512	0x32	0x5A
SPI [1]	result	0.95340378	0.00000512	0x00	0xC3
SPI [1]	result	0.95340906	0.00000512	0x00	0x3C
SPI [1]	result	0.95341434	0.00000512	0x0C	0xA5
SPI [1]	result	0.95341962	0.00000512	0x30	0x5A
SPI [1]	result	0.95419887	0.00000512	0x0F	0xC3
SPI [1]	result	0.95420415	0.00000512	0x10	0x3C
SPI [1]	result	0.95420943	0.00000512	0x80	0xA5
SPI [1]	result	0.95421471	0.00000512	0x1A	0x5A
SPI [1]	result	0.95476888	0.00000512	0x00	0xC3
SPI [1]	result	0.95477416	0.00000512	0x00	0x3C
SPI [1]	result	0.95477944	0.00000512	0x0C	0xA5
SPI [1]	result	0.95478472	0.00000512	0x72	0x5A
SPI [1]	result	0.95556078	0.00000512	0x08	0xC3
SPI [1]	result	0.95556606	0.00000512	0x00	0x3C
SPI [1]	result	0.95557134	0.00000512	0x8C	0xA5
SPI [1]	result	0.95557662	0.00000512	0x02	0x5A
SPI [1]	result	0.95615387	0.00000512	0x00	0xC3
SPI [1]	result	0.95615915	0.00000512	0x00	0x3C
SPI [1]	result	0.95616443	0.00000512	0x00	0xA5
SPI [1]	result	0.95616971	0.00000512	0x00	0x5A
SPI [1]	result	0.95672976	0.00000512	0x08	0xC3
SPI [1]	result	0.95673504	0.00000512	0x00	0x3C
SPI [1]	result	0.95674032	0.00000512	0x8C	0xA5
SPI [1]	result	0.95674560	0.00000512	0x44	0x5A
SPI [1]	result	0.99187639	0.00000512	0x00	0xC3
SPI [1]	result	0.99188167	0.00000512	0x00	0x3C
SPI [1]	result	0.99188695	0.00000512	0x08	0xA5
SPI [1]	result	0.99189223	0.00000512	0x20	0x5A
SPI [1]	result	0.99266583	0.00000512	0x09	0xC3
SPI [1]	result	0.99267111	0.00000512	0x10	0x3C
SPI [1]	result	0.99267639	0.00000512	0x80	0xA5
SPI [1]	result	0.99268167	0.00000512	0x2A	0x5A
SPI [1]	result	0.99323979	0.00000512	0x00	0x00
SPI [1]	result	0.99324507	0.00000512	0x00	0x00
SPI [1]	result	0.99325035	0.00000512	0x00	0x00
SPI [1]	result	0.99325563	0.00000512	0x00	0x00
SPI [1]	result	0.99380479	0.00000512	0x08	0xC3
SPI [1]	result	0.99381007	0.00000512	0x00	0x3C
SPI [1]	result	0.99381535	0.00000512	0x88	0xA5
SPI [1]	result	0.99382063	0.00000512	0x32	0x5A
SPI [1]	result	1.05439156	0.00000512	0x00	0xC3
SPI [1]	result	1.05439684	0.00000512	0x00	0x3C
SPI [1]	result	1.05440212	0.00000512	0x08	0xA5
SPI [1]	result	1.05440740	0.00000512	0x20	0x5A
SPI [1]	result	1.05486889	0.00000512	0x0A	0xC3
SPI [1]	result	1.05487417	0.00000512	0x10	0x3C
SPI [1]	result	1.05487945	0.00000512	0x80	0xA5
SPI [1]	result	1.05488473	0.00000512	0x32	0x5A
SPI [1]	result	1.05515290	0.00000512	0x00	0xC3
SPI [1]	result	1.05515818	0.00000512	0x00	0x3C
SPI [1]	result	1.05516346	0.00000512	0x00	0xA5
SPI [1]	result	1.05516874	0.00000512	0x00	0x5A
SPI [1]	result	1.05543284	0.00000512	0x08	0xC3
SPI [1]	result	1.05543812	0.00000512	0x00	0x3C
SPI [1]	result	1.05544340	0.00000512	0x88	0xA5
SPI [1]	result	1.05544868	0.00000512	0x32	0x5A
SPI [1]	result	1.06925448	0.00000512	0x00	0x00
SPI [1]	result	1.06925976	0.00000512	0x00	0x00
SPI [1]	result	1.06926504	0.00000512	0x20	0x61
SPI [1]	result	1.06927032	0.00000512	0x04	0x9E
SPI [1]	result	1.06974884	0.00000512	0x0B	0x52
SPI [1]	result	1.06975412	0.00000512	0x10	0xAD
SPI [1]	result	1.06975940	0.00000512	0x80	0x00
SPI [1]	result	1.06976468	0.00000512	0x3A	0x00
SPI [1]	result	1.07005584	0.00000512	0x00	0xC3
SPI [1]	result	1.07006112	0.00000512	0x00	0x3C
SPI [1]	result	1.07006640	0.00000512	0x3F	0xA5
SPI [1]	result	1.07007168	0.00000512	0xC6	0x5A
SPI [1]	result	1.07054979	0.00000512	0x0C	0xC3
SPI [1]	result	1.07055507	0.00000512	0x00	0x3C
SPI [1]	result	1.07056035	0.00000512	0xA0	0xA5
SPI [1]	result	1.07056563	0.00000512	0x36	0x5A
SPI [1]	result	1.07085180	0.00000512	0x00	0xC3
SPI [1]	result	1.07085708	0.00000512	0x00	0x3C
SPI [1]	result	1.07086236	0.00000512	0x00	0xA5
SPI [1]	result	1.07086764	0.00000512	0x00	0x5A
SPI [1]	result	1.07170564	0.00000512	0x08	0xC3
SPI [1]	result	1.07171092	0.00000512	0x00	0x3C
SPI [1]	result	1.07171620	0.00000512	0xBF	0xA5
SPI [1]	result	1.07172148	0.00000512	0xD8	0x5A
SPI [1]	result	1.07183439	0.00000512	0x00	0xC3
SPI [1]	result	1.07183967	0.00000512	0x02	0x3C
SPI [1]	result	1.07184495	0.00000512	0x2A	0xA5
SPI [1]	result	1.07185023	0.00000512	0x2E	0x5A
SPI [1]	result	1.07192698	0.00000512	0x0D	0xC3
SPI [1]	result	1.07193226	0.00000512	0x10	0x3C
SPI [1]	result	1.07193754	0.00000512	0x80	0xA5
SPI [1]	result	1.07194282	0.00000512	0x0A	0x5A
SPI [1]	result	1.07217010	0.00000512	0x00	0xC3
SPI [1]	result	1.07217538	0.00000512	0x00	0x3C
SPI [1]	result	1.07218066	0.00000512	0x3F	0xA5
SPI [1]	result	1.07218594	0.00000512	0xC6	0x5A
SPI [1]	result	1.07265136	0.00000512	0x0E	0xC3
SPI [1]	result	1.07265664	0.00000512	0x00	0x3C
SPI [1]	result	1.07266192	0.00000512	0xAA	0xA5
SPI [1]	result	1.07266720	0.00000512	0x2E	0x5A
SPI [1]	result	1.07308757	0.00000512	0x00	0xC3
SPI [1]	result	1.07309285	0.00000512	0x00	0x3C
SPI [1]	result	1.07309813	0.00000512	0x00	0xA5
SPI [1]	result	1.07310341	0.00000512	0x00	0x5A
SPI [1]	result	1.07324089	0.00000512	0x08	0x00
SPI [1]	result	1.07324617	0.00000512	0x00	0x00
SPI [1]	result	1.07325145	0.00000512	0xBF	0x00
SPI [1]	result	1.07325673	0.00000512	0xD8	0x00
SPI [1]	result	1.09435398	0.00000512	0x00	0xC3
SPI [1]	result	1.09435926	0.00000512	0x00	0x3C
SPI [1]	result	1.09436454	0.00000512	0x08	0xA5
SPI [1]	result	1.09436982	0.00000512	0x20	0x5A
SPI [1]	result	1.09483304	0.00000512	0x0F	0xC3
SPI [1]	result	1.09483832	0.00000512	0x10	0x3C
SPI [1]	result	1.09484360	0.00000512	0x80	0xA5
SPI [1]	result	1.09484888	0.00000512	0x1A	0x5A
SPI [1]	result	1.09511975	0.00000512	0x00	0xC3
SPI [1]	result	1.09512503	0.00000512	0x00	0x3C
SPI [1]	result	1.09513031	0.00000512	0x00	0xA5
SPI [1]	result	1.09513559	0.00000512	0x00	0x5A
SPI [1]	result	1.09539474	0.00000512	0x08	0xC3
SPI [1]	result	1.09540002	0.00000512	0x00	0x3C
SPI [1]	result	1.09540530	0.00000512	0x88	0xA5
SPI [1]	result	1.09541058	0.00000512	0x32	0x5A
SPI [1]	result	1.09569193	0.00000512	0x00	0xC3
SPI [1]	result	1.09569721	0.00000512	0x00	0x3C
SPI [1]	result	1.09570249	0.00000512	0x0C	0xA5
SPI [1]	result	1.09570777	0.00000512	0xB2	0x5A
SPI [1]	result	1.09629388	0.00000512	0x08	0xC3
SPI [1]	result	1.09629916	0.00000512	0x10	0x3C
SPI [1]	result	1.09630444	0.00000512	0x80	0xA5
SPI [1]	result	1.09630972	0.00000512	0x22	0x5A
SPI [1]	result	1.09644980	0.00000512	0x00	0xC3
SPI [1]	result	1.09645508	0.00000512	0x00	0x3C
SPI [1]	result	1.09646036	0.00000512	0x0C	0xA5
SPI [1]	result	1.09646564	0.00000512	0x30	0x5A
SPI [1]	result	1.09690680	0.00000512	0x09	0xC3
SPI [1]	result	1.09691208	0.00000512	0x00	0x3C
SPI [1]	result	1.09691736	0.00000512	0x8C	0xA5
SPI [1]	result	1.09692264	0.00000512	0x8C	0x5A
SPI [1]	result	1.09719894	0.00000512	0x00	0xC3
SPI [1]	result	1.09720422	0.00000512	0x00	0x3C
SPI [1]	result	1.09720950	0.00000512	0x00	0xA5
SPI [1]	result	1.09721478	0.00000512	0x00	0x5A
SPI [1]	result	1.09749000	0.00000512	0x08	0xC3
SPI [1]	result	1.09749528	0.00000512	0x00	0x3C
SPI [1]	result	1.09750056	0.00000512	0x8C	0xA5
SPI [1]	result	1.09750584	0.00000512	0x02	0x5A
SPI [1]	result	1.13766690	0.00000512	0x00	0xC3
SPI [1]	result	1.13767218	0.00000512	0x00	0x3C
SPI [1]	result	1.13767746	0.00000512	0x08	0xA5
SPI [1]	result	1.13768274	0.00000512	0x20	0x5A
SPI [1]	result	1.13822514	0.00000512	0xA5	0xC3
SPI [1]	result	1.13823042	0.00000512	0x5A	0x3C
SPI [1]	result	1.13823570	0.00000512	0x3C	0xA5
SPI [1]	result	1.13824098	0.00000512	0xC3	0x5A
SPI [1]	result	1.13864090	0.00000512	0x80	0xA5
SPI [1]	result	1.13864618	0.00000512	0x20	0x5A
SPI [1]	result	1.13865146	0.00000512	0x28	0x3C
SPI [1]	result	1.13865674	0.00000512	0x24	0xC3
SPI [1]	result	1.13904974	0.00000512	0x08	0x08
SPI [1]	result	1.13905502	0.00000512	0x10	0x10
SPI [1]	result	1.13906030	0.00000512	0x80	0xA8
SPI [1]	result	1.13906558	0.00000512	0x22	0x06
SPI [1]	result	1.13946078	0.00000512	0x00	0x08
SPI [1]	result	1.13946606	0.00000512	0x00	0x00
SPI [1]	result	1.13947134	0.00000512	0x00	0xA8
SPI [1]	result	1.13947662	0.00000512	0x00	0x36
SPI [1]	result	1.13987219	0.00000512	0x00	0x00
SPI [1]	result	1.13987747	0.00000512	0x00	0xF3
SPI [1]	result	1.13988275	0.00000512	0x00	0x03
SPI [1]	result	1.13988803	0.00000512	0x00	0xE8
SPI [1]	result	1.14030408	0.00000512	0x00	0xC3
SPI [1]	result	1.14030936	0.00000512	0x00	0x3C
SPI [1]	result	1.14031464	0.00000512	0x3F	0xA5
SPI [1]	result	1.14031992	0.00000512	0xC6	0x5A
SPI [1]	result	1.14117107	0.00000512	0x08	0xC3
SPI [1]	result	1.14117635	0.00000512	0x10	0x3C
SPI [1]	result	1.14118163	0.00000512	0x80	0xA5
SPI [1]	result	1.14118691	0.00000512	0x22	0x5A
SPI [1]	result	1.14452311	0.00000512	0x00	0xC3
SPI [1]	result	1.14452839	0.00000512	0x00	0x3C
SPI [1]	result	1.14453367	0.00000512	0x00	0xA5
SPI [1]	result	1.14453895	0.00000512	0x00	0x5A
SPI [1]	result	1.14536903	0.00000512	0x08	0xC3
SPI [1]	result	1.14537431	0.00000512	0x00	0x3C
SPI [1]	result	1.14537959	0.00000512	0xBF	0xA5
SPI [1]	result	1.14538487	0.00000512	0xD8	0x5A
SPI [1]	result	1.14792249	0.00000512	0xB8	0xC3
SPI [1]	result	1.14792777	0.00000512	0x01	0x3C
SPI [1]	result	1.14793305	0.00000512	0x06	0xA5
SPI [1]	result	1.14793833	0.00000512	0x26	0x5A
SPI [1]	result	1.14871963	0.00000512	0x09	0xC3
SPI [1]	result	1.14872491	0.00000512	0x10	0x3C
SPI [1]	result	1.14873019	0.00000512	0x80	0xA5
SPI [1]	result	1.14873547	0.00000512	0x2A	0x5A
SPI [1]	result	1.14929916	0.00000512	0x00	0xC3
SPI [1]	result	1.14930444	0.00000512	0x00	0x3C
SPI [1]	result	1.14930972	0.00000512	0x05	0xA5
SPI [1]	result	1.14931500	0.00000512	0x14	0x5A
SPI [1]	result	1.15008710	0.00000512	0x0A	0xC3
SPI [1]	result	1.15009238	0.00000512	0x00	0x3C
SPI [1]	result	1.15009766	0.00000512	0x86	0xA5
SPI [1]	result	1.15010294	0.00000512	0x3A	0x5A
SPI [1]	result	1.15067409	0.00000512	0x00	0xC3
SPI [1]	result	1.15067937	0.00000512	0x00	0x3C
SPI [1]	result	1.15068465	0.00000512	0x00	0xA5
SPI [1]	result	1.15068993	0.00000512	0x00	0x5A
SPI [1]	result	1.15123569	0.00000512	0x08	0xC3
SPI [1]	result	1.15124097	0.00000512	0x00	0x3C
SPI [1]	result	1.15124625	0.00000512	0x85	0xA5
SPI [1]	result	1.15125153	0.00000512	0x26	0x5A
SPI [1]	result	1.15432881	0.00000512	0xFF	0xC3
SPI [1]	result	1.15433409	0.00000512	0xFF	0x3C
SPI [1]	result	1.15433937	0.00000512	0x00	0xA5
SPI [1]	result	1.15434465	0.00000512	0x00	0x5A
SPI [1]	result	1.15434993	0.00000512	0x00	0x00
SPI [1]	result	1.15435521	0.00000512	0x00	0x00
SPI [1]	result	1.15436049	0.00000512	0x00	0x00
SPI [1]	result	1.15436577	0.00000512	0x00	0x00
SPI [1]	result	1.15437105	0.00000512	0x00	0x00
SPI [1]	result	1.15437633	0.00000512	0x00	0x00
SPI [1]	result	1.15438161	0.00000512	0x00	0x00
SPI [1]	result	1.15438689	0.00000512	0x00	0x00
SPI [1]	result	1.15439217	0.00000512	0x00	0x00
SPI [1]	result	1.15439745	0.00000512	0x00	0x0C
SPI [1]	result	1.15440273	0.00000512	0x00	0x33
SPI [1]	result	1.15440801	0.00000512	0x00	0xCA
SPI [1]	result	1.15441329	0.00000512	0x00	0x55
SPI [1]	result	1.15441857	0.00000512	0x00	0xA0
SPI [1]	result	1.15442385	0.00000512	0x00	0x00
SPI [1]	result	1.15442913	0.00000512	0x00	0x00
SPI [1]	result	1.15443441	0.00000512	0x00	0x00
SPI [1]	result	1.15443969	0.00000512	0x00	0x00
SPI [1]	result	1.15444497	0.00000512	0x00	0x00
SPI [1]	result	1.15445025	0.00000512	0x00	0x00
SPI [1]	result	1.15445553	0.00000512	0x00	0x00
SPI [1]	result	1.15446081	0.00000512	0x00	0x00
SPI [1]	result	1.15446609	0.00000512	0x00	0x00
SPI [1]	result	1.15447137	0.00000512	0x00	0xC3
SPI [1]	result	1.15447665	0.00000512	0x00	0x3C
SPI [1]	result	1.15448193	0.00000512	0x00	0xA5
SPI [1]	result	1.15448721	0.00000512	0x00	0x5A
SPI [1]	result	1.15449249	0.00000512	0x00	0x00
SPI [1]	result	1.15449777	0.00000512	0x00	0x00
SPI [1]	result	1.15450305	0.00000512	0x00	0x00
SPI [1]	result	1.15450833	0.00000512	0x00	0x00
SPI [1]	result	1.15451361	0.00000512	0x00	0x00
SPI [1]	result	1.15451889	0.00000512	0x00	0x00
SPI [1]	result	1.15452417	0.00000512	0x00	0x00
SPI [1]	result	1.15452945	0.00000512	0x00	0x00
SPI [1]	result	1.15453473	0.00000512	0x00	0x00
SPI [1]	result	1.15454001	0.00000512	0x00	0x0C
SPI [1]	result	1.15454529	0.00000512	0x00	0x33
SPI [1]	result	1.15455057	0.00000512	0x00	0xCA
SPI [1]	result	1.15455585	0.00000512	0x00	0x55
SPI [1]	result	1.15456113	0.00000512	0x00	0xA0
SPI [1]	result	1.15456641	0.00000512	0x00	0x00
SPI [1]	result	1.15457169	0.00000512	0x00	0x00
SPI [1]	result	1.15457697	0.00000512	0x00	0x00
SPI [1]	result	1.15458225	0.00000512	0x00	0x00
SPI [1]	result	1.15458753	0.00000512	0x00	0x00
SPI [1]	result	1.15459281	0.00000512	0x00	0x00
SPI [1]	result	1.15459809	0.00000512	0x00	0x00
SPI [1]	result	1.15460337	0.00000512	0x00	0x00
SPI [1]	result	1.15460865	0.00000512	0x00	0x00
SPI [1]	result	1.15461393	0.00000512	0x00	0xC3
SPI [1]	result	1.15461921	0.00000512	0x00	0x3C
SPI [1]	result	1.15462449	0.00000512	0x00	0xA5
SPI [1]	result	1.15462977	0.00000512	0x00	0x5A
SPI [1]	result	1.15463505	0.00000512	0x00	0x00
SPI [1]	result	1.15464033	0.00000512	0x00	0x00
SPI [1]	result	1.15464561	0.00000512	0x00	0x00
SPI [1]	result	1.15465089	0.00000512	0x00	0x00
SPI [1]	result	1.15465617	0.00000512	0x00	0x00
SPI [1]	result	1.15466145	0.00000512	0x00	0x00
SPI [1]	result	1.15466673	0.00000512	0x00	0x00
SPI [1]	result	1.15467201	0.00000512	0x00	0x00
SPI [1]	result	1.15467729	0.00000512	0x00	0x00
SPI [1]	result	1.15468257	0.00000512	0x00	0x0C
SPI [1]	result	1.15468785	0.00000512	0x00	0x33
SPI [1]	result	1.15469313	0.00000512	0x00	0xCA
SPI [1]	result	1.15469841	0.00000512	0x00	0x55
SPI [1]	result	1.15470369	0.00000512	0x00	0xA0
SPI [1]	result	1.15470897	0.00000512	0x00	0x00
SPI [1]	result	1.15471425	0.00000512	0x00	0x00
SPI [1]	result	1.15471953	0.00000512	0x00	0x00
SPI [1]	result	1.15472481	0.00000512	0x00	0x00
SPI [1]	result	1.15473009	0.00000512	0x00	0x00
SPI [1]	result	1.15473537	0.00000512	0x00	0x00
SPI [1]	result	1.15474065	0.00000512	0x00	0x00
SPI [1]	result	1.15474593	0.00000512	0x00	0x00
SPI [1]	result	1.15475121	0.00000512	0x00	0x00
SPI [1]	result	1.15475649	0.00000512	0x00	0xC3
SPI [1]	result	1.15476177	0.00000512	0x00	0x3C
SPI [1]	result	1.15476705	0.00000512	0x00	0xA5
SPI [1]	result	1.15477233	0.00000512	0x00	0x5A
SPI [1]	result	1.15477761	0.00000512	0x00	0x00
SPI [1]	result	1.15478289	0.00000512	0x00	0x00
SPI [1]	result	1.15478817	0.00000512	0x00	0x00
SPI [1]	result	1.15479345	0.00000512	0x00	0x00
SPI [1]	result	1.15479873	0.00000512	0x00	0x00
SPI [1]	result	1.15480401	0.00000512	0x00	0x00
SPI [1]	result	1.15480929	0.00000512	0x00	0x00
SPI [1]	result	1.15481457	0.00000512	0x00	0x00
SPI [1]	result	1.15481985	0.00000512	0x00	0x00
SPI [1]	result	1.15482513	0.00000512	0x00	0x0C
SPI [1]	result	1.15483041	0.00000512	0x00	0x33
SPI [1]	result	1.15483569	0.00000512	0x00	0xCA
SPI [1]	result	1.15484097	0.00000512	0x00	0x55
SPI [1]	result	1.15484625	0.00000512	0x00	0xA0
SPI [1]	result	1.15485153	0.00000512	0x00	0x00
SPI [1]	result	1.15485681	0.00000512	0x00	0x00
SPI [1]	result	1.15486209	0.00000512	0x00	0x00
SPI [1]	result	1.15486737	0.00000512	0x00	0x00
SPI [1]	result	1.15487265	0.00000512	0x00	0x00
SPI [1]	result	1.15487793	0.00000512	0x00	0x00
SPI [1]	result	1.15488321	0.00000512	0x00	0x00
SPI [1]	result	1.15488849	0.00000512	0x00	0x00
SPI [1]	result	1.15489377	0.00000512	0x00	0x00
SPI [1]	result	1.15489905	0.00000512	0x00	0xC3
SPI [1]	result	1.15490433	0.00000512	0x00	0x3C
SPI [1]	result	1.15490961	0.00000512	0x00	0xA5
SPI [1]	result	1.15491489	0.00000512	0x00	0x5A
SPI [1]	result	1.15492017	0.00000512	0x00	0x00
SPI [1]	result	1.15492545	0.00000512	0x00	0x00
SPI [1]	result	1.15493073	0.00000512	0x00	0x00
SPI [1]	result	1.15493601	0.00000512	0x00	0x00
SPI [1]	result	1.15494129	0.00000512	0x00	0x00
SPI [1]	result	1.15494657	0.00000512	0x00	0x00
SPI [1]	result	1.15495185	0.00000512	0x00	0x00
SPI [1]	result	1.15495713	0.00000512	0x00	0x00
SPI [1]	result	1.15496241	0.00000512	0x00	0x00
SPI [1]	result	1.15496769	0.00000512	0x00	0x0C
SPI [1]	result	1.15497297	0.00000512	0x00	0x33
SPI [1]	result	1.15497825	0.00000512	0x00	0xCA
SPI [1]	result	1.15498353	0.00000512	0x00	0x55
SPI [1]	result	1.15498881	0.00000512	0x00	0xA0
SPI [1]	result	1.15499409	0.00000512	0x00	0x00
SPI [1]	result	1.15499937	0.00000512	0x00	0x00
SPI [1]	result	1.15500465	0.00000512	0x00	0x00
SPI [1]	result	1.15500993	0.00000512	0x00	0x00
SPI [1]	result	1.15501521	0.00000512	0x5A	0x00
SPI [1]	result	1.15814377	0.00000512	0xFF	0xC3
SPI [1]	result	1.15814905	0.00000512	0x00	0x3C
SPI [1]	result	1.15815433	0.00000512	0x00	0xA5
SPI [1]	result	1.15815961	0.00000512	0x00	0x5A
SPI [1]	result	1.15816489	0.00000512	0x00	0x00
SPI [1]	result	1.15817017	0.00000512	0x00	0x00
SPI [1]	result	1.15817545	0.00000512	0x00	0x00
SPI [1]	result	1.15818073	0.00000512	0x00	0x00
SPI [1]	result	1.15818601	0.00000512	0x00	0x00
SPI [1]	result	1.15819129	0.00000512	0x00	0x00
SPI [1]	result	1.15819657	0.00000512	0x00	0x00
SPI [1]	result	1.15820185	0.00000512	0x00	0x00
SPI [1]	result	1.15820713	0.00000512	0x00	0x00
SPI [1]	result	1.15821241	0.00000512	0x00	0x0C
SPI [1]	result	1.15821769	0.00000512	0x00	0x33
SPI [1]	result	1.15822297	0.00000512	0x00	0xCA
SPI [1]	result	1.15822825	0.00000512	0x00	0x55
SPI [1]	result	1.15823353	0.00000512	0x00	0xA0
SPI [1]	result	1.15823881	0.00000512	0x00	0x00
SPI [1]	result	1.15824409	0.00000512	0x00	0x00
SPI [1]	result	1.15824937	0.00000512	0x00	0x00
SPI [1]	result	1.15825465	0.00000512	0x00	0x00
SPI [1]	result	1.15825993	0.00000512	0x00	0x00
SPI [1]	result	1.15826521	0.00000512	0x00	0x00
SPI [1]	result	1.15827049	0.00000512	0x00	0x00
SPI [1]	result	1.15827577	0.00000512	0x00	0x00
SPI [1]	result	1.15828105	0.00000512	0x00	0x00
SPI [1]	result	1.15828633	0.00000512	0x00	0xC3
SPI [1]	result	1.15829161	0.00000512	0x00	0x3C
SPI [1]	result	1.15829689	0.00000512	0x00	0xA5
SPI [1]	result	1.15830217	0.00000512	0x00	0x5A
SPI [1]	result	1.15830745	0.00000512	0x00	0x00
SPI [1]	result	1.15831273	0.00000512	0x00	0x00
SPI [1]	result	1.15831801	0.00000512	0x00	0x00
SPI [1]	result	1.15832329	0.00000512	0x00	0x00
SPI [1]	result	1.15832857	0.00000512	0x00	0x00
SPI [1]	result	1.15833385	0.00000512	0x00	0x00
SPI [1]	result	1.15833913	0.00000512	0x00	0x00
SPI [1]	result	1.15834441	0.00000512	0x00	0x00
SPI [1]	result	1.15834969	0.00000512	0x00	0x00
SPI [1]	result	1.15835497	0.00000512	0x00	0x0C
SPI [1]	result	1.15836025	0.00000512	0x00	0x33
SPI [1]	result	1.15836553	0.00000512	0x00	0xCA
SPI [1]	result	1.15837081	0.00000512	0x00	0x55
SPI [1]	result	1.15837609	0.00000512	0x00	0xA0
SPI [1]	result	1.15838137	0.00000512	0x00	0x00
SPI [1]	result	1.15838665	0.00000512	0x00	0x00
SPI [1]	result	1.15839193	0.00000512	0x00	0x00
SPI [1]	result	1.15839721	0.00000512	0x00	0x00
SPI [1]	result	1.15840249	0.00000512	0x00	0x00
SPI [1]	result	1.15840777	0.00000512	0x00	0x00
SPI [1]	result	1.15841305	0.00000512	0x00	0x00
SPI [1]	result	1.15841833	0.00000512	0x00	0x00
SPI [1]	result	1.15842361	0.00000512	0x00	0x00
SPI [1]	result	1.15842889	0.00000512	0x00	0xC3
SPI [1]	result	1.15843417	0.00000512	0x00	0x3C
SPI [1]	result	1.15843945	0.00000512	0x00	0xA5
SPI [1]	result	1.15844473	0.00000512	0x00	0x5A
SPI [1]	result	1.15845001	0.00000512	0x00	0x00
SPI [1]	result	1.15845529	0.00000512	0x00	0x00
SPI [1]	result	1.15846057	0.00000512	0x00	0x00
SPI [1]	result	1.15846585	0.00000512	0x00	0x00
SPI [1]	result	1.15847113	0.00000512	0x00	0x00
SPI [1]	result	1.15847641	0.00000512	0x00	0x00
SPI [1]	result	1.15848169	0.00000512	0x00	0x00
SPI [1]	result	1.15848697	0.00000512	0x00	0x00
SPI [1]	result	1.15849225	0.00000512	0x00	0x00
SPI [1]	result	1.15849753	0.00000512	0x00	0x0C
SPI [1]	result	1.15850281	0.00000512	0x00	0x33
SPI [1]	result	1.15850809	0.00000512	0x00	0xCA
SPI [1]	result	1.15851337	0.00000512	0x00	0x55
SPI [1]	result	1.15851865	0.00000512	0x00	0xA0
SPI [1]	result	1.15852393	0.00000512	0x00	0x00
SPI [1]	result	1.15852921	0.00000512	0x00	0x00
SPI [1]	result	1.15853449	0.00000512	0x00	0x00
SPI [1]	result	1.15853977	0.00000512	0x00	0x00
SPI [1]	result	1.15854505	0.00000512	0x00	0x00
SPI [1]	result	1.15855033	0.00000512	0x00	0x00
SPI [1]	result	1.15855561	0.00000512	0x00	0x00
SPI [1]	result	1.15856089	0.00000512	0x00	0x00
SPI [1]	result	1.15856617	0.00000512	0x00	0x00
SPI [1]	result	1.15857145	0.00000512	0x00	0xC3
SPI [1]	result	1.15857673	0.00000512	0x00	0x3C
SPI [1]	result	1.15858201	0.00000512	0x00	0xA5
SPI [1]	result	1.15858729	0.00000512	0x00	0x5A
SPI [1]	result	1.15859257	0.00000512	0x00	0x00
SPI [1]	result	1.15859785	0.00000512	0x00	0x00
SPI [1]	result	1.15860313	0.00000512	0x00	0x00
SPI [1]	result	1.15860841	0.00000512	0x00	0x00
SPI [1]	result	1.15861369	0.00000512	0x00	0x00
SPI [1]	result	1.15861897	0.00000512	0x00	0x00
SPI [1]	result	1.15862425	0.00000512	0x00	0x00
SPI [1]	result	1.15862953	0.00000512	0x00	0x00
SPI [1]	result	1.15863481	0.00000512	0x00	0x00
SPI [1]	result	1.15864009	0.00000512	0x00	0x0C
SPI [1]	result	1.15864537	0.00000512	0x00	0x33
SPI [1]	result	1.15865065	0.00000512	0x00	0xCA
SPI [1]	result	1.15865593	0.00000512	0x00	0x55
SPI [1]	result	1.15866121	0.00000512	0x00	0xA0
SPI [1]	result	1.15866649	0.00000512	0x00	0x00
SPI [1]	result	1.15867177	0.00000512	0x00	0x00
SPI [1]	result	1.15867705	0.00000512	0x00	0x00
SPI [1]	result	1.15868233	0.00000512	0x00	0x00
SPI [1]	result	1.15868761	0.00000512	0x00	0x00
SPI [1]	result	1.15869289	0.00000512	0x00	0x00
SPI [1]	result	1.15869817	0.00000512	0x00	0x00
SPI [1]	result	1.15870345	0.00000512	0x00	0x00
SPI [1]	result	1.15870873	0.00000512	0x00	0x00
SPI [1]	result	1.15871401	0.00000512	0x00	0xC3
SPI [1]	result	1.15871929	0.00000512	0x00	0x3C
SPI [1]	result	1.15872457	0.00000512	0x00	0xA5
SPI [1]	result	1.15872985	0.00000512	0x00	0x5A
SPI [1]	result	1.15873513	0.00000512	0x00	0x00
SPI [1]	result	1.15874041	0.00000512	0x00	0x00
SPI [1]	result	1.15874569	0.00000512	0x00	0x00
SPI [1]	result	1.15875097	0.00000512	0x00	0x00
SPI [1]	result	1.15875625	0.00000512	0x00	0x00
SPI [1]	result	1.15876153	0.00000512	0x00	0x00
SPI [1]	result	1.15876681	0.00000512	0x00	0x00
SPI [1]	result	1.15877209	0.00000512	0x00	0x00
SPI [1]	result	1.15877737	0.00000512	0x00	0x00
SPI [1]	result	1.15878265	0.00000512	0x00	0x0C
SPI [1]	result	1.15878793	0.00000512	0x00	0x33
SPI [1]	result	1.15879321	0.00000512	0x00	0xCA
SPI [1]	result	1.15879849	0.00000512	0x00	0x55
SPI [1]	result	1.15880377	0.00000512	0x00	0xA0
SPI [1]	result	1.15880905	0.00000512	0x00	0x00
SPI [1]	result	1.15881433	0.00000512	0x00	0x00
SPI [1]	result	1.15881961	0.00000512	0x00	0x00
SPI [1]	result	1.15882489	0.00000512	0x00	0x00
SPI [1]	result	1.15883017	0.00000512	0x5A	0x00
SPI [1]	result	1.16197898	0.00000512	0xB8	0xC3
SPI [1]	result	1.16198426	0.00000512	0x01	0x3C
SPI [1]	result	1.16198954	0.00000512	0x06	0xA5
SPI [1]	result	1.16199482	0.00000512	0x26	0x5A
SPI [1]	result	1.16278118	0.00000512	0x0B	0xC3
SPI [1]	result	1.16278646	0.00000512	0x10	0x3C
SPI [1]	result	1.16279174	0.00000512	0x80	0xA5
SPI [1]	result	1.16279702	0.00000512	0x3A	0x5A
SPI [1]	result	1.16334612	0.00000512	0x00	0xC3
SPI [1]	result	1.16335140	0.00000512	0x00	0x3C
SPI [1]	result	1.16335668	0.00000512	0x05	0xA5
SPI [1]	result	1.16336196	0.00000512	0x56	0x5A
SPI [1]	result	1.16413689	0.00000512	0x0C	0xC3
SPI [1]	result	1.16414217	0.00000512	0x00	0x3C
SPI [1]	result	1.16414745	0.00000512	0x86	0xA5
SPI [1]	result	1.16415273	0.00000512	0x0A	0x5A
SPI [1]	result	1.16472094	0.00000512	0x00	0xC3
SPI [1]	result	1.16472622	0.00000512	0x00	0x3C
SPI [1]	result	1.16473150	0.00000512	0x00	0xA5
SPI [1]	result	1.16473678	0.00000512	0x00	0x5A
SPI [1]	result	1.16529608	0.00000512	0x08	0xC3
SPI [1]	result	1.16530136	0.00000512	0x00	0x3C
SPI [1]	result	1.16530664	0.00000512	0x85	0xA5
SPI [1]	result	1.16531192	0.00000512	0x68	0x5A
SPI [1]	result	1.16839842	0.00000512	0x00	0xC3
SPI [1]	result	1.16840370	0.00000512	0x00	0x3C
SPI [1]	result	1.16840898	0.00000512	0x53	0xA5
SPI [1]	result	1.16841426	0.00000512	0x50	0x5A
SPI [1]	result	1.16841954	0.00000512	0x58	0x00
SPI [1]	result	1.16842482	0.00000512	0x31	0x00
SPI [1]	result	1.16843010	0.00000512	0x00	0x00
SPI [1]	result	1.16843538	0.00000512	0x00	0x00
SPI [1]	result	1.16844066	0.00000512	0x00	0x00
SPI [1]	result	1.16844594	0.00000512	0x00	0x00
SPI [1]	result	1.16845122	0.00000512	0x00	0x00
SPI [1]	result	1.16845650	0.00000512	0x00	0x00
SPI [1]	result	1.16846178	0.00000512	0x47	0x00
SPI [1]	result	1.16846706	0.00000512	0x46	0x0C
SPI [1]	result	1.16847234	0.00000512	0x58	0x33
SPI [1]	result	1.16847762	0.00000512	0x20	0xCA
SPI [1]	result	1.16848290	0.00000512	0x35	0x55
SPI [1]	result	1.16848818	0.00000512	0x30	0xA0
SPI [1]	result	1.16849346	0.00000512	0x53	0x00
SPI [1]	result	1.16849874	0.00000512	0x00	0x00
SPI [1]	result	1.16850402	0.00000512	0x00	0x00
SPI [1]	result	1.16850930	0.00000512	0x00	0x00
SPI [1]	result	1.16851458	0.00000512	0x00	0x00
SPI [1]	result	1.16851986	0.00000512	0x00	0x00
SPI [1]	result	1.16852514	0.00000512	0x00	0x00
SPI [1]	result	1.16853042	0.00000512	0x00	0x00
SPI [1]	result	1.16853570	0.00000512	0x00	0x00
SPI [1]	result	1.16854098	0.00000512	0x00	0xC3
SPI [1]	result	1.16854626	0.00000512	0x00	0x3C
SPI [1]	result	1.16855154	0.00000512	0x00	0xA5
SPI [1]	result	1.16855682	0.00000512	0x00	0x5A
SPI [1]	result	1.16856210	0.00000512	0x00	0x00
SPI [1]	result	1.16856738	0.00000512	0x47	0x00
SPI [1]	result	1.16857266	0.00000512	0x46	0x00
SPI [1]	result	1.16857794	0.00000512	0x58	0x00
SPI [1]	result	1.16858322	0.00000512	0x20	0x00
SPI [1]	result	1.16858850	0.00000512	0x35	0x00
SPI [1]	result	1.16859378	0.00000512	0x30	0x00
SPI [1]	result	1.16859906	0.00000512	0x53	0x00
SPI [1]	result	1.16860434	0.00000512	0x00	0x00
SPI [1]	result	1.16860962	0.00000512	0x00	0x0C
SPI [1]	result	1.16861490	0.00000512	0x00	0x33
SPI [1]	result	1.16862018	0.00000512	0x00	0xCA
SPI [1]	result	1.16862546	0.00000512	0x00	0x55
SPI [1]	result	1.16863074	0.00000512	0x00	0xA0
SPI [1]	result	1.16863602	0.00000512	0x00	0x00
SPI [1]	result	1.16864130	0.00000512	0x00	0x00
SPI [1]	result	1.16864658	0.00000512	0x35	0x00
SPI [1]	result	1.16865186	0.00000512	0x39	0x00
SPI [1]	result	1.16865714	0.00000512	0x33	0x00
SPI [1]	result	1.16866242	0.00000512	0x35	0x00
SPI [1]	result	1.16866770	0.00000512	0x33	0x00
SPI [1]	result	1.16867298	0.00000512	0x33	0x00
SPI [1]	result	1.16867826	0.00000512	0x33	0x00
SPI [1]	result	1.16868354	0.00000512	0x31	0xC3
SPI [1]	result	1.16868882	0.00000512	0x33	0x3C
SPI [1]	result	1.16869410	0.00000512	0x36	0xA5
SPI [1]	result	1.16869938	0.00000512	0x33	0x5A
SPI [1]	result	1.16870466	0.00000512	0x31	0x00
SPI [1]	result	1.16870994	0.00000512	0x31	0x00
SPI [1]	result	1.16871522	0.00000512	0x37	0x00
SPI [1]	result	1.16872050	0.00000512	0x30	0x00
SPI [1]	result	1.16872578	0.00000512	0x32	0x00
SPI [1]	result	1.16873106	0.00000512	0x31	0x00
SPI [1]	result	1.16873634	0.00000512	0x36	0x00
SPI [1]	result	1.16874162	0.00000512	0x37	0x00
SPI [1]	result	1.16874690	0.00000512	0x30	0x00
SPI [1]	result	1.16875218	0.00000512	0x32	0x0C
SPI [1]	result	1.16875746	0.00000512	0x30	0x33
SPI [1]	result	1.16876274	0.00000512	0x31	0xCA
SPI [1]	result	1.16876802	0.00000512	0x30	0x55
SPI [1]	result	1.16877330	0.00000512	0x31	0xA0
SPI [1]	result	1.16877858	0.00000512	0x31	0x00
SPI [1]	result	1.16878386	0.00000512	0x30	0x00
SPI [1]	result	1.16878914	0.00000512	0x36	0x00
SPI [1]	result	1.16879442	0.00000512	0x39	0x00
SPI [1]	result	1.16879970	0.00000512	0x41	0x00
SPI [1]	result	1.16880498	0.00000512	0x04	0x00
SPI [1]	result	1.16881026	0.00000512	0x20	0x00
SPI [1]	result	1.16881554	0.00000512	0x02	0x00
SPI [1]	result	1.16882082	0.00000512	0x16	0x00
SPI [1]	result	1.16882610	0.00000512	0x01	0xC3
SPI [1]	result	1.16883138	0.00000512	0x00	0x3C
SPI [1]	result	1.16883666	0.00000512	0x01	0xA5
SPI [1]	result	1.16884194	0.00000512	0x00	0x5A
SPI [1]	result	1.16884722	0.00000512	0x01	0x00
SPI [1]	result	1.16885250	0.00000512	0x00	0x00
SPI [1]	result	1.16885778	0.00000512	0x00	0x00
SPI [1]	result	1.16886306	0.00000512	0x00	0x00
SPI [1]	result	1.16886834	0.00000512	0x00	0x00
SPI [1]	result	1.16887362	0.00000512	0x00	0x00
SPI [1]	result	1.16887890	0.00000512	0x00	0x00
SPI [1]	result	1.16888418	0.00000512	0x00	0x00
SPI [1]	result	1.16888946	0.00000512	0x00	0x00
SPI [1]	result	1.16889474	0.00000512	0x00	0x0C
SPI [1]	result	1.16890002	0.00000512	0x00	0x33
SPI [1]	result	1.16890530	0.00000512	0x00	0xCA
SPI [1]	result	1.16891058	0.00000512	0x00	0x55
SPI [1]	result	1.16891586	0.00000512	0x00	0xA0
SPI [1]	result	1.16892114	0.00000512	0x00	0x00
SPI [1]	result	1.16892642	0.00000512	0x00	0x00
SPI [1]	result	1.16893170	0.00000512	0x00	0x00
SPI [1]	result	1.16893698	0.00000512	0x00	0x00
SPI [1]	result	1.16894226	0.00000512	0x00	0x00
SPI [1]	result	1.16894754	0.00000512	0x00	0x00
SPI [1]	result	1.16895282	0.00000512	0x00	0x00
SPI [1]	result	1.16895810	0.00000512	0x00	0x00
SPI [1]	result	1.16896338	0.00000512	0x00	0x00
SPI [1]	result	1.16896866	0.00000512	0x00	0xC3
SPI [1]	result	1.16897394	0.00000512	0x00	0x3C
SPI [1]	result	1.16897922	0.00000512	0x00	0xA5
SPI [1]	result	1.16898450	0.00000512	0x00	0x5A
SPI [1]	result	1.16898978	0.00000512	0x00	0x00
SPI [1]	result	1.16899506	0.00000512	0x00	0x00
SPI [1]	result	1.16900034	0.00000512	0x00	0x00
SPI [1]	result	1.16900562	0.00000512	0x00	0x00
SPI [1]	result	1.16901090	0.00000512	0x00	0x00
SPI [1]	result	1.16901618	0.00000512	0x00	0x00
SPI [1]	result	1.16902146	0.00000512	0x00	0x00
SPI [1]	result	1.16902674	0.00000512	0x00	0x00
SPI [1]	result	1.16903202	0.00000512	0x00	0x00
SPI [1]	result	1.16903730	0.00000512	0x00	0x0C
SPI [1]	result	1.16904258	0.00000512	0x00	0x33
SPI [1]	result	1.16904786	0.00000512	0x00	0xCA
SPI [1]	result	1.16905314	0.00000512	0x00	0x55
SPI [1]	result	1.16905842	0.00000512	0x00	0xA0
SPI [1]	result	1.16906370	0.00000512	0x00	0x00
SPI [1]	result	1.16906898	0.00000512	0x00	0x00
SPI [1]	result	1.16907426	0.00000512	0x00	0x00
SPI [1]	result	1.16907954	0.00000512	0x00	0x00
SPI [1]	result	1.16908482	0.00000512	0xEF	0x00
SPI [1]	result	1.17220780	0.00000512	0xFF	0xC3
SPI [1]	result	1.17221308	0.00000512	0xFF	0x3C
SPI [1]	result	1.17221836	0.00000512	0x53	0xA5
SPI [1]	result	1.17222364	0.00000512	0x50	0x5A
SPI [1]	result	1.17222892	0.00000512	0x58	0x00
SPI [1]	result	1.17223420	0.00000512	0x31	0x00
SPI [1]	result	1.17223948	0.00000512	0x00	0x00
SPI [1]	result	1.17224476	0.00000512	0x00	0x00
SPI [1]	result	1.17225004	0.00000512	0x00	0x00
SPI [1]	result	1.17225532	0.00000512	0x00	0x00
SPI [1]	result	1.17226060	0.00000512	0x00	0x00
SPI [1]	result	1.17226588	0.00000512	0x00	0x00
SPI [1]	result	1.17227116	0.00000512	0x47	0x00
SPI [1]	result	1.17227644	0.00000512	0x46	0x0C
SPI [1]	result	1.17228172	0.00000512	0x58	0x33
SPI [1]	result	1.17228700	0.00000512	0x20	0xCA
SPI [1]	result	1.17229228	0.00000512	0x35	0x55
SPI [1]	result	1.17229756	0.00000512	0x30	0xA0
SPI [1]	result	1.17230284	0.00000512	0x53	0x00
SPI [1]	result	1.17230812	0.00000512	0x00	0x00
SPI [1]	result	1.17231340	0.00000512	0x00	0x00
SPI [1]	result	1.17231868	0.00000512	0x00	0x00
SPI [1]	result	1.17232396	0.00000512	0x00	0x00
SPI [1]	result	1.17232924	0.00000512	0x00	0x00
SPI [1]	result	1.17233452	0.00000512	0x00	0x00
SPI [1]	result	1.17233980	0.00000512	0x00	0x00
SPI [1]	result	1.17234508	0.00000512	0x00	0x00
SPI [1]	result	1.17235036	0.00000512	0x00	0xC3
SPI [1]	result	1.17235564	0.00000512	0x00	0x3C
SPI [1]	result	1.17236092	0.00000512	0x00	0xA5
SPI [1]	result	1.17236620	0.00000512	0x00	0x5A
SPI [1]	result	1.17237148	0.00000512	0x00	0x00
SPI [1]	result	1.17237676	0.00000512	0x47	0x00
SPI [1]	result	1.17238204	0.00000512	0x46	0x00
SPI [1]	result	1.17238732	0.00000512	0x58	0x00
SPI [1]	result	1.17239260	0.00000512	0x20	0x00
SPI [1]	result	1.17239788	0.00000512	0x35	0x00
SPI [1]	result	1.17240316	0.00000512	0x30	0x00
SPI [1]	result	1.17240844	0.00000512	0x53	0x00
SPI [1]	result	1.17241372	0.00000512	0x00	0x00
SPI [1]	result	1.17241900	0.00000512	0x00	0x0C
SPI [1]	result	1.17242428	0.00000512	0x00	0x33
SPI [1]	result	1.17242956	0.00000512	0x00	0xCA
SPI [1]	result	1.17243484	0.00000512	0x00	0x55
SPI [1]	result	1.17244012	0.00000512	0x00	0xA0
SPI [1]	result	1.17244540	0.00000512	0x00	0x00
SPI [1]	result	1.17245068	0.00000512	0x00	0x00
SPI [1]	result	1.17245596	0.00000512	0x35	0x00
SPI [1]	result	1.17246124	0.00000512	0x39	0x00
SPI [1]	result	1.17246652	0.00000512	0x33	0x00
SPI [1]	result	1.17247180	0.00000512	0x35	0x00
SPI [1]	result	1.17247708	0.00000512	0x33	0x00
SPI [1]	result	1.17248236	0.00000512	0x33	0x00
SPI [1]	result	1.17248764	0.00000512	0x33	0x00
SPI [1]	result	1.17249292	0.00000512	0x31	0xC3
SPI [1]	result	1.17249820	0.00000512	0x33	0x3C
SPI [1]	result	1.17250348	0.00000512	0x36	0xA5
SPI [1]	result	1.17250876	0.00000512	0x33	0x5A
SPI [1]	result	1.17251404	0.00000512	0x31	0x00
SPI [1]	result	1.17251932	0.00000512	0x31	0x00
SPI [1]	result	1.17252460	0.00000512	0x37	0x00
SPI [1]	result	1.17252988	0.00000512	0x30	0x00
SPI [1]	result	1.17253516	0.00000512	0x32	0x00
SPI [1]	result	1.17254044	0.00000512	0x31	0x00
SPI [1]	result	1.17254572	0.00000512	0x36	0x00
SPI [1]	result	1.17255100	0.00000512	0x37	0x00
SPI [1]	result	1.17255628	0.00000512	0x30	0x00
SPI [1]	result	1.17256156	0.00000512	0x32	0x0C
SPI [1]	result	1.17256684	0.00000512	0x30	0x33
SPI [1]	result	1.17257212	0.00000512	0x31	0xCA
SPI [1]	result	1.17257740	0.00000512	0x30	0x55
SPI [1]	result	1.17258268	0.00000512	0x31	0xA0
SPI [1]	result	1.17258796	0.00000512	0x31	0x00
SPI [1]	result	1.17259324	0.00000512	0x30	0x00
SPI [1]	result	1.17259852	0.00000512	0x36	0x00
SPI [1]	result	1.17260380	0.00000512	0x39	0x00
SPI [1]	result	1.17260908	0.00000512	0x41	0x00
SPI [1]	result	1.17261436	0.00000512	0x04	0x00
SPI [1]	result	1.17261964	0.00000512	0x20	0x00
SPI [1]	result	1.17262492	0.00000512	0x02	0x00
SPI [1]	result	1.17263020	0.00000512	0x16	0x00
SPI [1]	result	1.17263548	0.00000512	0x01	0xC3
SPI [1]	result	1.17264076	0.00000512	0x00	0x3C
SPI [1]	result	1.17264604	0.00000512	0x01	0xA5
SPI [1]	result	1.17265132	0.00000512	0x00	0x5A
SPI [1]	result	1.17265660	0.00000512	0x01	0x00
SPI [1]	result	1.17266188	0.00000512	0x00	0x00
SPI [1]	result	1.17266716	0.00000512	0x00	0x00
SPI [1]	result	1.17267244	0.00000512	0x00	0x00
SPI [1]	result	1.17267772	0.00000512	0x00	0x00
SPI [1]	result	1.17268300	0.00000512	0x00	0x00
SPI [1]	result	1.17268828	0.00000512	0x00	0x00
SPI [1]	result	1.17269356	0.00000512	0x00	0x00
SPI [1]	result	1.17269884	0.00000512	0x00	0x00
SPI [1]	result	1.17270412	0.00000512	0x00	0x0C
SPI [1]	result	1.17270940	0.00000512	0x00	0x33
SPI [1]	result	1.17271468	0.00000512	0x00	0xCA
SPI [1]	result	1.17271996	0.00000512	0x00	0x55
SPI [1]	result	1.17272524	0.00000512	0x00	0xA0
SPI [1]	result	1.17273052	0.00000512	0x00	0x00
SPI [1]	result	1.17273580	0.00000512	0x00	0x00
SPI [1]	result	1.17274108	0.00000512	0x00	0x00
SPI [1]	result	1.17274636	0.00000512	0x00	0x00
SPI [1]	result	1.17275164	0.00000512	0x00	0x00
SPI [1]	result	1.17275692	0.00000512	0x00	0x00
SPI [1]	result	1.17276220	0.00000512	0x00	0x00
SPI [1]	result	1.17276748	0.00000512	0x00	0x00
SPI [1]	result	1.17277276	0.00000512	0x00	0x00
SPI [1]	result	1.17277804	0.00000512	0x00	0xC3
SPI [1]	result	1.17278332	0.00000512	0x00	0x3C
SPI [1]	result	1.17278860	0.00000512	0x00	0xA5
SPI [1]	result	1.17279388	0.00000512	0x00	0x5A
SPI [1]	result	1.17279916	0.00000512	0x00	0x00
SPI [1]	result	1.17280444	0.00000512	0x00	0x00
SPI [1]	result	1.17280972	0.00000512	0x00	0x00
SPI [1]	result	1.17281500	0.00000512	0x00	0x00
SPI [1]	result	1.17282028	0.00000512	0x00	0x00
SPI [1]	result	1.17282556	0.00000512	0x00	0x00
SPI [1]	result	1.17283084	0.00000512	0x00	0x00
SPI [1]	result	1.17283612	0.00000512	0x00	0x00
SPI [1]	result	1.17284140	0.00000512	0x00	0x00
SPI [1]	result	1.17284668	0.00000512	0x00	0x0C
SPI [1]	result	1.17285196	0.00000512	0x00	0x33
SPI [1]	result	1.17285724	0.00000512	0x00	0xCA
SPI [1]	result	1.17286252	0.00000512	0x00	0x55
SPI [1]	result	1.17286780	0.00000512	0x00	0xA0
SPI [1]	result	1.17287308	0.00000512	0x00	0x00
SPI [1]	result	1.17287836	0.00000512	0x00	0x00
SPI [1]	result	1.17288364	0.00000512	0x00	0x00
SPI [1]	result	1.17288892	0.00000512	0x00	0x00
SPI [1]	result	1.17289420	0.00000512	0xED	0x00
SPI [1]	result	1.17602209	0.00000512	0x00	0xC3
SPI [1]	result	1.17602737	0.00000512	0x00	0x3C
SPI [1]	result	1.17603265	0.00000512	0x05	0xA5
SPI [1]	result	1.17603793	0.00000512	0x96	0x5A
SPI [1]	result	1.17683033	0.00000512	0x0D	0xC3
SPI [1]	result	1.17683561	0.00000512	0x10	0x3C
SPI [1]	result	1.17684089	0.00000512	0x80	0xA5
SPI [1]	result	1.17684617	0.00000512	0x0A	0x5A
SPI [1]	result	1.17739802	0.00000512	0x00	0xC3
SPI [1]	result	1.17740330	0.00000512	0x00	0x3C
SPI [1]	result	1.17740858	0.00000512	0x00	0xA5
SPI [1]	result	1.17741386	0.00000512	0x00	0x5A
SPI [1]	result	1.17797346	0.00000512	0x08	0xC3
SPI [1]	result	1.17797874	0.00000512	0x00	0x3C
SPI [1]	result	1.17798402	0.00000512	0x85	0xA5
SPI [1]	result	1.17798930	0.00000512	0xA8	0x5A
SPI [1]	result	1.17856314	0.00000512	0x00	0xC3
SPI [1]	result	1.17856842	0.00000512	0x00	0x3C
SPI [1]	result	1.17857370	0.00000512	0x08	0xA5
SPI [1]	result	1.17857898	0.00000512	0x20	0x5A
SPI [1]	result	1.17962666	0.00000512	0x0E	0xC3
SPI [1]	result	1.17963194	0.00000512	0x10	0x3C
SPI [1]	result	1.17963722	0.00000512	0x80	0xA5
SPI [1]	result	1.17964250	0.00000512	0x12	0x5A
SPI [1]	result	1.17992906	0.00000512	0x00	0xC3
SPI [1]	result	1.17993434	0.00000512	0x00	0x3C
SPI [1]	result	1.17993962	0.00000512	0x00	0xA5
SPI [1]	result	1.17994490	0.00000512	0x00	0x5A
SPI [1]	result	1.18050194	0.00000512	0x08	0xC3
SPI [1]	result	1.18050722	0.00000512	0x00	0x3C
SPI [1]	result	1.18051250	0.00000512	0x88	0xA5
SPI [1]	result	1.18051778	0.00000512	0x32	0x5A
SPI [1]	result	1.18122080	0.00000512	0x00	0xC3
SPI [1]	result	1.18122608	0.00000512	0x00	0x3C
SPI [1]	result	1.18123136	0.00000512	0x0C	0xA5
SPI [1]	result	1.18123664	0.00000512	0x30	0x5A
SPI [1]	result	1.18189530	0.00000512	0x0F	0xC3
SPI [1]	result	1.18190058	0.00000512	0x10	0x3C
SPI [1]	result	1.18190586	0.00000512	0x80	0xA5
SPI [1]	result	1.18191114	0.00000512	0x1A	0x5A
SPI [1]	result	1.18246561	0.00000512	0x00	0xC3
SPI [1]	result	1.18247089	0.00000512	0x00	0x3C
SPI [1]	result	1.18247617	0.00000512	0x0C	0xA5
SPI [1]	result	1.18248145	0.00000512	0x72	0x5A
SPI [1]	result	1.18325788	0.00000512	0x08	0xC3
SPI [1]	result	1.18326316	0.00000512	0x00	0x3C
SPI [1]	result	1.18326844	0.00000512	0x8C	0xA5
SPI [1]	result	1.18327372	0.00000512	0x02	0x5A
SPI [1]	result	1.18385045	0.00000512	0x00	0xC3
SPI [1]	result	1.18385573	0.00000512	0x00	0x3C
SPI [1]	result	1.18386101	0.00000512	0x00	0xA5
SPI [1]	result	1.18386629	0.00000512	0x00	0x5A
SPI [1]	result	1.18448463	0.00000512	0x08	0xC3
SPI [1]	result	1.18448991	0.00000512	0x00	0x3C
SPI [1]	result	1.18449519	0.00000512	0x8C	0xA5
SPI [1]	result	1.18450047	0.00000512	0x44	0x5A
SPI [1]	result	1.21957486	0.00000512	0x00	0xC3
SPI [1]	result	1.21958014	0.00000512	0x00	0x3C
SPI [1]	result	1.21958542	0.00000512	0x08	0xA5
SPI [1]	result	1.21959070	0.00000512	0x20	0x5A
SPI [1]	result	1.22036239	0.00000512	0x09	0xC3
SPI [1]	result	1.22036767	0.00000512	0x10	0x3C
SPI [1]	result	1.22037295	0.00000512	0x80	0xA5
SPI [1]	result	1.22037823	0.00000512	0x2A	0x5A
SPI [1]	result	1.22093604	0.00000512	0x00	0xC3
SPI [1]	result	1.22094132	0.00000512	0x00	0x3C
SPI [1]	result	1.22094660	0.00000512	0x00	0xA5
SPI [1]	result	1.22095188	0.00000512	0x00	0x5A
SPI [1]	result	1.22150144	0.00000512	0x08	0xC3
SPI [1]	result	1.22150672	0.00000512	0x00	0x3C
SPI [1]	result	1.22151200	0.00000512	0x88	0xA5
SPI [1]	result	1.22151728	0.00000512	0x32	0x5A
SPI [1]	result	1.28208806	0.00000512	0x00	0xC3
SPI [1]	result	1.28209334	0.00000512	0x00	0x3C
SPI [1]	result	1.28209862	0.00000512	0x08	0xA5
SPI [1]	result	1.28210390	0.00000512	0x20	0x5A
SPI [1]	result	1.28256510	0.00000512	0x0A	0xC3
SPI [1]	result	1.28257038	0.00000512	0x10	0x3C
SPI [1]	result	1.28257566	0.00000512	0x80	0xA5
SPI [1]	result	1.28258094	0.00000512	0x32	0x5A
SPI [1]	result	1.28284948	0.00000512	0x00	0xC3
SPI [1]	result	1.28285476	0.00000512	0x00	0x3C
SPI [1]	result	1.28286004	0.00000512	0x00	0xA5
SPI [1]	result	1.28286532	0.00000512	0x00	0x5A
SPI [1]	result	1.28312929	0.00000512	0x08	0xC3
SPI [1]	result	1.28313457	0.00000512	0x00	0x3C
SPI [1]	result	1.28313985	0.00000512	0x88	0xA5
SPI [1]	result	1.28314513	0.00000512	0x32	0x5A
SPI [1]	result	1.29695143	0.00000512	0x00	0xC3
SPI [1]	result	1.29695671	0.00000512	0x00	0x3C
SPI [1]	result	1.29696199	0.00000512	0x20	0xA5
SPI [1]	result	1.29696727	0.00000512	0x04	0x5A
SPI [1]	result	1.29744503	0.00000512	0x0B	0xC3
SPI [1]	result	1.29745031	0.00000512	0x10	0x3C
SPI [1]	result	1.29745559	0.00000512	0x80	0xA5
SPI [1]	result	1.29746087	0.00000512	0x3A	0x5A
SPI [1]	result	1.29775191	0.00000512	0x00	0xC3
SPI [1]	result	1.29775719	0.00000512	0x00	0x3C
SPI [1]	result	1.29776247	0.00000512	0x3F	0xA5
SPI [1]	result	1.29776775	0.00000512	0xC6	0x5A
SPI [1]	result	1.29824602	0.00000512	0x0C	0xC3
SPI [1]	result	1.29825130	0.00000512	0x00	0x3C
SPI [1]	result	1.29825658	0.00000512	0xA0	0xA5
SPI [1]	result	1.29826186	0.00000512	0x36	0x5A
SPI [1]	result	1.29854795	0.00000512	0x00	0xC3
SPI [1]	result	1.29855323	0.00000512	0x00	0x3C
SPI [1]	result	1.29855851	0.00000512	0x00	0xA5
SPI [1]	result	1.29856379	0.00000512	0x00	0x5A
SPI [1]	result	1.29969739	0.00000512	0x08	0xC3
SPI [1]	result	1.29970267	0.00000512	0x00	0x3C
SPI [1]	result	1.29970795	0.00000512	0xBF	0xA5
SPI [1]	result	1.29971323	0.00000512	0xD8	0x5A
SPI [1]	result	1.29985540	0.00000512	0x00	0xC3
SPI [1]	result	1.29986068	0.00000512	0x02	0x3C
SPI [1]	result	1.29986596	0.00000512	0x2A	0xA5
SPI [1]	result	1.29987124	0.00000512	0x2E	0x5A
SPI [1]	result	1.30001723	0.00000512	0x0D	0xC3
SPI [1]	result	1.30002251	0.00000512	0x10	0x3C
SPI [1]	result	1.30002779	0.00000512	0x80	0xA5
SPI [1]	result	1.30003307	0.00000512	0x0A	0x5A
SPI [1]	result	1.30029883	0.00000512	0x00	0xC3
SPI [1]	result	1.30030411	0.00000512	0x00	0x3C
SPI [1]	result	1.30030939	0.00000512	0x3F	0xA5
SPI [1]	result	1.30031467	0.00000512	0xC6	0x5A
SPI [1]	result	1.30041286	0.00000512	0x0E	0xC3
SPI [1]	result	1.30041814	0.00000512	0x00	0x3C
SPI [1]	result	1.30042342	0.00000512	0xAA	0xA5
SPI [1]	result	1.30042870	0.00000512	0x2E	0x5A
SPI [1]	result	1.30096984	0.00000512	0x00	0xC3
SPI [1]	result	1.30097512	0.00000512	0x00	0x3C
SPI [1]	result	1.30098040	0.00000512	0x00	0xA5
SPI [1]	result	1.30098568	0.00000512	0x00	0x5A
SPI [1]	result	1.30109949	0.00000512	0x08	0xC3
SPI [1]	result	1.30110477	0.00000512	0x00	0x3C
SPI [1]	result	1.30111005	0.00000512	0xBF	0xA5
SPI [1]	result	1.30111533	0.00000512	0xD8	0x5A
SPI [1]	result	1.32204956	0.00000512	0x00	0xC3
SPI [1]	result	1.32205484	0.00000512	0x00	0x3C
SPI [1]	result	1.32206012	0.00000512	0x08	0xA5
SPI [1]	result	1.32206540	0.00000512	0x20	0x5A
SPI [1]	result	1.32252894	0.00000512	0x0F	0xC3
SPI [1]	result	1.32253422	0.00000512	0x10	0x3C
SPI [1]	result	1.32253950	0.00000512	0x80	0xA5
SPI [1]	result	1.32254478	0.00000512	0x1A	0x5A
SPI [1]	result	1.32281600	0.00000512	0x00	0xC3
SPI [1]	result	1.32282128	0.00000512	0x00	0x3C
SPI [1]	result	1.32282656	0.00000512	0x00	0xA5
SPI [1]	result	1.32283184	0.00000512	0x00	0x5A
SPI [1]	result	1.32309095	0.00000512	0x08	0xC3
SPI [1]	result	1.32309623	0.00000512	0x00	0x3C
SPI [1]	result	1.32310151	0.00000512	0x88	0xA5
SPI [1]	result	1.32310679	0.00000512	0x32	0x5A
SPI [1]	result	1.32338792	0.00000512	0x00	0xC3
SPI [1]	result	1.32339320	0.00000512	0x00	0x3C
SPI [1]	result	1.32339848	0.00000512	0x0C	0xA5
SPI [1]	result	1.32340376	0.00000512	0xB2	0x5A
SPI [1]	result	1.32386105	0.00000512	0x08	0xC3
SPI [1]	result	1.32386633	0.00000512	0x10	0x3C
SPI [1]	result	1.32387161	0.00000512	0x80	0xA5
SPI [1]	result	1.32387689	0.00000512	0x22	0x5A
SPI [1]	result	1.32414604	0.00000512	0x00	0xC3
SPI [1]	result	1.32415132	0.00000512	0x00	0x3C
SPI [1]	result	1.32415660	0.00000512	0x0C	0xA5
SPI [1]	result	1.32416188	0.00000512	0x30	0x5A
SPI [1]	result	1.32460292	0.00000512	0x09	0xC3
SPI [1]	result	1.32460820	0.00000512	0x00	0x3C
SPI [1]	result	1.32461348	0.00000512	0x8C	0xA5
SPI [1]	result	1.32461876	0.00000512	0x8C	0x5A
SPI [1]	result	1.32489498	0.00000512	0x00	0xC3
SPI [1]	result	1.32490026	0.00000512	0x00	0x3C
SPI [1]	result	1.32490554	0.00000512	0x00	0xA5
SPI [1]	result	1.32491082	0.00000512	0x00	0x5A
SPI [1]	result	1.32518628	0.00000512	0x08	0xC3
SPI [1]	result	1.32519156	0.00000512	0x00	0x3C
SPI [1]	result	1.32519684	0.00000512	0x8C	0xA5
SPI [1]	result	1.32520212	0.00000512	0x02	0x5A
SPI [1]	result	1.36534479	0.00000512	0x00	0xC3
SPI [1]	result	1.36535007	0.00000512	0x00	0x3C
SPI [1]	result	1.36535535	0.00000512	0x08	0xA5
SPI [1]	result	1.36536063	0.00000512	0x20	0x5A
SPI [1]	result	1.36583968	0.00000512	0xA5	0xC3
SPI [1]	result	1.36584496	0.00000512	0x5A	0x3C
SPI [1]	result	1.36585024	0.00000512	0x3C	0xA5
SPI [1]	result	1.36585552	0.00000512	0xC3	0x5A
SPI [1]	result	1.36627324	0.00000512	0x80	0xA5
SPI [1]	result	1.36627852	0.00000512	0x20	0x5A
SPI [1]	result	1.36628380	0.00000512	0x28	0x3C
SPI [1]	result	1.36628908	0.00000512	0x24	0xC3
SPI [1]	result	1.36671110	0.00000512	0x08	0x08
SPI [1]	result	1.36671638	0.00000512	0x10	0x10
SPI [1]	result	1.36672166	0.00000512	0x80	0xA8
SPI [1]	result	1.36672694	0.00000512	0x22	0x06
SPI [1]	result	1.36713567	0.00000512	0x00	0x08
SPI [1]	result	1.36714095	0.00000512	0x00	0x00
SPI [1]	result	1.36714623	0.00000512	0x00	0xA8
SPI [1]	result	1.36715151	0.00000512	0x00	0x36
SPI [1]	result	1.36772934	0.00000512	0x00	0x00
SPI [1]	result	1.36773462	0.00000512	0x00	0xF3
SPI [1]	result	1.36773990	0.00000512	0x00	0x03
SPI [1]	result	1.36774518	0.00000512	0x00	0xE8
SPI [1]	result	1.36822673	0.00000512	0x00	0xC3
SPI [1]	result	1.36823201	0.00000512	0x00	0x3C
SPI [1]	result	1.36823729	0.00000512	0x3F	0xA5
SPI [1]	result	1.36824257	0.00000512	0xC6	0x5A
SPI [1]	result	1.36908331	0.00000512	0x08	0xC3
SPI [1]	result	1.36908859	0.00000512	0x10	0x3C
SPI [1]	result	1.36909387	0.00000512	0x80	0xA5
SPI [1]	result	1.36909915	0.00000512	0x22	0x5A
SPI [1]	result	1.37243582	0.00000512	0x00	0xC3
SPI [1]	result	1.37244110	0.00000512	0x00	0x3C
SPI [1]	result	1.37244638	0.00000512	0x00	0xA5
SPI [1]	result	1.37245166	0.00000512	0x00	0x5A
SPI [1]	result	1.37328392	0.00000512	0x08	0xC3
SPI [1]	result	1.37328920	0.00000512	0x00	0x3C
SPI [1]	result	1.37329448	0.00000512	0xBF	0xA5
SPI [1]	result	1.37329976	0.00000512	0xD8	0x5A
SPI [1]	result	1.37591463	0.00000512	0xB8	0xC3
SPI [1]	result	1.37591991	0.00000512	0x01	0x3C
SPI [1]	result	1.37592519	0.00000512	0x06	0xA5
SPI [1]	result	1.37593047	0.00000512	0x26	0x5A
SPI [1]	result	1.37663133	0.00000512	0x09	0xC3
SPI [1]	result	1.37663661	0.00000512	0x10	0x3C
SPI [1]	result	1.37664189	0.00000512	0x80	0xA5
SPI [1]	result	1.37664717	0.00000512	0x2A	0x5A
SPI [1]	result	1.37721136	0.00000512	0x00	0xC3
SPI [1]	result	1.37721664	0.00000512	0x00	0x3C
SPI [1]	result	1.37722192	0.00000512	0x05	0xA5
SPI [1]	result	1.37722720	0.00000512	0x14	0x5A
SPI [1]	result	1.37799726	0.00000512	0x0A	0xC3
SPI [1]	result	1.37800254	0.00000512	0x00	0x3C
SPI [1]	result	1.37800782	0.00000512	0x86	0xA5
SPI [1]	result	1.37801310	0.00000512	0x3A	0x5A
SPI [1]	result	1.37858528	0.00000512	0x00	0xC3
SPI [1]	result	1.37859056	0.00000512	0x00	0x3C
SPI [1]	result	1.37859584	0.00000512	0x00	0xA5
SPI [1]	result	1.37860112	0.00000512	0x00	0x5A
SPI [1]	result	1.37914733	0.00000512	0x08	0xC3
SPI [1]	result	1.37915261	0.00000512	0x00	0x3C
SPI [1]	result	1.37915789	0.00000512	0x85	0xA5
SPI [1]	result	1.37916317	0.00000512	0x26	0x5A
SPI [1]	result	1.38223935	0.00000512	0xFF	0xC3
SPI [1]	result	1.38224463	0.00000512	0xFF	0x3C
SPI [1]	result	1.38224991	0.00000512	0x00	0xA5
SPI [1]	result	1.38225519	0.00000512	0x00	0x5A
SPI [1]	result	1.38226047	0.00000512	0x00	0x00
SPI [1]	result	1.38226575	0.00000512	0x00	0x00
SPI [1]	result	1.38227103	0.00000512	0x00	0x00
SPI [1]	result	1.38227631	0.00000512	0x00	0x00
SPI [1]	result	1.38228159	0.00000512	0x00	0x00
SPI [1]	result	1.38228687	0.00000512	0x00	0x00
SPI [1]	result	1.38229215	0.00000512	0x00	0x00
SPI [1]	result	1.38229743	0.00000512	0x00	0x00
SPI [1]	result	1.38230271	0.00000512	0x00	0x00
SPI [1]	result	1.38230799	0.00000512	0x00	0x0C
SPI [1]	result	1.38231327	0.00000512	0x00	0x33
SPI [1]	result	1.38231855	0.00000512	0x00	0xCA
SPI [1]	result	1.38232383	0.00000512	0x00	0x55
SPI [1]	result	1.38232911	0.00000512	0x00	0xA0
SPI [1]	result	1.38233439	0.00000512	0x00	0x00
SPI [1]	result	1.38233967	0.00000512	0x00	0x00
SPI [1]	result	1.38234495	0.00000512	0x00	0x00
SPI [1]	result	1.38235023	0.00000512	0x00	0x00
SPI [1]	result	1.38235551	0.00000512	0x00	0x00
SPI [1]	result	1.38236079	0.00000512	0x00	0x00
SPI [1]	result	1.38236607	0.00000512	0x00	0x00
SPI [1]	result	1.38237135	0.00000512	0x00	0x00
SPI [1]	result	1.38237663	0.00000512	0x00	0x00
SPI [1]	result	1.38238191	0.00000512	0x00	0xC3
SPI [1]	result	1.38238719	0.00000512	0x00	0x3C
SPI [1]	result	1.38239247	0.00000512	0x00	0xA5
SPI [1]	result	1.38239775	0.00000512	0x00	0x5A
SPI [1]	result	1.38240303	0.00000512	0x00	0x00
SPI [1]	result	1.38240831	0.00000512	0x00	0x00
SPI [1]	result	1.38241359	0.00000512	0x00	0x00
SPI [1]	result	1.38241887	0.00000512	0x00	0x00
SPI [1]	result	1.38242415	0.00000512	0x00	0x00
SPI [1]	result	1.38242943	0.00000512	0x00	0x00
SPI [1]	result	1.38243471	0.00000512	0x00	0x00
SPI [1]	result	1.38243999	0.00000512	0x00	0x00
SPI [1]	result	1.38244527	0.00000512	0x00	0x00
SPI [1]	result	1.38245055	0.00000512	0x00	0x0C
SPI [1]	result	1.38245583	0.00000512	0x00	0x33
SPI [1]	result	1.38246111	0.00000512	0x00	0xCA
SPI [1]	result	1.38246639	0.00000512	0x00	0x55
SPI [1]	result	1.38247167	0.00000512	0x00	0xA0
SPI [1]	result	1.38247695	0.00000512	0x00	0x00
SPI [1]	result	1.38248223	0.00000512	0x00	0x00
SPI [1]	result	1.38248751	0.00000512	0x00	0x00
SPI [1]	result	1.38249279	0.00000512	0x00	0x00
SPI [1]	result	1.38249807	0.00000512	0x00	0x00
SPI [1]	result	1.38250335	0.00000512	0x00	0x00
SPI [1]	result	1.38250863	0.00000512	0x00	0x00
SPI [1]	result	1.38251391	0.00000512	0x00	0x00
SPI [1]	result	1.38251919	0.00000512	0x00	0x00
SPI [1]	result	1.38252447	0.00000512	0x00	0xC3
SPI [1]	result	1.38252975	0.00000512	0x00	0x3C
SPI [1]	result	1.38253503	0.00000512	0x00	0xA5
SPI [1]	result	1.38254031	0.00000512	0x00	0x5A
SPI [1]	result	1.38254559	0.00000512	0x00	0x00
SPI [1]	result	1.38255087	0.00000512	0x00	0x00
SPI [1]	result	1.38255615	0.00000512	0x00	0x00
SPI [1]	result	1.38256143	0.00000512	0x00	0x00
SPI [1]	result	1.38256671	0.00000512	0x00	0x00
SPI [1]	result	1.38257199	0.00000512	0x00	0x00
SPI [1]	result	1.38257727	0.00000512	0x00	0x00
SPI [1]	result	1.38258255	0.00000512	0x00	0x00
SPI [1]	result	1.38258783	0.00000512	0x00	0x00
SPI [1]	result	1.38259311	0.00000512	0x00	0x0C
SPI [1]	result	1.38259839	0.00000512	0x00	0x33
SPI [1]	result	1.38260367	0.00000512	0x00	0xCA
SPI [1]	result	1.38260895	0.00000512	0x00	0x55
SPI [1]	result	1.38261423	0.00000512	0x00	0xA0
SPI [1]	result	1.38261951	0.00000512	0x00	0x00
SPI [1]	result	1.38262479	0.00000512	0x00	0x00
SPI [1]	result	1.38263007	0.00000512	0x00	0x00
SPI [1]	result	1.38263535	0.00000512	0x00	0x00
SPI [1]	result	1.38264063	0.00000512	0x00	0x00
SPI [1]	result	1.38264591	0.00000512	0x00	0x00
SPI [1]	result	1.38265119	0.00000512	0x00	0x00
SPI [1]	result	1.38265647	0.00000512	0x00	0x00
SPI [1]	result	1.38266175	0.00000512	0x00	0x00
SPI [1]	result	1.38266703	0.00000512	0x00	0xC3
SPI [1]	result	1.38267231	0.00000512	0x00	0x3C
SPI [1]	result	1.38267759	0.00000512	0x00	0xA5
SPI [1]	result	1.38268287	0.00000512	0x00	0x5A
SPI [1]	result	1.38268815	0.00000512	0x00	0x00
SPI [1]	result	1.38269343	0.00000512	0x00	0x00
SPI [1]	result	1.38269871	0.00000512	0x00	0x00
SPI [1]	result	1.38270399	0.00000512	0x00	0x00
SPI [1]	result	1.38270927	0.00000512	0x00	0x00
SPI [1]	result	1.38271455	0.00000512	0x00	0x00
SPI [1]	result	1.38271983	0.00000512	0x00	0x00
SPI [1]	result	1.38272511	0.00000512	0x00	0x00
SPI [1]	result	1.38273039	0.00000512	0x00	0x00
SPI [1]	result	1.38273567	0.00000512	0x00	0x0C
SPI [1]	result	1.38274095	0.00000512	0x00	0x33
SPI [1]	result	1.38274623	0.00000512	0x00	0xCA
SPI [1]	result	1.38275151	0.00000512	0x00	0x55
SPI [1]	result	1.38275679	0.00000512	0x00	0xA0
SPI [1]	result	1.38276207	0.00000512	0x00	0x00
SPI [1]	result	1.38276735	0.00000512	0x00	0x00
SPI [1]	result	1.38277263	0.00000512	0x00	0x00
SPI [1]	result	1.38277791	0.00000512	0x00	0x00
SPI [1]	result	1.38278319	0.00000512	0x00	0x00
SPI [1]	result	1.38278847	0.00000512	0x00	0x00
SPI [1]	result	1.38279375	0.00000512	0x00	0x00
SPI [1]	result	1.38279903	0.00000512	0x00	0x00
SPI [1]	result	1.38280431	0.00000512	0x00	0x00
SPI [1]	result	1.38280959	0.00000512	0x00	0xC3
SPI [1]	result	1.38281487	0.00000512	0x00	0x3C
SPI [1]	result	1.38282015	0.00000512	0x00	0xA5
SPI [1]	result	1.38282543	0.00000512	0x00	0x5A
SPI [1]	result	1.38283071	0.00000512	0x00	0x00
SPI [1]	result	1.38283599	0.00000512	0x00	0x00
SPI [1]	result	1.38284127	0.00000512	0x00	0x00
SPI [1]	result	1.38284655	0.00000512	0x00	0x00
SPI [1]	result	1.38285183	0.00000512	0x00	0x00
SPI [1]	result	1.38285711	0.00000512	0x00	0x00
SPI [1]	result	1.38286239	0.00000512	0x00	0x00
SPI [1]	result	1.38286767	0.00000512	0x00	0x00
SPI [1]	result	1.38287295	0.00000512	0x00	0x00
SPI [1]	result	1.38287823	0.00000512	0x00	0x0C
SPI [1]	result	1.38288351	0.00000512	0x00	0x33
SPI [1]	result	1.38288879	0.00000512	0x00	0xCA
SPI [1]	result	1.38289407	0.00000512	0x00	0x55
SPI [1]	result	1.38289935	0.00000512	0x00	0xA0
SPI [1]	result	1.38290463	0.00000512	0x00	0x00
SPI [1]	result	1.38290991	0.00000512	0x00	0x00
SPI [1]	result	1.38291519	0.00000512	0x00	0x00
SPI [1]	result	1.38292047	0.00000512	0x00	0x00
SPI [1]	result	1.38292575	0.00000512	0x5A	0x00
SPI [1]	result	1.38605610	0.00000512	0xFF	0xC3
SPI [1]	result	1.38606138	0.00000512	0x00	0x3C
SPI [1]	result	1.38606666	0.00000512	0x00	0xA5
SPI [1]	result	1.38607194	0.00000512	0x00	0x5A
SPI [1]	result	1.38607722	0.00000512	0x00	0x00
SPI [1]	result	1.38608250	0.00000512	0x00	0x00
SPI [1]	result	1.38608778	0.00000512	0x00	0x00
SPI [1]	result	1.38609306	0.00000512	0x00	0x00
SPI [1]	result	1.38609834	0.00000512	0x00	0x00
SPI [1]	result	1.38610362	0.00000512	0x00	0x00
SPI [1]	result	1.38610890	0.00000512	0x00	0x00
SPI [1]	result	1.38611418	0.00000512	0x00	0x00
SPI [1]	result	1.38611946	0.00000512	0x00	0x00
SPI [1]	result	1.38612474	0.00000512	0x00	0x0C
SPI [1]	result	1.38613002	0.00000512	0x00	0x33
SPI [1]	result	1.38613530	0.00000512	0x00	0xCA
SPI [1]	result	1.38614058	0.00000512	0x00	0x55
SPI [1]	result	1.38614586	0.00000512	0x00	0xA0
SPI [1]	result	1.38615114	0.00000512	0x00	0x00
SPI [1]	result	1.38615642	0.00000512	0x00	0x00
SPI [1]	result	1.38616170	0.00000512	0x00	0x00
SPI [1]	result	1.38616698	0.00000512	0x00	0x00
SPI [1]	result	1.38617226	0.00000512	0x00	0x00
SPI [1]	result	1.38617754	0.00000512	0x00	0x00
SPI [1]	result	1.38618282	0.00000512	0x00	0x00
SPI [1]	result	1.38618810	0.00000512	0x00	0x00
SPI [1]	result	1.38619338	0.00000512	0x00	0x00
SPI [1]	result	1.38619866	0.00000512	0x00	0xC3
SPI [1]	result	1.38620394	0.00000512	0x00	0x3C
SPI [1]	result	1.38620922	0.00000512	0x00	0xA5
SPI [1]	result	1.38621450	0.00000512	0x00	0x5A
SPI [1]	result	1.38621978	0.00000512	0x00	0x00
SPI [1]	result	1.38622506	0.00000512	0x00	0x00
SPI [1]	result	1.38623034	0.00000512	0x00	0x00
SPI [1]	result	1.38623562	0.00000512	0x00	0x00
SPI [1]	result	1.38624090	0.00000512	0x00	0x00
SPI [1]	result	1.38624618	0.00000512	0x00	0x00
SPI [1]	result	1.38625146	0.00000512	0x00	0x00
SPI [1]	result	1.38625674	0.00000512	0x00	0x00
SPI [1]	result	1.38626202	0.00000512	0x00	0x00
SPI [1]	result	1.38626730	0.00000512	0x00	0x0C
SPI [1]	result	1.38627258	0.00000512	0x00	0x33
SPI [1]	result	1.38627786	0.00000512	0x00	0xCA
SPI [1]	result	1.38628314	0.00000512	0x00	0x55
SPI [1]	result	1.38628842	0.00000512	0x00	0xA0
SPI [1]	result	1.38629370	0.00000512	0x00	0x00
SPI [1]	result	1.38629898	0.00000512	0x00	0x00
SPI [1]	result	1.38630426	0.00000512	0x00	0x00
SPI [1]	result	1.38630954	0.00000512	0x00	0x00
SPI [1]	result	1.38631482	0.00000512	0x00	0x00
SPI [1]	result	1.38632010	0.00000512	0x00	0x00
SPI [1]	result	1.38632538	0.00000512	0x00	0x00
SPI [1]	result	1.38633066	0.00000512	0x00	0x00
SPI [1]	result	1.38633594	0.00000512	0x00	0x00
SPI [1]	result	1.38634122	0.00000512	0x00	0xC3
SPI [1]	result	1.38634650	0.00000512	0x00	0x3C
SPI [1]	result	1.38635178	0.00000512	0x00	0xA5
SPI [1]	result	1.38635706	0.00000512	0x00	0x5A
SPI [1]	result	1.38636234	0.00000512	0x00	0x00
SPI [1]	result	1.38636762	0.00000512	0x00	0x00
SPI [1]	result	1.38637290	0.00000512	0x00	0x00
SPI [1]	result	1.38637818	0.00000512	0x00	0x00
SPI [1]	result	1.38638346	0.00000512	0x00	0x00
SPI [1]	result	1.38638874	0.00000512	0x00	0x00
SPI [1]	result	1.38639402	0.00000512	0x00	0x00
SPI [1]	result	1.38639930	0.00000512	0x00	0x00
SPI [1]	result	1.38640458	0.00000512	0x00	0x00
SPI [1]	result	1.38640986	0.00000512	0x00	0x0C
SPI [1]	result	1.38641514	0.00000512	0x00	0x33
SPI [1]	result	1.38642042	0.00000512	0x00	0xCA
SPI [1]	result	1.38642570	0.00000512	0x00	0x55
SPI [1]	result	1.38643098	0.00000512	0x00	0xA0
SPI [1]	result	1.38643626	0.00000512	0x00	0x00
SPI [1]	result	1.38644154	0.00000512	0x00	0x00
SPI [1]	result	1.38644682	0.00000512	0x00	0x00
SPI [1]	result	1.38645210	0.00000512	0x00	0x00
SPI [1]	result	1.38645738	0.00000512	0x00	0x00
SPI [1]	result	1.38646266	0.00000512	0x00	0x00
SPI [1]	result	1.38646794	0.00000512	0x00	0x00
SPI [1]	result	1.38647322	0.00000512	0x00	0x00
SPI [1]	result	1.38647850	0.00000512	0x00	0x00
SPI [1]	result	1.38648378	0.00000512	0x00	0xC3
SPI [1]	result	1.38648906	0.00000512	0x00	0x3C
SPI [1]	result	1.38649434	0.00000512	0x00	0xA5
SPI [1]	result	1.38649962	0.00000512	0x00	0x5A
SPI [1]	result	1.38650490	0.00000512	0x00	0x00
SPI [1]	result	1.38651018	0.00000512	0x00	0x00
SPI [1]	result	1.38651546	0.00000512	0x00	0x00
SPI [1]	result	1.38652074	0.00000512	0x00	0x00
SPI [1]	result	1.38652602	0.00000512	0x00	0x00
SPI [1]	result	1.38653130	0.00000512	0x00	0x00
SPI [1]	result	1.38653658	0.00000512	0x00	0x00
SPI [1]	result	1.38654186	0.00000512	0x00	0x00
SPI [1]	result	1.38654714	0.00000512	0x00	0x00
SPI [1]	result	1.38655242	0.00000512	0x00	0x0C
SPI [1]	result	1.38655770	0.00000512	0x00	0x33
SPI [1]	result	1.38656298	0.00000512	0x00	0xCA
SPI [1]	result	1.38656826	0.00000512	0x00	0x55
SPI [1]	result	1.38657354	0.00000512	0x00	0xA0
SPI [1]	result	1.38657882	0.00000512	0x00	0x00
SPI [1]	result	1.38658410	0.00000512	0x00	0x00
SPI [1]	result	1.38658938	0.00000512	0x00	0x00
SPI [1]	result	1.38659466	0.00000512	0x00	0x00
SPI [1]	result	1.38659994	0.00000512	0x00	0x00
SPI [1]	result	1.38660522	0.00000512	0x00	0x00
SPI [1]	result	1.38661050	0.00000512	0x00	0x00
SPI [1]	result	1.38661578	0.00000512	0x00	0x00
SPI [1]	result	1.38662106	0.00000512	0x00	0x00
SPI [1]	result	1.38662634	0.00000512	0x00	0xC3
SPI [1]	result	1.38663162	0.00000512	0x00	0x3C
SPI [1]	result	1.38663690	0.00000512	0x00	0xA5
SPI [1]	result	1.38664218	0.00000512	0x00	0x5A
SPI [1]	result	1.38664746	0.00000512	0x00	0x00
SPI [1]	result	1.38665274	0.00000512	0x00	0x00
SPI [1]	result	1.38665802	0.00000512	0x00	0x00
SPI [1]	result	1.38666330	0.00000512	0x00	0x00
SPI [1]	result	1.38666858	0.00000512	0x00	0x00
SPI [1]	result	1.38667386	0.00000512	0x00	0x00
SPI [1]	result	1.38667914	0.00000512	0x00	0x00
SPI [1]	result	1.38668442	0.00000512	0x00	0x00
SPI [1]	result	1.38668970	0.00000512	0x00	0x00
SPI [1]	result	1.38669498	0.00000512	0x00	0x0C
SPI [1]	result	1.38670026	0.00000512	0x00	0x33
SPI [1]	result	1.38670554	0.00000512	0x00	0xCA
SPI [1]	result	1.38671082	0.00000512	0x00	0x55
SPI [1]	result	1.38671610	0.00000512	0x00	0xA0
SPI [1]	result	1.38672138	0.00000512	0x00	0x00
SPI [1]	result	1.38672666	0.00000512	0x00	0x00
SPI [1]	result	1.38673194	0.00000512	0x00	0x00
SPI [1]	result	1.38673722	0.00000512	0x00	0x00
SPI [1]	result	1.38674250	0.00000512	0x5A	0x00
SPI [1]	result	1.38989324	0.00000512	0xB8	0xC3
SPI [1]	result	1.38989852	0.00000512	0x01	0x3C
SPI [1]	result	1.38990380	0.00000512	0x06	0xA5
SPI [1]	result	1.38990908	0.00000512	0x26	0x5A
SPI [1]	result	1.39069345	0.00000512	0x0B	0xC3
SPI [1]	result	1.39069873	0.00000512	0x10	0x3C
SPI [1]	result	1.39070401	0.00000512	0x80	0xA5
SPI [1]	result	1.39070929	0.00000512	0x3A	0x5A
SPI [1]	result	1.39125902	0.00000512	0x00	0x00
SPI [1]	result	1.39126430	0.00000512	0x00	0x00
SPI [1]	result	1.39126958	0.00000512	0x05	0x30
SPI [1]	result	1.39127486	0.00000512	0x56	0xCF
SPI [1]	result	1.39204951	0.00000512	0x0C	0x29
SPI [1]	result	1.39205479	0.00000512	0x00	0x56
SPI [1]	result	1.39206007	0.00000512	0x86	0x80
SPI [1]	result	1.39206535	0.00000512	0x0A	0x00
SPI [1]	result	1.39263347	0.00000512	0x00	0xC3
SPI [1]	result	1.39263875	0.00000512	0x00	0x3C
SPI [1]	result	1.39264403	0.00000512	0x00	0xA5
SPI [1]	result	1.39264931	0.00000512	0x00	0x5A
SPI [1]	result	1.39320842	0.00000512	0x08	0xC3
SPI [1]	result	1.39321370	0.00000512	0x00	0x3C
SPI [1]	result	1.39321898	0.00000512	0x85	0xA5
SPI [1]	result	1.39322426	0.00000512	0x68	0x5A
SPI [1]	result	1.39630725	0.00000512	0x00	0xC3
SPI [1]	result	1.39631253	0.00000512	0x00	0x3C
SPI [1]	result	1.39631781	0.00000512	0x53	0xA5
SPI [1]	result	1.39632309	0.00000512	0x50	0x5A
SPI [1]	result	1.39632837	0.00000512	0x58	0x00
SPI [1]	result	1.39633365	0.00000512	0x31	0x00
SPI [1]	result	1.39633893	0.00000512	0x00	0x00
SPI [1]	result	1.39634421	0.00000512	0x00	0x00
SPI [1]	result	1.39634949	0.00000512	0x00	0x00
SPI [1]	result	1.39635477	0.00000512	0x00	0x00
SPI [1]	result	1.39636005	0.00000512	0x00	0x00
SPI [1]	result	1.39636533	0.00000512	0x00	0x00
SPI [1]	result	1.39637061	0.00000512	0x47	0x00
SPI [1]	result	1.39637589	0.00000512	0x46	0x0C
SPI [1]	result	1.39638117	0.00000512	0x58	0x33
SPI [1]	result	1.39638645	0.00000512	0x20	0xCA
SPI [1]	result	1.39639173	0.00000512	0x35	0x55
SPI [1]	result	1.39639701	0.00000512	0x30	0xA0
SPI [1]	result	1.39640229	0.00000512	0x53	0x00
SPI [1]	result	1.39640757	0.00000512	0x00	0x00
SPI [1]	result	1.39641285	0.00000512	0x00	0x00
SPI [1]	result	1.39641813	0.00000512	0x00	0x00
SPI [1]	result	1.39642341	0.00000512	0x00	0x00
SPI [1]	result	1.39642869	0.00000512	0x00	0x00
SPI [1]	result	1.39643397	0.00000512	0x00	0x00
SPI [1]	result	1.39643925	0.00000512	0x00	0x00
SPI [1]	result	1.39644453	0.00000512	0x00	0x00
SPI [1]	result	1.39644981	0.00000512	0x00	0xC3
SPI [1]	result	1.39645509	0.00000512	0x00	0x3C
SPI [1]	result	1.39646037	0.00000512	0x00	0xA5
SPI [1]	result	1.39646565	0.00000512	0x00	0x5A
SPI [1]	result	1.39647093	0.00000512	0x00	0x00
SPI [1]	result	1.39647621	0.00000512	0x47	0x00
SPI [1]	result	1.39648149	0.00000512	0x46	0x00
SPI [1]	result	1.39648677	0.00000512	0x58	0x00
SPI [1]	result	1.39649205	0.00000512	0x20	0x00
SPI [1]	result	1.39649733	0.00000512	0x35	0x00
SPI [1]	result	1.39650261	0.00000512	0x30	0x00
SPI [1]	result	1.39650789	0.00000512	0x53	0x00
SPI [1]	result	1.39651317	0.00000512	0x00	0x00
SPI [1]	result	1.39651845	0.00000512	0x00	0x0C
SPI [1]	result	1.39652373	0.00000512	0x00	0x33
SPI [1]	result	1.39652901	0.00000512	0x00	0xCA
SPI [1]	result	1.39653429	0.00000512	0x00	0x55
SPI [1]	result	1.39653957	0.00000512	0x00	0xA0
SPI [1]	result	1.39654485	0.00000512	0x00	0x00
SPI [1]	result	1.39655013	0.00000512	0x00	0x00
SPI [1]	result	1.39655541	0.00000512	0x35	0x00
SPI [1]	result	1.39656069	0.00000512	0x39	0x00
SPI [1]	result	1.39656597	0.00000512	0x33	0x00
SPI [1]	result	1.39657125	0.00000512	0x35	0x00
SPI [1]	result	1.39657653	0.00000512	0x33	0x00
SPI [1]	result	1.39658181	0.00000512	0x33	0x00
SPI [1]	result	1.39658709	0.00000512	0x33	0x00
SPI [1]	result	1.39659237	0.00000512	0x31	0xC3
SPI [1]	result	1.39659765	0.00000512	0x33	0x3C
SPI [1]	result	1.39660293	0.00000512	0x36	0xA5
SPI [1]	result	1.39660821	0.00000512	0x33	0x5A
SPI [1]	result	1.39661349	0.00000512	0x31	0x00
SPI [1]	result	1.39661877	0.00000512	0x31	0x00
SPI [1]	result	1.39662405	0.00000512	0x37	0x00
SPI [1]	result	1.39662933	0.00000512	0x30	0x00
SPI [1]	result	1.39663461	0.00000512	0x32	0x00
SPI [1]	result	1.39663989	0.00000512	0x31	0x00
SPI [1]	result	1.39664517	0.00000512	0x36	0x00
SPI [1]	result	1.39665045	0.00000512	0x37	0x00
SPI [1]	result	1.39665573	0.00000512	0x30	0x00
SPI [1]	result	1.39666101	0.00000512	0x32	0x0C
SPI [1]	result	1.39666629	0.00000512	0x30	0x33
SPI [1]	result	1.39667157	0.00000512	0x31	0xCA
SPI [1]	result	1.39667685	0.00000512	0x30	0x55
SPI [1]	result	1.39668213	0.00000512	0x31	0xA0
SPI [1]	result	1.39668741	0.00000512	0x31	0x00
SPI [1]	result	1.39669269	0.00000512	0x30	0x00
SPI [1]	result	1.39669797	0.00000512	0x36	0x00
SPI [1]	result	1.39670325	0.00000512	0x39	0x00
SPI [1]	result	1.39670853	0.00000512	0x41	0x00
SPI [1]	result	1.39671381	0.00000512	0x04	0x00
SPI [1]	result	1.39671909	0.00000512	0x20	0x00
SPI [1]	result	1.39672437	0.00000512	0x02	0x00
SPI [1]	result	1.39672965	0.00000512	0x16	0x00
SPI [1]	result	1.39673493	0.00000512	0x01	0xC3
SPI [1]	result	1.39674021	0.00000512	0x00	0x3C
SPI [1]	result	1.39674549	0.00000512	0x01	0xA5
SPI [1]	result	1.39675077	0.00000512	0x00	0x5A
SPI [1]	result	1.39675605	0.00000512	0x01	0x00
SPI [1]	result	1.39676133	0.00000512	0x00	0x00
SPI [1]	result	1.39676661	0.00000512	0x00	0x00
SPI [1]	result	1.39677189	0.00000512	0x00	0x00
SPI [1]	result	1.39677717	0.00000512	0x00	0x00
SPI [1]	result	1.39678245	0.00000512	0x00	0x00
SPI [1]	result	1.39678773	0.00000512	0x00	0x00
SPI [1]	result	1.39679301	0.00000512	0x00	0x00
SPI [1]	result	1.39679829	0.00000512	0x00	0x00
SPI [1]	result	1.39680357	0.00000512	0x00	0x0C
SPI [1]	result	1.39680885	0.00000512	0x00	0x33
SPI [1]	result	1.39681413	0.00000512	0x00	0xCA
SPI [1]	result	1.39681941	0.00000512	0x00	0x55
SPI [1]	result	1.39682469	0.00000512	0x00	0xA0
SPI [1]	result	1.39682997	0.00000512	0x00	0x00
SPI [1]	result	1.39683525	0.00000512	0x00	0x00
SPI [1]	result	1.39684053	0.00000512	0x00	0x00
SPI [1]	result	1.39684581	0.00000512	0x00	0x00
SPI [1]	result	1.39685109	0.00000512	0x00	0x00
SPI [1]	result	1.39685637	0.00000512	0x00	0x00
SPI [1]	result	1.39686165	0.00000512	0x00	0x00
SPI [1]	result	1.39686693	0.00000512	0x00	0x00
SPI [1]	result	1.39687221	0.00000512	0x00	0x00
SPI [1]	result	1.39687749	0.00000512	0x00	0xC3
SPI [1]	result	1.39688277	0.00000512	0x00	0x3C
SPI [1]	result	1.39688805	0.00000512	0x00	0xA5
SPI [1]	result	1.39689333	0.00000512	0x00	0x5A
SPI [1]	result	1.39689861	0.00000512	0x00	0x00
SPI [1]	result	1.39690389	0.00000512	0x00	0x00
SPI [1]	result	1.39690917	0.00000512	0x00	0x00
SPI [1]	result	1.39691445	0.00000512	0x00	0x00
SPI [1]	result	1.39691973	0.00000512	0x00	0x00
SPI [1]	result	1.39692501	0.00000512	0x00	0x00
SPI [1]	result	1.39693029	0.00000512	0x00	0x00
SPI [1]	result	1.39693557	0.00000512	0x00	0x00
SPI [1]	result	1.39694085	0.00000512	0x00	0x00
SPI [1]	result	1.39694613	0.00000512	0x00	0x0C
SPI [1]	result	1.39695141	0.00000512	0x00	0x33
SPI [1]	result	1.39695669	0.00000512	0x00	0xCA
SPI [1]	result	1.39696197	0.00000512	0x00	0x55
SPI [1]	result	1.39696725	0.00000512	0x00	0xA0
SPI [1]	result	1.39697253	0.00000512	0x00	0x00
SPI [1]	result	1.39697781	0.00000512	0x00	0x00
SPI [1]	result	1.39698309	0.00000512	0x00	0x00
SPI [1]	result	1.39698837	0.00000512	0x00	0x00
SPI [1]	result	1.39699365	0.00000512	0xEF	0x00
SPI [1]	result	1.40012004	0.00000512	0xFF	0xC3
SPI [1]	result	1.40012532	0.00000512	0xFF	0x3C
SPI [1]	result	1.40013060	0.00000512	0x53	0xA5
SPI [1]	result	1.40013588	0.00000512	0x50	0x5A
SPI [1]	result	1.40014116	0.00000512	0x58	0x00
SPI [1]	result	1.40014644	0.00000512	0x31	0x00
SPI [1]	result	1.40015172	0.00000512	0x00	0x00
SPI [1]	result	1.40015700	0.00000512	0x00	0x00
SPI [1]	result	1.40016228	0.00000512	0x00	0x00
SPI [1]	result	1.40016756	0.00000512	0x00	0x00
SPI [1]	result	1.40017284	0.00000512	0x00	0x00
SPI [1]	result	1.40017812	0.00000512	0x00	0x00
SPI [1]	result	1.40018340	0.00000512	0x47	0x00
SPI [1]	result	1.40018868	0.00000512	0x46	0x0C
SPI [1]	result	1.40019396	0.00000512	0x58	0x33
SPI [1]	result	1.40019924	0.00000512	0x20	0xCA
SPI [1]	result	1.40020452	0.00000512	0x35	0x55
SPI [1]	result	1.40020980	0.00000512	0x30	0xA0
SPI [1]	result	1.40021508	0.00000512	0x53	0x00
SPI [1]	result	1.40022036	0.00000512	0x00	0x00
SPI [1]	result	1.40022564	0.00000512	0x00	0x00
SPI [1]	result	1.40023092	0.00000512	0x00	0x00
SPI [1]	result	1.40023620	0.00000512	0x00	0x00
SPI [1]	result	1.40024148	0.00000512	0x00	0x00
SPI [1]	result	1.40024676	0.00000512	0x00	0x00
SPI [1]	result	1.40025204	0.00000512	0x00	0x00
SPI [1]	result	1.40025732	0.00000512	0x00	0x00
SPI [1]	result	1.40026260	0.00000512	0x00	0xC3
SPI [1]	result	1.40026788	0.00000512	0x00	0x3C
SPI [1]	result	1.40027316	0.00000512	0x00	0xA5
SPI [1]	result	1.40027844	0.00000512	0x00	0x5A
SPI [1]	result	1.40028372	0.00000512	0x00	0x00
SPI [1]	result	1.40028900	0.00000512	0x47	0x00
SPI [1]	result	1.40029428	0.00000512	0x46	0x00
SPI [1]	result	1.40029956	0.00000512	0x58	0x00
SPI [1]	result	1.40030484	0.00000512	0x20	0x00
SPI [1]	result	1.40031012	0.00000512	0x35	0x00
SPI [1]	result	1.40031540	0.00000512	0x30	0x00
SPI [1]	result	1.40032068	0.00000512	0x53	0x00
SPI [1]	result	1.40032596	0.00000512	0x00	0x00
SPI [1]	result	1.40033124	0.00000512	0x00	0x0C
SPI [1]	result	1.40033652	0.00000512	0x00	0x33
SPI [1]	result	1.40034180	0.00000512	0x00	0xCA
SPI [1]	result	1.40034708	0.00000512	0x00	0x55
SPI [1]	result	1.40035236	0.00000512	0x00	0xA0
SPI [1]	result	1.40035764	0.00000512	0x00	0x00
SPI [1]	result	1.40036292	0.00000512	0x00	0x00
SPI [1]	result	1.40036820	0.00000512	0x35	0x00
SPI [1]	result	1.40037348	0.00000512	0x39	0x00
SPI [1]	result	1.40037876	0.00000512	0x33	0x00
SPI [1]	result	1.40038404	0.00000512	0x35	0x00
SPI [1]	result	1.40038932	0.00000512	0x33	0x00
SPI [1]	result	1.40039460	0.00000512	0x33	0x00
SPI [1]	result	1.40039988	0.00000512	0x33	0x00
SPI [1]	result	1.40040516	0.00000512	0x31	0xC3
SPI [1]	result	1.40041044	0.00000512	0x33	0x3C
SPI [1]	result	1.40041572	0.00000512	0x36	0xA5
SPI [1]	result	1.40042100	0.00000512	0x33	0x5A
SPI [1]	result	1.40042628	0.00000512	0x31	0x00
SPI [1]	result	1.40043156	0.00000512	0x31	0x00
SPI [1]	result	1.40043684	0.00000512	0x37	0x00
SPI [1]	result	1.40044212	0.00000512	0x30	0x00
SPI [1]	result	1.40044740	0.00000512	0x32	0x00
SPI [1]	result	1.40045268	0.00000512	0x31	0x00
SPI [1]	result	1.40045796	0.00000512	0x36	0x00
SPI [1]	result	1.40046324	0.00000512	0x37	0x00
SPI [1]	result	1.40046852	0.00000512	0x30	0x00
SPI [1]	result	1.40047380	0.00000512	0x32	0x0C
SPI [1]	result	1.40047908	0.00000512	0x30	0x33
SPI [1]	result	1.40048436	0.00000512	0x31	0xCA
SPI [1]	result	1.40048964	0.00000512	0x30	0x55
SPI [1]	result	1.40049492	0.00000512	0x31	0xA0
SPI [1]	result	1.40050020	0.00000512	0x31	0x00
SPI [1]	result	1.40050548	0.00000512	0x30	0x00
SPI [1]	result	1.40051076	0.00000512	0x36	0x00
SPI [1]	result	1.40051604	0.00000512	0x39	0x00
SPI [1]	result	1.40052132	0.00000512	0x41	0x00
SPI [1]	result	1.40052660	0.00000512	0x04	0x00
SPI [1]	result	1.40053188	0.00000512	0x20	0x00
SPI [1]	result	1.40053716	0.00000512	0x02	0x00
SPI [1]	result	1.40054244	0.00000512	0x16	0x00
SPI [1]	result	1.40054772	0.00000512	0x01	0xC3
SPI [1]	result	1.40055300	0.00000512	0x00	0x3C
SPI [1]	result	1.40055828	0.00000512	0x01	0xA5
SPI [1]	result	1.40056356	0.00000512	0x00	0x5A
SPI [1]	result	1.40056884	0.00000512	0x01	0x00
SPI [1]	result	1.40057412	0.00000512	0x00	0x00
SPI [1]	result	1.40057940	0.00000512	0x00	0x00
SPI [1]	result	1.40058468	0.00000512	0x00	0x00
SPI [1]	result	1.40058996	0.00000512	0x00	0x00
SPI [1]	result	1.40059524	0.00000512	0x00	0x00
SPI [1]	result	1.40060052	0.00000512	0x00	0x00
SPI [1]	result	1.40060580	0.00000512	0x00	0x00
SPI [1]	result	1.40061108	0.00000512	0x00	0x00
SPI [1]	result	1.40061636	0.00000512	0x00	0x04
SPI [1]	result	1.40062164	0.00000512	0x00	0x33
SPI [1]	result	1.40062692	0.00000512	0x00	0xCA
SPI [1]	result	1.40063220	0.00000512	0x00	0x55
SPI [1]	result	1.40063748	0.00000512	0x00	0xA0
SPI [1]	result	1.40064276	0.00000512	0x00	0x00
SPI [1]	result	1.40064804	0.00000512	0x00	0x00
SPI [1]	result	1.40065332	0.00000512	0x00	0x00
SPI [1]	result	1.40065860	0.00000512	0x00	0x00
SPI [1]	result	1.40066388	0.00000512	0x00	0x00
SPI [1]	result	1.40066916	0.00000512	0x00	0x00
SPI [1]	result	1.40067444	0.00000512	0x00	0x00
SPI [1]	result	1.40067972	0.00000512	0x00	0x00
SPI [1]	result	1.40068500	0.00000512	0x00	0x00
SPI [1]	result	1.40069028	0.00000512	0x00	0xC3
SPI [1]	result	1.40069556	0.00000512	0x00	0x3C
SPI [1]	result	1.40070084	0.00000512	0x00	0xA5
SPI [1]	result	1.40070612	0.00000512	0x00	0x5A
SPI [1]	result	1.40071140	0.00000512	0x00	0x00
SPI [1]	result	1.40071668	0.00000512	0x00	0x00
SPI [1]	result	1.40072196	0.00000512	0x00	0x00
SPI [1]	result	1.40072724	0.00000512	0x00	0x00
SPI [1]	result	1.40073252	0.00000512	0x00	0x00
SPI [1]	result	1.40073780	0.00000512	0x00	0x00
SPI [1]	result	1.40074308	0.00000512	0x00	0x00
SPI [1]	result	1.40074836	0.00000512	0x00	0x00
SPI [1]	result	1.40075364	0.00000512	0x00	0x00
SPI [1]	result	1.40075892	0.00000512	0x00	0x01
SPI [1]	result	1.40076420	0.00000512	0x00	0x86
SPI [1]	result	1.40076948	0.00000512	0x00	0x79
SPI [1]	result	1.40077476	0.00000512	0x00	0x4A
SPI [1]	result	1.40078004	0.00000512	0x00	0xB4
SPI [1]	result	1.40078532	0.00000512	0x00	0x00
SPI [1]	result	1.40079060	0.00000512	0x00	0x00
SPI [1]	result	1.40079588	0.00000512	0x00	0x00
SPI [1]	result	1.40080116	0.00000512	0x00	0x00
SPI [1]	result	1.40080644	0.00000512	0xED	0x00
SPI [1]	result	1.40393675	0.00000512	0x00	0xC3
SPI [1]	result	1.40394203	0.00000512	0x00	0x3C
SPI [1]	result	1.40394731	0.00000512	0x05	0xA5
SPI [1]	result	1.40395259	0.00000512	0x96	0x5A
SPI [1]	result	1.40474176	0.00000512	0x0D	0xC3
SPI [1]	result	1.40474704	0.00000512	0x10	0x3C
SPI [1]	result	1.40475232	0.00000512	0x80	0xA5
SPI [1]	result	1.40475760	0.00000512	0x0A	0x5A
SPI [1]	result	1.40530915	0.00000512	0x00	0xC3
SPI [1]	result	1.40531443	0.00000512	0x00	0x3C
SPI [1]	result	1.40531971	0.00000512	0x00	0xA5
SPI [1]	result	1.40532499	0.00000512	0x00	0x5A
SPI [1]	result	1.40588681	0.00000512	0x08	0xC3
SPI [1]	result	1.40589209	0.00000512	0x00	0x3C
SPI [1]	result	1.40589737	0.00000512	0x85	0xA5
SPI [1]	result	1.40590265	0.00000512	0xA8	0x5A
SPI [1]	result	1.40647573	0.00000512	0x00	0xC3
SPI [1]	result	1.40648101	0.00000512	0x00	0x3C
SPI [1]	result	1.40648629	0.00000512	0x08	0xA5
SPI [1]	result	1.40649157	0.00000512	0x20	0x5A
SPI [1]	result	1.40727058	0.00000512	0x0E	0x00
SPI [1]	result	1.40727586	0.00000512	0x10	0x61
SPI [1]	result	1.40728114	0.00000512	0x80	0x9E
SPI [1]	result	1.40728642	0.00000512	0x12	0x52
SPI [1]	result	1.40784146	0.00000512	0x00	0xAD
SPI [1]	result	1.40784674	0.00000512	0x00	0x00
SPI [1]	result	1.40785202	0.00000512	0x00	0x00
SPI [1]	result	1.40785730	0.00000512	0x00	0x00
SPI [1]	result	1.40879732	0.00000512	0x08	0xC3
SPI [1]	result	1.40880260	0.00000512	0x00	0x3C
SPI [1]	result	1.40880788	0.00000512	0x88	0xA5
SPI [1]	result	1.40881316	0.00000512	0x32	0x5A
SPI [1]	result	1.40901235	0.00000512	0x00	0xC3
SPI [1]	result	1.40901763	0.00000512	0x00	0x3C
SPI [1]	result	1.40902291	0.00000512	0x0C	0xA5
SPI [1]	result	1.40902819	0.00000512	0x30	0x5A
SPI [1]	result	1.40980730	0.00000512	0x0F	0xC3
SPI [1]	result	1.40981258	0.00000512	0x10	0x3C
SPI [1]	result	1.40981786	0.00000512	0x80	0xA5
SPI [1]	result	1.40982314	0.00000512	0x1A	0x5A
SPI [1]	result	1.41037731	0.00000512	0x00	0xC3
SPI [1]	result	1.41038259	0.00000512	0x00	0x3C
SPI [1]	result	1.41038787	0.00000512	0x0C	0xA5
SPI [1]	result	1.41039315	0.00000512	0x72	0x5A
SPI [1]	result	1.41116917	0.00000512	0x08	0xC3
SPI [1]	result	1.41117445	0.00000512	0x00	0x3C
SPI [1]	result	1.41117973	0.00000512	0x8C	0xA5
SPI [1]	result	1.41118501	0.00000512	0x02	0x5A
SPI [1]	result	1.41176239	0.00000512	0x00	0xC3
SPI [1]	result	1.41176767	0.00000512	0x00	0x3C
SPI [1]	result	1.41177295	0.00000512	0x00	0xA5
SPI [1]	result	1.41177823	0.00000512	0x00	0x5A
SPI [1]	result	1.41233826	0.00000512	0x08	0xC3
SPI [1]	result	1.41234354	0.00000512	0x00	0x3C
SPI [1]	result	1.41234882	0.00000512	0x8C	0xA5
SPI [1]	result	1.41235410	0.00000512	0x44	0x5A
SPI [1]	result	1.44748566	0.00000512	0x00	0xC3
SPI [1]	result	1.44749094	0.00000512	0x00	0x3C
SPI [1]	result	1.44749622	0.00000512	0x08	0xA5
SPI [1]	result	1.44750150	0.00000512	0x20	0x5A
SPI [1]	result	1.44827424	0.00000512	0x09	0xC3
SPI [1]	result	1.44827952	0.00000512	0x10	0x3C
SPI [1]	result	1.44828480	0.00000512	0x80	0xA5
SPI [1]	result	1.44829008	0.00000512	0x2A	0x5A
SPI [1]	result	1.44884828	0.00000512	0x00	0xC3
SPI [1]	result	1.44885356	0.00000512	0x00	0x3C
SPI [1]	result	1.44885884	0.00000512	0x00	0xA5
SPI [1]	result	1.44886412	0.00000512	0x00	0x5A
SPI [1]	result	1.44941338	0.00000512	0x08	0xC3
SPI [1]	result	1.44941866	0.00000512	0x00	0x3C
SPI [1]	result	1.44942394	0.00000512	0x88	0xA5
SPI [1]	result	1.44942922	0.00000512	0x32	0x5A
SPI [1]	result	1.50999993	0.00000512	0x00	0xC3
SPI [1]	result	1.51000521	0.00000512	0x00	0x3C
SPI [1]	result	1.51001049	0.00000512	0x08	0xA5
SPI [1]	result	1.51001577	0.00000512	0x20	0x5A
SPI [1]	result	1.51047743	0.00000512	0x0A	0xC3
SPI [1]	result	1.51048271	0.00000512	0x10	0x3C
SPI [1]	result	1.51048799	0.00000512	0x80	0xA5
SPI [1]	result	1.51049327	0.00000512	0x32	0x5A
SPI [1]	result	1.51076137	0.00000512	0x00	0xC3
SPI [1]	result	1.51076665	0.00000512	0x00	0x3C
SPI [1]	result	1.51077193	0.00000512	0x00	0xA5
SPI [1]	result	1.51077721	0.00000512	0x00	0x5A
SPI [1]	result	1.51104128	0.00000512	0x08	0xC3
SPI [1]	result	1.51104656	0.00000512	0x00	0x3C
SPI [1]	result	1.51105184	0.00000512	0x88	0xA5
SPI [1]	result	1.51105712	0.00000512	0x32	0x5A
SPI [1]	result	1.52486432	0.00000512	0x00	0xC3
SPI [1]	result	1.52486960	0.00000512	0x00	0x3C
SPI [1]	result	1.52487488	0.00000512	0x20	0xA5
SPI [1]	result	1.52488016	0.00000512	0x04	0x5A
SPI [1]	result	1.52535758	0.00000512	0x0B	0xC3
SPI [1]	result	1.52536286	0.00000512	0x10	0x3C
SPI [1]	result	1.52536814	0.00000512	0x80	0xA5
SPI [1]	result	1.52537342	0.00000512	0x3A	0x5A
SPI [1]	result	1.52566433	0.00000512	0x00	0xC3
SPI [1]	result	1.52566961	0.00000512	0x00	0x3C
SPI [1]	result	1.52567489	0.00000512	0x3F	0xA5
SPI [1]	result	1.52568017	0.00000512	0xC6	0x5A
SPI [1]	result	1.52615822	0.00000512	0x0C	0xC3
SPI [1]	result	1.52616350	0.00000512	0x00	0x3C
SPI [1]	result	1.52616878	0.00000512	0xA0	0xA5
SPI [1]	result	1.52617406	0.00000512	0x36	0x5A
SPI [1]	result	1.52646028	0.00000512	0x00	0xC3
SPI [1]	result	1.52646556	0.00000512	0x00	0x3C
SPI [1]	result	1.52647084	0.00000512	0x00	0xA5
SPI [1]	result	1.52647612	0.00000512	0x00	0x5A
SPI [1]	result	1.52674138	0.00000512	0x08	0xC3
SPI [1]	result	1.52674666	0.00000512	0x00	0x3C
SPI [1]	result	1.52675194	0.00000512	0xBF	0xA5
SPI [1]	result	1.52675722	0.00000512	0xD8	0x5A
SPI [1]	result	1.52703043	0.00000512	0x00	0xC3
SPI [1]	result	1.52703571	0.00000512	0x02	0x3C
SPI [1]	result	1.52704099	0.00000512	0x2A	0xA5
SPI [1]	result	1.52704627	0.00000512	0x2E	0x5A
SPI [1]	result	1.52749365	0.00000512	0x0D	0xC3
SPI [1]	result	1.52749893	0.00000512	0x10	0x3C
SPI [1]	result	1.52750421	0.00000512	0x80	0xA5
SPI [1]	result	1.52750949	0.00000512	0x0A	0x5A
SPI [1]	result	1.52777842	0.00000512	0x00	0xC3
SPI [1]	result	1.52778370	0.00000512	0x00	0x3C
SPI [1]	result	1.52778898	0.00000512	0x3F	0xA5
SPI [1]	result	1.52779426	0.00000512	0xC6	0x5A
SPI [1]	result	1.52825920	0.00000512	0x0E	0xC3
SPI [1]	result	1.52826448	0.00000512	0x00	0x3C
SPI [1]	result	1.52826976	0.00000512	0xAA	0xA5
SPI [1]	result	1.52827504	0.00000512	0x2E	0x5A
SPI [1]	result	1.52856319	0.00000512	0x00	0xC3
SPI [1]	result	1.52856847	0.00000512	0x00	0x3C
SPI [1]	result	1.52857375	0.00000512	0x00	0xA5
SPI [1]	result	1.52857903	0.00000512	0x00	0x5A
SPI [1]	result	1.52884920	0.00000512	0x08	0xC3
SPI [1]	result	1.52885448	0.00000512	0x00	0x3C
SPI [1]	result	1.52885976	0.00000512	0xBF	0xA5
SPI [1]	result	1.52886504	0.00000512	0xD8	0x5A
SPI [1]	result	1.54996219	0.00000512	0x00	0xC3
SPI [1]	result	1.54996747	0.00000512	0x00	0x3C
SPI [1]	result	1.54997275	0.00000512	0x08	0xA5
SPI [1]	result	1.54997803	0.00000512	0x20	0x5A
SPI [1]	result	1.55052271	0.00000512	0x0F	0xC3
SPI [1]	result	1.55052799	0.00000512	0x10	0x3C
SPI [1]	result	1.55053327	0.00000512	0x80	0xA5
SPI [1]	result	1.55053855	0.00000512	0x1A	0x5A
SPI [1]	result	1.55072837	0.00000512	0x00	0xC3
SPI [1]	result	1.55073365	0.00000512	0x00	0x3C
SPI [1]	result	1.55073893	0.00000512	0x00	0xA5
SPI [1]	result	1.55074421	0.00000512	0x00	0x5A
SPI [1]	result	1.55100339	0.00000512	0x08	0xC3
SPI [1]	result	1.55100867	0.00000512	0x00	0x3C
SPI [1]	result	1.55101395	0.00000512	0x88	0xA5
SPI [1]	result	1.55101923	0.00000512	0x32	0x5A
SPI [1]	result	1.55130025	0.00000512	0x00	0xC3
SPI [1]	result	1.55130553	0.00000512	0x00	0x3C
SPI [1]	result	1.55131081	0.00000512	0x0C	0xA5
SPI [1]	result	1.55131609	0.00000512	0xB2	0x5A
SPI [1]	result	1.55177389	0.00000512	0x08	0xC3
SPI [1]	result	1.55177917	0.00000512	0x10	0x3C
SPI [1]	result	1.55178445	0.00000512	0x80	0xA5
SPI [1]	result	1.55178973	0.00000512	0x22	0x5A
SPI [1]	result	1.55205845	0.00000512	0x00	0xC3
SPI [1]	result	1.55206373	0.00000512	0x00	0x3C
SPI [1]	result	1.55206901	0.00000512	0x0C	0xA5
SPI [1]	result	1.55207429	0.00000512	0x30	0x5A
SPI [1]	result	1.55251534	0.00000512	0x09	0xC3
SPI [1]	result	1.55252062	0.00000512	0x00	0x3C
SPI [1]	result	1.55252590	0.00000512	0x8C	0xA5
SPI [1]	result	1.55253118	0.00000512	0x8C	0x5A
SPI [1]	result	1.55280744	0.00000512	0x00	0xC3
SPI [1]	result	1.55281272	0.00000512	0x00	0x3C
SPI [1]	result	1.55281800	0.00000512	0x00	0xA5
SPI [1]	result	1.55282328	0.00000512	0x00	0x5A
SPI [1]	result	1.55309891	0.00000512	0x08	0xC3
SPI [1]	result	1.55310419	0.00000512	0x00	0x3C
SPI [1]	result	1.55310947	0.00000512	0x8C	0xA5
SPI [1]	result	1.55311475	0.00000512	0x02	0x5A
SPI [1]	result	1.59329412	0.00000512	0x00	0xC3
SPI [1]	result	1.59329940	0.00000512	0x00	0x3C
SPI [1]	result	1.59330468	0.00000512	0x08	0xA5
SPI [1]	result	1.59330996	0.00000512	0x20	0x5A
SPI [1]	result	1.59378814	0.00000512	0xA5	0xC3
SPI [1]	result	1.59379342	0.00000512	0x5A	0x3C
SPI [1]	result	1.59379870	0.00000512	0x3C	0xA5
SPI [1]	result	1.59380398	0.00000512	0xC3	0x5A
SPI [1]	result	1.59419976	0.00000512	0x80	0xA5
SPI [1]	result	1.59420504	0.00000512	0x20	0x5A
SPI [1]	result	1.59421032	0.00000512	0x28	0x3C
SPI [1]	result	1.59421560	0.00000512	0x24	0xC3
SPI [1]	result	1.59461032	0.00000512	0x08	0x08
SPI [1]	result	1.59461560	0.00000512	0x10	0x10
SPI [1]	result	1.59462088	0.00000512	0x80	0xA8
SPI [1]	result	1.59462616	0.00000512	0x22	0x06
SPI [1]	result	1.59502310	0.00000512	0x00	0x08
SPI [1]	result	1.59502838	0.00000512	0x00	0x00
SPI [1]	result	1.59503366	0.00000512	0x00	0xA8
SPI [1]	result	1.59503894	0.00000512	0x00	0x36
SPI [1]	result	1.59543258	0.00000512	0x00	0x00
SPI [1]	result	1.59543786	0.00000512	0x00	0xF3
SPI [1]	result	1.59544314	0.00000512	0x00	0x03
SPI [1]	result	1.59544842	0.00000512	0x00	0xE8
SPI [1]	result	1.59586194	0.00000512	0x00	0xC3
SPI [1]	result	1.59586722	0.00000512	0x00	0x3C
SPI [1]	result	1.59587250	0.00000512	0x3F	0xA5
SPI [1]	result	1.59587778	0.00000512	0xC6	0x5A
SPI [1]	result	1.59672941	0.00000512	0x08	0xC3
SPI [1]	result	1.59673469	0.00000512	0x10	0x3C
SPI [1]	result	1.59673997	0.00000512	0x80	0xA5
SPI [1]	result	1.59674525	0.00000512	0x22	0x5A
SPI [1]	result	1.60008264	0.00000512	0x00	0xC3
SPI [1]	result	1.60008792	0.00000512	0x00	0x3C
SPI [1]	result	1.60009320	0.00000512	0x00	0xA5
SPI [1]	result	1.60009848	0.00000512	0x00	0x5A
SPI [1]	result	1.60092757	0.00000512	0x08	0xC3
SPI [1]	result	1.60093285	0.00000512	0x00	0x3C
SPI [1]	result	1.60093813	0.00000512	0xBF	0xA5
SPI [1]	result	1.60094341	0.00000512	0xD8	0x5A
SPI [1]	result	1.60348250	0.00000512	0xB8	0xC3
SPI [1]	result	1.60348778	0.00000512	0x01	0x3C
SPI [1]	result	1.60349306	0.00000512	0x06	0xA5
SPI [1]	result	1.60349834	0.00000512	0x26	0x5A
SPI [1]	result	1.60427749	0.00000512	0x09	0xC3
SPI [1]	result	1.60428277	0.00000512	0x10	0x3C
SPI [1]	result	1.60428805	0.00000512	0x80	0xA5
SPI [1]	result	1.60429333	0.00000512	0x2A	0x5A
SPI [1]	result	1.60485724	0.00000512	0x00	0xC3
SPI [1]	result	1.60486252	0.00000512	0x00	0x3C
SPI [1]	result	1.60486780	0.00000512	0x05	0xA5
SPI [1]	result	1.60487308	0.00000512	0x14	0x5A
SPI [1]	result	1.60564329	0.00000512	0x0A	0xC3
SPI [1]	result	1.60564857	0.00000512	0x00	0x3C
SPI [1]	result	1.60565385	0.00000512	0x86	0xA5
SPI [1]	result	1.60565913	0.00000512	0x3A	0x5A
SPI [1]	result	1.60623130	0.00000512	0x00	0xC3
SPI [1]	result	1.60623658	0.00000512	0x00	0x3C
SPI [1]	result	1.60624186	0.00000512	0x00	0xA5
SPI [1]	result	1.60624714	0.00000512	0x00	0x5A
SPI [1]	result	1.60679338	0.00000512	0x08	0xC3
SPI [1]	result	1.60679866	0.00000512	0x00	0x3C
SPI [1]	result	1.60680394	0.00000512	0x85	0xA5
SPI [1]	result	1.60680922	0.00000512	0x26	0x5A
SPI [1]	result	1.60988536	0.00000512	0xFF	0xC3
SPI [1]	result	1.60989064	0.00000512	0xFF	0x3C
SPI [1]	result	1.60989592	0.00000512	0x00	0xA5
SPI [1]	result	1.60990120	0.00000512	0x00	0x5A
SPI [1]	result	1.60990648	0.00000512	0x00	0x00
SPI [1]	result	1.60991176	0.00000512	0x00	0x00
SPI [1]	result	1.60991704	0.00000512	0x00	0x00
SPI [1]	result	1.60992232	0.00000512	0x00	0x00
SPI [1]	result	1.60992760	0.00000512	0x00	0x00
SPI [1]	result	1.60993288	0.00000512	0x00	0x00
SPI [1]	result	1.60993816	0.00000512	0x00	0x00
SPI [1]	result	1.60994344	0.00000512	0x00	0x00
SPI [1]	result	1.60994872	0.00000512	0x00	0x00
SPI [1]	result	1.60995400	0.00000512	0x00	0x0C
SPI [1]	result	1.60995928	0.00000512	0x00	0x33
SPI [1]	result	1.60996456	0.00000512	0x00	0xCA
SPI [1]	result	1.60996984	0.00000512	0x00	0x55
SPI [1]	result	1.60997512	0.00000512	0x00	0xA0
SPI [1]	result	1.60998040	0.00000512	0x00	0x00
SPI [1]	result	1.60998568	0.00000512	0x00	0x00
SPI [1]	result	1.60999096	0.00000512	0x00	0x00
SPI [1]	result	1.60999624	0.00000512	0x00	0x00
SPI [1]	result	1.61000152	0.00000512	0x00	0x00
SPI [1]	result	1.61000680	0.00000512	0x00	0x00
SPI [1]	result	1.61001208	0.00000512	0x00	0x00
SPI [1]	result	1.61001736	0.00000512	0x00	0x00
SPI [1]	result	1.61002264	0.00000512	0x00	0x00
SPI [1]	result	1.61002792	0.00000512	0x00	0xC3
SPI [1]	result	1.61003320	0.00000512	0x00	0x3C
SPI [1]	result	1.61003848	0.00000512	0x00	0xA5
SPI [1]	result	1.61004376	0.00000512	0x00	0x5A
SPI [1]	result	1.61004904	0.00000512	0x00	0x00
SPI [1]	result	1.61005432	0.00000512	0x00	0x00
SPI [1]	result	1.61005960	0.00000512	0x00	0x00
SPI [1]	result	1.61006488	0.00000512	0x00	0x00
SPI [1]	result	1.61007016	0.00000512	0x00	0x00
SPI [1]	result	1.61007544	0.00000512	0x00	0x00
SPI [1]	result	1.61008072	0.00000512	0x00	0x00
SPI [1]	result	1.61008600	0.00000512	0x00	0x00
SPI [1]	result	1.61009128	0.00000512	0x00	0x00
SPI [1]	result	1.61009656	0.00000512	0x00	0x0C
SPI [1]	result	1.61010184	0.00000512	0x00	0x33
SPI [1]	result	1.61010712	0.00000512	0x00	0xCA
SPI [1]	result	1.61011240	0.00000512	0x00	0x55
SPI [1]	result	1.61011768	0.00000512	0x00	0xA0
SPI [1]	result	1.61012296	0.00000512	0x00	0x00
SPI [1]	result	1.61012824	0.00000512	0x00	0x00
SPI [1]	result	1.61013352	0.00000512	0x00	0x00
SPI [1]	result	1.61013880	0.00000512	0x00	0x00
SPI [1]	result	1.61014408	0.00000512	0x00	0x00
SPI [1]	result	1.61014936	0.00000512	0x00	0x00
SPI [1]	result	1.61015464	0.00000512	0x00	0x00
SPI [1]	result	1.61015992	0.00000512	0x00	0x00
SPI [1]	result	1.61016520	0.00000512	0x00	0x00
SPI [1]	result	1.61017048	0.00000512	0x00	0xC3
SPI [1]	result	1.61017576	0.00000512	0x00	0x3C
SPI [1]	result	1.61018104	0.00000512	0x00	0xA5
SPI [1]	result	1.61018632	0.00000512	0x00	0x5A
SPI [1]	result	1.61019160	0.00000512	0x00	0x00
SPI [1]	result	1.61019688	0.00000512	0x00	0x00
SPI [1]	result	1.61020216	0.00000512	0x00	0x00
SPI [1]	result	1.61020744	0.00000512	0x00	0x00
SPI [1]	result	1.61021272	0.00000512	0x00	0x00
SPI [1]	result	1.61021800	0.00000512	0x00	0x00
SPI [1]	result	1.61022328	0.00000512	0x00	0x00
SPI [1]	result	1.61022856	0.00000512	0x00	0x00
SPI [1]	result	1.61023384	0.00000512	0x00	0x00
SPI [1]	result	1.61023912	0.00000512	0x00	0x0C
SPI [1]	result	1.61024440	0.00000512	0x00	0x33
SPI [1]	result	1.61024968	0.00000512	0x00	0xCA
SPI [1]	result	1.61025496	0.00000512	0x00	0x55
SPI [1]	result	1.61026024	0.00000512	0x00	0xA0
SPI [1]	result	1.61026552	0.00000512	0x00	0x00
SPI [1]	result	1.61027080	0.00000512	0x00	0x00
SPI [1]	result	1.61027608	0.00000512	0x00	0x00
SPI [1]	result	1.61028136	0.00000512	0x00	0x00
SPI [1]	result	1.61028664	0.00000512	0x00	0x00
SPI [1]	result	1.61029192	0.00000512	0x00	0x00
SPI [1]	result	1.61029720	0.00000512	0x00	0x00
SPI [1]	result	1.61030248	0.00000512	0x00	0x00
SPI [1]	result	1.61030776	0.00000512	0x00	0x00
SPI [1]	result	1.61031304	0.00000512	0x00	0xC3
SPI [1]	result	1.61031832	0.00000512	0x00	0x3C
SPI [1]	result	1.61032360	0.00000512	0x00	0xA5
SPI [1]	result	1.61032888	0.00000512	0x00	0x5A
SPI [1]	result	1.61033416	0.00000512	0x00	0x00
SPI [1]	result	1.61033944	0.00000512	0x00	0x00
SPI [1]	result	1.61034472	0.00000512	0x00	0x00
SPI [1]	result	1.61035000	0.00000512	0x00	0x00
SPI [1]	result	1.61035528	0.00000512	0x00	0x00
SPI [1]	result	1.61036056	0.00000512	0x00	0x00
SPI [1]	result	1.61036584	0.00000512	0x00	0x00
SPI [1]	result	1.61037112	0.00000512	0x00	0x00
SPI [1]	result	1.61037640	0.00000512	0x00	0x00
SPI [1]	result	1.61038168	0.00000512	0x00	0x0C
SPI [1]	result	1.61038696	0.00000512	0x00	0x33
SPI [1]	result	1.61039224	0.00000512	0x00	0xCA
SPI [1]	result	1.61039752	0.00000512	0x00	0x55
SPI [1]	result	1.61040280	0.00000512	0x00	0xA0
SPI [1]	result	1.61040808	0.00000512	0x00	0x00
SPI [1]	result	1.61041336	0.00000512	0x00	0x00
SPI [1]	result	1.61041864	0.00000512	0x00	0x00
SPI [1]	result	1.61042392	0.00000512	0x00	0x00
SPI [1]	result	1.61042920	0.00000512	0x00	0x00
SPI [1]	result	1.61043448	0.00000512	0x00	0x00
SPI [1]	result	1.61043976	0.00000512	0x00	0x00
SPI [1]	result	1.61044504	0.00000512	0x00	0x00
SPI [1]	result	1.61045032	0.00000512	0x00	0x00
SPI [1]	result	1.61045560	0.00000512	0x00	0xC3
SPI [1]	result	1.61046088	0.00000512	0x00	0x3C
SPI [1]	result	1.61046616	0.00000512	0x00	0xA5
SPI [1]	result	1.61047144	0.00000512	0x00	0x5A
SPI [1]	result	1.61047672	0.00000512	0x00	0x00
SPI [1]	result	1.61048200	0.00000512	0x00	0x00
SPI [1]	result	1.61048728	0.00000512	0x00	0x00
SPI [1]	result	1.61049256	0.00000512	0x00	0x00
SPI [1]	result	1.61049784	0.00000512	0x00	0x00
SPI [1]	result	1.61050312	0.00000512	0x00	0x00
SPI [1]	result	1.61050840	0.00000512	0x00	0x00
SPI [1]	result	1.61051368	0.00000512	0x00	0x00
SPI [1]	result	1.61051896	0.00000512	0x00	0x00
SPI [1]	result	1.61052424	0.00000512	0x00	0x0C
SPI [1]	result	1.61052952	0.00000512	0x00	0x33
SPI [1]	result	1.61053480	0.00000512	0x00	0xCA
SPI [1]	result	1.61054008	0.00000512	0x00	0x55
SPI [1]	result	1.61054536	0.00000512	0x00	0xA0
SPI [1]	result	1.61055064	0.00000512	0x00	0x00
SPI [1]	result	1.61055592	0.00000512	0x00	0x00
SPI [1]	result	1.61056120	0.00000512	0x00	0x00
SPI [1]	result	1.61056648	0.00000512	0x00	0x00
SPI [1]	result	1.61057176	0.00000512	0x5A	0x00
SPI [1]	result	1.61370144	0.00000512	0xFF	0xC3
SPI [1]	result	1.61370672	0.00000512	0x00	0x3C
SPI [1]	result	1.61371200	0.00000512	0x00	0xA5
SPI [1]	result	1.61371728	0.00000512	0x00	0x5A
SPI [1]	result	1.61372256	0.00000512	0x00	0x00
SPI [1]	result	1.61372784	0.00000512	0x00	0x00
SPI [1]	result	1.61373312	0.00000512	0x00	0x00
SPI [1]	result	1.61373840	0.00000512	0x00	0x00
SPI [1]	result	1.61374368	0.00000512	0x00	0x00
SPI [1]	result	1.61374896	0.00000512	0x00	0x00
SPI [1]	result	1.61375424	0.00000512	0x00	0x00
SPI [1]	result	1.61375952	0.00000512	0x00	0x00
SPI [1]	result	1.61376480	0.00000512	0x00	0x00
SPI [1]	result	1.61377008	0.00000512	0x00	0x0C
SPI [1]	result	1.61377536	0.00000512	0x00	0x33
SPI [1]	result	1.61378064	0.00000512	0x00	0xCA
SPI [1]	result	1.61378592	0.00000512	0x00	0x55
SPI [1]	result	1.61379120	0.00000512	0x00	0xA0
SPI [1]	result	1.61379648	0.00000512	0x00	0x00
SPI [1]	result	1.61380176	0.00000512	0x00	0x00
SPI [1]	result	1.61380704	0.00000512	0x00	0x00
SPI [1]	result	1.61381232	0.00000512	0x00	0x00
SPI [1]	result	1.61381760	0.00000512	0x00	0x00
SPI [1]	result	1.61382288	0.00000512	0x00	0x00
SPI [1]	result	1.61382816	0.00000512	0x00	0x00
SPI [1]	result	1.61383344	0.00000512	0x00	0x00
SPI [1]	result	1.61383872	0.00000512	0x00	0x00
SPI [1]	result	1.61384400	0.00000512	0x00	0xC3
SPI [1]	result	1.61384928	0.00000512	0x00	0x3C
SPI [1]	result	1.61385456	0.00000512	0x00	0xA5
SPI [1]	result	1.61385984	0.00000512	0x00	0x5A
SPI [1]	result	1.61386512	0.00000512	0x00	0x00
SPI [1]	result	1.61387040	0.00000512	0x00	0x00
SPI [1]	result	1.61387568	0.00000512	0x00	0x00
SPI [1]	result	1.61388096	0.00000512	0x00	0x00
SPI [1]	result	1.61388624	0.00000512	0x00	0x00
SPI [1]	result	1.61389152	0.00000512	0x00	0x00
SPI [1]	result	1.61389680	0.00000512	0x00	0x00
SPI [1]	result	1.61390208	0.00000512	0x00	0x00
SPI [1]	result	1.61390736	0.00000512	0x00	0x00
SPI [1]	result	1.61391264	0.00000512	0x00	0x0C
SPI [1]	result	1.61391792	0.00000512	0x00	0x33
SPI [1]	result	1.61392320	0.00000512	0x00	0xCA
SPI [1]	result	1.61392848	0.00000512	0x00	0x55
SPI [1]	result	1.61393376	0.00000512	0x00	0xA0
SPI [1]	result	1.61393904	0.00000512	0x00	0x00
SPI [1]	result	1.61394432	0.00000512	0x00	0x00
SPI [1]	result	1.61394960	0.00000512	0x00	0x00
SPI [1]	result	1.61395488	0.00000512	0x00	0x00
SPI [1]	result	1.61396016	0.00000512	0x00	0x00
SPI [1]	result	1.61396544	0.00000512	0x00	0x00
SPI [1]	result	1.61397072	0.00000512	0x00	0x00
SPI [1]	result	1.61397600	0.00000512	0x00	0x00
SPI [1]	result	1.61398128	0.00000512	0x00	0x00
SPI [1]	result	1.61398656	0.00000512	0x00	0xC3
SPI [1]	result	1.61399184	0.00000512	0x00	0x3C
SPI [1]	result	1.61399712	0.00000512	0x00	0xA5
SPI [1]	result	1.61400240	0.00000512	0x00	0x5A
SPI [1]	result	1.61400768	0.00000512	0x00	0x00
SPI [1]	result	1.61401296	0.00000512	0x00	0x00
SPI [1]	result	1.61401824	0.00000512	0x00	0x00
SPI [1]	result	1.61402352	0.00000512	0x00	0x00
SPI [1]	result	1.61402880	0.00000512	0x00	0x00
SPI [1]	result	1.61403408	0.00000512	0x00	0x00
SPI [1]	result	1.61403936	0.00000512	0x00	0x00
SPI [1]	result	1.61404464	0.00000512	0x00	0x00
SPI [1]	result	1.61404992	0.00000512	0x00	0x00
SPI [1]	result	1.61405520	0.00000512	0x00	0x0C
SPI [1]	result	1.61406048	0.00000512	0x00	0x33
SPI [1]	result	1.61406576	0.00000512	0x00	0xCA
SPI [1]	result	1.61407104	0.00000512	0x00	0x55
SPI [1]	result	1.61407632	0.00000512	0x00	0xA0
SPI [1]	result	1.61408160	0.00000512	0x00	0x00
SPI [1]	result	1.61408688	0.00000512	0x00	0x00
SPI [1]	result	1.61409216	0.00000512	0x00	0x00
SPI [1]	result	1.61409744	0.00000512	0x00	0x00
SPI [1]	result	1.61410272	0.00000512	0x00	0x00
SPI [1]	result	1.61410800	0.00000512	0x00	0x00
SPI [1]	result	1.61411328	0.00000512	0x00	0x00
SPI [1]	result	1.61411856	0.00000512	0x00	0x00
SPI [1]	result	1.61412384	0.00000512	0x00	0x00
SPI [1]	result	1.61412912	0.00000512	0x00	0xC3
SPI [1]	result	1.61413440	0.00000512	0x00	0x3C
SPI [1]	result	1.61413968	0.00000512	0x00	0xA5
SPI [1]	result	1.61414496	0.00000512	0x00	0x5A
SPI [1]	result	1.61415024	0.00000512	0x00	0x00
SPI [1]	result	1.61415552	0.00000512	0x00	0x00
SPI [1]	result	1.61416080	0.00000512	0x00	0x00
SPI [1]	result	1.61416608	0.00000512	0x00	0x00
SPI [1]	result	1.61417136	0.00000512	0x00	0x00
SPI [1]	result	1.61417664	0.00000512	0x00	0x00
SPI [1]	result	1.61418192	0.00000512	0x00	0x00
SPI [1]	result	1.61418720	0.00000512	0x00	0x00
SPI [1]	result	1.61419248	0.00000512	0x00	0x00
SPI [1]	result	1.61419776	0.00000512	0x00	0x0C
SPI [1]	result	1.61420304	0.00000512	0x00	0x33
SPI [1]	result	1.61420832	0.00000512	0x00	0xCA
SPI [1]	result	1.61421360	0.00000512	0x00	0x55
SPI [1]	result	1.61421888	0.00000512	0x00	0xA0
SPI [1]	result	1.61422416	0.00000512	0x00	0x00
SPI [1]	result	1.61422944	0.00000512	0x00	0x00
SPI [1]	result	1.61423472	0.00000512	0x00	0x00
SPI [1]	result	1.61424000	0.00000512	0x00	0x00
SPI [1]	result	1.61424528	0.00000512	0x00	0x00
SPI [1]	result	1.61425056	0.00000512	0x00	0x00
SPI [1]	result	1.61425584	0.00000512	0x00	0x00
SPI [1]	result	1.61426112	0.00000512	0x00	0x00
SPI [1]	result	1.61426640	0.00000512	0x00	0x00
SPI [1]	result	1.61427168	0.00000512	0x00	0xC3
SPI [1]	result	1.61427696	0.00000512	0x00	0x3C
SPI [1]	result	1.61428224	0.00000512	0x00	0xA5
SPI [1]	result	1.61428752	0.00000512	0x00	0x5A
SPI [1]	result	1.61429280	0.00000512	0x00	0x00
SPI [1]	result	1.61429808	0.00000512	0x00	0x00
SPI [1]	result	1.61430336	0.00000512	0x00	0x00
SPI [1]	result	1.61430864	0.00000512	0x00	0x00
SPI [1]	result	1.61431392	0.00000512	0x00	0x00
SPI [1]	result	1.61431920	0.00000512	0x00	0x00
SPI [1]	result	1.61432448	0.00000512	0x00	0x00
SPI [1]	result	1.61432976	0.00000512	0x00	0x00
SPI [1]	result	1.61433504	0.00000512	0x00	0x00
SPI [1]	result	1.61434032	0.00000512	0x00	0x0C
SPI [1]	result	1.61434560	0.00000512	0x00	0x33
SPI [1]	result	1.61435088	0.00000512	0x00	0xCA
SPI [1]	result	1.61435616	0.00000512	0x00	0x55
SPI [1]	result	1.61436144	0.00000512	0x00	0xA0
SPI [1]	result	1.61436672	0.00000512	0x00	0x00
SPI [1]	result	1.61437200	0.00000512	0x00	0x00
SPI [1]	result	1.61437728	0.00000512	0x00	0x00
SPI [1]	result	1.61438256	0.00000512	0x00	0x00
SPI [1]	result	1.61438784	0.00000512	0x5A	0x00
SPI [1]	result	1.61754038	0.00000512	0xB8	0xC3
SPI [1]	result	1.61754566	0.00000512	0x01	0x3C
SPI [1]	result	1.61755094	0.00000512	0x06	0xA5
SPI [1]	result	1.61755622	0.00000512	0x26	0x5A
SPI [1]	result	1.61833977	0.00000512	0x0B	0xC3
SPI [1]	result	1.61834505	0.00000512	0x10	0x3C
SPI [1]	result	1.61835033	0.00000512	0x80	0xA5
SPI [1]	result	1.61835561	0.00000512	0x3A	0x5A
SPI [1]	result	1.61890429	0.00000512	0x00	0xC3
SPI [1]	result	1.61890957	0.00000512	0x00	0x3C
SPI [1]	result	1.61891485	0.00000512	0x05	0xA5
SPI [1]	result	1.61892013	0.00000512	0x56	0x5A
SPI [1]	result	1.61969549	0.00000512	0x0C	0xC3
SPI [1]	result	1.61970077	0.00000512	0x00	0x3C
SPI [1]	result	1.61970605	0.00000512	0x86	0xA5
SPI [1]	result	1.61971133	0.00000512	0x0A	0x5A
SPI [1]	result	1.62027922	0.00000512	0x00	0xC3
SPI [1]	result	1.62028450	0.00000512	0x00	0x3C
SPI [1]	result	1.62028978	0.00000512	0x00	0xA5
SPI [1]	result	1.62029506	0.00000512	0x00	0x5A
SPI [1]	result	1.62085437	0.00000512	0x08	0xC3
SPI [1]	result	1.62085965	0.00000512	0x00	0x3C
SPI [1]	result	1.62086493	0.00000512	0x85	0xA5
SPI [1]	result	1.62087021	0.00000512	0x68	0x5A
SPI [1]	result	1.62395374	0.00000512	0x00	0xC3
SPI [1]	result	1.62395902	0.00000512	0x00	0x3C
SPI [1]	result	1.62396430	0.00000512	0x53	0xA5
SPI [1]	result	1.62396958	0.00000512	0x50	0x5A
SPI [1]	result	1.62397486	0.00000512	0x58	0x00
SPI [1]	result	1.62398014	0.00000512	0x31	0x00
SPI [1]	result	1.62398542	0.00000512	0x00	0x00
SPI [1]	result	1.62399070	0.00000512	0x00	0x00
SPI [1]	result	1.62399598	0.00000512	0x00	0x00
SPI [1]	result	1.62400126	0.00000512	0x00	0x00
SPI [1]	result	1.62400654	0.00000512	0x00	0x00
SPI [1]	result	1.62401182	0.00000512	0x00	0x00
SPI [1]	result	1.62401710	0.00000512	0x47	0x00
SPI [1]	result	1.62402238	0.00000512	0x46	0x0C
SPI [1]	result	1.62402766	0.00000512	0x58	0x33
SPI [1]	result	1.62403294	0.00000512	0x20	0xCA
SPI [1]	result	1.62403822	0.00000512	0x35	0x55
SPI [1]	result	1.62404350	0.00000512	0x30	0xA0
SPI [1]	result	1.62404878	0.00000512	0x53	0x00
SPI [1]	result	1.62405406	0.00000512	0x00	0x00
SPI [1]	result	1.62405934	0.00000512	0x00	0x00
SPI [1]	result	1.62406462	0.00000512	0x00	0x00
SPI [1]	result	1.62406990	0.00000512	0x00	0x00
SPI [1]	result	1.62407518	0.00000512	0x00	0x00
SPI [1]	result	1.62408046	0.00000512	0x00	0x00
SPI [1]	result	1.62408574	0.00000512	0x00	0x00
SPI [1]	result	1.62409102	0.00000512	0x00	0x00
SPI [1]	result	1.62409630	0.00000512	0x00	0xC3
SPI [1]	result	1.62410158	0.00000512	0x00	0x3C
SPI [1]	result	1.62410686	0.00000512	0x00	0xA5
SPI [1]	result	1.62411214	0.00000512	0x00	0x5A
SPI [1]	result	1.62411742	0.00000512	0x00	0x00
SPI [1]	result	1.62412270	0.00000512	0x47	0x00
SPI [1]	result	1.62412798	0.00000512	0x46	0x00
SPI [1]	result	1.62413326	0.00000512	0x58	0x00
SPI [1]	result	1.62413854	0.00000512	0x20	0x00
SPI [1]	result	1.62414382	0.00000512	0x35	0x00
SPI [1]	result	1.62414910	0.00000512	0x30	0x00
SPI [1]	result	1.62415438	0.00000512	0x53	0x00
SPI [1]	result	1.62415966	0.00000512	0x00	0x00
SPI [1]	result	1.62416494	0.00000512	0x00	0x0C
SPI [1]	result	1.62417022	0.00000512	0x00	0x33
SPI [1]	result	1.62417550	0.00000512	0x00	0xCA
SPI [1]	result	1.62418078	0.00000512	0x00	0x55
SPI [1]	result	1.62418606	0.00000512	0x00	0xA0
SPI [1]	result	1.62419134	0.00000512	0x00	0x00
SPI [1]	result	1.62419662	0.00000512	0x00	0x00
SPI [1]	result	1.62420190	0.00000512	0x35	0x00
SPI [1]	result	1.62420718	0.00000512	0x39	0x00
SPI [1]	result	1.62421246	0.00000512	0x33	0x00
SPI [1]	result	1.62421774	0.00000512	0x35	0x00
SPI [1]	result	1.62422302	0.00000512	0x33	0x00
SPI [1]	result	1.62422830	0.00000512	0x33	0x00
SPI [1]	result	1.62423358	0.00000512	0x33	0x00
SPI [1]	result	1.62423886	0.00000512	0x31	0xC3
SPI [1]	result	1.62424414	0.00000512	0x33	0x3C
SPI [1]	result	1.62424942	0.00000512	0x36	0xA5
SPI [1]	result	1.62425470	0.00000512	0x33	0x5A
SPI [1]	result	1.62425998	0.00000512	0x31	0x00
SPI [1]	result	1.62426526	0.00000512	0x31	0x00
SPI [1]	result	1.62427054	0.00000512	0x37	0x00
SPI [1]	result	1.62427582	0.00000512	0x30	0x00
SPI [1]	result	1.62428110	0.00000512	0x32	0x00
SPI [1]	result	1.62428638	0.00000512	0x31	0x00
SPI [1]	result	1.62429166	0.00000512	0x36	0x00
SPI [1]	result	1.62429694	0.00000512	0x37	0x00
SPI [1]	result	1.62430222	0.00000512	0x30	0x00
SPI [1]	result	1.62430750	0.00000512	0x32	0x0C
SPI [1]	result	1.62431278	0.00000512	0x30	0x33
SPI [1]	result	1.62431806	0.00000512	0x31	0xCA
SPI [1]	result	1.62432334	0.00000512	0x30	0x55
SPI [1]	result	1.62432862	0.00000512	0x31	0xA0
SPI [1]	result	1.62433390	0.00000512	0x31	0x00
SPI [1]	result	1.62433918	0.00000512	0x30	0x00
SPI [1]	result	1.62434446	0.00000512	0x36	0x00
SPI [1]	result	1.62434974	0.00000512	0x39	0x00
SPI [1]	result	1.62435502	0.00000512	0x41	0x00
SPI [1]	result	1.62436030	0.00000512	0x04	0x00
SPI [1]	result	1.62436558	0.00000512	0x20	0x00
SPI [1]	result	1.62437086	0.00000512	0x02	0x00
SPI [1]	result	1.62437614	0.00000512	0x16	0x00
SPI [1]	result	1.62438142	0.00000512	0x01	0xC3
SPI [1]	result	1.62438670	0.00000512	0x00	0x3C
SPI [1]	result	1.62439198	0.00000512	0x01	0xA5
SPI [1]	result	1.62439726	0.00000512	0x00	0x5A
SPI [1]	result	1.62440254	0.00000512	0x01	0x00
SPI [1]	result	1.62440782	0.00000512	0x00	0x00
SPI [1]	result	1.62441310	0.00000512	0x00	0x00
SPI [1]	result	1.62441838	0.00000512	0x00	0x00
SPI [1]	result	1.62442366	0.00000512	0x00	0x00
SPI [1]	result	1.62442894	0.00000512	0x00	0x00
SPI [1]	result	1.62443422	0.00000512	0x00	0x00
SPI [1]	result	1.62443950	0.00000512	0x00	0x00
SPI [1]	result	1.62444478	0.00000512	0x00	0x00
SPI [1]	result	1.62445006	0.00000512	0x00	0x0C
SPI [1]	result	1.62445534	0.00000512	0x00	0x33
SPI [1]	result	1.62446062	0.00000512	0x00	0xCA
SPI [1]	result	1.62446590	0.00000512	0x00	0x55
SPI [1]	result	1.62447118	0.00000512	0x00	0xA0
SPI [1]	result	1.62447646	0.00000512	0x00	0x00
SPI [1]	result	1.62448174	0.00000512	0x00	0x00
SPI [1]	result	1.62448702	0.00000512	0x00	0x00
SPI [1]	result	1.62449230	0.00000512	0x00	0x00
SPI [1]	result	1.62449758	0.00000512	0x00	0x00
SPI [1]	result	1.62450286	0.00000512	0x00	0x00
SPI [1]	result	1.62450814	0.00000512	0x00	0x00
SPI [1]	result	1.62451342	0.00000512	0x00	0x00
SPI [1]	result	1.62451870	0.00000512	0x00	0x00
SPI [1]	result	1.62452398	0.00000512	0x00	0xC3
SPI [1]	result	1.62452926	0.00000512	0x00	0x3C
SPI [1]	result	1.62453454	0.00000512	0x00	0xA5
SPI [1]	result	1.62453982	0.00000512	0x00	0x5A
SPI [1]	result	1.62454510	0.00000512	0x00	0x00
SPI [1]	result	1.62455038	0.00000512	0x00	0x00
SPI [1]	result	1.62455566	0.00000512	0x00	0x00
SPI [1]	result	1.62456094	0.00000512	0x00	0x00
SPI [1]	result	1.62456622	0.00000512	0x00	0x00
SPI [1]	result	1.62457150	0.00000512	0x00	0x00
SPI [1]	result	1.62457678	0.00000512	0x00	0x00
SPI [1]	result	1.62458206	0.00000512	0x00	0x00
SPI [1]	result	1.62458734	0.00000512	0x00	0x00
SPI [1]	result	1.62459262	0.00000512	0x00	0x0C
SPI [1]	result	1.62459790	0.00000512	0x00	0x33
SPI [1]	result	1.62460318	0.00000512	0x00	0xCA
SPI [1]	result	1.62460846	0.00000512	0x00	0x55
SPI [1]	result	1.62461374	0.00000512	0x00	0xA0
SPI [1]	result	1.62461902	0.00000512	0x00	0x00
SPI [1]	result	1.62462430	0.00000512	0x00	0x00
SPI [1]	result	1.62462958	0.00000512	0x00	0x00
SPI [1]	result	1.62463486	0.00000512	0x00	0x00
SPI [1]	result	1.62464014	0.00000512	0xEF	0x00
SPI [1]	result	1.62776640	0.00000512	0xFF	0xC3
SPI [1]	result	1.62777168	0.00000512	0xFF	0x3C
SPI [1]	result	1.62777696	0.00000512	0x53	0xA5
SPI [1]	result	1.62778224	0.00000512	0x50	0x5A
SPI [1]	result	1.62778752	0.00000512	0x58	0x00
SPI [1]	result	1.62779280	0.00000512	0x31	0x00
SPI [1]	result	1.62779808	0.00000512	0x00	0x00
SPI [1]	result	1.62780336	0.00000512	0x00	0x00
SPI [1]	result	1.62780864	0.00000512	0x00	0x00
SPI [1]	result	1.62781392	0.00000512	0x00	0x00
SPI [1]	result	1.62781920	0.00000512	0x00	0x00
SPI [1]	result	1.62782448	0.00000512	0x00	0x00
SPI [1]	result	1.62782976	0.00000512	0x47	0x00
SPI [1]	result	1.62783504	0.00000512	0x46	0x0C
SPI [1]	result	1.62784032	0.00000512	0x58	0x33
SPI [1]	result	1.62784560	0.00000512	0x20	0xCA
SPI [1]	result	1.62785088	0.00000512	0x35	0x55
SPI [1]	result	1.62785616	0.00000512	0x30	0xA0
SPI [1]	result	1.62786144	0.00000512	0x53	0x00
SPI [1]	result	1.62786672	0.00000512	0x00	0x00
SPI [1]	result	1.62787200	0.00000512	0x00	0x00
SPI [1]	result	1.62787728	0.00000512	0x00	0x00
SPI [1]	result	1.62788256	0.00000512	0x00	0x00
SPI [1]	result	1.62788784	0.00000512	0x00	0x00
SPI [1]	result	1.62789312	0.00000512	0x00	0x00
SPI [1]	result	1.62789840	0.00000512	0x00	0x00
SPI [1]	result	1.62790368	0.00000512	0x00	0x00
SPI [1]	result	1.62790896	0.00000512	0x00	0xC3
SPI [1]	result	1.62791424	0.00000512	0x00	0x3C
SPI [1]	result	1.62791952	0.00000512	0x00	0xA5
SPI [1]	result	1.62792480	0.00000512	0x00	0x5A
SPI [1]	result	1.62793008	0.00000512	0x00	0x00
SPI [1]	result	1.62793536	0.00000512	0x47	0x00
SPI [1]	result	1.62794064	0.00000512	0x46	0x00
SPI [1]	result	1.62794592	0.00000512	0x58	0x00
SPI [1]	result	1.62795120	0.00000512	0x20	0x00
SPI [1]	result	1.62795648	0.00000512	0x35	0x00
SPI [1]	result	1.62796176	0.00000512	0x30	0x00
SPI [1]	result	1.62796704	0.00000512	0x53	0x00
SPI [1]	result	1.62797232	0.00000512	0x00	0x00
SPI [1]	result	1.62797760	0.00000512	0x00	0x0C
SPI [1]	result	1.62798288	0.00000512	0x00	0x33
SPI [1]	result	1.62798816	0.00000512	0x00	0xCA
SPI [1]	result	1.62799344	0.00000512	0x00	0x55
SPI [1]	result	1.62799872	0.00000512	0x00	0xA0
SPI [1]	result	1.62800400	0.00000512	0x00	0x00
SPI [1]	result	1.62800928	0.00000512	0x00	0x00
SPI [1]	result	1.62801456	0.00000512	0x35	0x00
SPI [1]	result	1.62801984	0.00000512	0x39	0x00
SPI [1]	result	1.62802512	0.00000512	0x33	0x00
SPI [1]	result	1.62803040	0.00000512	0x35	0x00
SPI [1]	result	1.62803568	0.00000512	0x33	0x00
SPI [1]	result	1.62804096	0.00000512	0x33	0x00
SPI [1]	result	1.62804624	0.00000512	0x33	0x00
SPI [1]	result	1.62805152	0.00000512	0x31	0xC3
SPI [1]	result	1.62805680	0.00000512	0x33	0x3C
SPI [1]	result	1.62806208	0.00000512	0x36	0xA5
SPI [1]	result	1.62806736	0.00000512	0x33	0x5A
SPI [1]	result	1.62807264	0.00000512	0x31	0x00
SPI [1]	result	1.62807792	0.00000512	0x31	0x00
SPI [1]	result	1.62808320	0.00000512	0x37	0x00
SPI [1]	result	1.62808848	0.00000512	0x30	0x00
SPI [1]	result	1.62809376	0.00000512	0x32	0x00
SPI [1]	result	1.62809904	0.00000512	0x31	0x00
SPI [1]	result	1.62810432	0.00000512	0x36	0x00
SPI [1]	result	1.62810960	0.00000512	0x37	0x00
SPI [1]	result	1.62811488	0.00000512	0x30	0x00
SPI [1]	result	1.62812016	0.00000512	0x32	0x0C
SPI [1]	result	1.62812544	0.00000512	0x30	0x33
SPI [1]	result	1.62813072	0.00000512	0x31	0xCA
SPI [1]	result	1.62813600	0.00000512	0x30	0x55
SPI [1]	result	1.62814128	0.00000512	0x31	0xA0
SPI [1]	result	1.62814656	0.00000512	0x31	0x00
SPI [1]	result	1.62815184	0.00000512	0x30	0x00
SPI [1]	result	1.62815712	0.00000512	0x36	0x00
SPI [1]	result	1.62816240	0.00000512	0x39	0x00
SPI [1]	result	1.62816768	0.00000512	0x41	0x00
SPI [1]	result	1.62817296	0.00000512	0x04	0x00
SPI [1]	result	1.62817824	0.00000512	0x20	0x00
SPI [1]	result	1.62818352	0.00000512	0x02	0x00
SPI [1]	result	1.62818880	0.00000512	0x16	0x00
SPI [1]	result	1.62819408	0.00000512	0x01	0xC3
SPI [1]	result	1.62819936	0.00000512	0x00	0x3C
SPI [1]	result	1.62820464	0.00000512	0x01	0xA5
SPI [1]	result	1.62820992	0.00000512	0x00	0x5A
SPI [1]	result	1.62821520	0.00000512	0x01	0x00
SPI [1]	result	1.62822048	0.00000512	0x00	0x00
SPI [1]	result	1.62822576	0.00000512	0x00	0x00
SPI [1]	result	1.62823104	0.00000512	0x00	0x00
SPI [1]	result	1.62823632	0.00000512	0x00	0x00
SPI [1]	result	1.62824160	0.00000512	0x00	0x00
SPI [1]	result	1.62824688	0.00000512	0x00	0x00
SPI [1]	result	1.62825216	0.00000512	0x00	0x00
SPI [1]	result	1.62825744	0.00000512	0x00	0x00
SPI [1]	result	1.62826272	0.00000512	0x00	0x0C
SPI [1]	result	1.62826800	0.00000512	0x00	0x33
SPI [1]	result	1.62827328	0.00000512	0x00	0xCA
SPI [1]	result	1.62827856	0.00000512	0x00	0x55
SPI [1]	result	1.62828384	0.00000512	0x00	0xA0
SPI [1]	result	1.62828912	0.00000512	0x00	0x00
SPI [1]	result	1.62829440	0.00000512	0x00	0x00
SPI [1]	result	1.62829968	0.00000512	0x00	0x00
SPI [1]	result	1.62830496	0.00000512	0x00	0x00
SPI [1]	result	1.62831024	0.00000512	0x00	0x00
SPI [1]	result	1.62831552	0.00000512	0x00	0x00
SPI [1]	result	1.62832080	0.00000512	0x00	0x00
SPI [1]	result	1.62832608	0.00000512	0x00	0x00
SPI [1]	result	1.62833136	0.00000512	0x00	0x00
SPI [1]	result	1.62833664	0.00000512	0x00	0xC3
SPI [1]	result	1.62834192	0.00000512	0x00	0x3C
SPI [1]	result	1.62834720	0.00000512	0x00	0xA5
SPI [1]	result	1.62835248	0.00000512	0x00	0x5A
SPI [1]	result	1.62835776	0.00000512	0x00	0x00
SPI [1]	result	1.62836304	0.00000512	0x00	0x00
SPI [1]	result	1.62836832	0.00000512	0x00	0x00
SPI [1]	result	1.62837360	0.00000512	0x00	0x00
SPI [1]	result	1.62837888	0.00000512	0x00	0x00
SPI [1]	result	1.62838416	0.00000512	0x00	0x00
SPI [1]	result	1.62838944	0.00000512	0x00	0x00
SPI [1]	result	1.62839472	0.00000512	0x00	0x00
SPI [1]	result	1.62840000	0.00000512	0x00	0x00
SPI [1]	result	1.62840528	0.00000512	0x00	0x0C
SPI [1]	result	1.62841056	0.00000512	0x00	0x33
SPI [1]	result	1.62841584	0.00000512	0x00	0xCA
SPI [1]	result	1.62842112	0.00000512	0x00	0x55
SPI [1]	result	1.62842640	0.00000512	0x00	0xA0
SPI [1]	result	1.62843168	0.00000512	0x00	0x00
SPI [1]	result	1.62843696	0.00000512	0x00	0x00
SPI [1]	result	1.62844224	0.00000512	0x00	0x00
SPI [1]	result	1.62844752	0.00000512	0x00	0x00
SPI [1]	result	1.62845280	0.00000512	0xED	0x00
SPI [1]	result	1.63158224	0.00000512	0x00	0xC3
SPI [1]	result	1.63158752	0.00000512	0x00	0x3C
SPI [1]	result	1.63159280	0.00000512	0x05	0xA5
SPI [1]	result	1.63159808	0.00000512	0x96	0x5A
SPI [1]	result	1.63238941	0.00000512	0x0D	0xC3
SPI [1]	result	1.63239469	0.00000512	0x10	0x3C
SPI [1]	result	1.63239997	0.00000512	0x80	0xA5
SPI [1]	result	1.63240525	0.00000512	0x0A	0x5A
SPI [1]	result	1.63295778	0.00000512	0x00	0xC3
SPI [1]	result	1.63296306	0.00000512	0x00	0x3C
SPI [1]	result	1.63296834	0.00000512	0x00	0xA5
SPI [1]	result	1.63297362	0.00000512	0x00	0x5A
SPI [1]	result	1.63353243	0.00000512	0x08	0xC3
SPI [1]	result	1.63353771	0.00000512	0x00	0x3C
SPI [1]	result	1.63354299	0.00000512	0x85	0xA5
SPI [1]	result	1.63354827	0.00000512	0xA8	0x5A
SPI [1]	result	1.63491168	0.00000512	0x00	0xC3
SPI [1]	result	1.63491696	0.00000512	0x00	0x3C
SPI [1]	result	1.63492224	0.00000512	0x08	0xA5
SPI [1]	result	1.63492752	0.00000512	0x20	0x5A
SPI [1]	result	1.63511724	0.00000512	0x0E	0x00
SPI [1]	result	1.63512252	0.00000512	0x10	0x00
SPI [1]	result	1.63512780	0.00000512	0x80	0x00
SPI [1]	result	1.63513308	0.00000512	0x12	0x00
SPI [1]	result	1.63548797	0.00000512	0x00	0xC3
SPI [1]	result	1.63549325	0.00000512	0x00	0x3C
SPI [1]	result	1.63549853	0.00000512	0x00	0xA5
SPI [1]	result	1.63550381	0.00000512	0x00	0x5A
SPI [1]	result	1.63606178	0.00000512	0x08	0xC3
SPI [1]	result	1.63606706	0.00000512	0x00	0x3C
SPI [1]	result	1.63607234	0.00000512	0x88	0xA5
SPI [1]	result	1.63607762	0.00000512	0x32	0x5A
SPI [1]	result	1.63682198	0.00000512	0x00	0xC3
SPI [1]	result	1.63682726	0.00000512	0x00	0x3C
SPI [1]	result	1.63683254	0.00000512	0x0C	0xA5
SPI [1]	result	1.63683782	0.00000512	0x30	0x5A
SPI [1]	result	1.63745390	0.00000512	0x0F	0xC3
SPI [1]	result	1.63745918	0.00000512	0x10	0x3C
SPI [1]	result	1.63746446	0.00000512	0x80	0xA5
SPI [1]	result	1.63746974	0.00000512	0x1A	0x5A
SPI [1]	result	1.63802427	0.00000512	0x00	0xC3
SPI [1]	result	1.63802955	0.00000512	0x00	0x3C
SPI [1]	result	1.63803483	0.00000512	0x0C	0xA5
SPI [1]	result	1.63804011	0.00000512	0x72	0x5A
SPI [1]	result	1.63881690	0.00000512	0x08	0xC3
SPI [1]	result	1.63882218	0.00000512	0x00	0x3C
SPI [1]	result	1.63882746	0.00000512	0x8C	0xA5
SPI [1]	result	1.63883274	0.00000512	0x02	0x5A
SPI [1]	result	1.63940836	0.00000512	0x00	0xC3
SPI [1]	result	1.63941364	0.00000512	0x00	0x3C
SPI [1]	result	1.63941892	0.00000512	0x00	0xA5
SPI [1]	result	1.63942420	0.00000512	0x00	0x5A
SPI [1]	result	1.63998468	0.00000512	0x08	0xC3
SPI [1]	result	1.63998996	0.00000512	0x00	0x3C
SPI [1]	result	1.63999524	0.00000512	0x8C	0xA5
SPI [1]	result	1.64000052	0.00000512	0x44	0x5A
SPI [1]	result	1.67513059	0.00000512	0x00	0x00
SPI [1]	result	1.67513587	0.00000512	0x00	0x00
SPI [1]	result	1.67514115	0.00000512	0x08	0x30
SPI [1]	result	1.67514643	0.00000512	0x20	0xCF
SPI [1]	result	1.67592030	0.00000512	0x09	0x29
SPI [1]	result	1.67592558	0.00000512	0x10	0x56
SPI [1]	result	1.67593086	0.00000512	0x80	0x80
SPI [1]	result	1.67593614	0.00000512	0x2A	0x00
SPI [1]	result	1.67649423	0.00000512	0x00	0xC3
SPI [1]	result	1.67649951	0.00000512	0x00	0x3C
SPI [1]	result	1.67650479	0.00000512	0x00	0xA5
SPI [1]	result	1.67651007	0.00000512	0x00	0x5A
SPI [1]	result	1.67705948	0.00000512	0x08	0xC3
SPI [1]	result	1.67706476	0.00000512	0x00	0x3C
SPI [1]	result	1.67707004	0.00000512	0x88	0xA5
SPI [1]	result	1.67707532	0.00000512	0x32	0x5A
SPI [1]	result	1.73764563	0.00000512	0x00	0xC3
SPI [1]	result	1.73765091	0.00000512	0x00	0x3C
SPI [1]	result	1.73765619	0.00000512	0x08	0xA5
SPI [1]	result	1.73766147	0.00000512	0x20	0x5A
SPI [1]	result	1.73812329	0.00000512	0x0A	0xC3
SPI [1]	result	1.73812857	0.00000512	0x10	0x3C
SPI [1]	result	1.73813385	0.00000512	0x80	0xA5
SPI [1]	result	1.73813913	0.00000512	0x32	0x5A
SPI [1]	result	1.73840721	0.00000512	0x00	0xC3
SPI [1]	result	1.73841249	0.00000512	0x00	0x3C
SPI [1]	result	1.73841777	0.00000512	0x00	0xA5
SPI [1]	result	1.73842305	0.00000512	0x00	0x5A
SPI [1]	result	1.73868727	0.00000512	0x08	0xC3
SPI [1]	result	1.73869255	0.00000512	0x00	0x3C
SPI [1]	result	1.73869783	0.00000512	0x88	0xA5
SPI [1]	result	1.73870311	0.00000512	0x32	0x5A
SPI [1]	result	1.75251124	0.00000512	0x00	0xC3
SPI [1]	result	1.75251652	0.00000512	0x00	0x3C
SPI [1]	result	1.75252180	0.00000512	0x20	0xA5
SPI [1]	result	1.75252708	0.00000512	0x04	0x5A
SPI [1]	result	1.75300331	0.00000512	0x0B	0xC3
SPI [1]	result	1.75300859	0.00000512	0x10	0x3C
SPI [1]	result	1.75301387	0.00000512	0x80	0xA5
SPI [1]	result	1.75301915	0.00000512	0x3A	0x5A
SPI [1]	result	1.75331041	0.00000512	0x00	0xC3
SPI [1]	result	1.75331569	0.00000512	0x00	0x3C
SPI [1]	result	1.75332097	0.00000512	0x3F	0xA5
SPI [1]	result	1.75332625	0.00000512	0xC6	0x5A
SPI [1]	result	1.75380439	0.00000512	0x0C	0xC3
SPI [1]	result	1.75380967	0.00000512	0x00	0x3C
SPI [1]	result	1.75381495	0.00000512	0xA0	0xA5
SPI [1]	result	1.75382023	0.00000512	0x36	0x5A
SPI [1]	result	1.75410638	0.00000512	0x00	0xC3
SPI [1]	result	1.75411166	0.00000512	0x00	0x3C
SPI [1]	result	1.75411694	0.00000512	0x00	0xA5
SPI [1]	result	1.75412222	0.00000512	0x00	0x5A
SPI [1]	result	1.75438748	0.00000512	0x08	0xC3
SPI [1]	result	1.75439276	0.00000512	0x00	0x3C
SPI [1]	result	1.75439804	0.00000512	0xBF	0xA5
SPI [1]	result	1.75440332	0.00000512	0xD8	0x5A
SPI [1]	result	1.75467655	0.00000512	0x00	0xC3
SPI [1]	result	1.75468183	0.00000512	0x02	0x3C
SPI [1]	result	1.75468711	0.00000512	0x2A	0xA5
SPI [1]	result	1.75469239	0.00000512	0x2E	0x5A
SPI [1]	result	1.75513940	0.00000512	0x0D	0x00
SPI [1]	result	1.75514468	0.00000512	0x10	0x00
SPI [1]	result	1.75514996	0.00000512	0x80	0x03
SPI [1]	result	1.75515524	0.00000512	0x0A	0x0C
SPI [1]	result	1.75542469	0.00000512	0x00	0xF2
SPI [1]	result	1.75542997	0.00000512	0x00	0x95
SPI [1]	result	1.75543525	0.00000512	0x3F	0x68
SPI [1]	result	1.75544053	0.00000512	0xC6	0x00
SPI [1]	result	1.75590528	0.00000512	0x0E	0xC3
SPI [1]	result	1.75591056	0.00000512	0x00	0x3C
SPI [1]	result	1.75591584	0.00000512	0xAA	0xA5
SPI [1]	result	1.75592112	0.00000512	0x2E	0x5A
SPI [1]	result	1.75620921	0.00000512	0x00	0xC3
SPI [1]	result	1.75621449	0.00000512	0x00	0x3C
SPI [1]	result	1.75621977	0.00000512	0x00	0xA5
SPI [1]	result	1.75622505	0.00000512	0x00	0x5A
SPI [1]	result	1.75649537	0.00000512	0x08	0xC3
SPI [1]	result	1.75650065	0.00000512	0x00	0x3C
SPI [1]	result	1.75650593	0.00000512	0xBF	0xA5
SPI [1]	result	1.75651121	0.00000512	0xD8	0x5A
SPI [1]	result	1.77760759	0.00000512	0x00	0xC3
SPI [1]	result	1.77761287	0.00000512	0x00	0x3C
SPI [1]	result	1.77761815	0.00000512	0x08	0xA5
SPI [1]	result	1.77762343	0.00000512	0x20	0x5A
SPI [1]	result	1.77808726	0.00000512	0x0F	0xC3
SPI [1]	result	1.77809254	0.00000512	0x10	0x3C
SPI [1]	result	1.77809782	0.00000512	0x80	0xA5
SPI [1]	result	1.77810310	0.00000512	0x1A	0x5A
SPI [1]	result	1.77837432	0.00000512	0x00	0xC3
SPI [1]	result	1.77837960	0.00000512	0x00	0x3C
SPI [1]	result	1.77838488	0.00000512	0x00	0xA5
SPI [1]	result	1.77839016	0.00000512	0x00	0x5A
SPI [1]	result	1.77864938	0.00000512	0x08	0xC3
SPI [1]	result	1.77865466	0.00000512	0x00	0x3C
SPI [1]	result	1.77865994	0.00000512	0x88	0xA5
SPI [1]	result	1.77866522	0.00000512	0x32	0x5A
SPI [1]	result	1.77894636	0.00000512	0x00	0xC3
SPI [1]	result	1.77895164	0.00000512	0x00	0x3C
SPI [1]	result	1.77895692	0.00000512	0x0C	0xA5
SPI [1]	result	1.77896220	0.00000512	0xB2	0x5A
SPI [1]	result	1.77941928	0.00000512	0x08	0xC3
SPI [1]	result	1.77942456	0.00000512	0x10	0x3C
SPI [1]	result	1.77942984	0.00000512	0x80	0xA5
SPI [1]	result	1.77943512	0.00000512	0x22	0x5A
SPI [1]	result	1.77970429	0.00000512	0x00	0xC3
SPI [1]	result	1.77970957	0.00000512	0x00	0x3C
SPI [1]	result	1.77971485	0.00000512	0x0C	0xA5
SPI [1]	result	1.77972013	0.00000512	0x30	0x5A
SPI [1]	result	1.78016137	0.00000512	0x09	0xC3
SPI [1]	result	1.78016665	0.00000512	0x00	0x3C
SPI [1]	result	1.78017193	0.00000512	0x8C	0xA5
SPI [1]	result	1.78017721	0.00000512	0x8C	0x5A
SPI [1]	result	1.78045330	0.00000512	0x00	0xC3
SPI [1]	result	1.78045858	0.00000512	0x00	0x3C
SPI [1]	result	1.78046386	0.00000512	0x00	0xA5
SPI [1]	result	1.78046914	0.00000512	0x00	0x5A
SPI [1]	result	1.78074436	0.00000512	0x08	0xC3
SPI [1]	result	1.78074964	0.00000512	0x00	0x3C
SPI [1]	result	1.78075492	0.00000512	0x8C	0xA5
SPI [1]	result	1.78076020	0.00000512	0x02	0x5A
SPI [1]	result	1.82090693	0.00000512	0x00	0xC3
SPI [1]	result	1.82091221	0.00000512	0x00	0x3C
SPI [1]	result	1.82091749	0.00000512	0x08	0xA5
SPI [1]	result	1.82092277	0.00000512	0x20	0x5A
SPI [1]	result	1.82145871	0.00000512	0xA5	0xC3
SPI [1]	result	1.82146399	0.00000512	0x5A	0x3C
SPI [1]	result	1.82146927	0.00000512	0x3C	0xA5
SPI [1]	result	1.82147455	0.00000512	0xC3	0x5A
SPI [1]	result	1.82187712	0.00000512	0x80	0xA5
SPI [1]	result	1.82188240	0.00000512	0x20	0x5A
SPI [1]	result	1.82188768	0.00000512	0x28	0x3C
SPI [1]	result	1.82189296	0.00000512	0x24	0xC3
SPI [1]	result	1.82228614	0.00000512	0x08	0x08
SPI [1]	result	1.82229142	0.00000512	0x10	0x10
SPI [1]	result	1.82229670	0.00000512	0x80	0xA8
SPI [1]	result	1.82230198	0.00000512	0x22	0x06
SPI [1]	result	1.82269790	0.00000512	0x00	0x08
SPI [1]	result	1.82270318	0.00000512	0x00	0x00
SPI [1]	result	1.82270846	0.00000512	0x00	0xA8
SPI [1]	result	1.82271374	0.00000512	0x00	0x36
SPI [1]	result	1.82310641	0.00000512	0x00	0x00
SPI [1]	result	1.82311169	0.00000512	0x00	0xF3
SPI [1]	result	1.82311697	0.00000512	0x00	0x03
SPI [1]	result	1.82312225	0.00000512	0x00	0xE8
SPI [1]	result	1.82353658	0.00000512	0x00	0xC3
SPI [1]	result	1.82354186	0.00000512	0x00	0x3C
SPI [1]	result	1.82354714	0.00000512	0x3F	0xA5
SPI [1]	result	1.82355242	0.00000512	0xC6	0x5A
SPI [1]	result	1.82440412	0.00000512	0x08	0xC3
SPI [1]	result	1.82440940	0.00000512	0x10	0x3C
SPI [1]	result	1.82441468	0.00000512	0x80	0xA5
SPI [1]	result	1.82441996	0.00000512	0x22	0x5A
SPI [1]	result	1.82775620	0.00000512	0x00	0xC3
SPI [1]	result	1.82776148	0.00000512	0x00	0x3C
SPI [1]	result	1.82776676	0.00000512	0x00	0xA5
SPI [1]	result	1.82777204	0.00000512	0x00	0x5A
SPI [1]	result	1.82860214	0.00000512	0x08	0xC3
SPI [1]	result	1.82860742	0.00000512	0x00	0x3C
SPI [1]	result	1.82861270	0.00000512	0xBF	0xA5
SPI [1]	result	1.82861798	0.00000512	0xD8	0x5A
SPI [1]	result	1.83115675	0.00000512	0xB8	0xC3
SPI [1]	result	1.83116203	0.00000512	0x01	0x3C
SPI [1]	result	1.83116731	0.00000512	0x06	0xA5
SPI [1]	result	1.83117259	0.00000512	0x26	0x5A
SPI [1]	result	1.83195264	0.00000512	0x09	0xC3
SPI [1]	result	1.83195792	0.00000512	0x10	0x3C
SPI [1]	result	1.83196320	0.00000512	0x80	0xA5
SPI [1]	result	1.83196848	0.00000512	0x2A	0x5A
SPI [1]	result	1.83253211	0.00000512	0x00	0xC3
SPI [1]	result	1.83253739	0.00000512	0x00	0x3C
SPI [1]	result	1.83254267	0.00000512	0x05	0xA5
SPI [1]	result	1.83254795	0.00000512	0x14	0x5A
SPI [1]	result	1.83331852	0.00000512	0x0A	0xC3
SPI [1]	result	1.83332380	0.00000512	0x00	0x3C
SPI [1]	result	1.83332908	0.00000512	0x86	0xA5
SPI [1]	result	1.83333436	0.00000512	0x3A	0x5A
SPI [1]	result	1.83390663	0.00000512	0x00	0xC3
SPI [1]	result	1.83391191	0.00000512	0x00	0x3C
SPI [1]	result	1.83391719	0.00000512	0x00	0xA5
SPI [1]	result	1.83392247	0.00000512	0x00	0x5A
SPI [1]	result	1.83446817	0.00000512	0x08	0xC3
SPI [1]	result	1.83447345	0.00000512	0x00	0x3C
SPI [1]	result	1.83447873	0.00000512	0x85	0xA5
SPI [1]	result	1.83448401	0.00000512	0x26	0x5A
SPI [1]	result	1.83756115	0.00000512	0xFF	0xC3
SPI [1]	result	1.83756643	0.00000512	0xFF	0x3C
SPI [1]	result	1.83757171	0.00000512	0x00	0xA5
SPI [1]	result	1.83757699	0.00000512	0x00	0x5A
SPI [1]	result	1.83758227	0.00000512	0x00	0x00
SPI [1]	result	1.83758755	0.00000512	0x00	0x00
SPI [1]	result	1.83759283	0.00000512	0x00	0x00
SPI [1]	result	1.83759811	0.00000512	0x00	0x00
SPI [1]	result	1.83760339	0.00000512	0x00	0x00
SPI [1]	result	1.83760867	0.00000512	0x00	0x00
SPI [1]	result	1.83761395	0.00000512	0x00	0x00
SPI [1]	result	1.83761923	0.00000512	0x00	0x00
SPI [1]	result	1.83762451	0.00000512	0x00	0x00
SPI [1]	result	1.83762979	0.00000512	0x00	0x0C
SPI [1]	result	1.83763507	0.00000512	0x00	0x33
SPI [1]	result	1.83764035	0.00000512	0x00	0xCA
SPI [1]	result	1.83764563	0.00000512	0x00	0x55
SPI [1]	result	1.83765091	0.00000512	0x00	0xA0
SPI [1]	result	1.83765619	0.00000512	0x00	0x00
SPI [1]	result	1.83766147	0.00000512	0x00	0x00
SPI [1]	result	1.83766675	0.00000512	0x00	0x00
SPI [1]	result	1.83767203	0.00000512	0x00	0x00
SPI [1]	result	1.83767731	0.00000512	0x00	0x00
SPI [1]	result	1.83768259	0.00000512	0x00	0x00
SPI [1]	result	1.83768787	0.00000512	0x00	0x00
SPI [1]	result	1.83769315	0.00000512	0x00	0x00
SPI [1]	result	1.83769843	0.00000512	0x00	0x00
SPI [1]	result	1.83770371	0.00000512	0x00	0xC3
SPI [1]	result	1.83770899	0.00000512	0x00	0x3C
SPI [1]	result	1.83771427	0.00000512	0x00	0xA5
SPI [1]	result	1.83771955	0.00000512	0x00	0x5A
SPI [1]	result	1.83772483	0.00000512	0x00	0x00
SPI [1]	result	1.83773011	0.00000512	0x00	0x00
SPI [1]	result	1.83773539	0.00000512	0x00	0x00
SPI [1]	result	1.83774067	0.00000512	0x00	0x00
SPI [1]	result	1.83774595	0.00000512	0x00	0x00
SPI [1]	result	1.83775123	0.00000512	0x00	0x00
SPI [1]	result	1.83775651	0.00000512	0x00	0x00
SPI [1]	result	1.83776179	0.00000512	0x00	0x00
SPI [1]	result	1.83776707	0.00000512	0x00	0x00
SPI [1]	result	1.83777235	0.00000512	0x00	0x0C
SPI [1]	result	1.83777763	0.00000512	0x00	0x33
SPI [1]	result	1.83778291	0.00000512	0x00	0xCA
SPI [1]	result	1.83778819	0.00000512	0x00	0x55
SPI [1]	result	1.83779347	0.00000512	0x00	0xA0
SPI [1]	result	1.83779875	0.00000512	0x00	0x00
SPI [1]	result	1.83780403	0.00000512	0x00	0x00
SPI [1]	result	1.83780931	0.00000512	0x00	0x00
SPI [1]	result	1.83781459	0.00000512	0x00	0x00
SPI [1]	result	1.83781987	0.00000512	0x00	0x00
SPI [1]	result	1.83782515	0.00000512	0x00	0x00
SPI [1]	result	1.83783043	0.00000512	0x00	0x00
SPI [1]	result	1.83783571	0.00000512	0x00	0x00
SPI [1]	result	1.83784099	0.00000512	0x00	0x00
SPI [1]	result	1.83784627	0.00000512	0x00	0xC3
SPI [1]	result	1.83785155	0.00000512	0x00	0x3C
SPI [1]	result	1.83785683	0.00000512	0x00	0xA5
SPI [1]	result	1.83786211	0.00000512	0x00	0x5A
SPI [1]	result	1.83786739	0.00000512	0x00	0x00
SPI [1]	result	1.83787267	0.00000512	0x00	0x00
SPI [1]	result	1.83787795	0.00000512	0x00	0x00
SPI [1]	result	1.83788323	0.00000512	0x00	0x00
SPI [1]	result	1.83788851	0.00000512	0x00	0x00
SPI [1]	result	1.83789379	0.00000512	0x00	0x00
SPI [1]	result	1.83789907	0.00000512	0x00	0x00
SPI [1]	result	1.83790435	0.00000512	0x00	0x00
SPI [1]	result	1.83790963	0.00000512	0x00	0x00
SPI [1]	result	1.83791491	0.00000512	0x00	0x04
SPI [1]	result	1.83792019	0.00000512	0x00	0x33
SPI [1]	result	1.83792547	0.00000512	0x00	0xCA
SPI [1]	result	1.83793075	0.00000512	0x00	0x55
SPI [1]	result	1.83793603	0.00000512	0x00	0xA0
SPI [1]	result	1.83794131	0.00000512	0x00	0x00
SPI [1]	result	1.83794659	0.00000512	0x00	0x00
SPI [1]	result	1.83795187	0.00000512	0x00	0x00
SPI [1]	result	1.83795715	0.00000512	0x00	0x00
SPI [1]	result	1.83796243	0.00000512	0x00	0x00
SPI [1]	result	1.83796771	0.00000512	0x00	0x00
SPI [1]	result	1.83797299	0.00000512	0x00	0x00
SPI [1]	result	1.83797827	0.00000512	0x00	0x00
SPI [1]	result	1.83798355	0.00000512	0x00	0x00
SPI [1]	result	1.83798883	0.00000512	0x00	0xC3
SPI [1]	result	1.83799411	0.00000512	0x00	0x3C
SPI [1]	result	1.83799939	0.00000512	0x00	0xA5
SPI [1]	result	1.83800467	0.00000512	0x00	0x5A
SPI [1]	result	1.83800995	0.00000512	0x00	0x00
SPI [1]	result	1.83801523	0.00000512	0x00	0x00
SPI [1]	result	1.83802051	0.00000512	0x00	0x00
SPI [1]	result	1.83802579	0.00000512	0x00	0x00
SPI [1]	result	1.83803107	0.00000512	0x00	0x00
SPI [1]	result	1.83803635	0.00000512	0x00	0x00
SPI [1]	result	1.83804163	0.00000512	0x00	0x00
SPI [1]	result	1.83804691	0.00000512	0x00	0x00
SPI [1]	result	1.83805219	0.00000512	0x00	0x00
SPI [1]	result	1.83805747	0.00000512	0x00	0x0C
SPI [1]	result	1.83806275	0.00000512	0x00	0x33
SPI [1]	result	1.83806803	0.00000512	0x00	0xCA
SPI [1]	result	1.83807331	0.00000512	0x00	0x55
SPI [1]	result	1.83807859	0.00000512	0x00	0xA0
SPI [1]	result	1.83808387	0.00000512	0x00	0x00
SPI [1]	result	1.83808915	0.00000512	0x00	0x00
SPI [1]	result	1.83809443	0.00000512	0x00	0x00
SPI [1]	result	1.83809971	0.00000512	0x00	0x00
SPI [1]	result	1.83810499	0.00000512	0x00	0x00
SPI [1]	result	1.83811027	0.00000512	0x00	0x00
SPI [1]	result	1.83811555	0.00000512	0x00	0x00
SPI [1]	result	1.83812083	0.00000512	0x00	0x00
SPI [1]	result	1.83812611	0.00000512	0x00	0x00
SPI [1]	result	1.83813139	0.00000512	0x00	0xC3
SPI [1]	result	1.83813667	0.00000512	0x00	0x3C
SPI [1]	result	1.83814195	0.00000512	0x00	0xA5
SPI [1]	result	1.83814723	0.00000512	0x00	0x5A
SPI [1]	result	1.83815251	0.00000512	0x00	0x00
SPI [1]	result	1.83815779	0.00000512	0x00	0x00
SPI [1]	result	1.83816307	0.00000512	0x00	0x00
SPI [1]	result	1.83816835	0.00000512	0x00	0x00
SPI [1]	result	1.83817363	0.00000512	0x00	0x00
SPI [1]	result	1.83817891	0.00000512	0x00	0x00
SPI [1]	result	1.83818419	0.00000512	0x00	0x00
SPI [1]	result	1.83818947	0.00000512	0x00	0x00
SPI [1]	result	1.83819475	0.00000512	0x00	0x00
SPI [1]	result	1.83820003	0.00000512	0x00	0x00
SPI [1]	result	1.83820531	0.00000512	0x00	0xC3
SPI [1]	result	1.83821059	0.00000512	0x00	0x3C
SPI [1]	result	1.83821587	0.00000512	0x00	0xA5
SPI [1]	result	1.83822115	0.00000512	0x00	0x5A
SPI [1]	result	1.83822643	0.00000512	0x00	0x00
SPI [1]	result	1.83823171	0.00000512	0x00	0x00
SPI [1]	result	1.83823699	0.00000512	0x00	0x00
SPI [1]	result	1.83824227	0.00000512	0x00	0x00
SPI [1]	result	1.83824755	0.00000512	0x5A	0x00
SPI [1]	result	1.84137656	0.00000512	0xFF	0xC3
SPI [1]	result	1.84138184	0.00000512	0x00	0x3C
SPI [1]	result	1.84138712	0.00000512	0x00	0xA5
SPI [1]	result	1.84139240	0.00000512	0x00	0x5A
SPI [1]	result	1.84139768	0.00000512	0x00	0x00
SPI [1]	result	1.84140296	0.00000512	0x00	0x00
SPI [1]	result	1.84140824	0.00000512	0x00	0x00
SPI [1]	result	1.84141352	0.00000512	0x00	0x00
SPI [1]	result	1.84141880	0.00000512	0x00	0x00
SPI [1]	result	1.84142408	0.00000512	0x00	0x00
SPI [1]	result	1.84142936	0.00000512	0x00	0x00
SPI [1]	result	1.84143464	0.00000512	0x00	0x00
SPI [1]	result	1.84143992	0.00000512	0x00	0x00
SPI [1]	result	1.84144520	0.00000512	0x00	0x0C
SPI [1]	result	1.84145048	0.00000512	0x00	0x33
SPI [1]	result	1.84145576	0.00000512	0x00	0xCA
SPI [1]	result	1.84146104	0.00000512	0x00	0x55
SPI [1]	result	1.84146632	0.00000512	0x00	0xA0
SPI [1]	result	1.84147160	0.00000512	0x00	0x00
SPI [1]	result	1.84147688	0.00000512	0x00	0x00
SPI [1]	result	1.84148216	0.00000512	0x00	0x00
SPI [1]	result	1.84148744	0.00000512	0x00	0x00
SPI [1]	result	1.84149272	0.00000512	0x00	0x00
SPI [1]	result	1.84149800	0.00000512	0x00	0x00
SPI [1]	result	1.84150328	0.00000512	0x00	0x00
SPI [1]	result	1.84150856	0.00000512	0x00	0x00
SPI [1]	result	1.84151384	0.00000512	0x00	0x00
SPI [1]	result	1.84151912	0.00000512	0x00	0xC3
SPI [1]	result	1.84152440	0.00000512	0x00	0x3C
SPI [1]	result	1.84152968	0.00000512	0x00	0xA5
SPI [1]	result	1.84153496	0.00000512	0x00	0x5A
SPI [1]	result	1.84154024	0.00000512	0x00	0x00
SPI [1]	result	1.84154552	0.00000512	0x00	0x00
SPI [1]	result	1.84155080	0.00000512	0x00	0x00
SPI [1]	result	1.84155608	0.00000512	0x00	0x00
SPI [1]	result	1.84156136	0.00000512	0x00	0x00
SPI [1]	result	1.84156664	0.00000512	0x00	0x00
SPI [1]	result	1.84157192	0.00000512	0x00	0x00
SPI [1]	result	1.84157720	0.00000512	0x00	0x00
SPI [1]	result	1.84158248	0.00000512	0x00	0x00
SPI [1]	result	1.84158776	0.00000512	0x00	0x0C
SPI [1]	result	1.84159304	0.00000512	0x00	0x33
SPI [1]	result	1.84159832	0.00000512	0x00	0xCA
SPI [1]	result	1.84160360	0.00000512	0x00	0x55
SPI [1]	result	1.84160888	0.00000512	0x00	0xA0
SPI [1]	result	1.84161416	0.00000512	0x00	0x00
SPI [1]	result	1.84161944	0.00000512	0x00	0x00
SPI [1]	result	1.84162472	0.00000512	0x00	0x00
SPI [1]	result	1.84163000	0.00000512	0x00	0x00
SPI [1]	result	1.84163528	0.00000512	0x00	0x00
SPI [1]	result	1.84164056	0.00000512	0x00	0x00
SPI [1]	result	1.84164584	0.00000512	0x00	0x00
SPI [1]	result	1.84165112	0.00000512	0x00	0x00
SPI [1]	result	1.84165640	0.00000512	0x00	0x00
SPI [1]	result	1.84166168	0.00000512	0x00	0xC3
SPI [1]	result	1.84166696	0.00000512	0x00	0x3C
SPI [1]	result	1.84167224	0.00000512	0x00	0xA5
SPI [1]	result	1.84167752	0.00000512	0x00	0x5A
SPI [1]	result	1.84168280	0.00000512	0x00	0x00
SPI [1]	result	1.84168808	0.00000512	0x00	0x00
SPI [1]	result	1.84169336	0.00000512	0x00	0x00
SPI [1]	result	1.84169864	0.00000512	0x00	0x00
SPI [1]	result	1.84170392	0.00000512	0x00	0x00
SPI [1]	result	1.84170920	0.00000512	0x00	0x00
SPI [1]	result	1.84171448	0.00000512	0x00	0x00
SPI [1]	result	1.84171976	0.00000512	0x00	0x00
SPI [1]	result	1.84172504	0.00000512	0x00	0x00
SPI [1]	result	1.84173032	0.00000512	0x00	0x0C
SPI [1]	result	1.84173560	0.00000512	0x00	0x33
SPI [1]	result	1.84174088	0.00000512	0x00	0xCA
SPI [1]	result	1.84174616	0.00000512	0x00	0x55
SPI [1]	result	1.84175144	0.00000512	0x00	0xA0
SPI [1]	result	1.84175672	0.00000512	0x00	0x00
SPI [1]	result	1.84176200	0.00000512	0x00	0x00
SPI [1]	result	1.84176728	0.00000512	0x00	0x00
SPI [1]	result	1.84177256	0.00000512	0x00	0x00
SPI [1]	result	1.84177784	0.00000512	0x00	0x00
SPI [1]	result	1.84178312	0.00000512	0x00	0x00
SPI [1]	result	1.84178840	0.00000512	0x00	0x00
SPI [1]	result	1.84179368	0.00000512	0x00	0x00
SPI [1]	result	1.84179896	0.00000512	0x00	0x00
SPI [1]	result	1.84180424	0.00000512	0x00	0xC3
SPI [1]	result	1.84180952	0.00000512	0x00	0x3C
SPI [1]	result	1.84181480	0.00000512	0x00	0xA5
SPI [1]	result	1.84182008	0.00000512	0x00	0x5A
SPI [1]	result	1.84182536	0.00000512	0x00	0x00
SPI [1]	result	1.84183064	0.00000512	0x00	0x00
SPI [1]	result	1.84183592	0.00000512	0x00	0x00
SPI [1]	result	1.84184120	0.00000512	0x00	0x00
SPI [1]	result	1.84184648	0.00000512	0x00	0x00
SPI [1]	result	1.84185176	0.00000512	0x00	0x00
SPI [1]	result	1.84185704	0.00000512	0x00	0x00
SPI [1]	result	1.84186232	0.00000512	0x00	0x00
SPI [1]	result	1.84186760	0.00000512	0x00	0x00
SPI [1]	result	1.84187288	0.00000512	0x00	0x0C
SPI [1]	result	1.84187816	0.00000512	0x00	0x33
SPI [1]	result	1.84188344	0.00000512	0x00	0xCA
SPI [1]	result	1.84188872	0.00000512	0x00	0x55
SPI [1]	result	1.84189400	0.00000512	0x00	0xA0
SPI [1]	result	1.84189928	0.00000512	0x00	0x00
SPI [1]	result	1.84190456	0.00000512	0x00	0x00
SPI [1]	result	1.84190984	0.00000512	0x00	0x00
SPI [1]	result	1.84191512	0.00000512	0x00	0x00
SPI [1]	result	1.84192040	0.00000512	0x00	0x00
SPI [1]	result	1.84192568	0.00000512	0x00	0x00
SPI [1]	result	1.84193096	0.00000512	0x00	0x00
SPI [1]	result	1.84193624	0.00000512	0x00	0x00
SPI [1]	result	1.84194152	0.00000512	0x00	0x00
SPI [1]	result	1.84194680	0.00000512	0x00	0xC3
SPI [1]	result	1.84195208	0.00000512	0x00	0x3C
SPI [1]	result	1.84195736	0.00000512	0x00	0xA5
SPI [1]	result	1.84196264	0.00000512	0x00	0x5A
SPI [1]	result	1.84196792	0.00000512	0x00	0x00
SPI [1]	result	1.84197320	0.00000512	0x00	0x00
SPI [1]	result	1.84197848	0.00000512	0x00	0x00
SPI [1]	result	1.84198376	0.00000512	0x00	0x00
SPI [1]	result	1.84198904	0.00000512	0x00	0x00
SPI [1]	result	1.84199432	0.00000512	0x00	0x00
SPI [1]	result	1.84199960	0.00000512	0x00	0x00
SPI [1]	result	1.84200488	0.00000512	0x00	0x00
SPI [1]	result	1.84201016	0.00000512	0x00	0x00
SPI [1]	result	1.84201544	0.00000512	0x00	0x0C
SPI [1]	result	1.84202072	0.00000512	0x00	0x33
SPI [1]	result	1.84202600	0.00000512	0x00	0xCA
SPI [1]	result	1.84203128	0.00000512	0x00	0x55
SPI [1]	result	1.84203656	0.00000512	0x00	0xA0
SPI [1]	result	1.84204184	0.00000512	0x00	0x00
SPI [1]	result	1.84204712	0.00000512	0x00	0x00
SPI [1]	result	1.84205240	0.00000512	0x00	0x00
SPI [1]	result	1.84205768	0.00000512	0x00	0x00
SPI [1]	result	1.84206296	0.00000512	0x5A	0x00
SPI [1]	result	1.84521224	0.00000512	0xB8	0xC3
SPI [1]	result	1.84521752	0.00000512	0x01	0x3C
SPI [1]	result	1.84522280	0.00000512	0x06	0xA5
SPI [1]	result	1.84522808	0.00000512	0x26	0x5A
SPI [1]	result	1.84601410	0.00000512	0x0B	0xC3
SPI [1]	result	1.84601938	0.00000512	0x10	0x3C
SPI [1]	result	1.84602466	0.00000512	0x80	0xA5
SPI [1]	result	1.84602994	0.00000512	0x3A	0x5A
SPI [1]	result	1.84657919	0.00000512	0x00	0xC3
SPI [1]	result	1.84658447	0.00000512	0x00	0x3C
SPI [1]	result	1.84658975	0.00000512	0x05	0xA5
SPI [1]	result	1.84659503	0.00000512	0x56	0x5A
SPI [1]	result	1.84737035	0.00000512	0x0C	0xC3
SPI [1]	result	1.84737563	0.00000512	0x00	0x3C
SPI [1]	result	1.84738091	0.00000512	0x86	0xA5
SPI [1]	result	1.84738619	0.00000512	0x0A	0x5A
SPI [1]	result	1.84795422	0.00000512	0x00	0xC3
SPI [1]	result	1.84795950	0.00000512	0x00	0x3C
SPI [1]	result	1.84796478	0.00000512	0x00	0xA5
SPI [1]	result	1.84797006	0.00000512	0x00	0x5A
SPI [1]	result	1.84852923	0.00000512	0x08	0xC3
SPI [1]	result	1.84853451	0.00000512	0x00	0x3C
SPI [1]	result	1.84853979	0.00000512	0x85	0xA5
SPI [1]	result	1.84854507	0.00000512	0x68	0x5A
SPI [1]	result	1.85163005	0.00000512	0x00	0xC3
SPI [1]	result	1.85163533	0.00000512	0x00	0x3C
SPI [1]	result	1.85164061	0.00000512	0x53	0xA5
SPI [1]	result	1.85164589	0.00000512	0x50	0x5A
SPI [1]	result	1.85165117	0.00000512	0x58	0x00
SPI [1]	result	1.85165645	0.00000512	0x31	0x00
SPI [1]	result	1.85166173	0.00000512	0x00	0x00
SPI [1]	result	1.85166701	0.00000512	0x00	0x00
SPI [1]	result	1.85167229	0.00000512	0x00	0x00
SPI [1]	result	1.85167757	0.00000512	0x00	0x00
SPI [1]	result	1.85168285	0.00000512	0x00	0x00
SPI [1]	result	1.85168813	0.00000512	0x00	0x00
SPI [1]	result	1.85169341	0.00000512	0x47	0x00
SPI [1]	result	1.85169869	0.00000512	0x46	0x0C
SPI [1]	result	1.85170397	0.00000512	0x58	0x33
SPI [1]	result	1.85170925	0.00000512	0x20	0xCA
SPI [1]	result	1.85171453	0.00000512	0x35	0x55
SPI [1]	result	1.85171981	0.00000512	0x30	0xA0
SPI [1]	result	1.85172509	0.00000512	0x53	0x00
SPI [1]	result	1.85173037	0.00000512	0x00	0x00
SPI [1]	result	1.85173565	0.00000512	0x00	0x00
SPI [1]	result	1.85174093	0.00000512	0x00	0x00
SPI [1]	result	1.85174621	0.00000512	0x00	0x00
SPI [1]	result	1.85175149	0.00000512	0x00	0x00
SPI [1]	result	1.85175677	0.00000512	0x00	0x00
SPI [1]	result	1.85176205	0.00000512	0x00	0x00
SPI [1]	result	1.85176733	0.00000512	0x00	0x00
SPI [1]	result	1.85177261	0.00000512	0x00	0xC3
SPI [1]	result	1.85177789	0.00000512	0x00	0x3C
SPI [1]	result	1.85178317	0.00000512	0x00	0xA5
SPI [1]	result	1.85178845	0.00000512	0x00	0x5A
SPI [1]	result	1.85179373	0.00000512	0x00	0x00
SPI [1]	result	1.85179901	0.00000512	0x47	0x00
SPI [1]	result	1.85180429	0.00000512	0x46	0x00
SPI [1]	result	1.85180957	0.00000512	0x58	0x00
SPI [1]	result	1.85181485	0.00000512	0x20	0x00
SPI [1]	result	1.85182013	0.00000512	0x35	0x00
SPI [1]	result	1.85182541	0.00000512	0x30	0x00
SPI [1]	result	1.85183069	0.00000512	0x53	0x00
SPI [1]	result	1.85183597	0.00000512	0x00	0x00
SPI [1]	result	1.85184125	0.00000512	0x00	0x0C
SPI [1]	result	1.85184653	0.00000512	0x00	0x33
SPI [1]	result	1.85185181	0.00000512	0x00	0xCA
SPI [1]	result	1.85185709	0.00000512	0x00	0x55
SPI [1]	result	1.85186237	0.00000512	0x00	0xA0
SPI [1]	result	1.85186765	0.00000512	0x00	0x00
SPI [1]	result	1.85187293	0.00000512	0x00	0x00
SPI [1]	result	1.85187821	0.00000512	0x35	0x00
SPI [1]	result	1.85188349	0.00000512	0x39	0x00
SPI [1]	result	1.85188877	0.00000512	0x33	0x00
SPI [1]	result	1.85189405	0.00000512	0x35	0x00
SPI [1]	result	1.85189933	0.00000512	0x33	0x00
SPI [1]	result	1.85190461	0.00000512	0x33	0x00
SPI [1]	result	1.85190989	0.00000512	0x33	0x00
SPI [1]	result	1.85191517	0.00000512	0x31	0xC3
SPI [1]	result	1.85192045	0.00000512	0x33	0x3C
SPI [1]	result	1.85192573	0.00000512	0x36	0xA5
SPI [1]	result	1.85193101	0.00000512	0x33	0x5A
SPI [1]	result	1.85193629	0.00000512	0x31	0x00
SPI [1]	result	1.85194157	0.00000512	0x31	0x00
SPI [1]	result	1.85194685	0.00000512	0x37	0x00
SPI [1]	result	1.85195213	0.00000512	0x30	0x00
SPI [1]	result	1.85195741	0.00000512	0x32	0x00
SPI [1]	result	1.85196269	0.00000512	0x31	0x00
SPI [1]	result	1.85196797	0.00000512	0x36	0x00
SPI [1]	result	1.85197325	0.00000512	0x37	0x00
SPI [1]	result	1.85197853	0.00000512	0x30	0x00
SPI [1]	result	1.85198381	0.00000512	0x32	0x0C
SPI [1]	result	1.85198909	0.00000512	0x30	0x33
SPI [1]	result	1.85199437	0.00000512	0x31	0xCA
SPI [1]	result	1.85199965	0.00000512	0x30	0x55
SPI [1]	result	1.85200493	0.00000512	0x31	0xA0
SPI [1]	result	1.85201021	0.00000512	0x31	0x00
SPI [1]	result	1.85201549	0.00000512	0x30	0x00
SPI [1]	result	1.85202077	0.00000512	0x36	0x00
SPI [1]	result	1.85202605	0.00000512	0x39	0x00
SPI [1]	result	1.85203133	0.00000512	0x41	0x00
SPI [1]	result	1.85203661	0.00000512	0x04	0x00
SPI [1]	result	1.85204189	0.00000512	0x20	0x00
SPI [1]	result	1.85204717	0.00000512	0x02	0x00
SPI [1]	result	1.85205245	0.00000512	0x16	0x00
SPI [1]	result	1.85205773	0.00000512	0x01	0xC3
SPI [1]	result	1.85206301	0.00000512	0x00	0x3C
SPI [1]	result	1.85206829	0.00000512	0x01	0xA5
SPI [1]	result	1.85207357	0.00000512	0x00	0x5A
SPI [1]	result	1.85207885	0.00000512	0x01	0x00
SPI [1]	result	1.85208413	0.00000512	0x00	0x00
SPI [1]	result	1.85208941	0.00000512	0x00	0x00
SPI [1]	result	1.85209469	0.00000512	0x00	0x00
SPI [1]	result	1.85209997	0.00000512	0x00	0x00
SPI [1]	result	1.85210525	0.00000512	0x00	0x00
SPI [1]	result	1.85211053	0.00000512	0x00	0x00
SPI [1]	result	1.85211581	0.00000512	0x00	0x00
SPI [1]	result	1.85212109	0.00000512	0x00	0x00
SPI [1]	result	1.85212637	0.00000512	0x00	0x0C
SPI [1]	result	1.85213165	0.00000512	0x00	0x33
SPI [1]	result	1.85213693	0.00000512	0x00	0xCA
SPI [1]	result	1.85214221	0.00000512	0x00	0x55
SPI [1]	result	1.85214749	0.00000512	0x00	0xA0
SPI [1]	result	1.85215277	0.00000512	0x00	0x00
SPI [1]	result	1.85215805	0.00000512	0x00	0x00
SPI [1]	result	1.85216333	0.00000512	0x00	0x00
SPI [1]	result	1.85216861	0.00000512	0x00	0x00
SPI [1]	result	1.85217389	0.00000512	0x00	0x00
SPI [1]	result	1.85217917	0.00000512	0x00	0x00
SPI [1]	result	1.85218445	0.00000512	0x00	0x00
SPI [1]	result	1.85218973	0.00000512	0x00	0x00
SPI [1]	result	1.85219501	0.00000512	0x00	0x00
SPI [1]	result	1.85220029	0.00000512	0x00	0xC3
SPI [1]	result	1.85220557	0.00000512	0x00	0x3C
SPI [1]	result	1.85221085	0.00000512	0x00	0xA5
SPI [1]	result	1.85221613	0.00000512	0x00	0x5A
SPI [1]	result	1.85222141	0.00000512	0x00	0x00
SPI [1]	result	1.85222669	0.00000512	0x00	0x00
SPI [1]	result	1.85223197	0.00000512	0x00	0x00
SPI [1]	result	1.85223725	0.00000512	0x00	0x00
SPI [1]	result	1.85224253	0.00000512	0x00	0x00
SPI [1]	result	1.85224781	0.00000512	0x00	0x00
SPI [1]	result	1.85225309	0.00000512	0x00	0x00
SPI [1]	result	1.85225837	0.00000512	0x00	0x00
SPI [1]	result	1.85226365	0.00000512	0x00	0x00
SPI [1]	result	1.85226893	0.00000512	0x00	0x0C
SPI [1]	result	1.85227421	0.00000512	0x00	0x33
SPI [1]	result	1.85227949	0.00000512	0x00	0xCA
SPI [1]	result	1.85228477	0.00000512	0x00	0x55
SPI [1]	result	1.85229005	0.00000512	0x00	0xA0
SPI [1]	result	1.85229533	0.00000512	0x00	0x00
SPI [1]	result	1.85230061	0.00000512	0x00	0x00
SPI [1]	result	1.85230589	0.00000512	0x00	0x00
SPI [1]	result	1.85231117	0.00000512	0x00	0x00
SPI [1]	result	1.85231645	0.00000512	0xEF	0x00
SPI [1]	result	1.85544032	0.00000512	0xFF	0xC3
SPI [1]	result	1.85544560	0.00000512	0xFF	0x3C
SPI [1]	result	1.85545088	0.00000512	0x53	0xA5
SPI [1]	result	1.85545616	0.00000512	0x50	0x5A
SPI [1]	result	1.85546144	0.00000512	0x58	0x00
SPI [1]	result	1.85546672	0.00000512	0x31	0x00
SPI [1]	result	1.85547200	0.00000512	0x00	0x00
SPI [1]	result	1.85547728	0.00000512	0x00	0x00
SPI [1]	result	1.85548256	0.00000512	0x00	0x00
SPI [1]	result	1.85548784	0.00000512	0x00	0x00
SPI [1]	result	1.85549312	0.00000512	0x00	0x00
SPI [1]	result	1.85549840	0.00000512	0x00	0x00
SPI [1]	result	1.85550368	0.00000512	0x47	0x00
SPI [1]	result	1.85550896	0.00000512	0x46	0x0C
SPI [1]	result	1.85551424	0.00000512	0x58	0x33
SPI [1]	result	1.85551952	0.00000512	0x20	0xCA
SPI [1]	result	1.85552480	0.00000512	0x35	0x55
SPI [1]	result	1.85553008	0.00000512	0x30	0xA0
SPI [1]	result	1.85553536	0.00000512	0x53	0x00
SPI [1]	result	1.85554064	0.00000512	0x00	0x00
SPI [1]	result	1.85554592	0.00000512	0x00	0x00
SPI [1]	result	1.85555120	0.00000512	0x00	0x00
SPI [1]	result	1.85555648	0.00000512	0x00	0x00
SPI [1]	result	1.85556176	0.00000512	0x00	0x00
SPI [1]	result	1.85556704	0.00000512	0x00	0x00
SPI [1]	result	1.85557232	0.00000512	0x00	0x00
SPI [1]	result	1.85557760	0.00000512	0x00	0x00
SPI [1]	result	1.85558288	0.00000512	0x00	0xC3
SPI [1]	result	1.85558816	0.00000512	0x00	0x3C
SPI [1]	result	1.85559344	0.00000512	0x00	0xA5
SPI [1]	result	1.85559872	0.00000512	0x00	0x5A
SPI [1]	result	1.85560400	0.00000512	0x00	0x00
SPI [1]	result	1.85560928	0.00000512	0x47	0x00
SPI [1]	result	1.85561456	0.00000512	0x46	0x00
SPI [1]	result	1.85561984	0.00000512	0x58	0x00
SPI [1]	result	1.85562512	0.00000512	0x20	0x00
SPI [1]	result	1.85563040	0.00000512	0x35	0x00
SPI [1]	result	1.85563568	0.00000512	0x30	0x00
SPI [1]	result	1.85564096	0.00000512	0x53	0x00
SPI [1]	result	1.85564624	0.00000512	0x00	0x00
SPI [1]	result	1.85565152	0.00000512	0x00	0x0C
SPI [1]	result	1.85565680	0.00000512	0x00	0x33
SPI [1]	result	1.85566208	0.00000512	0x00	0xCA
SPI [1]	result	1.85566736	0.00000512	0x00	0x55
SPI [1]	result	1.85567264	0.00000512	0x00	0xA0
SPI [1]	result	1.85567792	0.00000512	0x00	0x00
SPI [1]	result	1.85568320	0.00000512	0x00	0x00
SPI [1]	result	1.85568848	0.00000512	0x35	0x00
SPI [1]	result	1.85569376	0.00000512	0x39	0x00
SPI [1]	result	1.85569904	0.00000512	0x33	0x00
SPI [1]	result	1.85570432	0.00000512	0x35	0x00
SPI [1]	result	1.85570960	0.00000512	0x33	0x00
SPI [1]	result	1.85571488	0.00000512	0x33	0x00
SPI [1]	result	1.85572016	0.00000512	0x33	0x00
SPI [1]	result	1.85572544	0.00000512	0x31	0xC3
SPI [1]	result	1.85573072	0.00000512	0x33	0x3C
SPI [1]	result	1.85573600	0.00000512	0x36	0xA5
SPI [1]	result	1.85574128	0.00000512	0x33	0x5A
SPI [1]	result	1.85574656	0.00000512	0x31	0x00
SPI [1]	result	1.85575184	0.00000512	0x31	0x00
SPI [1]	result	1.85575712	0.00000512	0x37	0x00
SPI [1]	result	1.85576240	0.00000512	0x30	0x00
SPI [1]	result	1.85576768	0.00000512	0x32	0x00
SPI [1]	result	1.85577296	0.00000512	0x31	0x00
SPI [1]	result	1.85577824	0.00000512	0x36	0x00
SPI [1]	result	1.85578352	0.00000512	0x37	0x00
SPI [1]	result	1.85578880	0.00000512	0x30	0x00
SPI [1]	result	1.85579408	0.00000512	0x32	0x0C
SPI [1]	result	1.85579936	0.00000512	0x30	0x33
SPI [1]	result	1.85580464	0.00000512	0x31	0xCA
SPI [1]	result	1.85580992	0.00000512	0x30	0x55
SPI [1]	result	1.85581520	0.00000512	0x31	0xA0
SPI [1]	result	1.85582048	0.00000512	0x31	0x00
SPI [1]	result	1.85582576	0.00000512	0x30	0x00
SPI [1]	result	1.85583104	0.00000512	0x36	0x00
SPI [1]	result	1.85583632	0.00000512	0x39	0x00
SPI [1]	result	1.85584160	0.00000512	0x41	0x00
SPI [1]	result	1.85584688	0.00000512	0x04	0x00
SPI [1]	result	1.85585216	0.00000512	0x20	0x00
SPI [1]	result	1.85585744	0.00000512	0x02	0x00
SPI [1]	result	1.85586272	0.00000512	0x16	0x00
SPI [1]	result	1.85586800	0.00000512	0x01	0xC3
SPI [1]	result	1.85587328	0.00000512	0x00	0x3C
SPI [1]	result	1.85587856	0.00000512	0x01	0xA5
SPI [1]	result	1.85588384	0.00000512	0x00	0x5A
SPI [1]	result	1.85588912	0.00000512	0x01	0x00
SPI [1]	result	1.85589440	0.00000512	0x00	0x00
SPI [1]	result	1.85589968	0.00000512	0x00	0x00
SPI [1]	result	1.85590496	0.00000512	0x00	0x00
SPI [1]	result	1.85591024	0.00000512	0x00	0x00
SPI [1]	result	1.85591552	0.00000512	0x00	0x00
SPI [1]	result	1.85592080	0.00000512	0x00	0x00
SPI [1]	result	1.85592608	0.00000512	0x00	0x00
SPI [1]	result	1.85593136	0.00000512	0x00	0x00
SPI [1]	result	1.85593664	0.00000512	0x00	0x0C
SPI [1]	result	1.85594192	0.00000512	0x00	0x33
SPI [1]	result	1.85594720	0.00000512	0x00	0xCA
SPI [1]	result	1.85595248	0.00000512	0x00	0x55
SPI [1]	result	1.85595776	0.00000512	0x00	0xA0
SPI [1]	result	1.85596304	0.00000512	0x00	0x00
SPI [1]	result	1.85596832	0.00000512	0x00	0x00
SPI [1]	result	1.85597360	0.00000512	0x00	0x00
SPI [1]	result	1.85597888	0.00000512	0x00	0x00
SPI [1]	result	1.85598416	0.00000512	0x00	0x00
SPI [1]	result	1.85598944	0.00000512	0x00	0x00
SPI [1]	result	1.85599472	0.00000512	0x00	0x00
SPI [1]	result	1.85600000	0.00000512	0x00	0x00
SPI [1]	result	1.85600528	0.00000512	0x00	0x00
SPI [1]	result	1.85601056	0.00000512	0x00	0xC3
SPI [1]	result	1.85601584	0.00000512	0x00	0x3C
SPI [1]	result	1.85602112	0.00000512	0x00	0xA5
SPI [1]	result	1.85602640	0.00000512	0x00	0x5A
SPI [1]	result	1.85603168	0.00000512	0x00	0x00
SPI [1]	result	1.85603696	0.00000512	0x00	0x00
SPI [1]	result	1.85604224	0.00000512	0x00	0x00
SPI [1]	result	1.85604752	0.00000512	0x00	0x00
SPI [1]	result	1.85605280	0.00000512	0x00	0x00
SPI [1]	result	1.85605808	0.00000512	0x00	0x00
SPI [1]	result	1.85606336	0.00000512	0x00	0x00
SPI [1]	result	1.85606864	0.00000512	0x00	0x00
SPI [1]	result	1.85607392	0.00000512	0x00	0x00
SPI [1]	result	1.85607920	0.00000512	0x00	0x0C
SPI [1]	result	1.85608448	0.00000512	0x00	0x33
SPI [1]	result	1.85608976	0.00000512	0x00	0xCA
SPI [1]	result	1.85609504	0.00000512	0x00	0x55
SPI [1]	result	1.85610032	0.00000512	0x00	0xA0
SPI [1]	result	1.85610560	0.00000512	0x00	0x00
SPI [1]	result	1.85611088	0.00000512	0x00	0x00
SPI [1]	result	1.85611616	0.00000512	0x00	0x00
SPI [1]	result	1.85612144	0.00000512	0x00	0x00
SPI [1]	result	1.85612672	0.00000512	0xED	0x00
SPI [1]	result	1.85925551	0.00000512	0x00	0xC3
SPI [1]	result	1.85926079	0.00000512	0x00	0x3C
SPI [1]	result	1.85926607	0.00000512	0x05	0xA5
SPI [1]	result	1.85927135	0.00000512	0x96	0x5A
SPI [1]	result	1.86006398	0.00000512	0x0D	0xC3
SPI [1]	result	1.86006926	0.00000512	0x10	0x3C
SPI [1]	result	1.86007454	0.00000512	0x80	0xA5
SPI [1]	result	1.86007982	0.00000512	0x0A	0x5A
SPI [1]	result	1.86063041	0.00000512	0x00	0xC3
SPI [1]	result	1.86063569	0.00000512	0x00	0x3C
SPI [1]	result	1.86064097	0.00000512	0x00	0xA5
SPI [1]	result	1.86064625	0.00000512	0x00	0x5A
SPI [1]	result	1.86120653	0.00000512	0x08	0xC3
SPI [1]	result	1.86121181	0.00000512	0x00	0x3C
SPI [1]	result	1.86121709	0.00000512	0x85	0xA5
SPI [1]	result	1.86122237	0.00000512	0xA8	0x5A
SPI [1]	result	1.86179612	0.00000512	0x00	0xC3
SPI [1]	result	1.86180140	0.00000512	0x00	0x3C
SPI [1]	result	1.86180668	0.00000512	0x08	0xA5
SPI [1]	result	1.86181196	0.00000512	0x20	0x5A
SPI [1]	result	1.86259152	0.00000512	0x0E	0xC3
SPI [1]	result	1.86259680	0.00000512	0x10	0x3C
SPI [1]	result	1.86260208	0.00000512	0x80	0xA5
SPI [1]	result	1.86260736	0.00000512	0x12	0x5A
SPI [1]	result	1.86316222	0.00000512	0x00	0xC3
SPI [1]	result	1.86316750	0.00000512	0x00	0x3C
SPI [1]	result	1.86317278	0.00000512	0x00	0xA5
SPI [1]	result	1.86317806	0.00000512	0x00	0x5A
SPI [1]	result	1.86373520	0.00000512	0x08	0xC3
SPI [1]	result	1.86374048	0.00000512	0x00	0x3C
SPI [1]	result	1.86374576	0.00000512	0x88	0xA5
SPI [1]	result	1.86375104	0.00000512	0x32	0x5A
SPI [1]	result	1.86433316	0.00000512	0x00	0xC3
SPI [1]	result	1.86433844	0.00000512	0x00	0x3C
SPI [1]	result	1.86434372	0.00000512	0x0C	0xA5
SPI [1]	result	1.86434900	0.00000512	0x30	0x5A
SPI [1]	result	1.86512819	0.00000512	0x0F	0xC3
SPI [1]	result	1.86513347	0.00000512	0x10	0x3C
SPI [1]	result	1.86513875	0.00000512	0x80	0xA5
SPI [1]	result	1.86514403	0.00000512	0x1A	0x5A
SPI [1]	result	1.86569811	0.00000512	0x00	0xC3
SPI [1]	result	1.86570339	0.00000512	0x00	0x3C
SPI [1]	result	1.86570867	0.00000512	0x0C	0xA5
SPI [1]	result	1.86571395	0.00000512	0x72	0x5A
SPI [1]	result	1.86649010	0.00000512	0x08	0xC3
SPI [1]	result	1.86649538	0.00000512	0x00	0x3C
SPI [1]	result	1.86650066	0.00000512	0x8C	0xA5
SPI [1]	result	1.86650594	0.00000512	0x02	0x5A
SPI [1]	result	1.86708336	0.00000512	0x00	0xC3
SPI [1]	result	1.86708864	0.00000512	0x00	0x3C
SPI [1]	result	1.86709392	0.00000512	0x00	0xA5
SPI [1]	result	1.86709920	0.00000512	0x00	0x5A
SPI [1]	result	1.86765949	0.00000512	0x08	0xC3
SPI [1]	result	1.86766477	0.00000512	0x00	0x3C
SPI [1]	result	1.86767005	0.00000512	0x8C	0xA5
SPI [1]	result	1.86767533	0.00000512	0x44	0x5A
SPI [1]	result	1.90280766	0.00000512	0x00	0xC3
SPI [1]	result	1.90281294	0.00000512	0x00	0x3C
SPI [1]	result	1.90281822	0.00000512	0x08	0xA5
SPI [1]	result	1.90282350	0.00000512	0x20	0x5A
SPI [1]	result	1.90359563	0.00000512	0x09	0xC3
SPI [1]	result	1.90360091	0.00000512	0x10	0x3C
SPI [1]	result	1.90360619	0.00000512	0x80	0xA5
SPI [1]	result	1.90361147	0.00000512	0x2A	0x5A
SPI [1]	result	1.90416956	0.00000512	0x00	0xC3
SPI [1]	result	1.90417484	0.00000512	0x00	0x3C
SPI [1]	result	1.90418012	0.00000512	0x00	0xA5
SPI [1]	result	1.90418540	0.00000512	0x00	0x5A
SPI [1]	result	1.90473424	0.00000512	0x08	0xC3
SPI [1]	result	1.90473952	0.00000512	0x00	0x3C
SPI [1]	result	1.90474480	0.00000512	0x88	0xA5
SPI [1]	result	1.90475008	0.00000512	0x32	0x5A
SPI [1]	result	1.96532077	0.00000512	0x00	0xC3
SPI [1]	result	1.96532605	0.00000512	0x00	0x3C
SPI [1]	result	1.96533133	0.00000512	0x08	0xA5
SPI [1]	result	1.96533661	0.00000512	0x20	0x5A
SPI [1]	result	1.96579811	0.00000512	0x0A	0xC3
SPI [1]	result	1.96580339	0.00000512	0x10	0x3C
SPI [1]	result	1.96580867	0.00000512	0x80	0xA5
SPI [1]	result	1.96581395	0.00000512	0x32	0x5A
SPI [1]	result	1.96608215	0.00000512	0x00	0xC3
SPI [1]	result	1.96608743	0.00000512	0x00	0x3C
SPI [1]	result	1.96609271	0.00000512	0x00	0xA5
SPI [1]	result	1.96609799	0.00000512	0x00	0x5A
SPI [1]	result	1.96636218	0.00000512	0x08	0xC3
SPI [1]	result	1.96636746	0.00000512	0x00	0x3C
SPI [1]	result	1.96637274	0.00000512	0x88	0xA5
SPI [1]	result	1.96637802	0.00000512	0x32	0x5A
SPI [1]	result	1.98018405	0.00000512	0x00	0xC3
SPI [1]	result	1.98018933	0.00000512	0x00	0x3C
SPI [1]	result	1.98019461	0.00000512	0x20	0xA5
SPI [1]	result	1.98019989	0.00000512	0x04	0x5A
SPI [1]	result	1.98067816	0.00000512	0x0B	0xC3
SPI [1]	result	1.98068344	0.00000512	0x10	0x3C
SPI [1]	result	1.98068872	0.00000512	0x80	0xA5
SPI [1]	result	1.98069400	0.00000512	0x3A	0x5A
SPI [1]	result	1.98098506	0.00000512	0x00	0xC3
SPI [1]	result	1.98099034	0.00000512	0x00	0x3C
SPI [1]	result	1.98099562	0.00000512	0x3F	0xA5
SPI [1]	result	1.98100090	0.00000512	0xC6	0x5A
SPI [1]	result	1.98147912	0.00000512	0x0C	0xC3
SPI [1]	result	1.98148440	0.00000512	0x00	0x3C
SPI [1]	result	1.98148968	0.00000512	0xA0	0xA5
SPI [1]	result	1.98149496	0.00000512	0x36	0x5A
SPI [1]	result	1.98178124	0.00000512	0x00	0xC3
SPI [1]	result	1.98178652	0.00000512	0x00	0x3C
SPI [1]	result	1.98179180	0.00000512	0x00	0xA5
SPI [1]	result	1.98179708	0.00000512	0x00	0x5A
SPI [1]	result	1.98206223	0.00000512	0x08	0xC3
SPI [1]	result	1.98206751	0.00000512	0x00	0x3C
SPI [1]	result	1.98207279	0.00000512	0xBF	0xA5
SPI [1]	result	1.98207807	0.00000512	0xD8	0x5A
SPI [1]	result	1.98235105	0.00000512	0x00	0xC3
SPI [1]	result	1.98235633	0.00000512	0x02	0x3C
SPI [1]	result	1.98236161	0.00000512	0x2A	0xA5
SPI [1]	result	1.98236689	0.00000512	0x2E	0x5A
SPI [1]	result	1.98281407	0.00000512	0x0D	0x00
SPI [1]	result	1.98281935	0.00000512	0x10	0x00
SPI [1]	result	1.98282463	0.00000512	0x80	0x00
SPI [1]	result	1.98282991	0.00000512	0x0A	0x03
SPI [1]	result	1.98309923	0.00000512	0x00	0x0C
SPI [1]	result	1.98310451	0.00000512	0x00	0xF2
SPI [1]	result	1.98310979	0.00000512	0x3F	0x95
SPI [1]	result	1.98311507	0.00000512	0xC6	0x68
SPI [1]	result	1.98358013	0.00000512	0x0E	0xC3
SPI [1]	result	1.98358541	0.00000512	0x00	0x3C
SPI [1]	result	1.98359069	0.00000512	0xAA	0xA5
SPI [1]	result	1.98359597	0.00000512	0x2E	0x5A
SPI [1]	result	1.98388418	0.00000512	0x00	0xC3
SPI [1]	result	1.98388946	0.00000512	0x00	0x3C
SPI [1]	result	1.98389474	0.00000512	0x00	0xA5
SPI [1]	result	1.98390002	0.00000512	0x00	0x5A
SPI [1]	result	1.98417019	0.00000512	0x08	0xC3
SPI [1]	result	1.98417547	0.00000512	0x00	0x3C
SPI [1]	result	1.98418075	0.00000512	0xBF	0xA5
SPI [1]	result	1.98418603	0.00000512	0xD8	0x5A
SPI [1]	result	2.00528243	0.00000512	0x00	0xC3
SPI [1]	result	2.00528771	0.00000512	0x00	0x3C
SPI [1]	result	2.00529299	0.00000512	0x08	0xA5
SPI [1]	result	2.00529827	0.00000512	0x20	0x5A
SPI [1]	result	2.00576215	0.00000512	0x0F	0xC3
SPI [1]	result	2.00576743	0.00000512	0x10	0x3C
SPI [1]	result	2.00577271	0.00000512	0x80	0xA5
SPI [1]	result	2.00577799	0.00000512	0x1A	0x5A
SPI [1]	result	2.00604921	0.00000512	0x00	0xC3
SPI [1]	result	2.00605449	0.00000512	0x00	0x3C
SPI [1]	result	2.00605977	0.00000512	0x00	0xA5
SPI [1]	result	2.00606505	0.00000512	0x00	0x5A
SPI [1]	result	2.00632422	0.00000512	0x08	0xC3
SPI [1]	result	2.00632950	0.00000512	0x00	0x3C
SPI [1]	result	2.00633478	0.00000512	0x88	0xA5
SPI [1]	result	2.00634006	0.00000512	0x32	0x5A
SPI [1]	result	2.00662119	0.00000512	0x00	0xC3
SPI [1]	result	2.00662647	0.00000512	0x00	0x3C
SPI [1]	result	2.00663175	0.00000512	0x0C	0xA5
SPI [1]	result	2.00663703	0.00000512	0xB2	0x5A
SPI [1]	result	2.00709410	0.00000512	0x08	0xC3
SPI [1]	result	2.00709938	0.00000512	0x10	0x3C
SPI [1]	result	2.00710466	0.00000512	0x80	0xA5
SPI [1]	result	2.00710994	0.00000512	0x22	0x5A
SPI [1]	result	2.00737915	0.00000512	0x00	0xC3
SPI [1]	result	2.00738443	0.00000512	0x00	0x3C
SPI [1]	result	2.00738971	0.00000512	0x0C	0xA5
SPI [1]	result	2.00739499	0.00000512	0x30	0x5A
SPI [1]	result	2.00783637	0.00000512	0x09	0xC3
SPI [1]	result	2.00784165	0.00000512	0x00	0x3C
SPI [1]	result	2.00784693	0.00000512	0x8C	0xA5
SPI [1]	result	2.00785221	0.00000512	0x8C	0x5A
SPI [1]	result	2.00812823	0.00000512	0x00	0xC3
SPI [1]	result	2.00813351	0.00000512	0x00	0x3C
SPI [1]	result	2.00813879	0.00000512	0x00	0xA5
SPI [1]	result	2.00814407	0.00000512	0x00	0x5A
SPI [1]	result	2.00841924	0.00000512	0x08	0xC3
SPI [1]	result	2.00842452	0.00000512	0x00	0x3C
SPI [1]	result	2.00842980	0.00000512	0x8C	0xA5
SPI [1]	result	2.00843508	0.00000512	0x02	0x5A
SPI [1]	result	2.04856097	0.00000512	0x00	0xC3
SPI [1]	result	2.04856625	0.00000512	0x00	0x3C
SPI [1]	result	2.04857153	0.00000512	0x08	0xA5
SPI [1]	result	2.04857681	0.00000512	0x20	0x5A
SPI [1]	result	2.04905668	0.00000512	0xA5	0xC3
SPI [1]	result	2.04906196	0.00000512	0x5A	0x3C
SPI [1]	result	2.04906724	0.00000512	0x3C	0xA5
SPI [1]	result	2.04907252	0.00000512	0xC3	0x5A
SPI [1]	result	2.04946905	0.00000512	0x80	0xA5
SPI [1]	result	2.04947433	0.00000512	0x20	0x5A
SPI [1]	result	2.04947961	0.00000512	0x28	0x3C
SPI [1]	result	2.04948489	0.00000512	0x24	0xC3
SPI [1]	result	2.04987780	0.00000512	0x08	0x08
SPI [1]	result	2.04988308	0.00000512	0x10	0x10
SPI [1]	result	2.04988836	0.00000512	0x80	0xA8
SPI [1]	result	2.04989364	0.00000512	0x22	0x06
SPI [1]	result	2.05028930	0.00000512	0x00	0x08
SPI [1]	result	2.05029458	0.00000512	0x00	0x00
SPI [1]	result	2.05029986	0.00000512	0x00	0xA8
SPI [1]	result	2.05030514	0.00000512	0x00	0x36
SPI [1]	result	2.05069967	0.00000512	0x00	0x00
SPI [1]	result	2.05070495	0.00000512	0x00	0xF3
SPI [1]	result	2.05071023	0.00000512	0x00	0x03
SPI [1]	result	2.05071551	0.00000512	0x00	0xE8
SPI [1]	result	2.05113047	0.00000512	0x00	0xC3
SPI [1]	result	2.05113575	0.00000512	0x00	0x3C
SPI [1]	result	2.05114103	0.00000512	0x3F	0xA5
SPI [1]	result	2.05114631	0.00000512	0xC6	0x5A
SPI [1]	result	2.05199800	0.00000512	0x08	0xC3
SPI [1]	result	2.05200328	0.00000512	0x10	0x3C
SPI [1]	result	2.05200856	0.00000512	0x80	0xA5
SPI [1]	result	2.05201384	0.00000512	0x22	0x5A
SPI [1]	result	2.05535021	0.00000512	0x00	0xC3
SPI [1]	result	2.05535549	0.00000512	0x00	0x3C
SPI [1]	result	2.05536077	0.00000512	0x00	0xA5
SPI [1]	result	2.05536605	0.00000512	0x00	0x5A
SPI [1]	result	2.05619623	0.00000512	0x08	0xC3
SPI [1]	result	2.05620151	0.00000512	0x00	0x3C
SPI [1]	result	2.05620679	0.00000512	0xBF	0xA5
SPI [1]	result	2.05621207	0.00000512	0xD8	0x5A
SPI [1]	result	2.05874922	0.00000512	0xB8	0xC3
SPI [1]	result	2.05875450	0.00000512	0x01	0x3C
SPI [1]	result	2.05875978	0.00000512	0x06	0xA5
SPI [1]	result	2.05876506	0.00000512	0x26	0x5A
SPI [1]	result	2.05954658	0.00000512	0x09	0xC3
SPI [1]	result	2.05955186	0.00000512	0x10	0x3C
SPI [1]	result	2.05955714	0.00000512	0x80	0xA5
SPI [1]	result	2.05956242	0.00000512	0x2A	0x5A
SPI [1]	result	2.06012594	0.00000512	0x00	0xC3
SPI [1]	result	2.06013122	0.00000512	0x00	0x3C
SPI [1]	result	2.06013650	0.00000512	0x05	0xA5
SPI [1]	result	2.06014178	0.00000512	0x14	0x5A
SPI [1]	result	2.06091194	0.00000512	0x0A	0xC3
SPI [1]	result	2.06091722	0.00000512	0x00	0x3C
SPI [1]	result	2.06092250	0.00000512	0x86	0xA5
SPI [1]	result	2.06092778	0.00000512	0x3A	0x5A
SPI [1]	result	2.06149993	0.00000512	0x00	0xC3
SPI [1]	result	2.06150521	0.00000512	0x00	0x3C
SPI [1]	result	2.06151049	0.00000512	0x00	0xA5
SPI [1]	result	2.06151577	0.00000512	0x00	0x5A
SPI [1]	result	2.06206197	0.00000512	0x08	0xC3
SPI [1]	result	2.06206725	0.00000512	0x00	0x3C
SPI [1]	result	2.06207253	0.00000512	0x85	0xA5
SPI [1]	result	2.06207781	0.00000512	0x26	0x5A
SPI [1]	result	2.06516012	0.00000512	0xFF	0xC3
SPI [1]	result	2.06516540	0.00000512	0xFF	0x3C
SPI [1]	result	2.06517068	0.00000512	0x00	0xA5
SPI [1]	result	2.06517596	0.00000512	0x00	0x5A
SPI [1]	result	2.06518124	0.00000512	0x00	0x00
SPI [1]	result	2.06518652	0.00000512	0x00	0x00
SPI [1]	result	2.06519180	0.00000512	0x00	0x00
SPI [1]	result	2.06519708	0.00000512	0x00	0x00
SPI [1]	result	2.06520236	0.00000512	0x00	0x00
SPI [1]	result	2.06520764	0.00000512	0x00	0x00
SPI [1]	result	2.06521292	0.00000512	0x00	0x00
SPI [1]	result	2.06521820	0.00000512	0x00	0x00
SPI [1]	result	2.06522348	0.00000512	0x00	0x00
SPI [1]	result	2.06522876	0.00000512	0x00	0x0C
SPI [1]	result	2.06523404	0.00000512	0x00	0x33
SPI [1]	result	2.06523932	0.00000512	0x00	0xCA
SPI [1]	result	2.06524460	0.00000512	0x00	0x55
SPI [1]	result	2.06524988	0.00000512	0x00	0xA0
SPI [1]	result	2.06525516	0.00000512	0x00	0x00
SPI [1]	result	2.06526044	0.00000512	0x00	0x00
SPI [1]	result	2.06526572	0.00000512	0x00	0x00
SPI [1]	result	2.06527100	0.00000512	0x00	0x00
SPI [1]	result	2.06527628	0.00000512	0x00	0x00
SPI [1]	result	2.06528156	0.00000512	0x00	0x00
SPI [1]	result	2.06528684	0.00000512	0x00	0x00
SPI [1]	result	2.06529212	0.00000512	0x00	0x00
SPI [1]	result	2.06529740	0.00000512	0x00	0x00
SPI [1]	result	2.06530268	0.00000512	0x00	0xC3
SPI [1]	result	2.06530796	0.00000512	0x00	0x3C
SPI [1]	result	2.06531324	0.00000512	0x00	0xA5
SPI [1]	result	2.06531852	0.00000512	0x00	0x5A
SPI [1]	result	2.06532380	0.00000512	0x00	0x00
SPI [1]	result	2.06532908	0.00000512	0x00	0x00
SPI [1]	result	2.06533436	0.00000512	0x00	0x00
SPI [1]	result	2.06533964	0.00000512	0x00	0x00
SPI [1]	result	2.06534492	0.00000512	0x00	0x00
SPI [1]	result	2.06535020	0.00000512	0x00	0x00
SPI [1]	result	2.06535548	0.00000512	0x00	0x00
SPI [1]	result	2.06536076	0.00000512	0x00	0x00
SPI [1]	result	2.06536604	0.00000512	0x00	0x00
SPI [1]	result	2.06537132	0.00000512	0x00	0x0C
SPI [1]	result	2.06537660	0.00000512	0x00	0x33
SPI [1]	result	2.06538188	0.00000512	0x00	0xCA
SPI [1]	result	2.06538716	0.00000512	0x00	0x55
SPI [1]	result	2.06539244	0.00000512	0x00	0xA0
SPI [1]	result	2.06539772	0.00000512	0x00	0x00
SPI [1]	result	2.06540300	0.00000512	0x00	0x00
SPI [1]	result	2.06540828	0.00000512	0x00	0x00
SPI [1]	result	2.06541356	0.00000512	0x00	0x00
SPI [1]	result	2.06541884	0.00000512	0x00	0x00
SPI [1]	result	2.06542412	0.00000512	0x00	0x00
SPI [1]	result	2.06542940	0.00000512	0x00	0x00
SPI [1]	result	2.06543468	0.00000512	0x00	0x00
SPI [1]	result	2.06543996	0.00000512	0x00	0x00
SPI [1]	result	2.06544524	0.00000512	0x00	0xC3
SPI [1]	result	2.06545052	0.00000512	0x00	0x3C
SPI [1]	result	2.06545580	0.00000512	0x00	0xA5
SPI [1]	result	2.06546108	0.00000512	0x00	0x5A
SPI [1]	result	2.06546636	0.00000512	0x00	0x00
SPI [1]	result	2.06547164	0.00000512	0x00	0x00
SPI [1]	result	2.06547692	0.00000512	0x00	0x00
SPI [1]	result	2.06548220	0.00000512	0x00	0x00
SPI [1]	result	2.06548748	0.00000512	0x00	0x00
SPI [1]	result	2.06549276	0.00000512	0x00	0x00
SPI [1]	result	2.06549804	0.00000512	0x00	0x00
SPI [1]	result	2.06550332	0.00000512	0x00	0x00
SPI [1]	result	2.06550860	0.00000512	0x00	0x00
SPI [1]	result	2.06551388	0.00000512	0x00	0x0C
SPI [1]	result	2.06551916	0.00000512	0x00	0x33
SPI [1]	result	2.06552444	0.00000512	0x00	0xCA
SPI [1]	result	2.06552972	0.00000512	0x00	0x55
SPI [1]	result	2.06553500	0.00000512	0x00	0xA0
SPI [1]	result	2.06554028	0.00000512	0x00	0x00
SPI [1]	result	2.06554556	0.00000512	0x00	0x00
SPI [1]	result	2.06555084	0.00000512	0x00	0x00
SPI [1]	result	2.06555612	0.00000512	0x00	0x00
SPI [1]	result	2.06556140	0.00000512	0x00	0x00
SPI [1]	result	2.06556668	0.00000512	0x00	0x00
SPI [1]	result	2.06557196	0.00000512	0x00	0x00
SPI [1]	result	2.06557724	0.00000512	0x00	0x00
SPI [1]	result	2.06558252	0.00000512	0x00	0x00
SPI [1]	result	2.06558780	0.00000512	0x00	0x43
SPI [1]	result	2.06559308	0.00000512	0x00	0x3C
SPI [1]	result	2.06559836	0.00000512	0x00	0xA5
SPI [1]	result	2.06560364	0.00000512	0x00	0x5A
SPI [1]	result	2.06560892	0.00000512	0x00	0x00
SPI [1]	result	2.06561420	0.00000512	0x00	0x00
SPI [1]	result	2.06561948	0.00000512	0x00	0x00
SPI [1]	result	2.06562476	0.00000512	0x00	0x00
SPI [1]	result	2.06563004	0.00000512	0x00	0x00
SPI [1]	result	2.06563532	0.00000512	0x00	0x00
SPI [1]	result	2.06564060	0.00000512	0x00	0x00
SPI [1]	result	2.06564588	0.00000512	0x00	0x00
SPI [1]	result	2.06565116	0.00000512	0x00	0x00
SPI [1]	result	2.06565644	0.00000512	0x00	0x0C
SPI [1]	result	2.06566172	0.00000512	0x00	0x33
SPI [1]	result	2.06566700	0.00000512	0x00	0xCA
SPI [1]	result	2.06567228	0.00000512	0x00	0x55
SPI [1]	result	2.06567756	0.00000512	0x00	0xA0
SPI [1]	result	2.06568284	0.00000512	0x00	0x00
SPI [1]	result	2.06568812	0.00000512	0x00	0x00
SPI [1]	result	2.06569340	0.00000512	0x00	0x00
SPI [1]	result	2.06569868	0.00000512	0x00	0x00
SPI [1]	result	2.06570396	0.00000512	0x00	0x00
SPI [1]	result	2.06570924	0.00000512	0x00	0x00
SPI [1]	result	2.06571452	0.00000512	0x00	0x00
SPI [1]	result	2.06571980	0.00000512	0x00	0x00
SPI [1]	result	2.06572508	0.00000512	0x00	0x00
SPI [1]	result	2.06573036	0.00000512	0x00	0x18
SPI [1]	result	2.06573564	0.00000512	0x00	0x67
SPI [1]	result	2.06574092	0.00000512	0x00	0x94
SPI [1]	result	2.06574620	0.00000512	0x00	0xAB
SPI [1]	result	2.06575148	0.00000512	0x00	0x40
SPI [1]	result	2.06575676	0.00000512	0x00	0x00
SPI [1]	result	2.06576204	0.00000512	0x00	0x00
SPI [1]	result	2.06576732	0.00000512	0x00	0x00
SPI [1]	result	2.06577260	0.00000512	0x00	0x00
SPI [1]	result	2.06577788	0.00000512	0x00	0x00
SPI [1]	result	2.06578316	0.00000512	0x00	0x00
SPI [1]	result	2.06578844	0.00000512	0x00	0x00
SPI [1]	result	2.06579372	0.00000512	0x00	0x00
SPI [1]	result	2.06579900	0.00000512	0x00	0x01
SPI [1]	result	2.06580428	0.00000512	0x00	0x86
SPI [1]	result	2.06580956	0.00000512	0x00	0x79
SPI [1]	result	2.06581484	0.00000512	0x00	0x4A
SPI [1]	result	2.06582012	0.00000512	0x00	0xB4
SPI [1]	result	2.06582540	0.00000512	0x00	0x00
SPI [1]	result	2.06583068	0.00000512	0x00	0x00
SPI [1]	result	2.06583596	0.00000512	0x00	0x00
SPI [1]	result	2.06584124	0.00000512	0x00	0x00
SPI [1]	result	2.06584652	0.00000512	0x5A	0x00
SPI [1]	result	2.06897009	0.00000512	0xFF	0xC3
SPI [1]	result	2.06897537	0.00000512	0x00	0x3C
SPI [1]	result	2.06898065	0.00000512	0x00	0xA5
SPI [1]	result	2.06898593	0.00000512	0x00	0x5A
SPI [1]	result	2.06899121	0.00000512	0x00	0x00
SPI [1]	result	2.06899649	0.00000512	0x00	0x00
SPI [1]	result	2.06900177	0.00000512	0x00	0x00
SPI [1]	result	2.06900705	0.00000512	0x00	0x00
SPI [1]	result	2.06901233	0.00000512	0x00	0x00
SPI [1]	result	2.06901761	0.00000512	0x00	0x00
SPI [1]	result	2.06902289	0.00000512	0x00	0x00
SPI [1]	result	2.06902817	0.00000512	0x00	0x00
SPI [1]	result	2.06903345	0.00000512	0x00	0x00
SPI [1]	result	2.06903873	0.00000512	0x00	0x0C
SPI [1]	result	2.06904401	0.00000512	0x00	0x33
SPI [1]	result	2.06904929	0.00000512	0x00	0xCA
SPI [1]	result	2.06905457	0.00000512	0x00	0x55
SPI [1]	result	2.06905985	0.00000512	0x00	0xA0
SPI [1]	result	2.06906513	0.00000512	0x00	0x00
SPI [1]	result	2.06907041	0.00000512	0x00	0x00
SPI [1]	result	2.06907569	0.00000512	0x00	0x00
SPI [1]	result	2.06908097	0.00000512	0x00	0x00
SPI [1]	result	2.06908625	0.00000512	0x00	0x00
SPI [1]	result	2.06909153	0.00000512	0x00	0x00
SPI [1]	result	2.06909681	0.00000512	0x00	0x00
SPI [1]	result	2.06910209	0.00000512	0x00	0x00
SPI [1]	result	2.06910737	0.00000512	0x00	0x00
SPI [1]	result	2.06911265	0.00000512	0x00	0xC3
SPI [1]	result	2.06911793	0.00000512	0x00	0x3C
SPI [1]	result	2.06912321	0.00000512	0x00	0xA5
SPI [1]	result	2.06912849	0.00000512	0x00	0x5A
SPI [1]	result	2.06913377	0.00000512	0x00	0x00
SPI [1]	result	2.06913905	0.00000512	0x00	0x00
SPI [1]	result	2.06914433	0.00000512	0x00	0x00
SPI [1]	result	2.06914961	0.00000512	0x00	0x00
SPI [1]	result	2.06915489	0.00000512	0x00	0x00
SPI [1]	result	2.06916017	0.00000512	0x00	0x00
SPI [1]	result	2.06916545	0.00000512	0x00	0x00
SPI [1]	result	2.06917073	0.00000512	0x00	0x00
SPI [1]	result	2.06917601	0.00000512	0x00	0x00
SPI [1]	result	2.06918129	0.00000512	0x00	0x0C
SPI [1]	result	2.06918657	0.00000512	0x00	0x33
SPI [1]	result	2.06919185	0.00000512	0x00	0xCA
SPI [1]	result	2.06919713	0.00000512	0x00	0x55
SPI [1]	result	2.06920241	0.00000512	0x00	0xA0
SPI [1]	result	2.06920769	0.00000512	0x00	0x00
SPI [1]	result	2.06921297	0.00000512	0x00	0x00
SPI [1]	result	2.06921825	0.00000512	0x00	0x00
SPI [1]	result	2.06922353	0.00000512	0x00	0x00
SPI [1]	result	2.06922881	0.00000512	0x00	0x00
SPI [1]	result	2.06923409	0.00000512	0x00	0x00
SPI [1]	result	2.06923937	0.00000512	0x00	0x00
SPI [1]	result	2.06924465	0.00000512	0x00	0x00
SPI [1]	result	2.06924993	0.00000512	0x00	0x00
SPI [1]	result	2.06925521	0.00000512	0x00	0xC3
SPI [1]	result	2.06926049	0.00000512	0x00	0x3C
SPI [1]	result	2.06926577	0.00000512	0x00	0xA5
SPI [1]	result	2.06927105	0.00000512	0x00	0x5A
SPI [1]	result	2.06927633	0.00000512	0x00	0x00
SPI [1]	result	2.06928161	0.00000512	0x00	0x00
SPI [1]	result	2.06928689	0.00000512	0x00	0x00
SPI [1]	result	2.06929217	0.00000512	0x00	0x00
SPI [1]	result	2.06929745	0.00000512	0x00	0x00
SPI [1]	result	2.06930273	0.00000512	0x00	0x00
SPI [1]	result	2.06930801	0.00000512	0x00	0x00
SPI [1]	result	2.06931329	0.00000512	0x00	0x00
SPI [1]	result	2.06931857	0.00000512	0x00	0x00
SPI [1]	result	2.06932385	0.00000512	0x00	0x0C
SPI [1]	result	2.06932913	0.00000512	0x00	0x33
SPI [1]	result	2.06933441	0.00000512	0x00	0xCA
SPI [1]	result	2.06933969	0.00000512	0x00	0x55
SPI [1]	result	2.06934497	0.00000512	0x00	0xA0
SPI [1]	result	2.06935025	0.00000512	0x00	0x00
SPI [1]	result	2.06935553	0.00000512	0x00	0x00
SPI [1]	result	2.06936081	0.00000512	0x00	0x00
SPI [1]	result	2.06936609	0.00000512	0x00	0x00
SPI [1]	result	2.06937137	0.00000512	0x00	0x00
SPI [1]	result	2.06937665	0.00000512	0x00	0x00
SPI [1]	result	2.06938193	0.00000512	0x00	0x00
SPI [1]	result	2.06938721	0.00000512	0x00	0x00
SPI [1]	result	2.06939249	0.00000512	0x00	0x00
SPI [1]	result	2.06939777	0.00000512	0x00	0xC3
SPI [1]	result	2.06940305	0.00000512	0x00	0x3C
SPI [1]	result	2.06940833	0.00000512	0x00	0xA5
SPI [1]	result	2.06941361	0.00000512	0x00	0x5A
SPI [1]	result	2.06941889	0.00000512	0x00	0x00
SPI [1]	result	2.06942417	0.00000512	0x00	0x00
SPI [1]	result	2.06942945	0.00000512	0x00	0x00
SPI [1]	result	2.06943473	0.00000512	0x00	0x00
SPI [1]	result	2.06944001	0.00000512	0x00	0x00
SPI [1]	result	2.06944529	0.00000512	0x00	0x00
SPI [1]	result	2.06945057	0.00000512	0x00	0x00
SPI [1]	result	2.06945585	0.00000512	0x00	0x00
SPI [1]	result	2.06946113	0.00000512	0x00	0x00
SPI [1]	result	2.06946641	0.00000512	0x00	0x0C
SPI [1]	result	2.06947169	0.00000512	0x00	0x33
SPI [1]	result	2.06947697	0.00000512	0x00	0xCA
SPI [1]	result	2.06948225	0.00000512	0x00	0x55
SPI [1]	result	2.06948753	0.00000512	0x00	0xA0
SPI [1]	result	2.06949281	0.00000512	0x00	0x00
SPI [1]	result	2.06949809	0.00000512	0x00	0x00
SPI [1]	result	2.06950337	0.00000512	0x00	0x00
SPI [1]	result	2.06950865	0.00000512	0x00	0x00
SPI [1]	result	2.06951393	0.00000512	0x00	0x00
SPI [1]	result	2.06951921	0.00000512	0x00	0x00
SPI [1]	result	2.06952449	0.00000512	0x00	0x00
SPI [1]	result	2.06952977	0.00000512	0x00	0x00
SPI [1]	result	2.06953505	0.00000512	0x00	0x00
SPI [1]	result	2.06954033	0.00000512	0x00	0xC3
SPI [1]	result	2.06954561	0.00000512	0x00	0x3C
SPI [1]	result	2.06955089	0.00000512	0x00	0xA5
SPI [1]	result	2.06955617	0.00000512	0x00	0x5A
SPI [1]	result	2.06956145	0.00000512	0x00	0x00
SPI [1]	result	2.06956673	0.00000512	0x00	0x00
SPI [1]	result	2.06957201	0.00000512	0x00	0x00
SPI [1]	result	2.06957729	0.00000512	0x00	0x00
SPI [1]	result	2.06958257	0.00000512	0x00	0x00
SPI [1]	result	2.06958785	0.00000512	0x00	0x00
SPI [1]	result	2.06959313	0.00000512	0x00	0x00
SPI [1]	result	2.06959841	0.00000512	0x00	0x00
SPI [1]	result	2.06960369	0.00000512	0x00	0x00
SPI [1]	result	2.06960897	0.00000512	0x00	0x0C
SPI [1]	result	2.06961425	0.00000512	0x00	0x33
SPI [1]	result	2.06961953	0.00000512	0x00	0xCA
SPI [1]	result	2.06962481	0.00000512	0x00	0x55
SPI [1]	result	2.06963009	0.00000512	0x00	0xA0
SPI [1]	result	2.06963537	0.00000512	0x00	0x00
SPI [1]	result	2.06964065	0.00000512	0x00	0x00
SPI [1]	result	2.06964593	0.00000512	0x00	0x00
SPI [1]	result	2.06965121	0.00000512	0x00	0x00
SPI [1]	result	2.06965649	0.00000512	0x5A	0x00
SPI [1]	result	2.07280689	0.00000512	0xB8	0xC3
SPI [1]	result	2.07281217	0.00000512	0x01	0x3C
SPI [1]	result	2.07281745	0.00000512	0x06	0xA5
SPI [1]	result	2.07282273	0.00000512	0x26	0x5A
SPI [1]	result	2.07360818	0.00000512	0x0B	0xC3
SPI [1]	result	2.07361346	0.00000512	0x10	0x3C
SPI [1]	result	2.07361874	0.00000512	0x80	0xA5
SPI [1]	result	2.07362402	0.00000512	0x3A	0x5A
SPI [1]	result	2.07417294	0.00000512	0x00	0xC3
SPI [1]	result	2.07417822	0.00000512	0x00	0x3C
SPI [1]	result	2.07418350	0.00000512	0x05	0xA5
SPI [1]	result	2.07418878	0.00000512	0x56	0x5A
SPI [1]	result	2.07496393	0.00000512	0x0C	0xC3
SPI [1]	result	2.07496921	0.00000512	0x00	0x3C
SPI [1]	result	2.07497449	0.00000512	0x86	0xA5
SPI [1]	result	2.07497977	0.00000512	0x0A	0x5A
SPI [1]	result	2.07554800	0.00000512	0x00	0xC3
SPI [1]	result	2.07555328	0.00000512	0x00	0x3C
SPI [1]	result	2.07555856	0.00000512	0x00	0xA5
SPI [1]	result	2.07556384	0.00000512	0x00	0x5A
SPI [1]	result	2.07612302	0.00000512	0x08	0xC3
SPI [1]	result	2.07612830	0.00000512	0x00	0x3C
SPI [1]	result	2.07613358	0.00000512	0x85	0xA5
SPI [1]	result	2.07613886	0.00000512	0x68	0x5A
SPI [1]	result	2.07922214	0.00000512	0x00	0xC3
SPI [1]	result	2.07922742	0.00000512	0x00	0x3C
SPI [1]	result	2.07923270	0.00000512	0x53	0xA5
SPI [1]	result	2.07923798	0.00000512	0x50	0x5A
SPI [1]	result	2.07924326	0.00000512	0x58	0x00
SPI [1]	result	2.07924854	0.00000512	0x31	0x00
SPI [1]	result	2.07925382	0.00000512	0x00	0x00
SPI [1]	result	2.07925910	0.00000512	0x00	0x00
SPI [1]	result	2.07926438	0.00000512	0x00	0x00
SPI [1]	result	2.07926966	0.00000512	0x00	0x00
SPI [1]	result	2.07927494	0.00000512	0x00	0x00
SPI [1]	result	2.07928022	0.00000512	0x00	0x00
SPI [1]	result	2.07928550	0.00000512	0x47	0x00
SPI [1]	result	2.07929078	0.00000512	0x46	0x0C
SPI [1]	result	2.07929606	0.00000512	0x58	0x33
SPI [1]	result	2.07930134	0.00000512	0x20	0xCA
SPI [1]	result	2.07930662	0.00000512	0x35	0x55
SPI [1]	result	2.07931190	0.00000512	0x30	0xA0
SPI [1]	result	2.07931718	0.00000512	0x53	0x00
SPI [1]	result	2.07932246	0.00000512	0x00	0x00
SPI [1]	result	2.07932774	0.00000512	0x00	0x00
SPI [1]	result	2.07933302	0.00000512	0x00	0x00
SPI [1]	result	2.07933830	0.00000512	0x00	0x00
SPI [1]	result	2.07934358	0.00000512	0x00	0x00
SPI [1]	result	2.07934886	0.00000512	0x00	0x00
SPI [1]	result	2.07935414	0.00000512	0x00	0x00
SPI [1]	result	2.07935942	0.00000512	0x00	0x00
SPI [1]	result	2.07936470	0.00000512	0x00	0xC3
SPI [1]	result	2.07936998	0.00000512	0x00	0x3C
SPI [1]	result	2.07937526	0.00000512	0x00	0xA5
SPI [1]	result	2.07938054	0.00000512	0x00	0x5A
SPI [1]	result	2.07938582	0.00000512	0x00	0x00
SPI [1]	result	2.07939110	0.00000512	0x47	0x00
SPI [1]	result	2.07939638	0.00000512	0x46	0x00
SPI [1]	result	2.07940166	0.00000512	0x58	0x00
SPI [1]	result	2.07940694	0.00000512	0x20	0x00
SPI [1]	result	2.07941222	0.00000512	0x35	0x00
SPI [1]	result	2.07941750	0.00000512	0x30	0x00
SPI [1]	result	2.07942278	0.00000512	0x53	0x00
SPI [1]	result	2.07942806	0.00000512	0x00	0x00
SPI [1]	result	2.07943334	0.00000512	0x00	0x0C
SPI [1]	result	2.07943862	0.00000512	0x00	0x33
SPI [1]	result	2.07944390	0.00000512	0x00	0xCA
SPI [1]	result	2.07944918	0.00000512	0x00	0x55
SPI [1]	result	2.07945446	0.00000512	0x00	0xA0
SPI [1]	result	2.07945974	0.00000512	0x00	0x00
SPI [1]	result	2.07946502	0.00000512	0x00	0x00
SPI [1]	result	2.07947030	0.00000512	0x35	0x00
SPI [1]	result	2.07947558	0.00000512	0x39	0x00
SPI [1]	result	2.07948086	0.00000512	0x33	0x00
SPI [1]	result	2.07948614	0.00000512	0x35	0x00
SPI [1]	result	2.07949142	0.00000512	0x33	0x00
SPI [1]	result	2.07949670	0.00000512	0x33	0x00
SPI [1]	result	2.07950198	0.00000512	0x33	0x00
SPI [1]	result	2.07950726	0.00000512	0x31	0xC3
SPI [1]	result	2.07951254	0.00000512	0x33	0x3C
SPI [1]	result	2.07951782	0.00000512	0x36	0xA5
SPI [1]	result	2.07952310	0.00000512	0x33	0x5A
SPI [1]	result	2.07952838	0.00000512	0x31	0x00
SPI [1]	result	2.07953366	0.00000512	0x31	0x00
SPI [1]	result	2.07953894	0.00000512	0x37	0x00
SPI [1]	result	2.07954422	0.00000512	0x30	0x00
SPI [1]	result	2.07954950	0.00000512	0x32	0x00
SPI [1]	result	2.07955478	0.00000512	0x31	0x00
SPI [1]	result	2.07956006	0.00000512	0x36	0x00
SPI [1]	result	2.07956534	0.00000512	0x37	0x00
SPI [1]	result	2.07957062	0.00000512	0x30	0x00
SPI [1]	result	2.07957590	0.00000512	0x32	0x0C
SPI [1]	result	2.07958118	0.00000512	0x30	0x33
SPI [1]	result	2.07958646	0.00000512	0x31	0xCA
SPI [1]	result	2.07959174	0.00000512	0x30	0x55
SPI [1]	result	2.07959702	0.00000512	0x31	0xA0
SPI [1]	result	2.07960230	0.00000512	0x31	0x00
SPI [1]	result	2.07960758	0.00000512	0x30	0x00
SPI [1]	result	2.07961286	0.00000512	0x36	0x00
SPI [1]	result	2.07961814	0.00000512	0x39	0x00
SPI [1]	result	2.07962342	0.00000512	0x41	0x00
SPI [1]	result	2.07962870	0.00000512	0x04	0x00
SPI [1]	result	2.07963398	0.00000512	0x20	0x00
SPI [1]	result	2.07963926	0.00000512	0x02	0x00
SPI [1]	result	2.07964454	0.00000512	0x16	0x00
SPI [1]	result	2.07964982	0.00000512	0x01	0xC3
SPI [1]	result	2.07965510	0.00000512	0x00	0x3C
SPI [1]	result	2.07966038	0.00000512	0x01	0xA5
SPI [1]	result	2.07966566	0.00000512	0x00	0x5A
SPI [1]	result	2.07967094	0.00000512	0x01	0x00
SPI [1]	result	2.07967622	0.00000512	0x00	0x00
SPI [1]	result	2.07968150	0.00000512	0x00	0x00
SPI [1]	result	2.07968678	0.00000512	0x00	0x00
SPI [1]	result	2.07969206	0.00000512	0x00	0x00
SPI [1]	result	2.07969734	0.00000512	0x00	0x00
SPI [1]	result	2.07970262	0.00000512	0x00	0x00
SPI [1]	result	2.07970790	0.00000512	0x00	0x00
SPI [1]	result	2.07971318	0.00000512	0x00	0x00
SPI [1]	result	2.07971846	0.00000512	0x00	0x0C
SPI [1]	result	2.07972374	0.00000512	0x00	0x33
SPI [1]	result	2.07972902	0.00000512	0x00	0xCA
SPI [1]	result	2.07973430	0.00000512	0x00	0x55
SPI [1]	result	2.07973958	0.00000512	0x00	0xA0
SPI [1]	result	2.07974486	0.00000512	0x00	0x00
SPI [1]	result	2.07975014	0.00000512	0x00	0x00
SPI [1]	result	2.07975542	0.00000512	0x00	0x00
SPI [1]	result	2.07976070	0.00000512	0x00	0x00
SPI [1]	result	2.07976598	0.00000512	0x00	0x00
SPI [1]	result	2.07977126	0.00000512	0x00	0x00
SPI [1]	result	2.07977654	0.00000512	0x00	0x00
SPI [1]	result	2.07978182	0.00000512	0x00	0x00
SPI [1]	result	2.07978710	0.00000512	0x00	0x00
SPI [1]	result	2.07979238	0.00000512	0x00	0xC3
SPI [1]	result	2.07979766	0.00000512	0x00	0x3C
SPI [1]	result	2.07980294	0.00000512	0x00	0xA5
SPI [1]	result	2.07980822	0.00000512	0x00	0x5A
SPI [1]	result	2.07981350	0.00000512	0x00	0x00
SPI [1]	result	2.07981878	0.00000512	0x00	0x00
SPI [1]	result	2.07982406	0.00000512	0x00	0x00
SPI [1]	result	2.07982934	0.00000512	0x00	0x00
SPI [1]	result	2.07983462	0.00000512	0x00	0x00
SPI [1]	result	2.07983990	0.00000512	0x00	0x00
SPI [1]	result	2.07984518	0.00000512	0x00	0x00
SPI [1]	result	2.07985046	0.00000512	0x00	0x00
SPI [1]	result	2.07985574	0.00000512	0x00	0x00
SPI [1]	result	2.07986102	0.00000512	0x00	0x0C
SPI [1]	result	2.07986630	0.00000512	0x00	0x33
SPI [1]	result	2.07987158	0.00000512	0x00	0xCA
SPI [1]	result	2.07987686	0.00000512	0x00	0x55
SPI [1]	result	2.07988214	0.00000512	0x00	0xA0
SPI [1]	result	2.07988742	0.00000512	0x00	0x00
SPI [1]	result	2.07989270	0.00000512	0x00	0x00
SPI [1]	result	2.07989798	0.00000512	0x00	0x00
SPI [1]	result	2.07990326	0.00000512	0x00	0x00
SPI [1]	result	2.07990854	0.00000512	0xEF	0x00
SPI [1]	result	2.08303408	0.00000512	0xFF	0xC3
SPI [1]	result	2.08303936	0.00000512	0xFF	0x3C
SPI [1]	result	2.08304464	0.00000512	0x53	0xA5
SPI [1]	result	2.08304992	0.00000512	0x50	0x5A
SPI [1]	result	2.08305520	0.00000512	0x58	0x00
SPI [1]	result	2.08306048	0.00000512	0x31	0x00
SPI [1]	result	2.08306576	0.00000512	0x00	0x00
SPI [1]	result	2.08307104	0.00000512	0x00	0x00
SPI [1]	result	2.08307632	0.00000512	0x00	0x00
SPI [1]	result	2.08308160	0.00000512	0x00	0x00
SPI [1]	result	2.08308688	0.00000512	0x00	0x00
SPI [1]	result	2.08309216	0.00000512	0x00	0x00
SPI [1]	result	2.08309744	0.00000512	0x47	0x00
SPI [1]	result	2.08310272	0.00000512	0x46	0x0C
SPI [1]	result	2.08310800	0.00000512	0x58	0x33
SPI [1]	result	2.08311328	0.00000512	0x20	0xCA
SPI [1]	result	2.08311856	0.00000512	0x35	0x55
SPI [1]	result	2.08312384	0.00000512	0x30	0xA0
SPI [1]	result	2.08312912	0.00000512	0x53	0x00
SPI [1]	result	2.08313440	0.00000512	0x00	0x00
SPI [1]	result	2.08313968	0.00000512	0x00	0x00
SPI [1]	result	2.08314496	0.00000512	0x00	0x00
SPI [1]	result	2.08315024	0.00000512	0x00	0x00
SPI [1]	result	2.08315552	0.00000512	0x00	0x00
SPI [1]	result	2.08316080	0.00000512	0x00	0x00
SPI [1]	result	2.08316608	0.00000512	0x00	0x00
SPI [1]	result	2.08317136	0.00000512	0x00	0x00
SPI [1]	result	2.08317664	0.00000512	0x00	0xC3
SPI [1]	result	2.08318192	0.00000512	0x00	0x3C
SPI [1]	result	2.08318720	0.00000512	0x00	0xA5
SPI [1]	result	2.08319248	0.00000512	0x00	0x5A
SPI [1]	result	2.08319776	0.00000512	0x00	0x00
SPI [1]	result	2.08320304	0.00000512	0x47	0x00
SPI [1]	result	2.08320832	0.00000512	0x46	0x00
SPI [1]	result	2.08321360	0.00000512	0x58	0x00
SPI [1]	result	2.08321888	0.00000512	0x20	0x00
SPI [1]	result	2.08322416	0.00000512	0x35	0x00
SPI [1]	result	2.08322944	0.00000512	0x30	0x00
SPI [1]	result	2.08323472	0.00000512	0x53	0x00
SPI [1]	result	2.08324000	0.00000512	0x00	0x00
SPI [1]	result	2.08324528	0.00000512	0x00	0x0C
SPI [1]	result	2.08325056	0.00000512	0x00	0x33
SPI [1]	result	2.08325584	0.00000512	0x00	0xCA
SPI [1]	result	2.08326112	0.00000512	0x00	0x55
SPI [1]	result	2.08326640	0.00000512	0x00	0xA0
SPI [1]	result	2.08327168	0.00000512	0x00	0x00
SPI [1]	result	2.08327696	0.00000512	0x00	0x00
SPI [1]	result	2.08328224	0.00000512	0x35	0x00
SPI [1]	result	2.08328752	0.00000512	0x39	0x00
SPI [1]	result	2.08329280	0.00000512	0x33	0x00
SPI [1]	result	2.08329808	0.00000512	0x35	0x00
SPI [1]	result	2.08330336	0.00000512	0x33	0x00
SPI [1]	result	2.08330864	0.00000512	0x33	0x00
SPI [1]	result	2.08331392	0.00000512	0x33	0x00
SPI [1]	result	2.08331920	0.00000512	0x31	0xC3
SPI [1]	result	2.08332448	0.00000512	0x33	0x3C
SPI [1]	result	2.08332976	0.00000512	0x36	0xA5
SPI [1]	result	2.08333504	0.00000512	0x33	0x5A
SPI [1]	result	2.08334032	0.00000512	0x31	0x00
SPI [1]	result	2.08334560	0.00000512	0x31	0x00
SPI [1]	result	2.08335088	0.00000512	0x37	0x00
SPI [1]	result	2.08335616	0.00000512	0x30	0x00
SPI [1]	result	2.08336144	0.00000512	0x32	0x00
SPI [1]	result	2.08336672	0.00000512	0x31	0x00
SPI [1]	result	2.08337200	0.00000512	0x36	0x00
SPI [1]	result	2.08337728	0.00000512	0x37	0x00
SPI [1]	result	2.08338256	0.00000512	0x30	0x00
SPI [1]	result	2.08338784	0.00000512	0x32	0x0C
SPI [1]	result	2.08339312	0.00000512	0x30	0x33
SPI [1]	result	2.08339840	0.00000512	0x31	0xCA
SPI [1]	result	2.08340368	0.00000512	0x30	0x55
SPI [1]	result	2.08340896	0.00000512	0x31	0xA0
SPI [1]	result	2.08341424	0.00000512	0x31	0x00
SPI [1]	result	2.08341952	0.00000512	0x30	0x00
SPI [1]	result	2.08342480	0.00000512	0x36	0x00
SPI [1]	result	2.08343008	0.00000512	0x39	0x00
SPI [1]	result	2.08343536	0.00000512	0x41	0x00
SPI [1]	result	2.08344064	0.00000512	0x04	0x00
SPI [1]	result	2.08344592	0.00000512	0x20	0x00
SPI [1]	result	2.08345120	0.00000512	0x02	0x00
SPI [1]	result	2.08345648	0.00000512	0x16	0x00
SPI [1]	result	2.08346176	0.00000512	0x01	0xC3
SPI [1]	result	2.08346704	0.00000512	0x00	0x3C
SPI [1]	result	2.08347232	0.00000512	0x01	0xA5
SPI [1]	result	2.08347760	0.00000512	0x00	0x5A
SPI [1]	result	2.08348288	0.00000512	0x01	0x00
SPI [1]	result	2.08348816	0.00000512	0x00	0x00
SPI [1]	result	2.08349344	0.00000512	0x00	0x00
SPI [1]	result	2.08349872	0.00000512	0x00	0x00
SPI [1]	result	2.08350400	0.00000512	0x00	0x00
SPI [1]	result	2.08350928	0.00000512	0x00	0x00
SPI [1]	result	2.08351456	0.00000512	0x00	0x00
SPI [1]	result	2.08351984	0.00000512	0x00	0x00
SPI [1]	result	2.08352512	0.00000512	0x00	0x00
SPI [1]	result	2.08353040	0.00000512	0x00	0x0C
SPI [1]	result	2.08353568	0.00000512	0x00	0x33
SPI [1]	result	2.08354096	0.00000512	0x00	0xCA
SPI [1]	result	2.08354624	0.00000512	0x00	0x55
SPI [1]	result	2.08355152	0.00000512	0x00	0xA0
SPI [1]	result	2.08355680	0.00000512	0x00	0x00
SPI [1]	result	2.08356208	0.00000512	0x00	0x00
SPI [1]	result	2.08356736	0.00000512	0x00	0x00
SPI [1]	result	2.08357264	0.00000512	0x00	0x00
SPI [1]	result	2.08357792	0.00000512	0x00	0x00
SPI [1]	result	2.08358320	0.00000512	0x00	0x00
SPI [1]	result	2.08358848	0.00000512	0x00	0x00
SPI [1]	result	2.08359376	0.00000512	0x00	0x00
SPI [1]	result	2.08359904	0.00000512	0x00	0x00
SPI [1]	result	2.08360432	0.00000512	0x00	0xC3
SPI [1]	result	2.08360960	0.00000512	0x00	0x3C
SPI [1]	result	2.08361488	0.00000512	0x00	0xA5
SPI [1]	result	2.08362016	0.00000512	0x00	0x5A
SPI [1]	result	2.08362544	0.00000512	0x00	0x00
SPI [1]	result	2.08363072	0.00000512	0x00	0x00
SPI [1]	result	2.08363600	0.00000512	0x00	0x00
SPI [1]	result	2.08364128	0.00000512	0x00	0x00
SPI [1]	result	2.08364656	0.00000512	0x00	0x00
SPI [1]	result	2.08365184	0.00000512	0x00	0x00
SPI [1]	result	2.08365712	0.00000512	0x00	0x00
SPI [1]	result	2.08366240	0.00000512	0x00	0x00
SPI [1]	result	2.08366768	0.00000512	0x00	0x00
SPI [1]	result	2.08367296	0.00000512	0x00	0x0C
SPI [1]	result	2.08367824	0.00000512	0x00	0x33
SPI [1]	result	2.08368352	0.00000512	0x00	0xCA
SPI [1]	result	2.08368880	0.00000512	0x00	0x55
SPI [1]	result	2.08369408	0.00000512	0x00	0xA0
SPI [1]	result	2.08369936	0.00000512	0x00	0x00
SPI [1]	result	2.08370464	0.00000512	0x00	0x00
SPI [1]	result	2.08370992	0.00000512	0x00	0x00
SPI [1]	result	2.08371520	0.00000512	0x00	0x00
SPI [1]	result	2.08372048	0.00000512	0xED	0x00
SPI [1]	result	2.08684957	0.00000512	0x00	0xC3
SPI [1]	result	2.08685485	0.00000512	0x00	0x3C
SPI [1]	result	2.08686013	0.00000512	0x05	0xA5
SPI [1]	result	2.08686541	0.00000512	0x96	0x5A
SPI [1]	result	2.08765821	0.00000512	0x0D	0xC3
SPI [1]	result	2.08766349	0.00000512	0x10	0x3C
SPI [1]	result	2.08766877	0.00000512	0x80	0xA5
SPI [1]	result	2.08767405	0.00000512	0x0A	0x5A
SPI [1]	result	2.08822375	0.00000512	0x00	0xC3
SPI [1]	result	2.08822903	0.00000512	0x00	0x3C
SPI [1]	result	2.08823431	0.00000512	0x00	0xA5
SPI [1]	result	2.08823959	0.00000512	0x00	0x5A
SPI [1]	result	2.08880276	0.00000512	0x08	0xC3
SPI [1]	result	2.08880804	0.00000512	0x00	0x3C
SPI [1]	result	2.08881332	0.00000512	0x85	0xA5
SPI [1]	result	2.08881860	0.00000512	0xA8	0x5A
SPI [1]	result	2.08939130	0.00000512	0x00	0xC3
SPI [1]	result	2.08939658	0.00000512	0x00	0x3C
SPI [1]	result	2.08940186	0.00000512	0x08	0xA5
SPI [1]	result	2.08940714	0.00000512	0x20	0x5A
SPI [1]	result	2.09018560	0.00000512	0x0E	0xC3
SPI [1]	result	2.09019088	0.00000512	0x10	0x3C
SPI [1]	result	2.09019616	0.00000512	0x80	0xA5
SPI [1]	result	2.09020144	0.00000512	0x12	0x5A
SPI [1]	result	2.09075608	0.00000512	0x00	0xC3
SPI [1]	result	2.09076136	0.00000512	0x00	0x3C
SPI [1]	result	2.09076664	0.00000512	0x00	0xA5
SPI [1]	result	2.09077192	0.00000512	0x00	0x5A
SPI [1]	result	2.09132961	0.00000512	0x08	0xC3
SPI [1]	result	2.09133489	0.00000512	0x00	0x3C
SPI [1]	result	2.09134017	0.00000512	0x88	0xA5
SPI [1]	result	2.09134545	0.00000512	0x32	0x5A
SPI [1]	result	2.09192704	0.00000512	0x00	0xC3
SPI [1]	result	2.09193232	0.00000512	0x00	0x3C
SPI [1]	result	2.09193760	0.00000512	0x0C	0xA5
SPI [1]	result	2.09194288	0.00000512	0x30	0x5A
SPI [1]	result	2.09272195	0.00000512	0x0F	0xC3
SPI [1]	result	2.09272723	0.00000512	0x10	0x3C
SPI [1]	result	2.09273251	0.00000512	0x80	0xA5
SPI [1]	result	2.09273779	0.00000512	0x1A	0x5A
SPI [1]	result	2.09329193	0.00000512	0x00	0xC3
SPI [1]	result	2.09329721	0.00000512	0x00	0x3C
SPI [1]	result	2.09330249	0.00000512	0x0C	0xA5
SPI [1]	result	2.09330777	0.00000512	0x72	0x5A
SPI [1]	result	2.09408394	0.00000512	0x08	0xC3
SPI [1]	result	2.09408922	0.00000512	0x00	0x3C
SPI [1]	result	2.09409450	0.00000512	0x8C	0xA5
SPI [1]	result	2.09409978	0.00000512	0x02	0x5A
SPI [1]	result	2.09467707	0.00000512	0x00	0xC3
SPI [1]	result	2.09468235	0.00000512	0x00	0x3C
SPI [1]	result	2.09468763	0.00000512	0x00	0xA5
SPI [1]	result	2.09469291	0.00000512	0x00	0x5A
SPI [1]	result	2.09525308	0.00000512	0x08	0xC3
SPI [1]	result	2.09525836	0.00000512	0x00	0x3C
SPI [1]	result	2.09526364	0.00000512	0x8C	0xA5
SPI [1]	result	2.09526892	0.00000512	0x44	0x5A
SPI [1]	result	2.13039959	0.00000512	0x00	0x00
SPI [1]	result	2.13040487	0.00000512	0x00	0x00
SPI [1]	result	2.13041015	0.00000512	0x08	0x0C
SPI [1]	result	2.13041543	0.00000512	0x20	0x33
SPI [1]	result	2.13118912	0.00000512	0x09	0xCA
SPI [1]	result	2.13119440	0.00000512	0x10	0x55
SPI [1]	result	2.13119968	0.00000512	0x80	0xA0
SPI [1]	result	2.13120496	0.00000512	0x2A	0x00
SPI [1]	result	2.13176301	0.00000512	0x00	0xC3
SPI [1]	result	2.13176829	0.00000512	0x00	0x3C
SPI [1]	result	2.13177357	0.00000512	0x00	0xA5
SPI [1]	result	2.13177885	0.00000512	0x00	0x5A
SPI [1]	result	2.13232795	0.00000512	0x08	0xC3
SPI [1]	result	2.13233323	0.00000512	0x00	0x3C
SPI [1]	result	2.13233851	0.00000512	0x88	0xA5
SPI [1]	result	2.13234379	0.00000512	0x32	0x5A
SPI [1]	result	2.19291437	0.00000512	0x00	0xC3
SPI [1]	result	2.19291965	0.00000512	0x00	0x3C
SPI [1]	result	2.19292493	0.00000512	0x08	0xA5
SPI [1]	result	2.19293021	0.00000512	0x20	0x5A
SPI [1]	result	2.19339221	0.00000512	0x0A	0xC3
SPI [1]	result	2.19339749	0.00000512	0x10	0x3C
SPI [1]	result	2.19340277	0.00000512	0x80	0xA5
SPI [1]	result	2.19340805	0.00000512	0x32	0x5A
SPI [1]	result	2.19367611	0.00000512	0x00	0xC3
SPI [1]	result	2.19368139	0.00000512	0x00	0x3C
SPI [1]	result	2.19368667	0.00000512	0x00	0xA5
SPI [1]	result	2.19369195	0.00000512	0x00	0x5A
SPI [1]	result	2.19395606	0.00000512	0x08	0xC3
SPI [1]	result	2.19396134	0.00000512	0x00	0x3C
SPI [1]	result	2.19396662	0.00000512	0x88	0xA5
SPI [1]	result	2.19397190	0.00000512	0x32	0x5A
SPI [1]	result	2.20777821	0.00000512	0x00	0xC3
SPI [1]	result	2.20778349	0.00000512	0x00	0x3C
SPI [1]	result	2.20778877	0.00000512	0x20	0xA5
SPI [1]	result	2.20779405	0.00000512	0x04	0x5A
SPI [1]	result	2.20827202	0.00000512	0x0B	0xC3
SPI [1]	result	2.20827730	0.00000512	0x10	0x3C
SPI [1]	result	2.20828258	0.00000512	0x80	0xA5
SPI [1]	result	2.20828786	0.00000512	0x3A	0x5A
SPI [1]	result	2.20857892	0.00000512	0x00	0xC3
SPI [1]	result	2.20858420	0.00000512	0x00	0x3C
SPI [1]	result	2.20858948	0.00000512	0x3F	0xA5
SPI [1]	result	2.20859476	0.00000512	0xC6	0x5A
SPI [1]	result	2.20907294	0.00000512	0x0C	0xC3
SPI [1]	result	2.20907822	0.00000512	0x00	0x3C
SPI [1]	result	2.20908350	0.00000512	0xA0	0xA5
SPI [1]	result	2.20908878	0.00000512	0x36	0x5A
SPI [1]	result	2.20937495	0.00000512	0x00	0xC3
SPI [1]	result	2.20938023	0.00000512	0x00	0x3C
SPI [1]	result	2.20938551	0.00000512	0x00	0xA5
SPI [1]	result	2.20939079	0.00000512	0x00	0x5A
SPI [1]	result	2.20969240	0.00000512	0x08	0xC3
SPI [1]	result	2.20969768	0.00000512	0x00	0x3C
SPI [1]	result	2.20970296	0.00000512	0xBF	0xA5
SPI [1]	result	2.20970824	0.00000512	0xD8	0x5A
SPI [1]	result	2.20994517	0.00000512	0x00	0xC3
SPI [1]	result	2.20995045	0.00000512	0x02	0x3C
SPI [1]	result	2.20995573	0.00000512	0x2A	0xA5
SPI [1]	result	2.20996101	0.00000512	0x2E	0x5A
SPI [1]	result	2.21040815	0.00000512	0x0D	0x00
SPI [1]	result	2.21041343	0.00000512	0x10	0x00
SPI [1]	result	2.21041871	0.00000512	0x80	0x01
SPI [1]	result	2.21042399	0.00000512	0x0A	0x86
SPI [1]	result	2.21069314	0.00000512	0x00	0x79
SPI [1]	result	2.21069842	0.00000512	0x00	0x4A
SPI [1]	result	2.21070370	0.00000512	0x3F	0xB4
SPI [1]	result	2.21070898	0.00000512	0xC6	0x00
SPI [1]	result	2.21117420	0.00000512	0x0E	0xC3
SPI [1]	result	2.21117948	0.00000512	0x00	0x3C
SPI [1]	result	2.21118476	0.00000512	0xAA	0xA5
SPI [1]	result	2.21119004	0.00000512	0x2E	0x5A
SPI [1]	result	2.21147804	0.00000512	0x00	0xC3
SPI [1]	result	2.21148332	0.00000512	0x00	0x3C
SPI [1]	result	2.21148860	0.00000512	0x00	0xA5
SPI [1]	result	2.21149388	0.00000512	0x00	0x5A
SPI [1]	result	2.21176412	0.00000512	0x08	0xC3
SPI [1]	result	2.21176940	0.00000512	0x00	0x3C
SPI [1]	result	2.21177468	0.00000512	0xBF	0xA5
SPI [1]	result	2.21177996	0.00000512	0xD8	0x5A
SPI [1]	result	2.23287860	0.00000512	0x00	0xC3
SPI [1]	result	2.23288388	0.00000512	0x00	0x3C
SPI [1]	result	2.23288916	0.00000512	0x08	0xA5
SPI [1]	result	2.23289444	0.00000512	0x20	0x5A
SPI [1]	result	2.23335627	0.00000512	0x0F	0xC3
SPI [1]	result	2.23336155	0.00000512	0x10	0x3C
SPI [1]	result	2.23336683	0.00000512	0x80	0xA5
SPI [1]	result	2.23337211	0.00000512	0x1A	0x5A
SPI [1]	result	2.23364309	0.00000512	0x00	0xC3
SPI [1]	result	2.23364837	0.00000512	0x00	0x3C
SPI [1]	result	2.23365365	0.00000512	0x00	0xA5
SPI [1]	result	2.23365893	0.00000512	0x00	0x5A
SPI [1]	result	2.23391808	0.00000512	0x08	0xC3
SPI [1]	result	2.23392336	0.00000512	0x00	0x3C
SPI [1]	result	2.23392864	0.00000512	0x88	0xA5
SPI [1]	result	2.23393392	0.00000512	0x32	0x5A
SPI [1]	result	2.23421498	0.00000512	0x00	0xC3
SPI [1]	result	2.23422026	0.00000512	0x00	0x3C
SPI [1]	result	2.23422554	0.00000512	0x0C	0xA5
SPI [1]	result	2.23423082	0.00000512	0xB2	0x5A
SPI [1]	result	2.23468805	0.00000512	0x08	0xC3
SPI [1]	result	2.23469333	0.00000512	0x10	0x3C
SPI [1]	result	2.23469861	0.00000512	0x80	0xA5
SPI [1]	result	2.23470389	0.00000512	0x22	0x5A
SPI [1]	result	2.23497310	0.00000512	0x00	0xC3
SPI [1]	result	2.23497838	0.00000512	0x00	0x3C
SPI [1]	result	2.23498366	0.00000512	0x0C	0xA5
SPI [1]	result	2.23498894	0.00000512	0x30	0x5A
SPI [1]	result	2.23543008	0.00000512	0x09	0xC3
SPI [1]	result	2.23543536	0.00000512	0x00	0x3C
SPI [1]	result	2.23544064	0.00000512	0x8C	0xA5
SPI [1]	result	2.23544592	0.00000512	0x8C	0x5A
SPI [1]	result	2.23572201	0.00000512	0x00	0xC3
SPI [1]	result	2.23572729	0.00000512	0x00	0x3C
SPI [1]	result	2.23573257	0.00000512	0x00	0xA5
SPI [1]	result	2.23573785	0.00000512	0x00	0x5A
SPI [1]	result	2.23601300	0.00000512	0x08	0xC3
SPI [1]	result	2.23601828	0.00000512	0x00	0x3C
SPI [1]	result	2.23602356	0.00000512	0x8C	0xA5
SPI [1]	result	2.23602884	0.00000512	0x02	0x5A
SPI [1]	result	2.27619585	0.00000512	0x00	0xC3
SPI [1]	result	2.27620113	0.00000512	0x00	0x3C
SPI [1]	result	2.27620641	0.00000512	0x08	0xA5
SPI [1]	result	2.27621169	0.00000512	0x20	0x5A
SPI [1]	result	2.27669028	0.00000512	0xA5	0xC3
SPI [1]	result	2.27669556	0.00000512	0x5A	0x3C
SPI [1]	result	2.27670084	0.00000512	0x3C	0xA5
SPI [1]	result	2.27670612	0.00000512	0xC3	0x5A
SPI [1]	result	2.27710291	0.00000512	0x80	0xA5
SPI [1]	result	2.27710819	0.00000512	0x20	0x5A
SPI [1]	result	2.27711347	0.00000512	0x28	0x3C
SPI [1]	result	2.27711875	0.00000512	0x24	0xC3
SPI [1]	result	2.27751952	0.00000512	0x08	0x08
SPI [1]	result	2.27752480	0.00000512	0x10	0x10
SPI [1]	result	2.27753008	0.00000512	0x80	0xA8
SPI [1]	result	2.27753536	0.00000512	0x22	0x06
SPI [1]	result	2.27793143	0.00000512	0x00	0x08
SPI [1]	result	2.27793671	0.00000512	0x00	0x00
SPI [1]	result	2.27794199	0.00000512	0x00	0xA8
SPI [1]	result	2.27794727	0.00000512	0x00	0x36
SPI [1]	result	2.27834047	0.00000512	0x00	0x00
SPI [1]	result	2.27834575	0.00000512	0x00	0xF3
SPI [1]	result	2.27835103	0.00000512	0x00	0x03
SPI [1]	result	2.27835631	0.00000512	0x00	0xE8
SPI [1]	result	2.27877064	0.00000512	0x00	0xC3
SPI [1]	result	2.27877592	0.00000512	0x00	0x3C
SPI [1]	result	2.27878120	0.00000512	0x3F	0xA5
SPI [1]	result	2.27878648	0.00000512	0xC6	0x5A
SPI [1]	result	2.27963791	0.00000512	0x08	0xC3
SPI [1]	result	2.27964319	0.00000512	0x10	0x3C
SPI [1]	result	2.27964847	0.00000512	0x80	0xA5
SPI [1]	result	2.27965375	0.00000512	0x22	0x5A
SPI [1]	result	2.28298990	0.00000512	0x00	0xC3
SPI [1]	result	2.28299518	0.00000512	0x00	0x3C
SPI [1]	result	2.28300046	0.00000512	0x00	0xA5
SPI [1]	result	2.28300574	0.00000512	0x00	0x5A
SPI [1]	result	2.28383631	0.00000512	0x08	0xC3
SPI [1]	result	2.28384159	0.00000512	0x00	0x3C
SPI [1]	result	2.28384687	0.00000512	0xBF	0xA5
SPI [1]	result	2.28385215	0.00000512	0xD8	0x5A
SPI [1]	result	2.28638926	0.00000512	0xB8	0xC3
SPI [1]	result	2.28639454	0.00000512	0x01	0x3C
SPI [1]	result	2.28639982	0.00000512	0x06	0xA5
SPI [1]	result	2.28640510	0.00000512	0x26	0x5A
SPI [1]	result	2.28718779	0.00000512	0x09	0xC3
SPI [1]	result	2.28719307	0.00000512	0x10	0x3C
SPI [1]	result	2.28719835	0.00000512	0x80	0xA5
SPI [1]	result	2.28720363	0.00000512	0x2A	0x5A
SPI [1]	result	2.28776586	0.00000512	0x00	0xC3
SPI [1]	result	2.28777114	0.00000512	0x00	0x3C
SPI [1]	result	2.28777642	0.00000512	0x05	0xA5
SPI [1]	result	2.28778170	0.00000512	0x14	0x5A
SPI [1]	result	2.28855183	0.00000512	0x0A	0xC3
SPI [1]	result	2.28855711	0.00000512	0x00	0x3C
SPI [1]	result	2.28856239	0.00000512	0x86	0xA5
SPI [1]	result	2.28856767	0.00000512	0x3A	0x5A
SPI [1]	result	2.28913996	0.00000512	0x00	0xC3
SPI [1]	result	2.28914524	0.00000512	0x00	0x3C
SPI [1]	result	2.28915052	0.00000512	0x00	0xA5
SPI [1]	result	2.28915580	0.00000512	0x00	0x5A
SPI [1]	result	2.28970195	0.00000512	0x08	0xC3
SPI [1]	result	2.28970723	0.00000512	0x00	0x3C
SPI [1]	result	2.28971251	0.00000512	0x85	0xA5
SPI [1]	result	2.28971779	0.00000512	0x26	0x5A
SPI [1]	result	2.29279397	0.00000512	0xFF	0xC3
SPI [1]	result	2.29279925	0.00000512	0xFF	0x3C
SPI [1]	result	2.29280453	0.00000512	0x00	0xA5
SPI [1]	result	2.29280981	0.00000512	0x00	0x5A
SPI [1]	result	2.29281509	0.00000512	0x00	0x00
SPI [1]	result	2.29282037	0.00000512	0x00	0x00
SPI [1]	result	2.29282565	0.00000512	0x00	0x00
SPI [1]	result	2.29283093	0.00000512	0x00	0x00
SPI [1]	result	2.29283621	0.00000512	0x00	0x00
SPI [1]	result	2.29284149	0.00000512	0x00	0x00
SPI [1]	result	2.29284677	0.00000512	0x00	0x00
SPI [1]	result	2.29285205	0.00000512	0x00	0x00
SPI [1]	result	2.29285733	0.00000512	0x00	0x00
SPI [1]	result	2.29286261	0.00000512	0x00	0x0C
SPI [1]	result	2.29286789	0.00000512	0x00	0x33
SPI [1]	result	2.29287317	0.00000512	0x00	0xCA
SPI [1]	result	2.29287845	0.00000512	0x00	0x55
SPI [1]	result	2.29288373	0.00000512	0x00	0xA0
SPI [1]	result	2.29288901	0.00000512	0x00	0x00
SPI [1]	result	2.29289429	0.00000512	0x00	0x00
SPI [1]	result	2.29289957	0.00000512	0x00	0x00
SPI [1]	result	2.29290485	0.00000512	0x00	0x00
SPI [1]	result	2.29291013	0.00000512	0x00	0x00
SPI [1]	result	2.29291541	0.00000512	0x00	0x00
SPI [1]	result	2.29292069	0.00000512	0x00	0x00
SPI [1]	result	2.29292597	0.00000512	0x00	0x00
SPI [1]	result	2.29293125	0.00000512	0x00	0x00
SPI [1]	result	2.29293653	0.00000512	0x00	0xC3
SPI [1]	result	2.29294181	0.00000512	0x00	0x3C
SPI [1]	result	2.29294709	0.00000512	0x00	0xA5
SPI [1]	result	2.29295237	0.00000512	0x00	0x5A
SPI [1]	result	2.29295765	0.00000512	0x00	0x00
SPI [1]	result	2.29296293	0.00000512	0x00	0x00
SPI [1]	result	2.29296821	0.00000512	0x00	0x00
SPI [1]	result	2.29297349	0.00000512	0x00	0x00
SPI [1]	result	2.29297877	0.00000512	0x00	0x00
SPI [1]	result	2.29298405	0.00000512	0x00	0x00
SPI [1]	result	2.29298933	0.00000512	0x00	0x00
SPI [1]	result	2.29299461	0.00000512	0x00	0x00
SPI [1]	result	2.29299989	0.00000512	0x00	0x00
SPI [1]	result	2.29300517	0.00000512	0x00	0x0C
SPI [1]	result	2.29301045	0.00000512	0x00	0x33
SPI [1]	result	2.29301573	0.00000512	0x00	0xCA
SPI [1]	result	2.29302101	0.00000512	0x00	0x55
SPI [1]	result	2.29302629	0.00000512	0x00	0xA0
SPI [1]	result	2.29303157	0.00000512	0x00	0x00
SPI [1]	result	2.29303685	0.00000512	0x00	0x00
SPI [1]	result	2.29304213	0.00000512	0x00	0x00
SPI [1]	result	2.29304741	0.00000512	0x00	0x00
SPI [1]	result	2.29305269	0.00000512	0x00	0x00
SPI [1]	result	2.29305797	0.00000512	0x00	0x00
SPI [1]	result	2.29306325	0.00000512	0x00	0x00
SPI [1]	result	2.29306853	0.00000512	0x00	0x00
SPI [1]	result	2.29307381	0.00000512	0x00	0x00
SPI [1]	result	2.29307909	0.00000512	0x00	0x43
SPI [1]	result	2.29308437	0.00000512	0x00	0x3C
SPI [1]	result	2.29308965	0.00000512	0x00	0xA5
SPI [1]	result	2.29309493	0.00000512	0x00	0x5A
SPI [1]	result	2.29310021	0.00000512	0x00	0x00
SPI [1]	result	2.29310549	0.00000512	0x00	0x00
SPI [1]	result	2.29311077	0.00000512	0x00	0x00
SPI [1]	result	2.29311605	0.00000512	0x00	0x00
SPI [1]	result	2.29312133	0.00000512	0x00	0x00
SPI [1]	result	2.29312661	0.00000512	0x00	0x00
SPI [1]	result	2.29313189	0.00000512	0x00	0x00
SPI [1]	result	2.29313717	0.00000512	0x00	0x00
SPI [1]	result	2.29314245	0.00000512	0x00	0x00
SPI [1]	result	2.29314773	0.00000512	0x00	0x0C
SPI [1]	result	2.29315301	0.00000512	0x00	0x33
SPI [1]	result	2.29315829	0.00000512	0x00	0xCA
SPI [1]	result	2.29316357	0.00000512	0x00	0x55
SPI [1]	result	2.29316885	0.00000512	0x00	0xA0
SPI [1]	result	2.29317413	0.00000512	0x00	0x00
SPI [1]	result	2.29317941	0.00000512	0x00	0x00
SPI [1]	result	2.29318469	0.00000512	0x00	0x00
SPI [1]	result	2.29318997	0.00000512	0x00	0x00
SPI [1]	result	2.29319525	0.00000512	0x00	0x00
SPI [1]	result	2.29320053	0.00000512	0x00	0x00
SPI [1]	result	2.29320581	0.00000512	0x00	0x00
SPI [1]	result	2.29321109	0.00000512	0x00	0x00
SPI [1]	result	2.29321637	0.00000512	0x00	0x00
SPI [1]	result	2.29322165	0.00000512	0x00	0x18
SPI [1]	result	2.29322693	0.00000512	0x00	0x67
SPI [1]	result	2.29323221	0.00000512	0x00	0x94
SPI [1]	result	2.29323749	0.00000512	0x00	0xAB
SPI [1]	result	2.29324277	0.00000512	0x00	0x40
SPI [1]	result	2.29324805	0.00000512	0x00	0x00
SPI [1]	result	2.29325333	0.00000512	0x00	0x00
SPI [1]	result	2.29325861	0.00000512	0x00	0x00
SPI [1]	result	2.29326389	0.00000512	0x00	0x00
SPI [1]	result	2.29326917	0.00000512	0x00	0x00
SPI [1]	result	2.29327445	0.00000512	0x00	0x00
SPI [1]	result	2.29327973	0.00000512	0x00	0x00
SPI [1]	result	2.29328501	0.00000512	0x00	0x00
SPI [1]	result	2.29329029	0.00000512	0x00	0x01
SPI [1]	result	2.29329557	0.00000512	0x00	0x86
SPI [1]	result	2.29330085	0.00000512	0x00	0x79
SPI [1]	result	2.29330613	0.00000512	0x00	0x4A
SPI [1]	result	2.29331141	0.00000512	0x00	0xB4
SPI [1]	result	2.29331669	0.00000512	0x00	0x00
SPI [1]	result	2.29332197	0.00000512	0x00	0x00
SPI [1]	result	2.29332725	0.00000512	0x00	0x00
SPI [1]	result	2.29333253	0.00000512	0x00	0x00
SPI [1]	result	2.29333781	0.00000512	0x00	0x00
SPI [1]	result	2.29334309	0.00000512	0x00	0x00
SPI [1]	result	2.29334837	0.00000512	0x00	0x00
SPI [1]	result	2.29335365	0.00000512	0x00	0x00
SPI [1]	result	2.29335893	0.00000512	0x00	0x00
SPI [1]	result	2.29336421	0.00000512	0x00	0x18
SPI [1]	result	2.29336949	0.00000512	0x00	0x67
SPI [1]	result	2.29337477	0.00000512	0x00	0x94
SPI [1]	result	2.29338005	0.00000512	0x00	0xAB
SPI [1]	result	2.29338533	0.00000512	0x00	0x40
SPI [1]	result	2.29339061	0.00000512	0x00	0x00
SPI [1]	result	2.29339589	0.00000512	0x00	0x00
SPI [1]	result	2.29340117	0.00000512	0x00	0x00
SPI [1]	result	2.29340645	0.00000512	0x00	0x00
SPI [1]	result	2.29341173	0.00000512	0x00	0x00
SPI [1]	result	2.29341701	0.00000512	0x00	0x00
SPI [1]	result	2.29342229	0.00000512	0x00	0x00
SPI [1]	result	2.29342757	0.00000512	0x00	0x00
SPI [1]	result	2.29343285	0.00000512	0x00	0x01
SPI [1]	result	2.29343813	0.00000512	0x00	0x86
SPI [1]	result	2.29344341	0.00000512	0x00	0x79
SPI [1]	result	2.29344869	0.00000512	0x00	0x4A
SPI [1]	result	2.29345397	0.00000512	0x00	0xB4
SPI [1]	result	2.29345925	0.00000512	0x00	0x00
SPI [1]	result	2.29346453	0.00000512	0x00	0x00
SPI [1]	result	2.29346981	0.00000512	0x00	0x00
SPI [1]	result	2.29347509	0.00000512	0x00	0x00
SPI [1]	result	2.29348037	0.00000512	0x5A	0x00
SPI [1]	result	2.29661004	0.00000512	0xFF	0xC3
SPI [1]	result	2.29661532	0.00000512	0x00	0x3C
SPI [1]	result	2.29662060	0.00000512	0x00	0xA5
SPI [1]	result	2.29662588	0.00000512	0x00	0x5A
SPI [1]	result	2.29663116	0.00000512	0x00	0x00
SPI [1]	result	2.29663644	0.00000512	0x00	0x00
SPI [1]	result	2.29664172	0.00000512	0x00	0x00
SPI [1]	result	2.29664700	0.00000512	0x00	0x00
SPI [1]	result	2.29665228	0.00000512	0x00	0x00
SPI [1]	result	2.29665756	0.00000512	0x00	0x00
SPI [1]	result	2.29666284	0.00000512	0x00	0x00
SPI [1]	result	2.29666812	0.00000512	0x00	0x00
SPI [1]	result	2.29667340	0.00000512	0x00	0x00
SPI [1]	result	2.29667868	0.00000512	0x00	0x0C
SPI [1]	result	2.29668396	0.00000512	0x00	0x33
SPI [1]	result	2.29668924	0.00000512	0x00	0xCA
SPI [1]	result	2.29669452	0.00000512	0x00	0x55
SPI [1]	result	2.29669980	0.00000512	0x00	0xA0
SPI [1]	result	2.29670508	0.00000512	0x00	0x00
SPI [1]	result	2.29671036	0.00000512	0x00	0x00
SPI [1]	result	2.29671564	0.00000512	0x00	0x00
SPI [1]	result	2.29672092	0.00000512	0x00	0x00
SPI [1]	result	2.29672620	0.00000512	0x00	0x00
SPI [1]	result	2.29673148	0.00000512	0x00	0x00
SPI [1]	result	2.29673676	0.00000512	0x00	0x00
SPI [1]	result	2.29674204	0.00000512	0x00	0x00
SPI [1]	result	2.29674732	0.00000512	0x00	0x00
SPI [1]	result	2.29675260	0.00000512	0x00	0xC3
SPI [1]	result	2.29675788	0.00000512	0x00	0x3C
SPI [1]	result	2.29676316	0.00000512	0x00	0xA5
SPI [1]	result	2.29676844	0.00000512	0x00	0x5A
SPI [1]	result	2.29677372	0.00000512	0x00	0x00
SPI [1]	result	2.29677900	0.00000512	0x00	0x00
SPI [1]	result	2.29678428	0.00000512	0x00	0x00
SPI [1]	result	2.29678956	0.00000512	0x00	0x00
SPI [1]	result	2.29679484	0.00000512	0x00	0x00
SPI [1]	result	2.29680012	0.00000512	0x00	0x00
SPI [1]	result	2.29680540	0.00000512	0x00	0x00
SPI [1]	result	2.29681068	0.00000512	0x00	0x00
SPI [1]	result	2.29681596	0.00000512	0x00	0x00
SPI [1]	result	2.29682124	0.00000512	0x00	0x0C
SPI [1]	result	2.29682652	0.00000512	0x00	0x33
SPI [1]	result	2.29683180	0.00000512	0x00	0xCA
SPI [1]	result	2.29683708	0.00000512	0x00	0x55
SPI [1]	result	2.29684236	0.00000512	0x00	0xA0
SPI [1]	result	2.29684764	0.00000512	0x00	0x00
SPI [1]	result	2.29685292	0.00000512	0x00	0x00
SPI [1]	result	2.29685820	0.00000512	0x00	0x00
SPI [1]	result	2.29686348	0.00000512	0x00	0x00
SPI [1]	result	2.29686876	0.00000512	0x00	0x00
SPI [1]	result	2.29687404	0.00000512	0x00	0x00
SPI [1]	result	2.29687932	0.00000512	0x00	0x00
SPI [1]	result	2.29688460	0.00000512	0x00	0x00
SPI [1]	result	2.29688988	0.00000512	0x00	0x00
SPI [1]	result	2.29689516	0.00000512	0x00	0xC3
SPI [1]	result	2.29690044	0.00000512	0x00	0x3C
SPI [1]	result	2.29690572	0.00000512	0x00	0xA5
SPI [1]	result	2.29691100	0.00000512	0x00	0x5A
SPI [1]	result	2.29691628	0.00000512	0x00	0x00
SPI [1]	result	2.29692156	0.00000512	0x00	0x00
SPI [1]	result	2.29692684	0.00000512	0x00	0x00
SPI [1]	result	2.29693212	0.00000512	0x00	0x00
SPI [1]	result	2.29693740	0.00000512	0x00	0x00
SPI [1]	result	2.29694268	0.00000512	0x00	0x00
SPI [1]	result	2.29694796	0.00000512	0x00	0x00
SPI [1]	result	2.29695324	0.00000512	0x00	0x00
SPI [1]	result	2.29695852	0.00000512	0x00	0x00
SPI [1]	result	2.29696380	0.00000512	0x00	0x0C
SPI [1]	result	2.29696908	0.00000512	0x00	0x33
SPI [1]	result	2.29697436	0.00000512	0x00	0xCA
SPI [1]	result	2.29697964	0.00000512	0x00	0x55
SPI [1]	result	2.29698492	0.00000512	0x00	0xA0
SPI [1]	result	2.29699020	0.00000512	0x00	0x00
SPI [1]	result	2.29699548	0.00000512	0x00	0x00
SPI [1]	result	2.29700076	0.00000512	0x00	0x00
SPI [1]	result	2.29700604	0.00000512	0x00	0x00
SPI [1]	result	2.29701132	0.00000512	0x00	0x00
SPI [1]	result	2.29701660	0.00000512	0x00	0x00
SPI [1]	result	2.29702188	0.00000512	0x00	0x00
SPI [1]	result	2.29702716	0.00000512	0x00	0x00
SPI [1]	result	2.29703244	0.00000512	0x00	0x00
SPI [1]	result	2.29703772	0.00000512	0x00	0xC3
SPI [1]	result	2.29704300	0.00000512	0x00	0x3C
SPI [1]	result	2.29704828	0.00000512	0x00	0xA5
SPI [1]	result	2.29705356	0.00000512	0x00	0x5A
SPI [1]	result	2.29705884	0.00000512	0x00	0x00
SPI [1]	result	2.29706412	0.00000512	0x00	0x00
SPI [1]	result	2.29706940	0.00000512	0x00	0x00
SPI [1]	result	2.29707468	0.00000512	0x00	0x00
SPI [1]	result	2.29707996	0.00000512	0x00	0x00
SPI [1]	result	2.29708524	0.00000512	0x00	0x00
SPI [1]	result	2.29709052	0.00000512	0x00	0x00
SPI [1]	result	2.29709580	0.00000512	0x00	0x00
SPI [1]	result	2.29710108	0.00000512	0x00	0x00
SPI [1]	result	2.29710636	0.00000512	0x00	0x0C
SPI [1]	result	2.29711164	0.00000512	0x00	0x33
SPI [1]	result	2.29711692	0.00000512	0x00	0xCA
SPI [1]	result	2.29712220	0.00000512	0x00	0x55
SPI [1]	result	2.29712748	0.00000512	0x00	0xA0
SPI [1]	result	2.29713276	0.00000512	0x00	0x00
SPI [1]	result	2.29713804	0.00000512	0x00	0x00
SPI [1]	result	2.29714332	0.00000512	0x00	0x00
SPI [1]	result	2.29714860	0.00000512	0x00	0x00
SPI [1]	result	2.29715388	0.00000512	0x00	0x00
SPI [1]	result	2.29715916	0.00000512	0x00	0x00
SPI [1]	result	2.29716444	0.00000512	0x00	0x00
SPI [1]	result	2.29716972	0.00000512	0x00	0x00
SPI [1]	result	2.29717500	0.00000512	0x00	0x00
SPI [1]	result	2.29718028	0.00000512	0x00	0xC3
SPI [1]	result	2.29718556	0.00000512	0x00	0x3C
SPI [1]	result	2.29719084	0.00000512	0x00	0xA5
SPI [1]	result	2.29719612	0.00000512	0x00	0x5A
SPI [1]	result	2.29720140	0.00000512	0x00	0x00
SPI [1]	result	2.29720668	0.00000512	0x00	0x00
SPI [1]	result	2.29721196	0.00000512	0x00	0x00
SPI [1]	result	2.29721724	0.00000512	0x00	0x00
SPI [1]	result	2.29722252	0.00000512	0x00	0x00
SPI [1]	result	2.29722780	0.00000512	0x00	0x00
SPI [1]	result	2.29723308	0.00000512	0x00	0x00
SPI [1]	result	2.29723836	0.00000512	0x00	0x00
SPI [1]	result	2.29724364	0.00000512	0x00	0x00
SPI [1]	result	2.29724892	0.00000512	0x00	0x0C
SPI [1]	result	2.29725420	0.00000512	0x00	0x33
SPI [1]	result	2.29725948	0.00000512	0x00	0xCA
SPI [1]	result	2.29726476	0.00000512	0x00	0x55
SPI [1]	result	2.29727004	0.00000512	0x00	0xA0
SPI [1]	result	2.29727532	0.00000512	0x00	0x00
SPI [1]	result	2.29728060	0.00000512	0x00	0x00
SPI [1]	result	2.29728588	0.00000512	0x00	0x00
SPI [1]	result	2.29729116	0.00000512	0x00	0x00
SPI [1]	result	2.29729644	0.00000512	0x5A	0x00
SPI [1]	result	2.30044599	0.00000512	0xB8	0xC3
SPI [1]	result	2.30045127	0.00000512	0x01	0x3C
SPI [1]	result	2.30045655	0.00000512	0x06	0xA5
SPI [1]	result	2.30046183	0.00000512	0x26	0x5A
SPI [1]	result	2.30124785	0.00000512	0x0B	0xC3
SPI [1]	result	2.30125313	0.00000512	0x10	0x3C
SPI [1]	result	2.30125841	0.00000512	0x80	0xA5
SPI [1]	result	2.30126369	0.00000512	0x3A	0x5A
SPI [1]	result	2.30181283	0.00000512	0x00	0xC3
SPI [1]	result	2.30181811	0.00000512	0x00	0x3C
SPI [1]	result	2.30182339	0.00000512	0x05	0xA5
SPI [1]	result	2.30182867	0.00000512	0x56	0x5A
SPI [1]	result	2.30260388	0.00000512	0x0C	0xC3
SPI [1]	result	2.30260916	0.00000512	0x00	0x3C
SPI [1]	result	2.30261444	0.00000512	0x86	0xA5
SPI [1]	result	2.30261972	0.00000512	0x0A	0x5A
SPI [1]	result	2.30318789	0.00000512	0x00	0xC3
SPI [1]	result	2.30319317	0.00000512	0x00	0x3C
SPI [1]	result	2.30319845	0.00000512	0x00	0xA5
SPI [1]	result	2.30320373	0.00000512	0x00	0x5A
SPI [1]	result	2.30376295	0.00000512	0x08	0xC3
SPI [1]	result	2.30376823	0.00000512	0x00	0x3C
SPI [1]	result	2.30377351	0.00000512	0x85	0xA5
SPI [1]	result	2.30377879	0.00000512	0x68	0x5A
SPI [1]	result	2.30686200	0.00000512	0x00	0xC3
SPI [1]	result	2.30686728	0.00000512	0x00	0x3C
SPI [1]	result	2.30687256	0.00000512	0x53	0xA5
SPI [1]	result	2.30687784	0.00000512	0x50	0x5A
SPI [1]	result	2.30688312	0.00000512	0x58	0x00
SPI [1]	result	2.30688840	0.00000512	0x31	0x00
SPI [1]	result	2.30689368	0.00000512	0x00	0x00
SPI [1]	result	2.30689896	0.00000512	0x00	0x00
SPI [1]	result	2.30690424	0.00000512	0x00	0x00
SPI [1]	result	2.30690952	0.00000512	0x00	0x00
SPI [1]	result	2.30691480	0.00000512	0x00	0x00
SPI [1]	result	2.30692008	0.00000512	0x00	0x00
SPI [1]	result	2.30692536	0.00000512	0x47	0x00
SPI [1]	result	2.30693064	0.00000512	0x46	0x0C
SPI [1]	result	2.30693592	0.00000512	0x58	0x33
SPI [1]	result	2.30694120	0.00000512	0x20	0xCA
SPI [1]	result	2.30694648	0.00000512	0x35	0x55
SPI [1]	result	2.30695176	0.00000512	0x30	0xA0
SPI [1]	result	2.30695704	0.00000512	0x53	0x00
SPI [1]	result	2.30696232	0.00000512	0x00	0x00
SPI [1]	result	2.30696760	0.00000512	0x00	0x00
SPI [1]	result	2.30697288	0.00000512	0x00	0x00
SPI [1]	result	2.30697816	0.00000512	0x00	0x00
SPI [1]	result	2.30698344	0.00000512	0x00	0x00
SPI [1]	result	2.30698872	0.00000512	0x00	0x00
SPI [1]	result	2.30699400	0.00000512	0x00	0x00
SPI [1]	result	2.30699928	0.00000512	0x00	0x00
SPI [1]	result	2.30700456	0.00000512	0x00	0xC3
SPI [1]	result	2.30700984	0.00000512	0x00	0x3C
SPI [1]	result	2.30701512	0.00000512	0x00	0xA5
SPI [1]	result	2.30702040	0.00000512	0x00	0x5A
SPI [1]	result	2.30702568	0.00000512	0x00	0x00
SPI [1]	result	2.30703096	0.00000512	0x47	0x00
SPI [1]	result	2.30703624	0.00000512	0x46	0x00
SPI [1]	result	2.30704152	0.00000512	0x58	0x00
SPI [1]	result	2.30704680	0.00000512	0x20	0x00
SPI [1]	result	2.30705208	0.00000512	0x35	0x00
SPI [1]	result	2.30705736	0.00000512	0x30	0x00
SPI [1]	result	2.30706264	0.00000512	0x53	0x00
SPI [1]	result	2.30706792	0.00000512	0x00	0x00
SPI [1]	result	2.30707320	0.00000512	0x00	0x0C
SPI [1]	result	2.30707848	0.00000512	0x00	0x33
SPI [1]	result	2.30708376	0.00000512	0x00	0xCA
SPI [1]	result	2.30708904	0.00000512	0x00	0x55
SPI [1]	result	2.30709432	0.00000512	0x00	0xA0
SPI [1]	result	2.30709960	0.00000512	0x00	0x00
SPI [1]	result	2.30710488	0.00000512	0x00	0x00
SPI [1]	result	2.30711016	0.00000512	0x35	0x00
SPI [1]	result	2.30711544	0.00000512	0x39	0x00
SPI [1]	result	2.30712072	0.00000512	0x33	0x00
SPI [1]	result	2.30712600	0.00000512	0x35	0x00
SPI [1]	result	2.30713128	0.00000512	0x33	0x00
SPI [1]	result	2.30713656	0.00000512	0x33	0x00
SPI [1]	result	2.30714184	0.00000512	0x33	0x00
SPI [1]	result	2.30714712	0.00000512	0x31	0xC3
SPI [1]	result	2.30715240	0.00000512	0x33	0x3C
SPI [1]	result	2.30715768	0.00000512	0x36	0xA5
SPI [1]	result	2.30716296	0.00000512	0x33	0x5A
SPI [1]	result	2.30716824	0.00000512	0x31	0x00
SPI [1]	result	2.30717352	0.00000512	0x31	0x00
SPI [1]	result	2.30717880	0.00000512	0x37	0x00
SPI [1]	result	2.30718408	0.00000512	0x30	0x00
SPI [1]	result	2.30718936	0.00000512	0x32	0x00
SPI [1]	result	2.30719464	0.00000512	0x31	0x00
SPI [1]	result	2.30719992	0.00000512	0x36	0x00
SPI [1]	result	2.30720520	0.00000512	0x37	0x00
SPI [1]	result	2.30721048	0.00000512	0x30	0x00
SPI [1]	result	2.30721576	0.00000512	0x32	0x0C
SPI [1]	result	2.30722104	0.00000512	0x30	0x33
SPI [1]	result	2.30722632	0.00000512	0x31	0xCA
SPI [1]	result	2.30723160	0.00000512	0x30	0x55
SPI [1]	result	2.30723688	0.00000512	0x31	0xA0
SPI [1]	result	2.30724216	0.00000512	0x31	0x00
SPI [1]	result	2.30724744	0.00000512	0x30	0x00
SPI [1]	result	2.30725272	0.00000512	0x36	0x00
SPI [1]	result	2.30725800	0.00000512	0x39	0x00
SPI [1]	result	2.30726328	0.00000512	0x41	0x00
SPI [1]	result	2.30726856	0.00000512	0x04	0x00
SPI [1]	result	2.30727384	0.00000512	0x20	0x00
SPI [1]	result	2.30727912	0.00000512	0x02	0x00
SPI [1]	result	2.30728440	0.00000512	0x16	0x00
SPI [1]	result	2.30728968	0.00000512	0x01	0xC3
SPI [1]	result	2.30729496	0.00000512	0x00	0x3C
SPI [1]	result	2.30730024	0.00000512	0x01	0xA5
SPI [1]	result	2.30730552	0.00000512	0x00	0x5A
SPI [1]	result	2.30731080	0.00000512	0x01	0x00
SPI [1]	result	2.30731608	0.00000512	0x00	0x00
SPI [1]	result	2.30732136	0.00000512	0x00	0x00
SPI [1]	result	2.30732664	0.00000512	0x00	0x00
SPI [1]	result	2.30733192	0.00000512	0x00	0x00
SPI [1]	result	2.30733720	0.00000512	0x00	0x00
SPI [1]	result	2.30734248	0.00000512	0x00	0x00
SPI [1]	result	2.30734776	0.00000512	0x00	0x00
SPI [1]	result	2.30735304	0.00000512	0x00	0x00
SPI [1]	result	2.30735832	0.00000512	0x00	0x0C
SPI [1]	result	2.30736360	0.00000512	0x00	0x33
SPI [1]	result	2.30736888	0.00000512	0x00	0xCA
SPI [1]	result	2.30737416	0.00000512	0x00	0x55
SPI [1]	result	2.30737944	0.00000512	0x00	0xA0
SPI [1]	result	2.30738472	0.00000512	0x00	0x00
SPI [1]	result	2.30739000	0.00000512	0x00	0x00
SPI [1]	result	2.30739528	0.00000512	0x00	0x00
SPI [1]	result	2.30740056	0.00000512	0x00	0x00
SPI [1]	result	2.30740584	0.00000512	0x00	0x00
SPI [1]	result	2.30741112	0.00000512	0x00	0x00
SPI [1]	result	2.30741640	0.00000512	0x00	0x00
SPI [1]	result	2.30742168	0.00000512	0x00	0x00
SPI [1]	result	2.30742696	0.00000512	0x00	0x00
SPI [1]	result	2.30743224	0.00000512	0x00	0xC3
SPI [1]	result	2.30743752	0.00000512	0x00	0x3C
SPI [1]	result	2.30744280	0.00000512	0x00	0xA5
SPI [1]	result	2.30744808	0.00000512	0x00	0x5A
SPI [1]	result	2.30745336	0.00000512	0x00	0x00
SPI [1]	result	2.30745864	0.00000512	0x00	0x00
SPI [1]	result	2.30746392	0.00000512	0x00	0x00
SPI [1]	result	2.30746920	0.00000512	0x00	0x00
SPI [1]	result	2.30747448	0.00000512	0x00	0x00
SPI [1]	result	2.30747976	0.00000512	0x00	0x00
SPI [1]	result	2.30748504	0.00000512	0x00	0x00
SPI [1]	result	2.30749032	0.00000512	0x00	0x00
SPI [1]	result	2.30749560	0.00000512	0x00	0x00
SPI [1]	result	2.30750088	0.00000512	0x00	0x0C
SPI [1]	result	2.30750616	0.00000512	0x00	0x33
SPI [1]	result	2.30751144	0.00000512	0x00	0xCA
SPI [1]	result	2.30751672	0.00000512	0x00	0x55
SPI [1]	result	2.30752200	0.00000512	0x00	0xA0
SPI [1]	result	2.30752728	0.00000512	0x00	0x00
SPI [1]	result	2.30753256	0.00000512	0x00	0x00
SPI [1]	result	2.30753784	0.00000512	0x00	0x00
SPI [1]	result	2.30754312	0.00000512	0x00	0x00
SPI [1]	result	2.30754840	0.00000512	0xEF	0x00
SPI [1]	result	2.31067394	0.00000512	0xFF	0xC3
SPI [1]	result	2.31067922	0.00000512	0xFF	0x3C
SPI [1]	result	2.31068450	0.00000512	0x53	0xA5
SPI [1]	result	2.31068978	0.00000512	0x50	0x5A
SPI [1]	result	2.31069506	0.00000512	0x58	0x00
SPI [1]	result	2.31070034	0.00000512	0x31	0x00
SPI [1]	result	2.31070562	0.00000512	0x00	0x00
SPI [1]	result	2.31071090	0.00000512	0x00	0x00
SPI [1]	result	2.31071618	0.00000512	0x00	0x00
SPI [1]	result	2.31072146	0.00000512	0x00	0x00
SPI [1]	result	2.31072674	0.00000512	0x00	0x00
SPI [1]	result	2.31073202	0.00000512	0x00	0x00
SPI [1]	result	2.31073730	0.00000512	0x47	0x00
SPI [1]	result	2.31074258	0.00000512	0x46	0x0C
SPI [1]	result	2.31074786	0.00000512	0x58	0x33
SPI [1]	result	2.31075314	0.00000512	0x20	0xCA
SPI [1]	result	2.31075842	0.00000512	0x35	0x55
SPI [1]	result	2.31076370	0.00000512	0x30	0xA0
SPI [1]	result	2.31076898	0.00000512	0x53	0x00
SPI [1]	result	2.31077426	0.00000512	0x00	0x00
SPI [1]	result	2.31077954	0.00000512	0x00	0x00
SPI [1]	result	2.31078482	0.00000512	0x00	0x00
SPI [1]	result	2.31079010	0.00000512	0x00	0x00
SPI [1]	result	2.31079538	0.00000512	0x00	0x00
SPI [1]	result	2.31080066	0.00000512	0x00	0x00
SPI [1]	result	2.31080594	0.00000512	0x00	0x00
SPI [1]	result	2.31081122	0.00000512	0x00	0x00
SPI [1]	result	2.31081650	0.00000512	0x00	0xC3
SPI [1]	result	2.31082178	0.00000512	0x00	0x3C
SPI [1]	result	2.31082706	0.00000512	0x00	0xA5
SPI [1]	result	2.31083234	0.00000512	0x00	0x5A
SPI [1]	result	2.31083762	0.00000512	0x00	0x00
SPI [1]	result	2.31084290	0.00000512	0x47	0x00
SPI [1]	result	2.31084818	0.00000512	0x46	0x00
SPI [1]	result	2.31085346	0.00000512	0x58	0x00
SPI [1]	result	2.31085874	0.00000512	0x20	0x00
SPI [1]	result	2.31086402	0.00000512	0x35	0x00
SPI [1]	result	2.31086930	0.00000512	0x30	0x00
SPI [1]	result	2.31087458	0.00000512	0x53	0x00
SPI [1]	result	2.31087986	0.00000512	0x00	0x00
SPI [1]	result	2.31088514	0.00000512	0x00	0x0C
SPI [1]	result	2.31089042	0.00000512	0x00	0x33
SPI [1]	result	2.31089570	0.00000512	0x00	0xCA
SPI [1]	result	2.31090098	0.00000512	0x00	0x55
SPI [1]	result	2.31090626	0.00000512	0x00	0xA0
SPI [1]	result	2.31091154	0.00000512	0x00	0x00
SPI [1]	result	2.31091682	0.00000512	0x00	0x00
SPI [1]	result	2.31092210	0.00000512	0x35	0x00
SPI [1]	result	2.31092738	0.00000512	0x39	0x00
SPI [1]	result	2.31093266	0.00000512	0x33	0x00
SPI [1]	result	2.31093794	0.00000512	0x35	0x00
SPI [1]	result	2.31094322	0.00000512	0x33	0x00
SPI [1]	result	2.31094850	0.00000512	0x33	0x00
SPI [1]	result	2.31095378	0.00000512	0x33	0x00
SPI [1]	result	2.31095906	0.00000512	0x31	0xC3
SPI [1]	result	2.31096434	0.00000512	0x33	0x3C
SPI [1]	result	2.31096962	0.00000512	0x36	0xA5
SPI [1]	result	2.31097490	0.00000512	0x33	0x5A
SPI [1]	result	2.31098018	0.00000512	0x31	0x00
SPI [1]	result	2.31098546	0.00000512	0x31	0x00
SPI [1]	result	2.31099074	0.00000512	0x37	0x00
SPI [1]	result	2.31099602	0.00000512	0x30	0x00
SPI [1]	result	2.31100130	0.00000512	0x32	0x00
SPI [1]	result	2.31100658	0.00000512	0x31	0x00
SPI [1]	result	2.31101186	0.00000512	0x36	0x00
SPI [1]	result	2.31101714	0.00000512	0x37	0x00
SPI [1]	result	2.31102242	0.00000512	0x30	0x00
SPI [1]	result	2.31102770	0.00000512	0x32	0x0C
SPI [1]	result	2.31103298	0.00000512	0x30	0x33
SPI [1]	result	2.31103826	0.00000512	0x31	0xCA
SPI [1]	result	2.31104354	0.00000512	0x30	0x55
SPI [1]	result	2.31104882	0.00000512	0x31	0xA0
SPI [1]	result	2.31105410	0.00000512	0x31	0x00
SPI [1]	result	2.31105938	0.00000512	0x30	0x00
SPI [1]	result	2.31106466	0.00000512	0x36	0x00
SPI [1]	result	2.31106994	0.00000512	0x39	0x00
SPI [1]	result	2.31107522	0.00000512	0x41	0x00
SPI [1]	result	2.31108050	0.00000512	0x04	0x00
SPI [1]	result	2.31108578	0.00000512	0x20	0x00
SPI [1]	result	2.31109106	0.00000512	0x02	0x00
SPI [1]	result	2.31109634	0.00000512	0x16	0x00
SPI [1]	result	2.31110162	0.00000512	0x01	0xC3
SPI [1]	result	2.31110690	0.00000512	0x00	0x3C
SPI [1]	result	2.31111218	0.00000512	0x01	0xA5
SPI [1]	result	2.31111746	0.00000512	0x00	0x5A
SPI [1]	result	2.31112274	0.00000512	0x01	0x00
SPI [1]	result	2.31112802	0.00000512	0x00	0x00
SPI [1]	result	2.31113330	0.00000512	0x00	0x00
SPI [1]	result	2.31113858	0.00000512	0x00	0x00
SPI [1]	result	2.31114386	0.00000512	0x00	0x00
SPI [1]	result	2.31114914	0.00000512	0x00	0x00
SPI [1]	result	2.31115442	0.00000512	0x00	0x00
SPI [1]	result	2.31115970	0.00000512	0x00	0x00
SPI [1]	result	2.31116498	0.00000512	0x00	0x00
SPI [1]	result	2.31117026	0.00000512	0x00	0x0C
SPI [1]	result	2.31117554	0.00000512	0x00	0x33
SPI [1]	result	2.31118082	0.00000512	0x00	0xCA
SPI [1]	result	2.31118610	0.00000512	0x00	0x55
SPI [1]	result	2.31119138	0.00000512	0x00	0xA0
SPI [1]	result	2.31119666	0.00000512	0x00	0x00
SPI [1]	result	2.31120194	0.00000512	0x00	0x00
SPI [1]	result	2.31120722	0.00000512	0x00	0x00
SPI [1]	result	2.31121250	0.00000512	0x00	0x00
SPI [1]	result	2.31121778	0.00000512	0x00	0x00
SPI [1]	result	2.31122306	0.00000512	0x00	0x00
SPI [1]	result	2.31122834	0.00000512	0x00	0x00
SPI [1]	result	2.31123362	0.00000512	0x00	0x00
SPI [1]	result	2.31123890	0.00000512	0x00	0x00
SPI [1]	result	2.31124418	0.00000512	0x00	0xC3
SPI [1]	result	2.31124946	0.00000512	0x00	0x3C
SPI [1]	result	2.31125474	0.00000512	0x00	0xA5
SPI [1]	result	2.31126002	0.00000512	0x00	0x5A
SPI [1]	result	2.31126530	0.00000512	0x00	0x00
SPI [1]	result	2.31127058	0.00000512	0x00	0x00
SPI [1]	result	2.31127586	0.00000512	0x00	0x00
SPI [1]	result	2.31128114	0.00000512	0x00	0x00
SPI [1]	result	2.31128642	0.00000512	0x00	0x00
SPI [1]	result	2.31129170	0.00000512	0x00	0x00
SPI [1]	result	2.31129698	0.00000512	0x00	0x00
SPI [1]	result	2.31130226	0.00000512	0x00	0x00
SPI [1]	result	2.31130754	0.00000512	0x00	0x00
SPI [1]	result	2.31131282	0.00000512	0x00	0x0C
SPI [1]	result	2.31131810	0.00000512	0x00	0x33
SPI [1]	result	2.31132338	0.00000512	0x00	0xCA
SPI [1]	result	2.31132866	0.00000512	0x00	0x55
SPI [1]	result	2.31133394	0.00000512	0x00	0xA0
SPI [1]	result	2.31133922	0.00000512	0x00	0x00
SPI [1]	result	2.31134450	0.00000512	0x00	0x00
SPI [1]	result	2.31134978	0.00000512	0x00	0x00
SPI [1]	result	2.31135506	0.00000512	0x00	0x00
SPI [1]	result	2.31136034	0.00000512	0xED	0x00
SPI [1]	result	2.31448915	0.00000512	0x00	0xC3
SPI [1]	result	2.31449443	0.00000512	0x00	0x3C
SPI [1]	result	2.31449971	0.00000512	0x05	0xA5
SPI [1]	result	2.31450499	0.00000512	0x96	0x5A
SPI [1]	result	2.31529707	0.00000512	0x0D	0xC3
SPI [1]	result	2.31530235	0.00000512	0x10	0x3C
SPI [1]	result	2.31530763	0.00000512	0x80	0xA5
SPI [1]	result	2.31531291	0.00000512	0x0A	0x5A
SPI [1]	result	2.31586618	0.00000512	0x00	0xC3
SPI [1]	result	2.31587146	0.00000512	0x00	0x3C
SPI [1]	result	2.31587674	0.00000512	0x00	0xA5
SPI [1]	result	2.31588202	0.00000512	0x00	0x5A
SPI [1]	result	2.31644006	0.00000512	0x08	0xC3
SPI [1]	result	2.31644534	0.00000512	0x00	0x3C
SPI [1]	result	2.31645062	0.00000512	0x85	0xA5
SPI [1]	result	2.31645590	0.00000512	0xA8	0x5A
SPI [1]	result	2.31703002	0.00000512	0x00	0xC3
SPI [1]	result	2.31703530	0.00000512	0x00	0x3C
SPI [1]	result	2.31704058	0.00000512	0x08	0xA5
SPI [1]	result	2.31704586	0.00000512	0x20	0x5A
SPI [1]	result	2.31782525	0.00000512	0x0E	0xC3
SPI [1]	result	2.31783053	0.00000512	0x10	0x3C
SPI [1]	result	2.31783581	0.00000512	0x80	0xA5
SPI [1]	result	2.31784109	0.00000512	0x12	0x5A
SPI [1]	result	2.31839609	0.00000512	0x00	0xC3
SPI [1]	result	2.31840137	0.00000512	0x00	0x3C
SPI [1]	result	2.31840665	0.00000512	0x00	0xA5
SPI [1]	result	2.31841193	0.00000512	0x00	0x5A
SPI [1]	result	2.31896877	0.00000512	0x08	0xC3
SPI [1]	result	2.31897405	0.00000512	0x00	0x3C
SPI [1]	result	2.31897933	0.00000512	0x88	0xA5
SPI [1]	result	2.31898461	0.00000512	0x32	0x5A
SPI [1]	result	2.31956676	0.00000512	0x00	0xC3
SPI [1]	result	2.31957204	0.00000512	0x00	0x3C
SPI [1]	result	2.31957732	0.00000512	0x0C	0xA5
SPI [1]	result	2.31958260	0.00000512	0x30	0x5A
SPI [1]	result	2.32036177	0.00000512	0x0F	0xC3
SPI [1]	result	2.32036705	0.00000512	0x10	0x3C
SPI [1]	result	2.32037233	0.00000512	0x80	0xA5
SPI [1]	result	2.32037761	0.00000512	0x1A	0x5A
SPI [1]	result	2.32093183	0.00000512	0x00	0xC3
SPI [1]	result	2.32093711	0.00000512	0x00	0x3C
SPI [1]	result	2.32094239	0.00000512	0x0C	0xA5
SPI [1]	result	2.32094767	0.00000512	0x72	0x5A
SPI [1]	result	2.32172387	0.00000512	0x08	0xC3
SPI [1]	result	2.32172915	0.00000512	0x00	0x3C
SPI [1]	result	2.32173443	0.00000512	0x8C	0xA5
SPI [1]	result	2.32173971	0.00000512	0x02	0x5A
SPI [1]	result	2.32231685	0.00000512	0x00	0xC3
SPI [1]	result	2.32232213	0.00000512	0x00	0x3C
SPI [1]	result	2.32232741	0.00000512	0x00	0xA5
SPI [1]	result	2.32233269	0.00000512	0x00	0x5A
SPI [1]	result	2.32289279	0.00000512	0x08	0xC3
SPI [1]	result	2.32289807	0.00000512	0x00	0x3C
SPI [1]	result	2.32290335	0.00000512	0x8C	0xA5
SPI [1]	result	2.32290863	0.00000512	0x44	0x5A
SPI [1]	result	2.35803941	0.00000512	0x00	0x00
SPI [1]	result	2.35804469	0.00000512	0x00	0x0C
SPI [1]	result	2.35804997	0.00000512	0x08	0x33
SPI [1]	result	2.35805525	0.00000512	0x20	0xCA
SPI [1]	result	2.35882944	0.00000512	0x09	0x55
SPI [1]	result	2.35883472	0.00000512	0x10	0xA0
SPI [1]	result	2.35884000	0.00000512	0x80	0x00
SPI [1]	result	2.35884528	0.00000512	0x2A	0x00
SPI [1]	result	2.35940296	0.00000512	0x00	0xC3
SPI [1]	result	2.35940824	0.00000512	0x00	0x3C
SPI [1]	result	2.35941352	0.00000512	0x00	0xA5
SPI [1]	result	2.35941880	0.00000512	0x00	0x5A
SPI [1]	result	2.35996794	0.00000512	0x08	0xC3
SPI [1]	result	2.35997322	0.00000512	0x00	0x3C
SPI [1]	result	2.35997850	0.00000512	0x88	0xA5
SPI [1]	result	2.35998378	0.00000512	0x32	0x5A
SPI [1]	result	2.42055460	0.00000512	0x00	0xC3
SPI [1]	result	2.42055988	0.00000512	0x00	0x3C
SPI [1]	result	2.42056516	0.00000512	0x08	0xA5
SPI [1]	result	2.42057044	0.00000512	0x20	0x5A
SPI [1]	result	2.42103188	0.00000512	0x0A	0xC3
SPI [1]	result	2.42103716	0.00000512	0x10	0x3C
SPI [1]	result	2.42104244	0.00000512	0x80	0xA5
SPI [1]	result	2.42104772	0.00000512	0x32	0x5A
SPI [1]	result	2.42131576	0.00000512	0x00	0xC3
SPI [1]	result	2.42132104	0.00000512	0x00	0x3C
SPI [1]	result	2.42132632	0.00000512	0x00	0xA5
SPI [1]	result	2.42133160	0.00000512	0x00	0x5A
SPI [1]	result	2.42159580	0.00000512	0x08	0xC3
SPI [1]	result	2.42160108	0.00000512	0x00	0x3C
SPI [1]	result	2.42160636	0.00000512	0x88	0xA5
SPI [1]	result	2.42161164	0.00000512	0x32	0x5A
SPI [1]	result	2.43541744	0.00000512	0x00	0xC3
SPI [1]	result	2.43542272	0.00000512	0x00	0x3C
SPI [1]	result	2.43542800	0.00000512	0x20	0xA5
SPI [1]	result	2.43543328	0.00000512	0x04	0x5A
SPI [1]	result	2.43591181	0.00000512	0x0B	0xC3
SPI [1]	result	2.43591709	0.00000512	0x10	0x3C
SPI [1]	result	2.43592237	0.00000512	0x80	0xA5
SPI [1]	result	2.43592765	0.00000512	0x3A	0x5A
SPI [1]	result	2.43621891	0.00000512	0x00	0xC3
SPI [1]	result	2.43622419	0.00000512	0x00	0x3C
SPI [1]	result	2.43622947	0.00000512	0x3F	0xA5
SPI [1]	result	2.43623475	0.00000512	0xC6	0x5A
SPI [1]	result	2.43671279	0.00000512	0x0C	0xC3
SPI [1]	result	2.43671807	0.00000512	0x00	0x3C
SPI [1]	result	2.43672335	0.00000512	0xA0	0xA5
SPI [1]	result	2.43672863	0.00000512	0x36	0x5A
SPI [1]	result	2.43701478	0.00000512	0x00	0xC3
SPI [1]	result	2.43702006	0.00000512	0x00	0x3C
SPI [1]	result	2.43702534	0.00000512	0x00	0xA5
SPI [1]	result	2.43703062	0.00000512	0x00	0x5A
SPI [1]	result	2.43729596	0.00000512	0x08	0xC3
SPI [1]	result	2.43730124	0.00000512	0x00	0x3C
SPI [1]	result	2.43730652	0.00000512	0xBF	0xA5
SPI [1]	result	2.43731180	0.00000512	0xD8	0x5A
SPI [1]	result	2.43758480	0.00000512	0x00	0xC3
SPI [1]	result	2.43759008	0.00000512	0x02	0x3C
SPI [1]	result	2.43759536	0.00000512	0x2A	0xA5
SPI [1]	result	2.43760064	0.00000512	0x2E	0x5A
SPI [1]	result	2.43804784	0.00000512	0x0D	0x00
SPI [1]	result	2.43805312	0.00000512	0x10	0x00
SPI [1]	result	2.43805840	0.00000512	0x80	0x00
SPI [1]	result	2.43806368	0.00000512	0x0A	0x06
SPI [1]	result	2.43833287	0.00000512	0x00	0x19
SPI [1]	result	2.43833815	0.00000512	0x00	0xE5
SPI [1]	result	2.43834343	0.00000512	0x3F	0x2A
SPI [1]	result	2.43834871	0.00000512	0xC6	0xD0
SPI [1]	result	2.43881398	0.00000512	0x0E	0xC3
SPI [1]	result	2.43881926	0.00000512	0x00	0x3C
SPI [1]	result	2.43882454	0.00000512	0xAA	0xA5
SPI [1]	result	2.43882982	0.00000512	0x2E	0x5A
SPI [1]	result	2.43911784	0.00000512	0x00	0xC3
SPI [1]	result	2.43912312	0.00000512	0x00	0x3C
SPI [1]	result	2.43912840	0.00000512	0x00	0xA5
SPI [1]	result	2.43913368	0.00000512	0x00	0x5A
SPI [1]	result	2.43940398	0.00000512	0x08	0xC3
SPI [1]	result	2.43940926	0.00000512	0x00	0x3C
SPI [1]	result	2.43941454	0.00000512	0xBF	0xA5
SPI [1]	result	2.43941982	0.00000512	0xD8	0x5A
SPI [1]	result	2.46051590	0.00000512	0x00	0xC3
SPI [1]	result	2.46052118	0.00000512	0x00	0x3C
SPI [1]	result	2.46052646	0.00000512	0x08	0xA5
SPI [1]	result	2.46053174	0.00000512	0x20	0x5A
SPI [1]	result	2.46099585	0.00000512	0x0F	0xC3
SPI [1]	result	2.46100113	0.00000512	0x10	0x3C
SPI [1]	result	2.46100641	0.00000512	0x80	0xA5
SPI [1]	result	2.46101169	0.00000512	0x1A	0x5A
SPI [1]	result	2.46128293	0.00000512	0x00	0xC3
SPI [1]	result	2.46128821	0.00000512	0x00	0x3C
SPI [1]	result	2.46129349	0.00000512	0x00	0xA5
SPI [1]	result	2.46129877	0.00000512	0x00	0x5A
SPI [1]	result	2.46155777	0.00000512	0x08	0xC3
SPI [1]	result	2.46156305	0.00000512	0x00	0x3C
SPI [1]	result	2.46156833	0.00000512	0x88	0xA5
SPI [1]	result	2.46157361	0.00000512	0x32	0x5A
SPI [1]	result	2.46185481	0.00000512	0x00	0xC3
SPI [1]	result	2.46186009	0.00000512	0x00	0x3C
SPI [1]	result	2.46186537	0.00000512	0x0C	0xA5
SPI [1]	result	2.46187065	0.00000512	0xB2	0x5A
SPI [1]	result	2.46232780	0.00000512	0x08	0xC3
SPI [1]	result	2.46233308	0.00000512	0x10	0x3C
SPI [1]	result	2.46233836	0.00000512	0x80	0xA5
SPI [1]	result	2.46234364	0.00000512	0x22	0x5A
SPI [1]	result	2.46261290	0.00000512	0x00	0xC3
SPI [1]	result	2.46261818	0.00000512	0x00	0x3C
SPI [1]	result	2.46262346	0.00000512	0x0C	0xA5
SPI [1]	result	2.46262874	0.00000512	0x30	0x5A
SPI [1]	result	2.46306997	0.00000512	0x09	0xC3
SPI [1]	result	2.46307525	0.00000512	0x00	0x3C
SPI [1]	result	2.46308053	0.00000512	0x8C	0xA5
SPI [1]	result	2.46308581	0.00000512	0x8C	0x5A
SPI [1]	result	2.46336176	0.00000512	0x00	0xC3
SPI [1]	result	2.46336704	0.00000512	0x00	0x3C
SPI [1]	result	2.46337232	0.00000512	0x00	0xA5
SPI [1]	result	2.46337760	0.00000512	0x00	0x5A
SPI [1]	result	2.46365286	0.00000512	0x08	0xC3
SPI [1]	result	2.46365814	0.00000512	0x00	0x3C
SPI [1]	result	2.46366342	0.00000512	0x8C	0xA5
SPI [1]	result	2.46366870	0.00000512	0x02	0x5A
SPI [1]	result	2.50379804	0.00000512	0x00	0xC3
SPI [1]	result	2.50380332	0.00000512	0x00	0x3C
SPI [1]	result	2.50380860	0.00000512	0x08	0xA5
SPI [1]	result	2.50381388	0.00000512	0x20	0x5A
SPI [1]	result	2.50429156	0.00000512	0xA5	0xC3
SPI [1]	result	2.50429684	0.00000512	0x5A	0x3C
SPI [1]	result	2.50430212	0.00000512	0x3C	0xA5
SPI [1]	result	2.50430740	0.00000512	0xC3	0x5A
SPI [1]	result	2.50470441	0.00000512	0x80	0xA5
SPI [1]	result	2.50470969	0.00000512	0x20	0x5A
SPI [1]	result	2.50471497	0.00000512	0x28	0x3C
SPI [1]	result	2.50472025	0.00000512	0x24	0xC3
SPI [1]	result	2.50511457	0.00000512	0x08	0x08
SPI [1]	result	2.50511985	0.00000512	0x10	0x10
SPI [1]	result	2.50512513	0.00000512	0x80	0xA8
SPI [1]	result	2.50513041	0.00000512	0x22	0x06
SPI [1]	result	2.50552877	0.00000512	0x00	0x08
SPI [1]	result	2.50553405	0.00000512	0x00	0x00
SPI [1]	result	2.50553933	0.00000512	0x00	0xA8
SPI [1]	result	2.50554461	0.00000512	0x00	0x36
SPI [1]	result	2.50593889	0.00000512	0x00	0x00
SPI [1]	result	2.50594417	0.00000512	0x00	0xF3
SPI [1]	result	2.50594945	0.00000512	0x00	0x03
SPI [1]	result	2.50595473	0.00000512	0x00	0xE8
SPI [1]	result	2.50636922	0.00000512	0x00	0xC3
SPI [1]	result	2.50637450	0.00000512	0x00	0x3C
SPI [1]	result	2.50637978	0.00000512	0x3F	0xA5
SPI [1]	result	2.50638506	0.00000512	0xC6	0x5A
SPI [1]	result	2.50723621	0.00000512	0x08	0xC3
SPI [1]	result	2.50724149	0.00000512	0x10	0x3C
SPI [1]	result	2.50724677	0.00000512	0x80	0xA5
SPI [1]	result	2.50725205	0.00000512	0x22	0x5A
SPI [1]	result	2.51058848	0.00000512	0x00	0xC3
SPI [1]	result	2.51059376	0.00000512	0x00	0x3C
SPI [1]	result	2.51059904	0.00000512	0x00	0xA5
SPI [1]	result	2.51060432	0.00000512	0x00	0x5A
SPI [1]	result	2.51143562	0.00000512	0x08	0xC3
SPI [1]	result	2.51144090	0.00000512	0x00	0x3C
SPI [1]	result	2.51144618	0.00000512	0xBF	0xA5
SPI [1]	result	2.51145146	0.00000512	0xD8	0x5A
SPI [1]	result	2.51398691	0.00000512	0xB8	0xC3
SPI [1]	result	2.51399219	0.00000512	0x01	0x3C
SPI [1]	result	2.51399747	0.00000512	0x06	0xA5
SPI [1]	result	2.51400275	0.00000512	0x26	0x5A
SPI [1]	result	2.51478431	0.00000512	0x09	0xC3
SPI [1]	result	2.51478959	0.00000512	0x10	0x3C
SPI [1]	result	2.51479487	0.00000512	0x80	0xA5
SPI [1]	result	2.51480015	0.00000512	0x2A	0x5A
SPI [1]	result	2.51536423	0.00000512	0x00	0xC3
SPI [1]	result	2.51536951	0.00000512	0x00	0x3C
SPI [1]	result	2.51537479	0.00000512	0x05	0xA5
SPI [1]	result	2.51538007	0.00000512	0x14	0x5A
SPI [1]	result	2.51615013	0.00000512	0x0A	0xC3
SPI [1]	result	2.51615541	0.00000512	0x00	0x3C
SPI [1]	result	2.51616069	0.00000512	0x86	0xA5
SPI [1]	result	2.51616597	0.00000512	0x3A	0x5A
SPI [1]	result	2.51673805	0.00000512	0x00	0xC3
SPI [1]	result	2.51674333	0.00000512	0x00	0x3C
SPI [1]	result	2.51674861	0.00000512	0x00	0xA5
SPI [1]	result	2.51675389	0.00000512	0x00	0x5A
SPI [1]	result	2.51730024	0.00000512	0x08	0xC3
SPI [1]	result	2.51730552	0.00000512	0x00	0x3C
SPI [1]	result	2.51731080	0.00000512	0x85	0xA5
SPI [1]	result	2.51731608	0.00000512	0x26	0x5A
SPI [1]	result	2.52039268	0.00000512	0xFF	0xC3
SPI [1]	result	2.52039796	0.00000512	0xFF	0x3C
SPI [1]	result	2.52040324	0.00000512	0x00	0xA5
SPI [1]	result	2.52040852	0.00000512	0x00	0x5A
SPI [1]	result	2.52041380	0.00000512	0x00	0x00
SPI [1]	result	2.52041908	0.00000512	0x00	0x00
SPI [1]	result	2.52042436	0.00000512	0x00	0x00
SPI [1]	result	2.52042964	0.00000512	0x00	0x00
SPI [1]	result	2.52043492	0.00000512	0x00	0x00
SPI [1]	result	2.52044020	0.00000512	0x00	0x00
SPI [1]	result	2.52044548	0.00000512	0x00	0x00
SPI [1]	result	2.52045076	0.00000512	0x00	0x00
SPI [1]	result	2.52045604	0.00000512	0x00	0x00
SPI [1]	result	2.52046132	0.00000512	0x00	0x0C
SPI [1]	result	2.52046660	0.00000512	0x00	0x33
SPI [1]	result	2.52047188	0.00000512	0x00	0xCA
SPI [1]	result	2.52047716	0.00000512	0x00	0x55
SPI [1]	result	2.52048244	0.00000512	0x00	0xA0
SPI [1]	result	2.52048772	0.00000512	0x00	0x00
SPI [1]	result	2.52049300	0.00000512	0x00	0x00
SPI [1]	result	2.52049828	0.00000512	0x00	0x00
SPI [1]	result	2.52050356	0.00000512	0x00	0x00
SPI [1]	result	2.52050884	0.00000512	0x00	0x00
SPI [1]	result	2.52051412	0.00000512	0x00	0x00
SPI [1]	result	2.52051940	0.00000512	0x00	0x00
SPI [1]	result	2.52052468	0.00000512	0x00	0x00
SPI [1]	result	2.52052996	0.00000512	0x00	0x00
SPI [1]	result	2.52053524	0.00000512	0x00	0xC3
SPI [1]	result	2.52054052	0.00000512	0x00	0x3C
SPI [1]	result	2.52054580	0.00000512	0x00	0xA5
SPI [1]	result	2.52055108	0.00000512	0x00	0x5A
SPI [1]	result	2.52055636	0.00000512	0x00	0x00
SPI [1]	result	2.52056164	0.00000512	0x00	0x00
SPI [1]	result	2.52056692	0.00000512	0x00	0x00
SPI [1]	result	2.52057220	0.00000512	0x00	0x00
SPI [1]	result	2.52057748	0.00000512	0x00	0x00
SPI [1]	result	2.52058276	0.00000512	0x00	0x00
SPI [1]	result	2.52058804	0.00000512	0x00	0x00
SPI [1]	result	2.52059332	0.00000512	0x00	0x00
SPI [1]	result	2.52059860	0.00000512	0x00	0x00
SPI [1]	result	2.52060388	0.00000512	0x00	0x0C
SPI [1]	result	2.52060916	0.00000512	0x00	0x33
SPI [1]	result	2.52061444	0.00000512	0x00	0xCA
SPI [1]	result	2.52061972	0.00000512	0x00	0x55
SPI [1]	result	2.52062500	0.00000512	0x00	0xA0
SPI [1]	result	2.52063028	0.00000512	0x00	0x00
SPI [1]	result	2.52063556	0.00000512	0x00	0x00
SPI [1]	result	2.52064084	0.00000512	0x00	0x00
SPI [1]	result	2.52064612	0.00000512	0x00	0x00
SPI [1]	result	2.52065140	0.00000512	0x00	0x00
SPI [1]	result	2.52065668	0.00000512	0x00	0x00
SPI [1]	result	2.52066196	0.00000512	0x00	0x00
SPI [1]	result	2.52066724	0.00000512	0x00	0x00
SPI [1]	result	2.52067252	0.00000512	0x00	0x00
SPI [1]	result	2.52067780	0.00000512	0x00	0xC3
SPI [1]	result	2.52068308	0.00000512	0x00	0x3C
SPI [1]	result	2.52068836	0.00000512	0x00	0xA5
SPI [1]	result	2.52069364	0.00000512	0x00	0x5A
SPI [1]	result	2.52069892	0.00000512	0x00	0x00
SPI [1]	result	2.52070420	0.00000512	0x00	0x00
SPI [1]	result	2.52070948	0.00000512	0x00	0x00
SPI [1]	result	2.52071476	0.00000512	0x00	0x00
SPI [1]	result	2.52072004	0.00000512	0x00	0x00
SPI [1]	result	2.52072532	0.00000512	0x00	0x00
SPI [1]	result	2.52073060	0.00000512	0x00	0x00
SPI [1]	result	2.52073588	0.00000512	0x00	0x00
SPI [1]	result	2.52074116	0.00000512	0x00	0x00
SPI [1]	result	2.52074644	0.00000512	0x00	0x0C
SPI [1]	result	2.52075172	0.00000512	0x00	0x33
SPI [1]	result	2.52075700	0.00000512	0x00	0xCA
SPI [1]	result	2.52076228	0.00000512	0x00	0x55
SPI [1]	result	2.52076756	0.00000512	0x00	0xA0
SPI [1]	result	2.52077284	0.00000512	0x00	0x00
SPI [1]	result	2.52077812	0.00000512	0x00	0x00
SPI [1]	result	2.52078340	0.00000512	0x00	0x00
SPI [1]	result	2.52078868	0.00000512	0x00	0x00
SPI [1]	result	2.52079396	0.00000512	0x00	0x00
SPI [1]	result	2.52079924	0.00000512	0x00	0x00
SPI [1]	result	2.52080452	0.00000512	0x00	0x00
SPI [1]	result	2.52080980	0.00000512	0x00	0x00
SPI [1]	result	2.52081508	0.00000512	0x00	0x00
SPI [1]	result	2.52082036	0.00000512	0x00	0xC3
SPI [1]	result	2.52082564	0.00000512	0x00	0x3C
SPI [1]	result	2.52083092	0.00000512	0x00	0xA5
SPI [1]	result	2.52083620	0.00000512	0x00	0x5A
SPI [1]	result	2.52084148	0.00000512	0x00	0x00
SPI [1]	result	2.52084676	0.00000512	0x00	0x00
SPI [1]	result	2.52085204	0.00000512	0x00	0x00
SPI [1]	result	2.52085732	0.00000512	0x00	0x00
SPI [1]	result	2.52086260	0.00000512	0x00	0x00
SPI [1]	result	2.52086788	0.00000512	0x00	0x00
SPI [1]	result	2.52087316	0.00000512	0x00	0x00
SPI [1]	result	2.52087844	0.00000512	0x00	0x00
SPI [1]	result	2.52088372	0.00000512	0x00	0x00
SPI [1]	result	2.52088900	0.00000512	0x00	0x0C
SPI [1]	result	2.52089428	0.00000512	0x00	0x33
SPI [1]	result	2.52089956	0.00000512	0x00	0xCA
SPI [1]	result	2.52090484	0.00000512	0x00	0x55
SPI [1]	result	2.52091012	0.00000512	0x00	0xA0
SPI [1]	result	2.52091540	0.00000512	0x00	0x00
SPI [1]	result	2.52092068	0.00000512	0x00	0x00
SPI [1]	result	2.52092596	0.00000512	0x00	0x00
SPI [1]	result	2.52093124	0.00000512	0x00	0x00
SPI [1]	result	2.52093652	0.00000512	0x00	0x00
SPI [1]	result	2.52094180	0.00000512	0x00	0x00
SPI [1]	result	2.52094708	0.00000512	0x00	0x00
SPI [1]	result	2.52095236	0.00000512	0x00	0x00
SPI [1]	result	2.52095764	0.00000512	0x00	0x00
SPI [1]	result	2.52096292	0.00000512	0x00	0xC3
SPI [1]	result	2.52096820	0.00000512	0x00	0x3C
SPI [1]	result	2.52097348	0.00000512	0x00	0xA5
SPI [1]	result	2.52097876	0.00000512	0x00	0x5A
SPI [1]	result	2.52098404	0.00000512	0x00	0x00
SPI [1]	result	2.52098932	0.00000512	0x00	0x00
SPI [1]	result	2.52099460	0.00000512	0x00	0x00
SPI [1]	result	2.52099988	0.00000512	0x00	0x00
SPI [1]	result	2.52100516	0.00000512	0x00	0x00
SPI [1]	result	2.52101044	0.00000512	0x00	0x00
SPI [1]	result	2.52101572	0.00000512	0x00	0x00
SPI [1]	result	2.52102100	0.00000512	0x00	0x00
SPI [1]	result	2.52102628	0.00000512	0x00	0x00
SPI [1]	result	2.52103156	0.00000512	0x00	0x0C
SPI [1]	result	2.52103684	0.00000512	0x00	0x33
SPI [1]	result	2.52104212	0.00000512	0x00	0xCA
SPI [1]	result	2.52104740	0.00000512	0x00	0x55
SPI [1]	result	2.52105268	0.00000512	0x00	0xA0
SPI [1]	result	2.52105796	0.00000512	0x00	0x00
SPI [1]	result	2.52106324	0.00000512	0x00	0x00
SPI [1]	result	2.52106852	0.00000512	0x00	0x00
SPI [1]	result	2.52107380	0.00000512	0x00	0x00
SPI [1]	result	2.52107908	0.00000512	0x5A	0x00
SPI [1]	result	2.52420810	0.00000512	0xFF	0xC3
SPI [1]	result	2.52421338	0.00000512	0x00	0x3C
SPI [1]	result	2.52421866	0.00000512	0x00	0xA5
SPI [1]	result	2.52422394	0.00000512	0x00	0x5A
SPI [1]	result	2.52422922	0.00000512	0x00	0x00
SPI [1]	result	2.52423450	0.00000512	0x00	0x00
SPI [1]	result	2.52423978	0.00000512	0x00	0x00
SPI [1]	result	2.52424506	0.00000512	0x00	0x00
SPI [1]	result	2.52425034	0.00000512	0x00	0x00
SPI [1]	result	2.52425562	0.00000512	0x00	0x00
SPI [1]	result	2.52426090	0.00000512	0x00	0x00
SPI [1]	result	2.52426618	0.00000512	0x00	0x00
SPI [1]	result	2.52427146	0.00000512	0x00	0x00
SPI [1]	result	2.52427674	0.00000512	0x00	0x0C
SPI [1]	result	2.52428202	0.00000512	0x00	0x33
SPI [1]	result	2.52428730	0.00000512	0x00	0xCA
SPI [1]	result	2.52429258	0.00000512	0x00	0x55
SPI [1]	result	2.52429786	0.00000512	0x00	0xA0
SPI [1]	result	2.52430314	0.00000512	0x00	0x00
SPI [1]	result	2.52430842	0.00000512	0x00	0x00
SPI [1]	result	2.52431370	0.00000512	0x00	0x00
SPI [1]	result	2.52431898	0.00000512	0x00	0x00
SPI [1]	result	2.52432426	0.00000512	0x00	0x00
SPI [1]	result	2.52432954	0.00000512	0x00	0x00
SPI [1]	result	2.52433482	0.00000512	0x00	0x00
SPI [1]	result	2.52434010	0.00000512	0x00	0x00
SPI [1]	result	2.52434538	0.00000512	0x00	0x00
SPI [1]	result	2.52435066	0.00000512	0x00	0xC3
SPI [1]	result	2.52435594	0.00000512	0x00	0x3C
SPI [1]	result	2.52436122	0.00000512	0x00	0xA5
SPI [1]	result	2.52436650	0.00000512	0x00	0x5A
SPI [1]	result	2.52437178	0.00000512	0x00	0x00
SPI [1]	result	2.52437706	0.00000512	0x00	0x00
SPI [1]	result	2.52438234	0.00000512	0x00	0x00
SPI [1]	result	2.52438762	0.00000512	0x00	0x00
SPI [1]	result	2.52439290	0.00000512	0x00	0x00
SPI [1]	result	2.52439818	0.00000512	0x00	0x00
SPI [1]	result	2.52440346	0.00000512	0x00	0x00
SPI [1]	result	2.52440874	0.00000512	0x00	0x00
SPI [1]	result	2.52441402	0.00000512	0x00	0x00
SPI [1]	result	2.52441930	0.00000512	0x00	0x0C
SPI [1]	result	2.52442458	0.00000512	0x00	0x33
SPI [1]	result	2.52442986	0.00000512	0x00	0xCA
SPI [1]	result	2.52443514	0.00000512	0x00	0x55
SPI [1]	result	2.52444042	0.00000512	0x00	0xA0
SPI [1]	result	2.52444570	0.00000512	0x00	0x00
SPI [1]	result	2.52445098	0.00000512	0x00	0x00
SPI [1]	result	2.52445626	0.00000512	0x00	0x00
SPI [1]	result	2.52446154	0.00000512	0x00	0x00
SPI [1]	result	2.52446682	0.00000512	0x00	0x00
SPI [1]	result	2.52447210	0.00000512	0x00	0x00
SPI [1]	result	2.52447738	0.00000512	0x00	0x00
SPI [1]	result	2.52448266	0.00000512	0x00	0x00
SPI [1]	result	2.52448794	0.00000512	0x00	0x00
SPI [1]	result	2.52449322	0.00000512	0x00	0xC3
SPI [1]	result	2.52449850	0.00000512	0x00	0x3C
SPI [1]	result	2.52450378	0.00000512	0x00	0xA5
SPI [1]	result	2.52450906	0.00000512	0x00	0x5A
SPI [1]	result	2.52451434	0.00000512	0x00	0x00
SPI [1]	result	2.52451962	0.00000512	0x00	0x00
SPI [1]	result	2.52452490	0.00000512	0x00	0x00
SPI [1]	result	2.52453018	0.00000512	0x00	0x00
SPI [1]	result	2.52453546	0.00000512	0x00	0x00
SPI [1]	result	2.52454074	0.00000512	0x00	0x00
SPI [1]	result	2.52454602	0.00000512	0x00	0x00
SPI [1]	result	2.52455130	0.00000512	0x00	0x00
SPI [1]	result	2.52455658	0.00000512	0x00	0x00
SPI [1]	result	2.52456186	0.00000512	0x00	0x0C
SPI [1]	result	2.52456714	0.00000512	0x00	0x33
SPI [1]	result	2.52457242	0.00000512	0x00	0xCA
SPI [1]	result	2.52457770	0.00000512	0x00	0x55
SPI [1]	result	2.52458298	0.00000512	0x00	0xA0
SPI [1]	result	2.52458826	0.00000512	0x00	0x00
SPI [1]	result	2.52459354	0.00000512	0x00	0x00
SPI [1]	result	2.52459882	0.00000512	0x00	0x00
SPI [1]	result	2.52460410	0.00000512	0x00	0x00
SPI [1]	result	2.52460938	0.00000512	0x00	0x00
SPI [1]	result	2.52461466	0.00000512	0x00	0x00
SPI [1]	result	2.52461994	0.00000512	0x00	0x00
SPI [1]	result	2.52462522	0.00000512	0x00	0x00
SPI [1]	result	2.52463050	0.00000512	0x00	0x00
SPI [1]	result	2.52463578	0.00000512	0x00	0xC3
SPI [1]	result	2.52464106	0.00000512	0x00	0x3C
SPI [1]	result	2.52464634	0.00000512	0x00	0xA5
SPI [1]	result	2.52465162	0.00000512	0x00	0x5A
SPI [1]	result	2.52465690	0.00000512	0x00	0x00
SPI [1]	result	2.52466218	0.00000512	0x00	0x00
SPI [1]	result	2.52466746	0.00000512	0x00	0x00
SPI [1]	result	2.52467274	0.00000512	0x00	0x00
SPI [1]	result	2.52467802	0.00000512	0x00	0x00
SPI [1]	result	2.52468330	0.00000512	0x00	0x00
SPI [1]	result	2.52468858	0.00000512	0x00	0x00
SPI [1]	result	2.52469386	0.00000512	0x00	0x00
SPI [1]	result	2.52469914	0.00000512	0x00	0x00
SPI [1]	result	2.52470442	0.00000512	0x00	0x0C
SPI [1]	result	2.52470970	0.00000512	0x00	0x33
SPI [1]	result	2.52471498	0.00000512	0x00	0xCA
SPI [1]	result	2.52472026	0.00000512	0x00	0x55
SPI [1]	result	2.52472554	0.00000512	0x00	0xA0
SPI [1]	result	2.52473082	0.00000512	0x00	0x00
SPI [1]	result	2.52473610	0.00000512	0x00	0x00
SPI [1]	result	2.52474138	0.00000512	0x00	0x00
SPI [1]	result	2.52474666	0.00000512	0x00	0x00
SPI [1]	result	2.52475194	0.00000512	0x00	0x00
SPI [1]	result	2.52475722	0.00000512	0x00	0x00
SPI [1]	result	2.52476250	0.00000512	0x00	0x00
SPI [1]	result	2.52476778	0.00000512	0x00	0x00
SPI [1]	result	2.52477306	0.00000512	0x00	0x00
SPI [1]	result	2.52477834	0.00000512	0x00	0xC3
SPI [1]	result	2.52478362	0.00000512	0x00	0x3C
SPI [1]	result	2.52478890	0.00000512	0x00	0xA5
SPI [1]	result	2.52479418	0.00000512	0x00	0x5A
SPI [1]	result	2.52479946	0.00000512	0x00	0x00
SPI [1]	result	2.52480474	0.00000512	0x00	0x00
SPI [1]	result	2.52481002	0.00000512	0x00	0x00
SPI [1]	result	2.52481530	0.00000512	0x00	0x00
SPI [1]	result	2.52482058	0.00000512	0x00	0x00
SPI [1]	result	2.52482586	0.00000512	0x00	0x00
SPI [1]	result	2.52483114	0.00000512	0x00	0x00
SPI [1]	result	2.52483642	0.00000512	0x00	0x00
SPI [1]	result	2.52484170	0.00000512	0x00	0x00
SPI [1]	result	2.52484698	0.00000512	0x00	0x0C
SPI [1]	result	2.52485226	0.00000512	0x00	0x33
SPI [1]	result	2.52485754	0.00000512	0x00	0xCA
SPI [1]	result	2.52486282	0.00000512	0x00	0x55
SPI [1]	result	2.52486810	0.00000512	0x00	0xA0
SPI [1]	result	2.52487338	0.00000512	0x00	0x00
SPI [1]	result	2.52487866	0.00000512	0x00	0x00
SPI [1]	result	2.52488394	0.00000512	0x00	0x00
SPI [1]	result	2.52488922	0.00000512	0x00	0x00
SPI [1]	result	2.52489450	0.00000512	0x5A	0x00
SPI [1]	result	2.52804426	0.00000512	0xB8	0xC3
SPI [1]	result	2.52804954	0.00000512	0x01	0x3C
SPI [1]	result	2.52805482	0.00000512	0x06	0xA5
SPI [1]	result	2.52806010	0.00000512	0x26	0x5A
SPI [1]	result	2.52884617	0.00000512	0x0B	0xC3
SPI [1]	result	2.52885145	0.00000512	0x10	0x3C
SPI [1]	result	2.52885673	0.00000512	0x80	0xA5
SPI [1]	result	2.52886201	0.00000512	0x3A	0x5A
SPI [1]	result	2.52941117	0.00000512	0x00	0xC3
SPI [1]	result	2.52941645	0.00000512	0x00	0x3C
SPI [1]	result	2.52942173	0.00000512	0x05	0xA5
SPI [1]	result	2.52942701	0.00000512	0x56	0x5A
SPI [1]	result	2.53020205	0.00000512	0x0C	0xC3
SPI [1]	result	2.53020733	0.00000512	0x00	0x3C
SPI [1]	result	2.53021261	0.00000512	0x86	0xA5
SPI [1]	result	2.53021789	0.00000512	0x0A	0x5A
SPI [1]	result	2.53078616	0.00000512	0x00	0xC3
SPI [1]	result	2.53079144	0.00000512	0x00	0x3C
SPI [1]	result	2.53079672	0.00000512	0x00	0xA5
SPI [1]	result	2.53080200	0.00000512	0x00	0x5A
SPI [1]	result	2.53136116	0.00000512	0x08	0xC3
SPI [1]	result	2.53136644	0.00000512	0x00	0x3C
SPI [1]	result	2.53137172	0.00000512	0x85	0xA5
SPI [1]	result	2.53137700	0.00000512	0x68	0x5A
SPI [1]	result	2.53446028	0.00000512	0x00	0xC3
SPI [1]	result	2.53446556	0.00000512	0x00	0x3C
SPI [1]	result	2.53447084	0.00000512	0x53	0xA5
SPI [1]	result	2.53447612	0.00000512	0x50	0x5A
SPI [1]	result	2.53448140	0.00000512	0x58	0x00
SPI [1]	result	2.53448668	0.00000512	0x31	0x00
SPI [1]	result	2.53449196	0.00000512	0x00	0x00
SPI [1]	result	2.53449724	0.00000512	0x00	0x00
SPI [1]	result	2.53450252	0.00000512	0x00	0x00
SPI [1]	result	2.53450780	0.00000512	0x00	0x00
SPI [1]	result	2.53451308	0.00000512	0x00	0x00
SPI [1]	result	2.53451836	0.00000512	0x00	0x00
SPI [1]	result	2.53452364	0.00000512	0x47	0x00
SPI [1]	result	2.53452892	0.00000512	0x46	0x0C
SPI [1]	result	2.53453420	0.00000512	0x58	0x33
SPI [1]	result	2.53453948	0.00000512	0x20	0xCA
SPI [1]	result	2.53454476	0.00000512	0x35	0x55
SPI [1]	result	2.53455004	0.00000512	0x30	0xA0
SPI [1]	result	2.53455532	0.00000512	0x53	0x00
SPI [1]	result	2.53456060	0.00000512	0x00	0x00
SPI [1]	result	2.53456588	0.00000512	0x00	0x00
SPI [1]	result	2.53457116	0.00000512	0x00	0x00
SPI [1]	result	2.53457644	0.00000512	0x00	0x00
SPI [1]	result	2.53458172	0.00000512	0x00	0x00
SPI [1]	result	2.53458700	0.00000512	0x00	0x00
SPI [1]	result	2.53459228	0.00000512	0x00	0x00
SPI [1]	result	2.53459756	0.00000512	0x00	0x00
SPI [1]	result	2.53460284	0.00000512	0x00	0xC3
SPI [1]	result	2.53460812	0.00000512	0x00	0x3C
SPI [1]	result	2.53461340	0.00000512	0x00	0xA5
SPI [1]	result	2.53461868	0.00000512	0x00	0x5A
SPI [1]	result	2.53462396	0.00000512	0x00	0x00
SPI [1]	result	2.53462924	0.00000512	0x47	0x00
SPI [1]	result	2.53463452	0.00000512	0x46	0x00
SPI [1]	result	2.53463980	0.00000512	0x58	0x00
SPI [1]	result	2.53464508	0.00000512	0x20	0x00
SPI [1]	result	2.53465036	0.00000512	0x35	0x00
SPI [1]	result	2.53465564	0.00000512	0x30	0x00
SPI [1]	result	2.53466092	0.00000512	0x53	0x00
SPI [1]	result	2.53466620	0.00000512	0x00	0x00
SPI [1]	result	2.53467148	0.00000512	0x00	0x0C
SPI [1]	result	2.53467676	0.00000512	0x00	0x33
SPI [1]	result	2.53468204	0.00000512	0x00	0xCA
SPI [1]	result	2.53468732	0.00000512	0x00	0x55
SPI [1]	result	2.53469260	0.00000512	0x00	0xA0
SPI [1]	result	2.53469788	0.00000512	0x00	0x00
SPI [1]	result	2.53470316	0.00000512	0x00	0x00
SPI [1]	result	2.53470844	0.00000512	0x35	0x00
SPI [1]	result	2.53471372	0.00000512	0x39	0x00
SPI [1]	result	2.53471900	0.00000512	0x33	0x00
SPI [1]	result	2.53472428	0.00000512	0x35	0x00
SPI [1]	result	2.53472956	0.00000512	0x33	0x00
SPI [1]	result	2.53473484	0.00000512	0x33	0x00
SPI [1]	result	2.53474012	0.00000512	0x33	0x00
SPI [1]	result	2.53474540	0.00000512	0x31	0xC3
SPI [1]	result	2.53475068	0.00000512	0x33	0x3C
SPI [1]	result	2.53475596	0.00000512	0x36	0xA5
SPI [1]	result	2.53476124	0.00000512	0x33	0x5A
SPI [1]	result	2.53476652	0.00000512	0x31	0x00
SPI [1]	result	2.53477180	0.00000512	0x31	0x00
SPI [1]	result	2.53477708	0.00000512	0x37	0x00
SPI [1]	result	2.53478236	0.00000512	0x30	0x00
SPI [1]	result	2.53478764	0.00000512	0x32	0x00
SPI [1]	result	2.53479292	0.00000512	0x31	0x00
SPI [1]	result	2.53479820	0.00000512	0x36	0x00
SPI [1]	result	2.53480348	0.00000512	0x37	0x00
SPI [1]	result	2.53480876	0.00000512	0x30	0x00
SPI [1]	result	2.53481404	0.00000512	0x32	0x0C
SPI [1]	result	2.53481932	0.00000512	0x30	0x33
SPI [1]	result	2.53482460	0.00000512	0x31	0xCA
SPI [1]	result	2.53482988	0.00000512	0x30	0x55
SPI [1]	result	2.53483516	0.00000512	0x31	0xA0
SPI [1]	result	2.53484044	0.00000512	0x31	0x00
SPI [1]	result	2.53484572	0.00000512	0x30	0x00
SPI [1]	result	2.53485100	0.00000512	0x36	0x00
SPI [1]	result	2.53485628	0.00000512	0x39	0x00
SPI [1]	result	2.53486156	0.00000512	0x41	0x00
SPI [1]	result	2.53486684	0.00000512	0x04	0x00
SPI [1]	result	2.53487212	0.00000512	0x20	0x00
SPI [1]	result	2.53487740	0.00000512	0x02	0x00
SPI [1]	result	2.53488268	0.00000512	0x16	0x00
SPI [1]	result	2.53488796	0.00000512	0x01	0xC3
SPI [1]	result	2.53489324	0.00000512	0x00	0x3C
SPI [1]	result	2.53489852	0.00000512	0x01	0xA5
SPI [1]	result	2.53490380	0.00000512	0x00	0x5A
SPI [1]	result	2.53490908	0.00000512	0x01	0x00
SPI [1]	result	2.53491436	0.00000512	0x00	0x00
SPI [1]	result	2.53491964	0.00000512	0x00	0x00
SPI [1]	result	2.53492492	0.00000512	0x00	0x00
SPI [1]	result	2.53493020	0.00000512	0x00	0x00
SPI [1]	result	2.53493548	0.00000512	0x00	0x00
SPI [1]	result	2.53494076	0.00000512	0x00	0x00
SPI [1]	result	2.53494604	0.00000512	0x00	0x00
SPI [1]	result	2.53495132	0.00000512	0x00	0x00
SPI [1]	result	2.53495660	0.00000512	0x00	0x0C
SPI [1]	result	2.53496188	0.00000512	0x00	0x33
SPI [1]	result	2.53496716	0.00000512	0x00	0xCA
SPI [1]	result	2.53497244	0.00000512	0x00	0x55
SPI [1]	result	2.53497772	0.00000512	0x00	0xA0
SPI [1]	result	2.53498300	0.00000512	0x00	0x00
SPI [1]	result	2.53498828	0.00000512	0x00	0x00
SPI [1]	result	2.53499356	0.00000512	0x00	0x00
SPI [1]	result	2.53499884	0.00000512	0x00	0x00
SPI [1]	result	2.53500412	0.00000512	0x00	0x00
SPI [1]	result	2.53500940	0.00000512	0x00	0x00
SPI [1]	result	2.53501468	0.00000512	0x00	0x00
SPI [1]	result	2.53501996	0.00000512	0x00	0x00
SPI [1]	result	2.53502524	0.00000512	0x00	0x00
SPI [1]	result	2.53503052	0.00000512	0x00	0xC3
SPI [1]	result	2.53503580	0.00000512	0x00	0x3C
SPI [1]	result	2.53504108	0.00000512	0x00	0xA5
SPI [1]	result	2.53504636	0.00000512	0x00	0x5A
SPI [1]	result	2.53505164	0.00000512	0x00	0x00
SPI [1]	result	2.53505692	0.00000512	0x00	0x00
SPI [1]	result	2.53506220	0.00000512	0x00	0x00
SPI [1]	result	2.53506748	0.00000512	0x00	0x00
SPI [1]	result	2.53507276	0.00000512	0x00	0x00
SPI [1]	result	2.53507804	0.00000512	0x00	0x00
SPI [1]	result	2.53508332	0.00000512	0x00	0x00
SPI [1]	result	2.53508860	0.00000512	0x00	0x00
SPI [1]	result	2.53509388	0.00000512	0x00	0x00
SPI [1]	result	2.53509916	0.00000512	0x00	0x0C
SPI [1]	result	2.53510444	0.00000512	0x00	0x33
SPI [1]	result	2.53510972	0.00000512	0x00	0xCA
SPI [1]	result	2.53511500	0.00000512	0x00	0x55
SPI [1]	result	2.53512028	0.00000512	0x00	0xA0
SPI [1]	result	2.53512556	0.00000512	0x00	0x00
SPI [1]	result	2.53513084	0.00000512	0x00	0x00
SPI [1]	result	2.53513612	0.00000512	0x00	0x00
SPI [1]	result	2.53514140	0.00000512	0x00	0x00
SPI [1]	result	2.53514668	0.00000512	0xEF	0x00
SPI [1]	result	2.53827220	0.00000512	0xFF	0xC3
SPI [1]	result	2.53827748	0.00000512	0xFF	0x3C
SPI [1]	result	2.53828276	0.00000512	0x53	0xA5
SPI [1]	result	2.53828804	0.00000512	0x50	0x5A
SPI [1]	result	2.53829332	0.00000512	0x58	0x00
SPI [1]	result	2.53829860	0.00000512	0x31	0x00
SPI [1]	result	2.53830388	0.00000512	0x00	0x00
SPI [1]	result	2.53830916	0.00000512	0x00	0x00
SPI [1]	result	2.53831444	0.00000512	0x00	0x00
SPI [1]	result	2.53831972	0.00000512	0x00	0x00
SPI [1]	result	2.53832500	0.00000512	0x00	0x00
SPI [1]	result	2.53833028	0.00000512	0x00	0x00
SPI [1]	result	2.53833556	0.00000512	0x47	0x00
SPI [1]	result	2.53834084	0.00000512	0x46	0x0C
SPI [1]	result	2.53834612	0.00000512	0x58	0x33
SPI [1]	result	2.53835140	0.00000512	0x20	0xCA
SPI [1]	result	2.53835668	0.00000512	0x35	0x55
SPI [1]	result	2.53836196	0.00000512	0x30	0xA0
SPI [1]	result	2.53836724	0.00000512	0x53	0x00
SPI [1]	result	2.53837252	0.00000512	0x00	0x00
SPI [1]	result	2.53837780	0.00000512	0x00	0x00
SPI [1]	result	2.53838308	0.00000512	0x00	0x00
SPI [1]	result	2.53838836	0.00000512	0x00	0x00
SPI [1]	result	2.53839364	0.00000512	0x00	0x00
SPI [1]	result	2.53839892	0.00000512	0x00	0x00
SPI [1]	result	2.53840420	0.00000512	0x00	0x00
SPI [1]	result	2.53840948	0.00000512	0x00	0x00
SPI [1]	result	2.53841476	0.00000512	0x00	0xC3
SPI [1]	result	2.53842004	0.00000512	0x00	0x3C
SPI [1]	result	2.53842532	0.00000512	0x00	0xA5
SPI [1]	result	2.53843060	0.00000512	0x00	0x5A
SPI [1]	result	2.53843588	0.00000512	0x00	0x00
SPI [1]	result	2.53844116	0.00000512	0x47	0x00
SPI [1]	result	2.53844644	0.00000512	0x46	0x00
SPI [1]	result	2.53845172	0.00000512	0x58	0x00
SPI [1]	result	2.53845700	0.00000512	0x20	0x00
SPI [1]	result	2.53846228	0.00000512	0x35	0x00
SPI [1]	result	2.53846756	0.00000512	0x30	0x00
SPI [1]	result	2.53847284	0.00000512	0x53	0x00
SPI [1]	result	2.53847812	0.00000512	0x00	0x00
SPI [1]	result	2.53848340	0.00000512	0x00	0x0C
SPI [1]	result	2.53848868	0.00000512	0x00	0x33
SPI [1]	result	2.53849396	0.00000512	0x00	0xCA
SPI [1]	result	2.53849924	0.00000512	0x00	0x55
SPI [1]	result	2.53850452	0.00000512	0x00	0xA0
SPI [1]	result	2.53850980	0.00000512	0x00	0x00
SPI [1]	result	2.53851508	0.00000512	0x00	0x00
SPI [1]	result	2.53852036	0.00000512	0x35	0x00
SPI [1]	result	2.53852564	0.00000512	0x39	0x00
SPI [1]	result	2.53853092	0.00000512	0x33	0x00
SPI [1]	result	2.53853620	0.00000512	0x35	0x00
SPI [1]	result	2.53854148	0.00000512	0x33	0x00
SPI [1]	result	2.53854676	0.00000512	0x33	0x00
SPI [1]	result	2.53855204	0.00000512	0x33	0x00
SPI [1]	result	2.53855732	0.00000512	0x31	0xC3
SPI [1]	result	2.53856260	0.00000512	0x33	0x3C
SPI [1]	result	2.53856788	0.00000512	0x36	0xA5
SPI [1]	result	2.53857316	0.00000512	0x33	0x5A
SPI [1]	result	2.53857844	0.00000512	0x31	0x00
SPI [1]	result	2.53858372	0.00000512	0x31	0x00
SPI [1]	result	2.53858900	0.00000512	0x37	0x00
SPI [1]	result	2.53859428	0.00000512	0x30	0x00
SPI [1]	result	2.53859956	0.00000512	0x32	0x00
SPI [1]	result	2.53860484	0.00000512	0x31	0x00
SPI [1]	result	2.53861012	0.00000512	0x36	0x00
SPI [1]	result	2.53861540	0.00000512	0x37	0x00
SPI [1]	result	2.53862068	0.00000512	0x30	0x00
SPI [1]	result	2.53862596	0.00000512	0x32	0x0C
SPI [1]	result	2.53863124	0.00000512	0x30	0x33
SPI [1]	result	2.53863652	0.00000512	0x31	0xCA
SPI [1]	result	2.53864180	0.00000512	0x30	0x55
SPI [1]	result	2.53864708	0.00000512	0x31	0xA0
SPI [1]	result	2.53865236	0.00000512	0x31	0x00
SPI [1]	result	2.53865764	0.00000512	0x30	0x00
SPI [1]	result	2.53866292	0.00000512	0x36	0x00
SPI [1]	result	2.53866820	0.00000512	0x39	0x00
SPI [1]	result	2.53867348	0.00000512	0x41	0x00
SPI [1]	result	2.53867876	0.00000512	0x04	0x00
SPI [1]	result	2.53868404	0.00000512	0x20	0x00
SPI [1]	result	2.53868932	0.00000512	0x02	0x00
SPI [1]	result	2.53869460	0.00000512	0x16	0x00
SPI [1]	result	2.53869988	0.00000512	0x01	0xC3
SPI [1]	result	2.53870516	0.00000512	0x00	0x3C
SPI [1]	result	2.53871044	0.00000512	0x01	0xA5
SPI [1]	result	2.53871572	0.00000512	0x00	0x5A
SPI [1]	result	2.53872100	0.00000512	0x01	0x00
SPI [1]	result	2.53872628	0.00000512	0x00	0x00
SPI [1]	result	2.53873156	0.00000512	0x00	0x00
SPI [1]	result	2.53873684	0.00000512	0x00	0x00
SPI [1]	result	2.53874212	0.00000512	0x00	0x00
SPI [1]	result	2.53874740	0.00000512	0x00	0x00
SPI [1]	result	2.53875268	0.00000512	0x00	0x00
SPI [1]	result	2.53875796	0.00000512	0x00	0x00
SPI [1]	result	2.53876324	0.00000512	0x00	0x00
SPI [1]	result	2.53876852	0.00000512	0x00	0x0C
SPI [1]	result	2.53877380	0.00000512	0x00	0x33
SPI [1]	result	2.53877908	0.00000512	0x00	0xCA
SPI [1]	result	2.53878436	0.00000512	0x00	0x55
SPI [1]	result	2.53878964	0.00000512	0x00	0xA0
SPI [1]	result	2.53879492	0.00000512	0x00	0x00
SPI [1]	result	2.53880020	0.00000512	0x00	0x00
SPI [1]	result	2.53880548	0.00000512	0x00	0x00
SPI [1]	result	2.53881076	0.00000512	0x00	0x00
SPI [1]	result	2.53881604	0.00000512	0x00	0x00
SPI [1]	result	2.53882132	0.00000512	0x00	0x00
SPI [1]	result	2.53882660	0.00000512	0x00	0x00
SPI [1]	result	2.53883188	0.00000512	0x00	0x00
SPI [1]	result	2.53883716	0.00000512	0x00	0x00
SPI [1]	result	2.53884244	0.00000512	0x00	0xC3
SPI [1]	result	2.53884772	0.00000512	0x00	0x3C
SPI [1]	result	2.53885300	0.00000512	0x00	0xA5
SPI [1]	result	2.53885828	0.00000512	0x00	0x5A
SPI [1]	result	2.53886356	0.00000512	0x00	0x00
SPI [1]	result	2.53886884	0.00000512	0x00	0x00
SPI [1]	result	2.53887412	0.00000512	0x00	0x00
SPI [1]	result	2.53887940	0.00000512	0x00	0x00
SPI [1]	result	2.53888468	0.00000512	0x00	0x00
SPI [1]	result	2.53888996	0.00000512	0x00	0x00
SPI [1]	result	2.53889524	0.00000512	0x00	0x00
SPI [1]	result	2.53890052	0.00000512	0x00	0x00
SPI [1]	result	2.53890580	0.00000512	0x00	0x00
SPI [1]	result	2.53891108	0.00000512	0x00	0x0C
SPI [1]	result	2.53891636	0.00000512	0x00	0x33
SPI [1]	result	2.53892164	0.00000512	0x00	0xCA
SPI [1]	result	2.53892692	0.00000512	0x00	0x55
SPI [1]	result	2.53893220	0.00000512	0x00	0xA0
SPI [1]	result	2.53893748	0.00000512	0x00	0x00
SPI [1]	result	2.53894276	0.00000512	0x00	0x00
SPI [1]	result	2.53894804	0.00000512	0x00	0x00
SPI [1]	result	2.53895332	0.00000512	0x00	0x00
SPI [1]	result	2.53895860	0.00000512	0xED	0x00
SPI [1]	result	2.54208775	0.00000512	0x00	0xC3
SPI [1]	result	2.54209303	0.00000512	0x00	0x3C
SPI [1]	result	2.54209831	0.00000512	0x05	0xA5
SPI [1]	result	2.54210359	0.00000512	0x96	0x5A
SPI [1]	result	2.54289469	0.00000512	0x0D	0xC3
SPI [1]	result	2.54289997	0.00000512	0x10	0x3C
SPI [1]	result	2.54290525	0.00000512	0x80	0xA5
SPI [1]	result	2.54291053	0.00000512	0x0A	0x5A
SPI [1]	result	2.54346124	0.00000512	0x00	0xC3
SPI [1]	result	2.54346652	0.00000512	0x00	0x3C
SPI [1]	result	2.54347180	0.00000512	0x00	0xA5
SPI [1]	result	2.54347708	0.00000512	0x00	0x5A
SPI [1]	result	2.54403887	0.00000512	0x08	0xC3
SPI [1]	result	2.54404415	0.00000512	0x00	0x3C
SPI [1]	result	2.54404943	0.00000512	0x85	0xA5
SPI [1]	result	2.54405471	0.00000512	0xA8	0x5A
SPI [1]	result	2.54491893	0.00000512	0x00	0xC3
SPI [1]	result	2.54492421	0.00000512	0x00	0x3C
SPI [1]	result	2.54492949	0.00000512	0x08	0xA5
SPI [1]	result	2.54493477	0.00000512	0x20	0x5A
SPI [1]	result	2.54810676	0.00000512	0x0E	0xC3
SPI [1]	result	2.54811204	0.00000512	0x10	0x3C
SPI [1]	result	2.54811732	0.00000512	0x80	0xA5
SPI [1]	result	2.54812260	0.00000512	0x12	0x5A
SPI [1]	result	2.54832373	0.00000512	0x00	0xC3
SPI [1]	result	2.54832901	0.00000512	0x00	0x3C
SPI [1]	result	2.54833429	0.00000512	0x00	0xA5
SPI [1]	result	2.54833957	0.00000512	0x00	0x5A
SPI [1]	result	2.54839974	0.00000512	0x08	0x30
SPI [1]	result	2.54840502	0.00000512	0x00	0xCF
SPI [1]	result	2.54841030	0.00000512	0x88	0x29
SPI [1]	result	2.54841558	0.00000512	0x32	0x56
SPI [1]	result	2.54846593	0.00000512	0x00	0x80
SPI [1]	result	2.54847121	0.00000512	0x00	0x00
SPI [1]	result	2.54847649	0.00000512	0x0C	0x00
SPI [1]	result	2.54848177	0.00000512	0x30	0x00
SPI [1]	result	2.54852696	0.00000512	0x0F	0xC3
SPI [1]	result	2.54853224	0.00000512	0x10	0x3C
SPI [1]	result	2.54853752	0.00000512	0x80	0xA5
SPI [1]	result	2.54854280	0.00000512	0x1A	0x5A
SPI [1]	result	2.54858798	0.00000512	0x00	0x00
SPI [1]	result	2.54859326	0.00000512	0x00	0x00
SPI [1]	result	2.54859854	0.00000512	0x0C	0x61
SPI [1]	result	2.54860382	0.00000512	0x72	0x9E
SPI [1]	result	2.54932219	0.00000512	0x08	0x52
SPI [1]	result	2.54932747	0.00000512	0x00	0xAD
SPI [1]	result	2.54933275	0.00000512	0x8C	0x00
SPI [1]	result	2.54933803	0.00000512	0x02	0x00
SPI [1]	result	2.54991506	0.00000512	0x00	0xC3
SPI [1]	result	2.54992034	0.00000512	0x00	0x3C
SPI [1]	result	2.54992562	0.00000512	0x00	0xA5
SPI [1]	result	2.54993090	0.00000512	0x00	0x5A
SPI [1]	result	2.55049108	0.00000512	0x08	0xC3
SPI [1]	result	2.55049636	0.00000512	0x00	0x3C
SPI [1]	result	2.55050164	0.00000512	0x8C	0xA5
SPI [1]	result	2.55050692	0.00000512	0x44	0x5A
SPI [1]	result	2.58563764	0.00000512	0x00	0x00
SPI [1]	result	2.58564292	0.00000512	0x00	0x00
SPI [1]	result	2.58564820	0.00000512	0x08	0x18
SPI [1]	result	2.58565348	0.00000512	0x20	0x67
SPI [1]	result	2.58642726	0.00000512	0x09	0x94
SPI [1]	result	2.58643254	0.00000512	0x10	0xAB
SPI [1]	result	2.58643782	0.00000512	0x80	0x40
SPI [1]	result	2.58644310	0.00000512	0x2A	0x00
SPI [1]	result	2.58700144	0.00000512	0x00	0xC3
SPI [1]	result	2.58700672	0.00000512	0x00	0x3C
SPI [1]	result	2.58701200	0.00000512	0x00	0xA5
SPI [1]	result	2.58701728	0.00000512	0x00	0x5A
SPI [1]	result	2.58756613	0.00000512	0x08	0xC3
SPI [1]	result	2.58757141	0.00000512	0x00	0x3C
SPI [1]	result	2.58757669	0.00000512	0x88	0xA5
SPI [1]	result	2.58758197	0.00000512	0x32	0x5A
SPI [1]	result	2.64815348	0.00000512	0x00	0xC3
SPI [1]	result	2.64815876	0.00000512	0x00	0x3C
SPI [1]	result	2.64816404	0.00000512	0x08	0xA5
SPI [1]	result	2.64816932	0.00000512	0x20	0x5A
SPI [1]	result	2.64863018	0.00000512	0x0A	0xC3
SPI [1]	result	2.64863546	0.00000512	0x10	0x3C
SPI [1]	result	2.64864074	0.00000512	0x80	0xA5
SPI [1]	result	2.64864602	0.00000512	0x32	0x5A
SPI [1]	result	2.64891401	0.00000512	0x00	0xC3
SPI [1]	result	2.64891929	0.00000512	0x00	0x3C
SPI [1]	result	2.64892457	0.00000512	0x00	0xA5
SPI [1]	result	2.64892985	0.00000512	0x00	0x5A
SPI [1]	result	2.64919412	0.00000512	0x08	0xC3
SPI [1]	result	2.64919940	0.00000512	0x00	0x3C
SPI [1]	result	2.64920468	0.00000512	0x88	0xA5
SPI [1]	result	2.64920996	0.00000512	0x32	0x5A
SPI [1]	result	2.66301514	0.00000512	0x00	0xC3
SPI [1]	result	2.66302042	0.00000512	0x00	0x3C
SPI [1]	result	2.66302570	0.00000512	0x20	0xA5
SPI [1]	result	2.66303098	0.00000512	0x04	0x5A
SPI [1]	result	2.66351007	0.00000512	0x0B	0xC3
SPI [1]	result	2.66351535	0.00000512	0x10	0x3C
SPI [1]	result	2.66352063	0.00000512	0x80	0xA5
SPI [1]	result	2.66352591	0.00000512	0x3A	0x5A
SPI [1]	result	2.66381710	0.00000512	0x00	0xC3
SPI [1]	result	2.66382238	0.00000512	0x00	0x3C
SPI [1]	result	2.66382766	0.00000512	0x3F	0xA5
SPI [1]	result	2.66383294	0.00000512	0xC6	0x5A
SPI [1]	result	2.66431102	0.00000512	0x0C	0xC3
SPI [1]	result	2.66431630	0.00000512	0x00	0x3C
SPI [1]	result	2.66432158	0.00000512	0xA0	0xA5
SPI [1]	result	2.66432686	0.00000512	0x36	0x5A
SPI [1]	result	2.66461303	0.00000512	0x00	0xC3
SPI [1]	result	2.66461831	0.00000512	0x00	0x3C
SPI [1]	result	2.66462359	0.00000512	0x00	0xA5
SPI [1]	result	2.66462887	0.00000512	0x00	0x5A
SPI [1]	result	2.66489430	0.00000512	0x08	0xC3
SPI [1]	result	2.66489958	0.00000512	0x00	0x3C
SPI [1]	result	2.66490486	0.00000512	0xBF	0xA5
SPI [1]	result	2.66491014	0.00000512	0xD8	0x5A
SPI [1]	result	2.66518325	0.00000512	0x00	0xC3
SPI [1]	result	2.66518853	0.00000512	0x02	0x3C
SPI [1]	result	2.66519381	0.00000512	0x2A	0xA5
SPI [1]	result	2.66519909	0.00000512	0x2E	0x5A
SPI [1]	result	2.66583360	0.00000512	0x0D	0xC3
SPI [1]	result	2.66583888	0.00000512	0x10	0x3C
SPI [1]	result	2.66584416	0.00000512	0x80	0xA5
SPI [1]	result	2.66584944	0.00000512	0x0A	0x5A
SPI [1]	result	2.66596096	0.00000512	0x00	0xC3
SPI [1]	result	2.66596624	0.00000512	0x00	0x3C
SPI [1]	result	2.66597152	0.00000512	0x3F	0xA5
SPI [1]	result	2.66597680	0.00000512	0xC6	0x5A
SPI [1]	result	2.66641217	0.00000512	0x0E	0xC3
SPI [1]	result	2.66641745	0.00000512	0x00	0x3C
SPI [1]	result	2.66642273	0.00000512	0xAA	0xA5
SPI [1]	result	2.66642801	0.00000512	0x2E	0x5A
SPI [1]	result	2.66671634	0.00000512	0x00	0xC3
SPI [1]	result	2.66672162	0.00000512	0x00	0x3C
SPI [1]	result	2.66672690	0.00000512	0x00	0xA5
SPI [1]	result	2.66673218	0.00000512	0x00	0x5A
SPI [1]	result	2.66700219	0.00000512	0x08	0xC3
SPI [1]	result	2.66700747	0.00000512	0x00	0x3C
SPI [1]	result	2.66701275	0.00000512	0xBF	0xA5
SPI [1]	result	2.66701803	0.00000512	0xD8	0x5A
SPI [1]	result	2.68811544	0.00000512	0x00	0xC3
SPI [1]	result	2.68812072	0.00000512	0x00	0x3C
SPI [1]	result	2.68812600	0.00000512	0x08	0xA5
SPI [1]	result	2.68813128	0.00000512	0x20	0x5A
SPI [1]	result	2.68859428	0.00000512	0x0F	0xC3
SPI [1]	result	2.68859956	0.00000512	0x10	0x3C
SPI [1]	result	2.68860484	0.00000512	0x80	0xA5
SPI [1]	result	2.68861012	0.00000512	0x1A	0x5A
SPI [1]	result	2.68888130	0.00000512	0x00	0xC3
SPI [1]	result	2.68888658	0.00000512	0x00	0x3C
SPI [1]	result	2.68889186	0.00000512	0x00	0xA5
SPI [1]	result	2.68889714	0.00000512	0x00	0x5A
SPI [1]	result	2.68916213	0.00000512	0x08	0xC3
SPI [1]	result	2.68916741	0.00000512	0x00	0x3C
SPI [1]	result	2.68917269	0.00000512	0x88	0xA5
SPI [1]	result	2.68917797	0.00000512	0x32	0x5A
SPI [1]	result	2.68945302	0.00000512	0x00	0xC3
SPI [1]	result	2.68945830	0.00000512	0x00	0x3C
SPI [1]	result	2.68946358	0.00000512	0x0C	0xA5
SPI [1]	result	2.68946886	0.00000512	0xB2	0x5A
SPI [1]	result	2.68992617	0.00000512	0x08	0xC3
SPI [1]	result	2.68993145	0.00000512	0x10	0x3C
SPI [1]	result	2.68993673	0.00000512	0x80	0xA5
SPI [1]	result	2.68994201	0.00000512	0x22	0x5A
SPI [1]	result	2.69021113	0.00000512	0x00	0xC3
SPI [1]	result	2.69021641	0.00000512	0x00	0x3C
SPI [1]	result	2.69022169	0.00000512	0x0C	0xA5
SPI [1]	result	2.69022697	0.00000512	0x30	0x5A
SPI [1]	result	2.69066811	0.00000512	0x09	0xC3
SPI [1]	result	2.69067339	0.00000512	0x00	0x3C
SPI [1]	result	2.69067867	0.00000512	0x8C	0xA5
SPI [1]	result	2.69068395	0.00000512	0x8C	0x5A
SPI [1]	result	2.69096021	0.00000512	0x00	0xC3
SPI [1]	result	2.69096549	0.00000512	0x00	0x3C
SPI [1]	result	2.69097077	0.00000512	0x00	0xA5
SPI [1]	result	2.69097605	0.00000512	0x00	0x5A
SPI [1]	result	2.69125116	0.00000512	0x08	0xC3
SPI [1]	result	2.69125644	0.00000512	0x00	0x3C
SPI [1]	result	2.69126172	0.00000512	0x8C	0xA5
SPI [1]	result	2.69126700	0.00000512	0x02	0x5A
SPI [1]	result	2.73139912	0.00000512	0x00	0xC3
SPI [1]	result	2.73140440	0.00000512	0x00	0x3C
SPI [1]	result	2.73140968	0.00000512	0x08	0xA5
SPI [1]	result	2.73141496	0.00000512	0x20	0x5A
SPI [1]	result	2.73189382	0.00000512	0xA5	0xC3
SPI [1]	result	2.73189910	0.00000512	0x5A	0x3C
SPI [1]	result	2.73190438	0.00000512	0x3C	0xA5
SPI [1]	result	2.73190966	0.00000512	0xC3	0x5A
SPI [1]	result	2.73230450	0.00000512	0x80	0xA5
SPI [1]	result	2.73230978	0.00000512	0x20	0x5A
SPI [1]	result	2.73231506	0.00000512	0x28	0x3C
SPI [1]	result	2.73232034	0.00000512	0x24	0xC3
SPI [1]	result	2.73271229	0.00000512	0x08	0x08
SPI [1]	result	2.73271757	0.00000512	0x10	0x10
SPI [1]	result	2.73272285	0.00000512	0x80	0xA8
SPI [1]	result	2.73272813	0.00000512	0x22	0x06
SPI [1]	result	2.73312458	0.00000512	0x00	0x08
SPI [1]	result	2.73312986	0.00000512	0x00	0x00
SPI [1]	result	2.73313514	0.00000512	0x00	0xA8
SPI [1]	result	2.73314042	0.00000512	0x00	0x36
SPI [1]	result	2.73351023	0.00000512	0x00	0x00
SPI [1]	result	2.73351551	0.00000512	0x00	0xF3
SPI [1]	result	2.73352079	0.00000512	0x00	0x03
SPI [1]	result	2.73352607	0.00000512	0x00	0xE8
SPI [1]	result	2.73395277	0.00000512	0x00	0xC3
SPI [1]	result	2.73395805	0.00000512	0x00	0x3C
SPI [1]	result	2.73396333	0.00000512	0x3F	0xA5
SPI [1]	result	2.73396861	0.00000512	0xC6	0x5A
SPI [1]	result	2.73482011	0.00000512	0x08	0xC3
SPI [1]	result	2.73482539	0.00000512	0x10	0x3C
SPI [1]	result	2.73483067	0.00000512	0x80	0xA5
SPI [1]	result	2.73483595	0.00000512	0x22	0x5A
SPI [1]	result	2.73817219	0.00000512	0x00	0xC3
SPI [1]	result	2.73817747	0.00000512	0x00	0x3C
SPI [1]	result	2.73818275	0.00000512	0x00	0xA5
SPI [1]	result	2.73818803	0.00000512	0x00	0x5A
SPI [1]	result	2.73901844	0.00000512	0x08	0xC3
SPI [1]	result	2.73902372	0.00000512	0x00	0x3C
SPI [1]	result	2.73902900	0.00000512	0xBF	0xA5
SPI [1]	result	2.73903428	0.00000512	0xD8	0x5A
SPI [1]	result	2.74157040	0.00000512	0xB8	0xC3
SPI [1]	result	2.74157568	0.00000512	0x01	0x3C
SPI [1]	result	2.74158096	0.00000512	0x06	0xA5
SPI [1]	result	2.74158624	0.00000512	0x26	0x5A
SPI [1]	result	2.74236813	0.00000512	0x09	0xC3
SPI [1]	result	2.74237341	0.00000512	0x10	0x3C
SPI [1]	result	2.74237869	0.00000512	0x80	0xA5
SPI [1]	result	2.74238397	0.00000512	0x2A	0x5A
SPI [1]	result	2.74294818	0.00000512	0x00	0xC3
SPI [1]	result	2.74295346	0.00000512	0x00	0x3C
SPI [1]	result	2.74295874	0.00000512	0x05	0xA5
SPI [1]	result	2.74296402	0.00000512	0x14	0x5A
SPI [1]	result	2.74373412	0.00000512	0x0A	0xC3
SPI [1]	result	2.74373940	0.00000512	0x00	0x3C
SPI [1]	result	2.74374468	0.00000512	0x86	0xA5
SPI [1]	result	2.74374996	0.00000512	0x3A	0x5A
SPI [1]	result	2.74432197	0.00000512	0x00	0xC3
SPI [1]	result	2.74432725	0.00000512	0x00	0x3C
SPI [1]	result	2.74433253	0.00000512	0x00	0xA5
SPI [1]	result	2.74433781	0.00000512	0x00	0x5A
SPI [1]	result	2.74488404	0.00000512	0x08	0xC3
SPI [1]	result	2.74488932	0.00000512	0x00	0x3C
SPI [1]	result	2.74489460	0.00000512	0x85	0xA5
SPI [1]	result	2.74489988	0.00000512	0x26	0x5A
SPI [1]	result	2.74797617	0.00000512	0xFF	0xC3
SPI [1]	result	2.74798145	0.00000512	0xFF	0x3C
SPI [1]	result	2.74798673	0.00000512	0x00	0xA5
SPI [1]	result	2.74799201	0.00000512	0x00	0x5A
SPI [1]	result	2.74799729	0.00000512	0x00	0x00
SPI [1]	result	2.74800257	0.00000512	0x00	0x00
SPI [1]	result	2.74800785	0.00000512	0x00	0x00
SPI [1]	result	2.74801313	0.00000512	0x00	0x00
SPI [1]	result	2.74801841	0.00000512	0x00	0x00
SPI [1]	result	2.74802369	0.00000512	0x00	0x00
SPI [1]	result	2.74802897	0.00000512	0x00	0x00
SPI [1]	result	2.74803425	0.00000512	0x00	0x00
SPI [1]	result	2.74803953	0.00000512	0x00	0x00
SPI [1]	result	2.74804481	0.00000512	0x00	0x0C
SPI [1]	result	2.74805009	0.00000512	0x00	0x33
SPI [1]	result	2.74805537	0.00000512	0x00	0xCA
SPI [1]	result	2.74806065	0.00000512	0x00	0x55
SPI [1]	result	2.74806593	0.00000512	0x00	0xA0
SPI [1]	result	2.74807121	0.00000512	0x00	0x00
SPI [1]	result	2.74807649	0.00000512	0x00	0x00
SPI [1]	result	2.74808177	0.00000512	0x00	0x00
SPI [1]	result	2.74808705	0.00000512	0x00	0x00
SPI [1]	result	2.74809233	0.00000512	0x00	0x00
SPI [1]	result	2.74809761	0.00000512	0x00	0x00
SPI [1]	result	2.74810289	0.00000512	0x00	0x00
SPI [1]	result	2.74810817	0.00000512	0x00	0x00
SPI [1]	result	2.74811345	0.00000512	0x00	0x00
SPI [1]	result	2.74811873	0.00000512	0x00	0xC3
SPI [1]	result	2.74812401	0.00000512	0x00	0x3C
SPI [1]	result	2.74812929	0.00000512	0x00	0xA5
SPI [1]	result	2.74813457	0.00000512	0x00	0x5A
SPI [1]	result	2.74813985	0.00000512	0x00	0x00
SPI [1]	result	2.74814513	0.00000512	0x00	0x00
SPI [1]	result	2.74815041	0.00000512	0x00	0x00
SPI [1]	result	2.74815569	0.00000512	0x00	0x00
SPI [1]	result	2.74816097	0.00000512	0x00	0x00
SPI [1]	result	2.74816625	0.00000512	0x00	0x00
SPI [1]	result	2.74817153	0.00000512	0x00	0x00
SPI [1]	result	2.74817681	0.00000512	0x00	0x00
SPI [1]	result	2.74818209	0.00000512	0x00	0x00
SPI [1]	result	2.74818737	0.00000512	0x00	0x0C
SPI [1]	result	2.74819265	0.00000512	0x00	0x33
SPI [1]	result	2.74819793	0.00000512	0x00	0xCA
SPI [1]	result	2.74820321	0.00000512	0x00	0x55
SPI [1]	result	2.74820849	0.00000512	0x00	0xA0
SPI [1]	result	2.74821377	0.00000512	0x00	0x00
SPI [1]	result	2.74821905	0.00000512	0x00	0x00
SPI [1]	result	2.74822433	0.00000512	0x00	0x00
SPI [1]	result	2.74822961	0.00000512	0x00	0x00
SPI [1]	result	2.74823489	0.00000512	0x00	0x00
SPI [1]	result	2.74824017	0.00000512	0x00	0x00
SPI [1]	result	2.74824545	0.00000512	0x00	0x00
SPI [1]	result	2.74825073	0.00000512	0x00	0x00
SPI [1]	result	2.74825601	0.00000512	0x00	0x00
SPI [1]	result	2.74826129	0.00000512	0x00	0xC3
SPI [1]	result	2.74826657	0.00000512	0x00	0x3C
SPI [1]	result	2.74827185	0.00000512	0x00	0xA5
SPI [1]	result	2.74827713	0.00000512	0x00	0x5A
SPI [1]	result	2.74828241	0.00000512	0x00	0x00
SPI [1]	result	2.74828769	0.00000512	0x00	0x00
SPI [1]	result	2.74829297	0.00000512	0x00	0x00
SPI [1]	result	2.74829825	0.00000512	0x00	0x00
SPI [1]	result	2.74830353	0.00000512	0x00	0x00
SPI [1]	result	2.74830881	0.00000512	0x00	0x00
SPI [1]	result	2.74831409	0.00000512	0x00	0x00
SPI [1]	result	2.74831937	0.00000512	0x00	0x00
SPI [1]	result	2.74832465	0.00000512	0x00	0x00
SPI [1]	result	2.74832993	0.00000512	0x00	0x0C
SPI [1]	result	2.74833521	0.00000512	0x00	0x33
SPI [1]	result	2.74834049	0.00000512	0x00	0xCA
SPI [1]	result	2.74834577	0.00000512	0x00	0x55
SPI [1]	result	2.74835105	0.00000512	0x00	0xA0
SPI [1]	result	2.74835633	0.00000512	0x00	0x00
SPI [1]	result	2.74836161	0.00000512	0x00	0x00
SPI [1]	result	2.74836689	0.00000512	0x00	0x00
SPI [1]	result	2.74837217	0.00000512	0x00	0x00
SPI [1]	result	2.74837745	0.00000512	0x00	0x00
SPI [1]	result	2.74838273	0.00000512	0x00	0x00
SPI [1]	result	2.74838801	0.00000512	0x00	0x00
SPI [1]	result	2.74839329	0.00000512	0x00	0x00
SPI [1]	result	2.74839857	0.00000512	0x00	0x00
SPI [1]	result	2.74840385	0.00000512	0x00	0xC3
SPI [1]	result	2.74840913	0.00000512	0x00	0x3C
SPI [1]	result	2.74841441	0.00000512	0x00	0xA5
SPI [1]	result	2.74841969	0.00000512	0x00	0x5A
SPI [1]	result	2.74842497	0.00000512	0x00	0x00
SPI [1]	result	2.74843025	0.00000512	0x00	0x00
SPI [1]	result	2.74843553	0.00000512	0x00	0x00
SPI [1]	result	2.74844081	0.00000512	0x00	0x00
SPI [1]	result	2.74844609	0.00000512	0x00	0x00
SPI [1]	result	2.74845137	0.00000512	0x00	0x00
SPI [1]	result	2.74845665	0.00000512	0x00	0x00
SPI [1]	result	2.74846193	0.00000512	0x00	0x00
SPI [1]	result	2.74846721	0.00000512	0x00	0x00
SPI [1]	result	2.74847249	0.00000512	0x00	0x0C
SPI [1]	result	2.74847777	0.00000512	0x00	0x33
SPI [1]	result	2.74848305	0.00000512	0x00	0xCA
SPI [1]	result	2.74848833	0.00000512	0x00	0x55
SPI [1]	result	2.74849361	0.00000512	0x00	0xA0
SPI [1]	result	2.74849889	0.00000512	0x00	0x00
SPI [1]	result	2.74850417	0.00000512	0x00	0x00
SPI [1]	result	2.74850945	0.00000512	0x00	0x00
SPI [1]	result	2.74851473	0.00000512	0x00	0x00
SPI [1]	result	2.74852001	0.00000512	0x00	0x00
SPI [1]	result	2.74852529	0.00000512	0x00	0x00
SPI [1]	result	2.74853057	0.00000512	0x00	0x00
SPI [1]	result	2.74853585	0.00000512	0x00	0x00
SPI [1]	result	2.74854113	0.00000512	0x00	0x00
SPI [1]	result	2.74854641	0.00000512	0x00	0xC3
SPI [1]	result	2.74855169	0.00000512	0x00	0x3C
SPI [1]	result	2.74855697	0.00000512	0x00	0xA5
SPI [1]	result	2.74856225	0.00000512	0x00	0x5A
SPI [1]	result	2.74856753	0.00000512	0x00	0x00
SPI [1]	result	2.74857281	0.00000512	0x00	0x00
SPI [1]	result	2.74857809	0.00000512	0x00	0x00
SPI [1]	result	2.74858337	0.00000512	0x00	0x00
SPI [1]	result	2.74858865	0.00000512	0x00	0x00
SPI [1]	result	2.74859393	0.00000512	0x00	0x00
SPI [1]	result	2.74859921	0.00000512	0x00	0x00
SPI [1]	result	2.74860449	0.00000512	0x00	0x00
SPI [1]	result	2.74860977	0.00000512	0x00	0x00
SPI [1]	result	2.74861505	0.00000512	0x00	0x0C
SPI [1]	result	2.74862033	0.00000512	0x00	0x33
SPI [1]	result	2.74862561	0.00000512	0x00	0xCA
SPI [1]	result	2.74863089	0.00000512	0x00	0x55
SPI [1]	result	2.74863617	0.00000512	0x00	0xA0
SPI [1]	result	2.74864145	0.00000512	0x00	0x00
SPI [1]	result	2.74864673	0.00000512	0x00	0x00
SPI [1]	result	2.74865201	0.00000512	0x00	0x00
SPI [1]	result	2.74865729	0.00000512	0x00	0x00
SPI [1]	result	2.74866257	0.00000512	0x5A	0x00
SPI [1]	result	2.75179277	0.00000512	0xFF	0xC3
SPI [1]	result	2.75179805	0.00000512	0x00	0x3C
SPI [1]	result	2.75180333	0.00000512	0x00	0xA5
SPI [1]	result	2.75180861	0.00000512	0x00	0x5A
SPI [1]	result	2.75181389	0.00000512	0x00	0x00
SPI [1]	result	2.75181917	0.00000512	0x00	0x00
SPI [1]	result	2.75182445	0.00000512	0x00	0x00
SPI [1]	result	2.75182973	0.00000512	0x00	0x00
SPI [1]	result	2.75183501	0.00000512	0x00	0x00
SPI [1]	result	2.75184029	0.00000512	0x00	0x00
SPI [1]	result	2.75184557	0.00000512	0x00	0x00
SPI [1]	result	2.75185085	0.00000512	0x00	0x00
SPI [1]	result	2.75185613	0.00000512	0x00	0x00
SPI [1]	result	2.75186141	0.00000512	0x00	0x0C
SPI [1]	result	2.75186669	0.00000512	0x00	0x33
SPI [1]	result	2.75187197	0.00000512	0x00	0xCA
SPI [1]	result	2.75187725	0.00000512	0x00	0x55
SPI [1]	result	2.75188253	0.00000512	0x00	0xA0
SPI [1]	result	2.75188781	0.00000512	0x00	0x00
SPI [1]	result	2.75189309	0.00000512	0x00	0x00
SPI [1]	result	2.75189837	0.00000512	0x00	0x00
SPI [1]	result	2.75190365	0.00000512	0x00	0x00
SPI [1]	result	2.75190893	0.00000512	0x00	0x00
SPI [1]	result	2.75191421	0.00000512	0x00	0x00
SPI [1]	result	2.75191949	0.00000512	0x00	0x00
SPI [1]	result	2.75192477	0.00000512	0x00	0x00
SPI [1]	result	2.75193005	0.00000512	0x00	0x00
SPI [1]	result	2.75193533	0.00000512	0x00	0xC3
SPI [1]	result	2.75194061	0.00000512	0x00	0x3C
SPI [1]	result	2.75194589	0.00000512	0x00	0xA5
SPI [1]	result	2.75195117	0.00000512	0x00	0x5A
SPI [1]	result	2.75195645	0.00000512	0x00	0x00
SPI [1]	result	2.75196173	0.00000512	0x00	0x00
SPI [1]	result	2.75196701	0.00000512	0x00	0x00
SPI [1]	result	2.75197229	0.00000512	0x00	0x00
SPI [1]	result	2.75197757	0.00000512	0x00	0x00
SPI [1]	result	2.75198285	0.00000512	0x00	0x00
SPI [1]	result	2.75198813	0.00000512	0x00	0x00
SPI [1]	result	2.75199341	0.00000512	0x00	0x00
SPI [1]	result	2.75199869	0.00000512	0x00	0x00
SPI [1]	result	2.75200397	0.00000512	0x00	0x0C
SPI [1]	result	2.75200925	0.00000512	0x00	0x33
SPI [1]	result	2.75201453	0.00000512	0x00	0xCA
SPI [1]	result	2.75201981	0.00000512	0x00	0x55
SPI [1]	result	2.75202509	0.00000512	0x00	0xA0
SPI [1]	result	2.75203037	0.00000512	0x00	0x00
SPI [1]	result	2.75203565	0.00000512	0x00	0x00
SPI [1]	result	2.75204093	0.00000512	0x00	0x00
SPI [1]	result	2.75204621	0.00000512	0x00	0x00
SPI [1]	result	2.75205149	0.00000512	0x00	0x00
SPI [1]	result	2.75205677	0.00000512	0x00	0x00
SPI [1]	result	2.75206205	0.00000512	0x00	0x00
SPI [1]	result	2.75206733	0.00000512	0x00	0x00
SPI [1]	result	2.75207261	0.00000512	0x00	0x00
SPI [1]	result	2.75207789	0.00000512	0x00	0xC3
SPI [1]	result	2.75208317	0.00000512	0x00	0x3C
SPI [1]	result	2.75208845	0.00000512	0x00	0xA5
SPI [1]	result	2.75209373	0.00000512	0x00	0x5A
SPI [1]	result	2.75209901	0.00000512	0x00	0x00
SPI [1]	result	2.75210429	0.00000512	0x00	0x00
SPI [1]	result	2.75210957	0.00000512	0x00	0x00
SPI [1]	result	2.75211485	0.00000512	0x00	0x00
SPI [1]	result	2.75212013	0.00000512	0x00	0x00
SPI [1]	result	2.75212541	0.00000512	0x00	0x00
SPI [1]	result	2.75213069	0.00000512	0x00	0x00
SPI [1]	result	2.75213597	0.00000512	0x00	0x00
SPI [1]	result	2.75214125	0.00000512	0x00	0x00
SPI [1]	result	2.75214653	0.00000512	0x00	0x0C
SPI [1]	result	2.75215181	0.00000512	0x00	0x33
SPI [1]	result	2.75215709	0.00000512	0x00	0xCA
SPI [1]	result	2.75216237	0.00000512	0x00	0x55
SPI [1]	result	2.75216765	0.00000512	0x00	0xA0
SPI [1]	result	2.75217293	0.00000512	0x00	0x00
SPI [1]	result	2.75217821	0.00000512	0x00	0x00
SPI [1]	result	2.75218349	0.00000512	0x00	0x00
SPI [1]	result	2.75218877	0.00000512	0x00	0x00
SPI [1]	result	2.75219405	0.00000512	0x00	0x00
SPI [1]	result	2.75219933	0.00000512	0x00	0x00
SPI [1]	result	2.75220461	0.00000512	0x00	0x00
SPI [1]	result	2.75220989	0.00000512	0x00	0x00
SPI [1]	result	2.75221517	0.00000512	0x00	0x00
SPI [1]	result	2.75222045	0.00000512	0x00	0xC3
SPI [1]	result	2.75222573	0.00000512	0x00	0x3C
SPI [1]	result	2.75223101	0.00000512	0x00	0xA5
SPI [1]	result	2.75223629	0.00000512	0x00	0x5A
SPI [1]	result	2.75224157	0.00000512	0x00	0x00
SPI [1]	result	2.75224685	0.00000512	0x00	0x00
SPI [1]	result	2.75225213	0.00000512	0x00	0x00
SPI [1]	result	2.75225741	0.00000512	0x00	0x00
SPI [1]	result	2.75226269	0.00000512	0x00	0x00
SPI [1]	result	2.75226797	0.00000512	0x00	0x00
SPI [1]	result	2.75227325	0.00000512	0x00	0x00
SPI [1]	result	2.75227853	0.00000512	0x00	0x00
SPI [1]	result	2.75228381	0.00000512	0x00	0x00
SPI [1]	result	2.75228909	0.00000512	0x00	0x0C
SPI [1]	result	2.75229437	0.00000512	0x00	0x33
SPI [1]	result	2.75229965	0.00000512	0x00	0xCA
SPI [1]	result	2.75230493	0.00000512	0x00	0x55
SPI [1]	result	2.75231021	0.00000512	0x00	0xA0
SPI [1]	result	2.75231549	0.00000512	0x00	0x00
SPI [1]	result	2.75232077	0.00000512	0x00	0x00
SPI [1]	result	2.75232605	0.00000512	0x00	0x00
SPI [1]	result	2.75233133	0.00000512	0x00	0x00
SPI [1]	result	2.75233661	0.00000512	0x00	0x00
SPI [1]	result	2.75234189	0.00000512	0x00	0x00
SPI [1]	result	2.75234717	0.00000512	0x00	0x00
SPI [1]	result	2.75235245	0.00000512	0x00	0x00
SPI [1]	result	2.75235773	0.00000512	0x00	0x00
SPI [1]	result	2.75236301	0.00000512	0x00	0xC3
SPI [1]	result	2.75236829	0.00000512	0x00	0x3C
SPI [1]	result	2.75237357	0.00000512	0x00	0xA5
SPI [1]	result	2.75237885	0.00000512	0x00	0x5A
SPI [1]	result	2.75238413	0.00000512	0x00	0x00
SPI [1]	result	2.75238941	0.00000512	0x00	0x00
SPI [1]	result	2.75239469	0.00000512	0x00	0x00
SPI [1]	result	2.75239997	0.00000512	0x00	0x00
SPI [1]	result	2.75240525	0.00000512	0x00	0x00
SPI [1]	result	2.75241053	0.00000512	0x00	0x00
SPI [1]	result	2.75241581	0.00000512	0x00	0x00
SPI [1]	result	2.75242109	0.00000512	0x00	0x00
SPI [1]	result	2.75242637	0.00000512	0x00	0x00
SPI [1]	result	2.75243165	0.00000512	0x00	0x0C
SPI [1]	result	2.75243693	0.00000512	0x00	0x33
SPI [1]	result	2.75244221	0.00000512	0x00	0xCA
SPI [1]	result	2.75244749	0.00000512	0x00	0x55
SPI [1]	result	2.75245277	0.00000512	0x00	0xA0
SPI [1]	result	2.75245805	0.00000512	0x00	0x00
SPI [1]	result	2.75246333	0.00000512	0x00	0x00
SPI [1]	result	2.75246861	0.00000512	0x00	0x00
SPI [1]	result	2.75247389	0.00000512	0x00	0x00
SPI [1]	result	2.75247917	0.00000512	0x5A	0x00
SPI [1]	result	2.75562880	0.00000512	0xB8	0xC3
SPI [1]	result	2.75563408	0.00000512	0x01	0x3C
SPI [1]	result	2.75563936	0.00000512	0x06	0xA5
SPI [1]	result	2.75564464	0.00000512	0x26	0x5A
SPI [1]	result	2.75643000	0.00000512	0x0B	0xC3
SPI [1]	result	2.75643528	0.00000512	0x10	0x3C
SPI [1]	result	2.75644056	0.00000512	0x80	0xA5
SPI [1]	result	2.75644584	0.00000512	0x3A	0x5A
SPI [1]	result	2.75699492	0.00000512	0x00	0xC3
SPI [1]	result	2.75700020	0.00000512	0x00	0x3C
SPI [1]	result	2.75700548	0.00000512	0x05	0xA5
SPI [1]	result	2.75701076	0.00000512	0x56	0x5A
SPI [1]	result	2.75778604	0.00000512	0x0C	0xC3
SPI [1]	result	2.75779132	0.00000512	0x00	0x3C
SPI [1]	result	2.75779660	0.00000512	0x86	0xA5
SPI [1]	result	2.75780188	0.00000512	0x0A	0x5A
SPI [1]	result	2.75837007	0.00000512	0x00	0xC3
SPI [1]	result	2.75837535	0.00000512	0x00	0x3C
SPI [1]	result	2.75838063	0.00000512	0x00	0xA5
SPI [1]	result	2.75838591	0.00000512	0x00	0x5A
SPI [1]	result	2.75894500	0.00000512	0x08	0xC3
SPI [1]	result	2.75895028	0.00000512	0x00	0x3C
SPI [1]	result	2.75895556	0.00000512	0x85	0xA5
SPI [1]	result	2.75896084	0.00000512	0x68	0x5A
SPI [1]	result	2.76204409	0.00000512	0x00	0xC3
SPI [1]	result	2.76204937	0.00000512	0x00	0x3C
SPI [1]	result	2.76205465	0.00000512	0x53	0xA5
SPI [1]	result	2.76205993	0.00000512	0x50	0x5A
SPI [1]	result	2.76206521	0.00000512	0x58	0x00
SPI [1]	result	2.76207049	0.00000512	0x31	0x00
SPI [1]	result	2.76207577	0.00000512	0x00	0x00
SPI [1]	result	2.76208105	0.00000512	0x00	0x00
SPI [1]	result	2.76208633	0.00000512	0x00	0x00
SPI [1]	result	2.76209161	0.00000512	0x00	0x00
SPI [1]	result	2.76209689	0.00000512	0x00	0x00
SPI [1]	result	2.76210217	0.00000512	0x00	0x00
SPI [1]	result	2.76210745	0.00000512	0x47	0x00
SPI [1]	result	2.76211273	0.00000512	0x46	0x0C
SPI [1]	result	2.76211801	0.00000512	0x58	0x33
SPI [1]	result	2.76212329	0.00000512	0x20	0xCA
SPI [1]	result	2.76212857	0.00000512	0x35	0x55
SPI [1]	result	2.76213385	0.00000512	0x30	0xA0
SPI [1]	result	2.76213913	0.00000512	0x53	0x00
SPI [1]	result	2.76214441	0.00000512	0x00	0x00
SPI [1]	result	2.76214969	0.00000512	0x00	0x00
SPI [1]	result	2.76215497	0.00000512	0x00	0x00
SPI [1]	result	2.76216025	0.00000512	0x00	0x00
SPI [1]	result	2.76216553	0.00000512	0x00	0x00
SPI [1]	result	2.76217081	0.00000512	0x00	0x00
SPI [1]	result	2.76217609	0.00000512	0x00	0x00
SPI [1]	result	2.76218137	0.00000512	0x00	0x00
SPI [1]	result	2.76218665	0.00000512	0x00	0xC3
SPI [1]	result	2.76219193	0.00000512	0x00	0x3C
SPI [1]	result	2.76219721	0.00000512	0x00	0xA5
SPI [1]	result	2.76220249	0.00000512	0x00	0x5A
SPI [1]	result	2.76220777	0.00000512	0x00	0x00
SPI [1]	result	2.76221305	0.00000512	0x47	0x00
SPI [1]	result	2.76221833	0.00000512	0x46	0x00
SPI [1]	result	2.76222361	0.00000512	0x58	0x00
SPI [1]	result	2.76222889	0.00000512	0x20	0x00
SPI [1]	result	2.76223417	0.00000512	0x35	0x00
SPI [1]	result	2.76223945	0.00000512	0x30	0x00
SPI [1]	result	2.76224473	0.00000512	0x53	0x00
SPI [1]	result	2.76225001	0.00000512	0x00	0x00
SPI [1]	result	2.76225529	0.00000512	0x00	0x0C
SPI [1]	result	2.76226057	0.00000512	0x00	0x33
SPI [1]	result	2.76226585	0.00000512	0x00	0xCA
SPI [1]	result	2.76227113	0.00000512	0x00	0x55
SPI [1]	result	2.76227641	0.00000512	0x00	0xA0
SPI [1]	result	2.76228169	0.00000512	0x00	0x00
SPI [1]	result	2.76228697	0.00000512	0x00	0x00
SPI [1]	result	2.76229225	0.00000512	0x35	0x00
SPI [1]	result	2.76229753	0.00000512	0x39	0x00
SPI [1]	result	2.76230281	0.00000512	0x33	0x00
SPI [1]	result	2.76230809	0.00000512	0x35	0x00
SPI [1]	result	2.76231337	0.00000512	0x33	0x00
SPI [1]	result	2.76231865	0.00000512	0x33	0x00
SPI [1]	result	2.76232393	0.00000512	0x33	0x00
SPI [1]	result	2.76232921	0.00000512	0x31	0xC3
SPI [1]	result	2.76233449	0.00000512	0x33	0x3C
SPI [1]	result	2.76233977	0.00000512	0x36	0xA5
SPI [1]	result	2.76234505	0.00000512	0x33	0x5A
SPI [1]	result	2.76235033	0.00000512	0x31	0x00
SPI [1]	result	2.76235561	0.00000512	0x31	0x00
SPI [1]	result	2.76236089	0.00000512	0x37	0x00
SPI [1]	result	2.76236617	0.00000512	0x30	0x00
SPI [1]	result	2.76237145	0.00000512	0x32	0x00
SPI [1]	result	2.76237673	0.00000512	0x31	0x00
SPI [1]	result	2.76238201	0.00000512	0x36	0x00
SPI [1]	result	2.76238729	0.00000512	0x37	0x00
SPI [1]	result	2.76239257	0.00000512	0x30	0x00
SPI [1]	result	2.76239785	0.00000512	0x32	0x0C
SPI [1]	result	2.76240313	0.00000512	0x30	0x33
SPI [1]	result	2.76240841	0.00000512	0x31	0xCA
SPI [1]	result	2.76241369	0.00000512	0x30	0x55
SPI [1]	result	2.76241897	0.00000512	0x31	0xA0
SPI [1]	result	2.76242425	0.00000512	0x31	0x00
SPI [1]	result	2.76242953	0.00000512	0x30	0x00
SPI [1]	result	2.76243481	0.00000512	0x36	0x00
SPI [1]	result	2.76244009	0.00000512	0x39	0x00
SPI [1]	result	2.76244537	0.00000512	0x41	0x00
SPI [1]	result	2.76245065	0.00000512	0x04	0x00
SPI [1]	result	2.76245593	0.00000512	0x20	0x00
SPI [1]	result	2.76246121	0.00000512	0x02	0x00
SPI [1]	result	2.76246649	0.00000512	0x16	0x00
SPI [1]	result	2.76247177	0.00000512	0x01	0x61
SPI [1]	result	2.76247705	0.00000512	0x00	0x9E
SPI [1]	result	2.76248233	0.00000512	0x01	0x52
SPI [1]	result	2.76248761	0.00000512	0x00	0xAD
SPI [1]	result	2.76249289	0.00000512	0x01	0x00
SPI [1]	result	2.76249817	0.00000512	0x00	0x00
SPI [1]	result	2.76250345	0.00000512	0x00	0x00
SPI [1]	result	2.76250873	0.00000512	0x00	0x00
SPI [1]	result	2.76251401	0.00000512	0x00	0x00
SPI [1]	result	2.76251929	0.00000512	0x00	0x00
SPI [1]	result	2.76252457	0.00000512	0x00	0x00
SPI [1]	result	2.76252985	0.00000512	0x00	0x00
SPI [1]	result	2.76253513	0.00000512	0x00	0x00
SPI [1]	result	2.76254041	0.00000512	0x00	0x06
SPI [1]	result	2.76254569	0.00000512	0x00	0x19
SPI [1]	result	2.76255097	0.00000512	0x00	0xE5
SPI [1]	result	2.76255625	0.00000512	0x00	0x2A
SPI [1]	result	2.76256153	0.00000512	0x00	0xD0
SPI [1]	result	2.76256681	0.00000512	0x00	0x00
SPI [1]	result	2.76257209	0.00000512	0x00	0x00
SPI [1]	result	2.76257737	0.00000512	0x00	0x00
SPI [1]	result	2.76258265	0.00000512	0x00	0x00
SPI [1]	result	2.76258793	0.00000512	0x00	0x00
SPI [1]	result	2.76259321	0.00000512	0x00	0x00
SPI [1]	result	2.76259849	0.00000512	0x00	0x00
SPI [1]	result	2.76260377	0.00000512	0x00	0x00
SPI [1]	result	2.76260905	0.00000512	0x00	0x00
SPI [1]	result	2.76261433	0.00000512	0x00	0x61
SPI [1]	result	2.76261961	0.00000512	0x00	0x9E
SPI [1]	result	2.76262489	0.00000512	0x00	0x52
SPI [1]	result	2.76263017	0.00000512	0x00	0xAD
SPI [1]	result	2.76263545	0.00000512	0x00	0x00
SPI [1]	result	2.76264073	0.00000512	0x00	0x00
SPI [1]	result	2.76264601	0.00000512	0x00	0x00
SPI [1]	result	2.76265129	0.00000512	0x00	0x00
SPI [1]	result	2.76265657	0.00000512	0x00	0x00
SPI [1]	result	2.76266185	0.00000512	0x00	0x00
SPI [1]	result	2.76266713	0.00000512	0x00	0x00
SPI [1]	result	2.76267241	0.00000512	0x00	0x00
SPI [1]	result	2.76267769	0.00000512	0x00	0x00
SPI [1]	result	2.76268297	0.00000512	0x00	0x06
SPI [1]	result	2.76268825	0.00000512	0x00	0x19
SPI [1]	result	2.76269353	0.00000512	0x00	0xE5
SPI [1]	result	2.76269881	0.00000512	0x00	0x2A
SPI [1]	result	2.76270409	0.00000512	0x00	0xD0
SPI [1]	result	2.76270937	0.00000512	0x00	0x00
SPI [1]	result	2.76271465	0.00000512	0x00	0x00
SPI [1]	result	2.76271993	0.00000512	0x00	0x00
SPI [1]	result	2.76272521	0.00000512	0x00	0x00
SPI [1]	result	2.76273049	0.00000512	0xEF	0x00
SPI [1]	result	2.76585619	0.00000512	0xFF	0xC3
SPI [1]	result	2.76586147	0.00000512	0xFF	0x3C
SPI [1]	result	2.76586675	0.00000512	0x53	0xA5
SPI [1]	result	2.76587203	0.00000512	0x50	0x5A
SPI [1]	result	2.76587731	0.00000512	0x58	0x00
SPI [1]	result	2.76588259	0.00000512	0x31	0x00
SPI [1]	result	2.76588787	0.00000512	0x00	0x00
SPI [1]	result	2.76589315	0.00000512	0x00	0x00
SPI [1]	result	2.76589843	0.00000512	0x00	0x00
SPI [1]	result	2.76590371	0.00000512	0x00	0x00
SPI [1]	result	2.76590899	0.00000512	0x00	0x00
SPI [1]	result	2.76591427	0.00000512	0x00	0x00
SPI [1]	result	2.76591955	0.00000512	0x47	0x00
SPI [1]	result	2.76592483	0.00000512	0x46	0x0C
SPI [1]	result	2.76593011	0.00000512	0x58	0x33
SPI [1]	result	2.76593539	0.00000512	0x20	0xCA
SPI [1]	result	2.76594067	0.00000512	0x35	0x55
SPI [1]	result	2.76594595	0.00000512	0x30	0xA0
SPI [1]	result	2.76595123	0.00000512	0x53	0x00
SPI [1]	result	2.76595651	0.00000512	0x00	0x00
SPI [1]	result	2.76596179	0.00000512	0x00	0x00
SPI [1]	result	2.76596707	0.00000512	0x00	0x00
SPI [1]	result	2.76597235	0.00000512	0x00	0x00
SPI [1]	result	2.76597763	0.00000512	0x00	0x00
SPI [1]	result	2.76598291	0.00000512	0x00	0x00
SPI [1]	result	2.76598819	0.00000512	0x00	0x00
SPI [1]	result	2.76599347	0.00000512	0x00	0x00
SPI [1]	result	2.76599875	0.00000512	0x00	0xC3
SPI [1]	result	2.76600403	0.00000512	0x00	0x3C
SPI [1]	result	2.76600931	0.00000512	0x00	0xA5
SPI [1]	result	2.76601459	0.00000512	0x00	0x5A
SPI [1]	result	2.76601987	0.00000512	0x00	0x00
SPI [1]	result	2.76602515	0.00000512	0x47	0x00
SPI [1]	result	2.76603043	0.00000512	0x46	0x00
SPI [1]	result	2.76603571	0.00000512	0x58	0x00
SPI [1]	result	2.76604099	0.00000512	0x20	0x00
SPI [1]	result	2.76604627	0.00000512	0x35	0x00
SPI [1]	result	2.76605155	0.00000512	0x30	0x00
SPI [1]	result	2.76605683	0.00000512	0x53	0x00
SPI [1]	result	2.76606211	0.00000512	0x00	0x00
SPI [1]	result	2.76606739	0.00000512	0x00	0x0C
SPI [1]	result	2.76607267	0.00000512	0x00	0x33
SPI [1]	result	2.76607795	0.00000512	0x00	0xCA
SPI [1]	result	2.76608323	0.00000512	0x00	0x55
SPI [1]	result	2.76608851	0.00000512	0x00	0xA0
SPI [1]	result	2.76609379	0.00000512	0x00	0x00
SPI [1]	result	2.76609907	0.00000512	0x00	0x00
SPI [1]	result	2.76610435	0.00000512	0x35	0x00
SPI [1]	result	2.76610963	0.00000512	0x39	0x00
SPI [1]	result	2.76611491	0.00000512	0x33	0x00
SPI [1]	result	2.76612019	0.00000512	0x35	0x00
SPI [1]	result	2.76612547	0.00000512	0x33	0x00
SPI [1]	result	2.76613075	0.00000512	0x33	0x00
SPI [1]	result	2.76613603	0.00000512	0x33	0x00
SPI [1]	result	2.76614131	0.00000512	0x31	0xC3
SPI [1]	result	2.76614659	0.00000512	0x33	0x3C
SPI [1]	result	2.76615187	0.00000512	0x36	0xA5
SPI [1]	result	2.76615715	0.00000512	0x33	0x5A
SPI [1]	result	2.76616243	0.00000512	0x31	0x00
SPI [1]	result	2.76616771	0.00000512	0x31	0x00
SPI [1]	result	2.76617299	0.00000512	0x37	0x00
SPI [1]	result	2.76617827	0.00000512	0x30	0x00
SPI [1]	result	2.76618355	0.00000512	0x32	0x00
SPI [1]	result	2.76618883	0.00000512	0x31	0x00
SPI [1]	result	2.76619411	0.00000512	0x36	0x00
SPI [1]	result	2.76619939	0.00000512	0x37	0x00
SPI [1]	result	2.76620467	0.00000512	0x30	0x00
SPI [1]	result	2.76620995	0.00000512	0x32	0x0C
SPI [1]	result	2.76621523	0.00000512	0x30	0x33
SPI [1]	result	2.76622051	0.00000512	0x31	0xCA
SPI [1]	result	2.76622579	0.00000512	0x30	0x55
SPI [1]	result	2.76623107	0.00000512	0x31	0xA0
SPI [1]	result	2.76623635	0.00000512	0x31	0x00
SPI [1]	result	2.76624163	0.00000512	0x30	0x00
SPI [1]	result	2.76624691	0.00000512	0x36	0x00
SPI [1]	result	2.76625219	0.00000512	0x39	0x00
SPI [1]	result	2.76625747	0.00000512	0x41	0x00
SPI [1]	result	2.76626275	0.00000512	0x04	0x00
SPI [1]	result	2.76626803	0.00000512	0x20	0x00
SPI [1]	result	2.76627331	0.00000512	0x02	0x00
SPI [1]	result	2.76627859	0.00000512	0x16	0x00
SPI [1]	result	2.76628387	0.00000512	0x01	0xC3
SPI [1]	result	2.76628915	0.00000512	0x00	0x3C
SPI [1]	result	2.76629443	0.00000512	0x01	0xA5
SPI [1]	result	2.76629971	0.00000512	0x00	0x5A
SPI [1]	result	2.76630499	0.00000512	0x01	0x00
SPI [1]	result	2.76631027	0.00000512	0x00	0x00
SPI [1]	result	2.76631555	0.00000512	0x00	0x00
SPI [1]	result	2.76632083	0.00000512	0x00	0x00
SPI [1]	result	2.76632611	0.00000512	0x00	0x00
SPI [1]	result	2.76633139	0.00000512	0x00	0x00
SPI [1]	result	2.76633667	0.00000512	0x00	0x00
SPI [1]	result	2.76634195	0.00000512	0x00	0x00
SPI [1]	result	2.76634723	0.00000512	0x00	0x00
SPI [1]	result	2.76635251	0.00000512	0x00	0x0C
SPI [1]	result	2.76635779	0.00000512	0x00	0x33
SPI [1]	result	2.76636307	0.00000512	0x00	0xCA
SPI [1]	result	2.76636835	0.00000512	0x00	0x55
SPI [1]	result	2.76637363	0.00000512	0x00	0xA0
SPI [1]	result	2.76637891	0.00000512	0x00	0x00
SPI [1]	result	2.76638419	0.00000512	0x00	0x00
SPI [1]	result	2.76638947	0.00000512	0x00	0x00
SPI [1]	result	2.76639475	0.00000512	0x00	0x00
SPI [1]	result	2.76640003	0.00000512	0x00	0x00
SPI [1]	result	2.76640531	0.00000512	0x00	0x00
SPI [1]	result	2.76641059	0.00000512	0x00	0x00
SPI [1]	result	2.76641587	0.00000512	0x00	0x00
SPI [1]	result	2.76642115	0.00000512	0x00	0x00
SPI [1]	result	2.76642643	0.00000512	0x00	0xC3
SPI [1]	result	2.76643171	0.00000512	0x00	0x3C
SPI [1]	result	2.76643699	0.00000512	0x00	0xA5
SPI [1]	result	2.76644227	0.00000512	0x00	0x5A
SPI [1]	result	2.76644755	0.00000512	0x00	0x00
SPI [1]	result	2.76645283	0.00000512	0x00	0x00
SPI [1]	result	2.76645811	0.00000512	0x00	0x00
SPI [1]	result	2.76646339	0.00000512	0x00	0x00
SPI [1]	result	2.76646867	0.00000512	0x00	0x00
SPI [1]	result	2.76647395	0.00000512	0x00	0x00
SPI [1]	result	2.76647923	0.00000512	0x00	0x00
SPI [1]	result	2.76648451	0.00000512	0x00	0x00
SPI [1]	result	2.76648979	0.00000512	0x00	0x00
SPI [1]	result	2.76649507	0.00000512	0x00	0x0C
SPI [1]	result	2.76650035	0.00000512	0x00	0x33
SPI [1]	result	2.76650563	0.00000512	0x00	0xCA
SPI [1]	result	2.76651091	0.00000512	0x00	0x55
SPI [1]	result	2.76651619	0.00000512	0x00	0xA0
SPI [1]	result	2.76652147	0.00000512	0x00	0x00
SPI [1]	result	2.76652675	0.00000512	0x00	0x00
SPI [1]	result	2.76653203	0.00000512	0x00	0x00
SPI [1]	result	2.76653731	0.00000512	0x00	0x00
SPI [1]	result	2.76654259	0.00000512	0xED	0x00
SPI [1]	result	2.76967122	0.00000512	0x00	0xC3
SPI [1]	result	2.76967650	0.00000512	0x00	0x3C
SPI [1]	result	2.76968178	0.00000512	0x05	0xA5
SPI [1]	result	2.76968706	0.00000512	0x96	0x5A
SPI [1]	result	2.77047945	0.00000512	0x0D	0xC3
SPI [1]	result	2.77048473	0.00000512	0x10	0x3C
SPI [1]	result	2.77049001	0.00000512	0x80	0xA5
SPI [1]	result	2.77049529	0.00000512	0x0A	0x5A
SPI [1]	result	2.77104619	0.00000512	0x00	0xC3
SPI [1]	result	2.77105147	0.00000512	0x00	0x3C
SPI [1]	result	2.77105675	0.00000512	0x00	0xA5
SPI [1]	result	2.77106203	0.00000512	0x00	0x5A
SPI [1]	result	2.77162215	0.00000512	0x08	0xC3
SPI [1]	result	2.77162743	0.00000512	0x00	0x3C
SPI [1]	result	2.77163271	0.00000512	0x85	0xA5
SPI [1]	result	2.77163799	0.00000512	0xA8	0x5A
SPI [1]	result	2.77221204	0.00000512	0x00	0xC3
SPI [1]	result	2.77221732	0.00000512	0x00	0x3C
SPI [1]	result	2.77222260	0.00000512	0x08	0xA5
SPI [1]	result	2.77222788	0.00000512	0x20	0x5A
SPI [1]	result	2.77300847	0.00000512	0x0E	0xC3
SPI [1]	result	2.77301375	0.00000512	0x10	0x3C
SPI [1]	result	2.77301903	0.00000512	0x80	0xA5
SPI [1]	result	2.77302431	0.00000512	0x12	0x5A
SPI [1]	result	2.77357828	0.00000512	0x00	0xC3
SPI [1]	result	2.77358356	0.00000512	0x00	0x3C
SPI [1]	result	2.77358884	0.00000512	0x00	0xA5
SPI [1]	result	2.77359412	0.00000512	0x00	0x5A
SPI [1]	result	2.77415113	0.00000512	0x08	0xC3
SPI [1]	result	2.77415641	0.00000512	0x00	0x3C
SPI [1]	result	2.77416169	0.00000512	0x88	0xA5
SPI [1]	result	2.77416697	0.00000512	0x32	0x5A
SPI [1]	result	2.77474902	0.00000512	0x00	0xC3
SPI [1]	result	2.77475430	0.00000512	0x00	0x3C
SPI [1]	result	2.77475958	0.00000512	0x0C	0xA5
SPI [1]	result	2.77476486	0.00000512	0x30	0x5A
SPI [1]	result	2.77554397	0.00000512	0x0F	0xC3
SPI [1]	result	2.77554925	0.00000512	0x10	0x3C
SPI [1]	result	2.77555453	0.00000512	0x80	0xA5
SPI [1]	result	2.77555981	0.00000512	0x1A	0x5A
SPI [1]	result	2.77611388	0.00000512	0x00	0xC3
SPI [1]	result	2.77611916	0.00000512	0x00	0x3C
SPI [1]	result	2.77612444	0.00000512	0x0C	0xA5
SPI [1]	result	2.77612972	0.00000512	0x72	0x5A
SPI [1]	result	2.77690588	0.00000512	0x08	0xC3
SPI [1]	result	2.77691116	0.00000512	0x00	0x3C
SPI [1]	result	2.77691644	0.00000512	0x8C	0xA5
SPI [1]	result	2.77692172	0.00000512	0x02	0x5A
SPI [1]	result	2.77749898	0.00000512	0x00	0xC3
SPI [1]	result	2.77750426	0.00000512	0x00	0x3C
SPI [1]	result	2.77750954	0.00000512	0x00	0xA5
SPI [1]	result	2.77751482	0.00000512	0x00	0x5A
SPI [1]	result	2.77807495	0.00000512	0x08	0xC3
SPI [1]	result	2.77808023	0.00000512	0x00	0x3C
SPI [1]	result	2.77808551	0.00000512	0x8C	0xA5
SPI [1]	result	2.77809079	0.00000512	0x44	0x5A
SPI [1]	result	2.81322165	0.00000512	0x00	0x00
SPI [1]	result	2.81322693	0.00000512	0x00	0x00
SPI [1]	result	2.81323221	0.00000512	0x08	0x00
SPI [1]	result	2.81323749	0.00000512	0x20	0x00
SPI [1]	result	2.81401127	0.00000512	0x09	0xC3
SPI [1]	result	2.81401655	0.00000512	0x10	0x3C
SPI [1]	result	2.81402183	0.00000512	0x80	0xA5
SPI [1]	result	2.81402711	0.00000512	0x2A	0x5A
SPI [1]	result	2.81458518	0.00000512	0x00	0xC3
SPI [1]	result	2.81459046	0.00000512	0x00	0x3C
SPI [1]	result	2.81459574	0.00000512	0x00	0xA5
SPI [1]	result	2.81460102	0.00000512	0x00	0x5A
SPI [1]	result	2.81515021	0.00000512	0x08	0xC3
SPI [1]	result	2.81515549	0.00000512	0x00	0x3C
SPI [1]	result	2.81516077	0.00000512	0x88	0xA5
SPI [1]	result	2.81516605	0.00000512	0x32	0x5A
SPI [1]	result	2.87573697	0.00000512	0x00	0xC3
SPI [1]	result	2.87574225	0.00000512	0x00	0x3C
SPI [1]	result	2.87574753	0.00000512	0x08	0xA5
SPI [1]	result	2.87575281	0.00000512	0x20	0x5A
SPI [1]	result	2.87621429	0.00000512	0x0A	0xC3
SPI [1]	result	2.87621957	0.00000512	0x10	0x3C
SPI [1]	result	2.87622485	0.00000512	0x80	0xA5
SPI [1]	result	2.87623013	0.00000512	0x32	0x5A
SPI [1]	result	2.87649800	0.00000512	0x00	0xC3
SPI [1]	result	2.87650328	0.00000512	0x00	0x3C
SPI [1]	result	2.87650856	0.00000512	0x00	0xA5
SPI [1]	result	2.87651384	0.00000512	0x00	0x5A
SPI [1]	result	2.87677795	0.00000512	0x08	0xC3
SPI [1]	result	2.87678323	0.00000512	0x00	0x3C
SPI [1]	result	2.87678851	0.00000512	0x88	0xA5
SPI [1]	result	2.87679379	0.00000512	0x32	0x5A
SPI [1]	result	2.89059984	0.00000512	0x00	0xC3
SPI [1]	result	2.89060512	0.00000512	0x00	0x3C
SPI [1]	result	2.89061040	0.00000512	0x20	0xA5
SPI [1]	result	2.89061568	0.00000512	0x04	0x5A
SPI [1]	result	2.89109408	0.00000512	0x0B	0xC3
SPI [1]	result	2.89109936	0.00000512	0x10	0x3C
SPI [1]	result	2.89110464	0.00000512	0x80	0xA5
SPI [1]	result	2.89110992	0.00000512	0x3A	0x5A
SPI [1]	result	2.89140096	0.00000512	0x00	0xC3
SPI [1]	result	2.89140624	0.00000512	0x00	0x3C
SPI [1]	result	2.89141152	0.00000512	0x3F	0xA5
SPI [1]	result	2.89141680	0.00000512	0xC6	0x5A
SPI [1]	result	2.89189506	0.00000512	0x0C	0xC3
SPI [1]	result	2.89190034	0.00000512	0x00	0x3C
SPI [1]	result	2.89190562	0.00000512	0xA0	0xA5
SPI [1]	result	2.89191090	0.00000512	0x36	0x5A
SPI [1]	result	2.89219708	0.00000512	0x00	0xC3
SPI [1]	result	2.89220236	0.00000512	0x00	0x3C
SPI [1]	result	2.89220764	0.00000512	0x00	0xA5
SPI [1]	result	2.89221292	0.00000512	0x00	0x5A
SPI [1]	result	2.89247809	0.00000512	0x08	0xC3
SPI [1]	result	2.89248337	0.00000512	0x00	0x3C
SPI [1]	result	2.89248865	0.00000512	0xBF	0xA5
SPI [1]	result	2.89249393	0.00000512	0xD8	0x5A
SPI [1]	result	2.89276693	0.00000512	0x00	0xC3
SPI [1]	result	2.89277221	0.00000512	0x02	0x3C
SPI [1]	result	2.89277749	0.00000512	0x2A	0xA5
SPI [1]	result	2.89278277	0.00000512	0x2E	0x5A
SPI [1]	result	2.89322999	0.00000512	0x0D	0x00
SPI [1]	result	2.89323527	0.00000512	0x10	0x00
SPI [1]	result	2.89324055	0.00000512	0x80	0x00
SPI [1]	result	2.89324583	0.00000512	0x0A	0x00
SPI [1]	result	2.89351498	0.00000512	0x00	0xC3
SPI [1]	result	2.89352026	0.00000512	0x00	0x3C
SPI [1]	result	2.89352554	0.00000512	0x3F	0xA5
SPI [1]	result	2.89353082	0.00000512	0xC6	0x5A
SPI [1]	result	2.89399594	0.00000512	0x0E	0xC3
SPI [1]	result	2.89400122	0.00000512	0x00	0x3C
SPI [1]	result	2.89400650	0.00000512	0xAA	0xA5
SPI [1]	result	2.89401178	0.00000512	0x2E	0x5A
SPI [1]	result	2.89429995	0.00000512	0x00	0xC3
SPI [1]	result	2.89430523	0.00000512	0x00	0x3C
SPI [1]	result	2.89431051	0.00000512	0x00	0xA5
SPI [1]	result	2.89431579	0.00000512	0x00	0x5A
SPI [1]	result	2.89458590	0.00000512	0x08	0xC3
SPI [1]	result	2.89459118	0.00000512	0x00	0x3C
SPI [1]	result	2.89459646	0.00000512	0xBF	0xA5
SPI [1]	result	2.89460174	0.00000512	0xD8	0x5A
SPI [1]	result	2.91569922	0.00000512	0x00	0xC3
SPI [1]	result	2.91570450	0.00000512	0x00	0x3C
SPI [1]	result	2.91570978	0.00000512	0x08	0xA5
SPI [1]	result	2.91571506	0.00000512	0x20	0x5A
SPI [1]	result	2.91617805	0.00000512	0x0F	0xC3
SPI [1]	result	2.91618333	0.00000512	0x10	0x3C
SPI [1]	result	2.91618861	0.00000512	0x80	0xA5
SPI [1]	result	2.91619389	0.00000512	0x1A	0x5A
SPI [1]	result	2.91646491	0.00000512	0x00	0xC3
SPI [1]	result	2.91647019	0.00000512	0x00	0x3C
SPI [1]	result	2.91647547	0.00000512	0x00	0xA5
SPI [1]	result	2.91648075	0.00000512	0x00	0x5A
SPI [1]	result	2.91674001	0.00000512	0x08	0xC3
SPI [1]	result	2.91674529	0.00000512	0x00	0x3C
SPI [1]	result	2.91675057	0.00000512	0x88	0xA5
SPI [1]	result	2.91675585	0.00000512	0x32	0x5A
SPI [1]	result	2.91703693	0.00000512	0x00	0xC3
SPI [1]	result	2.91704221	0.00000512	0x00	0x3C
SPI [1]	result	2.91704749	0.00000512	0x0C	0xA5
SPI [1]	result	2.91705277	0.00000512	0xB2	0x5A
SPI [1]	result	2.91751002	0.00000512	0x08	0xC3
SPI [1]	result	2.91751530	0.00000512	0x10	0x3C
SPI [1]	result	2.91752058	0.00000512	0x80	0xA5
SPI [1]	result	2.91752586	0.00000512	0x22	0x5A
SPI [1]	result	2.91779497	0.00000512	0x00	0xC3
SPI [1]	result	2.91780025	0.00000512	0x00	0x3C
SPI [1]	result	2.91780553	0.00000512	0x0C	0xA5
SPI [1]	result	2.91781081	0.00000512	0x30	0x5A
SPI [1]	result	2.91825207	0.00000512	0x09	0xC3
SPI [1]	result	2.91825735	0.00000512	0x00	0x3C
SPI [1]	result	2.91826263	0.00000512	0x8C	0xA5
SPI [1]	result	2.91826791	0.00000512	0x8C	0x5A
SPI [1]	result	2.91854400	0.00000512	0x00	0xC3
SPI [1]	result	2.91854928	0.00000512	0x00	0x3C
SPI [1]	result	2.91855456	0.00000512	0x00	0xA5
SPI [1]	result	2.91855984	0.00000512	0x00	0x5A
SPI [1]	result	2.91883490	0.00000512	0x08	0xC3
SPI [1]	result	2.91884018	0.00000512	0x00	0x3C
SPI [1]	result	2.91884546	0.00000512	0x8C	0xA5
SPI [1]	result	2.91885074	0.00000512	0x02	0x5A
SPI [1]	result	2.95897940	0.00000512	0x00	0xC3
SPI [1]	result	2.95898468	0.00000512	0x00	0x3C
SPI [1]	result	2.95898996	0.00000512	0x08	0xA5
SPI [1]	result	2.95899524	0.00000512	0x20	0x5A
SPI [1]	result	2.95947649	0.00000512	0xA5	0xC3
SPI [1]	result	2.95948177	0.00000512	0x5A	0x3C
SPI [1]	result	2.95948705	0.00000512	0x3C	0xA5
SPI [1]	result	2.95949233	0.00000512	0xC3	0x5A
SPI [1]	result	2.95988820	0.00000512	0x80	0xA5
SPI [1]	result	2.95989348	0.00000512	0x20	0x5A
SPI [1]	result	2.95989876	0.00000512	0x28	0x3C
SPI [1]	result	2.95990404	0.00000512	0x24	0xC3
SPI [1]	result	2.96029628	0.00000512	0x08	0x08
SPI [1]	result	2.96030156	0.00000512	0x10	0x10
SPI [1]	result	2.96030684	0.00000512	0x80	0xA8
SPI [1]	result	2.96031212	0.00000512	0x22	0x06
SPI [1]	result	2.96070732	0.00000512	0x00	0x08
SPI [1]	result	2.96071260	0.00000512	0x00	0x00
SPI [1]	result	2.96071788	0.00000512	0x00	0xA8
SPI [1]	result	2.96072316	0.00000512	0x00	0x36
SPI [1]	result	2.96111908	0.00000512	0x00	0x00
SPI [1]	result	2.96112436	0.00000512	0x00	0xF3
SPI [1]	result	2.96112964	0.00000512	0x00	0x03
SPI [1]	result	2.96113492	0.00000512	0x00	0xE8
SPI [1]	result	2.96155184	0.00000512	0x00	0xC3
SPI [1]	result	2.96155712	0.00000512	0x00	0x3C
SPI [1]	result	2.96156240	0.00000512	0x3F	0xA5
SPI [1]	result	2.96156768	0.00000512	0xC6	0x5A
SPI [1]	result	2.96241855	0.00000512	0x08	0xC3
SPI [1]	result	2.96242383	0.00000512	0x10	0x3C
SPI [1]	result	2.96242911	0.00000512	0x80	0xA5
SPI [1]	result	2.96243439	0.00000512	0x22	0x5A
SPI [1]	result	2.96577067	0.00000512	0x00	0xC3
SPI [1]	result	2.96577595	0.00000512	0x00	0x3C
SPI [1]	result	2.96578123	0.00000512	0x00	0xA5
SPI [1]	result	2.96578651	0.00000512	0x00	0x5A
SPI [1]	result	2.96661658	0.00000512	0x08	0xC3
SPI [1]	result	2.96662186	0.00000512	0x00	0x3C
SPI [1]	result	2.96662714	0.00000512	0xBF	0xA5
SPI [1]	result	2.96663242	0.00000512	0xD8	0x5A
SPI [1]	result	2.96919186	0.00000512	0xB8	0xC3
SPI [1]	result	2.96919714	0.00000512	0x01	0x3C
SPI [1]	result	2.96920242	0.00000512	0x06	0xA5
SPI [1]	result	2.96920770	0.00000512	0x26	0x5A
SPI [1]	result	2.96996672	0.00000512	0x09	0xC3
SPI [1]	result	2.96997200	0.00000512	0x10	0x3C
SPI [1]	result	2.96997728	0.00000512	0x80	0xA5
SPI [1]	result	2.96998256	0.00000512	0x2A	0x5A
SPI [1]	result	2.97054694	0.00000512	0x00	0xC3
SPI [1]	result	2.97055222	0.00000512	0x00	0x3C
SPI [1]	result	2.97055750	0.00000512	0x05	0xA5
SPI [1]	result	2.97056278	0.00000512	0x14	0x5A
SPI [1]	result	2.97133291	0.00000512	0x0A	0xC3
SPI [1]	result	2.97133819	0.00000512	0x00	0x3C
SPI [1]	result	2.97134347	0.00000512	0x86	0xA5
SPI [1]	result	2.97134875	0.00000512	0x3A	0x5A
SPI [1]	result	2.97192067	0.00000512	0x00	0xC3
SPI [1]	result	2.97192595	0.00000512	0x00	0x3C
SPI [1]	result	2.97193123	0.00000512	0x00	0xA5
SPI [1]	result	2.97193651	0.00000512	0x00	0x5A
SPI [1]	result	2.97248265	0.00000512	0x08	0xC3
SPI [1]	result	2.97248793	0.00000512	0x00	0x3C
SPI [1]	result	2.97249321	0.00000512	0x85	0xA5
SPI [1]	result	2.97249849	0.00000512	0x26	0x5A
SPI [1]	result	2.97557473	0.00000512	0xFF	0xC3
SPI [1]	result	2.97558001	0.00000512	0xFF	0x3C
SPI [1]	result	2.97558529	0.00000512	0x00	0xA5
SPI [1]	result	2.97559057	0.00000512	0x00	0x5A
SPI [1]	result	2.97559585	0.00000512	0x00	0x00
SPI [1]	result	2.97560113	0.00000512	0x00	0x00
SPI [1]	result	2.97560641	0.00000512	0x00	0x00
SPI [1]	result	2.97561169	0.00000512	0x00	0x00
SPI [1]	result	2.97561697	0.00000512	0x00	0x00
SPI [1]	result	2.97562225	0.00000512	0x00	0x00
SPI [1]	result	2.97562753	0.00000512	0x00	0x00
SPI [1]	result	2.97563281	0.00000512	0x00	0x00
SPI [1]	result	2.97563809	0.00000512	0x00	0x00
SPI [1]	result	2.97564337	0.00000512	0x00	0x0C
SPI [1]	result	2.97564865	0.00000512	0x00	0x33
SPI [1]	result	2.97565393	0.00000512	0x00	0xCA
SPI [1]	result	2.97565921	0.00000512	0x00	0x55
SPI [1]	result	2.97566449	0.00000512	0x00	0xA0
SPI [1]	result	2.97566977	0.00000512	0x00	0x00
SPI [1]	result	2.97567505	0.00000512	0x00	0x00
SPI [1]	result	2.97568033	0.00000512	0x00	0x00
SPI [1]	result	2.97568561	0.00000512	0x00	0x00
SPI [1]	result	2.97569089	0.00000512	0x00	0x00
SPI [1]	result	2.97569617	0.00000512	0x00	0x00
SPI [1]	result	2.97570145	0.00000512	0x00	0x00
SPI [1]	result	2.97570673	0.00000512	0x00	0x00
SPI [1]	result	2.97571201	0.00000512	0x00	0x00
SPI [1]	result	2.97571729	0.00000512	0x00	0xC3
SPI [1]	result	2.97572257	0.00000512	0x00	0x3C
SPI [1]	result	2.97572785	0.00000512	0x00	0xA5
SPI [1]	result	2.97573313	0.00000512	0x00	0x5A
SPI [1]	result	2.97573841	0.00000512	0x00	0x00
SPI [1]	result	2.97574369	0.00000512	0x00	0x00
SPI [1]	result	2.97574897	0.00000512	0x00	0x00
SPI [1]	result	2.97575425	0.00000512	0x00	0x00
SPI [1]	result	2.97575953	0.00000512	0x00	0x00
SPI [1]	result	2.97576481	0.00000512	0x00	0x00
SPI [1]	result	2.97577009	0.00000512	0x00	0x00
SPI [1]	result	2.97577537	0.00000512	0x00	0x00
SPI [1]	result	2.97578065	0.00000512	0x00	0x00
SPI [1]	result	2.97578593	0.00000512	0x00	0x0C
SPI [1]	result	2.97579121	0.00000512	0x00	0x33
SPI [1]	result	2.97579649	0.00000512	0x00	0xCA
SPI [1]	result	2.97580177	0.00000512	0x00	0x55
SPI [1]	result	2.97580705	0.00000512	0x00	0xA0
SPI [1]	result	2.97581233	0.00000512	0x00	0x00
SPI [1]	result	2.97581761	0.00000512	0x00	0x00
SPI [1]	result	2.97582289	0.00000512	0x00	0x00
SPI [1]	result	2.97582817	0.00000512	0x00	0x00
SPI [1]	result	2.97583345	0.00000512	0x00	0x00
SPI [1]	result	2.97583873	0.00000512	0x00	0x00
SPI [1]	result	2.97584401	0.00000512	0x00	0x00
SPI [1]	result	2.97584929	0.00000512	0x00	0x00
SPI [1]	result	2.97585457	0.00000512	0x00	0x00
SPI [1]	result	2.97585985	0.00000512	0x00	0xC3
SPI [1]	result	2.97586513	0.00000512	0x00	0x3C
SPI [1]	result	2.97587041	0.00000512	0x00	0xA5
SPI [1]	result	2.97587569	0.00000512	0x00	0x5A
SPI [1]	result	2.97588097	0.00000512	0x00	0x00
SPI [1]	result	2.97588625	0.00000512	0x00	0x00
SPI [1]	result	2.97589153	0.00000512	0x00	0x00
SPI [1]	result	2.97589681	0.00000512	0x00	0x00
SPI [1]	result	2.97590209	0.00000512	0x00	0x00
SPI [1]	result	2.97590737	0.00000512	0x00	0x00
SPI [1]	result	2.97591265	0.00000512	0x00	0x00
SPI [1]	result	2.97591793	0.00000512	0x00	0x00
SPI [1]	result	2.97592321	0.00000512	0x00	0x00
SPI [1]	result	2.97592849	0.00000512	0x00	0x0C
SPI [1]	result	2.97593377	0.00000512	0x00	0x33
SPI [1]	result	2.97593905	0.00000512	0x00	0xCA
SPI [1]	result	2.97594433	0.00000512	0x00	0x55
SPI [1]	result	2.97594961	0.00000512	0x00	0xA0
SPI [1]	result	2.97595489	0.00000512	0x00	0x00
SPI [1]	result	2.97596017	0.00000512	0x00	0x00
SPI [1]	result	2.97596545	0.00000512	0x00	0x00
SPI [1]	result	2.97597073	0.00000512	0x00	0x00
SPI [1]	result	2.97597601	0.00000512	0x00	0x00
SPI [1]	result	2.97598129	0.00000512	0x00	0x00
SPI [1]	result	2.97598657	0.00000512	0x00	0x00
SPI [1]	result	2.97599185	0.00000512	0x00	0x00
SPI [1]	result	2.97599713	0.00000512	0x00	0x00
SPI [1]	result	2.97600241	0.00000512	0x00	0xC3
SPI [1]	result	2.97600769	0.00000512	0x00	0x3C
SPI [1]	result	2.97601297	0.00000512	0x00	0xA5
SPI [1]	result	2.97601825	0.00000512	0x00	0x5A
SPI [1]	result	2.97602353	0.00000512	0x00	0x00
SPI [1]	result	2.97602881	0.00000512	0x00	0x00
SPI [1]	result	2.97603409	0.00000512	0x00	0x00
SPI [1]	result	2.97603937	0.00000512	0x00	0x00
SPI [1]	result	2.97604465	0.00000512	0x00	0x00
SPI [1]	result	2.97604993	0.00000512	0x00	0x00
SPI [1]	result	2.97605521	0.00000512	0x00	0x00
SPI [1]	result	2.97606049	0.00000512	0x00	0x00
SPI [1]	result	2.97606577	0.00000512	0x00	0x00
SPI [1]	result	2.97607105	0.00000512	0x00	0x0C
SPI [1]	result	2.97607633	0.00000512	0x00	0x33
SPI [1]	result	2.97608161	0.00000512	0x00	0xCA
SPI [1]	result	2.97608689	0.00000512	0x00	0x55
SPI [1]	result	2.97609217	0.00000512	0x00	0xA0
SPI [1]	result	2.97609745	0.00000512	0x00	0x00
SPI [1]	result	2.97610273	0.00000512	0x00	0x00
SPI [1]	result	2.97610801	0.00000512	0x00	0x00
SPI [1]	result	2.97611329	0.00000512	0x00	0x00
SPI [1]	result	2.97611857	0.00000512	0x00	0x00
SPI [1]	result	2.97612385	0.00000512	0x00	0x00
SPI [1]	result	2.97612913	0.00000512	0x00	0x00
SPI [1]	result	2.97613441	0.00000512	0x00	0x00
SPI [1]	result	2.97613969	0.00000512	0x00	0x00
SPI [1]	result	2.97614497	0.00000512	0x00	0xC3
SPI [1]	result	2.97615025	0.00000512	0x00	0x3C
SPI [1]	result	2.97615553	0.00000512	0x00	0xA5
SPI [1]	result	2.97616081	0.00000512	0x00	0x5A
SPI [1]	result	2.97616609	0.00000512	0x00	0x00
SPI [1]	result	2.97617137	0.00000512	0x00	0x00
SPI [1]	result	2.97617665	0.00000512	0x00	0x00
SPI [1]	result	2.97618193	0.00000512	0x00	0x00
SPI [1]	result	2.97618721	0.00000512	0x00	0x00
SPI [1]	result	2.97619249	0.00000512	0x00	0x00
SPI [1]	result	2.97619777	0.00000512	0x00	0x00
SPI [1]	result	2.97620305	0.00000512	0x00	0x00
SPI [1]	result	2.97620833	0.00000512	0x00	0x00
SPI [1]	result	2.97621361	0.00000512	0x00	0x0C
SPI [1]	result	2.97621889	0.00000512	0x00	0x33
SPI [1]	result	2.97622417	0.00000512	0x00	0xCA
SPI [1]	result	2.97622945	0.00000512	0x00	0x55
SPI [1]	result	2.97623473	0.00000512	0x00	0xA0
SPI [1]	result	2.97624001	0.00000512	0x00	0x00
SPI [1]	result	2.97624529	0.00000512	0x00	0x00
SPI [1]	result	2.97625057	0.00000512	0x00	0x00
SPI [1]	result	2.97625585	0.00000512	0x00	0x00
SPI [1]	result	2.97626113	0.00000512	0x5A	0x00
SPI [1]	result	2.97939064	0.00000512	0xFF	0xC3
SPI [1]	result	2.97939592	0.00000512	0x00	0x3C
SPI [1]	result	2.97940120	0.00000512	0x00	0xA5
SPI [1]	result	2.97940648	0.00000512	0x00	0x5A
SPI [1]	result	2.97941176	0.00000512	0x00	0x00
SPI [1]	result	2.97941704	0.00000512	0x00	0x00
SPI [1]	result	2.97942232	0.00000512	0x00	0x00
SPI [1]	result	2.97942760	0.00000512	0x00	0x00
SPI [1]	result	2.97943288	0.00000512	0x00	0x00
SPI [1]	result	2.97943816	0.00000512	0x00	0x00
SPI [1]	result	2.97944344	0.00000512	0x00	0x00
SPI [1]	result	2.97944872	0.00000512	0x00	0x00
SPI [1]	result	2.97945400	0.00000512	0x00	0x00
SPI [1]	result	2.97945928	0.00000512	0x00	0x0C
SPI [1]	result	2.97946456	0.00000512	0x00	0x33
SPI [1]	result	2.97946984	0.00000512	0x00	0xCA
SPI [1]	result	2.97947512	0.00000512	0x00	0x55
SPI [1]	result	2.97948040	0.00000512	0x00	0xA0
SPI [1]	result	2.97948568	0.00000512	0x00	0x00
SPI [1]	result	2.97949096	0.00000512	0x00	0x00
SPI [1]	result	2.97949624	0.00000512	0x00	0x00
SPI [1]	result	2.97950152	0.00000512	0x00	0x00
SPI [1]	result	2.97950680	0.00000512	0x00	0x00
SPI [1]	result	2.97951208	0.00000512	0x00	0x00
SPI [1]	result	2.97951736	0.00000512	0x00	0x00
SPI [1]	result	2.97952264	0.00000512	0x00	0x00
SPI [1]	result	2.97952792	0.00000512	0x00	0x00
SPI [1]	result	2.97953320	0.00000512	0x00	0xC3
SPI [1]	result	2.97953848	0.00000512	0x00	0x3C
SPI [1]	result	2.97954376	0.00000512	0x00	0xA5
SPI [1]	result	2.97954904	0.00000512	0x00	0x5A
SPI [1]	result	2.97955432	0.00000512	0x00	0x00
SPI [1]	result	2.97955960	0.00000512	0x00	0x00
SPI [1]	result	2.97956488	0.00000512	0x00	0x00
SPI [1]	result	2.97957016	0.00000512	0x00	0x00
SPI [1]	result	2.97957544	0.00000512	0x00	0x00
SPI [1]	result	2.97958072	0.00000512	0x00	0x00
SPI [1]	result	2.97958600	0.00000512	0x00	0x00
SPI [1]	result	2.97959128	0.00000512	0x00	0x00
SPI [1]	result	2.97959656	0.00000512	0x00	0x00
SPI [1]	result	2.97960184	0.00000512	0x00	0x0C
SPI [1]	result	2.97960712	0.00000512	0x00	0x33
SPI [1]	result	2.97961240	0.00000512	0x00	0xCA
SPI [1]	result	2.97961768	0.00000512	0x00	0x55
SPI [1]	result	2.97962296	0.00000512	0x00	0xA0
SPI [1]	result	2.97962824	0.00000512	0x00	0x00
SPI [1]	result	2.97963352	0.00000512	0x00	0x00
SPI [1]	result	2.97963880	0.00000512	0x00	0x00
SPI [1]	result	2.97964408	0.00000512	0x00	0x00
SPI [1]	result	2.97964936	0.00000512	0x00	0x00
SPI [1]	result	2.97965464	0.00000512	0x00	0x00
SPI [1]	result	2.97965992	0.00000512	0x00	0x00
SPI [1]	result	2.97966520	0.00000512	0x00	0x00
SPI [1]	result	2.97967048	0.00000512	0x00	0x00
SPI [1]	result	2.97967576	0.00000512	0x00	0xC3
SPI [1]	result	2.97968104	0.00000512	0x00	0x3C
SPI [1]	result	2.97968632	0.00000512	0x00	0xA5
SPI [1]	result	2.97969160	0.00000512	0x00	0x5A
SPI [1]	result	2.97969688	0.00000512	0x00	0x00
SPI [1]	result	2.97970216	0.00000512	0x00	0x00
SPI [1]	result	2.97970744	0.00000512	0x00	0x00
SPI [1]	result	2.97971272	0.00000512	0x00	0x00
SPI [1]	result	2.97971800	0.00000512	0x00	0x00
SPI [1]	result	2.97972328	0.00000512	0x00	0x00
SPI [1]	result	2.97972856	0.00000512	0x00	0x00
SPI [1]	result	2.97973384	0.00000512	0x00	0x00
SPI [1]	result	2.97973912	0.00000512	0x00	0x00
SPI [1]	result	2.97974440	0.00000512	0x00	0x0C
SPI [1]	result	2.97974968	0.00000512	0x00	0x33
SPI [1]	result	2.97975496	0.00000512	0x00	0xCA
SPI [1]	result	2.97976024	0.00000512	0x00	0x55
SPI [1]	result	2.97976552	0.00000512	0x00	0xA0
SPI [1]	result	2.97977080	0.00000512	0x00	0x00
SPI [1]	result	2.97977608	0.00000512	0x00	0x00
SPI [1]	result	2.97978136	0.00000512	0x00	0x00
SPI [1]	result	2.97978664	0.00000512	0x00	0x00
SPI [1]	result	2.97979192	0.00000512	0x00	0x00
SPI [1]	result	2.97979720	0.00000512	0x00	0x00
SPI [1]	result	2.97980248	0.00000512	0x00	0x00
SPI [1]	result	2.97980776	0.00000512	0x00	0x00
SPI [1]	result	2.97981304	0.00000512	0x00	0x00
SPI [1]	result	2.97981832	0.00000512	0x00	0xC3
SPI [1]	result	2.97982360	0.00000512	0x00	0x3C
SPI [1]	result	2.97982888	0.00000512	0x00	0xA5
SPI [1]	result	2.97983416	0.00000512	0x00	0x5A
SPI [1]	result	2.97983944	0.00000512	0x00	0x00
SPI [1]	result	2.97984472	0.00000512	0x00	0x00
SPI [1]	result	2.97985000	0.00000512	0x00	0x00
SPI [1]	result	2.97985528	0.00000512	0x00	0x00
SPI [1]	result	2.97986056	0.00000512	0x00	0x00
SPI [1]	result	2.97986584	0.00000512	0x00	0x00
SPI [1]	result	2.97987112	0.00000512	0x00	0x00
SPI [1]	result	2.97987640	0.00000512	0x00	0x00
SPI [1]	result	2.97988168	0.00000512	0x00	0x00
SPI [1]	result	2.97988696	0.00000512	0x00	0x0C
SPI [1]	result	2.97989224	0.00000512	0x00	0x33
SPI [1]	result	2.97989752	0.00000512	0x00	0xCA
SPI [1]	result	2.97990280	0.00000512	0x00	0x55
SPI [1]	result	2.97990808	0.00000512	0x00	0xA0
SPI [1]	result	2.97991336	0.00000512	0x00	0x00
SPI [1]	result	2.97991864	0.00000512	0x00	0x00
SPI [1]	result	2.97992392	0.00000512	0x00	0x00
SPI [1]	result	2.97992920	0.00000512	0x00	0x00
SPI [1]	result	2.97993448	0.00000512	0x00	0x00
SPI [1]	result	2.97993976	0.00000512	0x00	0x00
SPI [1]	result	2.97994504	0.00000512	0x00	0x00
SPI [1]	result	2.97995032	0.00000512	0x00	0x00
SPI [1]	result	2.97995560	0.00000512	0x00	0x00
SPI [1]	result	2.97996088	0.00000512	0x00	0xC3
SPI [1]	result	2.97996616	0.00000512	0x00	0x3C
SPI [1]	result	2.97997144	0.00000512	0x00	0xA5
SPI [1]	result	2.97997672	0.00000512	0x00	0x5A
SPI [1]	result	2.97998200	0.00000512	0x00	0x00
SPI [1]	result	2.97998728	0.00000512	0x00	0x00
SPI [1]	result	2.97999256	0.00000512	0x00	0x00
SPI [1]	result	2.97999784	0.00000512	0x00	0x00
SPI [1]	result	2.98000312	0.00000512	0x00	0x00
SPI [1]	result	2.98000840	0.00000512	0x00	0x00
SPI [1]	result	2.98001368	0.00000512	0x00	0x00
SPI [1]	result	2.98001896	0.00000512	0x00	0x00
SPI [1]	result	2.98002424	0.00000512	0x00	0x00
SPI [1]	result	2.98002952	0.00000512	0x00	0x0C
SPI [1]	result	2.98003480	0.00000512	0x00	0x33
SPI [1]	result	2.98004008	0.00000512	0x00	0xCA
SPI [1]	result	2.98004536	0.00000512	0x00	0x55
SPI [1]	result	2.98005064	0.00000512	0x00	0xA0
SPI [1]	result	2.98005592	0.00000512	0x00	0x00
SPI [1]	result	2.98006120	0.00000512	0x00	0x00
SPI [1]	result	2.98006648	0.00000512	0x00	0x00
SPI [1]	result	2.98007176	0.00000512	0x00	0x00
SPI [1]	result	2.98007704	0.00000512	0x5A	0x00
SPI [1]	result	2.98322689	0.00000512	0xB8	0xC3
SPI [1]	result	2.98323217	0.00000512	0x01	0x3C
SPI [1]	result	2.98323745	0.00000512	0x06	0xA5
SPI [1]	result	2.98324273	0.00000512	0x26	0x5A
SPI [1]	result	2.98402866	0.00000512	0x0B	0xC3
SPI [1]	result	2.98403394	0.00000512	0x10	0x3C
SPI [1]	result	2.98403922	0.00000512	0x80	0xA5
SPI [1]	result	2.98404450	0.00000512	0x3A	0x5A
SPI [1]	result	2.98459359	0.00000512	0x00	0xC3
SPI [1]	result	2.98459887	0.00000512	0x00	0x3C
SPI [1]	result	2.98460415	0.00000512	0x05	0xA5
SPI [1]	result	2.98460943	0.00000512	0x56	0x5A
SPI [1]	result	2.98538443	0.00000512	0x0C	0xC3
SPI [1]	result	2.98538971	0.00000512	0x00	0x3C
SPI [1]	result	2.98539499	0.00000512	0x86	0xA5
SPI [1]	result	2.98540027	0.00000512	0x0A	0x5A
SPI [1]	result	2.98596848	0.00000512	0x00	0xC3
SPI [1]	result	2.98597376	0.00000512	0x00	0x3C
SPI [1]	result	2.98597904	0.00000512	0x00	0xA5
SPI [1]	result	2.98598432	0.00000512	0x00	0x5A
SPI [1]	result	2.98654357	0.00000512	0x08	0xC3
SPI [1]	result	2.98654885	0.00000512	0x00	0x3C
SPI [1]	result	2.98655413	0.00000512	0x85	0xA5
SPI [1]	result	2.98655941	0.00000512	0x68	0x5A
SPI [1]	result	2.98964248	0.00000512	0x00	0xC3
SPI [1]	result	2.98964776	0.00000512	0x00	0x3C
SPI [1]	result	2.98965304	0.00000512	0x53	0xA5
SPI [1]	result	2.98965832	0.00000512	0x50	0x5A
SPI [1]	result	2.98966360	0.00000512	0x58	0x00
SPI [1]	result	2.98966888	0.00000512	0x31	0x00
SPI [1]	result	2.98967416	0.00000512	0x00	0x00
SPI [1]	result	2.98967944	0.00000512	0x00	0x00
SPI [1]	result	2.98968472	0.00000512	0x00	0x00
SPI [1]	result	2.98969000	0.00000512	0x00	0x00
SPI [1]	result	2.98969528	0.00000512	0x00	0x00
SPI [1]	result	2.98970056	0.00000512	0x00	0x00
SPI [1]	result	2.98970584	0.00000512	0x47	0x00
SPI [1]	result	2.98971112	0.00000512	0x46	0x0C
SPI [1]	result	2.98971640	0.00000512	0x58	0x33
SPI [1]	result	2.98972168	0.00000512	0x20	0xCA
SPI [1]	result	2.98972696	0.00000512	0x35	0x55
SPI [1]	result	2.98973224	0.00000512	0x30	0xA0
SPI [1]	result	2.98973752	0.00000512	0x53	0x00
SPI [1]	result	2.98974280	0.00000512	0x00	0x00
SPI [1]	result	2.98974808	0.00000512	0x00	0x00
SPI [1]	result	2.98975336	0.00000512	0x00	0x00
SPI [1]	result	2.98975864	0.00000512	0x00	0x00
SPI [1]	result	2.98976392	0.00000512	0x00	0x00
SPI [1]	result	2.98976920	0.00000512	0x00	0x00
SPI [1]	result	2.98977448	0.00000512	0x00	0x00
SPI [1]	result	2.98977976	0.00000512	0x00	0x00
SPI [1]	result	2.98978504	0.00000512	0x00	0xC3
SPI [1]	result	2.98979032	0.00000512	0x00	0x3C
SPI [1]	result	2.98979560	0.00000512	0x00	0xA5
SPI [1]	result	2.98980088	0.00000512	0x00	0x5A
SPI [1]	result	2.98980616	0.00000512	0x00	0x00
SPI [1]	result	2.98981144	0.00000512	0x47	0x00
SPI [1]	result	2.98981672	0.00000512	0x46	0x00
SPI [1]	result	2.98982200	0.00000512	0x58	0x00
SPI [1]	result	2.98982728	0.00000512	0x20	0x00
SPI [1]	result	2.98983256	0.00000512	0x35	0x00
SPI [1]	result	2.98983784	0.00000512	0x30	0x00
SPI [1]	result	2.98984312	0.00000512	0x53	0x00
SPI [1]	result	2.98984840	0.00000512	0x00	0x00
SPI [1]	result	2.98985368	0.00000512	0x00	0x0C
SPI [1]	result	2.98985896	0.00000512	0x00	0x33
SPI [1]	result	2.98986424	0.00000512	0x00	0xCA
SPI [1]	result	2.98986952	0.00000512	0x00	0x55
SPI [1]	result	2.98987480	0.00000512	0x00	0xA0
SPI [1]	result	2.98988008	0.00000512	0x00	0x00
SPI [1]	result	2.98988536	0.00000512	0x00	0x00
SPI [1]	result	2.98989064	0.00000512	0x35	0x00
SPI [1]	result	2.98989592	0.00000512	0x39	0x00
SPI [1]	result	2.98990120	0.00000512	0x33	0x00
SPI [1]	result	2.98990648	0.00000512	0x35	0x00
SPI [1]	result	2.98991176	0.00000512	0x33	0x00
SPI [1]	result	2.98991704	0.00000512	0x33	0x00
SPI [1]	result	2.98992232	0.00000512	0x33	0x00
SPI [1]	result	2.98992760	0.00000512	0x31	0xC3
SPI [1]	result	2.98993288	0.00000512	0x33	0x3C
SPI [1]	result	2.98993816	0.00000512	0x36	0xA5
SPI [1]	result	2.98994344	0.00000512	0x33	0x5A
SPI [1]	result	2.98994872	0.00000512	0x31	0x00
SPI [1]	result	2.98995400	0.00000512	0x31	0x00
SPI [1]	result	2.98995928	0.00000512	0x37	0x00
SPI [1]	result	2.98996456	0.00000512	0x30	0x00
SPI [1]	result	2.98996984	0.00000512	0x32	0x00
SPI [1]	result	2.98997512	0.00000512	0x31	0x00
SPI [1]	result	2.98998040	0.00000512	0x36	0x00
SPI [1]	result	2.98998568	0.00000512	0x37	0x00
SPI [1]	result	2.98999096	0.00000512	0x30	0x00
SPI [1]	result	2.98999624	0.00000512	0x32	0x0C
SPI [1]	result	2.99000152	0.00000512	0x30	0x33
SPI [1]	result	2.99000680	0.00000512	0x31	0xCA
SPI [1]	result	2.99001208	0.00000512	0x30	0x55
SPI [1]	result	2.99001736	0.00000512	0x31	0xA0
SPI [1]	result	2.99002264	0.00000512	0x31	0x00
SPI [1]	result	2.99002792	0.00000512	0x30	0x00
SPI [1]	result	2.99003320	0.00000512	0x36	0x00
SPI [1]	result	2.99003848	0.00000512	0x39	0x00
SPI [1]	result	2.99004376	0.00000512	0x41	0x00
SPI [1]	result	2.99004904	0.00000512	0x04	0x00
SPI [1]	result	2.99005432	0.00000512	0x20	0x00
SPI [1]	result	2.99005960	0.00000512	0x02	0x00
SPI [1]	result	2.99006488	0.00000512	0x16	0x00
SPI [1]	result	2.99007016	0.00000512	0x01	0xC3
SPI [1]	result	2.99007544	0.00000512	0x00	0x3C
SPI [1]	result	2.99008072	0.00000512	0x01	0xA5
SPI [1]	result	2.99008600	0.00000512	0x00	0x5A
SPI [1]	result	2.99009128	0.00000512	0x01	0x00
SPI [1]	result	2.99009656	0.00000512	0x00	0x00
SPI [1]	result	2.99010184	0.00000512	0x00	0x00
SPI [1]	result	2.99010712	0.00000512	0x00	0x00
SPI [1]	result	2.99011240	0.00000512	0x00	0x00
SPI [1]	result	2.99011768	0.00000512	0x00	0x00
SPI [1]	result	2.99012296	0.00000512	0x00	0x00
SPI [1]	result	2.99012824	0.00000512	0x00	0x00
SPI [1]	result	2.99013352	0.00000512	0x00	0x00
SPI [1]	result	2.99013880	0.00000512	0x00	0x0C
SPI [1]	result	2.99014408	0.00000512	0x00	0x33
SPI [1]	result	2.99014936	0.00000512	0x00	0xCA
SPI [1]	result	2.99015464	0.00000512	0x00	0x55
SPI [1]	result	2.99015992	0.00000512	0x00	0xA0
SPI [1]	result	2.99016520	0.00000512	0x00	0x00
SPI [1]	result	2.99017048	0.00000512	0x00	0x00
SPI [1]	result	2.99017576	0.00000512	0x00	0x00
SPI [1]	result	2.99018104	0.00000512	0x00	0x00
SPI [1]	result	2.99018632	0.00000512	0x00	0x00
SPI [1]	result	2.99019160	0.00000512	0x00	0x00
SPI [1]	result	2.99019688	0.00000512	0x00	0x00
SPI [1]	result	2.99020216	0.00000512	0x00	0x00
SPI [1]	result	2.99020744	0.00000512	0x00	0x00
SPI [1]	result	2.99021272	0.00000512	0x00	0xC3
SPI [1]	result	2.99021800	0.00000512	0x00	0x3C
SPI [1]	result	2.99022328	0.00000512	0x00	0xA5
SPI [1]	result	2.99022856	0.00000512	0x00	0x5A
SPI [1]	result	2.99023384	0.00000512	0x00	0x00
SPI [1]	result	2.99023912	0.00000512	0x00	0x00
SPI [1]	result	2.99024440	0.00000512	0x00	0x00
SPI [1]	result	2.99024968	0.00000512	0x00	0x00
SPI [1]	result	2.99025496	0.00000512	0x00	0x00
SPI [1]	result	2.99026024	0.00000512	0x00	0x00
SPI [1]	result	2.99026552	0.00000512	0x00	0x00
SPI [1]	result	2.99027080	0.00000512	0x00	0x00
SPI [1]	result	2.99027608	0.00000512	0x00	0x00
SPI [1]	result	2.99028136	0.00000512	0x00	0x0C
SPI [1]	result	2.99028664	0.00000512	0x00	0x33
SPI [1]	result	2.99029192	0.00000512	0x00	0xCA
SPI [1]	result	2.99029720	0.00000512	0x00	0x55
SPI [1]	result	2.99030248	0.00000512	0x00	0xA0
SPI [1]	result	2.99030776	0.00000512	0x00	0x00
SPI [1]	result	2.99031304	0.00000512	0x00	0x00
SPI [1]	result	2.99031832	0.00000512	0x00	0x00
SPI [1]	result	2.99032360	0.00000512	0x00	0x00
SPI [1]	result	2.99032888	0.00000512	0xEF	0x00
SPI [1]	result	2.99345521	0.00000512	0xFF	0xC3
SPI [1]	result	2.99346049	0.00000512	0xFF	0x3C
SPI [1]	result	2.99346577	0.00000512	0x53	0xA5
SPI [1]	result	2.99347105	0.00000512	0x50	0x5A
SPI [1]	result	2.99347633	0.00000512	0x58	0x00
SPI [1]	result	2.99348161	0.00000512	0x31	0x00
SPI [1]	result	2.99348689	0.00000512	0x00	0x00
SPI [1]	result	2.99349217	0.00000512	0x00	0x00
SPI [1]	result	2.99349745	0.00000512	0x00	0x00
SPI [1]	result	2.99350273	0.00000512	0x00	0x00
SPI [1]	result	2.99350801	0.00000512	0x00	0x00
SPI [1]	result	2.99351329	0.00000512	0x00	0x00
SPI [1]	result	2.99351857	0.00000512	0x47	0x00
SPI [1]	result	2.99352385	0.00000512	0x46	0x0C
SPI [1]	result	2.99352913	0.00000512	0x58	0x33
SPI [1]	result	2.99353441	0.00000512	0x20	0xCA
SPI [1]	result	2.99353969	0.00000512	0x35	0x55
SPI [1]	result	2.99354497	0.00000512	0x30	0xA0
SPI [1]	result	2.99355025	0.00000512	0x53	0x00
SPI [1]	result	2.99355553	0.00000512	0x00	0x00
SPI [1]	result	2.99356081	0.00000512	0x00	0x00
SPI [1]	result	2.99356609	0.00000512	0x00	0x00
SPI [1]	result	2.99357137	0.00000512	0x00	0x00
SPI [1]	result	2.99357665	0.00000512	0x00	0x00
SPI [1]	result	2.99358193	0.00000512	0x00	0x00
SPI [1]	result	2.99358721	0.00000512	0x00	0x00
SPI [1]	result	2.99359249	0.00000512	0x00	0x00
SPI [1]	result	2.99359777	0.00000512	0x00	0xC3
SPI [1]	result	2.99360305	0.00000512	0x00	0x3C
SPI [1]	result	2.99360833	0.00000512	0x00	0xA5
SPI [1]	result	2.99361361	0.00000512	0x00	0x5A
SPI [1]	result	2.99361889	0.00000512	0x00	0x00
SPI [1]	result	2.99362417	0.00000512	0x47	0x00
SPI [1]	result	2.99362945	0.00000512	0x46	0x00
SPI [1]	result	2.99363473	0.00000512	0x58	0x00
SPI [1]	result	2.99364001	0.00000512	0x20	0x00
SPI [1]	result	2.99364529	0.00000512	0x35	0x00
SPI [1]	result	2.99365057	0.00000512	0x30	0x00
SPI [1]	result	2.99365585	0.00000512	0x53	0x00
SPI [1]	result	2.99366113	0.00000512	0x00	0x00
SPI [1]	result	2.99366641	0.00000512	0x00	0x0C
SPI [1]	result	2.99367169	0.00000512	0x00	0x33
SPI [1]	result	2.99367697	0.00000512	0x00	0xCA
SPI [1]	result	2.99368225	0.00000512	0x00	0x55
SPI [1]	result	2.99368753	0.00000512	0x00	0xA0
SPI [1]	result	2.99369281	0.00000512	0x00	0x00
SPI [1]	result	2.99369809	0.00000512	0x00	0x00
SPI [1]	result	2.99370337	0.00000512	0x35	0x00
SPI [1]	result	2.99370865	0.00000512	0x39	0x00
SPI [1]	result	2.99371393	0.00000512	0x33	0x00
SPI [1]	result	2.99371921	0.00000512	0x35	0x00
SPI [1]	result	2.99372449	0.00000512	0x33	0x00
SPI [1]	result	2.99372977	0.00000512	0x33	0x00
SPI [1]	result	2.99373505	0.00000512	0x33	0x00
SPI [1]	result	2.99374033	0.00000512	0x31	0xC3
SPI [1]	result	2.99374561	0.00000512	0x33	0x3C
SPI [1]	result	2.99375089	0.00000512	0x36	0xA5
SPI [1]	result	2.99375617	0.00000512	0x33	0x5A
SPI [1]	result	2.99376145	0.00000512	0x31	0x00
SPI [1]	result	2.99376673	0.00000512	0x31	0x00
SPI [1]	result	2.99377201	0.00000512	0x37	0x00
SPI [1]	result	2.99377729	0.00000512	0x30	0x00
SPI [1]	result	2.99378257	0.00000512	0x32	0x00
SPI [1]	result	2.99378785	0.00000512	0x31	0x00
SPI [1]	result	2.99379313	0.00000512	0x36	0x00
SPI [1]	result	2.99379841	0.00000512	0x37	0x00
SPI [1]	result	2.99380369	0.00000512	0x30	0x00
SPI [1]	result	2.99380897	0.00000512	0x32	0x0C
SPI [1]	result	2.99381425	0.00000512	0x30	0x33
SPI [1]	result	2.99381953	0.00000512	0x31	0xCA
SPI [1]	result	2.99382481	0.00000512	0x30	0x55
SPI [1]	result	2.99383009	0.00000512	0x31	0xA0
SPI [1]	result	2.99383537	0.00000512	0x31	0x00
SPI [1]	result	2.99384065	0.00000512	0x30	0x00
SPI [1]	result	2.99384593	0.00000512	0x36	0x00
SPI [1]	result	2.99385121	0.00000512	0x39	0x00
SPI [1]	result	2.99385649	0.00000512	0x41	0x00
SPI [1]	result	2.99386177	0.00000512	0x04	0x00
SPI [1]	result	2.99386705	0.00000512	0x20	0x00
SPI [1]	result	2.99387233	0.00000512	0x02	0x00
SPI [1]	result	2.99387761	0.00000512	0x16	0x00
SPI [1]	result	2.99388289	0.00000512	0x01	0xC3
SPI [1]	result	2.99388817	0.00000512	0x00	0x3C
SPI [1]	result	2.99389345	0.00000512	0x01	0xA5
SPI [1]	result	2.99389873	0.00000512	0x00	0x5A
SPI [1]	result	2.99390401	0.00000512	0x01	0x00
SPI [1]	result	2.99390929	0.00000512	0x00	0x00
SPI [1]	result	2.99391457	0.00000512	0x00	0x00
SPI [1]	result	2.99391985	0.00000512	0x00	0x00
SPI [1]	result	2.99392513	0.00000512	0x00	0x00
SPI [1]	result	2.99393041	0.00000512	0x00	0x00
SPI [1]	result	2.99393569	0.00000512	0x00	0x00
SPI [1]	result	2.99394097	0.00000512	0x00	0x00
SPI [1]	result	2.99394625	0.00000512	0x00	0x00
SPI [1]	result	2.99395153	0.00000512	0x00	0x0C
SPI [1]	result	2.99395681	0.00000512	0x00	0x33
SPI [1]	result	2.99396209	0.00000512	0x00	0xCA
SPI [1]	result	2.99396737	0.00000512	0x00	0x55
SPI [1]	result	2.99397265	0.00000512	0x00	0xA0
SPI [1]	result	2.99397793	0.00000512	0x00	0x00
SPI [1]	result	2.99398321	0.00000512	0x00	0x00
SPI [1]	result	2.99398849	0.00000512	0x00	0x00
SPI [1]	result	2.99399377	0.00000512	0x00	0x00
SPI [1]	result	2.99399905	0.00000512	0x00	0x00
SPI [1]	result	2.99400433	0.00000512	0x00	0x00
SPI [1]	result	2.99400961	0.00000512	0x00	0x00
SPI [1]	result	2.99401489	0.00000512	0x00	0x00
SPI [1]	result	2.99402017	0.00000512	0x00	0x00
SPI [1]	result	2.99402545	0.00000512	0x00	0xC3
SPI [1]	result	2.99403073	0.00000512	0x00	0x3C
SPI [1]	result	2.99403601	0.00000512	0x00	0xA5
SPI [1]	result	2.99404129	0.00000512	0x00	0x5A
SPI [1]	result	2.99404657	0.00000512	0x00	0x00
SPI [1]	result	2.99405185	0.00000512	0x00	0x00
SPI [1]	result	2.99405713	0.00000512	0x00	0x00
SPI [1]	result	2.99406241	0.00000512	0x00	0x00
SPI [1]	result	2.99406769	0.00000512	0x00	0x00
SPI [1]	result	2.99407297	0.00000512	0x00	0x00
SPI [1]	result	2.99407825	0.00000512	0x00	0x00
SPI [1]	result	2.99408353	0.00000512	0x00	0x00
SPI [1]	result	2.99408881	0.00000512	0x00	0x00
SPI [1]	result	2.99409409	0.00000512	0x00	0x0C
SPI [1]	result	2.99409937	0.00000512	0x00	0x33
SPI [1]	result	2.99410465	0.00000512	0x00	0xCA
SPI [1]	result	2.99410993	0.00000512	0x00	0x55
SPI [1]	result	2.99411521	0.00000512	0x00	0xA0
SPI [1]	result	2.99412049	0.00000512	0x00	0x00
SPI [1]	result	2.99412577	0.00000512	0x00	0x00
SPI [1]	result	2.99413105	0.00000512	0x00	0x00
SPI [1]	result	2.99413633	0.00000512	0x00	0x00
SPI [1]	result	2.99414161	0.00000512	0xED	0x00
SPI [1]	result	2.99726978	0.00000512	0x00	0xC3
SPI [1]	result	2.99727506	0.00000512	0x00	0x3C
SPI [1]	result	2.99728034	0.00000512	0x05	0xA5
SPI [1]	result	2.99728562	0.00000512	0x96	0x5A
SPI [1]	result	2.99807654	0.00000512	0x0D	0xC3
SPI [1]	result	2.99808182	0.00000512	0x10	0x3C
SPI [1]	result	2.99808710	0.00000512	0x80	0xA5
SPI [1]	result	2.99809238	0.00000512	0x0A	0x5A
SPI [1]	result	2.99864376	0.00000512	0x00	0xC3
SPI [1]	result	2.99864904	0.00000512	0x00	0x3C
SPI [1]	result	2.99865432	0.00000512	0x00	0xA5
SPI [1]	result	2.99865960	0.00000512	0x00	0x5A
SPI [1]	result	2.99922058	0.00000512	0x08	0xC3
SPI [1]	result	2.99922586	0.00000512	0x00	0x3C
SPI [1]	result	2.99923114	0.00000512	0x85	0xA5
SPI [1]	result	2.99923642	0.00000512	0xA8	0x5A
SPI [1]	result	2.99981085	0.00000512	0x00	0xC3
SPI [1]	result	2.99981613	0.00000512	0x00	0x3C
SPI [1]	result	2.99982141	0.00000512	0x08	0xA5
SPI [1]	result	2.99982669	0.00000512	0x20	0x5A
SPI [1]	result	3.00060575	0.00000512	0x0E	0xC3
SPI [1]	result	3.00061103	0.00000512	0x10	0x3C
SPI [1]	result	3.00061631	0.00000512	0x80	0xA5
SPI [1]	result	3.00062159	0.00000512	0x12	0x5A
SPI [1]	result	3.00117645	0.00000512	0x00	0xC3
SPI [1]	result	3.00118173	0.00000512	0x00	0x3C
SPI [1]	result	3.00118701	0.00000512	0x00	0xA5
SPI [1]	result	3.00119229	0.00000512	0x00	0x5A
SPI [1]	result	3.00174963	0.00000512	0x08	0xC3
SPI [1]	result	3.00175491	0.00000512	0x00	0x3C
SPI [1]	result	3.00176019	0.00000512	0x88	0xA5
SPI [1]	result	3.00176547	0.00000512	0x32	0x5A
SPI [1]	result	3.00234791	0.00000512	0x00	0xC3
SPI [1]	result	3.00235319	0.00000512	0x00	0x3C
SPI [1]	result	3.00235847	0.00000512	0x0C	0xA5
SPI [1]	result	3.00236375	0.00000512	0x30	0x5A
SPI [1]	result	3.00314273	0.00000512	0x0F	0xC3
SPI [1]	result	3.00314801	0.00000512	0x10	0x3C
SPI [1]	result	3.00315329	0.00000512	0x80	0xA5
SPI [1]	result	3.00315857	0.00000512	0x1A	0x5A
SPI [1]	result	3.00371260	0.00000512	0x00	0xC3
SPI [1]	result	3.00371788	0.00000512	0x00	0x3C
SPI [1]	result	3.00372316	0.00000512	0x0C	0xA5
SPI [1]	result	3.00372844	0.00000512	0x72	0x5A
SPI [1]	result	3.00450455	0.00000512	0x08	0xC3
SPI [1]	result	3.00450983	0.00000512	0x00	0x3C
SPI [1]	result	3.00451511	0.00000512	0x8C	0xA5
SPI [1]	result	3.00452039	0.00000512	0x02	0x5A
SPI [1]	result	3.00509788	0.00000512	0x00	0xC3
SPI [1]	result	3.00510316	0.00000512	0x00	0x3C
SPI [1]	result	3.00510844	0.00000512	0x00	0xA5
SPI [1]	result	3.00511372	0.00000512	0x00	0x5A
SPI [1]	result	3.00567353	0.00000512	0x08	0xC3
SPI [1]	result	3.00567881	0.00000512	0x00	0x3C
SPI [1]	result	3.00568409	0.00000512	0x8C	0xA5
SPI [1]	result	3.00568937	0.00000512	0x44	0x5A
SPI [1]	result	3.04082037	0.00000512	0x00	0x00
SPI [1]	result	3.04082565	0.00000512	0x00	0x00
SPI [1]	result	3.04083093	0.00000512	0x08	0x01
SPI [1]	result	3.04083621	0.00000512	0x20	0x86
SPI [1]	result	3.04160962	0.00000512	0x09	0x79
SPI [1]	result	3.04161490	0.00000512	0x10	0x4A
SPI [1]	result	3.04162018	0.00000512	0x80	0xB4
SPI [1]	result	3.04162546	0.00000512	0x2A	0x00
SPI [1]	result	3.04218344	0.00000512	0x00	0xC3
SPI [1]	result	3.04218872	0.00000512	0x00	0x3C
SPI [1]	result	3.04219400	0.00000512	0x00	0xA5
SPI [1]	result	3.04219928	0.00000512	0x00	0x5A
SPI [1]	result	3.04274843	0.00000512	0x08	0xC3
SPI [1]	result	3.04275371	0.00000512	0x00	0x3C
SPI [1]	result	3.04275899	0.00000512	0x88	0xA5
SPI [1]	result	3.04276427	0.00000512	0x32	0x5A
SPI [1]	result	3.10333610	0.00000512	0x00	0xC3
SPI [1]	result	3.10334138	0.00000512	0x00	0x3C
SPI [1]	result	3.10334666	0.00000512	0x08	0xA5
SPI [1]	result	3.10335194	0.00000512	0x20	0x5A
SPI [1]	result	3.10381253	0.00000512	0x0A	0xC3
SPI [1]	result	3.10381781	0.00000512	0x10	0x3C
SPI [1]	result	3.10382309	0.00000512	0x80	0xA5
SPI [1]	result	3.10382837	0.00000512	0x32	0x5A
SPI [1]	result	3.10409643	0.00000512	0x00	0xC3
SPI [1]	result	3.10410171	0.00000512	0x00	0x3C
SPI [1]	result	3.10410699	0.00000512	0x00	0xA5
SPI [1]	result	3.10411227	0.00000512	0x00	0x5A
SPI [1]	result	3.10437645	0.00000512	0x08	0xC3
SPI [1]	result	3.10438173	0.00000512	0x00	0x3C
SPI [1]	result	3.10438701	0.00000512	0x88	0xA5
SPI [1]	result	3.10439229	0.00000512	0x32	0x5A
SPI [1]	result	3.11819790	0.00000512	0x00	0xC3
SPI [1]	result	3.11820318	0.00000512	0x00	0x3C
SPI [1]	result	3.11820846	0.00000512	0x20	0xA5
SPI [1]	result	3.11821374	0.00000512	0x04	0x5A
SPI [1]	result	3.11869253	0.00000512	0x0B	0xC3
SPI [1]	result	3.11869781	0.00000512	0x10	0x3C
SPI [1]	result	3.11870309	0.00000512	0x80	0xA5
SPI [1]	result	3.11870837	0.00000512	0x3A	0x5A
SPI [1]	result	3.11899952	0.00000512	0x00	0xC3
SPI [1]	result	3.11900480	0.00000512	0x00	0x3C
SPI [1]	result	3.11901008	0.00000512	0x3F	0xA5
SPI [1]	result	3.11901536	0.00000512	0xC6	0x5A
SPI [1]	result	3.11949363	0.00000512	0x0C	0xC3
SPI [1]	result	3.11949891	0.00000512	0x00	0x3C
SPI [1]	result	3.11950419	0.00000512	0xA0	0xA5
SPI [1]	result	3.11950947	0.00000512	0x36	0x5A
SPI [1]	result	3.11979569	0.00000512	0x00	0xC3
SPI [1]	result	3.11980097	0.00000512	0x00	0x3C
SPI [1]	result	3.11980625	0.00000512	0x00	0xA5
SPI [1]	result	3.11981153	0.00000512	0x00	0x5A
SPI [1]	result	3.12007652	0.00000512	0x08	0xC3
SPI [1]	result	3.12008180	0.00000512	0x00	0x3C
SPI [1]	result	3.12008708	0.00000512	0xBF	0xA5
SPI [1]	result	3.12009236	0.00000512	0xD8	0x5A
SPI [1]	result	3.12122500	0.00000512	0x00	0xC3
SPI [1]	result	3.12123028	0.00000512	0x02	0x3C
SPI [1]	result	3.12123556	0.00000512	0x2A	0xA5
SPI [1]	result	3.12124084	0.00000512	0x2E	0x5A
SPI [1]	result	3.12131603	0.00000512	0x0D	0xC3
SPI [1]	result	3.12132131	0.00000512	0x10	0x3C
SPI [1]	result	3.12132659	0.00000512	0x80	0xA5
SPI [1]	result	3.12133187	0.00000512	0x0A	0x5A
SPI [1]	result	3.12140016	0.00000512	0x00	0xC3
SPI [1]	result	3.12140544	0.00000512	0x00	0x3C
SPI [1]	result	3.12141072	0.00000512	0x3F	0xA5
SPI [1]	result	3.12141600	0.00000512	0xC6	0x5A
SPI [1]	result	3.12159459	0.00000512	0x0E	0xC3
SPI [1]	result	3.12159987	0.00000512	0x00	0x3C
SPI [1]	result	3.12160515	0.00000512	0xAA	0xA5
SPI [1]	result	3.12161043	0.00000512	0x2E	0x5A
SPI [1]	result	3.12189875	0.00000512	0x00	0xC3
SPI [1]	result	3.12190403	0.00000512	0x00	0x3C
SPI [1]	result	3.12190931	0.00000512	0x00	0xA5
SPI [1]	result	3.12191459	0.00000512	0x00	0x5A
SPI [1]	result	3.12218474	0.00000512	0x08	0xC3
SPI [1]	result	3.12219002	0.00000512	0x00	0x3C
SPI [1]	result	3.12219530	0.00000512	0xBF	0xA5
SPI [1]	result	3.12220058	0.00000512	0xD8	0x5A
SPI [1]	result	3.14329683	0.00000512	0x00	0xC3
SPI [1]	result	3.14330211	0.00000512	0x00	0x3C
SPI [1]	result	3.14330739	0.00000512	0x08	0xA5
SPI [1]	result	3.14331267	0.00000512	0x20	0x5A
SPI [1]	result	3.14377665	0.00000512	0x0F	0xC3
SPI [1]	result	3.14378193	0.00000512	0x10	0x3C
SPI [1]	result	3.14378721	0.00000512	0x80	0xA5
SPI [1]	result	3.14379249	0.00000512	0x1A	0x5A
SPI [1]	result	3.14406351	0.00000512	0x00	0xC3
SPI [1]	result	3.14406879	0.00000512	0x00	0x3C
SPI [1]	result	3.14407407	0.00000512	0x00	0xA5
SPI [1]	result	3.14407935	0.00000512	0x00	0x5A
SPI [1]	result	3.14433850	0.00000512	0x08	0xC3
SPI [1]	result	3.14434378	0.00000512	0x00	0x3C
SPI [1]	result	3.14434906	0.00000512	0x88	0xA5
SPI [1]	result	3.14435434	0.00000512	0x32	0x5A
SPI [1]	result	3.14463548	0.00000512	0x00	0xC3
SPI [1]	result	3.14464076	0.00000512	0x00	0x3C
SPI [1]	result	3.14464604	0.00000512	0x0C	0xA5
SPI [1]	result	3.14465132	0.00000512	0xB2	0x5A
SPI [1]	result	3.14510845	0.00000512	0x08	0xC3
SPI [1]	result	3.14511373	0.00000512	0x10	0x3C
SPI [1]	result	3.14511901	0.00000512	0x80	0xA5
SPI [1]	result	3.14512429	0.00000512	0x22	0x5A
SPI [1]	result	3.14539357	0.00000512	0x00	0xC3
SPI [1]	result	3.14539885	0.00000512	0x00	0x3C
SPI [1]	result	3.14540413	0.00000512	0x0C	0xA5
SPI [1]	result	3.14540941	0.00000512	0x30	0x5A
SPI [1]	result	3.14585053	0.00000512	0x09	0xC3
SPI [1]	result	3.14585581	0.00000512	0x00	0x3C
SPI [1]	result	3.14586109	0.00000512	0x8C	0xA5
SPI [1]	result	3.14586637	0.00000512	0x8C	0x5A
SPI [1]	result	3.14614252	0.00000512	0x00	0xC3
SPI [1]	result	3.14614780	0.00000512	0x00	0x3C
SPI [1]	result	3.14615308	0.00000512	0x00	0xA5
SPI [1]	result	3.14615836	0.00000512	0x00	0x5A
SPI [1]	result	3.14643361	0.00000512	0x08	0xC3
SPI [1]	result	3.14643889	0.00000512	0x00	0x3C
SPI [1]	result	3.14644417	0.00000512	0x8C	0xA5
SPI [1]	result	3.14644945	0.00000512	0x02	0x5A
SPI [1]	result	3.18657820	0.00000512	0x00	0xC3
SPI [1]	result	3.18658348	0.00000512	0x00	0x3C
SPI [1]	result	3.18658876	0.00000512	0x08	0xA5
SPI [1]	result	3.18659404	0.00000512	0x20	0x5A
SPI [1]	result	3.18706873	0.00000512	0xA5	0xC3
SPI [1]	result	3.18707401	0.00000512	0x5A	0x3C
SPI [1]	result	3.18707929	0.00000512	0x3C	0xA5
SPI [1]	result	3.18708457	0.00000512	0xC3	0x5A
SPI [1]	result	3.18749051	0.00000512	0x80	0xA5
SPI [1]	result	3.18749579	0.00000512	0x20	0x5A
SPI [1]	result	3.18750107	0.00000512	0x28	0x3C
SPI [1]	result	3.18750635	0.00000512	0x24	0xC3
SPI [1]	result	3.18789894	0.00000512	0x08	0x08
SPI [1]	result	3.18790422	0.00000512	0x10	0x10
SPI [1]	result	3.18790950	0.00000512	0x80	0xA8
SPI [1]	result	3.18791478	0.00000512	0x22	0x06
SPI [1]	result	3.18831089	0.00000512	0x00	0x08
SPI [1]	result	3.18831617	0.00000512	0x00	0x00
SPI [1]	result	3.18832145	0.00000512	0x00	0xA8
SPI [1]	result	3.18832673	0.00000512	0x00	0x36
SPI [1]	result	3.18872010	0.00000512	0x00	0x00
SPI [1]	result	3.18872538	0.00000512	0x00	0xF3
SPI [1]	result	3.18873066	0.00000512	0x00	0x03
SPI [1]	result	3.18873594	0.00000512	0x00	0xE8
SPI [1]	result	3.18917655	0.00000512	0x00	0xC3
SPI [1]	result	3.18918183	0.00000512	0x00	0x3C
SPI [1]	result	3.18918711	0.00000512	0x3F	0xA5
SPI [1]	result	3.18919239	0.00000512	0xC6	0x5A
SPI [1]	result	3.19004400	0.00000512	0x08	0xC3
SPI [1]	result	3.19004928	0.00000512	0x10	0x3C
SPI [1]	result	3.19005456	0.00000512	0x80	0xA5
SPI [1]	result	3.19005984	0.00000512	0x22	0x5A
SPI [1]	result	3.19339675	0.00000512	0x00	0xC3
SPI [1]	result	3.19340203	0.00000512	0x00	0x3C
SPI [1]	result	3.19340731	0.00000512	0x00	0xA5
SPI [1]	result	3.19341259	0.00000512	0x00	0x5A
SPI [1]	result	3.19625561	0.00000512	0x08	0xC3
SPI [1]	result	3.19626089	0.00000512	0x00	0x3C
SPI [1]	result	3.19626617	0.00000512	0xBF	0xA5
SPI [1]	result	3.19627145	0.00000512	0xD8	0x5A
SPI [1]	result	3.19679446	0.00000512	0xB8	0xC3
SPI [1]	result	3.19679974	0.00000512	0x01	0x3C
SPI [1]	result	3.19680502	0.00000512	0x06	0xA5
SPI [1]	result	3.19681030	0.00000512	0x26	0x5A
SPI [1]	result	3.19759224	0.00000512	0x09	0xC3
SPI [1]	result	3.19759752	0.00000512	0x10	0x3C
SPI [1]	result	3.19760280	0.00000512	0x80	0xA5
SPI [1]	result	3.19760808	0.00000512	0x2A	0x5A
SPI [1]	result	3.19817231	0.00000512	0x00	0xC3
SPI [1]	result	3.19817759	0.00000512	0x00	0x3C
SPI [1]	result	3.19818287	0.00000512	0x05	0xA5
SPI [1]	result	3.19818815	0.00000512	0x14	0x5A
SPI [1]	result	3.19895827	0.00000512	0x0A	0xC3
SPI [1]	result	3.19896355	0.00000512	0x00	0x3C
SPI [1]	result	3.19896883	0.00000512	0x86	0xA5
SPI [1]	result	3.19897411	0.00000512	0x3A	0x5A
SPI [1]	result	3.19954695	0.00000512	0x00	0xC3
SPI [1]	result	3.19955223	0.00000512	0x00	0x3C
SPI [1]	result	3.19955751	0.00000512	0x00	0xA5
SPI [1]	result	3.19956279	0.00000512	0x00	0x5A
SPI [1]	result	3.20010847	0.00000512	0x08	0xC3
SPI [1]	result	3.20011375	0.00000512	0x00	0x3C
SPI [1]	result	3.20011903	0.00000512	0x85	0xA5
SPI [1]	result	3.20012431	0.00000512	0x26	0x5A
SPI [1]	result	3.20320106	0.00000512	0xFF	0xC3
SPI [1]	result	3.20320634	0.00000512	0xFF	0x3C
SPI [1]	result	3.20321162	0.00000512	0x00	0xA5
SPI [1]	result	3.20321690	0.00000512	0x00	0x5A
SPI [1]	result	3.20322218	0.00000512	0x00	0x00
SPI [1]	result	3.20322746	0.00000512	0x00	0x00
SPI [1]	result	3.20323274	0.00000512	0x00	0x00
SPI [1]	result	3.20323802	0.00000512	0x00	0x00
SPI [1]	result	3.20324330	0.00000512	0x00	0x00
SPI [1]	result	3.20324858	0.00000512	0x00	0x00
SPI [1]	result	3.20325386	0.00000512	0x00	0x00
SPI [1]	result	3.20325914	0.00000512	0x00	0x00
SPI [1]	result	3.20326442	0.00000512	0x00	0x00
SPI [1]	result	3.20326970	0.00000512	0x00	0x0C
SPI [1]	result	3.20327498	0.00000512	0x00	0x33
SPI [1]	result	3.20328026	0.00000512	0x00	0xCA
SPI [1]	result	3.20328554	0.00000512	0x00	0x55
SPI [1]	result	3.20329082	0.00000512	0x00	0xA0
SPI [1]	result	3.20329610	0.00000512	0x00	0x00
SPI [1]	result	3.20330138	0.00000512	0x00	0x00
SPI [1]	result	3.20330666	0.00000512	0x00	0x00
SPI [1]	result	3.20331194	0.00000512	0x00	0x00
SPI [1]	result	3.20331722	0.00000512	0x00	0x00
SPI [1]	result	3.20332250	0.00000512	0x00	0x00
SPI [1]	result	3.20332778	0.00000512	0x00	0x00
SPI [1]	result	3.20333306	0.00000512	0x00	0x00
SPI [1]	result	3.20333834	0.00000512	0x00	0x00
SPI [1]	result	3.20334362	0.00000512	0x00	0xC3
SPI [1]	result	3.20334890	0.00000512	0x00	0x3C
SPI [1]	result	3.20335418	0.00000512	0x00	0xA5
SPI [1]	result	3.20335946	0.00000512	0x00	0x5A
SPI [1]	result	3.20336474	0.00000512	0x00	0x00
SPI [1]	result	3.20337002	0.00000512	0x00	0x00
SPI [1]	result	3.20337530	0.00000512	0x00	0x00
SPI [1]	result	3.20338058	0.00000512	0x00	0x00
SPI [1]	result	3.20338586	0.00000512	0x00	0x00
SPI [1]	result	3.20339114	0.00000512	0x00	0x00
SPI [1]	result	3.20339642	0.00000512	0x00	0x00
SPI [1]	result	3.20340170	0.00000512	0x00	0x00
SPI [1]	result	3.20340698	0.00000512	0x00	0x00
SPI [1]	result	3.20341226	0.00000512	0x00	0x0C
SPI [1]	result	3.20341754	0.00000512	0x00	0x33
SPI [1]	result	3.20342282	0.00000512	0x00	0xCA
SPI [1]	result	3.20342810	0.00000512	0x00	0x55
SPI [1]	result	3.20343338	0.00000512	0x00	0xA0
SPI [1]	result	3.20343866	0.00000512	0x00	0x00
SPI [1]	result	3.20344394	0.00000512	0x00	0x00
SPI [1]	result	3.20344922	0.00000512	0x00	0x00
SPI [1]	result	3.20345450	0.00000512	0x00	0x00
SPI [1]	result	3.20345978	0.00000512	0x00	0x00
SPI [1]	result	3.20346506	0.00000512	0x00	0x00
SPI [1]	result	3.20347034	0.00000512	0x00	0x00
SPI [1]	result	3.20347562	0.00000512	0x00	0x00
SPI [1]	result	3.20348090	0.00000512	0x00	0x00
SPI [1]	result	3.20348618	0.00000512	0x00	0xC3
SPI [1]	result	3.20349146	0.00000512	0x00	0x3C
SPI [1]	result	3.20349674	0.00000512	0x00	0xA5
SPI [1]	result	3.20350202	0.00000512	0x00	0x5A
SPI [1]	result	3.20350730	0.00000512	0x00	0x00
SPI [1]	result	3.20351258	0.00000512	0x00	0x00
SPI [1]	result	3.20351786	0.00000512	0x00	0x00
SPI [1]	result	3.20352314	0.00000512	0x00	0x00
SPI [1]	result	3.20352842	0.00000512	0x00	0x00
SPI [1]	result	3.20353370	0.00000512	0x00	0x00
SPI [1]	result	3.20353898	0.00000512	0x00	0x00
SPI [1]	result	3.20354426	0.00000512	0x00	0x00
SPI [1]	result	3.20354954	0.00000512	0x00	0x00
SPI [1]	result	3.20355482	0.00000512	0x00	0x0C
SPI [1]	result	3.20356010	0.00000512	0x00	0x33
SPI [1]	result	3.20356538	0.00000512	0x00	0xCA
SPI [1]	result	3.20357066	0.00000512	0x00	0x55
SPI [1]	result	3.20357594	0.00000512	0x00	0xA0
SPI [1]	result	3.20358122	0.00000512	0x00	0x00
SPI [1]	result	3.20358650	0.00000512	0x00	0x00
SPI [1]	result	3.20359178	0.00000512	0x00	0x00
SPI [1]	result	3.20359706	0.00000512	0x00	0x00
SPI [1]	result	3.20360234	0.00000512	0x00	0x00
SPI [1]	result	3.20360762	0.00000512	0x00	0x00
SPI [1]	result	3.20361290	0.00000512	0x00	0x00
SPI [1]	result	3.20361818	0.00000512	0x00	0x00
SPI [1]	result	3.20362346	0.00000512	0x00	0x00
SPI [1]	result	3.20362874	0.00000512	0x00	0xC3
SPI [1]	result	3.20363402	0.00000512	0x00	0x3C
SPI [1]	result	3.20363930	0.00000512	0x00	0xA5
SPI [1]	result	3.20364458	0.00000512	0x00	0x5A
SPI [1]	result	3.20364986	0.00000512	0x00	0x00
SPI [1]	result	3.20365514	0.00000512	0x00	0x00
SPI [1]	result	3.20366042	0.00000512	0x00	0x00
SPI [1]	result	3.20366570	0.00000512	0x00	0x00
SPI [1]	result	3.20367098	0.00000512	0x00	0x00
SPI [1]	result	3.20367626	0.00000512	0x00	0x00
SPI [1]	result	3.20368154	0.00000512	0x00	0x00
SPI [1]	result	3.20368682	0.00000512	0x00	0x00
SPI [1]	result	3.20369210	0.00000512	0x00	0x00
SPI [1]	result	3.20369738	0.00000512	0x00	0x0C
SPI [1]	result	3.20370266	0.00000512	0x00	0x33
SPI [1]	result	3.20370794	0.00000512	0x00	0xCA
SPI [1]	result	3.20371322	0.00000512	0x00	0x55
SPI [1]	result	3.20371850	0.00000512	0x00	0xA0
SPI [1]	result	3.20372378	0.00000512	0x00	0x00
SPI [1]	result	3.20372906	0.00000512	0x00	0x00
SPI [1]	result	3.20373434	0.00000512	0x00	0x00
SPI [1]	result	3.20373962	0.00000512	0x00	0x00
SPI [1]	result	3.20374490	0.00000512	0x00	0x00
SPI [1]	result	3.20375018	0.00000512	0x00	0x00
SPI [1]	result	3.20375546	0.00000512	0x00	0x00
SPI [1]	result	3.20376074	0.00000512	0x00	0x00
SPI [1]	result	3.20376602	0.00000512	0x00	0x00
SPI [1]	result	3.20377130	0.00000512	0x00	0xC3
SPI [1]	result	3.20377658	0.00000512	0x00	0x3C
SPI [1]	result	3.20378186	0.00000512	0x00	0xA5
SPI [1]	result	3.20378714	0.00000512	0x00	0x5A
SPI [1]	result	3.20379242	0.00000512	0x00	0x00
SPI [1]	result	3.20379770	0.00000512	0x00	0x00
SPI [1]	result	3.20380298	0.00000512	0x00	0x00
SPI [1]	result	3.20380826	0.00000512	0x00	0x00
SPI [1]	result	3.20381354	0.00000512	0x00	0x00
SPI [1]	result	3.20381882	0.00000512	0x00	0x00
SPI [1]	result	3.20382410	0.00000512	0x00	0x00
SPI [1]	result	3.20382938	0.00000512	0x00	0x00
SPI [1]	result	3.20383466	0.00000512	0x00	0x00
SPI [1]	result	3.20383994	0.00000512	0x00	0x0C
SPI [1]	result	3.20384522	0.00000512	0x00	0x33
SPI [1]	result	3.20385050	0.00000512	0x00	0xCA
SPI [1]	result	3.20385578	0.00000512	0x00	0x55
SPI [1]	result	3.20386106	0.00000512	0x00	0xA0
SPI [1]	result	3.20386634	0.00000512	0x00	0x00
SPI [1]	result	3.20387162	0.00000512	0x00	0x00
SPI [1]	result	3.20387690	0.00000512	0x00	0x00
SPI [1]	result	3.20388218	0.00000512	0x00	0x00
SPI [1]	result	3.20388746	0.00000512	0x5A	0x00
SPI [1]	result	3.20701616	0.00000512	0xFF	0xC3
SPI [1]	result	3.20702144	0.00000512	0x00	0x3C
SPI [1]	result	3.20702672	0.00000512	0x00	0xA5
SPI [1]	result	3.20703200	0.00000512	0x00	0x5A
SPI [1]	result	3.20703728	0.00000512	0x00	0x00
SPI [1]	result	3.20704256	0.00000512	0x00	0x00
SPI [1]	result	3.20704784	0.00000512	0x00	0x00
SPI [1]	result	3.20705312	0.00000512	0x00	0x00
SPI [1]	result	3.20705840	0.00000512	0x00	0x00
SPI [1]	result	3.20706368	0.00000512	0x00	0x00
SPI [1]	result	3.20706896	0.00000512	0x00	0x00
SPI [1]	result	3.20707424	0.00000512	0x00	0x00
SPI [1]	result	3.20707952	0.00000512	0x00	0x00
SPI [1]	result	3.20708480	0.00000512	0x00	0x0C
SPI [1]	result	3.20709008	0.00000512	0x00	0x33
SPI [1]	result	3.20709536	0.00000512	0x00	0xCA
SPI [1]	result	3.20710064	0.00000512	0x00	0x55
SPI [1]	result	3.20710592	0.00000512	0x00	0xA0
SPI [1]	result	3.20711120	0.00000512	0x00	0x00
SPI [1]	result	3.20711648	0.00000512	0x00	0x00
SPI [1]	result	3.20712176	0.00000512	0x00	0x00
SPI [1]	result	3.20712704	0.00000512	0x00	0x00
SPI [1]	result	3.20713232	0.00000512	0x00	0x00
SPI [1]	result	3.20713760	0.00000512	0x00	0x00
SPI [1]	result	3.20714288	0.00000512	0x00	0x00
SPI [1]	result	3.20714816	0.00000512	0x00	0x00
SPI [1]	result	3.20715344	0.00000512	0x00	0x00
SPI [1]	result	3.20715872	0.00000512	0x00	0xC3
SPI [1]	result	3.20716400	0.00000512	0x00	0x3C
SPI [1]	result	3.20716928	0.00000512	0x00	0xA5
SPI [1]	result	3.20717456	0.00000512	0x00	0x5A
SPI [1]	result	3.20717984	0.00000512	0x00	0x00
SPI [1]	result	3.20718512	0.00000512	0x00	0x00
SPI [1]	result	3.20719040	0.00000512	0x00	0x00
SPI [1]	result	3.20719568	0.00000512	0x00	0x00
SPI [1]	result	3.20720096	0.00000512	0x00	0x00
SPI [1]	result	3.20720624	0.00000512	0x00	0x00
SPI [1]	result	3.20721152	0.00000512	0x00	0x00
SPI [1]	result	3.20721680	0.00000512	0x00	0x00
SPI [1]	result	3.20722208	0.00000512	0x00	0x00
SPI [1]	result	3.20722736	0.00000512	0x00	0x0C
SPI [1]	result	3.20723264	0.00000512	0x00	0x33
SPI [1]	result	3.20723792	0.00000512	0x00	0xCA
SPI [1]	result	3.20724320	0.00000512	0x00	0x55
SPI [1]	result	3.20724848	0.00000512	0x00	0xA0
SPI [1]	result	3.20725376	0.00000512	0x00	0x00
SPI [1]	result	3.20725904	0.00000512	0x00	0x00
SPI [1]	result	3.20726432	0.00000512	0x00	0x00
SPI [1]	result	3.20726960	0.00000512	0x00	0x00
SPI [1]	result	3.20727488	0.00000512	0x00	0x00
SPI [1]	result	3.20728016	0.00000512	0x00	0x00
SPI [1]	result	3.20728544	0.00000512	0x00	0x00
SPI [1]	result	3.20729072	0.00000512	0x00	0x00
SPI [1]	result	3.20729600	0.00000512	0x00	0x00
SPI [1]	result	3.20730128	0.00000512	0x00	0xC3
SPI [1]	result	3.20730656	0.00000512	0x00	0x3C
SPI [1]	result	3.20731184	0.00000512	0x00	0xA5
SPI [1]	result	3.20731712	0.00000512	0x00	0x5A
SPI [1]	result	3.20732240	0.00000512	0x00	0x00
SPI [1]	result	3.20732768	0.00000512	0x00	0x00
SPI [1]	result	3.20733296	0.00000512	0x00	0x00
SPI [1]	result	3.20733824	0.00000512	0x00	0x00
SPI [1]	result	3.20734352	0.00000512	0x00	0x00
SPI [1]	result	3.20734880	0.00000512	0x00	0x00
SPI [1]	result	3.20735408	0.00000512	0x00	0x00
SPI [1]	result	3.20735936	0.00000512	0x00	0x00
SPI [1]	result	3.20736464	0.00000512	0x00	0x00
SPI [1]	result	3.20736992	0.00000512	0x00	0x0C
SPI [1]	result	3.20737520	0.00000512	0x00	0x33
SPI [1]	result	3.20738048	0.00000512	0x00	0xCA
SPI [1]	result	3.20738576	0.00000512	0x00	0x55
SPI [1]	result	3.20739104	0.00000512	0x00	0xA0
SPI [1]	result	3.20739632	0.00000512	0x00	0x00
SPI [1]	result	3.20740160	0.00000512	0x00	0x00
SPI [1]	result	3.20740688	0.00000512	0x00	0x00
SPI [1]	result	3.20741216	0.00000512	0x00	0x00
SPI [1]	result	3.20741744	0.00000512	0x00	0x00
SPI [1]	result	3.20742272	0.00000512	0x00	0x00
SPI [1]	result	3.20742800	0.00000512	0x00	0x00
SPI [1]	result	3.20743328	0.00000512	0x00	0x00
SPI [1]	result	3.20743856	0.00000512	0x00	0x00
SPI [1]	result	3.20744384	0.00000512	0x00	0xC3
SPI [1]	result	3.20744912	0.00000512	0x00	0x3C
SPI [1]	result	3.20745440	0.00000512	0x00	0xA5
SPI [1]	result	3.20745968	0.00000512	0x00	0x5A
SPI [1]	result	3.20746496	0.00000512	0x00	0x00
SPI [1]	result	3.20747024	0.00000512	0x00	0x00
SPI [1]	result	3.20747552	0.00000512	0x00	0x00
SPI [1]	result	3.20748080	0.00000512	0x00	0x00
SPI [1]	result	3.20748608	0.00000512	0x00	0x00
SPI [1]	result	3.20749136	0.00000512	0x00	0x00
SPI [1]	result	3.20749664	0.00000512	0x00	0x00
SPI [1]	result	3.20750192	0.00000512	0x00	0x00
SPI [1]	result	3.20750720	0.00000512	0x00	0x00
SPI [1]	result	3.20751248	0.00000512	0x00	0x0C
SPI [1]	result	3.20751776	0.00000512	0x00	0x33
SPI [1]	result	3.20752304	0.00000512	0x00	0xCA
SPI [1]	result	3.20752832	0.00000512	0x00	0x55
SPI [1]	result	3.20753360	0.00000512	0x00	0xA0
SPI [1]	result	3.20753888	0.00000512	0x00	0x00
SPI [1]	result	3.20754416	0.00000512	0x00	0x00
SPI [1]	result	3.20754944	0.00000512	0x00	0x00
SPI [1]	result	3.20755472	0.00000512	0x00	0x00
SPI [1]	result	3.20756000	0.00000512	0x00	0x00
SPI [1]	result	3.20756528	0.00000512	0x00	0x00
SPI [1]	result	3.20757056	0.00000512	0x00	0x00
SPI [1]	result	3.20757584	0.00000512	0x00	0x00
SPI [1]	result	3.20758112	0.00000512	0x00	0x00
SPI [1]	result	3.20758640	0.00000512	0x00	0xC3
SPI [1]	result	3.20759168	0.00000512	0x00	0x3C
SPI [1]	result	3.20759696	0.00000512	0x00	0xA5
SPI [1]	result	3.20760224	0.00000512	0x00	0x5A
SPI [1]	result	3.20760752	0.00000512	0x00	0x00
SPI [1]	result	3.20761280	0.00000512	0x00	0x00
SPI [1]	result	3.20761808	0.00000512	0x00	0x00
SPI [1]	result	3.20762336	0.00000512	0x00	0x00
SPI [1]	result	3.20762864	0.00000512	0x00	0x00
SPI [1]	result	3.20763392	0.00000512	0x00	0x00
SPI [1]	result	3.20763920	0.00000512	0x00	0x00
SPI [1]	result	3.20764448	0.00000512	0x00	0x00
SPI [1]	result	3.20764976	0.00000512	0x00	0x00
SPI [1]	result	3.20765504	0.00000512	0x00	0x0C
SPI [1]	result	3.20766032	0.00000512	0x00	0x33
SPI [1]	result	3.20766560	0.00000512	0x00	0xCA
SPI [1]	result	3.20767088	0.00000512	0x00	0x55
SPI [1]	result	3.20767616	0.00000512	0x00	0xA0
SPI [1]	result	3.20768144	0.00000512	0x00	0x00
SPI [1]	result	3.20768672	0.00000512	0x00	0x00
SPI [1]	result	3.20769200	0.00000512	0x00	0x00
SPI [1]	result	3.20769728	0.00000512	0x00	0x00
SPI [1]	result	3.20770256	0.00000512	0x5A	0x00
SPI [1]	result	3.21085230	0.00000512	0xB8	0xC3
SPI [1]	result	3.21085758	0.00000512	0x01	0x3C
SPI [1]	result	3.21086286	0.00000512	0x06	0xA5
SPI [1]	result	3.21086814	0.00000512	0x26	0x5A
SPI [1]	result	3.21165394	0.00000512	0x0B	0xC3
SPI [1]	result	3.21165922	0.00000512	0x10	0x3C
SPI [1]	result	3.21166450	0.00000512	0x80	0xA5
SPI [1]	result	3.21166978	0.00000512	0x3A	0x5A
SPI [1]	result	3.21221905	0.00000512	0x00	0xC3
SPI [1]	result	3.21222433	0.00000512	0x00	0x3C
SPI [1]	result	3.21222961	0.00000512	0x05	0xA5
SPI [1]	result	3.21223489	0.00000512	0x56	0x5A
SPI [1]	result	3.21300995	0.00000512	0x0C	0xC3
SPI [1]	result	3.21301523	0.00000512	0x00	0x3C
SPI [1]	result	3.21302051	0.00000512	0x86	0xA5
SPI [1]	result	3.21302579	0.00000512	0x0A	0x5A
SPI [1]	result	3.21359404	0.00000512	0x00	0xC3
SPI [1]	result	3.21359932	0.00000512	0x00	0x3C
SPI [1]	result	3.21360460	0.00000512	0x00	0xA5
SPI [1]	result	3.21360988	0.00000512	0x00	0x5A
SPI [1]	result	3.21416902	0.00000512	0x08	0xC3
SPI [1]	result	3.21417430	0.00000512	0x00	0x3C
SPI [1]	result	3.21417958	0.00000512	0x85	0xA5
SPI [1]	result	3.21418486	0.00000512	0x68	0x5A
SPI [1]	result	3.21726809	0.00000512	0x00	0xC3
SPI [1]	result	3.21727337	0.00000512	0x00	0x3C
SPI [1]	result	3.21727865	0.00000512	0x53	0xA5
SPI [1]	result	3.21728393	0.00000512	0x50	0x5A
SPI [1]	result	3.21728921	0.00000512	0x58	0x00
SPI [1]	result	3.21729449	0.00000512	0x31	0x00
SPI [1]	result	3.21729977	0.00000512	0x00	0x00
SPI [1]	result	3.21730505	0.00000512	0x00	0x00
SPI [1]	result	3.21731033	0.00000512	0x00	0x00
SPI [1]	result	3.21731561	0.00000512	0x00	0x00
SPI [1]	result	3.21732089	0.00000512	0x00	0x00
SPI [1]	result	3.21732617	0.00000512	0x00	0x00
SPI [1]	result	3.21733145	0.00000512	0x47	0x00
SPI [1]	result	3.21733673	0.00000512	0x46	0x0C
SPI [1]	result	3.21734201	0.00000512	0x58	0x33
SPI [1]	result	3.21734729	0.00000512	0x20	0xCA
SPI [1]	result	3.21735257	0.00000512	0x35	0x55
SPI [1]	result	3.21735785	0.00000512	0x30	0xA0
SPI [1]	result	3.21736313	0.00000512	0x53	0x00
SPI [1]	result	3.21736841	0.00000512	0x00	0x00
SPI [1]	result	3.21737369	0.00000512	0x00	0x00
SPI [1]	result	3.21737897	0.00000512	0x00	0x00
SPI [1]	result	3.21738425	0.00000512	0x00	0x00
SPI [1]	result	3.21738953	0.00000512	0x00	0x00
SPI [1]	result	3.21739481	0.00000512	0x00	0x00
SPI [1]	result	3.21740009	0.00000512	0x00	0x00
SPI [1]	result	3.21740537	0.00000512	0x00	0x00
SPI [1]	result	3.21741065	0.00000512	0x00	0xC3
SPI [1]	result	3.21741593	0.00000512	0x00	0x3C
SPI [1]	result	3.21742121	0.00000512	0x00	0xA5
SPI [1]	result	3.21742649	0.00000512	0x00	0x5A
SPI [1]	result	3.21743177	0.00000512	0x00	0x00
SPI [1]	result	3.21743705	0.00000512	0x47	0x00
SPI [1]	result	3.21744233	0.00000512	0x46	0x00
SPI [1]	result	3.21744761	0.00000512	0x58	0x00
SPI [1]	result	3.21745289	0.00000512	0x20	0x00
SPI [1]	result	3.21745817	0.00000512	0x35	0x00
SPI [1]	result	3.21746345	0.00000512	0x30	0x00
SPI [1]	result	3.21746873	0.00000512	0x53	0x00
SPI [1]	result	3.21747401	0.00000512	0x00	0x00
SPI [1]	result	3.21747929	0.00000512	0x00	0x0C
SPI [1]	result	3.21748457	0.00000512	0x00	0x33
SPI [1]	result	3.21748985	0.00000512	0x00	0xCA
SPI [1]	result	3.21749513	0.00000512	0x00	0x55
SPI [1]	result	3.21750041	0.00000512	0x00	0xA0
SPI [1]	result	3.21750569	0.00000512	0x00	0x00
SPI [1]	result	3.21751097	0.00000512	0x00	0x00
SPI [1]	result	3.21751625	0.00000512	0x35	0x00
SPI [1]	result	3.21752153	0.00000512	0x39	0x00
SPI [1]	result	3.21752681	0.00000512	0x33	0x00
SPI [1]	result	3.21753209	0.00000512	0x35	0x00
SPI [1]	result	3.21753737	0.00000512	0x33	0x00
SPI [1]	result	3.21754265	0.00000512	0x33	0x00
SPI [1]	result	3.21754793	0.00000512	0x33	0x00
SPI [1]	result	3.21755321	0.00000512	0x31	0xC3
SPI [1]	result	3.21755849	0.00000512	0x33	0x3C
SPI [1]	result	3.21756377	0.00000512	0x36	0xA5
SPI [1]	result	3.21756905	0.00000512	0x33	0x5A
SPI [1]	result	3.21757433	0.00000512	0x31	0x00
SPI [1]	result	3.21757961	0.00000512	0x31	0x00
SPI [1]	result	3.21758489	0.00000512	0x37	0x00
SPI [1]	result	3.21759017	0.00000512	0x30	0x00
SPI [1]	result	3.21759545	0.00000512	0x32	0x00
SPI [1]	result	3.21760073	0.00000512	0x31	0x00
SPI [1]	result	3.21760601	0.00000512	0x36	0x00
SPI [1]	result	3.21761129	0.00000512	0x37	0x00
SPI [1]	result	3.21761657	0.00000512	0x30	0x00
SPI [1]	result	3.21762185	0.00000512	0x32	0x0C
SPI [1]	result	3.21762713	0.00000512	0x30	0x33
SPI [1]	result	3.21763241	0.00000512	0x31	0xCA
SPI [1]	result	3.21763769	0.00000512	0x30	0x55
SPI [1]	result	3.21764297	0.00000512	0x31	0xA0
SPI [1]	result	3.21764825	0.00000512	0x31	0x00
SPI [1]	result	3.21765353	0.00000512	0x30	0x00
SPI [1]	result	3.21765881	0.00000512	0x36	0x00
SPI [1]	result	3.21766409	0.00000512	0x39	0x00
SPI [1]	result	3.21766937	0.00000512	0x41	0x00
SPI [1]	result	3.21767465	0.00000512	0x04	0x00
SPI [1]	result	3.21767993	0.00000512	0x20	0x00
SPI [1]	result	3.21768521	0.00000512	0x02	0x00
SPI [1]	result	3.21769049	0.00000512	0x16	0x00
SPI [1]	result	3.21769577	0.00000512	0x01	0xC3
SPI [1]	result	3.21770105	0.00000512	0x00	0x3C
SPI [1]	result	3.21770633	0.00000512	0x01	0xA5
SPI [1]	result	3.21771161	0.00000512	0x00	0x5A
SPI [1]	result	3.21771689	0.00000512	0x01	0x00
SPI [1]	result	3.21772217	0.00000512	0x00	0x00
SPI [1]	result	3.21772745	0.00000512	0x00	0x00
SPI [1]	result	3.21773273	0.00000512	0x00	0x00
SPI [1]	result	3.21773801	0.00000512	0x00	0x00
SPI [1]	result	3.21774329	0.00000512	0x00	0x00
SPI [1]	result	3.21774857	0.00000512	0x00	0x00
SPI [1]	result	3.21775385	0.00000512	0x00	0x00
SPI [1]	result	3.21775913	0.00000512	0x00	0x00
SPI [1]	result	3.21776441	0.00000512	0x00	0x0C
SPI [1]	result	3.21776969	0.00000512	0x00	0x33
SPI [1]	result	3.21777497	0.00000512	0x00	0xCA
SPI [1]	result	3.21778025	0.00000512	0x00	0x55
SPI [1]	result	3.21778553	0.00000512	0x00	0xA0
SPI [1]	result	3.21779081	0.00000512	0x00	0x00
SPI [1]	result	3.21779609	0.00000512	0x00	0x00
SPI [1]	result	3.21780137	0.00000512	0x00	0x00
SPI [1]	result	3.21780665	0.00000512	0x00	0x00
SPI [1]	result	3.21781193	0.00000512	0x00	0x00
SPI [1]	result	3.21781721	0.00000512	0x00	0x00
SPI [1]	result	3.21782249	0.00000512	0x00	0x00
SPI [1]	result	3.21782777	0.00000512	0x00	0x00
SPI [1]	result	3.21783305	0.00000512	0x00	0x00
SPI [1]	result	3.21783833	0.00000512	0x00	0xC3
SPI [1]	result	3.21784361	0.00000512	0x00	0x3C
SPI [1]	result	3.21784889	0.00000512	0x00	0xA5
SPI [1]	result	3.21785417	0.00000512	0x00	0x5A
SPI [1]	result	3.21785945	0.00000512	0x00	0x00
SPI [1]	result	3.21786473	0.00000512	0x00	0x00
SPI [1]	result	3.21787001	0.00000512	0x00	0x00
SPI [1]	result	3.21787529	0.00000512	0x00	0x00
SPI [1]	result	3.21788057	0.00000512	0x00	0x00
SPI [1]	result	3.21788585	0.00000512	0x00	0x00
SPI [1]	result	3.21789113	0.00000512	0x00	0x00
SPI [1]	result	3.21789641	0.00000512	0x00	0x00
SPI [1]	result	3.21790169	0.00000512	0x00	0x00
SPI [1]	result	3.21790697	0.00000512	0x00	0x0C
SPI [1]	result	3.21791225	0.00000512	0x00	0x33
SPI [1]	result	3.21791753	0.00000512	0x00	0xCA
SPI [1]	result	3.21792281	0.00000512	0x00	0x55
SPI [1]	result	3.21792809	0.00000512	0x00	0xA0
SPI [1]	result	3.21793337	0.00000512	0x00	0x00
SPI [1]	result	3.21793865	0.00000512	0x00	0x00
SPI [1]	result	3.21794393	0.00000512	0x00	0x00
SPI [1]	result	3.21794921	0.00000512	0x00	0x00
SPI [1]	result	3.21795449	0.00000512	0xEF	0x00
SPI [1]	result	3.22107988	0.00000512	0xFF	0xC3
SPI [1]	result	3.22108516	0.00000512	0xFF	0x3C
SPI [1]	result	3.22109044	0.00000512	0x53	0xA5
SPI [1]	result	3.22109572	0.00000512	0x50	0x5A
SPI [1]	result	3.22110100	0.00000512	0x58	0x00
SPI [1]	result	3.22110628	0.00000512	0x31	0x00
SPI [1]	result	3.22111156	0.00000512	0x00	0x00
SPI [1]	result	3.22111684	0.00000512	0x00	0x00
SPI [1]	result	3.22112212	0.00000512	0x00	0x00
SPI [1]	result	3.22112740	0.00000512	0x00	0x00
SPI [1]	result	3.22113268	0.00000512	0x00	0x00
SPI [1]	result	3.22113796	0.00000512	0x00	0x00
SPI [1]	result	3.22114324	0.00000512	0x47	0x00
SPI [1]	result	3.22114852	0.00000512	0x46	0x0C
SPI [1]	result	3.22115380	0.00000512	0x58	0x33
SPI [1]	result	3.22115908	0.00000512	0x20	0xCA
SPI [1]	result	3.22116436	0.00000512	0x35	0x55
SPI [1]	result	3.22116964	0.00000512	0x30	0xA0
SPI [1]	result	3.22117492	0.00000512	0x53	0x00
SPI [1]	result	3.22118020	0.00000512	0x00	0x00
SPI [1]	result	3.22118548	0.00000512	0x00	0x00
SPI [1]	result	3.22119076	0.00000512	0x00	0x00
SPI [1]	result	3.22119604	0.00000512	0x00	0x00
SPI [1]	result	3.22120132	0.00000512	0x00	0x00
SPI [1]	result	3.22120660	0.00000512	0x00	0x00
SPI [1]	result	3.22121188	0.00000512	0x00	0x00
SPI [1]	result	3.22121716	0.00000512	0x00	0x00
SPI [1]	result	3.22122244	0.00000512	0x00	0xC3
SPI [1]	result	3.22122772	0.00000512	0x00	0x3C
SPI [1]	result	3.22123300	0.00000512	0x00	0xA5
SPI [1]	result	3.22123828	0.00000512	0x00	0x5A
SPI [1]	result	3.22124356	0.00000512	0x00	0x00
SPI [1]	result	3.22124884	0.00000512	0x47	0x00
SPI [1]	result	3.22125412	0.00000512	0x46	0x00
SPI [1]	result	3.22125940	0.00000512	0x58	0x00
SPI [1]	result	3.22126468	0.00000512	0x20	0x00
SPI [1]	result	3.22126996	0.00000512	0x35	0x00
SPI [1]	result	3.22127524	0.00000512	0x30	0x00
SPI [1]	result	3.22128052	0.00000512	0x53	0x00
SPI [1]	result	3.22128580	0.00000512	0x00	0x00
SPI [1]	result	3.22129108	0.00000512	0x00	0x0C
SPI [1]	result	3.22129636	0.00000512	0x00	0x33
SPI [1]	result	3.22130164	0.00000512	0x00	0xCA
SPI [1]	result	3.22130692	0.00000512	0x00	0x55
SPI [1]	result	3.22131220	0.00000512	0x00	0xA0
SPI [1]	result	3.22131748	0.00000512	0x00	0x00
SPI [1]	result	3.22132276	0.00000512	0x00	0x00
SPI [1]	result	3.22132804	0.00000512	0x35	0x00
SPI [1]	result	3.22133332	0.00000512	0x39	0x00
SPI [1]	result	3.22133860	0.00000512	0x33	0x00
SPI [1]	result	3.22134388	0.00000512	0x35	0x00
SPI [1]	result	3.22134916	0.00000512	0x33	0x00
SPI [1]	result	3.22135444	0.00000512	0x33	0x00
SPI [1]	result	3.22135972	0.00000512	0x33	0x00
SPI [1]	result	3.22136500	0.00000512	0x31	0xC3
SPI [1]	result	3.22137028	0.00000512	0x33	0x3C
SPI [1]	result	3.22137556	0.00000512	0x36	0xA5
SPI [1]	result	3.22138084	0.00000512	0x33	0x5A
SPI [1]	result	3.22138612	0.00000512	0x31	0x00
SPI [1]	result	3.22139140	0.00000512	0x31	0x00
SPI [1]	result	3.22139668	0.00000512	0x37	0x00
SPI [1]	result	3.22140196	0.00000512	0x30	0x00
SPI [1]	result	3.22140724	0.00000512	0x32	0x00
SPI [1]	result	3.22141252	0.00000512	0x31	0x00
SPI [1]	result	3.22141780	0.00000512	0x36	0x00
SPI [1]	result	3.22142308	0.00000512	0x37	0x00
SPI [1]	result	3.22142836	0.00000512	0x30	0x00
SPI [1]	result	3.22143364	0.00000512	0x32	0x0C
SPI [1]	result	3.22143892	0.00000512	0x30	0x33
SPI [1]	result	3.22144420	0.00000512	0x31	0xCA
SPI [1]	result	3.22144948	0.00000512	0x30	0x55
SPI [1]	result	3.22145476	0.00000512	0x31	0xA0
SPI [1]	result	3.22146004	0.00000512	0x31	0x00
SPI [1]	result	3.22146532	0.00000512	0x30	0x00
SPI [1]	result	3.22147060	0.00000512	0x36	0x00
SPI [1]	result	3.22147588	0.00000512	0x39	0x00
SPI [1]	result	3.22148116	0.00000512	0x41	0x00
SPI [1]	result	3.22148644	0.00000512	0x04	0x00
SPI [1]	result	3.22149172	0.00000512	0x20	0x00
SPI [1]	result	3.22149700	0.00000512	0x02	0x00
SPI [1]	result	3.22150228	0.00000512	0x16	0x00
SPI [1]	result	3.22150756	0.00000512	0x01	0xC3
SPI [1]	result	3.22151284	0.00000512	0x00	0x3C
SPI [1]	result	3.22151812	0.00000512	0x01	0xA5
SPI [1]	result	3.22152340	0.00000512	0x00	0x5A
SPI [1]	result	3.22152868	0.00000512	0x01	0x00
SPI [1]	result	3.22153396	0.00000512	0x00	0x00
SPI [1]	result	3.22153924	0.00000512	0x00	0x00
SPI [1]	result	3.22154452	0.00000512	0x00	0x00
SPI [1]	result	3.22154980	0.00000512	0x00	0x00
SPI [1]	result	3.22155508	0.00000512	0x00	0x00
SPI [1]	result	3.22156036	0.00000512	0x00	0x00
SPI [1]	result	3.22156564	0.00000512	0x00	0x00
SPI [1]	result	3.22157092	0.00000512	0x00	0x00
SPI [1]	result	3.22157620	0.00000512	0x00	0x0C
SPI [1]	result	3.22158148	0.00000512	0x00	0x33
SPI [1]	result	3.22158676	0.00000512	0x00	0xCA
SPI [1]	result	3.22159204	0.00000512	0x00	0x55
SPI [1]	result	3.22159732	0.00000512	0x00	0xA0
SPI [1]	result	3.22160260	0.00000512	0x00	0x00
SPI [1]	result	3.22160788	0.00000512	0x00	0x00
SPI [1]	result	3.22161316	0.00000512	0x00	0x00
SPI [1]	result	3.22161844	0.00000512	0x00	0x00
SPI [1]	result	3.22162372	0.00000512	0x00	0x00
SPI [1]	result	3.22162900	0.00000512	0x00	0x00
SPI [1]	result	3.22163428	0.00000512	0x00	0x00
SPI [1]	result	3.22163956	0.00000512	0x00	0x00
SPI [1]	result	3.22164484	0.00000512	0x00	0x00
SPI [1]	result	3.22165012	0.00000512	0x00	0xC3
SPI [1]	result	3.22165540	0.00000512	0x00	0x3C
SPI [1]	result	3.22166068	0.00000512	0x00	0xA5
SPI [1]	result	3.22166596	0.00000512	0x00	0x5A
SPI [1]	result	3.22167124	0.00000512	0x00	0x00
SPI [1]	result	3.22167652	0.00000512	0x00	0x00
SPI [1]	result	3.22168180	0.00000512	0x00	0x00
SPI [1]	result	3.22168708	0.00000512	0x00	0x00
SPI [1]	result	3.22169236	0.00000512	0x00	0x00
SPI [1]	result	3.22169764	0.00000512	0x00	0x00
SPI [1]	result	3.22170292	0.00000512	0x00	0x00
SPI [1]	result	3.22170820	0.00000512	0x00	0x00
SPI [1]	result	3.22171348	0.00000512	0x00	0x00
SPI [1]	result	3.22171876	0.00000512	0x00	0x0C
SPI [1]	result	3.22172404	0.00000512	0x00	0x33
SPI [1]	result	3.22172932	0.00000512	0x00	0xCA
SPI [1]	result	3.22173460	0.00000512	0x00	0x55
SPI [1]	result	3.22173988	0.00000512	0x00	0xA0
SPI [1]	result	3.22174516	0.00000512	0x00	0x00
SPI [1]	result	3.22175044	0.00000512	0x00	0x00
SPI [1]	result	3.22175572	0.00000512	0x00	0x00
SPI [1]	result	3.22176100	0.00000512	0x00	0x00
SPI [1]	result	3.22176628	0.00000512	0xED	0x00
SPI [1]	result	3.22489520	0.00000512	0x00	0xC3
SPI [1]	result	3.22490048	0.00000512	0x00	0x3C
SPI [1]	result	3.22490576	0.00000512	0x05	0xA5
SPI [1]	result	3.22491104	0.00000512	0x96	0x5A
SPI [1]	result	3.22593683	0.00000512	0x0D	0xC3
SPI [1]	result	3.22594211	0.00000512	0x10	0x3C
SPI [1]	result	3.22594739	0.00000512	0x80	0xA5
SPI [1]	result	3.22595267	0.00000512	0x0A	0x5A
SPI [1]	result	3.22626906	0.00000512	0x00	0xC3
SPI [1]	result	3.22627434	0.00000512	0x00	0x3C
SPI [1]	result	3.22627962	0.00000512	0x00	0xA5
SPI [1]	result	3.22628490	0.00000512	0x00	0x5A
SPI [1]	result	3.22684595	0.00000512	0x08	0xC3
SPI [1]	result	3.22685123	0.00000512	0x00	0x3C
SPI [1]	result	3.22685651	0.00000512	0x85	0xA5
SPI [1]	result	3.22686179	0.00000512	0xA8	0x5A
SPI [1]	result	3.22934021	0.00000512	0x00	0xC3
SPI [1]	result	3.22934549	0.00000512	0x00	0x3C
SPI [1]	result	3.22935077	0.00000512	0x08	0xA5
SPI [1]	result	3.22935605	0.00000512	0x20	0x5A
SPI [1]	result	3.22942780	0.00000512	0x0E	0xC3
SPI [1]	result	3.22943308	0.00000512	0x10	0x3C
SPI [1]	result	3.22943836	0.00000512	0x80	0xA5
SPI [1]	result	3.22944364	0.00000512	0x12	0x5A
SPI [1]	result	3.22950337	0.00000512	0x00	0xC3
SPI [1]	result	3.22950865	0.00000512	0x00	0x3C
SPI [1]	result	3.22951393	0.00000512	0x00	0xA5
SPI [1]	result	3.22951921	0.00000512	0x00	0x5A
SPI [1]	result	3.22957400	0.00000512	0x08	0x61
SPI [1]	result	3.22957928	0.00000512	0x00	0x9E
SPI [1]	result	3.22958456	0.00000512	0x88	0x52
SPI [1]	result	3.22958984	0.00000512	0x32	0xAD
SPI [1]	result	3.22997311	0.00000512	0x00	0x00
SPI [1]	result	3.22997839	0.00000512	0x00	0x00
SPI [1]	result	3.22998367	0.00000512	0x0C	0x00
SPI [1]	result	3.22998895	0.00000512	0x30	0x00
SPI [1]	result	3.23076779	0.00000512	0x0F	0xC3
SPI [1]	result	3.23077307	0.00000512	0x10	0x3C
SPI [1]	result	3.23077835	0.00000512	0x80	0xA5
SPI [1]	result	3.23078363	0.00000512	0x1A	0x5A
SPI [1]	result	3.23133797	0.00000512	0x00	0xC3
SPI [1]	result	3.23134325	0.00000512	0x00	0x3C
SPI [1]	result	3.23134853	0.00000512	0x0C	0xA5
SPI [1]	result	3.23135381	0.00000512	0x72	0x5A
SPI [1]	result	3.23212994	0.00000512	0x08	0xC3
SPI [1]	result	3.23213522	0.00000512	0x00	0x3C
SPI [1]	result	3.23214050	0.00000512	0x8C	0xA5
SPI [1]	result	3.23214578	0.00000512	0x02	0x5A
SPI [1]	result	3.23272327	0.00000512	0x00	0xC3
SPI [1]	result	3.23272855	0.00000512	0x00	0x3C
SPI [1]	result	3.23273383	0.00000512	0x00	0xA5
SPI [1]	result	3.23273911	0.00000512	0x00	0x5A
SPI [1]	result	3.23329899	0.00000512	0x08	0xC3
SPI [1]	result	3.23330427	0.00000512	0x00	0x3C
SPI [1]	result	3.23330955	0.00000512	0x8C	0xA5
SPI [1]	result	3.23331483	0.00000512	0x44	0x5A
SPI [1]	result	3.26844452	0.00000512	0x00	0xC3
SPI [1]	result	3.26844980	0.00000512	0x00	0x3C
SPI [1]	result	3.26845508	0.00000512	0x08	0xA5
SPI [1]	result	3.26846036	0.00000512	0x20	0x5A
SPI [1]	result	3.26923505	0.00000512	0x09	0xC3
SPI [1]	result	3.26924033	0.00000512	0x10	0x3C
SPI [1]	result	3.26924561	0.00000512	0x80	0xA5
SPI [1]	result	3.26925089	0.00000512	0x2A	0x5A
SPI [1]	result	3.26980894	0.00000512	0x00	0xC3
SPI [1]	result	3.26981422	0.00000512	0x00	0x3C
SPI [1]	result	3.26981950	0.00000512	0x00	0xA5
SPI [1]	result	3.26982478	0.00000512	0x00	0x5A
SPI [1]	result	3.27037390	0.00000512	0x08	0xC3
SPI [1]	result	3.27037918	0.00000512	0x00	0x3C
SPI [1]	result	3.27038446	0.00000512	0x88	0xA5
SPI [1]	result	3.27038974	0.00000512	0x32	0x5A
SPI [1]	result	3.33096040	0.00000512	0x00	0xC3
SPI [1]	result	3.33096568	0.00000512	0x00	0x3C
SPI [1]	result	3.33097096	0.00000512	0x08	0xA5
SPI [1]	result	3.33097624	0.00000512	0x20	0x5A
SPI [1]	result	3.33143816	0.00000512	0x0A	0xC3
SPI [1]	result	3.33144344	0.00000512	0x10	0x3C
SPI [1]	result	3.33144872	0.00000512	0x80	0xA5
SPI [1]	result	3.33145400	0.00000512	0x32	0x5A
SPI [1]	result	3.33172208	0.00000512	0x00	0xC3
SPI [1]	result	3.33172736	0.00000512	0x00	0x3C
SPI [1]	result	3.33173264	0.00000512	0x00	0xA5
SPI [1]	result	3.33173792	0.00000512	0x00	0x5A
SPI [1]	result	3.33200209	0.00000512	0x08	0xC3
SPI [1]	result	3.33200737	0.00000512	0x00	0x3C
SPI [1]	result	3.33201265	0.00000512	0x88	0xA5
SPI [1]	result	3.33201793	0.00000512	0x32	0x5A
SPI [1]	result	3.34582325	0.00000512	0x00	0xC3
SPI [1]	result	3.34582853	0.00000512	0x00	0x3C
SPI [1]	result	3.34583381	0.00000512	0x20	0xA5
SPI [1]	result	3.34583909	0.00000512	0x04	0x5A
SPI [1]	result	3.34631792	0.00000512	0x0B	0xC3
SPI [1]	result	3.34632320	0.00000512	0x10	0x3C
SPI [1]	result	3.34632848	0.00000512	0x80	0xA5
SPI [1]	result	3.34633376	0.00000512	0x3A	0x5A
SPI [1]	result	3.34662515	0.00000512	0x00	0xC3
SPI [1]	result	3.34663043	0.00000512	0x00	0x3C
SPI [1]	result	3.34663571	0.00000512	0x3F	0xA5
SPI [1]	result	3.34664099	0.00000512	0xC6	0x5A
SPI [1]	result	3.34711912	0.00000512	0x0C	0xC3
SPI [1]	result	3.34712440	0.00000512	0x00	0x3C
SPI [1]	result	3.34712968	0.00000512	0xA0	0xA5
SPI [1]	result	3.34713496	0.00000512	0x36	0x5A
SPI [1]	result	3.34742097	0.00000512	0x00	0xC3
SPI [1]	result	3.34742625	0.00000512	0x00	0x3C
SPI [1]	result	3.34743153	0.00000512	0x00	0xA5
SPI [1]	result	3.34743681	0.00000512	0x00	0x5A
SPI [1]	result	3.34770191	0.00000512	0x08	0xC3
SPI [1]	result	3.34770719	0.00000512	0x00	0x3C
SPI [1]	result	3.34771247	0.00000512	0xBF	0xA5
SPI [1]	result	3.34771775	0.00000512	0xD8	0x5A
SPI [1]	result	3.34799099	0.00000512	0x00	0xC3
SPI [1]	result	3.34799627	0.00000512	0x02	0x3C
SPI [1]	result	3.34800155	0.00000512	0x2A	0xA5
SPI [1]	result	3.34800683	0.00000512	0x2E	0x5A
SPI [1]	result	3.34845392	0.00000512	0x0D	0xC3
SPI [1]	result	3.34845920	0.00000512	0x10	0x3C
SPI [1]	result	3.34846448	0.00000512	0x80	0xA5
SPI [1]	result	3.34846976	0.00000512	0x0A	0x5A
SPI [1]	result	3.34873911	0.00000512	0x00	0xC3
SPI [1]	result	3.34874439	0.00000512	0x00	0x3C
SPI [1]	result	3.34874967	0.00000512	0x3F	0xA5
SPI [1]	result	3.34875495	0.00000512	0xC6	0x5A
SPI [1]	result	3.34922009	0.00000512	0x0E	0xC3
SPI [1]	result	3.34922537	0.00000512	0x00	0x3C
SPI [1]	result	3.34923065	0.00000512	0xAA	0xA5
SPI [1]	result	3.34923593	0.00000512	0x2E	0x5A
SPI [1]	result	3.34952416	0.00000512	0x00	0xC3
SPI [1]	result	3.34952944	0.00000512	0x00	0x3C
SPI [1]	result	3.34953472	0.00000512	0x00	0xA5
SPI [1]	result	3.34954000	0.00000512	0x00	0x5A
SPI [1]	result	3.34980992	0.00000512	0x08	0xC3
SPI [1]	result	3.34981520	0.00000512	0x00	0x3C
SPI [1]	result	3.34982048	0.00000512	0xBF	0xA5
SPI [1]	result	3.34982576	0.00000512	0xD8	0x5A
SPI [1]	result	3.37092254	0.00000512	0x00	0xC3
SPI [1]	result	3.37092782	0.00000512	0x00	0x3C
SPI [1]	result	3.37093310	0.00000512	0x08	0xA5
SPI [1]	result	3.37093838	0.00000512	0x20	0x5A
SPI [1]	result	3.37140198	0.00000512	0x0F	0xC3
SPI [1]	result	3.37140726	0.00000512	0x10	0x3C
SPI [1]	result	3.37141254	0.00000512	0x80	0xA5
SPI [1]	result	3.37141782	0.00000512	0x1A	0x5A
SPI [1]	result	3.37168893	0.00000512	0x00	0xC3
SPI [1]	result	3.37169421	0.00000512	0x00	0x3C
SPI [1]	result	3.37169949	0.00000512	0x00	0xA5
SPI [1]	result	3.37170477	0.00000512	0x00	0x5A
SPI [1]	result	3.37196416	0.00000512	0x08	0xC3
SPI [1]	result	3.37196944	0.00000512	0x00	0x3C
SPI [1]	result	3.37197472	0.00000512	0x88	0xA5
SPI [1]	result	3.37198000	0.00000512	0x32	0x5A
SPI [1]	result	3.37226108	0.00000512	0x00	0xC3
SPI [1]	result	3.37226636	0.00000512	0x00	0x3C
SPI [1]	result	3.37227164	0.00000512	0x0C	0xA5
SPI [1]	result	3.37227692	0.00000512	0xB2	0x5A
SPI [1]	result	3.37273397	0.00000512	0x08	0xC3
SPI [1]	result	3.37273925	0.00000512	0x10	0x3C
SPI [1]	result	3.37274453	0.00000512	0x80	0xA5
SPI [1]	result	3.37274981	0.00000512	0x22	0x5A
SPI [1]	result	3.37301909	0.00000512	0x00	0xC3
SPI [1]	result	3.37302437	0.00000512	0x00	0x3C
SPI [1]	result	3.37302965	0.00000512	0x0C	0xA5
SPI [1]	result	3.37303493	0.00000512	0x30	0x5A
SPI [1]	result	3.37347602	0.00000512	0x09	0xC3
SPI [1]	result	3.37348130	0.00000512	0x00	0x3C
SPI [1]	result	3.37348658	0.00000512	0x8C	0xA5
SPI [1]	result	3.37349186	0.00000512	0x8C	0x5A
SPI [1]	result	3.37376802	0.00000512	0x00	0xC3
SPI [1]	result	3.37377330	0.00000512	0x00	0x3C
SPI [1]	result	3.37377858	0.00000512	0x00	0xA5
SPI [1]	result	3.37378386	0.00000512	0x00	0x5A
SPI [1]	result	3.37405894	0.00000512	0x08	0xC3
SPI [1]	result	3.37406422	0.00000512	0x00	0x3C
SPI [1]	result	3.37406950	0.00000512	0x8C	0xA5
SPI [1]	result	3.37407478	0.00000512	0x02	0x5A
SPI [1]	result	3.41425484	0.00000512	0x00	0xC3
SPI [1]	result	3.41426012	0.00000512	0x00	0x3C
SPI [1]	result	3.41426540	0.00000512	0x08	0xA5
SPI [1]	result	3.41427068	0.00000512	0x20	0x5A
SPI [1]	result	3.41478182	0.00000512	0xA5	0xC3
SPI [1]	result	3.41478710	0.00000512	0x5A	0x3C
SPI [1]	result	3.41479238	0.00000512	0x3C	0xA5
SPI [1]	result	3.41479766	0.00000512	0xC3	0x5A
SPI [1]	result	3.41519811	0.00000512	0x80	0xA5
SPI [1]	result	3.41520339	0.00000512	0x20	0x5A
SPI [1]	result	3.41520867	0.00000512	0x28	0x3C
SPI [1]	result	3.41521395	0.00000512	0x24	0xC3
SPI [1]	result	3.41560787	0.00000512	0x08	0x08
SPI [1]	result	3.41561315	0.00000512	0x10	0x10
SPI [1]	result	3.41561843	0.00000512	0x80	0xA8
SPI [1]	result	3.41562371	0.00000512	0x22	0x06
SPI [1]	result	3.41601930	0.00000512	0x00	0x08
SPI [1]	result	3.41602458	0.00000512	0x00	0x00
SPI [1]	result	3.41602986	0.00000512	0x00	0xA8
SPI [1]	result	3.41603514	0.00000512	0x00	0x36
SPI [1]	result	3.41642812	0.00000512	0x00	0x00
SPI [1]	result	3.41643340	0.00000512	0x00	0xF3
SPI [1]	result	3.41643868	0.00000512	0x00	0x03
SPI [1]	result	3.41644396	0.00000512	0x00	0xE8
SPI [1]	result	3.41688188	0.00000512	0x00	0xC3
SPI [1]	result	3.41688716	0.00000512	0x00	0x3C
SPI [1]	result	3.41689244	0.00000512	0x3F	0xA5
SPI [1]	result	3.41689772	0.00000512	0xC6	0x5A
SPI [1]	result	3.41774794	0.00000512	0x08	0xC3
SPI [1]	result	3.41775322	0.00000512	0x10	0x3C
SPI [1]	result	3.41775850	0.00000512	0x80	0xA5
SPI [1]	result	3.41776378	0.00000512	0x22	0x5A
SPI [1]	result	3.42109978	0.00000512	0x00	0xC3
SPI [1]	result	3.42110506	0.00000512	0x00	0x3C
SPI [1]	result	3.42111034	0.00000512	0x00	0xA5
SPI [1]	result	3.42111562	0.00000512	0x00	0x5A
SPI [1]	result	3.42227011	0.00000512	0x08	0xC3
SPI [1]	result	3.42227539	0.00000512	0x00	0x3C
SPI [1]	result	3.42228067	0.00000512	0xBF	0xA5
SPI [1]	result	3.42228595	0.00000512	0xD8	0x5A
SPI [1]	result	3.42449955	0.00000512	0xB8	0xC3
SPI [1]	result	3.42450483	0.00000512	0x01	0x3C
SPI [1]	result	3.42451011	0.00000512	0x06	0xA5
SPI [1]	result	3.42451539	0.00000512	0x26	0x5A
SPI [1]	result	3.42529637	0.00000512	0x09	0xC3
SPI [1]	result	3.42530165	0.00000512	0x10	0x3C
SPI [1]	result	3.42530693	0.00000512	0x80	0xA5
SPI [1]	result	3.42531221	0.00000512	0x2A	0x5A
SPI [1]	result	3.42610723	0.00000512	0x00	0xC0
SPI [1]	result	3.42611251	0.00000512	0x00	0x00
SPI [1]	result	3.42611779	0.00000512	0x05	0x00
SPI [1]	result	3.42612307	0.00000512	0x14	0x00
SPI [1]	result	3.42666258	0.00000512	0x0A	0xC3
SPI [1]	result	3.42666786	0.00000512	0x00	0x3C
SPI [1]	result	3.42667314	0.00000512	0x86	0xA5
SPI [1]	result	3.42667842	0.00000512	0x3A	0x5A
SPI [1]	result	3.42725025	0.00000512	0x00	0xC3
SPI [1]	result	3.42725553	0.00000512	0x00	0x3C
SPI [1]	result	3.42726081	0.00000512	0x00	0xA5
SPI [1]	result	3.42726609	0.00000512	0x00	0x5A
SPI [1]	result	3.42781198	0.00000512	0x08	0xC3
SPI [1]	result	3.42781726	0.00000512	0x00	0x3C
SPI [1]	result	3.42782254	0.00000512	0x85	0xA5
SPI [1]	result	3.42782782	0.00000512	0x26	0x5A
SPI [1]	result	3.43090448	0.00000512	0xFF	0xC3
SPI [1]	result	3.43090976	0.00000512	0xFF	0x3C
SPI [1]	result	3.43091504	0.00000512	0x00	0xA5
SPI [1]	result	3.43092032	0.00000512	0x00	0x5A
SPI [1]	result	3.43092560	0.00000512	0x00	0x00
SPI [1]	result	3.43093088	0.00000512	0x00	0x00
SPI [1]	result	3.43093616	0.00000512	0x00	0x00
SPI [1]	result	3.43094144	0.00000512	0x00	0x00
SPI [1]	result	3.43094672	0.00000512	0x00	0x00
SPI [1]	result	3.43095200	0.00000512	0x00	0x00
SPI [1]	result	3.43095728	0.00000512	0x00	0x00
SPI [1]	result	3.43096256	0.00000512	0x00	0x00
SPI [1]	result	3.43096784	0.00000512	0x00	0x00
SPI [1]	result	3.43097312	0.00000512	0x00	0x0C
SPI [1]	result	3.43097840	0.00000512	0x00	0x33
SPI [1]	result	3.43098368	0.00000512	0x00	0xCA
SPI [1]	result	3.43098896	0.00000512	0x00	0x55
SPI [1]	result	3.43099424	0.00000512	0x00	0xA0
SPI [1]	result	3.43099952	0.00000512	0x00	0x00
SPI [1]	result	3.43100480	0.00000512	0x00	0x00
SPI [1]	result	3.43101008	0.00000512	0x00	0x00
SPI [1]	result	3.43101536	0.00000512	0x00	0x00
SPI [1]	result	3.43102064	0.00000512	0x00	0x00
SPI [1]	result	3.43102592	0.00000512	0x00	0x00
SPI [1]	result	3.43103120	0.00000512	0x00	0x00
SPI [1]	result	3.43103648	0.00000512	0x00	0x00
SPI [1]	result	3.43104176	0.00000512	0x00	0x00
SPI [1]	result	3.43104704	0.00000512	0x00	0xC3
SPI [1]	result	3.43105232	0.00000512	0x00	0x3C
SPI [1]	result	3.43105760	0.00000512	0x00	0xA5
SPI [1]	result	3.43106288	0.00000512	0x00	0x5A
SPI [1]	result	3.43106816	0.00000512	0x00	0x00
SPI [1]	result	3.43107344	0.00000512	0x00	0x00
SPI [1]	result	3.43107872	0.00000512	0x00	0x00
SPI [1]	result	3.43108400	0.00000512	0x00	0x00
SPI [1]	result	3.43108928	0.00000512	0x00	0x00
SPI [1]	result	3.43109456	0.00000512	0x00	0x00
SPI [1]	result	3.43109984	0.00000512	0x00	0x00
SPI [1]	result	3.43110512	0.00000512	0x00	0x00
SPI [1]	result	3.43111040	0.00000512	0x00	0x00
SPI [1]	result	3.43111568	0.00000512	0x00	0x0C
SPI [1]	result	3.43112096	0.00000512	0x00	0x33
SPI [1]	result	3.43112624	0.00000512	0x00	0xCA
SPI [1]	result	3.43113152	0.00000512	0x00	0x55
SPI [1]	result	3.43113680	0.00000512	0x00	0xA0
SPI [1]	result	3.43114208	0.00000512	0x00	0x00
SPI [1]	result	3.43114736	0.00000512	0x00	0x00
SPI [1]	result	3.43115264	0.00000512	0x00	0x00
SPI [1]	result	3.43115792	0.00000512	0x00	0x00
SPI [1]	result	3.43116320	0.00000512	0x00	0x00
SPI [1]	result	3.43116848	0.00000512	0x00	0x00
SPI [1]	result	3.43117376	0.00000512	0x00	0x00
SPI [1]	result	3.43117904	0.00000512	0x00	0x00
SPI [1]	result	3.43118432	0.00000512	0x00	0x00
SPI [1]	result	3.43118960	0.00000512	0x00	0xC3
SPI [1]	result	3.43119488	0.00000512	0x00	0x3C
SPI [1]	result	3.43120016	0.00000512	0x00	0xA5
SPI [1]	result	3.43120544	0.00000512	0x00	0x5A
SPI [1]	result	3.43121072	0.00000512	0x00	0x00
SPI [1]	result	3.43121600	0.00000512	0x00	0x00
SPI [1]	result	3.43122128	0.00000512	0x00	0x00
SPI [1]	result	3.43122656	0.00000512	0x00	0x00
SPI [1]	result	3.43123184	0.00000512	0x00	0x00
SPI [1]	result	3.43123712	0.00000512	0x00	0x00
SPI [1]	result	3.43124240	0.00000512	0x00	0x00
SPI [1]	result	3.43124768	0.00000512	0x00	0x00
SPI [1]	result	3.43125296	0.00000512	0x00	0x00
SPI [1]	result	3.43125824	0.00000512	0x00	0x0C
SPI [1]	result	3.43126352	0.00000512	0x00	0x33
SPI [1]	result	3.43126880	0.00000512	0x00	0xCA
SPI [1]	result	3.43127408	0.00000512	0x00	0x55
SPI [1]	result	3.43127936	0.00000512	0x00	0xA0
SPI [1]	result	3.43128464	0.00000512	0x00	0x00
SPI [1]	result	3.43128992	0.00000512	0x00	0x00
SPI [1]	result	3.43129520	0.00000512	0x00	0x00
SPI [1]	result	3.43130048	0.00000512	0x00	0x00
SPI [1]	result	3.43130576	0.00000512	0x00	0x00
SPI [1]	result	3.43131104	0.00000512	0x00	0x00
SPI [1]	result	3.43131632	0.00000512	0x00	0x00
SPI [1]	result	3.43132160	0.00000512	0x00	0x00
SPI [1]	result	3.43132688	0.00000512	0x00	0x00
SPI [1]	result	3.43133216	0.00000512	0x00	0xC3
SPI [1]	result	3.43133744	0.00000512	0x00	0x3C
SPI [1]	result	3.43134272	0.00000512	0x00	0xA5
SPI [1]	result	3.43134800	0.00000512	0x00	0x5A
SPI [1]	result	3.43135328	0.00000512	0x00	0x00
SPI [1]	result	3.43135856	0.00000512	0x00	0x00
SPI [1]	result	3.43136384	0.00000512	0x00	0x00
SPI [1]	result	3.43136912	0.00000512	0x00	0x00
SPI [1]	result	3.43137440	0.00000512	0x00	0x00
SPI [1]	result	3.43137968	0.00000512	0x00	0x00
SPI [1]	result	3.43138496	0.00000512	0x00	0x00
SPI [1]	result	3.43139024	0.00000512	0x00	0x00
SPI [1]	result	3.43139552	0.00000512	0x00	0x00
SPI [1]	result	3.43140080	0.00000512	0x00	0x0C
SPI [1]	result	3.43140608	0.00000512	0x00	0x33
SPI [1]	result	3.43141136	0.00000512	0x00	0xCA
SPI [1]	result	3.43141664	0.00000512	0x00	0x55
SPI [1]	result	3.43142192	0.00000512	0x00	0xA0
SPI [1]	result	3.43142720	0.00000512	0x00	0x00
SPI [1]	result	3.43143248	0.00000512	0x00	0x00
SPI [1]	result	3.43143776	0.00000512	0x00	0x00
SPI [1]	result	3.43144304	0.00000512	0x00	0x00
SPI [1]	result	3.43144832	0.00000512	0x00	0x00
SPI [1]	result	3.43145360	0.00000512	0x00	0x00
SPI [1]	result	3.43145888	0.00000512	0x00	0x00
SPI [1]	result	3.43146416	0.00000512	0x00	0x00
SPI [1]	result	3.43146944	0.00000512	0x00	0x00
SPI [1]	result	3.43147472	0.00000512	0x00	0xC3
SPI [1]	result	3.43148000	0.00000512	0x00	0x3C
SPI [1]	result	3.43148528	0.00000512	0x00	0xA5
SPI [1]	result	3.43149056	0.00000512	0x00	0x5A
SPI [1]	result	3.43149584	0.00000512	0x00	0x00
SPI [1]	result	3.43150112	0.00000512	0x00	0x00
SPI [1]	result	3.43150640	0.00000512	0x00	0x00
SPI [1]	result	3.43151168	0.00000512	0x00	0x00
SPI [1]	result	3.43151696	0.00000512	0x00	0x00
SPI [1]	result	3.43152224	0.00000512	0x00	0x00
SPI [1]	result	3.43152752	0.00000512	0x00	0x00
SPI [1]	result	3.43153280	0.00000512	0x00	0x00
SPI [1]	result	3.43153808	0.00000512	0x00	0x00
SPI [1]	result	3.43154336	0.00000512	0x00	0x0C
SPI [1]	result	3.43154864	0.00000512	0x00	0x33
SPI [1]	result	3.43155392	0.00000512	0x00	0xCA
SPI [1]	result	3.43155920	0.00000512	0x00	0x55
SPI [1]	result	3.43156448	0.00000512	0x00	0xA0
SPI [1]	result	3.43156976	0.00000512	0x00	0x00
SPI [1]	result	3.43157504	0.00000512	0x00	0x00
SPI [1]	result	3.43158032	0.00000512	0x00	0x00
SPI [1]	result	3.43158560	0.00000512	0x00	0x00
SPI [1]	result	3.43159088	0.00000512	0x5A	0x00
SPI [1]	result	3.43472209	0.00000512	0xFF	0xC3
SPI [1]	result	3.43472737	0.00000512	0x00	0x3C
SPI [1]	result	3.43473265	0.00000512	0x00	0xA5
SPI [1]	result	3.43473793	0.00000512	0x00	0x5A
SPI [1]	result	3.43474321	0.00000512	0x00	0x00
SPI [1]	result	3.43474849	0.00000512	0x00	0x00
SPI [1]	result	3.43475377	0.00000512	0x00	0x00
SPI [1]	result	3.43475905	0.00000512	0x00	0x00
SPI [1]	result	3.43476433	0.00000512	0x00	0x00
SPI [1]	result	3.43476961	0.00000512	0x00	0x00
SPI [1]	result	3.43477489	0.00000512	0x00	0x00
SPI [1]	result	3.43478017	0.00000512	0x00	0x00
SPI [1]	result	3.43478545	0.00000512	0x00	0x00
SPI [1]	result	3.43479073	0.00000512	0x00	0x0C
SPI [1]	result	3.43479601	0.00000512	0x00	0x33
SPI [1]	result	3.43480129	0.00000512	0x00	0xCA
SPI [1]	result	3.43480657	0.00000512	0x00	0x55
SPI [1]	result	3.43481185	0.00000512	0x00	0xA0
SPI [1]	result	3.43481713	0.00000512	0x00	0x00
SPI [1]	result	3.43482241	0.00000512	0x00	0x00
SPI [1]	result	3.43482769	0.00000512	0x00	0x00
SPI [1]	result	3.43483297	0.00000512	0x00	0x00
SPI [1]	result	3.43483825	0.00000512	0x00	0x00
SPI [1]	result	3.43484353	0.00000512	0x00	0x00
SPI [1]	result	3.43484881	0.00000512	0x00	0x00
SPI [1]	result	3.43485409	0.00000512	0x00	0x00
SPI [1]	result	3.43485937	0.00000512	0x00	0x00
SPI [1]	result	3.43486465	0.00000512	0x00	0xC3
SPI [1]	result	3.43486993	0.00000512	0x00	0x3C
SPI [1]	result	3.43487521	0.00000512	0x00	0xA5
SPI [1]	result	3.43488049	0.00000512	0x00	0x5A
SPI [1]	result	3.43488577	0.00000512	0x00	0x00
SPI [1]	result	3.43489105	0.00000512	0x00	0x00
SPI [1]	result	3.43489633	0.00000512	0x00	0x00
SPI [1]	result	3.43490161	0.00000512	0x00	0x00
SPI [1]	result	3.43490689	0.00000512	0x00	0x00
SPI [1]	result	3.43491217	0.00000512	0x00	0x00
SPI [1]	result	3.43491745	0.00000512	0x00	0x00
SPI [1]	result	3.43492273	0.00000512	0x00	0x00
SPI [1]	result	3.43492801	0.00000512	0x00	0x00
SPI [1]	result	3.43493329	0.00000512	0x00	0x0C
SPI [1]	result	3.43493857	0.00000512	0x00	0x33
SPI [1]	result	3.43494385	0.00000512	0x00	0xCA
SPI [1]	result	3.43494913	0.00000512	0x00	0x55
SPI [1]	result	3.43495441	0.00000512	0x00	0xA0
SPI [1]	result	3.43495969	0.00000512	0x00	0x00
SPI [1]	result	3.43496497	0.00000512	0x00	0x00
SPI [1]	result	3.43497025	0.00000512	0x00	0x00
SPI [1]	result	3.43497553	0.00000512	0x00	0x00
SPI [1]	result	3.43498081	0.00000512	0x00	0x00
SPI [1]	result	3.43498609	0.00000512	0x00	0x00
SPI [1]	result	3.43499137	0.00000512	0x00	0x00
SPI [1]	result	3.43499665	0.00000512	0x00	0x00
SPI [1]	result	3.43500193	0.00000512	0x00	0x00
SPI [1]	result	3.43500721	0.00000512	0x00	0xC3
SPI [1]	result	3.43501249	0.00000512	0x00	0x3C
SPI [1]	result	3.43501777	0.00000512	0x00	0xA5
SPI [1]	result	3.43502305	0.00000512	0x00	0x5A
SPI [1]	result	3.43502833	0.00000512	0x00	0x00
SPI [1]	result	3.43503361	0.00000512	0x00	0x00
SPI [1]	result	3.43503889	0.00000512	0x00	0x00
SPI [1]	result	3.43504417	0.00000512	0x00	0x00
SPI [1]	result	3.43504945	0.00000512	0x00	0x00
SPI [1]	result	3.43505473	0.00000512	0x00	0x00
SPI [1]	result	3.43506001	0.00000512	0x00	0x00
SPI [1]	result	3.43506529	0.00000512	0x00	0x00
SPI [1]	result	3.43507057	0.00000512	0x00	0x00
SPI [1]	result	3.43507585	0.00000512	0x00	0x0C
SPI [1]	result	3.43508113	0.00000512	0x00	0x33
SPI [1]	result	3.43508641	0.00000512	0x00	0xCA
SPI [1]	result	3.43509169	0.00000512	0x00	0x55
SPI [1]	result	3.43509697	0.00000512	0x00	0xA0
SPI [1]	result	3.43510225	0.00000512	0x00	0x00
SPI [1]	result	3.43510753	0.00000512	0x00	0x00
SPI [1]	result	3.43511281	0.00000512	0x00	0x00
SPI [1]	result	3.43511809	0.00000512	0x00	0x00
SPI [1]	result	3.43512337	0.00000512	0x00	0x00
SPI [1]	result	3.43512865	0.00000512	0x00	0x00
SPI [1]	result	3.43513393	0.00000512	0x00	0x00
SPI [1]	result	3.43513921	0.00000512	0x00	0x00
SPI [1]	result	3.43514449	0.00000512	0x00	0x00
SPI [1]	result	3.43514977	0.00000512	0x00	0xC3
SPI [1]	result	3.43515505	0.00000512	0x00	0x3C
SPI [1]	result	3.43516033	0.00000512	0x00	0xA5
SPI [1]	result	3.43516561	0.00000512	0x00	0x5A
SPI [1]	result	3.43517089	0.00000512	0x00	0x00
SPI [1]	result	3.43517617	0.00000512	0x00	0x00
SPI [1]	result	3.43518145	0.00000512	0x00	0x00
SPI [1]	result	3.43518673	0.00000512	0x00	0x00
SPI [1]	result	3.43519201	0.00000512	0x00	0x00
SPI [1]	result	3.43519729	0.00000512	0x00	0x00
SPI [1]	result	3.43520257	0.00000512	0x00	0x00
SPI [1]	result	3.43520785	0.00000512	0x00	0x00
SPI [1]	result	3.43521313	0.00000512	0x00	0x00
SPI [1]	result	3.43521841	0.00000512	0x00	0x0C
SPI [1]	result	3.43522369	0.00000512	0x00	0x33
SPI [1]	result	3.43522897	0.00000512	0x00	0xCA
SPI [1]	result	3.43523425	0.00000512	0x00	0x55
SPI [1]	result	3.43523953	0.00000512	0x00	0xA0
SPI [1]	result	3.43524481	0.00000512	0x00	0x00
SPI [1]	result	3.43525009	0.00000512	0x00	0x00
SPI [1]	result	3.43525537	0.00000512	0x00	0x00
SPI [1]	result	3.43526065	0.00000512	0x00	0x00
SPI [1]	result	3.43526593	0.00000512	0x00	0x00
SPI [1]	result	3.43527121	0.00000512	0x00	0x00
SPI [1]	result	3.43527649	0.00000512	0x00	0x00
SPI [1]	result	3.43528177	0.00000512	0x00	0x00
SPI [1]	result	3.43528705	0.00000512	0x00	0x00
SPI [1]	result	3.43529233	0.00000512	0x00	0xC3
SPI [1]	result	3.43529761	0.00000512	0x00	0x3C
SPI [1]	result	3.43530289	0.00000512	0x00	0xA5
SPI [1]	result	3.43530817	0.00000512	0x00	0x5A
SPI [1]	result	3.43531345	0.00000512	0x00	0x00
SPI [1]	result	3.43531873	0.00000512	0x00	0x00
SPI [1]	result	3.43532401	0.00000512	0x00	0x00
SPI [1]	result	3.43532929	0.00000512	0x00	0x00
SPI [1]	result	3.43533457	0.00000512	0x00	0x00
SPI [1]	result	3.43533985	0.00000512	0x00	0x00
SPI [1]	result	3.43534513	0.00000512	0x00	0x00
SPI [1]	result	3.43535041	0.00000512	0x00	0x00
SPI [1]	result	3.43535569	0.00000512	0x00	0x00
SPI [1]	result	3.43536097	0.00000512	0x00	0x0C
SPI [1]	result	3.43536625	0.00000512	0x00	0x33
SPI [1]	result	3.43537153	0.00000512	0x00	0xCA
SPI [1]	result	3.43537681	0.00000512	0x00	0x55
SPI [1]	result	3.43538209	0.00000512	0x00	0xA0
SPI [1]	result	3.43538737	0.00000512	0x00	0x00
SPI [1]	result	3.43539265	0.00000512	0x00	0x00
SPI [1]	result	3.43539793	0.00000512	0x00	0x00
SPI [1]	result	3.43540321	0.00000512	0x00	0x00
SPI [1]	result	3.43540849	0.00000512	0x5A	0x00
SPI [1]	result	3.43855606	0.00000512	0xB8	0xC3
SPI [1]	result	3.43856134	0.00000512	0x01	0x3C
SPI [1]	result	3.43856662	0.00000512	0x06	0xA5
SPI [1]	result	3.43857190	0.00000512	0x26	0x5A
SPI [1]	result	3.43935779	0.00000512	0x0B	0xC3
SPI [1]	result	3.43936307	0.00000512	0x10	0x3C
SPI [1]	result	3.43936835	0.00000512	0x80	0xA5
SPI [1]	result	3.43937363	0.00000512	0x3A	0x5A
SPI [1]	result	3.43992312	0.00000512	0x00	0xC3
SPI [1]	result	3.43992840	0.00000512	0x00	0x3C
SPI [1]	result	3.43993368	0.00000512	0x05	0xA5
SPI [1]	result	3.43993896	0.00000512	0x56	0x5A
SPI [1]	result	3.44071372	0.00000512	0x0C	0xC3
SPI [1]	result	3.44071900	0.00000512	0x00	0x3C
SPI [1]	result	3.44072428	0.00000512	0x86	0xA5
SPI [1]	result	3.44072956	0.00000512	0x0A	0x5A
SPI [1]	result	3.44129789	0.00000512	0x00	0xC3
SPI [1]	result	3.44130317	0.00000512	0x00	0x3C
SPI [1]	result	3.44130845	0.00000512	0x00	0xA5
SPI [1]	result	3.44131373	0.00000512	0x00	0x5A
SPI [1]	result	3.44187270	0.00000512	0x08	0xC3
SPI [1]	result	3.44187798	0.00000512	0x00	0x3C
SPI [1]	result	3.44188326	0.00000512	0x85	0xA5
SPI [1]	result	3.44188854	0.00000512	0x68	0x5A
SPI [1]	result	3.44497176	0.00000512	0x00	0xC3
SPI [1]	result	3.44497704	0.00000512	0x00	0x3C
SPI [1]	result	3.44498232	0.00000512	0x53	0xA5
SPI [1]	result	3.44498760	0.00000512	0x50	0x5A
SPI [1]	result	3.44499288	0.00000512	0x58	0x00
SPI [1]	result	3.44499816	0.00000512	0x31	0x00
SPI [1]	result	3.44500344	0.00000512	0x00	0x00
SPI [1]	result	3.44500872	0.00000512	0x00	0x00
SPI [1]	result	3.44501400	0.00000512	0x00	0x00
SPI [1]	result	3.44501928	0.00000512	0x00	0x00
SPI [1]	result	3.44502456	0.00000512	0x00	0x00
SPI [1]	result	3.44502984	0.00000512	0x00	0x00
SPI [1]	result	3.44503512	0.00000512	0x47	0x00
SPI [1]	result	3.44504040	0.00000512	0x46	0x0C
SPI [1]	result	3.44504568	0.00000512	0x58	0x33
SPI [1]	result	3.44505096	0.00000512	0x20	0xCA
SPI [1]	result	3.44505624	0.00000512	0x35	0x55
SPI [1]	result	3.44506152	0.00000512	0x30	0xA0
SPI [1]	result	3.44506680	0.00000512	0x53	0x00
SPI [1]	result	3.44507208	0.00000512	0x00	0x00
SPI [1]	result	3.44507736	0.00000512	0x00	0x00
SPI [1]	result	3.44508264	0.00000512	0x00	0x00
SPI [1]	result	3.44508792	0.00000512	0x00	0x00
SPI [1]	result	3.44509320	0.00000512	0x00	0x00
SPI [1]	result	3.44509848	0.00000512	0x00	0x00
SPI [1]	result	3.44510376	0.00000512	0x00	0x00
SPI [1]	result	3.44510904	0.00000512	0x00	0x00
SPI [1]	result	3.44511432	0.00000512	0x00	0xC3
SPI [1]	result	3.44511960	0.00000512	0x00	0x3C
SPI [1]	result	3.44512488	0.00000512	0x00	0xA5
SPI [1]	result	3.44513016	0.00000512	0x00	0x5A
SPI [1]	result	3.44513544	0.00000512	0x00	0x00
SPI [1]	result	3.44514072	0.00000512	0x47	0x00
SPI [1]	result	3.44514600	0.00000512	0x46	0x00
SPI [1]	result	3.44515128	0.00000512	0x58	0x00
SPI [1]	result	3.44515656	0.00000512	0x20	0x00
SPI [1]	result	3.44516184	0.00000512	0x35	0x00
SPI [1]	result	3.44516712	0.00000512	0x30	0x00
SPI [1]	result	3.44517240	0.00000512	0x53	0x00
SPI [1]	result	3.44517768	0.00000512	0x00	0x00
SPI [1]	result	3.44518296	0.00000512	0x00	0x0C
SPI [1]	result	3.44518824	0.00000512	0x00	0x33
SPI [1]	result	3.44519352	0.00000512	0x00	0xCA
SPI [1]	result	3.44519880	0.00000512	0x00	0x55
SPI [1]	result	3.44520408	0.00000512	0x00	0xA0
SPI [1]	result	3.44520936	0.00000512	0x00	0x00
SPI [1]	result	3.44521464	0.00000512	0x00	0x00
SPI [1]	result	3.44521992	0.00000512	0x35	0x00
SPI [1]	result	3.44522520	0.00000512	0x39	0x00
SPI [1]	result	3.44523048	0.00000512	0x33	0x00
SPI [1]	result	3.44523576	0.00000512	0x35	0x00
SPI [1]	result	3.44524104	0.00000512	0x33	0x00
SPI [1]	result	3.44524632	0.00000512	0x33	0x00
SPI [1]	result	3.44525160	0.00000512	0x33	0x00
SPI [1]	result	3.44525688	0.00000512	0x31	0xC3
SPI [1]	result	3.44526216	0.00000512	0x33	0x3C
SPI [1]	result	3.44526744	0.00000512	0x36	0xA5
SPI [1]	result	3.44527272	0.00000512	0x33	0x5A
SPI [1]	result	3.44527800	0.00000512	0x31	0x00
SPI [1]	result	3.44528328	0.00000512	0x31	0x00
SPI [1]	result	3.44528856	0.00000512	0x37	0x00
SPI [1]	result	3.44529384	0.00000512	0x30	0x00
SPI [1]	result	3.44529912	0.00000512	0x32	0x00
SPI [1]	result	3.44530440	0.00000512	0x31	0x00
SPI [1]	result	3.44530968	0.00000512	0x36	0x00
SPI [1]	result	3.44531496	0.00000512	0x37	0x00
SPI [1]	result	3.44532024	0.00000512	0x30	0x00
SPI [1]	result	3.44532552	0.00000512	0x32	0x0C
SPI [1]	result	3.44533080	0.00000512	0x30	0x33
SPI [1]	result	3.44533608	0.00000512	0x31	0xCA
SPI [1]	result	3.44534136	0.00000512	0x30	0x55
SPI [1]	result	3.44534664	0.00000512	0x31	0xA0
SPI [1]	result	3.44535192	0.00000512	0x31	0x00
SPI [1]	result	3.44535720	0.00000512	0x30	0x00
SPI [1]	result	3.44536248	0.00000512	0x36	0x00
SPI [1]	result	3.44536776	0.00000512	0x39	0x00
SPI [1]	result	3.44537304	0.00000512	0x41	0x00
SPI [1]	result	3.44537832	0.00000512	0x04	0x00
SPI [1]	result	3.44538360	0.00000512	0x20	0x00
SPI [1]	result	3.44538888	0.00000512	0x02	0x00
SPI [1]	result	3.44539416	0.00000512	0x16	0x00
SPI [1]	result	3.44539944	0.00000512	0x01	0xC3
SPI [1]	result	3.44540472	0.00000512	0x00	0x3C
SPI [1]	result	3.44541000	0.00000512	0x01	0xA5
SPI [1]	result	3.44541528	0.00000512	0x00	0x5A
SPI [1]	result	3.44542056	0.00000512	0x01	0x00
SPI [1]	result	3.44542584	0.00000512	0x00	0x00
SPI [1]	result	3.44543112	0.00000512	0x00	0x00
SPI [1]	result	3.44543640	0.00000512	0x00	0x00
SPI [1]	result	3.44544168	0.00000512	0x00	0x00
SPI [1]	result	3.44544696	0.00000512	0x00	0x00
SPI [1]	result	3.44545224	0.00000512	0x00	0x00
SPI [1]	result	3.44545752	0.00000512	0x00	0x00
SPI [1]	result	3.44546280	0.00000512	0x00	0x00
SPI [1]	result	3.44546808	0.00000512	0x00	0x0C
SPI [1]	result	3.44547336	0.00000512	0x00	0x33
SPI [1]	result	3.44547864	0.00000512	0x00	0xCA
SPI [1]	result	3.44548392	0.00000512	0x00	0x55
SPI [1]	result	3.44548920	0.00000512	0x00	0xA0
SPI [1]	result	3.44549448	0.00000512	0x00	0x00
SPI [1]	result	3.44549976	0.00000512	0x00	0x00
SPI [1]	result	3.44550504	0.00000512	0x00	0x00
SPI [1]	result	3.44551032	0.00000512	0x00	0x00
SPI [1]	result	3.44551560	0.00000512	0x00	0x00
SPI [1]	result	3.44552088	0.00000512	0x00	0x00
SPI [1]	result	3.44552616	0.00000512	0x00	0x00
SPI [1]	result	3.44553144	0.00000512	0x00	0x00
SPI [1]	result	3.44553672	0.00000512	0x00	0x00
SPI [1]	result	3.44554200	0.00000512	0x00	0x30
SPI [1]	result	3.44554728	0.00000512	0x00	0xCF
SPI [1]	result	3.44555256	0.00000512	0x00	0x29
SPI [1]	result	3.44555784	0.00000512	0x00	0x56
SPI [1]	result	3.44556312	0.00000512	0x00	0x80
SPI [1]	result	3.44556840	0.00000512	0x00	0x00
SPI [1]	result	3.44557368	0.00000512	0x00	0x00
SPI [1]	result	3.44557896	0.00000512	0x00	0x00
SPI [1]	result	3.44558424	0.00000512	0x00	0x00
SPI [1]	result	3.44558952	0.00000512	0x00	0x00
SPI [1]	result	3.44559480	0.00000512	0x00	0x00
SPI [1]	result	3.44560008	0.00000512	0x00	0x00
SPI [1]	result	3.44560536	0.00000512	0x00	0x00
SPI [1]	result	3.44561064	0.00000512	0x00	0x03
SPI [1]	result	3.44561592	0.00000512	0x00	0x0C
SPI [1]	result	3.44562120	0.00000512	0x00	0xF2
SPI [1]	result	3.44562648	0.00000512	0x00	0x95
SPI [1]	result	3.44563176	0.00000512	0x00	0x68
SPI [1]	result	3.44563704	0.00000512	0x00	0x00
SPI [1]	result	3.44564232	0.00000512	0x00	0x00
SPI [1]	result	3.44564760	0.00000512	0x00	0x00
SPI [1]	result	3.44565288	0.00000512	0x00	0x00
SPI [1]	result	3.44565816	0.00000512	0xEF	0x00
SPI [1]	result	3.44878401	0.00000512	0xFF	0xC3
SPI [1]	result	3.44878929	0.00000512	0xFF	0x3C
SPI [1]	result	3.44879457	0.00000512	0x53	0xA5
SPI [1]	result	3.44879985	0.00000512	0x50	0x5A
SPI [1]	result	3.44880513	0.00000512	0x58	0x00
SPI [1]	result	3.44881041	0.00000512	0x31	0x00
SPI [1]	result	3.44881569	0.00000512	0x00	0x00
SPI [1]	result	3.44882097	0.00000512	0x00	0x00
SPI [1]	result	3.44882625	0.00000512	0x00	0x00
SPI [1]	result	3.44883153	0.00000512	0x00	0x00
SPI [1]	result	3.44883681	0.00000512	0x00	0x00
SPI [1]	result	3.44884209	0.00000512	0x00	0x00
SPI [1]	result	3.44884737	0.00000512	0x47	0x00
SPI [1]	result	3.44885265	0.00000512	0x46	0x0C
SPI [1]	result	3.44885793	0.00000512	0x58	0x33
SPI [1]	result	3.44886321	0.00000512	0x20	0xCA
SPI [1]	result	3.44886849	0.00000512	0x35	0x55
SPI [1]	result	3.44887377	0.00000512	0x30	0xA0
SPI [1]	result	3.44887905	0.00000512	0x53	0x00
SPI [1]	result	3.44888433	0.00000512	0x00	0x00
SPI [1]	result	3.44888961	0.00000512	0x00	0x00
SPI [1]	result	3.44889489	0.00000512	0x00	0x00
SPI [1]	result	3.44890017	0.00000512	0x00	0x00
SPI [1]	result	3.44890545	0.00000512	0x00	0x00
SPI [1]	result	3.44891073	0.00000512	0x00	0x00
SPI [1]	result	3.44891601	0.00000512	0x00	0x00
SPI [1]	result	3.44892129	0.00000512	0x00	0x00
SPI [1]	result	3.44892657	0.00000512	0x00	0xC3
SPI [1]	result	3.44893185	0.00000512	0x00	0x3C
SPI [1]	result	3.44893713	0.00000512	0x00	0xA5
SPI [1]	result	3.44894241	0.00000512	0x00	0x5A
SPI [1]	result	3.44894769	0.00000512	0x00	0x00
SPI [1]	result	3.44895297	0.00000512	0x47	0x00
SPI [1]	result	3.44895825	0.00000512	0x46	0x00
SPI [1]	result	3.44896353	0.00000512	0x58	0x00
SPI [1]	result	3.44896881	0.00000512	0x20	0x00
SPI [1]	result	3.44897409	0.00000512	0x35	0x00
SPI [1]	result	3.44897937	0.00000512	0x30	0x00
SPI [1]	result	3.44898465	0.00000512	0x53	0x00
SPI [1]	result	3.44898993	0.00000512	0x00	0x00
SPI [1]	result	3.44899521	0.00000512	0x00	0x0C
SPI [1]	result	3.44900049	0.00000512	0x00	0x33
SPI [1]	result	3.44900577	0.00000512	0x00	0xCA
SPI [1]	result	3.44901105	0.00000512	0x00	0x55
SPI [1]	result	3.44901633	0.00000512	0x00	0xA0
SPI [1]	result	3.44902161	0.00000512	0x00	0x00
SPI [1]	result	3.44902689	0.00000512	0x00	0x00
SPI [1]	result	3.44903217	0.00000512	0x35	0x00
SPI [1]	result	3.44903745	0.00000512	0x39	0x00
SPI [1]	result	3.44904273	0.00000512	0x33	0x00
SPI [1]	result	3.44904801	0.00000512	0x35	0x00
SPI [1]	result	3.44905329	0.00000512	0x33	0x00
SPI [1]	result	3.44905857	0.00000512	0x33	0x00
SPI [1]	result	3.44906385	0.00000512	0x33	0x00
SPI [1]	result	3.44906913	0.00000512	0x31	0xC3
SPI [1]	result	3.44907441	0.00000512	0x33	0x3C
SPI [1]	result	3.44907969	0.00000512	0x36	0xA5
SPI [1]	result	3.44908497	0.00000512	0x33	0x5A
SPI [1]	result	3.44909025	0.00000512	0x31	0x00
SPI [1]	result	3.44909553	0.00000512	0x31	0x00
SPI [1]	result	3.44910081	0.00000512	0x37	0x00
SPI [1]	result	3.44910609	0.00000512	0x30	0x00
SPI [1]	result	3.44911137	0.00000512	0x32	0x00
SPI [1]	result	3.44911665	0.00000512	0x31	0x00
SPI [1]	result	3.44912193	0.00000512	0x36	0x00
SPI [1]	result	3.44912721	0.00000512	0x37	0x00
SPI [1]	result	3.44913249	0.00000512	0x30	0x00
SPI [1]	result	3.44913777	0.00000512	0x32	0x0C
SPI [1]	result	3.44914305	0.00000512	0x30	0x33
SPI [1]	result	3.44914833	0.00000512	0x31	0xCA
SPI [1]	result	3.44915361	0.00000512	0x30	0x55
SPI [1]	result	3.44915889	0.00000512	0x31	0xA0
SPI [1]	result	3.44916417	0.00000512	0x31	0x00
SPI [1]	result	3.44916945	0.00000512	0x30	0x00
SPI [1]	result	3.44917473	0.00000512	0x36	0x00
SPI [1]	result	3.44918001	0.00000512	0x39	0x00
SPI [1]	result	3.44918529	0.00000512	0x41	0x00
SPI [1]	result	3.44919057	0.00000512	0x04	0x00
SPI [1]	result	3.44919585	0.00000512	0x20	0x00
SPI [1]	result	3.44920113	0.00000512	0x02	0x00
SPI [1]	result	3.44920641	0.00000512	0x16	0x00
SPI [1]	result	3.44921169	0.00000512	0x01	0xC3
SPI [1]	result	3.44921697	0.00000512	0x00	0x3C
SPI [1]	result	3.44922225	0.00000512	0x01	0xA5
SPI [1]	result	3.44922753	0.00000512	0x00	0x5A
SPI [1]	result	3.44923281	0.00000512	0x01	0x00
SPI [1]	result	3.44923809	0.00000512	0x00	0x00
SPI [1]	result	3.44924337	0.00000512	0x00	0x00
SPI [1]	result	3.44924865	0.00000512	0x00	0x00
SPI [1]	result	3.44925393	0.00000512	0x00	0x00
SPI [1]	result	3.44925921	0.00000512	0x00	0x00
SPI [1]	result	3.44926449	0.00000512	0x00	0x00
SPI [1]	result	3.44926977	0.00000512	0x00	0x00
SPI [1]	result	3.44927505	0.00000512	0x00	0x00
SPI [1]	result	3.44928033	0.00000512	0x00	0x0C
SPI [1]	result	3.44928561	0.00000512	0x00	0x33
SPI [1]	result	3.44929089	0.00000512	0x00	0xCA
SPI [1]	result	3.44929617	0.00000512	0x00	0x55
SPI [1]	result	3.44930145	0.00000512	0x00	0xA0
SPI [1]	result	3.44930673	0.00000512	0x00	0x00
SPI [1]	result	3.44931201	0.00000512	0x00	0x00
SPI [1]	result	3.44931729	0.00000512	0x00	0x00
SPI [1]	result	3.44932257	0.00000512	0x00	0x00
SPI [1]	result	3.44932785	0.00000512	0x00	0x00
SPI [1]	result	3.44933313	0.00000512	0x00	0x00
SPI [1]	result	3.44933841	0.00000512	0x00	0x00
SPI [1]	result	3.44934369	0.00000512	0x00	0x00
SPI [1]	result	3.44934897	0.00000512	0x00	0x00
SPI [1]	result	3.44935425	0.00000512	0x00	0xC3
SPI [1]	result	3.44935953	0.00000512	0x00	0x3C
SPI [1]	result	3.44936481	0.00000512	0x00	0xA5
SPI [1]	result	3.44937009	0.00000512	0x00	0x5A
SPI [1]	result	3.44937537	0.00000512	0x00	0x00
SPI [1]	result	3.44938065	0.00000512	0x00	0x00
SPI [1]	result	3.44938593	0.00000512	0x00	0x00
SPI [1]	result	3.44939121	0.00000512	0x00	0x00
SPI [1]	result	3.44939649	0.00000512	0x00	0x00
SPI [1]	result	3.44940177	0.00000512	0x00	0x00
SPI [1]	result	3.44940705	0.00000512	0x00	0x00
SPI [1]	result	3.44941233	0.00000512	0x00	0x00
SPI [1]	result	3.44941761	0.00000512	0x00	0x00
SPI [1]	result	3.44942289	0.00000512	0x00	0x0C
SPI [1]	result	3.44942817	0.00000512	0x00	0x33
SPI [1]	result	3.44943345	0.00000512	0x00	0xCA
SPI [1]	result	3.44943873	0.00000512	0x00	0x55
SPI [1]	result	3.44944401	0.00000512	0x00	0xA0
SPI [1]	result	3.44944929	0.00000512	0x00	0x00
SPI [1]	result	3.44945457	0.00000512	0x00	0x00
SPI [1]	result	3.44945985	0.00000512	0x00	0x00
SPI [1]	result	3.44946513	0.00000512	0x00	0x00
SPI [1]	result	3.44947041	0.00000512	0xED	0x00
SPI [1]	result	3.45259880	0.00000512	0x00	0xC3
SPI [1]	result	3.45260408	0.00000512	0x00	0x3C
SPI [1]	result	3.45260936	0.00000512	0x05	0xA5
SPI [1]	result	3.45261464	0.00000512	0x96	0x5A
SPI [1]	result	3.45379049	0.00000512	0x0D	0xC3
SPI [1]	result	3.45379577	0.00000512	0x10	0x3C
SPI [1]	result	3.45380105	0.00000512	0x80	0xA5
SPI [1]	result	3.45380633	0.00000512	0x0A	0x5A
SPI [1]	result	3.45397273	0.00000512	0x00	0xC3
SPI [1]	result	3.45397801	0.00000512	0x00	0x3C
SPI [1]	result	3.45398329	0.00000512	0x00	0xA5
SPI [1]	result	3.45398857	0.00000512	0x00	0x5A
SPI [1]	result	3.45454982	0.00000512	0x08	0xC3
SPI [1]	result	3.45455510	0.00000512	0x00	0x3C
SPI [1]	result	3.45456038	0.00000512	0x85	0xA5
SPI [1]	result	3.45456566	0.00000512	0xA8	0x5A
SPI [1]	result	3.45513981	0.00000512	0x00	0xC3
SPI [1]	result	3.45514509	0.00000512	0x00	0x3C
SPI [1]	result	3.45515037	0.00000512	0x08	0xA5
SPI [1]	result	3.45515565	0.00000512	0x20	0x5A
SPI [1]	result	3.45731585	0.00000512	0x0E	0xC3
SPI [1]	result	3.45732113	0.00000512	0x10	0x3C
SPI [1]	result	3.45732641	0.00000512	0x80	0xA5
SPI [1]	result	3.45733169	0.00000512	0x12	0x5A
SPI [1]	result	3.45740338	0.00000512	0x00	0xC3
SPI [1]	result	3.45740866	0.00000512	0x00	0x3C
SPI [1]	result	3.45741394	0.00000512	0x00	0xA5
SPI [1]	result	3.45741922	0.00000512	0x00	0x5A
SPI [1]	result	3.45746668	0.00000512	0x08	0x00
SPI [1]	result	3.45747196	0.00000512	0x00	0x06
SPI [1]	result	3.45747724	0.00000512	0x88	0x19
SPI [1]	result	3.45748252	0.00000512	0x32	0xE5
SPI [1]	result	3.45839942	0.00000512	0x00	0xC3
SPI [1]	result	3.45840470	0.00000512	0x00	0x3C
SPI [1]	result	3.45840998	0.00000512	0x0C	0xA5
SPI [1]	result	3.45841526	0.00000512	0x30	0x5A
SPI [1]	result	3.45847332	0.00000512	0x0F	0x00
SPI [1]	result	3.45847860	0.00000512	0x10	0x30
SPI [1]	result	3.45848388	0.00000512	0x80	0xCF
SPI [1]	result	3.45848916	0.00000512	0x1A	0x29
SPI [1]	result	3.45904164	0.00000512	0x00	0x56
SPI [1]	result	3.45904692	0.00000512	0x00	0x80
SPI [1]	result	3.45905220	0.00000512	0x0C	0x00
SPI [1]	result	3.45905748	0.00000512	0x72	0x00
SPI [1]	result	3.45983366	0.00000512	0x08	0xC3
SPI [1]	result	3.45983894	0.00000512	0x00	0x3C
SPI [1]	result	3.45984422	0.00000512	0x8C	0xA5
SPI [1]	result	3.45984950	0.00000512	0x02	0x5A
SPI [1]	result	3.46042662	0.00000512	0x00	0xC3
SPI [1]	result	3.46043190	0.00000512	0x00	0x3C
SPI [1]	result	3.46043718	0.00000512	0x00	0xA5
SPI [1]	result	3.46044246	0.00000512	0x00	0x5A
SPI [1]	result	3.46100258	0.00000512	0x08	0xC3
SPI [1]	result	3.46100786	0.00000512	0x00	0x3C
SPI [1]	result	3.46101314	0.00000512	0x8C	0xA5
SPI [1]	result	3.46101842	0.00000512	0x44	0x5A
SPI [1]	result	3.49614950	0.00000512	0x00	0xC3
SPI [1]	result	3.49615478	0.00000512	0x00	0x3C
SPI [1]	result	3.49616006	0.00000512	0x08	0xA5
SPI [1]	result	3.49616534	0.00000512	0x20	0x5A
SPI [1]	result	3.49693862	0.00000512	0x09	0xC3
SPI [1]	result	3.49694390	0.00000512	0x10	0x3C
SPI [1]	result	3.49694918	0.00000512	0x80	0xA5
SPI [1]	result	3.49695446	0.00000512	0x2A	0x5A
SPI [1]	result	3.49751277	0.00000512	0x00	0xC3
SPI [1]	result	3.49751805	0.00000512	0x00	0x3C
SPI [1]	result	3.49752333	0.00000512	0x00	0xA5
SPI [1]	result	3.49752861	0.00000512	0x00	0x5A
SPI [1]	result	3.49807777	0.00000512	0x08	0xC3
SPI [1]	result	3.49808305	0.00000512	0x00	0x3C
SPI [1]	result	3.49808833	0.00000512	0x88	0xA5
SPI [1]	result	3.49809361	0.00000512	0x32	0x5A
SPI [1]	result	3.55866432	0.00000512	0x00	0xC3
SPI [1]	result	3.55866960	0.00000512	0x00	0x3C
SPI [1]	result	3.55867488	0.00000512	0x08	0xA5
SPI [1]	result	3.55868016	0.00000512	0x20	0x5A
SPI [1]	result	3.55914192	0.00000512	0x0A	0xC3
SPI [1]	result	3.55914720	0.00000512	0x10	0x3C
SPI [1]	result	3.55915248	0.00000512	0x80	0xA5
SPI [1]	result	3.55915776	0.00000512	0x32	0x5A
SPI [1]	result	3.55942569	0.00000512	0x00	0xC3
SPI [1]	result	3.55943097	0.00000512	0x00	0x3C
SPI [1]	result	3.55943625	0.00000512	0x00	0xA5
SPI [1]	result	3.55944153	0.00000512	0x00	0x5A
SPI [1]	result	3.55970560	0.00000512	0x08	0xC3
SPI [1]	result	3.55971088	0.00000512	0x00	0x3C
SPI [1]	result	3.55971616	0.00000512	0x88	0xA5
SPI [1]	result	3.55972144	0.00000512	0x32	0x5A
SPI [1]	result	3.57352740	0.00000512	0x00	0xC3
SPI [1]	result	3.57353268	0.00000512	0x00	0x3C
SPI [1]	result	3.57353796	0.00000512	0x20	0xA5
SPI [1]	result	3.57354324	0.00000512	0x04	0x5A
SPI [1]	result	3.57402179	0.00000512	0x0B	0xC3
SPI [1]	result	3.57402707	0.00000512	0x10	0x3C
SPI [1]	result	3.57403235	0.00000512	0x80	0xA5
SPI [1]	result	3.57403763	0.00000512	0x3A	0x5A
SPI [1]	result	3.57432859	0.00000512	0x00	0xC3
SPI [1]	result	3.57433387	0.00000512	0x00	0x3C
SPI [1]	result	3.57433915	0.00000512	0x3F	0xA5
SPI [1]	result	3.57434443	0.00000512	0xC6	0x5A
SPI [1]	result	3.57482258	0.00000512	0x0C	0xC3
SPI [1]	result	3.57482786	0.00000512	0x00	0x3C
SPI [1]	result	3.57483314	0.00000512	0xA0	0xA5
SPI [1]	result	3.57483842	0.00000512	0x36	0x5A
SPI [1]	result	3.57512466	0.00000512	0x00	0xC3
SPI [1]	result	3.57512994	0.00000512	0x00	0x3C
SPI [1]	result	3.57513522	0.00000512	0x00	0xA5
SPI [1]	result	3.57514050	0.00000512	0x00	0x5A
SPI [1]	result	3.57540567	0.00000512	0x08	0xC3
SPI [1]	result	3.57541095	0.00000512	0x00	0x3C
SPI [1]	result	3.57541623	0.00000512	0xBF	0xA5
SPI [1]	result	3.57542151	0.00000512	0xD8	0x5A
SPI [1]	result	3.57639135	0.00000512	0x00	0xC3
SPI [1]	result	3.57639663	0.00000512	0x02	0x3C
SPI [1]	result	3.57640191	0.00000512	0x2A	0xA5
SPI [1]	result	3.57640719	0.00000512	0x2E	0x5A
SPI [1]	result	3.57647961	0.00000512	0x0D	0xC3
SPI [1]	result	3.57648489	0.00000512	0x10	0x3C
SPI [1]	result	3.57649017	0.00000512	0x80	0xA5
SPI [1]	result	3.57649545	0.00000512	0x0A	0x5A
SPI [1]	result	3.57660796	0.00000512	0x00	0xC3
SPI [1]	result	3.57661324	0.00000512	0x00	0x3C
SPI [1]	result	3.57661852	0.00000512	0x3F	0xA5
SPI [1]	result	3.57662380	0.00000512	0xC6	0x5A
SPI [1]	result	3.57693383	0.00000512	0x0E	0xC3
SPI [1]	result	3.57693911	0.00000512	0x00	0x3C
SPI [1]	result	3.57694439	0.00000512	0xAA	0xA5
SPI [1]	result	3.57694967	0.00000512	0x2E	0x5A
SPI [1]	result	3.57722782	0.00000512	0x00	0xC3
SPI [1]	result	3.57723310	0.00000512	0x00	0x3C
SPI [1]	result	3.57723838	0.00000512	0x00	0xA5
SPI [1]	result	3.57724366	0.00000512	0x00	0x5A
SPI [1]	result	3.57751363	0.00000512	0x08	0xC3
SPI [1]	result	3.57751891	0.00000512	0x00	0x3C
SPI [1]	result	3.57752419	0.00000512	0xBF	0xA5
SPI [1]	result	3.57752947	0.00000512	0xD8	0x5A
SPI [1]	result	3.59862631	0.00000512	0x00	0xC3
SPI [1]	result	3.59863159	0.00000512	0x00	0x3C
SPI [1]	result	3.59863687	0.00000512	0x08	0xA5
SPI [1]	result	3.59864215	0.00000512	0x20	0x5A
SPI [1]	result	3.59910576	0.00000512	0x0F	0xC3
SPI [1]	result	3.59911104	0.00000512	0x10	0x3C
SPI [1]	result	3.59911632	0.00000512	0x80	0xA5
SPI [1]	result	3.59912160	0.00000512	0x1A	0x5A
SPI [1]	result	3.59939264	0.00000512	0x00	0xC3
SPI [1]	result	3.59939792	0.00000512	0x00	0x3C
SPI [1]	result	3.59940320	0.00000512	0x00	0xA5
SPI [1]	result	3.59940848	0.00000512	0x00	0x5A
SPI [1]	result	3.59966757	0.00000512	0x08	0xC3
SPI [1]	result	3.59967285	0.00000512	0x00	0x3C
SPI [1]	result	3.59967813	0.00000512	0x88	0xA5
SPI [1]	result	3.59968341	0.00000512	0x32	0x5A
SPI [1]	result	3.59996473	0.00000512	0x00	0xC3
SPI [1]	result	3.59997001	0.00000512	0x00	0x3C
SPI [1]	result	3.59997529	0.00000512	0x0C	0xA5
SPI [1]	result	3.59998057	0.00000512	0xB2	0x5A
SPI [1]	result	3.60043775	0.00000512	0x08	0xC3
SPI [1]	result	3.60044303	0.00000512	0x10	0x3C
SPI [1]	result	3.60044831	0.00000512	0x80	0xA5
SPI [1]	result	3.60045359	0.00000512	0x22	0x5A
SPI [1]	result	3.60072259	0.00000512	0x00	0xC3
SPI [1]	result	3.60072787	0.00000512	0x00	0x3C
SPI [1]	result	3.60073315	0.00000512	0x0C	0xA5
SPI [1]	result	3.60073843	0.00000512	0x30	0x5A
SPI [1]	result	3.60117970	0.00000512	0x09	0xC3
SPI [1]	result	3.60118498	0.00000512	0x00	0x3C
SPI [1]	result	3.60119026	0.00000512	0x8C	0xA5
SPI [1]	result	3.60119554	0.00000512	0x8C	0x5A
SPI [1]	result	3.60147163	0.00000512	0x00	0xC3
SPI [1]	result	3.60147691	0.00000512	0x00	0x3C
SPI [1]	result	3.60148219	0.00000512	0x00	0xA5
SPI [1]	result	3.60148747	0.00000512	0x00	0x5A
SPI [1]	result	3.60176272	0.00000512	0x08	0xC3
SPI [1]	result	3.60176800	0.00000512	0x00	0x3C
SPI [1]	result	3.60177328	0.00000512	0x8C	0xA5
SPI [1]	result	3.60177856	0.00000512	0x02	0x5A
SPI [1]	result	3.64191112	0.00000512	0x00	0xC3
SPI [1]	result	3.64191640	0.00000512	0x00	0x3C
SPI [1]	result	3.64192168	0.00000512	0x08	0xA5
SPI [1]	result	3.64192696	0.00000512	0x20	0x5A
SPI [1]	result	3.64240625	0.00000512	0xA5	0xC3
SPI [1]	result	3.64241153	0.00000512	0x5A	0x3C
SPI [1]	result	3.64241681	0.00000512	0x3C	0xA5
SPI [1]	result	3.64242209	0.00000512	0xC3	0x5A
SPI [1]	result	3.64281740	0.00000512	0x80	0xA5
SPI [1]	result	3.64282268	0.00000512	0x20	0x5A
SPI [1]	result	3.64282796	0.00000512	0x28	0x3C
SPI [1]	result	3.64283324	0.00000512	0x24	0xC3
SPI [1]	result	3.64322520	0.00000512	0x08	0x08
SPI [1]	result	3.64323048	0.00000512	0x10	0x10
SPI [1]	result	3.64323576	0.00000512	0x80	0xA8
SPI [1]	result	3.64324104	0.00000512	0x22	0x06
SPI [1]	result	3.64363604	0.00000512	0x00	0x08
SPI [1]	result	3.64364132	0.00000512	0x00	0x00
SPI [1]	result	3.64364660	0.00000512	0x00	0xA8
SPI [1]	result	3.64365188	0.00000512	0x00	0x36
SPI [1]	result	3.64404745	0.00000512	0x00	0x00
SPI [1]	result	3.64405273	0.00000512	0x00	0xF3
SPI [1]	result	3.64405801	0.00000512	0x00	0x03
SPI [1]	result	3.64406329	0.00000512	0x00	0xE8
SPI [1]	result	3.64447757	0.00000512	0x00	0xC3
SPI [1]	result	3.64448285	0.00000512	0x00	0x3C
SPI [1]	result	3.64448813	0.00000512	0x3F	0xA5
SPI [1]	result	3.64449341	0.00000512	0xC6	0x5A
SPI [1]	result	3.64534517	0.00000512	0x08	0xC3
SPI [1]	result	3.64535045	0.00000512	0x10	0x3C
SPI [1]	result	3.64535573	0.00000512	0x80	0xA5
SPI [1]	result	3.64536101	0.00000512	0x22	0x5A
SPI [1]	result	3.64869728	0.00000512	0x00	0xC3
SPI [1]	result	3.64870256	0.00000512	0x00	0x3C
SPI [1]	result	3.64870784	0.00000512	0x00	0xA5
SPI [1]	result	3.64871312	0.00000512	0x00	0x5A
SPI [1]	result	3.64954346	0.00000512	0x08	0xC3
SPI [1]	result	3.64954874	0.00000512	0x00	0x3C
SPI [1]	result	3.64955402	0.00000512	0xBF	0xA5
SPI [1]	result	3.64955930	0.00000512	0xD8	0x5A
SPI [1]	result	3.65209555	0.00000512	0xB8	0xC3
SPI [1]	result	3.65210083	0.00000512	0x01	0x3C
SPI [1]	result	3.65210611	0.00000512	0x06	0xA5
SPI [1]	result	3.65211139	0.00000512	0x26	0x5A
SPI [1]	result	3.65325340	0.00000512	0x09	0xC3
SPI [1]	result	3.65325868	0.00000512	0x10	0x3C
SPI [1]	result	3.65326396	0.00000512	0x80	0xA5
SPI [1]	result	3.65326924	0.00000512	0x2A	0x5A
SPI [1]	result	3.65347332	0.00000512	0x00	0xC3
SPI [1]	result	3.65347860	0.00000512	0x00	0x3C
SPI [1]	result	3.65348388	0.00000512	0x05	0xA5
SPI [1]	result	3.65348916	0.00000512	0x14	0x5A
SPI [1]	result	3.65425951	0.00000512	0x0A	0xC3
SPI [1]	result	3.65426479	0.00000512	0x00	0x3C
SPI [1]	result	3.65427007	0.00000512	0x86	0xA5
SPI [1]	result	3.65427535	0.00000512	0x3A	0x5A
SPI [1]	result	3.65484730	0.00000512	0x00	0xC3
SPI [1]	result	3.65485258	0.00000512	0x00	0x3C
SPI [1]	result	3.65485786	0.00000512	0x00	0xA5
SPI [1]	result	3.65486314	0.00000512	0x00	0x5A
SPI [1]	result	3.65540915	0.00000512	0x08	0xC3
SPI [1]	result	3.65541443	0.00000512	0x00	0x3C
SPI [1]	result	3.65541971	0.00000512	0x85	0xA5
SPI [1]	result	3.65542499	0.00000512	0x26	0x5A
SPI [1]	result	3.65850128	0.00000512	0xFF	0xC3
SPI [1]	result	3.65850656	0.00000512	0xFF	0x3C
SPI [1]	result	3.65851184	0.00000512	0x00	0xA5
SPI [1]	result	3.65851712	0.00000512	0x00	0x5A
SPI [1]	result	3.65852240	0.00000512	0x00	0x00
SPI [1]	result	3.65852768	0.00000512	0x00	0x00
SPI [1]	result	3.65853296	0.00000512	0x00	0x00
SPI [1]	result	3.65853824	0.00000512	0x00	0x00
SPI [1]	result	3.65854352	0.00000512	0x00	0x00
SPI [1]	result	3.65854880	0.00000512	0x00	0x00
SPI [1]	result	3.65855408	0.00000512	0x00	0x00
SPI [1]	result	3.65855936	0.00000512	0x00	0x00
SPI [1]	result	3.65856464	0.00000512	0x00	0x00
SPI [1]	result	3.65856992	0.00000512	0x00	0x0C
SPI [1]	result	3.65857520	0.00000512	0x00	0x33
SPI [1]	result	3.65858048	0.00000512	0x00	0xCA
SPI [1]	result	3.65858576	0.00000512	0x00	0x55
SPI [1]	result	3.65859104	0.00000512	0x00	0xA0
SPI [1]	result	3.65859632	0.00000512	0x00	0x00
SPI [1]	result	3.65860160	0.00000512	0x00	0x00
SPI [1]	result	3.65860688	0.00000512	0x00	0x00
SPI [1]	result	3.65861216	0.00000512	0x00	0x00
SPI [1]	result	3.65861744	0.00000512	0x00	0x00
SPI [1]	result	3.65862272	0.00000512	0x00	0x00
SPI [1]	result	3.65862800	0.00000512	0x00	0x00
SPI [1]	result	3.65863328	0.00000512	0x00	0x00
SPI [1]	result	3.65863856	0.00000512	0x00	0x00
SPI [1]	result	3.65864384	0.00000512	0x00	0xC3
SPI [1]	result	3.65864912	0.00000512	0x00	0x3C
SPI [1]	result	3.65865440	0.00000512	0x00	0xA5
SPI [1]	result	3.65865968	0.00000512	0x00	0x5A
SPI [1]	result	3.65866496	0.00000512	0x00	0x00
SPI [1]	result	3.65867024	0.00000512	0x00	0x00
SPI [1]	result	3.65867552	0.00000512	0x00	0x00
SPI [1]	result	3.65868080	0.00000512	0x00	0x00
SPI [1]	result	3.65868608	0.00000512	0x00	0x00
SPI [1]	result	3.65869136	0.00000512	0x00	0x00
SPI [1]	result	3.65869664	0.00000512	0x00	0x00
SPI [1]	result	3.65870192	0.00000512	0x00	0x00
SPI [1]	result	3.65870720	0.00000512	0x00	0x00
SPI [1]	result	3.65871248	0.00000512	0x00	0x0C
SPI [1]	result	3.65871776	0.00000512	0x00	0x33
SPI [1]	result	3.65872304	0.00000512	0x00	0xCA
SPI [1]	result	3.65872832	0.00000512	0x00	0x55
SPI [1]	result	3.65873360	0.00000512	0x00	0xA0
SPI [1]	result	3.65873888	0.00000512	0x00	0x00
SPI [1]	result	3.65874416	0.00000512	0x00	0x00
SPI [1]	result	3.65874944	0.00000512	0x00	0x00
SPI [1]	result	3.65875472	0.00000512	0x00	0x00
SPI [1]	result	3.65876000	0.00000512	0x00	0x00
SPI [1]	result	3.65876528	0.00000512	0x00	0x00
SPI [1]	result	3.65877056	0.00000512	0x00	0x00
SPI [1]	result	3.65877584	0.00000512	0x00	0x00
SPI [1]	result	3.65878112	0.00000512	0x00	0x00
SPI [1]	result	3.65878640	0.00000512	0x00	0xC3
SPI [1]	result	3.65879168	0.00000512	0x00	0x3C
SPI [1]	result	3.65879696	0.00000512	0x00	0xA5
SPI [1]	result	3.65880224	0.00000512	0x00	0x5A
SPI [1]	result	3.65880752	0.00000512	0x00	0x00
SPI [1]	result	3.65881280	0.00000512	0x00	0x00
SPI [1]	result	3.65881808	0.00000512	0x00	0x00
SPI [1]	result	3.65882336	0.00000512	0x00	0x00
SPI [1]	result	3.65882864	0.00000512	0x00	0x00
SPI [1]	result	3.65883392	0.00000512	0x00	0x00
SPI [1]	result	3.65883920	0.00000512	0x00	0x00
SPI [1]	result	3.65884448	0.00000512	0x00	0x00
SPI [1]	result	3.65884976	0.00000512	0x00	0x00
SPI [1]	result	3.65885504	0.00000512	0x00	0x0C
SPI [1]	result	3.65886032	0.00000512	0x00	0x33
SPI [1]	result	3.65886560	0.00000512	0x00	0xCA
SPI [1]	result	3.65887088	0.00000512	0x00	0x55
SPI [1]	result	3.65887616	0.00000512	0x00	0xA0
SPI [1]	result	3.65888144	0.00000512	0x00	0x00
SPI [1]	result	3.65888672	0.00000512	0x00	0x00
SPI [1]	result	3.65889200	0.00000512	0x00	0x00
SPI [1]	result	3.65889728	0.00000512	0x00	0x00
SPI [1]	result	3.65890256	0.00000512	0x00	0x00
SPI [1]	result	3.65890784	0.00000512	0x00	0x00
SPI [1]	result	3.65891312	0.00000512	0x00	0x00
SPI [1]	result	3.65891840	0.00000512	0x00	0x00
SPI [1]	result	3.65892368	0.00000512	0x00	0x00
SPI [1]	result	3.65892896	0.00000512	0x00	0xC3
SPI [1]	result	3.65893424	0.00000512	0x00	0x3C
SPI [1]	result	3.65893952	0.00000512	0x00	0xA5
SPI [1]	result	3.65894480	0.00000512	0x00	0x5A
SPI [1]	result	3.65895008	0.00000512	0x00	0x00
SPI [1]	result	3.65895536	0.00000512	0x00	0x00
SPI [1]	result	3.65896064	0.00000512	0x00	0x00
SPI [1]	result	3.65896592	0.00000512	0x00	0x00
SPI [1]	result	3.65897120	0.00000512	0x00	0x00
SPI [1]	result	3.65897648	0.00000512	0x00	0x00
SPI [1]	result	3.65898176	0.00000512	0x00	0x00
SPI [1]	result	3.65898704	0.00000512	0x00	0x00
SPI [1]	result	3.65899232	0.00000512	0x00	0x00
SPI [1]	result	3.65899760	0.00000512	0x00	0x0C
SPI [1]	result	3.65900288	0.00000512	0x00	0x33
SPI [1]	result	3.65900816	0.00000512	0x00	0xCA
SPI [1]	result	3.65901344	0.00000512	0x00	0x55
SPI [1]	result	3.65901872	0.00000512	0x00	0xA0
SPI [1]	result	3.65902400	0.00000512	0x00	0x00
SPI [1]	result	3.65902928	0.00000512	0x00	0x00
SPI [1]	result	3.65903456	0.00000512	0x00	0x00
SPI [1]	result	3.65903984	0.00000512	0x00	0x00
SPI [1]	result	3.65904512	0.00000512	0x00	0x00
SPI [1]	result	3.65905040	0.00000512	0x00	0x00
SPI [1]	result	3.65905568	0.00000512	0x00	0x00
SPI [1]	result	3.65906096	0.00000512	0x00	0x00
SPI [1]	result	3.65906624	0.00000512	0x00	0x00
SPI [1]	result	3.65907152	0.00000512	0x00	0xC3
SPI [1]	result	3.65907680	0.00000512	0x00	0x3C
SPI [1]	result	3.65908208	0.00000512	0x00	0xA5
SPI [1]	result	3.65908736	0.00000512	0x00	0x5A
SPI [1]	result	3.65909264	0.00000512	0x00	0x00
SPI [1]	result	3.65909792	0.00000512	0x00	0x00
SPI [1]	result	3.65910320	0.00000512	0x00	0x00
SPI [1]	result	3.65910848	0.00000512	0x00	0x00
SPI [1]	result	3.65911376	0.00000512	0x00	0x00
SPI [1]	result	3.65911904	0.00000512	0x00	0x00
SPI [1]	result	3.65912432	0.00000512	0x00	0x00
SPI [1]	result	3.65912960	0.00000512	0x00	0x00
SPI [1]	result	3.65913488	0.00000512	0x00	0x00
SPI [1]	result	3.65914016	0.00000512	0x00	0x0C
SPI [1]	result	3.65914544	0.00000512	0x00	0x33
SPI [1]	result	3.65915072	0.00000512	0x00	0xCA
SPI [1]	result	3.65915600	0.00000512	0x00	0x55
SPI [1]	result	3.65916128	0.00000512	0x00	0xA0
SPI [1]	result	3.65916656	0.00000512	0x00	0x00
SPI [1]	result	3.65917184	0.00000512	0x00	0x00
SPI [1]	result	3.65917712	0.00000512	0x00	0x00
SPI [1]	result	3.65918240	0.00000512	0x00	0x00
SPI [1]	result	3.65918768	0.00000512	0x5A	0x00
SPI [1]	result	3.66231716	0.00000512	0xFF	0xC3
SPI [1]	result	3.66232244	0.00000512	0x00	0x3C
SPI [1]	result	3.66232772	0.00000512	0x00	0xA5
SPI [1]	result	3.66233300	0.00000512	0x00	0x5A
SPI [1]	result	3.66233828	0.00000512	0x00	0x00
SPI [1]	result	3.66234356	0.00000512	0x00	0x00
SPI [1]	result	3.66234884	0.00000512	0x00	0x00
SPI [1]	result	3.66235412	0.00000512	0x00	0x00
SPI [1]	result	3.66235940	0.00000512	0x00	0x00
SPI [1]	result	3.66236468	0.00000512	0x00	0x00
SPI [1]	result	3.66236996	0.00000512	0x00	0x00
SPI [1]	result	3.66237524	0.00000512	0x00	0x00
SPI [1]	result	3.66238052	0.00000512	0x00	0x00
SPI [1]	result	3.66238580	0.00000512	0x00	0x0C
SPI [1]	result	3.66239108	0.00000512	0x00	0x33
SPI [1]	result	3.66239636	0.00000512	0x00	0xCA
SPI [1]	result	3.66240164	0.00000512	0x00	0x55
SPI [1]	result	3.66240692	0.00000512	0x00	0xA0
SPI [1]	result	3.66241220	0.00000512	0x00	0x00
SPI [1]	result	3.66241748	0.00000512	0x00	0x00
SPI [1]	result	3.66242276	0.00000512	0x00	0x00
SPI [1]	result	3.66242804	0.00000512	0x00	0x00
SPI [1]	result	3.66243332	0.00000512	0x00	0x00
SPI [1]	result	3.66243860	0.00000512	0x00	0x00
SPI [1]	result	3.66244388	0.00000512	0x00	0x00
SPI [1]	result	3.66244916	0.00000512	0x00	0x00
SPI [1]	result	3.66245444	0.00000512	0x00	0x00
SPI [1]	result	3.66245972	0.00000512	0x00	0xC3
SPI [1]	result	3.66246500	0.00000512	0x00	0x3C
SPI [1]	result	3.66247028	0.00000512	0x00	0xA5
SPI [1]	result	3.66247556	0.00000512	0x00	0x5A
SPI [1]	result	3.66248084	0.00000512	0x00	0x00
SPI [1]	result	3.66248612	0.00000512	0x00	0x00
SPI [1]	result	3.66249140	0.00000512	0x00	0x00
SPI [1]	result	3.66249668	0.00000512	0x00	0x00
SPI [1]	result	3.66250196	0.00000512	0x00	0x00
SPI [1]	result	3.66250724	0.00000512	0x00	0x00
SPI [1]	result	3.66251252	0.00000512	0x00	0x00
SPI [1]	result	3.66251780	0.00000512	0x00	0x00
SPI [1]	result	3.66252308	0.00000512	0x00	0x00
SPI [1]	result	3.66252836	0.00000512	0x00	0x0C
SPI [1]	result	3.66253364	0.00000512	0x00	0x33
SPI [1]	result	3.66253892	0.00000512	0x00	0xCA
SPI [1]	result	3.66254420	0.00000512	0x00	0x55
SPI [1]	result	3.66254948	0.00000512	0x00	0xA0
SPI [1]	result	3.66255476	0.00000512	0x00	0x00
SPI [1]	result	3.66256004	0.00000512	0x00	0x00
SPI [1]	result	3.66256532	0.00000512	0x00	0x00
SPI [1]	result	3.66257060	0.00000512	0x00	0x00
SPI [1]	result	3.66257588	0.00000512	0x00	0x00
SPI [1]	result	3.66258116	0.00000512	0x00	0x00
SPI [1]	result	3.66258644	0.00000512	0x00	0x00
SPI [1]	result	3.66259172	0.00000512	0x00	0x00
SPI [1]	result	3.66259700	0.00000512	0x00	0x00
SPI [1]	result	3.66260228	0.00000512	0x00	0xC3
SPI [1]	result	3.66260756	0.00000512	0x00	0x3C
SPI [1]	result	3.66261284	0.00000512	0x00	0xA5
SPI [1]	result	3.66261812	0.00000512	0x00	0x5A
SPI [1]	result	3.66262340	0.00000512	0x00	0x00
SPI [1]	result	3.66262868	0.00000512	0x00	0x00
SPI [1]	result	3.66263396	0.00000512	0x00	0x00
SPI [1]	result	3.66263924	0.00000512	0x00	0x00
SPI [1]	result	3.66264452	0.00000512	0x00	0x00
SPI [1]	result	3.66264980	0.00000512	0x00	0x00
SPI [1]	result	3.66265508	0.00000512	0x00	0x00
SPI [1]	result	3.66266036	0.00000512	0x00	0x00
SPI [1]	result	3.66266564	0.00000512	0x00	0x00
SPI [1]	result	3.66267092	0.00000512	0x00	0x0C
SPI [1]	result	3.66267620	0.00000512	0x00	0x33
SPI [1]	result	3.66268148	0.00000512	0x00	0xCA
SPI [1]	result	3.66268676	0.00000512	0x00	0x55
SPI [1]	result	3.66269204	0.00000512	0x00	0xA0
SPI [1]	result	3.66269732	0.00000512	0x00	0x00
SPI [1]	result	3.66270260	0.00000512	0x00	0x00
SPI [1]	result	3.66270788	0.00000512	0x00	0x00
SPI [1]	result	3.66271316	0.00000512	0x00	0x00
SPI [1]	result	3.66271844	0.00000512	0x00	0x00
SPI [1]	result	3.66272372	0.00000512	0x00	0x00
SPI [1]	result	3.66272900	0.00000512	0x00	0x00
SPI [1]	result	3.66273428	0.00000512	0x00	0x00
SPI [1]	result	3.66273956	0.00000512	0x00	0x00
SPI [1]	result	3.66274484	0.00000512	0x00	0xC3
SPI [1]	result	3.66275012	0.00000512	0x00	0x3C
SPI [1]	result	3.66275540	0.00000512	0x00	0xA5
SPI [1]	result	3.66276068	0.00000512	0x00	0x5A
SPI [1]	result	3.66276596	0.00000512	0x00	0x00
SPI [1]	result	3.66277124	0.00000512	0x00	0x00
SPI [1]	result	3.66277652	0.00000512	0x00	0x00
SPI [1]	result	3.66278180	0.00000512	0x00	0x00
SPI [1]	result	3.66278708	0.00000512	0x00	0x00
SPI [1]	result	3.66279236	0.00000512	0x00	0x00
SPI [1]	result	3.66279764	0.00000512	0x00	0x00
SPI [1]	result	3.66280292	0.00000512	0x00	0x00
SPI [1]	result	3.66280820	0.00000512	0x00	0x00
SPI [1]	result	3.66281348	0.00000512	0x00	0x0C
SPI [1]	result	3.66281876	0.00000512	0x00	0x33
SPI [1]	result	3.66282404	0.00000512	0x00	0xCA
SPI [1]	result	3.66282932	0.00000512	0x00	0x55
SPI [1]	result	3.66283460	0.00000512	0x00	0xA0
SPI [1]	result	3.66283988	0.00000512	0x00	0x00
SPI [1]	result	3.66284516	0.00000512	0x00	0x00
SPI [1]	result	3.66285044	0.00000512	0x00	0x00
SPI [1]	result	3.66285572	0.00000512	0x00	0x00
SPI [1]	result	3.66286100	0.00000512	0x00	0x00
SPI [1]	result	3.66286628	0.00000512	0x00	0x00
SPI [1]	result	3.66287156	0.00000512	0x00	0x00
SPI [1]	result	3.66287684	0.00000512	0x00	0x00
SPI [1]	result	3.66288212	0.00000512	0x00	0x00
SPI [1]	result	3.66288740	0.00000512	0x00	0xC3
SPI [1]	result	3.66289268	0.00000512	0x00	0x3C
SPI [1]	result	3.66289796	0.00000512	0x00	0xA5
SPI [1]	result	3.66290324	0.00000512	0x00	0x5A
SPI [1]	result	3.66290852	0.00000512	0x00	0x00
SPI [1]	result	3.66291380	0.00000512	0x00	0x00
SPI [1]	result	3.66291908	0.00000512	0x00	0x00
SPI [1]	result	3.66292436	0.00000512	0x00	0x00
SPI [1]	result	3.66292964	0.00000512	0x00	0x00
SPI [1]	result	3.66293492	0.00000512	0x00	0x00
SPI [1]	result	3.66294020	0.00000512	0x00	0x00
SPI [1]	result	3.66294548	0.00000512	0x00	0x00
SPI [1]	result	3.66295076	0.00000512	0x00	0x00
SPI [1]	result	3.66295604	0.00000512	0x00	0x0C
SPI [1]	result	3.66296132	0.00000512	0x00	0x33
SPI [1]	result	3.66296660	0.00000512	0x00	0xCA
SPI [1]	result	3.66297188	0.00000512	0x00	0x55
SPI [1]	result	3.66297716	0.00000512	0x00	0xA0
SPI [1]	result	3.66298244	0.00000512	0x00	0x00
SPI [1]	result	3.66298772	0.00000512	0x00	0x00
SPI [1]	result	3.66299300	0.00000512	0x00	0x00
SPI [1]	result	3.66299828	0.00000512	0x00	0x00
SPI [1]	result	3.66300356	0.00000512	0x5A	0x00
SPI [1]	result	3.66615321	0.00000512	0xB8	0xC3
SPI [1]	result	3.66615849	0.00000512	0x01	0x3C
SPI [1]	result	3.66616377	0.00000512	0x06	0xA5
SPI [1]	result	3.66616905	0.00000512	0x26	0x5A
SPI [1]	result	3.66695513	0.00000512	0x0B	0xC3
SPI [1]	result	3.66696041	0.00000512	0x10	0x3C
SPI [1]	result	3.66696569	0.00000512	0x80	0xA5
SPI [1]	result	3.66697097	0.00000512	0x3A	0x5A
SPI [1]	result	3.66752027	0.00000512	0x00	0xC3
SPI [1]	result	3.66752555	0.00000512	0x00	0x3C
SPI [1]	result	3.66753083	0.00000512	0x05	0xA5
SPI [1]	result	3.66753611	0.00000512	0x56	0x5A
SPI [1]	result	3.66831117	0.00000512	0x0C	0xC3
SPI [1]	result	3.66831645	0.00000512	0x00	0x3C
SPI [1]	result	3.66832173	0.00000512	0x86	0xA5
SPI [1]	result	3.66832701	0.00000512	0x0A	0x5A
SPI [1]	result	3.66889517	0.00000512	0x00	0xC3
SPI [1]	result	3.66890045	0.00000512	0x00	0x3C
SPI [1]	result	3.66890573	0.00000512	0x00	0xA5
SPI [1]	result	3.66891101	0.00000512	0x00	0x5A
SPI [1]	result	3.66947100	0.00000512	0x08	0xC3
SPI [1]	result	3.66947628	0.00000512	0x00	0x3C
SPI [1]	result	3.66948156	0.00000512	0x85	0xA5
SPI [1]	result	3.66948684	0.00000512	0x68	0x5A
SPI [1]	result	3.67263596	0.00000512	0x00	0xC3
SPI [1]	result	3.67264124	0.00000512	0x00	0x3C
SPI [1]	result	3.67264652	0.00000512	0x53	0xA5
SPI [1]	result	3.67265180	0.00000512	0x50	0x5A
SPI [1]	result	3.67265708	0.00000512	0x58	0x00
SPI [1]	result	3.67266236	0.00000512	0x31	0x00
SPI [1]	result	3.67266764	0.00000512	0x00	0x00
SPI [1]	result	3.67267292	0.00000512	0x00	0x00
SPI [1]	result	3.67267820	0.00000512	0x00	0x00
SPI [1]	result	3.67268348	0.00000512	0x00	0x00
SPI [1]	result	3.67268876	0.00000512	0x00	0x00
SPI [1]	result	3.67269404	0.00000512	0x00	0x00
SPI [1]	result	3.67269932	0.00000512	0x47	0x00
SPI [1]	result	3.67270460	0.00000512	0x46	0x0C
SPI [1]	result	3.67270988	0.00000512	0x58	0x33
SPI [1]	result	3.67271516	0.00000512	0x20	0xCA
SPI [1]	result	3.67272044	0.00000512	0x35	0x55
SPI [1]	result	3.67272572	0.00000512	0x30	0xA0
SPI [1]	result	3.67273100	0.00000512	0x53	0x00
SPI [1]	result	3.67273628	0.00000512	0x00	0x00
SPI [1]	result	3.67274156	0.00000512	0x00	0x00
SPI [1]	result	3.67274684	0.00000512	0x00	0x00
SPI [1]	result	3.67275212	0.00000512	0x00	0x00
SPI [1]	result	3.67275740	0.00000512	0x00	0x00
SPI [1]	result	3.67276268	0.00000512	0x00	0x00
SPI [1]	result	3.67276796	0.00000512	0x00	0x00
SPI [1]	result	3.67277324	0.00000512	0x00	0x00
SPI [1]	result	3.67277852	0.00000512	0x00	0xC3
SPI [1]	result	3.67278380	0.00000512	0x00	0x3C
SPI [1]	result	3.67278908	0.00000512	0x00	0xA5
SPI [1]	result	3.67279436	0.00000512	0x00	0x5A
SPI [1]	result	3.67279964	0.00000512	0x00	0x00
SPI [1]	result	3.67280492	0.00000512	0x47	0x00
SPI [1]	result	3.67281020	0.00000512	0x46	0x00
SPI [1]	result	3.67281548	0.00000512	0x58	0x00
SPI [1]	result	3.67282076	0.00000512	0x20	0x00
SPI [1]	result	3.67282604	0.00000512	0x35	0x00
SPI [1]	result	3.67283132	0.00000512	0x30	0x00
SPI [1]	result	3.67283660	0.00000512	0x53	0x00
SPI [1]	result	3.67284188	0.00000512	0x00	0x00
SPI [1]	result	3.67284716	0.00000512	0x00	0x0C
SPI [1]	result	3.67285244	0.00000512	0x00	0x33
SPI [1]	result	3.67285772	0.00000512	0x00	0xCA
SPI [1]	result	3.67286300	0.00000512	0x00	0x55
SPI [1]	result	3.67286828	0.00000512	0x00	0xA0
SPI [1]	result	3.67287356	0.00000512	0x00	0x00
SPI [1]	result	3.67287884	0.00000512	0x00	0x00
SPI [1]	result	3.67288412	0.00000512	0x35	0x00
SPI [1]	result	3.67288940	0.00000512	0x39	0x00
SPI [1]	result	3.67289468	0.00000512	0x33	0x00
SPI [1]	result	3.67289996	0.00000512	0x35	0x00
SPI [1]	result	3.67290524	0.00000512	0x33	0x00
SPI [1]	result	3.67291052	0.00000512	0x33	0x00
SPI [1]	result	3.67291580	0.00000512	0x33	0x00
SPI [1]	result	3.67292108	0.00000512	0x31	0xC3
SPI [1]	result	3.67292636	0.00000512	0x33	0x3C
SPI [1]	result	3.67293164	0.00000512	0x36	0xA5
SPI [1]	result	3.67293692	0.00000512	0x33	0x5A
SPI [1]	result	3.67294220	0.00000512	0x31	0x00
SPI [1]	result	3.67294748	0.00000512	0x31	0x00
SPI [1]	result	3.67295276	0.00000512	0x37	0x00
SPI [1]	result	3.67295804	0.00000512	0x30	0x00
SPI [1]	result	3.67296332	0.00000512	0x32	0x00
SPI [1]	result	3.67296860	0.00000512	0x31	0x00
SPI [1]	result	3.67297388	0.00000512	0x36	0x00
SPI [1]	result	3.67297916	0.00000512	0x37	0x00
SPI [1]	result	3.67298444	0.00000512	0x30	0x00
SPI [1]	result	3.67298972	0.00000512	0x32	0x04
SPI [1]	result	3.67299500	0.00000512	0x30	0x33
SPI [1]	result	3.67300028	0.00000512	0x31	0xCA
SPI [1]	result	3.67300556	0.00000512	0x30	0x55
SPI [1]	result	3.67301084	0.00000512	0x31	0xA0
SPI [1]	result	3.67301612	0.00000512	0x31	0x00
SPI [1]	result	3.67302140	0.00000512	0x30	0x00
SPI [1]	result	3.67302668	0.00000512	0x36	0x00
SPI [1]	result	3.67303196	0.00000512	0x39	0x00
SPI [1]	result	3.67303724	0.00000512	0x41	0x00
SPI [1]	result	3.67304252	0.00000512	0x04	0x00
SPI [1]	result	3.67304780	0.00000512	0x20	0x00
SPI [1]	result	3.67305308	0.00000512	0x02	0x00
SPI [1]	result	3.67305836	0.00000512	0x16	0x00
SPI [1]	result	3.67306364	0.00000512	0x01	0xC3
SPI [1]	result	3.67306892	0.00000512	0x00	0x3C
SPI [1]	result	3.67307420	0.00000512	0x01	0xA5
SPI [1]	result	3.67307948	0.00000512	0x00	0x5A
SPI [1]	result	3.67308476	0.00000512	0x01	0x00
SPI [1]	result	3.67309004	0.00000512	0x00	0x00
SPI [1]	result	3.67309532	0.00000512	0x00	0x00
SPI [1]	result	3.67310060	0.00000512	0x00	0x00
SPI [1]	result	3.67310588	0.00000512	0x00	0x00
SPI [1]	result	3.67311116	0.00000512	0x00	0x00
SPI [1]	result	3.67311644	0.00000512	0x00	0x00
SPI [1]	result	3.67312172	0.00000512	0x00	0x00
SPI [1]	result	3.67312700	0.00000512	0x00	0x00
SPI [1]	result	3.67313228	0.00000512	0x00	0x01
SPI [1]	result	3.67313756	0.00000512	0x00	0x86
SPI [1]	result	3.67314284	0.00000512	0x00	0x79
SPI [1]	result	3.67314812	0.00000512	0x00	0x4A
SPI [1]	result	3.67315340	0.00000512	0x00	0xB4
SPI [1]	result	3.67315868	0.00000512	0x00	0x00
SPI [1]	result	3.67316396	0.00000512	0x00	0x00
SPI [1]	result	3.67316924	0.00000512	0x00	0x00
SPI [1]	result	3.67317452	0.00000512	0x00	0x00
SPI [1]	result	3.67317980	0.00000512	0x00	0x00
SPI [1]	result	3.67318508	0.00000512	0x00	0x00
SPI [1]	result	3.67319036	0.00000512	0x00	0x00
SPI [1]	result	3.67319564	0.00000512	0x00	0x00
SPI [1]	result	3.67320092	0.00000512	0x00	0x00
SPI [1]	result	3.67320620	0.00000512	0x00	0x18
SPI [1]	result	3.67321148	0.00000512	0x00	0x67
SPI [1]	result	3.67321676	0.00000512	0x00	0x94
SPI [1]	result	3.67322204	0.00000512	0x00	0xAB
SPI [1]	result	3.67322732	0.00000512	0x00	0x40
SPI [1]	result	3.67323260	0.00000512	0x00	0x00
SPI [1]	result	3.67323788	0.00000512	0x00	0x00
SPI [1]	result	3.67324316	0.00000512	0x00	0x00
SPI [1]	result	3.67324844	0.00000512	0x00	0x00
SPI [1]	result	3.67325372	0.00000512	0x00	0x00
SPI [1]	result	3.67325900	0.00000512	0x00	0x00
SPI [1]	result	3.67326428	0.00000512	0x00	0x00
SPI [1]	result	3.67326956	0.00000512	0x00	0x00
SPI [1]	result	3.67327484	0.00000512	0x00	0x01
SPI [1]	result	3.67328012	0.00000512	0x00	0x86
SPI [1]	result	3.67328540	0.00000512	0x00	0x79
SPI [1]	result	3.67329068	0.00000512	0x00	0x4A
SPI [1]	result	3.67329596	0.00000512	0x00	0xB4
SPI [1]	result	3.67330124	0.00000512	0x00	0x00
SPI [1]	result	3.67330652	0.00000512	0x00	0x00
SPI [1]	result	3.67331180	0.00000512	0x00	0x00
SPI [1]	result	3.67331708	0.00000512	0x00	0x00
SPI [1]	result	3.67332236	0.00000512	0xEF	0x00
SPI [1]	result	3.67638208	0.00000512	0xFF	0xC3
SPI [1]	result	3.67638736	0.00000512	0xFF	0x3C
SPI [1]	result	3.67639264	0.00000512	0x53	0xA5
SPI [1]	result	3.67639792	0.00000512	0x50	0x5A
SPI [1]	result	3.67640320	0.00000512	0x58	0x00
SPI [1]	result	3.67640848	0.00000512	0x31	0x00
SPI [1]	result	3.67641376	0.00000512	0x00	0x00
SPI [1]	result	3.67641904	0.00000512	0x00	0x00
SPI [1]	result	3.67642432	0.00000512	0x00	0x00
SPI [1]	result	3.67642960	0.00000512	0x00	0x00
SPI [1]	result	3.67643488	0.00000512	0x00	0x00
SPI [1]	result	3.67644016	0.00000512	0x00	0x00
SPI [1]	result	3.67644544	0.00000512	0x47	0x00
SPI [1]	result	3.67645072	0.00000512	0x46	0x0C
SPI [1]	result	3.67645600	0.00000512	0x58	0x33
SPI [1]	result	3.67646128	0.00000512	0x20	0xCA
SPI [1]	result	3.67646656	0.00000512	0x35	0x55
SPI [1]	result	3.67647184	0.00000512	0x30	0xA0
SPI [1]	result	3.67647712	0.00000512	0x53	0x00
SPI [1]	result	3.67648240	0.00000512	0x00	0x00
SPI [1]	result	3.67648768	0.00000512	0x00	0x00
SPI [1]	result	3.67649296	0.00000512	0x00	0x00
SPI [1]	result	3.67649824	0.00000512	0x00	0x00
SPI [1]	result	3.67650352	0.00000512	0x00	0x00
SPI [1]	result	3.67650880	0.00000512	0x00	0x00
SPI [1]	result	3.67651408	0.00000512	0x00	0x00
SPI [1]	result	3.67651936	0.00000512	0x00	0x00
SPI [1]	result	3.67652464	0.00000512	0x00	0xC3
SPI [1]	result	3.67652992	0.00000512	0x00	0x3C
SPI [1]	result	3.67653520	0.00000512	0x00	0xA5
SPI [1]	result	3.67654048	0.00000512	0x00	0x5A
SPI [1]	result	3.67654576	0.00000512	0x00	0x00
SPI [1]	result	3.67655104	0.00000512	0x47	0x00
SPI [1]	result	3.67655632	0.00000512	0x46	0x00
SPI [1]	result	3.67656160	0.00000512	0x58	0x00
SPI [1]	result	3.67656688	0.00000512	0x20	0x00
SPI [1]	result	3.67657216	0.00000512	0x35	0x00
SPI [1]	result	3.67657744	0.00000512	0x30	0x00
SPI [1]	result	3.67658272	0.00000512	0x53	0x00
SPI [1]	result	3.67658800	0.00000512	0x00	0x00
SPI [1]	result	3.67659328	0.00000512	0x00	0x0C
SPI [1]	result	3.67659856	0.00000512	0x00	0x33
SPI [1]	result	3.67660384	0.00000512	0x00	0xCA
SPI [1]	result	3.67660912	0.00000512	0x00	0x55
SPI [1]	result	3.67661440	0.00000512	0x00	0xA0
SPI [1]	result	3.67661968	0.00000512	0x00	0x00
SPI [1]	result	3.67662496	0.00000512	0x00	0x00
SPI [1]	result	3.67663024	0.00000512	0x35	0x00
SPI [1]	result	3.67663552	0.00000512	0x39	0x00
SPI [1]	result	3.67664080	0.00000512	0x33	0x00
SPI [1]	result	3.67664608	0.00000512	0x35	0x00
SPI [1]	result	3.67665136	0.00000512	0x33	0x00
SPI [1]	result	3.67665664	0.00000512	0x33	0x00
SPI [1]	result	3.67666192	0.00000512	0x33	0x00
SPI [1]	result	3.67666720	0.00000512	0x31	0xC3
SPI [1]	result	3.67667248	0.00000512	0x33	0x3C
SPI [1]	result	3.67667776	0.00000512	0x36	0xA5
SPI [1]	result	3.67668304	0.00000512	0x33	0x5A
SPI [1]	result	3.67668832	0.00000512	0x31	0x00
SPI [1]	result	3.67669360	0.00000512	0x31	0x00
SPI [1]	result	3.67669888	0.00000512	0x37	0x00
SPI [1]	result	3.67670416	0.00000512	0x30	0x00
SPI [1]	result	3.67670944	0.00000512	0x32	0x00
SPI [1]	result	3.67671472	0.00000512	0x31	0x00
SPI [1]	result	3.67672000	0.00000512	0x36	0x00
SPI [1]	result	3.67672528	0.00000512	0x37	0x00
SPI [1]	result	3.67673056	0.00000512	0x30	0x00
SPI [1]	result	3.67673584	0.00000512	0x32	0x0C
SPI [1]	result	3.67674112	0.00000512	0x30	0x33
SPI [1]	result	3.67674640	0.00000512	0x31	0xCA
SPI [1]	result	3.67675168	0.00000512	0x30	0x55
SPI [1]	result	3.67675696	0.00000512	0x31	0xA0
SPI [1]	result	3.67676224	0.00000512	0x31	0x00
SPI [1]	result	3.67676752	0.00000512	0x30	0x00
SPI [1]	result	3.67677280	0.00000512	0x36	0x00
SPI [1]	result	3.67677808	0.00000512	0x39	0x00
SPI [1]	result	3.67678336	0.00000512	0x41	0x00
SPI [1]	result	3.67678864	0.00000512	0x04	0x00
SPI [1]	result	3.67679392	0.00000512	0x20	0x00
SPI [1]	result	3.67679920	0.00000512	0x02	0x00
SPI [1]	result	3.67680448	0.00000512	0x16	0x00
SPI [1]	result	3.67680976	0.00000512	0x01	0xC3
SPI [1]	result	3.67681504	0.00000512	0x00	0x3C
SPI [1]	result	3.67682032	0.00000512	0x01	0xA5
SPI [1]	result	3.67682560	0.00000512	0x00	0x5A
SPI [1]	result	3.67683088	0.00000512	0x01	0x00
SPI [1]	result	3.67683616	0.00000512	0x00	0x00
SPI [1]	result	3.67684144	0.00000512	0x00	0x00
SPI [1]	result	3.67684672	0.00000512	0x00	0x00
SPI [1]	result	3.67685200	0.00000512	0x00	0x00
SPI [1]	result	3.67685728	0.00000512	0x00	0x00
SPI [1]	result	3.67686256	0.00000512	0x00	0x00
SPI [1]	result	3.67686784	0.00000512	0x00	0x00
SPI [1]	result	3.67687312	0.00000512	0x00	0x00
SPI [1]	result	3.67687840	0.00000512	0x00	0x0C
SPI [1]	result	3.67688368	0.00000512	0x00	0x33
SPI [1]	result	3.67688896	0.00000512	0x00	0xCA
SPI [1]	result	3.67689424	0.00000512	0x00	0x55
SPI [1]	result	3.67689952	0.00000512	0x00	0xA0
SPI [1]	result	3.67690480	0.00000512	0x00	0x00
SPI [1]	result	3.67691008	0.00000512	0x00	0x00
SPI [1]	result	3.67691536	0.00000512	0x00	0x00
SPI [1]	result	3.67692064	0.00000512	0x00	0x00
SPI [1]	result	3.67692592	0.00000512	0x00	0x00
SPI [1]	result	3.67693120	0.00000512	0x00	0x00
SPI [1]	result	3.67693648	0.00000512	0x00	0x00
SPI [1]	result	3.67694176	0.00000512	0x00	0x00
SPI [1]	result	3.67694704	0.00000512	0x00	0x00
SPI [1]	result	3.67695232	0.00000512	0x00	0xC3
SPI [1]	result	3.67695760	0.00000512	0x00	0x3C
SPI [1]	result	3.67696288	0.00000512	0x00	0xA5
SPI [1]	result	3.67696816	0.00000512	0x00	0x5A
SPI [1]	result	3.67697344	0.00000512	0x00	0x00
SPI [1]	result	3.67697872	0.00000512	0x00	0x00
SPI [1]	result	3.67698400	0.00000512	0x00	0x00
SPI [1]	result	3.67698928	0.00000512	0x00	0x00
SPI [1]	result	3.67699456	0.00000512	0x00	0x00
SPI [1]	result	3.67699984	0.00000512	0x00	0x00
SPI [1]	result	3.67700512	0.00000512	0x00	0x00
SPI [1]	result	3.67701040	0.00000512	0x00	0x00
SPI [1]	result	3.67701568	0.00000512	0x00	0x00
SPI [1]	result	3.67702096	0.00000512	0x00	0x0C
SPI [1]	result	3.67702624	0.00000512	0x00	0x33
SPI [1]	result	3.67703152	0.00000512	0x00	0xCA
SPI [1]	result	3.67703680	0.00000512	0x00	0x55
SPI [1]	result	3.67704208	0.00000512	0x00	0xA0
SPI [1]	result	3.67704736	0.00000512	0x00	0x00
SPI [1]	result	3.67705264	0.00000512	0x00	0x00
SPI [1]	result	3.67705792	0.00000512	0x00	0x00
SPI [1]	result	3.67706320	0.00000512	0x00	0x00
SPI [1]	result	3.67706848	0.00000512	0xED	0x00
SPI [1]	result	3.68019661	0.00000512	0x00	0xC3
SPI [1]	result	3.68020189	0.00000512	0x00	0x3C
SPI [1]	result	3.68020717	0.00000512	0x05	0xA5
SPI [1]	result	3.68021245	0.00000512	0x96	0x5A
SPI [1]	result	3.68100332	0.00000512	0x0D	0xC3
SPI [1]	result	3.68100860	0.00000512	0x10	0x3C
SPI [1]	result	3.68101388	0.00000512	0x80	0xA5
SPI [1]	result	3.68101916	0.00000512	0x0A	0x5A
SPI [1]	result	3.68157041	0.00000512	0x00	0xC3
SPI [1]	result	3.68157569	0.00000512	0x00	0x3C
SPI [1]	result	3.68158097	0.00000512	0x00	0xA5
SPI [1]	result	3.68158625	0.00000512	0x00	0x5A
SPI [1]	result	3.68214804	0.00000512	0x08	0xC3
SPI [1]	result	3.68215332	0.00000512	0x00	0x3C
SPI [1]	result	3.68215860	0.00000512	0x85	0xA5
SPI [1]	result	3.68216388	0.00000512	0xA8	0x5A
SPI [1]	result	3.68273722	0.00000512	0x00	0xC3
SPI [1]	result	3.68274250	0.00000512	0x00	0x3C
SPI [1]	result	3.68274778	0.00000512	0x08	0xA5
SPI [1]	result	3.68275306	0.00000512	0x20	0x5A
SPI [1]	result	3.68353214	0.00000512	0x0E	0xC3
SPI [1]	result	3.68353742	0.00000512	0x10	0x3C
SPI [1]	result	3.68354270	0.00000512	0x80	0xA5
SPI [1]	result	3.68354798	0.00000512	0x12	0x5A
SPI [1]	result	3.68410331	0.00000512	0x00	0xC3
SPI [1]	result	3.68410859	0.00000512	0x00	0x3C
SPI [1]	result	3.68411387	0.00000512	0x00	0xA5
SPI [1]	result	3.68411915	0.00000512	0x00	0x5A
SPI [1]	result	3.68467619	0.00000512	0x08	0xC3
SPI [1]	result	3.68468147	0.00000512	0x00	0x3C
SPI [1]	result	3.68468675	0.00000512	0x88	0xA5
SPI [1]	result	3.68469203	0.00000512	0x32	0x5A
SPI [1]	result	3.68527408	0.00000512	0x00	0xC3
SPI [1]	result	3.68527936	0.00000512	0x00	0x3C
SPI [1]	result	3.68528464	0.00000512	0x0C	0xA5
SPI [1]	result	3.68528992	0.00000512	0x30	0x5A
SPI [1]	result	3.68606914	0.00000512	0x0F	0xC3
SPI [1]	result	3.68607442	0.00000512	0x10	0x3C
SPI [1]	result	3.68607970	0.00000512	0x80	0xA5
SPI [1]	result	3.68608498	0.00000512	0x1A	0x5A
SPI [1]	result	3.68663921	0.00000512	0x00	0xC3
SPI [1]	result	3.68664449	0.00000512	0x00	0x3C
SPI [1]	result	3.68664977	0.00000512	0x0C	0xA5
SPI [1]	result	3.68665505	0.00000512	0x72	0x5A
SPI [1]	result	3.68743126	0.00000512	0x08	0xC3
SPI [1]	result	3.68743654	0.00000512	0x00	0x3C
SPI [1]	result	3.68744182	0.00000512	0x8C	0xA5
SPI [1]	result	3.68744710	0.00000512	0x02	0x5A
SPI [1]	result	3.68802407	0.00000512	0x00	0xC3
SPI [1]	result	3.68802935	0.00000512	0x00	0x3C
SPI [1]	result	3.68803463	0.00000512	0x00	0xA5
SPI [1]	result	3.68803991	0.00000512	0x00	0x5A
SPI [1]	result	3.68860031	0.00000512	0x08	0xC3
SPI [1]	result	3.68860559	0.00000512	0x00	0x3C
SPI [1]	result	3.68861087	0.00000512	0x8C	0xA5
SPI [1]	result	3.68861615	0.00000512	0x44	0x5A
SPI [1]	result	3.72374686	0.00000512	0x00	0xC3
SPI [1]	result	3.72375214	0.00000512	0x00	0x3C
SPI [1]	result	3.72375742	0.00000512	0x08	0xA5
SPI [1]	result	3.72376270	0.00000512	0x20	0x5A
SPI [1]	result	3.72559225	0.00000512	0x09	0xC3
SPI [1]	result	3.72559753	0.00000512	0x10	0x3C
SPI [1]	result	3.72560281	0.00000512	0x80	0xA5
SPI [1]	result	3.72560809	0.00000512	0x2A	0x5A
SPI [1]	result	3.72583888	0.00000512	0x00	0xC3
SPI [1]	result	3.72584416	0.00000512	0x00	0x3C
SPI [1]	result	3.72584944	0.00000512	0x00	0xA5
SPI [1]	result	3.72585472	0.00000512	0x00	0x5A
SPI [1]	result	3.72746878	0.00000512	0x08	0xC3
SPI [1]	result	3.72747406	0.00000512	0x00	0x3C
SPI [1]	result	3.72747934	0.00000512	0x88	0xA5
SPI [1]	result	3.72748462	0.00000512	0x32	0x5A
SPI [1]	result	3.78626386	0.00000512	0x00	0xC3
SPI [1]	result	3.78626914	0.00000512	0x00	0x3C
SPI [1]	result	3.78627442	0.00000512	0x08	0xA5
SPI [1]	result	3.78627970	0.00000512	0x20	0x5A
SPI [1]	result	3.78851977	0.00000512	0x0A	0xC3
SPI [1]	result	3.78852505	0.00000512	0x10	0x3C
SPI [1]	result	3.78853033	0.00000512	0x80	0xA5
SPI [1]	result	3.78853561	0.00000512	0x32	0x5A
SPI [1]	result	3.78871261	0.00000512	0x00	0xC3
SPI [1]	result	3.78871789	0.00000512	0x00	0x3C
SPI [1]	result	3.78872317	0.00000512	0x00	0xA5
SPI [1]	result	3.78872845	0.00000512	0x00	0x5A
SPI [1]	result	3.78885183	0.00000512	0x08	0xC3
SPI [1]	result	3.78885711	0.00000512	0x00	0x3C
SPI [1]	result	3.78886239	0.00000512	0x88	0xA5
SPI [1]	result	3.78886767	0.00000512	0x32	0x5A
SPI [1]	result	3.80112609	0.00000512	0x00	0xC3
SPI [1]	result	3.80113137	0.00000512	0x00	0x3C
SPI [1]	result	3.80113665	0.00000512	0x20	0xA5
SPI [1]	result	3.80114193	0.00000512	0x04	0x5A
SPI [1]	result	3.80161953	0.00000512	0x0B	0xC3
SPI [1]	result	3.80162481	0.00000512	0x10	0x3C
SPI [1]	result	3.80163009	0.00000512	0x80	0xA5
SPI [1]	result	3.80163537	0.00000512	0x3A	0x5A
SPI [1]	result	3.80317535	0.00000512	0x00	0xC3
SPI [1]	result	3.80318063	0.00000512	0x00	0x3C
SPI [1]	result	3.80318591	0.00000512	0x3F	0xA5
SPI [1]	result	3.80319119	0.00000512	0xC6	0x5A
SPI [1]	result	3.80348602	0.00000512	0x0C	0xC3
SPI [1]	result	3.80349130	0.00000512	0x00	0x3C
SPI [1]	result	3.80349658	0.00000512	0xA0	0xA5
SPI [1]	result	3.80350186	0.00000512	0x36	0x5A
SPI [1]	result	3.80364068	0.00000512	0x00	0xC3
SPI [1]	result	3.80364596	0.00000512	0x00	0x3C
SPI [1]	result	3.80365124	0.00000512	0x00	0xA5
SPI [1]	result	3.80365652	0.00000512	0x00	0x5A
SPI [1]	result	3.80377996	0.00000512	0x08	0xC3
SPI [1]	result	3.80378524	0.00000512	0x00	0x3C
SPI [1]	result	3.80379052	0.00000512	0xBF	0xA5
SPI [1]	result	3.80379580	0.00000512	0xD8	0x5A
SPI [1]	result	3.80392005	0.00000512	0x00	0xC3
SPI [1]	result	3.80392533	0.00000512	0x02	0x3C
SPI [1]	result	3.80393061	0.00000512	0x2A	0xA5
SPI [1]	result	3.80393589	0.00000512	0x2E	0x5A
SPI [1]	result	3.80408854	0.00000512	0x0D	0xC3
SPI [1]	result	3.80409382	0.00000512	0x10	0x3C
SPI [1]	result	3.80409910	0.00000512	0x80	0xA5
SPI [1]	result	3.80410438	0.00000512	0x0A	0x5A
SPI [1]	result	3.80513646	0.00000512	0x00	0xC3
SPI [1]	result	3.80514174	0.00000512	0x00	0x3C
SPI [1]	result	3.80514702	0.00000512	0x3F	0xA5
SPI [1]	result	3.80515230	0.00000512	0xC6	0x5A
SPI [1]	result	3.80555434	0.00000512	0x0E	0xC3
SPI [1]	result	3.80555962	0.00000512	0x00	0x3C
SPI [1]	result	3.80556490	0.00000512	0xAA	0xA5
SPI [1]	result	3.80557018	0.00000512	0x2E	0x5A
SPI [1]	result	3.80581077	0.00000512	0x00	0xC3
SPI [1]	result	3.80581605	0.00000512	0x00	0x3C
SPI [1]	result	3.80582133	0.00000512	0x00	0xA5
SPI [1]	result	3.80582661	0.00000512	0x00	0x5A
SPI [1]	result	3.80610321	0.00000512	0x08	0xC3
SPI [1]	result	3.80610849	0.00000512	0x00	0x3C
SPI [1]	result	3.80611377	0.00000512	0xBF	0xA5
SPI [1]	result	3.80611905	0.00000512	0xD8	0x5A
SPI [1]	result	3.82751207	0.00000512	0x00	0xC3
SPI [1]	result	3.82751735	0.00000512	0x00	0x3C
SPI [1]	result	3.82752263	0.00000512	0x08	0xA5
SPI [1]	result	3.82752791	0.00000512	0x20	0x5A
SPI [1]	result	3.82782352	0.00000512	0x0F	0xC3
SPI [1]	result	3.82782880	0.00000512	0x10	0x3C
SPI [1]	result	3.82783408	0.00000512	0x80	0xA5
SPI [1]	result	3.82783936	0.00000512	0x1A	0x5A
SPI [1]	result	3.82803009	0.00000512	0x00	0xC3
SPI [1]	result	3.82803537	0.00000512	0x00	0x3C
SPI [1]	result	3.82804065	0.00000512	0x00	0xA5
SPI [1]	result	3.82804593	0.00000512	0x00	0x5A
SPI [1]	result	3.82822513	0.00000512	0x08	0xC3
SPI [1]	result	3.82823041	0.00000512	0x00	0x3C
SPI [1]	result	3.82823569	0.00000512	0x88	0xA5
SPI [1]	result	3.82824097	0.00000512	0x32	0x5A
SPI [1]	result	3.82840648	0.00000512	0x00	0xC3
SPI [1]	result	3.82841176	0.00000512	0x00	0x3C
SPI [1]	result	3.82841704	0.00000512	0x0C	0xA5
SPI [1]	result	3.82842232	0.00000512	0xB2	0x5A
SPI [1]	result	3.82855638	0.00000512	0x08	0xC3
SPI [1]	result	3.82856166	0.00000512	0x10	0x3C
SPI [1]	result	3.82856694	0.00000512	0x80	0xA5
SPI [1]	result	3.82857222	0.00000512	0x22	0x5A
SPI [1]	result	3.82867143	0.00000512	0x00	0xC3
SPI [1]	result	3.82867671	0.00000512	0x00	0x3C
SPI [1]	result	3.82868199	0.00000512	0x0C	0xA5
SPI [1]	result	3.82868727	0.00000512	0x30	0x5A
SPI [1]	result	3.82877965	0.00000512	0x09	0xC3
SPI [1]	result	3.82878493	0.00000512	0x00	0x3C
SPI [1]	result	3.82879021	0.00000512	0x8C	0xA5
SPI [1]	result	3.82879549	0.00000512	0x8C	0x5A
SPI [1]	result	3.82906927	0.00000512	0x00	0xC3
SPI [1]	result	3.82907455	0.00000512	0x00	0x3C
SPI [1]	result	3.82907983	0.00000512	0x00	0xA5
SPI [1]	result	3.82908511	0.00000512	0x00	0x5A
SPI [1]	result	3.82936054	0.00000512	0x08	0xC3
SPI [1]	result	3.82936582	0.00000512	0x00	0x3C
SPI [1]	result	3.82937110	0.00000512	0x8C	0xA5
SPI [1]	result	3.82937638	0.00000512	0x02	0x5A
SPI [1]	result	3.86967440	0.00000512	0x00	0x00
SPI [1]	result	3.86967968	0.00000512	0x00	0x00
SPI [1]	result	3.86968496	0.00000512	0x08	0x00
SPI [1]	result	3.86969024	0.00000512	0x20	0x00
SPI [1]	result	3.87037660	0.00000512	0x0A	0xC3
SPI [1]	result	3.87038188	0.00000512	0x10	0x3C
SPI [1]	result	3.87038716	0.00000512	0x80	0xA5
SPI [1]	result	3.87039244	0.00000512	0x32	0x5A
SPI [1]	result	3.87336523	0.00000512	0xA5	0xC3
SPI [1]	result	3.87337051	0.00000512	0x5A	0x3C
SPI [1]	result	3.87337579	0.00000512	0x3C	0xA5
SPI [1]	result	3.87338107	0.00000512	0xC3	0x5A
SPI [1]	result	3.87389773	0.00000512	0x80	0xA5
SPI [1]	result	3.87390301	0.00000512	0x20	0x5A
SPI [1]	result	3.87390829	0.00000512	0x28	0x3C
SPI [1]	result	3.87391357	0.00000512	0x24	0xC3
SPI [1]	result	3.87443438	0.00000512	0x08	0x08
SPI [1]	result	3.87443966	0.00000512	0x10	0x10
SPI [1]	result	3.87444494	0.00000512	0x80	0xA8
SPI [1]	result	3.87445022	0.00000512	0x22	0x06
SPI [1]	result	3.87497288	0.00000512	0x00	0x08
SPI [1]	result	3.87497816	0.00000512	0x00	0x00
SPI [1]	result	3.87498344	0.00000512	0x00	0xA8
SPI [1]	result	3.87498872	0.00000512	0x00	0x36
SPI [1]	result	3.87550958	0.00000512	0x00	0x00
SPI [1]	result	3.87551486	0.00000512	0x00	0xF3
SPI [1]	result	3.87552014	0.00000512	0x00	0x03
SPI [1]	result	3.87552542	0.00000512	0x00	0xE8
SPI [1]	result	3.87625928	0.00000512	0x00	0xC3
SPI [1]	result	3.87626456	0.00000512	0x00	0x3C
SPI [1]	result	3.87626984	0.00000512	0x3F	0xA5
SPI [1]	result	3.87627512	0.00000512	0xC6	0x5A
SPI [1]	result	3.87711615	0.00000512	0x08	0xC3
SPI [1]	result	3.87712143	0.00000512	0x10	0x3C
SPI [1]	result	3.87712671	0.00000512	0x80	0xA5
SPI [1]	result	3.87713199	0.00000512	0x22	0x5A
SPI [1]	result	3.88046740	0.00000512	0x00	0xC3
SPI [1]	result	3.88047268	0.00000512	0x00	0x3C
SPI [1]	result	3.88047796	0.00000512	0x00	0xA5
SPI [1]	result	3.88048324	0.00000512	0x00	0x5A
SPI [1]	result	3.88134656	0.00000512	0x08	0xC3
SPI [1]	result	3.88135184	0.00000512	0x00	0x3C
SPI [1]	result	3.88135712	0.00000512	0xBF	0xA5
SPI [1]	result	3.88136240	0.00000512	0xD8	0x5A
SPI [1]	result	3.88386565	0.00000512	0xB8	0xC3
SPI [1]	result	3.88387093	0.00000512	0x01	0x3C
SPI [1]	result	3.88387621	0.00000512	0x06	0xA5
SPI [1]	result	3.88388149	0.00000512	0x26	0x5A
SPI [1]	result	3.88466199	0.00000512	0x09	0xC3
SPI [1]	result	3.88466727	0.00000512	0x10	0x3C
SPI [1]	result	3.88467255	0.00000512	0x80	0xA5
SPI [1]	result	3.88467783	0.00000512	0x2A	0x5A
SPI [1]	result	3.88524197	0.00000512	0x00	0xC3
SPI [1]	result	3.88524725	0.00000512	0x00	0x3C
SPI [1]	result	3.88525253	0.00000512	0x05	0xA5
SPI [1]	result	3.88525781	0.00000512	0x14	0x5A
SPI [1]	result	3.88602809	0.00000512	0x0A	0xC3
SPI [1]	result	3.88603337	0.00000512	0x00	0x3C
SPI [1]	result	3.88603865	0.00000512	0x86	0xA5
SPI [1]	result	3.88604393	0.00000512	0x3A	0x5A
SPI [1]	result	3.88661587	0.00000512	0x00	0xC3
SPI [1]	result	3.88662115	0.00000512	0x00	0x3C
SPI [1]	result	3.88662643	0.00000512	0x00	0xA5
SPI [1]	result	3.88663171	0.00000512	0x00	0x5A
SPI [1]	result	3.88717788	0.00000512	0x08	0xC3
SPI [1]	result	3.88718316	0.00000512	0x00	0x3C
SPI [1]	result	3.88718844	0.00000512	0x85	0xA5
SPI [1]	result	3.88719372	0.00000512	0x26	0x5A
SPI [1]	result	3.89026996	0.00000512	0xFF	0xC3
SPI [1]	result	3.89027524	0.00000512	0xFF	0x3C
SPI [1]	result	3.89028052	0.00000512	0x00	0xA5
SPI [1]	result	3.89028580	0.00000512	0x00	0x5A
SPI [1]	result	3.89029108	0.00000512	0x00	0x00
SPI [1]	result	3.89029636	0.00000512	0x00	0x00
SPI [1]	result	3.89030164	0.00000512	0x00	0x00
SPI [1]	result	3.89030692	0.00000512	0x00	0x00
SPI [1]	result	3.89031220	0.00000512	0x00	0x00
SPI [1]	result	3.89031748	0.00000512	0x00	0x00
SPI [1]	result	3.89032276	0.00000512	0x00	0x00
SPI [1]	result	3.89032804	0.00000512	0x00	0x00
SPI [1]	result	3.89033332	0.00000512	0x00	0x00
SPI [1]	result	3.89033860	0.00000512	0x00	0x0C
SPI [1]	result	3.89034388	0.00000512	0x00	0x33
SPI [1]	result	3.89034916	0.00000512	0x00	0xCA
SPI [1]	result	3.89035444	0.00000512	0x00	0x55
SPI [1]	result	3.89035972	0.00000512	0x00	0xA0
SPI [1]	result	3.89036500	0.00000512	0x00	0x00
SPI [1]	result	3.89037028	0.00000512	0x00	0x00
SPI [1]	result	3.89037556	0.00000512	0x00	0x00
SPI [1]	result	3.89038084	0.00000512	0x00	0x00
SPI [1]	result	3.89038612	0.00000512	0x00	0x00
SPI [1]	result	3.89039140	0.00000512	0x00	0x00
SPI [1]	result	3.89039668	0.00000512	0x00	0x00
SPI [1]	result	3.89040196	0.00000512	0x00	0x00
SPI [1]	result	3.89040724	0.00000512	0x00	0x00
SPI [1]	result	3.89041252	0.00000512	0x00	0xC3
SPI [1]	result	3.89041780	0.00000512	0x00	0x3C
SPI [1]	result	3.89042308	0.00000512	0x00	0xA5
SPI [1]	result	3.89042836	0.00000512	0x00	0x5A
SPI [1]	result	3.89043364	0.00000512	0x00	0x00
SPI [1]	result	3.89043892	0.00000512	0x00	0x00
SPI [1]	result	3.89044420	0.00000512	0x00	0x00
SPI [1]	result	3.89044948	0.00000512	0x00	0x00
SPI [1]	result	3.89045476	0.00000512	0x00	0x00
SPI [1]	result	3.89046004	0.00000512	0x00	0x00
SPI [1]	result	3.89046532	0.00000512	0x00	0x00
SPI [1]	result	3.89047060	0.00000512	0x00	0x00
SPI [1]	result	3.89047588	0.00000512	0x00	0x00
SPI [1]	result	3.89048116	0.00000512	0x00	0x0C
SPI [1]	result	3.89048644	0.00000512	0x00	0x33
SPI [1]	result	3.89049172	0.00000512	0x00	0xCA
SPI [1]	result	3.89049700	0.00000512	0x00	0x55
SPI [1]	result	3.89050228	0.00000512	0x00	0xA0
SPI [1]	result	3.89050756	0.00000512	0x00	0x00
SPI [1]	result	3.89051284	0.00000512	0x00	0x00
SPI [1]	result	3.89051812	0.00000512	0x00	0x00
SPI [1]	result	3.89052340	0.00000512	0x00	0x00
SPI [1]	result	3.89052868	0.00000512	0x00	0x00
SPI [1]	result	3.89053396	0.00000512	0x00	0x00
SPI [1]	result	3.89053924	0.00000512	0x00	0x00
SPI [1]	result	3.89054452	0.00000512	0x00	0x00
SPI [1]	result	3.89054980	0.00000512	0x00	0x00
SPI [1]	result	3.89055508	0.00000512	0x00	0x43
SPI [1]	result	3.89056036	0.00000512	0x00	0x3C
SPI [1]	result	3.89056564	0.00000512	0x00	0xA5
SPI [1]	result	3.89057092	0.00000512	0x00	0x5A
SPI [1]	result	3.89057620	0.00000512	0x00	0x00
SPI [1]	result	3.89058148	0.00000512	0x00	0x00
SPI [1]	result	3.89058676	0.00000512	0x00	0x00
SPI [1]	result	3.89059204	0.00000512	0x00	0x00
SPI [1]	result	3.89059732	0.00000512	0x00	0x00
SPI [1]	result	3.89060260	0.00000512	0x00	0x00
SPI [1]	result	3.89060788	0.00000512	0x00	0x00
SPI [1]	result	3.89061316	0.00000512	0x00	0x00
SPI [1]	result	3.89061844	0.00000512	0x00	0x00
SPI [1]	result	3.89062372	0.00000512	0x00	0x0C
SPI [1]	result	3.89062900	0.00000512	0x00	0x33
SPI [1]	result	3.89063428	0.00000512	0x00	0xCA
SPI [1]	result	3.89063956	0.00000512	0x00	0x55
SPI [1]	result	3.89064484	0.00000512	0x00	0xA0
SPI [1]	result	3.89065012	0.00000512	0x00	0x00
SPI [1]	result	3.89065540	0.00000512	0x00	0x00
SPI [1]	result	3.89066068	0.00000512	0x00	0x00
SPI [1]	result	3.89066596	0.00000512	0x00	0x00
SPI [1]	result	3.89067124	0.00000512	0x00	0x00
SPI [1]	result	3.89067652	0.00000512	0x00	0x00
SPI [1]	result	3.89068180	0.00000512	0x00	0x00
SPI [1]	result	3.89068708	0.00000512	0x00	0x00
SPI [1]	result	3.89069236	0.00000512	0x00	0x00
SPI [1]	result	3.89069764	0.00000512	0x00	0x18
SPI [1]	result	3.89070292	0.00000512	0x00	0x67
SPI [1]	result	3.89070820	0.00000512	0x00	0x94
SPI [1]	result	3.89071348	0.00000512	0x00	0xAB
SPI [1]	result	3.89071876	0.00000512	0x00	0x40
SPI [1]	result	3.89072404	0.00000512	0x00	0x00
SPI [1]	result	3.89072932	0.00000512	0x00	0x00
SPI [1]	result	3.89073460	0.00000512	0x00	0x00
SPI [1]	result	3.89073988	0.00000512	0x00	0x00
SPI [1]	result	3.89074516	0.00000512	0x00	0x00
SPI [1]	result	3.89075044	0.00000512	0x00	0x00
SPI [1]	result	3.89075572	0.00000512	0x00	0x00
SPI [1]	result	3.89076100	0.00000512	0x00	0x00
SPI [1]	result	3.89076628	0.00000512	0x00	0x01
SPI [1]	result	3.89077156	0.00000512	0x00	0x86
SPI [1]	result	3.89077684	0.00000512	0x00	0x79
SPI [1]	result	3.89078212	0.00000512	0x00	0x4A
SPI [1]	result	3.89078740	0.00000512	0x00	0xB4
SPI [1]	result	3.89079268	0.00000512	0x00	0x00
SPI [1]	result	3.89079796	0.00000512	0x00	0x00
SPI [1]	result	3.89080324	0.00000512	0x00	0x00
SPI [1]	result	3.89080852	0.00000512	0x00	0x00
SPI [1]	result	3.89081380	0.00000512	0x00	0x00
SPI [1]	result	3.89081908	0.00000512	0x00	0x00
SPI [1]	result	3.89082436	0.00000512	0x00	0x00
SPI [1]	result	3.89082964	0.00000512	0x00	0x00
SPI [1]	result	3.89083492	0.00000512	0x00	0x00
SPI [1]	result	3.89084020	0.00000512	0x00	0x18
SPI [1]	result	3.89084548	0.00000512	0x00	0x67
SPI [1]	result	3.89085076	0.00000512	0x00	0x94
SPI [1]	result	3.89085604	0.00000512	0x00	0xAB
SPI [1]	result	3.89086132	0.00000512	0x00	0x40
SPI [1]	result	3.89086660	0.00000512	0x00	0x00
SPI [1]	result	3.89087188	0.00000512	0x00	0x00
SPI [1]	result	3.89087716	0.00000512	0x00	0x00
SPI [1]	result	3.89088244	0.00000512	0x00	0x00
SPI [1]	result	3.89088772	0.00000512	0x00	0x00
SPI [1]	result	3.89089300	0.00000512	0x00	0x00
SPI [1]	result	3.89089828	0.00000512	0x00	0x00
SPI [1]	result	3.89090356	0.00000512	0x00	0x00
SPI [1]	result	3.89090884	0.00000512	0x00	0x01
SPI [1]	result	3.89091412	0.00000512	0x00	0x86
SPI [1]	result	3.89091940	0.00000512	0x00	0x79
SPI [1]	result	3.89092468	0.00000512	0x00	0x4A
SPI [1]	result	3.89092996	0.00000512	0x00	0xB4
SPI [1]	result	3.89093524	0.00000512	0x00	0x00
SPI [1]	result	3.89094052	0.00000512	0x00	0x00
SPI [1]	result	3.89094580	0.00000512	0x00	0x00
SPI [1]	result	3.89095108	0.00000512	0x00	0x00
SPI [1]	result	3.89095636	0.00000512	0x5A	0x00
SPI [1]	result	3.89408593	0.00000512	0xFF	0xC3
SPI [1]	result	3.89409121	0.00000512	0x00	0x3C
SPI [1]	result	3.89409649	0.00000512	0x00	0xA5
SPI [1]	result	3.89410177	0.00000512	0x00	0x5A
SPI [1]	result	3.89410705	0.00000512	0x00	0x00
SPI [1]	result	3.89411233	0.00000512	0x00	0x00
SPI [1]	result	3.89411761	0.00000512	0x00	0x00
SPI [1]	result	3.89412289	0.00000512	0x00	0x00
SPI [1]	result	3.89412817	0.00000512	0x00	0x00
SPI [1]	result	3.89413345	0.00000512	0x00	0x00
SPI [1]	result	3.89413873	0.00000512	0x00	0x00
SPI [1]	result	3.89414401	0.00000512	0x00	0x00
SPI [1]	result	3.89414929	0.00000512	0x00	0x00
SPI [1]	result	3.89415457	0.00000512	0x00	0x0C
SPI [1]	result	3.89415985	0.00000512	0x00	0x33
SPI [1]	result	3.89416513	0.00000512	0x00	0xCA
SPI [1]	result	3.89417041	0.00000512	0x00	0x55
SPI [1]	result	3.89417569	0.00000512	0x00	0xA0
SPI [1]	result	3.89418097	0.00000512	0x00	0x00
SPI [1]	result	3.89418625	0.00000512	0x00	0x00
SPI [1]	result	3.89419153	0.00000512	0x00	0x00
SPI [1]	result	3.89419681	0.00000512	0x00	0x00
SPI [1]	result	3.89420209	0.00000512	0x00	0x00
SPI [1]	result	3.89420737	0.00000512	0x00	0x00
SPI [1]	result	3.89421265	0.00000512	0x00	0x00
SPI [1]	result	3.89421793	0.00000512	0x00	0x00
SPI [1]	result	3.89422321	0.00000512	0x00	0x00
SPI [1]	result	3.89422849	0.00000512	0x00	0xC3
SPI [1]	result	3.89423377	0.00000512	0x00	0x3C
SPI [1]	result	3.89423905	0.00000512	0x00	0xA5
SPI [1]	result	3.89424433	0.00000512	0x00	0x5A
SPI [1]	result	3.89424961	0.00000512	0x00	0x00
SPI [1]	result	3.89425489	0.00000512	0x00	0x00
SPI [1]	result	3.89426017	0.00000512	0x00	0x00
SPI [1]	result	3.89426545	0.00000512	0x00	0x00
SPI [1]	result	3.89427073	0.00000512	0x00	0x00
SPI [1]	result	3.89427601	0.00000512	0x00	0x00
SPI [1]	result	3.89428129	0.00000512	0x00	0x00
SPI [1]	result	3.89428657	0.00000512	0x00	0x00
SPI [1]	result	3.89429185	0.00000512	0x00	0x00
SPI [1]	result	3.89429713	0.00000512	0x00	0x0C
SPI [1]	result	3.89430241	0.00000512	0x00	0x33
SPI [1]	result	3.89430769	0.00000512	0x00	0xCA
SPI [1]	result	3.89431297	0.00000512	0x00	0x55
SPI [1]	result	3.89431825	0.00000512	0x00	0xA0
SPI [1]	result	3.89432353	0.00000512	0x00	0x00
SPI [1]	result	3.89432881	0.00000512	0x00	0x00
SPI [1]	result	3.89433409	0.00000512	0x00	0x00
SPI [1]	result	3.89433937	0.00000512	0x00	0x00
SPI [1]	result	3.89434465	0.00000512	0x00	0x00
SPI [1]	result	3.89434993	0.00000512	0x00	0x00
SPI [1]	result	3.89435521	0.00000512	0x00	0x00
SPI [1]	result	3.89436049	0.00000512	0x00	0x00
SPI [1]	result	3.89436577	0.00000512	0x00	0x00
SPI [1]	result	3.89437105	0.00000512	0x00	0xC3
SPI [1]	result	3.89437633	0.00000512	0x00	0x3C
SPI [1]	result	3.89438161	0.00000512	0x00	0xA5
SPI [1]	result	3.89438689	0.00000512	0x00	0x5A
SPI [1]	result	3.89439217	0.00000512	0x00	0x00
SPI [1]	result	3.89439745	0.00000512	0x00	0x00
SPI [1]	result	3.89440273	0.00000512	0x00	0x00
SPI [1]	result	3.89440801	0.00000512	0x00	0x00
SPI [1]	result	3.89441329	0.00000512	0x00	0x00
SPI [1]	result	3.89441857	0.00000512	0x00	0x00
SPI [1]	result	3.89442385	0.00000512	0x00	0x00
SPI [1]	result	3.89442913	0.00000512	0x00	0x00
SPI [1]	result	3.89443441	0.00000512	0x00	0x00
SPI [1]	result	3.89443969	0.00000512	0x00	0x0C
SPI [1]	result	3.89444497	0.00000512	0x00	0x33
SPI [1]	result	3.89445025	0.00000512	0x00	0xCA
SPI [1]	result	3.89445553	0.00000512	0x00	0x55
SPI [1]	result	3.89446081	0.00000512	0x00	0xA0
SPI [1]	result	3.89446609	0.00000512	0x00	0x00
SPI [1]	result	3.89447137	0.00000512	0x00	0x00
SPI [1]	result	3.89447665	0.00000512	0x00	0x00
SPI [1]	result	3.89448193	0.00000512	0x00	0x00
SPI [1]	result	3.89448721	0.00000512	0x00	0x00
SPI [1]	result	3.89449249	0.00000512	0x00	0x00
SPI [1]	result	3.89449777	0.00000512	0x00	0x00
SPI [1]	result	3.89450305	0.00000512	0x00	0x00
SPI [1]	result	3.89450833	0.00000512	0x00	0x00
SPI [1]	result	3.89451361	0.00000512	0x00	0xC3
SPI [1]	result	3.89451889	0.00000512	0x00	0x3C
SPI [1]	result	3.89452417	0.00000512	0x00	0xA5
SPI [1]	result	3.89452945	0.00000512	0x00	0x5A
SPI [1]	result	3.89453473	0.00000512	0x00	0x00
SPI [1]	result	3.89454001	0.00000512	0x00	0x00
SPI [1]	result	3.89454529	0.00000512	0x00	0x00
SPI [1]	result	3.89455057	0.00000512	0x00	0x00
SPI [1]	result	3.89455585	0.00000512	0x00	0x00
SPI [1]	result	3.89456113	0.00000512	0x00	0x00
SPI [1]	result	3.89456641	0.00000512	0x00	0x00
SPI [1]	result	3.89457169	0.00000512	0x00	0x00
SPI [1]	result	3.89457697	0.00000512	0x00	0x00
SPI [1]	result	3.89458225	0.00000512	0x00	0x0C
SPI [1]	result	3.89458753	0.00000512	0x00	0x33
SPI [1]	result	3.89459281	0.00000512	0x00	0xCA
SPI [1]	result	3.89459809	0.00000512	0x00	0x55
SPI [1]	result	3.89460337	0.00000512	0x00	0xA0
SPI [1]	result	3.89460865	0.00000512	0x00	0x00
SPI [1]	result	3.89461393	0.00000512	0x00	0x00
SPI [1]	result	3.89461921	0.00000512	0x00	0x00
SPI [1]	result	3.89462449	0.00000512	0x00	0x00
SPI [1]	result	3.89462977	0.00000512	0x00	0x00
SPI [1]	result	3.89463505	0.00000512	0x00	0x00
SPI [1]	result	3.89464033	0.00000512	0x00	0x00
SPI [1]	result	3.89464561	0.00000512	0x00	0x00
SPI [1]	result	3.89465089	0.00000512	0x00	0x00
SPI [1]	result	3.89465617	0.00000512	0x00	0xC3
SPI [1]	result	3.89466145	0.00000512	0x00	0x3C
SPI [1]	result	3.89466673	0.00000512	0x00	0xA5
SPI [1]	result	3.89467201	0.00000512	0x00	0x5A
SPI [1]	result	3.89467729	0.00000512	0x00	0x00
SPI [1]	result	3.89468257	0.00000512	0x00	0x00
SPI [1]	result	3.89468785	0.00000512	0x00	0x00
SPI [1]	result	3.89469313	0.00000512	0x00	0x00
SPI [1]	result	3.89469841	0.00000512	0x00	0x00
SPI [1]	result	3.89470369	0.00000512	0x00	0x00
SPI [1]	result	3.89470897	0.00000512	0x00	0x00
SPI [1]	result	3.89471425	0.00000512	0x00	0x00
SPI [1]	result	3.89471953	0.00000512	0x00	0x00
SPI [1]	result	3.89472481	0.00000512	0x00	0x0C
SPI [1]	result	3.89473009	0.00000512	0x00	0x33
SPI [1]	result	3.89473537	0.00000512	0x00	0xCA
SPI [1]	result	3.89474065	0.00000512	0x00	0x55
SPI [1]	result	3.89474593	0.00000512	0x00	0xA0
SPI [1]	result	3.89475121	0.00000512	0x00	0x00
SPI [1]	result	3.89475649	0.00000512	0x00	0x00
SPI [1]	result	3.89476177	0.00000512	0x00	0x00
SPI [1]	result	3.89476705	0.00000512	0x00	0x00
SPI [1]	result	3.89477233	0.00000512	0x5A	0x00
SPI [1]	result	3.89792198	0.00000512	0xB8	0xC3
SPI [1]	result	3.89792726	0.00000512	0x01	0x3C
SPI [1]	result	3.89793254	0.00000512	0x06	0xA5
SPI [1]	result	3.89793782	0.00000512	0x26	0x5A
SPI [1]	result	3.89872395	0.00000512	0x0B	0xC3
SPI [1]	result	3.89872923	0.00000512	0x10	0x3C
SPI [1]	result	3.89873451	0.00000512	0x80	0xA5
SPI [1]	result	3.89873979	0.00000512	0x3A	0x5A
SPI [1]	result	3.89928887	0.00000512	0x00	0xC3
SPI [1]	result	3.89929415	0.00000512	0x00	0x3C
SPI [1]	result	3.89929943	0.00000512	0x05	0xA5
SPI [1]	result	3.89930471	0.00000512	0x56	0x5A
SPI [1]	result	3.90007979	0.00000512	0x0C	0xC3
SPI [1]	result	3.90008507	0.00000512	0x00	0x3C
SPI [1]	result	3.90009035	0.00000512	0x86	0xA5
SPI [1]	result	3.90009563	0.00000512	0x0A	0x5A
SPI [1]	result	3.90066393	0.00000512	0x00	0xC3
SPI [1]	result	3.90066921	0.00000512	0x00	0x3C
SPI [1]	result	3.90067449	0.00000512	0x00	0xA5
SPI [1]	result	3.90067977	0.00000512	0x00	0x5A
SPI [1]	result	3.90123882	0.00000512	0x08	0xC3
SPI [1]	result	3.90124410	0.00000512	0x00	0x3C
SPI [1]	result	3.90124938	0.00000512	0x85	0xA5
SPI [1]	result	3.90125466	0.00000512	0x68	0x5A
SPI [1]	result	3.90433779	0.00000512	0x00	0xC3
SPI [1]	result	3.90434307	0.00000512	0x00	0x3C
SPI [1]	result	3.90434835	0.00000512	0x53	0xA5
SPI [1]	result	3.90435363	0.00000512	0x50	0x5A
SPI [1]	result	3.90435891	0.00000512	0x58	0x00
SPI [1]	result	3.90436419	0.00000512	0x31	0x00
SPI [1]	result	3.90436947	0.00000512	0x00	0x00
SPI [1]	result	3.90437475	0.00000512	0x00	0x00
SPI [1]	result	3.90438003	0.00000512	0x00	0x00
SPI [1]	result	3.90438531	0.00000512	0x00	0x00
SPI [1]	result	3.90439059	0.00000512	0x00	0x00
SPI [1]	result	3.90439587	0.00000512	0x00	0x00
SPI [1]	result	3.90440115	0.00000512	0x47	0x00
SPI [1]	result	3.90440643	0.00000512	0x46	0x0C
SPI [1]	result	3.90441171	0.00000512	0x58	0x33
SPI [1]	result	3.90441699	0.00000512	0x20	0xCA
SPI [1]	result	3.90442227	0.00000512	0x35	0x55
SPI [1]	result	3.90442755	0.00000512	0x30	0xA0
SPI [1]	result	3.90443283	0.00000512	0x53	0x00
SPI [1]	result	3.90443811	0.00000512	0x00	0x00
SPI [1]	result	3.90444339	0.00000512	0x00	0x00
SPI [1]	result	3.90444867	0.00000512	0x00	0x00
SPI [1]	result	3.90445395	0.00000512	0x00	0x00
SPI [1]	result	3.90445923	0.00000512	0x00	0x00
SPI [1]	result	3.90446451	0.00000512	0x00	0x00
SPI [1]	result	3.90446979	0.00000512	0x00	0x00
SPI [1]	result	3.90447507	0.00000512	0x00	0x00
SPI [1]	result	3.90448035	0.00000512	0x00	0xC3
SPI [1]	result	3.90448563	0.00000512	0x00	0x3C
SPI [1]	result	3.90449091	0.00000512	0x00	0xA5
SPI [1]	result	3.90449619	0.00000512	0x00	0x5A
SPI [1]	result	3.90450147	0.00000512	0x00	0x00
SPI [1]	result	3.90450675	0.00000512	0x47	0x00
SPI [1]	result	3.90451203	0.00000512	0x46	0x00
SPI [1]	result	3.90451731	0.00000512	0x58	0x00
SPI [1]	result	3.90452259	0.00000512	0x20	0x00
SPI [1]	result	3.90452787	0.00000512	0x35	0x00
SPI [1]	result	3.90453315	0.00000512	0x30	0x00
SPI [1]	result	3.90453843	0.00000512	0x53	0x00
SPI [1]	result	3.90454371	0.00000512	0x00	0x00
SPI [1]	result	3.90454899	0.00000512	0x00	0x0C
SPI [1]	result	3.90455427	0.00000512	0x00	0x33
SPI [1]	result	3.90455955	0.00000512	0x00	0xCA
SPI [1]	result	3.90456483	0.00000512	0x00	0x55
SPI [1]	result	3.90457011	0.00000512	0x00	0xA0
SPI [1]	result	3.90457539	0.00000512	0x00	0x00
SPI [1]	result	3.90458067	0.00000512	0x00	0x00
SPI [1]	result	3.90458595	0.00000512	0x35	0x00
SPI [1]	result	3.90459123	0.00000512	0x39	0x00
SPI [1]	result	3.90459651	0.00000512	0x33	0x00
SPI [1]	result	3.90460179	0.00000512	0x35	0x00
SPI [1]	result	3.90460707	0.00000512	0x33	0x00
SPI [1]	result	3.90461235	0.00000512	0x33	0x00
SPI [1]	result	3.90461763	0.00000512	0x33	0x00
SPI [1]	result	3.90462291	0.00000512	0x31	0xC3
SPI [1]	result	3.90462819	0.00000512	0x33	0x3C
SPI [1]	result	3.90463347	0.00000512	0x36	0xA5
SPI [1]	result	3.90463875	0.00000512	0x33	0x5A
SPI [1]	result	3.90464403	0.00000512	0x31	0x00
SPI [1]	result	3.90464931	0.00000512	0x31	0x00
SPI [1]	result	3.90465459	0.00000512	0x37	0x00
SPI [1]	result	3.90465987	0.00000512	0x30	0x00
SPI [1]	result	3.90466515	0.00000512	0x32	0x00
SPI [1]	result	3.90467043	0.00000512	0x31	0x00
SPI [1]	result	3.90467571	0.00000512	0x36	0x00
SPI [1]	result	3.90468099	0.00000512	0x37	0x00
SPI [1]	result	3.90468627	0.00000512	0x30	0x00
SPI [1]	result	3.90469155	0.00000512	0x32	0x0C
SPI [1]	result	3.90469683	0.00000512	0x30	0x33
SPI [1]	result	3.90470211	0.00000512	0x31	0xCA
SPI [1]	result	3.90470739	0.00000512	0x30	0x55
SPI [1]	result	3.90471267	0.00000512	0x31	0xA0
SPI [1]	result	3.90471795	0.00000512	0x31	0x00
SPI [1]	result	3.90472323	0.00000512	0x30	0x00
SPI [1]	result	3.90472851	0.00000512	0x36	0x00
SPI [1]	result	3.90473379	0.00000512	0x39	0x00
SPI [1]	result	3.90473907	0.00000512	0x41	0x00
SPI [1]	result	3.90474435	0.00000512	0x04	0x00
SPI [1]	result	3.90474963	0.00000512	0x20	0x00
SPI [1]	result	3.90475491	0.00000512	0x02	0x00
SPI [1]	result	3.90476019	0.00000512	0x16	0x00
SPI [1]	result	3.90476547	0.00000512	0x01	0xC3
SPI [1]	result	3.90477075	0.00000512	0x00	0x3C
SPI [1]	result	3.90477603	0.00000512	0x01	0xA5
SPI [1]	result	3.90478131	0.00000512	0x00	0x5A
SPI [1]	result	3.90478659	0.00000512	0x01	0x00
SPI [1]	result	3.90479187	0.00000512	0x00	0x00
SPI [1]	result	3.90479715	0.00000512	0x00	0x00
SPI [1]	result	3.90480243	0.00000512	0x00	0x00
SPI [1]	result	3.90480771	0.00000512	0x00	0x00
SPI [1]	result	3.90481299	0.00000512	0x00	0x00
SPI [1]	result	3.90481827	0.00000512	0x00	0x00
SPI [1]	result	3.90482355	0.00000512	0x00	0x00
SPI [1]	result	3.90482883	0.00000512	0x00	0x00
SPI [1]	result	3.90483411	0.00000512	0x00	0x0C
SPI [1]	result	3.90483939	0.00000512	0x00	0x33
SPI [1]	result	3.90484467	0.00000512	0x00	0xCA
SPI [1]	result	3.90484995	0.00000512	0x00	0x55
SPI [1]	result	3.90485523	0.00000512	0x00	0xA0
SPI [1]	result	3.90486051	0.00000512	0x00	0x00
SPI [1]	result	3.90486579	0.00000512	0x00	0x00
SPI [1]	result	3.90487107	0.00000512	0x00	0x00
SPI [1]	result	3.90487635	0.00000512	0x00	0x00
SPI [1]	result	3.90488163	0.00000512	0x00	0x00
SPI [1]	result	3.90488691	0.00000512	0x00	0x00
SPI [1]	result	3.90489219	0.00000512	0x00	0x00
SPI [1]	result	3.90489747	0.00000512	0x00	0x00
SPI [1]	result	3.90490275	0.00000512	0x00	0x00
SPI [1]	result	3.90490803	0.00000512	0x00	0xC3
SPI [1]	result	3.90491331	0.00000512	0x00	0x3C
SPI [1]	result	3.90491859	0.00000512	0x00	0xA5
SPI [1]	result	3.90492387	0.00000512	0x00	0x5A
SPI [1]	result	3.90492915	0.00000512	0x00	0x00
SPI [1]	result	3.90493443	0.00000512	0x00	0x00
SPI [1]	result	3.90493971	0.00000512	0x00	0x00
SPI [1]	result	3.90494499	0.00000512	0x00	0x00
SPI [1]	result	3.90495027	0.00000512	0x00	0x00
SPI [1]	result	3.90495555	0.00000512	0x00	0x00
SPI [1]	result	3.90496083	0.00000512	0x00	0x00
SPI [1]	result	3.90496611	0.00000512	0x00	0x00
SPI [1]	result	3.90497139	0.00000512	0x00	0x00
SPI [1]	result	3.90497667	0.00000512	0x00	0x0C
SPI [1]	result	3.90498195	0.00000512	0x00	0x33
SPI [1]	result	3.90498723	0.00000512	0x00	0xCA
SPI [1]	result	3.90499251	0.00000512	0x00	0x55
SPI [1]	result	3.90499779	0.00000512	0x00	0xA0
SPI [1]	result	3.90500307	0.00000512	0x00	0x00
SPI [1]	result	3.90500835	0.00000512	0x00	0x00
SPI [1]	result	3.90501363	0.00000512	0x00	0x00
SPI [1]	result	3.90501891	0.00000512	0x00	0x00
SPI [1]	result	3.90502419	0.00000512	0xEF	0x00
SPI [1]	result	3.90815044	0.00000512	0xFF	0xC3
SPI [1]	result	3.90815572	0.00000512	0xFF	0x3C
SPI [1]	result	3.90816100	0.00000512	0x53	0xA5
SPI [1]	result	3.90816628	0.00000512	0x50	0x5A
SPI [1]	result	3.90817156	0.00000512	0x58	0x00
SPI [1]	result	3.90817684	0.00000512	0x31	0x00
SPI [1]	result	3.90818212	0.00000512	0x00	0x00
SPI [1]	result	3.90818740	0.00000512	0x00	0x00
SPI [1]	result	3.90819268	0.00000512	0x00	0x00
SPI [1]	result	3.90819796	0.00000512	0x00	0x00
SPI [1]	result	3.90820324	0.00000512	0x00	0x00
SPI [1]	result	3.90820852	0.00000512	0x00	0x00
SPI [1]	result	3.90821380	0.00000512	0x47	0x00
SPI [1]	result	3.90821908	0.00000512	0x46	0x06
SPI [1]	result	3.90822436	0.00000512	0x58	0x19
SPI [1]	result	3.90822964	0.00000512	0x20	0xE5
SPI [1]	result	3.90823492	0.00000512	0x35	0x2A
SPI [1]	result	3.90824020	0.00000512	0x30	0xD0
SPI [1]	result	3.90824548	0.00000512	0x53	0x00
SPI [1]	result	3.90825076	0.00000512	0x00	0x00
SPI [1]	result	3.90825604	0.00000512	0x00	0x00
SPI [1]	result	3.90826132	0.00000512	0x00	0x00
SPI [1]	result	3.90826660	0.00000512	0x00	0x00
SPI [1]	result	3.90827188	0.00000512	0x00	0x00
SPI [1]	result	3.90827716	0.00000512	0x00	0x00
SPI [1]	result	3.90828244	0.00000512	0x00	0x00
SPI [1]	result	3.90828772	0.00000512	0x00	0x00
SPI [1]	result	3.90829300	0.00000512	0x00	0x61
SPI [1]	result	3.90829828	0.00000512	0x00	0x9E
SPI [1]	result	3.90830356	0.00000512	0x00	0x52
SPI [1]	result	3.90830884	0.00000512	0x00	0xAD
SPI [1]	result	3.90831412	0.00000512	0x00	0x00
SPI [1]	result	3.90831940	0.00000512	0x47	0x00
SPI [1]	result	3.90832468	0.00000512	0x46	0x00
SPI [1]	result	3.90832996	0.00000512	0x58	0x00
SPI [1]	result	3.90833524	0.00000512	0x20	0x00
SPI [1]	result	3.90834052	0.00000512	0x35	0x00
SPI [1]	result	3.90834580	0.00000512	0x30	0x00
SPI [1]	result	3.90835108	0.00000512	0x53	0x00
SPI [1]	result	3.90835636	0.00000512	0x00	0x00
SPI [1]	result	3.90836164	0.00000512	0x00	0x06
SPI [1]	result	3.90836692	0.00000512	0x00	0x19
SPI [1]	result	3.90837220	0.00000512	0x00	0xE5
SPI [1]	result	3.90837748	0.00000512	0x00	0x2A
SPI [1]	result	3.90838276	0.00000512	0x00	0xD0
SPI [1]	result	3.90838804	0.00000512	0x00	0x00
SPI [1]	result	3.90839332	0.00000512	0x00	0x00
SPI [1]	result	3.90839860	0.00000512	0x35	0x00
SPI [1]	result	3.90840388	0.00000512	0x39	0x00
SPI [1]	result	3.90840916	0.00000512	0x33	0x00
SPI [1]	result	3.90841444	0.00000512	0x35	0x00
SPI [1]	result	3.90841972	0.00000512	0x33	0x00
SPI [1]	result	3.90842500	0.00000512	0x33	0x00
SPI [1]	result	3.90843028	0.00000512	0x33	0x00
SPI [1]	result	3.90843556	0.00000512	0x31	0x61
SPI [1]	result	3.90844084	0.00000512	0x33	0x9E
SPI [1]	result	3.90844612	0.00000512	0x36	0x52
SPI [1]	result	3.90845140	0.00000512	0x33	0xAD
SPI [1]	result	3.90845668	0.00000512	0x31	0x00
SPI [1]	result	3.90846196	0.00000512	0x31	0x00
SPI [1]	result	3.90846724	0.00000512	0x37	0x00
SPI [1]	result	3.90847252	0.00000512	0x30	0x00
SPI [1]	result	3.90847780	0.00000512	0x32	0x00
SPI [1]	result	3.90848308	0.00000512	0x31	0x00
SPI [1]	result	3.90848836	0.00000512	0x36	0x00
SPI [1]	result	3.90849364	0.00000512	0x37	0x00
SPI [1]	result	3.90849892	0.00000512	0x30	0x00
SPI [1]	result	3.90850420	0.00000512	0x32	0x06
SPI [1]	result	3.90850948	0.00000512	0x30	0x19
SPI [1]	result	3.90851476	0.00000512	0x31	0xE5
SPI [1]	result	3.90852004	0.00000512	0x30	0x2A
SPI [1]	result	3.90852532	0.00000512	0x31	0xD0
SPI [1]	result	3.90853060	0.00000512	0x31	0x00
SPI [1]	result	3.90853588	0.00000512	0x30	0x00
SPI [1]	result	3.90854116	0.00000512	0x36	0x00
SPI [1]	result	3.90854644	0.00000512	0x39	0x00
SPI [1]	result	3.90855172	0.00000512	0x41	0x00
SPI [1]	result	3.90855700	0.00000512	0x04	0x00
SPI [1]	result	3.90856228	0.00000512	0x20	0x00
SPI [1]	result	3.90856756	0.00000512	0x02	0x00
SPI [1]	result	3.90857284	0.00000512	0x16	0x00
SPI [1]	result	3.90857812	0.00000512	0x01	0x61
SPI [1]	result	3.90858340	0.00000512	0x00	0x9E
SPI [1]	result	3.90858868	0.00000512	0x01	0x52
SPI [1]	result	3.90859396	0.00000512	0x00	0xAD
SPI [1]	result	3.90859924	0.00000512	0x01	0x00
SPI [1]	result	3.90860452	0.00000512	0x00	0x00
SPI [1]	result	3.90860980	0.00000512	0x00	0x00
SPI [1]	result	3.90861508	0.00000512	0x00	0x00
SPI [1]	result	3.90862036	0.00000512	0x00	0x00
SPI [1]	result	3.90862564	0.00000512	0x00	0x00
SPI [1]	result	3.90863092	0.00000512	0x00	0x00
SPI [1]	result	3.90863620	0.00000512	0x00	0x00
SPI [1]	result	3.90864148	0.00000512	0x00	0x00
SPI [1]	result	3.90864676	0.00000512	0x00	0x06
SPI [1]	result	3.90865204	0.00000512	0x00	0x19
SPI [1]	result	3.90865732	0.00000512	0x00	0xE5
SPI [1]	result	3.90866260	0.00000512	0x00	0x2A
SPI [1]	result	3.90866788	0.00000512	0x00	0xD0
SPI [1]	result	3.90867316	0.00000512	0x00	0x00
SPI [1]	result	3.90867844	0.00000512	0x00	0x00
SPI [1]	result	3.90868372	0.00000512	0x00	0x00
SPI [1]	result	3.90868900	0.00000512	0x00	0x00
SPI [1]	result	3.90869428	0.00000512	0x00	0x00
SPI [1]	result	3.90869956	0.00000512	0x00	0x00
SPI [1]	result	3.90870484	0.00000512	0x00	0x00
SPI [1]	result	3.90871012	0.00000512	0x00	0x00
SPI [1]	result	3.90871540	0.00000512	0x00	0x00
SPI [1]	result	3.90872068	0.00000512	0x00	0x61
SPI [1]	result	3.90872596	0.00000512	0x00	0x9E
SPI [1]	result	3.90873124	0.00000512	0x00	0x52
SPI [1]	result	3.90873652	0.00000512	0x00	0xAD
SPI [1]	result	3.90874180	0.00000512	0x00	0x00
SPI [1]	result	3.90874708	0.00000512	0x00	0x00
SPI [1]	result	3.90875236	0.00000512	0x00	0x00
SPI [1]	result	3.90875764	0.00000512	0x00	0x00
SPI [1]	result	3.90876292	0.00000512	0x00	0x00
SPI [1]	result	3.90876820	0.00000512	0x00	0x00
SPI [1]	result	3.90877348	0.00000512	0x00	0x00
SPI [1]	result	3.90877876	0.00000512	0x00	0x00
SPI [1]	result	3.90878404	0.00000512	0x00	0x00
SPI [1]	result	3.90878932	0.00000512	0x00	0x06
SPI [1]	result	3.90879460	0.00000512	0x00	0x19
SPI [1]	result	3.90879988	0.00000512	0x00	0xE5
SPI [1]	result	3.90880516	0.00000512	0x00	0x2A
SPI [1]	result	3.90881044	0.00000512	0x00	0xD0
SPI [1]	result	3.90881572	0.00000512	0x00	0x00
SPI [1]	result	3.90882100	0.00000512	0x00	0x00
SPI [1]	result	3.90882628	0.00000512	0x00	0x00
SPI [1]	result	3.90883156	0.00000512	0x00	0x00
SPI [1]	result	3.90883684	0.00000512	0xED	0x00
SPI [1]	result	3.91196568	0.00000512	0x00	0xC3
SPI [1]	result	3.91197096	0.00000512	0x00	0x3C
SPI [1]	result	3.91197624	0.00000512	0x05	0xA5
SPI [1]	result	3.91198152	0.00000512	0x96	0x5A
SPI [1]	result	3.91277209	0.00000512	0x0D	0xC3
SPI [1]	result	3.91277737	0.00000512	0x10	0x3C
SPI [1]	result	3.91278265	0.00000512	0x80	0xA5
SPI [1]	result	3.91278793	0.00000512	0x0A	0x5A
SPI [1]	result	3.91416858	0.00000512	0x00	0xC3
SPI [1]	result	3.91417386	0.00000512	0x00	0x3C
SPI [1]	result	3.91417914	0.00000512	0x00	0xA5
SPI [1]	result	3.91418442	0.00000512	0x00	0x5A
SPI [1]	result	3.91426091	0.00000512	0x08	0xC3
SPI [1]	result	3.91426619	0.00000512	0x00	0x3C
SPI [1]	result	3.91427147	0.00000512	0x85	0xA5
SPI [1]	result	3.91427675	0.00000512	0xA8	0x5A
SPI [1]	result	3.91450599	0.00000512	0x00	0xC3
SPI [1]	result	3.91451127	0.00000512	0x00	0x3C
SPI [1]	result	3.91451655	0.00000512	0x08	0xA5
SPI [1]	result	3.91452183	0.00000512	0x20	0x5A
SPI [1]	result	3.91530096	0.00000512	0x0E	0xC3
SPI [1]	result	3.91530624	0.00000512	0x10	0x3C
SPI [1]	result	3.91531152	0.00000512	0x80	0xA5
SPI [1]	result	3.91531680	0.00000512	0x12	0x5A
SPI [1]	result	3.91587196	0.00000512	0x00	0xC3
SPI [1]	result	3.91587724	0.00000512	0x00	0x3C
SPI [1]	result	3.91588252	0.00000512	0x00	0xA5
SPI [1]	result	3.91588780	0.00000512	0x00	0x5A
SPI [1]	result	3.91644479	0.00000512	0x08	0xC3
SPI [1]	result	3.91645007	0.00000512	0x00	0x3C
SPI [1]	result	3.91645535	0.00000512	0x88	0xA5
SPI [1]	result	3.91646063	0.00000512	0x32	0x5A
SPI [1]	result	3.91704303	0.00000512	0x00	0xC3
SPI [1]	result	3.91704831	0.00000512	0x00	0x3C
SPI [1]	result	3.91705359	0.00000512	0x0C	0xA5
SPI [1]	result	3.91705887	0.00000512	0x30	0x5A
SPI [1]	result	3.91783791	0.00000512	0x0F	0xC3
SPI [1]	result	3.91784319	0.00000512	0x10	0x3C
SPI [1]	result	3.91784847	0.00000512	0x80	0xA5
SPI [1]	result	3.91785375	0.00000512	0x1A	0x5A
SPI [1]	result	3.91840787	0.00000512	0x00	0xC3
SPI [1]	result	3.91841315	0.00000512	0x00	0x3C
SPI [1]	result	3.91841843	0.00000512	0x0C	0xA5
SPI [1]	result	3.91842371	0.00000512	0x72	0x5A
SPI [1]	result	3.91919990	0.00000512	0x08	0xC3
SPI [1]	result	3.91920518	0.00000512	0x00	0x3C
SPI [1]	result	3.91921046	0.00000512	0x8C	0xA5
SPI [1]	result	3.91921574	0.00000512	0x02	0x5A
SPI [1]	result	3.91979288	0.00000512	0x00	0xC3
SPI [1]	result	3.91979816	0.00000512	0x00	0x3C
SPI [1]	result	3.91980344	0.00000512	0x00	0xA5
SPI [1]	result	3.91980872	0.00000512	0x00	0x5A
SPI [1]	result	3.92036893	0.00000512	0x08	0xC3
SPI [1]	result	3.92037421	0.00000512	0x00	0x3C
SPI [1]	result	3.92037949	0.00000512	0x8C	0xA5
SPI [1]	result	3.92038477	0.00000512	0x44	0x5A
SPI [1]	result	3.95551535	0.00000512	0x00	0xC3
SPI [1]	result	3.95552063	0.00000512	0x00	0x3C
SPI [1]	result	3.95552591	0.00000512	0x08	0xA5
SPI [1]	result	3.95553119	0.00000512	0x20	0x5A
SPI [1]	result	3.95630484	0.00000512	0x09	0xC3
SPI [1]	result	3.95631012	0.00000512	0x10	0x3C
SPI [1]	result	3.95631540	0.00000512	0x80	0xA5
SPI [1]	result	3.95632068	0.00000512	0x2A	0x5A
SPI [1]	result	3.95687888	0.00000512	0x00	0xC3
SPI [1]	result	3.95688416	0.00000512	0x00	0x3C
SPI [1]	result	3.95688944	0.00000512	0x00	0xA5
SPI [1]	result	3.95689472	0.00000512	0x00	0x5A
SPI [1]	result	3.95744391	0.00000512	0x08	0xC3
SPI [1]	result	3.95744919	0.00000512	0x00	0x3C
SPI [1]	result	3.95745447	0.00000512	0x88	0xA5
SPI [1]	result	3.95745975	0.00000512	0x32	0x5A
SPI [1]	result	4.01803068	0.00000512	0x00	0xC3
SPI [1]	result	4.01803596	0.00000512	0x00	0x3C
SPI [1]	result	4.01804124	0.00000512	0x08	0xA5
SPI [1]	result	4.01804652	0.00000512	0x20	0x5A
SPI [1]	result	4.01850799	0.00000512	0x0A	0xC3
SPI [1]	result	4.01851327	0.00000512	0x10	0x3C
SPI [1]	result	4.01851855	0.00000512	0x80	0xA5
SPI [1]	result	4.01852383	0.00000512	0x32	0x5A
SPI [1]	result	4.01879183	0.00000512	0x00	0xC3
SPI [1]	result	4.01879711	0.00000512	0x00	0x3C
SPI [1]	result	4.01880239	0.00000512	0x00	0xA5
SPI [1]	result	4.01880767	0.00000512	0x00	0x5A
SPI [1]	result	4.01907175	0.00000512	0x08	0xC3
SPI [1]	result	4.01907703	0.00000512	0x00	0x3C
SPI [1]	result	4.01908231	0.00000512	0x88	0xA5
SPI [1]	result	4.01908759	0.00000512	0x32	0x5A
SPI [1]	result	4.03289492	0.00000512	0x00	0xC3
SPI [1]	result	4.03290020	0.00000512	0x00	0x3C
SPI [1]	result	4.03290548	0.00000512	0x20	0xA5
SPI [1]	result	4.03291076	0.00000512	0x04	0x5A
SPI [1]	result	4.03338798	0.00000512	0x0B	0xC3
SPI [1]	result	4.03339326	0.00000512	0x10	0x3C
SPI [1]	result	4.03339854	0.00000512	0x80	0xA5
SPI [1]	result	4.03340382	0.00000512	0x3A	0x5A
SPI [1]	result	4.03369484	0.00000512	0x00	0xC3
SPI [1]	result	4.03370012	0.00000512	0x00	0x3C
SPI [1]	result	4.03370540	0.00000512	0x3F	0xA5
SPI [1]	result	4.03371068	0.00000512	0xC6	0x5A
SPI [1]	result	4.03418887	0.00000512	0x0C	0xC3
SPI [1]	result	4.03419415	0.00000512	0x00	0x3C
SPI [1]	result	4.03419943	0.00000512	0xA0	0xA5
SPI [1]	result	4.03420471	0.00000512	0x36	0x5A
SPI [1]	result	4.03449095	0.00000512	0x00	0xC3
SPI [1]	result	4.03449623	0.00000512	0x00	0x3C
SPI [1]	result	4.03450151	0.00000512	0x00	0xA5
SPI [1]	result	4.03450679	0.00000512	0x00	0x5A
SPI [1]	result	4.03477230	0.00000512	0x08	0xC3
SPI [1]	result	4.03477758	0.00000512	0x00	0x3C
SPI [1]	result	4.03478286	0.00000512	0xBF	0xA5
SPI [1]	result	4.03478814	0.00000512	0xD8	0x5A
SPI [1]	result	4.03506082	0.00000512	0x00	0xC3
SPI [1]	result	4.03506610	0.00000512	0x02	0x3C
SPI [1]	result	4.03507138	0.00000512	0x2A	0xA5
SPI [1]	result	4.03507666	0.00000512	0x2E	0x5A
SPI [1]	result	4.03552394	0.00000512	0x0D	0xC3
SPI [1]	result	4.03552922	0.00000512	0x10	0x3C
SPI [1]	result	4.03553450	0.00000512	0x80	0xA5
SPI [1]	result	4.03553978	0.00000512	0x0A	0x5A
SPI [1]	result	4.03580924	0.00000512	0x00	0xC3
SPI [1]	result	4.03581452	0.00000512	0x00	0x3C
SPI [1]	result	4.03581980	0.00000512	0x3F	0xA5
SPI [1]	result	4.03582508	0.00000512	0xC6	0x5A
SPI [1]	result	4.03629030	0.00000512	0x0E	0xC3
SPI [1]	result	4.03629558	0.00000512	0x00	0x3C
SPI [1]	result	4.03630086	0.00000512	0xAA	0xA5
SPI [1]	result	4.03630614	0.00000512	0x2E	0x5A
SPI [1]	result	4.03659453	0.00000512	0x00	0xC3
SPI [1]	result	4.03659981	0.00000512	0x00	0x3C
SPI [1]	result	4.03660509	0.00000512	0x00	0xA5
SPI [1]	result	4.03661037	0.00000512	0x00	0x5A
SPI [1]	result	4.03688020	0.00000512	0x08	0xC3
SPI [1]	result	4.03688548	0.00000512	0x00	0x3C
SPI [1]	result	4.03689076	0.00000512	0xBF	0xA5
SPI [1]	result	4.03689604	0.00000512	0xD8	0x5A
SPI [1]	result	4.06123410	0.00000512	0x00	0xC3
SPI [1]	result	4.06123938	0.00000512	0x00	0x3C
SPI [1]	result	4.06124466	0.00000512	0x08	0xA5
SPI [1]	result	4.06124994	0.00000512	0x20	0x5A
SPI [1]	result	4.06150217	0.00000512	0x0F	0xC3
SPI [1]	result	4.06150745	0.00000512	0x10	0x3C
SPI [1]	result	4.06151273	0.00000512	0x80	0xA5
SPI [1]	result	4.06151801	0.00000512	0x1A	0x5A
SPI [1]	result	4.06162322	0.00000512	0x00	0xC3
SPI [1]	result	4.06162850	0.00000512	0x00	0x3C
SPI [1]	result	4.06163378	0.00000512	0x00	0xA5
SPI [1]	result	4.06163906	0.00000512	0x00	0x5A
SPI [1]	result	4.06172186	0.00000512	0x08	0xC3
SPI [1]	result	4.06172714	0.00000512	0x00	0x3C
SPI [1]	result	4.06173242	0.00000512	0x88	0xA5
SPI [1]	result	4.06173770	0.00000512	0x32	0x5A
SPI [1]	result	4.06182056	0.00000512	0x00	0xC3
SPI [1]	result	4.06182584	0.00000512	0x00	0x3C
SPI [1]	result	4.06183112	0.00000512	0x0C	0xA5
SPI [1]	result	4.06183640	0.00000512	0xB2	0x5A
SPI [1]	result	4.06191760	0.00000512	0x08	0xC3
SPI [1]	result	4.06192288	0.00000512	0x10	0x3C
SPI [1]	result	4.06192816	0.00000512	0x80	0xA5
SPI [1]	result	4.06193344	0.00000512	0x22	0x5A
SPI [1]	result	4.06201283	0.00000512	0x00	0xC3
SPI [1]	result	4.06201811	0.00000512	0x00	0x3C
SPI [1]	result	4.06202339	0.00000512	0x0C	0xA5
SPI [1]	result	4.06202867	0.00000512	0x30	0x5A
SPI [1]	result	4.06210487	0.00000512	0x09	0xC3
SPI [1]	result	4.06211015	0.00000512	0x00	0x3C
SPI [1]	result	4.06211543	0.00000512	0x8C	0xA5
SPI [1]	result	4.06212071	0.00000512	0x8C	0x5A
SPI [1]	result	4.06220205	0.00000512	0x00	0xC3
SPI [1]	result	4.06220733	0.00000512	0x00	0x3C
SPI [1]	result	4.06221261	0.00000512	0x00	0xA5
SPI [1]	result	4.06221789	0.00000512	0x00	0x5A
SPI [1]	result	4.06230099	0.00000512	0x08	0xC3
SPI [1]	result	4.06230627	0.00000512	0x00	0x3C
SPI [1]	result	4.06231155	0.00000512	0x8C	0xA5
SPI [1]	result	4.06231683	0.00000512	0x02	0x5A
SPI [1]	result	4.10250658	0.00000512	0x00	0xC3
SPI [1]	result	4.10251186	0.00000512	0x00	0x3C
SPI [1]	result	4.10251714	0.00000512	0x08	0xA5
SPI [1]	result	4.10252242	0.00000512	0x20	0x5A
SPI [1]	result	4.10306730	0.00000512	0xA5	0xC3
SPI [1]	result	4.10307258	0.00000512	0x5A	0x3C
SPI [1]	result	4.10307786	0.00000512	0x3C	0xA5
SPI [1]	result	4.10308314	0.00000512	0xC3	0x00
SPI [1]	result	4.10352819	0.00000512	0x80	0xC3
SPI [1]	result	4.10353347	0.00000512	0x20	0x3C
SPI [1]	result	4.10353875	0.00000512	0x28	0xA5
SPI [1]	result	4.10354403	0.00000512	0x24	0x5A
SPI [1]	result	4.10427081	0.00000512	0x08	0xC3
SPI [1]	result	4.10427609	0.00000512	0x10	0x3C
SPI [1]	result	4.10428137	0.00000512	0x80	0xA5
SPI [1]	result	4.10428665	0.00000512	0x22	0x5A
SPI [1]	result	4.10472534	0.00000512	0x00	0xC3
SPI [1]	result	4.10473062	0.00000512	0x00	0x3C
SPI [1]	result	4.10473590	0.00000512	0x00	0xA5
SPI [1]	result	4.10474118	0.00000512	0x00	0x5A
SPI [1]	result	4.10518163	0.00000512	0x00	0xC3
SPI [1]	result	4.10518691	0.00000512	0x00	0x3C
SPI [1]	result	4.10519219	0.00000512	0x00	0xA5
SPI [1]	result	4.10519747	0.00000512	0x00	0x5A
SPI [1]	result	4.14252264	0.00000512	0x00	0xC3
SPI [1]	result	4.14252792	0.00000512	0x00	0x3C
SPI [1]	result	4.14253320	0.00000512	0x08	0xA5
SPI [1]	result	4.14253848	0.00000512	0x20	0x5A
SPI [1]	result	4.18250641	0.00000512	0x00	0xC3
SPI [1]	result	4.18251169	0.00000512	0x00	0x3C
SPI [1]	result	4.18251697	0.00000512	0x08	0xA5
SPI [1]	result	4.18252225	0.00000512	0x20	0x5A
SPI [1]	result	4.22250488	0.00000512	0x00	0xC3
SPI [1]	result	4.22251016	0.00000512	0x00	0x3C
SPI [1]	result	4.22251544	0.00000512	0x08	0xA5
SPI [1]	result	4.22252072	0.00000512	0x20	0x5A
SPI [1]	result	4.26250479	0.00000512	0x00	0xC3
SPI [1]	result	4.26251007	0.00000512	0x00	0x3C
SPI [1]	result	4.26251535	0.00000512	0x08	0xA5
SPI [1]	result	4.26252063	0.00000512	0x20	0x5A
SPI [1]	result	4.30250554	0.00000512	0x00	0xC3
SPI [1]	result	4.30251082	0.00000512	0x00	0x3C
SPI [1]	result	4.30251610	0.00000512	0x08	0xA5
SPI [1]	result	4.30252138	0.00000512	0x20	0x5A
SPI [1]	result	4.34250586	0.00000512	0x00	0xC3
SPI [1]	result	4.34251114	0.00000512	0x00	0x3C
SPI [1]	result	4.34251642	0.00000512	0x08	0xA5
SPI [1]	result	4.34252170	0.00000512	0x20	0x5A
SPI [1]	result	4.38250353	0.00000512	0x00	0xC3
SPI [1]	result	4.38250881	0.00000512	0x00	0x3C
SPI [1]	result	4.38251409	0.00000512	0x08	0xA5
SPI [1]	result	4.38251937	0.00000512	0x20	0x5A
SPI [1]	result	4.42250568	0.00000512	0x00	0xC3
SPI [1]	result	4.42251096	0.00000512	0x00	0x3C
SPI [1]	result	4.42251624	0.00000512	0x08	0xA5
SPI [1]	result	4.42252152	0.00000512	0x20	0x5A
SPI [1]	result	4.46250624	0.00000512	0x00	0xC3
SPI [1]	result	4.46251152	0.00000512	0x00	0x3C
SPI [1]	result	4.46251680	0.00000512	0x08	0xA5
SPI [1]	result	4.46252208	0.00000512	0x20	0x5A
SPI [1]	result	4.50255375	0.00000512	0x00	0xC3
SPI [1]	result	4.50255903	0.00000512	0x00	0x3C
SPI [1]	result	4.50256431	0.00000512	0x08	0xA5
SPI [1]	result	4.50256959	0.00000512	0x20	0x5A
SPI [1]	result	4.54250418	0.00000512	0x00	0xC3
SPI [1]	result	4.54250946	0.00000512	0x00	0x3C
SPI [1]	result	4.54251474	0.00000512	0x08	0xA5
SPI [1]	result	4.54252002	0.00000512	0x20	0x5A
SPI [1]	result	4.58250459	0.00000512	0x00	0xC3
SPI [1]	result	4.58250987	0.00000512	0x00	0x3C
SPI [1]	result	4.58251515	0.00000512	0x08	0xA5
SPI [1]	result	4.58252043	0.00000512	0x20	0x5A
SPI [1]	result	4.58296169	0.00000512	0xA5	0xC3
SPI [1]	result	4.58296697	0.00000512	0x5A	0x3C
SPI [1]	result	4.58297225	0.00000512	0x3C	0xA5
SPI [1]	result	4.58297753	0.00000512	0xC3	0x5A
SPI [1]	result	4.58518039	0.00000512	0x80	0xA5
SPI [1]	result	4.58518567	0.00000512	0x20	0x5A
SPI [1]	result	4.58519095	0.00000512	0x28	0x3C
SPI [1]	result	4.58519623	0.00000512	0x24	0xC3
SPI [1]	result	4.58572533	0.00000512	0x08	0x08
SPI [1]	result	4.58573061	0.00000512	0x10	0x10
SPI [1]	result	4.58573589	0.00000512	0x80	0xA8
SPI [1]	result	4.58574117	0.00000512	0x22	0x06
SPI [1]	result	4.58619109	0.00000512	0x00	0x08
SPI [1]	result	4.58619637	0.00000512	0x00	0x00
SPI [1]	result	4.58620165	0.00000512	0x00	0xA8
SPI [1]	result	4.58620693	0.00000512	0x00	0x36
SPI [1]	result	4.58664089	0.00000512	0x00	0x00
SPI [1]	result	4.58664617	0.00000512	0x00	0xF3
SPI [1]	result	4.58665145	0.00000512	0x00	0x03
SPI [1]	result	4.58665673	0.00000512	0x00	0xE8
SPI [1]	result	4.58791481	0.00000512	0x00	0xC3
SPI [1]	result	4.58792009	0.00000512	0x00	0x3C
SPI [1]	result	4.58792537	0.00000512	0x3F	0xA5
SPI [1]	result	4.58793065	0.00000512	0xC6	0x5A
SPI [1]	result	4.58877726	0.00000512	0x08	0xC3
SPI [1]	result	4.58878254	0.00000512	0x10	0x3C
SPI [1]	result	4.58878782	0.00000512	0x80	0xA5
SPI [1]	result	4.58879310	0.00000512	0x22	0x5A
SPI [1]	result	4.59212929	0.00000512	0x00	0xC3
SPI [1]	result	4.59213457	0.00000512	0x00	0x3C
SPI [1]	result	4.59213985	0.00000512	0x00	0xA5
SPI [1]	result	4.59214513	0.00000512	0x00	0x5A
SPI [1]	result	4.59297559	0.00000512	0x08	0xC3
SPI [1]	result	4.59298087	0.00000512	0x00	0x3C
SPI [1]	result	4.59298615	0.00000512	0xBF	0xA5
SPI [1]	result	4.59299143	0.00000512	0xD8	0x5A
SPI [1]	result	4.59552818	0.00000512	0xB8	0xC3
SPI [1]	result	4.59553346	0.00000512	0x01	0x3C
SPI [1]	result	4.59553874	0.00000512	0x06	0xA5
SPI [1]	result	4.59554402	0.00000512	0x26	0x5A
SPI [1]	result	4.59646237	0.00000512	0x09	0xC3
SPI [1]	result	4.59646765	0.00000512	0x10	0x3C
SPI [1]	result	4.59647293	0.00000512	0x80	0xA5
SPI [1]	result	4.59647821	0.00000512	0x2A	0x5A
SPI [1]	result	4.59722981	0.00000512	0x00	0xC3
SPI [1]	result	4.59723509	0.00000512	0x00	0x3C
SPI [1]	result	4.59724037	0.00000512	0x05	0xA5
SPI [1]	result	4.59724565	0.00000512	0x14	0x5A
SPI [1]	result	4.59769103	0.00000512	0x0A	0xC3
SPI [1]	result	4.59769631	0.00000512	0x00	0x3C
SPI [1]	result	4.59770159	0.00000512	0x86	0xA5
SPI [1]	result	4.59770687	0.00000512	0x3A	0x5A
SPI [1]	result	4.59827951	0.00000512	0x00	0xC3
SPI [1]	result	4.59828479	0.00000512	0x00	0x3C
SPI [1]	result	4.59829007	0.00000512	0x00	0xA5
SPI [1]	result	4.59829535	0.00000512	0x00	0xFF
SPI [1]	result	4.59884101	0.00000512	0x08	0xC3
SPI [1]	result	4.59884629	0.00000512	0x00	0x3C
SPI [1]	result	4.59885157	0.00000512	0x85	0xA5
SPI [1]	result	4.59885685	0.00000512	0x26	0x5A
SPI [1]	result	4.60193319	0.00000512	0xFF	0xC3
SPI [1]	result	4.60193847	0.00000512	0xFF	0x3C
SPI [1]	result	4.60194375	0.00000512	0x00	0xA5
SPI [1]	result	4.60194903	0.00000512	0x00	0x5A
SPI [1]	result	4.60195431	0.00000512	0x00	0x00
SPI [1]	result	4.60195959	0.00000512	0x00	0x00
SPI [1]	result	4.60196487	0.00000512	0x00	0x00
SPI [1]	result	4.60197015	0.00000512	0x00	0x00
SPI [1]	result	4.60197543	0.00000512	0x00	0x00
SPI [1]	result	4.60198071	0.00000512	0x00	0x00
SPI [1]	result	4.60198599	0.00000512	0x00	0x00
SPI [1]	result	4.60199127	0.00000512	0x00	0x00
SPI [1]	result	4.60199655	0.00000512	0x00	0x00
SPI [1]	result	4.60200183	0.00000512	0x00	0x0C
SPI [1]	result	4.60200711	0.00000512	0x00	0x33
SPI [1]	result	4.60201239	0.00000512	0x00	0xCA
SPI [1]	result	4.60201767	0.00000512	0x00	0x55
SPI [1]	result	4.60202295	0.00000512	0x00	0xA0
SPI [1]	result	4.60202823	0.00000512	0x00	0x00
SPI [1]	result	4.60203351	0.00000512	0x00	0x00
SPI [1]	result	4.60203879	0.00000512	0x00	0x00
SPI [1]	result	4.60204407	0.00000512	0x00	0x00
SPI [1]	result	4.60204935	0.00000512	0x00	0x00
SPI [1]	result	4.60205463	0.00000512	0x00	0x00
SPI [1]	result	4.60205991	0.00000512	0x00	0x00
SPI [1]	result	4.60206519	0.00000512	0x00	0x00
SPI [1]	result	4.60207047	0.00000512	0x00	0x00
SPI [1]	result	4.60207575	0.00000512	0x00	0xC3
SPI [1]	result	4.60208103	0.00000512	0x00	0x3C
SPI [1]	result	4.60208631	0.00000512	0x00	0xA5
SPI [1]	result	4.60209159	0.00000512	0x00	0x5A
SPI [1]	result	4.60209687	0.00000512	0x00	0x00
SPI [1]	result	4.60210215	0.00000512	0x00	0x00
SPI [1]	result	4.60210743	0.00000512	0x00	0x00
SPI [1]	result	4.60211271	0.00000512	0x00	0x00
SPI [1]	result	4.60211799	0.00000512	0x00	0x00
SPI [1]	result	4.60212327	0.00000512	0x00	0x00
SPI [1]	result	4.60212855	0.00000512	0x00	0x00
SPI [1]	result	4.60213383	0.00000512	0x00	0x00
SPI [1]	result	4.60213911	0.00000512	0x00	0x00
SPI [1]	result	4.60214439	0.00000512	0x00	0x0C
SPI [1]	result	4.60214967	0.00000512	0x00	0x33
SPI [1]	result	4.60215495	0.00000512	0x00	0xCA
SPI [1]	result	4.60216023	0.00000512	0x00	0x55
SPI [1]	result	4.60216551	0.00000512	0x00	0xA0
SPI [1]	result	4.60217079	0.00000512	0x00	0x00
SPI [1]	result	4.60217607	0.00000512	0x00	0x00
SPI [1]	result	4.60218135	0.00000512	0x00	0x00
SPI [1]	result	4.60218663	0.00000512	0x00	0x00
SPI [1]	result	4.60219191	0.00000512	0x00	0x00
SPI [1]	result	4.60219719	0.00000512	0x00	0x00
SPI [1]	result	4.60220247	0.00000512	0x00	0x00
SPI [1]	result	4.60220775	0.00000512	0x00	0x00
SPI [1]	result	4.60221303	0.00000512	0x00	0x00
SPI [1]	result	4.60221831	0.00000512	0x00	0xC3
SPI [1]	result	4.60222359	0.00000512	0x00	0x3C
SPI [1]	result	4.60222887	0.00000512	0x00	0xA5
SPI [1]	result	4.60223415	0.00000512	0x00	0x5A
SPI [1]	result	4.60223943	0.00000512	0x00	0x00
SPI [1]	result	4.60224471	0.00000512	0x00	0x00
SPI [1]	result	4.60224999	0.00000512	0x00	0x00
SPI [1]	result	4.60225527	0.00000512	0x00	0x00
SPI [1]	result	4.60226055	0.00000512	0x00	0x00
SPI [1]	result	4.60226583	0.00000512	0x00	0x00
SPI [1]	result	4.60227111	0.00000512	0x00	0x00
SPI [1]	result	4.60227639	0.00000512	0x00	0x00
SPI [1]	result	4.60228167	0.00000512	0x00	0x00
SPI [1]	result	4.60228695	0.00000512	0x00	0x0C
SPI [1]	result	4.60229223	0.00000512	0x00	0x33
SPI [1]	result	4.60229751	0.00000512	0x00	0xFF
SPI [1]	result	4.60230279	0.00000512	0x00	0xFF
SPI [1]	result	4.60230807	0.00000512	0x00	0xFF
SPI [1]	result	4.60231335	0.00000512	0x00	0xFF
SPI [1]	result	4.60231863	0.00000512	0x00	0xFF
SPI [1]	result	4.60232391	0.00000512	0x00	0xFF
SPI [1]	result	4.60232919	0.00000512	0x00	0xFF
SPI [1]	result	4.60233447	0.00000512	0x00	0xFF
SPI [1]	result	4.60233975	0.00000512	0x00	0xF0
SPI [1]	result	4.60234503	0.00000512	0x00	0xCF
SPI [1]	result	4.60235031	0.00000512	0x00	0x29
SPI [1]	result	4.60235559	0.00000512	0x00	0x56
SPI [1]	result	4.60236087	0.00000512	0x00	0x80
SPI [1]	result	4.60236615	0.00000512	0x00	0x00
SPI [1]	result	4.60237143	0.00000512	0x00	0x00
SPI [1]	result	4.60237671	0.00000512	0x00	0x00
SPI [1]	result	4.60238199	0.00000512	0x00	0x00
SPI [1]	result	4.60238727	0.00000512	0x00	0x00
SPI [1]	result	4.60239255	0.00000512	0x00	0x00
SPI [1]	result	4.60239783	0.00000512	0x00	0x00
SPI [1]	result	4.60240311	0.00000512	0x00	0x00
SPI [1]	result	4.60240839	0.00000512	0x00	0x01
SPI [1]	result	4.60241367	0.00000512	0x00	0x86
SPI [1]	result	4.60241895	0.00000512	0x00	0x79
SPI [1]	result	4.60242423	0.00000512	0x00	0x4A
SPI [1]	result	4.60242951	0.00000512	0x00	0xB4
SPI [1]	result	4.60243479	0.00000512	0x00	0x00
SPI [1]	result	4.60244007	0.00000512	0x00	0x00
SPI [1]	result	4.60244535	0.00000512	0x00	0x00
SPI [1]	result	4.60245063	0.00000512	0x00	0x00
SPI [1]	result	4.60245591	0.00000512	0x00	0x00
SPI [1]	result	4.60246119	0.00000512	0x00	0x00
SPI [1]	result	4.60246647	0.00000512	0x00	0x00
SPI [1]	result	4.60247175	0.00000512	0x00	0x00
SPI [1]	result	4.60247703	0.00000512	0x00	0x00
SPI [1]	result	4.60248231	0.00000512	0x00	0x18
SPI [1]	result	4.60248759	0.00000512	0x00	0x67
SPI [1]	result	4.60249287	0.00000512	0x00	0x94
SPI [1]	result	4.60249815	0.00000512	0x00	0xAB
SPI [1]	result	4.60250343	0.00000512	0x00	0x40
SPI [1]	result	4.60250871	0.00000512	0x00	0x00
SPI [1]	result	4.60251399	0.00000512	0x00	0x00
SPI [1]	result	4.60251927	0.00000512	0x00	0x00
SPI [1]	result	4.60252455	0.00000512	0x00	0x00
SPI [1]	result	4.60252983	0.00000512	0x00	0x00
SPI [1]	result	4.60253511	0.00000512	0x00	0x00
SPI [1]	result	4.60254039	0.00000512	0x00	0x00
SPI [1]	result	4.60254567	0.00000512	0x00	0x00
SPI [1]	result	4.60255095	0.00000512	0x00	0x01
SPI [1]	result	4.60255623	0.00000512	0x00	0x86
SPI [1]	result	4.60256151	0.00000512	0x00	0x79
SPI [1]	result	4.60256679	0.00000512	0x00	0x4A
SPI [1]	result	4.60257207	0.00000512	0x00	0xB4
SPI [1]	result	4.60257735	0.00000512	0x00	0x00
SPI [1]	result	4.60258263	0.00000512	0x00	0x00
SPI [1]	result	4.60258791	0.00000512	0x00	0x00
SPI [1]	result	4.60259319	0.00000512	0x00	0x00
SPI [1]	result	4.60259847	0.00000512	0x00	0x00
SPI [1]	result	4.60260375	0.00000512	0x00	0x00
SPI [1]	result	4.60260903	0.00000512	0x00	0x00
SPI [1]	result	4.60261431	0.00000512	0x00	0x00
SPI [1]	result	4.60261959	0.00000512	0x5A	0x00
SPI [1]	result	4.60574976	0.00000512	0xFF	0xC3
SPI [1]	result	4.60575504	0.00000512	0x00	0x3C
SPI [1]	result	4.60576032	0.00000512	0x00	0xA5
SPI [1]	result	4.60576560	0.00000512	0x00	0x5A
SPI [1]	result	4.60577088	0.00000512	0x00	0x00
SPI [1]	result	4.60577616	0.00000512	0x00	0x00
SPI [1]	result	4.60578144	0.00000512	0x00	0x00
SPI [1]	result	4.60578672	0.00000512	0x00	0x00
SPI [1]	result	4.60579200	0.00000512	0x00	0x00
SPI [1]	result	4.60579728	0.00000512	0x00	0x00
SPI [1]	result	4.60580256	0.00000512	0x00	0x00
SPI [1]	result	4.60580784	0.00000512	0x00	0x00
SPI [1]	result	4.60581312	0.00000512	0x00	0x00
SPI [1]	result	4.60581840	0.00000512	0x00	0x0C
SPI [1]	result	4.60582368	0.00000512	0x00	0x33
SPI [1]	result	4.60582896	0.00000512	0x00	0xCA
SPI [1]	result	4.60583424	0.00000512	0x00	0x55
SPI [1]	result	4.60583952	0.00000512	0x00	0xA0
SPI [1]	result	4.60584480	0.00000512	0x00	0x00
SPI [1]	result	4.60585008	0.00000512	0x00	0x00
SPI [1]	result	4.60585536	0.00000512	0x00	0x00
SPI [1]	result	4.60586064	0.00000512	0x00	0x00
SPI [1]	result	4.60586592	0.00000512	0x00	0x00
SPI [1]	result	4.60587120	0.00000512	0x00	0x00
SPI [1]	result	4.60587648	0.00000512	0x00	0x00
SPI [1]	result	4.60588176	0.00000512	0x00	0x00
SPI [1]	result	4.60588704	0.00000512	0x00	0x00
SPI [1]	result	4.60589232	0.00000512	0x00	0xC3
SPI [1]	result	4.60589760	0.00000512	0x00	0x3C
SPI [1]	result	4.60590288	0.00000512	0x00	0xA5
SPI [1]	result	4.60590816	0.00000512	0x00	0x5A
SPI [1]	result	4.60591344	0.00000512	0x00	0x00
SPI [1]	result	4.60591872	0.00000512	0x00	0x00
SPI [1]	result	4.60592400	0.00000512	0x00	0x00
SPI [1]	result	4.60592928	0.00000512	0x00	0x00
SPI [1]	result	4.60593456	0.00000512	0x00	0x00
SPI [1]	result	4.60593984	0.00000512	0x00	0x00
SPI [1]	result	4.60594512	0.00000512	0x00	0x00
SPI [1]	result	4.60595040	0.00000512	0x00	0x00
SPI [1]	result	4.60595568	0.00000512	0x00	0x00
SPI [1]	result	4.60596096	0.00000512	0x00	0x0C
SPI [1]	result	4.60596624	0.00000512	0x00	0x33
SPI [1]	result	4.60597152	0.00000512	0x00	0xCA
SPI [1]	result	4.60597680	0.00000512	0x00	0x55
SPI [1]	result	4.60598208	0.00000512	0x00	0xA0
SPI [1]	result	4.60598736	0.00000512	0x00	0x00
SPI [1]	result	4.60599264	0.00000512	0x00	0x00
SPI [1]	result	4.60599792	0.00000512	0x00	0x00
SPI [1]	result	4.60600320	0.00000512	0x00	0x00
SPI [1]	result	4.60600848	0.00000512	0x00	0x00
SPI [1]	result	4.60601376	0.00000512	0x00	0x00
SPI [1]	result	4.60601904	0.00000512	0x00	0x00
SPI [1]	result	4.60602432	0.00000512	0x00	0x00
SPI [1]	result	4.60602960	0.00000512	0x00	0x00
SPI [1]	result	4.60603488	0.00000512	0x00	0xC3
SPI [1]	result	4.60604016	0.00000512	0x00	0x3C
SPI [1]	result	4.60604544	0.00000512	0x00	0xA5
SPI [1]	result	4.60605072	0.00000512	0x00	0x5A
SPI [1]	result	4.60605600	0.00000512	0x00	0x00
SPI [1]	result	4.60606128	0.00000512	0x00	0x00
SPI [1]	result	4.60606656	0.00000512	0x00	0x00
SPI [1]	result	4.60607184	0.00000512	0x00	0x00
SPI [1]	result	4.60607712	0.00000512	0x00	0x00
SPI [1]	result	4.60608240	0.00000512	0x00	0x00
SPI [1]	result	4.60608768	0.00000512	0x00	0x00
SPI [1]	result	4.60609296	0.00000512	0x00	0x00
SPI [1]	result	4.60609824	0.00000512	0x00	0x00
SPI [1]	result	4.60610352	0.00000512	0x00	0x0C
SPI [1]	result	4.60610880	0.00000512	0x00	0x33
SPI [1]	result	4.60611408	0.00000512	0x00	0xCA
SPI [1]	result	4.60611936	0.00000512	0x00	0x55
SPI [1]	result	4.60612464	0.00000512	0x00	0xA0
SPI [1]	result	4.60612992	0.00000512	0x00	0x00
SPI [1]	result	4.60613520	0.00000512	0x00	0x00
SPI [1]	result	4.60614048	0.00000512	0x00	0x00
SPI [1]	result	4.60614576	0.00000512	0x00	0x00
SPI [1]	result	4.60615104	0.00000512	0x00	0x00
SPI [1]	result	4.60615632	0.00000512	0x00	0x00
SPI [1]	result	4.60616160	0.00000512	0x00	0x00
SPI [1]	result	4.60616688	0.00000512	0x00	0x00
SPI [1]	result	4.60617216	0.00000512	0x00	0x00
SPI [1]	result	4.60617744	0.00000512	0x00	0xC3
SPI [1]	result	4.60618272	0.00000512	0x00	0x3C
SPI [1]	result	4.60618800	0.00000512	0x00	0xA5
SPI [1]	result	4.60619328	0.00000512	0x00	0x5A
SPI [1]	result	4.60619856	0.00000512	0x00	0x00
SPI [1]	result	4.60620384	0.00000512	0x00	0x00
SPI [1]	result	4.60620912	0.00000512	0x00	0x00
SPI [1]	result	4.60621440	0.00000512	0x00	0x00
SPI [1]	result	4.60621968	0.00000512	0x00	0x00
SPI [1]	result	4.60622496	0.00000512	0x00	0x00
SPI [1]	result	4.60623024	0.00000512	0x00	0x00
SPI [1]	result	4.60623552	0.00000512	0x00	0x00
SPI [1]	result	4.60624080	0.00000512	0x00	0x00
SPI [1]	result	4.60624608	0.00000512	0x00	0x0C
SPI [1]	result	4.60625136	0.00000512	0x00	0x33
SPI [1]	result	4.60625664	0.00000512	0x00	0xCA
SPI [1]	result	4.60626192	0.00000512	0x00	0x55
SPI [1]	result	4.60626720	0.00000512	0x00	0xA0
SPI [1]	result	4.60627248	0.00000512	0x00	0x00
SPI [1]	result	4.60627776	0.00000512	0x00	0x00
SPI [1]	result	4.60628304	0.00000512	0x00	0x00
SPI [1]	result	4.60628832	0.00000512	0x00	0x00
SPI [1]	result	4.60629360	0.00000512	0x00	0x00
SPI [1]	result	4.60629888	0.00000512	0x00	0x00
SPI [1]	result	4.60630416	0.00000512	0x00	0x00
SPI [1]	result	4.60630944	0.00000512	0x00	0x00
SPI [1]	result	4.60631472	0.00000512	0x00	0x00
SPI [1]	result	4.60632000	0.00000512	0x00	0xC3
SPI [1]	result	4.60632528	0.00000512	0x00	0x3F
SPI [1]	result	4.60633056	0.00000512	0x00	0xFF
SPI [1]	result	4.60633584	0.00000512	0x00	0xFF
SPI [1]	result	4.60634112	0.00000512	0x00	0xFF
SPI [1]	result	4.60634640	0.00000512	0x00	0xFF
SPI [1]	result	4.60635168	0.00000512	0x00	0xFF
SPI [1]	result	4.60635696	0.00000512	0x00	0xFF
SPI [1]	result	4.60636224	0.00000512	0x00	0xFF
SPI [1]	result	4.60636752	0.00000512	0x00	0xFF
SPI [1]	result	4.60637280	0.00000512	0x00	0x0C
SPI [1]	result	4.60637808	0.00000512	0x00	0xF2
SPI [1]	result	4.60638336	0.00000512	0x00	0x95
SPI [1]	result	4.60638864	0.00000512	0x00	0x68
SPI [1]	result	4.60639392	0.00000512	0x00	0x00
SPI [1]	result	4.60639920	0.00000512	0x00	0x00
SPI [1]	result	4.60640448	0.00000512	0x00	0x00
SPI [1]	result	4.60640976	0.00000512	0x00	0x00
SPI [1]	result	4.60641504	0.00000512	0x00	0x00
SPI [1]	result	4.60642032	0.00000512	0x00	0x00
SPI [1]	result	4.60642560	0.00000512	0x00	0x00
SPI [1]	result	4.60643088	0.00000512	0x00	0x00
SPI [1]	result	4.60643616	0.00000512	0x5A	0x00
SPI [1]	result	4.60958519	0.00000512	0xB8	0xC3
SPI [1]	result	4.60959047	0.00000512	0x01	0x3C
SPI [1]	result	4.60959575	0.00000512	0x06	0xA5
SPI [1]	result	4.60960103	0.00000512	0x26	0x5A
SPI [1]	result	4.61038763	0.00000512	0x0B	0xC3
SPI [1]	result	4.61039291	0.00000512	0x10	0x3C
SPI [1]	result	4.61039819	0.00000512	0x80	0xA5
SPI [1]	result	4.61040347	0.00000512	0x3A	0x5A
SPI [1]	result	4.61095205	0.00000512	0x00	0xC3
SPI [1]	result	4.61095733	0.00000512	0x00	0x3C
SPI [1]	result	4.61096261	0.00000512	0x05	0xA5
SPI [1]	result	4.61096789	0.00000512	0x56	0x5A
SPI [1]	result	4.61174306	0.00000512	0x0C	0xC3
SPI [1]	result	4.61174834	0.00000512	0x00	0x3C
SPI [1]	result	4.61175362	0.00000512	0x86	0xA5
SPI [1]	result	4.61175890	0.00000512	0x0A	0x5A
SPI [1]	result	4.61232710	0.00000512	0x00	0x00
SPI [1]	result	4.61233238	0.00000512	0x00	0x00
SPI [1]	result	4.61233766	0.00000512	0x00	0x00
SPI [1]	result	4.61234294	0.00000512	0x00	0x01
SPI [1]	result	4.61290196	0.00000512	0x08	0x86
SPI [1]	result	4.61290724	0.00000512	0x00	0x79
SPI [1]	result	4.61291252	0.00000512	0x85	0x4A
SPI [1]	result	4.61291780	0.00000512	0x68	0xB4
SPI [1]	result	4.61600148	0.00000512	0x00	0xC3
SPI [1]	result	4.61600676	0.00000512	0x00	0x3C
SPI [1]	result	4.61601204	0.00000512	0x53	0xA5
SPI [1]	result	4.61601732	0.00000512	0x50	0x5A
SPI [1]	result	4.61602260	0.00000512	0x58	0x00
SPI [1]	result	4.61602788	0.00000512	0x31	0x00
SPI [1]	result	4.61603316	0.00000512	0x00	0x00
SPI [1]	result	4.61603844	0.00000512	0x00	0x00
SPI [1]	result	4.61604372	0.00000512	0x00	0x00
SPI [1]	result	4.61604900	0.00000512	0x00	0x00
SPI [1]	result	4.61605428	0.00000512	0x00	0x00
SPI [1]	result	4.61605956	0.00000512	0x00	0x00
SPI [1]	result	4.61606484	0.00000512	0x47	0x00
SPI [1]	result	4.61607012	0.00000512	0x46	0x0C
SPI [1]	result	4.61607540	0.00000512	0x58	0x33
SPI [1]	result	4.61608068	0.00000512	0x20	0xCA
SPI [1]	result	4.61608596	0.00000512	0x35	0x55
SPI [1]	result	4.61609124	0.00000512	0x30	0xA0
SPI [1]	result	4.61609652	0.00000512	0x53	0x00
SPI [1]	result	4.61610180	0.00000512	0x00	0x00
SPI [1]	result	4.61610708	0.00000512	0x00	0x00
SPI [1]	result	4.61611236	0.00000512	0x00	0x00
SPI [1]	result	4.61611764	0.00000512	0x00	0x00
SPI [1]	result	4.61612292	0.00000512	0x00	0x00
SPI [1]	result	4.61612820	0.00000512	0x00	0x00
SPI [1]	result	4.61613348	0.00000512	0x00	0x00
SPI [1]	result	4.61613876	0.00000512	0x00	0x00
SPI [1]	result	4.61614404	0.00000512	0x00	0xC3
SPI [1]	result	4.61614932	0.00000512	0x00	0x3C
SPI [1]	result	4.61615460	0.00000512	0x00	0xA5
SPI [1]	result	4.61615988	0.00000512	0x00	0x5A
SPI [1]	result	4.61616516	0.00000512	0x00	0x00
SPI [1]	result	4.61617044	0.00000512	0x47	0x00
SPI [1]	result	4.61617572	0.00000512	0x46	0x00
SPI [1]	result	4.61618100	0.00000512	0x58	0x00
SPI [1]	result	4.61618628	0.00000512	0x20	0x00
SPI [1]	result	4.61619156	0.00000512	0x35	0x00
SPI [1]	result	4.61619684	0.00000512	0x30	0x00
SPI [1]	result	4.61620212	0.00000512	0x53	0x00
SPI [1]	result	4.61620740	0.00000512	0x00	0x00
SPI [1]	result	4.61621268	0.00000512	0x00	0x0C
SPI [1]	result	4.61621796	0.00000512	0x00	0x33
SPI [1]	result	4.61622324	0.00000512	0x00	0xCA
SPI [1]	result	4.61622852	0.00000512	0x00	0x55
SPI [1]	result	4.61623380	0.00000512	0x00	0xA0
SPI [1]	result	4.61623908	0.00000512	0x00	0x00
SPI [1]	result	4.61624436	0.00000512	0x00	0x00
SPI [1]	result	4.61624964	0.00000512	0x35	0x00
SPI [1]	result	4.61625492	0.00000512	0x39	0x00
SPI [1]	result	4.61626020	0.00000512	0x33	0x00
SPI [1]	result	4.61626548	0.00000512	0x35	0x00
SPI [1]	result	4.61627076	0.00000512	0x33	0x00
SPI [1]	result	4.61627604	0.00000512	0x33	0x00
SPI [1]	result	4.61628132	0.00000512	0x33	0x00
SPI [1]	result	4.61628660	0.00000512	0x31	0xC3
SPI [1]	result	4.61629188	0.00000512	0x33	0x3F
SPI [1]	result	4.61629716	0.00000512	0x36	0xFF
SPI [1]	result	4.61630244	0.00000512	0x33	0xFF
SPI [1]	result	4.61630772	0.00000512	0x31	0xFF
SPI [1]	result	4.61631300	0.00000512	0x31	0xFF
SPI [1]	result	4.61631828	0.00000512	0x37	0xFF
SPI [1]	result	4.61632356	0.00000512	0x30	0xFF
SPI [1]	result	4.61632884	0.00000512	0x32	0xFF
SPI [1]	result	4.61633412	0.00000512	0x31	0xFF
SPI [1]	result	4.61633940	0.00000512	0x36	0x0C
SPI [1]	result	4.61634468	0.00000512	0x37	0xF2
SPI [1]	result	4.61634996	0.00000512	0x30	0x95
SPI [1]	result	4.61635524	0.00000512	0x32	0x68
SPI [1]	result	4.61636052	0.00000512	0x30	0x00
SPI [1]	result	4.61636580	0.00000512	0x31	0x00
SPI [1]	result	4.61637108	0.00000512	0x30	0x00
SPI [1]	result	4.61637636	0.00000512	0x31	0x00
SPI [1]	result	4.61638164	0.00000512	0x31	0x00
SPI [1]	result	4.61638692	0.00000512	0x30	0x00
SPI [1]	result	4.61639220	0.00000512	0x36	0x00
SPI [1]	result	4.61639748	0.00000512	0x39	0x00
SPI [1]	result	4.61640276	0.00000512	0x41	0x00
SPI [1]	result	4.61640804	0.00000512	0x04	0x30
SPI [1]	result	4.61641332	0.00000512	0x20	0xCF
SPI [1]	result	4.61641860	0.00000512	0x02	0x29
SPI [1]	result	4.61642388	0.00000512	0x16	0x56
SPI [1]	result	4.61642916	0.00000512	0x01	0x80
SPI [1]	result	4.61643444	0.00000512	0x00	0x00
SPI [1]	result	4.61643972	0.00000512	0x01	0x00
SPI [1]	result	4.61644500	0.00000512	0x00	0x00
SPI [1]	result	4.61645028	0.00000512	0x01	0x00
SPI [1]	result	4.61645556	0.00000512	0x00	0x00
SPI [1]	result	4.61646084	0.00000512	0x00	0x00
SPI [1]	result	4.61646612	0.00000512	0x00	0x00
SPI [1]	result	4.61647140	0.00000512	0x00	0x00
SPI [1]	result	4.61647668	0.00000512	0x00	0x03
SPI [1]	result	4.61648196	0.00000512	0x00	0x0C
SPI [1]	result	4.61648724	0.00000512	0x00	0xF2
SPI [1]	result	4.61649252	0.00000512	0x00	0x95
SPI [1]	result	4.61649780	0.00000512	0x00	0x68
SPI [1]	result	4.61650308	0.00000512	0x00	0x00
SPI [1]	result	4.61650836	0.00000512	0x00	0x00
SPI [1]	result	4.61651364	0.00000512	0x00	0x00
SPI [1]	result	4.61651892	0.00000512	0x00	0x00
SPI [1]	result	4.61652420	0.00000512	0x00	0x00
SPI [1]	result	4.61652948	0.00000512	0x00	0x00
SPI [1]	result	4.61653476	0.00000512	0x00	0x00
SPI [1]	result	4.61654004	0.00000512	0x00	0x00
SPI [1]	result	4.61654532	0.00000512	0x00	0x00
SPI [1]	result	4.61655060	0.00000512	0x00	0x30
SPI [1]	result	4.61655588	0.00000512	0x00	0xCF
SPI [1]	result	4.61656116	0.00000512	0x00	0x29
SPI [1]	result	4.61656644	0.00000512	0x00	0x56
SPI [1]	result	4.61657172	0.00000512	0x00	0x80
SPI [1]	result	4.61657700	0.00000512	0x00	0x00
SPI [1]	result	4.61658228	0.00000512	0x00	0x00
SPI [1]	result	4.61658756	0.00000512	0x00	0x00
SPI [1]	result	4.61659284	0.00000512	0x00	0x00
SPI [1]	result	4.61659812	0.00000512	0x00	0x00
SPI [1]	result	4.61660340	0.00000512	0x00	0x00
SPI [1]	result	4.61660868	0.00000512	0x00	0x00
SPI [1]	result	4.61661396	0.00000512	0x00	0x00
SPI [1]	result	4.61661924	0.00000512	0x00	0x03
SPI [1]	result	4.61662452	0.00000512	0x00	0x0C
SPI [1]	result	4.61662980	0.00000512	0x00	0xF2
SPI [1]	result	4.61663508	0.00000512	0x00	0x95
SPI [1]	result	4.61664036	0.00000512	0x00	0x68
SPI [1]	result	4.61664564	0.00000512	0x00	0x00
SPI [1]	result	4.61665092	0.00000512	0x00	0x00
SPI [1]	result	4.61665620	0.00000512	0x00	0x00
SPI [1]	result	4.61666148	0.00000512	0x00	0x00
SPI [1]	result	4.61666676	0.00000512	0x00	0x00
SPI [1]	result	4.61667204	0.00000512	0x00	0x00
SPI [1]	result	4.61667732	0.00000512	0x00	0x00
SPI [1]	result	4.61668260	0.00000512	0x00	0x00
SPI [1]	result	4.61668788	0.00000512	0xEF	0x00
SPI [1]	result	4.61981492	0.00000512	0xFF	0xC3
SPI [1]	result	4.61982020	0.00000512	0xFF	0x3C
SPI [1]	result	4.61982548	0.00000512	0x53	0xA5
SPI [1]	result	4.61983076	0.00000512	0x50	0x5A
SPI [1]	result	4.61983604	0.00000512	0x58	0x00
SPI [1]	result	4.61984132	0.00000512	0x31	0x00
SPI [1]	result	4.61984660	0.00000512	0x00	0x00
SPI [1]	result	4.61985188	0.00000512	0x00	0x00
SPI [1]	result	4.61985716	0.00000512	0x00	0x00
SPI [1]	result	4.61986244	0.00000512	0x00	0x00
SPI [1]	result	4.61986772	0.00000512	0x00	0x00
SPI [1]	result	4.61987300	0.00000512	0x00	0x00
SPI [1]	result	4.61987828	0.00000512	0x47	0x00
SPI [1]	result	4.61988356	0.00000512	0x46	0x0C
SPI [1]	result	4.61988884	0.00000512	0x58	0x33
SPI [1]	result	4.61989412	0.00000512	0x20	0xCA
SPI [1]	result	4.61989940	0.00000512	0x35	0x55
SPI [1]	result	4.61990468	0.00000512	0x30	0xA0
SPI [1]	result	4.61990996	0.00000512	0x53	0x00
SPI [1]	result	4.61991524	0.00000512	0x00	0x00
SPI [1]	result	4.61992052	0.00000512	0x00	0x00
SPI [1]	result	4.61992580	0.00000512	0x00	0x00
SPI [1]	result	4.61993108	0.00000512	0x00	0x00
SPI [1]	result	4.61993636	0.00000512	0x00	0x00
SPI [1]	result	4.61994164	0.00000512	0x00	0x00
SPI [1]	result	4.61994692	0.00000512	0x00	0x00
SPI [1]	result	4.61995220	0.00000512	0x00	0x00
SPI [1]	result	4.61995748	0.00000512	0x00	0xC3
SPI [1]	result	4.61996276	0.00000512	0x00	0x3C
SPI [1]	result	4.61996804	0.00000512	0x00	0xA5
SPI [1]	result	4.61997332	0.00000512	0x00	0x5A
SPI [1]	result	4.61997860	0.00000512	0x00	0x00
SPI [1]	result	4.61998388	0.00000512	0x47	0x00
SPI [1]	result	4.61998916	0.00000512	0x46	0x00
SPI [1]	result	4.61999444	0.00000512	0x58	0x00
SPI [1]	result	4.61999972	0.00000512	0x20	0x00
SPI [1]	result	4.62000500	0.00000512	0x35	0x00
SPI [1]	result	4.62001028	0.00000512	0x30	0x00
SPI [1]	result	4.62001556	0.00000512	0x53	0x00
SPI [1]	result	4.62002084	0.00000512	0x00	0x00
SPI [1]	result	4.62002612	0.00000512	0x00	0x0C
SPI [1]	result	4.62003140	0.00000512	0x00	0x33
SPI [1]	result	4.62003668	0.00000512	0x00	0xCA
SPI [1]	result	4.62004196	0.00000512	0x00	0x55
SPI [1]	result	4.62004724	0.00000512	0x00	0xA0
SPI [1]	result	4.62005252	0.00000512	0x00	0x00
SPI [1]	result	4.62005780	0.00000512	0x00	0x00
SPI [1]	result	4.62006308	0.00000512	0x35	0x00
SPI [1]	result	4.62006836	0.00000512	0x39	0x00
SPI [1]	result	4.62007364	0.00000512	0x33	0x00
SPI [1]	result	4.62007892	0.00000512	0x35	0x00
SPI [1]	result	4.62008420	0.00000512	0x33	0x00
SPI [1]	result	4.62008948	0.00000512	0x33	0x00
SPI [1]	result	4.62009476	0.00000512	0x33	0x00
SPI [1]	result	4.62010004	0.00000512	0x31	0xC3
SPI [1]	result	4.62010532	0.00000512	0x33	0x3C
SPI [1]	result	4.62011060	0.00000512	0x36	0xA5
SPI [1]	result	4.62011588	0.00000512	0x33	0x5A
SPI [1]	result	4.62012116	0.00000512	0x31	0x00
SPI [1]	result	4.62012644	0.00000512	0x31	0x00
SPI [1]	result	4.62013172	0.00000512	0x37	0x00
SPI [1]	result	4.62013700	0.00000512	0x30	0x00
SPI [1]	result	4.62014228	0.00000512	0x32	0x00
SPI [1]	result	4.62014756	0.00000512	0x31	0x00
SPI [1]	result	4.62015284	0.00000512	0x36	0x00
SPI [1]	result	4.62015812	0.00000512	0x37	0x00
SPI [1]	result	4.62016340	0.00000512	0x30	0x00
SPI [1]	result	4.62016868	0.00000512	0x32	0x0C
SPI [1]	result	4.62017396	0.00000512	0x30	0x33
SPI [1]	result	4.62017924	0.00000512	0x31	0xCA
SPI [1]	result	4.62018452	0.00000512	0x30	0x55
SPI [1]	result	4.62018980	0.00000512	0x31	0xA0
SPI [1]	result	4.62019508	0.00000512	0x31	0x00
SPI [1]	result	4.62020036	0.00000512	0x30	0x00
SPI [1]	result	4.62020564	0.00000512	0x36	0x00
SPI [1]	result	4.62021092	0.00000512	0x39	0x00
SPI [1]	result	4.62021620	0.00000512	0x41	0x00
SPI [1]	result	4.62022148	0.00000512	0x04	0x00
SPI [1]	result	4.62022676	0.00000512	0x20	0x00
SPI [1]	result	4.62023204	0.00000512	0x02	0x00
SPI [1]	result	4.62023732	0.00000512	0x16	0x00
SPI [1]	result	4.62024260	0.00000512	0x01	0xC3
SPI [1]	result	4.62024788	0.00000512	0x00	0x3C
SPI [1]	result	4.62025316	0.00000512	0x01	0xA5
SPI [1]	result	4.62025844	0.00000512	0x00	0x5A
SPI [1]	result	4.62026372	0.00000512	0x01	0x00
SPI [1]	result	4.62026900	0.00000512	0x00	0x00
SPI [1]	result	4.62027428	0.00000512	0x00	0x00
SPI [1]	result	4.62027956	0.00000512	0x00	0x00
SPI [1]	result	4.62028484	0.00000512	0x00	0x00
SPI [1]	result	4.62029012	0.00000512	0x00	0x00
SPI [1]	result	4.62029540	0.00000512	0x00	0x00
SPI [1]	result	4.62030068	0.00000512	0x00	0x00
SPI [1]	result	4.62030596	0.00000512	0x00	0x00
SPI [1]	result	4.62031124	0.00000512	0x00	0x0C
SPI [1]	result	4.62031652	0.00000512	0x00	0x33
SPI [1]	result	4.62032180	0.00000512	0x00	0xFF
SPI [1]	result	4.62032708	0.00000512	0x00	0xFF
SPI [1]	result	4.62033236	0.00000512	0x00	0xFF
SPI [1]	result	4.62033764	0.00000512	0x00	0xFF
SPI [1]	result	4.62034292	0.00000512	0x00	0xFF
SPI [1]	result	4.62034820	0.00000512	0x00	0xFF
SPI [1]	result	4.62035348	0.00000512	0x00	0xFF
SPI [1]	result	4.62035876	0.00000512	0x00	0xFF
SPI [1]	result	4.62036404	0.00000512	0x00	0xF0
SPI [1]	result	4.62036932	0.00000512	0x00	0xCF
SPI [1]	result	4.62037460	0.00000512	0x00	0x29
SPI [1]	result	4.62037988	0.00000512	0x00	0x56
SPI [1]	result	4.62038516	0.00000512	0x00	0x80
SPI [1]	result	4.62039044	0.00000512	0x00	0x00
SPI [1]	result	4.62039572	0.00000512	0x00	0x00
SPI [1]	result	4.62040100	0.00000512	0x00	0x00
SPI [1]	result	4.62040628	0.00000512	0x00	0x00
SPI [1]	result	4.62041156	0.00000512	0x00	0x00
SPI [1]	result	4.62041684	0.00000512	0x00	0x00
SPI [1]	result	4.62042212	0.00000512	0x00	0x00
SPI [1]	result	4.62042740	0.00000512	0x00	0x00
SPI [1]	result	4.62043268	0.00000512	0x00	0x03
SPI [1]	result	4.62043796	0.00000512	0x00	0x0C
SPI [1]	result	4.62044324	0.00000512	0x00	0xF2
SPI [1]	result	4.62044852	0.00000512	0x00	0x95
SPI [1]	result	4.62045380	0.00000512	0x00	0x68
SPI [1]	result	4.62045908	0.00000512	0x00	0x00
SPI [1]	result	4.62046436	0.00000512	0x00	0x00
SPI [1]	result	4.62046964	0.00000512	0x00	0x00
SPI [1]	result	4.62047492	0.00000512	0x00	0x00
SPI [1]	result	4.62048020	0.00000512	0x00	0x00
SPI [1]	result	4.62048548	0.00000512	0x00	0x00
SPI [1]	result	4.62049076	0.00000512	0x00	0x00
SPI [1]	result	4.62049604	0.00000512	0x00	0x00
SPI [1]	result	4.62050132	0.00000512	0xED	0x00
SPI [1]	result	4.62362862	0.00000512	0x00	0xC3
SPI [1]	result	4.62363390	0.00000512	0x00	0x3C
SPI [1]	result	4.62363918	0.00000512	0x05	0xA5
SPI [1]	result	4.62364446	0.00000512	0x96	0x5A
SPI [1]	result	4.62443512	0.00000512	0x0D	0xC3
SPI [1]	result	4.62444040	0.00000512	0x10	0x3C
SPI [1]	result	4.62444568	0.00000512	0x80	0xA5
SPI [1]	result	4.62445096	0.00000512	0x0A	0x5A
SPI [1]	result	4.62500194	0.00000512	0x00	0xC3
SPI [1]	result	4.62500722	0.00000512	0x00	0x3C
SPI [1]	result	4.62501250	0.00000512	0x00	0xA5
SPI [1]	result	4.62501778	0.00000512	0x00	0x5A
SPI [1]	result	4.62557912	0.00000512	0x08	0xC3
SPI [1]	result	4.62558440	0.00000512	0x00	0x3C
SPI [1]	result	4.62558968	0.00000512	0x85	0xA5
SPI [1]	result	4.62559496	0.00000512	0xA8	0x5A
SPI [1]	result	4.62616904	0.00000512	0x00	0xC3
SPI [1]	result	4.62617432	0.00000512	0x00	0x3C
SPI [1]	result	4.62617960	0.00000512	0x08	0xA5
SPI [1]	result	4.62618488	0.00000512	0x20	0x5A
SPI [1]	result	4.62705208	0.00000512	0x0E	0xC3
SPI [1]	result	4.62705736	0.00000512	0x10	0x3C
SPI [1]	result	4.62706264	0.00000512	0x80	0xA5
SPI [1]	result	4.62706792	0.00000512	0x12	0x5A
SPI [1]	result	4.62753523	0.00000512	0x00	0xC3
SPI [1]	result	4.62754051	0.00000512	0x00	0x3C
SPI [1]	result	4.62754579	0.00000512	0x00	0xA5
SPI [1]	result	4.62755107	0.00000512	0x00	0x5A
SPI [1]	result	4.62810807	0.00000512	0x08	0xC3
SPI [1]	result	4.62811335	0.00000512	0x00	0x3C
SPI [1]	result	4.62811863	0.00000512	0x88	0xA5
SPI [1]	result	4.62812391	0.00000512	0x32	0x5A
SPI [1]	result	4.62870614	0.00000512	0x00	0xC3
SPI [1]	result	4.62871142	0.00000512	0x00	0x3C
SPI [1]	result	4.62871670	0.00000512	0x0C	0xA5
SPI [1]	result	4.62872198	0.00000512	0x30	0x5A
SPI [1]	result	4.62950109	0.00000512	0x0F	0xC3
SPI [1]	result	4.62950637	0.00000512	0x10	0x3C
SPI [1]	result	4.62951165	0.00000512	0x80	0xA5
SPI [1]	result	4.62951693	0.00000512	0x1A	0x5A
SPI [1]	result	4.63007096	0.00000512	0x00	0xC3
SPI [1]	result	4.63007624	0.00000512	0x00	0x3C
SPI [1]	result	4.63008152	0.00000512	0x0C	0xA5
SPI [1]	result	4.63008680	0.00000512	0x72	0x5A
SPI [1]	result	4.63086300	0.00000512	0x08	0xC3
SPI [1]	result	4.63086828	0.00000512	0x00	0x3C
SPI [1]	result	4.63087356	0.00000512	0x8C	0xA5
SPI [1]	result	4.63087884	0.00000512	0x02	0x5A
SPI [1]	result	4.63145591	0.00000512	0x00	0xC3
SPI [1]	result	4.63146119	0.00000512	0x00	0x3C
SPI [1]	result	4.63146647	0.00000512	0x00	0xA5
SPI [1]	result	4.63147175	0.00000512	0x00	0x5A
SPI [1]	result	4.63203205	0.00000512	0x08	0xC3
SPI [1]	result	4.63203733	0.00000512	0x00	0x3C
SPI [1]	result	4.63204261	0.00000512	0x8C	0xA5
SPI [1]	result	4.63204789	0.00000512	0x44	0x5A
SPI [1]	result	4.66717886	0.00000512	0x00	0xC3
SPI [1]	result	4.66718414	0.00000512	0x00	0x3C
SPI [1]	result	4.66718942	0.00000512	0x08	0xA5
SPI [1]	result	4.66719470	0.00000512	0x20	0x5A
SPI [1]	result	4.66796809	0.00000512	0x09	0xC3
SPI [1]	result	4.66797337	0.00000512	0x10	0x3C
SPI [1]	result	4.66797865	0.00000512	0x80	0xA5
SPI [1]	result	4.66798393	0.00000512	0x2A	0x5A
SPI [1]	result	4.66854217	0.00000512	0x00	0xC3
SPI [1]	result	4.66854745	0.00000512	0x00	0x3C
SPI [1]	result	4.66855273	0.00000512	0x00	0xA5
SPI [1]	result	4.66855801	0.00000512	0x00	0x5A
SPI [1]	result	4.66910718	0.00000512	0x08	0xC3
SPI [1]	result	4.66911246	0.00000512	0x00	0x3C
SPI [1]	result	4.66911774	0.00000512	0x88	0xA5
SPI [1]	result	4.66912302	0.00000512	0x32	0x5A
SPI [1]	result	4.72969406	0.00000512	0x00	0xC3
SPI [1]	result	4.72969934	0.00000512	0x00	0x3C
SPI [1]	result	4.72970462	0.00000512	0x08	0xA5
SPI [1]	result	4.72970990	0.00000512	0x20	0x5A
SPI [1]	result	4.73017102	0.00000512	0x0A	0xC3
SPI [1]	result	4.73017630	0.00000512	0x10	0x3C
SPI [1]	result	4.73018158	0.00000512	0x80	0xA5
SPI [1]	result	4.73018686	0.00000512	0x32	0x5A
SPI [1]	result	4.73045490	0.00000512	0x00	0xC3
SPI [1]	result	4.73046018	0.00000512	0x00	0x3C
SPI [1]	result	4.73046546	0.00000512	0x00	0xA5
SPI [1]	result	4.73047074	0.00000512	0x00	0x5A
SPI [1]	result	4.73073506	0.00000512	0x08	0xC3
SPI [1]	result	4.73074034	0.00000512	0x00	0x3C
SPI [1]	result	4.73074562	0.00000512	0x88	0xA5
SPI [1]	result	4.73075090	0.00000512	0x32	0x5A
SPI [1]	result	4.74520430	0.00000512	0x00	0xC3
SPI [1]	result	4.74520958	0.00000512	0x00	0x3C
SPI [1]	result	4.74521486	0.00000512	0x20	0xA5
SPI [1]	result	4.74522014	0.00000512	0x04	0x5A
SPI [1]	result	4.74536229	0.00000512	0x0B	0xC3
SPI [1]	result	4.74536757	0.00000512	0x10	0x3C
SPI [1]	result	4.74537285	0.00000512	0x80	0xA5
SPI [1]	result	4.74537813	0.00000512	0x3A	0x5A
SPI [1]	result	4.74545179	0.00000512	0x00	0xC3
SPI [1]	result	4.74545707	0.00000512	0x00	0x3C
SPI [1]	result	4.74546235	0.00000512	0x3F	0xA5
SPI [1]	result	4.74546763	0.00000512	0xC6	0x5A
SPI [1]	result	4.74585250	0.00000512	0x0C	0xC3
SPI [1]	result	4.74585778	0.00000512	0x00	0x3C
SPI [1]	result	4.74586306	0.00000512	0xA0	0xA5
SPI [1]	result	4.74586834	0.00000512	0x36	0x5A
SPI [1]	result	4.74615419	0.00000512	0x00	0xC3
SPI [1]	result	4.74615947	0.00000512	0x00	0x3C
SPI [1]	result	4.74616475	0.00000512	0x00	0xA5
SPI [1]	result	4.74617003	0.00000512	0x00	0x5A
SPI [1]	result	4.74643516	0.00000512	0x08	0xC3
SPI [1]	result	4.74644044	0.00000512	0x00	0x3C
SPI [1]	result	4.74644572	0.00000512	0xBF	0xA5
SPI [1]	result	4.74645100	0.00000512	0xD8	0x5A
SPI [1]	result	4.74672484	0.00000512	0x00	0xC3
SPI [1]	result	4.74673012	0.00000512	0x02	0x3C
SPI [1]	result	4.74673540	0.00000512	0x2A	0xA5
SPI [1]	result	4.74674068	0.00000512	0x2E	0x5A
SPI [1]	result	4.74718800	0.00000512	0x0D	0xC3
SPI [1]	result	4.74719328	0.00000512	0x10	0x3C
SPI [1]	result	4.74719856	0.00000512	0x80	0xA5
SPI [1]	result	4.74720384	0.00000512	0x0A	0x5A
SPI [1]	result	4.74747240	0.00000512	0x00	0xC3
SPI [1]	result	4.74747768	0.00000512	0x00	0x3C
SPI [1]	result	4.74748296	0.00000512	0x3F	0xA5
SPI [1]	result	4.74748824	0.00000512	0xC6	0x5A
SPI [1]	result	4.74795375	0.00000512	0x0E	0xC3
SPI [1]	result	4.74795903	0.00000512	0x00	0x3C
SPI [1]	result	4.74796431	0.00000512	0xAA	0xA5
SPI [1]	result	4.74796959	0.00000512	0x2E	0x5A
SPI [1]	result	4.74825723	0.00000512	0x00	0xC3
SPI [1]	result	4.74826251	0.00000512	0x00	0x3C
SPI [1]	result	4.74826779	0.00000512	0x00	0xA5
SPI [1]	result	4.74827307	0.00000512	0x00	0x5A
SPI [1]	result	4.74854305	0.00000512	0x08	0xC3
SPI [1]	result	4.74854833	0.00000512	0x00	0x3C
SPI [1]	result	4.74855361	0.00000512	0xBF	0xA5
SPI [1]	result	4.74855889	0.00000512	0xD8	0x5A
SPI [1]	result	4.76965584	0.00000512	0x00	0xC3
SPI [1]	result	4.76966112	0.00000512	0x00	0x3C
SPI [1]	result	4.76966640	0.00000512	0x08	0xA5
SPI [1]	result	4.76967168	0.00000512	0x20	0x5A
SPI [1]	result	4.77013510	0.00000512	0x0F	0xC3
SPI [1]	result	4.77014038	0.00000512	0x10	0x3C
SPI [1]	result	4.77014566	0.00000512	0x80	0xA5
SPI [1]	result	4.77015094	0.00000512	0x1A	0x5A
SPI [1]	result	4.77042221	0.00000512	0x00	0xC3
SPI [1]	result	4.77042749	0.00000512	0x00	0x3C
SPI [1]	result	4.77043277	0.00000512	0x00	0xA5
SPI [1]	result	4.77043805	0.00000512	0x00	0x5A
SPI [1]	result	4.77069740	0.00000512	0x08	0xC3
SPI [1]	result	4.77070268	0.00000512	0x00	0x3C
SPI [1]	result	4.77070796	0.00000512	0x88	0xA5
SPI [1]	result	4.77071324	0.00000512	0x32	0x5A
SPI [1]	result	4.77099406	0.00000512	0x00	0xC3
SPI [1]	result	4.77099934	0.00000512	0x00	0x3C
SPI [1]	result	4.77100462	0.00000512	0x0C	0xA5
SPI [1]	result	4.77100990	0.00000512	0xB2	0x5A
SPI [1]	result	4.77146743	0.00000512	0x08	0xC3
SPI [1]	result	4.77147271	0.00000512	0x10	0x3C
SPI [1]	result	4.77147799	0.00000512	0x80	0xA5
SPI [1]	result	4.77148327	0.00000512	0x22	0x5A
SPI [1]	result	4.77175218	0.00000512	0x00	0xC3
SPI [1]	result	4.77175746	0.00000512	0x00	0x3C
SPI [1]	result	4.77176274	0.00000512	0x0C	0xA5
SPI [1]	result	4.77176802	0.00000512	0x30	0x5A
SPI [1]	result	4.77220914	0.00000512	0x09	0xC3
SPI [1]	result	4.77221442	0.00000512	0x00	0x3C
SPI [1]	result	4.77221970	0.00000512	0x8C	0xA5
SPI [1]	result	4.77222498	0.00000512	0x8C	0x5A
SPI [1]	result	4.77250122	0.00000512	0x00	0xC3
SPI [1]	result	4.77250650	0.00000512	0x00	0x3C
SPI [1]	result	4.77251178	0.00000512	0x00	0xA5
SPI [1]	result	4.77251706	0.00000512	0x00	0x5A
SPI [1]	result	4.77279208	0.00000512	0x08	0xC3
SPI [1]	result	4.77279736	0.00000512	0x00	0x3C
SPI [1]	result	4.77280264	0.00000512	0x8C	0xA5
SPI [1]	result	4.77280792	0.00000512	0x02	0x5A
SPI [1]	result	4.81300268	0.00000512	0x00	0xC3
SPI [1]	result	4.81300796	0.00000512	0x00	0x3C
SPI [1]	result	4.81301324	0.00000512	0x08	0xA5
SPI [1]	result	4.81301852	0.00000512	0x20	0x5A
SPI [1]	result	4.81354962	0.00000512	0xA5	0xC3
SPI [1]	result	4.81355490	0.00000512	0x5A	0x3C
SPI [1]	result	4.81356018	0.00000512	0x3C	0xA5
SPI [1]	result	4.81356546	0.00000512	0xC3	0x5A
SPI [1]	result	4.81396649	0.00000512	0x80	0xA5
SPI [1]	result	4.81397177	0.00000512	0x20	0x5A
SPI [1]	result	4.81397705	0.00000512	0x28	0x3C
SPI [1]	result	4.81398233	0.00000512	0x24	0xC3
SPI [1]	result	4.81437514	0.00000512	0x08	0x08
SPI [1]	result	4.81438042	0.00000512	0x10	0x10
SPI [1]	result	4.81438570	0.00000512	0x80	0xA8
SPI [1]	result	4.81439098	0.00000512	0x22	0x06
SPI [1]	result	4.81478689	0.00000512	0x00	0x08
SPI [1]	result	4.81479217	0.00000512	0x00	0x00
SPI [1]	result	4.81479745	0.00000512	0x00	0xA8
SPI [1]	result	4.81480273	0.00000512	0x00	0x36
SPI [1]	result	4.81519793	0.00000512	0x00	0x00
SPI [1]	result	4.81520321	0.00000512	0x00	0xF3
SPI [1]	result	4.81520849	0.00000512	0x00	0x03
SPI [1]	result	4.81521377	0.00000512	0x00	0xE8
SPI [1]	result	4.81565345	0.00000512	0x00	0xC3
SPI [1]	result	4.81565873	0.00000512	0x00	0x3C
SPI [1]	result	4.81566401	0.00000512	0x3F	0xA5
SPI [1]	result	4.81566929	0.00000512	0xC6	0x5A
SPI [1]	result	4.81651955	0.00000512	0x08	0xC3
SPI [1]	result	4.81652483	0.00000512	0x10	0x3C
SPI [1]	result	4.81653011	0.00000512	0x80	0xA5
SPI [1]	result	4.81653539	0.00000512	0x22	0x5A
SPI [1]	result	4.81987161	0.00000512	0x00	0xC3
SPI [1]	result	4.81987689	0.00000512	0x00	0x3C
SPI [1]	result	4.81988217	0.00000512	0x00	0xA5
SPI [1]	result	4.81988745	0.00000512	0x00	0x5A
SPI [1]	result	4.82071755	0.00000512	0x08	0xC3
SPI [1]	result	4.82072283	0.00000512	0x00	0x3C
SPI [1]	result	4.82072811	0.00000512	0xBF	0xA5
SPI [1]	result	4.82073339	0.00000512	0xD8	0x5A
SPI [1]	result	4.82326970	0.00000512	0xB8	0xC3
SPI [1]	result	4.82327498	0.00000512	0x01	0x3C
SPI [1]	result	4.82328026	0.00000512	0x06	0xA5
SPI [1]	result	4.82328554	0.00000512	0x26	0x5A
SPI [1]	result	4.82457706	0.00000512	0x09	0xC3
SPI [1]	result	4.82458234	0.00000512	0x10	0x3C
SPI [1]	result	4.82458762	0.00000512	0x80	0xA5
SPI [1]	result	4.82459290	0.00000512	0x2A	0x5A
SPI [1]	result	4.82469472	0.00000512	0x00	0xC3
SPI [1]	result	4.82470000	0.00000512	0x00	0x3C
SPI [1]	result	4.82470528	0.00000512	0x05	0xA5
SPI [1]	result	4.82471056	0.00000512	0x14	0x5A
SPI [1]	result	4.82543369	0.00000512	0x0A	0xC3
SPI [1]	result	4.82543897	0.00000512	0x00	0x3C
SPI [1]	result	4.82544425	0.00000512	0x86	0xA5
SPI [1]	result	4.82544953	0.00000512	0x3A	0x5A
SPI [1]	result	4.82602152	0.00000512	0x00	0xC3
SPI [1]	result	4.82602680	0.00000512	0x00	0x3C
SPI [1]	result	4.82603208	0.00000512	0x00	0xA5
SPI [1]	result	4.82603736	0.00000512	0x00	0x5A
SPI [1]	result	4.82658369	0.00000512	0x08	0xC3
SPI [1]	result	4.82658897	0.00000512	0x00	0x3C
SPI [1]	result	4.82659425	0.00000512	0x85	0xA5
SPI [1]	result	4.82659953	0.00000512	0x26	0x5A
SPI [1]	result	4.82967597	0.00000512	0xFF	0xC3
SPI [1]	result	4.82968125	0.00000512	0xFF	0x3C
SPI [1]	result	4.82968653	0.00000512	0x00	0xA5
SPI [1]	result	4.82969181	0.00000512	0x00	0x5A
SPI [1]	result	4.82969709	0.00000512	0x00	0x00
SPI [1]	result	4.82970237	0.00000512	0x00	0x00
SPI [1]	result	4.82970765	0.00000512	0x00	0x00
SPI [1]	result	4.82971293	0.00000512	0x00	0x00
SPI [1]	result	4.82971821	0.00000512	0x00	0x00
SPI [1]	result	4.82972349	0.00000512	0x00	0x00
SPI [1]	result	4.82972877	0.00000512	0x00	0x00
SPI [1]	result	4.82973405	0.00000512	0x00	0x00
SPI [1]	result	4.82973933	0.00000512	0x00	0x00
SPI [1]	result	4.82974461	0.00000512	0x00	0x0C
SPI [1]	result	4.82974989	0.00000512	0x00	0x33
SPI [1]	result	4.82975517	0.00000512	0x00	0xCA
SPI [1]	result	4.82976045	0.00000512	0x00	0x55
SPI [1]	result	4.82976573	0.00000512	0x00	0xA0
SPI [1]	result	4.82977101	0.00000512	0x00	0x00
SPI [1]	result	4.82977629	0.00000512	0x00	0x00
SPI [1]	result	4.82978157	0.00000512	0x00	0x00
SPI [1]	result	4.82978685	0.00000512	0x00	0x00
SPI [1]	result	4.82979213	0.00000512	0x00	0x00
SPI [1]	result	4.82979741	0.00000512	0x00	0x00
SPI [1]	result	4.82980269	0.00000512	0x00	0x00
SPI [1]	result	4.82980797	0.00000512	0x00	0x00
SPI [1]	result	4.82981325	0.00000512	0x00	0x00
SPI [1]	result	4.82981853	0.00000512	0x00	0xC3
SPI [1]	result	4.82982381	0.00000512	0x00	0x3C
SPI [1]	result	4.82982909	0.00000512	0x00	0xA5
SPI [1]	result	4.82983437	0.00000512	0x00	0x5A
SPI [1]	result	4.82983965	0.00000512	0x00	0x00
SPI [1]	result	4.82984493	0.00000512	0x00	0x00
SPI [1]	result	4.82985021	0.00000512	0x00	0x00
SPI [1]	result	4.82985549	0.00000512	0x00	0x00
SPI [1]	result	4.82986077	0.00000512	0x00	0x00
SPI [1]	result	4.82986605	0.00000512	0x00	0x00
SPI [1]	result	4.82987133	0.00000512	0x00	0x00
SPI [1]	result	4.82987661	0.00000512	0x00	0x00
SPI [1]	result	4.82988189	0.00000512	0x00	0x00
SPI [1]	result	4.82988717	0.00000512	0x00	0x0C
SPI [1]	result	4.82989245	0.00000512	0x00	0x33
SPI [1]	result	4.82989773	0.00000512	0x00	0xCA
SPI [1]	result	4.82990301	0.00000512	0x00	0x55
SPI [1]	result	4.82990829	0.00000512	0x00	0xA0
SPI [1]	result	4.82991357	0.00000512	0x00	0x00
SPI [1]	result	4.82991885	0.00000512	0x00	0x00
SPI [1]	result	4.82992413	0.00000512	0x00	0x00
SPI [1]	result	4.82992941	0.00000512	0x00	0x00
SPI [1]	result	4.82993469	0.00000512	0x00	0x00
SPI [1]	result	4.82993997	0.00000512	0x00	0x00
SPI [1]	result	4.82994525	0.00000512	0x00	0x00
SPI [1]	result	4.82995053	0.00000512	0x00	0x00
SPI [1]	result	4.82995581	0.00000512	0x00	0x00
SPI [1]	result	4.82996109	0.00000512	0x00	0xC3
SPI [1]	result	4.82996637	0.00000512	0x00	0x3C
SPI [1]	result	4.82997165	0.00000512	0x00	0xA5
SPI [1]	result	4.82997693	0.00000512	0x00	0x5A
SPI [1]	result	4.82998221	0.00000512	0x00	0x00
SPI [1]	result	4.82998749	0.00000512	0x00	0x00
SPI [1]	result	4.82999277	0.00000512	0x00	0x00
SPI [1]	result	4.82999805	0.00000512	0x00	0x00
SPI [1]	result	4.83000333	0.00000512	0x00	0x00
SPI [1]	result	4.83000861	0.00000512	0x00	0x00
SPI [1]	result	4.83001389	0.00000512	0x00	0x00
SPI [1]	result	4.83001917	0.00000512	0x00	0x00
SPI [1]	result	4.83002445	0.00000512	0x00	0x00
SPI [1]	result	4.83002973	0.00000512	0x00	0x0C
SPI [1]	result	4.83003501	0.00000512	0x00	0x33
SPI [1]	result	4.83004029	0.00000512	0x00	0xCA
SPI [1]	result	4.83004557	0.00000512	0x00	0x55
SPI [1]	result	4.83005085	0.00000512	0x00	0xA0
SPI [1]	result	4.83005613	0.00000512	0x00	0x00
SPI [1]	result	4.83006141	0.00000512	0x00	0x00
SPI [1]	result	4.83006669	0.00000512	0x00	0x00
SPI [1]	result	4.83007197	0.00000512	0x00	0x00
SPI [1]	result	4.83007725	0.00000512	0x00	0x00
SPI [1]	result	4.83008253	0.00000512	0x00	0x00
SPI [1]	result	4.83008781	0.00000512	0x00	0x00
SPI [1]	result	4.83009309	0.00000512	0x00	0x00
SPI [1]	result	4.83009837	0.00000512	0x00	0x00
SPI [1]	result	4.83010365	0.00000512	0x00	0xC3
SPI [1]	result	4.83010893	0.00000512	0x00	0x3C
SPI [1]	result	4.83011421	0.00000512	0x00	0xA5
SPI [1]	result	4.83011949	0.00000512	0x00	0x5A
SPI [1]	result	4.83012477	0.00000512	0x00	0x00
SPI [1]	result	4.83013005	0.00000512	0x00	0x00
SPI [1]	result	4.83013533	0.00000512	0x00	0x00
SPI [1]	result	4.83014061	0.00000512	0x00	0x00
SPI [1]	result	4.83014589	0.00000512	0x00	0x00
SPI [1]	result	4.83015117	0.00000512	0x00	0x00
SPI [1]	result	4.83015645	0.00000512	0x00	0x00
SPI [1]	result	4.83016173	0.00000512	0x00	0x00
SPI [1]	result	4.83016701	0.00000512	0x00	0x00
SPI [1]	result	4.83017229	0.00000512	0x00	0x0C
SPI [1]	result	4.83017757	0.00000512	0x00	0x33
SPI [1]	result	4.83018285	0.00000512	0x00	0xCA
SPI [1]	result	4.83018813	0.00000512	0x00	0x55
SPI [1]	result	4.83019341	0.00000512	0x00	0xA0
SPI [1]	result	4.83019869	0.00000512	0x00	0x00
SPI [1]	result	4.83020397	0.00000512	0x00	0x00
SPI [1]	result	4.83020925	0.00000512	0x00	0x00
SPI [1]	result	4.83021453	0.00000512	0x00	0x00
SPI [1]	result	4.83021981	0.00000512	0x00	0x00
SPI [1]	result	4.83022509	0.00000512	0x00	0x00
SPI [1]	result	4.83023037	0.00000512	0x00	0x00
SPI [1]	result	4.83023565	0.00000512	0x00	0x00
SPI [1]	result	4.83024093	0.00000512	0x00	0x00
SPI [1]	result	4.83024621	0.00000512	0x00	0xC3
SPI [1]	result	4.83025149	0.00000512	0x00	0x3C
SPI [1]	result	4.83025677	0.00000512	0x00	0xA5
SPI [1]	result	4.83026205	0.00000512	0x00	0x5A
SPI [1]	result	4.83026733	0.00000512	0x00	0x00
SPI [1]	result	4.83027261	0.00000512	0x00	0x00
SPI [1]	result	4.83027789	0.00000512	0x00	0x00
SPI [1]	result	4.83028317	0.00000512	0x00	0x00
SPI [1]	result	4.83028845	0.00000512	0x00	0x00
SPI [1]	result	4.83029373	0.00000512	0x00	0x00
SPI [1]	result	4.83029901	0.00000512	0x00	0x00
SPI [1]	result	4.83030429	0.00000512	0x00	0x00
SPI [1]	result	4.83030957	0.00000512	0x00	0x00
SPI [1]	result	4.83031485	0.00000512	0x00	0x03
SPI [1]	result	4.83032013	0.00000512	0x00	0x0C
SPI [1]	result	4.83032541	0.00000512	0x00	0xF2
SPI [1]	result	4.83033069	0.00000512	0x00	0x95
SPI [1]	result	4.83033597	0.00000512	0x00	0x68
SPI [1]	result	4.83034125	0.00000512	0x00	0x00
SPI [1]	result	4.83034653	0.00000512	0x00	0x00
SPI [1]	result	4.83035181	0.00000512	0x00	0x00
SPI [1]	result	4.83035709	0.00000512	0x00	0x00
SPI [1]	result	4.83036237	0.00000512	0x5A	0x00
SPI [1]	result	4.83349177	0.00000512	0xFF	0xC3
SPI [1]	result	4.83349705	0.00000512	0x00	0x3C
SPI [1]	result	4.83350233	0.00000512	0x00	0xA5
SPI [1]	result	4.83350761	0.00000512	0x00	0x5A
SPI [1]	result	4.83351289	0.00000512	0x00	0x00
SPI [1]	result	4.83351817	0.00000512	0x00	0x00
SPI [1]	result	4.83352345	0.00000512	0x00	0x00
SPI [1]	result	4.83352873	0.00000512	0x00	0x00
SPI [1]	result	4.83353401	0.00000512	0x00	0x00
SPI [1]	result	4.83353929	0.00000512	0x00	0x00
SPI [1]	result	4.83354457	0.00000512	0x00	0x00
SPI [1]	result	4.83354985	0.00000512	0x00	0x00
SPI [1]	result	4.83355513	0.00000512	0x00	0x00
SPI [1]	result	4.83356041	0.00000512	0x00	0x0C
SPI [1]	result	4.83356569	0.00000512	0x00	0x33
SPI [1]	result	4.83357097	0.00000512	0x00	0xCA
SPI [1]	result	4.83357625	0.00000512	0x00	0x55
SPI [1]	result	4.83358153	0.00000512	0x00	0xA0
SPI [1]	result	4.83358681	0.00000512	0x00	0x00
SPI [1]	result	4.83359209	0.00000512	0x00	0x00
SPI [1]	result	4.83359737	0.00000512	0x00	0x00
SPI [1]	result	4.83360265	0.00000512	0x00	0x00
SPI [1]	result	4.83360793	0.00000512	0x00	0x00
SPI [1]	result	4.83361321	0.00000512	0x00	0x00
SPI [1]	result	4.83361849	0.00000512	0x00	0x00
SPI [1]	result	4.83362377	0.00000512	0x00	0x00
SPI [1]	result	4.83362905	0.00000512	0x00	0x00
SPI [1]	result	4.83363433	0.00000512	0x00	0xC3
SPI [1]	result	4.83363961	0.00000512	0x00	0x3C
SPI [1]	result	4.83364489	0.00000512	0x00	0xA5
SPI [1]	result	4.83365017	0.00000512	0x00	0x5A
SPI [1]	result	4.83365545	0.00000512	0x00	0x00
SPI [1]	result	4.83366073	0.00000512	0x00	0x00
SPI [1]	result	4.83366601	0.00000512	0x00	0x00
SPI [1]	result	4.83367129	0.00000512	0x00	0x00
SPI [1]	result	4.83367657	0.00000512	0x00	0x00
SPI [1]	result	4.83368185	0.00000512	0x00	0x00
SPI [1]	result	4.83368713	0.00000512	0x00	0x00
SPI [1]	result	4.83369241	0.00000512	0x00	0x00
SPI [1]	result	4.83369769	0.00000512	0x00	0x00
SPI [1]	result	4.83370297	0.00000512	0x00	0x0C
SPI [1]	result	4.83370825	0.00000512	0x00	0x33
SPI [1]	result	4.83371353	0.00000512	0x00	0xCA
SPI [1]	result	4.83371881	0.00000512	0x00	0x55
SPI [1]	result	4.83372409	0.00000512	0x00	0xA0
SPI [1]	result	4.83372937	0.00000512	0x00	0x00
SPI [1]	result	4.83373465	0.00000512	0x00	0x00
SPI [1]	result	4.83373993	0.00000512	0x00	0x00
SPI [1]	result	4.83374521	0.00000512	0x00	0x00
SPI [1]	result	4.83375049	0.00000512	0x00	0x00
SPI [1]	result	4.83375577	0.00000512	0x00	0x00
SPI [1]	result	4.83376105	0.00000512	0x00	0x00
SPI [1]	result	4.83376633	0.00000512	0x00	0x00
SPI [1]	result	4.83377161	0.00000512	0x00	0x00
SPI [1]	result	4.83377689	0.00000512	0x00	0xC3
SPI [1]	result	4.83378217	0.00000512	0x00	0x3C
SPI [1]	result	4.83378745	0.00000512	0x00	0xA5
SPI [1]	result	4.83379273	0.00000512	0x00	0x5A
SPI [1]	result	4.83379801	0.00000512	0x00	0x00
SPI [1]	result	4.83380329	0.00000512	0x00	0x00
SPI [1]	result	4.83380857	0.00000512	0x00	0x00
SPI [1]	result	4.83381385	0.00000512	0x00	0x00
SPI [1]	result	4.83381913	0.00000512	0x00	0x00
SPI [1]	result	4.83382441	0.00000512	0x00	0x00
SPI [1]	result	4.83382969	0.00000512	0x00	0x00
SPI [1]	result	4.83383497	0.00000512	0x00	0x00
SPI [1]	result	4.83384025	0.00000512	0x00	0x00
SPI [1]	result	4.83384553	0.00000512	0x00	0x0C
SPI [1]	result	4.83385081	0.00000512	0x00	0x33
SPI [1]	result	4.83385609	0.00000512	0x00	0xCA
SPI [1]	result	4.83386137	0.00000512	0x00	0x55
SPI [1]	result	4.83386665	0.00000512	0x00	0xA0
SPI [1]	result	4.83387193	0.00000512	0x00	0x00
SPI [1]	result	4.83387721	0.00000512	0x00	0x00
SPI [1]	result	4.83388249	0.00000512	0x00	0x00
SPI [1]	result	4.83388777	0.00000512	0x00	0x00
SPI [1]	result	4.83389305	0.00000512	0x00	0x00
SPI [1]	result	4.83389833	0.00000512	0x00	0x00
SPI [1]	result	4.83390361	0.00000512	0x00	0x00
SPI [1]	result	4.83390889	0.00000512	0x00	0x00
SPI [1]	result	4.83391417	0.00000512	0x00	0x00
SPI [1]	result	4.83391945	0.00000512	0x00	0xC3
SPI [1]	result	4.83392473	0.00000512	0x00	0x3C
SPI [1]	result	4.83393001	0.00000512	0x00	0xA5
SPI [1]	result	4.83393529	0.00000512	0x00	0x5A
SPI [1]	result	4.83394057	0.00000512	0x00	0x00
SPI [1]	result	4.83394585	0.00000512	0x00	0x00
SPI [1]	result	4.83395113	0.00000512	0x00	0x00
SPI [1]	result	4.83395641	0.00000512	0x00	0x00
SPI [1]	result	4.83396169	0.00000512	0x00	0x00
SPI [1]	result	4.83396697	0.00000512	0x00	0x00
SPI [1]	result	4.83397225	0.00000512	0x00	0x00
SPI [1]	result	4.83397753	0.00000512	0x00	0x00
SPI [1]	result	4.83398281	0.00000512	0x00	0x00
SPI [1]	result	4.83398809	0.00000512	0x00	0x0C
SPI [1]	result	4.83399337	0.00000512	0x00	0x33
SPI [1]	result	4.83399865	0.00000512	0x00	0xCA
SPI [1]	result	4.83400393	0.00000512	0x00	0x55
SPI [1]	result	4.83400921	0.00000512	0x00	0xA0
SPI [1]	result	4.83401449	0.00000512	0x00	0x00
SPI [1]	result	4.83401977	0.00000512	0x00	0x00
SPI [1]	result	4.83402505	0.00000512	0x00	0x00
SPI [1]	result	4.83403033	0.00000512	0x00	0x00
SPI [1]	result	4.83403561	0.00000512	0x00	0x00
SPI [1]	result	4.83404089	0.00000512	0x00	0x00
SPI [1]	result	4.83404617	0.00000512	0x00	0x00
SPI [1]	result	4.83405145	0.00000512	0x00	0x00
SPI [1]	result	4.83405673	0.00000512	0x00	0x00
SPI [1]	result	4.83406201	0.00000512	0x00	0xC3
SPI [1]	result	4.83406729	0.00000512	0x00	0x3C
SPI [1]	result	4.83407257	0.00000512	0x00	0xA5
SPI [1]	result	4.83407785	0.00000512	0x00	0x5A
SPI [1]	result	4.83408313	0.00000512	0x00	0x00
SPI [1]	result	4.83408841	0.00000512	0x00	0x00
SPI [1]	result	4.83409369	0.00000512	0x00	0x00
SPI [1]	result	4.83409897	0.00000512	0x00	0x00
SPI [1]	result	4.83410425	0.00000512	0x00	0x00
SPI [1]	result	4.83410953	0.00000512	0x00	0x00
SPI [1]	result	4.83411481	0.00000512	0x00	0x00
SPI [1]	result	4.83412009	0.00000512	0x00	0x00
SPI [1]	result	4.83412537	0.00000512	0x00	0x00
SPI [1]	result	4.83413065	0.00000512	0x00	0x0C
SPI [1]	result	4.83413593	0.00000512	0x00	0x33
SPI [1]	result	4.83414121	0.00000512	0x00	0xCA
SPI [1]	result	4.83414649	0.00000512	0x00	0x55
SPI [1]	result	4.83415177	0.00000512	0x00	0xA0
SPI [1]	result	4.83415705	0.00000512	0x00	0x00
SPI [1]	result	4.83416233	0.00000512	0x00	0x00
SPI [1]	result	4.83416761	0.00000512	0x00	0x00
SPI [1]	result	4.83417289	0.00000512	0x00	0x00
SPI [1]	result	4.83417817	0.00000512	0x5A	0x00
SPI [1]	result	4.83732777	0.00000512	0xB8	0xC3
SPI [1]	result	4.83733305	0.00000512	0x01	0x3C
SPI [1]	result	4.83733833	0.00000512	0x06	0xA5
SPI [1]	result	4.83734361	0.00000512	0x26	0x5A
SPI [1]	result	4.83812963	0.00000512	0x0B	0xC3
SPI [1]	result	4.83813491	0.00000512	0x10	0x3C
SPI [1]	result	4.83814019	0.00000512	0x80	0xA5
SPI [1]	result	4.83814547	0.00000512	0x3A	0x5A
SPI [1]	result	4.83869461	0.00000512	0x00	0xC3
SPI [1]	result	4.83869989	0.00000512	0x00	0x3C
SPI [1]	result	4.83870517	0.00000512	0x05	0xA5
SPI [1]	result	4.83871045	0.00000512	0x56	0x5A
SPI [1]	result	4.83961957	0.00000512	0x0C	0xC3
SPI [1]	result	4.83962485	0.00000512	0x00	0x3C
SPI [1]	result	4.83963013	0.00000512	0x86	0xA5
SPI [1]	result	4.83963541	0.00000512	0x0A	0x5A
SPI [1]	result	4.84006974	0.00000512	0x00	0xC3
SPI [1]	result	4.84007502	0.00000512	0x00	0x3C
SPI [1]	result	4.84008030	0.00000512	0x00	0xA5
SPI [1]	result	4.84008558	0.00000512	0x00	0x5A
SPI [1]	result	4.84064448	0.00000512	0x08	0xC3
SPI [1]	result	4.84064976	0.00000512	0x00	0x3C
SPI [1]	result	4.84065504	0.00000512	0x85	0xA5
SPI [1]	result	4.84066032	0.00000512	0x68	0x5A
SPI [1]	result	4.84374415	0.00000512	0x00	0xC3
SPI [1]	result	4.84374943	0.00000512	0x00	0x3C
SPI [1]	result	4.84375471	0.00000512	0x53	0xA5
SPI [1]	result	4.84375999	0.00000512	0x50	0x5A
SPI [1]	result	4.84376527	0.00000512	0x58	0x00
SPI [1]	result	4.84377055	0.00000512	0x31	0x00
SPI [1]	result	4.84377583	0.00000512	0x00	0x00
SPI [1]	result	4.84378111	0.00000512	0x00	0x00
SPI [1]	result	4.84378639	0.00000512	0x00	0x00
SPI [1]	result	4.84379167	0.00000512	0x00	0x00
SPI [1]	result	4.84379695	0.00000512	0x00	0x00
SPI [1]	result	4.84380223	0.00000512	0x00	0x00
SPI [1]	result	4.84380751	0.00000512	0x47	0x00
SPI [1]	result	4.84381279	0.00000512	0x46	0x0C
SPI [1]	result	4.84381807	0.00000512	0x58	0x33
SPI [1]	result	4.84382335	0.00000512	0x20	0xCA
SPI [1]	result	4.84382863	0.00000512	0x35	0x55
SPI [1]	result	4.84383391	0.00000512	0x30	0xA0
SPI [1]	result	4.84383919	0.00000512	0x53	0x00
SPI [1]	result	4.84384447	0.00000512	0x00	0x00
SPI [1]	result	4.84384975	0.00000512	0x00	0x00
SPI [1]	result	4.84385503	0.00000512	0x00	0x00
SPI [1]	result	4.84386031	0.00000512	0x00	0x00
SPI [1]	result	4.84386559	0.00000512	0x00	0x00
SPI [1]	result	4.84387087	0.00000512	0x00	0x00
SPI [1]	result	4.84387615	0.00000512	0x00	0x00
SPI [1]	result	4.84388143	0.00000512	0x00	0x00
SPI [1]	result	4.84388671	0.00000512	0x00	0xC3
SPI [1]	result	4.84389199	0.00000512	0x00	0x3C
SPI [1]	result	4.84389727	0.00000512	0x00	0xA5
SPI [1]	result	4.84390255	0.00000512	0x00	0x5A
SPI [1]	result	4.84390783	0.00000512	0x00	0x00
SPI [1]	result	4.84391311	0.00000512	0x47	0x00
SPI [1]	result	4.84391839	0.00000512	0x46	0x00
SPI [1]	result	4.84392367	0.00000512	0x58	0x00
SPI [1]	result	4.84392895	0.00000512	0x20	0x00
SPI [1]	result	4.84393423	0.00000512	0x35	0x00
SPI [1]	result	4.84393951	0.00000512	0x30	0x00
SPI [1]	result	4.84394479	0.00000512	0x53	0x00
SPI [1]	result	4.84395007	0.00000512	0x00	0x00
SPI [1]	result	4.84395535	0.00000512	0x00	0x0C
SPI [1]	result	4.84396063	0.00000512	0x00	0x33
SPI [1]	result	4.84396591	0.00000512	0x00	0xCA
SPI [1]	result	4.84397119	0.00000512	0x00	0x55
SPI [1]	result	4.84397647	0.00000512	0x00	0xA0
SPI [1]	result	4.84398175	0.00000512	0x00	0x00
SPI [1]	result	4.84398703	0.00000512	0x00	0x00
SPI [1]	result	4.84399231	0.00000512	0x35	0x00
SPI [1]	result	4.84399759	0.00000512	0x39	0x00
SPI [1]	result	4.84400287	0.00000512	0x33	0x00
SPI [1]	result	4.84400815	0.00000512	0x35	0x00
SPI [1]	result	4.84401343	0.00000512	0x33	0x00
SPI [1]	result	4.84401871	0.00000512	0x33	0x00
SPI [1]	result	4.84402399	0.00000512	0x33	0x00
SPI [1]	result	4.84402927	0.00000512	0x31	0xC3
SPI [1]	result	4.84403455	0.00000512	0x33	0x3C
SPI [1]	result	4.84403983	0.00000512	0x36	0xA5
SPI [1]	result	4.84404511	0.00000512	0x33	0x5A
SPI [1]	result	4.84405039	0.00000512	0x31	0x00
SPI [1]	result	4.84405567	0.00000512	0x31	0x00
SPI [1]	result	4.84406095	0.00000512	0x37	0x00
SPI [1]	result	4.84406623	0.00000512	0x30	0x00
SPI [1]	result	4.84407151	0.00000512	0x32	0x00
SPI [1]	result	4.84407679	0.00000512	0x31	0x00
SPI [1]	result	4.84408207	0.00000512	0x36	0x00
SPI [1]	result	4.84408735	0.00000512	0x37	0x00
SPI [1]	result	4.84409263	0.00000512	0x30	0x00
SPI [1]	result	4.84409791	0.00000512	0x32	0x0C
SPI [1]	result	4.84410319	0.00000512	0x30	0x33
SPI [1]	result	4.84410847	0.00000512	0x31	0xCA
SPI [1]	result	4.84411375	0.00000512	0x30	0x55
SPI [1]	result	4.84411903	0.00000512	0x31	0xA0
SPI [1]	result	4.84412431	0.00000512	0x31	0x00
SPI [1]	result	4.84412959	0.00000512	0x30	0x00
SPI [1]	result	4.84413487	0.00000512	0x36	0x00
SPI [1]	result	4.84414015	0.00000512	0x39	0x00
SPI [1]	result	4.84414543	0.00000512	0x41	0x00
SPI [1]	result	4.84415071	0.00000512	0x04	0x00
SPI [1]	result	4.84415599	0.00000512	0x20	0x00
SPI [1]	result	4.84416127	0.00000512	0x02	0x00
SPI [1]	result	4.84416655	0.00000512	0x16	0x00
SPI [1]	result	4.84417183	0.00000512	0x01	0xC3
SPI [1]	result	4.84417711	0.00000512	0x00	0x3C
SPI [1]	result	4.84418239	0.00000512	0x01	0xA5
SPI [1]	result	4.84418767	0.00000512	0x00	0x5A
SPI [1]	result	4.84419295	0.00000512	0x01	0x00
SPI [1]	result	4.84419823	0.00000512	0x00	0x00
SPI [1]	result	4.84420351	0.00000512	0x00	0x00
SPI [1]	result	4.84420879	0.00000512	0x00	0x00
SPI [1]	result	4.84421407	0.00000512	0x00	0x00
SPI [1]	result	4.84421935	0.00000512	0x00	0x00
SPI [1]	result	4.84422463	0.00000512	0x00	0x00
SPI [1]	result	4.84422991	0.00000512	0x00	0x00
SPI [1]	result	4.84423519	0.00000512	0x00	0x00
SPI [1]	result	4.84424047	0.00000512	0x00	0x0C
SPI [1]	result	4.84424575	0.00000512	0x00	0x33
SPI [1]	result	4.84425103	0.00000512	0x00	0xCA
SPI [1]	result	4.84425631	0.00000512	0x00	0x55
SPI [1]	result	4.84426159	0.00000512	0x00	0xA0
SPI [1]	result	4.84426687	0.00000512	0x00	0x00
SPI [1]	result	4.84427215	0.00000512	0x00	0x00
SPI [1]	result	4.84427743	0.00000512	0x00	0x00
SPI [1]	result	4.84428271	0.00000512	0x00	0x00
SPI [1]	result	4.84428799	0.00000512	0x00	0x00
SPI [1]	result	4.84429327	0.00000512	0x00	0x00
SPI [1]	result	4.84429855	0.00000512	0x00	0x00
SPI [1]	result	4.84430383	0.00000512	0x00	0x00
SPI [1]	result	4.84430911	0.00000512	0x00	0x00
SPI [1]	result	4.84431439	0.00000512	0x00	0xC3
SPI [1]	result	4.84431967	0.00000512	0x00	0x3C
SPI [1]	result	4.84432495	0.00000512	0x00	0xA5
SPI [1]	result	4.84433023	0.00000512	0x00	0x5A
SPI [1]	result	4.84433551	0.00000512	0x00	0x00
SPI [1]	result	4.84434079	0.00000512	0x00	0x00
SPI [1]	result	4.84434607	0.00000512	0x00	0x00
SPI [1]	result	4.84435135	0.00000512	0x00	0x00
SPI [1]	result	4.84435663	0.00000512	0x00	0x00
SPI [1]	result	4.84436191	0.00000512	0x00	0x00
SPI [1]	result	4.84436719	0.00000512	0x00	0x00
SPI [1]	result	4.84437247	0.00000512	0x00	0x00
SPI [1]	result	4.84437775	0.00000512	0x00	0x00
SPI [1]	result	4.84438303	0.00000512	0x00	0x0C
SPI [1]	result	4.84438831	0.00000512	0x00	0x33
SPI [1]	result	4.84439359	0.00000512	0x00	0xCA
SPI [1]	result	4.84439887	0.00000512	0x00	0x55
SPI [1]	result	4.84440415	0.00000512	0x00	0xA0
SPI [1]	result	4.84440943	0.00000512	0x00	0x00
SPI [1]	result	4.84441471	0.00000512	0x00	0x00
SPI [1]	result	4.84441999	0.00000512	0x00	0x00
SPI [1]	result	4.84442527	0.00000512	0x00	0x00
SPI [1]	result	4.84443055	0.00000512	0xEF	0x00
SPI [1]	result	4.84755784	0.00000512	0xFF	0xC3
SPI [1]	result	4.84756312	0.00000512	0xFF	0x3C
SPI [1]	result	4.84756840	0.00000512	0x53	0xA5
SPI [1]	result	4.84757368	0.00000512	0x50	0x5A
SPI [1]	result	4.84757896	0.00000512	0x58	0x00
SPI [1]	result	4.84758424	0.00000512	0x31	0x00
SPI [1]	result	4.84758952	0.00000512	0x00	0x00
SPI [1]	result	4.84759480	0.00000512	0x00	0x00
SPI [1]	result	4.84760008	0.00000512	0x00	0x00
SPI [1]	result	4.84760536	0.00000512	0x00	0x00
SPI [1]	result	4.84761064	0.00000512	0x00	0x00
SPI [1]	result	4.84761592	0.00000512	0x00	0x00
SPI [1]	result	4.84762120	0.00000512	0x47	0x00
SPI [1]	result	4.84762648	0.00000512	0x46	0x0C
SPI [1]	result	4.84763176	0.00000512	0x58	0x33
SPI [1]	result	4.84763704	0.00000512	0x20	0xCA
SPI [1]	result	4.84764232	0.00000512	0x35	0x55
SPI [1]	result	4.84764760	0.00000512	0x30	0xA0
SPI [1]	result	4.84765288	0.00000512	0x53	0x00
SPI [1]	result	4.84765816	0.00000512	0x00	0x00
SPI [1]	result	4.84766344	0.00000512	0x00	0x00
SPI [1]	result	4.84766872	0.00000512	0x00	0x00
SPI [1]	result	4.84767400	0.00000512	0x00	0x00
SPI [1]	result	4.84767928	0.00000512	0x00	0x00
SPI [1]	result	4.84768456	0.00000512	0x00	0x00
SPI [1]	result	4.84768984	0.00000512	0x00	0x00
SPI [1]	result	4.84769512	0.00000512	0x00	0x00
SPI [1]	result	4.84770040	0.00000512	0x00	0xC3
SPI [1]	result	4.84770568	0.00000512	0x00	0x3C
SPI [1]	result	4.84771096	0.00000512	0x00	0xA5
SPI [1]	result	4.84771624	0.00000512	0x00	0x5A
SPI [1]	result	4.84772152	0.00000512	0x00	0x00
SPI [1]	result	4.84772680	0.00000512	0x47	0x00
SPI [1]	result	4.84773208	0.00000512	0x46	0x00
SPI [1]	result	4.84773736	0.00000512	0x58	0x00
SPI [1]	result	4.84774264	0.00000512	0x20	0x00
SPI [1]	result	4.84774792	0.00000512	0x35	0x00
SPI [1]	result	4.84775320	0.00000512	0x30	0x00
SPI [1]	result	4.84775848	0.00000512	0x53	0x00
SPI [1]	result	4.84776376	0.00000512	0x00	0x00
SPI [1]	result	4.84776904	0.00000512	0x00	0x0C
SPI [1]	result	4.84777432	0.00000512	0x00	0x33
SPI [1]	result	4.84777960	0.00000512	0x00	0xCA
SPI [1]	result	4.84778488	0.00000512	0x00	0x55
SPI [1]	result	4.84779016	0.00000512	0x00	0xA0
SPI [1]	result	4.84779544	0.00000512	0x00	0x00
SPI [1]	result	4.84780072	0.00000512	0x00	0x00
SPI [1]	result	4.84780600	0.00000512	0x35	0x00
SPI [1]	result	4.84781128	0.00000512	0x39	0x00
SPI [1]	result	4.84781656	0.00000512	0x33	0x00
SPI [1]	result	4.84782184	0.00000512	0x35	0x00
SPI [1]	result	4.84782712	0.00000512	0x33	0x00
SPI [1]	result	4.84783240	0.00000512	0x33	0x00
SPI [1]	result	4.84783768	0.00000512	0x33	0x00
SPI [1]	result	4.84784296	0.00000512	0x31	0xC3
SPI [1]	result	4.84784824	0.00000512	0x33	0x3C
SPI [1]	result	4.84785352	0.00000512	0x36	0xA5
SPI [1]	result	4.84785880	0.00000512	0x33	0x5A
SPI [1]	result	4.84786408	0.00000512	0x31	0x00
SPI [1]	result	4.84786936	0.00000512	0x31	0x00
SPI [1]	result	4.84787464	0.00000512	0x37	0x00
SPI [1]	result	4.84787992	0.00000512	0x30	0x00
SPI [1]	result	4.84788520	0.00000512	0x32	0x00
SPI [1]	result	4.84789048	0.00000512	0x31	0x00
SPI [1]	result	4.84789576	0.00000512	0x36	0x00
SPI [1]	result	4.84790104	0.00000512	0x37	0x00
SPI [1]	result	4.84790632	0.00000512	0x30	0x00
SPI [1]	result	4.84791160	0.00000512	0x32	0x0C
SPI [1]	result	4.84791688	0.00000512	0x30	0x33
SPI [1]	result	4.84792216	0.00000512	0x31	0xCA
SPI [1]	result	4.84792744	0.00000512	0x30	0x55
SPI [1]	result	4.84793272	0.00000512	0x31	0xA0
SPI [1]	result	4.84793800	0.00000512	0x31	0x00
SPI [1]	result	4.84794328	0.00000512	0x30	0x00
SPI [1]	result	4.84794856	0.00000512	0x36	0x00
SPI [1]	result	4.84795384	0.00000512	0x39	0x00
SPI [1]	result	4.84795912	0.00000512	0x41	0x00
SPI [1]	result	4.84796440	0.00000512	0x04	0x00
SPI [1]	result	4.84796968	0.00000512	0x20	0x00
SPI [1]	result	4.84797496	0.00000512	0x02	0x00
SPI [1]	result	4.84798024	0.00000512	0x16	0x00
SPI [1]	result	4.84798552	0.00000512	0x01	0x43
SPI [1]	result	4.84799080	0.00000512	0x00	0x3C
SPI [1]	result	4.84799608	0.00000512	0x01	0xA5
SPI [1]	result	4.84800136	0.00000512	0x00	0x5A
SPI [1]	result	4.84800664	0.00000512	0x01	0x00
SPI [1]	result	4.84801192	0.00000512	0x00	0x00
SPI [1]	result	4.84801720	0.00000512	0x00	0x00
SPI [1]	result	4.84802248	0.00000512	0x00	0x00
SPI [1]	result	4.84802776	0.00000512	0x00	0x00
SPI [1]	result	4.84803304	0.00000512	0x00	0x00
SPI [1]	result	4.84803832	0.00000512	0x00	0x00
SPI [1]	result	4.84804360	0.00000512	0x00	0x00
SPI [1]	result	4.84804888	0.00000512	0x00	0x00
SPI [1]	result	4.84805416	0.00000512	0x00	0x0C
SPI [1]	result	4.84805944	0.00000512	0x00	0x33
SPI [1]	result	4.84806472	0.00000512	0x00	0xCA
SPI [1]	result	4.84807000	0.00000512	0x00	0x55
SPI [1]	result	4.84807528	0.00000512	0x00	0xA0
SPI [1]	result	4.84808056	0.00000512	0x00	0x00
SPI [1]	result	4.84808584	0.00000512	0x00	0x00
SPI [1]	result	4.84809112	0.00000512	0x00	0x00
SPI [1]	result	4.84809640	0.00000512	0x00	0x00
SPI [1]	result	4.84810168	0.00000512	0x00	0x00
SPI [1]	result	4.84810696	0.00000512	0x00	0x00
SPI [1]	result	4.84811224	0.00000512	0x00	0x00
SPI [1]	result	4.84811752	0.00000512	0x00	0x00
SPI [1]	result	4.84812280	0.00000512	0x00	0x00
SPI [1]	result	4.84812808	0.00000512	0x00	0xC3
SPI [1]	result	4.84813336	0.00000512	0x00	0x3C
SPI [1]	result	4.84813864	0.00000512	0x00	0xA5
SPI [1]	result	4.84814392	0.00000512	0x00	0x5A
SPI [1]	result	4.84814920	0.00000512	0x00	0x00
SPI [1]	result	4.84815448	0.00000512	0x00	0x00
SPI [1]	result	4.84815976	0.00000512	0x00	0x00
SPI [1]	result	4.84816504	0.00000512	0x00	0x00
SPI [1]	result	4.84817032	0.00000512	0x00	0x00
SPI [1]	result	4.84817560	0.00000512	0x00	0x00
SPI [1]	result	4.84818088	0.00000512	0x00	0x00
SPI [1]	result	4.84818616	0.00000512	0x00	0x00
SPI [1]	result	4.84819144	0.00000512	0x00	0x00
SPI [1]	result	4.84819672	0.00000512	0x00	0x0C
SPI [1]	result	4.84820200	0.00000512	0x00	0x33
SPI [1]	result	4.84820728	0.00000512	0x00	0xCA
SPI [1]	result	4.84821256	0.00000512	0x00	0x55
SPI [1]	result	4.84821784	0.00000512	0x00	0xA0
SPI [1]	result	4.84822312	0.00000512	0x00	0x00
SPI [1]	result	4.84822840	0.00000512	0x00	0x00
SPI [1]	result	4.84823368	0.00000512	0x00	0x00
SPI [1]	result	4.84823896	0.00000512	0x00	0x00
SPI [1]	result	4.84824424	0.00000512	0xED	0x00
SPI [1]	result	4.85137093	0.00000512	0x00	0xC3
SPI [1]	result	4.85137621	0.00000512	0x00	0x3C
SPI [1]	result	4.85138149	0.00000512	0x05	0xA5
SPI [1]	result	4.85138677	0.00000512	0x96	0x5A
SPI [1]	result	4.85217749	0.00000512	0x0D	0xC3
SPI [1]	result	4.85218277	0.00000512	0x10	0x3C
SPI [1]	result	4.85218805	0.00000512	0x80	0xA5
SPI [1]	result	4.85219333	0.00000512	0x0A	0x5A
SPI [1]	result	4.85274453	0.00000512	0x00	0xC3
SPI [1]	result	4.85274981	0.00000512	0x00	0x3C
SPI [1]	result	4.85275509	0.00000512	0x00	0xA5
SPI [1]	result	4.85276037	0.00000512	0x00	0x5A
SPI [1]	result	4.85332171	0.00000512	0x08	0xC3
SPI [1]	result	4.85332699	0.00000512	0x00	0x3C
SPI [1]	result	4.85333227	0.00000512	0x85	0xA5
SPI [1]	result	4.85333755	0.00000512	0xA8	0x5A
SPI [1]	result	4.85391160	0.00000512	0x00	0xC3
SPI [1]	result	4.85391688	0.00000512	0x00	0x3C
SPI [1]	result	4.85392216	0.00000512	0x08	0xA5
SPI [1]	result	4.85392744	0.00000512	0x20	0x5A
SPI [1]	result	4.85470673	0.00000512	0x0E	0xC3
SPI [1]	result	4.85471201	0.00000512	0x10	0x3C
SPI [1]	result	4.85471729	0.00000512	0x80	0xA5
SPI [1]	result	4.85472257	0.00000512	0x12	0x5A
SPI [1]	result	4.85527764	0.00000512	0x00	0xC3
SPI [1]	result	4.85528292	0.00000512	0x00	0x3C
SPI [1]	result	4.85528820	0.00000512	0x00	0xA5
SPI [1]	result	4.85529348	0.00000512	0x00	0x5A
SPI [1]	result	4.85585082	0.00000512	0x08	0xC3
SPI [1]	result	4.85585610	0.00000512	0x00	0x3C
SPI [1]	result	4.85586138	0.00000512	0x88	0xA5
SPI [1]	result	4.85586666	0.00000512	0x32	0x5A
SPI [1]	result	4.85644867	0.00000512	0x00	0xC3
SPI [1]	result	4.85645395	0.00000512	0x00	0x3C
SPI [1]	result	4.85645923	0.00000512	0x0C	0xA5
SPI [1]	result	4.85646451	0.00000512	0x30	0x5A
SPI [1]	result	4.85724357	0.00000512	0x0F	0xC3
SPI [1]	result	4.85724885	0.00000512	0x10	0x3C
SPI [1]	result	4.85725413	0.00000512	0x80	0xA5
SPI [1]	result	4.85725941	0.00000512	0x1A	0x5A
SPI [1]	result	4.85781355	0.00000512	0x00	0xC3
SPI [1]	result	4.85781883	0.00000512	0x00	0x3C
SPI [1]	result	4.85782411	0.00000512	0x0C	0xA5
SPI [1]	result	4.85782939	0.00000512	0x72	0x5A
SPI [1]	result	4.85860565	0.00000512	0x08	0xC3
SPI [1]	result	4.85861093	0.00000512	0x00	0x3C
SPI [1]	result	4.85861621	0.00000512	0x8C	0xA5
SPI [1]	result	4.85862149	0.00000512	0x02	0x5A
SPI [1]	result	4.85919856	0.00000512	0x00	0xC3
SPI [1]	result	4.85920384	0.00000512	0x00	0x3C
SPI [1]	result	4.85920912	0.00000512	0x00	0xA5
SPI [1]	result	4.85921440	0.00000512	0x00	0x5A
SPI [1]	result	4.85977489	0.00000512	0x08	0xC3
SPI [1]	result	4.85978017	0.00000512	0x00	0x3C
SPI [1]	result	4.85978545	0.00000512	0x8C	0xA5
SPI [1]	result	4.85979073	0.00000512	0x44	0x5A
SPI [1]	result	4.89492099	0.00000512	0x00	0xC3
SPI [1]	result	4.89492627	0.00000512	0x00	0x3C
SPI [1]	result	4.89493155	0.00000512	0x08	0xA5
SPI [1]	result	4.89493683	0.00000512	0x20	0x5A
SPI [1]	result	4.89571065	0.00000512	0x09	0xC3
SPI [1]	result	4.89571593	0.00000512	0x10	0x3C
SPI [1]	result	4.89572121	0.00000512	0x80	0xA5
SPI [1]	result	4.89572649	0.00000512	0x2A	0x5A
SPI [1]	result	4.89628457	0.00000512	0x00	0xC3
SPI [1]	result	4.89628985	0.00000512	0x00	0x3C
SPI [1]	result	4.89629513	0.00000512	0x00	0xA5
SPI [1]	result	4.89630041	0.00000512	0x00	0x5A
SPI [1]	result	4.89684967	0.00000512	0x08	0xC3
SPI [1]	result	4.89685495	0.00000512	0x00	0x3C
SPI [1]	result	4.89686023	0.00000512	0x88	0xA5
SPI [1]	result	4.89686551	0.00000512	0x32	0x5A
SPI [1]	result	4.95743597	0.00000512	0x00	0xC3
SPI [1]	result	4.95744125	0.00000512	0x00	0x3C
SPI [1]	result	4.95744653	0.00000512	0x08	0xA5
SPI [1]	result	4.95745181	0.00000512	0x20	0x5A
SPI [1]	result	4.95791355	0.00000512	0x0A	0xC3
SPI [1]	result	4.95791883	0.00000512	0x10	0x3C
SPI [1]	result	4.95792411	0.00000512	0x80	0xA5
SPI [1]	result	4.95792939	0.00000512	0x32	0x5A
SPI [1]	result	4.95819763	0.00000512	0x00	0xC3
SPI [1]	result	4.95820291	0.00000512	0x00	0x3C
SPI [1]	result	4.95820819	0.00000512	0x00	0xA5
SPI [1]	result	4.95821347	0.00000512	0x00	0x5A
SPI [1]	result	4.95847760	0.00000512	0x08	0xC3
SPI [1]	result	4.95848288	0.00000512	0x00	0x3C
SPI [1]	result	4.95848816	0.00000512	0x88	0xA5
SPI [1]	result	4.95849344	0.00000512	0x32	0x5A
SPI [1]	result	4.97229938	0.00000512	0x00	0xC3
SPI [1]	result	4.97230466	0.00000512	0x00	0x3C
SPI [1]	result	4.97230994	0.00000512	0x20	0xA5
SPI [1]	result	4.97231522	0.00000512	0x04	0x5A
SPI [1]	result	4.97279359	0.00000512	0x0B	0xC3
SPI [1]	result	4.97279887	0.00000512	0x10	0x3C
SPI [1]	result	4.97280415	0.00000512	0x80	0xA5
SPI [1]	result	4.97280943	0.00000512	0x3A	0x5A
SPI [1]	result	4.97310054	0.00000512	0x00	0xC3
SPI [1]	result	4.97310582	0.00000512	0x00	0x3C
SPI [1]	result	4.97311110	0.00000512	0x3F	0xA5
SPI [1]	result	4.97311638	0.00000512	0xC6	0x5A
SPI [1]	result	4.97359458	0.00000512	0x0C	0xC3
SPI [1]	result	4.97359986	0.00000512	0x00	0x3C
SPI [1]	result	4.97360514	0.00000512	0xA0	0xA5
SPI [1]	result	4.97361042	0.00000512	0x36	0x5A
SPI [1]	result	4.97389660	0.00000512	0x00	0xC3
SPI [1]	result	4.97390188	0.00000512	0x00	0x3C
SPI [1]	result	4.97390716	0.00000512	0x00	0xA5
SPI [1]	result	4.97391244	0.00000512	0x00	0x5A
SPI [1]	result	4.97417778	0.00000512	0x08	0xC3
SPI [1]	result	4.97418306	0.00000512	0x00	0x3C
SPI [1]	result	4.97418834	0.00000512	0xBF	0xA5
SPI [1]	result	4.97419362	0.00000512	0xD8	0x5A
SPI [1]	result	4.97446658	0.00000512	0x00	0xC3
SPI [1]	result	4.97447186	0.00000512	0x02	0x3C
SPI [1]	result	4.97447714	0.00000512	0x2A	0xA5
SPI [1]	result	4.97448242	0.00000512	0x2E	0x5A
SPI [1]	result	4.97492971	0.00000512	0x0D	0xC3
SPI [1]	result	4.97493499	0.00000512	0x10	0x3C
SPI [1]	result	4.97494027	0.00000512	0x80	0xA5
SPI [1]	result	4.97494555	0.00000512	0x0A	0x5A
SPI [1]	result	4.97521465	0.00000512	0x00	0xC3
SPI [1]	result	4.97521993	0.00000512	0x00	0x3C
SPI [1]	result	4.97522521	0.00000512	0x3F	0xA5
SPI [1]	result	4.97523049	0.00000512	0xC6	0x5A
SPI [1]	result	4.97569552	0.00000512	0x0E	0xC3
SPI [1]	result	4.97570080	0.00000512	0x00	0x3C
SPI [1]	result	4.97570608	0.00000512	0xAA	0xA5
SPI [1]	result	4.97571136	0.00000512	0x2E	0x5A
SPI [1]	result	4.97599956	0.00000512	0x00	0xC3
SPI [1]	result	4.97600484	0.00000512	0x00	0x3C
SPI [1]	result	4.97601012	0.00000512	0x00	0xA5
SPI [1]	result	4.97601540	0.00000512	0x00	0x5A
SPI [1]	result	4.97628566	0.00000512	0x08	0xC3
SPI [1]	result	4.97629094	0.00000512	0x00	0x3C
SPI [1]	result	4.97629622	0.00000512	0xBF	0xA5
SPI [1]	result	4.97630150	0.00000512	0xD8	0x5A
SPI [1]	result	4.99739828	0.00000512	0x00	0xC3
SPI [1]	result	4.99740356	0.00000512	0x00	0x3C
SPI [1]	result	4.99740884	0.00000512	0x08	0xA5
SPI [1]	result	4.99741412	0.00000512	0x20	0x5A
SPI [1]	result	4.99787761	0.00000512	0x0F	0xC3
SPI [1]	result	4.99788289	0.00000512	0x10	0x3C
SPI [1]	result	4.99788817	0.00000512	0x80	0xA5
SPI [1]	result	4.99789345	0.00000512	0x1A	0x5A
SPI [1]	result	4.99816484	0.00000512	0x00	0xC3
SPI [1]	result	4.99817012	0.00000512	0x00	0x3C
SPI [1]	result	4.99817540	0.00000512	0x00	0xA5
SPI [1]	result	4.99818068	0.00000512	0x00	0x5A
SPI [1]	result	4.99843998	0.00000512	0x08	0xC3
SPI [1]	result	4.99844526	0.00000512	0x00	0x3C
SPI [1]	result	4.99845054	0.00000512	0x88	0xA5
SPI [1]	result	4.99845582	0.00000512	0x32	0x5A
SPI [1]	result	4.99873662	0.00000512	0x00	0xC3
SPI [1]	result	4.99874190	0.00000512	0x00	0x3C
SPI [1]	result	4.99874718	0.00000512	0x0C	0xA5
SPI [1]	result	4.99875246	0.00000512	0xB2	0x5A
SPI [1]	result	4.99920955	0.00000512	0x08	0xC3
SPI [1]	result	4.99921483	0.00000512	0x10	0x3C
SPI [1]	result	4.99922011	0.00000512	0x80	0xA5
SPI [1]	result	4.99922539	0.00000512	0x22	0x5A
SPI [1]	result	4.99949491	0.00000512	0x00	0xC3
SPI [1]	result	4.99950019	0.00000512	0x00	0x3C
SPI [1]	result	4.99950547	0.00000512	0x0C	0xA5
SPI [1]	result	4.99951075	0.00000512	0x30	0x5A
SPI [1]	result	4.99995189	0.00000512	0x09	0xC3
SPI [1]	result	4.99995717	0.00000512	0x00	0x3C
SPI [1]	result	4.99996245	0.00000512	0x8C	0xA5
SPI [1]	result	4.99996773	0.00000512	0x8C	0x5A
SPI [1]	result	5.00024399	0.00000512	0x00	0xC3
SPI [1]	result	5.00024927	0.00000512	0x00	0x3C
SPI [1]	result	5.00025455	0.00000512	0x00	0xA5
SPI [1]	result	5.00025983	0.00000512	0x00	0x5A
SPI [1]	result	5.00053468	0.00000512	0x08	0xC3
SPI [1]	result	5.00053996	0.00000512	0x00	0x3C
SPI [1]	result	5.00054524	0.00000512	0x8C	0xA5
SPI [1]	result	5.00055052	0.00000512	0x02	0x5A
SPI [1]	result	5.04074292	0.00000512	0x00	0xC3
SPI [1]	result	5.04074820	0.00000512	0x00	0x3C
SPI [1]	result	5.04075348	0.00000512	0x08	0xA5
SPI [1]	result	5.04075876	0.00000512	0x20	0x5A
SPI [1]	result	5.04125055	0.00000512	0xA5	0xC3
SPI [1]	result	5.04125583	0.00000512	0x5A	0x3C
SPI [1]	result	5.04126111	0.00000512	0x3C	0xA5
SPI [1]	result	5.04126639	0.00000512	0xC3	0x5A
SPI [1]	result	5.04167250	0.00000512	0x80	0xA5
SPI [1]	result	5.04167778	0.00000512	0x20	0x5A
SPI [1]	result	5.04168306	0.00000512	0x28	0x3C
SPI [1]	result	5.04168834	0.00000512	0x24	0xC3
SPI [1]	result	5.04208108	0.00000512	0x08	0x08
SPI [1]	result	5.04208636	0.00000512	0x10	0x10
SPI [1]	result	5.04209164	0.00000512	0x80	0xA8
SPI [1]	result	5.04209692	0.00000512	0x22	0x06
SPI [1]	result	5.04249197	0.00000512	0x00	0x08
SPI [1]	result	5.04249725	0.00000512	0x00	0x00
SPI [1]	result	5.04250253	0.00000512	0x00	0xA8
SPI [1]	result	5.04250781	0.00000512	0x00	0x36
SPI [1]	result	5.04290083	0.00000512	0x00	0x00
SPI [1]	result	5.04290611	0.00000512	0x00	0xF3
SPI [1]	result	5.04291139	0.00000512	0x00	0x03
SPI [1]	result	5.04291667	0.00000512	0x00	0xE8
SPI [1]	result	5.04336081	0.00000512	0x00	0xC3
SPI [1]	result	5.04336609	0.00000512	0x00	0x3C
SPI [1]	result	5.04337137	0.00000512	0x3F	0xA5
SPI [1]	result	5.04337665	0.00000512	0xC6	0x5A
SPI [1]	result	5.04422758	0.00000512	0x08	0xC3
SPI [1]	result	5.04423286	0.00000512	0x10	0x3C
SPI [1]	result	5.04423814	0.00000512	0x80	0xA5
SPI [1]	result	5.04424342	0.00000512	0x22	0x5A
SPI [1]	result	5.04757979	0.00000512	0x00	0xC3
SPI [1]	result	5.04758507	0.00000512	0x00	0x3C
SPI [1]	result	5.04759035	0.00000512	0x00	0xA5
SPI [1]	result	5.04759563	0.00000512	0x00	0x5A
SPI [1]	result	5.04842480	0.00000512	0x08	0xC3
SPI [1]	result	5.04843008	0.00000512	0x00	0x3C
SPI [1]	result	5.04843536	0.00000512	0xBF	0xA5
SPI [1]	result	5.04844064	0.00000512	0xD8	0x5A
SPI [1]	result	5.05097698	0.00000512	0xB8	0xC3
SPI [1]	result	5.05098226	0.00000512	0x01	0x3C
SPI [1]	result	5.05098754	0.00000512	0x06	0xA5
SPI [1]	result	5.05099282	0.00000512	0x26	0x5A
SPI [1]	result	5.05177492	0.00000512	0x09	0xC3
SPI [1]	result	5.05178020	0.00000512	0x10	0x3C
SPI [1]	result	5.05178548	0.00000512	0x80	0xA5
SPI [1]	result	5.05179076	0.00000512	0x2A	0x5A
SPI [1]	result	5.05235482	0.00000512	0x00	0xC3
SPI [1]	result	5.05236010	0.00000512	0x00	0x3C
SPI [1]	result	5.05236538	0.00000512	0x05	0xA5
SPI [1]	result	5.05237066	0.00000512	0x14	0x5A
SPI [1]	result	5.05314076	0.00000512	0x0A	0xC3
SPI [1]	result	5.05314604	0.00000512	0x00	0x3C
SPI [1]	result	5.05315132	0.00000512	0x86	0xA5
SPI [1]	result	5.05315660	0.00000512	0x3A	0x5A
SPI [1]	result	5.05372889	0.00000512	0x00	0xC3
SPI [1]	result	5.05373417	0.00000512	0x00	0x3C
SPI [1]	result	5.05373945	0.00000512	0x00	0xA5
SPI [1]	result	5.05374473	0.00000512	0x00	0x5A
SPI [1]	result	5.05429090	0.00000512	0x08	0xC3
SPI [1]	result	5.05429618	0.00000512	0x00	0x3C
SPI [1]	result	5.05430146	0.00000512	0x85	0xA5
SPI [1]	result	5.05430674	0.00000512	0x26	0x5A
SPI [1]	result	5.05738288	0.00000512	0xFF	0xC3
SPI [1]	result	5.05738816	0.00000512	0xFF	0x3C
SPI [1]	result	5.05739344	0.00000512	0x00	0xA5
SPI [1]	result	5.05739872	0.00000512	0x00	0x5A
SPI [1]	result	5.05740400	0.00000512	0x00	0x00
SPI [1]	result	5.05740928	0.00000512	0x00	0x00
SPI [1]	result	5.05741456	0.00000512	0x00	0x00
SPI [1]	result	5.05741984	0.00000512	0x00	0x00
SPI [1]	result	5.05742512	0.00000512	0x00	0x00
SPI [1]	result	5.05743040	0.00000512	0x00	0x00
SPI [1]	result	5.05743568	0.00000512	0x00	0x00
SPI [1]	result	5.05744096	0.00000512	0x00	0x00
SPI [1]	result	5.05744624	0.00000512	0x00	0x00
SPI [1]	result	5.05745152	0.00000512	0x00	0x0C
SPI [1]	result	5.05745680	0.00000512	0x00	0x33
SPI [1]	result	5.05746208	0.00000512	0x00	0xCA
SPI [1]	result	5.05746736	0.00000512	0x00	0x55
SPI [1]	result	5.05747264	0.00000512	0x00	0xA0
SPI [1]	result	5.05747792	0.00000512	0x00	0x00
SPI [1]	result	5.05748320	0.00000512	0x00	0x00
SPI [1]	result	5.05748848	0.00000512	0x00	0x00
SPI [1]	result	5.05749376	0.00000512	0x00	0x00
SPI [1]	result	5.05749904	0.00000512	0x00	0x00
SPI [1]	result	5.05750432	0.00000512	0x00	0x00
SPI [1]	result	5.05750960	0.00000512	0x00	0x00
SPI [1]	result	5.05751488	0.00000512	0x00	0x00
SPI [1]	result	5.05752016	0.00000512	0x00	0x00
SPI [1]	result	5.05752544	0.00000512	0x00	0xC3
SPI [1]	result	5.05753072	0.00000512	0x00	0x3C
SPI [1]	result	5.05753600	0.00000512	0x00	0xA5
SPI [1]	result	5.05754128	0.00000512	0x00	0x5A
SPI [1]	result	5.05754656	0.00000512	0x00	0x00
SPI [1]	result	5.05755184	0.00000512	0x00	0x00
SPI [1]	result	5.05755712	0.00000512	0x00	0x00
SPI [1]	result	5.05756240	0.00000512	0x00	0x00
SPI [1]	result	5.05756768	0.00000512	0x00	0x00
SPI [1]	result	5.05757296	0.00000512	0x00	0x00
SPI [1]	result	5.05757824	0.00000512	0x00	0x00
SPI [1]	result	5.05758352	0.00000512	0x00	0x00
SPI [1]	result	5.05758880	0.00000512	0x00	0x00
SPI [1]	result	5.05759408	0.00000512	0x00	0x0C
SPI [1]	result	5.05759936	0.00000512	0x00	0x33
SPI [1]	result	5.05760464	0.00000512	0x00	0xCA
SPI [1]	result	5.05760992	0.00000512	0x00	0x55
SPI [1]	result	5.05761520	0.00000512	0x00	0xA0
SPI [1]	result	5.05762048	0.00000512	0x00	0x00
SPI [1]	result	5.05762576	0.00000512	0x00	0x00
SPI [1]	result	5.05763104	0.00000512	0x00	0x00
SPI [1]	result	5.05763632	0.00000512	0x00	0x00
SPI [1]	result	5.05764160	0.00000512	0x00	0x00
SPI [1]	result	5.05764688	0.00000512	0x00	0x00
SPI [1]	result	5.05765216	0.00000512	0x00	0x00
SPI [1]	result	5.05765744	0.00000512	0x00	0x00
SPI [1]	result	5.05766272	0.00000512	0x00	0x00
SPI [1]	result	5.05766800	0.00000512	0x00	0xC3
SPI [1]	result	5.05767328	0.00000512	0x00	0x3C
SPI [1]	result	5.05767856	0.00000512	0x00	0xA5
SPI [1]	result	5.05768384	0.00000512	0x00	0x5A
SPI [1]	result	5.05768912	0.00000512	0x00	0x00
SPI [1]	result	5.05769440	0.00000512	0x00	0x00
SPI [1]	result	5.05769968	0.00000512	0x00	0x00
SPI [1]	result	5.05770496	0.00000512	0x00	0x00
SPI [1]	result	5.05771024	0.00000512	0x00	0x00
SPI [1]	result	5.05771552	0.00000512	0x00	0x00
SPI [1]	result	5.05772080	0.00000512	0x00	0x00
SPI [1]	result	5.05772608	0.00000512	0x00	0x00
SPI [1]	result	5.05773136	0.00000512	0x00	0x00
SPI [1]	result	5.05773664	0.00000512	0x00	0x0C
SPI [1]	result	5.05774192	0.00000512	0x00	0x33
SPI [1]	result	5.05774720	0.00000512	0x00	0xCA
SPI [1]	result	5.05775248	0.00000512	0x00	0x55
SPI [1]	result	5.05775776	0.00000512	0x00	0xA0
SPI [1]	result	5.05776304	0.00000512	0x00	0x00
SPI [1]	result	5.05776832	0.00000512	0x00	0x00
SPI [1]	result	5.05777360	0.00000512	0x00	0x00
SPI [1]	result	5.05777888	0.00000512	0x00	0x00
SPI [1]	result	5.05778416	0.00000512	0x00	0x00
SPI [1]	result	5.05778944	0.00000512	0x00	0x00
SPI [1]	result	5.05779472	0.00000512	0x00	0x00
SPI [1]	result	5.05780000	0.00000512	0x00	0x00
SPI [1]	result	5.05780528	0.00000512	0x00	0x00
SPI [1]	result	5.05781056	0.00000512	0x00	0xC3
SPI [1]	result	5.05781584	0.00000512	0x00	0x3C
SPI [1]	result	5.05782112	0.00000512	0x00	0xA5
SPI [1]	result	5.05782640	0.00000512	0x00	0x5A
SPI [1]	result	5.05783168	0.00000512	0x00	0x00
SPI [1]	result	5.05783696	0.00000512	0x00	0x00
SPI [1]	result	5.05784224	0.00000512	0x00	0x00
SPI [1]	result	5.05784752	0.00000512	0x00	0x00
SPI [1]	result	5.05785280	0.00000512	0x00	0x00
SPI [1]	result	5.05785808	0.00000512	0x00	0x00
SPI [1]	result	5.05786336	0.00000512	0x00	0x00
SPI [1]	result	5.05786864	0.00000512	0x00	0x00
SPI [1]	result	5.05787392	0.00000512	0x00	0x00
SPI [1]	result	5.05787920	0.00000512	0x00	0x0C
SPI [1]	result	5.05788448	0.00000512	0x00	0x33
SPI [1]	result	5.05788976	0.00000512	0x00	0xCA
SPI [1]	result	5.05789504	0.00000512	0x00	0x55
SPI [1]	result	5.05790032	0.00000512	0x00	0xA0
SPI [1]	result	5.05790560	0.00000512	0x00	0x00
SPI [1]	result	5.05791088	0.00000512	0x00	0x00
SPI [1]	result	5.05791616	0.00000512	0x00	0x00
SPI [1]	result	5.05792144	0.00000512	0x00	0x00
SPI [1]	result	5.05792672	0.00000512	0x00	0x00
SPI [1]	result	5.05793200	0.00000512	0x00	0x00
SPI [1]	result	5.05793728	0.00000512	0x00	0x00
SPI [1]	result	5.05794256	0.00000512	0x00	0x00
SPI [1]	result	5.05794784	0.00000512	0x00	0x00
SPI [1]	result	5.05795312	0.00000512	0x00	0x61
SPI [1]	result	5.05795840	0.00000512	0x00	0x9E
SPI [1]	result	5.05796368	0.00000512	0x00	0x52
SPI [1]	result	5.05796896	0.00000512	0x00	0xAD
SPI [1]	result	5.05797424	0.00000512	0x00	0x00
SPI [1]	result	5.05797952	0.00000512	0x00	0x00
SPI [1]	result	5.05798480	0.00000512	0x00	0x00
SPI [1]	result	5.05799008	0.00000512	0x00	0x00
SPI [1]	result	5.05799536	0.00000512	0x00	0x00
SPI [1]	result	5.05800064	0.00000512	0x00	0x00
SPI [1]	result	5.05800592	0.00000512	0x00	0x00
SPI [1]	result	5.05801120	0.00000512	0x00	0x00
SPI [1]	result	5.05801648	0.00000512	0x00	0x00
SPI [1]	result	5.05802176	0.00000512	0x00	0x06
SPI [1]	result	5.05802704	0.00000512	0x00	0x19
SPI [1]	result	5.05803232	0.00000512	0x00	0xE5
SPI [1]	result	5.05803760	0.00000512	0x00	0x2A
SPI [1]	result	5.05804288	0.00000512	0x00	0xD0
SPI [1]	result	5.05804816	0.00000512	0x00	0x00
SPI [1]	result	5.05805344	0.00000512	0x00	0x00
SPI [1]	result	5.05805872	0.00000512	0x00	0x00
SPI [1]	result	5.05806400	0.00000512	0x00	0x00
SPI [1]	result	5.05806928	0.00000512	0x5A	0x00
SPI [1]	result	5.06119893	0.00000512	0xFF	0xC3
SPI [1]	result	5.06120421	0.00000512	0x00	0x3C
SPI [1]	result	5.06120949	0.00000512	0x00	0xA5
SPI [1]	result	5.06121477	0.00000512	0x00	0x5A
SPI [1]	result	5.06122005	0.00000512	0x00	0x00
SPI [1]	result	5.06122533	0.00000512	0x00	0x00
SPI [1]	result	5.06123061	0.00000512	0x00	0x00
SPI [1]	result	5.06123589	0.00000512	0x00	0x00
SPI [1]	result	5.06124117	0.00000512	0x00	0x00
SPI [1]	result	5.06124645	0.00000512	0x00	0x00
SPI [1]	result	5.06125173	0.00000512	0x00	0x00
SPI [1]	result	5.06125701	0.00000512	0x00	0x00
SPI [1]	result	5.06126229	0.00000512	0x00	0x00
SPI [1]	result	5.06126757	0.00000512	0x00	0x0C
SPI [1]	result	5.06127285	0.00000512	0x00	0x33
SPI [1]	result	5.06127813	0.00000512	0x00	0xCA
SPI [1]	result	5.06128341	0.00000512	0x00	0x55
SPI [1]	result	5.06128869	0.00000512	0x00	0xA0
SPI [1]	result	5.06129397	0.00000512	0x00	0x00
SPI [1]	result	5.06129925	0.00000512	0x00	0x00
SPI [1]	result	5.06130453	0.00000512	0x00	0x00
SPI [1]	result	5.06130981	0.00000512	0x00	0x00
SPI [1]	result	5.06131509	0.00000512	0x00	0x00
SPI [1]	result	5.06132037	0.00000512	0x00	0x00
SPI [1]	result	5.06132565	0.00000512	0x00	0x00
SPI [1]	result	5.06133093	0.00000512	0x00	0x00
SPI [1]	result	5.06133621	0.00000512	0x00	0x00
SPI [1]	result	5.06134149	0.00000512	0x00	0xC3
SPI [1]	result	5.06134677	0.00000512	0x00	0x3C
SPI [1]	result	5.06135205	0.00000512	0x00	0xA5
SPI [1]	result	5.06135733	0.00000512	0x00	0x5A
SPI [1]	result	5.06136261	0.00000512	0x00	0x00
SPI [1]	result	5.06136789	0.00000512	0x00	0x00
SPI [1]	result	5.06137317	0.00000512	0x00	0x00
SPI [1]	result	5.06137845	0.00000512	0x00	0x00
SPI [1]	result	5.06138373	0.00000512	0x00	0x00
SPI [1]	result	5.06138901	0.00000512	0x00	0x00
SPI [1]	result	5.06139429	0.00000512	0x00	0x00
SPI [1]	result	5.06139957	0.00000512	0x00	0x00
SPI [1]	result	5.06140485	0.00000512	0x00	0x00
SPI [1]	result	5.06141013	0.00000512	0x00	0x0C
SPI [1]	result	5.06141541	0.00000512	0x00	0x33
SPI [1]	result	5.06142069	0.00000512	0x00	0xCA
SPI [1]	result	5.06142597	0.00000512	0x00	0x55
SPI [1]	result	5.06143125	0.00000512	0x00	0xA0
SPI [1]	result	5.06143653	0.00000512	0x00	0x00
SPI [1]	result	5.06144181	0.00000512	0x00	0x00
SPI [1]	result	5.06144709	0.00000512	0x00	0x00
SPI [1]	result	5.06145237	0.00000512	0x00	0x00
SPI [1]	result	5.06145765	0.00000512	0x00	0x00
SPI [1]	result	5.06146293	0.00000512	0x00	0x00
SPI [1]	result	5.06146821	0.00000512	0x00	0x00
SPI [1]	result	5.06147349	0.00000512	0x00	0x00
SPI [1]	result	5.06147877	0.00000512	0x00	0x00
SPI [1]	result	5.06148405	0.00000512	0x00	0xC3
SPI [1]	result	5.06148933	0.00000512	0x00	0x3C
SPI [1]	result	5.06149461	0.00000512	0x00	0xA5
SPI [1]	result	5.06149989	0.00000512	0x00	0x5A
SPI [1]	result	5.06150517	0.00000512	0x00	0x00
SPI [1]	result	5.06151045	0.00000512	0x00	0x00
SPI [1]	result	5.06151573	0.00000512	0x00	0x00
SPI [1]	result	5.06152101	0.00000512	0x00	0x00
SPI [1]	result	5.06152629	0.00000512	0x00	0x00
SPI [1]	result	5.06153157	0.00000512	0x00	0x00
SPI [1]	result	5.06153685	0.00000512	0x00	0x00
SPI [1]	result	5.06154213	0.00000512	0x00	0x00
SPI [1]	result	5.06154741	0.00000512	0x00	0x00
SPI [1]	result	5.06155269	0.00000512	0x00	0x0C
SPI [1]	result	5.06155797	0.00000512	0x00	0x33
SPI [1]	result	5.06156325	0.00000512	0x00	0xCA
SPI [1]	result	5.06156853	0.00000512	0x00	0x55
SPI [1]	result	5.06157381	0.00000512	0x00	0xA0
SPI [1]	result	5.06157909	0.00000512	0x00	0x00
SPI [1]	result	5.06158437	0.00000512	0x00	0x00
SPI [1]	result	5.06158965	0.00000512	0x00	0x00
SPI [1]	result	5.06159493	0.00000512	0x00	0x00
SPI [1]	result	5.06160021	0.00000512	0x00	0x00
SPI [1]	result	5.06160549	0.00000512	0x00	0x00
SPI [1]	result	5.06161077	0.00000512	0x00	0x00
SPI [1]	result	5.06161605	0.00000512	0x00	0x00
SPI [1]	result	5.06162133	0.00000512	0x00	0x00
SPI [1]	result	5.06162661	0.00000512	0x00	0xC3
SPI [1]	result	5.06163189	0.00000512	0x00	0x3C
SPI [1]	result	5.06163717	0.00000512	0x00	0xA5
SPI [1]	result	5.06164245	0.00000512	0x00	0x5A
SPI [1]	result	5.06164773	0.00000512	0x00	0x00
SPI [1]	result	5.06165301	0.00000512	0x00	0x00
SPI [1]	result	5.06165829	0.00000512	0x00	0x00
SPI [1]	result	5.06166357	0.00000512	0x00	0x00
SPI [1]	result	5.06166885	0.00000512	0x00	0x00
SPI [1]	result	5.06167413	0.00000512	0x00	0x00
SPI [1]	result	5.06167941	0.00000512	0x00	0x00
SPI [1]	result	5.06168469	0.00000512	0x00	0x00
SPI [1]	result	5.06168997	0.00000512	0x00	0x00
SPI [1]	result	5.06169525	0.00000512	0x00	0x0C
SPI [1]	result	5.06170053	0.00000512	0x00	0x33
SPI [1]	result	5.06170581	0.00000512	0x00	0xCA
SPI [1]	result	5.06171109	0.00000512	0x00	0x55
SPI [1]	result	5.06171637	0.00000512	0x00	0xA0
SPI [1]	result	5.06172165	0.00000512	0x00	0x00
SPI [1]	result	5.06172693	0.00000512	0x00	0x00
SPI [1]	result	5.06173221	0.00000512	0x00	0x00
SPI [1]	result	5.06173749	0.00000512	0x00	0x00
SPI [1]	result	5.06174277	0.00000512	0x00	0x00
SPI [1]	result	5.06174805	0.00000512	0x00	0x00
SPI [1]	result	5.06175333	0.00000512	0x00	0x00
SPI [1]	result	5.06175861	0.00000512	0x00	0x00
SPI [1]	result	5.06176389	0.00000512	0x00	0x00
SPI [1]	result	5.06176917	0.00000512	0x00	0xC3
SPI [1]	result	5.06177445	0.00000512	0x00	0x3C
SPI [1]	result	5.06177973	0.00000512	0x00	0xA5
SPI [1]	result	5.06178501	0.00000512	0x00	0x5A
SPI [1]	result	5.06179029	0.00000512	0x00	0x00
SPI [1]	result	5.06179557	0.00000512	0x00	0x00
SPI [1]	result	5.06180085	0.00000512	0x00	0x00
SPI [1]	result	5.06180613	0.00000512	0x00	0x00
SPI [1]	result	5.06181141	0.00000512	0x00	0x00
SPI [1]	result	5.06181669	0.00000512	0x00	0x00
SPI [1]	result	5.06182197	0.00000512	0x00	0x00
SPI [1]	result	5.06182725	0.00000512	0x00	0x00
SPI [1]	result	5.06183253	0.00000512	0x00	0x00
SPI [1]	result	5.06183781	0.00000512	0x00	0x0C
SPI [1]	result	5.06184309	0.00000512	0x00	0x33
SPI [1]	result	5.06184837	0.00000512	0x00	0xCA
SPI [1]	result	5.06185365	0.00000512	0x00	0x55
SPI [1]	result	5.06185893	0.00000512	0x00	0xA0
SPI [1]	result	5.06186421	0.00000512	0x00	0x00
SPI [1]	result	5.06186949	0.00000512	0x00	0x00
SPI [1]	result	5.06187477	0.00000512	0x00	0x00
SPI [1]	result	5.06188005	0.00000512	0x00	0x00
SPI [1]	result	5.06188533	0.00000512	0x5A	0x00
SPI [1]	result	5.06503498	0.00000512	0xB8	0xC3
SPI [1]	result	5.06504026	0.00000512	0x01	0x3C
SPI [1]	result	5.06504554	0.00000512	0x06	0xA5
SPI [1]	result	5.06505082	0.00000512	0x26	0x5A
SPI [1]	result	5.06583693	0.00000512	0x0B	0xC3
SPI [1]	result	5.06584221	0.00000512	0x10	0x3C
SPI [1]	result	5.06584749	0.00000512	0x80	0xA5
SPI [1]	result	5.06585277	0.00000512	0x3A	0x5A
SPI [1]	result	5.06640210	0.00000512	0x00	0xC3
SPI [1]	result	5.06640738	0.00000512	0x00	0x3C
SPI [1]	result	5.06641266	0.00000512	0x05	0xA5
SPI [1]	result	5.06641794	0.00000512	0x56	0x5A
SPI [1]	result	5.06719285	0.00000512	0x0C	0xC3
SPI [1]	result	5.06719813	0.00000512	0x00	0x3C
SPI [1]	result	5.06720341	0.00000512	0x86	0xA5
SPI [1]	result	5.06720869	0.00000512	0x0A	0x5A
SPI [1]	result	5.06777688	0.00000512	0x00	0xC3
SPI [1]	result	5.06778216	0.00000512	0x00	0x3C
SPI [1]	result	5.06778744	0.00000512	0x00	0xA5
SPI [1]	result	5.06779272	0.00000512	0x00	0x5A
SPI [1]	result	5.06835188	0.00000512	0x08	0xC3
SPI [1]	result	5.06835716	0.00000512	0x00	0x3C
SPI [1]	result	5.06836244	0.00000512	0x85	0xA5
SPI [1]	result	5.06836772	0.00000512	0x68	0x5A
SPI [1]	result	5.07145088	0.00000512	0x00	0xC3
SPI [1]	result	5.07145616	0.00000512	0x00	0x3C
SPI [1]	result	5.07146144	0.00000512	0x53	0xA5
SPI [1]	result	5.07146672	0.00000512	0x50	0x5A
SPI [1]	result	5.07147200	0.00000512	0x58	0x00
SPI [1]	result	5.07147728	0.00000512	0x31	0x00
SPI [1]	result	5.07148256	0.00000512	0x00	0x00
SPI [1]	result	5.07148784	0.00000512	0x00	0x00
SPI [1]	result	5.07149312	0.00000512	0x00	0x00
SPI [1]	result	5.07149840	0.00000512	0x00	0x00
SPI [1]	result	5.07150368	0.00000512	0x00	0x00
SPI [1]	result	5.07150896	0.00000512	0x00	0x00
SPI [1]	result	5.07151424	0.00000512	0x47	0x00
SPI [1]	result	5.07151952	0.00000512	0x46	0x0C
SPI [1]	result	5.07152480	0.00000512	0x58	0x33
SPI [1]	result	5.07153008	0.00000512	0x20	0xCA
SPI [1]	result	5.07153536	0.00000512	0x35	0x55
SPI [1]	result	5.07154064	0.00000512	0x30	0xA0
SPI [1]	result	5.07154592	0.00000512	0x53	0x00
SPI [1]	result	5.07155120	0.00000512	0x00	0x00
SPI [1]	result	5.07155648	0.00000512	0x00	0x00
SPI [1]	result	5.07156176	0.00000512	0x00	0x00
SPI [1]	result	5.07156704	0.00000512	0x00	0x00
SPI [1]	result	5.07157232	0.00000512	0x00	0x00
SPI [1]	result	5.07157760	0.00000512	0x00	0x00
SPI [1]	result	5.07158288	0.00000512	0x00	0x00
SPI [1]	result	5.07158816	0.00000512	0x00	0x00
SPI [1]	result	5.07159344	0.00000512	0x00	0xC3
SPI [1]	result	5.07159872	0.00000512	0x00	0x3C
SPI [1]	result	5.07160400	0.00000512	0x00	0xA5
SPI [1]	result	5.07160928	0.00000512	0x00	0x5A
SPI [1]	result	5.07161456	0.00000512	0x00	0x00
SPI [1]	result	5.07161984	0.00000512	0x47	0x00
SPI [1]	result	5.07162512	0.00000512	0x46	0x00
SPI [1]	result	5.07163040	0.00000512	0x58	0x00
SPI [1]	result	5.07163568	0.00000512	0x20	0x00
SPI [1]	result	5.07164096	0.00000512	0x35	0x00
SPI [1]	result	5.07164624	0.00000512	0x30	0x00
SPI [1]	result	5.07165152	0.00000512	0x53	0x00
SPI [1]	result	5.07165680	0.00000512	0x00	0x00
SPI [1]	result	5.07166208	0.00000512	0x00	0x0C
SPI [1]	result	5.07166736	0.00000512	0x00	0x33
SPI [1]	result	5.07167264	0.00000512	0x00	0xCA
SPI [1]	result	5.07167792	0.00000512	0x00	0x55
SPI [1]	result	5.07168320	0.00000512	0x00	0xA0
SPI [1]	result	5.07168848	0.00000512	0x00	0x00
SPI [1]	result	5.07169376	0.00000512	0x00	0x00
SPI [1]	result	5.07169904	0.00000512	0x35	0x00
SPI [1]	result	5.07170432	0.00000512	0x39	0x00
SPI [1]	result	5.07170960	0.00000512	0x33	0x00
SPI [1]	result	5.07171488	0.00000512	0x35	0x00
SPI [1]	result	5.07172016	0.00000512	0x33	0x00
SPI [1]	result	5.07172544	0.00000512	0x33	0x00
SPI [1]	result	5.07173072	0.00000512	0x33	0x00
SPI [1]	result	5.07173600	0.00000512	0x31	0xC3
SPI [1]	result	5.07174128	0.00000512	0x33	0x3C
SPI [1]	result	5.07174656	0.00000512	0x36	0xA5
SPI [1]	result	5.07175184	0.00000512	0x33	0x5A
SPI [1]	result	5.07175712	0.00000512	0x31	0x00
SPI [1]	result	5.07176240	0.00000512	0x31	0x00
SPI [1]	result	5.07176768	0.00000512	0x37	0x00
SPI [1]	result	5.07177296	0.00000512	0x30	0x00
SPI [1]	result	5.07177824	0.00000512	0x32	0x00
SPI [1]	result	5.07178352	0.00000512	0x31	0x00
SPI [1]	result	5.07178880	0.00000512	0x36	0x00
SPI [1]	result	5.07179408	0.00000512	0x37	0x00
SPI [1]	result	5.07179936	0.00000512	0x30	0x00
SPI [1]	result	5.07180464	0.00000512	0x32	0x0C
SPI [1]	result	5.07180992	0.00000512	0x30	0x33
SPI [1]	result	5.07181520	0.00000512	0x31	0xCA
SPI [1]	result	5.07182048	0.00000512	0x30	0x55
SPI [1]	result	5.07182576	0.00000512	0x31	0xA0
SPI [1]	result	5.07183104	0.00000512	0x31	0x00
SPI [1]	result	5.07183632	0.00000512	0x30	0x00
SPI [1]	result	5.07184160	0.00000512	0x36	0x00
SPI [1]	result	5.07184688	0.00000512	0x39	0x00
SPI [1]	result	5.07185216	0.00000512	0x41	0x00
SPI [1]	result	5.07185744	0.00000512	0x04	0x00
SPI [1]	result	5.07186272	0.00000512	0x20	0x00
SPI [1]	result	5.07186800	0.00000512	0x02	0x00
SPI [1]	result	5.07187328	0.00000512	0x16	0x00
SPI [1]	result	5.07187856	0.00000512	0x01	0xC3
SPI [1]	result	5.07188384	0.00000512	0x00	0x3C
SPI [1]	result	5.07188912	0.00000512	0x01	0xA5
SPI [1]	result	5.07189440	0.00000512	0x00	0x5A
SPI [1]	result	5.07189968	0.00000512	0x01	0x00
SPI [1]	result	5.07190496	0.00000512	0x00	0x00
SPI [1]	result	5.07191024	0.00000512	0x00	0x00
SPI [1]	result	5.07191552	0.00000512	0x00	0x00
SPI [1]	result	5.07192080	0.00000512	0x00	0x00
SPI [1]	result	5.07192608	0.00000512	0x00	0x00
SPI [1]	result	5.07193136	0.00000512	0x00	0x00
SPI [1]	result	5.07193664	0.00000512	0x00	0x00
SPI [1]	result	5.07194192	0.00000512	0x00	0x00
SPI [1]	result	5.07194720	0.00000512	0x00	0x0C
SPI [1]	result	5.07195248	0.00000512	0x00	0x33
SPI [1]	result	5.07195776	0.00000512	0x00	0xCA
SPI [1]	result	5.07196304	0.00000512	0x00	0x55
SPI [1]	result	5.07196832	0.00000512	0x00	0xA0
SPI [1]	result	5.07197360	0.00000512	0x00	0x00
SPI [1]	result	5.07197888	0.00000512	0x00	0x00
SPI [1]	result	5.07198416	0.00000512	0x00	0x00
SPI [1]	result	5.07198944	0.00000512	0x00	0x00
SPI [1]	result	5.07199472	0.00000512	0x00	0x00
SPI [1]	result	5.07200000	0.00000512	0x00	0x00
SPI [1]	result	5.07200528	0.00000512	0x00	0x00
SPI [1]	result	5.07201056	0.00000512	0x00	0x00
SPI [1]	result	5.07201584	0.00000512	0x00	0x00
SPI [1]	result	5.07202112	0.00000512	0x00	0xC3
SPI [1]	result	5.07202640	0.00000512	0x00	0x3C
SPI [1]	result	5.07203168	0.00000512	0x00	0xA5
SPI [1]	result	5.07203696	0.00000512	0x00	0x5A
SPI [1]	result	5.07204224	0.00000512	0x00	0x00
SPI [1]	result	5.07204752	0.00000512	0x00	0x00
SPI [1]	result	5.07205280	0.00000512	0x00	0x00
SPI [1]	result	5.07205808	0.00000512	0x00	0x00
SPI [1]	result	5.07206336	0.00000512	0x00	0x00
SPI [1]	result	5.07206864	0.00000512	0x00	0x00
SPI [1]	result	5.07207392	0.00000512	0x00	0x00
SPI [1]	result	5.07207920	0.00000512	0x00	0x00
SPI [1]	result	5.07208448	0.00000512	0x00	0x00
SPI [1]	result	5.07208976	0.00000512	0x00	0x0C
SPI [1]	result	5.07209504	0.00000512	0x00	0x33
SPI [1]	result	5.07210032	0.00000512	0x00	0xCA
SPI [1]	result	5.07210560	0.00000512	0x00	0x55
SPI [1]	result	5.07211088	0.00000512	0x00	0xA0
SPI [1]	result	5.07211616	0.00000512	0x00	0x00
SPI [1]	result	5.07212144	0.00000512	0x00	0x00
SPI [1]	result	5.07212672	0.00000512	0x00	0x00
SPI [1]	result	5.07213200	0.00000512	0x00	0x00
SPI [1]	result	5.07213728	0.00000512	0xEF	0x00
SPI [1]	result	5.07526309	0.00000512	0xFF	0xC3
SPI [1]	result	5.07526837	0.00000512	0xFF	0x3C
SPI [1]	result	5.07527365	0.00000512	0x53	0xA5
SPI [1]	result	5.07527893	0.00000512	0x50	0x5A
SPI [1]	result	5.07528421	0.00000512	0x58	0x00
SPI [1]	result	5.07528949	0.00000512	0x31	0x00
SPI [1]	result	5.07529477	0.00000512	0x00	0x00
SPI [1]	result	5.07530005	0.00000512	0x00	0x00
SPI [1]	result	5.07530533	0.00000512	0x00	0x00
SPI [1]	result	5.07531061	0.00000512	0x00	0x00
SPI [1]	result	5.07531589	0.00000512	0x00	0x00
SPI [1]	result	5.07532117	0.00000512	0x00	0x00
SPI [1]	result	5.07532645	0.00000512	0x47	0x00
SPI [1]	result	5.07533173	0.00000512	0x46	0x0C
SPI [1]	result	5.07533701	0.00000512	0x58	0x33
SPI [1]	result	5.07534229	0.00000512	0x20	0xCA
SPI [1]	result	5.07534757	0.00000512	0x35	0x55
SPI [1]	result	5.07535285	0.00000512	0x30	0xA0
SPI [1]	result	5.07535813	0.00000512	0x53	0x00
SPI [1]	result	5.07536341	0.00000512	0x00	0x00
SPI [1]	result	5.07536869	0.00000512	0x00	0x00
SPI [1]	result	5.07537397	0.00000512	0x00	0x00
SPI [1]	result	5.07537925	0.00000512	0x00	0x00
SPI [1]	result	5.07538453	0.00000512	0x00	0x00
SPI [1]	result	5.07538981	0.00000512	0x00	0x00
SPI [1]	result	5.07539509	0.00000512	0x00	0x00
SPI [1]	result	5.07540037	0.00000512	0x00	0x00
SPI [1]	result	5.07540565	0.00000512	0x00	0x61
SPI [1]	result	5.07541093	0.00000512	0x00	0x9E
SPI [1]	result	5.07541621	0.00000512	0x00	0x52
SPI [1]	result	5.07542149	0.00000512	0x00	0xAD
SPI [1]	result	5.07542677	0.00000512	0x00	0x00
SPI [1]	result	5.07543205	0.00000512	0x47	0x00
SPI [1]	result	5.07543733	0.00000512	0x46	0x00
SPI [1]	result	5.07544261	0.00000512	0x58	0x00
SPI [1]	result	5.07544789	0.00000512	0x20	0x00
SPI [1]	result	5.07545317	0.00000512	0x35	0x00
SPI [1]	result	5.07545845	0.00000512	0x30	0x00
SPI [1]	result	5.07546373	0.00000512	0x53	0x00
SPI [1]	result	5.07546901	0.00000512	0x00	0x00
SPI [1]	result	5.07547429	0.00000512	0x00	0x01
SPI [1]	result	5.07547957	0.00000512	0x00	0x86
SPI [1]	result	5.07548485	0.00000512	0x00	0x79
SPI [1]	result	5.07549013	0.00000512	0x00	0x4A
SPI [1]	result	5.07549541	0.00000512	0x00	0xB4
SPI [1]	result	5.07550069	0.00000512	0x00	0x00
SPI [1]	result	5.07550597	0.00000512	0x00	0x00
SPI [1]	result	5.07551125	0.00000512	0x35	0x00
SPI [1]	result	5.07551653	0.00000512	0x39	0x00
SPI [1]	result	5.07552181	0.00000512	0x33	0x00
SPI [1]	result	5.07552709	0.00000512	0x35	0x00
SPI [1]	result	5.07553237	0.00000512	0x33	0x00
SPI [1]	result	5.07553765	0.00000512	0x33	0x00
SPI [1]	result	5.07554293	0.00000512	0x33	0x00
SPI [1]	result	5.07554821	0.00000512	0x31	0x18
SPI [1]	result	5.07555349	0.00000512	0x33	0x67
SPI [1]	result	5.07555877	0.00000512	0x36	0x94
SPI [1]	result	5.07556405	0.00000512	0x33	0xAB
SPI [1]	result	5.07556933	0.00000512	0x31	0x40
SPI [1]	result	5.07557461	0.00000512	0x31	0x00
SPI [1]	result	5.07557989	0.00000512	0x37	0x00
SPI [1]	result	5.07558517	0.00000512	0x30	0x00
SPI [1]	result	5.07559045	0.00000512	0x32	0x00
SPI [1]	result	5.07559573	0.00000512	0x31	0x00
SPI [1]	result	5.07560101	0.00000512	0x36	0x00
SPI [1]	result	5.07560629	0.00000512	0x37	0x00
SPI [1]	result	5.07561157	0.00000512	0x30	0x00
SPI [1]	result	5.07561685	0.00000512	0x32	0x01
SPI [1]	result	5.07562213	0.00000512	0x30	0x86
SPI [1]	result	5.07562741	0.00000512	0x31	0x79
SPI [1]	result	5.07563269	0.00000512	0x30	0x4A
SPI [1]	result	5.07563797	0.00000512	0x31	0xB4
SPI [1]	result	5.07564325	0.00000512	0x31	0x00
SPI [1]	result	5.07564853	0.00000512	0x30	0x00
SPI [1]	result	5.07565381	0.00000512	0x36	0x00
SPI [1]	result	5.07565909	0.00000512	0x39	0x00
SPI [1]	result	5.07566437	0.00000512	0x41	0x00
SPI [1]	result	5.07566965	0.00000512	0x04	0x00
SPI [1]	result	5.07567493	0.00000512	0x20	0x00
SPI [1]	result	5.07568021	0.00000512	0x02	0x00
SPI [1]	result	5.07568549	0.00000512	0x16	0x00
SPI [1]	result	5.07569077	0.00000512	0x01	0x18
SPI [1]	result	5.07569605	0.00000512	0x00	0x67
SPI [1]	result	5.07570133	0.00000512	0x01	0x94
SPI [1]	result	5.07570661	0.00000512	0x00	0xAB
SPI [1]	result	5.07571189	0.00000512	0x01	0x40
SPI [1]	result	5.07571717	0.00000512	0x00	0x00
SPI [1]	result	5.07572245	0.00000512	0x00	0x00
SPI [1]	result	5.07572773	0.00000512	0x00	0x00
SPI [1]	result	5.07573301	0.00000512	0x00	0x00
SPI [1]	result	5.07573829	0.00000512	0x00	0x00
SPI [1]	result	5.07574357	0.00000512	0x00	0x00
SPI [1]	result	5.07574885	0.00000512	0x00	0x00
SPI [1]	result	5.07575413	0.00000512	0x00	0x00
SPI [1]	result	5.07575941	0.00000512	0x00	0x01
SPI [1]	result	5.07576469	0.00000512	0x00	0x86
SPI [1]	result	5.07576997	0.00000512	0x00	0x79
SPI [1]	result	5.07577525	0.00000512	0x00	0x4A
SPI [1]	result	5.07578053	0.00000512	0x00	0xB4
SPI [1]	result	5.07578581	0.00000512	0x00	0x00
SPI [1]	result	5.07579109	0.00000512	0x00	0x00
SPI [1]	result	5.07579637	0.00000512	0x00	0x00
SPI [1]	result	5.07580165	0.00000512	0x00	0x00
SPI [1]	result	5.07580693	0.00000512	0x00	0x00
SPI [1]	result	5.07581221	0.00000512	0x00	0x00
SPI [1]	result	5.07581749	0.00000512	0x00	0x00
SPI [1]	result	5.07582277	0.00000512	0x00	0x00
SPI [1]	result	5.07582805	0.00000512	0x00	0x00
SPI [1]	result	5.07583333	0.00000512	0x00	0x18
SPI [1]	result	5.07583861	0.00000512	0x00	0x67
SPI [1]	result	5.07584389	0.00000512	0x00	0x94
SPI [1]	result	5.07584917	0.00000512	0x00	0xAB
SPI [1]	result	5.07585445	0.00000512	0x00	0x40
SPI [1]	result	5.07585973	0.00000512	0x00	0x00
SPI [1]	result	5.07586501	0.00000512	0x00	0x00
SPI [1]	result	5.07587029	0.00000512	0x00	0x00
SPI [1]	result	5.07587557	0.00000512	0x00	0x00
SPI [1]	result	5.07588085	0.00000512	0x00	0x00
SPI [1]	result	5.07588613	0.00000512	0x00	0x00
SPI [1]	result	5.07589141	0.00000512	0x00	0x00
SPI [1]	result	5.07589669	0.00000512	0x00	0x00
SPI [1]	result	5.07590197	0.00000512	0x00	0x01
SPI [1]	result	5.07590725	0.00000512	0x00	0x86
SPI [1]	result	5.07591253	0.00000512	0x00	0x79
SPI [1]	result	5.07591781	0.00000512	0x00	0x4A
SPI [1]	result	5.07592309	0.00000512	0x00	0xB4
SPI [1]	result	5.07592837	0.00000512	0x00	0x00
SPI [1]	result	5.07593365	0.00000512	0x00	0x00
SPI [1]	result	5.07593893	0.00000512	0x00	0x00
SPI [1]	result	5.07594421	0.00000512	0x00	0x00
SPI [1]	result	5.07594949	0.00000512	0xED	0x00
SPI [1]	result	5.07907825	0.00000512	0x00	0xC3
SPI [1]	result	5.07908353	0.00000512	0x00	0x3C
SPI [1]	result	5.07908881	0.00000512	0x05	0xA5
SPI [1]	result	5.07909409	0.00000512	0x96	0x5A
SPI [1]	result	5.07988489	0.00000512	0x0D	0xC3
SPI [1]	result	5.07989017	0.00000512	0x10	0x3C
SPI [1]	result	5.07989545	0.00000512	0x80	0xA5
SPI [1]	result	5.07990073	0.00000512	0x0A	0x5A
SPI [1]	result	5.08045200	0.00000512	0x00	0xC3
SPI [1]	result	5.08045728	0.00000512	0x00	0x3C
SPI [1]	result	5.08046256	0.00000512	0x00	0xA5
SPI [1]	result	5.08046784	0.00000512	0x00	0x5A
SPI [1]	result	5.08102890	0.00000512	0x08	0xC3
SPI [1]	result	5.08103418	0.00000512	0x00	0x3C
SPI [1]	result	5.08103946	0.00000512	0x85	0xA5
SPI [1]	result	5.08104474	0.00000512	0xA8	0x5A
SPI [1]	result	5.08161877	0.00000512	0x00	0xC3
SPI [1]	result	5.08162405	0.00000512	0x00	0x3C
SPI [1]	result	5.08162933	0.00000512	0x08	0xA5
SPI [1]	result	5.08163461	0.00000512	0x20	0x5A
SPI [1]	result	5.08241380	0.00000512	0x0E	0xC3
SPI [1]	result	5.08241908	0.00000512	0x10	0x3C
SPI [1]	result	5.08242436	0.00000512	0x80	0xA5
SPI [1]	result	5.08242964	0.00000512	0x12	0x5A
SPI [1]	result	5.08298496	0.00000512	0x00	0xC3
SPI [1]	result	5.08299024	0.00000512	0x00	0x3C
SPI [1]	result	5.08299552	0.00000512	0x00	0xA5
SPI [1]	result	5.08300080	0.00000512	0x00	0x5A
SPI [1]	result	5.08355781	0.00000512	0x08	0xC3
SPI [1]	result	5.08356309	0.00000512	0x00	0x3C
SPI [1]	result	5.08356837	0.00000512	0x88	0xA5
SPI [1]	result	5.08357365	0.00000512	0x32	0x5A
SPI [1]	result	5.08415583	0.00000512	0x00	0xC3
SPI [1]	result	5.08416111	0.00000512	0x00	0x3C
SPI [1]	result	5.08416639	0.00000512	0x0C	0xA5
SPI [1]	result	5.08417167	0.00000512	0x30	0x5A
SPI [1]	result	5.08495091	0.00000512	0x0F	0xC3
SPI [1]	result	5.08495619	0.00000512	0x10	0x3C
SPI [1]	result	5.08496147	0.00000512	0x80	0xA5
SPI [1]	result	5.08496675	0.00000512	0x1A	0x5A
SPI [1]	result	5.08552087	0.00000512	0x00	0xC3
SPI [1]	result	5.08552615	0.00000512	0x00	0x3C
SPI [1]	result	5.08553143	0.00000512	0x0C	0xA5
SPI [1]	result	5.08553671	0.00000512	0x72	0x5A
SPI [1]	result	5.08631288	0.00000512	0x08	0xC3
SPI [1]	result	5.08631816	0.00000512	0x00	0x3C
SPI [1]	result	5.08632344	0.00000512	0x8C	0xA5
SPI [1]	result	5.08632872	0.00000512	0x02	0x5A
SPI [1]	result	5.08690590	0.00000512	0x00	0xC3
SPI [1]	result	5.08691118	0.00000512	0x00	0x3C
SPI [1]	result	5.08691646	0.00000512	0x00	0xA5
SPI [1]	result	5.08692174	0.00000512	0x00	0x5A
SPI [1]	result	5.08748184	0.00000512	0x08	0xC3
SPI [1]	result	5.08748712	0.00000512	0x00	0x3C
SPI [1]	result	5.08749240	0.00000512	0x8C	0xA5
SPI [1]	result	5.08749768	0.00000512	0x44	0x5A
SPI [1]	result	5.12262871	0.00000512	0x00	0xC3
SPI [1]	result	5.12263399	0.00000512	0x00	0x3C
SPI [1]	result	5.12263927	0.00000512	0x08	0xA5
SPI [1]	result	5.12264455	0.00000512	0x20	0x5A
SPI [1]	result	5.12341836	0.00000512	0x09	0xC3
SPI [1]	result	5.12342364	0.00000512	0x10	0x3C
SPI [1]	result	5.12342892	0.00000512	0x80	0xA5
SPI [1]	result	5.12343420	0.00000512	0x2A	0x5A
SPI [1]	result	5.12399212	0.00000512	0x00	0xC3
SPI [1]	result	5.12399740	0.00000512	0x00	0x3C
SPI [1]	result	5.12400268	0.00000512	0x00	0xA5
SPI [1]	result	5.12400796	0.00000512	0x00	0x5A
SPI [1]	result	5.12455712	0.00000512	0x08	0xC3
SPI [1]	result	5.12456240	0.00000512	0x00	0x3C
SPI [1]	result	5.12456768	0.00000512	0x88	0xA5
SPI [1]	result	5.12457296	0.00000512	0x32	0x5A
SPI [1]	result	5.18514437	0.00000512	0x00	0xC3
SPI [1]	result	5.18514965	0.00000512	0x00	0x3C
SPI [1]	result	5.18515493	0.00000512	0x08	0xA5
SPI [1]	result	5.18516021	0.00000512	0x20	0x5A
SPI [1]	result	5.18562135	0.00000512	0x0A	0xC3
SPI [1]	result	5.18562663	0.00000512	0x10	0x3C
SPI [1]	result	5.18563191	0.00000512	0x80	0xA5
SPI [1]	result	5.18563719	0.00000512	0x32	0x5A
SPI [1]	result	5.18590514	0.00000512	0x00	0xC3
SPI [1]	result	5.18591042	0.00000512	0x00	0x3C
SPI [1]	result	5.18591570	0.00000512	0x00	0xA5
SPI [1]	result	5.18592098	0.00000512	0x00	0x5A
SPI [1]	result	5.18618537	0.00000512	0x08	0xC3
SPI [1]	result	5.18619065	0.00000512	0x00	0x3C
SPI [1]	result	5.18619593	0.00000512	0x88	0xA5
SPI [1]	result	5.18620121	0.00000512	0x32	0x5A
SPI [1]	result	5.20000771	0.00000512	0x00	0xC3
SPI [1]	result	5.20001299	0.00000512	0x00	0x3C
SPI [1]	result	5.20001827	0.00000512	0x20	0xA5
SPI [1]	result	5.20002355	0.00000512	0x04	0x5A
SPI [1]	result	5.20214594	0.00000512	0x0B	0xC3
SPI [1]	result	5.20215122	0.00000512	0x10	0x3C
SPI [1]	result	5.20215650	0.00000512	0x80	0xA5
SPI [1]	result	5.20216178	0.00000512	0x3A	0x5A
SPI [1]	result	5.20231592	0.00000512	0x00	0xC3
SPI [1]	result	5.20232120	0.00000512	0x00	0x3C
SPI [1]	result	5.20232648	0.00000512	0x3F	0xA5
SPI [1]	result	5.20233176	0.00000512	0xC6	0x5A
SPI [1]	result	5.20244523	0.00000512	0x0C	0xC3
SPI [1]	result	5.20245051	0.00000512	0x00	0x3C
SPI [1]	result	5.20245579	0.00000512	0xA0	0xA5
SPI [1]	result	5.20246107	0.00000512	0x36	0x5A
SPI [1]	result	5.20256784	0.00000512	0x00	0xC3
SPI [1]	result	5.20257312	0.00000512	0x00	0x3C
SPI [1]	result	5.20257840	0.00000512	0x00	0x00
SPI [1]	result	5.20258368	0.00000512	0x00	0x00
SPI [1]	result	5.20270429	0.00000512	0x08	0xC3
SPI [1]	result	5.20270957	0.00000512	0x00	0x3C
SPI [1]	result	5.20271485	0.00000512	0xBF	0xA5
SPI [1]	result	5.20272013	0.00000512	0xD8	0x5A
SPI [1]	result	5.20289705	0.00000512	0x00	0xC3
SPI [1]	result	5.20290233	0.00000512	0x02	0x3C
SPI [1]	result	5.20290761	0.00000512	0x2A	0xA5
SPI [1]	result	5.20291289	0.00000512	0x2E	0x5A
SPI [1]	result	5.20304421	0.00000512	0x0D	0xC3
SPI [1]	result	5.20304949	0.00000512	0x10	0x3C
SPI [1]	result	5.20305477	0.00000512	0x80	0xA5
SPI [1]	result	5.20306005	0.00000512	0x0A	0x5A
SPI [1]	result	5.20319733	0.00000512	0x00	0xC3
SPI [1]	result	5.20320261	0.00000512	0x00	0x3C
SPI [1]	result	5.20320789	0.00000512	0x3F	0xA5
SPI [1]	result	5.20321317	0.00000512	0xC6	0x5A
SPI [1]	result	5.20340294	0.00000512	0x0E	0xC3
SPI [1]	result	5.20340822	0.00000512	0x00	0x3C
SPI [1]	result	5.20341350	0.00000512	0xAA	0xA5
SPI [1]	result	5.20341878	0.00000512	0x2E	0x5A
SPI [1]	result	5.20370689	0.00000512	0x00	0xC3
SPI [1]	result	5.20371217	0.00000512	0x00	0x3C
SPI [1]	result	5.20371745	0.00000512	0x00	0xA5
SPI [1]	result	5.20372273	0.00000512	0x00	0x5A
SPI [1]	result	5.20399291	0.00000512	0x08	0xC3
SPI [1]	result	5.20399819	0.00000512	0x00	0x3C
SPI [1]	result	5.20400347	0.00000512	0xBF	0xA5
SPI [1]	result	5.20400875	0.00000512	0xD8	0x5A
SPI [1]	result	5.22510566	0.00000512	0x00	0xC3
SPI [1]	result	5.22511094	0.00000512	0x00	0x3C
SPI [1]	result	5.22511622	0.00000512	0x08	0xA5
SPI [1]	result	5.22512150	0.00000512	0x20	0x5A
SPI [1]	result	5.22558570	0.00000512	0x0F	0xC3
SPI [1]	result	5.22559098	0.00000512	0x10	0x3C
SPI [1]	result	5.22559626	0.00000512	0x80	0xA5
SPI [1]	result	5.22560154	0.00000512	0x1A	0x5A
SPI [1]	result	5.22587241	0.00000512	0x00	0xC3
SPI [1]	result	5.22587769	0.00000512	0x00	0x3C
SPI [1]	result	5.22588297	0.00000512	0x00	0xA5
SPI [1]	result	5.22588825	0.00000512	0x00	0x5A
SPI [1]	result	5.22614734	0.00000512	0x08	0xC3
SPI [1]	result	5.22615262	0.00000512	0x00	0x3C
SPI [1]	result	5.22615790	0.00000512	0x88	0xA5
SPI [1]	result	5.22616318	0.00000512	0x32	0x5A
SPI [1]	result	5.22644411	0.00000512	0x00	0xC3
SPI [1]	result	5.22644939	0.00000512	0x00	0x3C
SPI [1]	result	5.22645467	0.00000512	0x0C	0xA5
SPI [1]	result	5.22645995	0.00000512	0xB2	0x5A
SPI [1]	result	5.22691717	0.00000512	0x08	0xC3
SPI [1]	result	5.22692245	0.00000512	0x10	0x3C
SPI [1]	result	5.22692773	0.00000512	0x80	0xA5
SPI [1]	result	5.22693301	0.00000512	0x22	0x5A
SPI [1]	result	5.22720217	0.00000512	0x00	0xC3
SPI [1]	result	5.22720745	0.00000512	0x00	0x3C
SPI [1]	result	5.22721273	0.00000512	0x0C	0xA5
SPI [1]	result	5.22721801	0.00000512	0x30	0x5A
SPI [1]	result	5.22765944	0.00000512	0x09	0xC3
SPI [1]	result	5.22766472	0.00000512	0x00	0x3C
SPI [1]	result	5.22767000	0.00000512	0x8C	0xA5
SPI [1]	result	5.22767528	0.00000512	0x8C	0x5A
SPI [1]	result	5.22795107	0.00000512	0x00	0xC3
SPI [1]	result	5.22795635	0.00000512	0x00	0x3C
SPI [1]	result	5.22796163	0.00000512	0x00	0xA5
SPI [1]	result	5.22796691	0.00000512	0x00	0x5A
SPI [1]	result	5.22824193	0.00000512	0x08	0xC3
SPI [1]	result	5.22824721	0.00000512	0x00	0x3C
SPI [1]	result	5.22825249	0.00000512	0x8C	0xA5
SPI [1]	result	5.22825777	0.00000512	0x02	0x5A
