name	type	start_time	duration	mosi	miso
SPI [1]	result	0.00023600	0.00000512	0x00	0x00
SPI [1]	result	0.00024128	0.00000512	0x00	0x00
SPI [1]	result	0.00024656	0.00000512	0x3F	0x00
SPI [1]	result	0.00025184	0.00000512	0xC6	0x00
SPI [1]	result	0.00109814	0.00000512	0x08	0x08
SPI [1]	result	0.00110342	0.00000512	0x10	0x00
SPI [1]	result	0.00110870	0.00000512	0x80	0xBF
SPI [1]	result	0.00111398	0.00000512	0x22	0xD8
SPI [1]	result	0.00445042	0.00000512	0x00	0x00
SPI [1]	result	0.00445570	0.00000512	0x00	0x00
SPI [1]	result	0.00446098	0.00000512	0x00	0x3F
SPI [1]	result	0.00446626	0.00000512	0x00	0xC6
SPI [1]	result	0.00529605	0.00000512	0x08	0x08
SPI [1]	result	0.00530133	0.00000512	0x00	0x00
SPI [1]	result	0.00530661	0.00000512	0xBF	0x80
SPI [1]	result	0.00531189	0.00000512	0xD8	0x12
SPI [1]	result	0.00784951	0.00000512	0xB8	0x00
SPI [1]	result	0.00785479	0.00000512	0x01	0x00
SPI [1]	result	0.00786007	0.00000512	0x06	0x00
SPI [1]	result	0.00786535	0.00000512	0x26	0x00
SPI [1]	result	0.00864745	0.00000512	0x09	0x08
SPI [1]	result	0.00865273	0.00000512	0x10	0x00
SPI [1]	result	0.00865801	0.00000512	0x80	0x86
SPI [1]	result	0.00866329	0.00000512	0x2A	0x2A
SPI [1]	result	0.00922614	0.00000512	0x00	0xB8
SPI [1]	result	0.00923142	0.00000512	0x00	0x01
SPI [1]	result	0.00923670	0.00000512	0x05	0x06
SPI [1]	result	0.00924198	0.00000512	0x14	0x26
SPI [1]	result	0.01001310	0.00000512	0x0A	0x09
SPI [1]	result	0.01001838	0.00000512	0x00	0x00
SPI [1]	result	0.01002366	0.00000512	0x86	0x85
SPI [1]	result	0.01002894	0.00000512	0x3A	0x2E
SPI [1]	result	0.01059978	0.00000512	0x00	0x00
SPI [1]	result	0.01060506	0.00000512	0x00	0x00
SPI [1]	result	0.01061034	0.00000512	0x00	0x05
SPI [1]	result	0.01061562	0.00000512	0x00	0x14
SPI [1]	result	0.01116166	0.00000512	0x08	0x0A
SPI [1]	result	0.01116694	0.00000512	0x00	0x00
SPI [1]	result	0.01117222	0.00000512	0x85	0x80
SPI [1]	result	0.01117750	0.00000512	0x26	0x22
SPI [1]	result	0.01425380	0.00000512	0xFF	0x00
SPI [1]	result	0.01425908	0.00000512	0xFF	0x00
SPI [1]	result	0.01426436	0.00000512	0x00	0x4C
SPI [1]	result	0.01426964	0.00000512	0x00	0x52
SPI [1]	result	0.01427492	0.00000512	0x00	0x31
SPI [1]	result	0.01428020	0.00000512	0x00	0x30
SPI [1]	result	0.01428548	0.00000512	0x00	0x37
SPI [1]	result	0.01429076	0.00000512	0x00	0x41
SPI [1]	result	0.01429604	0.00000512	0x00	0x00
SPI [1]	result	0.01430132	0.00000512	0x00	0x00
SPI [1]	result	0.01430660	0.00000512	0x00	0x46
SPI [1]	result	0.01431188	0.00000512	0x00	0x53
SPI [1]	result	0.01431716	0.00000512	0x00	0x53
SPI [1]	result	0.01432244	0.00000512	0x00	0x47
SPI [1]	result	0.01432772	0.00000512	0x00	0x57
SPI [1]	result	0.01433300	0.00000512	0x00	0x35
SPI [1]	result	0.01433828	0.00000512	0x00	0x30
SPI [1]	result	0.01434356	0.00000512	0x00	0x37
SPI [1]	result	0.01434884	0.00000512	0x00	0x47
SPI [1]	result	0.01435412	0.00000512	0x00	0x46
SPI [1]	result	0.01435940	0.00000512	0x00	0x32
SPI [1]	result	0.01436468	0.00000512	0x00	0x35
SPI [1]	result	0.01436996	0.00000512	0x00	0x30
SPI [1]	result	0.01437524	0.00000512	0x00	0x6D
SPI [1]	result	0.01438052	0.00000512	0x00	0x6D
SPI [1]	result	0.01438580	0.00000512	0x00	0x46
SPI [1]	result	0.01439108	0.00000512	0x00	0x34
SPI [1]	result	0.01439636	0.00000512	0x00	0x20
SPI [1]	result	0.01440164	0.00000512	0x00	0x52
SPI [1]	result	0.01440692	0.00000512	0x00	0x20
SPI [1]	result	0.01441220	0.00000512	0x00	0x4C
SPI [1]	result	0.01441748	0.00000512	0x00	0x4D
SPI [1]	result	0.01442276	0.00000512	0x00	0x20
SPI [1]	result	0.01442804	0.00000512	0x00	0x4F
SPI [1]	result	0.01443332	0.00000512	0x00	0x49
SPI [1]	result	0.01443860	0.00000512	0x00	0x53
SPI [1]	result	0.01444388	0.00000512	0x00	0x20
SPI [1]	result	0.01444916	0.00000512	0x00	0x57
SPI [1]	result	0.01445444	0.00000512	0x00	0x52
SPI [1]	result	0.01445972	0.00000512	0x00	0x00
SPI [1]	result	0.01446500	0.00000512	0x00	0x00
SPI [1]	result	0.01447028	0.00000512	0x00	0x00
SPI [1]	result	0.01447556	0.00000512	0x00	0x00
SPI [1]	result	0.01448084	0.00000512	0x00	0x00
SPI [1]	result	0.01448612	0.00000512	0x00	0x00
SPI [1]	result	0.01449140	0.00000512	0x00	0x00
SPI [1]	result	0.01449668	0.00000512	0x00	0x00
SPI [1]	result	0.01450196	0.00000512	0x00	0x00
SPI [1]	result	0.01450724	0.00000512	0x00	0x00
SPI [1]	result	0.01451252	0.00000512	0x00	0x00
SPI [1]	result	0.01451780	0.00000512	0x00	0x00
SPI [1]	result	0.01452308	0.00000512	0x00	0x00
SPI [1]	result	0.01452836	0.00000512	0x00	0x00
SPI [1]	result	0.01453364	0.00000512	0x00	0x00
SPI [1]	result	0.01453892	0.00000512	0x00	0x00
SPI [1]	result	0.01454420	0.00000512	0x00	0x00
SPI [1]	result	0.01454948	0.00000512	0x00	0x00
SPI [1]	result	0.01455476	0.00000512	0x00	0x00
SPI [1]	result	0.01456004	0.00000512	0x00	0x00
SPI [1]	result	0.01456532	0.00000512	0x00	0x00
SPI [1]	result	0.01457060	0.00000512	0x00	0x00
SPI [1]	result	0.01457588	0.00000512	0x00	0x00
SPI [1]	result	0.01458116	0.00000512	0x00	0x00
SPI [1]	result	0.01458644	0.00000512	0x00	0x00
SPI [1]	result	0.01459172	0.00000512	0x00	0x00
SPI [1]	result	0.01459700	0.00000512	0x00	0x00
SPI [1]	result	0.01460228	0.00000512	0x00	0x00
SPI [1]	result	0.01460756	0.00000512	0x00	0x00
SPI [1]	result	0.01461284	0.00000512	0x00	0x00
SPI [1]	result	0.01461812	0.00000512	0x00	0x00
SPI [1]	result	0.01462340	0.00000512	0x00	0x00
SPI [1]	result	0.01462868	0.00000512	0x00	0x00
SPI [1]	result	0.01463396	0.00000512	0x00	0x00
SPI [1]	result	0.01463924	0.00000512	0x00	0x00
SPI [1]	result	0.01464452	0.00000512	0x00	0x00
SPI [1]	result	0.01464980	0.00000512	0x00	0x00
SPI [1]	result	0.01465508	0.00000512	0x00	0x00
SPI [1]	result	0.01466036	0.00000512	0x00	0x00
SPI [1]	result	0.01466564	0.00000512	0x00	0x00
SPI [1]	result	0.01467092	0.00000512	0x00	0x00
SPI [1]	result	0.01467620	0.00000512	0x00	0x00
SPI [1]	result	0.01468148	0.00000512	0x00	0x00
SPI [1]	result	0.01468676	0.00000512	0x00	0x32
SPI [1]	result	0.01469204	0.00000512	0x00	0x37
SPI [1]	result	0.01469732	0.00000512	0x00	0x43
SPI [1]	result	0.01470260	0.00000512	0x00	0x30
SPI [1]	result	0.01470788	0.00000512	0x00	0x30
SPI [1]	result	0.01471316	0.00000512	0x00	0x30
SPI [1]	result	0.01471844	0.00000512	0x00	0x37
SPI [1]	result	0.01472372	0.00000512	0x00	0x35
SPI [1]	result	0.01472900	0.00000512	0x00	0x00
SPI [1]	result	0.01473428	0.00000512	0x00	0x00
SPI [1]	result	0.01473956	0.00000512	0x00	0x01
SPI [1]	result	0.01474484	0.00000512	0x00	0x80
SPI [1]	result	0.01475012	0.00000512	0x00	0x01
SPI [1]	result	0.01475540	0.00000512	0x00	0x11
SPI [1]	result	0.01476068	0.00000512	0x00	0x01
SPI [1]	result	0.01476596	0.00000512	0x00	0x10
SPI [1]	result	0.01477124	0.00000512	0x00	0x01
SPI [1]	result	0.01477652	0.00000512	0x00	0x10
SPI [1]	result	0.01478180	0.00000512	0x00	0x01
SPI [1]	result	0.01478708	0.00000512	0x00	0x10
SPI [1]	result	0.01479236	0.00000512	0x00	0xC8
SPI [1]	result	0.01479764	0.00000512	0x00	0x09
SPI [1]	result	0.01480292	0.00000512	0x00	0x00
SPI [1]	result	0.01480820	0.00000512	0x00	0x00
SPI [1]	result	0.01481348	0.00000512	0x00	0x00
SPI [1]	result	0.01481876	0.00000512	0x00	0x00
SPI [1]	result	0.01482404	0.00000512	0x00	0x00
SPI [1]	result	0.01482932	0.00000512	0x00	0x00
SPI [1]	result	0.01483460	0.00000512	0x00	0x00
SPI [1]	result	0.01483988	0.00000512	0x00	0x00
SPI [1]	result	0.01484516	0.00000512	0x00	0x00
SPI [1]	result	0.01485044	0.00000512	0x00	0x00
SPI [1]	result	0.01485572	0.00000512	0x00	0x00
SPI [1]	result	0.01486100	0.00000512	0x00	0x00
SPI [1]	result	0.01486628	0.00000512	0x00	0x00
SPI [1]	result	0.01487156	0.00000512	0x00	0x00
SPI [1]	result	0.01487684	0.00000512	0x00	0x00
SPI [1]	result	0.01488212	0.00000512	0x00	0x00
SPI [1]	result	0.01488740	0.00000512	0x00	0x00
SPI [1]	result	0.01489268	0.00000512	0x00	0x00
SPI [1]	result	0.01489796	0.00000512	0x00	0x00
SPI [1]	result	0.01490324	0.00000512	0x00	0x00
SPI [1]	result	0.01490852	0.00000512	0x00	0x00
SPI [1]	result	0.01491380	0.00000512	0x00	0x00
SPI [1]	result	0.01491908	0.00000512	0x00	0x00
SPI [1]	result	0.01492436	0.00000512	0x00	0x00
SPI [1]	result	0.01492964	0.00000512	0x00	0x00
SPI [1]	result	0.01493492	0.00000512	0x00	0x00
SPI [1]	result	0.01494020	0.00000512	0x5A	0x53
SPI [1]	result	0.01806976	0.00000512	0xFF	0xFF
SPI [1]	result	0.01807504	0.00000512	0x00	0xFF
SPI [1]	result	0.01808032	0.00000512	0x00	0x4C
SPI [1]	result	0.01808560	0.00000512	0x00	0x52
SPI [1]	result	0.01809088	0.00000512	0x00	0x31
SPI [1]	result	0.01809616	0.00000512	0x00	0x30
SPI [1]	result	0.01810144	0.00000512	0x00	0x37
SPI [1]	result	0.01810672	0.00000512	0x00	0x41
SPI [1]	result	0.01811200	0.00000512	0x00	0x00
SPI [1]	result	0.01811728	0.00000512	0x00	0x00
SPI [1]	result	0.01812256	0.00000512	0x00	0x46
SPI [1]	result	0.01812784	0.00000512	0x00	0x53
SPI [1]	result	0.01813312	0.00000512	0x00	0x53
SPI [1]	result	0.01813840	0.00000512	0x00	0x47
SPI [1]	result	0.01814368	0.00000512	0x00	0x57
SPI [1]	result	0.01814896	0.00000512	0x00	0x35
SPI [1]	result	0.01815424	0.00000512	0x00	0x30
SPI [1]	result	0.01815952	0.00000512	0x00	0x37
SPI [1]	result	0.01816480	0.00000512	0x00	0x47
SPI [1]	result	0.01817008	0.00000512	0x00	0x46
SPI [1]	result	0.01817536	0.00000512	0x00	0x32
SPI [1]	result	0.01818064	0.00000512	0x00	0x35
SPI [1]	result	0.01818592	0.00000512	0x00	0x30
SPI [1]	result	0.01819120	0.00000512	0x00	0x6D
SPI [1]	result	0.01819648	0.00000512	0x00	0x6D
SPI [1]	result	0.01820176	0.00000512	0x00	0x46
SPI [1]	result	0.01820704	0.00000512	0x00	0x34
SPI [1]	result	0.01821232	0.00000512	0x00	0x20
SPI [1]	result	0.01821760	0.00000512	0x00	0x52
SPI [1]	result	0.01822288	0.00000512	0x00	0x20
SPI [1]	result	0.01822816	0.00000512	0x00	0x4C
SPI [1]	result	0.01823344	0.00000512	0x00	0x4D
SPI [1]	result	0.01823872	0.00000512	0x00	0x20
SPI [1]	result	0.01824400	0.00000512	0x00	0x4F
SPI [1]	result	0.01824928	0.00000512	0x00	0x49
SPI [1]	result	0.01825456	0.00000512	0x00	0x53
SPI [1]	result	0.01825984	0.00000512	0x00	0x20
SPI [1]	result	0.01826512	0.00000512	0x00	0x57
SPI [1]	result	0.01827040	0.00000512	0x00	0x52
SPI [1]	result	0.01827568	0.00000512	0x00	0x00
SPI [1]	result	0.01828096	0.00000512	0x00	0x00
SPI [1]	result	0.01828624	0.00000512	0x00	0x00
SPI [1]	result	0.01829152	0.00000512	0x00	0x00
SPI [1]	result	0.01829680	0.00000512	0x00	0x00
SPI [1]	result	0.01830208	0.00000512	0x00	0x00
SPI [1]	result	0.01830736	0.00000512	0x00	0x00
SPI [1]	result	0.01831264	0.00000512	0x00	0x00
SPI [1]	result	0.01831792	0.00000512	0x00	0x00
SPI [1]	result	0.01832320	0.00000512	0x00	0x00
SPI [1]	result	0.01832848	0.00000512	0x00	0x00
SPI [1]	result	0.01833376	0.00000512	0x00	0x00
SPI [1]	result	0.01833904	0.00000512	0x00	0x00
SPI [1]	result	0.01834432	0.00000512	0x00	0x00
SPI [1]	result	0.01834960	0.00000512	0x00	0x00
SPI [1]	result	0.01835488	0.00000512	0x00	0x00
SPI [1]	result	0.01836016	0.00000512	0x00	0x00
SPI [1]	result	0.01836544	0.00000512	0x00	0x00
SPI [1]	result	0.01837072	0.00000512	0x00	0x00
SPI [1]	result	0.01837600	0.00000512	0x00	0x00
SPI [1]	result	0.01838128	0.00000512	0x00	0x00
SPI [1]	result	0.01838656	0.00000512	0x00	0x00
SPI [1]	result	0.01839184	0.00000512	0x00	0x00
SPI [1]	result	0.01839712	0.00000512	0x00	0x00
SPI [1]	result	0.01840240	0.00000512	0x00	0x00
SPI [1]	result	0.01840768	0.00000512	0x00	0x00
SPI [1]	result	0.01841296	0.00000512	0x00	0x00
SPI [1]	result	0.01841824	0.00000512	0x00	0x00
SPI [1]	result	0.01842352	0.00000512	0x00	0x00
SPI [1]	result	0.01842880	0.00000512	0x00	0x00
SPI [1]	result	0.01843408	0.00000512	0x00	0x00
SPI [1]	result	0.01843936	0.00000512	0x00	0x00
SPI [1]	result	0.01844464	0.00000512	0x00	0x00
SPI [1]	result	0.01844992	0.00000512	0x00	0x00
SPI [1]	result	0.01845520	0.00000512	0x00	0x00
SPI [1]	result	0.01846048	0.00000512	0x00	0x00
SPI [1]	result	0.01846576	0.00000512	0x00	0x00
SPI [1]	result	0.01847104	0.00000512	0x00	0x00
SPI [1]	result	0.01847632	0.00000512	0x00	0x00
SPI [1]	result	0.01848160	0.00000512	0x00	0x00
SPI [1]	result	0.01848688	0.00000512	0x00	0x00
SPI [1]	result	0.01849216	0.00000512	0x00	0x00
SPI [1]	result	0.01849744	0.00000512	0x00	0x00
SPI [1]	result	0.01850272	0.00000512	0x00	0x32
SPI [1]	result	0.01850800	0.00000512	0x00	0x37
SPI [1]	result	0.01851328	0.00000512	0x00	0x43
SPI [1]	result	0.01851856	0.00000512	0x00	0x30
SPI [1]	result	0.01852384	0.00000512	0x00	0x30
SPI [1]	result	0.01852912	0.00000512	0x00	0x30
SPI [1]	result	0.01853440	0.00000512	0x00	0x37
SPI [1]	result	0.01853968	0.00000512	0x00	0x35
SPI [1]	result	0.01854496	0.00000512	0x00	0x00
SPI [1]	result	0.01855024	0.00000512	0x00	0x00
SPI [1]	result	0.01855552	0.00000512	0x00	0x01
SPI [1]	result	0.01856080	0.00000512	0x00	0x80
SPI [1]	result	0.01856608	0.00000512	0x00	0x01
SPI [1]	result	0.01857136	0.00000512	0x00	0x11
SPI [1]	result	0.01857664	0.00000512	0x00	0x01
SPI [1]	result	0.01858192	0.00000512	0x00	0x10
SPI [1]	result	0.01858720	0.00000512	0x00	0x01
SPI [1]	result	0.01859248	0.00000512	0x00	0x10
SPI [1]	result	0.01859776	0.00000512	0x00	0x01
SPI [1]	result	0.01860304	0.00000512	0x00	0x10
SPI [1]	result	0.01860832	0.00000512	0x00	0xC8
SPI [1]	result	0.01861360	0.00000512	0x00	0x09
SPI [1]	result	0.01861888	0.00000512	0x00	0x00
SPI [1]	result	0.01862416	0.00000512	0x00	0x00
SPI [1]	result	0.01862944	0.00000512	0x00	0x00
SPI [1]	result	0.01863472	0.00000512	0x00	0x00
SPI [1]	result	0.01864000	0.00000512	0x00	0x00
SPI [1]	result	0.01864528	0.00000512	0x00	0x00
SPI [1]	result	0.01865056	0.00000512	0x00	0x00
SPI [1]	result	0.01865584	0.00000512	0x00	0x00
SPI [1]	result	0.01866112	0.00000512	0x00	0x00
SPI [1]	result	0.01866640	0.00000512	0x00	0x00
SPI [1]	result	0.01867168	0.00000512	0x00	0x00
SPI [1]	result	0.01867696	0.00000512	0x00	0x00
SPI [1]	result	0.01868224	0.00000512	0x00	0x00
SPI [1]	result	0.01868752	0.00000512	0x00	0x00
SPI [1]	result	0.01869280	0.00000512	0x00	0x00
SPI [1]	result	0.01869808	0.00000512	0x00	0x00
SPI [1]	result	0.01870336	0.00000512	0x00	0x00
SPI [1]	result	0.01870864	0.00000512	0x00	0x00
SPI [1]	result	0.01871392	0.00000512	0x00	0x00
SPI [1]	result	0.01871920	0.00000512	0x00	0x00
SPI [1]	result	0.01872448	0.00000512	0x00	0x00
SPI [1]	result	0.01872976	0.00000512	0x00	0x00
SPI [1]	result	0.01873504	0.00000512	0x00	0x00
SPI [1]	result	0.01874032	0.00000512	0x00	0x00
SPI [1]	result	0.01874560	0.00000512	0x00	0x00
SPI [1]	result	0.01875088	0.00000512	0x00	0x00
SPI [1]	result	0.01875616	0.00000512	0x5A	0x51
SPI [1]	result	0.02190659	0.00000512	0xB8	0x00
SPI [1]	result	0.02191187	0.00000512	0x01	0x00
SPI [1]	result	0.02191715	0.00000512	0x06	0x00
SPI [1]	result	0.02192243	0.00000512	0x26	0x00
SPI [1]	result	0.02270784	0.00000512	0x0B	0x08
SPI [1]	result	0.02271312	0.00000512	0x10	0x00
SPI [1]	result	0.02271840	0.00000512	0x80	0x86
SPI [1]	result	0.02272368	0.00000512	0x3A	0x2A
SPI [1]	result	0.02327271	0.00000512	0x00	0xB8
SPI [1]	result	0.02327799	0.00000512	0x00	0x01
SPI [1]	result	0.02328327	0.00000512	0x05	0x06
SPI [1]	result	0.02328855	0.00000512	0x56	0x26
SPI [1]	result	0.02406356	0.00000512	0x0C	0x0B
SPI [1]	result	0.02406884	0.00000512	0x00	0x00
SPI [1]	result	0.02407412	0.00000512	0x86	0x85
SPI [1]	result	0.02407940	0.00000512	0x0A	0x40
SPI [1]	result	0.02464768	0.00000512	0x00	0x00
SPI [1]	result	0.02465296	0.00000512	0x00	0x00
SPI [1]	result	0.02465824	0.00000512	0x00	0x05
SPI [1]	result	0.02466352	0.00000512	0x00	0x56
SPI [1]	result	0.02522270	0.00000512	0x08	0x0C
SPI [1]	result	0.02522798	0.00000512	0x00	0x00
SPI [1]	result	0.02523326	0.00000512	0x85	0x80
SPI [1]	result	0.02523854	0.00000512	0x68	0x32
SPI [1]	result	0.02832178	0.00000512	0x00	0xFF
SPI [1]	result	0.02832706	0.00000512	0x00	0xFF
SPI [1]	result	0.02833234	0.00000512	0x53	0x00
SPI [1]	result	0.02833762	0.00000512	0x50	0x00
SPI [1]	result	0.02834290	0.00000512	0x58	0x00
SPI [1]	result	0.02834818	0.00000512	0x31	0x00
SPI [1]	result	0.02835346	0.00000512	0x00	0x00
SPI [1]	result	0.02835874	0.00000512	0x00	0x00
SPI [1]	result	0.02836402	0.00000512	0x00	0x00
SPI [1]	result	0.02836930	0.00000512	0x00	0x00
SPI [1]	result	0.02837458	0.00000512	0x00	0x00
SPI [1]	result	0.02837986	0.00000512	0x00	0x00
SPI [1]	result	0.02838514	0.00000512	0x47	0x00
SPI [1]	result	0.02839042	0.00000512	0x46	0x00
SPI [1]	result	0.02839570	0.00000512	0x58	0x00
SPI [1]	result	0.02840098	0.00000512	0x20	0x00
SPI [1]	result	0.02840626	0.00000512	0x35	0x00
SPI [1]	result	0.02841154	0.00000512	0x30	0x00
SPI [1]	result	0.02841682	0.00000512	0x53	0x00
SPI [1]	result	0.02842210	0.00000512	0x00	0x00
SPI [1]	result	0.02842738	0.00000512	0x00	0x00
SPI [1]	result	0.02843266	0.00000512	0x00	0x00
SPI [1]	result	0.02843794	0.00000512	0x00	0x00
SPI [1]	result	0.02844322	0.00000512	0x00	0x00
SPI [1]	result	0.02844850	0.00000512	0x00	0x00
SPI [1]	result	0.02845378	0.00000512	0x00	0x00
SPI [1]	result	0.02845906	0.00000512	0x00	0x00
SPI [1]	result	0.02846434	0.00000512	0x00	0x00
SPI [1]	result	0.02846962	0.00000512	0x00	0x00
SPI [1]	result	0.02847490	0.00000512	0x00	0x00
SPI [1]	result	0.02848018	0.00000512	0x00	0x00
SPI [1]	result	0.02848546	0.00000512	0x00	0x00
SPI [1]	result	0.02849074	0.00000512	0x47	0x00
SPI [1]	result	0.02849602	0.00000512	0x46	0x00
SPI [1]	result	0.02850130	0.00000512	0x58	0x00
SPI [1]	result	0.02850658	0.00000512	0x20	0x00
SPI [1]	result	0.02851186	0.00000512	0x35	0x00
SPI [1]	result	0.02851714	0.00000512	0x30	0x00
SPI [1]	result	0.02852242	0.00000512	0x53	0x00
SPI [1]	result	0.02852770	0.00000512	0x00	0x00
SPI [1]	result	0.02853298	0.00000512	0x00	0x00
SPI [1]	result	0.02853826	0.00000512	0x00	0x00
SPI [1]	result	0.02854354	0.00000512	0x00	0x00
SPI [1]	result	0.02854882	0.00000512	0x00	0x00
SPI [1]	result	0.02855410	0.00000512	0x00	0x00
SPI [1]	result	0.02855938	0.00000512	0x00	0x00
SPI [1]	result	0.02856466	0.00000512	0x00	0x00
SPI [1]	result	0.02856994	0.00000512	0x35	0x00
SPI [1]	result	0.02857522	0.00000512	0x39	0x00
SPI [1]	result	0.02858050	0.00000512	0x33	0x00
SPI [1]	result	0.02858578	0.00000512	0x35	0x00
SPI [1]	result	0.02859106	0.00000512	0x33	0x00
SPI [1]	result	0.02859634	0.00000512	0x33	0x00
SPI [1]	result	0.02860162	0.00000512	0x33	0x00
SPI [1]	result	0.02860690	0.00000512	0x31	0x00
SPI [1]	result	0.02861218	0.00000512	0x33	0x00
SPI [1]	result	0.02861746	0.00000512	0x36	0x00
SPI [1]	result	0.02862274	0.00000512	0x33	0x00
SPI [1]	result	0.02862802	0.00000512	0x31	0x00
SPI [1]	result	0.02863330	0.00000512	0x31	0x00
SPI [1]	result	0.02863858	0.00000512	0x37	0x00
SPI [1]	result	0.02864386	0.00000512	0x30	0x00
SPI [1]	result	0.02864914	0.00000512	0x32	0x00
SPI [1]	result	0.02865442	0.00000512	0x31	0x00
SPI [1]	result	0.02865970	0.00000512	0x36	0x00
SPI [1]	result	0.02866498	0.00000512	0x37	0x00
SPI [1]	result	0.02867026	0.00000512	0x30	0x00
SPI [1]	result	0.02867554	0.00000512	0x32	0x00
SPI [1]	result	0.02868082	0.00000512	0x30	0x00
SPI [1]	result	0.02868610	0.00000512	0x31	0x00
SPI [1]	result	0.02869138	0.00000512	0x30	0x00
SPI [1]	result	0.02869666	0.00000512	0x31	0x00
SPI [1]	result	0.02870194	0.00000512	0x31	0x00
SPI [1]	result	0.02870722	0.00000512	0x30	0x00
SPI [1]	result	0.02871250	0.00000512	0x36	0x00
SPI [1]	result	0.02871778	0.00000512	0x39	0x00
SPI [1]	result	0.02872306	0.00000512	0x41	0x00
SPI [1]	result	0.02872834	0.00000512	0x04	0x00
SPI [1]	result	0.02873362	0.00000512	0x20	0x00
SPI [1]	result	0.02873890	0.00000512	0x02	0x00
SPI [1]	result	0.02874418	0.00000512	0x16	0x00
SPI [1]	result	0.02874946	0.00000512	0x01	0x00
SPI [1]	result	0.02875474	0.00000512	0x00	0x00
SPI [1]	result	0.02876002	0.00000512	0x01	0x00
SPI [1]	result	0.02876530	0.00000512	0x00	0x00
SPI [1]	result	0.02877058	0.00000512	0x01	0x00
SPI [1]	result	0.02877586	0.00000512	0x00	0x00
SPI [1]	result	0.02878114	0.00000512	0x00	0x00
SPI [1]	result	0.02878642	0.00000512	0x00	0x00
SPI [1]	result	0.02879170	0.00000512	0x00	0x00
SPI [1]	result	0.02879698	0.00000512	0x00	0x00
SPI [1]	result	0.02880226	0.00000512	0x00	0x00
SPI [1]	result	0.02880754	0.00000512	0x00	0x00
SPI [1]	result	0.02881282	0.00000512	0x00	0x00
SPI [1]	result	0.02881810	0.00000512	0x00	0x00
SPI [1]	result	0.02882338	0.00000512	0x00	0x00
SPI [1]	result	0.02882866	0.00000512	0x00	0x00
SPI [1]	result	0.02883394	0.00000512	0x00	0x00
SPI [1]	result	0.02883922	0.00000512	0x00	0x00
SPI [1]	result	0.02884450	0.00000512	0x00	0x00
SPI [1]	result	0.02884978	0.00000512	0x00	0x00
SPI [1]	result	0.02885506	0.00000512	0x00	0x00
SPI [1]	result	0.02886034	0.00000512	0x00	0x00
SPI [1]	result	0.02886562	0.00000512	0x00	0x00
SPI [1]	result	0.02887090	0.00000512	0x00	0x00
SPI [1]	result	0.02887618	0.00000512	0x00	0x00
SPI [1]	result	0.02888146	0.00000512	0x00	0x00
SPI [1]	result	0.02888674	0.00000512	0x00	0x00
SPI [1]	result	0.02889202	0.00000512	0x00	0x00
SPI [1]	result	0.02889730	0.00000512	0x00	0x00
SPI [1]	result	0.02890258	0.00000512	0x00	0x00
SPI [1]	result	0.02890786	0.00000512	0x00	0x00
SPI [1]	result	0.02891314	0.00000512	0x00	0x00
SPI [1]	result	0.02891842	0.00000512	0x00	0x00
SPI [1]	result	0.02892370	0.00000512	0x00	0x00
SPI [1]	result	0.02892898	0.00000512	0x00	0x00
SPI [1]	result	0.02893426	0.00000512	0x00	0x00
SPI [1]	result	0.02893954	0.00000512	0x00	0x00
SPI [1]	result	0.02894482	0.00000512	0x00	0x00
SPI [1]	result	0.02895010	0.00000512	0x00	0x00
SPI [1]	result	0.02895538	0.00000512	0x00	0x00
SPI [1]	result	0.02896066	0.00000512	0x00	0x00
SPI [1]	result	0.02896594	0.00000512	0x00	0x00
SPI [1]	result	0.02897122	0.00000512	0x00	0x00
SPI [1]	result	0.02897650	0.00000512	0x00	0x00
SPI [1]	result	0.02898178	0.00000512	0x00	0x00
SPI [1]	result	0.02898706	0.00000512	0x00	0x00
SPI [1]	result	0.02899234	0.00000512	0x00	0x00
SPI [1]	result	0.02899762	0.00000512	0x00	0x00
SPI [1]	result	0.02900290	0.00000512	0x00	0x00
SPI [1]	result	0.02900818	0.00000512	0xEF	0x5A
SPI [1]	result	0.03213427	0.00000512	0xFF	0xFF
SPI [1]	result	0.03213955	0.00000512	0xFF	0x00
SPI [1]	result	0.03214483	0.00000512	0x53	0x00
SPI [1]	result	0.03215011	0.00000512	0x50	0x00
SPI [1]	result	0.03215539	0.00000512	0x58	0x00
SPI [1]	result	0.03216067	0.00000512	0x31	0x00
SPI [1]	result	0.03216595	0.00000512	0x00	0x00
SPI [1]	result	0.03217123	0.00000512	0x00	0x00
SPI [1]	result	0.03217651	0.00000512	0x00	0x00
SPI [1]	result	0.03218179	0.00000512	0x00	0x00
SPI [1]	result	0.03218707	0.00000512	0x00	0x00
SPI [1]	result	0.03219235	0.00000512	0x00	0x00
SPI [1]	result	0.03219763	0.00000512	0x47	0x00
SPI [1]	result	0.03220291	0.00000512	0x46	0x00
SPI [1]	result	0.03220819	0.00000512	0x58	0x00
SPI [1]	result	0.03221347	0.00000512	0x20	0x00
SPI [1]	result	0.03221875	0.00000512	0x35	0x00
SPI [1]	result	0.03222403	0.00000512	0x30	0x00
SPI [1]	result	0.03222931	0.00000512	0x53	0x00
SPI [1]	result	0.03223459	0.00000512	0x00	0x00
SPI [1]	result	0.03223987	0.00000512	0x00	0x00
SPI [1]	result	0.03224515	0.00000512	0x00	0x00
SPI [1]	result	0.03225043	0.00000512	0x00	0x00
SPI [1]	result	0.03225571	0.00000512	0x00	0x00
SPI [1]	result	0.03226099	0.00000512	0x00	0x00
SPI [1]	result	0.03226627	0.00000512	0x00	0x00
SPI [1]	result	0.03227155	0.00000512	0x00	0x00
SPI [1]	result	0.03227683	0.00000512	0x00	0x00
SPI [1]	result	0.03228211	0.00000512	0x00	0x00
SPI [1]	result	0.03228739	0.00000512	0x00	0x00
SPI [1]	result	0.03229267	0.00000512	0x00	0x00
SPI [1]	result	0.03229795	0.00000512	0x00	0x00
SPI [1]	result	0.03230323	0.00000512	0x47	0x00
SPI [1]	result	0.03230851	0.00000512	0x46	0x00
SPI [1]	result	0.03231379	0.00000512	0x58	0x00
SPI [1]	result	0.03231907	0.00000512	0x20	0x00
SPI [1]	result	0.03232435	0.00000512	0x35	0x00
SPI [1]	result	0.03232963	0.00000512	0x30	0x00
SPI [1]	result	0.03233491	0.00000512	0x53	0x00
SPI [1]	result	0.03234019	0.00000512	0x00	0x00
SPI [1]	result	0.03234547	0.00000512	0x00	0x00
SPI [1]	result	0.03235075	0.00000512	0x00	0x00
SPI [1]	result	0.03235603	0.00000512	0x00	0x00
SPI [1]	result	0.03236131	0.00000512	0x00	0x00
SPI [1]	result	0.03236659	0.00000512	0x00	0x00
SPI [1]	result	0.03237187	0.00000512	0x00	0x00
SPI [1]	result	0.03237715	0.00000512	0x00	0x00
SPI [1]	result	0.03238243	0.00000512	0x35	0x00
SPI [1]	result	0.03238771	0.00000512	0x39	0x00
SPI [1]	result	0.03239299	0.00000512	0x33	0x00
SPI [1]	result	0.03239827	0.00000512	0x35	0x00
SPI [1]	result	0.03240355	0.00000512	0x33	0x00
SPI [1]	result	0.03240883	0.00000512	0x33	0x00
SPI [1]	result	0.03241411	0.00000512	0x33	0x00
SPI [1]	result	0.03241939	0.00000512	0x31	0x00
SPI [1]	result	0.03242467	0.00000512	0x33	0x00
SPI [1]	result	0.03242995	0.00000512	0x36	0x00
SPI [1]	result	0.03243523	0.00000512	0x33	0x00
SPI [1]	result	0.03244051	0.00000512	0x31	0x00
SPI [1]	result	0.03244579	0.00000512	0x31	0x00
SPI [1]	result	0.03245107	0.00000512	0x37	0x00
SPI [1]	result	0.03245635	0.00000512	0x30	0x00
SPI [1]	result	0.03246163	0.00000512	0x32	0x00
SPI [1]	result	0.03246691	0.00000512	0x31	0x00
SPI [1]	result	0.03247219	0.00000512	0x36	0x00
SPI [1]	result	0.03247747	0.00000512	0x37	0x00
SPI [1]	result	0.03248275	0.00000512	0x30	0x00
SPI [1]	result	0.03248803	0.00000512	0x32	0x00
SPI [1]	result	0.03249331	0.00000512	0x30	0x00
SPI [1]	result	0.03249859	0.00000512	0x31	0x00
SPI [1]	result	0.03250387	0.00000512	0x30	0x00
SPI [1]	result	0.03250915	0.00000512	0x31	0x00
SPI [1]	result	0.03251443	0.00000512	0x31	0x00
SPI [1]	result	0.03251971	0.00000512	0x30	0x00
SPI [1]	result	0.03252499	0.00000512	0x36	0x00
SPI [1]	result	0.03253027	0.00000512	0x39	0x00
SPI [1]	result	0.03253555	0.00000512	0x41	0x00
SPI [1]	result	0.03254083	0.00000512	0x04	0x00
SPI [1]	result	0.03254611	0.00000512	0x20	0x00
SPI [1]	result	0.03255139	0.00000512	0x02	0x00
SPI [1]	result	0.03255667	0.00000512	0x16	0x00
SPI [1]	result	0.03256195	0.00000512	0x01	0x00
SPI [1]	result	0.03256723	0.00000512	0x00	0x00
SPI [1]	result	0.03257251	0.00000512	0x01	0x00
SPI [1]	result	0.03257779	0.00000512	0x00	0x00
SPI [1]	result	0.03258307	0.00000512	0x01	0x00
SPI [1]	result	0.03258835	0.00000512	0x00	0x00
SPI [1]	result	0.03259363	0.00000512	0x00	0x00
SPI [1]	result	0.03259891	0.00000512	0x00	0x00
SPI [1]	result	0.03260419	0.00000512	0x00	0x00
SPI [1]	result	0.03260947	0.00000512	0x00	0x00
SPI [1]	result	0.03261475	0.00000512	0x00	0x00
SPI [1]	result	0.03262003	0.00000512	0x00	0x00
SPI [1]	result	0.03262531	0.00000512	0x00	0x00
SPI [1]	result	0.03263059	0.00000512	0x00	0x00
SPI [1]	result	0.03263587	0.00000512	0x00	0x00
SPI [1]	result	0.03264115	0.00000512	0x00	0x00
SPI [1]	result	0.03264643	0.00000512	0x00	0x00
SPI [1]	result	0.03265171	0.00000512	0x00	0x00
SPI [1]	result	0.03265699	0.00000512	0x00	0x00
SPI [1]	result	0.03266227	0.00000512	0x00	0x00
SPI [1]	result	0.03266755	0.00000512	0x00	0x00
SPI [1]	result	0.03267283	0.00000512	0x00	0x00
SPI [1]	result	0.03267811	0.00000512	0x00	0x00
SPI [1]	result	0.03268339	0.00000512	0x00	0x00
SPI [1]	result	0.03268867	0.00000512	0x00	0x00
SPI [1]	result	0.03269395	0.00000512	0x00	0x00
SPI [1]	result	0.03269923	0.00000512	0x00	0x00
SPI [1]	result	0.03270451	0.00000512	0x00	0x00
SPI [1]	result	0.03270979	0.00000512	0x00	0x00
SPI [1]	result	0.03271507	0.00000512	0x00	0x00
SPI [1]	result	0.03272035	0.00000512	0x00	0x00
SPI [1]	result	0.03272563	0.00000512	0x00	0x00
SPI [1]	result	0.03273091	0.00000512	0x00	0x00
SPI [1]	result	0.03273619	0.00000512	0x00	0x00
SPI [1]	result	0.03274147	0.00000512	0x00	0x00
SPI [1]	result	0.03274675	0.00000512	0x00	0x00
SPI [1]	result	0.03275203	0.00000512	0x00	0x00
SPI [1]	result	0.03275731	0.00000512	0x00	0x00
SPI [1]	result	0.03276259	0.00000512	0x00	0x00
SPI [1]	result	0.03276787	0.00000512	0x00	0x00
SPI [1]	result	0.03277315	0.00000512	0x00	0x00
SPI [1]	result	0.03277843	0.00000512	0x00	0x00
SPI [1]	result	0.03278371	0.00000512	0x00	0x00
SPI [1]	result	0.03278899	0.00000512	0x00	0x00
SPI [1]	result	0.03279427	0.00000512	0x00	0x00
SPI [1]	result	0.03279955	0.00000512	0x00	0x00
SPI [1]	result	0.03280483	0.00000512	0x00	0x00
SPI [1]	result	0.03281011	0.00000512	0x00	0x00
SPI [1]	result	0.03281539	0.00000512	0x00	0x00
SPI [1]	result	0.03282067	0.00000512	0xED	0x5A
SPI [1]	result	0.07321296	0.00000512	0x00	0x00
SPI [1]	result	0.07321824	0.00000512	0x00	0x00
SPI [1]	result	0.07322352	0.00000512	0x08	0x00
SPI [1]	result	0.07322880	0.00000512	0x20	0x00
SPI [1]	result	0.07366944	0.00000512	0x0D	0x08
SPI [1]	result	0.07367472	0.00000512	0x10	0x00
SPI [1]	result	0.07368000	0.00000512	0x80	0x88
SPI [1]	result	0.07368528	0.00000512	0x0A	0x32
SPI [1]	result	0.07409001	0.00000512	0x00	0x11
SPI [1]	result	0.07409529	0.00000512	0x00	0x99
SPI [1]	result	0.07410057	0.00000512	0x09	0x08
SPI [1]	result	0.07410585	0.00000512	0xA6	0x28
SPI [1]	result	0.07456205	0.00000512	0x08	0x0D
SPI [1]	result	0.07456733	0.00000512	0x00	0x00
SPI [1]	result	0.07457261	0.00000512	0x88	0x89
SPI [1]	result	0.07457789	0.00000512	0x32	0xA0
SPI [1]	result	0.07498221	0.00000512	0x00	0x00
SPI [1]	result	0.07498749	0.00000512	0x00	0x18
SPI [1]	result	0.07499277	0.00000512	0x0C	0x09
SPI [1]	result	0.07499805	0.00000512	0xB2	0xBE
SPI [1]	result	0.07541690	0.00000512	0x00	0x08
SPI [1]	result	0.07542218	0.00000512	0x00	0x10
SPI [1]	result	0.07542746	0.00000512	0x0C	0x8C
SPI [1]	result	0.07543274	0.00000512	0x30	0x94
SPI [1]	result	0.07583756	0.00000512	0x08	0x00
SPI [1]	result	0.07584284	0.00000512	0x00	0x26
SPI [1]	result	0.07584812	0.00000512	0x89	0x03
SPI [1]	result	0.07585340	0.00000512	0xB8	0xF6
SPI [1]	result	0.07629939	0.00000512	0x08	0xC3
SPI [1]	result	0.07630467	0.00000512	0x00	0x3C
SPI [1]	result	0.07630995	0.00000512	0x83	0xA5
SPI [1]	result	0.07631523	0.00000512	0xE2	0x5A
SPI [1]	result	0.07674970	0.00000512	0xA5	0xC3
SPI [1]	result	0.07675498	0.00000512	0x5A	0x3C
SPI [1]	result	0.07676026	0.00000512	0x3C	0xA5
SPI [1]	result	0.07676554	0.00000512	0xC3	0x5A
SPI [1]	result	0.07717859	0.00000512	0x80	0xA5
SPI [1]	result	0.07718387	0.00000512	0x20	0x5A
SPI [1]	result	0.07718915	0.00000512	0x28	0x3C
SPI [1]	result	0.07719443	0.00000512	0x24	0xC3
SPI [1]	result	0.07760455	0.00000512	0x08	0x08
SPI [1]	result	0.07760983	0.00000512	0x10	0x10
SPI [1]	result	0.07761511	0.00000512	0x80	0xA8
SPI [1]	result	0.07762039	0.00000512	0x22	0x06
SPI [1]	result	0.07802314	0.00000512	0x00	0x08
SPI [1]	result	0.07802842	0.00000512	0x00	0x00
SPI [1]	result	0.07803370	0.00000512	0x00	0xA8
SPI [1]	result	0.07803898	0.00000512	0x00	0x36
SPI [1]	result	0.07844034	0.00000512	0x08	0x00
SPI [1]	result	0.07844562	0.00000512	0x00	0xF3
SPI [1]	result	0.07845090	0.00000512	0xA8	0x03
SPI [1]	result	0.07845618	0.00000512	0x36	0xE8
SPI [1]	result	0.07888032	0.00000512	0x08	0xC3
SPI [1]	result	0.07888560	0.00000512	0x00	0x3C
SPI [1]	result	0.07889088	0.00000512	0x83	0xA5
SPI [1]	result	0.07889616	0.00000512	0xE2	0x5A
SPI [1]	result	0.07929704	0.00000512	0x00	0xC3
SPI [1]	result	0.07930232	0.00000512	0x00	0x3C
SPI [1]	result	0.07930760	0.00000512	0x00	0xA5
SPI [1]	result	0.07931288	0.00000512	0x00	0x5A
SPI [1]	result	0.07971084	0.00000512	0x00	0xC3
SPI [1]	result	0.07971612	0.00000512	0x00	0x3C
SPI [1]	result	0.07972140	0.00000512	0x00	0xA5
SPI [1]	result	0.07972668	0.00000512	0x00	0x5A
SPI [1]	result	0.08012372	0.00000512	0x00	0x00
SPI [1]	result	0.08012900	0.00000512	0x00	0x00
SPI [1]	result	0.08013428	0.00000512	0x00	0x00
SPI [1]	result	0.08013956	0.00000512	0x00	0x00
SPI [1]	result	0.08054091	0.00000512	0x00	0xC3
SPI [1]	result	0.08054619	0.00000512	0x00	0x3C
SPI [1]	result	0.08055147	0.00000512	0x00	0xA5
SPI [1]	result	0.08055675	0.00000512	0x00	0x5A
SPI [1]	result	0.08095698	0.00000512	0x00	0xC3
SPI [1]	result	0.08096226	0.00000512	0x00	0x3C
SPI [1]	result	0.08096754	0.00000512	0x00	0xA5
SPI [1]	result	0.08097282	0.00000512	0x00	0x5A
SPI [1]	result	0.08137059	0.00000512	0x00	0xC3
SPI [1]	result	0.08137587	0.00000512	0x00	0x3C
SPI [1]	result	0.08138115	0.00000512	0x00	0xA5
SPI [1]	result	0.08138643	0.00000512	0x00	0x5A
SPI [1]	result	0.08178797	0.00000512	0x00	0xC3
SPI [1]	result	0.08179325	0.00000512	0x00	0x3C
SPI [1]	result	0.08179853	0.00000512	0x00	0xA5
SPI [1]	result	0.08180381	0.00000512	0x00	0x5A
SPI [1]	result	0.08220184	0.00000512	0x00	0xC3
SPI [1]	result	0.08220712	0.00000512	0x00	0x3C
SPI [1]	result	0.08221240	0.00000512	0x00	0xA5
SPI [1]	result	0.08221768	0.00000512	0x00	0x5A
SPI [1]	result	0.08261493	0.00000512	0x00	0xC3
SPI [1]	result	0.08262021	0.00000512	0x00	0x3C
SPI [1]	result	0.08262549	0.00000512	0x00	0xA5
SPI [1]	result	0.08263077	0.00000512	0x00	0x5A
SPI [1]	result	0.08302784	0.00000512	0x00	0xC3
SPI [1]	result	0.08303312	0.00000512	0x00	0x3C
SPI [1]	result	0.08303840	0.00000512	0x00	0xA5
SPI [1]	result	0.08304368	0.00000512	0x00	0x5A
SPI [1]	result	0.08346628	0.00000512	0x00	0xC3
SPI [1]	result	0.08347156	0.00000512	0x00	0x3C
SPI [1]	result	0.08347684	0.00000512	0x3F	0xA5
SPI [1]	result	0.08348212	0.00000512	0xC6	0x5A
SPI [1]	result	0.08433270	0.00000512	0x08	0xC3
SPI [1]	result	0.08433798	0.00000512	0x10	0x3C
SPI [1]	result	0.08434326	0.00000512	0x80	0xA5
SPI [1]	result	0.08434854	0.00000512	0x22	0x5A
SPI [1]	result	0.08768518	0.00000512	0x00	0xC3
SPI [1]	result	0.08769046	0.00000512	0x00	0x3C
SPI [1]	result	0.08769574	0.00000512	0x00	0xA5
SPI [1]	result	0.08770102	0.00000512	0x00	0x5A
SPI [1]	result	0.08853103	0.00000512	0x08	0xC3
SPI [1]	result	0.08853631	0.00000512	0x00	0x3C
SPI [1]	result	0.08854159	0.00000512	0xBF	0xA5
SPI [1]	result	0.08854687	0.00000512	0xD8	0x5A
SPI [1]	result	0.09108270	0.00000512	0xB8	0xC3
SPI [1]	result	0.09108798	0.00000512	0x01	0x3C
SPI [1]	result	0.09109326	0.00000512	0x06	0xA5
SPI [1]	result	0.09109854	0.00000512	0x26	0x5A
SPI [1]	result	0.09188051	0.00000512	0x09	0xC3
SPI [1]	result	0.09188579	0.00000512	0x10	0x3C
SPI [1]	result	0.09189107	0.00000512	0x80	0xA5
SPI [1]	result	0.09189635	0.00000512	0x2A	0x5A
SPI [1]	result	0.09246068	0.00000512	0x00	0xC3
SPI [1]	result	0.09246596	0.00000512	0x00	0x3C
SPI [1]	result	0.09247124	0.00000512	0x05	0xA5
SPI [1]	result	0.09247652	0.00000512	0x14	0x5A
SPI [1]	result	0.09324669	0.00000512	0x0A	0xC3
SPI [1]	result	0.09325197	0.00000512	0x00	0x3C
SPI [1]	result	0.09325725	0.00000512	0x86	0xA5
SPI [1]	result	0.09326253	0.00000512	0x3A	0x5A
SPI [1]	result	0.09383472	0.00000512	0x00	0xC3
SPI [1]	result	0.09384000	0.00000512	0x00	0x3C
SPI [1]	result	0.09384528	0.00000512	0x00	0xA5
SPI [1]	result	0.09385056	0.00000512	0x00	0x5A
SPI [1]	result	0.09439663	0.00000512	0x08	0xC3
SPI [1]	result	0.09440191	0.00000512	0x00	0x3C
SPI [1]	result	0.09440719	0.00000512	0x85	0xA5
SPI [1]	result	0.09441247	0.00000512	0x26	0x5A
SPI [1]	result	0.09748870	0.00000512	0xFF	0xC3
SPI [1]	result	0.09749398	0.00000512	0xFF	0x3C
SPI [1]	result	0.09749926	0.00000512	0x00	0xA5
SPI [1]	result	0.09750454	0.00000512	0x00	0x5A
SPI [1]	result	0.09750982	0.00000512	0x00	0x00
SPI [1]	result	0.09751510	0.00000512	0x00	0x00
SPI [1]	result	0.09752038	0.00000512	0x00	0x00
SPI [1]	result	0.09752566	0.00000512	0x00	0x00
SPI [1]	result	0.09753094	0.00000512	0x00	0x00
SPI [1]	result	0.09753622	0.00000512	0x00	0x00
SPI [1]	result	0.09754150	0.00000512	0x00	0x00
SPI [1]	result	0.09754678	0.00000512	0x00	0x00
SPI [1]	result	0.09755206	0.00000512	0x00	0x00
SPI [1]	result	0.09755734	0.00000512	0x00	0x0C
SPI [1]	result	0.09756262	0.00000512	0x00	0x33
SPI [1]	result	0.09756790	0.00000512	0x00	0xCA
SPI [1]	result	0.09757318	0.00000512	0x00	0x55
SPI [1]	result	0.09757846	0.00000512	0x00	0xA0
SPI [1]	result	0.09758374	0.00000512	0x00	0x00
SPI [1]	result	0.09758902	0.00000512	0x00	0x00
SPI [1]	result	0.09759430	0.00000512	0x00	0x00
SPI [1]	result	0.09759958	0.00000512	0x00	0x00
SPI [1]	result	0.09760486	0.00000512	0x00	0x00
SPI [1]	result	0.09761014	0.00000512	0x00	0x00
SPI [1]	result	0.09761542	0.00000512	0x00	0x00
SPI [1]	result	0.09762070	0.00000512	0x00	0x00
SPI [1]	result	0.09762598	0.00000512	0x00	0x00
SPI [1]	result	0.09763126	0.00000512	0x00	0xC3
SPI [1]	result	0.09763654	0.00000512	0x00	0x3C
SPI [1]	result	0.09764182	0.00000512	0x00	0xA5
SPI [1]	result	0.09764710	0.00000512	0x00	0x5A
SPI [1]	result	0.09765238	0.00000512	0x00	0x00
SPI [1]	result	0.09765766	0.00000512	0x00	0x00
SPI [1]	result	0.09766294	0.00000512	0x00	0x00
SPI [1]	result	0.09766822	0.00000512	0x00	0x00
SPI [1]	result	0.09767350	0.00000512	0x00	0x00
SPI [1]	result	0.09767878	0.00000512	0x00	0x00
SPI [1]	result	0.09768406	0.00000512	0x00	0x00
SPI [1]	result	0.09768934	0.00000512	0x00	0x00
SPI [1]	result	0.09769462	0.00000512	0x00	0x00
SPI [1]	result	0.09769990	0.00000512	0x00	0x0C
SPI [1]	result	0.09770518	0.00000512	0x00	0x33
SPI [1]	result	0.09771046	0.00000512	0x00	0xCA
SPI [1]	result	0.09771574	0.00000512	0x00	0x55
SPI [1]	result	0.09772102	0.00000512	0x00	0xA0
SPI [1]	result	0.09772630	0.00000512	0x00	0x00
SPI [1]	result	0.09773158	0.00000512	0x00	0x00
SPI [1]	result	0.09773686	0.00000512	0x00	0x00
SPI [1]	result	0.09774214	0.00000512	0x00	0x00
SPI [1]	result	0.09774742	0.00000512	0x00	0x00
SPI [1]	result	0.09775270	0.00000512	0x00	0x00
SPI [1]	result	0.09775798	0.00000512	0x00	0x00
SPI [1]	result	0.09776326	0.00000512	0x00	0x00
SPI [1]	result	0.09776854	0.00000512	0x00	0x00
SPI [1]	result	0.09777382	0.00000512	0x00	0xC3
SPI [1]	result	0.09777910	0.00000512	0x00	0x3C
SPI [1]	result	0.09778438	0.00000512	0x00	0xA5
SPI [1]	result	0.09778966	0.00000512	0x00	0x5A
SPI [1]	result	0.09779494	0.00000512	0x00	0x00
SPI [1]	result	0.09780022	0.00000512	0x00	0x00
SPI [1]	result	0.09780550	0.00000512	0x00	0x00
SPI [1]	result	0.09781078	0.00000512	0x00	0x00
SPI [1]	result	0.09781606	0.00000512	0x00	0x00
SPI [1]	result	0.09782134	0.00000512	0x00	0x00
SPI [1]	result	0.09782662	0.00000512	0x00	0x00
SPI [1]	result	0.09783190	0.00000512	0x00	0x00
SPI [1]	result	0.09783718	0.00000512	0x00	0x00
SPI [1]	result	0.09784246	0.00000512	0x00	0x0C
SPI [1]	result	0.09784774	0.00000512	0x00	0x33
SPI [1]	result	0.09785302	0.00000512	0x00	0xCA
SPI [1]	result	0.09785830	0.00000512	0x00	0x55
SPI [1]	result	0.09786358	0.00000512	0x00	0xA0
SPI [1]	result	0.09786886	0.00000512	0x00	0x00
SPI [1]	result	0.09787414	0.00000512	0x00	0x00
SPI [1]	result	0.09787942	0.00000512	0x00	0x00
SPI [1]	result	0.09788470	0.00000512	0x00	0x00
SPI [1]	result	0.09788998	0.00000512	0x00	0x00
SPI [1]	result	0.09789526	0.00000512	0x00	0x00
SPI [1]	result	0.09790054	0.00000512	0x00	0x00
SPI [1]	result	0.09790582	0.00000512	0x00	0x00
SPI [1]	result	0.09791110	0.00000512	0x00	0x00
SPI [1]	result	0.09791638	0.00000512	0x00	0xC3
SPI [1]	result	0.09792166	0.00000512	0x00	0x3C
SPI [1]	result	0.09792694	0.00000512	0x00	0xA5
SPI [1]	result	0.09793222	0.00000512	0x00	0x5A
SPI [1]	result	0.09793750	0.00000512	0x00	0x00
SPI [1]	result	0.09794278	0.00000512	0x00	0x00
SPI [1]	result	0.09794806	0.00000512	0x00	0x00
SPI [1]	result	0.09795334	0.00000512	0x00	0x00
SPI [1]	result	0.09795862	0.00000512	0x00	0x00
SPI [1]	result	0.09796390	0.00000512	0x00	0x00
SPI [1]	result	0.09796918	0.00000512	0x00	0x00
SPI [1]	result	0.09797446	0.00000512	0x00	0x00
SPI [1]	result	0.09797974	0.00000512	0x00	0x00
SPI [1]	result	0.09798502	0.00000512	0x00	0x0C
SPI [1]	result	0.09799030	0.00000512	0x00	0x33
SPI [1]	result	0.09799558	0.00000512	0x00	0xCA
SPI [1]	result	0.09800086	0.00000512	0x00	0x55
SPI [1]	result	0.09800614	0.00000512	0x00	0xA0
SPI [1]	result	0.09801142	0.00000512	0x00	0x00
SPI [1]	result	0.09801670	0.00000512	0x00	0x00
SPI [1]	result	0.09802198	0.00000512	0x00	0x00
SPI [1]	result	0.09802726	0.00000512	0x00	0x00
SPI [1]	result	0.09803254	0.00000512	0x00	0x00
SPI [1]	result	0.09803782	0.00000512	0x00	0x00
SPI [1]	result	0.09804310	0.00000512	0x00	0x00
SPI [1]	result	0.09804838	0.00000512	0x00	0x00
SPI [1]	result	0.09805366	0.00000512	0x00	0x00
SPI [1]	result	0.09805894	0.00000512	0x00	0xC3
SPI [1]	result	0.09806422	0.00000512	0x00	0x3C
SPI [1]	result	0.09806950	0.00000512	0x00	0xA5
SPI [1]	result	0.09807478	0.00000512	0x00	0x5A
SPI [1]	result	0.09808006	0.00000512	0x00	0x00
SPI [1]	result	0.09808534	0.00000512	0x00	0x00
SPI [1]	result	0.09809062	0.00000512	0x00	0x00
SPI [1]	result	0.09809590	0.00000512	0x00	0x00
SPI [1]	result	0.09810118	0.00000512	0x00	0x00
SPI [1]	result	0.09810646	0.00000512	0x00	0x00
SPI [1]	result	0.09811174	0.00000512	0x00	0x00
SPI [1]	result	0.09811702	0.00000512	0x00	0x00
SPI [1]	result	0.09812230	0.00000512	0x00	0x00
SPI [1]	result	0.09812758	0.00000512	0x00	0x0C
SPI [1]	result	0.09813286	0.00000512	0x00	0x33
SPI [1]	result	0.09813814	0.00000512	0x00	0xFF
SPI [1]	result	0.09814342	0.00000512	0x00	0xFF
SPI [1]	result	0.09814870	0.00000512	0x00	0xFF
SPI [1]	result	0.09815398	0.00000512	0x00	0xFF
SPI [1]	result	0.09815926	0.00000512	0x00	0xFF
SPI [1]	result	0.09816454	0.00000512	0x00	0xFF
SPI [1]	result	0.09816982	0.00000512	0x00	0xFF
SPI [1]	result	0.09817510	0.00000512	0x5A	0xFF
SPI [1]	result	0.10130665	0.00000512	0xFF	0xC3
SPI [1]	result	0.10131193	0.00000512	0x00	0x3C
SPI [1]	result	0.10131721	0.00000512	0x00	0xA5
SPI [1]	result	0.10132249	0.00000512	0x00	0x5A
SPI [1]	result	0.10132777	0.00000512	0x00	0x00
SPI [1]	result	0.10133305	0.00000512	0x00	0x00
SPI [1]	result	0.10133833	0.00000512	0x00	0x00
SPI [1]	result	0.10134361	0.00000512	0x00	0x00
SPI [1]	result	0.10134889	0.00000512	0x00	0x00
SPI [1]	result	0.10135417	0.00000512	0x00	0x00
SPI [1]	result	0.10135945	0.00000512	0x00	0x00
SPI [1]	result	0.10136473	0.00000512	0x00	0x00
SPI [1]	result	0.10137001	0.00000512	0x00	0x00
SPI [1]	result	0.10137529	0.00000512	0x00	0x0C
SPI [1]	result	0.10138057	0.00000512	0x00	0x33
SPI [1]	result	0.10138585	0.00000512	0x00	0xCA
SPI [1]	result	0.10139113	0.00000512	0x00	0x55
SPI [1]	result	0.10139641	0.00000512	0x00	0xA0
SPI [1]	result	0.10140169	0.00000512	0x00	0x00
SPI [1]	result	0.10140697	0.00000512	0x00	0x00
SPI [1]	result	0.10141225	0.00000512	0x00	0x00
SPI [1]	result	0.10141753	0.00000512	0x00	0x00
SPI [1]	result	0.10142281	0.00000512	0x00	0x00
SPI [1]	result	0.10142809	0.00000512	0x00	0x00
SPI [1]	result	0.10143337	0.00000512	0x00	0x00
SPI [1]	result	0.10143865	0.00000512	0x00	0x00
SPI [1]	result	0.10144393	0.00000512	0x00	0x00
SPI [1]	result	0.10144921	0.00000512	0x00	0xC3
SPI [1]	result	0.10145449	0.00000512	0x00	0x3C
SPI [1]	result	0.10145977	0.00000512	0x00	0xA5
SPI [1]	result	0.10146505	0.00000512	0x00	0x5A
SPI [1]	result	0.10147033	0.00000512	0x00	0x00
SPI [1]	result	0.10147561	0.00000512	0x00	0x00
SPI [1]	result	0.10148089	0.00000512	0x00	0x00
SPI [1]	result	0.10148617	0.00000512	0x00	0x00
SPI [1]	result	0.10149145	0.00000512	0x00	0x00
SPI [1]	result	0.10149673	0.00000512	0x00	0x00
SPI [1]	result	0.10150201	0.00000512	0x00	0x00
SPI [1]	result	0.10150729	0.00000512	0x00	0x00
SPI [1]	result	0.10151257	0.00000512	0x00	0x00
SPI [1]	result	0.10151785	0.00000512	0x00	0x0C
SPI [1]	result	0.10152313	0.00000512	0x00	0x33
SPI [1]	result	0.10152841	0.00000512	0x00	0xCA
SPI [1]	result	0.10153369	0.00000512	0x00	0x55
SPI [1]	result	0.10153897	0.00000512	0x00	0xA0
SPI [1]	result	0.10154425	0.00000512	0x00	0x00
SPI [1]	result	0.10154953	0.00000512	0x00	0x00
SPI [1]	result	0.10155481	0.00000512	0x00	0x00
SPI [1]	result	0.10156009	0.00000512	0x00	0x00
SPI [1]	result	0.10156537	0.00000512	0x00	0x00
SPI [1]	result	0.10157065	0.00000512	0x00	0x00
SPI [1]	result	0.10157593	0.00000512	0x00	0x00
SPI [1]	result	0.10158121	0.00000512	0x00	0x00
SPI [1]	result	0.10158649	0.00000512	0x00	0x00
SPI [1]	result	0.10159177	0.00000512	0x00	0xC3
SPI [1]	result	0.10159705	0.00000512	0x00	0x3C
SPI [1]	result	0.10160233	0.00000512	0x00	0xA5
SPI [1]	result	0.10160761	0.00000512	0x00	0x5A
SPI [1]	result	0.10161289	0.00000512	0x00	0x00
SPI [1]	result	0.10161817	0.00000512	0x00	0x00
SPI [1]	result	0.10162345	0.00000512	0x00	0x00
SPI [1]	result	0.10162873	0.00000512	0x00	0x00
SPI [1]	result	0.10163401	0.00000512	0x00	0x00
SPI [1]	result	0.10163929	0.00000512	0x00	0x00
SPI [1]	result	0.10164457	0.00000512	0x00	0x00
SPI [1]	result	0.10164985	0.00000512	0x00	0x00
SPI [1]	result	0.10165513	0.00000512	0x00	0x00
SPI [1]	result	0.10166041	0.00000512	0x00	0x0C
SPI [1]	result	0.10166569	0.00000512	0x00	0x33
SPI [1]	result	0.10167097	0.00000512	0x00	0xCA
SPI [1]	result	0.10167625	0.00000512	0x00	0x55
SPI [1]	result	0.10168153	0.00000512	0x00	0xA0
SPI [1]	result	0.10168681	0.00000512	0x00	0x00
SPI [1]	result	0.10169209	0.00000512	0x00	0x00
SPI [1]	result	0.10169737	0.00000512	0x00	0x00
SPI [1]	result	0.10170265	0.00000512	0x00	0x00
SPI [1]	result	0.10170793	0.00000512	0x00	0x00
SPI [1]	result	0.10171321	0.00000512	0x00	0x00
SPI [1]	result	0.10171849	0.00000512	0x00	0x00
SPI [1]	result	0.10172377	0.00000512	0x00	0x00
SPI [1]	result	0.10172905	0.00000512	0x00	0x00
SPI [1]	result	0.10173433	0.00000512	0x00	0xC3
SPI [1]	result	0.10173961	0.00000512	0x00	0x3C
SPI [1]	result	0.10174489	0.00000512	0x00	0xA5
SPI [1]	result	0.10175017	0.00000512	0x00	0x5A
SPI [1]	result	0.10175545	0.00000512	0x00	0x00
SPI [1]	result	0.10176073	0.00000512	0x00	0x00
SPI [1]	result	0.10176601	0.00000512	0x00	0x00
SPI [1]	result	0.10177129	0.00000512	0x00	0x00
SPI [1]	result	0.10177657	0.00000512	0x00	0x00
SPI [1]	result	0.10178185	0.00000512	0x00	0x00
SPI [1]	result	0.10178713	0.00000512	0x00	0x00
SPI [1]	result	0.10179241	0.00000512	0x00	0x00
SPI [1]	result	0.10179769	0.00000512	0x00	0x00
SPI [1]	result	0.10180297	0.00000512	0x00	0x0C
SPI [1]	result	0.10180825	0.00000512	0x00	0x33
SPI [1]	result	0.10181353	0.00000512	0x00	0xCA
SPI [1]	result	0.10181881	0.00000512	0x00	0x55
SPI [1]	result	0.10182409	0.00000512	0x00	0xA0
SPI [1]	result	0.10182937	0.00000512	0x00	0x00
SPI [1]	result	0.10183465	0.00000512	0x00	0x00
SPI [1]	result	0.10183993	0.00000512	0x00	0x00
SPI [1]	result	0.10184521	0.00000512	0x00	0x00
SPI [1]	result	0.10185049	0.00000512	0x00	0x00
SPI [1]	result	0.10185577	0.00000512	0x00	0x00
SPI [1]	result	0.10186105	0.00000512	0x00	0x00
SPI [1]	result	0.10186633	0.00000512	0x00	0x00
SPI [1]	result	0.10187161	0.00000512	0x00	0x00
SPI [1]	result	0.10187689	0.00000512	0x00	0xC3
SPI [1]	result	0.10188217	0.00000512	0x00	0x3C
SPI [1]	result	0.10188745	0.00000512	0x00	0xA5
SPI [1]	result	0.10189273	0.00000512	0x00	0x5A
SPI [1]	result	0.10189801	0.00000512	0x00	0x00
SPI [1]	result	0.10190329	0.00000512	0x00	0x00
SPI [1]	result	0.10190857	0.00000512	0x00	0x00
SPI [1]	result	0.10191385	0.00000512	0x00	0x00
SPI [1]	result	0.10191913	0.00000512	0x00	0x00
SPI [1]	result	0.10192441	0.00000512	0x00	0x00
SPI [1]	result	0.10192969	0.00000512	0x00	0x00
SPI [1]	result	0.10193497	0.00000512	0x00	0x00
SPI [1]	result	0.10194025	0.00000512	0x00	0x00
SPI [1]	result	0.10194553	0.00000512	0x00	0x0C
SPI [1]	result	0.10195081	0.00000512	0x00	0x33
SPI [1]	result	0.10195609	0.00000512	0x00	0xCA
SPI [1]	result	0.10196137	0.00000512	0x00	0x55
SPI [1]	result	0.10196665	0.00000512	0x00	0xA0
SPI [1]	result	0.10197193	0.00000512	0x00	0x00
SPI [1]	result	0.10197721	0.00000512	0x00	0x00
SPI [1]	result	0.10198249	0.00000512	0x00	0x00
SPI [1]	result	0.10198777	0.00000512	0x00	0x00
SPI [1]	result	0.10199305	0.00000512	0x5A	0x00
SPI [1]	result	0.10514135	0.00000512	0xB8	0xC3
SPI [1]	result	0.10514663	0.00000512	0x01	0x3C
SPI [1]	result	0.10515191	0.00000512	0x06	0xA5
SPI [1]	result	0.10515719	0.00000512	0x26	0x5A
SPI [1]	result	0.10594249	0.00000512	0x0B	0xC3
SPI [1]	result	0.10594777	0.00000512	0x10	0x3C
SPI [1]	result	0.10595305	0.00000512	0x80	0xA5
SPI [1]	result	0.10595833	0.00000512	0x3A	0x5A
SPI [1]	result	0.10650771	0.00000512	0x00	0xC3
SPI [1]	result	0.10651299	0.00000512	0x00	0x3C
SPI [1]	result	0.10651827	0.00000512	0x05	0xA5
SPI [1]	result	0.10652355	0.00000512	0x56	0x5A
SPI [1]	result	0.10729871	0.00000512	0x0C	0xC3
SPI [1]	result	0.10730399	0.00000512	0x00	0x3C
SPI [1]	result	0.10730927	0.00000512	0x86	0xA5
SPI [1]	result	0.10731455	0.00000512	0x0A	0x5A
SPI [1]	result	0.10788269	0.00000512	0x00	0xC3
SPI [1]	result	0.10788797	0.00000512	0x00	0x3C
SPI [1]	result	0.10789325	0.00000512	0x00	0xA5
SPI [1]	result	0.10789853	0.00000512	0x00	0x5A
SPI [1]	result	0.10845757	0.00000512	0x08	0xC3
SPI [1]	result	0.10846285	0.00000512	0x00	0x3C
SPI [1]	result	0.10846813	0.00000512	0x85	0xA5
SPI [1]	result	0.10847341	0.00000512	0x68	0x5A
SPI [1]	result	0.11155671	0.00000512	0x00	0xC3
SPI [1]	result	0.11156199	0.00000512	0x00	0x3C
SPI [1]	result	0.11156727	0.00000512	0x53	0xA5
SPI [1]	result	0.11157255	0.00000512	0x50	0x5A
SPI [1]	result	0.11157783	0.00000512	0x58	0x00
SPI [1]	result	0.11158311	0.00000512	0x31	0x00
SPI [1]	result	0.11158839	0.00000512	0x00	0x00
SPI [1]	result	0.11159367	0.00000512	0x00	0x00
SPI [1]	result	0.11159895	0.00000512	0x00	0x00
SPI [1]	result	0.11160423	0.00000512	0x00	0x00
SPI [1]	result	0.11160951	0.00000512	0x00	0x00
SPI [1]	result	0.11161479	0.00000512	0x00	0x00
SPI [1]	result	0.11162007	0.00000512	0x47	0x00
SPI [1]	result	0.11162535	0.00000512	0x46	0x0C
SPI [1]	result	0.11163063	0.00000512	0x58	0x33
SPI [1]	result	0.11163591	0.00000512	0x20	0xCA
SPI [1]	result	0.11164119	0.00000512	0x35	0x55
SPI [1]	result	0.11164647	0.00000512	0x30	0xA0
SPI [1]	result	0.11165175	0.00000512	0x53	0x00
SPI [1]	result	0.11165703	0.00000512	0x00	0x00
SPI [1]	result	0.11166231	0.00000512	0x00	0x00
SPI [1]	result	0.11166759	0.00000512	0x00	0x00
SPI [1]	result	0.11167287	0.00000512	0x00	0x00
SPI [1]	result	0.11167815	0.00000512	0x00	0x00
SPI [1]	result	0.11168343	0.00000512	0x00	0x00
SPI [1]	result	0.11168871	0.00000512	0x00	0x00
SPI [1]	result	0.11169399	0.00000512	0x00	0x00
SPI [1]	result	0.11169927	0.00000512	0x00	0xC3
SPI [1]	result	0.11170455	0.00000512	0x00	0x3C
SPI [1]	result	0.11170983	0.00000512	0x00	0xA5
SPI [1]	result	0.11171511	0.00000512	0x00	0x5A
SPI [1]	result	0.11172039	0.00000512	0x00	0x00
SPI [1]	result	0.11172567	0.00000512	0x47	0x00
SPI [1]	result	0.11173095	0.00000512	0x46	0x00
SPI [1]	result	0.11173623	0.00000512	0x58	0x00
SPI [1]	result	0.11174151	0.00000512	0x20	0x00
SPI [1]	result	0.11174679	0.00000512	0x35	0x00
SPI [1]	result	0.11175207	0.00000512	0x30	0x00
SPI [1]	result	0.11175735	0.00000512	0x53	0x00
SPI [1]	result	0.11176263	0.00000512	0x00	0x00
SPI [1]	result	0.11176791	0.00000512	0x00	0x0C
SPI [1]	result	0.11177319	0.00000512	0x00	0x33
SPI [1]	result	0.11177847	0.00000512	0x00	0xCA
SPI [1]	result	0.11178375	0.00000512	0x00	0x55
SPI [1]	result	0.11178903	0.00000512	0x00	0xA0
SPI [1]	result	0.11179431	0.00000512	0x00	0x00
SPI [1]	result	0.11179959	0.00000512	0x00	0x00
SPI [1]	result	0.11180487	0.00000512	0x35	0x00
SPI [1]	result	0.11181015	0.00000512	0x39	0x00
SPI [1]	result	0.11181543	0.00000512	0x33	0x00
SPI [1]	result	0.11182071	0.00000512	0x35	0x00
SPI [1]	result	0.11182599	0.00000512	0x33	0x00
SPI [1]	result	0.11183127	0.00000512	0x33	0x00
SPI [1]	result	0.11183655	0.00000512	0x33	0x00
SPI [1]	result	0.11184183	0.00000512	0x31	0xC3
SPI [1]	result	0.11184711	0.00000512	0x33	0x3C
SPI [1]	result	0.11185239	0.00000512	0x36	0xA5
SPI [1]	result	0.11185767	0.00000512	0x33	0x5A
SPI [1]	result	0.11186295	0.00000512	0x31	0x00
SPI [1]	result	0.11186823	0.00000512	0x31	0x00
SPI [1]	result	0.11187351	0.00000512	0x37	0x00
SPI [1]	result	0.11187879	0.00000512	0x30	0x00
SPI [1]	result	0.11188407	0.00000512	0x32	0x00
SPI [1]	result	0.11188935	0.00000512	0x31	0x00
SPI [1]	result	0.11189463	0.00000512	0x36	0x00
SPI [1]	result	0.11189991	0.00000512	0x37	0x00
SPI [1]	result	0.11190519	0.00000512	0x30	0x00
SPI [1]	result	0.11191047	0.00000512	0x32	0x0C
SPI [1]	result	0.11191575	0.00000512	0x30	0x33
SPI [1]	result	0.11192103	0.00000512	0x31	0xCA
SPI [1]	result	0.11192631	0.00000512	0x30	0x55
SPI [1]	result	0.11193159	0.00000512	0x31	0xA0
SPI [1]	result	0.11193687	0.00000512	0x31	0x00
SPI [1]	result	0.11194215	0.00000512	0x30	0x00
SPI [1]	result	0.11194743	0.00000512	0x36	0x00
SPI [1]	result	0.11195271	0.00000512	0x39	0x00
SPI [1]	result	0.11195799	0.00000512	0x41	0x00
SPI [1]	result	0.11196327	0.00000512	0x04	0x00
SPI [1]	result	0.11196855	0.00000512	0x20	0x00
SPI [1]	result	0.11197383	0.00000512	0x02	0x00
SPI [1]	result	0.11197911	0.00000512	0x16	0x00
SPI [1]	result	0.11198439	0.00000512	0x01	0xC3
SPI [1]	result	0.11198967	0.00000512	0x00	0x3C
SPI [1]	result	0.11199495	0.00000512	0x01	0xA5
SPI [1]	result	0.11200023	0.00000512	0x00	0x5A
SPI [1]	result	0.11200551	0.00000512	0x01	0x00
SPI [1]	result	0.11201079	0.00000512	0x00	0x00
SPI [1]	result	0.11201607	0.00000512	0x00	0x00
SPI [1]	result	0.11202135	0.00000512	0x00	0x00
SPI [1]	result	0.11202663	0.00000512	0x00	0x00
SPI [1]	result	0.11203191	0.00000512	0x00	0x00
SPI [1]	result	0.11203719	0.00000512	0x00	0x00
SPI [1]	result	0.11204247	0.00000512	0x00	0x00
SPI [1]	result	0.11204775	0.00000512	0x00	0x00
SPI [1]	result	0.11205303	0.00000512	0x00	0x0C
SPI [1]	result	0.11205831	0.00000512	0x00	0x33
SPI [1]	result	0.11206359	0.00000512	0x00	0xCA
SPI [1]	result	0.11206887	0.00000512	0x00	0x55
SPI [1]	result	0.11207415	0.00000512	0x00	0xA0
SPI [1]	result	0.11207943	0.00000512	0x00	0x00
SPI [1]	result	0.11208471	0.00000512	0x00	0x00
SPI [1]	result	0.11208999	0.00000512	0x00	0x00
SPI [1]	result	0.11209527	0.00000512	0x00	0x00
SPI [1]	result	0.11210055	0.00000512	0x00	0x00
SPI [1]	result	0.11210583	0.00000512	0x00	0x00
SPI [1]	result	0.11211111	0.00000512	0x00	0x00
SPI [1]	result	0.11211639	0.00000512	0x00	0x00
SPI [1]	result	0.11212167	0.00000512	0x00	0x00
SPI [1]	result	0.11212695	0.00000512	0x00	0xC3
SPI [1]	result	0.11213223	0.00000512	0x00	0x3F
SPI [1]	result	0.11213751	0.00000512	0x00	0xFF
SPI [1]	result	0.11214279	0.00000512	0x00	0xFF
SPI [1]	result	0.11214807	0.00000512	0x00	0xFF
SPI [1]	result	0.11215335	0.00000512	0x00	0xFF
SPI [1]	result	0.11215863	0.00000512	0x00	0xFF
SPI [1]	result	0.11216391	0.00000512	0x00	0xFF
SPI [1]	result	0.11216919	0.00000512	0x00	0xFF
SPI [1]	result	0.11217447	0.00000512	0x00	0xFF
SPI [1]	result	0.11217975	0.00000512	0x00	0x0C
SPI [1]	result	0.11218503	0.00000512	0x00	0xF2
SPI [1]	result	0.11219031	0.00000512	0x00	0x95
SPI [1]	result	0.11219559	0.00000512	0x00	0x68
SPI [1]	result	0.11220087	0.00000512	0x00	0x00
SPI [1]	result	0.11220615	0.00000512	0x00	0x00
SPI [1]	result	0.11221143	0.00000512	0x00	0x00
SPI [1]	result	0.11221671	0.00000512	0x00	0x00
SPI [1]	result	0.11222199	0.00000512	0x00	0x00
SPI [1]	result	0.11222727	0.00000512	0x00	0x00
SPI [1]	result	0.11223255	0.00000512	0x00	0x00
SPI [1]	result	0.11223783	0.00000512	0x00	0x00
SPI [1]	result	0.11224311	0.00000512	0xEF	0x00
SPI [1]	result	0.11536855	0.00000512	0xFF	0xC3
SPI [1]	result	0.11537383	0.00000512	0xFF	0x3C
SPI [1]	result	0.11537911	0.00000512	0x53	0xA5
SPI [1]	result	0.11538439	0.00000512	0x50	0x5A
SPI [1]	result	0.11538967	0.00000512	0x58	0x00
SPI [1]	result	0.11539495	0.00000512	0x31	0x00
SPI [1]	result	0.11540023	0.00000512	0x00	0x00
SPI [1]	result	0.11540551	0.00000512	0x00	0x00
SPI [1]	result	0.11541079	0.00000512	0x00	0x00
SPI [1]	result	0.11541607	0.00000512	0x00	0x00
SPI [1]	result	0.11542135	0.00000512	0x00	0x00
SPI [1]	result	0.11542663	0.00000512	0x00	0x00
SPI [1]	result	0.11543191	0.00000512	0x47	0x00
SPI [1]	result	0.11543719	0.00000512	0x46	0x0C
SPI [1]	result	0.11544247	0.00000512	0x58	0x33
SPI [1]	result	0.11544775	0.00000512	0x20	0xCA
SPI [1]	result	0.11545303	0.00000512	0x35	0x55
SPI [1]	result	0.11545831	0.00000512	0x30	0xA0
SPI [1]	result	0.11546359	0.00000512	0x53	0x00
SPI [1]	result	0.11546887	0.00000512	0x00	0x00
SPI [1]	result	0.11547415	0.00000512	0x00	0x00
SPI [1]	result	0.11547943	0.00000512	0x00	0x00
SPI [1]	result	0.11548471	0.00000512	0x00	0x00
SPI [1]	result	0.11548999	0.00000512	0x00	0x00
SPI [1]	result	0.11549527	0.00000512	0x00	0x00
SPI [1]	result	0.11550055	0.00000512	0x00	0x00
SPI [1]	result	0.11550583	0.00000512	0x00	0x00
SPI [1]	result	0.11551111	0.00000512	0x00	0xC3
SPI [1]	result	0.11551639	0.00000512	0x00	0x3C
SPI [1]	result	0.11552167	0.00000512	0x00	0xA5
SPI [1]	result	0.11552695	0.00000512	0x00	0x5A
SPI [1]	result	0.11553223	0.00000512	0x00	0x00
SPI [1]	result	0.11553751	0.00000512	0x47	0x00
SPI [1]	result	0.11554279	0.00000512	0x46	0x00
SPI [1]	result	0.11554807	0.00000512	0x58	0x00
SPI [1]	result	0.11555335	0.00000512	0x20	0x00
SPI [1]	result	0.11555863	0.00000512	0x35	0x00
SPI [1]	result	0.11556391	0.00000512	0x30	0x00
SPI [1]	result	0.11556919	0.00000512	0x53	0x00
SPI [1]	result	0.11557447	0.00000512	0x00	0x00
SPI [1]	result	0.11557975	0.00000512	0x00	0x0C
SPI [1]	result	0.11558503	0.00000512	0x00	0x33
SPI [1]	result	0.11559031	0.00000512	0x00	0xCA
SPI [1]	result	0.11559559	0.00000512	0x00	0x55
SPI [1]	result	0.11560087	0.00000512	0x00	0xA0
SPI [1]	result	0.11560615	0.00000512	0x00	0x00
SPI [1]	result	0.11561143	0.00000512	0x00	0x00
SPI [1]	result	0.11561671	0.00000512	0x35	0x00
SPI [1]	result	0.11562199	0.00000512	0x39	0x00
SPI [1]	result	0.11562727	0.00000512	0x33	0x00
SPI [1]	result	0.11563255	0.00000512	0x35	0x00
SPI [1]	result	0.11563783	0.00000512	0x33	0x00
SPI [1]	result	0.11564311	0.00000512	0x33	0x00
SPI [1]	result	0.11564839	0.00000512	0x33	0x00
SPI [1]	result	0.11565367	0.00000512	0x31	0xC3
SPI [1]	result	0.11565895	0.00000512	0x33	0x3C
SPI [1]	result	0.11566423	0.00000512	0x36	0xA5
SPI [1]	result	0.11566951	0.00000512	0x33	0x5A
SPI [1]	result	0.11567479	0.00000512	0x31	0x00
SPI [1]	result	0.11568007	0.00000512	0x31	0x00
SPI [1]	result	0.11568535	0.00000512	0x37	0x00
SPI [1]	result	0.11569063	0.00000512	0x30	0x00
SPI [1]	result	0.11569591	0.00000512	0x32	0x00
SPI [1]	result	0.11570119	0.00000512	0x31	0x00
SPI [1]	result	0.11570647	0.00000512	0x36	0x00
SPI [1]	result	0.11571175	0.00000512	0x37	0x00
SPI [1]	result	0.11571703	0.00000512	0x30	0x00
SPI [1]	result	0.11572231	0.00000512	0x32	0x0C
SPI [1]	result	0.11572759	0.00000512	0x30	0x33
SPI [1]	result	0.11573287	0.00000512	0x31	0xCA
SPI [1]	result	0.11573815	0.00000512	0x30	0x55
SPI [1]	result	0.11574343	0.00000512	0x31	0xA0
SPI [1]	result	0.11574871	0.00000512	0x31	0x00
SPI [1]	result	0.11575399	0.00000512	0x30	0x00
SPI [1]	result	0.11575927	0.00000512	0x36	0x00
SPI [1]	result	0.11576455	0.00000512	0x39	0x00
SPI [1]	result	0.11576983	0.00000512	0x41	0x00
SPI [1]	result	0.11577511	0.00000512	0x04	0x00
SPI [1]	result	0.11578039	0.00000512	0x20	0x00
SPI [1]	result	0.11578567	0.00000512	0x02	0x00
SPI [1]	result	0.11579095	0.00000512	0x16	0x00
SPI [1]	result	0.11579623	0.00000512	0x01	0xC3
SPI [1]	result	0.11580151	0.00000512	0x00	0x3C
SPI [1]	result	0.11580679	0.00000512	0x01	0xA5
SPI [1]	result	0.11581207	0.00000512	0x00	0x5A
SPI [1]	result	0.11581735	0.00000512	0x01	0x00
SPI [1]	result	0.11582263	0.00000512	0x00	0x00
SPI [1]	result	0.11582791	0.00000512	0x00	0x00
SPI [1]	result	0.11583319	0.00000512	0x00	0x00
SPI [1]	result	0.11583847	0.00000512	0x00	0x00
SPI [1]	result	0.11584375	0.00000512	0x00	0x00
SPI [1]	result	0.11584903	0.00000512	0x00	0x00
SPI [1]	result	0.11585431	0.00000512	0x00	0x00
SPI [1]	result	0.11585959	0.00000512	0x00	0x00
SPI [1]	result	0.11586487	0.00000512	0x00	0x0C
SPI [1]	result	0.11587015	0.00000512	0x00	0x33
SPI [1]	result	0.11587543	0.00000512	0x00	0xCA
SPI [1]	result	0.11588071	0.00000512	0x00	0x55
SPI [1]	result	0.11588599	0.00000512	0x00	0xA0
SPI [1]	result	0.11589127	0.00000512	0x00	0x00
SPI [1]	result	0.11589655	0.00000512	0x00	0x00
SPI [1]	result	0.11590183	0.00000512	0x00	0x00
SPI [1]	result	0.11590711	0.00000512	0x00	0x00
SPI [1]	result	0.11591239	0.00000512	0x00	0x00
SPI [1]	result	0.11591767	0.00000512	0x00	0x00
SPI [1]	result	0.11592295	0.00000512	0x00	0x00
SPI [1]	result	0.11592823	0.00000512	0x00	0x00
SPI [1]	result	0.11593351	0.00000512	0x00	0x00
SPI [1]	result	0.11593879	0.00000512	0x00	0xC3
SPI [1]	result	0.11594407	0.00000512	0x00	0x3C
SPI [1]	result	0.11594935	0.00000512	0x00	0xA5
SPI [1]	result	0.11595463	0.00000512	0x00	0x5A
SPI [1]	result	0.11595991	0.00000512	0x00	0x00
SPI [1]	result	0.11596519	0.00000512	0x00	0x00
SPI [1]	result	0.11597047	0.00000512	0x00	0x00
SPI [1]	result	0.11597575	0.00000512	0x00	0x00
SPI [1]	result	0.11598103	0.00000512	0x00	0x00
SPI [1]	result	0.11598631	0.00000512	0x00	0x00
SPI [1]	result	0.11599159	0.00000512	0x00	0x00
SPI [1]	result	0.11599687	0.00000512	0x00	0x00
SPI [1]	result	0.11600215	0.00000512	0x00	0x00
SPI [1]	result	0.11600743	0.00000512	0x00	0x0C
SPI [1]	result	0.11601271	0.00000512	0x00	0x33
SPI [1]	result	0.11601799	0.00000512	0x00	0xCA
SPI [1]	result	0.11602327	0.00000512	0x00	0x55
SPI [1]	result	0.11602855	0.00000512	0x00	0xA0
SPI [1]	result	0.11603383	0.00000512	0x00	0x00
SPI [1]	result	0.11603911	0.00000512	0x00	0x00
SPI [1]	result	0.11604439	0.00000512	0x00	0x00
SPI [1]	result	0.11604967	0.00000512	0x00	0x00
SPI [1]	result	0.11605495	0.00000512	0xED	0x00
SPI [1]	result	0.16348060	0.00000512	0x00	0xC3
SPI [1]	result	0.16348588	0.00000512	0x00	0x3C
SPI [1]	result	0.16349116	0.00000512	0x08	0xA5
SPI [1]	result	0.16349644	0.00000512	0x20	0x5A
SPI [1]	result	0.20346814	0.00000512	0x00	0xC3
SPI [1]	result	0.20347342	0.00000512	0x00	0x3C
SPI [1]	result	0.20347870	0.00000512	0x08	0xA5
SPI [1]	result	0.20348398	0.00000512	0x20	0x5A
SPI [1]	result	0.24347084	0.00000512	0x00	0xC3
SPI [1]	result	0.24347612	0.00000512	0x00	0x3C
SPI [1]	result	0.24348140	0.00000512	0x08	0xA5
SPI [1]	result	0.24348668	0.00000512	0x20	0x5A
SPI [1]	result	0.28346402	0.00000512	0x00	0xC3
SPI [1]	result	0.28346930	0.00000512	0x00	0x3C
SPI [1]	result	0.28347458	0.00000512	0x08	0xA5
SPI [1]	result	0.28347986	0.00000512	0x20	0x5A
SPI [1]	result	0.32346408	0.00000512	0x00	0xC3
SPI [1]	result	0.32346936	0.00000512	0x00	0x3C
SPI [1]	result	0.32347464	0.00000512	0x08	0xA5
SPI [1]	result	0.32347992	0.00000512	0x20	0x5A
SPI [1]	result	0.36346604	0.00000512	0x00	0xC3
SPI [1]	result	0.36347132	0.00000512	0x00	0x3C
SPI [1]	result	0.36347660	0.00000512	0x08	0xA5
SPI [1]	result	0.36348188	0.00000512	0x20	0x5A
SPI [1]	result	0.40346645	0.00000512	0x00	0xC3
SPI [1]	result	0.40347173	0.00000512	0x00	0x3C
SPI [1]	result	0.40347701	0.00000512	0x08	0xA5
SPI [1]	result	0.40348229	0.00000512	0x20	0x5A
SPI [1]	result	0.44347052	0.00000512	0x00	0xC3
SPI [1]	result	0.44347580	0.00000512	0x00	0x3C
SPI [1]	result	0.44348108	0.00000512	0x08	0xA5
SPI [1]	result	0.44348636	0.00000512	0x20	0x5A
SPI [1]	result	0.48346905	0.00000512	0x00	0xC3
SPI [1]	result	0.48347433	0.00000512	0x00	0x3C
SPI [1]	result	0.48347961	0.00000512	0x08	0xA5
SPI [1]	result	0.48348489	0.00000512	0x20	0x5A
SPI [1]	result	0.52346491	0.00000512	0x00	0xC3
SPI [1]	result	0.52347019	0.00000512	0x00	0x3C
SPI [1]	result	0.52347547	0.00000512	0x08	0xA5
SPI [1]	result	0.52348075	0.00000512	0x20	0x5A
SPI [1]	result	0.56346611	0.00000512	0x00	0xC3
SPI [1]	result	0.56347139	0.00000512	0x00	0x3C
SPI [1]	result	0.56347667	0.00000512	0x08	0xA5
SPI [1]	result	0.56348195	0.00000512	0x20	0x5A
SPI [1]	result	0.60349221	0.00000512	0x00	0xC3
SPI [1]	result	0.60349749	0.00000512	0x00	0x3C
SPI [1]	result	0.60350277	0.00000512	0x08	0xA5
SPI [1]	result	0.60350805	0.00000512	0x20	0x5A
SPI [1]	result	0.64350291	0.00000512	0x00	0xC3
SPI [1]	result	0.64350819	0.00000512	0x00	0x3C
SPI [1]	result	0.64351347	0.00000512	0x08	0xA5
SPI [1]	result	0.64351875	0.00000512	0x20	0x5A
SPI [1]	result	0.68348243	0.00000512	0x00	0xC3
SPI [1]	result	0.68348771	0.00000512	0x00	0x3C
SPI [1]	result	0.68349299	0.00000512	0x08	0xA5
SPI [1]	result	0.68349827	0.00000512	0x20	0x5A
SPI [1]	result	0.72348359	0.00000512	0x00	0xC3
SPI [1]	result	0.72348887	0.00000512	0x00	0x3C
SPI [1]	result	0.72349415	0.00000512	0x08	0xA5
SPI [1]	result	0.72349943	0.00000512	0x20	0x5A
SPI [1]	result	0.76348510	0.00000512	0x00	0xC3
SPI [1]	result	0.76349038	0.00000512	0x00	0x3C
SPI [1]	result	0.76349566	0.00000512	0x08	0xA5
SPI [1]	result	0.76350094	0.00000512	0x20	0x5A
SPI [1]	result	0.80348469	0.00000512	0x00	0xC3
SPI [1]	result	0.80348997	0.00000512	0x00	0x3C
SPI [1]	result	0.80349525	0.00000512	0x08	0xA5
SPI [1]	result	0.80350053	0.00000512	0x20	0x5A
SPI [1]	result	0.84347273	0.00000512	0x00	0xC3
SPI [1]	result	0.84347801	0.00000512	0x00	0x3C
SPI [1]	result	0.84348329	0.00000512	0x08	0xA5
SPI [1]	result	0.84348857	0.00000512	0x20	0x5A
SPI [1]	result	0.88346734	0.00000512	0x00	0xC3
SPI [1]	result	0.88347262	0.00000512	0x00	0x3C
SPI [1]	result	0.88347790	0.00000512	0x08	0xA5
SPI [1]	result	0.88348318	0.00000512	0x20	0x5A
SPI [1]	result	0.92346650	0.00000512	0x00	0xC3
SPI [1]	result	0.92347178	0.00000512	0x00	0x3C
SPI [1]	result	0.92347706	0.00000512	0x08	0xA5
SPI [1]	result	0.92348234	0.00000512	0x20	0x5A
SPI [1]	result	0.96346608	0.00000512	0x00	0xC3
SPI [1]	result	0.96347136	0.00000512	0x00	0x3C
SPI [1]	result	0.96347664	0.00000512	0x08	0xA5
SPI [1]	result	0.96348192	0.00000512	0x20	0x5A
SPI [1]	result	1.00346428	0.00000512	0x00	0xC3
SPI [1]	result	1.00346956	0.00000512	0x00	0x3C
SPI [1]	result	1.00347484	0.00000512	0x08	0xA5
SPI [1]	result	1.00348012	0.00000512	0x20	0x5A
SPI [1]	result	1.04346342	0.00000512	0x00	0xC3
SPI [1]	result	1.04346870	0.00000512	0x00	0x3C
SPI [1]	result	1.04347398	0.00000512	0x08	0xA5
SPI [1]	result	1.04347926	0.00000512	0x20	0x5A
SPI [1]	result	1.08346404	0.00000512	0x00	0xC3
SPI [1]	result	1.08346932	0.00000512	0x00	0x3C
SPI [1]	result	1.08347460	0.00000512	0x08	0xA5
SPI [1]	result	1.08347988	0.00000512	0x20	0x5A
SPI [1]	result	1.12350172	0.00000512	0x00	0xC3
SPI [1]	result	1.12350700	0.00000512	0x00	0x3C
SPI [1]	result	1.12351228	0.00000512	0x08	0xA5
SPI [1]	result	1.12351756	0.00000512	0x20	0x5A
SPI [1]	result	1.12462369	0.00000512	0xA5	0xC3
SPI [1]	result	1.12462897	0.00000512	0x5A	0x3C
SPI [1]	result	1.12463425	0.00000512	0x3C	0xA5
SPI [1]	result	1.12463953	0.00000512	0xC3	0x5A
SPI [1]	result	1.12507509	0.00000512	0x80	0xA5
SPI [1]	result	1.12508037	0.00000512	0x20	0x5A
SPI [1]	result	1.12508565	0.00000512	0x28	0x3C
SPI [1]	result	1.12509093	0.00000512	0x24	0xC3
SPI [1]	result	1.12553365	0.00000512	0x08	0x08
SPI [1]	result	1.12553893	0.00000512	0x10	0x10
SPI [1]	result	1.12554421	0.00000512	0x80	0xA8
SPI [1]	result	1.12554949	0.00000512	0x22	0x06
SPI [1]	result	1.12601344	0.00000512	0x00	0x08
SPI [1]	result	1.12601872	0.00000512	0x00	0x00
SPI [1]	result	1.12602400	0.00000512	0x00	0xA8
SPI [1]	result	1.12602928	0.00000512	0x00	0x36
SPI [1]	result	1.12643944	0.00000512	0x08	0x00
SPI [1]	result	1.12644472	0.00000512	0x00	0xF3
SPI [1]	result	1.12645000	0.00000512	0xA8	0x03
SPI [1]	result	1.12645528	0.00000512	0x36	0xE8
SPI [1]	result	1.12703125	0.00000512	0x08	0xC3
SPI [1]	result	1.12703653	0.00000512	0x00	0x3C
SPI [1]	result	1.12704181	0.00000512	0x83	0xA5
SPI [1]	result	1.12704709	0.00000512	0xE2	0x5A
SPI [1]	result	1.12746466	0.00000512	0x00	0xC3
SPI [1]	result	1.12746994	0.00000512	0x00	0x3C
SPI [1]	result	1.12747522	0.00000512	0x00	0xA5
SPI [1]	result	1.12748050	0.00000512	0x00	0x5A
SPI [1]	result	1.12788369	0.00000512	0x00	0xC3
SPI [1]	result	1.12788897	0.00000512	0x00	0x3C
SPI [1]	result	1.12789425	0.00000512	0x00	0xA5
SPI [1]	result	1.12789953	0.00000512	0x00	0x5A
SPI [1]	result	1.12830134	0.00000512	0x00	0xC3
SPI [1]	result	1.12830662	0.00000512	0x00	0x3C
SPI [1]	result	1.12831190	0.00000512	0x00	0xA5
SPI [1]	result	1.12831718	0.00000512	0x00	0x5A
SPI [1]	result	1.12871898	0.00000512	0x00	0xC3
SPI [1]	result	1.12872426	0.00000512	0x00	0x3C
SPI [1]	result	1.12872954	0.00000512	0x00	0xA5
SPI [1]	result	1.12873482	0.00000512	0x00	0x5A
SPI [1]	result	1.12913805	0.00000512	0x00	0xC3
SPI [1]	result	1.12914333	0.00000512	0x00	0x3C
SPI [1]	result	1.12914861	0.00000512	0x00	0xA5
SPI [1]	result	1.12915389	0.00000512	0x00	0x5A
SPI [1]	result	1.12955559	0.00000512	0x00	0xC3
SPI [1]	result	1.12956087	0.00000512	0x00	0x3C
SPI [1]	result	1.12956615	0.00000512	0x00	0xA5
SPI [1]	result	1.12957143	0.00000512	0x00	0x5A
SPI [1]	result	1.12997331	0.00000512	0x00	0xC3
SPI [1]	result	1.12997859	0.00000512	0x00	0x3C
SPI [1]	result	1.12998387	0.00000512	0x00	0xA5
SPI [1]	result	1.12998915	0.00000512	0x00	0x5A
SPI [1]	result	1.13038801	0.00000512	0x00	0xC3
SPI [1]	result	1.13039329	0.00000512	0x00	0x3C
SPI [1]	result	1.13039857	0.00000512	0x00	0xA5
SPI [1]	result	1.13040385	0.00000512	0x00	0x5A
SPI [1]	result	1.13080468	0.00000512	0x00	0xC3
SPI [1]	result	1.13080996	0.00000512	0x00	0x3C
SPI [1]	result	1.13081524	0.00000512	0x00	0xA5
SPI [1]	result	1.13082052	0.00000512	0x00	0x5A
SPI [1]	result	1.13121817	0.00000512	0x00	0xC3
SPI [1]	result	1.13122345	0.00000512	0x00	0x3C
SPI [1]	result	1.13122873	0.00000512	0x00	0xA5
SPI [1]	result	1.13123401	0.00000512	0x00	0x5A
SPI [1]	result	1.13166895	0.00000512	0x00	0xC3
SPI [1]	result	1.13167423	0.00000512	0x00	0x3C
SPI [1]	result	1.13167951	0.00000512	0x3F	0xA5
SPI [1]	result	1.13168479	0.00000512	0xC6	0x5A
SPI [1]	result	1.13253318	0.00000512	0x08	0xC3
SPI [1]	result	1.13253846	0.00000512	0x10	0x3C
SPI [1]	result	1.13254374	0.00000512	0x80	0xA5
SPI [1]	result	1.13254902	0.00000512	0x22	0x5A
SPI [1]	result	1.13588511	0.00000512	0x00	0xC3
SPI [1]	result	1.13589039	0.00000512	0x00	0x3C
SPI [1]	result	1.13589567	0.00000512	0x00	0xA5
SPI [1]	result	1.13590095	0.00000512	0x00	0x5A
SPI [1]	result	1.13673111	0.00000512	0x08	0xC3
SPI [1]	result	1.13673639	0.00000512	0x00	0x3C
SPI [1]	result	1.13674167	0.00000512	0xBF	0xA5
SPI [1]	result	1.13674695	0.00000512	0xD8	0x5A
SPI [1]	result	1.13928420	0.00000512	0xB8	0xC3
SPI [1]	result	1.13928948	0.00000512	0x01	0x3C
SPI [1]	result	1.13929476	0.00000512	0x06	0xA5
SPI [1]	result	1.13930004	0.00000512	0x26	0x5A
SPI [1]	result	1.14012448	0.00000512	0x09	0x00
SPI [1]	result	1.14012976	0.00000512	0x10	0x00
SPI [1]	result	1.14013504	0.00000512	0x80	0x00
SPI [1]	result	1.14014032	0.00000512	0x2A	0x0C
SPI [1]	result	1.14066123	0.00000512	0x00	0x33
SPI [1]	result	1.14066651	0.00000512	0x00	0xCA
SPI [1]	result	1.14067179	0.00000512	0x05	0x55
SPI [1]	result	1.14067707	0.00000512	0x14	0xA0
SPI [1]	result	1.14144719	0.00000512	0x0A	0xC3
SPI [1]	result	1.14145247	0.00000512	0x00	0x3C
SPI [1]	result	1.14145775	0.00000512	0x86	0xA5
SPI [1]	result	1.14146303	0.00000512	0x3A	0x5A
SPI [1]	result	1.14203493	0.00000512	0x00	0xC3
SPI [1]	result	1.14204021	0.00000512	0x00	0x3C
SPI [1]	result	1.14204549	0.00000512	0x00	0xA5
SPI [1]	result	1.14205077	0.00000512	0x00	0x5A
SPI [1]	result	1.14259698	0.00000512	0x08	0xC3
SPI [1]	result	1.14260226	0.00000512	0x00	0x3C
SPI [1]	result	1.14260754	0.00000512	0x85	0xA5
SPI [1]	result	1.14261282	0.00000512	0x26	0x5A
SPI [1]	result	1.14568887	0.00000512	0xFF	0xC3
SPI [1]	result	1.14569415	0.00000512	0xFF	0x3C
SPI [1]	result	1.14569943	0.00000512	0x00	0xA5
SPI [1]	result	1.14570471	0.00000512	0x00	0x5A
SPI [1]	result	1.14570999	0.00000512	0x00	0x00
SPI [1]	result	1.14571527	0.00000512	0x00	0x00
SPI [1]	result	1.14572055	0.00000512	0x00	0x00
SPI [1]	result	1.14572583	0.00000512	0x00	0x00
SPI [1]	result	1.14573111	0.00000512	0x00	0x00
SPI [1]	result	1.14573639	0.00000512	0x00	0x00
SPI [1]	result	1.14574167	0.00000512	0x00	0x00
SPI [1]	result	1.14574695	0.00000512	0x00	0x00
SPI [1]	result	1.14575223	0.00000512	0x00	0x00
SPI [1]	result	1.14575751	0.00000512	0x00	0x0C
SPI [1]	result	1.14576279	0.00000512	0x00	0x33
SPI [1]	result	1.14576807	0.00000512	0x00	0xCA
SPI [1]	result	1.14577335	0.00000512	0x00	0x55
SPI [1]	result	1.14577863	0.00000512	0x00	0xA0
SPI [1]	result	1.14578391	0.00000512	0x00	0x00
SPI [1]	result	1.14578919	0.00000512	0x00	0x00
SPI [1]	result	1.14579447	0.00000512	0x00	0x00
SPI [1]	result	1.14579975	0.00000512	0x00	0x00
SPI [1]	result	1.14580503	0.00000512	0x00	0x00
SPI [1]	result	1.14581031	0.00000512	0x00	0x00
SPI [1]	result	1.14581559	0.00000512	0x00	0x00
SPI [1]	result	1.14582087	0.00000512	0x00	0x00
SPI [1]	result	1.14582615	0.00000512	0x00	0x00
SPI [1]	result	1.14583143	0.00000512	0x00	0xC3
SPI [1]	result	1.14583671	0.00000512	0x00	0x3C
SPI [1]	result	1.14584199	0.00000512	0x00	0xA5
SPI [1]	result	1.14584727	0.00000512	0x00	0x5A
SPI [1]	result	1.14585255	0.00000512	0x00	0x00
SPI [1]	result	1.14585783	0.00000512	0x00	0x00
SPI [1]	result	1.14586311	0.00000512	0x00	0x00
SPI [1]	result	1.14586839	0.00000512	0x00	0x00
SPI [1]	result	1.14587367	0.00000512	0x00	0x00
SPI [1]	result	1.14587895	0.00000512	0x00	0x00
SPI [1]	result	1.14588423	0.00000512	0x00	0x00
SPI [1]	result	1.14588951	0.00000512	0x00	0x00
SPI [1]	result	1.14589479	0.00000512	0x00	0x00
SPI [1]	result	1.14590007	0.00000512	0x00	0x0C
SPI [1]	result	1.14590535	0.00000512	0x00	0x33
SPI [1]	result	1.14591063	0.00000512	0x00	0xCA
SPI [1]	result	1.14591591	0.00000512	0x00	0x55
SPI [1]	result	1.14592119	0.00000512	0x00	0xA0
SPI [1]	result	1.14592647	0.00000512	0x00	0x00
SPI [1]	result	1.14593175	0.00000512	0x00	0x00
SPI [1]	result	1.14593703	0.00000512	0x00	0x00
SPI [1]	result	1.14594231	0.00000512	0x00	0x00
SPI [1]	result	1.14594759	0.00000512	0x00	0x00
SPI [1]	result	1.14595287	0.00000512	0x00	0x00
SPI [1]	result	1.14595815	0.00000512	0x00	0x00
SPI [1]	result	1.14596343	0.00000512	0x00	0x00
SPI [1]	result	1.14596871	0.00000512	0x00	0x00
SPI [1]	result	1.14597399	0.00000512	0x00	0xC3
SPI [1]	result	1.14597927	0.00000512	0x00	0x3C
SPI [1]	result	1.14598455	0.00000512	0x00	0xA5
SPI [1]	result	1.14598983	0.00000512	0x00	0x5A
SPI [1]	result	1.14599511	0.00000512	0x00	0x00
SPI [1]	result	1.14600039	0.00000512	0x00	0x00
SPI [1]	result	1.14600567	0.00000512	0x00	0x00
SPI [1]	result	1.14601095	0.00000512	0x00	0x00
SPI [1]	result	1.14601623	0.00000512	0x00	0x00
SPI [1]	result	1.14602151	0.00000512	0x00	0x00
SPI [1]	result	1.14602679	0.00000512	0x00	0x00
SPI [1]	result	1.14603207	0.00000512	0x00	0x00
SPI [1]	result	1.14603735	0.00000512	0x00	0x00
SPI [1]	result	1.14604263	0.00000512	0x00	0x0C
SPI [1]	result	1.14604791	0.00000512	0x00	0x33
SPI [1]	result	1.14605319	0.00000512	0x00	0xCA
SPI [1]	result	1.14605847	0.00000512	0x00	0x55
SPI [1]	result	1.14606375	0.00000512	0x00	0xA0
SPI [1]	result	1.14606903	0.00000512	0x00	0x00
SPI [1]	result	1.14607431	0.00000512	0x00	0x00
SPI [1]	result	1.14607959	0.00000512	0x00	0x00
SPI [1]	result	1.14608487	0.00000512	0x00	0x00
SPI [1]	result	1.14609015	0.00000512	0x00	0x00
SPI [1]	result	1.14609543	0.00000512	0x00	0x00
SPI [1]	result	1.14610071	0.00000512	0x00	0x00
SPI [1]	result	1.14610599	0.00000512	0x00	0x00
SPI [1]	result	1.14611127	0.00000512	0x00	0x00
SPI [1]	result	1.14611655	0.00000512	0x00	0xC3
SPI [1]	result	1.14612183	0.00000512	0x00	0x3F
SPI [1]	result	1.14612711	0.00000512	0x00	0xFF
SPI [1]	result	1.14613239	0.00000512	0x00	0xFF
SPI [1]	result	1.14613767	0.00000512	0x00	0xFF
SPI [1]	result	1.14614295	0.00000512	0x00	0xFF
SPI [1]	result	1.14614823	0.00000512	0x00	0xFF
SPI [1]	result	1.14615351	0.00000512	0x00	0xFF
SPI [1]	result	1.14615879	0.00000512	0x00	0xFF
SPI [1]	result	1.14616407	0.00000512	0x00	0xFF
SPI [1]	result	1.14616935	0.00000512	0x00	0x0C
SPI [1]	result	1.14617463	0.00000512	0x00	0xF2
SPI [1]	result	1.14617991	0.00000512	0x00	0x95
SPI [1]	result	1.14618519	0.00000512	0x00	0x68
SPI [1]	result	1.14619047	0.00000512	0x00	0x00
SPI [1]	result	1.14619575	0.00000512	0x00	0x00
SPI [1]	result	1.14620103	0.00000512	0x00	0x00
SPI [1]	result	1.14620631	0.00000512	0x00	0x00
SPI [1]	result	1.14621159	0.00000512	0x00	0x00
SPI [1]	result	1.14621687	0.00000512	0x00	0x00
SPI [1]	result	1.14622215	0.00000512	0x00	0x00
SPI [1]	result	1.14622743	0.00000512	0x00	0x00
SPI [1]	result	1.14623271	0.00000512	0x00	0x00
SPI [1]	result	1.14623799	0.00000512	0x00	0x30
SPI [1]	result	1.14624327	0.00000512	0x00	0xCF
SPI [1]	result	1.14624855	0.00000512	0x00	0x29
SPI [1]	result	1.14625383	0.00000512	0x00	0x56
SPI [1]	result	1.14625911	0.00000512	0x00	0x80
SPI [1]	result	1.14626439	0.00000512	0x00	0x00
SPI [1]	result	1.14626967	0.00000512	0x00	0x00
SPI [1]	result	1.14627495	0.00000512	0x00	0x00
SPI [1]	result	1.14628023	0.00000512	0x00	0x00
SPI [1]	result	1.14628551	0.00000512	0x00	0x00
SPI [1]	result	1.14629079	0.00000512	0x00	0x00
SPI [1]	result	1.14629607	0.00000512	0x00	0x00
SPI [1]	result	1.14630135	0.00000512	0x00	0x00
SPI [1]	result	1.14630663	0.00000512	0x00	0x03
SPI [1]	result	1.14631191	0.00000512	0x00	0x0C
SPI [1]	result	1.14631719	0.00000512	0x00	0xF2
SPI [1]	result	1.14632247	0.00000512	0x00	0x95
SPI [1]	result	1.14632775	0.00000512	0x00	0x68
SPI [1]	result	1.14633303	0.00000512	0x00	0x00
SPI [1]	result	1.14633831	0.00000512	0x00	0x00
SPI [1]	result	1.14634359	0.00000512	0x00	0x00
SPI [1]	result	1.14634887	0.00000512	0x00	0x00
SPI [1]	result	1.14635415	0.00000512	0x00	0x00
SPI [1]	result	1.14635943	0.00000512	0x00	0x00
SPI [1]	result	1.14636471	0.00000512	0x00	0x00
SPI [1]	result	1.14636999	0.00000512	0x00	0x00
SPI [1]	result	1.14637527	0.00000512	0x5A	0x00
SPI [1]	result	1.14950485	0.00000512	0xFF	0xC3
SPI [1]	result	1.14951013	0.00000512	0x00	0x3C
SPI [1]	result	1.14951541	0.00000512	0x00	0xA5
SPI [1]	result	1.14952069	0.00000512	0x00	0x5A
SPI [1]	result	1.14952597	0.00000512	0x00	0x00
SPI [1]	result	1.14953125	0.00000512	0x00	0x00
SPI [1]	result	1.14953653	0.00000512	0x00	0x00
SPI [1]	result	1.14954181	0.00000512	0x00	0x00
SPI [1]	result	1.14954709	0.00000512	0x00	0x00
SPI [1]	result	1.14955237	0.00000512	0x00	0x00
SPI [1]	result	1.14955765	0.00000512	0x00	0x00
SPI [1]	result	1.14956293	0.00000512	0x00	0x00
SPI [1]	result	1.14956821	0.00000512	0x00	0x00
SPI [1]	result	1.14957349	0.00000512	0x00	0x0C
SPI [1]	result	1.14957877	0.00000512	0x00	0x33
SPI [1]	result	1.14958405	0.00000512	0x00	0xCA
SPI [1]	result	1.14958933	0.00000512	0x00	0x55
SPI [1]	result	1.14959461	0.00000512	0x00	0xA0
SPI [1]	result	1.14959989	0.00000512	0x00	0x00
SPI [1]	result	1.14960517	0.00000512	0x00	0x00
SPI [1]	result	1.14961045	0.00000512	0x00	0x00
SPI [1]	result	1.14961573	0.00000512	0x00	0x00
SPI [1]	result	1.14962101	0.00000512	0x00	0x00
SPI [1]	result	1.14962629	0.00000512	0x00	0x00
SPI [1]	result	1.14963157	0.00000512	0x00	0x00
SPI [1]	result	1.14963685	0.00000512	0x00	0x00
SPI [1]	result	1.14964213	0.00000512	0x00	0x00
SPI [1]	result	1.14964741	0.00000512	0x00	0xC3
SPI [1]	result	1.14965269	0.00000512	0x00	0x3C
SPI [1]	result	1.14965797	0.00000512	0x00	0xA5
SPI [1]	result	1.14966325	0.00000512	0x00	0x5A
SPI [1]	result	1.14966853	0.00000512	0x00	0x00
SPI [1]	result	1.14967381	0.00000512	0x00	0x00
SPI [1]	result	1.14967909	0.00000512	0x00	0x00
SPI [1]	result	1.14968437	0.00000512	0x00	0x00
SPI [1]	result	1.14968965	0.00000512	0x00	0x00
SPI [1]	result	1.14969493	0.00000512	0x00	0x00
SPI [1]	result	1.14970021	0.00000512	0x00	0x00
SPI [1]	result	1.14970549	0.00000512	0x00	0x00
SPI [1]	result	1.14971077	0.00000512	0x00	0x00
SPI [1]	result	1.14971605	0.00000512	0x00	0x0C
SPI [1]	result	1.14972133	0.00000512	0x00	0x33
SPI [1]	result	1.14972661	0.00000512	0x00	0xCA
SPI [1]	result	1.14973189	0.00000512	0x00	0x55
SPI [1]	result	1.14973717	0.00000512	0x00	0xA0
SPI [1]	result	1.14974245	0.00000512	0x00	0x00
SPI [1]	result	1.14974773	0.00000512	0x00	0x00
SPI [1]	result	1.14975301	0.00000512	0x00	0x00
SPI [1]	result	1.14975829	0.00000512	0x00	0x00
SPI [1]	result	1.14976357	0.00000512	0x00	0x00
SPI [1]	result	1.14976885	0.00000512	0x00	0x00
SPI [1]	result	1.14977413	0.00000512	0x00	0x00
SPI [1]	result	1.14977941	0.00000512	0x00	0x00
SPI [1]	result	1.14978469	0.00000512	0x00	0x00
SPI [1]	result	1.14978997	0.00000512	0x00	0xC3
SPI [1]	result	1.14979525	0.00000512	0x00	0x3C
SPI [1]	result	1.14980053	0.00000512	0x00	0xA5
SPI [1]	result	1.14980581	0.00000512	0x00	0x5A
SPI [1]	result	1.14981109	0.00000512	0x00	0x00
SPI [1]	result	1.14981637	0.00000512	0x00	0x00
SPI [1]	result	1.14982165	0.00000512	0x00	0x00
SPI [1]	result	1.14982693	0.00000512	0x00	0x00
SPI [1]	result	1.14983221	0.00000512	0x00	0x00
SPI [1]	result	1.14983749	0.00000512	0x00	0x00
SPI [1]	result	1.14984277	0.00000512	0x00	0x00
SPI [1]	result	1.14984805	0.00000512	0x00	0x00
SPI [1]	result	1.14985333	0.00000512	0x00	0x00
SPI [1]	result	1.14985861	0.00000512	0x00	0x0C
SPI [1]	result	1.14986389	0.00000512	0x00	0x33
SPI [1]	result	1.14986917	0.00000512	0x00	0xCA
SPI [1]	result	1.14987445	0.00000512	0x00	0x55
SPI [1]	result	1.14987973	0.00000512	0x00	0xA0
SPI [1]	result	1.14988501	0.00000512	0x00	0x00
SPI [1]	result	1.14989029	0.00000512	0x00	0x00
SPI [1]	result	1.14989557	0.00000512	0x00	0x00
SPI [1]	result	1.14990085	0.00000512	0x00	0x00
SPI [1]	result	1.14990613	0.00000512	0x00	0x00
SPI [1]	result	1.14991141	0.00000512	0x00	0x00
SPI [1]	result	1.14991669	0.00000512	0x00	0x00
SPI [1]	result	1.14992197	0.00000512	0x00	0x00
SPI [1]	result	1.14992725	0.00000512	0x00	0x00
SPI [1]	result	1.14993253	0.00000512	0x00	0xC3
SPI [1]	result	1.14993781	0.00000512	0x00	0x3C
SPI [1]	result	1.14994309	0.00000512	0x00	0xA5
SPI [1]	result	1.14994837	0.00000512	0x00	0x5A
SPI [1]	result	1.14995365	0.00000512	0x00	0x00
SPI [1]	result	1.14995893	0.00000512	0x00	0x00
SPI [1]	result	1.14996421	0.00000512	0x00	0x00
SPI [1]	result	1.14996949	0.00000512	0x00	0x00
SPI [1]	result	1.14997477	0.00000512	0x00	0x00
SPI [1]	result	1.14998005	0.00000512	0x00	0x00
SPI [1]	result	1.14998533	0.00000512	0x00	0x00
SPI [1]	result	1.14999061	0.00000512	0x00	0x00
SPI [1]	result	1.14999589	0.00000512	0x00	0x00
SPI [1]	result	1.15000117	0.00000512	0x00	0x0C
SPI [1]	result	1.15000645	0.00000512	0x00	0x33
SPI [1]	result	1.15001173	0.00000512	0x00	0xCA
SPI [1]	result	1.15001701	0.00000512	0x00	0x55
SPI [1]	result	1.15002229	0.00000512	0x00	0xA0
SPI [1]	result	1.15002757	0.00000512	0x00	0x00
SPI [1]	result	1.15003285	0.00000512	0x00	0x00
SPI [1]	result	1.15003813	0.00000512	0x00	0x00
SPI [1]	result	1.15004341	0.00000512	0x00	0x00
SPI [1]	result	1.15004869	0.00000512	0x00	0x00
SPI [1]	result	1.15005397	0.00000512	0x00	0x00
SPI [1]	result	1.15005925	0.00000512	0x00	0x00
SPI [1]	result	1.15006453	0.00000512	0x00	0x00
SPI [1]	result	1.15006981	0.00000512	0x00	0x00
SPI [1]	result	1.15007509	0.00000512	0x00	0xC3
SPI [1]	result	1.15008037	0.00000512	0x00	0x3C
SPI [1]	result	1.15008565	0.00000512	0x00	0xA5
SPI [1]	result	1.15009093	0.00000512	0x00	0x5B
SPI [1]	result	1.15009621	0.00000512	0x00	0xFF
SPI [1]	result	1.15010149	0.00000512	0x00	0xFF
SPI [1]	result	1.15010677	0.00000512	0x00	0xFF
SPI [1]	result	1.15011205	0.00000512	0x00	0xFF
SPI [1]	result	1.15011733	0.00000512	0x00	0xFF
SPI [1]	result	1.15012261	0.00000512	0x00	0xFF
SPI [1]	result	1.15012789	0.00000512	0x00	0xFF
SPI [1]	result	1.15013317	0.00000512	0x00	0xFF
SPI [1]	result	1.15013845	0.00000512	0x00	0x0C
SPI [1]	result	1.15014373	0.00000512	0x00	0xF2
SPI [1]	result	1.15014901	0.00000512	0x00	0x95
SPI [1]	result	1.15015429	0.00000512	0x00	0x68
SPI [1]	result	1.15015957	0.00000512	0x00	0x00
SPI [1]	result	1.15016485	0.00000512	0x00	0x00
SPI [1]	result	1.15017013	0.00000512	0x00	0x00
SPI [1]	result	1.15017541	0.00000512	0x00	0x00
SPI [1]	result	1.15018069	0.00000512	0x00	0x00
SPI [1]	result	1.15018597	0.00000512	0x00	0x00
SPI [1]	result	1.15019125	0.00000512	0x5A	0x00
SPI [1]	result	1.15334132	0.00000512	0xB8	0xC3
SPI [1]	result	1.15334660	0.00000512	0x01	0x3C
SPI [1]	result	1.15335188	0.00000512	0x06	0xA5
SPI [1]	result	1.15335716	0.00000512	0x26	0x5A
SPI [1]	result	1.15414322	0.00000512	0x0B	0x00
SPI [1]	result	1.15414850	0.00000512	0x10	0x30
SPI [1]	result	1.15415378	0.00000512	0x80	0xCF
SPI [1]	result	1.15415906	0.00000512	0x3A	0x29
SPI [1]	result	1.15471122	0.00000512	0x00	0x56
SPI [1]	result	1.15471650	0.00000512	0x00	0x80
SPI [1]	result	1.15472178	0.00000512	0x05	0x00
SPI [1]	result	1.15472706	0.00000512	0x56	0x00
SPI [1]	result	1.15603995	0.00000512	0x0C	0xC3
SPI [1]	result	1.15604523	0.00000512	0x00	0x3C
SPI [1]	result	1.15605051	0.00000512	0x86	0xA5
SPI [1]	result	1.15605579	0.00000512	0x0A	0x5A
SPI [1]	result	1.15625324	0.00000512	0x00	0xC3
SPI [1]	result	1.15625852	0.00000512	0x00	0x3C
SPI [1]	result	1.15626380	0.00000512	0x00	0xA5
SPI [1]	result	1.15626908	0.00000512	0x00	0x5A
SPI [1]	result	1.15665869	0.00000512	0x08	0xC3
SPI [1]	result	1.15666397	0.00000512	0x00	0x3C
SPI [1]	result	1.15666925	0.00000512	0x85	0xA5
SPI [1]	result	1.15667453	0.00000512	0x68	0x5A
SPI [1]	result	1.15975867	0.00000512	0x00	0xC3
SPI [1]	result	1.15976395	0.00000512	0x00	0x3C
SPI [1]	result	1.15976923	0.00000512	0x53	0xA5
SPI [1]	result	1.15977451	0.00000512	0x50	0x5A
SPI [1]	result	1.15977979	0.00000512	0x58	0x00
SPI [1]	result	1.15978507	0.00000512	0x31	0x00
SPI [1]	result	1.15979035	0.00000512	0x00	0x00
SPI [1]	result	1.15979563	0.00000512	0x00	0x00
SPI [1]	result	1.15980091	0.00000512	0x00	0x00
SPI [1]	result	1.15980619	0.00000512	0x00	0x00
SPI [1]	result	1.15981147	0.00000512	0x00	0x00
SPI [1]	result	1.15981675	0.00000512	0x00	0x00
SPI [1]	result	1.15982203	0.00000512	0x47	0x00
SPI [1]	result	1.15982731	0.00000512	0x46	0x0C
SPI [1]	result	1.15983259	0.00000512	0x58	0x33
SPI [1]	result	1.15983787	0.00000512	0x20	0xCA
SPI [1]	result	1.15984315	0.00000512	0x35	0x55
SPI [1]	result	1.15984843	0.00000512	0x30	0xA0
SPI [1]	result	1.15985371	0.00000512	0x53	0x00
SPI [1]	result	1.15985899	0.00000512	0x00	0x00
SPI [1]	result	1.15986427	0.00000512	0x00	0x00
SPI [1]	result	1.15986955	0.00000512	0x00	0x00
SPI [1]	result	1.15987483	0.00000512	0x00	0x00
SPI [1]	result	1.15988011	0.00000512	0x00	0x00
SPI [1]	result	1.15988539	0.00000512	0x00	0x00
SPI [1]	result	1.15989067	0.00000512	0x00	0x00
SPI [1]	result	1.15989595	0.00000512	0x00	0x00
SPI [1]	result	1.15990123	0.00000512	0x00	0xC3
SPI [1]	result	1.15990651	0.00000512	0x00	0x3C
SPI [1]	result	1.15991179	0.00000512	0x00	0xA5
SPI [1]	result	1.15991707	0.00000512	0x00	0x5A
SPI [1]	result	1.15992235	0.00000512	0x00	0x00
SPI [1]	result	1.15992763	0.00000512	0x47	0x00
SPI [1]	result	1.15993291	0.00000512	0x46	0x00
SPI [1]	result	1.15993819	0.00000512	0x58	0x00
SPI [1]	result	1.15994347	0.00000512	0x20	0x00
SPI [1]	result	1.15994875	0.00000512	0x35	0x00
SPI [1]	result	1.15995403	0.00000512	0x30	0x00
SPI [1]	result	1.15995931	0.00000512	0x53	0x00
SPI [1]	result	1.15996459	0.00000512	0x00	0x00
SPI [1]	result	1.15996987	0.00000512	0x00	0x0C
SPI [1]	result	1.15997515	0.00000512	0x00	0x33
SPI [1]	result	1.15998043	0.00000512	0x00	0xCA
SPI [1]	result	1.15998571	0.00000512	0x00	0x55
SPI [1]	result	1.15999099	0.00000512	0x00	0xA0
SPI [1]	result	1.15999627	0.00000512	0x00	0x00
SPI [1]	result	1.16000155	0.00000512	0x00	0x00
SPI [1]	result	1.16000683	0.00000512	0x35	0x00
SPI [1]	result	1.16001211	0.00000512	0x39	0x00
SPI [1]	result	1.16001739	0.00000512	0x33	0x00
SPI [1]	result	1.16002267	0.00000512	0x35	0x00
SPI [1]	result	1.16002795	0.00000512	0x33	0x00
SPI [1]	result	1.16003323	0.00000512	0x33	0x00
SPI [1]	result	1.16003851	0.00000512	0x33	0x00
SPI [1]	result	1.16004379	0.00000512	0x31	0xC3
SPI [1]	result	1.16004907	0.00000512	0x33	0x3C
SPI [1]	result	1.16005435	0.00000512	0x36	0xA0
SPI [1]	result	1.16005963	0.00000512	0x33	0x00
SPI [1]	result	1.16006491	0.00000512	0x31	0x00
SPI [1]	result	1.16007019	0.00000512	0x31	0x00
SPI [1]	result	1.16007547	0.00000512	0x37	0x00
SPI [1]	result	1.16008075	0.00000512	0x30	0x00
SPI [1]	result	1.16008603	0.00000512	0x32	0x00
SPI [1]	result	1.16009131	0.00000512	0x31	0x00
SPI [1]	result	1.16009659	0.00000512	0x36	0x18
SPI [1]	result	1.16010187	0.00000512	0x37	0x67
SPI [1]	result	1.16010715	0.00000512	0x30	0x94
SPI [1]	result	1.16011243	0.00000512	0x32	0xAB
SPI [1]	result	1.16011771	0.00000512	0x30	0x40
SPI [1]	result	1.16012299	0.00000512	0x31	0x00
SPI [1]	result	1.16012827	0.00000512	0x30	0x00
SPI [1]	result	1.16013355	0.00000512	0x31	0x00
SPI [1]	result	1.16013883	0.00000512	0x31	0x00
SPI [1]	result	1.16014411	0.00000512	0x30	0x00
SPI [1]	result	1.16014939	0.00000512	0x36	0x00
SPI [1]	result	1.16015467	0.00000512	0x39	0x00
SPI [1]	result	1.16015995	0.00000512	0x41	0x00
SPI [1]	result	1.16016523	0.00000512	0x04	0x01
SPI [1]	result	1.16017051	0.00000512	0x20	0x86
SPI [1]	result	1.16017579	0.00000512	0x02	0x79
SPI [1]	result	1.16018107	0.00000512	0x16	0x4A
SPI [1]	result	1.16018635	0.00000512	0x01	0xB4
SPI [1]	result	1.16019163	0.00000512	0x00	0x00
SPI [1]	result	1.16019691	0.00000512	0x01	0x00
SPI [1]	result	1.16020219	0.00000512	0x00	0x00
SPI [1]	result	1.16020747	0.00000512	0x01	0x00
SPI [1]	result	1.16021275	0.00000512	0x00	0x00
SPI [1]	result	1.16021803	0.00000512	0x00	0x00
SPI [1]	result	1.16022331	0.00000512	0x00	0x00
SPI [1]	result	1.16022859	0.00000512	0x00	0x00
SPI [1]	result	1.16023387	0.00000512	0x00	0x00
SPI [1]	result	1.16023915	0.00000512	0x00	0x18
SPI [1]	result	1.16024443	0.00000512	0x00	0x67
SPI [1]	result	1.16024971	0.00000512	0x00	0x94
SPI [1]	result	1.16025499	0.00000512	0x00	0xAB
SPI [1]	result	1.16026027	0.00000512	0x00	0x40
SPI [1]	result	1.16026555	0.00000512	0x00	0x00
SPI [1]	result	1.16027083	0.00000512	0x00	0x00
SPI [1]	result	1.16027611	0.00000512	0x00	0x00
SPI [1]	result	1.16028139	0.00000512	0x00	0x00
SPI [1]	result	1.16028667	0.00000512	0x00	0x00
SPI [1]	result	1.16029195	0.00000512	0x00	0x00
SPI [1]	result	1.16029723	0.00000512	0x00	0x00
SPI [1]	result	1.16030251	0.00000512	0x00	0x00
SPI [1]	result	1.16030779	0.00000512	0x00	0x01
SPI [1]	result	1.16031307	0.00000512	0x00	0x86
SPI [1]	result	1.16031835	0.00000512	0x00	0x79
SPI [1]	result	1.16032363	0.00000512	0x00	0x4A
SPI [1]	result	1.16032891	0.00000512	0x00	0xB4
SPI [1]	result	1.16033419	0.00000512	0x00	0x00
SPI [1]	result	1.16033947	0.00000512	0x00	0x00
SPI [1]	result	1.16034475	0.00000512	0x00	0x00
SPI [1]	result	1.16035003	0.00000512	0x00	0x00
SPI [1]	result	1.16035531	0.00000512	0x00	0x00
SPI [1]	result	1.16036059	0.00000512	0x00	0x00
SPI [1]	result	1.16036587	0.00000512	0x00	0x00
SPI [1]	result	1.16037115	0.00000512	0x00	0x00
SPI [1]	result	1.16037643	0.00000512	0x00	0x00
SPI [1]	result	1.16038171	0.00000512	0x00	0x18
SPI [1]	result	1.16038699	0.00000512	0x00	0x67
SPI [1]	result	1.16039227	0.00000512	0x00	0x94
SPI [1]	result	1.16039755	0.00000512	0x00	0xAB
SPI [1]	result	1.16040283	0.00000512	0x00	0x40
SPI [1]	result	1.16040811	0.00000512	0x00	0x00
SPI [1]	result	1.16041339	0.00000512	0x00	0x00
SPI [1]	result	1.16041867	0.00000512	0x00	0x00
SPI [1]	result	1.16042395	0.00000512	0x00	0x00
SPI [1]	result	1.16042923	0.00000512	0x00	0x00
SPI [1]	result	1.16043451	0.00000512	0x00	0x00
SPI [1]	result	1.16043979	0.00000512	0x00	0x00
SPI [1]	result	1.16044507	0.00000512	0xEF	0x00
SPI [1]	result	1.16356924	0.00000512	0xFF	0xC3
SPI [1]	result	1.16357452	0.00000512	0xFF	0x3C
SPI [1]	result	1.16357980	0.00000512	0x53	0xA5
SPI [1]	result	1.16358508	0.00000512	0x50	0x5A
SPI [1]	result	1.16359036	0.00000512	0x58	0x00
SPI [1]	result	1.16359564	0.00000512	0x31	0x00
SPI [1]	result	1.16360092	0.00000512	0x00	0x00
SPI [1]	result	1.16360620	0.00000512	0x00	0x00
SPI [1]	result	1.16361148	0.00000512	0x00	0x00
SPI [1]	result	1.16361676	0.00000512	0x00	0x00
SPI [1]	result	1.16362204	0.00000512	0x00	0x00
SPI [1]	result	1.16362732	0.00000512	0x00	0x00
SPI [1]	result	1.16363260	0.00000512	0x47	0x00
SPI [1]	result	1.16363788	0.00000512	0x46	0x0C
SPI [1]	result	1.16364316	0.00000512	0x58	0x33
SPI [1]	result	1.16364844	0.00000512	0x20	0xCA
SPI [1]	result	1.16365372	0.00000512	0x35	0x55
SPI [1]	result	1.16365900	0.00000512	0x30	0xA0
SPI [1]	result	1.16366428	0.00000512	0x53	0x00
SPI [1]	result	1.16366956	0.00000512	0x00	0x00
SPI [1]	result	1.16367484	0.00000512	0x00	0x00
SPI [1]	result	1.16368012	0.00000512	0x00	0x00
SPI [1]	result	1.16368540	0.00000512	0x00	0x00
SPI [1]	result	1.16369068	0.00000512	0x00	0x00
SPI [1]	result	1.16369596	0.00000512	0x00	0x00
SPI [1]	result	1.16370124	0.00000512	0x00	0x00
SPI [1]	result	1.16370652	0.00000512	0x00	0x00
SPI [1]	result	1.16371180	0.00000512	0x00	0xC3
SPI [1]	result	1.16371708	0.00000512	0x00	0x3C
SPI [1]	result	1.16372236	0.00000512	0x00	0xA5
SPI [1]	result	1.16372764	0.00000512	0x00	0x5A
SPI [1]	result	1.16373292	0.00000512	0x00	0x00
SPI [1]	result	1.16373820	0.00000512	0x47	0x00
SPI [1]	result	1.16374348	0.00000512	0x46	0x00
SPI [1]	result	1.16374876	0.00000512	0x58	0x00
SPI [1]	result	1.16375404	0.00000512	0x20	0x00
SPI [1]	result	1.16375932	0.00000512	0x35	0x00
SPI [1]	result	1.16376460	0.00000512	0x30	0x00
SPI [1]	result	1.16376988	0.00000512	0x53	0x00
SPI [1]	result	1.16377516	0.00000512	0x00	0x00
SPI [1]	result	1.16378044	0.00000512	0x00	0x0C
SPI [1]	result	1.16378572	0.00000512	0x00	0x33
SPI [1]	result	1.16379100	0.00000512	0x00	0xCA
SPI [1]	result	1.16379628	0.00000512	0x00	0x55
SPI [1]	result	1.16380156	0.00000512	0x00	0xA0
SPI [1]	result	1.16380684	0.00000512	0x00	0x00
SPI [1]	result	1.16381212	0.00000512	0x00	0x00
SPI [1]	result	1.16381740	0.00000512	0x35	0x00
SPI [1]	result	1.16382268	0.00000512	0x39	0x00
SPI [1]	result	1.16382796	0.00000512	0x33	0x00
SPI [1]	result	1.16383324	0.00000512	0x35	0x00
SPI [1]	result	1.16383852	0.00000512	0x33	0x00
SPI [1]	result	1.16384380	0.00000512	0x33	0x00
SPI [1]	result	1.16384908	0.00000512	0x33	0x00
SPI [1]	result	1.16385436	0.00000512	0x31	0xC3
SPI [1]	result	1.16385964	0.00000512	0x33	0x3C
SPI [1]	result	1.16386492	0.00000512	0x36	0xA5
SPI [1]	result	1.16387020	0.00000512	0x33	0x5A
SPI [1]	result	1.16387548	0.00000512	0x31	0x00
SPI [1]	result	1.16388076	0.00000512	0x31	0x00
SPI [1]	result	1.16388604	0.00000512	0x37	0x00
SPI [1]	result	1.16389132	0.00000512	0x30	0x00
SPI [1]	result	1.16389660	0.00000512	0x32	0x00
SPI [1]	result	1.16390188	0.00000512	0x31	0x00
SPI [1]	result	1.16390716	0.00000512	0x36	0x00
SPI [1]	result	1.16391244	0.00000512	0x37	0x00
SPI [1]	result	1.16391772	0.00000512	0x30	0x00
SPI [1]	result	1.16392300	0.00000512	0x32	0x0C
SPI [1]	result	1.16392828	0.00000512	0x30	0x33
SPI [1]	result	1.16393356	0.00000512	0x31	0xCA
SPI [1]	result	1.16393884	0.00000512	0x30	0x55
SPI [1]	result	1.16394412	0.00000512	0x31	0xA0
SPI [1]	result	1.16394940	0.00000512	0x31	0x00
SPI [1]	result	1.16395468	0.00000512	0x30	0x00
SPI [1]	result	1.16395996	0.00000512	0x36	0x00
SPI [1]	result	1.16396524	0.00000512	0x39	0x00
SPI [1]	result	1.16397052	0.00000512	0x41	0x00
SPI [1]	result	1.16397580	0.00000512	0x04	0x00
SPI [1]	result	1.16398108	0.00000512	0x20	0x00
SPI [1]	result	1.16398636	0.00000512	0x02	0x00
SPI [1]	result	1.16399164	0.00000512	0x16	0x00
SPI [1]	result	1.16399692	0.00000512	0x01	0xC3
SPI [1]	result	1.16400220	0.00000512	0x00	0x3C
SPI [1]	result	1.16400748	0.00000512	0x01	0xA5
SPI [1]	result	1.16401276	0.00000512	0x00	0x5A
SPI [1]	result	1.16401804	0.00000512	0x01	0x00
SPI [1]	result	1.16402332	0.00000512	0x00	0x00
SPI [1]	result	1.16402860	0.00000512	0x00	0x00
SPI [1]	result	1.16403388	0.00000512	0x00	0x00
SPI [1]	result	1.16403916	0.00000512	0x00	0x00
SPI [1]	result	1.16404444	0.00000512	0x00	0x00
SPI [1]	result	1.16404972	0.00000512	0x00	0x00
SPI [1]	result	1.16405500	0.00000512	0x00	0x00
SPI [1]	result	1.16406028	0.00000512	0x00	0x00
SPI [1]	result	1.16406556	0.00000512	0x00	0x0C
SPI [1]	result	1.16407084	0.00000512	0x00	0x33
SPI [1]	result	1.16407612	0.00000512	0x00	0xCA
SPI [1]	result	1.16408140	0.00000512	0x00	0x55
SPI [1]	result	1.16408668	0.00000512	0x00	0xA0
SPI [1]	result	1.16409196	0.00000512	0x00	0x00
SPI [1]	result	1.16409724	0.00000512	0x00	0x00
SPI [1]	result	1.16410252	0.00000512	0x00	0x00
SPI [1]	result	1.16410780	0.00000512	0x00	0x00
SPI [1]	result	1.16411308	0.00000512	0x00	0x00
SPI [1]	result	1.16411836	0.00000512	0x00	0x00
SPI [1]	result	1.16412364	0.00000512	0x00	0x00
SPI [1]	result	1.16412892	0.00000512	0x00	0x00
SPI [1]	result	1.16413420	0.00000512	0x00	0x06
SPI [1]	result	1.16413948	0.00000512	0x00	0x19
SPI [1]	result	1.16414476	0.00000512	0x00	0xE5
SPI [1]	result	1.16415004	0.00000512	0x00	0x2A
SPI [1]	result	1.16415532	0.00000512	0x00	0xD0
SPI [1]	result	1.16416060	0.00000512	0x00	0x00
SPI [1]	result	1.16416588	0.00000512	0x00	0x00
SPI [1]	result	1.16417116	0.00000512	0x00	0x00
SPI [1]	result	1.16417644	0.00000512	0x00	0x00
SPI [1]	result	1.16418172	0.00000512	0x00	0x00
SPI [1]	result	1.16418700	0.00000512	0x00	0x00
SPI [1]	result	1.16419228	0.00000512	0x00	0x00
SPI [1]	result	1.16419756	0.00000512	0x00	0x00
SPI [1]	result	1.16420284	0.00000512	0x00	0x00
SPI [1]	result	1.16420812	0.00000512	0x00	0x61
SPI [1]	result	1.16421340	0.00000512	0x00	0x9E
SPI [1]	result	1.16421868	0.00000512	0x00	0x52
SPI [1]	result	1.16422396	0.00000512	0x00	0xAD
SPI [1]	result	1.16422924	0.00000512	0x00	0x00
SPI [1]	result	1.16423452	0.00000512	0x00	0x00
SPI [1]	result	1.16423980	0.00000512	0x00	0x00
SPI [1]	result	1.16424508	0.00000512	0x00	0x00
SPI [1]	result	1.16425036	0.00000512	0x00	0x00
SPI [1]	result	1.16425564	0.00000512	0xED	0x00
SPI [1]	result	2.21168662	0.00000512	0x00	0xC3
SPI [1]	result	2.21169190	0.00000512	0x00	0x3C
SPI [1]	result	2.21169718	0.00000512	0x08	0xA5
SPI [1]	result	2.21170246	0.00000512	0x20	0x5A
SPI [1]	result	2.25167643	0.00000512	0x00	0xC3
SPI [1]	result	2.25168171	0.00000512	0x00	0x3C
SPI [1]	result	2.25168699	0.00000512	0x08	0xA5
SPI [1]	result	2.25169227	0.00000512	0x20	0x5A
SPI [1]	result	2.29167046	0.00000512	0x00	0xC3
SPI [1]	result	2.29167574	0.00000512	0x00	0x3C
SPI [1]	result	2.29168102	0.00000512	0x08	0xA5
SPI [1]	result	2.29168630	0.00000512	0x20	0x5A
SPI [1]	result	2.33167169	0.00000512	0x00	0xC3
SPI [1]	result	2.33167697	0.00000512	0x00	0x3C
SPI [1]	result	2.33168225	0.00000512	0x08	0xA5
SPI [1]	result	2.33168753	0.00000512	0x20	0x5A
SPI [1]	result	2.37166931	0.00000512	0x00	0xC3
SPI [1]	result	2.37167459	0.00000512	0x00	0x3C
SPI [1]	result	2.37167987	0.00000512	0x08	0xA5
SPI [1]	result	2.37168515	0.00000512	0x20	0x5A
SPI [1]	result	2.41166884	0.00000512	0x00	0xC3
SPI [1]	result	2.41167412	0.00000512	0x00	0x3C
SPI [1]	result	2.41167940	0.00000512	0x08	0xA5
SPI [1]	result	2.41168468	0.00000512	0x20	0x5A
SPI [1]	result	2.45166809	0.00000512	0x00	0xC3
SPI [1]	result	2.45167337	0.00000512	0x00	0x3C
SPI [1]	result	2.45167865	0.00000512	0x08	0xA5
SPI [1]	result	2.45168393	0.00000512	0x20	0x5A
SPI [1]	result	2.49167560	0.00000512	0x00	0xC3
SPI [1]	result	2.49168088	0.00000512	0x00	0x3C
SPI [1]	result	2.49168616	0.00000512	0x08	0xA5
SPI [1]	result	2.49169144	0.00000512	0x20	0x5A
SPI [1]	result	2.53167315	0.00000512	0x00	0xC3
SPI [1]	result	2.53167843	0.00000512	0x00	0x3C
SPI [1]	result	2.53168371	0.00000512	0x08	0xA5
SPI [1]	result	2.53168899	0.00000512	0x20	0x5A
SPI [1]	result	2.57166926	0.00000512	0x00	0xC3
SPI [1]	result	2.57167454	0.00000512	0x00	0x3C
SPI [1]	result	2.57167982	0.00000512	0x08	0xA5
SPI [1]	result	2.57168510	0.00000512	0x20	0x5A
SPI [1]	result	2.61167077	0.00000512	0x00	0xC3
SPI [1]	result	2.61167605	0.00000512	0x00	0x3C
SPI [1]	result	2.61168133	0.00000512	0x08	0xA5
SPI [1]	result	2.61168661	0.00000512	0x20	0x5A
SPI [1]	result	2.65166920	0.00000512	0x00	0xC3
SPI [1]	result	2.65167448	0.00000512	0x00	0x3C
SPI [1]	result	2.65167976	0.00000512	0x08	0xA5
SPI [1]	result	2.65168504	0.00000512	0x20	0x5A
SPI [1]	result	2.69166879	0.00000512	0x00	0xC3
SPI [1]	result	2.69167407	0.00000512	0x00	0x3C
SPI [1]	result	2.69167935	0.00000512	0x08	0xA5
SPI [1]	result	2.69168463	0.00000512	0x20	0x5A
SPI [1]	result	2.73167124	0.00000512	0x00	0xC3
SPI [1]	result	2.73167652	0.00000512	0x00	0x3C
SPI [1]	result	2.73168180	0.00000512	0x08	0xA5
SPI [1]	result	2.73168708	0.00000512	0x20	0x5A
SPI [1]	result	2.77167203	0.00000512	0x00	0xC3
SPI [1]	result	2.77167731	0.00000512	0x00	0x3C
SPI [1]	result	2.77168259	0.00000512	0x08	0xA5
SPI [1]	result	2.77168787	0.00000512	0x20	0x5A
SPI [1]	result	2.81168195	0.00000512	0x00	0xC3
SPI [1]	result	2.81168723	0.00000512	0x00	0x3C
SPI [1]	result	2.81169251	0.00000512	0x08	0xA5
SPI [1]	result	2.81169779	0.00000512	0x20	0x5A
SPI [1]	result	2.85167227	0.00000512	0x00	0xC3
SPI [1]	result	2.85167755	0.00000512	0x00	0x3C
SPI [1]	result	2.85168283	0.00000512	0x08	0xA5
SPI [1]	result	2.85168811	0.00000512	0x20	0x5A
SPI [1]	result	2.89167788	0.00000512	0x00	0xC3
SPI [1]	result	2.89168316	0.00000512	0x00	0x3C
SPI [1]	result	2.89168844	0.00000512	0x08	0xA5
SPI [1]	result	2.89169372	0.00000512	0x20	0x5A
SPI [1]	result	2.93167411	0.00000512	0x00	0xC3
SPI [1]	result	2.93167939	0.00000512	0x00	0x3C
SPI [1]	result	2.93168467	0.00000512	0x08	0xA5
SPI [1]	result	2.93168995	0.00000512	0x20	0x5A
SPI [1]	result	2.97167242	0.00000512	0x00	0xC3
SPI [1]	result	2.97167770	0.00000512	0x00	0x3C
SPI [1]	result	2.97168298	0.00000512	0x08	0xA5
SPI [1]	result	2.97168826	0.00000512	0x20	0x5A
SPI [1]	result	3.01166758	0.00000512	0x00	0xC3
SPI [1]	result	3.01167286	0.00000512	0x00	0x3C
SPI [1]	result	3.01167814	0.00000512	0x08	0xA5
SPI [1]	result	3.01168342	0.00000512	0x20	0x5A
SPI [1]	result	3.05167007	0.00000512	0x00	0xC3
SPI [1]	result	3.05167535	0.00000512	0x00	0x3C
SPI [1]	result	3.05168063	0.00000512	0x08	0xA5
SPI [1]	result	3.05168591	0.00000512	0x20	0x5A
SPI [1]	result	3.09166908	0.00000512	0x00	0xC3
SPI [1]	result	3.09167436	0.00000512	0x00	0x3C
SPI [1]	result	3.09167964	0.00000512	0x08	0xA5
SPI [1]	result	3.09168492	0.00000512	0x20	0x5A
SPI [1]	result	3.13167105	0.00000512	0x00	0xC3
SPI [1]	result	3.13167633	0.00000512	0x00	0x3C
SPI [1]	result	3.13168161	0.00000512	0x08	0xA5
SPI [1]	result	3.13168689	0.00000512	0x20	0x5A
SPI [1]	result	3.17166669	0.00000512	0x00	0xC3
SPI [1]	result	3.17167197	0.00000512	0x00	0x3C
SPI [1]	result	3.17167725	0.00000512	0x08	0xA5
SPI [1]	result	3.17168253	0.00000512	0x20	0x5A
SPI [1]	result	3.17209969	0.00000512	0xA5	0xC3
SPI [1]	result	3.17210497	0.00000512	0x5A	0x3C
SPI [1]	result	3.17211025	0.00000512	0x3C	0xA5
SPI [1]	result	3.17211553	0.00000512	0xC3	0xFF
SPI [1]	result	3.17252271	0.00000512	0x80	0xC3
SPI [1]	result	3.17252799	0.00000512	0x20	0x3C
SPI [1]	result	3.17253327	0.00000512	0x28	0xA5
SPI [1]	result	3.17253855	0.00000512	0x24	0x5A
SPI [1]	result	3.17294176	0.00000512	0x08	0xC3
SPI [1]	result	3.17294704	0.00000512	0x10	0x3C
SPI [1]	result	3.17295232	0.00000512	0x80	0xA5
SPI [1]	result	3.17295760	0.00000512	0x22	0x5A
SPI [1]	result	3.17335922	0.00000512	0x00	0xC3
SPI [1]	result	3.17336450	0.00000512	0x00	0x3C
SPI [1]	result	3.17336978	0.00000512	0x00	0xA5
SPI [1]	result	3.17337506	0.00000512	0x00	0x5A
SPI [1]	result	3.17377800	0.00000512	0x08	0xC3
SPI [1]	result	3.17378328	0.00000512	0x00	0x3C
SPI [1]	result	3.17378856	0.00000512	0xA8	0xA5
SPI [1]	result	3.17379384	0.00000512	0x36	0x5A
SPI [1]	result	3.17419292	0.00000512	0x00	0xC3
SPI [1]	result	3.17419820	0.00000512	0x00	0x3C
SPI [1]	result	3.17420348	0.00000512	0x00	0xA5
SPI [1]	result	3.17420876	0.00000512	0x00	0x5A
SPI [1]	result	3.17461036	0.00000512	0x00	0xC3
SPI [1]	result	3.17461564	0.00000512	0x00	0x3C
SPI [1]	result	3.17462092	0.00000512	0x00	0xA5
SPI [1]	result	3.17462620	0.00000512	0x00	0x5A
SPI [1]	result	3.17502760	0.00000512	0x00	0xC3
SPI [1]	result	3.17503288	0.00000512	0x00	0x3C
SPI [1]	result	3.17503816	0.00000512	0x00	0xA5
SPI [1]	result	3.17504344	0.00000512	0x00	0x5A
SPI [1]	result	3.17544462	0.00000512	0x00	0xC3
SPI [1]	result	3.17544990	0.00000512	0x00	0x3C
SPI [1]	result	3.17545518	0.00000512	0x00	0xA5
SPI [1]	result	3.17546046	0.00000512	0x00	0x5A
SPI [1]	result	3.17586169	0.00000512	0x00	0xC3
SPI [1]	result	3.17586697	0.00000512	0x00	0x3C
SPI [1]	result	3.17587225	0.00000512	0x00	0xA5
SPI [1]	result	3.17587753	0.00000512	0x00	0x5A
SPI [1]	result	3.17628067	0.00000512	0x00	0xC3
SPI [1]	result	3.17628595	0.00000512	0x00	0x3C
SPI [1]	result	3.17629123	0.00000512	0x00	0xA5
SPI [1]	result	3.17629651	0.00000512	0x00	0x5A
SPI [1]	result	3.17669622	0.00000512	0x00	0xC3
SPI [1]	result	3.17670150	0.00000512	0x00	0x3C
SPI [1]	result	3.17670678	0.00000512	0x00	0xA5
SPI [1]	result	3.17671206	0.00000512	0x00	0x5A
SPI [1]	result	3.17711381	0.00000512	0x00	0xC3
SPI [1]	result	3.17711909	0.00000512	0x00	0x3C
SPI [1]	result	3.17712437	0.00000512	0x00	0xA5
SPI [1]	result	3.17712965	0.00000512	0x00	0x5A
SPI [1]	result	3.17753109	0.00000512	0x00	0xC3
SPI [1]	result	3.17753637	0.00000512	0x00	0x3C
SPI [1]	result	3.17754165	0.00000512	0x00	0xA5
SPI [1]	result	3.17754693	0.00000512	0x00	0x5A
SPI [1]	result	3.17795042	0.00000512	0x00	0xC3
SPI [1]	result	3.17795570	0.00000512	0x00	0x3C
SPI [1]	result	3.17796098	0.00000512	0x00	0xA5
SPI [1]	result	3.17796626	0.00000512	0x00	0x5A
SPI [1]	result	3.17836820	0.00000512	0x00	0xC3
SPI [1]	result	3.17837348	0.00000512	0x00	0x3C
SPI [1]	result	3.17837876	0.00000512	0x00	0xA5
SPI [1]	result	3.17838404	0.00000512	0x00	0x5A
SPI [1]	result	3.17884110	0.00000512	0x00	0xC3
SPI [1]	result	3.17884638	0.00000512	0x00	0x3C
SPI [1]	result	3.17885166	0.00000512	0x3F	0xA5
SPI [1]	result	3.17885694	0.00000512	0xC6	0x5A
SPI [1]	result	3.17970682	0.00000512	0x08	0xC3
SPI [1]	result	3.17971210	0.00000512	0x10	0x3C
SPI [1]	result	3.17971738	0.00000512	0x80	0xA5
SPI [1]	result	3.17972266	0.00000512	0x22	0x5A
SPI [1]	result	3.18305888	0.00000512	0x00	0xC3
SPI [1]	result	3.18306416	0.00000512	0x00	0x3C
SPI [1]	result	3.18306944	0.00000512	0x00	0xA5
SPI [1]	result	3.18307472	0.00000512	0x00	0x5A
SPI [1]	result	3.18390454	0.00000512	0x08	0xC3
SPI [1]	result	3.18390982	0.00000512	0x00	0x3C
SPI [1]	result	3.18391510	0.00000512	0xBF	0xA5
SPI [1]	result	3.18392038	0.00000512	0xD8	0x5A
SPI [1]	result	3.18645654	0.00000512	0xB8	0xC3
SPI [1]	result	3.18646182	0.00000512	0x01	0x3C
SPI [1]	result	3.18646710	0.00000512	0x06	0xA5
SPI [1]	result	3.18647238	0.00000512	0x26	0x5A
SPI [1]	result	3.18725474	0.00000512	0x09	0xC3
SPI [1]	result	3.18726002	0.00000512	0x10	0x3C
SPI [1]	result	3.18726530	0.00000512	0x80	0xA5
SPI [1]	result	3.18727058	0.00000512	0x2A	0x5A
SPI [1]	result	3.18783453	0.00000512	0x00	0xC3
SPI [1]	result	3.18783981	0.00000512	0x00	0x3C
SPI [1]	result	3.18784509	0.00000512	0x05	0xA5
SPI [1]	result	3.18785037	0.00000512	0x14	0x5A
SPI [1]	result	3.18862077	0.00000512	0x0A	0xC3
SPI [1]	result	3.18862605	0.00000512	0x00	0x3C
SPI [1]	result	3.18863133	0.00000512	0x86	0xA5
SPI [1]	result	3.18863661	0.00000512	0x3A	0x5A
SPI [1]	result	3.18920886	0.00000512	0x00	0xC3
SPI [1]	result	3.18921414	0.00000512	0x00	0x3C
SPI [1]	result	3.18921942	0.00000512	0x00	0xA5
SPI [1]	result	3.18922470	0.00000512	0x00	0x5A
SPI [1]	result	3.18977053	0.00000512	0x08	0xC3
SPI [1]	result	3.18977581	0.00000512	0x00	0x3C
SPI [1]	result	3.18978109	0.00000512	0x85	0xA5
SPI [1]	result	3.18978637	0.00000512	0x26	0x5A
SPI [1]	result	3.19286262	0.00000512	0xFF	0xC3
SPI [1]	result	3.19286790	0.00000512	0xFF	0x3C
SPI [1]	result	3.19287318	0.00000512	0x00	0xA5
SPI [1]	result	3.19287846	0.00000512	0x00	0x5A
SPI [1]	result	3.19288374	0.00000512	0x00	0x00
SPI [1]	result	3.19288902	0.00000512	0x00	0x00
SPI [1]	result	3.19289430	0.00000512	0x00	0x00
SPI [1]	result	3.19289958	0.00000512	0x00	0x00
SPI [1]	result	3.19290486	0.00000512	0x00	0x00
SPI [1]	result	3.19291014	0.00000512	0x00	0x00
SPI [1]	result	3.19291542	0.00000512	0x00	0x00
SPI [1]	result	3.19292070	0.00000512	0x00	0x00
SPI [1]	result	3.19292598	0.00000512	0x00	0x00
SPI [1]	result	3.19293126	0.00000512	0x00	0x0C
SPI [1]	result	3.19293654	0.00000512	0x00	0x33
SPI [1]	result	3.19294182	0.00000512	0x00	0xCA
SPI [1]	result	3.19294710	0.00000512	0x00	0x55
SPI [1]	result	3.19295238	0.00000512	0x00	0xA0
SPI [1]	result	3.19295766	0.00000512	0x00	0x00
SPI [1]	result	3.19296294	0.00000512	0x00	0x00
SPI [1]	result	3.19296822	0.00000512	0x00	0x00
SPI [1]	result	3.19297350	0.00000512	0x00	0x00
SPI [1]	result	3.19297878	0.00000512	0x00	0x00
SPI [1]	result	3.19298406	0.00000512	0x00	0x00
SPI [1]	result	3.19298934	0.00000512	0x00	0x00
SPI [1]	result	3.19299462	0.00000512	0x00	0x00
SPI [1]	result	3.19299990	0.00000512	0x00	0x00
SPI [1]	result	3.19300518	0.00000512	0x00	0xC3
SPI [1]	result	3.19301046	0.00000512	0x00	0x3C
SPI [1]	result	3.19301574	0.00000512	0x00	0xA5
SPI [1]	result	3.19302102	0.00000512	0x00	0x5A
SPI [1]	result	3.19302630	0.00000512	0x00	0x00
SPI [1]	result	3.19303158	0.00000512	0x00	0x00
SPI [1]	result	3.19303686	0.00000512	0x00	0x00
SPI [1]	result	3.19304214	0.00000512	0x00	0x00
SPI [1]	result	3.19304742	0.00000512	0x00	0x00
SPI [1]	result	3.19305270	0.00000512	0x00	0x00
SPI [1]	result	3.19305798	0.00000512	0x00	0x00
SPI [1]	result	3.19306326	0.00000512	0x00	0x00
SPI [1]	result	3.19306854	0.00000512	0x00	0x00
SPI [1]	result	3.19307382	0.00000512	0x00	0x0C
SPI [1]	result	3.19307910	0.00000512	0x00	0x33
SPI [1]	result	3.19308438	0.00000512	0x00	0xCA
SPI [1]	result	3.19308966	0.00000512	0x00	0x55
SPI [1]	result	3.19309494	0.00000512	0x00	0xA0
SPI [1]	result	3.19310022	0.00000512	0x00	0x00
SPI [1]	result	3.19310550	0.00000512	0x00	0x00
SPI [1]	result	3.19311078	0.00000512	0x00	0x00
SPI [1]	result	3.19311606	0.00000512	0x00	0x00
SPI [1]	result	3.19312134	0.00000512	0x00	0x00
SPI [1]	result	3.19312662	0.00000512	0x00	0x00
SPI [1]	result	3.19313190	0.00000512	0x00	0x00
SPI [1]	result	3.19313718	0.00000512	0x00	0x00
SPI [1]	result	3.19314246	0.00000512	0x00	0x00
SPI [1]	result	3.19314774	0.00000512	0x00	0xC3
SPI [1]	result	3.19315302	0.00000512	0x00	0x3C
SPI [1]	result	3.19315830	0.00000512	0x00	0xA5
SPI [1]	result	3.19316358	0.00000512	0x00	0x5A
SPI [1]	result	3.19316886	0.00000512	0x00	0x00
SPI [1]	result	3.19317414	0.00000512	0x00	0x00
SPI [1]	result	3.19317942	0.00000512	0x00	0x00
SPI [1]	result	3.19318470	0.00000512	0x00	0x00
SPI [1]	result	3.19318998	0.00000512	0x00	0x00
SPI [1]	result	3.19319526	0.00000512	0x00	0x00
SPI [1]	result	3.19320054	0.00000512	0x00	0x00
SPI [1]	result	3.19320582	0.00000512	0x00	0x00
SPI [1]	result	3.19321110	0.00000512	0x00	0x00
SPI [1]	result	3.19321638	0.00000512	0x00	0x0C
SPI [1]	result	3.19322166	0.00000512	0x00	0x33
SPI [1]	result	3.19322694	0.00000512	0x00	0xCA
SPI [1]	result	3.19323222	0.00000512	0x00	0x55
SPI [1]	result	3.19323750	0.00000512	0x00	0xA0
SPI [1]	result	3.19324278	0.00000512	0x00	0x00
SPI [1]	result	3.19324806	0.00000512	0x00	0x00
SPI [1]	result	3.19325334	0.00000512	0x00	0x00
SPI [1]	result	3.19325862	0.00000512	0x00	0x00
SPI [1]	result	3.19326390	0.00000512	0x00	0x00
SPI [1]	result	3.19326918	0.00000512	0x00	0x00
SPI [1]	result	3.19327446	0.00000512	0x00	0x00
SPI [1]	result	3.19327974	0.00000512	0x00	0x00
SPI [1]	result	3.19328502	0.00000512	0x00	0x00
SPI [1]	result	3.19329030	0.00000512	0x00	0xC3
SPI [1]	result	3.19329558	0.00000512	0x00	0x3C
SPI [1]	result	3.19330086	0.00000512	0x00	0xA5
SPI [1]	result	3.19330614	0.00000512	0x00	0x5A
SPI [1]	result	3.19331142	0.00000512	0x00	0x00
SPI [1]	result	3.19331670	0.00000512	0x00	0x00
SPI [1]	result	3.19332198	0.00000512	0x00	0x00
SPI [1]	result	3.19332726	0.00000512	0x00	0x00
SPI [1]	result	3.19333254	0.00000512	0x00	0x00
SPI [1]	result	3.19333782	0.00000512	0x00	0x00
SPI [1]	result	3.19334310	0.00000512	0x00	0x00
SPI [1]	result	3.19334838	0.00000512	0x00	0x00
SPI [1]	result	3.19335366	0.00000512	0x00	0x00
SPI [1]	result	3.19335894	0.00000512	0x00	0x0C
SPI [1]	result	3.19336422	0.00000512	0x00	0x33
SPI [1]	result	3.19336950	0.00000512	0x00	0xCA
SPI [1]	result	3.19337478	0.00000512	0x00	0x55
SPI [1]	result	3.19338006	0.00000512	0x00	0xA0
SPI [1]	result	3.19338534	0.00000512	0x00	0x00
SPI [1]	result	3.19339062	0.00000512	0x00	0x00
SPI [1]	result	3.19339590	0.00000512	0x00	0x00
SPI [1]	result	3.19340118	0.00000512	0x00	0x00
SPI [1]	result	3.19340646	0.00000512	0x00	0x00
SPI [1]	result	3.19341174	0.00000512	0x00	0x00
SPI [1]	result	3.19341702	0.00000512	0x00	0x00
SPI [1]	result	3.19342230	0.00000512	0x00	0x00
SPI [1]	result	3.19342758	0.00000512	0x00	0x00
SPI [1]	result	3.19343286	0.00000512	0x00	0xC3
SPI [1]	result	3.19343814	0.00000512	0x00	0x3C
SPI [1]	result	3.19344342	0.00000512	0x00	0xA5
SPI [1]	result	3.19344870	0.00000512	0x00	0x5A
SPI [1]	result	3.19345398	0.00000512	0x00	0x00
SPI [1]	result	3.19345926	0.00000512	0x00	0x00
SPI [1]	result	3.19346454	0.00000512	0x00	0x00
SPI [1]	result	3.19346982	0.00000512	0x00	0x00
SPI [1]	result	3.19347510	0.00000512	0x00	0x00
SPI [1]	result	3.19348038	0.00000512	0x00	0x00
SPI [1]	result	3.19348566	0.00000512	0x00	0x00
SPI [1]	result	3.19349094	0.00000512	0x00	0x00
SPI [1]	result	3.19349622	0.00000512	0x00	0x00
SPI [1]	result	3.19350150	0.00000512	0x00	0x0C
SPI [1]	result	3.19350678	0.00000512	0x00	0x33
SPI [1]	result	3.19351206	0.00000512	0x00	0xCA
SPI [1]	result	3.19351734	0.00000512	0x00	0x55
SPI [1]	result	3.19352262	0.00000512	0x00	0xA0
SPI [1]	result	3.19352790	0.00000512	0x00	0x00
SPI [1]	result	3.19353318	0.00000512	0x00	0x00
SPI [1]	result	3.19353846	0.00000512	0x00	0x00
SPI [1]	result	3.19354374	0.00000512	0x00	0x00
SPI [1]	result	3.19354902	0.00000512	0x5A	0x00
SPI [1]	result	3.19667873	0.00000512	0xFF	0xC3
SPI [1]	result	3.19668401	0.00000512	0x00	0x3C
SPI [1]	result	3.19668929	0.00000512	0x00	0xA5
SPI [1]	result	3.19669457	0.00000512	0x00	0x5A
SPI [1]	result	3.19669985	0.00000512	0x00	0x00
SPI [1]	result	3.19670513	0.00000512	0x00	0x00
SPI [1]	result	3.19671041	0.00000512	0x00	0x00
SPI [1]	result	3.19671569	0.00000512	0x00	0x00
SPI [1]	result	3.19672097	0.00000512	0x00	0x00
SPI [1]	result	3.19672625	0.00000512	0x00	0x00
SPI [1]	result	3.19673153	0.00000512	0x00	0x00
SPI [1]	result	3.19673681	0.00000512	0x00	0x00
SPI [1]	result	3.19674209	0.00000512	0x00	0x00
SPI [1]	result	3.19674737	0.00000512	0x00	0x0C
SPI [1]	result	3.19675265	0.00000512	0x00	0x33
SPI [1]	result	3.19675793	0.00000512	0x00	0xCA
SPI [1]	result	3.19676321	0.00000512	0x00	0x55
SPI [1]	result	3.19676849	0.00000512	0x00	0xA0
SPI [1]	result	3.19677377	0.00000512	0x00	0x00
SPI [1]	result	3.19677905	0.00000512	0x00	0x00
SPI [1]	result	3.19678433	0.00000512	0x00	0x00
SPI [1]	result	3.19678961	0.00000512	0x00	0x00
SPI [1]	result	3.19679489	0.00000512	0x00	0x00
SPI [1]	result	3.19680017	0.00000512	0x00	0x00
SPI [1]	result	3.19680545	0.00000512	0x00	0x00
SPI [1]	result	3.19681073	0.00000512	0x00	0x00
SPI [1]	result	3.19681601	0.00000512	0x00	0x00
SPI [1]	result	3.19682129	0.00000512	0x00	0xC3
SPI [1]	result	3.19682657	0.00000512	0x00	0x3C
SPI [1]	result	3.19683185	0.00000512	0x00	0xA5
SPI [1]	result	3.19683713	0.00000512	0x00	0x5A
SPI [1]	result	3.19684241	0.00000512	0x00	0x00
SPI [1]	result	3.19684769	0.00000512	0x00	0x00
SPI [1]	result	3.19685297	0.00000512	0x00	0x00
SPI [1]	result	3.19685825	0.00000512	0x00	0x00
SPI [1]	result	3.19686353	0.00000512	0x00	0x00
SPI [1]	result	3.19686881	0.00000512	0x00	0x00
SPI [1]	result	3.19687409	0.00000512	0x00	0x00
SPI [1]	result	3.19687937	0.00000512	0x00	0x00
SPI [1]	result	3.19688465	0.00000512	0x00	0x00
SPI [1]	result	3.19688993	0.00000512	0x00	0x0C
SPI [1]	result	3.19689521	0.00000512	0x00	0x33
SPI [1]	result	3.19690049	0.00000512	0x00	0xCA
SPI [1]	result	3.19690577	0.00000512	0x00	0x55
SPI [1]	result	3.19691105	0.00000512	0x00	0xA0
SPI [1]	result	3.19691633	0.00000512	0x00	0x00
SPI [1]	result	3.19692161	0.00000512	0x00	0x00
SPI [1]	result	3.19692689	0.00000512	0x00	0x00
SPI [1]	result	3.19693217	0.00000512	0x00	0x00
SPI [1]	result	3.19693745	0.00000512	0x00	0x00
SPI [1]	result	3.19694273	0.00000512	0x00	0x00
SPI [1]	result	3.19694801	0.00000512	0x00	0x00
SPI [1]	result	3.19695329	0.00000512	0x00	0x00
SPI [1]	result	3.19695857	0.00000512	0x00	0x00
SPI [1]	result	3.19696385	0.00000512	0x00	0xC3
SPI [1]	result	3.19696913	0.00000512	0x00	0x3C
SPI [1]	result	3.19697441	0.00000512	0x00	0xA5
SPI [1]	result	3.19697969	0.00000512	0x00	0x5A
SPI [1]	result	3.19698497	0.00000512	0x00	0x00
SPI [1]	result	3.19699025	0.00000512	0x00	0x00
SPI [1]	result	3.19699553	0.00000512	0x00	0x00
SPI [1]	result	3.19700081	0.00000512	0x00	0x00
SPI [1]	result	3.19700609	0.00000512	0x00	0x00
SPI [1]	result	3.19701137	0.00000512	0x00	0x00
SPI [1]	result	3.19701665	0.00000512	0x00	0x00
SPI [1]	result	3.19702193	0.00000512	0x00	0x00
SPI [1]	result	3.19702721	0.00000512	0x00	0x00
SPI [1]	result	3.19703249	0.00000512	0x00	0x0C
SPI [1]	result	3.19703777	0.00000512	0x00	0x33
SPI [1]	result	3.19704305	0.00000512	0x00	0xCA
SPI [1]	result	3.19704833	0.00000512	0x00	0x55
SPI [1]	result	3.19705361	0.00000512	0x00	0xA0
SPI [1]	result	3.19705889	0.00000512	0x00	0x00
SPI [1]	result	3.19706417	0.00000512	0x00	0x00
SPI [1]	result	3.19706945	0.00000512	0x00	0x00
SPI [1]	result	3.19707473	0.00000512	0x00	0x00
SPI [1]	result	3.19708001	0.00000512	0x00	0x00
SPI [1]	result	3.19708529	0.00000512	0x00	0x00
SPI [1]	result	3.19709057	0.00000512	0x00	0x00
SPI [1]	result	3.19709585	0.00000512	0x00	0x00
SPI [1]	result	3.19710113	0.00000512	0x00	0x00
SPI [1]	result	3.19710641	0.00000512	0x00	0x43
SPI [1]	result	3.19711169	0.00000512	0x00	0x3C
SPI [1]	result	3.19711697	0.00000512	0x00	0xA5
SPI [1]	result	3.19712225	0.00000512	0x00	0x5A
SPI [1]	result	3.19712753	0.00000512	0x00	0x00
SPI [1]	result	3.19713281	0.00000512	0x00	0x00
SPI [1]	result	3.19713809	0.00000512	0x00	0x00
SPI [1]	result	3.19714337	0.00000512	0x00	0x00
SPI [1]	result	3.19714865	0.00000512	0x00	0x00
SPI [1]	result	3.19715393	0.00000512	0x00	0x00
SPI [1]	result	3.19715921	0.00000512	0x00	0x00
SPI [1]	result	3.19716449	0.00000512	0x00	0x00
SPI [1]	result	3.19716977	0.00000512	0x00	0x00
SPI [1]	result	3.19717505	0.00000512	0x00	0x0C
SPI [1]	result	3.19718033	0.00000512	0x00	0x33
SPI [1]	result	3.19718561	0.00000512	0x00	0xCA
SPI [1]	result	3.19719089	0.00000512	0x00	0x55
SPI [1]	result	3.19719617	0.00000512	0x00	0xA0
SPI [1]	result	3.19720145	0.00000512	0x00	0x00
SPI [1]	result	3.19720673	0.00000512	0x00	0x00
SPI [1]	result	3.19721201	0.00000512	0x00	0x00
SPI [1]	result	3.19721729	0.00000512	0x00	0x00
SPI [1]	result	3.19722257	0.00000512	0x00	0x00
SPI [1]	result	3.19722785	0.00000512	0x00	0x00
SPI [1]	result	3.19723313	0.00000512	0x00	0x00
SPI [1]	result	3.19723841	0.00000512	0x00	0x00
SPI [1]	result	3.19724369	0.00000512	0x00	0x00
SPI [1]	result	3.19724897	0.00000512	0x00	0x18
SPI [1]	result	3.19725425	0.00000512	0x00	0x67
SPI [1]	result	3.19725953	0.00000512	0x00	0x94
SPI [1]	result	3.19726481	0.00000512	0x00	0xAB
SPI [1]	result	3.19727009	0.00000512	0x00	0x40
SPI [1]	result	3.19727537	0.00000512	0x00	0x00
SPI [1]	result	3.19728065	0.00000512	0x00	0x00
SPI [1]	result	3.19728593	0.00000512	0x00	0x00
SPI [1]	result	3.19729121	0.00000512	0x00	0x00
SPI [1]	result	3.19729649	0.00000512	0x00	0x00
SPI [1]	result	3.19730177	0.00000512	0x00	0x00
SPI [1]	result	3.19730705	0.00000512	0x00	0x00
SPI [1]	result	3.19731233	0.00000512	0x00	0x00
SPI [1]	result	3.19731761	0.00000512	0x00	0x01
SPI [1]	result	3.19732289	0.00000512	0x00	0x86
SPI [1]	result	3.19732817	0.00000512	0x00	0x79
SPI [1]	result	3.19733345	0.00000512	0x00	0x4A
SPI [1]	result	3.19733873	0.00000512	0x00	0xB4
SPI [1]	result	3.19734401	0.00000512	0x00	0x00
SPI [1]	result	3.19734929	0.00000512	0x00	0x00
SPI [1]	result	3.19735457	0.00000512	0x00	0x00
SPI [1]	result	3.19735985	0.00000512	0x00	0x00
SPI [1]	result	3.19736513	0.00000512	0x5A	0x00
SPI [1]	result	3.20051478	0.00000512	0xB8	0xC3
SPI [1]	result	3.20052006	0.00000512	0x01	0x3C
SPI [1]	result	3.20052534	0.00000512	0x06	0xA5
SPI [1]	result	3.20053062	0.00000512	0x26	0x5A
SPI [1]	result	3.20131682	0.00000512	0x0B	0xC3
SPI [1]	result	3.20132210	0.00000512	0x10	0x3C
SPI [1]	result	3.20132738	0.00000512	0x80	0xA5
SPI [1]	result	3.20133266	0.00000512	0x3A	0x5A
SPI [1]	result	3.20188166	0.00000512	0x00	0xC3
SPI [1]	result	3.20188694	0.00000512	0x00	0x3C
SPI [1]	result	3.20189222	0.00000512	0x05	0xA5
SPI [1]	result	3.20189750	0.00000512	0x56	0x5A
SPI [1]	result	3.20267262	0.00000512	0x0C	0xC3
SPI [1]	result	3.20267790	0.00000512	0x00	0x3C
SPI [1]	result	3.20268318	0.00000512	0x86	0xA5
SPI [1]	result	3.20268846	0.00000512	0x0A	0x5A
SPI [1]	result	3.20325671	0.00000512	0x00	0xC3
SPI [1]	result	3.20326199	0.00000512	0x00	0x3C
SPI [1]	result	3.20326727	0.00000512	0x00	0xA5
SPI [1]	result	3.20327255	0.00000512	0x00	0x5A
SPI [1]	result	3.20383180	0.00000512	0x08	0xC3
SPI [1]	result	3.20383708	0.00000512	0x00	0x3C
SPI [1]	result	3.20384236	0.00000512	0x85	0xA5
SPI [1]	result	3.20384764	0.00000512	0x68	0x5A
SPI [1]	result	3.20693140	0.00000512	0x00	0xC3
SPI [1]	result	3.20693668	0.00000512	0x00	0x3C
SPI [1]	result	3.20694196	0.00000512	0x53	0xA5
SPI [1]	result	3.20694724	0.00000512	0x50	0x5A
SPI [1]	result	3.20695252	0.00000512	0x58	0x00
SPI [1]	result	3.20695780	0.00000512	0x31	0x00
SPI [1]	result	3.20696308	0.00000512	0x00	0x00
SPI [1]	result	3.20696836	0.00000512	0x00	0x00
SPI [1]	result	3.20697364	0.00000512	0x00	0x00
SPI [1]	result	3.20697892	0.00000512	0x00	0x00
SPI [1]	result	3.20698420	0.00000512	0x00	0x00
SPI [1]	result	3.20698948	0.00000512	0x00	0x00
SPI [1]	result	3.20699476	0.00000512	0x47	0x00
SPI [1]	result	3.20700004	0.00000512	0x46	0x0C
SPI [1]	result	3.20700532	0.00000512	0x58	0x33
SPI [1]	result	3.20701060	0.00000512	0x20	0xCA
SPI [1]	result	3.20701588	0.00000512	0x35	0x55
SPI [1]	result	3.20702116	0.00000512	0x30	0xA0
SPI [1]	result	3.20702644	0.00000512	0x53	0x00
SPI [1]	result	3.20703172	0.00000512	0x00	0x00
SPI [1]	result	3.20703700	0.00000512	0x00	0x00
SPI [1]	result	3.20704228	0.00000512	0x00	0x00
SPI [1]	result	3.20704756	0.00000512	0x00	0x00
SPI [1]	result	3.20705284	0.00000512	0x00	0x00
SPI [1]	result	3.20705812	0.00000512	0x00	0x00
SPI [1]	result	3.20706340	0.00000512	0x00	0x00
SPI [1]	result	3.20706868	0.00000512	0x00	0x00
SPI [1]	result	3.20707396	0.00000512	0x00	0xC3
SPI [1]	result	3.20707924	0.00000512	0x00	0x3C
SPI [1]	result	3.20708452	0.00000512	0x00	0xA5
SPI [1]	result	3.20708980	0.00000512	0x00	0x5A
SPI [1]	result	3.20709508	0.00000512	0x00	0x00
SPI [1]	result	3.20710036	0.00000512	0x47	0x00
SPI [1]	result	3.20710564	0.00000512	0x46	0x00
SPI [1]	result	3.20711092	0.00000512	0x58	0x00
SPI [1]	result	3.20711620	0.00000512	0x20	0x00
SPI [1]	result	3.20712148	0.00000512	0x35	0x00
SPI [1]	result	3.20712676	0.00000512	0x30	0x00
SPI [1]	result	3.20713204	0.00000512	0x53	0x00
SPI [1]	result	3.20713732	0.00000512	0x00	0x00
SPI [1]	result	3.20714260	0.00000512	0x00	0x0C
SPI [1]	result	3.20714788	0.00000512	0x00	0x33
SPI [1]	result	3.20715316	0.00000512	0x00	0xCA
SPI [1]	result	3.20715844	0.00000512	0x00	0x55
SPI [1]	result	3.20716372	0.00000512	0x00	0xA0
SPI [1]	result	3.20716900	0.00000512	0x00	0x00
SPI [1]	result	3.20717428	0.00000512	0x00	0x00
SPI [1]	result	3.20717956	0.00000512	0x35	0x00
SPI [1]	result	3.20718484	0.00000512	0x39	0x00
SPI [1]	result	3.20719012	0.00000512	0x33	0x00
SPI [1]	result	3.20719540	0.00000512	0x35	0x00
SPI [1]	result	3.20720068	0.00000512	0x33	0x00
SPI [1]	result	3.20720596	0.00000512	0x33	0x00
SPI [1]	result	3.20721124	0.00000512	0x33	0x00
SPI [1]	result	3.20721652	0.00000512	0x31	0xC3
SPI [1]	result	3.20722180	0.00000512	0x33	0x3C
SPI [1]	result	3.20722708	0.00000512	0x36	0xA5
SPI [1]	result	3.20723236	0.00000512	0x33	0x5A
SPI [1]	result	3.20723764	0.00000512	0x31	0x00
SPI [1]	result	3.20724292	0.00000512	0x31	0x00
SPI [1]	result	3.20724820	0.00000512	0x37	0x00
SPI [1]	result	3.20725348	0.00000512	0x30	0x00
SPI [1]	result	3.20725876	0.00000512	0x32	0x00
SPI [1]	result	3.20726404	0.00000512	0x31	0x00
SPI [1]	result	3.20726932	0.00000512	0x36	0x00
SPI [1]	result	3.20727460	0.00000512	0x37	0x00
SPI [1]	result	3.20727988	0.00000512	0x30	0x00
SPI [1]	result	3.20728516	0.00000512	0x32	0x0C
SPI [1]	result	3.20729044	0.00000512	0x30	0x33
SPI [1]	result	3.20729572	0.00000512	0x31	0xCA
SPI [1]	result	3.20730100	0.00000512	0x30	0x55
SPI [1]	result	3.20730628	0.00000512	0x31	0xA0
SPI [1]	result	3.20731156	0.00000512	0x31	0x00
SPI [1]	result	3.20731684	0.00000512	0x30	0x00
SPI [1]	result	3.20732212	0.00000512	0x36	0x00
SPI [1]	result	3.20732740	0.00000512	0x39	0x00
SPI [1]	result	3.20733268	0.00000512	0x41	0x00
SPI [1]	result	3.20733796	0.00000512	0x04	0x00
SPI [1]	result	3.20734324	0.00000512	0x20	0x00
SPI [1]	result	3.20734852	0.00000512	0x02	0x00
SPI [1]	result	3.20735380	0.00000512	0x16	0x00
SPI [1]	result	3.20735908	0.00000512	0x01	0xC3
SPI [1]	result	3.20736436	0.00000512	0x00	0x3C
SPI [1]	result	3.20736964	0.00000512	0x01	0xA5
SPI [1]	result	3.20737492	0.00000512	0x00	0x5A
SPI [1]	result	3.20738020	0.00000512	0x01	0x00
SPI [1]	result	3.20738548	0.00000512	0x00	0x00
SPI [1]	result	3.20739076	0.00000512	0x00	0x00
SPI [1]	result	3.20739604	0.00000512	0x00	0x00
SPI [1]	result	3.20740132	0.00000512	0x00	0x00
SPI [1]	result	3.20740660	0.00000512	0x00	0x00
SPI [1]	result	3.20741188	0.00000512	0x00	0x00
SPI [1]	result	3.20741716	0.00000512	0x00	0x00
SPI [1]	result	3.20742244	0.00000512	0x00	0x00
SPI [1]	result	3.20742772	0.00000512	0x00	0x0C
SPI [1]	result	3.20743300	0.00000512	0x00	0x33
SPI [1]	result	3.20743828	0.00000512	0x00	0xCA
SPI [1]	result	3.20744356	0.00000512	0x00	0x55
SPI [1]	result	3.20744884	0.00000512	0x00	0xA0
SPI [1]	result	3.20745412	0.00000512	0x00	0x00
SPI [1]	result	3.20745940	0.00000512	0x00	0x00
SPI [1]	result	3.20746468	0.00000512	0x00	0x00
SPI [1]	result	3.20746996	0.00000512	0x00	0x00
SPI [1]	result	3.20747524	0.00000512	0x00	0x00
SPI [1]	result	3.20748052	0.00000512	0x00	0x00
SPI [1]	result	3.20748580	0.00000512	0x00	0x00
SPI [1]	result	3.20749108	0.00000512	0x00	0x00
SPI [1]	result	3.20749636	0.00000512	0x00	0x00
SPI [1]	result	3.20750164	0.00000512	0x00	0xC3
SPI [1]	result	3.20750692	0.00000512	0x00	0x3C
SPI [1]	result	3.20751220	0.00000512	0x00	0xA5
SPI [1]	result	3.20751748	0.00000512	0x00	0x5A
SPI [1]	result	3.20752276	0.00000512	0x00	0x00
SPI [1]	result	3.20752804	0.00000512	0x00	0x00
SPI [1]	result	3.20753332	0.00000512	0x00	0x00
SPI [1]	result	3.20753860	0.00000512	0x00	0x00
SPI [1]	result	3.20754388	0.00000512	0x00	0x00
SPI [1]	result	3.20754916	0.00000512	0x00	0x00
SPI [1]	result	3.20755444	0.00000512	0x00	0x00
SPI [1]	result	3.20755972	0.00000512	0x00	0x00
SPI [1]	result	3.20756500	0.00000512	0x00	0x00
SPI [1]	result	3.20757028	0.00000512	0x00	0x0C
SPI [1]	result	3.20757556	0.00000512	0x00	0x33
SPI [1]	result	3.20758084	0.00000512	0x00	0xCA
SPI [1]	result	3.20758612	0.00000512	0x00	0x55
SPI [1]	result	3.20759140	0.00000512	0x00	0xA0
SPI [1]	result	3.20759668	0.00000512	0x00	0x00
SPI [1]	result	3.20760196	0.00000512	0x00	0x00
SPI [1]	result	3.20760724	0.00000512	0x00	0x00
SPI [1]	result	3.20761252	0.00000512	0x00	0x00
SPI [1]	result	3.20761780	0.00000512	0xEF	0x00
SPI [1]	result	3.21074334	0.00000512	0xFF	0xC3
SPI [1]	result	3.21074862	0.00000512	0xFF	0x3C
SPI [1]	result	3.21075390	0.00000512	0x53	0xA5
SPI [1]	result	3.21075918	0.00000512	0x50	0x5A
SPI [1]	result	3.21076446	0.00000512	0x58	0x00
SPI [1]	result	3.21076974	0.00000512	0x31	0x00
SPI [1]	result	3.21077502	0.00000512	0x00	0x00
SPI [1]	result	3.21078030	0.00000512	0x00	0x00
SPI [1]	result	3.21078558	0.00000512	0x00	0x00
SPI [1]	result	3.21079086	0.00000512	0x00	0x00
SPI [1]	result	3.21079614	0.00000512	0x00	0x00
SPI [1]	result	3.21080142	0.00000512	0x00	0x00
SPI [1]	result	3.21080670	0.00000512	0x47	0x00
SPI [1]	result	3.21081198	0.00000512	0x46	0x0C
SPI [1]	result	3.21081726	0.00000512	0x58	0x33
SPI [1]	result	3.21082254	0.00000512	0x20	0xCA
SPI [1]	result	3.21082782	0.00000512	0x35	0x55
SPI [1]	result	3.21083310	0.00000512	0x30	0xA0
SPI [1]	result	3.21083838	0.00000512	0x53	0x00
SPI [1]	result	3.21084366	0.00000512	0x00	0x00
SPI [1]	result	3.21084894	0.00000512	0x00	0x00
SPI [1]	result	3.21085422	0.00000512	0x00	0x00
SPI [1]	result	3.21085950	0.00000512	0x00	0x00
SPI [1]	result	3.21086478	0.00000512	0x00	0x00
SPI [1]	result	3.21087006	0.00000512	0x00	0x00
SPI [1]	result	3.21087534	0.00000512	0x00	0x00
SPI [1]	result	3.21088062	0.00000512	0x00	0x00
SPI [1]	result	3.21088590	0.00000512	0x00	0xC3
SPI [1]	result	3.21089118	0.00000512	0x00	0x3C
SPI [1]	result	3.21089646	0.00000512	0x00	0xA5
SPI [1]	result	3.21090174	0.00000512	0x00	0x5A
SPI [1]	result	3.21090702	0.00000512	0x00	0x00
SPI [1]	result	3.21091230	0.00000512	0x47	0x00
SPI [1]	result	3.21091758	0.00000512	0x46	0x00
SPI [1]	result	3.21092286	0.00000512	0x58	0x00
SPI [1]	result	3.21092814	0.00000512	0x20	0x00
SPI [1]	result	3.21093342	0.00000512	0x35	0x00
SPI [1]	result	3.21093870	0.00000512	0x30	0x00
SPI [1]	result	3.21094398	0.00000512	0x53	0x00
SPI [1]	result	3.21094926	0.00000512	0x00	0x00
SPI [1]	result	3.21095454	0.00000512	0x00	0x0C
SPI [1]	result	3.21095982	0.00000512	0x00	0x33
SPI [1]	result	3.21096510	0.00000512	0x00	0xCA
SPI [1]	result	3.21097038	0.00000512	0x00	0x55
SPI [1]	result	3.21097566	0.00000512	0x00	0xA0
SPI [1]	result	3.21098094	0.00000512	0x00	0x00
SPI [1]	result	3.21098622	0.00000512	0x00	0x00
SPI [1]	result	3.21099150	0.00000512	0x35	0x00
SPI [1]	result	3.21099678	0.00000512	0x39	0x00
SPI [1]	result	3.21100206	0.00000512	0x33	0x00
SPI [1]	result	3.21100734	0.00000512	0x35	0x00
SPI [1]	result	3.21101262	0.00000512	0x33	0x00
SPI [1]	result	3.21101790	0.00000512	0x33	0x00
SPI [1]	result	3.21102318	0.00000512	0x33	0x00
SPI [1]	result	3.21102846	0.00000512	0x31	0xC3
SPI [1]	result	3.21103374	0.00000512	0x33	0x3C
SPI [1]	result	3.21103902	0.00000512	0x36	0xA5
SPI [1]	result	3.21104430	0.00000512	0x33	0x5A
SPI [1]	result	3.21104958	0.00000512	0x31	0x00
SPI [1]	result	3.21105486	0.00000512	0x31	0x00
SPI [1]	result	3.21106014	0.00000512	0x37	0x00
SPI [1]	result	3.21106542	0.00000512	0x30	0x00
SPI [1]	result	3.21107070	0.00000512	0x32	0x00
SPI [1]	result	3.21107598	0.00000512	0x31	0x00
SPI [1]	result	3.21108126	0.00000512	0x36	0x00
SPI [1]	result	3.21108654	0.00000512	0x37	0x00
SPI [1]	result	3.21109182	0.00000512	0x30	0x00
SPI [1]	result	3.21109710	0.00000512	0x32	0x0C
SPI [1]	result	3.21110238	0.00000512	0x30	0x33
SPI [1]	result	3.21110766	0.00000512	0x31	0xCA
SPI [1]	result	3.21111294	0.00000512	0x30	0x55
SPI [1]	result	3.21111822	0.00000512	0x31	0xA0
SPI [1]	result	3.21112350	0.00000512	0x31	0x00
SPI [1]	result	3.21112878	0.00000512	0x30	0x00
SPI [1]	result	3.21113406	0.00000512	0x36	0x00
SPI [1]	result	3.21113934	0.00000512	0x39	0x00
SPI [1]	result	3.21114462	0.00000512	0x41	0x00
SPI [1]	result	3.21114990	0.00000512	0x04	0x00
SPI [1]	result	3.21115518	0.00000512	0x20	0x00
SPI [1]	result	3.21116046	0.00000512	0x02	0x00
SPI [1]	result	3.21116574	0.00000512	0x16	0x00
SPI [1]	result	3.21117102	0.00000512	0x01	0xC3
SPI [1]	result	3.21117630	0.00000512	0x00	0x3C
SPI [1]	result	3.21118158	0.00000512	0x01	0xA5
SPI [1]	result	3.21118686	0.00000512	0x00	0x5A
SPI [1]	result	3.21119214	0.00000512	0x01	0x00
SPI [1]	result	3.21119742	0.00000512	0x00	0x00
SPI [1]	result	3.21120270	0.00000512	0x00	0x00
SPI [1]	result	3.21120798	0.00000512	0x00	0x00
SPI [1]	result	3.21121326	0.00000512	0x00	0x00
SPI [1]	result	3.21121854	0.00000512	0x00	0x00
SPI [1]	result	3.21122382	0.00000512	0x00	0x00
SPI [1]	result	3.21122910	0.00000512	0x00	0x00
SPI [1]	result	3.21123438	0.00000512	0x00	0x00
SPI [1]	result	3.21123966	0.00000512	0x00	0x0C
SPI [1]	result	3.21124494	0.00000512	0x00	0x33
SPI [1]	result	3.21125022	0.00000512	0x00	0xCA
SPI [1]	result	3.21125550	0.00000512	0x00	0x55
SPI [1]	result	3.21126078	0.00000512	0x00	0xA0
SPI [1]	result	3.21126606	0.00000512	0x00	0x00
SPI [1]	result	3.21127134	0.00000512	0x00	0x00
SPI [1]	result	3.21127662	0.00000512	0x00	0x00
SPI [1]	result	3.21128190	0.00000512	0x00	0x00
SPI [1]	result	3.21128718	0.00000512	0x00	0x00
SPI [1]	result	3.21129246	0.00000512	0x00	0x00
SPI [1]	result	3.21129774	0.00000512	0x00	0x00
SPI [1]	result	3.21130302	0.00000512	0x00	0x00
SPI [1]	result	3.21130830	0.00000512	0x00	0x00
SPI [1]	result	3.21131358	0.00000512	0x00	0xC3
SPI [1]	result	3.21131886	0.00000512	0x00	0x3C
SPI [1]	result	3.21132414	0.00000512	0x00	0xA5
SPI [1]	result	3.21132942	0.00000512	0x00	0x5A
SPI [1]	result	3.21133470	0.00000512	0x00	0x00
SPI [1]	result	3.21133998	0.00000512	0x00	0x00
SPI [1]	result	3.21134526	0.00000512	0x00	0x00
SPI [1]	result	3.21135054	0.00000512	0x00	0x00
SPI [1]	result	3.21135582	0.00000512	0x00	0x00
SPI [1]	result	3.21136110	0.00000512	0x00	0x00
SPI [1]	result	3.21136638	0.00000512	0x00	0x00
SPI [1]	result	3.21137166	0.00000512	0x00	0x00
SPI [1]	result	3.21137694	0.00000512	0x00	0x00
SPI [1]	result	3.21138222	0.00000512	0x00	0x0C
SPI [1]	result	3.21138750	0.00000512	0x00	0x33
SPI [1]	result	3.21139278	0.00000512	0x00	0xCA
SPI [1]	result	3.21139806	0.00000512	0x00	0x55
SPI [1]	result	3.21140334	0.00000512	0x00	0xA0
SPI [1]	result	3.21140862	0.00000512	0x00	0x00
SPI [1]	result	3.21141390	0.00000512	0x00	0x00
SPI [1]	result	3.21141918	0.00000512	0x00	0x00
SPI [1]	result	3.21142446	0.00000512	0x00	0x00
SPI [1]	result	3.21142974	0.00000512	0xED	0x00
SPI [1]	result	5.25886184	0.00000512	0x00	0xC3
SPI [1]	result	5.25886712	0.00000512	0x00	0x3C
SPI [1]	result	5.25887240	0.00000512	0x08	0xA5
SPI [1]	result	5.25887768	0.00000512	0x20	0x5A
