name	type	start_time	duration	mosi	miso
SPI [1]	result	0.00057076	0.00000512	0x00	0x00
SPI [1]	result	0.00057604	0.00000512	0x00	0x00
SPI [1]	result	0.00058132	0.00000512	0x3F	0x00
SPI [1]	result	0.00058660	0.00000512	0xC6	0x00
SPI [1]	result	0.00143072	0.00000512	0x08	0x08
SPI [1]	result	0.00143600	0.00000512	0x10	0x00
SPI [1]	result	0.00144128	0.00000512	0x80	0xBF
SPI [1]	result	0.00144656	0.00000512	0x22	0xD8
SPI [1]	result	0.00478736	0.00000512	0x00	0x00
SPI [1]	result	0.00479264	0.00000512	0x00	0x00
SPI [1]	result	0.00479792	0.00000512	0x00	0x3F
SPI [1]	result	0.00480320	0.00000512	0x00	0xC6
SPI [1]	result	0.00562912	0.00000512	0x08	0x08
SPI [1]	result	0.00563440	0.00000512	0x00	0x00
SPI [1]	result	0.00563968	0.00000512	0xBF	0x80
SPI [1]	result	0.00564496	0.00000512	0xD8	0x12
SPI [1]	result	0.00818222	0.00000512	0xB8	0x00
SPI [1]	result	0.00818750	0.00000512	0x01	0x00
SPI [1]	result	0.00819278	0.00000512	0x06	0x00
SPI [1]	result	0.00819806	0.00000512	0x26	0x00
SPI [1]	result	0.00897849	0.00000512	0x09	0x08
SPI [1]	result	0.00898377	0.00000512	0x10	0x00
SPI [1]	result	0.00898905	0.00000512	0x80	0x86
SPI [1]	result	0.00899433	0.00000512	0x2A	0x2A
SPI [1]	result	0.00955839	0.00000512	0x00	0xB8
SPI [1]	result	0.00956367	0.00000512	0x00	0x01
SPI [1]	result	0.00956895	0.00000512	0x05	0x06
SPI [1]	result	0.00957423	0.00000512	0x14	0x26
SPI [1]	result	0.01034548	0.00000512	0x0A	0x09
SPI [1]	result	0.01035076	0.00000512	0x00	0x00
SPI [1]	result	0.01035604	0.00000512	0x86	0x85
SPI [1]	result	0.01036132	0.00000512	0x3A	0x2E
SPI [1]	result	0.01093270	0.00000512	0x00	0x00
SPI [1]	result	0.01093798	0.00000512	0x00	0x00
SPI [1]	result	0.01094326	0.00000512	0x00	0x05
SPI [1]	result	0.01094854	0.00000512	0x00	0x14
SPI [1]	result	0.01149451	0.00000512	0x08	0x0A
SPI [1]	result	0.01149979	0.00000512	0x00	0x00
SPI [1]	result	0.01150507	0.00000512	0x85	0x80
SPI [1]	result	0.01151035	0.00000512	0x26	0x22
SPI [1]	result	0.01458635	0.00000512	0xFF	0x00
SPI [1]	result	0.01459163	0.00000512	0xFF	0x00
SPI [1]	result	0.01459691	0.00000512	0x00	0x4C
SPI [1]	result	0.01460219	0.00000512	0x00	0x52
SPI [1]	result	0.01460747	0.00000512	0x00	0x31
SPI [1]	result	0.01461275	0.00000512	0x00	0x30
SPI [1]	result	0.01461803	0.00000512	0x00	0x37
SPI [1]	result	0.01462331	0.00000512	0x00	0x41
SPI [1]	result	0.01462859	0.00000512	0x00	0x00
SPI [1]	result	0.01463387	0.00000512	0x00	0x00
SPI [1]	result	0.01463915	0.00000512	0x00	0x46
SPI [1]	result	0.01464443	0.00000512	0x00	0x53
SPI [1]	result	0.01464971	0.00000512	0x00	0x53
SPI [1]	result	0.01465499	0.00000512	0x00	0x47
SPI [1]	result	0.01466027	0.00000512	0x00	0x57
SPI [1]	result	0.01466555	0.00000512	0x00	0x35
SPI [1]	result	0.01467083	0.00000512	0x00	0x30
SPI [1]	result	0.01467611	0.00000512	0x00	0x37
SPI [1]	result	0.01468139	0.00000512	0x00	0x47
SPI [1]	result	0.01468667	0.00000512	0x00	0x46
SPI [1]	result	0.01469195	0.00000512	0x00	0x32
SPI [1]	result	0.01469723	0.00000512	0x00	0x35
SPI [1]	result	0.01470251	0.00000512	0x00	0x30
SPI [1]	result	0.01470779	0.00000512	0x00	0x6D
SPI [1]	result	0.01471307	0.00000512	0x00	0x6D
SPI [1]	result	0.01471835	0.00000512	0x00	0x46
SPI [1]	result	0.01472363	0.00000512	0x00	0x34
SPI [1]	result	0.01472891	0.00000512	0x00	0x20
SPI [1]	result	0.01473419	0.00000512	0x00	0x52
SPI [1]	result	0.01473947	0.00000512	0x00	0x20
SPI [1]	result	0.01474475	0.00000512	0x00	0x4C
SPI [1]	result	0.01475003	0.00000512	0x00	0x4D
SPI [1]	result	0.01475531	0.00000512	0x00	0x20
SPI [1]	result	0.01476059	0.00000512	0x00	0x4F
SPI [1]	result	0.01476587	0.00000512	0x00	0x49
SPI [1]	result	0.01477115	0.00000512	0x00	0x53
SPI [1]	result	0.01477643	0.00000512	0x00	0x20
SPI [1]	result	0.01478171	0.00000512	0x00	0x57
SPI [1]	result	0.01478699	0.00000512	0x00	0x52
SPI [1]	result	0.01479227	0.00000512	0x00	0x00
SPI [1]	result	0.01479755	0.00000512	0x00	0x00
SPI [1]	result	0.01480283	0.00000512	0x00	0x00
SPI [1]	result	0.01480811	0.00000512	0x00	0x00
SPI [1]	result	0.01481339	0.00000512	0x00	0x00
SPI [1]	result	0.01481867	0.00000512	0x00	0x00
SPI [1]	result	0.01482395	0.00000512	0x00	0x00
SPI [1]	result	0.01482923	0.00000512	0x00	0x00
SPI [1]	result	0.01483451	0.00000512	0x00	0x00
SPI [1]	result	0.01483979	0.00000512	0x00	0x00
SPI [1]	result	0.01484507	0.00000512	0x00	0x00
SPI [1]	result	0.01485035	0.00000512	0x00	0x00
SPI [1]	result	0.01485563	0.00000512	0x00	0x00
SPI [1]	result	0.01486091	0.00000512	0x00	0x00
SPI [1]	result	0.01486619	0.00000512	0x00	0x00
SPI [1]	result	0.01487147	0.00000512	0x00	0x00
SPI [1]	result	0.01487675	0.00000512	0x00	0x00
SPI [1]	result	0.01488203	0.00000512	0x00	0x00
SPI [1]	result	0.01488731	0.00000512	0x00	0x00
SPI [1]	result	0.01489259	0.00000512	0x00	0x00
SPI [1]	result	0.01489787	0.00000512	0x00	0x00
SPI [1]	result	0.01490315	0.00000512	0x00	0x00
SPI [1]	result	0.01490843	0.00000512	0x00	0x00
SPI [1]	result	0.01491371	0.00000512	0x00	0x00
SPI [1]	result	0.01491899	0.00000512	0x00	0x00
SPI [1]	result	0.01492427	0.00000512	0x00	0x00
SPI [1]	result	0.01492955	0.00000512	0x00	0x00
SPI [1]	result	0.01493483	0.00000512	0x00	0x00
SPI [1]	result	0.01494011	0.00000512	0x00	0x00
SPI [1]	result	0.01494539	0.00000512	0x00	0x00
SPI [1]	result	0.01495067	0.00000512	0x00	0x00
SPI [1]	result	0.01495595	0.00000512	0x00	0x00
SPI [1]	result	0.01496123	0.00000512	0x00	0x00
SPI [1]	result	0.01496651	0.00000512	0x00	0x00
SPI [1]	result	0.01497179	0.00000512	0x00	0x00
SPI [1]	result	0.01497707	0.00000512	0x00	0x00
SPI [1]	result	0.01498235	0.00000512	0x00	0x00
SPI [1]	result	0.01498763	0.00000512	0x00	0x00
SPI [1]	result	0.01499291	0.00000512	0x00	0x00
SPI [1]	result	0.01499819	0.00000512	0x00	0x00
SPI [1]	result	0.01500347	0.00000512	0x00	0x00
SPI [1]	result	0.01500875	0.00000512	0x00	0x00
SPI [1]	result	0.01501403	0.00000512	0x00	0x00
SPI [1]	result	0.01501931	0.00000512	0x00	0x32
SPI [1]	result	0.01502459	0.00000512	0x00	0x37
SPI [1]	result	0.01502987	0.00000512	0x00	0x43
SPI [1]	result	0.01503515	0.00000512	0x00	0x30
SPI [1]	result	0.01504043	0.00000512	0x00	0x30
SPI [1]	result	0.01504571	0.00000512	0x00	0x30
SPI [1]	result	0.01505099	0.00000512	0x00	0x37
SPI [1]	result	0.01505627	0.00000512	0x00	0x35
SPI [1]	result	0.01506155	0.00000512	0x00	0x00
SPI [1]	result	0.01506683	0.00000512	0x00	0x00
SPI [1]	result	0.01507211	0.00000512	0x00	0x01
SPI [1]	result	0.01507739	0.00000512	0x00	0x80
SPI [1]	result	0.01508267	0.00000512	0x00	0x01
SPI [1]	result	0.01508795	0.00000512	0x00	0x11
SPI [1]	result	0.01509323	0.00000512	0x00	0x01
SPI [1]	result	0.01509851	0.00000512	0x00	0x10
SPI [1]	result	0.01510379	0.00000512	0x00	0x01
SPI [1]	result	0.01510907	0.00000512	0x00	0x10
SPI [1]	result	0.01511435	0.00000512	0x00	0x01
SPI [1]	result	0.01511963	0.00000512	0x00	0x10
SPI [1]	result	0.01512491	0.00000512	0x00	0xC8
SPI [1]	result	0.01513019	0.00000512	0x00	0x09
SPI [1]	result	0.01513547	0.00000512	0x00	0x00
SPI [1]	result	0.01514075	0.00000512	0x00	0x00
SPI [1]	result	0.01514603	0.00000512	0x00	0x00
SPI [1]	result	0.01515131	0.00000512	0x00	0x00
SPI [1]	result	0.01515659	0.00000512	0x00	0x00
SPI [1]	result	0.01516187	0.00000512	0x00	0x00
SPI [1]	result	0.01516715	0.00000512	0x00	0x00
SPI [1]	result	0.01517243	0.00000512	0x00	0x00
SPI [1]	result	0.01517771	0.00000512	0x00	0x00
SPI [1]	result	0.01518299	0.00000512	0x00	0x00
SPI [1]	result	0.01518827	0.00000512	0x00	0x00
SPI [1]	result	0.01519355	0.00000512	0x00	0x00
SPI [1]	result	0.01519883	0.00000512	0x00	0x00
SPI [1]	result	0.01520411	0.00000512	0x00	0x00
SPI [1]	result	0.01520939	0.00000512	0x00	0x00
SPI [1]	result	0.01521467	0.00000512	0x00	0x00
SPI [1]	result	0.01521995	0.00000512	0x00	0x00
SPI [1]	result	0.01522523	0.00000512	0x00	0x00
SPI [1]	result	0.01523051	0.00000512	0x00	0x00
SPI [1]	result	0.01523579	0.00000512	0x00	0x00
SPI [1]	result	0.01524107	0.00000512	0x00	0x00
SPI [1]	result	0.01524635	0.00000512	0x00	0x00
SPI [1]	result	0.01525163	0.00000512	0x00	0x00
SPI [1]	result	0.01525691	0.00000512	0x00	0x00
SPI [1]	result	0.01526219	0.00000512	0x00	0x00
SPI [1]	result	0.01526747	0.00000512	0x00	0x00
SPI [1]	result	0.01527275	0.00000512	0x5A	0x53
SPI [1]	result	0.01840294	0.00000512	0xFF	0xFF
SPI [1]	result	0.01840822	0.00000512	0x00	0xFF
SPI [1]	result	0.01841350	0.00000512	0x00	0x4C
SPI [1]	result	0.01841878	0.00000512	0x00	0x52
SPI [1]	result	0.01842406	0.00000512	0x00	0x31
SPI [1]	result	0.01842934	0.00000512	0x00	0x30
SPI [1]	result	0.01843462	0.00000512	0x00	0x37
SPI [1]	result	0.01843990	0.00000512	0x00	0x41
SPI [1]	result	0.01844518	0.00000512	0x00	0x00
SPI [1]	result	0.01845046	0.00000512	0x00	0x00
SPI [1]	result	0.01845574	0.00000512	0x00	0x46
SPI [1]	result	0.01846102	0.00000512	0x00	0x53
SPI [1]	result	0.01846630	0.00000512	0x00	0x53
SPI [1]	result	0.01847158	0.00000512	0x00	0x47
SPI [1]	result	0.01847686	0.00000512	0x00	0x57
SPI [1]	result	0.01848214	0.00000512	0x00	0x35
SPI [1]	result	0.01848742	0.00000512	0x00	0x30
SPI [1]	result	0.01849270	0.00000512	0x00	0x37
SPI [1]	result	0.01849798	0.00000512	0x00	0x47
SPI [1]	result	0.01850326	0.00000512	0x00	0x46
SPI [1]	result	0.01850854	0.00000512	0x00	0x32
SPI [1]	result	0.01851382	0.00000512	0x00	0x35
SPI [1]	result	0.01851910	0.00000512	0x00	0x30
SPI [1]	result	0.01852438	0.00000512	0x00	0x6D
SPI [1]	result	0.01852966	0.00000512	0x00	0x6D
SPI [1]	result	0.01853494	0.00000512	0x00	0x46
SPI [1]	result	0.01854022	0.00000512	0x00	0x34
SPI [1]	result	0.01854550	0.00000512	0x00	0x20
SPI [1]	result	0.01855078	0.00000512	0x00	0x52
SPI [1]	result	0.01855606	0.00000512	0x00	0x20
SPI [1]	result	0.01856134	0.00000512	0x00	0x4C
SPI [1]	result	0.01856662	0.00000512	0x00	0x4D
SPI [1]	result	0.01857190	0.00000512	0x00	0x20
SPI [1]	result	0.01857718	0.00000512	0x00	0x4F
SPI [1]	result	0.01858246	0.00000512	0x00	0x49
SPI [1]	result	0.01858774	0.00000512	0x00	0x53
SPI [1]	result	0.01859302	0.00000512	0x00	0x20
SPI [1]	result	0.01859830	0.00000512	0x00	0x57
SPI [1]	result	0.01860358	0.00000512	0x00	0x52
SPI [1]	result	0.01860886	0.00000512	0x00	0x00
SPI [1]	result	0.01861414	0.00000512	0x00	0x00
SPI [1]	result	0.01861942	0.00000512	0x00	0x00
SPI [1]	result	0.01862470	0.00000512	0x00	0x00
SPI [1]	result	0.01862998	0.00000512	0x00	0x00
SPI [1]	result	0.01863526	0.00000512	0x00	0x00
SPI [1]	result	0.01864054	0.00000512	0x00	0x00
SPI [1]	result	0.01864582	0.00000512	0x00	0x00
SPI [1]	result	0.01865110	0.00000512	0x00	0x00
SPI [1]	result	0.01865638	0.00000512	0x00	0x00
SPI [1]	result	0.01866166	0.00000512	0x00	0x00
SPI [1]	result	0.01866694	0.00000512	0x00	0x00
SPI [1]	result	0.01867222	0.00000512	0x00	0x00
SPI [1]	result	0.01867750	0.00000512	0x00	0x00
SPI [1]	result	0.01868278	0.00000512	0x00	0x00
SPI [1]	result	0.01868806	0.00000512	0x00	0x00
SPI [1]	result	0.01869334	0.00000512	0x00	0x00
SPI [1]	result	0.01869862	0.00000512	0x00	0x00
SPI [1]	result	0.01870390	0.00000512	0x00	0x00
SPI [1]	result	0.01870918	0.00000512	0x00	0x00
SPI [1]	result	0.01871446	0.00000512	0x00	0x00
SPI [1]	result	0.01871974	0.00000512	0x00	0x00
SPI [1]	result	0.01872502	0.00000512	0x00	0x00
SPI [1]	result	0.01873030	0.00000512	0x00	0x00
SPI [1]	result	0.01873558	0.00000512	0x00	0x00
SPI [1]	result	0.01874086	0.00000512	0x00	0x00
SPI [1]	result	0.01874614	0.00000512	0x00	0x00
SPI [1]	result	0.01875142	0.00000512	0x00	0x00
SPI [1]	result	0.01875670	0.00000512	0x00	0x00
SPI [1]	result	0.01876198	0.00000512	0x00	0x00
SPI [1]	result	0.01876726	0.00000512	0x00	0x00
SPI [1]	result	0.01877254	0.00000512	0x00	0x00
SPI [1]	result	0.01877782	0.00000512	0x00	0x00
SPI [1]	result	0.01878310	0.00000512	0x00	0x00
SPI [1]	result	0.01878838	0.00000512	0x00	0x00
SPI [1]	result	0.01879366	0.00000512	0x00	0x00
SPI [1]	result	0.01879894	0.00000512	0x00	0x00
SPI [1]	result	0.01880422	0.00000512	0x00	0x00
SPI [1]	result	0.01880950	0.00000512	0x00	0x00
SPI [1]	result	0.01881478	0.00000512	0x00	0x00
SPI [1]	result	0.01882006	0.00000512	0x00	0x00
SPI [1]	result	0.01882534	0.00000512	0x00	0x00
SPI [1]	result	0.01883062	0.00000512	0x00	0x00
SPI [1]	result	0.01883590	0.00000512	0x00	0x32
SPI [1]	result	0.01884118	0.00000512	0x00	0x37
SPI [1]	result	0.01884646	0.00000512	0x00	0x43
SPI [1]	result	0.01885174	0.00000512	0x00	0x30
SPI [1]	result	0.01885702	0.00000512	0x00	0x30
SPI [1]	result	0.01886230	0.00000512	0x00	0x30
SPI [1]	result	0.01886758	0.00000512	0x00	0x37
SPI [1]	result	0.01887286	0.00000512	0x00	0x35
SPI [1]	result	0.01887814	0.00000512	0x00	0x00
SPI [1]	result	0.01888342	0.00000512	0x00	0x00
SPI [1]	result	0.01888870	0.00000512	0x00	0x01
SPI [1]	result	0.01889398	0.00000512	0x00	0x80
SPI [1]	result	0.01889926	0.00000512	0x00	0x01
SPI [1]	result	0.01890454	0.00000512	0x00	0x11
SPI [1]	result	0.01890982	0.00000512	0x00	0x01
SPI [1]	result	0.01891510	0.00000512	0x00	0x10
SPI [1]	result	0.01892038	0.00000512	0x00	0x01
SPI [1]	result	0.01892566	0.00000512	0x00	0x10
SPI [1]	result	0.01893094	0.00000512	0x00	0x01
SPI [1]	result	0.01893622	0.00000512	0x00	0x10
SPI [1]	result	0.01894150	0.00000512	0x00	0xC8
SPI [1]	result	0.01894678	0.00000512	0x00	0x09
SPI [1]	result	0.01895206	0.00000512	0x00	0x00
SPI [1]	result	0.01895734	0.00000512	0x00	0x00
SPI [1]	result	0.01896262	0.00000512	0x00	0x00
SPI [1]	result	0.01896790	0.00000512	0x00	0x00
SPI [1]	result	0.01897318	0.00000512	0x00	0x00
SPI [1]	result	0.01897846	0.00000512	0x00	0x00
SPI [1]	result	0.01898374	0.00000512	0x00	0x00
SPI [1]	result	0.01898902	0.00000512	0x00	0x00
SPI [1]	result	0.01899430	0.00000512	0x00	0x00
SPI [1]	result	0.01899958	0.00000512	0x00	0x00
SPI [1]	result	0.01900486	0.00000512	0x00	0x00
SPI [1]	result	0.01901014	0.00000512	0x00	0x00
SPI [1]	result	0.01901542	0.00000512	0x00	0x00
SPI [1]	result	0.01902070	0.00000512	0x00	0x00
SPI [1]	result	0.01902598	0.00000512	0x00	0x00
SPI [1]	result	0.01903126	0.00000512	0x00	0x00
SPI [1]	result	0.01903654	0.00000512	0x00	0x00
SPI [1]	result	0.01904182	0.00000512	0x00	0x00
SPI [1]	result	0.01904710	0.00000512	0x00	0x00
SPI [1]	result	0.01905238	0.00000512	0x00	0x00
SPI [1]	result	0.01905766	0.00000512	0x00	0x00
SPI [1]	result	0.01906294	0.00000512	0x00	0x00
SPI [1]	result	0.01906822	0.00000512	0x00	0x00
SPI [1]	result	0.01907350	0.00000512	0x00	0x00
SPI [1]	result	0.01907878	0.00000512	0x00	0x00
SPI [1]	result	0.01908406	0.00000512	0x00	0x00
SPI [1]	result	0.01908934	0.00000512	0x5A	0x51
SPI [1]	result	0.02223868	0.00000512	0xB8	0x00
SPI [1]	result	0.02224396	0.00000512	0x01	0x00
SPI [1]	result	0.02224924	0.00000512	0x06	0x00
SPI [1]	result	0.02225452	0.00000512	0x26	0x00
SPI [1]	result	0.02304041	0.00000512	0x0B	0x08
SPI [1]	result	0.02304569	0.00000512	0x10	0x00
SPI [1]	result	0.02305097	0.00000512	0x80	0x86
SPI [1]	result	0.02305625	0.00000512	0x3A	0x2A
SPI [1]	result	0.02360558	0.00000512	0x00	0xB8
SPI [1]	result	0.02361086	0.00000512	0x00	0x01
SPI [1]	result	0.02361614	0.00000512	0x05	0x06
SPI [1]	result	0.02362142	0.00000512	0x56	0x26
SPI [1]	result	0.02439652	0.00000512	0x0C	0x0B
SPI [1]	result	0.02440180	0.00000512	0x00	0x00
SPI [1]	result	0.02440708	0.00000512	0x86	0x85
SPI [1]	result	0.02441236	0.00000512	0x0A	0x40
SPI [1]	result	0.02498035	0.00000512	0x00	0x00
SPI [1]	result	0.02498563	0.00000512	0x00	0x00
SPI [1]	result	0.02499091	0.00000512	0x00	0x05
SPI [1]	result	0.02499619	0.00000512	0x00	0x56
SPI [1]	result	0.02555551	0.00000512	0x08	0x0C
SPI [1]	result	0.02556079	0.00000512	0x00	0x00
SPI [1]	result	0.02556607	0.00000512	0x85	0x80
SPI [1]	result	0.02557135	0.00000512	0x68	0x32
SPI [1]	result	0.02865438	0.00000512	0x00	0xFF
SPI [1]	result	0.02865966	0.00000512	0x00	0xFF
SPI [1]	result	0.02866494	0.00000512	0x53	0x00
SPI [1]	result	0.02867022	0.00000512	0x50	0x00
SPI [1]	result	0.02867550	0.00000512	0x58	0x00
SPI [1]	result	0.02868078	0.00000512	0x31	0x00
SPI [1]	result	0.02868606	0.00000512	0x00	0x00
SPI [1]	result	0.02869134	0.00000512	0x00	0x00
SPI [1]	result	0.02869662	0.00000512	0x00	0x00
SPI [1]	result	0.02870190	0.00000512	0x00	0x00
SPI [1]	result	0.02870718	0.00000512	0x00	0x00
SPI [1]	result	0.02871246	0.00000512	0x00	0x00
SPI [1]	result	0.02871774	0.00000512	0x47	0x00
SPI [1]	result	0.02872302	0.00000512	0x46	0x00
SPI [1]	result	0.02872830	0.00000512	0x58	0x00
SPI [1]	result	0.02873358	0.00000512	0x20	0x00
SPI [1]	result	0.02873886	0.00000512	0x35	0x00
SPI [1]	result	0.02874414	0.00000512	0x30	0x00
SPI [1]	result	0.02874942	0.00000512	0x53	0x00
SPI [1]	result	0.02875470	0.00000512	0x00	0x00
SPI [1]	result	0.02875998	0.00000512	0x00	0x00
SPI [1]	result	0.02876526	0.00000512	0x00	0x00
SPI [1]	result	0.02877054	0.00000512	0x00	0x00
SPI [1]	result	0.02877582	0.00000512	0x00	0x00
SPI [1]	result	0.02878110	0.00000512	0x00	0x00
SPI [1]	result	0.02878638	0.00000512	0x00	0x00
SPI [1]	result	0.02879166	0.00000512	0x00	0x00
SPI [1]	result	0.02879694	0.00000512	0x00	0x00
SPI [1]	result	0.02880222	0.00000512	0x00	0x00
SPI [1]	result	0.02880750	0.00000512	0x00	0x00
SPI [1]	result	0.02881278	0.00000512	0x00	0x00
SPI [1]	result	0.02881806	0.00000512	0x00	0x00
SPI [1]	result	0.02882334	0.00000512	0x47	0x00
SPI [1]	result	0.02882862	0.00000512	0x46	0x00
SPI [1]	result	0.02883390	0.00000512	0x58	0x00
SPI [1]	result	0.02883918	0.00000512	0x20	0x00
SPI [1]	result	0.02884446	0.00000512	0x35	0x00
SPI [1]	result	0.02884974	0.00000512	0x30	0x00
SPI [1]	result	0.02885502	0.00000512	0x53	0x00
SPI [1]	result	0.02886030	0.00000512	0x00	0x00
SPI [1]	result	0.02886558	0.00000512	0x00	0x00
SPI [1]	result	0.02887086	0.00000512	0x00	0x00
SPI [1]	result	0.02887614	0.00000512	0x00	0x00
SPI [1]	result	0.02888142	0.00000512	0x00	0x00
SPI [1]	result	0.02888670	0.00000512	0x00	0x00
SPI [1]	result	0.02889198	0.00000512	0x00	0x00
SPI [1]	result	0.02889726	0.00000512	0x00	0x00
SPI [1]	result	0.02890254	0.00000512	0x35	0x00
SPI [1]	result	0.02890782	0.00000512	0x39	0x00
SPI [1]	result	0.02891310	0.00000512	0x33	0x00
SPI [1]	result	0.02891838	0.00000512	0x35	0x00
SPI [1]	result	0.02892366	0.00000512	0x33	0x00
SPI [1]	result	0.02892894	0.00000512	0x33	0x00
SPI [1]	result	0.02893422	0.00000512	0x33	0x00
SPI [1]	result	0.02893950	0.00000512	0x31	0x00
SPI [1]	result	0.02894478	0.00000512	0x33	0x00
SPI [1]	result	0.02895006	0.00000512	0x36	0x00
SPI [1]	result	0.02895534	0.00000512	0x33	0x00
SPI [1]	result	0.02896062	0.00000512	0x31	0x00
SPI [1]	result	0.02896590	0.00000512	0x31	0x00
SPI [1]	result	0.02897118	0.00000512	0x37	0x00
SPI [1]	result	0.02897646	0.00000512	0x30	0x00
SPI [1]	result	0.02898174	0.00000512	0x32	0x00
SPI [1]	result	0.02898702	0.00000512	0x31	0x00
SPI [1]	result	0.02899230	0.00000512	0x36	0x00
SPI [1]	result	0.02899758	0.00000512	0x37	0x00
SPI [1]	result	0.02900286	0.00000512	0x30	0x00
SPI [1]	result	0.02900814	0.00000512	0x32	0x00
SPI [1]	result	0.02901342	0.00000512	0x30	0x00
SPI [1]	result	0.02901870	0.00000512	0x31	0x00
SPI [1]	result	0.02902398	0.00000512	0x30	0x00
SPI [1]	result	0.02902926	0.00000512	0x31	0x00
SPI [1]	result	0.02903454	0.00000512	0x31	0x00
SPI [1]	result	0.02903982	0.00000512	0x30	0x00
SPI [1]	result	0.02904510	0.00000512	0x36	0x00
SPI [1]	result	0.02905038	0.00000512	0x39	0x00
SPI [1]	result	0.02905566	0.00000512	0x41	0x00
SPI [1]	result	0.02906094	0.00000512	0x04	0x00
SPI [1]	result	0.02906622	0.00000512	0x20	0x00
SPI [1]	result	0.02907150	0.00000512	0x02	0x00
SPI [1]	result	0.02907678	0.00000512	0x16	0x00
SPI [1]	result	0.02908206	0.00000512	0x01	0x00
SPI [1]	result	0.02908734	0.00000512	0x00	0x00
SPI [1]	result	0.02909262	0.00000512	0x01	0x00
SPI [1]	result	0.02909790	0.00000512	0x00	0x00
SPI [1]	result	0.02910318	0.00000512	0x01	0x00
SPI [1]	result	0.02910846	0.00000512	0x00	0x00
SPI [1]	result	0.02911374	0.00000512	0x00	0x00
SPI [1]	result	0.02911902	0.00000512	0x00	0x00
SPI [1]	result	0.02912430	0.00000512	0x00	0x00
SPI [1]	result	0.02912958	0.00000512	0x00	0x00
SPI [1]	result	0.02913486	0.00000512	0x00	0x00
SPI [1]	result	0.02914014	0.00000512	0x00	0x00
SPI [1]	result	0.02914542	0.00000512	0x00	0x00
SPI [1]	result	0.02915070	0.00000512	0x00	0x00
SPI [1]	result	0.02915598	0.00000512	0x00	0x00
SPI [1]	result	0.02916126	0.00000512	0x00	0x00
SPI [1]	result	0.02916654	0.00000512	0x00	0x00
SPI [1]	result	0.02917182	0.00000512	0x00	0x00
SPI [1]	result	0.02917710	0.00000512	0x00	0x00
SPI [1]	result	0.02918238	0.00000512	0x00	0x00
SPI [1]	result	0.02918766	0.00000512	0x00	0x00
SPI [1]	result	0.02919294	0.00000512	0x00	0x00
SPI [1]	result	0.02919822	0.00000512	0x00	0x00
SPI [1]	result	0.02920350	0.00000512	0x00	0x00
SPI [1]	result	0.02920878	0.00000512	0x00	0x00
SPI [1]	result	0.02921406	0.00000512	0x00	0x00
SPI [1]	result	0.02921934	0.00000512	0x00	0x00
SPI [1]	result	0.02922462	0.00000512	0x00	0x00
SPI [1]	result	0.02922990	0.00000512	0x00	0x00
SPI [1]	result	0.02923518	0.00000512	0x00	0x00
SPI [1]	result	0.02924046	0.00000512	0x00	0x00
SPI [1]	result	0.02924574	0.00000512	0x00	0x00
SPI [1]	result	0.02925102	0.00000512	0x00	0x00
SPI [1]	result	0.02925630	0.00000512	0x00	0x00
SPI [1]	result	0.02926158	0.00000512	0x00	0x00
SPI [1]	result	0.02926686	0.00000512	0x00	0x00
SPI [1]	result	0.02927214	0.00000512	0x00	0x00
SPI [1]	result	0.02927742	0.00000512	0x00	0x00
SPI [1]	result	0.02928270	0.00000512	0x00	0x00
SPI [1]	result	0.02928798	0.00000512	0x00	0x00
SPI [1]	result	0.02929326	0.00000512	0x00	0x00
SPI [1]	result	0.02929854	0.00000512	0x00	0x00
SPI [1]	result	0.02930382	0.00000512	0x00	0x00
SPI [1]	result	0.02930910	0.00000512	0x00	0x00
SPI [1]	result	0.02931438	0.00000512	0x00	0x00
SPI [1]	result	0.02931966	0.00000512	0x00	0x00
SPI [1]	result	0.02932494	0.00000512	0x00	0x00
SPI [1]	result	0.02933022	0.00000512	0x00	0x00
SPI [1]	result	0.02933550	0.00000512	0x00	0x00
SPI [1]	result	0.02934078	0.00000512	0xEF	0x5A
SPI [1]	result	0.03246636	0.00000512	0xFF	0xFF
SPI [1]	result	0.03247164	0.00000512	0xFF	0x00
SPI [1]	result	0.03247692	0.00000512	0x53	0x00
SPI [1]	result	0.03248220	0.00000512	0x50	0x00
SPI [1]	result	0.03248748	0.00000512	0x58	0x00
SPI [1]	result	0.03249276	0.00000512	0x31	0x00
SPI [1]	result	0.03249804	0.00000512	0x00	0x00
SPI [1]	result	0.03250332	0.00000512	0x00	0x00
SPI [1]	result	0.03250860	0.00000512	0x00	0x00
SPI [1]	result	0.03251388	0.00000512	0x00	0x00
SPI [1]	result	0.03251916	0.00000512	0x00	0x00
SPI [1]	result	0.03252444	0.00000512	0x00	0x00
SPI [1]	result	0.03252972	0.00000512	0x47	0x00
SPI [1]	result	0.03253500	0.00000512	0x46	0x00
SPI [1]	result	0.03254028	0.00000512	0x58	0x00
SPI [1]	result	0.03254556	0.00000512	0x20	0x00
SPI [1]	result	0.03255084	0.00000512	0x35	0x00
SPI [1]	result	0.03255612	0.00000512	0x30	0x00
SPI [1]	result	0.03256140	0.00000512	0x53	0x00
SPI [1]	result	0.03256668	0.00000512	0x00	0x00
SPI [1]	result	0.03257196	0.00000512	0x00	0x00
SPI [1]	result	0.03257724	0.00000512	0x00	0x00
SPI [1]	result	0.03258252	0.00000512	0x00	0x00
SPI [1]	result	0.03258780	0.00000512	0x00	0x00
SPI [1]	result	0.03259308	0.00000512	0x00	0x00
SPI [1]	result	0.03259836	0.00000512	0x00	0x00
SPI [1]	result	0.03260364	0.00000512	0x00	0x00
SPI [1]	result	0.03260892	0.00000512	0x00	0x00
SPI [1]	result	0.03261420	0.00000512	0x00	0x00
SPI [1]	result	0.03261948	0.00000512	0x00	0x00
SPI [1]	result	0.03262476	0.00000512	0x00	0x00
SPI [1]	result	0.03263004	0.00000512	0x00	0x00
SPI [1]	result	0.03263532	0.00000512	0x47	0x00
SPI [1]	result	0.03264060	0.00000512	0x46	0x00
SPI [1]	result	0.03264588	0.00000512	0x58	0x00
SPI [1]	result	0.03265116	0.00000512	0x20	0x00
SPI [1]	result	0.03265644	0.00000512	0x35	0x00
SPI [1]	result	0.03266172	0.00000512	0x30	0x00
SPI [1]	result	0.03266700	0.00000512	0x53	0x00
SPI [1]	result	0.03267228	0.00000512	0x00	0x00
SPI [1]	result	0.03267756	0.00000512	0x00	0x00
SPI [1]	result	0.03268284	0.00000512	0x00	0x00
SPI [1]	result	0.03268812	0.00000512	0x00	0x00
SPI [1]	result	0.03269340	0.00000512	0x00	0x00
SPI [1]	result	0.03269868	0.00000512	0x00	0x00
SPI [1]	result	0.03270396	0.00000512	0x00	0x00
SPI [1]	result	0.03270924	0.00000512	0x00	0x00
SPI [1]	result	0.03271452	0.00000512	0x35	0x00
SPI [1]	result	0.03271980	0.00000512	0x39	0x00
SPI [1]	result	0.03272508	0.00000512	0x33	0x00
SPI [1]	result	0.03273036	0.00000512	0x35	0x00
SPI [1]	result	0.03273564	0.00000512	0x33	0x00
SPI [1]	result	0.03274092	0.00000512	0x33	0x00
SPI [1]	result	0.03274620	0.00000512	0x33	0x00
SPI [1]	result	0.03275148	0.00000512	0x31	0x00
SPI [1]	result	0.03275676	0.00000512	0x33	0x00
SPI [1]	result	0.03276204	0.00000512	0x36	0x00
SPI [1]	result	0.03276732	0.00000512	0x33	0x00
SPI [1]	result	0.03277260	0.00000512	0x31	0x00
SPI [1]	result	0.03277788	0.00000512	0x31	0x00
SPI [1]	result	0.03278316	0.00000512	0x37	0x00
SPI [1]	result	0.03278844	0.00000512	0x30	0x00
SPI [1]	result	0.03279372	0.00000512	0x32	0x00
SPI [1]	result	0.03279900	0.00000512	0x31	0x00
SPI [1]	result	0.03280428	0.00000512	0x36	0x00
SPI [1]	result	0.03280956	0.00000512	0x37	0x00
SPI [1]	result	0.03281484	0.00000512	0x30	0x00
SPI [1]	result	0.03282012	0.00000512	0x32	0x00
SPI [1]	result	0.03282540	0.00000512	0x30	0x00
SPI [1]	result	0.03283068	0.00000512	0x31	0x00
SPI [1]	result	0.03283596	0.00000512	0x30	0x00
SPI [1]	result	0.03284124	0.00000512	0x31	0x00
SPI [1]	result	0.03284652	0.00000512	0x31	0x00
SPI [1]	result	0.03285180	0.00000512	0x30	0x00
SPI [1]	result	0.03285708	0.00000512	0x36	0x00
SPI [1]	result	0.03286236	0.00000512	0x39	0x00
SPI [1]	result	0.03286764	0.00000512	0x41	0x00
SPI [1]	result	0.03287292	0.00000512	0x04	0x00
SPI [1]	result	0.03287820	0.00000512	0x20	0x00
SPI [1]	result	0.03288348	0.00000512	0x02	0x00
SPI [1]	result	0.03288876	0.00000512	0x16	0x00
SPI [1]	result	0.03289404	0.00000512	0x01	0x00
SPI [1]	result	0.03289932	0.00000512	0x00	0x00
SPI [1]	result	0.03290460	0.00000512	0x01	0x00
SPI [1]	result	0.03290988	0.00000512	0x00	0x00
SPI [1]	result	0.03291516	0.00000512	0x01	0x00
SPI [1]	result	0.03292044	0.00000512	0x00	0x00
SPI [1]	result	0.03292572	0.00000512	0x00	0x00
SPI [1]	result	0.03293100	0.00000512	0x00	0x00
SPI [1]	result	0.03293628	0.00000512	0x00	0x00
SPI [1]	result	0.03294156	0.00000512	0x00	0x00
SPI [1]	result	0.03294684	0.00000512	0x00	0x00
SPI [1]	result	0.03295212	0.00000512	0x00	0x00
SPI [1]	result	0.03295740	0.00000512	0x00	0x00
SPI [1]	result	0.03296268	0.00000512	0x00	0x00
SPI [1]	result	0.03296796	0.00000512	0x00	0x00
SPI [1]	result	0.03297324	0.00000512	0x00	0x00
SPI [1]	result	0.03297852	0.00000512	0x00	0x00
SPI [1]	result	0.03298380	0.00000512	0x00	0x00
SPI [1]	result	0.03298908	0.00000512	0x00	0x00
SPI [1]	result	0.03299436	0.00000512	0x00	0x00
SPI [1]	result	0.03299964	0.00000512	0x00	0x00
SPI [1]	result	0.03300492	0.00000512	0x00	0x00
SPI [1]	result	0.03301020	0.00000512	0x00	0x00
SPI [1]	result	0.03301548	0.00000512	0x00	0x00
SPI [1]	result	0.03302076	0.00000512	0x00	0x00
SPI [1]	result	0.03302604	0.00000512	0x00	0x00
SPI [1]	result	0.03303132	0.00000512	0x00	0x00
SPI [1]	result	0.03303660	0.00000512	0x00	0x00
SPI [1]	result	0.03304188	0.00000512	0x00	0x00
SPI [1]	result	0.03304716	0.00000512	0x00	0x00
SPI [1]	result	0.03305244	0.00000512	0x00	0x00
SPI [1]	result	0.03305772	0.00000512	0x00	0x00
SPI [1]	result	0.03306300	0.00000512	0x00	0x00
SPI [1]	result	0.03306828	0.00000512	0x00	0x00
SPI [1]	result	0.03307356	0.00000512	0x00	0x00
SPI [1]	result	0.03307884	0.00000512	0x00	0x00
SPI [1]	result	0.03308412	0.00000512	0x00	0x00
SPI [1]	result	0.03308940	0.00000512	0x00	0x00
SPI [1]	result	0.03309468	0.00000512	0x00	0x00
SPI [1]	result	0.03309996	0.00000512	0x00	0x00
SPI [1]	result	0.03310524	0.00000512	0x00	0x00
SPI [1]	result	0.03311052	0.00000512	0x00	0x00
SPI [1]	result	0.03311580	0.00000512	0x00	0x00
SPI [1]	result	0.03312108	0.00000512	0x00	0x00
SPI [1]	result	0.03312636	0.00000512	0x00	0x00
SPI [1]	result	0.03313164	0.00000512	0x00	0x00
SPI [1]	result	0.03313692	0.00000512	0x00	0x00
SPI [1]	result	0.03314220	0.00000512	0x00	0x00
SPI [1]	result	0.03314748	0.00000512	0x00	0x00
SPI [1]	result	0.03315276	0.00000512	0xED	0x5A
SPI [1]	result	0.07357666	0.00000512	0x00	0x00
SPI [1]	result	0.07358194	0.00000512	0x00	0x00
SPI [1]	result	0.07358722	0.00000512	0x08	0x00
SPI [1]	result	0.07359250	0.00000512	0x20	0x00
SPI [1]	result	0.07402430	0.00000512	0x0D	0x08
SPI [1]	result	0.07402958	0.00000512	0x10	0x00
SPI [1]	result	0.07403486	0.00000512	0x80	0x88
SPI [1]	result	0.07404014	0.00000512	0x0A	0x32
SPI [1]	result	0.07443691	0.00000512	0x00	0x11
SPI [1]	result	0.07444219	0.00000512	0x00	0x99
SPI [1]	result	0.07444747	0.00000512	0x09	0x08
SPI [1]	result	0.07445275	0.00000512	0xA6	0x28
SPI [1]	result	0.07489650	0.00000512	0x08	0x0D
SPI [1]	result	0.07490178	0.00000512	0x00	0x00
SPI [1]	result	0.07490706	0.00000512	0x88	0x89
SPI [1]	result	0.07491234	0.00000512	0x32	0xA0
SPI [1]	result	0.07530904	0.00000512	0x00	0x00
SPI [1]	result	0.07531432	0.00000512	0x00	0x18
SPI [1]	result	0.07531960	0.00000512	0x0C	0x09
SPI [1]	result	0.07532488	0.00000512	0xB2	0xBE
SPI [1]	result	0.07585637	0.00000512	0x00	0x08
SPI [1]	result	0.07586165	0.00000512	0x00	0x00
SPI [1]	result	0.07586693	0.00000512	0x0C	0x8C
SPI [1]	result	0.07587221	0.00000512	0x30	0x84
SPI [1]	result	0.07674436	0.00000512	0x08	0x00
SPI [1]	result	0.07674964	0.00000512	0x00	0x26
SPI [1]	result	0.07675492	0.00000512	0x89	0x03
SPI [1]	result	0.07676020	0.00000512	0xB8	0xF6
SPI [1]	result	0.07724967	0.00000512	0x08	0xC3
SPI [1]	result	0.07725495	0.00000512	0x00	0x3C
SPI [1]	result	0.07726023	0.00000512	0x83	0xA5
SPI [1]	result	0.07726551	0.00000512	0xE2	0x5A
SPI [1]	result	0.07770691	0.00000512	0xA5	0xC3
SPI [1]	result	0.07771219	0.00000512	0x5A	0x3C
SPI [1]	result	0.07771747	0.00000512	0x3C	0xA5
SPI [1]	result	0.07772275	0.00000512	0xC3	0x5A
SPI [1]	result	0.07812156	0.00000512	0x80	0xA5
SPI [1]	result	0.07812684	0.00000512	0x20	0x5A
SPI [1]	result	0.07813212	0.00000512	0x28	0x3C
SPI [1]	result	0.07813740	0.00000512	0x24	0xC3
SPI [1]	result	0.07853430	0.00000512	0x08	0x08
SPI [1]	result	0.07853958	0.00000512	0x10	0x10
SPI [1]	result	0.07854486	0.00000512	0x80	0xA8
SPI [1]	result	0.07855014	0.00000512	0x22	0x06
SPI [1]	result	0.07894600	0.00000512	0x00	0x08
SPI [1]	result	0.07895128	0.00000512	0x00	0x00
SPI [1]	result	0.07895656	0.00000512	0x00	0xA8
SPI [1]	result	0.07896184	0.00000512	0x00	0x36
SPI [1]	result	0.07935566	0.00000512	0x08	0x00
SPI [1]	result	0.07936094	0.00000512	0x00	0xF3
SPI [1]	result	0.07936622	0.00000512	0xA8	0x03
SPI [1]	result	0.07937150	0.00000512	0x36	0xE8
SPI [1]	result	0.07978521	0.00000512	0x08	0xC3
SPI [1]	result	0.07979049	0.00000512	0x00	0x3C
SPI [1]	result	0.07979577	0.00000512	0x83	0xA5
SPI [1]	result	0.07980105	0.00000512	0xE2	0x5A
SPI [1]	result	0.08019731	0.00000512	0x00	0xC3
SPI [1]	result	0.08020259	0.00000512	0x00	0x3C
SPI [1]	result	0.08020787	0.00000512	0x00	0xA5
SPI [1]	result	0.08021315	0.00000512	0x00	0x5A
SPI [1]	result	0.08060499	0.00000512	0x00	0xC3
SPI [1]	result	0.08061027	0.00000512	0x00	0x3C
SPI [1]	result	0.08061555	0.00000512	0x00	0xA5
SPI [1]	result	0.08062083	0.00000512	0x00	0x5A
SPI [1]	result	0.08101299	0.00000512	0x00	0xC3
SPI [1]	result	0.08101827	0.00000512	0x00	0x3C
SPI [1]	result	0.08102355	0.00000512	0x00	0xA5
SPI [1]	result	0.08102883	0.00000512	0x00	0x5A
SPI [1]	result	0.08142050	0.00000512	0x00	0xC3
SPI [1]	result	0.08142578	0.00000512	0x00	0x3C
SPI [1]	result	0.08143106	0.00000512	0x00	0xA5
SPI [1]	result	0.08143634	0.00000512	0x00	0x5A
SPI [1]	result	0.08182789	0.00000512	0x00	0xC3
SPI [1]	result	0.08183317	0.00000512	0x00	0x3C
SPI [1]	result	0.08183845	0.00000512	0x00	0xA5
SPI [1]	result	0.08184373	0.00000512	0x00	0x5A
SPI [1]	result	0.08223820	0.00000512	0x00	0xC3
SPI [1]	result	0.08224348	0.00000512	0x00	0x3C
SPI [1]	result	0.08224876	0.00000512	0x00	0xA5
SPI [1]	result	0.08225404	0.00000512	0x00	0x5A
SPI [1]	result	0.08264681	0.00000512	0x00	0xC3
SPI [1]	result	0.08265209	0.00000512	0x00	0x3C
SPI [1]	result	0.08265737	0.00000512	0x00	0xA5
SPI [1]	result	0.08266265	0.00000512	0x00	0x5A
SPI [1]	result	0.08305444	0.00000512	0x00	0x00
SPI [1]	result	0.08305972	0.00000512	0x00	0x00
SPI [1]	result	0.08306500	0.00000512	0x00	0x00
SPI [1]	result	0.08307028	0.00000512	0x00	0x00
SPI [1]	result	0.08346425	0.00000512	0x00	0xC3
SPI [1]	result	0.08346953	0.00000512	0x00	0x3C
SPI [1]	result	0.08347481	0.00000512	0x00	0xA5
SPI [1]	result	0.08348009	0.00000512	0x00	0x5A
SPI [1]	result	0.08387532	0.00000512	0x00	0xC3
SPI [1]	result	0.08388060	0.00000512	0x00	0x3C
SPI [1]	result	0.08388588	0.00000512	0x00	0xA5
SPI [1]	result	0.08389116	0.00000512	0x00	0x5A
SPI [1]	result	0.08431008	0.00000512	0x00	0xC3
SPI [1]	result	0.08431536	0.00000512	0x00	0x3C
SPI [1]	result	0.08432064	0.00000512	0x3F	0xA5
SPI [1]	result	0.08432592	0.00000512	0xC6	0x5A
SPI [1]	result	0.08517583	0.00000512	0x08	0xC3
SPI [1]	result	0.08518111	0.00000512	0x10	0x3C
SPI [1]	result	0.08518639	0.00000512	0x80	0xA5
SPI [1]	result	0.08519167	0.00000512	0x22	0x5A
SPI [1]	result	0.08852763	0.00000512	0x00	0xC3
SPI [1]	result	0.08853291	0.00000512	0x00	0x3C
SPI [1]	result	0.08853819	0.00000512	0x00	0xA5
SPI [1]	result	0.08854347	0.00000512	0x00	0x5A
SPI [1]	result	0.08937383	0.00000512	0x08	0xC3
SPI [1]	result	0.08937911	0.00000512	0x00	0x3C
SPI [1]	result	0.08938439	0.00000512	0xBF	0xA5
SPI [1]	result	0.08938967	0.00000512	0xD8	0x5A
SPI [1]	result	0.09192569	0.00000512	0xB8	0xC3
SPI [1]	result	0.09193097	0.00000512	0x01	0x3C
SPI [1]	result	0.09193625	0.00000512	0x06	0xA5
SPI [1]	result	0.09194153	0.00000512	0x26	0x5A
SPI [1]	result	0.09272370	0.00000512	0x09	0xC3
SPI [1]	result	0.09272898	0.00000512	0x10	0x3C
SPI [1]	result	0.09273426	0.00000512	0x80	0xA5
SPI [1]	result	0.09273954	0.00000512	0x2A	0x5A
SPI [1]	result	0.09330377	0.00000512	0x00	0xC3
SPI [1]	result	0.09330905	0.00000512	0x00	0x3C
SPI [1]	result	0.09331433	0.00000512	0x05	0xA5
SPI [1]	result	0.09331961	0.00000512	0x14	0x5A
SPI [1]	result	0.09408975	0.00000512	0x0A	0xC3
SPI [1]	result	0.09409503	0.00000512	0x00	0x3C
SPI [1]	result	0.09410031	0.00000512	0x86	0xA5
SPI [1]	result	0.09410559	0.00000512	0x3A	0x5A
SPI [1]	result	0.09467776	0.00000512	0x00	0xC3
SPI [1]	result	0.09468304	0.00000512	0x00	0x3C
SPI [1]	result	0.09468832	0.00000512	0x00	0xA5
SPI [1]	result	0.09469360	0.00000512	0x00	0x5A
SPI [1]	result	0.09523965	0.00000512	0x08	0xC3
SPI [1]	result	0.09524493	0.00000512	0x00	0x3C
SPI [1]	result	0.09525021	0.00000512	0x85	0xA5
SPI [1]	result	0.09525549	0.00000512	0x26	0x5A
SPI [1]	result	0.09833236	0.00000512	0xFF	0xC3
SPI [1]	result	0.09833764	0.00000512	0xFF	0x3C
SPI [1]	result	0.09834292	0.00000512	0x00	0xA5
SPI [1]	result	0.09834820	0.00000512	0x00	0x5A
SPI [1]	result	0.09835348	0.00000512	0x00	0x00
SPI [1]	result	0.09835876	0.00000512	0x00	0x00
SPI [1]	result	0.09836404	0.00000512	0x00	0x00
SPI [1]	result	0.09836932	0.00000512	0x00	0x00
SPI [1]	result	0.09837460	0.00000512	0x00	0x00
SPI [1]	result	0.09837988	0.00000512	0x00	0x00
SPI [1]	result	0.09838516	0.00000512	0x00	0x00
SPI [1]	result	0.09839044	0.00000512	0x00	0x00
SPI [1]	result	0.09839572	0.00000512	0x00	0x00
SPI [1]	result	0.09840100	0.00000512	0x00	0x0C
SPI [1]	result	0.09840628	0.00000512	0x00	0x33
SPI [1]	result	0.09841156	0.00000512	0x00	0xCA
SPI [1]	result	0.09841684	0.00000512	0x00	0x55
SPI [1]	result	0.09842212	0.00000512	0x00	0xA0
SPI [1]	result	0.09842740	0.00000512	0x00	0x00
SPI [1]	result	0.09843268	0.00000512	0x00	0x00
SPI [1]	result	0.09843796	0.00000512	0x00	0x00
SPI [1]	result	0.09844324	0.00000512	0x00	0x00
SPI [1]	result	0.09844852	0.00000512	0x00	0x00
SPI [1]	result	0.09845380	0.00000512	0x00	0x00
SPI [1]	result	0.09845908	0.00000512	0x00	0x00
SPI [1]	result	0.09846436	0.00000512	0x00	0x00
SPI [1]	result	0.09846964	0.00000512	0x00	0x00
SPI [1]	result	0.09847492	0.00000512	0x00	0xC3
SPI [1]	result	0.09848020	0.00000512	0x00	0x3C
SPI [1]	result	0.09848548	0.00000512	0x00	0xA5
SPI [1]	result	0.09849076	0.00000512	0x00	0x5A
SPI [1]	result	0.09849604	0.00000512	0x00	0x00
SPI [1]	result	0.09850132	0.00000512	0x00	0x00
SPI [1]	result	0.09850660	0.00000512	0x00	0x00
SPI [1]	result	0.09851188	0.00000512	0x00	0x00
SPI [1]	result	0.09851716	0.00000512	0x00	0x00
SPI [1]	result	0.09852244	0.00000512	0x00	0x00
SPI [1]	result	0.09852772	0.00000512	0x00	0x00
SPI [1]	result	0.09853300	0.00000512	0x00	0x00
SPI [1]	result	0.09853828	0.00000512	0x00	0x00
SPI [1]	result	0.09854356	0.00000512	0x00	0x0C
SPI [1]	result	0.09854884	0.00000512	0x00	0x33
SPI [1]	result	0.09855412	0.00000512	0x00	0xCA
SPI [1]	result	0.09855940	0.00000512	0x00	0x55
SPI [1]	result	0.09856468	0.00000512	0x00	0xA0
SPI [1]	result	0.09856996	0.00000512	0x00	0x00
SPI [1]	result	0.09857524	0.00000512	0x00	0x00
SPI [1]	result	0.09858052	0.00000512	0x00	0x00
SPI [1]	result	0.09858580	0.00000512	0x00	0x00
SPI [1]	result	0.09859108	0.00000512	0x00	0x00
SPI [1]	result	0.09859636	0.00000512	0x00	0x00
SPI [1]	result	0.09860164	0.00000512	0x00	0x00
SPI [1]	result	0.09860692	0.00000512	0x00	0x00
SPI [1]	result	0.09861220	0.00000512	0x00	0x00
SPI [1]	result	0.09861748	0.00000512	0x00	0xC3
SPI [1]	result	0.09862276	0.00000512	0x00	0x3C
SPI [1]	result	0.09862804	0.00000512	0x00	0xA5
SPI [1]	result	0.09863332	0.00000512	0x00	0x5A
SPI [1]	result	0.09863860	0.00000512	0x00	0x00
SPI [1]	result	0.09864388	0.00000512	0x00	0x00
SPI [1]	result	0.09864916	0.00000512	0x00	0x00
SPI [1]	result	0.09865444	0.00000512	0x00	0x00
SPI [1]	result	0.09865972	0.00000512	0x00	0x00
SPI [1]	result	0.09866500	0.00000512	0x00	0x00
SPI [1]	result	0.09867028	0.00000512	0x00	0x00
SPI [1]	result	0.09867556	0.00000512	0x00	0x00
SPI [1]	result	0.09868084	0.00000512	0x00	0x00
SPI [1]	result	0.09868612	0.00000512	0x00	0x0C
SPI [1]	result	0.09869140	0.00000512	0x00	0x33
SPI [1]	result	0.09869668	0.00000512	0x00	0xCA
SPI [1]	result	0.09870196	0.00000512	0x00	0x55
SPI [1]	result	0.09870724	0.00000512	0x00	0xA0
SPI [1]	result	0.09871252	0.00000512	0x00	0x00
SPI [1]	result	0.09871780	0.00000512	0x00	0x00
SPI [1]	result	0.09872308	0.00000512	0x00	0x00
SPI [1]	result	0.09872836	0.00000512	0x00	0x00
SPI [1]	result	0.09873364	0.00000512	0x00	0x00
SPI [1]	result	0.09873892	0.00000512	0x00	0x00
SPI [1]	result	0.09874420	0.00000512	0x00	0x00
SPI [1]	result	0.09874948	0.00000512	0x00	0x00
SPI [1]	result	0.09875476	0.00000512	0x00	0x00
SPI [1]	result	0.09876004	0.00000512	0x00	0xC3
SPI [1]	result	0.09876532	0.00000512	0x00	0x3C
SPI [1]	result	0.09877060	0.00000512	0x00	0xA5
SPI [1]	result	0.09877588	0.00000512	0x00	0x5A
SPI [1]	result	0.09878116	0.00000512	0x00	0x00
SPI [1]	result	0.09878644	0.00000512	0x00	0x00
SPI [1]	result	0.09879172	0.00000512	0x00	0x00
SPI [1]	result	0.09879700	0.00000512	0x00	0x00
SPI [1]	result	0.09880228	0.00000512	0x00	0x00
SPI [1]	result	0.09880756	0.00000512	0x00	0x00
SPI [1]	result	0.09881284	0.00000512	0x00	0x00
SPI [1]	result	0.09881812	0.00000512	0x00	0x00
SPI [1]	result	0.09882340	0.00000512	0x00	0x00
SPI [1]	result	0.09882868	0.00000512	0x00	0x0C
SPI [1]	result	0.09883396	0.00000512	0x00	0x33
SPI [1]	result	0.09883924	0.00000512	0x00	0xCA
SPI [1]	result	0.09884452	0.00000512	0x00	0x55
SPI [1]	result	0.09884980	0.00000512	0x00	0xA0
SPI [1]	result	0.09885508	0.00000512	0x00	0x00
SPI [1]	result	0.09886036	0.00000512	0x00	0x00
SPI [1]	result	0.09886564	0.00000512	0x00	0x00
SPI [1]	result	0.09887092	0.00000512	0x00	0x00
SPI [1]	result	0.09887620	0.00000512	0x00	0x00
SPI [1]	result	0.09888148	0.00000512	0x00	0x00
SPI [1]	result	0.09888676	0.00000512	0x00	0x00
SPI [1]	result	0.09889204	0.00000512	0x00	0x00
SPI [1]	result	0.09889732	0.00000512	0x00	0x00
SPI [1]	result	0.09890260	0.00000512	0x00	0xC3
SPI [1]	result	0.09890788	0.00000512	0x00	0x3C
SPI [1]	result	0.09891316	0.00000512	0x00	0xA5
SPI [1]	result	0.09891844	0.00000512	0x00	0x5A
SPI [1]	result	0.09892372	0.00000512	0x00	0x00
SPI [1]	result	0.09892900	0.00000512	0x00	0x00
SPI [1]	result	0.09893428	0.00000512	0x00	0x00
SPI [1]	result	0.09893956	0.00000512	0x00	0x00
SPI [1]	result	0.09894484	0.00000512	0x00	0x00
SPI [1]	result	0.09895012	0.00000512	0x00	0x00
SPI [1]	result	0.09895540	0.00000512	0x00	0x00
SPI [1]	result	0.09896068	0.00000512	0x00	0x00
SPI [1]	result	0.09896596	0.00000512	0x00	0x00
SPI [1]	result	0.09897124	0.00000512	0x00	0x0C
SPI [1]	result	0.09897652	0.00000512	0x00	0x33
SPI [1]	result	0.09898180	0.00000512	0x00	0xCA
SPI [1]	result	0.09898708	0.00000512	0x00	0x55
SPI [1]	result	0.09899236	0.00000512	0x00	0xA0
SPI [1]	result	0.09899764	0.00000512	0x00	0x00
SPI [1]	result	0.09900292	0.00000512	0x00	0x00
SPI [1]	result	0.09900820	0.00000512	0x00	0x00
SPI [1]	result	0.09901348	0.00000512	0x00	0x00
SPI [1]	result	0.09901876	0.00000512	0x5A	0x00
SPI [1]	result	0.10214837	0.00000512	0xFF	0xC3
SPI [1]	result	0.10215365	0.00000512	0x00	0x3C
SPI [1]	result	0.10215893	0.00000512	0x00	0xA5
SPI [1]	result	0.10216421	0.00000512	0x00	0x5A
SPI [1]	result	0.10216949	0.00000512	0x00	0x00
SPI [1]	result	0.10217477	0.00000512	0x00	0x00
SPI [1]	result	0.10218005	0.00000512	0x00	0x00
SPI [1]	result	0.10218533	0.00000512	0x00	0x00
SPI [1]	result	0.10219061	0.00000512	0x00	0x00
SPI [1]	result	0.10219589	0.00000512	0x00	0x00
SPI [1]	result	0.10220117	0.00000512	0x00	0x00
SPI [1]	result	0.10220645	0.00000512	0x00	0x00
SPI [1]	result	0.10221173	0.00000512	0x00	0x00
SPI [1]	result	0.10221701	0.00000512	0x00	0x0C
SPI [1]	result	0.10222229	0.00000512	0x00	0x33
SPI [1]	result	0.10222757	0.00000512	0x00	0xCA
SPI [1]	result	0.10223285	0.00000512	0x00	0x55
SPI [1]	result	0.10223813	0.00000512	0x00	0xA0
SPI [1]	result	0.10224341	0.00000512	0x00	0x00
SPI [1]	result	0.10224869	0.00000512	0x00	0x00
SPI [1]	result	0.10225397	0.00000512	0x00	0x00
SPI [1]	result	0.10225925	0.00000512	0x00	0x00
SPI [1]	result	0.10226453	0.00000512	0x00	0x00
SPI [1]	result	0.10226981	0.00000512	0x00	0x00
SPI [1]	result	0.10227509	0.00000512	0x00	0x00
SPI [1]	result	0.10228037	0.00000512	0x00	0x00
SPI [1]	result	0.10228565	0.00000512	0x00	0x00
SPI [1]	result	0.10229093	0.00000512	0x00	0xC3
SPI [1]	result	0.10229621	0.00000512	0x00	0x3C
SPI [1]	result	0.10230149	0.00000512	0x00	0xA5
SPI [1]	result	0.10230677	0.00000512	0x00	0x5A
SPI [1]	result	0.10231205	0.00000512	0x00	0x00
SPI [1]	result	0.10231733	0.00000512	0x00	0x00
SPI [1]	result	0.10232261	0.00000512	0x00	0x00
SPI [1]	result	0.10232789	0.00000512	0x00	0x00
SPI [1]	result	0.10233317	0.00000512	0x00	0x00
SPI [1]	result	0.10233845	0.00000512	0x00	0x00
SPI [1]	result	0.10234373	0.00000512	0x00	0x00
SPI [1]	result	0.10234901	0.00000512	0x00	0x00
SPI [1]	result	0.10235429	0.00000512	0x00	0x00
SPI [1]	result	0.10235957	0.00000512	0x00	0x0C
SPI [1]	result	0.10236485	0.00000512	0x00	0x33
SPI [1]	result	0.10237013	0.00000512	0x00	0xCA
SPI [1]	result	0.10237541	0.00000512	0x00	0x55
SPI [1]	result	0.10238069	0.00000512	0x00	0xA0
SPI [1]	result	0.10238597	0.00000512	0x00	0x00
SPI [1]	result	0.10239125	0.00000512	0x00	0x00
SPI [1]	result	0.10239653	0.00000512	0x00	0x00
SPI [1]	result	0.10240181	0.00000512	0x00	0x00
SPI [1]	result	0.10240709	0.00000512	0x00	0x00
SPI [1]	result	0.10241237	0.00000512	0x00	0x00
SPI [1]	result	0.10241765	0.00000512	0x00	0x00
SPI [1]	result	0.10242293	0.00000512	0x00	0x00
SPI [1]	result	0.10242821	0.00000512	0x00	0x00
SPI [1]	result	0.10243349	0.00000512	0x00	0xC3
SPI [1]	result	0.10243877	0.00000512	0x00	0x3C
SPI [1]	result	0.10244405	0.00000512	0x00	0xA5
SPI [1]	result	0.10244933	0.00000512	0x00	0x5A
SPI [1]	result	0.10245461	0.00000512	0x00	0x00
SPI [1]	result	0.10245989	0.00000512	0x00	0x00
SPI [1]	result	0.10246517	0.00000512	0x00	0x00
SPI [1]	result	0.10247045	0.00000512	0x00	0x00
SPI [1]	result	0.10247573	0.00000512	0x00	0x00
SPI [1]	result	0.10248101	0.00000512	0x00	0x00
SPI [1]	result	0.10248629	0.00000512	0x00	0x00
SPI [1]	result	0.10249157	0.00000512	0x00	0x00
SPI [1]	result	0.10249685	0.00000512	0x00	0x00
SPI [1]	result	0.10250213	0.00000512	0x00	0x0C
SPI [1]	result	0.10250741	0.00000512	0x00	0x33
SPI [1]	result	0.10251269	0.00000512	0x00	0xCA
SPI [1]	result	0.10251797	0.00000512	0x00	0x55
SPI [1]	result	0.10252325	0.00000512	0x00	0xA0
SPI [1]	result	0.10252853	0.00000512	0x00	0x00
SPI [1]	result	0.10253381	0.00000512	0x00	0x00
SPI [1]	result	0.10253909	0.00000512	0x00	0x00
SPI [1]	result	0.10254437	0.00000512	0x00	0x00
SPI [1]	result	0.10254965	0.00000512	0x00	0x00
SPI [1]	result	0.10255493	0.00000512	0x00	0x00
SPI [1]	result	0.10256021	0.00000512	0x00	0x00
SPI [1]	result	0.10256549	0.00000512	0x00	0x00
SPI [1]	result	0.10257077	0.00000512	0x00	0x00
SPI [1]	result	0.10257605	0.00000512	0x00	0xC3
SPI [1]	result	0.10258133	0.00000512	0x00	0x3C
SPI [1]	result	0.10258661	0.00000512	0x00	0xA5
SPI [1]	result	0.10259189	0.00000512	0x00	0x5A
SPI [1]	result	0.10259717	0.00000512	0x00	0x00
SPI [1]	result	0.10260245	0.00000512	0x00	0x00
SPI [1]	result	0.10260773	0.00000512	0x00	0x00
SPI [1]	result	0.10261301	0.00000512	0x00	0x00
SPI [1]	result	0.10261829	0.00000512	0x00	0x00
SPI [1]	result	0.10262357	0.00000512	0x00	0x00
SPI [1]	result	0.10262885	0.00000512	0x00	0x00
SPI [1]	result	0.10263413	0.00000512	0x00	0x00
SPI [1]	result	0.10263941	0.00000512	0x00	0x00
SPI [1]	result	0.10264469	0.00000512	0x00	0x0C
SPI [1]	result	0.10264997	0.00000512	0x00	0x33
SPI [1]	result	0.10265525	0.00000512	0x00	0xCA
SPI [1]	result	0.10266053	0.00000512	0x00	0x55
SPI [1]	result	0.10266581	0.00000512	0x00	0xA0
SPI [1]	result	0.10267109	0.00000512	0x00	0x00
SPI [1]	result	0.10267637	0.00000512	0x00	0x00
SPI [1]	result	0.10268165	0.00000512	0x00	0x00
SPI [1]	result	0.10268693	0.00000512	0x00	0x00
SPI [1]	result	0.10269221	0.00000512	0x00	0x00
SPI [1]	result	0.10269749	0.00000512	0x00	0x00
SPI [1]	result	0.10270277	0.00000512	0x00	0x00
SPI [1]	result	0.10270805	0.00000512	0x00	0x00
SPI [1]	result	0.10271333	0.00000512	0x00	0x00
SPI [1]	result	0.10271861	0.00000512	0x00	0xC3
SPI [1]	result	0.10272389	0.00000512	0x00	0x3C
SPI [1]	result	0.10272917	0.00000512	0x00	0xA5
SPI [1]	result	0.10273445	0.00000512	0x00	0x5A
SPI [1]	result	0.10273973	0.00000512	0x00	0x00
SPI [1]	result	0.10274501	0.00000512	0x00	0x00
SPI [1]	result	0.10275029	0.00000512	0x00	0x00
SPI [1]	result	0.10275557	0.00000512	0x00	0x00
SPI [1]	result	0.10276085	0.00000512	0x00	0x00
SPI [1]	result	0.10276613	0.00000512	0x00	0x00
SPI [1]	result	0.10277141	0.00000512	0x00	0x00
SPI [1]	result	0.10277669	0.00000512	0x00	0x00
SPI [1]	result	0.10278197	0.00000512	0x00	0x00
SPI [1]	result	0.10278725	0.00000512	0x00	0x0C
SPI [1]	result	0.10279253	0.00000512	0x00	0x33
SPI [1]	result	0.10279781	0.00000512	0x00	0xCA
SPI [1]	result	0.10280309	0.00000512	0x00	0x55
SPI [1]	result	0.10280837	0.00000512	0x00	0xA0
SPI [1]	result	0.10281365	0.00000512	0x00	0x00
SPI [1]	result	0.10281893	0.00000512	0x00	0x00
SPI [1]	result	0.10282421	0.00000512	0x00	0x00
SPI [1]	result	0.10282949	0.00000512	0x00	0x00
SPI [1]	result	0.10283477	0.00000512	0x5A	0x00
SPI [1]	result	0.10598381	0.00000512	0xB8	0xC3
SPI [1]	result	0.10598909	0.00000512	0x01	0x3C
SPI [1]	result	0.10599437	0.00000512	0x06	0xA5
SPI [1]	result	0.10599965	0.00000512	0x26	0x5A
SPI [1]	result	0.10678575	0.00000512	0x0B	0xC3
SPI [1]	result	0.10679103	0.00000512	0x10	0x3C
SPI [1]	result	0.10679631	0.00000512	0x80	0xA5
SPI [1]	result	0.10680159	0.00000512	0x3A	0x5A
SPI [1]	result	0.10735075	0.00000512	0x00	0xC3
SPI [1]	result	0.10735603	0.00000512	0x00	0x3C
SPI [1]	result	0.10736131	0.00000512	0x05	0xA5
SPI [1]	result	0.10736659	0.00000512	0x56	0x5A
SPI [1]	result	0.10814171	0.00000512	0x0C	0xC3
SPI [1]	result	0.10814699	0.00000512	0x00	0x3C
SPI [1]	result	0.10815227	0.00000512	0x86	0xA5
SPI [1]	result	0.10815755	0.00000512	0x0A	0x5A
SPI [1]	result	0.10872569	0.00000512	0x00	0xC3
SPI [1]	result	0.10873097	0.00000512	0x00	0x3C
SPI [1]	result	0.10873625	0.00000512	0x00	0xA5
SPI [1]	result	0.10874153	0.00000512	0x00	0x5A
SPI [1]	result	0.10930068	0.00000512	0x08	0xC3
SPI [1]	result	0.10930596	0.00000512	0x00	0x3C
SPI [1]	result	0.10931124	0.00000512	0x85	0xA5
SPI [1]	result	0.10931652	0.00000512	0x68	0x5A
SPI [1]	result	0.11239961	0.00000512	0x00	0xC3
SPI [1]	result	0.11240489	0.00000512	0x00	0x3C
SPI [1]	result	0.11241017	0.00000512	0x53	0xA5
SPI [1]	result	0.11241545	0.00000512	0x50	0x5A
SPI [1]	result	0.11242073	0.00000512	0x58	0x00
SPI [1]	result	0.11242601	0.00000512	0x31	0x00
SPI [1]	result	0.11243129	0.00000512	0x00	0x00
SPI [1]	result	0.11243657	0.00000512	0x00	0x00
SPI [1]	result	0.11244185	0.00000512	0x00	0x00
SPI [1]	result	0.11244713	0.00000512	0x00	0x00
SPI [1]	result	0.11245241	0.00000512	0x00	0x00
SPI [1]	result	0.11245769	0.00000512	0x00	0x00
SPI [1]	result	0.11246297	0.00000512	0x47	0x00
SPI [1]	result	0.11246825	0.00000512	0x46	0x0C
SPI [1]	result	0.11247353	0.00000512	0x58	0x33
SPI [1]	result	0.11247881	0.00000512	0x20	0xCA
SPI [1]	result	0.11248409	0.00000512	0x35	0x55
SPI [1]	result	0.11248937	0.00000512	0x30	0xA0
SPI [1]	result	0.11249465	0.00000512	0x53	0x00
SPI [1]	result	0.11249993	0.00000512	0x00	0x00
SPI [1]	result	0.11250521	0.00000512	0x00	0x00
SPI [1]	result	0.11251049	0.00000512	0x00	0x00
SPI [1]	result	0.11251577	0.00000512	0x00	0x00
SPI [1]	result	0.11252105	0.00000512	0x00	0x00
SPI [1]	result	0.11252633	0.00000512	0x00	0x00
SPI [1]	result	0.11253161	0.00000512	0x00	0x00
SPI [1]	result	0.11253689	0.00000512	0x00	0x00
SPI [1]	result	0.11254217	0.00000512	0x00	0xC3
SPI [1]	result	0.11254745	0.00000512	0x00	0x3C
SPI [1]	result	0.11255273	0.00000512	0x00	0xA5
SPI [1]	result	0.11255801	0.00000512	0x00	0x5A
SPI [1]	result	0.11256329	0.00000512	0x00	0x00
SPI [1]	result	0.11256857	0.00000512	0x47	0x00
SPI [1]	result	0.11257385	0.00000512	0x46	0x00
SPI [1]	result	0.11257913	0.00000512	0x58	0x00
SPI [1]	result	0.11258441	0.00000512	0x20	0x00
SPI [1]	result	0.11258969	0.00000512	0x35	0x00
SPI [1]	result	0.11259497	0.00000512	0x30	0x00
SPI [1]	result	0.11260025	0.00000512	0x53	0x00
SPI [1]	result	0.11260553	0.00000512	0x00	0x00
SPI [1]	result	0.11261081	0.00000512	0x00	0x0C
SPI [1]	result	0.11261609	0.00000512	0x00	0x33
SPI [1]	result	0.11262137	0.00000512	0x00	0xCA
SPI [1]	result	0.11262665	0.00000512	0x00	0x55
SPI [1]	result	0.11263193	0.00000512	0x00	0xA0
SPI [1]	result	0.11263721	0.00000512	0x00	0x00
SPI [1]	result	0.11264249	0.00000512	0x00	0x00
SPI [1]	result	0.11264777	0.00000512	0x35	0x00
SPI [1]	result	0.11265305	0.00000512	0x39	0x00
SPI [1]	result	0.11265833	0.00000512	0x33	0x00
SPI [1]	result	0.11266361	0.00000512	0x35	0x00
SPI [1]	result	0.11266889	0.00000512	0x33	0x00
SPI [1]	result	0.11267417	0.00000512	0x33	0x00
SPI [1]	result	0.11267945	0.00000512	0x33	0x00
SPI [1]	result	0.11268473	0.00000512	0x31	0xC3
SPI [1]	result	0.11269001	0.00000512	0x33	0x3C
SPI [1]	result	0.11269529	0.00000512	0x36	0xA5
SPI [1]	result	0.11270057	0.00000512	0x33	0x5A
SPI [1]	result	0.11270585	0.00000512	0x31	0x00
SPI [1]	result	0.11271113	0.00000512	0x31	0x00
SPI [1]	result	0.11271641	0.00000512	0x37	0x00
SPI [1]	result	0.11272169	0.00000512	0x30	0x00
SPI [1]	result	0.11272697	0.00000512	0x32	0x00
SPI [1]	result	0.11273225	0.00000512	0x31	0x00
SPI [1]	result	0.11273753	0.00000512	0x36	0x00
SPI [1]	result	0.11274281	0.00000512	0x37	0x00
SPI [1]	result	0.11274809	0.00000512	0x30	0x00
SPI [1]	result	0.11275337	0.00000512	0x32	0x0C
SPI [1]	result	0.11275865	0.00000512	0x30	0x33
SPI [1]	result	0.11276393	0.00000512	0x31	0xCA
SPI [1]	result	0.11276921	0.00000512	0x30	0x55
SPI [1]	result	0.11277449	0.00000512	0x31	0xA0
SPI [1]	result	0.11277977	0.00000512	0x31	0x00
SPI [1]	result	0.11278505	0.00000512	0x30	0x00
SPI [1]	result	0.11279033	0.00000512	0x36	0x00
SPI [1]	result	0.11279561	0.00000512	0x39	0x00
SPI [1]	result	0.11280089	0.00000512	0x41	0x00
SPI [1]	result	0.11280617	0.00000512	0x04	0x00
SPI [1]	result	0.11281145	0.00000512	0x20	0x00
SPI [1]	result	0.11281673	0.00000512	0x02	0x00
SPI [1]	result	0.11282201	0.00000512	0x16	0x00
SPI [1]	result	0.11282729	0.00000512	0x01	0xC3
SPI [1]	result	0.11283257	0.00000512	0x00	0x3C
SPI [1]	result	0.11283785	0.00000512	0x01	0xA5
SPI [1]	result	0.11284313	0.00000512	0x00	0x5A
SPI [1]	result	0.11284841	0.00000512	0x01	0x00
SPI [1]	result	0.11285369	0.00000512	0x00	0x00
SPI [1]	result	0.11285897	0.00000512	0x00	0x00
SPI [1]	result	0.11286425	0.00000512	0x00	0x00
SPI [1]	result	0.11286953	0.00000512	0x00	0x00
SPI [1]	result	0.11287481	0.00000512	0x00	0x00
SPI [1]	result	0.11288009	0.00000512	0x00	0x00
SPI [1]	result	0.11288537	0.00000512	0x00	0x00
SPI [1]	result	0.11289065	0.00000512	0x00	0x00
SPI [1]	result	0.11289593	0.00000512	0x00	0x0C
SPI [1]	result	0.11290121	0.00000512	0x00	0x33
SPI [1]	result	0.11290649	0.00000512	0x00	0xCA
SPI [1]	result	0.11291177	0.00000512	0x00	0x55
SPI [1]	result	0.11291705	0.00000512	0x00	0xA0
SPI [1]	result	0.11292233	0.00000512	0x00	0x00
SPI [1]	result	0.11292761	0.00000512	0x00	0x00
SPI [1]	result	0.11293289	0.00000512	0x00	0x00
SPI [1]	result	0.11293817	0.00000512	0x00	0x00
SPI [1]	result	0.11294345	0.00000512	0x00	0x00
SPI [1]	result	0.11294873	0.00000512	0x00	0x00
SPI [1]	result	0.11295401	0.00000512	0x00	0x00
SPI [1]	result	0.11295929	0.00000512	0x00	0x00
SPI [1]	result	0.11296457	0.00000512	0x00	0x00
SPI [1]	result	0.11296985	0.00000512	0x00	0xC3
SPI [1]	result	0.11297513	0.00000512	0x00	0x3C
SPI [1]	result	0.11298041	0.00000512	0x00	0xA5
SPI [1]	result	0.11298569	0.00000512	0x00	0x5A
SPI [1]	result	0.11299097	0.00000512	0x00	0x00
SPI [1]	result	0.11299625	0.00000512	0x00	0x00
SPI [1]	result	0.11300153	0.00000512	0x00	0x00
SPI [1]	result	0.11300681	0.00000512	0x00	0x00
SPI [1]	result	0.11301209	0.00000512	0x00	0x00
SPI [1]	result	0.11301737	0.00000512	0x00	0x00
SPI [1]	result	0.11302265	0.00000512	0x00	0x00
SPI [1]	result	0.11302793	0.00000512	0x00	0x00
SPI [1]	result	0.11303321	0.00000512	0x00	0x00
SPI [1]	result	0.11303849	0.00000512	0x00	0x0C
SPI [1]	result	0.11304377	0.00000512	0x00	0x33
SPI [1]	result	0.11304905	0.00000512	0x00	0xFF
SPI [1]	result	0.11305433	0.00000512	0x00	0xFF
SPI [1]	result	0.11305961	0.00000512	0x00	0xFF
SPI [1]	result	0.11306489	0.00000512	0x00	0xFF
SPI [1]	result	0.11307017	0.00000512	0x00	0xFF
SPI [1]	result	0.11307545	0.00000512	0x00	0xFF
SPI [1]	result	0.11308073	0.00000512	0x00	0xFF
SPI [1]	result	0.11308601	0.00000512	0xEF	0xFF
SPI [1]	result	0.11621172	0.00000512	0xFF	0xC3
SPI [1]	result	0.11621700	0.00000512	0xFF	0x3C
SPI [1]	result	0.11622228	0.00000512	0x53	0xA5
SPI [1]	result	0.11622756	0.00000512	0x50	0x5A
SPI [1]	result	0.11623284	0.00000512	0x58	0x00
SPI [1]	result	0.11623812	0.00000512	0x31	0x00
SPI [1]	result	0.11624340	0.00000512	0x00	0x00
SPI [1]	result	0.11624868	0.00000512	0x00	0x00
SPI [1]	result	0.11625396	0.00000512	0x00	0x00
SPI [1]	result	0.11625924	0.00000512	0x00	0x00
SPI [1]	result	0.11626452	0.00000512	0x00	0x00
SPI [1]	result	0.11626980	0.00000512	0x00	0x00
SPI [1]	result	0.11627508	0.00000512	0x47	0x00
SPI [1]	result	0.11628036	0.00000512	0x46	0x0C
SPI [1]	result	0.11628564	0.00000512	0x58	0x33
SPI [1]	result	0.11629092	0.00000512	0x20	0xCA
SPI [1]	result	0.11629620	0.00000512	0x35	0x55
SPI [1]	result	0.11630148	0.00000512	0x30	0xA0
SPI [1]	result	0.11630676	0.00000512	0x53	0x00
SPI [1]	result	0.11631204	0.00000512	0x00	0x00
SPI [1]	result	0.11631732	0.00000512	0x00	0x00
SPI [1]	result	0.11632260	0.00000512	0x00	0x00
SPI [1]	result	0.11632788	0.00000512	0x00	0x00
SPI [1]	result	0.11633316	0.00000512	0x00	0x00
SPI [1]	result	0.11633844	0.00000512	0x00	0x00
SPI [1]	result	0.11634372	0.00000512	0x00	0x00
SPI [1]	result	0.11634900	0.00000512	0x00	0x00
SPI [1]	result	0.11635428	0.00000512	0x00	0x43
SPI [1]	result	0.11635956	0.00000512	0x00	0x3C
SPI [1]	result	0.11636484	0.00000512	0x00	0xA5
SPI [1]	result	0.11637012	0.00000512	0x00	0x5A
SPI [1]	result	0.11637540	0.00000512	0x00	0x00
SPI [1]	result	0.11638068	0.00000512	0x47	0x00
SPI [1]	result	0.11638596	0.00000512	0x46	0x00
SPI [1]	result	0.11639124	0.00000512	0x58	0x00
SPI [1]	result	0.11639652	0.00000512	0x20	0x00
SPI [1]	result	0.11640180	0.00000512	0x35	0x00
SPI [1]	result	0.11640708	0.00000512	0x30	0x00
SPI [1]	result	0.11641236	0.00000512	0x53	0x00
SPI [1]	result	0.11641764	0.00000512	0x00	0x00
SPI [1]	result	0.11642292	0.00000512	0x00	0x0C
SPI [1]	result	0.11642820	0.00000512	0x00	0x33
SPI [1]	result	0.11643348	0.00000512	0x00	0xCA
SPI [1]	result	0.11643876	0.00000512	0x00	0x55
SPI [1]	result	0.11644404	0.00000512	0x00	0xA0
SPI [1]	result	0.11644932	0.00000512	0x00	0x00
SPI [1]	result	0.11645460	0.00000512	0x00	0x00
SPI [1]	result	0.11645988	0.00000512	0x35	0x00
SPI [1]	result	0.11646516	0.00000512	0x39	0x00
SPI [1]	result	0.11647044	0.00000512	0x33	0x00
SPI [1]	result	0.11647572	0.00000512	0x35	0x00
SPI [1]	result	0.11648100	0.00000512	0x33	0x00
SPI [1]	result	0.11648628	0.00000512	0x33	0x00
SPI [1]	result	0.11649156	0.00000512	0x33	0x00
SPI [1]	result	0.11649684	0.00000512	0x31	0xC3
SPI [1]	result	0.11650212	0.00000512	0x33	0x3C
SPI [1]	result	0.11650740	0.00000512	0x36	0xA5
SPI [1]	result	0.11651268	0.00000512	0x33	0x5A
SPI [1]	result	0.11651796	0.00000512	0x31	0x00
SPI [1]	result	0.11652324	0.00000512	0x31	0x00
SPI [1]	result	0.11652852	0.00000512	0x37	0x00
SPI [1]	result	0.11653380	0.00000512	0x30	0x00
SPI [1]	result	0.11653908	0.00000512	0x32	0x00
SPI [1]	result	0.11654436	0.00000512	0x31	0x00
SPI [1]	result	0.11654964	0.00000512	0x36	0x00
SPI [1]	result	0.11655492	0.00000512	0x37	0x00
SPI [1]	result	0.11656020	0.00000512	0x30	0x00
SPI [1]	result	0.11656548	0.00000512	0x32	0x0C
SPI [1]	result	0.11657076	0.00000512	0x30	0x33
SPI [1]	result	0.11657604	0.00000512	0x31	0xCA
SPI [1]	result	0.11658132	0.00000512	0x30	0x55
SPI [1]	result	0.11658660	0.00000512	0x31	0xA0
SPI [1]	result	0.11659188	0.00000512	0x31	0x00
SPI [1]	result	0.11659716	0.00000512	0x30	0x00
SPI [1]	result	0.11660244	0.00000512	0x36	0x00
SPI [1]	result	0.11660772	0.00000512	0x39	0x00
SPI [1]	result	0.11661300	0.00000512	0x41	0x00
SPI [1]	result	0.11661828	0.00000512	0x04	0x00
SPI [1]	result	0.11662356	0.00000512	0x20	0x00
SPI [1]	result	0.11662884	0.00000512	0x02	0x00
SPI [1]	result	0.11663412	0.00000512	0x16	0x00
SPI [1]	result	0.11663940	0.00000512	0x01	0xC3
SPI [1]	result	0.11664468	0.00000512	0x00	0x3C
SPI [1]	result	0.11664996	0.00000512	0x01	0xA5
SPI [1]	result	0.11665524	0.00000512	0x00	0x5A
SPI [1]	result	0.11666052	0.00000512	0x01	0x00
SPI [1]	result	0.11666580	0.00000512	0x00	0x00
SPI [1]	result	0.11667108	0.00000512	0x00	0x00
SPI [1]	result	0.11667636	0.00000512	0x00	0x00
SPI [1]	result	0.11668164	0.00000512	0x00	0x00
SPI [1]	result	0.11668692	0.00000512	0x00	0x00
SPI [1]	result	0.11669220	0.00000512	0x00	0x00
SPI [1]	result	0.11669748	0.00000512	0x00	0x00
SPI [1]	result	0.11670276	0.00000512	0x00	0x00
SPI [1]	result	0.11670804	0.00000512	0x00	0x0C
SPI [1]	result	0.11671332	0.00000512	0x00	0x33
SPI [1]	result	0.11671860	0.00000512	0x00	0xCA
SPI [1]	result	0.11672388	0.00000512	0x00	0x55
SPI [1]	result	0.11672916	0.00000512	0x00	0xA0
SPI [1]	result	0.11673444	0.00000512	0x00	0x00
SPI [1]	result	0.11673972	0.00000512	0x00	0x00
SPI [1]	result	0.11674500	0.00000512	0x00	0x00
SPI [1]	result	0.11675028	0.00000512	0x00	0x00
SPI [1]	result	0.11675556	0.00000512	0x00	0x00
SPI [1]	result	0.11676084	0.00000512	0x00	0x00
SPI [1]	result	0.11676612	0.00000512	0x00	0x00
SPI [1]	result	0.11677140	0.00000512	0x00	0x00
SPI [1]	result	0.11677668	0.00000512	0x00	0x00
SPI [1]	result	0.11678196	0.00000512	0x00	0xC3
SPI [1]	result	0.11678724	0.00000512	0x00	0x3C
SPI [1]	result	0.11679252	0.00000512	0x00	0xA5
SPI [1]	result	0.11679780	0.00000512	0x00	0x5A
SPI [1]	result	0.11680308	0.00000512	0x00	0x00
SPI [1]	result	0.11680836	0.00000512	0x00	0x00
SPI [1]	result	0.11681364	0.00000512	0x00	0x00
SPI [1]	result	0.11681892	0.00000512	0x00	0x00
SPI [1]	result	0.11682420	0.00000512	0x00	0x00
SPI [1]	result	0.11682948	0.00000512	0x00	0x00
SPI [1]	result	0.11683476	0.00000512	0x00	0x00
SPI [1]	result	0.11684004	0.00000512	0x00	0x00
SPI [1]	result	0.11684532	0.00000512	0x00	0x00
SPI [1]	result	0.11685060	0.00000512	0x00	0x0C
SPI [1]	result	0.11685588	0.00000512	0x00	0x33
SPI [1]	result	0.11686116	0.00000512	0x00	0xCA
SPI [1]	result	0.11686644	0.00000512	0x00	0x55
SPI [1]	result	0.11687172	0.00000512	0x00	0xA0
SPI [1]	result	0.11687700	0.00000512	0x00	0x00
SPI [1]	result	0.11688228	0.00000512	0x00	0x00
SPI [1]	result	0.11688756	0.00000512	0x00	0x00
SPI [1]	result	0.11689284	0.00000512	0x00	0x00
SPI [1]	result	0.11689812	0.00000512	0xED	0x00
SPI [1]	result	0.16432459	0.00000512	0x00	0xC3
SPI [1]	result	0.16432987	0.00000512	0x00	0x3C
SPI [1]	result	0.16433515	0.00000512	0x08	0xA5
SPI [1]	result	0.16434043	0.00000512	0x20	0x5A
SPI [1]	result	0.20431232	0.00000512	0x00	0xC3
SPI [1]	result	0.20431760	0.00000512	0x00	0x3C
SPI [1]	result	0.20432288	0.00000512	0x08	0xA5
SPI [1]	result	0.20432816	0.00000512	0x20	0x5A
SPI [1]	result	0.24431330	0.00000512	0x00	0xC3
SPI [1]	result	0.24431858	0.00000512	0x00	0x3C
SPI [1]	result	0.24432386	0.00000512	0x08	0xA5
SPI [1]	result	0.24432914	0.00000512	0x20	0x5A
SPI [1]	result	0.28430562	0.00000512	0x00	0xC3
SPI [1]	result	0.28431090	0.00000512	0x00	0x3C
SPI [1]	result	0.28431618	0.00000512	0x08	0xA5
SPI [1]	result	0.28432146	0.00000512	0x20	0x5A
SPI [1]	result	0.32430561	0.00000512	0x00	0xC3
SPI [1]	result	0.32431089	0.00000512	0x00	0x3C
SPI [1]	result	0.32431617	0.00000512	0x08	0xA5
SPI [1]	result	0.32432145	0.00000512	0x20	0x5A
SPI [1]	result	0.36430791	0.00000512	0x00	0xC3
SPI [1]	result	0.36431319	0.00000512	0x00	0x3C
SPI [1]	result	0.36431847	0.00000512	0x08	0xA5
SPI [1]	result	0.36432375	0.00000512	0x20	0x5A
SPI [1]	result	0.40430790	0.00000512	0x00	0xC3
SPI [1]	result	0.40431318	0.00000512	0x00	0x3C
SPI [1]	result	0.40431846	0.00000512	0x08	0xA5
SPI [1]	result	0.40432374	0.00000512	0x20	0x5A
SPI [1]	result	0.44431755	0.00000512	0x00	0xC3
SPI [1]	result	0.44432283	0.00000512	0x00	0x3C
SPI [1]	result	0.44432811	0.00000512	0x08	0xA5
SPI [1]	result	0.44433339	0.00000512	0x20	0x5A
SPI [1]	result	0.48430829	0.00000512	0x00	0xC3
SPI [1]	result	0.48431357	0.00000512	0x00	0x3C
SPI [1]	result	0.48431885	0.00000512	0x08	0xA5
SPI [1]	result	0.48432413	0.00000512	0x20	0x5A
SPI [1]	result	0.52430530	0.00000512	0x00	0xC3
SPI [1]	result	0.52431058	0.00000512	0x00	0x3C
SPI [1]	result	0.52431586	0.00000512	0x08	0xA5
SPI [1]	result	0.52432114	0.00000512	0x20	0x5A
SPI [1]	result	0.56430515	0.00000512	0x00	0xC3
SPI [1]	result	0.56431043	0.00000512	0x00	0x3C
SPI [1]	result	0.56431571	0.00000512	0x08	0xA5
SPI [1]	result	0.56432099	0.00000512	0x20	0x5A
SPI [1]	result	0.60430627	0.00000512	0x00	0xC3
SPI [1]	result	0.60431155	0.00000512	0x00	0x3C
SPI [1]	result	0.60431683	0.00000512	0x08	0xA5
SPI [1]	result	0.60432211	0.00000512	0x20	0x5A
SPI [1]	result	0.64430544	0.00000512	0x00	0xC3
SPI [1]	result	0.64431072	0.00000512	0x00	0x3C
SPI [1]	result	0.64431600	0.00000512	0x08	0xA5
SPI [1]	result	0.64432128	0.00000512	0x20	0x5A
SPI [1]	result	0.68430502	0.00000512	0x00	0xC3
SPI [1]	result	0.68431030	0.00000512	0x00	0x3C
SPI [1]	result	0.68431558	0.00000512	0x08	0xA5
SPI [1]	result	0.68432086	0.00000512	0x20	0x5A
SPI [1]	result	0.72430562	0.00000512	0x00	0xC3
SPI [1]	result	0.72431090	0.00000512	0x00	0x3C
SPI [1]	result	0.72431618	0.00000512	0x08	0xA5
SPI [1]	result	0.72432146	0.00000512	0x20	0x5A
SPI [1]	result	0.76431859	0.00000512	0x00	0xC3
SPI [1]	result	0.76432387	0.00000512	0x00	0x3C
SPI [1]	result	0.76432915	0.00000512	0x08	0xA5
SPI [1]	result	0.76433443	0.00000512	0x20	0x5A
SPI [1]	result	0.80430633	0.00000512	0x00	0xC3
SPI [1]	result	0.80431161	0.00000512	0x00	0x3C
SPI [1]	result	0.80431689	0.00000512	0x08	0xA5
SPI [1]	result	0.80432217	0.00000512	0x20	0x5A
SPI [1]	result	0.84430934	0.00000512	0x00	0xC3
SPI [1]	result	0.84431462	0.00000512	0x00	0x3C
SPI [1]	result	0.84431990	0.00000512	0x08	0xA5
SPI [1]	result	0.84432518	0.00000512	0x20	0x5A
SPI [1]	result	0.88430742	0.00000512	0x00	0xC3
SPI [1]	result	0.88431270	0.00000512	0x00	0x3C
SPI [1]	result	0.88431798	0.00000512	0x08	0xA5
SPI [1]	result	0.88432326	0.00000512	0x20	0x5A
SPI [1]	result	0.92430851	0.00000512	0x00	0xC3
SPI [1]	result	0.92431379	0.00000512	0x00	0x3C
SPI [1]	result	0.92431907	0.00000512	0x08	0xA5
SPI [1]	result	0.92432435	0.00000512	0x20	0x5A
SPI [1]	result	0.96430691	0.00000512	0x00	0xC3
SPI [1]	result	0.96431219	0.00000512	0x00	0x3C
SPI [1]	result	0.96431747	0.00000512	0x08	0xA5
SPI [1]	result	0.96432275	0.00000512	0x20	0x5A
SPI [1]	result	1.00430538	0.00000512	0x00	0xC3
SPI [1]	result	1.00431066	0.00000512	0x00	0x3C
SPI [1]	result	1.00431594	0.00000512	0x08	0xA5
SPI [1]	result	1.00432122	0.00000512	0x20	0x5A
SPI [1]	result	1.04430542	0.00000512	0x00	0xC3
SPI [1]	result	1.04431070	0.00000512	0x00	0x3C
SPI [1]	result	1.04431598	0.00000512	0x08	0xA5
SPI [1]	result	1.04432126	0.00000512	0x20	0x5A
SPI [1]	result	1.08430579	0.00000512	0x00	0xC3
SPI [1]	result	1.08431107	0.00000512	0x00	0x3C
SPI [1]	result	1.08431635	0.00000512	0x08	0xA5
SPI [1]	result	1.08432163	0.00000512	0x20	0x5A
SPI [1]	result	1.12430763	0.00000512	0x00	0xC3
SPI [1]	result	1.12431291	0.00000512	0x00	0x3C
SPI [1]	result	1.12431819	0.00000512	0x08	0xA5
SPI [1]	result	1.12432347	0.00000512	0x20	0x5A
SPI [1]	result	1.12472942	0.00000512	0xA5	0xC3
SPI [1]	result	1.12473470	0.00000512	0x5A	0x3C
SPI [1]	result	1.12473998	0.00000512	0x3C	0xA5
SPI [1]	result	1.12474526	0.00000512	0xC3	0x5A
SPI [1]	result	1.12513694	0.00000512	0x80	0xA5
SPI [1]	result	1.12514222	0.00000512	0x20	0x5A
SPI [1]	result	1.12514750	0.00000512	0x28	0x3C
SPI [1]	result	1.12515278	0.00000512	0x24	0xC3
SPI [1]	result	1.12554675	0.00000512	0x08	0x08
SPI [1]	result	1.12555203	0.00000512	0x10	0x10
SPI [1]	result	1.12555731	0.00000512	0x80	0xA8
SPI [1]	result	1.12556259	0.00000512	0x22	0x06
SPI [1]	result	1.12595771	0.00000512	0x00	0x08
SPI [1]	result	1.12596299	0.00000512	0x00	0x00
SPI [1]	result	1.12596827	0.00000512	0x00	0xA8
SPI [1]	result	1.12597355	0.00000512	0x00	0x36
SPI [1]	result	1.12636706	0.00000512	0x08	0x00
SPI [1]	result	1.12637234	0.00000512	0x00	0xF3
SPI [1]	result	1.12637762	0.00000512	0xA8	0x03
SPI [1]	result	1.12638290	0.00000512	0x36	0xE8
SPI [1]	result	1.12686565	0.00000512	0x08	0xC3
SPI [1]	result	1.12687093	0.00000512	0x00	0x3C
SPI [1]	result	1.12687621	0.00000512	0x83	0xA5
SPI [1]	result	1.12688149	0.00000512	0xE2	0x5A
SPI [1]	result	1.12728184	0.00000512	0x00	0xC3
SPI [1]	result	1.12728712	0.00000512	0x00	0x3C
SPI [1]	result	1.12729240	0.00000512	0x00	0xA5
SPI [1]	result	1.12729768	0.00000512	0x00	0x5A
SPI [1]	result	1.12769039	0.00000512	0x00	0xC3
SPI [1]	result	1.12769567	0.00000512	0x00	0x3C
SPI [1]	result	1.12770095	0.00000512	0x00	0xA5
SPI [1]	result	1.12770623	0.00000512	0x00	0x5A
SPI [1]	result	1.12809967	0.00000512	0x00	0xC3
SPI [1]	result	1.12810495	0.00000512	0x00	0x3C
SPI [1]	result	1.12811023	0.00000512	0x00	0xA5
SPI [1]	result	1.12811551	0.00000512	0x00	0x5A
SPI [1]	result	1.12850711	0.00000512	0x00	0xC3
SPI [1]	result	1.12851239	0.00000512	0x00	0x3C
SPI [1]	result	1.12851767	0.00000512	0x00	0xA5
SPI [1]	result	1.12852295	0.00000512	0x00	0x5A
SPI [1]	result	1.12891003	0.00000512	0x00	0xC3
SPI [1]	result	1.12891531	0.00000512	0x00	0x3C
SPI [1]	result	1.12892059	0.00000512	0x00	0xA5
SPI [1]	result	1.12892587	0.00000512	0x00	0x5A
SPI [1]	result	1.12931753	0.00000512	0x00	0xC3
SPI [1]	result	1.12932281	0.00000512	0x00	0x3C
SPI [1]	result	1.12932809	0.00000512	0x00	0xA5
SPI [1]	result	1.12933337	0.00000512	0x00	0x5A
SPI [1]	result	1.12972475	0.00000512	0x00	0xC3
SPI [1]	result	1.12973003	0.00000512	0x00	0x3C
SPI [1]	result	1.12973531	0.00000512	0x00	0xA5
SPI [1]	result	1.12974059	0.00000512	0x00	0x5A
SPI [1]	result	1.13013065	0.00000512	0x00	0xC3
SPI [1]	result	1.13013593	0.00000512	0x00	0x3C
SPI [1]	result	1.13014121	0.00000512	0x00	0xA5
SPI [1]	result	1.13014649	0.00000512	0x00	0x5A
SPI [1]	result	1.13053778	0.00000512	0x00	0xC3
SPI [1]	result	1.13054306	0.00000512	0x00	0x3C
SPI [1]	result	1.13054834	0.00000512	0x00	0xA5
SPI [1]	result	1.13055362	0.00000512	0x00	0x5A
SPI [1]	result	1.13094500	0.00000512	0x00	0xC3
SPI [1]	result	1.13095028	0.00000512	0x00	0x3C
SPI [1]	result	1.13095556	0.00000512	0x00	0xA5
SPI [1]	result	1.13096084	0.00000512	0x00	0x5A
SPI [1]	result	1.13137457	0.00000512	0x00	0xC3
SPI [1]	result	1.13137985	0.00000512	0x00	0x3C
SPI [1]	result	1.13138513	0.00000512	0x3F	0xA5
SPI [1]	result	1.13139041	0.00000512	0xC6	0x5A
SPI [1]	result	1.13224103	0.00000512	0x08	0xC3
SPI [1]	result	1.13224631	0.00000512	0x10	0x3C
SPI [1]	result	1.13225159	0.00000512	0x80	0xA5
SPI [1]	result	1.13225687	0.00000512	0x22	0x5A
SPI [1]	result	1.13559312	0.00000512	0x00	0xC3
SPI [1]	result	1.13559840	0.00000512	0x00	0x3C
SPI [1]	result	1.13560368	0.00000512	0x00	0xA5
SPI [1]	result	1.13560896	0.00000512	0x00	0x5A
SPI [1]	result	1.13643908	0.00000512	0x08	0xC3
SPI [1]	result	1.13644436	0.00000512	0x00	0x3C
SPI [1]	result	1.13644964	0.00000512	0xBF	0xA5
SPI [1]	result	1.13645492	0.00000512	0xD8	0x5A
SPI [1]	result	1.13899111	0.00000512	0xB8	0xC3
SPI [1]	result	1.13899639	0.00000512	0x01	0x3C
SPI [1]	result	1.13900167	0.00000512	0x06	0xA5
SPI [1]	result	1.13900695	0.00000512	0x26	0x5A
SPI [1]	result	1.13978895	0.00000512	0x09	0xC3
SPI [1]	result	1.13979423	0.00000512	0x10	0x3C
SPI [1]	result	1.13979951	0.00000512	0x80	0xA5
SPI [1]	result	1.13980479	0.00000512	0x2A	0x5A
SPI [1]	result	1.14036902	0.00000512	0x00	0xC3
SPI [1]	result	1.14037430	0.00000512	0x00	0x3C
SPI [1]	result	1.14037958	0.00000512	0x05	0xA5
SPI [1]	result	1.14038486	0.00000512	0x14	0x5A
SPI [1]	result	1.14115502	0.00000512	0x0A	0xC3
SPI [1]	result	1.14116030	0.00000512	0x00	0x3C
SPI [1]	result	1.14116558	0.00000512	0x86	0xA5
SPI [1]	result	1.14117086	0.00000512	0x3A	0x5A
SPI [1]	result	1.14174291	0.00000512	0x00	0xC3
SPI [1]	result	1.14174819	0.00000512	0x00	0x3C
SPI [1]	result	1.14175347	0.00000512	0x00	0xA5
SPI [1]	result	1.14175875	0.00000512	0x00	0x5A
SPI [1]	result	1.14230503	0.00000512	0x08	0xC3
SPI [1]	result	1.14231031	0.00000512	0x00	0x3C
SPI [1]	result	1.14231559	0.00000512	0x85	0xA5
SPI [1]	result	1.14232087	0.00000512	0x26	0x5A
SPI [1]	result	1.14539696	0.00000512	0xFF	0xC3
SPI [1]	result	1.14540224	0.00000512	0xFF	0x3C
SPI [1]	result	1.14540752	0.00000512	0x00	0xA5
SPI [1]	result	1.14541280	0.00000512	0x00	0x5A
SPI [1]	result	1.14541808	0.00000512	0x00	0x00
SPI [1]	result	1.14542336	0.00000512	0x00	0x00
SPI [1]	result	1.14542864	0.00000512	0x00	0x00
SPI [1]	result	1.14543392	0.00000512	0x00	0x00
SPI [1]	result	1.14543920	0.00000512	0x00	0x00
SPI [1]	result	1.14544448	0.00000512	0x00	0x00
SPI [1]	result	1.14544976	0.00000512	0x00	0x00
SPI [1]	result	1.14545504	0.00000512	0x00	0x00
SPI [1]	result	1.14546032	0.00000512	0x00	0x00
SPI [1]	result	1.14546560	0.00000512	0x00	0x0C
SPI [1]	result	1.14547088	0.00000512	0x00	0x33
SPI [1]	result	1.14547616	0.00000512	0x00	0xCA
SPI [1]	result	1.14548144	0.00000512	0x00	0x55
SPI [1]	result	1.14548672	0.00000512	0x00	0xA0
SPI [1]	result	1.14549200	0.00000512	0x00	0x00
SPI [1]	result	1.14549728	0.00000512	0x00	0x00
SPI [1]	result	1.14550256	0.00000512	0x00	0x00
SPI [1]	result	1.14550784	0.00000512	0x00	0x00
SPI [1]	result	1.14551312	0.00000512	0x00	0x00
SPI [1]	result	1.14551840	0.00000512	0x00	0x00
SPI [1]	result	1.14552368	0.00000512	0x00	0x00
SPI [1]	result	1.14552896	0.00000512	0x00	0x00
SPI [1]	result	1.14553424	0.00000512	0x00	0x00
SPI [1]	result	1.14553952	0.00000512	0x00	0xC3
SPI [1]	result	1.14554480	0.00000512	0x00	0x3C
SPI [1]	result	1.14555008	0.00000512	0x00	0xA5
SPI [1]	result	1.14555536	0.00000512	0x00	0x5A
SPI [1]	result	1.14556064	0.00000512	0x00	0x00
SPI [1]	result	1.14556592	0.00000512	0x00	0x00
SPI [1]	result	1.14557120	0.00000512	0x00	0x00
SPI [1]	result	1.14557648	0.00000512	0x00	0x00
SPI [1]	result	1.14558176	0.00000512	0x00	0x00
SPI [1]	result	1.14558704	0.00000512	0x00	0x00
SPI [1]	result	1.14559232	0.00000512	0x00	0x00
SPI [1]	result	1.14559760	0.00000512	0x00	0x00
SPI [1]	result	1.14560288	0.00000512	0x00	0x00
SPI [1]	result	1.14560816	0.00000512	0x00	0x0C
SPI [1]	result	1.14561344	0.00000512	0x00	0x33
SPI [1]	result	1.14561872	0.00000512	0x00	0xCA
SPI [1]	result	1.14562400	0.00000512	0x00	0x55
SPI [1]	result	1.14562928	0.00000512	0x00	0xA0
SPI [1]	result	1.14563456	0.00000512	0x00	0x00
SPI [1]	result	1.14563984	0.00000512	0x00	0x00
SPI [1]	result	1.14564512	0.00000512	0x00	0x00
SPI [1]	result	1.14565040	0.00000512	0x00	0x00
SPI [1]	result	1.14565568	0.00000512	0x00	0x00
SPI [1]	result	1.14566096	0.00000512	0x00	0x00
SPI [1]	result	1.14566624	0.00000512	0x00	0x00
SPI [1]	result	1.14567152	0.00000512	0x00	0x00
SPI [1]	result	1.14567680	0.00000512	0x00	0x00
SPI [1]	result	1.14568208	0.00000512	0x00	0xC3
SPI [1]	result	1.14568736	0.00000512	0x00	0x3C
SPI [1]	result	1.14569264	0.00000512	0x00	0xA5
SPI [1]	result	1.14569792	0.00000512	0x00	0x5A
SPI [1]	result	1.14570320	0.00000512	0x00	0x00
SPI [1]	result	1.14570848	0.00000512	0x00	0x00
SPI [1]	result	1.14571376	0.00000512	0x00	0x00
SPI [1]	result	1.14571904	0.00000512	0x00	0x00
SPI [1]	result	1.14572432	0.00000512	0x00	0x00
SPI [1]	result	1.14572960	0.00000512	0x00	0x00
SPI [1]	result	1.14573488	0.00000512	0x00	0x00
SPI [1]	result	1.14574016	0.00000512	0x00	0x00
SPI [1]	result	1.14574544	0.00000512	0x00	0x00
SPI [1]	result	1.14575072	0.00000512	0x00	0x0C
SPI [1]	result	1.14575600	0.00000512	0x00	0x33
SPI [1]	result	1.14576128	0.00000512	0x00	0xCA
SPI [1]	result	1.14576656	0.00000512	0x00	0x55
SPI [1]	result	1.14577184	0.00000512	0x00	0xA0
SPI [1]	result	1.14577712	0.00000512	0x00	0x00
SPI [1]	result	1.14578240	0.00000512	0x00	0x00
SPI [1]	result	1.14578768	0.00000512	0x00	0x00
SPI [1]	result	1.14579296	0.00000512	0x00	0x00
SPI [1]	result	1.14579824	0.00000512	0x00	0x00
SPI [1]	result	1.14580352	0.00000512	0x00	0x00
SPI [1]	result	1.14580880	0.00000512	0x00	0x00
SPI [1]	result	1.14581408	0.00000512	0x00	0x00
SPI [1]	result	1.14581936	0.00000512	0x00	0x00
SPI [1]	result	1.14582464	0.00000512	0x00	0xC3
SPI [1]	result	1.14582992	0.00000512	0x00	0x3C
SPI [1]	result	1.14583520	0.00000512	0x00	0xA5
SPI [1]	result	1.14584048	0.00000512	0x00	0x5A
SPI [1]	result	1.14584576	0.00000512	0x00	0x00
SPI [1]	result	1.14585104	0.00000512	0x00	0x00
SPI [1]	result	1.14585632	0.00000512	0x00	0x00
SPI [1]	result	1.14586160	0.00000512	0x00	0x00
SPI [1]	result	1.14586688	0.00000512	0x00	0x00
SPI [1]	result	1.14587216	0.00000512	0x00	0x00
SPI [1]	result	1.14587744	0.00000512	0x00	0x00
SPI [1]	result	1.14588272	0.00000512	0x00	0x00
SPI [1]	result	1.14588800	0.00000512	0x00	0x00
SPI [1]	result	1.14589328	0.00000512	0x00	0x0C
SPI [1]	result	1.14589856	0.00000512	0x00	0x33
SPI [1]	result	1.14590384	0.00000512	0x00	0xCA
SPI [1]	result	1.14590912	0.00000512	0x00	0x55
SPI [1]	result	1.14591440	0.00000512	0x00	0xA0
SPI [1]	result	1.14591968	0.00000512	0x00	0x00
SPI [1]	result	1.14592496	0.00000512	0x00	0x00
SPI [1]	result	1.14593024	0.00000512	0x00	0x00
SPI [1]	result	1.14593552	0.00000512	0x00	0x00
SPI [1]	result	1.14594080	0.00000512	0x00	0x00
SPI [1]	result	1.14594608	0.00000512	0x00	0x00
SPI [1]	result	1.14595136	0.00000512	0x00	0x00
SPI [1]	result	1.14595664	0.00000512	0x00	0x00
SPI [1]	result	1.14596192	0.00000512	0x00	0x00
SPI [1]	result	1.14596720	0.00000512	0x00	0xC3
SPI [1]	result	1.14597248	0.00000512	0x00	0x3C
SPI [1]	result	1.14597776	0.00000512	0x00	0xA5
SPI [1]	result	1.14598304	0.00000512	0x00	0x5A
SPI [1]	result	1.14598832	0.00000512	0x00	0x00
SPI [1]	result	1.14599360	0.00000512	0x00	0x00
SPI [1]	result	1.14599888	0.00000512	0x00	0x00
SPI [1]	result	1.14600416	0.00000512	0x00	0x00
SPI [1]	result	1.14600944	0.00000512	0x00	0x00
SPI [1]	result	1.14601472	0.00000512	0x00	0x00
SPI [1]	result	1.14602000	0.00000512	0x00	0x00
SPI [1]	result	1.14602528	0.00000512	0x00	0x00
SPI [1]	result	1.14603056	0.00000512	0x00	0x00
SPI [1]	result	1.14603584	0.00000512	0x00	0x0C
SPI [1]	result	1.14604112	0.00000512	0x00	0x33
SPI [1]	result	1.14604640	0.00000512	0x00	0xFF
SPI [1]	result	1.14605168	0.00000512	0x00	0xFF
SPI [1]	result	1.14605696	0.00000512	0x00	0xFF
SPI [1]	result	1.14606224	0.00000512	0x00	0xFF
SPI [1]	result	1.14606752	0.00000512	0x00	0xFF
SPI [1]	result	1.14607280	0.00000512	0x00	0xFF
SPI [1]	result	1.14607808	0.00000512	0x00	0xFF
SPI [1]	result	1.14608336	0.00000512	0x5A	0xFF
SPI [1]	result	1.14921324	0.00000512	0xFF	0xC3
SPI [1]	result	1.14921852	0.00000512	0x00	0x3C
SPI [1]	result	1.14922380	0.00000512	0x00	0xA5
SPI [1]	result	1.14922908	0.00000512	0x00	0x5A
SPI [1]	result	1.14923436	0.00000512	0x00	0x00
SPI [1]	result	1.14923964	0.00000512	0x00	0x00
SPI [1]	result	1.14924492	0.00000512	0x00	0x00
SPI [1]	result	1.14925020	0.00000512	0x00	0x00
SPI [1]	result	1.14925548	0.00000512	0x00	0x00
SPI [1]	result	1.14926076	0.00000512	0x00	0x00
SPI [1]	result	1.14926604	0.00000512	0x00	0x00
SPI [1]	result	1.14927132	0.00000512	0x00	0x00
SPI [1]	result	1.14927660	0.00000512	0x00	0x00
SPI [1]	result	1.14928188	0.00000512	0x00	0x0C
SPI [1]	result	1.14928716	0.00000512	0x00	0x33
SPI [1]	result	1.14929244	0.00000512	0x00	0xCA
SPI [1]	result	1.14929772	0.00000512	0x00	0x55
SPI [1]	result	1.14930300	0.00000512	0x00	0xA0
SPI [1]	result	1.14930828	0.00000512	0x00	0x00
SPI [1]	result	1.14931356	0.00000512	0x00	0x00
SPI [1]	result	1.14931884	0.00000512	0x00	0x00
SPI [1]	result	1.14932412	0.00000512	0x00	0x00
SPI [1]	result	1.14932940	0.00000512	0x00	0x00
SPI [1]	result	1.14933468	0.00000512	0x00	0x00
SPI [1]	result	1.14933996	0.00000512	0x00	0x00
SPI [1]	result	1.14934524	0.00000512	0x00	0x00
SPI [1]	result	1.14935052	0.00000512	0x00	0x00
SPI [1]	result	1.14935580	0.00000512	0x00	0xC3
SPI [1]	result	1.14936108	0.00000512	0x00	0x3C
SPI [1]	result	1.14936636	0.00000512	0x00	0xA5
SPI [1]	result	1.14937164	0.00000512	0x00	0x5A
SPI [1]	result	1.14937692	0.00000512	0x00	0x00
SPI [1]	result	1.14938220	0.00000512	0x00	0x00
SPI [1]	result	1.14938748	0.00000512	0x00	0x00
SPI [1]	result	1.14939276	0.00000512	0x00	0x00
SPI [1]	result	1.14939804	0.00000512	0x00	0x00
SPI [1]	result	1.14940332	0.00000512	0x00	0x00
SPI [1]	result	1.14940860	0.00000512	0x00	0x00
SPI [1]	result	1.14941388	0.00000512	0x00	0x00
SPI [1]	result	1.14941916	0.00000512	0x00	0x00
SPI [1]	result	1.14942444	0.00000512	0x00	0x0C
SPI [1]	result	1.14942972	0.00000512	0x00	0x33
SPI [1]	result	1.14943500	0.00000512	0x00	0xCA
SPI [1]	result	1.14944028	0.00000512	0x00	0x55
SPI [1]	result	1.14944556	0.00000512	0x00	0xA0
SPI [1]	result	1.14945084	0.00000512	0x00	0x00
SPI [1]	result	1.14945612	0.00000512	0x00	0x00
SPI [1]	result	1.14946140	0.00000512	0x00	0x00
SPI [1]	result	1.14946668	0.00000512	0x00	0x00
SPI [1]	result	1.14947196	0.00000512	0x00	0x00
SPI [1]	result	1.14947724	0.00000512	0x00	0x00
SPI [1]	result	1.14948252	0.00000512	0x00	0x00
SPI [1]	result	1.14948780	0.00000512	0x00	0x00
SPI [1]	result	1.14949308	0.00000512	0x00	0x00
SPI [1]	result	1.14949836	0.00000512	0x00	0xC3
SPI [1]	result	1.14950364	0.00000512	0x00	0x3C
SPI [1]	result	1.14950892	0.00000512	0x00	0xA5
SPI [1]	result	1.14951420	0.00000512	0x00	0x5A
SPI [1]	result	1.14951948	0.00000512	0x00	0x00
SPI [1]	result	1.14952476	0.00000512	0x00	0x00
SPI [1]	result	1.14953004	0.00000512	0x00	0x00
SPI [1]	result	1.14953532	0.00000512	0x00	0x00
SPI [1]	result	1.14954060	0.00000512	0x00	0x00
SPI [1]	result	1.14954588	0.00000512	0x00	0x00
SPI [1]	result	1.14955116	0.00000512	0x00	0x00
SPI [1]	result	1.14955644	0.00000512	0x00	0x00
SPI [1]	result	1.14956172	0.00000512	0x00	0x00
SPI [1]	result	1.14956700	0.00000512	0x00	0x0C
SPI [1]	result	1.14957228	0.00000512	0x00	0x33
SPI [1]	result	1.14957756	0.00000512	0x00	0xCA
SPI [1]	result	1.14958284	0.00000512	0x00	0x55
SPI [1]	result	1.14958812	0.00000512	0x00	0xA0
SPI [1]	result	1.14959340	0.00000512	0x00	0x00
SPI [1]	result	1.14959868	0.00000512	0x00	0x00
SPI [1]	result	1.14960396	0.00000512	0x00	0x00
SPI [1]	result	1.14960924	0.00000512	0x00	0x00
SPI [1]	result	1.14961452	0.00000512	0x00	0x00
SPI [1]	result	1.14961980	0.00000512	0x00	0x00
SPI [1]	result	1.14962508	0.00000512	0x00	0x00
SPI [1]	result	1.14963036	0.00000512	0x00	0x00
SPI [1]	result	1.14963564	0.00000512	0x00	0x00
SPI [1]	result	1.14964092	0.00000512	0x00	0xC3
SPI [1]	result	1.14964620	0.00000512	0x00	0x3C
SPI [1]	result	1.14965148	0.00000512	0x00	0xA5
SPI [1]	result	1.14965676	0.00000512	0x00	0x5A
SPI [1]	result	1.14966204	0.00000512	0x00	0x00
SPI [1]	result	1.14966732	0.00000512	0x00	0x00
SPI [1]	result	1.14967260	0.00000512	0x00	0x00
SPI [1]	result	1.14967788	0.00000512	0x00	0x00
SPI [1]	result	1.14968316	0.00000512	0x00	0x00
SPI [1]	result	1.14968844	0.00000512	0x00	0x00
SPI [1]	result	1.14969372	0.00000512	0x00	0x00
SPI [1]	result	1.14969900	0.00000512	0x00	0x00
SPI [1]	result	1.14970428	0.00000512	0x00	0x00
SPI [1]	result	1.14970956	0.00000512	0x00	0x0C
SPI [1]	result	1.14971484	0.00000512	0x00	0x33
SPI [1]	result	1.14972012	0.00000512	0x00	0xCA
SPI [1]	result	1.14972540	0.00000512	0x00	0x55
SPI [1]	result	1.14973068	0.00000512	0x00	0xA0
SPI [1]	result	1.14973596	0.00000512	0x00	0x00
SPI [1]	result	1.14974124	0.00000512	0x00	0x00
SPI [1]	result	1.14974652	0.00000512	0x00	0x00
SPI [1]	result	1.14975180	0.00000512	0x00	0x00
SPI [1]	result	1.14975708	0.00000512	0x00	0x00
SPI [1]	result	1.14976236	0.00000512	0x00	0x00
SPI [1]	result	1.14976764	0.00000512	0x00	0x00
SPI [1]	result	1.14977292	0.00000512	0x00	0x00
SPI [1]	result	1.14977820	0.00000512	0x00	0x00
SPI [1]	result	1.14978348	0.00000512	0x00	0xC3
SPI [1]	result	1.14978876	0.00000512	0x00	0x3C
SPI [1]	result	1.14979404	0.00000512	0x00	0xA5
SPI [1]	result	1.14979932	0.00000512	0x00	0x5A
SPI [1]	result	1.14980460	0.00000512	0x00	0x00
SPI [1]	result	1.14980988	0.00000512	0x00	0x00
SPI [1]	result	1.14981516	0.00000512	0x00	0x00
SPI [1]	result	1.14982044	0.00000512	0x00	0x00
SPI [1]	result	1.14982572	0.00000512	0x00	0x00
SPI [1]	result	1.14983100	0.00000512	0x00	0x00
SPI [1]	result	1.14983628	0.00000512	0x00	0x00
SPI [1]	result	1.14984156	0.00000512	0x00	0x00
SPI [1]	result	1.14984684	0.00000512	0x00	0x00
SPI [1]	result	1.14985212	0.00000512	0x00	0x0C
SPI [1]	result	1.14985740	0.00000512	0x00	0x33
SPI [1]	result	1.14986268	0.00000512	0x00	0xCA
SPI [1]	result	1.14986796	0.00000512	0x00	0x55
SPI [1]	result	1.14987324	0.00000512	0x00	0xA0
SPI [1]	result	1.14987852	0.00000512	0x00	0x00
SPI [1]	result	1.14988380	0.00000512	0x00	0x00
SPI [1]	result	1.14988908	0.00000512	0x00	0x00
SPI [1]	result	1.14989436	0.00000512	0x00	0x00
SPI [1]	result	1.14989964	0.00000512	0x5A	0x00
SPI [1]	result	1.15304907	0.00000512	0xB8	0xC3
SPI [1]	result	1.15305435	0.00000512	0x01	0x3C
SPI [1]	result	1.15305963	0.00000512	0x06	0xA5
SPI [1]	result	1.15306491	0.00000512	0x26	0x5A
SPI [1]	result	1.15385336	0.00000512	0x0B	0xC3
SPI [1]	result	1.15385864	0.00000512	0x10	0x3C
SPI [1]	result	1.15386392	0.00000512	0x80	0xA5
SPI [1]	result	1.15386920	0.00000512	0x3A	0x5A
SPI [1]	result	1.15441765	0.00000512	0x00	0xC3
SPI [1]	result	1.15442293	0.00000512	0x00	0x3C
SPI [1]	result	1.15442821	0.00000512	0x05	0xA5
SPI [1]	result	1.15443349	0.00000512	0x56	0x5A
SPI [1]	result	1.15520726	0.00000512	0x0C	0xC3
SPI [1]	result	1.15521254	0.00000512	0x00	0x3C
SPI [1]	result	1.15521782	0.00000512	0x86	0xA5
SPI [1]	result	1.15522310	0.00000512	0x0A	0x5A
SPI [1]	result	1.15579100	0.00000512	0x00	0xC3
SPI [1]	result	1.15579628	0.00000512	0x00	0x3C
SPI [1]	result	1.15580156	0.00000512	0x00	0xA5
SPI [1]	result	1.15580684	0.00000512	0x00	0x5A
SPI [1]	result	1.15636607	0.00000512	0x08	0xC3
SPI [1]	result	1.15637135	0.00000512	0x00	0x3C
SPI [1]	result	1.15637663	0.00000512	0x85	0xA5
SPI [1]	result	1.15638191	0.00000512	0x68	0x5A
SPI [1]	result	1.15946522	0.00000512	0x00	0xC3
SPI [1]	result	1.15947050	0.00000512	0x00	0x3C
SPI [1]	result	1.15947578	0.00000512	0x53	0xA5
SPI [1]	result	1.15948106	0.00000512	0x50	0x5A
SPI [1]	result	1.15948634	0.00000512	0x58	0x00
SPI [1]	result	1.15949162	0.00000512	0x31	0x00
SPI [1]	result	1.15949690	0.00000512	0x00	0x00
SPI [1]	result	1.15950218	0.00000512	0x00	0x00
SPI [1]	result	1.15950746	0.00000512	0x00	0x00
SPI [1]	result	1.15951274	0.00000512	0x00	0x00
SPI [1]	result	1.15951802	0.00000512	0x00	0x00
SPI [1]	result	1.15952330	0.00000512	0x00	0x00
SPI [1]	result	1.15952858	0.00000512	0x47	0x00
SPI [1]	result	1.15953386	0.00000512	0x46	0x0C
SPI [1]	result	1.15953914	0.00000512	0x58	0x33
SPI [1]	result	1.15954442	0.00000512	0x20	0xCA
SPI [1]	result	1.15954970	0.00000512	0x35	0x55
SPI [1]	result	1.15955498	0.00000512	0x30	0xA0
SPI [1]	result	1.15956026	0.00000512	0x53	0x00
SPI [1]	result	1.15956554	0.00000512	0x00	0x00
SPI [1]	result	1.15957082	0.00000512	0x00	0x00
SPI [1]	result	1.15957610	0.00000512	0x00	0x00
SPI [1]	result	1.15958138	0.00000512	0x00	0x00
SPI [1]	result	1.15958666	0.00000512	0x00	0x00
SPI [1]	result	1.15959194	0.00000512	0x00	0x00
SPI [1]	result	1.15959722	0.00000512	0x00	0x00
SPI [1]	result	1.15960250	0.00000512	0x00	0x00
SPI [1]	result	1.15960778	0.00000512	0x00	0xC3
SPI [1]	result	1.15961306	0.00000512	0x00	0x3C
SPI [1]	result	1.15961834	0.00000512	0x00	0xA5
SPI [1]	result	1.15962362	0.00000512	0x00	0x5A
SPI [1]	result	1.15962890	0.00000512	0x00	0x00
SPI [1]	result	1.15963418	0.00000512	0x47	0x00
SPI [1]	result	1.15963946	0.00000512	0x46	0x00
SPI [1]	result	1.15964474	0.00000512	0x58	0x00
SPI [1]	result	1.15965002	0.00000512	0x20	0x00
SPI [1]	result	1.15965530	0.00000512	0x35	0x00
SPI [1]	result	1.15966058	0.00000512	0x30	0x00
SPI [1]	result	1.15966586	0.00000512	0x53	0x00
SPI [1]	result	1.15967114	0.00000512	0x00	0x00
SPI [1]	result	1.15967642	0.00000512	0x00	0x0C
SPI [1]	result	1.15968170	0.00000512	0x00	0x33
SPI [1]	result	1.15968698	0.00000512	0x00	0xCA
SPI [1]	result	1.15969226	0.00000512	0x00	0x55
SPI [1]	result	1.15969754	0.00000512	0x00	0xA0
SPI [1]	result	1.15970282	0.00000512	0x00	0x00
SPI [1]	result	1.15970810	0.00000512	0x00	0x00
SPI [1]	result	1.15971338	0.00000512	0x35	0x00
SPI [1]	result	1.15971866	0.00000512	0x39	0x00
SPI [1]	result	1.15972394	0.00000512	0x33	0x00
SPI [1]	result	1.15972922	0.00000512	0x35	0x00
SPI [1]	result	1.15973450	0.00000512	0x33	0x00
SPI [1]	result	1.15973978	0.00000512	0x33	0x00
SPI [1]	result	1.15974506	0.00000512	0x33	0x00
SPI [1]	result	1.15975034	0.00000512	0x31	0xC3
SPI [1]	result	1.15975562	0.00000512	0x33	0x3C
SPI [1]	result	1.15976090	0.00000512	0x36	0xA5
SPI [1]	result	1.15976618	0.00000512	0x33	0x5A
SPI [1]	result	1.15977146	0.00000512	0x31	0x00
SPI [1]	result	1.15977674	0.00000512	0x31	0x00
SPI [1]	result	1.15978202	0.00000512	0x37	0x00
SPI [1]	result	1.15978730	0.00000512	0x30	0x00
SPI [1]	result	1.15979258	0.00000512	0x32	0x00
SPI [1]	result	1.15979786	0.00000512	0x31	0x00
SPI [1]	result	1.15980314	0.00000512	0x36	0x00
SPI [1]	result	1.15980842	0.00000512	0x37	0x00
SPI [1]	result	1.15981370	0.00000512	0x30	0x00
SPI [1]	result	1.15981898	0.00000512	0x32	0x0C
SPI [1]	result	1.15982426	0.00000512	0x30	0x33
SPI [1]	result	1.15982954	0.00000512	0x31	0xCA
SPI [1]	result	1.15983482	0.00000512	0x30	0x55
SPI [1]	result	1.15984010	0.00000512	0x31	0xA0
SPI [1]	result	1.15984538	0.00000512	0x31	0x00
SPI [1]	result	1.15985066	0.00000512	0x30	0x00
SPI [1]	result	1.15985594	0.00000512	0x36	0x00
SPI [1]	result	1.15986122	0.00000512	0x39	0x00
SPI [1]	result	1.15986650	0.00000512	0x41	0x00
SPI [1]	result	1.15987178	0.00000512	0x04	0x00
SPI [1]	result	1.15987706	0.00000512	0x20	0x00
SPI [1]	result	1.15988234	0.00000512	0x02	0x00
SPI [1]	result	1.15988762	0.00000512	0x16	0x00
SPI [1]	result	1.15989290	0.00000512	0x01	0xC3
SPI [1]	result	1.15989818	0.00000512	0x00	0x3C
SPI [1]	result	1.15990346	0.00000512	0x01	0xA5
SPI [1]	result	1.15990874	0.00000512	0x00	0x5A
SPI [1]	result	1.15991402	0.00000512	0x01	0x00
SPI [1]	result	1.15991930	0.00000512	0x00	0x00
SPI [1]	result	1.15992458	0.00000512	0x00	0x00
SPI [1]	result	1.15992986	0.00000512	0x00	0x00
SPI [1]	result	1.15993514	0.00000512	0x00	0x00
SPI [1]	result	1.15994042	0.00000512	0x00	0x00
SPI [1]	result	1.15994570	0.00000512	0x00	0x00
SPI [1]	result	1.15995098	0.00000512	0x00	0x00
SPI [1]	result	1.15995626	0.00000512	0x00	0x00
SPI [1]	result	1.15996154	0.00000512	0x00	0x0C
SPI [1]	result	1.15996682	0.00000512	0x00	0x33
SPI [1]	result	1.15997210	0.00000512	0x00	0xCA
SPI [1]	result	1.15997738	0.00000512	0x00	0x55
SPI [1]	result	1.15998266	0.00000512	0x00	0xA0
SPI [1]	result	1.15998794	0.00000512	0x00	0x00
SPI [1]	result	1.15999322	0.00000512	0x00	0x00
SPI [1]	result	1.15999850	0.00000512	0x00	0x00
SPI [1]	result	1.16000378	0.00000512	0x00	0x00
SPI [1]	result	1.16000906	0.00000512	0x00	0x00
SPI [1]	result	1.16001434	0.00000512	0x00	0x00
SPI [1]	result	1.16001962	0.00000512	0x00	0x00
SPI [1]	result	1.16002490	0.00000512	0x00	0x00
SPI [1]	result	1.16003018	0.00000512	0x00	0x00
SPI [1]	result	1.16003546	0.00000512	0x00	0xC3
SPI [1]	result	1.16004074	0.00000512	0x00	0x3F
SPI [1]	result	1.16004602	0.00000512	0x00	0xFF
SPI [1]	result	1.16005130	0.00000512	0x00	0xFF
SPI [1]	result	1.16005658	0.00000512	0x00	0xFF
SPI [1]	result	1.16006186	0.00000512	0x00	0xFF
SPI [1]	result	1.16006714	0.00000512	0x00	0xFF
SPI [1]	result	1.16007242	0.00000512	0x00	0xFF
SPI [1]	result	1.16007770	0.00000512	0x00	0xFF
SPI [1]	result	1.16008298	0.00000512	0x00	0xFF
SPI [1]	result	1.16008826	0.00000512	0x00	0x0C
SPI [1]	result	1.16009354	0.00000512	0x00	0xF2
SPI [1]	result	1.16009882	0.00000512	0x00	0x95
SPI [1]	result	1.16010410	0.00000512	0x00	0x68
SPI [1]	result	1.16010938	0.00000512	0x00	0x00
SPI [1]	result	1.16011466	0.00000512	0x00	0x00
SPI [1]	result	1.16011994	0.00000512	0x00	0x00
SPI [1]	result	1.16012522	0.00000512	0x00	0x00
SPI [1]	result	1.16013050	0.00000512	0x00	0x00
SPI [1]	result	1.16013578	0.00000512	0x00	0x00
SPI [1]	result	1.16014106	0.00000512	0x00	0x00
SPI [1]	result	1.16014634	0.00000512	0x00	0x00
SPI [1]	result	1.16015162	0.00000512	0xEF	0x00
SPI [1]	result	1.16327714	0.00000512	0xFF	0xC3
SPI [1]	result	1.16328242	0.00000512	0xFF	0x3C
SPI [1]	result	1.16328770	0.00000512	0x53	0xA5
SPI [1]	result	1.16329298	0.00000512	0x50	0x5A
SPI [1]	result	1.16329826	0.00000512	0x58	0x00
SPI [1]	result	1.16330354	0.00000512	0x31	0x00
SPI [1]	result	1.16330882	0.00000512	0x00	0x00
SPI [1]	result	1.16331410	0.00000512	0x00	0x00
SPI [1]	result	1.16331938	0.00000512	0x00	0x00
SPI [1]	result	1.16332466	0.00000512	0x00	0x00
SPI [1]	result	1.16332994	0.00000512	0x00	0x00
SPI [1]	result	1.16333522	0.00000512	0x00	0x00
SPI [1]	result	1.16334050	0.00000512	0x47	0x00
SPI [1]	result	1.16334578	0.00000512	0x46	0x0C
SPI [1]	result	1.16335106	0.00000512	0x58	0x33
SPI [1]	result	1.16335634	0.00000512	0x20	0xCA
SPI [1]	result	1.16336162	0.00000512	0x35	0x55
SPI [1]	result	1.16336690	0.00000512	0x30	0xA0
SPI [1]	result	1.16337218	0.00000512	0x53	0x00
SPI [1]	result	1.16337746	0.00000512	0x00	0x00
SPI [1]	result	1.16338274	0.00000512	0x00	0x00
SPI [1]	result	1.16338802	0.00000512	0x00	0x00
SPI [1]	result	1.16339330	0.00000512	0x00	0x00
SPI [1]	result	1.16339858	0.00000512	0x00	0x00
SPI [1]	result	1.16340386	0.00000512	0x00	0x00
SPI [1]	result	1.16340914	0.00000512	0x00	0x00
SPI [1]	result	1.16341442	0.00000512	0x00	0x00
SPI [1]	result	1.16341970	0.00000512	0x00	0xC3
SPI [1]	result	1.16342498	0.00000512	0x00	0x3C
SPI [1]	result	1.16343026	0.00000512	0x00	0xA5
SPI [1]	result	1.16343554	0.00000512	0x00	0x5A
SPI [1]	result	1.16344082	0.00000512	0x00	0x00
SPI [1]	result	1.16344610	0.00000512	0x47	0x00
SPI [1]	result	1.16345138	0.00000512	0x46	0x00
SPI [1]	result	1.16345666	0.00000512	0x58	0x00
SPI [1]	result	1.16346194	0.00000512	0x20	0x00
SPI [1]	result	1.16346722	0.00000512	0x35	0x00
SPI [1]	result	1.16347250	0.00000512	0x30	0x00
SPI [1]	result	1.16347778	0.00000512	0x53	0x00
SPI [1]	result	1.16348306	0.00000512	0x00	0x00
SPI [1]	result	1.16348834	0.00000512	0x00	0x0C
SPI [1]	result	1.16349362	0.00000512	0x00	0x33
SPI [1]	result	1.16349890	0.00000512	0x00	0xCA
SPI [1]	result	1.16350418	0.00000512	0x00	0x55
SPI [1]	result	1.16350946	0.00000512	0x00	0xA0
SPI [1]	result	1.16351474	0.00000512	0x00	0x00
SPI [1]	result	1.16352002	0.00000512	0x00	0x00
SPI [1]	result	1.16352530	0.00000512	0x35	0x00
SPI [1]	result	1.16353058	0.00000512	0x39	0x00
SPI [1]	result	1.16353586	0.00000512	0x33	0x00
SPI [1]	result	1.16354114	0.00000512	0x35	0x00
SPI [1]	result	1.16354642	0.00000512	0x33	0x00
SPI [1]	result	1.16355170	0.00000512	0x33	0x00
SPI [1]	result	1.16355698	0.00000512	0x33	0x00
SPI [1]	result	1.16356226	0.00000512	0x31	0xC3
SPI [1]	result	1.16356754	0.00000512	0x33	0x3C
SPI [1]	result	1.16357282	0.00000512	0x36	0xA5
SPI [1]	result	1.16357810	0.00000512	0x33	0x5A
SPI [1]	result	1.16358338	0.00000512	0x31	0x00
SPI [1]	result	1.16358866	0.00000512	0x31	0x00
SPI [1]	result	1.16359394	0.00000512	0x37	0x00
SPI [1]	result	1.16359922	0.00000512	0x30	0x00
SPI [1]	result	1.16360450	0.00000512	0x32	0x00
SPI [1]	result	1.16360978	0.00000512	0x31	0x00
SPI [1]	result	1.16361506	0.00000512	0x36	0x00
SPI [1]	result	1.16362034	0.00000512	0x37	0x00
SPI [1]	result	1.16362562	0.00000512	0x30	0x00
SPI [1]	result	1.16363090	0.00000512	0x32	0x0C
SPI [1]	result	1.16363618	0.00000512	0x30	0x33
SPI [1]	result	1.16364146	0.00000512	0x31	0xCA
SPI [1]	result	1.16364674	0.00000512	0x30	0x55
SPI [1]	result	1.16365202	0.00000512	0x31	0xA0
SPI [1]	result	1.16365730	0.00000512	0x31	0x00
SPI [1]	result	1.16366258	0.00000512	0x30	0x00
SPI [1]	result	1.16366786	0.00000512	0x36	0x00
SPI [1]	result	1.16367314	0.00000512	0x39	0x00
SPI [1]	result	1.16367842	0.00000512	0x41	0x00
SPI [1]	result	1.16368370	0.00000512	0x04	0x00
SPI [1]	result	1.16368898	0.00000512	0x20	0x00
SPI [1]	result	1.16369426	0.00000512	0x02	0x00
SPI [1]	result	1.16369954	0.00000512	0x16	0x00
SPI [1]	result	1.16370482	0.00000512	0x01	0xC3
SPI [1]	result	1.16371010	0.00000512	0x00	0x3C
SPI [1]	result	1.16371538	0.00000512	0x01	0xA5
SPI [1]	result	1.16372066	0.00000512	0x00	0x5A
SPI [1]	result	1.16372594	0.00000512	0x01	0x00
SPI [1]	result	1.16373122	0.00000512	0x00	0x00
SPI [1]	result	1.16373650	0.00000512	0x00	0x00
SPI [1]	result	1.16374178	0.00000512	0x00	0x00
SPI [1]	result	1.16374706	0.00000512	0x00	0x00
SPI [1]	result	1.16375234	0.00000512	0x00	0x00
SPI [1]	result	1.16375762	0.00000512	0x00	0x00
SPI [1]	result	1.16376290	0.00000512	0x00	0x00
SPI [1]	result	1.16376818	0.00000512	0x00	0x00
SPI [1]	result	1.16377346	0.00000512	0x00	0x0C
SPI [1]	result	1.16377874	0.00000512	0x00	0x33
SPI [1]	result	1.16378402	0.00000512	0x00	0xCA
SPI [1]	result	1.16378930	0.00000512	0x00	0x55
SPI [1]	result	1.16379458	0.00000512	0x00	0xA0
SPI [1]	result	1.16379986	0.00000512	0x00	0x00
SPI [1]	result	1.16380514	0.00000512	0x00	0x00
SPI [1]	result	1.16381042	0.00000512	0x00	0x00
SPI [1]	result	1.16381570	0.00000512	0x00	0x00
SPI [1]	result	1.16382098	0.00000512	0x00	0x00
SPI [1]	result	1.16382626	0.00000512	0x00	0x00
SPI [1]	result	1.16383154	0.00000512	0x00	0x00
SPI [1]	result	1.16383682	0.00000512	0x00	0x00
SPI [1]	result	1.16384210	0.00000512	0x00	0x00
SPI [1]	result	1.16384738	0.00000512	0x00	0xC3
SPI [1]	result	1.16385266	0.00000512	0x00	0x3C
SPI [1]	result	1.16385794	0.00000512	0x00	0xA5
SPI [1]	result	1.16386322	0.00000512	0x00	0x5A
SPI [1]	result	1.16386850	0.00000512	0x00	0x00
SPI [1]	result	1.16387378	0.00000512	0x00	0x00
SPI [1]	result	1.16387906	0.00000512	0x00	0x00
SPI [1]	result	1.16388434	0.00000512	0x00	0x00
SPI [1]	result	1.16388962	0.00000512	0x00	0x00
SPI [1]	result	1.16389490	0.00000512	0x00	0x00
SPI [1]	result	1.16390018	0.00000512	0x00	0x00
SPI [1]	result	1.16390546	0.00000512	0x00	0x00
SPI [1]	result	1.16391074	0.00000512	0x00	0x00
SPI [1]	result	1.16391602	0.00000512	0x00	0x0C
SPI [1]	result	1.16392130	0.00000512	0x00	0x33
SPI [1]	result	1.16392658	0.00000512	0x00	0xCA
SPI [1]	result	1.16393186	0.00000512	0x00	0x55
SPI [1]	result	1.16393714	0.00000512	0x00	0xA0
SPI [1]	result	1.16394242	0.00000512	0x00	0x00
SPI [1]	result	1.16394770	0.00000512	0x00	0x00
SPI [1]	result	1.16395298	0.00000512	0x00	0x00
SPI [1]	result	1.16395826	0.00000512	0x00	0x00
SPI [1]	result	1.16396354	0.00000512	0xED	0x00
SPI [1]	result	2.21138954	0.00000512	0x00	0xC3
SPI [1]	result	2.21139482	0.00000512	0x00	0x3C
SPI [1]	result	2.21140010	0.00000512	0x08	0xA5
SPI [1]	result	2.21140538	0.00000512	0x20	0x5A
SPI [1]	result	2.25138073	0.00000512	0x00	0xC3
SPI [1]	result	2.25138601	0.00000512	0x00	0x3C
SPI [1]	result	2.25139129	0.00000512	0x08	0xA5
SPI [1]	result	2.25139657	0.00000512	0x20	0x5A
SPI [1]	result	2.29137200	0.00000512	0x00	0xC3
SPI [1]	result	2.29137728	0.00000512	0x00	0x3C
SPI [1]	result	2.29138256	0.00000512	0x08	0xA5
SPI [1]	result	2.29138784	0.00000512	0x20	0x5A
SPI [1]	result	2.33137304	0.00000512	0x00	0xC3
SPI [1]	result	2.33137832	0.00000512	0x00	0x3C
SPI [1]	result	2.33138360	0.00000512	0x08	0xA5
SPI [1]	result	2.33138888	0.00000512	0x20	0x5A
SPI [1]	result	2.37137099	0.00000512	0x00	0xC3
SPI [1]	result	2.37137627	0.00000512	0x00	0x3C
SPI [1]	result	2.37138155	0.00000512	0x08	0xA5
SPI [1]	result	2.37138683	0.00000512	0x20	0x5A
SPI [1]	result	2.41138392	0.00000512	0x00	0xC3
SPI [1]	result	2.41138920	0.00000512	0x00	0x3C
SPI [1]	result	2.41139448	0.00000512	0x08	0xA5
SPI [1]	result	2.41139976	0.00000512	0x20	0x5A
SPI [1]	result	2.45137220	0.00000512	0x00	0xC3
SPI [1]	result	2.45137748	0.00000512	0x00	0x3C
SPI [1]	result	2.45138276	0.00000512	0x08	0xA5
SPI [1]	result	2.45138804	0.00000512	0x20	0x5A
SPI [1]	result	2.49137176	0.00000512	0x00	0xC3
SPI [1]	result	2.49137704	0.00000512	0x00	0x3C
SPI [1]	result	2.49138232	0.00000512	0x08	0xA5
SPI [1]	result	2.49138760	0.00000512	0x20	0x5A
SPI [1]	result	2.53137058	0.00000512	0x00	0xC3
SPI [1]	result	2.53137586	0.00000512	0x00	0x3C
SPI [1]	result	2.53138114	0.00000512	0x08	0xA5
SPI [1]	result	2.53138642	0.00000512	0x20	0x5A
SPI [1]	result	2.57137018	0.00000512	0x00	0xC3
SPI [1]	result	2.57137546	0.00000512	0x00	0x3C
SPI [1]	result	2.57138074	0.00000512	0x08	0xA5
SPI [1]	result	2.57138602	0.00000512	0x20	0x5A
SPI [1]	result	2.61137100	0.00000512	0x00	0xC3
SPI [1]	result	2.61137628	0.00000512	0x00	0x3C
SPI [1]	result	2.61138156	0.00000512	0x08	0xA5
SPI [1]	result	2.61138684	0.00000512	0x20	0x5A
SPI [1]	result	2.65137182	0.00000512	0x00	0xC3
SPI [1]	result	2.65137710	0.00000512	0x00	0x3C
SPI [1]	result	2.65138238	0.00000512	0x08	0xA5
SPI [1]	result	2.65138766	0.00000512	0x20	0x5A
SPI [1]	result	2.69137094	0.00000512	0x00	0xC3
SPI [1]	result	2.69137622	0.00000512	0x00	0x3C
SPI [1]	result	2.69138150	0.00000512	0x08	0xA5
SPI [1]	result	2.69138678	0.00000512	0x20	0x5A
SPI [1]	result	2.73137324	0.00000512	0x00	0xC3
SPI [1]	result	2.73137852	0.00000512	0x00	0x3C
SPI [1]	result	2.73138380	0.00000512	0x08	0xA5
SPI [1]	result	2.73138908	0.00000512	0x20	0x5A
SPI [1]	result	2.77138530	0.00000512	0x00	0xC3
SPI [1]	result	2.77139058	0.00000512	0x00	0x3C
SPI [1]	result	2.77139586	0.00000512	0x08	0xA5
SPI [1]	result	2.77140114	0.00000512	0x20	0x5A
SPI [1]	result	2.81137275	0.00000512	0x00	0xC3
SPI [1]	result	2.81137803	0.00000512	0x00	0x3C
SPI [1]	result	2.81138331	0.00000512	0x08	0xA5
SPI [1]	result	2.81138859	0.00000512	0x20	0x5A
SPI [1]	result	2.85137475	0.00000512	0x00	0xC3
SPI [1]	result	2.85138003	0.00000512	0x00	0x3C
SPI [1]	result	2.85138531	0.00000512	0x08	0xA5
SPI [1]	result	2.85139059	0.00000512	0x20	0x5A
SPI [1]	result	2.89137900	0.00000512	0x00	0xC3
SPI [1]	result	2.89138428	0.00000512	0x00	0x3C
SPI [1]	result	2.89138956	0.00000512	0x08	0xA5
SPI [1]	result	2.89139484	0.00000512	0x20	0x5A
SPI [1]	result	2.93137315	0.00000512	0x00	0xC3
SPI [1]	result	2.93137843	0.00000512	0x00	0x3C
SPI [1]	result	2.93138371	0.00000512	0x08	0xA5
SPI [1]	result	2.93138899	0.00000512	0x20	0x5A
SPI [1]	result	2.97137407	0.00000512	0x00	0xC3
SPI [1]	result	2.97137935	0.00000512	0x00	0x3C
SPI [1]	result	2.97138463	0.00000512	0x08	0xA5
SPI [1]	result	2.97138991	0.00000512	0x20	0x5A
SPI [1]	result	3.01137292	0.00000512	0x00	0xC3
SPI [1]	result	3.01137820	0.00000512	0x00	0x3C
SPI [1]	result	3.01138348	0.00000512	0x08	0xA5
SPI [1]	result	3.01138876	0.00000512	0x20	0x5A
SPI [1]	result	3.05139265	0.00000512	0x00	0xC3
SPI [1]	result	3.05139793	0.00000512	0x00	0x3C
SPI [1]	result	3.05140321	0.00000512	0x08	0xA5
SPI [1]	result	3.05140849	0.00000512	0x20	0x5A
SPI [1]	result	3.09137856	0.00000512	0x00	0xC3
SPI [1]	result	3.09138384	0.00000512	0x00	0x3C
SPI [1]	result	3.09138912	0.00000512	0x08	0xA5
SPI [1]	result	3.09139440	0.00000512	0x20	0x5A
SPI [1]	result	3.13137918	0.00000512	0x00	0xC3
SPI [1]	result	3.13138446	0.00000512	0x00	0x3C
SPI [1]	result	3.13138974	0.00000512	0x08	0xA5
SPI [1]	result	3.13139502	0.00000512	0x20	0x5A
SPI [1]	result	3.17137204	0.00000512	0x00	0xC3
SPI [1]	result	3.17137732	0.00000512	0x00	0x3C
SPI [1]	result	3.17138260	0.00000512	0x08	0xA5
SPI [1]	result	3.17138788	0.00000512	0x20	0x5A
SPI [1]	result	3.17178993	0.00000512	0xA5	0xC3
SPI [1]	result	3.17179521	0.00000512	0x5A	0x3C
SPI [1]	result	3.17180049	0.00000512	0x3C	0xA5
SPI [1]	result	3.17180577	0.00000512	0xC3	0x5A
SPI [1]	result	3.17219840	0.00000512	0x80	0xA5
SPI [1]	result	3.17220368	0.00000512	0x20	0x5A
SPI [1]	result	3.17220896	0.00000512	0x28	0x3C
SPI [1]	result	3.17221424	0.00000512	0x24	0xC3
SPI [1]	result	3.17260788	0.00000512	0x08	0x08
SPI [1]	result	3.17261316	0.00000512	0x10	0x10
SPI [1]	result	3.17261844	0.00000512	0x80	0xA8
SPI [1]	result	3.17262372	0.00000512	0x22	0x06
SPI [1]	result	3.17301842	0.00000512	0x00	0x08
SPI [1]	result	3.17302370	0.00000512	0x00	0x00
SPI [1]	result	3.17302898	0.00000512	0x00	0xA8
SPI [1]	result	3.17303426	0.00000512	0x00	0x36
SPI [1]	result	3.17342866	0.00000512	0x08	0x00
SPI [1]	result	3.17343394	0.00000512	0x00	0xF3
SPI [1]	result	3.17343922	0.00000512	0xA8	0x03
SPI [1]	result	3.17344450	0.00000512	0x36	0xE8
SPI [1]	result	3.17388106	0.00000512	0x08	0xC3
SPI [1]	result	3.17388634	0.00000512	0x00	0x3C
SPI [1]	result	3.17389162	0.00000512	0x83	0xA5
SPI [1]	result	3.17389690	0.00000512	0xE2	0x5A
SPI [1]	result	3.17429406	0.00000512	0x00	0xC3
SPI [1]	result	3.17429934	0.00000512	0x00	0x3C
SPI [1]	result	3.17430462	0.00000512	0x00	0xA5
SPI [1]	result	3.17430990	0.00000512	0x00	0x5A
SPI [1]	result	3.17470311	0.00000512	0x00	0xC3
SPI [1]	result	3.17470839	0.00000512	0x00	0x3C
SPI [1]	result	3.17471367	0.00000512	0x00	0xA5
SPI [1]	result	3.17471895	0.00000512	0x00	0x5A
SPI [1]	result	3.17510987	0.00000512	0x00	0xC3
SPI [1]	result	3.17511515	0.00000512	0x00	0x3F
SPI [1]	result	3.17512043	0.00000512	0x00	0xFF
SPI [1]	result	3.17512571	0.00000512	0x00	0xFF
SPI [1]	result	3.17551772	0.00000512	0x00	0xC3
SPI [1]	result	3.17552300	0.00000512	0x00	0x3C
SPI [1]	result	3.17552828	0.00000512	0x00	0xA5
SPI [1]	result	3.17553356	0.00000512	0x00	0x5A
SPI [1]	result	3.17592681	0.00000512	0x00	0xC3
SPI [1]	result	3.17593209	0.00000512	0x00	0x3C
SPI [1]	result	3.17593737	0.00000512	0x00	0xA5
SPI [1]	result	3.17594265	0.00000512	0x00	0x5A
SPI [1]	result	3.17633488	0.00000512	0x00	0xC3
SPI [1]	result	3.17634016	0.00000512	0x00	0x3C
SPI [1]	result	3.17634544	0.00000512	0x00	0xA5
SPI [1]	result	3.17635072	0.00000512	0x00	0x5A
SPI [1]	result	3.17674210	0.00000512	0x00	0xC3
SPI [1]	result	3.17674738	0.00000512	0x00	0x3C
SPI [1]	result	3.17675266	0.00000512	0x00	0xA5
SPI [1]	result	3.17675794	0.00000512	0x00	0x5A
SPI [1]	result	3.17715014	0.00000512	0x00	0x00
SPI [1]	result	3.17715542	0.00000512	0x00	0x03
SPI [1]	result	3.17716070	0.00000512	0x00	0x0C
SPI [1]	result	3.17716598	0.00000512	0x00	0xF2
SPI [1]	result	3.17755867	0.00000512	0x00	0x95
SPI [1]	result	3.17756395	0.00000512	0x00	0x68
SPI [1]	result	3.17756923	0.00000512	0x00	0x00
SPI [1]	result	3.17757451	0.00000512	0x00	0x00
SPI [1]	result	3.17796741	0.00000512	0x00	0xC3
SPI [1]	result	3.17797269	0.00000512	0x00	0x3C
SPI [1]	result	3.17797797	0.00000512	0x00	0xA5
SPI [1]	result	3.17798325	0.00000512	0x00	0x5A
SPI [1]	result	3.17839704	0.00000512	0x00	0xC3
SPI [1]	result	3.17840232	0.00000512	0x00	0x3C
SPI [1]	result	3.17840760	0.00000512	0x3F	0xA5
SPI [1]	result	3.17841288	0.00000512	0xC6	0x5A
SPI [1]	result	3.17926368	0.00000512	0x08	0xC3
SPI [1]	result	3.17926896	0.00000512	0x10	0x3C
SPI [1]	result	3.17927424	0.00000512	0x80	0xA5
SPI [1]	result	3.17927952	0.00000512	0x22	0x5A
SPI [1]	result	3.18261583	0.00000512	0x00	0xC3
SPI [1]	result	3.18262111	0.00000512	0x00	0x3C
SPI [1]	result	3.18262639	0.00000512	0x00	0xA5
SPI [1]	result	3.18263167	0.00000512	0x00	0x5A
SPI [1]	result	3.18346179	0.00000512	0x08	0xC3
SPI [1]	result	3.18346707	0.00000512	0x00	0x3C
SPI [1]	result	3.18347235	0.00000512	0xBF	0xA5
SPI [1]	result	3.18347763	0.00000512	0xD8	0x5A
SPI [1]	result	3.18601422	0.00000512	0xB8	0xC3
SPI [1]	result	3.18601950	0.00000512	0x01	0x3C
SPI [1]	result	3.18602478	0.00000512	0x06	0xA5
SPI [1]	result	3.18603006	0.00000512	0x26	0x5A
SPI [1]	result	3.18681164	0.00000512	0x09	0xC3
SPI [1]	result	3.18681692	0.00000512	0x10	0x3C
SPI [1]	result	3.18682220	0.00000512	0x80	0xA5
SPI [1]	result	3.18682748	0.00000512	0x2A	0x5A
SPI [1]	result	3.18739175	0.00000512	0x00	0xC3
SPI [1]	result	3.18739703	0.00000512	0x00	0x3C
SPI [1]	result	3.18740231	0.00000512	0x05	0xA5
SPI [1]	result	3.18740759	0.00000512	0x14	0x5A
SPI [1]	result	3.18817763	0.00000512	0x0A	0xC3
SPI [1]	result	3.18818291	0.00000512	0x00	0x3C
SPI [1]	result	3.18818819	0.00000512	0x86	0xA5
SPI [1]	result	3.18819347	0.00000512	0x3A	0x5A
SPI [1]	result	3.18876568	0.00000512	0x00	0xC3
SPI [1]	result	3.18877096	0.00000512	0x00	0x3C
SPI [1]	result	3.18877624	0.00000512	0x00	0xA5
SPI [1]	result	3.18878152	0.00000512	0x00	0x5A
SPI [1]	result	3.18932770	0.00000512	0x08	0xC3
SPI [1]	result	3.18933298	0.00000512	0x00	0x3C
SPI [1]	result	3.18933826	0.00000512	0x85	0xA5
SPI [1]	result	3.18934354	0.00000512	0x26	0x5A
SPI [1]	result	3.19241965	0.00000512	0xFF	0xC3
SPI [1]	result	3.19242493	0.00000512	0xFF	0x3C
SPI [1]	result	3.19243021	0.00000512	0x00	0xA5
SPI [1]	result	3.19243549	0.00000512	0x00	0x5A
SPI [1]	result	3.19244077	0.00000512	0x00	0x00
SPI [1]	result	3.19244605	0.00000512	0x00	0x00
SPI [1]	result	3.19245133	0.00000512	0x00	0x00
SPI [1]	result	3.19245661	0.00000512	0x00	0x00
SPI [1]	result	3.19246189	0.00000512	0x00	0x00
SPI [1]	result	3.19246717	0.00000512	0x00	0x00
SPI [1]	result	3.19247245	0.00000512	0x00	0x00
SPI [1]	result	3.19247773	0.00000512	0x00	0x00
SPI [1]	result	3.19248301	0.00000512	0x00	0x00
SPI [1]	result	3.19248829	0.00000512	0x00	0x0C
SPI [1]	result	3.19249357	0.00000512	0x00	0x33
SPI [1]	result	3.19249885	0.00000512	0x00	0xCA
SPI [1]	result	3.19250413	0.00000512	0x00	0x55
SPI [1]	result	3.19250941	0.00000512	0x00	0xA0
SPI [1]	result	3.19251469	0.00000512	0x00	0x00
SPI [1]	result	3.19251997	0.00000512	0x00	0x00
SPI [1]	result	3.19252525	0.00000512	0x00	0x00
SPI [1]	result	3.19253053	0.00000512	0x00	0x00
SPI [1]	result	3.19253581	0.00000512	0x00	0x00
SPI [1]	result	3.19254109	0.00000512	0x00	0x00
SPI [1]	result	3.19254637	0.00000512	0x00	0x00
SPI [1]	result	3.19255165	0.00000512	0x00	0x00
SPI [1]	result	3.19255693	0.00000512	0x00	0x00
SPI [1]	result	3.19256221	0.00000512	0x00	0xC3
SPI [1]	result	3.19256749	0.00000512	0x00	0x3C
SPI [1]	result	3.19257277	0.00000512	0x00	0xA5
SPI [1]	result	3.19257805	0.00000512	0x00	0x5A
SPI [1]	result	3.19258333	0.00000512	0x00	0x00
SPI [1]	result	3.19258861	0.00000512	0x00	0x00
SPI [1]	result	3.19259389	0.00000512	0x00	0x00
SPI [1]	result	3.19259917	0.00000512	0x00	0x00
SPI [1]	result	3.19260445	0.00000512	0x00	0x00
SPI [1]	result	3.19260973	0.00000512	0x00	0x00
SPI [1]	result	3.19261501	0.00000512	0x00	0x00
SPI [1]	result	3.19262029	0.00000512	0x00	0x00
SPI [1]	result	3.19262557	0.00000512	0x00	0x00
SPI [1]	result	3.19263085	0.00000512	0x00	0x0C
SPI [1]	result	3.19263613	0.00000512	0x00	0x33
SPI [1]	result	3.19264141	0.00000512	0x00	0xCA
SPI [1]	result	3.19264669	0.00000512	0x00	0x55
SPI [1]	result	3.19265197	0.00000512	0x00	0xA0
SPI [1]	result	3.19265725	0.00000512	0x00	0x00
SPI [1]	result	3.19266253	0.00000512	0x00	0x00
SPI [1]	result	3.19266781	0.00000512	0x00	0x00
SPI [1]	result	3.19267309	0.00000512	0x00	0x00
SPI [1]	result	3.19267837	0.00000512	0x00	0x00
SPI [1]	result	3.19268365	0.00000512	0x00	0x00
SPI [1]	result	3.19268893	0.00000512	0x00	0x00
SPI [1]	result	3.19269421	0.00000512	0x00	0x00
SPI [1]	result	3.19269949	0.00000512	0x00	0x00
SPI [1]	result	3.19270477	0.00000512	0x00	0xC3
SPI [1]	result	3.19271005	0.00000512	0x00	0x3C
SPI [1]	result	3.19271533	0.00000512	0x00	0xA5
SPI [1]	result	3.19272061	0.00000512	0x00	0x5A
SPI [1]	result	3.19272589	0.00000512	0x00	0x00
SPI [1]	result	3.19273117	0.00000512	0x00	0x00
SPI [1]	result	3.19273645	0.00000512	0x00	0x00
SPI [1]	result	3.19274173	0.00000512	0x00	0x00
SPI [1]	result	3.19274701	0.00000512	0x00	0x00
SPI [1]	result	3.19275229	0.00000512	0x00	0x00
SPI [1]	result	3.19275757	0.00000512	0x00	0x00
SPI [1]	result	3.19276285	0.00000512	0x00	0x00
SPI [1]	result	3.19276813	0.00000512	0x00	0x00
SPI [1]	result	3.19277341	0.00000512	0x00	0x0C
SPI [1]	result	3.19277869	0.00000512	0x00	0x33
SPI [1]	result	3.19278397	0.00000512	0x00	0xCA
SPI [1]	result	3.19278925	0.00000512	0x00	0x55
SPI [1]	result	3.19279453	0.00000512	0x00	0xA0
SPI [1]	result	3.19279981	0.00000512	0x00	0x00
SPI [1]	result	3.19280509	0.00000512	0x00	0x00
SPI [1]	result	3.19281037	0.00000512	0x00	0x00
SPI [1]	result	3.19281565	0.00000512	0x00	0x00
SPI [1]	result	3.19282093	0.00000512	0x00	0x00
SPI [1]	result	3.19282621	0.00000512	0x00	0x00
SPI [1]	result	3.19283149	0.00000512	0x00	0x00
SPI [1]	result	3.19283677	0.00000512	0x00	0x00
SPI [1]	result	3.19284205	0.00000512	0x00	0x00
SPI [1]	result	3.19284733	0.00000512	0x00	0xC3
SPI [1]	result	3.19285261	0.00000512	0x00	0x3C
SPI [1]	result	3.19285789	0.00000512	0x00	0xA5
SPI [1]	result	3.19286317	0.00000512	0x00	0x5A
SPI [1]	result	3.19286845	0.00000512	0x00	0x00
SPI [1]	result	3.19287373	0.00000512	0x00	0x00
SPI [1]	result	3.19287901	0.00000512	0x00	0x00
SPI [1]	result	3.19288429	0.00000512	0x00	0x00
SPI [1]	result	3.19288957	0.00000512	0x00	0x00
SPI [1]	result	3.19289485	0.00000512	0x00	0x00
SPI [1]	result	3.19290013	0.00000512	0x00	0x00
SPI [1]	result	3.19290541	0.00000512	0x00	0x00
SPI [1]	result	3.19291069	0.00000512	0x00	0x00
SPI [1]	result	3.19291597	0.00000512	0x00	0x0C
SPI [1]	result	3.19292125	0.00000512	0x00	0x33
SPI [1]	result	3.19292653	0.00000512	0x00	0xCA
SPI [1]	result	3.19293181	0.00000512	0x00	0x55
SPI [1]	result	3.19293709	0.00000512	0x00	0xA0
SPI [1]	result	3.19294237	0.00000512	0x00	0x00
SPI [1]	result	3.19294765	0.00000512	0x00	0x00
SPI [1]	result	3.19295293	0.00000512	0x00	0x00
SPI [1]	result	3.19295821	0.00000512	0x00	0x00
SPI [1]	result	3.19296349	0.00000512	0x00	0x00
SPI [1]	result	3.19296877	0.00000512	0x00	0x00
SPI [1]	result	3.19297405	0.00000512	0x00	0x00
SPI [1]	result	3.19297933	0.00000512	0x00	0x00
SPI [1]	result	3.19298461	0.00000512	0x00	0x00
SPI [1]	result	3.19298989	0.00000512	0x00	0xC3
SPI [1]	result	3.19299517	0.00000512	0x00	0x3C
SPI [1]	result	3.19300045	0.00000512	0x00	0xA5
SPI [1]	result	3.19300573	0.00000512	0x00	0x5A
SPI [1]	result	3.19301101	0.00000512	0x00	0x00
SPI [1]	result	3.19301629	0.00000512	0x00	0x00
SPI [1]	result	3.19302157	0.00000512	0x00	0x00
SPI [1]	result	3.19302685	0.00000512	0x00	0x00
SPI [1]	result	3.19303213	0.00000512	0x00	0x00
SPI [1]	result	3.19303741	0.00000512	0x00	0x00
SPI [1]	result	3.19304269	0.00000512	0x00	0x00
SPI [1]	result	3.19304797	0.00000512	0x00	0x00
SPI [1]	result	3.19305325	0.00000512	0x00	0x00
SPI [1]	result	3.19305853	0.00000512	0x00	0x0C
SPI [1]	result	3.19306381	0.00000512	0x00	0x33
SPI [1]	result	3.19306909	0.00000512	0x00	0xCA
SPI [1]	result	3.19307437	0.00000512	0x00	0x55
SPI [1]	result	3.19307965	0.00000512	0x00	0xA0
SPI [1]	result	3.19308493	0.00000512	0x00	0x00
SPI [1]	result	3.19309021	0.00000512	0x00	0x00
SPI [1]	result	3.19309549	0.00000512	0x00	0x00
SPI [1]	result	3.19310077	0.00000512	0x00	0x00
SPI [1]	result	3.19310605	0.00000512	0x5A	0x00
SPI [1]	result	3.19623574	0.00000512	0xFF	0xC3
SPI [1]	result	3.19624102	0.00000512	0x00	0x3C
SPI [1]	result	3.19624630	0.00000512	0x00	0xA5
SPI [1]	result	3.19625158	0.00000512	0x00	0x5A
SPI [1]	result	3.19625686	0.00000512	0x00	0x00
SPI [1]	result	3.19626214	0.00000512	0x00	0x00
SPI [1]	result	3.19626742	0.00000512	0x00	0x00
SPI [1]	result	3.19627270	0.00000512	0x00	0x00
SPI [1]	result	3.19627798	0.00000512	0x00	0x00
SPI [1]	result	3.19628326	0.00000512	0x00	0x00
SPI [1]	result	3.19628854	0.00000512	0x00	0x00
SPI [1]	result	3.19629382	0.00000512	0x00	0x00
SPI [1]	result	3.19629910	0.00000512	0x00	0x00
SPI [1]	result	3.19630438	0.00000512	0x00	0x0C
SPI [1]	result	3.19630966	0.00000512	0x00	0x33
SPI [1]	result	3.19631494	0.00000512	0x00	0xCA
SPI [1]	result	3.19632022	0.00000512	0x00	0x55
SPI [1]	result	3.19632550	0.00000512	0x00	0xA0
SPI [1]	result	3.19633078	0.00000512	0x00	0x00
SPI [1]	result	3.19633606	0.00000512	0x00	0x00
SPI [1]	result	3.19634134	0.00000512	0x00	0x00
SPI [1]	result	3.19634662	0.00000512	0x00	0x00
SPI [1]	result	3.19635190	0.00000512	0x00	0x00
SPI [1]	result	3.19635718	0.00000512	0x00	0x00
SPI [1]	result	3.19636246	0.00000512	0x00	0x00
SPI [1]	result	3.19636774	0.00000512	0x00	0x00
SPI [1]	result	3.19637302	0.00000512	0x00	0x00
SPI [1]	result	3.19637830	0.00000512	0x00	0xC3
SPI [1]	result	3.19638358	0.00000512	0x00	0x3C
SPI [1]	result	3.19638886	0.00000512	0x00	0xA5
SPI [1]	result	3.19639414	0.00000512	0x00	0x5A
SPI [1]	result	3.19639942	0.00000512	0x00	0x00
SPI [1]	result	3.19640470	0.00000512	0x00	0x00
SPI [1]	result	3.19640998	0.00000512	0x00	0x00
SPI [1]	result	3.19641526	0.00000512	0x00	0x00
SPI [1]	result	3.19642054	0.00000512	0x00	0x00
SPI [1]	result	3.19642582	0.00000512	0x00	0x00
SPI [1]	result	3.19643110	0.00000512	0x00	0x00
SPI [1]	result	3.19643638	0.00000512	0x00	0x00
SPI [1]	result	3.19644166	0.00000512	0x00	0x00
SPI [1]	result	3.19644694	0.00000512	0x00	0x06
SPI [1]	result	3.19645222	0.00000512	0x00	0x19
SPI [1]	result	3.19645750	0.00000512	0x00	0xE5
SPI [1]	result	3.19646278	0.00000512	0x00	0x2A
SPI [1]	result	3.19646806	0.00000512	0x00	0xD0
SPI [1]	result	3.19647334	0.00000512	0x00	0x00
SPI [1]	result	3.19647862	0.00000512	0x00	0x00
SPI [1]	result	3.19648390	0.00000512	0x00	0x00
SPI [1]	result	3.19648918	0.00000512	0x00	0x00
SPI [1]	result	3.19649446	0.00000512	0x00	0x00
SPI [1]	result	3.19649974	0.00000512	0x00	0x00
SPI [1]	result	3.19650502	0.00000512	0x00	0x00
SPI [1]	result	3.19651030	0.00000512	0x00	0x00
SPI [1]	result	3.19651558	0.00000512	0x00	0x00
SPI [1]	result	3.19652086	0.00000512	0x00	0x30
SPI [1]	result	3.19652614	0.00000512	0x00	0xCF
SPI [1]	result	3.19653142	0.00000512	0x00	0x29
SPI [1]	result	3.19653670	0.00000512	0x00	0x56
SPI [1]	result	3.19654198	0.00000512	0x00	0x80
SPI [1]	result	3.19654726	0.00000512	0x00	0x00
SPI [1]	result	3.19655254	0.00000512	0x00	0x00
SPI [1]	result	3.19655782	0.00000512	0x00	0x00
SPI [1]	result	3.19656310	0.00000512	0x00	0x00
SPI [1]	result	3.19656838	0.00000512	0x00	0x00
SPI [1]	result	3.19657366	0.00000512	0x00	0x00
SPI [1]	result	3.19657894	0.00000512	0x00	0x00
SPI [1]	result	3.19658422	0.00000512	0x00	0x00
SPI [1]	result	3.19658950	0.00000512	0x00	0x01
SPI [1]	result	3.19659478	0.00000512	0x00	0x0C
SPI [1]	result	3.19660006	0.00000512	0x00	0xF2
SPI [1]	result	3.19660534	0.00000512	0x00	0x95
SPI [1]	result	3.19661062	0.00000512	0x00	0x68
SPI [1]	result	3.19661590	0.00000512	0x00	0x00
SPI [1]	result	3.19662118	0.00000512	0x00	0x00
SPI [1]	result	3.19662646	0.00000512	0x00	0x00
SPI [1]	result	3.19663174	0.00000512	0x00	0x00
SPI [1]	result	3.19663702	0.00000512	0x00	0x00
SPI [1]	result	3.19664230	0.00000512	0x00	0x00
SPI [1]	result	3.19664758	0.00000512	0x00	0x00
SPI [1]	result	3.19665286	0.00000512	0x00	0x00
SPI [1]	result	3.19665814	0.00000512	0x00	0x00
SPI [1]	result	3.19666342	0.00000512	0x00	0x18
SPI [1]	result	3.19666870	0.00000512	0x00	0x67
SPI [1]	result	3.19667398	0.00000512	0x00	0x94
SPI [1]	result	3.19667926	0.00000512	0x00	0xAB
SPI [1]	result	3.19668454	0.00000512	0x00	0x40
SPI [1]	result	3.19668982	0.00000512	0x00	0x00
SPI [1]	result	3.19669510	0.00000512	0x00	0x00
SPI [1]	result	3.19670038	0.00000512	0x00	0x00
SPI [1]	result	3.19670566	0.00000512	0x00	0x00
SPI [1]	result	3.19671094	0.00000512	0x00	0x00
SPI [1]	result	3.19671622	0.00000512	0x00	0x00
SPI [1]	result	3.19672150	0.00000512	0x00	0x00
SPI [1]	result	3.19672678	0.00000512	0x00	0x00
SPI [1]	result	3.19673206	0.00000512	0x00	0x01
SPI [1]	result	3.19673734	0.00000512	0x00	0x86
SPI [1]	result	3.19674262	0.00000512	0x00	0x79
SPI [1]	result	3.19674790	0.00000512	0x00	0x4A
SPI [1]	result	3.19675318	0.00000512	0x00	0xB4
SPI [1]	result	3.19675846	0.00000512	0x00	0x00
SPI [1]	result	3.19676374	0.00000512	0x00	0x00
SPI [1]	result	3.19676902	0.00000512	0x00	0x00
SPI [1]	result	3.19677430	0.00000512	0x00	0x00
SPI [1]	result	3.19677958	0.00000512	0x00	0x00
SPI [1]	result	3.19678486	0.00000512	0x00	0x00
SPI [1]	result	3.19679014	0.00000512	0x00	0x00
SPI [1]	result	3.19679542	0.00000512	0x00	0x00
SPI [1]	result	3.19680070	0.00000512	0x00	0x00
SPI [1]	result	3.19680598	0.00000512	0x00	0x18
SPI [1]	result	3.19681126	0.00000512	0x00	0x67
SPI [1]	result	3.19681654	0.00000512	0x00	0x94
SPI [1]	result	3.19682182	0.00000512	0x00	0xAB
SPI [1]	result	3.19682710	0.00000512	0x00	0x40
SPI [1]	result	3.19683238	0.00000512	0x00	0x00
SPI [1]	result	3.19683766	0.00000512	0x00	0x00
SPI [1]	result	3.19684294	0.00000512	0x00	0x00
SPI [1]	result	3.19684822	0.00000512	0x00	0x00
SPI [1]	result	3.19685350	0.00000512	0x00	0x00
SPI [1]	result	3.19685878	0.00000512	0x00	0x00
SPI [1]	result	3.19686406	0.00000512	0x00	0x00
SPI [1]	result	3.19686934	0.00000512	0x00	0x00
SPI [1]	result	3.19687462	0.00000512	0x00	0x01
SPI [1]	result	3.19687990	0.00000512	0x00	0x86
SPI [1]	result	3.19688518	0.00000512	0x00	0x79
SPI [1]	result	3.19689046	0.00000512	0x00	0x4A
SPI [1]	result	3.19689574	0.00000512	0x00	0xB4
SPI [1]	result	3.19690102	0.00000512	0x00	0x00
SPI [1]	result	3.19690630	0.00000512	0x00	0x00
SPI [1]	result	3.19691158	0.00000512	0x00	0x00
SPI [1]	result	3.19691686	0.00000512	0x00	0x00
SPI [1]	result	3.19692214	0.00000512	0x5A	0x00
SPI [1]	result	3.20007186	0.00000512	0xB8	0xC3
SPI [1]	result	3.20007714	0.00000512	0x01	0x3C
SPI [1]	result	3.20008242	0.00000512	0x06	0xA5
SPI [1]	result	3.20008770	0.00000512	0x26	0x5A
SPI [1]	result	3.20087390	0.00000512	0x0B	0xC3
SPI [1]	result	3.20087918	0.00000512	0x10	0x3C
SPI [1]	result	3.20088446	0.00000512	0x80	0xA5
SPI [1]	result	3.20088974	0.00000512	0x3A	0x5A
SPI [1]	result	3.20144088	0.00000512	0x00	0xC3
SPI [1]	result	3.20144616	0.00000512	0x00	0x3C
SPI [1]	result	3.20145144	0.00000512	0x05	0xA5
SPI [1]	result	3.20145672	0.00000512	0x56	0x5A
SPI [1]	result	3.20223056	0.00000512	0x0C	0xC3
SPI [1]	result	3.20223584	0.00000512	0x00	0x3C
SPI [1]	result	3.20224112	0.00000512	0x86	0xA5
SPI [1]	result	3.20224640	0.00000512	0x0A	0x5A
SPI [1]	result	3.20281383	0.00000512	0x00	0xC3
SPI [1]	result	3.20281911	0.00000512	0x00	0x3C
SPI [1]	result	3.20282439	0.00000512	0x00	0xA5
SPI [1]	result	3.20282967	0.00000512	0x00	0x5A
SPI [1]	result	3.20338896	0.00000512	0x08	0xC3
SPI [1]	result	3.20339424	0.00000512	0x00	0x3C
SPI [1]	result	3.20339952	0.00000512	0x85	0xA5
SPI [1]	result	3.20340480	0.00000512	0x68	0x5A
SPI [1]	result	3.20648911	0.00000512	0x00	0xC3
SPI [1]	result	3.20649439	0.00000512	0x00	0x3C
SPI [1]	result	3.20649967	0.00000512	0x53	0xA5
SPI [1]	result	3.20650495	0.00000512	0x50	0x5A
SPI [1]	result	3.20651023	0.00000512	0x58	0x00
SPI [1]	result	3.20651551	0.00000512	0x31	0x00
SPI [1]	result	3.20652079	0.00000512	0x00	0x00
SPI [1]	result	3.20652607	0.00000512	0x00	0x00
SPI [1]	result	3.20653135	0.00000512	0x00	0x00
SPI [1]	result	3.20653663	0.00000512	0x00	0x00
SPI [1]	result	3.20654191	0.00000512	0x00	0x00
SPI [1]	result	3.20654719	0.00000512	0x00	0x00
SPI [1]	result	3.20655247	0.00000512	0x47	0x00
SPI [1]	result	3.20655775	0.00000512	0x46	0x0C
SPI [1]	result	3.20656303	0.00000512	0x58	0x33
SPI [1]	result	3.20656831	0.00000512	0x20	0xCA
SPI [1]	result	3.20657359	0.00000512	0x35	0x55
SPI [1]	result	3.20657887	0.00000512	0x30	0xA0
SPI [1]	result	3.20658415	0.00000512	0x53	0x00
SPI [1]	result	3.20658943	0.00000512	0x00	0x00
SPI [1]	result	3.20659471	0.00000512	0x00	0x00
SPI [1]	result	3.20659999	0.00000512	0x00	0x00
SPI [1]	result	3.20660527	0.00000512	0x00	0x00
SPI [1]	result	3.20661055	0.00000512	0x00	0x00
SPI [1]	result	3.20661583	0.00000512	0x00	0x00
SPI [1]	result	3.20662111	0.00000512	0x00	0x00
SPI [1]	result	3.20662639	0.00000512	0x00	0x00
SPI [1]	result	3.20663167	0.00000512	0x00	0xC3
SPI [1]	result	3.20663695	0.00000512	0x00	0x3C
SPI [1]	result	3.20664223	0.00000512	0x00	0xA5
SPI [1]	result	3.20664751	0.00000512	0x00	0x5A
SPI [1]	result	3.20665279	0.00000512	0x00	0x00
SPI [1]	result	3.20665807	0.00000512	0x47	0x00
SPI [1]	result	3.20666335	0.00000512	0x46	0x00
SPI [1]	result	3.20666863	0.00000512	0x58	0x00
SPI [1]	result	3.20667391	0.00000512	0x20	0x00
SPI [1]	result	3.20667919	0.00000512	0x35	0x00
SPI [1]	result	3.20668447	0.00000512	0x30	0x00
SPI [1]	result	3.20668975	0.00000512	0x53	0x00
SPI [1]	result	3.20669503	0.00000512	0x00	0x00
SPI [1]	result	3.20670031	0.00000512	0x00	0x0C
SPI [1]	result	3.20670559	0.00000512	0x00	0x33
SPI [1]	result	3.20671087	0.00000512	0x00	0xCA
SPI [1]	result	3.20671615	0.00000512	0x00	0x55
SPI [1]	result	3.20672143	0.00000512	0x00	0xA0
SPI [1]	result	3.20672671	0.00000512	0x00	0x00
SPI [1]	result	3.20673199	0.00000512	0x00	0x00
SPI [1]	result	3.20673727	0.00000512	0x35	0x00
SPI [1]	result	3.20674255	0.00000512	0x39	0x00
SPI [1]	result	3.20674783	0.00000512	0x33	0x00
SPI [1]	result	3.20675311	0.00000512	0x35	0x00
SPI [1]	result	3.20675839	0.00000512	0x33	0x00
SPI [1]	result	3.20676367	0.00000512	0x33	0x00
SPI [1]	result	3.20676895	0.00000512	0x33	0x00
SPI [1]	result	3.20677423	0.00000512	0x31	0xC3
SPI [1]	result	3.20677951	0.00000512	0x33	0x3C
SPI [1]	result	3.20678479	0.00000512	0x36	0xA5
SPI [1]	result	3.20679007	0.00000512	0x33	0x5A
SPI [1]	result	3.20679535	0.00000512	0x31	0x00
SPI [1]	result	3.20680063	0.00000512	0x31	0x00
SPI [1]	result	3.20680591	0.00000512	0x37	0x00
SPI [1]	result	3.20681119	0.00000512	0x30	0x00
SPI [1]	result	3.20681647	0.00000512	0x32	0x00
SPI [1]	result	3.20682175	0.00000512	0x31	0x00
SPI [1]	result	3.20682703	0.00000512	0x36	0x00
SPI [1]	result	3.20683231	0.00000512	0x37	0x00
SPI [1]	result	3.20683759	0.00000512	0x30	0x00
SPI [1]	result	3.20684287	0.00000512	0x32	0x0C
SPI [1]	result	3.20684815	0.00000512	0x30	0x33
SPI [1]	result	3.20685343	0.00000512	0x31	0xCA
SPI [1]	result	3.20685871	0.00000512	0x30	0x55
SPI [1]	result	3.20686399	0.00000512	0x31	0xA0
SPI [1]	result	3.20686927	0.00000512	0x31	0x00
SPI [1]	result	3.20687455	0.00000512	0x30	0x00
SPI [1]	result	3.20687983	0.00000512	0x36	0x00
SPI [1]	result	3.20688511	0.00000512	0x39	0x00
SPI [1]	result	3.20689039	0.00000512	0x41	0x00
SPI [1]	result	3.20689567	0.00000512	0x04	0x00
SPI [1]	result	3.20690095	0.00000512	0x20	0x00
SPI [1]	result	3.20690623	0.00000512	0x02	0x00
SPI [1]	result	3.20691151	0.00000512	0x16	0x00
SPI [1]	result	3.20691679	0.00000512	0x01	0xC3
SPI [1]	result	3.20692207	0.00000512	0x00	0x3C
SPI [1]	result	3.20692735	0.00000512	0x01	0xA5
SPI [1]	result	3.20693263	0.00000512	0x00	0x5A
SPI [1]	result	3.20693791	0.00000512	0x01	0x00
SPI [1]	result	3.20694319	0.00000512	0x00	0x00
SPI [1]	result	3.20694847	0.00000512	0x00	0x00
SPI [1]	result	3.20695375	0.00000512	0x00	0x00
SPI [1]	result	3.20695903	0.00000512	0x00	0x00
SPI [1]	result	3.20696431	0.00000512	0x00	0x00
SPI [1]	result	3.20696959	0.00000512	0x00	0x00
SPI [1]	result	3.20697487	0.00000512	0x00	0x00
SPI [1]	result	3.20698015	0.00000512	0x00	0x00
SPI [1]	result	3.20698543	0.00000512	0x00	0x0C
SPI [1]	result	3.20699071	0.00000512	0x00	0x33
SPI [1]	result	3.20699599	0.00000512	0x00	0xCA
SPI [1]	result	3.20700127	0.00000512	0x00	0x55
SPI [1]	result	3.20700655	0.00000512	0x00	0xA0
SPI [1]	result	3.20701183	0.00000512	0x00	0x00
SPI [1]	result	3.20701711	0.00000512	0x00	0x00
SPI [1]	result	3.20702239	0.00000512	0x00	0x00
SPI [1]	result	3.20702767	0.00000512	0x00	0x00
SPI [1]	result	3.20703295	0.00000512	0x00	0x00
SPI [1]	result	3.20703823	0.00000512	0x00	0x00
SPI [1]	result	3.20704351	0.00000512	0x00	0x00
SPI [1]	result	3.20704879	0.00000512	0x00	0x00
SPI [1]	result	3.20705407	0.00000512	0x00	0x00
SPI [1]	result	3.20705935	0.00000512	0x00	0xC3
SPI [1]	result	3.20706463	0.00000512	0x00	0x3C
SPI [1]	result	3.20706991	0.00000512	0x00	0xA5
SPI [1]	result	3.20707519	0.00000512	0x00	0x5A
SPI [1]	result	3.20708047	0.00000512	0x00	0x00
SPI [1]	result	3.20708575	0.00000512	0x00	0x00
SPI [1]	result	3.20709103	0.00000512	0x00	0x00
SPI [1]	result	3.20709631	0.00000512	0x00	0x00
SPI [1]	result	3.20710159	0.00000512	0x00	0x00
SPI [1]	result	3.20710687	0.00000512	0x00	0x00
SPI [1]	result	3.20711215	0.00000512	0x00	0x00
SPI [1]	result	3.20711743	0.00000512	0x00	0x00
SPI [1]	result	3.20712271	0.00000512	0x00	0x30
SPI [1]	result	3.20712799	0.00000512	0x00	0xCF
SPI [1]	result	3.20713327	0.00000512	0x00	0x29
SPI [1]	result	3.20713855	0.00000512	0x00	0x56
SPI [1]	result	3.20714383	0.00000512	0x00	0x80
SPI [1]	result	3.20714911	0.00000512	0x00	0x00
SPI [1]	result	3.20715439	0.00000512	0x00	0x00
SPI [1]	result	3.20715967	0.00000512	0x00	0x00
SPI [1]	result	3.20716495	0.00000512	0x00	0x00
SPI [1]	result	3.20717023	0.00000512	0x00	0x00
SPI [1]	result	3.20717551	0.00000512	0xEF	0x00
SPI [1]	result	3.21029972	0.00000512	0xFF	0xC3
SPI [1]	result	3.21030500	0.00000512	0xFF	0x3C
SPI [1]	result	3.21031028	0.00000512	0x53	0xA5
SPI [1]	result	3.21031556	0.00000512	0x50	0x5A
SPI [1]	result	3.21032084	0.00000512	0x58	0x00
SPI [1]	result	3.21032612	0.00000512	0x31	0x00
SPI [1]	result	3.21033140	0.00000512	0x00	0x00
SPI [1]	result	3.21033668	0.00000512	0x00	0x00
SPI [1]	result	3.21034196	0.00000512	0x00	0x00
SPI [1]	result	3.21034724	0.00000512	0x00	0x00
SPI [1]	result	3.21035252	0.00000512	0x00	0x00
SPI [1]	result	3.21035780	0.00000512	0x00	0x00
SPI [1]	result	3.21036308	0.00000512	0x47	0x00
SPI [1]	result	3.21036836	0.00000512	0x46	0x0C
SPI [1]	result	3.21037364	0.00000512	0x58	0x33
SPI [1]	result	3.21037892	0.00000512	0x20	0xCA
SPI [1]	result	3.21038420	0.00000512	0x35	0x55
SPI [1]	result	3.21038948	0.00000512	0x30	0xA0
SPI [1]	result	3.21039476	0.00000512	0x53	0x00
SPI [1]	result	3.21040004	0.00000512	0x00	0x00
SPI [1]	result	3.21040532	0.00000512	0x00	0x00
SPI [1]	result	3.21041060	0.00000512	0x00	0x00
SPI [1]	result	3.21041588	0.00000512	0x00	0x00
SPI [1]	result	3.21042116	0.00000512	0x00	0x00
SPI [1]	result	3.21042644	0.00000512	0x00	0x00
SPI [1]	result	3.21043172	0.00000512	0x00	0x00
SPI [1]	result	3.21043700	0.00000512	0x00	0x00
SPI [1]	result	3.21044228	0.00000512	0x00	0xC3
SPI [1]	result	3.21044756	0.00000512	0x00	0x3C
SPI [1]	result	3.21045284	0.00000512	0x00	0xA5
SPI [1]	result	3.21045812	0.00000512	0x00	0x5A
SPI [1]	result	3.21046340	0.00000512	0x00	0x00
SPI [1]	result	3.21046868	0.00000512	0x47	0x00
SPI [1]	result	3.21047396	0.00000512	0x46	0x00
SPI [1]	result	3.21047924	0.00000512	0x58	0x00
SPI [1]	result	3.21048452	0.00000512	0x20	0x00
SPI [1]	result	3.21048980	0.00000512	0x35	0x00
SPI [1]	result	3.21049508	0.00000512	0x30	0x00
SPI [1]	result	3.21050036	0.00000512	0x53	0x00
SPI [1]	result	3.21050564	0.00000512	0x00	0x00
SPI [1]	result	3.21051092	0.00000512	0x00	0x0C
SPI [1]	result	3.21051620	0.00000512	0x00	0x33
SPI [1]	result	3.21052148	0.00000512	0x00	0xCA
SPI [1]	result	3.21052676	0.00000512	0x00	0x55
SPI [1]	result	3.21053204	0.00000512	0x00	0xA0
SPI [1]	result	3.21053732	0.00000512	0x00	0x00
SPI [1]	result	3.21054260	0.00000512	0x00	0x00
SPI [1]	result	3.21054788	0.00000512	0x35	0x00
SPI [1]	result	3.21055316	0.00000512	0x39	0x00
SPI [1]	result	3.21055844	0.00000512	0x33	0x00
SPI [1]	result	3.21056372	0.00000512	0x35	0x00
SPI [1]	result	3.21056900	0.00000512	0x33	0x00
SPI [1]	result	3.21057428	0.00000512	0x33	0x00
SPI [1]	result	3.21057956	0.00000512	0x33	0x00
SPI [1]	result	3.21058484	0.00000512	0x31	0xC3
SPI [1]	result	3.21059012	0.00000512	0x33	0x3C
SPI [1]	result	3.21059540	0.00000512	0x36	0xA5
SPI [1]	result	3.21060068	0.00000512	0x33	0x5A
SPI [1]	result	3.21060596	0.00000512	0x31	0x00
SPI [1]	result	3.21061124	0.00000512	0x31	0x00
SPI [1]	result	3.21061652	0.00000512	0x37	0x00
SPI [1]	result	3.21062180	0.00000512	0x30	0x00
SPI [1]	result	3.21062708	0.00000512	0x32	0x00
SPI [1]	result	3.21063236	0.00000512	0x31	0x00
SPI [1]	result	3.21063764	0.00000512	0x36	0x00
SPI [1]	result	3.21064292	0.00000512	0x37	0x00
SPI [1]	result	3.21064820	0.00000512	0x30	0x00
SPI [1]	result	3.21065348	0.00000512	0x32	0x0C
SPI [1]	result	3.21065876	0.00000512	0x30	0x33
SPI [1]	result	3.21066404	0.00000512	0x31	0xCA
SPI [1]	result	3.21066932	0.00000512	0x30	0x55
SPI [1]	result	3.21067460	0.00000512	0x31	0xA0
SPI [1]	result	3.21067988	0.00000512	0x31	0x00
SPI [1]	result	3.21068516	0.00000512	0x30	0x00
SPI [1]	result	3.21069044	0.00000512	0x36	0x00
SPI [1]	result	3.21069572	0.00000512	0x39	0x00
SPI [1]	result	3.21070100	0.00000512	0x41	0x00
SPI [1]	result	3.21070628	0.00000512	0x04	0x00
SPI [1]	result	3.21071156	0.00000512	0x20	0x00
SPI [1]	result	3.21071684	0.00000512	0x02	0x00
SPI [1]	result	3.21072212	0.00000512	0x16	0x00
SPI [1]	result	3.21072740	0.00000512	0x01	0xC3
SPI [1]	result	3.21073268	0.00000512	0x00	0x3C
SPI [1]	result	3.21073796	0.00000512	0x01	0xA5
SPI [1]	result	3.21074324	0.00000512	0x00	0x5A
SPI [1]	result	3.21074852	0.00000512	0x01	0x00
SPI [1]	result	3.21075380	0.00000512	0x00	0x00
SPI [1]	result	3.21075908	0.00000512	0x00	0x00
SPI [1]	result	3.21076436	0.00000512	0x00	0x00
SPI [1]	result	3.21076964	0.00000512	0x00	0x00
SPI [1]	result	3.21077492	0.00000512	0x00	0x00
SPI [1]	result	3.21078020	0.00000512	0x00	0x00
SPI [1]	result	3.21078548	0.00000512	0x00	0x00
SPI [1]	result	3.21079076	0.00000512	0x00	0x00
SPI [1]	result	3.21079604	0.00000512	0x00	0x0C
SPI [1]	result	3.21080132	0.00000512	0x00	0x33
SPI [1]	result	3.21080660	0.00000512	0x00	0xCA
SPI [1]	result	3.21081188	0.00000512	0x00	0x55
SPI [1]	result	3.21081716	0.00000512	0x00	0xA0
SPI [1]	result	3.21082244	0.00000512	0x00	0x00
SPI [1]	result	3.21082772	0.00000512	0x00	0x00
SPI [1]	result	3.21083300	0.00000512	0x00	0x00
SPI [1]	result	3.21083828	0.00000512	0x00	0x00
SPI [1]	result	3.21084356	0.00000512	0x00	0x00
SPI [1]	result	3.21084884	0.00000512	0x00	0x00
SPI [1]	result	3.21085412	0.00000512	0x00	0x00
SPI [1]	result	3.21085940	0.00000512	0x00	0x00
SPI [1]	result	3.21086468	0.00000512	0x00	0x00
SPI [1]	result	3.21086996	0.00000512	0x00	0xC3
SPI [1]	result	3.21087524	0.00000512	0x00	0x3C
SPI [1]	result	3.21088052	0.00000512	0x00	0xA5
SPI [1]	result	3.21088580	0.00000512	0x00	0x5A
SPI [1]	result	3.21089108	0.00000512	0x00	0x00
SPI [1]	result	3.21089636	0.00000512	0x00	0x00
SPI [1]	result	3.21090164	0.00000512	0x00	0x00
SPI [1]	result	3.21090692	0.00000512	0x00	0x00
SPI [1]	result	3.21091220	0.00000512	0x00	0x00
SPI [1]	result	3.21091748	0.00000512	0x00	0x00
SPI [1]	result	3.21092276	0.00000512	0x00	0x00
SPI [1]	result	3.21092804	0.00000512	0x00	0x00
SPI [1]	result	3.21093332	0.00000512	0x00	0x00
SPI [1]	result	3.21093860	0.00000512	0x00	0x0C
SPI [1]	result	3.21094388	0.00000512	0x00	0x33
SPI [1]	result	3.21094916	0.00000512	0x00	0xCA
SPI [1]	result	3.21095444	0.00000512	0x00	0x55
SPI [1]	result	3.21095972	0.00000512	0x00	0xA0
SPI [1]	result	3.21096500	0.00000512	0x00	0x00
SPI [1]	result	3.21097028	0.00000512	0x00	0x00
SPI [1]	result	3.21097556	0.00000512	0x00	0x00
SPI [1]	result	3.21098084	0.00000512	0x00	0x00
SPI [1]	result	3.21098612	0.00000512	0xED	0x00
SPI [1]	result	5.25841820	0.00000512	0x00	0xC3
SPI [1]	result	5.25842348	0.00000512	0x00	0x3C
SPI [1]	result	5.25842876	0.00000512	0x08	0xA5
SPI [1]	result	5.25843404	0.00000512	0x20	0x5A
