name	type	start_time	duration	mosi	miso
SPI [1]	result	0.20027417	0.00000512	0x00	0xFF
SPI [1]	result	0.20027945	0.00000512	0x00	0xFF
SPI [1]	result	0.20028473	0.00000512	0x3F	0xFF
SPI [1]	result	0.20029001	0.00000512	0xC6	0xFF
SPI [1]	result	0.20111326	0.00000512	0x08	0x00
SPI [1]	result	0.20111854	0.00000512	0x10	0x00
SPI [1]	result	0.20112382	0.00000512	0x80	0x00
SPI [1]	result	0.20112910	0.00000512	0x22	0x00
SPI [1]	result	0.20446577	0.00000512	0x00	0xC3
SPI [1]	result	0.20447105	0.00000512	0x00	0x3C
SPI [1]	result	0.20447633	0.00000512	0x00	0xA5
SPI [1]	result	0.20448161	0.00000512	0x00	0x5A
SPI [1]	result	0.20531118	0.00000512	0x08	0xC3
SPI [1]	result	0.20531646	0.00000512	0x00	0x3C
SPI [1]	result	0.20532174	0.00000512	0xBF	0xA5
SPI [1]	result	0.20532702	0.00000512	0xD8	0x5A
SPI [1]	result	0.20786299	0.00000512	0xB8	0xC3
SPI [1]	result	0.20786827	0.00000512	0x01	0x3C
SPI [1]	result	0.20787355	0.00000512	0x06	0xA5
SPI [1]	result	0.20787883	0.00000512	0x26	0x5A
SPI [1]	result	0.20866116	0.00000512	0x09	0xC3
SPI [1]	result	0.20866644	0.00000512	0x10	0x3C
SPI [1]	result	0.20867172	0.00000512	0x80	0xA5
SPI [1]	result	0.20867700	0.00000512	0x2A	0x5A
SPI [1]	result	0.20924114	0.00000512	0x00	0x00
SPI [1]	result	0.20924642	0.00000512	0x00	0x00
SPI [1]	result	0.20925170	0.00000512	0x05	0x00
SPI [1]	result	0.20925698	0.00000512	0x14	0xC3
SPI [1]	result	0.21002772	0.00000512	0x0A	0x3C
SPI [1]	result	0.21003300	0.00000512	0x00	0xA5
SPI [1]	result	0.21003828	0.00000512	0x86	0x5A
SPI [1]	result	0.21004356	0.00000512	0x3A	0x00
SPI [1]	result	0.21061494	0.00000512	0x00	0xC3
SPI [1]	result	0.21062022	0.00000512	0x00	0x3C
SPI [1]	result	0.21062550	0.00000512	0x00	0xA5
SPI [1]	result	0.21063078	0.00000512	0x00	0x5A
SPI [1]	result	0.21117705	0.00000512	0x08	0xC3
SPI [1]	result	0.21118233	0.00000512	0x00	0x3C
SPI [1]	result	0.21118761	0.00000512	0x85	0xA5
SPI [1]	result	0.21119289	0.00000512	0x26	0x5A
SPI [1]	result	0.21426876	0.00000512	0xFF	0xC3
SPI [1]	result	0.21427404	0.00000512	0xFF	0x3C
SPI [1]	result	0.21427932	0.00000512	0x00	0xA5
SPI [1]	result	0.21428460	0.00000512	0x00	0x5A
SPI [1]	result	0.21428988	0.00000512	0x00	0x00
SPI [1]	result	0.21429516	0.00000512	0x00	0x00
SPI [1]	result	0.21430044	0.00000512	0x00	0x00
SPI [1]	result	0.21430572	0.00000512	0x00	0x00
SPI [1]	result	0.21431100	0.00000512	0x00	0x00
SPI [1]	result	0.21431628	0.00000512	0x00	0x00
SPI [1]	result	0.21432156	0.00000512	0x00	0x00
SPI [1]	result	0.21432684	0.00000512	0x00	0x00
SPI [1]	result	0.21433212	0.00000512	0x00	0x00
SPI [1]	result	0.21433740	0.00000512	0x00	0x0C
SPI [1]	result	0.21434268	0.00000512	0x00	0x33
SPI [1]	result	0.21434796	0.00000512	0x00	0xCA
SPI [1]	result	0.21435324	0.00000512	0x00	0x55
SPI [1]	result	0.21435852	0.00000512	0x00	0xA0
SPI [1]	result	0.21436380	0.00000512	0x00	0x00
SPI [1]	result	0.21436908	0.00000512	0x00	0x00
SPI [1]	result	0.21437436	0.00000512	0x00	0x00
SPI [1]	result	0.21437964	0.00000512	0x00	0x00
SPI [1]	result	0.21438492	0.00000512	0x00	0x00
SPI [1]	result	0.21439020	0.00000512	0x00	0x00
SPI [1]	result	0.21439548	0.00000512	0x00	0x00
SPI [1]	result	0.21440076	0.00000512	0x00	0x00
SPI [1]	result	0.21440604	0.00000512	0x00	0x00
SPI [1]	result	0.21441132	0.00000512	0x00	0xC3
SPI [1]	result	0.21441660	0.00000512	0x00	0x3C
SPI [1]	result	0.21442188	0.00000512	0x00	0xA5
SPI [1]	result	0.21442716	0.00000512	0x00	0x5A
SPI [1]	result	0.21443244	0.00000512	0x00	0x00
SPI [1]	result	0.21443772	0.00000512	0x00	0x00
SPI [1]	result	0.21444300	0.00000512	0x00	0x00
SPI [1]	result	0.21444828	0.00000512	0x00	0x00
SPI [1]	result	0.21445356	0.00000512	0x00	0x00
SPI [1]	result	0.21445884	0.00000512	0x00	0x00
SPI [1]	result	0.21446412	0.00000512	0x00	0x00
SPI [1]	result	0.21446940	0.00000512	0x00	0x00
SPI [1]	result	0.21447468	0.00000512	0x00	0x00
SPI [1]	result	0.21447996	0.00000512	0x00	0x0C
SPI [1]	result	0.21448524	0.00000512	0x00	0x33
SPI [1]	result	0.21449052	0.00000512	0x00	0xCA
SPI [1]	result	0.21449580	0.00000512	0x00	0x55
SPI [1]	result	0.21450108	0.00000512	0x00	0xA0
SPI [1]	result	0.21450636	0.00000512	0x00	0x00
SPI [1]	result	0.21451164	0.00000512	0x00	0x00
SPI [1]	result	0.21451692	0.00000512	0x00	0x00
SPI [1]	result	0.21452220	0.00000512	0x00	0x00
SPI [1]	result	0.21452748	0.00000512	0x00	0x00
SPI [1]	result	0.21453276	0.00000512	0x00	0x00
SPI [1]	result	0.21453804	0.00000512	0x00	0x00
SPI [1]	result	0.21454332	0.00000512	0x00	0x00
SPI [1]	result	0.21454860	0.00000512	0x00	0x00
SPI [1]	result	0.21455388	0.00000512	0x00	0xC3
SPI [1]	result	0.21455916	0.00000512	0x00	0x3C
SPI [1]	result	0.21456444	0.00000512	0x00	0xA5
SPI [1]	result	0.21456972	0.00000512	0x00	0x5A
SPI [1]	result	0.21457500	0.00000512	0x00	0x00
SPI [1]	result	0.21458028	0.00000512	0x00	0x00
SPI [1]	result	0.21458556	0.00000512	0x00	0x00
SPI [1]	result	0.21459084	0.00000512	0x00	0x00
SPI [1]	result	0.21459612	0.00000512	0x00	0x00
SPI [1]	result	0.21460140	0.00000512	0x00	0x00
SPI [1]	result	0.21460668	0.00000512	0x00	0x00
SPI [1]	result	0.21461196	0.00000512	0x00	0x00
SPI [1]	result	0.21461724	0.00000512	0x00	0x00
SPI [1]	result	0.21462252	0.00000512	0x00	0x0C
SPI [1]	result	0.21462780	0.00000512	0x00	0x33
SPI [1]	result	0.21463308	0.00000512	0x00	0xCA
SPI [1]	result	0.21463836	0.00000512	0x00	0x55
SPI [1]	result	0.21464364	0.00000512	0x00	0xA0
SPI [1]	result	0.21464892	0.00000512	0x00	0x00
SPI [1]	result	0.21465420	0.00000512	0x00	0x00
SPI [1]	result	0.21465948	0.00000512	0x00	0x00
SPI [1]	result	0.21466476	0.00000512	0x00	0x00
SPI [1]	result	0.21467004	0.00000512	0x00	0x00
SPI [1]	result	0.21467532	0.00000512	0x00	0x00
SPI [1]	result	0.21468060	0.00000512	0x00	0x00
SPI [1]	result	0.21468588	0.00000512	0x00	0x00
SPI [1]	result	0.21469116	0.00000512	0x00	0x00
SPI [1]	result	0.21469644	0.00000512	0x00	0xC3
SPI [1]	result	0.21470172	0.00000512	0x00	0x3C
SPI [1]	result	0.21470700	0.00000512	0x00	0xA5
SPI [1]	result	0.21471228	0.00000512	0x00	0x5A
SPI [1]	result	0.21471756	0.00000512	0x00	0x00
SPI [1]	result	0.21472284	0.00000512	0x00	0x00
SPI [1]	result	0.21472812	0.00000512	0x00	0x00
SPI [1]	result	0.21473340	0.00000512	0x00	0x00
SPI [1]	result	0.21473868	0.00000512	0x00	0x00
SPI [1]	result	0.21474396	0.00000512	0x00	0x00
SPI [1]	result	0.21474924	0.00000512	0x00	0x00
SPI [1]	result	0.21475452	0.00000512	0x00	0x00
SPI [1]	result	0.21475980	0.00000512	0x00	0x00
SPI [1]	result	0.21476508	0.00000512	0x00	0x0C
SPI [1]	result	0.21477036	0.00000512	0x00	0x33
SPI [1]	result	0.21477564	0.00000512	0x00	0xCA
SPI [1]	result	0.21478092	0.00000512	0x00	0x55
SPI [1]	result	0.21478620	0.00000512	0x00	0xA0
SPI [1]	result	0.21479148	0.00000512	0x00	0x00
SPI [1]	result	0.21479676	0.00000512	0x00	0x00
SPI [1]	result	0.21480204	0.00000512	0x00	0x00
SPI [1]	result	0.21480732	0.00000512	0x00	0x00
SPI [1]	result	0.21481260	0.00000512	0x00	0x00
SPI [1]	result	0.21481788	0.00000512	0x00	0x00
SPI [1]	result	0.21482316	0.00000512	0x00	0x00
SPI [1]	result	0.21482844	0.00000512	0x00	0x00
SPI [1]	result	0.21483372	0.00000512	0x00	0x00
SPI [1]	result	0.21483900	0.00000512	0x00	0xC3
SPI [1]	result	0.21484428	0.00000512	0x00	0x3C
SPI [1]	result	0.21484956	0.00000512	0x00	0xA5
SPI [1]	result	0.21485484	0.00000512	0x00	0x5A
SPI [1]	result	0.21486012	0.00000512	0x00	0x00
SPI [1]	result	0.21486540	0.00000512	0x00	0x00
SPI [1]	result	0.21487068	0.00000512	0x00	0x00
SPI [1]	result	0.21487596	0.00000512	0x00	0x00
SPI [1]	result	0.21488124	0.00000512	0x00	0x00
SPI [1]	result	0.21488652	0.00000512	0x00	0x00
SPI [1]	result	0.21489180	0.00000512	0x00	0x00
SPI [1]	result	0.21489708	0.00000512	0x00	0x00
SPI [1]	result	0.21490236	0.00000512	0x00	0x00
SPI [1]	result	0.21490764	0.00000512	0x00	0x0C
SPI [1]	result	0.21491292	0.00000512	0x00	0x33
SPI [1]	result	0.21491820	0.00000512	0x00	0xCA
SPI [1]	result	0.21492348	0.00000512	0x00	0x55
SPI [1]	result	0.21492876	0.00000512	0x00	0xA0
SPI [1]	result	0.21493404	0.00000512	0x00	0x00
SPI [1]	result	0.21493932	0.00000512	0x00	0x00
SPI [1]	result	0.21494460	0.00000512	0x00	0x00
SPI [1]	result	0.21494988	0.00000512	0x00	0x00
SPI [1]	result	0.21495516	0.00000512	0x5A	0x00
SPI [1]	result	0.21808500	0.00000512	0xFF	0xC3
SPI [1]	result	0.21809028	0.00000512	0x00	0x3C
SPI [1]	result	0.21809556	0.00000512	0x00	0xA5
SPI [1]	result	0.21810084	0.00000512	0x00	0x5A
SPI [1]	result	0.21810612	0.00000512	0x00	0x00
SPI [1]	result	0.21811140	0.00000512	0x00	0x00
SPI [1]	result	0.21811668	0.00000512	0x00	0x00
SPI [1]	result	0.21812196	0.00000512	0x00	0x00
SPI [1]	result	0.21812724	0.00000512	0x00	0x00
SPI [1]	result	0.21813252	0.00000512	0x00	0x00
SPI [1]	result	0.21813780	0.00000512	0x00	0x00
SPI [1]	result	0.21814308	0.00000512	0x00	0x00
SPI [1]	result	0.21814836	0.00000512	0x00	0x00
SPI [1]	result	0.21815364	0.00000512	0x00	0x0C
SPI [1]	result	0.21815892	0.00000512	0x00	0x33
SPI [1]	result	0.21816420	0.00000512	0x00	0xCA
SPI [1]	result	0.21816948	0.00000512	0x00	0x55
SPI [1]	result	0.21817476	0.00000512	0x00	0xA0
SPI [1]	result	0.21818004	0.00000512	0x00	0x00
SPI [1]	result	0.21818532	0.00000512	0x00	0x00
SPI [1]	result	0.21819060	0.00000512	0x00	0x00
SPI [1]	result	0.21819588	0.00000512	0x00	0x00
SPI [1]	result	0.21820116	0.00000512	0x00	0x00
SPI [1]	result	0.21820644	0.00000512	0x00	0x00
SPI [1]	result	0.21821172	0.00000512	0x00	0x00
SPI [1]	result	0.21821700	0.00000512	0x00	0x00
SPI [1]	result	0.21822228	0.00000512	0x00	0x00
SPI [1]	result	0.21822756	0.00000512	0x00	0xC3
SPI [1]	result	0.21823284	0.00000512	0x00	0x3C
SPI [1]	result	0.21823812	0.00000512	0x00	0xA5
SPI [1]	result	0.21824340	0.00000512	0x00	0x5A
SPI [1]	result	0.21824868	0.00000512	0x00	0x00
SPI [1]	result	0.21825396	0.00000512	0x00	0x00
SPI [1]	result	0.21825924	0.00000512	0x00	0x00
SPI [1]	result	0.21826452	0.00000512	0x00	0x00
SPI [1]	result	0.21826980	0.00000512	0x00	0x00
SPI [1]	result	0.21827508	0.00000512	0x00	0x00
SPI [1]	result	0.21828036	0.00000512	0x00	0x00
SPI [1]	result	0.21828564	0.00000512	0x00	0x00
SPI [1]	result	0.21829092	0.00000512	0x00	0x00
SPI [1]	result	0.21829620	0.00000512	0x00	0x0C
SPI [1]	result	0.21830148	0.00000512	0x00	0x33
SPI [1]	result	0.21830676	0.00000512	0x00	0xCA
SPI [1]	result	0.21831204	0.00000512	0x00	0x55
SPI [1]	result	0.21831732	0.00000512	0x00	0xA0
SPI [1]	result	0.21832260	0.00000512	0x00	0x00
SPI [1]	result	0.21832788	0.00000512	0x00	0x00
SPI [1]	result	0.21833316	0.00000512	0x00	0x00
SPI [1]	result	0.21833844	0.00000512	0x00	0x00
SPI [1]	result	0.21834372	0.00000512	0x00	0x00
SPI [1]	result	0.21834900	0.00000512	0x00	0x00
SPI [1]	result	0.21835428	0.00000512	0x00	0x00
SPI [1]	result	0.21835956	0.00000512	0x00	0x00
SPI [1]	result	0.21836484	0.00000512	0x00	0x00
SPI [1]	result	0.21837012	0.00000512	0x00	0xC3
SPI [1]	result	0.21837540	0.00000512	0x00	0x3C
SPI [1]	result	0.21838068	0.00000512	0x00	0xA5
SPI [1]	result	0.21838596	0.00000512	0x00	0x5A
SPI [1]	result	0.21839124	0.00000512	0x00	0x00
SPI [1]	result	0.21839652	0.00000512	0x00	0x00
SPI [1]	result	0.21840180	0.00000512	0x00	0x00
SPI [1]	result	0.21840708	0.00000512	0x00	0x00
SPI [1]	result	0.21841236	0.00000512	0x00	0x00
SPI [1]	result	0.21841764	0.00000512	0x00	0x00
SPI [1]	result	0.21842292	0.00000512	0x00	0x00
SPI [1]	result	0.21842820	0.00000512	0x00	0x00
SPI [1]	result	0.21843348	0.00000512	0x00	0x00
SPI [1]	result	0.21843876	0.00000512	0x00	0x0C
SPI [1]	result	0.21844404	0.00000512	0x00	0x33
SPI [1]	result	0.21844932	0.00000512	0x00	0xCA
SPI [1]	result	0.21845460	0.00000512	0x00	0x55
SPI [1]	result	0.21845988	0.00000512	0x00	0xA0
SPI [1]	result	0.21846516	0.00000512	0x00	0x00
SPI [1]	result	0.21847044	0.00000512	0x00	0x00
SPI [1]	result	0.21847572	0.00000512	0x00	0x00
SPI [1]	result	0.21848100	0.00000512	0x00	0x00
SPI [1]	result	0.21848628	0.00000512	0x00	0x00
SPI [1]	result	0.21849156	0.00000512	0x00	0x00
SPI [1]	result	0.21849684	0.00000512	0x00	0x00
SPI [1]	result	0.21850212	0.00000512	0x00	0x00
SPI [1]	result	0.21850740	0.00000512	0x00	0x00
SPI [1]	result	0.21851268	0.00000512	0x00	0xC3
SPI [1]	result	0.21851796	0.00000512	0x00	0x3C
SPI [1]	result	0.21852324	0.00000512	0x00	0xA5
SPI [1]	result	0.21852852	0.00000512	0x00	0x5A
SPI [1]	result	0.21853380	0.00000512	0x00	0x00
SPI [1]	result	0.21853908	0.00000512	0x00	0x00
SPI [1]	result	0.21854436	0.00000512	0x00	0x00
SPI [1]	result	0.21854964	0.00000512	0x00	0x00
SPI [1]	result	0.21855492	0.00000512	0x00	0x00
SPI [1]	result	0.21856020	0.00000512	0x00	0x00
SPI [1]	result	0.21856548	0.00000512	0x00	0x00
SPI [1]	result	0.21857076	0.00000512	0x00	0x00
SPI [1]	result	0.21857604	0.00000512	0x00	0x00
SPI [1]	result	0.21858132	0.00000512	0x00	0x0C
SPI [1]	result	0.21858660	0.00000512	0x00	0x33
SPI [1]	result	0.21859188	0.00000512	0x00	0xCA
SPI [1]	result	0.21859716	0.00000512	0x00	0x55
SPI [1]	result	0.21860244	0.00000512	0x00	0xA0
SPI [1]	result	0.21860772	0.00000512	0x00	0x00
SPI [1]	result	0.21861300	0.00000512	0x00	0x00
SPI [1]	result	0.21861828	0.00000512	0x00	0x00
SPI [1]	result	0.21862356	0.00000512	0x00	0x00
SPI [1]	result	0.21862884	0.00000512	0x00	0x00
SPI [1]	result	0.21863412	0.00000512	0x00	0x00
SPI [1]	result	0.21863940	0.00000512	0x00	0x00
SPI [1]	result	0.21864468	0.00000512	0x00	0x00
SPI [1]	result	0.21864996	0.00000512	0x00	0x00
SPI [1]	result	0.21865524	0.00000512	0x00	0xC3
SPI [1]	result	0.21866052	0.00000512	0x00	0x3C
SPI [1]	result	0.21866580	0.00000512	0x00	0xA5
SPI [1]	result	0.21867108	0.00000512	0x00	0x5A
SPI [1]	result	0.21867636	0.00000512	0x00	0x00
SPI [1]	result	0.21868164	0.00000512	0x00	0x00
SPI [1]	result	0.21868692	0.00000512	0x00	0x00
SPI [1]	result	0.21869220	0.00000512	0x00	0x00
SPI [1]	result	0.21869748	0.00000512	0x00	0x00
SPI [1]	result	0.21870276	0.00000512	0x00	0x00
SPI [1]	result	0.21870804	0.00000512	0x00	0x00
SPI [1]	result	0.21871332	0.00000512	0x00	0x00
SPI [1]	result	0.21871860	0.00000512	0x00	0x00
SPI [1]	result	0.21872388	0.00000512	0x00	0x0C
SPI [1]	result	0.21872916	0.00000512	0x00	0x33
SPI [1]	result	0.21873444	0.00000512	0x00	0xCA
SPI [1]	result	0.21873972	0.00000512	0x00	0x55
SPI [1]	result	0.21874500	0.00000512	0x00	0xA0
SPI [1]	result	0.21875028	0.00000512	0x00	0x00
SPI [1]	result	0.21875556	0.00000512	0x00	0x00
SPI [1]	result	0.21876084	0.00000512	0x00	0x00
SPI [1]	result	0.21876612	0.00000512	0x00	0x00
SPI [1]	result	0.21877140	0.00000512	0x5A	0x00
SPI [1]	result	0.22192112	0.00000512	0xB8	0xC3
SPI [1]	result	0.22192640	0.00000512	0x01	0x3C
SPI [1]	result	0.22193168	0.00000512	0x06	0xA5
SPI [1]	result	0.22193696	0.00000512	0x26	0x5A
SPI [1]	result	0.22272296	0.00000512	0x0B	0xC3
SPI [1]	result	0.22272824	0.00000512	0x10	0x3C
SPI [1]	result	0.22273352	0.00000512	0x80	0xA5
SPI [1]	result	0.22273880	0.00000512	0x3A	0x5A
SPI [1]	result	0.22328799	0.00000512	0x00	0xC3
SPI [1]	result	0.22329327	0.00000512	0x00	0x3C
SPI [1]	result	0.22329855	0.00000512	0x05	0xA5
SPI [1]	result	0.22330383	0.00000512	0x56	0x5A
SPI [1]	result	0.22407877	0.00000512	0x0C	0xC3
SPI [1]	result	0.22408405	0.00000512	0x00	0x3C
SPI [1]	result	0.22408933	0.00000512	0x86	0xA5
SPI [1]	result	0.22409461	0.00000512	0x0A	0x5A
SPI [1]	result	0.22466292	0.00000512	0x00	0xC3
SPI [1]	result	0.22466820	0.00000512	0x00	0x3C
SPI [1]	result	0.22467348	0.00000512	0x00	0xA5
SPI [1]	result	0.22467876	0.00000512	0x00	0x5A
SPI [1]	result	0.22523791	0.00000512	0x08	0x00
SPI [1]	result	0.22524319	0.00000512	0x00	0x00
SPI [1]	result	0.22524847	0.00000512	0x85	0x00
SPI [1]	result	0.22525375	0.00000512	0x68	0x03
SPI [1]	result	0.22833893	0.00000512	0x00	0xC3
SPI [1]	result	0.22834421	0.00000512	0x00	0x3C
SPI [1]	result	0.22834949	0.00000512	0x53	0xA5
SPI [1]	result	0.22835477	0.00000512	0x50	0x5A
SPI [1]	result	0.22836005	0.00000512	0x58	0x00
SPI [1]	result	0.22836533	0.00000512	0x31	0x00
SPI [1]	result	0.22837061	0.00000512	0x00	0x00
SPI [1]	result	0.22837589	0.00000512	0x00	0x00
SPI [1]	result	0.22838117	0.00000512	0x00	0x00
SPI [1]	result	0.22838645	0.00000512	0x00	0x00
SPI [1]	result	0.22839173	0.00000512	0x00	0x00
SPI [1]	result	0.22839701	0.00000512	0x00	0x00
SPI [1]	result	0.22840229	0.00000512	0x47	0x00
SPI [1]	result	0.22840757	0.00000512	0x46	0x0C
SPI [1]	result	0.22841285	0.00000512	0x58	0x33
SPI [1]	result	0.22841813	0.00000512	0x20	0xCA
SPI [1]	result	0.22842341	0.00000512	0x35	0x55
SPI [1]	result	0.22842869	0.00000512	0x30	0xA0
SPI [1]	result	0.22843397	0.00000512	0x53	0x00
SPI [1]	result	0.22843925	0.00000512	0x00	0x00
SPI [1]	result	0.22844453	0.00000512	0x00	0x00
SPI [1]	result	0.22844981	0.00000512	0x00	0x00
SPI [1]	result	0.22845509	0.00000512	0x00	0x00
SPI [1]	result	0.22846037	0.00000512	0x00	0x00
SPI [1]	result	0.22846565	0.00000512	0x00	0x00
SPI [1]	result	0.22847093	0.00000512	0x00	0x00
SPI [1]	result	0.22847621	0.00000512	0x00	0x00
SPI [1]	result	0.22848149	0.00000512	0x00	0xC3
SPI [1]	result	0.22848677	0.00000512	0x00	0x3C
SPI [1]	result	0.22849205	0.00000512	0x00	0xA5
SPI [1]	result	0.22849733	0.00000512	0x00	0x5A
SPI [1]	result	0.22850261	0.00000512	0x00	0x00
SPI [1]	result	0.22850789	0.00000512	0x47	0x00
SPI [1]	result	0.22851317	0.00000512	0x46	0x00
SPI [1]	result	0.22851845	0.00000512	0x58	0x00
SPI [1]	result	0.22852373	0.00000512	0x20	0x00
SPI [1]	result	0.22852901	0.00000512	0x35	0x00
SPI [1]	result	0.22853429	0.00000512	0x30	0x00
SPI [1]	result	0.22853957	0.00000512	0x53	0x00
SPI [1]	result	0.22854485	0.00000512	0x00	0x00
SPI [1]	result	0.22855013	0.00000512	0x00	0x0C
SPI [1]	result	0.22855541	0.00000512	0x00	0x33
SPI [1]	result	0.22856069	0.00000512	0x00	0xCA
SPI [1]	result	0.22856597	0.00000512	0x00	0x55
SPI [1]	result	0.22857125	0.00000512	0x00	0xA0
SPI [1]	result	0.22857653	0.00000512	0x00	0x00
SPI [1]	result	0.22858181	0.00000512	0x00	0x00
SPI [1]	result	0.22858709	0.00000512	0x35	0x00
SPI [1]	result	0.22859237	0.00000512	0x39	0x00
SPI [1]	result	0.22859765	0.00000512	0x33	0x00
SPI [1]	result	0.22860293	0.00000512	0x35	0x00
SPI [1]	result	0.22860821	0.00000512	0x33	0x00
SPI [1]	result	0.22861349	0.00000512	0x33	0x00
SPI [1]	result	0.22861877	0.00000512	0x33	0x00
SPI [1]	result	0.22862405	0.00000512	0x31	0xC3
SPI [1]	result	0.22862933	0.00000512	0x33	0x3C
SPI [1]	result	0.22863461	0.00000512	0x36	0xA5
SPI [1]	result	0.22863989	0.00000512	0x33	0x5A
SPI [1]	result	0.22864517	0.00000512	0x31	0x00
SPI [1]	result	0.22865045	0.00000512	0x31	0x00
SPI [1]	result	0.22865573	0.00000512	0x37	0x00
SPI [1]	result	0.22866101	0.00000512	0x30	0x00
SPI [1]	result	0.22866629	0.00000512	0x32	0x00
SPI [1]	result	0.22867157	0.00000512	0x31	0x00
SPI [1]	result	0.22867685	0.00000512	0x36	0x00
SPI [1]	result	0.22868213	0.00000512	0x37	0x00
SPI [1]	result	0.22868741	0.00000512	0x30	0x00
SPI [1]	result	0.22869269	0.00000512	0x32	0x0C
SPI [1]	result	0.22869797	0.00000512	0x30	0x33
SPI [1]	result	0.22870325	0.00000512	0x31	0xCA
SPI [1]	result	0.22870853	0.00000512	0x30	0x55
SPI [1]	result	0.22871381	0.00000512	0x31	0xA0
SPI [1]	result	0.22871909	0.00000512	0x31	0x00
SPI [1]	result	0.22872437	0.00000512	0x30	0x00
SPI [1]	result	0.22872965	0.00000512	0x36	0x00
SPI [1]	result	0.22873493	0.00000512	0x39	0x00
SPI [1]	result	0.22874021	0.00000512	0x41	0x00
SPI [1]	result	0.22874549	0.00000512	0x04	0x00
SPI [1]	result	0.22875077	0.00000512	0x20	0x00
SPI [1]	result	0.22875605	0.00000512	0x02	0x00
SPI [1]	result	0.22876133	0.00000512	0x16	0x00
SPI [1]	result	0.22876661	0.00000512	0x01	0xC3
SPI [1]	result	0.22877189	0.00000512	0x00	0x3C
SPI [1]	result	0.22877717	0.00000512	0x01	0xA5
SPI [1]	result	0.22878245	0.00000512	0x00	0x5A
SPI [1]	result	0.22878773	0.00000512	0x01	0x00
SPI [1]	result	0.22879301	0.00000512	0x00	0x00
SPI [1]	result	0.22879829	0.00000512	0x00	0x00
SPI [1]	result	0.22880357	0.00000512	0x00	0x00
SPI [1]	result	0.22880885	0.00000512	0x00	0x00
SPI [1]	result	0.22881413	0.00000512	0x00	0x00
SPI [1]	result	0.22881941	0.00000512	0x00	0x00
SPI [1]	result	0.22882469	0.00000512	0x00	0x00
SPI [1]	result	0.22882997	0.00000512	0x00	0x00
SPI [1]	result	0.22883525	0.00000512	0x00	0x0C
SPI [1]	result	0.22884053	0.00000512	0x00	0x33
SPI [1]	result	0.22884581	0.00000512	0x00	0xCA
SPI [1]	result	0.22885109	0.00000512	0x00	0x55
SPI [1]	result	0.22885637	0.00000512	0x00	0xA0
SPI [1]	result	0.22886165	0.00000512	0x00	0x00
SPI [1]	result	0.22886693	0.00000512	0x00	0x00
SPI [1]	result	0.22887221	0.00000512	0x00	0x00
SPI [1]	result	0.22887749	0.00000512	0x00	0x00
SPI [1]	result	0.22888277	0.00000512	0x00	0x00
SPI [1]	result	0.22888805	0.00000512	0x00	0x00
SPI [1]	result	0.22889333	0.00000512	0x00	0x00
SPI [1]	result	0.22889861	0.00000512	0x00	0x00
SPI [1]	result	0.22890389	0.00000512	0x00	0x00
SPI [1]	result	0.22890917	0.00000512	0x00	0xC3
SPI [1]	result	0.22891445	0.00000512	0x00	0x3C
SPI [1]	result	0.22891973	0.00000512	0x00	0xA5
SPI [1]	result	0.22892501	0.00000512	0x00	0x5A
SPI [1]	result	0.22893029	0.00000512	0x00	0x00
SPI [1]	result	0.22893557	0.00000512	0x00	0x00
SPI [1]	result	0.22894085	0.00000512	0x00	0x00
SPI [1]	result	0.22894613	0.00000512	0x00	0x00
SPI [1]	result	0.22895141	0.00000512	0x00	0x00
SPI [1]	result	0.22895669	0.00000512	0x00	0x00
SPI [1]	result	0.22896197	0.00000512	0x00	0x00
SPI [1]	result	0.22896725	0.00000512	0x00	0x00
SPI [1]	result	0.22897253	0.00000512	0x00	0x00
SPI [1]	result	0.22897781	0.00000512	0x00	0x0C
SPI [1]	result	0.22898309	0.00000512	0x00	0x33
SPI [1]	result	0.22898837	0.00000512	0x00	0xCA
SPI [1]	result	0.22899365	0.00000512	0x00	0x55
SPI [1]	result	0.22899893	0.00000512	0x00	0xA0
SPI [1]	result	0.22900421	0.00000512	0x00	0x00
SPI [1]	result	0.22900949	0.00000512	0x00	0x00
SPI [1]	result	0.22901477	0.00000512	0x00	0x00
SPI [1]	result	0.22902005	0.00000512	0x00	0x00
SPI [1]	result	0.22902533	0.00000512	0xEF	0x00
SPI [1]	result	0.23214941	0.00000512	0xFF	0xC3
SPI [1]	result	0.23215469	0.00000512	0xFF	0x3C
SPI [1]	result	0.23215997	0.00000512	0x53	0xA5
SPI [1]	result	0.23216525	0.00000512	0x50	0x5A
SPI [1]	result	0.23217053	0.00000512	0x58	0x00
SPI [1]	result	0.23217581	0.00000512	0x31	0x00
SPI [1]	result	0.23218109	0.00000512	0x00	0x00
SPI [1]	result	0.23218637	0.00000512	0x00	0x00
SPI [1]	result	0.23219165	0.00000512	0x00	0x00
SPI [1]	result	0.23219693	0.00000512	0x00	0x00
SPI [1]	result	0.23220221	0.00000512	0x00	0x00
SPI [1]	result	0.23220749	0.00000512	0x00	0x00
SPI [1]	result	0.23221277	0.00000512	0x47	0x00
SPI [1]	result	0.23221805	0.00000512	0x46	0x0C
SPI [1]	result	0.23222333	0.00000512	0x58	0x33
SPI [1]	result	0.23222861	0.00000512	0x20	0xCA
SPI [1]	result	0.23223389	0.00000512	0x35	0x55
SPI [1]	result	0.23223917	0.00000512	0x30	0xA0
SPI [1]	result	0.23224445	0.00000512	0x53	0x00
SPI [1]	result	0.23224973	0.00000512	0x00	0x00
SPI [1]	result	0.23225501	0.00000512	0x00	0x00
SPI [1]	result	0.23226029	0.00000512	0x00	0x00
SPI [1]	result	0.23226557	0.00000512	0x00	0x00
SPI [1]	result	0.23227085	0.00000512	0x00	0x00
SPI [1]	result	0.23227613	0.00000512	0x00	0x00
SPI [1]	result	0.23228141	0.00000512	0x00	0x00
SPI [1]	result	0.23228669	0.00000512	0x00	0x00
SPI [1]	result	0.23229197	0.00000512	0x00	0xC3
SPI [1]	result	0.23229725	0.00000512	0x00	0x3C
SPI [1]	result	0.23230253	0.00000512	0x00	0xA5
SPI [1]	result	0.23230781	0.00000512	0x00	0x5A
SPI [1]	result	0.23231309	0.00000512	0x00	0x00
SPI [1]	result	0.23231837	0.00000512	0x47	0x00
SPI [1]	result	0.23232365	0.00000512	0x46	0x00
SPI [1]	result	0.23232893	0.00000512	0x58	0x00
SPI [1]	result	0.23233421	0.00000512	0x20	0x00
SPI [1]	result	0.23233949	0.00000512	0x35	0x00
SPI [1]	result	0.23234477	0.00000512	0x30	0x00
SPI [1]	result	0.23235005	0.00000512	0x53	0x00
SPI [1]	result	0.23235533	0.00000512	0x00	0x00
SPI [1]	result	0.23236061	0.00000512	0x00	0x0C
SPI [1]	result	0.23236589	0.00000512	0x00	0x33
SPI [1]	result	0.23237117	0.00000512	0x00	0xCA
SPI [1]	result	0.23237645	0.00000512	0x00	0x55
SPI [1]	result	0.23238173	0.00000512	0x00	0xA0
SPI [1]	result	0.23238701	0.00000512	0x00	0x00
SPI [1]	result	0.23239229	0.00000512	0x00	0x00
SPI [1]	result	0.23239757	0.00000512	0x35	0x00
SPI [1]	result	0.23240285	0.00000512	0x39	0x00
SPI [1]	result	0.23240813	0.00000512	0x33	0x00
SPI [1]	result	0.23241341	0.00000512	0x35	0x00
SPI [1]	result	0.23241869	0.00000512	0x33	0x00
SPI [1]	result	0.23242397	0.00000512	0x33	0x00
SPI [1]	result	0.23242925	0.00000512	0x33	0x00
SPI [1]	result	0.23243453	0.00000512	0x31	0xC3
SPI [1]	result	0.23243981	0.00000512	0x33	0x3C
SPI [1]	result	0.23244509	0.00000512	0x36	0xA5
SPI [1]	result	0.23245037	0.00000512	0x33	0x5A
SPI [1]	result	0.23245565	0.00000512	0x31	0x00
SPI [1]	result	0.23246093	0.00000512	0x31	0x00
SPI [1]	result	0.23246621	0.00000512	0x37	0x00
SPI [1]	result	0.23247149	0.00000512	0x30	0x00
SPI [1]	result	0.23247677	0.00000512	0x32	0x00
SPI [1]	result	0.23248205	0.00000512	0x31	0x00
SPI [1]	result	0.23248733	0.00000512	0x36	0x00
SPI [1]	result	0.23249261	0.00000512	0x37	0x00
SPI [1]	result	0.23249789	0.00000512	0x30	0x00
SPI [1]	result	0.23250317	0.00000512	0x32	0x0C
SPI [1]	result	0.23250845	0.00000512	0x30	0x33
SPI [1]	result	0.23251373	0.00000512	0x31	0xCA
SPI [1]	result	0.23251901	0.00000512	0x30	0x55
SPI [1]	result	0.23252429	0.00000512	0x31	0xA0
SPI [1]	result	0.23252957	0.00000512	0x31	0x00
SPI [1]	result	0.23253485	0.00000512	0x30	0x00
SPI [1]	result	0.23254013	0.00000512	0x36	0x00
SPI [1]	result	0.23254541	0.00000512	0x39	0x00
SPI [1]	result	0.23255069	0.00000512	0x41	0x00
SPI [1]	result	0.23255597	0.00000512	0x04	0x00
SPI [1]	result	0.23256125	0.00000512	0x20	0x00
SPI [1]	result	0.23256653	0.00000512	0x02	0x00
SPI [1]	result	0.23257181	0.00000512	0x16	0x00
SPI [1]	result	0.23257709	0.00000512	0x01	0xC3
SPI [1]	result	0.23258237	0.00000512	0x00	0x3C
SPI [1]	result	0.23258765	0.00000512	0x01	0xA5
SPI [1]	result	0.23259293	0.00000512	0x00	0x5A
SPI [1]	result	0.23259821	0.00000512	0x01	0x00
SPI [1]	result	0.23260349	0.00000512	0x00	0x00
SPI [1]	result	0.23260877	0.00000512	0x00	0x00
SPI [1]	result	0.23261405	0.00000512	0x00	0x00
SPI [1]	result	0.23261933	0.00000512	0x00	0x00
SPI [1]	result	0.23262461	0.00000512	0x00	0x00
SPI [1]	result	0.23262989	0.00000512	0x00	0x00
SPI [1]	result	0.23263517	0.00000512	0x00	0x00
SPI [1]	result	0.23264045	0.00000512	0x00	0x00
SPI [1]	result	0.23264573	0.00000512	0x00	0x0C
SPI [1]	result	0.23265101	0.00000512	0x00	0x33
SPI [1]	result	0.23265629	0.00000512	0x00	0xCA
SPI [1]	result	0.23266157	0.00000512	0x00	0x55
SPI [1]	result	0.23266685	0.00000512	0x00	0xA0
SPI [1]	result	0.23267213	0.00000512	0x00	0x00
SPI [1]	result	0.23267741	0.00000512	0x00	0x00
SPI [1]	result	0.23268269	0.00000512	0x00	0x00
SPI [1]	result	0.23268797	0.00000512	0x00	0x00
SPI [1]	result	0.23269325	0.00000512	0x00	0x00
SPI [1]	result	0.23269853	0.00000512	0x00	0x00
SPI [1]	result	0.23270381	0.00000512	0x00	0x00
SPI [1]	result	0.23270909	0.00000512	0x00	0x00
SPI [1]	result	0.23271437	0.00000512	0x00	0x00
SPI [1]	result	0.23271965	0.00000512	0x00	0xC3
SPI [1]	result	0.23272493	0.00000512	0x00	0x3C
SPI [1]	result	0.23273021	0.00000512	0x00	0xA5
SPI [1]	result	0.23273549	0.00000512	0x00	0x5A
SPI [1]	result	0.23274077	0.00000512	0x00	0x00
SPI [1]	result	0.23274605	0.00000512	0x00	0x00
SPI [1]	result	0.23275133	0.00000512	0x00	0x00
SPI [1]	result	0.23275661	0.00000512	0x00	0x00
SPI [1]	result	0.23276189	0.00000512	0x00	0x00
SPI [1]	result	0.23276717	0.00000512	0x00	0x00
SPI [1]	result	0.23277245	0.00000512	0x00	0x00
SPI [1]	result	0.23277773	0.00000512	0x00	0x00
SPI [1]	result	0.23278301	0.00000512	0x00	0x00
SPI [1]	result	0.23278829	0.00000512	0x00	0x0C
SPI [1]	result	0.23279357	0.00000512	0x00	0x33
SPI [1]	result	0.23279885	0.00000512	0x00	0xCA
SPI [1]	result	0.23280413	0.00000512	0x00	0x55
SPI [1]	result	0.23280941	0.00000512	0x00	0xA0
SPI [1]	result	0.23281469	0.00000512	0x00	0x00
SPI [1]	result	0.23281997	0.00000512	0x00	0x00
SPI [1]	result	0.23282525	0.00000512	0x00	0x00
SPI [1]	result	0.23283053	0.00000512	0x00	0x00
SPI [1]	result	0.23283581	0.00000512	0xED	0x00
SPI [1]	result	0.23596407	0.00000512	0x00	0xC3
SPI [1]	result	0.23596935	0.00000512	0x00	0x3C
SPI [1]	result	0.23597463	0.00000512	0x05	0xA5
SPI [1]	result	0.23597991	0.00000512	0x96	0x5A
SPI [1]	result	0.23677122	0.00000512	0x0D	0xC3
SPI [1]	result	0.23677650	0.00000512	0x10	0x3C
SPI [1]	result	0.23678178	0.00000512	0x80	0xA5
SPI [1]	result	0.23678706	0.00000512	0x0A	0x5A
SPI [1]	result	0.23733798	0.00000512	0x00	0xC3
SPI [1]	result	0.23734326	0.00000512	0x00	0x3C
SPI [1]	result	0.23734854	0.00000512	0x00	0xA5
SPI [1]	result	0.23735382	0.00000512	0x00	0x5A
SPI [1]	result	0.23791498	0.00000512	0x08	0xC3
SPI [1]	result	0.23792026	0.00000512	0x00	0x3C
SPI [1]	result	0.23792554	0.00000512	0x85	0xA5
SPI [1]	result	0.23793082	0.00000512	0xA8	0x5A
SPI [1]	result	0.23850495	0.00000512	0x00	0xC3
SPI [1]	result	0.23851023	0.00000512	0x00	0x3C
SPI [1]	result	0.23851551	0.00000512	0x08	0xA5
SPI [1]	result	0.23852079	0.00000512	0x20	0x5A
SPI [1]	result	0.23929974	0.00000512	0x0E	0xC3
SPI [1]	result	0.23930502	0.00000512	0x10	0x3C
SPI [1]	result	0.23931030	0.00000512	0x80	0xA5
SPI [1]	result	0.23931558	0.00000512	0x12	0x5A
SPI [1]	result	0.23987087	0.00000512	0x00	0xC3
SPI [1]	result	0.23987615	0.00000512	0x00	0x3C
SPI [1]	result	0.23988143	0.00000512	0x00	0xA5
SPI [1]	result	0.23988671	0.00000512	0x00	0x5A
SPI [1]	result	0.24044371	0.00000512	0x08	0xC3
SPI [1]	result	0.24044899	0.00000512	0x00	0x3C
SPI [1]	result	0.24045427	0.00000512	0x88	0xA5
SPI [1]	result	0.24045955	0.00000512	0x32	0x5A
SPI [1]	result	0.24104171	0.00000512	0x00	0xC3
SPI [1]	result	0.24104699	0.00000512	0x00	0x3C
SPI [1]	result	0.24105227	0.00000512	0x0C	0xA5
SPI [1]	result	0.24105755	0.00000512	0x30	0x5A
SPI [1]	result	0.24183692	0.00000512	0x0F	0xC3
SPI [1]	result	0.24184220	0.00000512	0x10	0x3C
SPI [1]	result	0.24184748	0.00000512	0x80	0xA5
SPI [1]	result	0.24185276	0.00000512	0x1A	0x5A
SPI [1]	result	0.24240677	0.00000512	0x00	0xC3
SPI [1]	result	0.24241205	0.00000512	0x00	0x3C
SPI [1]	result	0.24241733	0.00000512	0x0C	0xA5
SPI [1]	result	0.24242261	0.00000512	0x72	0x5A
SPI [1]	result	0.24319888	0.00000512	0x08	0xC3
SPI [1]	result	0.24320416	0.00000512	0x00	0x3C
SPI [1]	result	0.24320944	0.00000512	0x8C	0xA4
SPI [1]	result	0.24321472	0.00000512	0x02	0x00
SPI [1]	result	0.24379183	0.00000512	0x00	0xC3
SPI [1]	result	0.24379711	0.00000512	0x00	0x3C
SPI [1]	result	0.24380239	0.00000512	0x00	0xA5
SPI [1]	result	0.24380767	0.00000512	0x00	0x5A
SPI [1]	result	0.24436783	0.00000512	0x08	0xC3
SPI [1]	result	0.24437311	0.00000512	0x00	0x3C
SPI [1]	result	0.24437839	0.00000512	0x8C	0xA5
SPI [1]	result	0.24438367	0.00000512	0x44	0x5A
SPI [1]	result	0.27951412	0.00000512	0x00	0x00
SPI [1]	result	0.27951940	0.00000512	0x00	0x00
SPI [1]	result	0.27952468	0.00000512	0x08	0x00
SPI [1]	result	0.27952996	0.00000512	0x20	0x3F
SPI [1]	result	0.28030381	0.00000512	0x09	0x0F
SPI [1]	result	0.28030909	0.00000512	0x10	0xFF
SPI [1]	result	0.28031437	0.00000512	0x80	0xFF
SPI [1]	result	0.28031965	0.00000512	0x2A	0xFF
SPI [1]	result	0.28087768	0.00000512	0x00	0xFF
SPI [1]	result	0.28088296	0.00000512	0x00	0xFF
SPI [1]	result	0.28088824	0.00000512	0x00	0xFF
SPI [1]	result	0.28089352	0.00000512	0x00	0xFF
SPI [1]	result	0.28144285	0.00000512	0x08	0xFF
SPI [1]	result	0.28144813	0.00000512	0x00	0xFF
SPI [1]	result	0.28145341	0.00000512	0x88	0xFF
SPI [1]	result	0.28145869	0.00000512	0x32	0xFF
SPI [1]	result	0.34202882	0.00000512	0x00	0x00
SPI [1]	result	0.34203410	0.00000512	0x00	0x00
SPI [1]	result	0.34203938	0.00000512	0x08	0x00
SPI [1]	result	0.34204466	0.00000512	0x20	0x3F
SPI [1]	result	0.34250669	0.00000512	0x0A	0x0F
SPI [1]	result	0.34251197	0.00000512	0x10	0xFF
SPI [1]	result	0.34251725	0.00000512	0x80	0xFF
SPI [1]	result	0.34252253	0.00000512	0x32	0xFF
SPI [1]	result	0.34279084	0.00000512	0x00	0xFF
SPI [1]	result	0.34279612	0.00000512	0x00	0xFF
SPI [1]	result	0.34280140	0.00000512	0x00	0xFF
SPI [1]	result	0.34280668	0.00000512	0x00	0xFF
SPI [1]	result	0.34307086	0.00000512	0x08	0xFF
SPI [1]	result	0.34307614	0.00000512	0x00	0xFF
SPI [1]	result	0.34308142	0.00000512	0x88	0xFF
SPI [1]	result	0.34308670	0.00000512	0x32	0xFF
SPI [1]	result	0.35689208	0.00000512	0x00	0xC7
SPI [1]	result	0.35689736	0.00000512	0x00	0x90
SPI [1]	result	0.35690264	0.00000512	0x20	0x3F
SPI [1]	result	0.35690792	0.00000512	0x04	0xFF
SPI [1]	result	0.35738684	0.00000512	0x0B	0xFF
SPI [1]	result	0.35739212	0.00000512	0x10	0xFF
SPI [1]	result	0.35739740	0.00000512	0x80	0xFF
SPI [1]	result	0.35740268	0.00000512	0x3A	0xFF
SPI [1]	result	0.35769368	0.00000512	0x00	0xFF
SPI [1]	result	0.35769896	0.00000512	0x00	0xFF
SPI [1]	result	0.35770424	0.00000512	0x3F	0xFF
SPI [1]	result	0.35770952	0.00000512	0xC6	0xFF
SPI [1]	result	0.35818781	0.00000512	0x0C	0xFF
SPI [1]	result	0.35819309	0.00000512	0x00	0xFF
SPI [1]	result	0.35819837	0.00000512	0xA0	0xFF
SPI [1]	result	0.35820365	0.00000512	0x36	0xFF
SPI [1]	result	0.35848972	0.00000512	0x00	0xFF
SPI [1]	result	0.35849500	0.00000512	0x00	0xFF
SPI [1]	result	0.35850028	0.00000512	0x00	0xFF
SPI [1]	result	0.35850556	0.00000512	0x00	0xFF
SPI [1]	result	0.35877097	0.00000512	0x08	0xFF
SPI [1]	result	0.35877625	0.00000512	0x00	0xFF
SPI [1]	result	0.35878153	0.00000512	0xBF	0xFF
SPI [1]	result	0.35878681	0.00000512	0xD8	0xFF
SPI [1]	result	0.35906012	0.00000512	0x00	0xFF
SPI [1]	result	0.35906540	0.00000512	0x02	0xFF
SPI [1]	result	0.35907068	0.00000512	0x2A	0xFF
SPI [1]	result	0.35907596	0.00000512	0x2E	0xFF
SPI [1]	result	0.35992822	0.00000512	0x0D	0xFF
SPI [1]	result	0.35993350	0.00000512	0x10	0xFF
SPI [1]	result	0.35993878	0.00000512	0x80	0xFF
SPI [1]	result	0.35994406	0.00000512	0x0A	0xFF
SPI [1]	result	0.36005539	0.00000512	0x00	0xFF
SPI [1]	result	0.36006067	0.00000512	0x00	0xFF
SPI [1]	result	0.36006595	0.00000512	0x3F	0xFF
SPI [1]	result	0.36007123	0.00000512	0xC6	0xFF
SPI [1]	result	0.36028915	0.00000512	0x0E	0xFF
SPI [1]	result	0.36029443	0.00000512	0x00	0xFF
SPI [1]	result	0.36029971	0.00000512	0xAA	0xFF
SPI [1]	result	0.36030499	0.00000512	0x2E	0xFF
SPI [1]	result	0.36059313	0.00000512	0x00	0xFF
SPI [1]	result	0.36059841	0.00000512	0x00	0xFF
SPI [1]	result	0.36060369	0.00000512	0x00	0xFF
SPI [1]	result	0.36060897	0.00000512	0x00	0xFF
SPI [1]	result	0.36091635	0.00000512	0x08	0xFF
SPI [1]	result	0.36092163	0.00000512	0x00	0xFF
SPI [1]	result	0.36092691	0.00000512	0xBF	0xFF
SPI [1]	result	0.36093219	0.00000512	0xD8	0xFF
SPI [1]	result	0.38199082	0.00000512	0x00	0x00
SPI [1]	result	0.38199610	0.00000512	0x00	0x00
SPI [1]	result	0.38200138	0.00000512	0x08	0x0F
SPI [1]	result	0.38200666	0.00000512	0x20	0xFF
SPI [1]	result	0.38247075	0.00000512	0x0F	0xFF
SPI [1]	result	0.38247603	0.00000512	0x10	0xFF
SPI [1]	result	0.38248131	0.00000512	0x80	0xFF
SPI [1]	result	0.38248659	0.00000512	0x1A	0xFF
SPI [1]	result	0.38275795	0.00000512	0x00	0xFF
SPI [1]	result	0.38276323	0.00000512	0x00	0xFF
SPI [1]	result	0.38276851	0.00000512	0x00	0xFF
SPI [1]	result	0.38277379	0.00000512	0x00	0xFF
SPI [1]	result	0.38303277	0.00000512	0x08	0xFF
SPI [1]	result	0.38303805	0.00000512	0x00	0xFF
SPI [1]	result	0.38304333	0.00000512	0x88	0xFF
SPI [1]	result	0.38304861	0.00000512	0x32	0xFF
SPI [1]	result	0.38332969	0.00000512	0x00	0xFF
SPI [1]	result	0.38333497	0.00000512	0x00	0xFF
SPI [1]	result	0.38334025	0.00000512	0x0C	0xFF
SPI [1]	result	0.38334553	0.00000512	0xB2	0xFF
SPI [1]	result	0.38380268	0.00000512	0x08	0xFF
SPI [1]	result	0.38380796	0.00000512	0x10	0xFF
SPI [1]	result	0.38381324	0.00000512	0x80	0xFF
SPI [1]	result	0.38381852	0.00000512	0x22	0xFF
SPI [1]	result	0.38408770	0.00000512	0x00	0xFF
SPI [1]	result	0.38409298	0.00000512	0x00	0xFF
SPI [1]	result	0.38409826	0.00000512	0x0C	0xFF
SPI [1]	result	0.38410354	0.00000512	0x30	0xFF
SPI [1]	result	0.38454486	0.00000512	0x09	0xFF
SPI [1]	result	0.38455014	0.00000512	0x00	0xFF
SPI [1]	result	0.38455542	0.00000512	0x8C	0xFF
SPI [1]	result	0.38456070	0.00000512	0x8C	0xFF
SPI [1]	result	0.38483674	0.00000512	0x00	0xFF
SPI [1]	result	0.38484202	0.00000512	0x00	0xFF
SPI [1]	result	0.38484730	0.00000512	0x00	0xFF
SPI [1]	result	0.38485258	0.00000512	0x00	0xFF
SPI [1]	result	0.38512775	0.00000512	0x08	0xFF
SPI [1]	result	0.38513303	0.00000512	0x00	0xFF
SPI [1]	result	0.38513831	0.00000512	0x8C	0xFF
SPI [1]	result	0.38514359	0.00000512	0x02	0xFF
SPI [1]	result	0.42200695	0.00000512	0x00	0x00
SPI [1]	result	0.42201223	0.00000512	0x00	0x00
SPI [1]	result	0.42201751	0.00000512	0x08	0x04
SPI [1]	result	0.42202279	0.00000512	0x20	0x3F
SPI [1]	result	0.42247490	0.00000512	0x0A	0xFF
SPI [1]	result	0.42248018	0.00000512	0x10	0xFF
SPI [1]	result	0.42248546	0.00000512	0x80	0xFF
SPI [1]	result	0.42249074	0.00000512	0x32	0xFF
SPI [1]	result	0.42275181	0.00000512	0x00	0xFF
SPI [1]	result	0.42275709	0.00000512	0x00	0xFF
SPI [1]	result	0.42276237	0.00000512	0x00	0xFF
SPI [1]	result	0.42276765	0.00000512	0x00	0xFF
SPI [1]	result	0.42302377	0.00000512	0x08	0xFF
SPI [1]	result	0.42302905	0.00000512	0x00	0xFF
SPI [1]	result	0.42303433	0.00000512	0x88	0xFF
SPI [1]	result	0.42303961	0.00000512	0x32	0xFF
SPI [1]	result	0.46199292	0.00000512	0x00	0x00
SPI [1]	result	0.46199820	0.00000512	0x00	0x00
SPI [1]	result	0.46200348	0.00000512	0x08	0x00
SPI [1]	result	0.46200876	0.00000512	0x20	0x3F
SPI [1]	result	0.46246383	0.00000512	0x0B	0xFF
SPI [1]	result	0.46246911	0.00000512	0x10	0xFF
SPI [1]	result	0.46247439	0.00000512	0x80	0xFF
SPI [1]	result	0.46247967	0.00000512	0x3A	0xFF
SPI [1]	result	0.46274272	0.00000512	0x00	0xFF
SPI [1]	result	0.46274800	0.00000512	0x00	0xFF
SPI [1]	result	0.46275328	0.00000512	0x00	0xFF
SPI [1]	result	0.46275856	0.00000512	0x00	0xFF
SPI [1]	result	0.46302787	0.00000512	0x08	0xFF
SPI [1]	result	0.46303315	0.00000512	0x00	0xFF
SPI [1]	result	0.46303843	0.00000512	0x88	0xFF
SPI [1]	result	0.46304371	0.00000512	0x32	0xFF
SPI [1]	result	0.50199137	0.00000512	0x00	0x00
SPI [1]	result	0.50199665	0.00000512	0x00	0x00
SPI [1]	result	0.50200193	0.00000512	0x08	0x00
SPI [1]	result	0.50200721	0.00000512	0x20	0x3F
SPI [1]	result	0.50245981	0.00000512	0x0C	0xFF
SPI [1]	result	0.50246509	0.00000512	0x10	0xFF
SPI [1]	result	0.50247037	0.00000512	0x80	0xFF
SPI [1]	result	0.50247565	0.00000512	0x02	0xFF
SPI [1]	result	0.50273774	0.00000512	0x00	0xFF
SPI [1]	result	0.50274302	0.00000512	0x00	0xFF
SPI [1]	result	0.50274830	0.00000512	0x00	0xFF
SPI [1]	result	0.50275358	0.00000512	0x00	0xFF
SPI [1]	result	0.50302682	0.00000512	0x08	0xFF
SPI [1]	result	0.50303210	0.00000512	0x00	0xFF
SPI [1]	result	0.50303738	0.00000512	0x88	0xFF
SPI [1]	result	0.50304266	0.00000512	0x32	0xFF
SPI [1]	result	0.54199052	0.00000512	0x00	0x00
SPI [1]	result	0.54199580	0.00000512	0x00	0x00
SPI [1]	result	0.54200108	0.00000512	0x08	0x00
SPI [1]	result	0.54200636	0.00000512	0x20	0x3F
SPI [1]	result	0.54245967	0.00000512	0x0D	0x0F
SPI [1]	result	0.54246495	0.00000512	0x10	0xFF
SPI [1]	result	0.54247023	0.00000512	0x80	0xFF
SPI [1]	result	0.54247551	0.00000512	0x0A	0xFF
SPI [1]	result	0.54275476	0.00000512	0x00	0xFF
SPI [1]	result	0.54276004	0.00000512	0x00	0xFF
SPI [1]	result	0.54276532	0.00000512	0x00	0xFF
SPI [1]	result	0.54277060	0.00000512	0x00	0xFF
SPI [1]	result	0.54303893	0.00000512	0x08	0xFF
SPI [1]	result	0.54304421	0.00000512	0x00	0xFF
SPI [1]	result	0.54304949	0.00000512	0x88	0xFF
SPI [1]	result	0.54305477	0.00000512	0x32	0xFF
SPI [1]	result	0.58198917	0.00000512	0x00	0x00
SPI [1]	result	0.58199445	0.00000512	0x00	0x00
SPI [1]	result	0.58199973	0.00000512	0x08	0x00
SPI [1]	result	0.58200501	0.00000512	0x20	0x3F
SPI [1]	result	0.58245790	0.00000512	0x0E	0xFF
SPI [1]	result	0.58246318	0.00000512	0x10	0xFF
SPI [1]	result	0.58246846	0.00000512	0x80	0xFF
SPI [1]	result	0.58247374	0.00000512	0x12	0xFF
SPI [1]	result	0.58274188	0.00000512	0x00	0xFF
SPI [1]	result	0.58274716	0.00000512	0x00	0xFF
SPI [1]	result	0.58275244	0.00000512	0x00	0xFF
SPI [1]	result	0.58275772	0.00000512	0x00	0xFF
SPI [1]	result	0.58303090	0.00000512	0x08	0xFF
SPI [1]	result	0.58303618	0.00000512	0x00	0xFF
SPI [1]	result	0.58304146	0.00000512	0x88	0xFF
SPI [1]	result	0.58304674	0.00000512	0x32	0xFF
SPI [1]	result	0.62199499	0.00000512	0x00	0x00
SPI [1]	result	0.62200027	0.00000512	0x00	0x00
SPI [1]	result	0.62200555	0.00000512	0x08	0x00
SPI [1]	result	0.62201083	0.00000512	0x20	0x3F
SPI [1]	result	0.62247768	0.00000512	0x0F	0xDF
SPI [1]	result	0.62248296	0.00000512	0x10	0xFF
SPI [1]	result	0.62248824	0.00000512	0x80	0xFF
SPI [1]	result	0.62249352	0.00000512	0x1A	0xFF
SPI [1]	result	0.62276592	0.00000512	0x00	0xFF
SPI [1]	result	0.62277120	0.00000512	0x00	0xFF
SPI [1]	result	0.62277648	0.00000512	0x00	0xFF
SPI [1]	result	0.62278176	0.00000512	0x00	0xFF
SPI [1]	result	0.62303966	0.00000512	0x08	0xFF
SPI [1]	result	0.62304494	0.00000512	0x00	0xFF
SPI [1]	result	0.62305022	0.00000512	0x88	0xFF
SPI [1]	result	0.62305550	0.00000512	0x32	0xFF
SPI [1]	result	0.66198292	0.00000512	0x00	0x00
SPI [1]	result	0.66198820	0.00000512	0x00	0x00
SPI [1]	result	0.66199348	0.00000512	0x08	0x00
SPI [1]	result	0.66199876	0.00000512	0x20	0x3F
SPI [1]	result	0.66245185	0.00000512	0x08	0x5F
SPI [1]	result	0.66245713	0.00000512	0x10	0xFF
SPI [1]	result	0.66246241	0.00000512	0x80	0xFF
SPI [1]	result	0.66246769	0.00000512	0x22	0xFF
SPI [1]	result	0.66272894	0.00000512	0x00	0xFF
SPI [1]	result	0.66273422	0.00000512	0x00	0xFF
SPI [1]	result	0.66273950	0.00000512	0x00	0xFF
SPI [1]	result	0.66274478	0.00000512	0x00	0xFF
SPI [1]	result	0.66300170	0.00000512	0x08	0xFF
SPI [1]	result	0.66300698	0.00000512	0x00	0xFF
SPI [1]	result	0.66301226	0.00000512	0x88	0xFF
SPI [1]	result	0.66301754	0.00000512	0x32	0xFF
SPI [1]	result	0.70197067	0.00000512	0x00	0x00
SPI [1]	result	0.70197595	0.00000512	0x00	0x00
SPI [1]	result	0.70198123	0.00000512	0x08	0x00
SPI [1]	result	0.70198651	0.00000512	0x20	0x3F
SPI [1]	result	0.70243584	0.00000512	0x09	0xFF
SPI [1]	result	0.70244112	0.00000512	0x10	0xFF
SPI [1]	result	0.70244640	0.00000512	0x80	0xFF
SPI [1]	result	0.70245168	0.00000512	0x2A	0xFF
SPI [1]	result	0.70271075	0.00000512	0x00	0xFF
SPI [1]	result	0.70271603	0.00000512	0x00	0xFF
SPI [1]	result	0.70272131	0.00000512	0x00	0xFF
SPI [1]	result	0.70272659	0.00000512	0x00	0xFF
SPI [1]	result	0.70298080	0.00000512	0x08	0xFF
SPI [1]	result	0.70298608	0.00000512	0x00	0xFF
SPI [1]	result	0.70299136	0.00000512	0x88	0xFF
SPI [1]	result	0.70299664	0.00000512	0x32	0xFF
SPI [1]	result	0.74198788	0.00000512	0x00	0x00
SPI [1]	result	0.74199316	0.00000512	0x00	0x00
SPI [1]	result	0.74199844	0.00000512	0x08	0x00
SPI [1]	result	0.74200372	0.00000512	0x20	0x3F
SPI [1]	result	0.74245825	0.00000512	0x0A	0x0F
SPI [1]	result	0.74246353	0.00000512	0x10	0xFF
SPI [1]	result	0.74246881	0.00000512	0x80	0xFF
SPI [1]	result	0.74247409	0.00000512	0x32	0xFF
SPI [1]	result	0.74273568	0.00000512	0x00	0xFF
SPI [1]	result	0.74274096	0.00000512	0x00	0xFF
SPI [1]	result	0.74274624	0.00000512	0x00	0xFF
SPI [1]	result	0.74275152	0.00000512	0x00	0xFF
SPI [1]	result	0.74300594	0.00000512	0x08	0xFF
SPI [1]	result	0.74301122	0.00000512	0x00	0xFF
SPI [1]	result	0.74301650	0.00000512	0x88	0xFF
SPI [1]	result	0.74302178	0.00000512	0x32	0xFF
SPI [1]	result	0.74329166	0.00000512	0x00	0xFF
SPI [1]	result	0.74329694	0.00000512	0x00	0xFF
SPI [1]	result	0.74330222	0.00000512	0x0C	0xFF
SPI [1]	result	0.74330750	0.00000512	0x72	0xFF
SPI [1]	result	0.74374481	0.00000512	0x0B	0xFF
SPI [1]	result	0.74375009	0.00000512	0x10	0xFF
SPI [1]	result	0.74375537	0.00000512	0x80	0xFF
SPI [1]	result	0.74376065	0.00000512	0x3A	0xFF
SPI [1]	result	0.74401665	0.00000512	0x00	0xFF
SPI [1]	result	0.74402193	0.00000512	0x00	0xFF
SPI [1]	result	0.74402721	0.00000512	0x00	0xFF
SPI [1]	result	0.74403249	0.00000512	0x00	0xFF
SPI [1]	result	0.74428683	0.00000512	0x08	0xFF
SPI [1]	result	0.74429211	0.00000512	0x00	0xFF
SPI [1]	result	0.74429739	0.00000512	0x8C	0xFF
SPI [1]	result	0.74430267	0.00000512	0x44	0xFF
SPI [1]	result	0.76440891	0.00000512	0x00	0x00
SPI [1]	result	0.76441419	0.00000512	0x00	0x00
SPI [1]	result	0.76441947	0.00000512	0x0F	0x0E
SPI [1]	result	0.76442475	0.00000512	0xC0	0xFF
SPI [1]	result	0.76486895	0.00000512	0x0C	0x7F
SPI [1]	result	0.76487423	0.00000512	0x10	0xFF
SPI [1]	result	0.76487951	0.00000512	0x80	0xFF
SPI [1]	result	0.76488479	0.00000512	0x02	0xFF
SPI [1]	result	0.76514271	0.00000512	0x00	0xFF
SPI [1]	result	0.76514799	0.00000512	0x01	0xFF
SPI [1]	result	0.76515327	0.00000512	0x09	0xFF
SPI [1]	result	0.76515855	0.00000512	0x04	0xFF
SPI [1]	result	0.76559399	0.00000512	0x0D	0xFF
SPI [1]	result	0.76559927	0.00000512	0x00	0xFF
SPI [1]	result	0.76560455	0.00000512	0x8F	0xFF
SPI [1]	result	0.76560983	0.00000512	0xFA	0xFF
SPI [1]	result	0.76587488	0.00000512	0x00	0xFF
SPI [1]	result	0.76588016	0.00000512	0x01	0xFF
SPI [1]	result	0.76588544	0.00000512	0x08	0xFF
SPI [1]	result	0.76589072	0.00000512	0x42	0xFF
SPI [1]	result	0.76632675	0.00000512	0x0E	0xFF
SPI [1]	result	0.76633203	0.00000512	0x00	0xFF
SPI [1]	result	0.76633731	0.00000512	0x89	0xFF
SPI [1]	result	0.76634259	0.00000512	0x26	0xFF
SPI [1]	result	0.76660671	0.00000512	0x00	0xFF
SPI [1]	result	0.76661199	0.00000512	0x01	0xFF
SPI [1]	result	0.76661727	0.00000512	0x08	0xFF
SPI [1]	result	0.76662255	0.00000512	0x82	0xFF
SPI [1]	result	0.76706169	0.00000512	0x0F	0xFF
SPI [1]	result	0.76706697	0.00000512	0x00	0xFF
SPI [1]	result	0.76707225	0.00000512	0x88	0xFF
SPI [1]	result	0.76707753	0.00000512	0x6C	0xFF
SPI [1]	result	0.76734386	0.00000512	0x00	0xFF
SPI [1]	result	0.76734914	0.00000512	0x00	0xFF
SPI [1]	result	0.76735442	0.00000512	0x09	0xFF
SPI [1]	result	0.76735970	0.00000512	0xE8	0xFF
SPI [1]	result	0.76779583	0.00000512	0x08	0xFF
SPI [1]	result	0.76780111	0.00000512	0x00	0xFF
SPI [1]	result	0.76780639	0.00000512	0x88	0xFF
SPI [1]	result	0.76781167	0.00000512	0xB4	0xFF
SPI [1]	result	0.76807472	0.00000512	0x00	0xFF
SPI [1]	result	0.76808000	0.00000512	0x00	0xFF
SPI [1]	result	0.76808528	0.00000512	0x00	0xFF
SPI [1]	result	0.76809056	0.00000512	0x00	0xFF
SPI [1]	result	0.76834590	0.00000512	0x08	0xFF
SPI [1]	result	0.76835118	0.00000512	0x00	0xFF
SPI [1]	result	0.76835646	0.00000512	0x89	0xFF
SPI [1]	result	0.76836174	0.00000512	0xFA	0xFF
SPI [1]	result	0.76863374	0.00000512	0x00	0xFF
SPI [1]	result	0.76863902	0.00000512	0x00	0xFF
SPI [1]	result	0.76864430	0.00000512	0x09	0xFF
SPI [1]	result	0.76864958	0.00000512	0xA6	0xFF
SPI [1]	result	0.76909396	0.00000512	0x09	0xFF
SPI [1]	result	0.76909924	0.00000512	0x10	0xFF
SPI [1]	result	0.76910452	0.00000512	0x80	0xFF
SPI [1]	result	0.76910980	0.00000512	0x2A	0xFF
SPI [1]	result	0.76936888	0.00000512	0x00	0xFF
SPI [1]	result	0.76937416	0.00000512	0x00	0xFF
SPI [1]	result	0.76937944	0.00000512	0x00	0xFF
SPI [1]	result	0.76938472	0.00000512	0x00	0xFF
SPI [1]	result	0.76964570	0.00000512	0x08	0xFF
SPI [1]	result	0.76965098	0.00000512	0x00	0xFF
SPI [1]	result	0.76965626	0.00000512	0x89	0xFF
SPI [1]	result	0.76966154	0.00000512	0xB8	0xFF
SPI [1]	result	0.76992972	0.00000512	0x80	0xFF
SPI [1]	result	0.76993500	0.00000512	0x02	0xFF
SPI [1]	result	0.76994028	0.00000512	0x28	0xFF
SPI [1]	result	0.76994556	0.00000512	0x06	0xFF
SPI [1]	result	0.77038391	0.00000512	0x0A	0xFF
SPI [1]	result	0.77038919	0.00000512	0x10	0xFF
SPI [1]	result	0.77039447	0.00000512	0x80	0xFF
SPI [1]	result	0.77039975	0.00000512	0x32	0xFF
SPI [1]	result	0.77065787	0.00000512	0x7F	0xFF
SPI [1]	result	0.77066315	0.00000512	0xFF	0xFF
SPI [1]	result	0.77066843	0.00000512	0x15	0xFF
SPI [1]	result	0.77067371	0.00000512	0x10	0xFF
SPI [1]	result	0.77110984	0.00000512	0x0B	0xFF
SPI [1]	result	0.77111512	0.00000512	0x00	0xFF
SPI [1]	result	0.77112040	0.00000512	0xA8	0xFF
SPI [1]	result	0.77112568	0.00000512	0x0E	0xFF
SPI [1]	result	0.77138878	0.00000512	0x01	0xFF
SPI [1]	result	0.77139406	0.00000512	0x23	0xFF
SPI [1]	result	0.77139934	0.00000512	0x15	0xFF
SPI [1]	result	0.77140462	0.00000512	0x62	0xFF
SPI [1]	result	0.77183984	0.00000512	0x0C	0xFF
SPI [1]	result	0.77184512	0.00000512	0x00	0xFF
SPI [1]	result	0.77185040	0.00000512	0x95	0xFF
SPI [1]	result	0.77185568	0.00000512	0x08	0xFF
SPI [1]	result	0.77211773	0.00000512	0x0A	0xFF
SPI [1]	result	0.77212301	0.00000512	0x00	0xFF
SPI [1]	result	0.77212829	0.00000512	0x15	0xFF
SPI [1]	result	0.77213357	0.00000512	0xAA	0xFF
SPI [1]	result	0.77256984	0.00000512	0x0D	0xFF
SPI [1]	result	0.77257512	0.00000512	0x00	0xFF
SPI [1]	result	0.77258040	0.00000512	0x95	0xFF
SPI [1]	result	0.77258568	0.00000512	0x52	0xFF
SPI [1]	result	0.77284665	0.00000512	0x00	0xFF
SPI [1]	result	0.77285193	0.00000512	0x00	0xFF
SPI [1]	result	0.77285721	0.00000512	0x3F	0xFF
SPI [1]	result	0.77286249	0.00000512	0xC6	0xFF
SPI [1]	result	0.77329773	0.00000512	0x0E	0xFF
SPI [1]	result	0.77330301	0.00000512	0x00	0xFF
SPI [1]	result	0.77330829	0.00000512	0x95	0xFF
SPI [1]	result	0.77331357	0.00000512	0x9A	0xFF
SPI [1]	result	0.77357577	0.00000512	0x00	0xFF
SPI [1]	result	0.77358105	0.00000512	0x00	0xFF
SPI [1]	result	0.77358633	0.00000512	0x00	0xFF
SPI [1]	result	0.77359161	0.00000512	0x00	0xFF
SPI [1]	result	0.77384777	0.00000512	0x08	0xFF
SPI [1]	result	0.77385305	0.00000512	0x00	0xFF
SPI [1]	result	0.77385833	0.00000512	0xBF	0xFF
SPI [1]	result	0.77386361	0.00000512	0xD8	0xFF
SPI [1]	result	0.78193787	0.00000512	0x00	0xFF
SPI [1]	result	0.78194315	0.00000512	0x00	0xFF
SPI [1]	result	0.78194843	0.00000512	0x08	0xFF
SPI [1]	result	0.78195371	0.00000512	0x20	0xFF
SPI [1]	result	0.78239200	0.00000512	0x0F	0xFF
SPI [1]	result	0.78239728	0.00000512	0x10	0xFF
SPI [1]	result	0.78240256	0.00000512	0x80	0xFF
SPI [1]	result	0.78240784	0.00000512	0x1A	0xFF
SPI [1]	result	0.78266385	0.00000512	0x00	0xFF
SPI [1]	result	0.78266913	0.00000512	0x00	0xFF
SPI [1]	result	0.78267441	0.00000512	0x00	0xFF
SPI [1]	result	0.78267969	0.00000512	0x00	0xFF
SPI [1]	result	0.78293481	0.00000512	0x08	0xFF
SPI [1]	result	0.78294009	0.00000512	0x00	0xFF
SPI [1]	result	0.78294537	0.00000512	0x88	0xFF
SPI [1]	result	0.78295065	0.00000512	0x32	0xFF
SPI [1]	result	0.80816972	0.00000512	0x00	0x00
SPI [1]	result	0.80817500	0.00000512	0x00	0x00
SPI [1]	result	0.80818028	0.00000512	0x0F	0x00
SPI [1]	result	0.80818556	0.00000512	0xC0	0x3F
SPI [1]	result	0.80862489	0.00000512	0x08	0x0F
SPI [1]	result	0.80863017	0.00000512	0x10	0xFF
SPI [1]	result	0.80863545	0.00000512	0x80	0xFF
SPI [1]	result	0.80864073	0.00000512	0x22	0xFF
SPI [1]	result	0.80889778	0.00000512	0x00	0xFF
SPI [1]	result	0.80890306	0.00000512	0x00	0xFF
SPI [1]	result	0.80890834	0.00000512	0x00	0xFF
SPI [1]	result	0.80891362	0.00000512	0x00	0xFF
SPI [1]	result	0.80916789	0.00000512	0x08	0xFF
SPI [1]	result	0.80917317	0.00000512	0x00	0xFF
SPI [1]	result	0.80917845	0.00000512	0x8F	0xFF
SPI [1]	result	0.80918373	0.00000512	0xD2	0xFF
SPI [1]	result	0.80944765	0.00000512	0x00	0xFF
SPI [1]	result	0.80945293	0.00000512	0x00	0xFF
SPI [1]	result	0.80945821	0.00000512	0x09	0xFF
SPI [1]	result	0.80946349	0.00000512	0xE8	0xFF
SPI [1]	result	0.80989984	0.00000512	0x09	0xFF
SPI [1]	result	0.80990512	0.00000512	0x10	0xFF
SPI [1]	result	0.80991040	0.00000512	0x80	0xFF
SPI [1]	result	0.80991568	0.00000512	0x2A	0xFF
SPI [1]	result	0.81017167	0.00000512	0x00	0xFF
SPI [1]	result	0.81017695	0.00000512	0x00	0xFF
SPI [1]	result	0.81018223	0.00000512	0x00	0xFF
SPI [1]	result	0.81018751	0.00000512	0x00	0xFF
SPI [1]	result	0.81044186	0.00000512	0x08	0xFF
SPI [1]	result	0.81044714	0.00000512	0x00	0xFF
SPI [1]	result	0.81045242	0.00000512	0x89	0xFF
SPI [1]	result	0.81045770	0.00000512	0xFA	0xFF
SPI [1]	result	0.81071991	0.00000512	0x00	0xFF
SPI [1]	result	0.81072519	0.00000512	0x01	0xFF
SPI [1]	result	0.81073047	0.00000512	0x08	0xFF
SPI [1]	result	0.81073575	0.00000512	0x42	0xFF
SPI [1]	result	0.81117192	0.00000512	0x0A	0xFF
SPI [1]	result	0.81117720	0.00000512	0x10	0xFF
SPI [1]	result	0.81118248	0.00000512	0x80	0xFF
SPI [1]	result	0.81118776	0.00000512	0x32	0xFF
SPI [1]	result	0.81144380	0.00000512	0x00	0xFF
SPI [1]	result	0.81144908	0.00000512	0x00	0xFF
SPI [1]	result	0.81145436	0.00000512	0x00	0xFF
SPI [1]	result	0.81145964	0.00000512	0x00	0xFF
SPI [1]	result	0.81171373	0.00000512	0x08	0xFF
SPI [1]	result	0.81171901	0.00000512	0x00	0xFF
SPI [1]	result	0.81172429	0.00000512	0x88	0xFF
SPI [1]	result	0.81172957	0.00000512	0x74	0xFF
SPI [1]	result	0.81287279	0.00000512	0x00	0xFF
SPI [1]	result	0.81287807	0.00000512	0x00	0xFF
SPI [1]	result	0.81288335	0.00000512	0x2A	0xFF
SPI [1]	result	0.81288863	0.00000512	0x6E	0xFF
SPI [1]	result	0.81334770	0.00000512	0x0B	0xFF
SPI [1]	result	0.81335298	0.00000512	0x10	0xFF
SPI [1]	result	0.81335826	0.00000512	0x80	0xFF
SPI [1]	result	0.81336354	0.00000512	0x3A	0xFF
SPI [1]	result	0.81363570	0.00000512	0x00	0xFF
SPI [1]	result	0.81364098	0.00000512	0x00	0xFF
SPI [1]	result	0.81364626	0.00000512	0x3F	0xFF
SPI [1]	result	0.81365154	0.00000512	0xC6	0xFF
SPI [1]	result	0.81410674	0.00000512	0x0C	0xFF
SPI [1]	result	0.81411202	0.00000512	0x00	0xFF
SPI [1]	result	0.81411730	0.00000512	0xAA	0xFF
SPI [1]	result	0.81412258	0.00000512	0x60	0xFF
SPI [1]	result	0.81441180	0.00000512	0x00	0xFF
SPI [1]	result	0.81441708	0.00000512	0x00	0xFF
SPI [1]	result	0.81442236	0.00000512	0x00	0xFF
SPI [1]	result	0.81442764	0.00000512	0x00	0xFF
SPI [1]	result	0.81469778	0.00000512	0x08	0xFF
SPI [1]	result	0.81470306	0.00000512	0x00	0xFF
SPI [1]	result	0.81470834	0.00000512	0xBF	0xFF
SPI [1]	result	0.81471362	0.00000512	0xD8	0xFF
SPI [1]	result	0.82197534	0.00000512	0x00	0xFF
SPI [1]	result	0.82198062	0.00000512	0x00	0xFF
SPI [1]	result	0.82198590	0.00000512	0x08	0xFF
SPI [1]	result	0.82199118	0.00000512	0x20	0xFF
SPI [1]	result	0.82244067	0.00000512	0x0D	0xFF
SPI [1]	result	0.82244595	0.00000512	0x10	0xFF
SPI [1]	result	0.82245123	0.00000512	0x80	0xFF
SPI [1]	result	0.82245651	0.00000512	0x0A	0xFF
SPI [1]	result	0.82271578	0.00000512	0x00	0xFF
SPI [1]	result	0.82272106	0.00000512	0x00	0xFF
SPI [1]	result	0.82272634	0.00000512	0x00	0xFF
SPI [1]	result	0.82273162	0.00000512	0x00	0xFF
SPI [1]	result	0.82298565	0.00000512	0x08	0xFF
SPI [1]	result	0.82299093	0.00000512	0x00	0xFF
SPI [1]	result	0.82299621	0.00000512	0x88	0xFF
SPI [1]	result	0.82300149	0.00000512	0x32	0xFF
SPI [1]	result	0.84113882	0.00000512	0x00	0x00
SPI [1]	result	0.84114410	0.00000512	0x04	0x07
SPI [1]	result	0.84114938	0.00000512	0x2A	0xFF
SPI [1]	result	0.84115466	0.00000512	0x72	0xFF
SPI [1]	result	0.84161393	0.00000512	0x0E	0xFF
SPI [1]	result	0.84161921	0.00000512	0x10	0xFF
SPI [1]	result	0.84162449	0.00000512	0x80	0xFF
SPI [1]	result	0.84162977	0.00000512	0x12	0xFF
SPI [1]	result	0.84190182	0.00000512	0x00	0xFF
SPI [1]	result	0.84190710	0.00000512	0x00	0xFF
SPI [1]	result	0.84191238	0.00000512	0x3F	0xFF
SPI [1]	result	0.84191766	0.00000512	0xC6	0xFF
SPI [1]	result	0.84236086	0.00000512	0x0F	0xFF
SPI [1]	result	0.84236614	0.00000512	0x00	0xFF
SPI [1]	result	0.84237142	0.00000512	0xAA	0xFF
SPI [1]	result	0.84237670	0.00000512	0x78	0xFF
SPI [1]	result	0.84265969	0.00000512	0x00	0xFF
SPI [1]	result	0.84266497	0.00000512	0x00	0xFF
SPI [1]	result	0.84267025	0.00000512	0x00	0xFF
SPI [1]	result	0.84267553	0.00000512	0x00	0xFF
SPI [1]	result	0.84294775	0.00000512	0x08	0xFF
SPI [1]	result	0.84295303	0.00000512	0x00	0xFF
SPI [1]	result	0.84295831	0.00000512	0xBF	0xFF
SPI [1]	result	0.84296359	0.00000512	0xD8	0xFF
SPI [1]	result	0.88308564	0.00000512	0x00	0x00
SPI [1]	result	0.88309092	0.00000512	0x00	0x00
SPI [1]	result	0.88309620	0.00000512	0x08	0x00
SPI [1]	result	0.88310148	0.00000512	0x20	0x3F
SPI [1]	result	0.88354337	0.00000512	0x08	0xFF
SPI [1]	result	0.88354865	0.00000512	0x10	0xFF
SPI [1]	result	0.88355393	0.00000512	0x80	0xFF
SPI [1]	result	0.88355921	0.00000512	0x22	0xFF
SPI [1]	result	0.88396168	0.00000512	0x00	0xFF
SPI [1]	result	0.88396696	0.00000512	0x00	0xFF
SPI [1]	result	0.88397224	0.00000512	0x09	0xFF
SPI [1]	result	0.88397752	0.00000512	0xA6	0xFF
SPI [1]	result	0.88437819	0.00000512	0x09	0xFF
SPI [1]	result	0.88438347	0.00000512	0x00	0xFF
SPI [1]	result	0.88438875	0.00000512	0x88	0xFF
SPI [1]	result	0.88439403	0.00000512	0x3A	0xFF
SPI [1]	result	0.88479424	0.00000512	0x00	0xFF
SPI [1]	result	0.88479952	0.00000512	0x00	0xFF
SPI [1]	result	0.88480480	0.00000512	0x00	0xFF
SPI [1]	result	0.88481008	0.00000512	0x00	0xFF
SPI [1]	result	0.88521056	0.00000512	0x08	0xFF
SPI [1]	result	0.88521584	0.00000512	0x00	0xFF
SPI [1]	result	0.88522112	0.00000512	0x89	0xFF
SPI [1]	result	0.88522640	0.00000512	0xB8	0xFF
SPI [1]	result	0.92308330	0.00000512	0x00	0x00
SPI [1]	result	0.92308858	0.00000512	0x00	0x00
SPI [1]	result	0.92309386	0.00000512	0x08	0x00
SPI [1]	result	0.92309914	0.00000512	0x20	0x3F
SPI [1]	result	0.92354617	0.00000512	0x0A	0xFF
SPI [1]	result	0.92355145	0.00000512	0x10	0xFF
SPI [1]	result	0.92355673	0.00000512	0x80	0xFF
SPI [1]	result	0.92356201	0.00000512	0x32	0xFF
SPI [1]	result	0.92396306	0.00000512	0x00	0xFF
SPI [1]	result	0.92396834	0.00000512	0x00	0xFF
SPI [1]	result	0.92397362	0.00000512	0x00	0xFF
SPI [1]	result	0.92397890	0.00000512	0x00	0xFF
SPI [1]	result	0.92437888	0.00000512	0x08	0xFF
SPI [1]	result	0.92438416	0.00000512	0x00	0xFF
SPI [1]	result	0.92438944	0.00000512	0x88	0xFF
SPI [1]	result	0.92439472	0.00000512	0x32	0xFF
SPI [1]	result	0.96306640	0.00000512	0x00	0x00
SPI [1]	result	0.96307168	0.00000512	0x00	0x00
SPI [1]	result	0.96307696	0.00000512	0x08	0x00
SPI [1]	result	0.96308224	0.00000512	0x20	0x3F
SPI [1]	result	0.96348564	0.00000512	0x0B	0x1F
SPI [1]	result	0.96349092	0.00000512	0x10	0xFF
SPI [1]	result	0.96349620	0.00000512	0x80	0xFF
SPI [1]	result	0.96350148	0.00000512	0x3A	0xFF
SPI [1]	result	0.96390131	0.00000512	0x00	0xFF
SPI [1]	result	0.96390659	0.00000512	0x00	0xFF
SPI [1]	result	0.96391187	0.00000512	0x00	0xFF
SPI [1]	result	0.96391715	0.00000512	0x00	0xFF
SPI [1]	result	0.96431738	0.00000512	0x08	0xFF
SPI [1]	result	0.96432266	0.00000512	0x00	0xFF
SPI [1]	result	0.96432794	0.00000512	0x88	0xFF
SPI [1]	result	0.96433322	0.00000512	0x32	0xFF
SPI [1]	result	1.00307062	0.00000512	0x00	0x00
SPI [1]	result	1.00307590	0.00000512	0x00	0x00
SPI [1]	result	1.00308118	0.00000512	0x08	0x00
SPI [1]	result	1.00308646	0.00000512	0x20	0x3F
SPI [1]	result	1.00349705	0.00000512	0x0C	0xFF
SPI [1]	result	1.00350233	0.00000512	0x10	0xFF
SPI [1]	result	1.00350761	0.00000512	0x80	0xFF
SPI [1]	result	1.00351289	0.00000512	0x02	0xFF
SPI [1]	result	1.00391498	0.00000512	0x00	0xFF
SPI [1]	result	1.00392026	0.00000512	0x00	0xFF
SPI [1]	result	1.00392554	0.00000512	0x09	0xFF
SPI [1]	result	1.00393082	0.00000512	0xA6	0xFF
SPI [1]	result	1.00433198	0.00000512	0x0D	0xFF
SPI [1]	result	1.00433726	0.00000512	0x00	0xFF
SPI [1]	result	1.00434254	0.00000512	0x88	0xFF
SPI [1]	result	1.00434782	0.00000512	0x1A	0xFF
SPI [1]	result	1.00474944	0.00000512	0x00	0xFF
SPI [1]	result	1.00475472	0.00000512	0x00	0xFF
SPI [1]	result	1.00476000	0.00000512	0x00	0xFF
SPI [1]	result	1.00476528	0.00000512	0x00	0xFF
SPI [1]	result	1.00516654	0.00000512	0x08	0xFF
SPI [1]	result	1.00517182	0.00000512	0x00	0xFF
SPI [1]	result	1.00517710	0.00000512	0x89	0xFF
SPI [1]	result	1.00518238	0.00000512	0xB8	0xFF
SPI [1]	result	1.04307182	0.00000512	0x00	0x00
SPI [1]	result	1.04307710	0.00000512	0x00	0x00
SPI [1]	result	1.04308238	0.00000512	0x08	0x00
SPI [1]	result	1.04308766	0.00000512	0x20	0x3F
SPI [1]	result	1.04352702	0.00000512	0x0E	0x6F
SPI [1]	result	1.04353230	0.00000512	0x10	0xFF
SPI [1]	result	1.04353758	0.00000512	0x80	0xFF
SPI [1]	result	1.04354286	0.00000512	0x12	0xFF
SPI [1]	result	1.04398084	0.00000512	0x00	0xFF
SPI [1]	result	1.04398612	0.00000512	0x00	0xFF
SPI [1]	result	1.04399140	0.00000512	0x00	0xFF
SPI [1]	result	1.04399668	0.00000512	0x00	0xFF
SPI [1]	result	1.04442341	0.00000512	0x08	0xFF
SPI [1]	result	1.04442869	0.00000512	0x00	0xFF
SPI [1]	result	1.04443397	0.00000512	0x88	0xFF
SPI [1]	result	1.04443925	0.00000512	0x32	0xFF
SPI [1]	result	1.08307806	0.00000512	0x00	0x00
SPI [1]	result	1.08308334	0.00000512	0x00	0x00
SPI [1]	result	1.08308862	0.00000512	0x08	0x00
SPI [1]	result	1.08309390	0.00000512	0x20	0x3F
SPI [1]	result	1.08353605	0.00000512	0x0F	0xFF
SPI [1]	result	1.08354133	0.00000512	0x10	0xFF
SPI [1]	result	1.08354661	0.00000512	0x80	0xFF
SPI [1]	result	1.08355189	0.00000512	0x1A	0xFF
SPI [1]	result	1.08395545	0.00000512	0x00	0xFF
SPI [1]	result	1.08396073	0.00000512	0x00	0xFF
SPI [1]	result	1.08396601	0.00000512	0x00	0xFF
SPI [1]	result	1.08397129	0.00000512	0x00	0xFF
SPI [1]	result	1.08437373	0.00000512	0x08	0xFF
SPI [1]	result	1.08437901	0.00000512	0x00	0xFF
SPI [1]	result	1.08438429	0.00000512	0x88	0xFF
SPI [1]	result	1.08438957	0.00000512	0x32	0xFF
SPI [1]	result	1.12307685	0.00000512	0x00	0x00
SPI [1]	result	1.12308213	0.00000512	0x00	0x00
SPI [1]	result	1.12308741	0.00000512	0x08	0x02
SPI [1]	result	1.12309269	0.00000512	0x20	0x3F
SPI [1]	result	1.12352603	0.00000512	0x08	0xFF
SPI [1]	result	1.12353131	0.00000512	0x10	0xFF
SPI [1]	result	1.12353659	0.00000512	0x80	0xFF
SPI [1]	result	1.12354187	0.00000512	0x22	0xFF
SPI [1]	result	1.12394429	0.00000512	0x00	0xFF
SPI [1]	result	1.12394957	0.00000512	0x00	0xFF
SPI [1]	result	1.12395485	0.00000512	0x09	0xFF
SPI [1]	result	1.12396013	0.00000512	0xA6	0xFF
SPI [1]	result	1.12435994	0.00000512	0x09	0xFF
SPI [1]	result	1.12436522	0.00000512	0x00	0xFF
SPI [1]	result	1.12437050	0.00000512	0x88	0xFF
SPI [1]	result	1.12437578	0.00000512	0x3A	0xFF
SPI [1]	result	1.12477550	0.00000512	0x00	0xFF
SPI [1]	result	1.12478078	0.00000512	0x00	0xFF
SPI [1]	result	1.12478606	0.00000512	0x00	0xFF
SPI [1]	result	1.12479134	0.00000512	0x00	0xFF
SPI [1]	result	1.12519307	0.00000512	0x08	0xFF
SPI [1]	result	1.12519835	0.00000512	0x00	0xFF
SPI [1]	result	1.12520363	0.00000512	0x89	0xFF
SPI [1]	result	1.12520891	0.00000512	0xB8	0xFF
SPI [1]	result	1.16306420	0.00000512	0x00	0x00
SPI [1]	result	1.16306948	0.00000512	0x00	0x00
SPI [1]	result	1.16307476	0.00000512	0x08	0x00
SPI [1]	result	1.16308004	0.00000512	0x20	0x3F
SPI [1]	result	1.16348517	0.00000512	0x0A	0xFF
SPI [1]	result	1.16349045	0.00000512	0x10	0xFF
SPI [1]	result	1.16349573	0.00000512	0x80	0xFF
SPI [1]	result	1.16350101	0.00000512	0x32	0xFF
SPI [1]	result	1.16390061	0.00000512	0x00	0xFF
SPI [1]	result	1.16390589	0.00000512	0x00	0xFF
SPI [1]	result	1.16391117	0.00000512	0x00	0xFF
SPI [1]	result	1.16391645	0.00000512	0x00	0xFF
SPI [1]	result	1.16431715	0.00000512	0x08	0xFF
SPI [1]	result	1.16432243	0.00000512	0x00	0xFF
SPI [1]	result	1.16432771	0.00000512	0x88	0xFF
SPI [1]	result	1.16433299	0.00000512	0x32	0xFF
SPI [1]	result	1.20306134	0.00000512	0x00	0x00
SPI [1]	result	1.20306662	0.00000512	0x00	0x00
SPI [1]	result	1.20307190	0.00000512	0x08	0x00
SPI [1]	result	1.20307718	0.00000512	0x20	0x3F
SPI [1]	result	1.20348079	0.00000512	0x0B	0xFF
SPI [1]	result	1.20348607	0.00000512	0x10	0xFF
SPI [1]	result	1.20349135	0.00000512	0x80	0xFF
SPI [1]	result	1.20349663	0.00000512	0x3A	0xFF
SPI [1]	result	1.20389799	0.00000512	0x00	0xFF
SPI [1]	result	1.20390327	0.00000512	0x00	0xFF
SPI [1]	result	1.20390855	0.00000512	0x00	0xFF
SPI [1]	result	1.20391383	0.00000512	0x00	0xFF
SPI [1]	result	1.20431284	0.00000512	0x08	0xFF
SPI [1]	result	1.20431812	0.00000512	0x00	0xFF
SPI [1]	result	1.20432340	0.00000512	0x88	0xFF
SPI [1]	result	1.20432868	0.00000512	0x32	0xFF
SPI [1]	result	1.24306414	0.00000512	0x00	0x00
SPI [1]	result	1.24306942	0.00000512	0x00	0x00
SPI [1]	result	1.24307470	0.00000512	0x08	0x00
SPI [1]	result	1.24307998	0.00000512	0x20	0x3F
SPI [1]	result	1.24348422	0.00000512	0x0C	0x1F
SPI [1]	result	1.24348950	0.00000512	0x10	0xFF
SPI [1]	result	1.24349478	0.00000512	0x80	0xFF
SPI [1]	result	1.24350006	0.00000512	0x02	0xFF
SPI [1]	result	1.24390159	0.00000512	0x00	0xFF
SPI [1]	result	1.24390687	0.00000512	0x00	0xFF
SPI [1]	result	1.24391215	0.00000512	0x09	0xFF
SPI [1]	result	1.24391743	0.00000512	0xA6	0xFF
SPI [1]	result	1.24431892	0.00000512	0x0D	0xFF
SPI [1]	result	1.24432420	0.00000512	0x00	0xFF
SPI [1]	result	1.24432948	0.00000512	0x88	0xFF
SPI [1]	result	1.24433476	0.00000512	0x1A	0xFF
SPI [1]	result	1.24473317	0.00000512	0x00	0xFF
SPI [1]	result	1.24473845	0.00000512	0x00	0xFF
SPI [1]	result	1.24474373	0.00000512	0x00	0xFF
SPI [1]	result	1.24474901	0.00000512	0x00	0xFF
SPI [1]	result	1.24515065	0.00000512	0x08	0xFF
SPI [1]	result	1.24515593	0.00000512	0x00	0xFF
SPI [1]	result	1.24516121	0.00000512	0x89	0xFF
SPI [1]	result	1.24516649	0.00000512	0xB8	0xFF
SPI [1]	result	1.28306213	0.00000512	0x00	0x00
SPI [1]	result	1.28306741	0.00000512	0x00	0x00
SPI [1]	result	1.28307269	0.00000512	0x08	0x00
SPI [1]	result	1.28307797	0.00000512	0x20	0x3F
SPI [1]	result	1.28348332	0.00000512	0x0E	0xFF
SPI [1]	result	1.28348860	0.00000512	0x10	0xFF
SPI [1]	result	1.28349388	0.00000512	0x80	0xFF
SPI [1]	result	1.28349916	0.00000512	0x12	0xFF
SPI [1]	result	1.28390072	0.00000512	0x00	0xFF
SPI [1]	result	1.28390600	0.00000512	0x00	0xFF
SPI [1]	result	1.28391128	0.00000512	0x00	0xFF
SPI [1]	result	1.28391656	0.00000512	0x00	0xFF
SPI [1]	result	1.28431500	0.00000512	0x08	0xFF
SPI [1]	result	1.28432028	0.00000512	0x00	0xFF
SPI [1]	result	1.28432556	0.00000512	0x88	0xFF
SPI [1]	result	1.28433084	0.00000512	0x32	0xFF
SPI [1]	result	1.32306569	0.00000512	0x00	0x00
SPI [1]	result	1.32307097	0.00000512	0x00	0x00
SPI [1]	result	1.32307625	0.00000512	0x08	0x00
SPI [1]	result	1.32308153	0.00000512	0x20	0x3F
SPI [1]	result	1.32350123	0.00000512	0x0F	0xAF
SPI [1]	result	1.32350651	0.00000512	0x10	0xFF
SPI [1]	result	1.32351179	0.00000512	0x80	0xFF
SPI [1]	result	1.32351707	0.00000512	0x1A	0xFF
SPI [1]	result	1.32391682	0.00000512	0x00	0xFF
SPI [1]	result	1.32392210	0.00000512	0x00	0xFF
SPI [1]	result	1.32392738	0.00000512	0x00	0xFF
SPI [1]	result	1.32393266	0.00000512	0x00	0xFF
SPI [1]	result	1.32433371	0.00000512	0x08	0xFF
SPI [1]	result	1.32433899	0.00000512	0x00	0xFF
SPI [1]	result	1.32434427	0.00000512	0x88	0xFF
SPI [1]	result	1.32434955	0.00000512	0x32	0xFF
SPI [1]	result	1.36306431	0.00000512	0x00	0x00
SPI [1]	result	1.36306959	0.00000512	0x00	0x00
SPI [1]	result	1.36307487	0.00000512	0x08	0x00
SPI [1]	result	1.36308015	0.00000512	0x20	0x3F
SPI [1]	result	1.36352614	0.00000512	0x08	0xAF
SPI [1]	result	1.36353142	0.00000512	0x10	0xFF
SPI [1]	result	1.36353670	0.00000512	0x80	0xFF
SPI [1]	result	1.36354198	0.00000512	0x22	0xFF
SPI [1]	result	1.36394918	0.00000512	0x00	0xFF
SPI [1]	result	1.36395446	0.00000512	0x00	0xFF
SPI [1]	result	1.36395974	0.00000512	0x09	0xFF
SPI [1]	result	1.36396502	0.00000512	0xA6	0xFF
SPI [1]	result	1.36436379	0.00000512	0x09	0xFF
SPI [1]	result	1.36436907	0.00000512	0x00	0xFF
SPI [1]	result	1.36437435	0.00000512	0x88	0xFF
SPI [1]	result	1.36437963	0.00000512	0x3A	0xFF
SPI [1]	result	1.36478070	0.00000512	0x00	0xFF
SPI [1]	result	1.36478598	0.00000512	0x00	0xFF
SPI [1]	result	1.36479126	0.00000512	0x00	0xFF
SPI [1]	result	1.36479654	0.00000512	0x00	0xFF
SPI [1]	result	1.36519750	0.00000512	0x08	0xFF
SPI [1]	result	1.36520278	0.00000512	0x00	0xFF
SPI [1]	result	1.36520806	0.00000512	0x89	0xFF
SPI [1]	result	1.36521334	0.00000512	0xB8	0xFF
SPI [1]	result	1.40306450	0.00000512	0x00	0x00
SPI [1]	result	1.40306978	0.00000512	0x00	0x00
SPI [1]	result	1.40307506	0.00000512	0x08	0x04
SPI [1]	result	1.40308034	0.00000512	0x20	0x3F
SPI [1]	result	1.40349567	0.00000512	0x0A	0xFF
SPI [1]	result	1.40350095	0.00000512	0x10	0xFF
SPI [1]	result	1.40350623	0.00000512	0x80	0xFF
SPI [1]	result	1.40351151	0.00000512	0x32	0xFF
SPI [1]	result	1.40391071	0.00000512	0x00	0xFF
SPI [1]	result	1.40391599	0.00000512	0x00	0xFF
SPI [1]	result	1.40392127	0.00000512	0x00	0xFF
SPI [1]	result	1.40392655	0.00000512	0x00	0xFF
SPI [1]	result	1.40432756	0.00000512	0x08	0xFF
SPI [1]	result	1.40433284	0.00000512	0x00	0xFF
SPI [1]	result	1.40433812	0.00000512	0x88	0xFF
SPI [1]	result	1.40434340	0.00000512	0x32	0xFF
SPI [1]	result	1.44306204	0.00000512	0x00	0x00
SPI [1]	result	1.44306732	0.00000512	0x00	0x00
SPI [1]	result	1.44307260	0.00000512	0x08	0x00
SPI [1]	result	1.44307788	0.00000512	0x20	0x00
SPI [1]	result	1.44348097	0.00000512	0x0B	0x00
SPI [1]	result	1.44348625	0.00000512	0x10	0x00
SPI [1]	result	1.44349153	0.00000512	0x80	0x00
SPI [1]	result	1.44349681	0.00000512	0x3A	0x00
SPI [1]	result	1.44389790	0.00000512	0x00	0x00
SPI [1]	result	1.44390318	0.00000512	0x00	0x00
SPI [1]	result	1.44390846	0.00000512	0x00	0x00
SPI [1]	result	1.44391374	0.00000512	0x00	0x00
SPI [1]	result	1.44431492	0.00000512	0x08	0x00
SPI [1]	result	1.44432020	0.00000512	0x00	0x00
SPI [1]	result	1.44432548	0.00000512	0x88	0x00
SPI [1]	result	1.44433076	0.00000512	0x32	0x00
SPI [1]	result	1.48306670	0.00000512	0x00	0xFF
SPI [1]	result	1.48307198	0.00000512	0x00	0xFF
SPI [1]	result	1.48307726	0.00000512	0x08	0xFF
SPI [1]	result	1.48308254	0.00000512	0x20	0xFF
SPI [1]	result	1.48349731	0.00000512	0x0C	0xFF
SPI [1]	result	1.48350259	0.00000512	0x10	0xFF
SPI [1]	result	1.48350787	0.00000512	0x80	0xFF
SPI [1]	result	1.48351315	0.00000512	0x02	0xFF
SPI [1]	result	1.48391533	0.00000512	0x00	0xFF
SPI [1]	result	1.48392061	0.00000512	0x00	0xFF
SPI [1]	result	1.48392589	0.00000512	0x09	0xFF
SPI [1]	result	1.48393117	0.00000512	0xA6	0xFF
SPI [1]	result	1.48433033	0.00000512	0x0D	0xFF
SPI [1]	result	1.48433561	0.00000512	0x00	0xFF
SPI [1]	result	1.48434089	0.00000512	0x88	0xFF
SPI [1]	result	1.48434617	0.00000512	0x1A	0xFF
SPI [1]	result	1.48474694	0.00000512	0x00	0xFF
SPI [1]	result	1.48475222	0.00000512	0x00	0xFF
SPI [1]	result	1.48475750	0.00000512	0x00	0xFF
SPI [1]	result	1.48476278	0.00000512	0x00	0xFF
SPI [1]	result	1.48516350	0.00000512	0x08	0xFF
SPI [1]	result	1.48516878	0.00000512	0x00	0xFF
SPI [1]	result	1.48517406	0.00000512	0x89	0xFF
SPI [1]	result	1.48517934	0.00000512	0xB8	0xFF
SPI [1]	result	1.52307255	0.00000512	0x00	0xFF
SPI [1]	result	1.52307783	0.00000512	0x00	0xFF
SPI [1]	result	1.52308311	0.00000512	0x08	0xFF
SPI [1]	result	1.52308839	0.00000512	0x20	0xFF
SPI [1]	result	1.52352781	0.00000512	0x0E	0xFF
SPI [1]	result	1.52353309	0.00000512	0x10	0xFF
SPI [1]	result	1.52353837	0.00000512	0x80	0xFF
SPI [1]	result	1.52354365	0.00000512	0x12	0xFF
SPI [1]	result	1.52394333	0.00000512	0x00	0xFF
SPI [1]	result	1.52394861	0.00000512	0x00	0xFF
SPI [1]	result	1.52395389	0.00000512	0x00	0xFF
SPI [1]	result	1.52395917	0.00000512	0x00	0xFF
SPI [1]	result	1.52436024	0.00000512	0x08	0xFF
SPI [1]	result	1.52436552	0.00000512	0x00	0xFF
SPI [1]	result	1.52437080	0.00000512	0x88	0xFF
SPI [1]	result	1.52437608	0.00000512	0x32	0xFF
SPI [1]	result	1.56306523	0.00000512	0x00	0x00
SPI [1]	result	1.56307051	0.00000512	0x00	0x00
SPI [1]	result	1.56307579	0.00000512	0x08	0x00
SPI [1]	result	1.56308107	0.00000512	0x20	0x00
SPI [1]	result	1.56349334	0.00000512	0x0F	0x08
SPI [1]	result	1.56349862	0.00000512	0x10	0x00
SPI [1]	result	1.56350390	0.00000512	0x80	0x88
SPI [1]	result	1.56350918	0.00000512	0x1A	0x32
SPI [1]	result	1.56391190	0.00000512	0x00	0x91
SPI [1]	result	1.56391718	0.00000512	0x00	0x81
SPI [1]	result	1.56392246	0.00000512	0x00	0x08
SPI [1]	result	1.56392774	0.00000512	0x00	0x30
SPI [1]	result	1.56432904	0.00000512	0x08	0x0F
SPI [1]	result	1.56433432	0.00000512	0x00	0x00
SPI [1]	result	1.56433960	0.00000512	0x88	0x80
SPI [1]	result	1.56434488	0.00000512	0x32	0x0A
SPI [1]	result	1.60307386	0.00000512	0x00	0x00
SPI [1]	result	1.60307914	0.00000512	0x00	0x00
SPI [1]	result	1.60308442	0.00000512	0x08	0x00
SPI [1]	result	1.60308970	0.00000512	0x20	0x3F
SPI [1]	result	1.60352486	0.00000512	0x08	0x0F
SPI [1]	result	1.60353014	0.00000512	0x10	0xFF
SPI [1]	result	1.60353542	0.00000512	0x80	0xFF
SPI [1]	result	1.60354070	0.00000512	0x22	0xFF
SPI [1]	result	1.60394388	0.00000512	0x00	0xFF
SPI [1]	result	1.60394916	0.00000512	0x00	0xFF
SPI [1]	result	1.60395444	0.00000512	0x09	0xFF
SPI [1]	result	1.60395972	0.00000512	0xA6	0xFF
SPI [1]	result	1.60436185	0.00000512	0x09	0xFF
SPI [1]	result	1.60436713	0.00000512	0x00	0xFF
SPI [1]	result	1.60437241	0.00000512	0x88	0xFF
SPI [1]	result	1.60437769	0.00000512	0x3A	0xFF
SPI [1]	result	1.60477679	0.00000512	0x00	0xFF
SPI [1]	result	1.60478207	0.00000512	0x00	0xFF
SPI [1]	result	1.60478735	0.00000512	0x00	0xFF
SPI [1]	result	1.60479263	0.00000512	0x00	0xFF
SPI [1]	result	1.60519496	0.00000512	0x08	0xFF
SPI [1]	result	1.60520024	0.00000512	0x00	0xFF
SPI [1]	result	1.60520552	0.00000512	0x89	0xFF
SPI [1]	result	1.60521080	0.00000512	0xB8	0xFF
SPI [1]	result	1.64306237	0.00000512	0x00	0x00
SPI [1]	result	1.64306765	0.00000512	0x00	0x00
SPI [1]	result	1.64307293	0.00000512	0x08	0x00
SPI [1]	result	1.64307821	0.00000512	0x20	0x3F
SPI [1]	result	1.64348433	0.00000512	0x0A	0xFF
SPI [1]	result	1.64348961	0.00000512	0x10	0xFF
SPI [1]	result	1.64349489	0.00000512	0x80	0xFF
SPI [1]	result	1.64350017	0.00000512	0x32	0xFF
SPI [1]	result	1.64390133	0.00000512	0x00	0xFF
SPI [1]	result	1.64390661	0.00000512	0x00	0xFF
SPI [1]	result	1.64391189	0.00000512	0x00	0xFF
SPI [1]	result	1.64391717	0.00000512	0x00	0xFF
SPI [1]	result	1.64431537	0.00000512	0x08	0xFF
SPI [1]	result	1.64432065	0.00000512	0x00	0xFF
SPI [1]	result	1.64432593	0.00000512	0x88	0xFF
SPI [1]	result	1.64433121	0.00000512	0x32	0xFF
SPI [1]	result	1.68306075	0.00000512	0x00	0x00
SPI [1]	result	1.68306603	0.00000512	0x00	0x00
SPI [1]	result	1.68307131	0.00000512	0x08	0x04
SPI [1]	result	1.68307659	0.00000512	0x20	0x3F
SPI [1]	result	1.68347954	0.00000512	0x0B	0xFF
SPI [1]	result	1.68348482	0.00000512	0x10	0xFF
SPI [1]	result	1.68349010	0.00000512	0x80	0xFF
SPI [1]	result	1.68349538	0.00000512	0x3A	0xFF
SPI [1]	result	1.68389614	0.00000512	0x00	0xFF
SPI [1]	result	1.68390142	0.00000512	0x00	0xFF
SPI [1]	result	1.68390670	0.00000512	0x00	0xFF
SPI [1]	result	1.68391198	0.00000512	0x00	0xFF
SPI [1]	result	1.68431249	0.00000512	0x08	0xFF
SPI [1]	result	1.68431777	0.00000512	0x00	0xFF
SPI [1]	result	1.68432305	0.00000512	0x88	0xFF
SPI [1]	result	1.68432833	0.00000512	0x32	0xFF
SPI [1]	result	1.72306455	0.00000512	0x00	0x00
SPI [1]	result	1.72306983	0.00000512	0x00	0x00
SPI [1]	result	1.72307511	0.00000512	0x08	0x00
SPI [1]	result	1.72308039	0.00000512	0x20	0x3F
SPI [1]	result	1.72348224	0.00000512	0x0C	0xFF
SPI [1]	result	1.72348752	0.00000512	0x10	0xFF
SPI [1]	result	1.72349280	0.00000512	0x80	0xFF
SPI [1]	result	1.72349808	0.00000512	0x02	0xFF
SPI [1]	result	1.72389922	0.00000512	0x00	0xFF
SPI [1]	result	1.72390450	0.00000512	0x00	0xFF
SPI [1]	result	1.72390978	0.00000512	0x09	0xFF
SPI [1]	result	1.72391506	0.00000512	0xA6	0xFF
SPI [1]	result	1.72437785	0.00000512	0x0D	0xFF
SPI [1]	result	1.72438313	0.00000512	0x00	0xFF
SPI [1]	result	1.72438841	0.00000512	0x88	0xFF
SPI [1]	result	1.72439369	0.00000512	0x1A	0xFF
SPI [1]	result	1.72479839	0.00000512	0x00	0xFF
SPI [1]	result	1.72480367	0.00000512	0x00	0xFF
SPI [1]	result	1.72480895	0.00000512	0x00	0xFF
SPI [1]	result	1.72481423	0.00000512	0x00	0xFF
SPI [1]	result	1.72521545	0.00000512	0x08	0xFF
SPI [1]	result	1.72522073	0.00000512	0x00	0xFF
SPI [1]	result	1.72522601	0.00000512	0x89	0xFF
SPI [1]	result	1.72523129	0.00000512	0xB8	0xFF
SPI [1]	result	1.76306245	0.00000512	0x00	0x00
SPI [1]	result	1.76306773	0.00000512	0x00	0x00
SPI [1]	result	1.76307301	0.00000512	0x08	0x00
SPI [1]	result	1.76307829	0.00000512	0x20	0x3F
SPI [1]	result	1.76347967	0.00000512	0x0E	0xFF
SPI [1]	result	1.76348495	0.00000512	0x10	0xFF
SPI [1]	result	1.76349023	0.00000512	0x80	0xFF
SPI [1]	result	1.76349551	0.00000512	0x12	0xFF
SPI [1]	result	1.76389645	0.00000512	0x00	0xFF
SPI [1]	result	1.76390173	0.00000512	0x00	0xFF
SPI [1]	result	1.76390701	0.00000512	0x00	0xFF
SPI [1]	result	1.76391229	0.00000512	0x00	0xFF
SPI [1]	result	1.76431455	0.00000512	0x08	0xFF
SPI [1]	result	1.76431983	0.00000512	0x00	0xFF
SPI [1]	result	1.76432511	0.00000512	0x88	0xFF
SPI [1]	result	1.76433039	0.00000512	0x32	0xFF
SPI [1]	result	1.80306173	0.00000512	0x00	0x00
SPI [1]	result	1.80306701	0.00000512	0x00	0x00
SPI [1]	result	1.80307229	0.00000512	0x08	0x04
SPI [1]	result	1.80307757	0.00000512	0x20	0x3F
SPI [1]	result	1.80348314	0.00000512	0x0F	0xFF
SPI [1]	result	1.80348842	0.00000512	0x10	0xFF
SPI [1]	result	1.80349370	0.00000512	0x80	0xFF
SPI [1]	result	1.80349898	0.00000512	0x1A	0xFF
SPI [1]	result	1.80390013	0.00000512	0x00	0xFF
SPI [1]	result	1.80390541	0.00000512	0x00	0xFF
SPI [1]	result	1.80391069	0.00000512	0x00	0xFF
SPI [1]	result	1.80391597	0.00000512	0x00	0xFF
SPI [1]	result	1.80431483	0.00000512	0x08	0xFF
SPI [1]	result	1.80432011	0.00000512	0x00	0xFF
SPI [1]	result	1.80432539	0.00000512	0x88	0xFF
SPI [1]	result	1.80433067	0.00000512	0x32	0xFF
SPI [1]	result	1.84306283	0.00000512	0x00	0x00
SPI [1]	result	1.84306811	0.00000512	0x00	0x00
SPI [1]	result	1.84307339	0.00000512	0x08	0x00
SPI [1]	result	1.84307867	0.00000512	0x20	0x3F
SPI [1]	result	1.84348130	0.00000512	0x08	0x8F
SPI [1]	result	1.84348658	0.00000512	0x10	0xFF
SPI [1]	result	1.84349186	0.00000512	0x80	0xFF
SPI [1]	result	1.84349714	0.00000512	0x22	0xFF
SPI [1]	result	1.84389958	0.00000512	0x00	0xFF
SPI [1]	result	1.84390486	0.00000512	0x00	0xFF
SPI [1]	result	1.84391014	0.00000512	0x09	0xFF
SPI [1]	result	1.84391542	0.00000512	0xA6	0xFF
SPI [1]	result	1.84431636	0.00000512	0x09	0xFF
SPI [1]	result	1.84432164	0.00000512	0x00	0xFF
SPI [1]	result	1.84432692	0.00000512	0x88	0xFF
SPI [1]	result	1.84433220	0.00000512	0x3A	0xFF
SPI [1]	result	1.84473015	0.00000512	0x00	0xFF
SPI [1]	result	1.84473543	0.00000512	0x00	0xFF
SPI [1]	result	1.84474071	0.00000512	0x00	0xFF
SPI [1]	result	1.84474599	0.00000512	0x00	0xFF
SPI [1]	result	1.84514777	0.00000512	0x08	0xFF
SPI [1]	result	1.84515305	0.00000512	0x00	0xFF
SPI [1]	result	1.84515833	0.00000512	0x89	0xFF
SPI [1]	result	1.84516361	0.00000512	0xB8	0xFF
SPI [1]	result	1.88307768	0.00000512	0x00	0x00
SPI [1]	result	1.88308296	0.00000512	0x00	0x00
SPI [1]	result	1.88308824	0.00000512	0x08	0x00
SPI [1]	result	1.88309352	0.00000512	0x20	0x00
SPI [1]	result	1.88355034	0.00000512	0x0A	0x00
SPI [1]	result	1.88355562	0.00000512	0x10	0x00
SPI [1]	result	1.88356090	0.00000512	0x80	0x00
SPI [1]	result	1.88356618	0.00000512	0x32	0x00
SPI [1]	result	1.88396885	0.00000512	0x00	0x00
SPI [1]	result	1.88397413	0.00000512	0x00	0x00
SPI [1]	result	1.88397941	0.00000512	0x00	0x00
SPI [1]	result	1.88398469	0.00000512	0x00	0x00
SPI [1]	result	1.88438622	0.00000512	0x08	0x00
SPI [1]	result	1.88439150	0.00000512	0x00	0x00
SPI [1]	result	1.88439678	0.00000512	0x88	0x00
SPI [1]	result	1.88440206	0.00000512	0x32	0x00
SPI [1]	result	1.92306446	0.00000512	0x00	0xFF
SPI [1]	result	1.92306974	0.00000512	0x00	0xFF
SPI [1]	result	1.92307502	0.00000512	0x08	0xFF
SPI [1]	result	1.92308030	0.00000512	0x20	0xFF
SPI [1]	result	1.92349398	0.00000512	0x0B	0xFF
SPI [1]	result	1.92349926	0.00000512	0x10	0xFF
SPI [1]	result	1.92350454	0.00000512	0x80	0xFF
SPI [1]	result	1.92350982	0.00000512	0x3A	0xFF
SPI [1]	result	1.92391459	0.00000512	0x00	0xFF
SPI [1]	result	1.92391987	0.00000512	0x00	0xFF
SPI [1]	result	1.92392515	0.00000512	0x00	0xFF
SPI [1]	result	1.92393043	0.00000512	0x00	0xFF
SPI [1]	result	1.92433230	0.00000512	0x08	0xFF
SPI [1]	result	1.92433758	0.00000512	0x00	0xFF
SPI [1]	result	1.92434286	0.00000512	0x88	0xFF
SPI [1]	result	1.92434814	0.00000512	0x32	0xFF
SPI [1]	result	1.96306438	0.00000512	0x00	0x00
SPI [1]	result	1.96306966	0.00000512	0x00	0x00
SPI [1]	result	1.96307494	0.00000512	0x08	0x00
SPI [1]	result	1.96308022	0.00000512	0x20	0x00
SPI [1]	result	1.96348890	0.00000512	0x0C	0x00
SPI [1]	result	1.96349418	0.00000512	0x10	0x00
SPI [1]	result	1.96349946	0.00000512	0x80	0x00
SPI [1]	result	1.96350474	0.00000512	0x02	0x00
SPI [1]	result	1.96390792	0.00000512	0x00	0x00
SPI [1]	result	1.96391320	0.00000512	0x00	0x00
SPI [1]	result	1.96391848	0.00000512	0x09	0x00
SPI [1]	result	1.96392376	0.00000512	0xA6	0x00
SPI [1]	result	1.96432483	0.00000512	0x0D	0x00
SPI [1]	result	1.96433011	0.00000512	0x00	0x00
SPI [1]	result	1.96433539	0.00000512	0x88	0x00
SPI [1]	result	1.96434067	0.00000512	0x1A	0x00
SPI [1]	result	1.96474212	0.00000512	0x00	0x00
SPI [1]	result	1.96474740	0.00000512	0x00	0x00
SPI [1]	result	1.96475268	0.00000512	0x00	0x00
SPI [1]	result	1.96475796	0.00000512	0x00	0x00
SPI [1]	result	1.96515703	0.00000512	0x08	0x00
SPI [1]	result	1.96516231	0.00000512	0x00	0x00
SPI [1]	result	1.96516759	0.00000512	0x89	0x00
SPI [1]	result	1.96517287	0.00000512	0xB8	0x00
SPI [1]	result	2.00306676	0.00000512	0x00	0x00
SPI [1]	result	2.00307204	0.00000512	0x00	0x00
SPI [1]	result	2.00307732	0.00000512	0x08	0x00
SPI [1]	result	2.00308260	0.00000512	0x20	0x3F
SPI [1]	result	2.00350555	0.00000512	0x0E	0x0F
SPI [1]	result	2.00351083	0.00000512	0x10	0xFF
SPI [1]	result	2.00351611	0.00000512	0x80	0xFF
SPI [1]	result	2.00352139	0.00000512	0x12	0xFF
SPI [1]	result	2.00392380	0.00000512	0x00	0xFF
SPI [1]	result	2.00392908	0.00000512	0x00	0xFF
SPI [1]	result	2.00393436	0.00000512	0x00	0xFF
SPI [1]	result	2.00393964	0.00000512	0x00	0xFF
SPI [1]	result	2.00434169	0.00000512	0x08	0xFF
SPI [1]	result	2.00434697	0.00000512	0x00	0xFF
SPI [1]	result	2.00435225	0.00000512	0x88	0xFF
SPI [1]	result	2.00435753	0.00000512	0x32	0xFF
SPI [1]	result	2.04306906	0.00000512	0x00	0x00
SPI [1]	result	2.04307434	0.00000512	0x00	0x00
SPI [1]	result	2.04307962	0.00000512	0x08	0x00
SPI [1]	result	2.04308490	0.00000512	0x20	0x3F
SPI [1]	result	2.04352217	0.00000512	0x0F	0x3F
SPI [1]	result	2.04352745	0.00000512	0x10	0xFF
SPI [1]	result	2.04353273	0.00000512	0x80	0xFF
SPI [1]	result	2.04353801	0.00000512	0x1A	0xFF
SPI [1]	result	2.04397282	0.00000512	0x00	0xFF
SPI [1]	result	2.04397810	0.00000512	0x00	0xFF
SPI [1]	result	2.04398338	0.00000512	0x00	0xFF
SPI [1]	result	2.04398866	0.00000512	0x00	0xFF
SPI [1]	result	2.04441853	0.00000512	0x08	0xFF
SPI [1]	result	2.04442381	0.00000512	0x00	0xFF
SPI [1]	result	2.04442909	0.00000512	0x88	0xFF
SPI [1]	result	2.04443437	0.00000512	0x32	0xFF
SPI [1]	result	2.08307568	0.00000512	0x00	0x00
SPI [1]	result	2.08308096	0.00000512	0x00	0x00
SPI [1]	result	2.08308624	0.00000512	0x08	0x04
SPI [1]	result	2.08309152	0.00000512	0x20	0x3F
SPI [1]	result	2.08353042	0.00000512	0x08	0xFF
SPI [1]	result	2.08353570	0.00000512	0x10	0xFF
SPI [1]	result	2.08354098	0.00000512	0x80	0xFF
SPI [1]	result	2.08354626	0.00000512	0x22	0xFF
SPI [1]	result	2.08394992	0.00000512	0x00	0xFF
SPI [1]	result	2.08395520	0.00000512	0x00	0xFF
SPI [1]	result	2.08396048	0.00000512	0x09	0xFF
SPI [1]	result	2.08396576	0.00000512	0xA6	0xFF
SPI [1]	result	2.08436707	0.00000512	0x09	0xFF
SPI [1]	result	2.08437235	0.00000512	0x00	0xFF
SPI [1]	result	2.08437763	0.00000512	0x88	0xFF
SPI [1]	result	2.08438291	0.00000512	0x3A	0xFF
SPI [1]	result	2.08484102	0.00000512	0x00	0xFF
SPI [1]	result	2.08484630	0.00000512	0x00	0xFF
SPI [1]	result	2.08485158	0.00000512	0x00	0xFF
SPI [1]	result	2.08485686	0.00000512	0x00	0xFF
SPI [1]	result	2.08526017	0.00000512	0x08	0xFF
SPI [1]	result	2.08526545	0.00000512	0x00	0xFF
SPI [1]	result	2.08527073	0.00000512	0x89	0xFF
SPI [1]	result	2.08527601	0.00000512	0xB8	0xFF
SPI [1]	result	2.12306526	0.00000512	0x00	0x00
SPI [1]	result	2.12307054	0.00000512	0x00	0x00
SPI [1]	result	2.12307582	0.00000512	0x08	0x00
SPI [1]	result	2.12308110	0.00000512	0x20	0x3F
SPI [1]	result	2.12349834	0.00000512	0x0A	0xFF
SPI [1]	result	2.12350362	0.00000512	0x10	0xFF
SPI [1]	result	2.12350890	0.00000512	0x80	0xFF
SPI [1]	result	2.12351418	0.00000512	0x32	0xFF
SPI [1]	result	2.12391719	0.00000512	0x00	0xFF
SPI [1]	result	2.12392247	0.00000512	0x00	0xFF
SPI [1]	result	2.12392775	0.00000512	0x00	0xFF
SPI [1]	result	2.12393303	0.00000512	0x00	0xFF
SPI [1]	result	2.12433451	0.00000512	0x08	0xFF
SPI [1]	result	2.12433979	0.00000512	0x00	0xFF
SPI [1]	result	2.12434507	0.00000512	0x88	0xFF
SPI [1]	result	2.12435035	0.00000512	0x32	0xFF
SPI [1]	result	2.16306268	0.00000512	0x00	0x00
SPI [1]	result	2.16306796	0.00000512	0x00	0x00
SPI [1]	result	2.16307324	0.00000512	0x08	0x00
SPI [1]	result	2.16307852	0.00000512	0x20	0x3F
SPI [1]	result	2.16348407	0.00000512	0x0B	0xFF
SPI [1]	result	2.16348935	0.00000512	0x10	0xFF
SPI [1]	result	2.16349463	0.00000512	0x80	0xFF
SPI [1]	result	2.16349991	0.00000512	0x3A	0xFF
SPI [1]	result	2.16390211	0.00000512	0x00	0xFF
SPI [1]	result	2.16390739	0.00000512	0x00	0xFF
SPI [1]	result	2.16391267	0.00000512	0x00	0xFF
SPI [1]	result	2.16391795	0.00000512	0x00	0xFF
SPI [1]	result	2.16431896	0.00000512	0x08	0xFF
SPI [1]	result	2.16432424	0.00000512	0x00	0xFF
SPI [1]	result	2.16432952	0.00000512	0x88	0xFF
SPI [1]	result	2.16433480	0.00000512	0x32	0xFF
SPI [1]	result	2.20306646	0.00000512	0x00	0x00
SPI [1]	result	2.20307174	0.00000512	0x00	0x00
SPI [1]	result	2.20307702	0.00000512	0x08	0x04
SPI [1]	result	2.20308230	0.00000512	0x20	0x3F
SPI [1]	result	2.20349246	0.00000512	0x0C	0xFF
SPI [1]	result	2.20349774	0.00000512	0x10	0xFF
SPI [1]	result	2.20350302	0.00000512	0x80	0xFF
SPI [1]	result	2.20350830	0.00000512	0x02	0xFF
SPI [1]	result	2.20391043	0.00000512	0x00	0xFF
SPI [1]	result	2.20391571	0.00000512	0x00	0xFF
SPI [1]	result	2.20392099	0.00000512	0x09	0xFF
SPI [1]	result	2.20392627	0.00000512	0xA6	0xFF
SPI [1]	result	2.20432785	0.00000512	0x0D	0xFF
SPI [1]	result	2.20433313	0.00000512	0x00	0xFF
SPI [1]	result	2.20433841	0.00000512	0x88	0xFF
SPI [1]	result	2.20434369	0.00000512	0x1A	0xFF
SPI [1]	result	2.20474523	0.00000512	0x00	0xFF
SPI [1]	result	2.20475051	0.00000512	0x00	0xFF
SPI [1]	result	2.20475579	0.00000512	0x00	0xFF
SPI [1]	result	2.20476107	0.00000512	0x00	0xFF
SPI [1]	result	2.20516189	0.00000512	0x08	0xFF
SPI [1]	result	2.20516717	0.00000512	0x00	0xFF
SPI [1]	result	2.20517245	0.00000512	0x89	0xFF
SPI [1]	result	2.20517773	0.00000512	0xB8	0xFF
SPI [1]	result	2.24307127	0.00000512	0x00	0x00
SPI [1]	result	2.24307655	0.00000512	0x00	0x00
SPI [1]	result	2.24308183	0.00000512	0x08	0x00
SPI [1]	result	2.24308711	0.00000512	0x20	0x3F
SPI [1]	result	2.24352366	0.00000512	0x0E	0xFF
SPI [1]	result	2.24352894	0.00000512	0x10	0xFF
SPI [1]	result	2.24353422	0.00000512	0x80	0xFF
SPI [1]	result	2.24353950	0.00000512	0x12	0xFF
SPI [1]	result	2.24393984	0.00000512	0x00	0xFF
SPI [1]	result	2.24394512	0.00000512	0x00	0xFF
SPI [1]	result	2.24395040	0.00000512	0x00	0xFF
SPI [1]	result	2.24395568	0.00000512	0x00	0xFF
SPI [1]	result	2.24435886	0.00000512	0x08	0xFF
SPI [1]	result	2.24436414	0.00000512	0x00	0xFF
SPI [1]	result	2.24436942	0.00000512	0x88	0xFF
SPI [1]	result	2.24437470	0.00000512	0x32	0xFF
SPI [1]	result	2.28306191	0.00000512	0x00	0x00
SPI [1]	result	2.28306719	0.00000512	0x00	0x00
SPI [1]	result	2.28307247	0.00000512	0x08	0x00
SPI [1]	result	2.28307775	0.00000512	0x20	0x00
SPI [1]	result	2.28348278	0.00000512	0x0F	0x00
SPI [1]	result	2.28348806	0.00000512	0x10	0x00
SPI [1]	result	2.28349334	0.00000512	0x80	0x00
SPI [1]	result	2.28349862	0.00000512	0x1A	0x00
SPI [1]	result	2.28389969	0.00000512	0x00	0x00
SPI [1]	result	2.28390497	0.00000512	0x00	0x00
SPI [1]	result	2.28391025	0.00000512	0x00	0x00
SPI [1]	result	2.28391553	0.00000512	0x00	0x00
SPI [1]	result	2.28431885	0.00000512	0x08	0x00
SPI [1]	result	2.28432413	0.00000512	0x00	0x00
SPI [1]	result	2.28432941	0.00000512	0x88	0x00
SPI [1]	result	2.28433469	0.00000512	0x32	0x00
SPI [1]	result	2.32306401	0.00000512	0x00	0xFF
SPI [1]	result	2.32306929	0.00000512	0x00	0xFF
SPI [1]	result	2.32307457	0.00000512	0x08	0xFF
SPI [1]	result	2.32307985	0.00000512	0x20	0xFF
SPI [1]	result	2.32348347	0.00000512	0x08	0xFF
SPI [1]	result	2.32348875	0.00000512	0x10	0xFF
SPI [1]	result	2.32349403	0.00000512	0x80	0xFF
SPI [1]	result	2.32349931	0.00000512	0x22	0xFF
SPI [1]	result	2.32390045	0.00000512	0x00	0xFF
SPI [1]	result	2.32390573	0.00000512	0x00	0xFF
SPI [1]	result	2.32391101	0.00000512	0x09	0xFF
SPI [1]	result	2.32391629	0.00000512	0xA6	0xFF
SPI [1]	result	2.32431816	0.00000512	0x09	0xFF
SPI [1]	result	2.32432344	0.00000512	0x00	0xFF
SPI [1]	result	2.32432872	0.00000512	0x88	0xFF
SPI [1]	result	2.32433400	0.00000512	0x3A	0xFF
SPI [1]	result	2.32473233	0.00000512	0x00	0xFF
SPI [1]	result	2.32473761	0.00000512	0x00	0xFF
SPI [1]	result	2.32474289	0.00000512	0x00	0xFF
SPI [1]	result	2.32474817	0.00000512	0x00	0xFF
SPI [1]	result	2.32514975	0.00000512	0x08	0xFF
SPI [1]	result	2.32515503	0.00000512	0x00	0xFF
SPI [1]	result	2.32516031	0.00000512	0x89	0xFF
SPI [1]	result	2.32516559	0.00000512	0xB8	0xFF
SPI [1]	result	2.36306079	0.00000512	0x00	0x00
SPI [1]	result	2.36306607	0.00000512	0x00	0x00
SPI [1]	result	2.36307135	0.00000512	0x08	0x00
SPI [1]	result	2.36307663	0.00000512	0x20	0x00
SPI [1]	result	2.36347957	0.00000512	0x0A	0x00
SPI [1]	result	2.36348485	0.00000512	0x10	0x00
SPI [1]	result	2.36349013	0.00000512	0x80	0x00
SPI [1]	result	2.36349541	0.00000512	0x32	0x00
SPI [1]	result	2.36389665	0.00000512	0x00	0x00
SPI [1]	result	2.36390193	0.00000512	0x00	0x00
SPI [1]	result	2.36390721	0.00000512	0x00	0x00
SPI [1]	result	2.36391249	0.00000512	0x00	0x00
SPI [1]	result	2.36431117	0.00000512	0x08	0x00
SPI [1]	result	2.36431645	0.00000512	0x00	0x00
SPI [1]	result	2.36432173	0.00000512	0x88	0x00
SPI [1]	result	2.36432701	0.00000512	0x32	0x00
SPI [1]	result	2.40306984	0.00000512	0x00	0x00
SPI [1]	result	2.40307512	0.00000512	0x00	0x00
SPI [1]	result	2.40308040	0.00000512	0x08	0x00
SPI [1]	result	2.40308568	0.00000512	0x20	0x3F
SPI [1]	result	2.40351512	0.00000512	0x0B	0x0F
SPI [1]	result	2.40352040	0.00000512	0x10	0xFF
SPI [1]	result	2.40352568	0.00000512	0x80	0xFF
SPI [1]	result	2.40353096	0.00000512	0x3A	0xFF
SPI [1]	result	2.40393395	0.00000512	0x00	0xFF
SPI [1]	result	2.40393923	0.00000512	0x00	0xFF
SPI [1]	result	2.40394451	0.00000512	0x00	0xFF
SPI [1]	result	2.40394979	0.00000512	0x00	0xFF
SPI [1]	result	2.40434923	0.00000512	0x08	0xFF
SPI [1]	result	2.40435451	0.00000512	0x00	0xFF
SPI [1]	result	2.40435979	0.00000512	0x88	0xFF
SPI [1]	result	2.40436507	0.00000512	0x32	0xFF
SPI [1]	result	2.44306459	0.00000512	0x00	0x00
SPI [1]	result	2.44306987	0.00000512	0x00	0x00
SPI [1]	result	2.44307515	0.00000512	0x08	0x00
SPI [1]	result	2.44308043	0.00000512	0x20	0x3F
SPI [1]	result	2.44348711	0.00000512	0x0C	0x3F
SPI [1]	result	2.44349239	0.00000512	0x10	0xFF
SPI [1]	result	2.44349767	0.00000512	0x80	0xFF
SPI [1]	result	2.44350295	0.00000512	0x02	0xFF
SPI [1]	result	2.44390174	0.00000512	0x00	0xFF
SPI [1]	result	2.44390702	0.00000512	0x00	0xFF
SPI [1]	result	2.44391230	0.00000512	0x09	0xFF
SPI [1]	result	2.44391758	0.00000512	0xA6	0xFF
SPI [1]	result	2.44431842	0.00000512	0x0D	0xFF
SPI [1]	result	2.44432370	0.00000512	0x00	0xFF
SPI [1]	result	2.44432898	0.00000512	0x88	0xFF
SPI [1]	result	2.44433426	0.00000512	0x1A	0xFF
SPI [1]	result	2.44473546	0.00000512	0x00	0xFF
SPI [1]	result	2.44474074	0.00000512	0x00	0xFF
SPI [1]	result	2.44474602	0.00000512	0x00	0xFF
SPI [1]	result	2.44475130	0.00000512	0x00	0xFF
SPI [1]	result	2.44515230	0.00000512	0x08	0xFF
SPI [1]	result	2.44515758	0.00000512	0x00	0xFF
SPI [1]	result	2.44516286	0.00000512	0x89	0xFF
SPI [1]	result	2.44516814	0.00000512	0xB8	0xFF
SPI [1]	result	2.48306482	0.00000512	0x00	0x00
SPI [1]	result	2.48307010	0.00000512	0x00	0x00
SPI [1]	result	2.48307538	0.00000512	0x08	0x04
SPI [1]	result	2.48308066	0.00000512	0x20	0x3F
SPI [1]	result	2.48349220	0.00000512	0x0E	0xFF
SPI [1]	result	2.48349748	0.00000512	0x10	0xFF
SPI [1]	result	2.48350276	0.00000512	0x80	0xFF
SPI [1]	result	2.48350804	0.00000512	0x12	0xFF
SPI [1]	result	2.48391095	0.00000512	0x00	0xFF
SPI [1]	result	2.48391623	0.00000512	0x00	0xFF
SPI [1]	result	2.48392151	0.00000512	0x00	0xFF
SPI [1]	result	2.48392679	0.00000512	0x00	0xFF
SPI [1]	result	2.48432789	0.00000512	0x08	0xFF
SPI [1]	result	2.48433317	0.00000512	0x00	0xFF
SPI [1]	result	2.48433845	0.00000512	0x88	0xFF
SPI [1]	result	2.48434373	0.00000512	0x32	0xFF
SPI [1]	result	2.52306216	0.00000512	0x00	0x00
SPI [1]	result	2.52306744	0.00000512	0x00	0x00
SPI [1]	result	2.52307272	0.00000512	0x08	0x00
SPI [1]	result	2.52307800	0.00000512	0x20	0x3F
SPI [1]	result	2.52348340	0.00000512	0x0F	0xFF
SPI [1]	result	2.52348868	0.00000512	0x10	0xFF
SPI [1]	result	2.52349396	0.00000512	0x80	0xFF
SPI [1]	result	2.52349924	0.00000512	0x1A	0xFF
SPI [1]	result	2.52390109	0.00000512	0x00	0xFF
SPI [1]	result	2.52390637	0.00000512	0x00	0xFF
SPI [1]	result	2.52391165	0.00000512	0x00	0xFF
SPI [1]	result	2.52391693	0.00000512	0x00	0xFF
SPI [1]	result	2.52431794	0.00000512	0x08	0xFF
SPI [1]	result	2.52432322	0.00000512	0x00	0xFF
SPI [1]	result	2.52432850	0.00000512	0x88	0xFF
SPI [1]	result	2.52433378	0.00000512	0x32	0xFF
SPI [1]	result	2.56306331	0.00000512	0x00	0x00
SPI [1]	result	2.56306859	0.00000512	0x00	0x00
SPI [1]	result	2.56307387	0.00000512	0x08	0x00
SPI [1]	result	2.56307915	0.00000512	0x20	0x3F
SPI [1]	result	2.56348254	0.00000512	0x08	0xFF
SPI [1]	result	2.56348782	0.00000512	0x10	0xFF
SPI [1]	result	2.56349310	0.00000512	0x80	0xFF
SPI [1]	result	2.56349838	0.00000512	0x22	0xFF
SPI [1]	result	2.56390002	0.00000512	0x00	0xFF
SPI [1]	result	2.56390530	0.00000512	0x00	0xFF
SPI [1]	result	2.56391058	0.00000512	0x09	0xFF
SPI [1]	result	2.56391586	0.00000512	0xA6	0xFF
SPI [1]	result	2.56431732	0.00000512	0x09	0xFF
SPI [1]	result	2.56432260	0.00000512	0x00	0xFF
SPI [1]	result	2.56432788	0.00000512	0x88	0xFF
SPI [1]	result	2.56433316	0.00000512	0x3A	0xFF
SPI [1]	result	2.56473104	0.00000512	0x00	0xFF
SPI [1]	result	2.56473632	0.00000512	0x00	0xFF
SPI [1]	result	2.56474160	0.00000512	0x00	0xFF
SPI [1]	result	2.56474688	0.00000512	0x00	0xFF
SPI [1]	result	2.56514775	0.00000512	0x08	0xFF
SPI [1]	result	2.56515303	0.00000512	0x00	0xFF
SPI [1]	result	2.56515831	0.00000512	0x89	0xFF
SPI [1]	result	2.56516359	0.00000512	0xB8	0xFF
SPI [1]	result	2.60306971	0.00000512	0x00	0x00
SPI [1]	result	2.60307499	0.00000512	0x00	0x00
SPI [1]	result	2.60308027	0.00000512	0x08	0x04
SPI [1]	result	2.60308555	0.00000512	0x20	0xBF
SPI [1]	result	2.60351990	0.00000512	0x0A	0xFF
SPI [1]	result	2.60352518	0.00000512	0x10	0xFF
SPI [1]	result	2.60353046	0.00000512	0x80	0xFF
SPI [1]	result	2.60353574	0.00000512	0x32	0xFF
SPI [1]	result	2.60393606	0.00000512	0x00	0xFF
SPI [1]	result	2.60394134	0.00000512	0x00	0xFF
SPI [1]	result	2.60394662	0.00000512	0x00	0xFF
SPI [1]	result	2.60395190	0.00000512	0x00	0xFF
SPI [1]	result	2.60435351	0.00000512	0x08	0xFF
SPI [1]	result	2.60435879	0.00000512	0x00	0xFF
SPI [1]	result	2.60436407	0.00000512	0x88	0xFF
SPI [1]	result	2.60436935	0.00000512	0x32	0xFF
SPI [1]	result	2.64306235	0.00000512	0x00	0x00
SPI [1]	result	2.64306763	0.00000512	0x00	0x00
SPI [1]	result	2.64307291	0.00000512	0x08	0x00
SPI [1]	result	2.64307819	0.00000512	0x20	0x1F
SPI [1]	result	2.64348578	0.00000512	0x0B	0xEF
SPI [1]	result	2.64349106	0.00000512	0x10	0xFF
SPI [1]	result	2.64349634	0.00000512	0x80	0xFF
SPI [1]	result	2.64350162	0.00000512	0x3A	0xFF
SPI [1]	result	2.64390363	0.00000512	0x00	0xFF
SPI [1]	result	2.64390891	0.00000512	0x00	0xFF
SPI [1]	result	2.64391419	0.00000512	0x00	0xFF
SPI [1]	result	2.64391947	0.00000512	0x00	0xFF
SPI [1]	result	2.64432026	0.00000512	0x08	0xFF
SPI [1]	result	2.64432554	0.00000512	0x00	0xFF
SPI [1]	result	2.64433082	0.00000512	0x88	0xFF
SPI [1]	result	2.64433610	0.00000512	0x32	0xFF
SPI [1]	result	2.68306382	0.00000512	0x00	0x00
SPI [1]	result	2.68306910	0.00000512	0x00	0x00
SPI [1]	result	2.68307438	0.00000512	0x08	0x00
SPI [1]	result	2.68307966	0.00000512	0x20	0x00
SPI [1]	result	2.68348486	0.00000512	0x0C	0x00
SPI [1]	result	2.68349014	0.00000512	0x10	0x00
SPI [1]	result	2.68349542	0.00000512	0x80	0x00
SPI [1]	result	2.68350070	0.00000512	0x02	0x00
SPI [1]	result	2.68390231	0.00000512	0x00	0x00
SPI [1]	result	2.68390759	0.00000512	0x00	0x00
SPI [1]	result	2.68391287	0.00000512	0x09	0x00
SPI [1]	result	2.68391815	0.00000512	0xA6	0x00
SPI [1]	result	2.68431946	0.00000512	0x0D	0x00
SPI [1]	result	2.68432474	0.00000512	0x00	0x00
SPI [1]	result	2.68433002	0.00000512	0x88	0x00
SPI [1]	result	2.68433530	0.00000512	0x1A	0x00
SPI [1]	result	2.68473338	0.00000512	0x00	0x00
SPI [1]	result	2.68473866	0.00000512	0x00	0x00
SPI [1]	result	2.68474394	0.00000512	0x00	0x00
SPI [1]	result	2.68474922	0.00000512	0x00	0x00
SPI [1]	result	2.68515092	0.00000512	0x08	0x00
SPI [1]	result	2.68515620	0.00000512	0x00	0x00
SPI [1]	result	2.68516148	0.00000512	0x89	0x00
SPI [1]	result	2.68516676	0.00000512	0xB8	0x00
SPI [1]	result	2.72306517	0.00000512	0x00	0xFF
SPI [1]	result	2.72307045	0.00000512	0x00	0xFF
SPI [1]	result	2.72307573	0.00000512	0x08	0xFF
SPI [1]	result	2.72308101	0.00000512	0x20	0xFF
SPI [1]	result	2.72349639	0.00000512	0x0E	0xFF
SPI [1]	result	2.72350167	0.00000512	0x10	0xFF
SPI [1]	result	2.72350695	0.00000512	0x80	0xFF
SPI [1]	result	2.72351223	0.00000512	0x12	0xFF
SPI [1]	result	2.72391476	0.00000512	0x00	0xFF
SPI [1]	result	2.72392004	0.00000512	0x00	0xFF
SPI [1]	result	2.72392532	0.00000512	0x00	0xFF
SPI [1]	result	2.72393060	0.00000512	0x00	0xFF
SPI [1]	result	2.72433185	0.00000512	0x08	0xFF
SPI [1]	result	2.72433713	0.00000512	0x00	0xFF
SPI [1]	result	2.72434241	0.00000512	0x88	0xFF
SPI [1]	result	2.72434769	0.00000512	0x32	0xFF
SPI [1]	result	2.76306192	0.00000512	0x00	0x00
SPI [1]	result	2.76306720	0.00000512	0x00	0x00
SPI [1]	result	2.76307248	0.00000512	0x08	0x00
SPI [1]	result	2.76307776	0.00000512	0x20	0x00
SPI [1]	result	2.76348282	0.00000512	0x0F	0x00
SPI [1]	result	2.76348810	0.00000512	0x10	0x00
SPI [1]	result	2.76349338	0.00000512	0x80	0x00
SPI [1]	result	2.76349866	0.00000512	0x1A	0x00
SPI [1]	result	2.76389999	0.00000512	0x00	0x00
SPI [1]	result	2.76390527	0.00000512	0x00	0x00
SPI [1]	result	2.76391055	0.00000512	0x00	0x00
SPI [1]	result	2.76391583	0.00000512	0x00	0x00
SPI [1]	result	2.76431670	0.00000512	0x08	0x00
SPI [1]	result	2.76432198	0.00000512	0x00	0x00
SPI [1]	result	2.76432726	0.00000512	0x88	0x00
SPI [1]	result	2.76433254	0.00000512	0x32	0x00
SPI [1]	result	2.80306313	0.00000512	0x00	0x00
SPI [1]	result	2.80306841	0.00000512	0x00	0x00
SPI [1]	result	2.80307369	0.00000512	0x08	0x00
SPI [1]	result	2.80307897	0.00000512	0x20	0x3F
SPI [1]	result	2.80348276	0.00000512	0x08	0x0F
SPI [1]	result	2.80348804	0.00000512	0x10	0xFF
SPI [1]	result	2.80349332	0.00000512	0x80	0xFF
SPI [1]	result	2.80349860	0.00000512	0x22	0xFF
SPI [1]	result	2.80389723	0.00000512	0x00	0xFF
SPI [1]	result	2.80390251	0.00000512	0x00	0xFF
SPI [1]	result	2.80390779	0.00000512	0x09	0xFF
SPI [1]	result	2.80391307	0.00000512	0xA6	0xFF
SPI [1]	result	2.80431388	0.00000512	0x09	0xFF
SPI [1]	result	2.80431916	0.00000512	0x00	0xFF
SPI [1]	result	2.80432444	0.00000512	0x88	0xFF
SPI [1]	result	2.80432972	0.00000512	0x3A	0xFF
SPI [1]	result	2.80473021	0.00000512	0x00	0xFF
SPI [1]	result	2.80473549	0.00000512	0x00	0xFF
SPI [1]	result	2.80474077	0.00000512	0x00	0xFF
SPI [1]	result	2.80474605	0.00000512	0x00	0xFF
SPI [1]	result	2.80514651	0.00000512	0x08	0xFF
SPI [1]	result	2.80515179	0.00000512	0x00	0xFF
SPI [1]	result	2.80515707	0.00000512	0x89	0xFF
SPI [1]	result	2.80516235	0.00000512	0xB8	0xFF
SPI [1]	result	2.84306070	0.00000512	0x00	0x00
SPI [1]	result	2.84306598	0.00000512	0x00	0x00
SPI [1]	result	2.84307126	0.00000512	0x08	0x00
SPI [1]	result	2.84307654	0.00000512	0x20	0x3F
SPI [1]	result	2.84352509	0.00000512	0x0A	0xFF
SPI [1]	result	2.84353037	0.00000512	0x10	0xFF
SPI [1]	result	2.84353565	0.00000512	0x80	0xFF
SPI [1]	result	2.84354093	0.00000512	0x32	0xFF
SPI [1]	result	2.84394488	0.00000512	0x00	0xFF
SPI [1]	result	2.84395016	0.00000512	0x00	0xFF
SPI [1]	result	2.84395544	0.00000512	0x00	0xFF
SPI [1]	result	2.84396072	0.00000512	0x00	0xFF
SPI [1]	result	2.84436409	0.00000512	0x08	0xFF
SPI [1]	result	2.84436937	0.00000512	0x00	0xFF
SPI [1]	result	2.84437465	0.00000512	0x88	0xFF
SPI [1]	result	2.84437993	0.00000512	0x32	0xFF
SPI [1]	result	2.88306461	0.00000512	0x00	0x00
SPI [1]	result	2.88306989	0.00000512	0x00	0x00
SPI [1]	result	2.88307517	0.00000512	0x08	0x04
SPI [1]	result	2.88308045	0.00000512	0x20	0x3F
SPI [1]	result	2.88349830	0.00000512	0x0B	0xFF
SPI [1]	result	2.88350358	0.00000512	0x10	0xFF
SPI [1]	result	2.88350886	0.00000512	0x80	0xFF
SPI [1]	result	2.88351414	0.00000512	0x3A	0xFF
SPI [1]	result	2.88391636	0.00000512	0x00	0xFF
SPI [1]	result	2.88392164	0.00000512	0x00	0xFF
SPI [1]	result	2.88392692	0.00000512	0x00	0xFF
SPI [1]	result	2.88393220	0.00000512	0x00	0xFF
SPI [1]	result	2.88433432	0.00000512	0x08	0xFF
SPI [1]	result	2.88433960	0.00000512	0x00	0xFF
SPI [1]	result	2.88434488	0.00000512	0x88	0xFF
SPI [1]	result	2.88435016	0.00000512	0x32	0xFF
SPI [1]	result	2.92306618	0.00000512	0x00	0x00
SPI [1]	result	2.92307146	0.00000512	0x00	0x00
SPI [1]	result	2.92307674	0.00000512	0x08	0x00
SPI [1]	result	2.92308202	0.00000512	0x20	0x3F
SPI [1]	result	2.92349716	0.00000512	0x0C	0xFF
SPI [1]	result	2.92350244	0.00000512	0x10	0xFF
SPI [1]	result	2.92350772	0.00000512	0x80	0xFF
SPI [1]	result	2.92351300	0.00000512	0x02	0xFF
SPI [1]	result	2.92391563	0.00000512	0x00	0xFF
SPI [1]	result	2.92392091	0.00000512	0x00	0xFF
SPI [1]	result	2.92392619	0.00000512	0x09	0xFF
SPI [1]	result	2.92393147	0.00000512	0xA6	0xFF
SPI [1]	result	2.92433339	0.00000512	0x0D	0xFF
SPI [1]	result	2.92433867	0.00000512	0x00	0xFF
SPI [1]	result	2.92434395	0.00000512	0x88	0xFF
SPI [1]	result	2.92434923	0.00000512	0x1A	0xFF
SPI [1]	result	2.92474998	0.00000512	0x00	0xFF
SPI [1]	result	2.92475526	0.00000512	0x00	0xFF
SPI [1]	result	2.92476054	0.00000512	0x00	0xFF
SPI [1]	result	2.92476582	0.00000512	0x00	0xFF
SPI [1]	result	2.92516715	0.00000512	0x08	0xFF
SPI [1]	result	2.92517243	0.00000512	0x00	0xFF
SPI [1]	result	2.92517771	0.00000512	0x89	0xFF
SPI [1]	result	2.92518299	0.00000512	0xB8	0xFF
SPI [1]	result	2.96306178	0.00000512	0x00	0x00
SPI [1]	result	2.96306706	0.00000512	0x00	0x00
SPI [1]	result	2.96307234	0.00000512	0x08	0x04
SPI [1]	result	2.96307762	0.00000512	0x20	0x3F
SPI [1]	result	2.96348104	0.00000512	0x0E	0xFF
SPI [1]	result	2.96348632	0.00000512	0x10	0xFF
SPI [1]	result	2.96349160	0.00000512	0x80	0xFF
SPI [1]	result	2.96349688	0.00000512	0x12	0xFF
SPI [1]	result	2.96389819	0.00000512	0x00	0xFF
SPI [1]	result	2.96390347	0.00000512	0x00	0xFF
SPI [1]	result	2.96390875	0.00000512	0x00	0xFF
SPI [1]	result	2.96391403	0.00000512	0x00	0xFF
SPI [1]	result	2.96431523	0.00000512	0x08	0xFF
SPI [1]	result	2.96432051	0.00000512	0x00	0xFF
SPI [1]	result	2.96432579	0.00000512	0x88	0xFF
SPI [1]	result	2.96433107	0.00000512	0x32	0xFF
SPI [1]	result	3.00307026	0.00000512	0x00	0x00
SPI [1]	result	3.00307554	0.00000512	0x00	0x00
SPI [1]	result	3.00308082	0.00000512	0x08	0x04
SPI [1]	result	3.00308610	0.00000512	0x20	0x3F
SPI [1]	result	3.00352087	0.00000512	0x0F	0xFF
SPI [1]	result	3.00352615	0.00000512	0x10	0xFF
SPI [1]	result	3.00353143	0.00000512	0x80	0xFF
SPI [1]	result	3.00353671	0.00000512	0x1A	0xFF
SPI [1]	result	3.00394118	0.00000512	0x00	0xFF
SPI [1]	result	3.00394646	0.00000512	0x00	0xFF
SPI [1]	result	3.00395174	0.00000512	0x00	0xFF
SPI [1]	result	3.00395702	0.00000512	0x00	0xFF
SPI [1]	result	3.00435872	0.00000512	0x08	0xFF
SPI [1]	result	3.00436400	0.00000512	0x00	0xFF
SPI [1]	result	3.00436928	0.00000512	0x88	0xFF
SPI [1]	result	3.00437456	0.00000512	0x32	0xFF
SPI [1]	result	3.04307167	0.00000512	0x00	0x00
SPI [1]	result	3.04307695	0.00000512	0x00	0x00
SPI [1]	result	3.04308223	0.00000512	0x08	0x00
SPI [1]	result	3.04308751	0.00000512	0x20	0x3F
SPI [1]	result	3.04353143	0.00000512	0x08	0xFF
SPI [1]	result	3.04353671	0.00000512	0x10	0xFF
SPI [1]	result	3.04354199	0.00000512	0x80	0xFF
SPI [1]	result	3.04354727	0.00000512	0x22	0xFF
SPI [1]	result	3.04398760	0.00000512	0x00	0xFF
SPI [1]	result	3.04399288	0.00000512	0x00	0xFF
SPI [1]	result	3.04399816	0.00000512	0x09	0xFF
SPI [1]	result	3.04400344	0.00000512	0xA6	0xFF
SPI [1]	result	3.04444045	0.00000512	0x09	0xFF
SPI [1]	result	3.04444573	0.00000512	0x00	0xFF
SPI [1]	result	3.04445101	0.00000512	0x88	0xFF
SPI [1]	result	3.04445629	0.00000512	0x3A	0xFF
SPI [1]	result	3.04488314	0.00000512	0x00	0xFF
SPI [1]	result	3.04488842	0.00000512	0x00	0xFF
SPI [1]	result	3.04489370	0.00000512	0x00	0xFF
SPI [1]	result	3.04489898	0.00000512	0x00	0xFF
SPI [1]	result	3.04533107	0.00000512	0x08	0xFF
SPI [1]	result	3.04533635	0.00000512	0x00	0xFF
SPI [1]	result	3.04534163	0.00000512	0x89	0xFF
SPI [1]	result	3.04534691	0.00000512	0xB8	0xFF
SPI [1]	result	3.08307239	0.00000512	0x00	0x00
SPI [1]	result	3.08307767	0.00000512	0x00	0x00
SPI [1]	result	3.08308295	0.00000512	0x08	0x04
SPI [1]	result	3.08308823	0.00000512	0x20	0x3F
SPI [1]	result	3.08351772	0.00000512	0x0A	0xFF
SPI [1]	result	3.08352300	0.00000512	0x10	0xFF
SPI [1]	result	3.08352828	0.00000512	0x80	0xFF
SPI [1]	result	3.08353356	0.00000512	0x32	0xFF
SPI [1]	result	3.08393352	0.00000512	0x00	0xFF
SPI [1]	result	3.08393880	0.00000512	0x00	0xFF
SPI [1]	result	3.08394408	0.00000512	0x00	0xFF
SPI [1]	result	3.08394936	0.00000512	0x00	0xFF
SPI [1]	result	3.08435139	0.00000512	0x08	0xFF
SPI [1]	result	3.08435667	0.00000512	0x00	0xFF
SPI [1]	result	3.08436195	0.00000512	0x88	0xFF
SPI [1]	result	3.08436723	0.00000512	0x32	0xFF
SPI [1]	result	3.12306225	0.00000512	0x00	0x00
SPI [1]	result	3.12306753	0.00000512	0x00	0x00
SPI [1]	result	3.12307281	0.00000512	0x08	0x00
SPI [1]	result	3.12307809	0.00000512	0x20	0x3F
SPI [1]	result	3.12348531	0.00000512	0x0B	0xFF
SPI [1]	result	3.12349059	0.00000512	0x10	0xFF
SPI [1]	result	3.12349587	0.00000512	0x80	0xFF
SPI [1]	result	3.12350115	0.00000512	0x3A	0xFF
SPI [1]	result	3.12390407	0.00000512	0x00	0xFF
SPI [1]	result	3.12390935	0.00000512	0x00	0xFF
SPI [1]	result	3.12391463	0.00000512	0x00	0xFF
SPI [1]	result	3.12391991	0.00000512	0x00	0xFF
SPI [1]	result	3.12432127	0.00000512	0x08	0xFF
SPI [1]	result	3.12432655	0.00000512	0x00	0xFF
SPI [1]	result	3.12433183	0.00000512	0x88	0xFF
SPI [1]	result	3.12433711	0.00000512	0x32	0xFF
SPI [1]	result	3.16306572	0.00000512	0x00	0x00
SPI [1]	result	3.16307100	0.00000512	0x00	0x00
SPI [1]	result	3.16307628	0.00000512	0x08	0x00
SPI [1]	result	3.16308156	0.00000512	0x20	0x3F
SPI [1]	result	3.16348885	0.00000512	0x0C	0xFF
SPI [1]	result	3.16349413	0.00000512	0x10	0xFF
SPI [1]	result	3.16349941	0.00000512	0x80	0xFF
SPI [1]	result	3.16350469	0.00000512	0x02	0xFF
SPI [1]	result	3.16390635	0.00000512	0x00	0xFF
SPI [1]	result	3.16391163	0.00000512	0x00	0xFF
SPI [1]	result	3.16391691	0.00000512	0x09	0xFF
SPI [1]	result	3.16392219	0.00000512	0xA6	0xFF
SPI [1]	result	3.16432371	0.00000512	0x0D	0xFF
SPI [1]	result	3.16432899	0.00000512	0x00	0xFF
SPI [1]	result	3.16433427	0.00000512	0x88	0xFF
SPI [1]	result	3.16433955	0.00000512	0x1A	0xFF
SPI [1]	result	3.16474049	0.00000512	0x00	0xFF
SPI [1]	result	3.16474577	0.00000512	0x00	0xFF
SPI [1]	result	3.16475105	0.00000512	0x00	0xFF
SPI [1]	result	3.16475633	0.00000512	0x00	0xFF
SPI [1]	result	3.16515499	0.00000512	0x08	0xFF
SPI [1]	result	3.16516027	0.00000512	0x00	0xFF
SPI [1]	result	3.16516555	0.00000512	0x89	0xFF
SPI [1]	result	3.16517083	0.00000512	0xB8	0xFF
SPI [1]	result	3.20306166	0.00000512	0x00	0x00
SPI [1]	result	3.20306694	0.00000512	0x00	0x00
SPI [1]	result	3.20307222	0.00000512	0x08	0x04
SPI [1]	result	3.20307750	0.00000512	0x20	0x3F
SPI [1]	result	3.20348162	0.00000512	0x0E	0xFF
SPI [1]	result	3.20348690	0.00000512	0x10	0xFF
SPI [1]	result	3.20349218	0.00000512	0x80	0xFF
SPI [1]	result	3.20349746	0.00000512	0x12	0xFF
SPI [1]	result	3.20389925	0.00000512	0x00	0xFF
SPI [1]	result	3.20390453	0.00000512	0x00	0xFF
SPI [1]	result	3.20390981	0.00000512	0x00	0xFF
SPI [1]	result	3.20391509	0.00000512	0x00	0xFF
SPI [1]	result	3.20438322	0.00000512	0x08	0xFF
SPI [1]	result	3.20438850	0.00000512	0x00	0xFF
SPI [1]	result	3.20439378	0.00000512	0x88	0xFF
SPI [1]	result	3.20439906	0.00000512	0x32	0xFF
SPI [1]	result	3.24306491	0.00000512	0x00	0x00
SPI [1]	result	3.24307019	0.00000512	0x00	0x00
SPI [1]	result	3.24307547	0.00000512	0x08	0x00
SPI [1]	result	3.24308075	0.00000512	0x20	0x3F
SPI [1]	result	3.24349735	0.00000512	0x0F	0xFF
SPI [1]	result	3.24350263	0.00000512	0x10	0xFF
SPI [1]	result	3.24350791	0.00000512	0x80	0xFF
SPI [1]	result	3.24351319	0.00000512	0x1A	0xFF
SPI [1]	result	3.24391604	0.00000512	0x00	0xFF
SPI [1]	result	3.24392132	0.00000512	0x00	0xFF
SPI [1]	result	3.24392660	0.00000512	0x00	0xFF
SPI [1]	result	3.24393188	0.00000512	0x00	0xFF
SPI [1]	result	3.24433345	0.00000512	0x08	0xFF
SPI [1]	result	3.24433873	0.00000512	0x00	0xFF
SPI [1]	result	3.24434401	0.00000512	0x88	0xFF
SPI [1]	result	3.24434929	0.00000512	0x32	0xFF
SPI [1]	result	3.28306429	0.00000512	0x00	0x00
SPI [1]	result	3.28306957	0.00000512	0x00	0x00
SPI [1]	result	3.28307485	0.00000512	0x08	0x00
SPI [1]	result	3.28308013	0.00000512	0x20	0x3F
SPI [1]	result	3.28348583	0.00000512	0x08	0xFF
SPI [1]	result	3.28349111	0.00000512	0x10	0xFF
SPI [1]	result	3.28349639	0.00000512	0x80	0xFF
SPI [1]	result	3.28350167	0.00000512	0x22	0xFF
SPI [1]	result	3.28390059	0.00000512	0x00	0xFF
SPI [1]	result	3.28390587	0.00000512	0x00	0xFF
SPI [1]	result	3.28391115	0.00000512	0x09	0xFF
SPI [1]	result	3.28391643	0.00000512	0xA6	0xFF
SPI [1]	result	3.28431811	0.00000512	0x09	0xFF
SPI [1]	result	3.28432339	0.00000512	0x00	0xFF
SPI [1]	result	3.28432867	0.00000512	0x88	0xFF
SPI [1]	result	3.28433395	0.00000512	0x3A	0xFF
SPI [1]	result	3.28473516	0.00000512	0x00	0xFF
SPI [1]	result	3.28474044	0.00000512	0x00	0xFF
SPI [1]	result	3.28474572	0.00000512	0x00	0xFF
SPI [1]	result	3.28475100	0.00000512	0x00	0xFF
SPI [1]	result	3.28515252	0.00000512	0x08	0xFF
SPI [1]	result	3.28515780	0.00000512	0x00	0xFF
SPI [1]	result	3.28516308	0.00000512	0x89	0xFF
SPI [1]	result	3.28516836	0.00000512	0xB8	0xFF
SPI [1]	result	3.32306119	0.00000512	0x00	0x00
SPI [1]	result	3.32306647	0.00000512	0x00	0x00
SPI [1]	result	3.32307175	0.00000512	0x08	0x00
SPI [1]	result	3.32307703	0.00000512	0x20	0x3F
SPI [1]	result	3.32347708	0.00000512	0x0A	0x7F
SPI [1]	result	3.32348236	0.00000512	0x10	0xFF
SPI [1]	result	3.32348764	0.00000512	0x80	0xFF
SPI [1]	result	3.32349292	0.00000512	0x32	0xFF
SPI [1]	result	3.32389421	0.00000512	0x00	0xFF
SPI [1]	result	3.32389949	0.00000512	0x00	0xFF
SPI [1]	result	3.32390477	0.00000512	0x00	0xFF
SPI [1]	result	3.32391005	0.00000512	0x00	0xFF
SPI [1]	result	3.32431075	0.00000512	0x08	0xFF
SPI [1]	result	3.32431603	0.00000512	0x00	0xFF
SPI [1]	result	3.32432131	0.00000512	0x88	0xFF
SPI [1]	result	3.32432659	0.00000512	0x32	0xFF
SPI [1]	result	3.36307042	0.00000512	0x00	0x00
SPI [1]	result	3.36307570	0.00000512	0x00	0x00
SPI [1]	result	3.36308098	0.00000512	0x08	0x00
SPI [1]	result	3.36308626	0.00000512	0x20	0x3F
SPI [1]	result	3.36352329	0.00000512	0x0B	0xFF
SPI [1]	result	3.36352857	0.00000512	0x10	0xFF
SPI [1]	result	3.36353385	0.00000512	0x80	0xFF
SPI [1]	result	3.36353913	0.00000512	0x3A	0xFF
SPI [1]	result	3.36393853	0.00000512	0x00	0xFF
SPI [1]	result	3.36394381	0.00000512	0x00	0xFF
SPI [1]	result	3.36394909	0.00000512	0x00	0xFF
SPI [1]	result	3.36395437	0.00000512	0x00	0xFF
SPI [1]	result	3.36435576	0.00000512	0x08	0xFF
SPI [1]	result	3.36436104	0.00000512	0x00	0xFF
SPI [1]	result	3.36436632	0.00000512	0x88	0xFF
SPI [1]	result	3.36437160	0.00000512	0x32	0xFF
SPI [1]	result	3.40306726	0.00000512	0x00	0x00
SPI [1]	result	3.40307254	0.00000512	0x00	0x00
SPI [1]	result	3.40307782	0.00000512	0x08	0x04
SPI [1]	result	3.40308310	0.00000512	0x20	0x3F
SPI [1]	result	3.40349891	0.00000512	0x0C	0xFF
SPI [1]	result	3.40350419	0.00000512	0x10	0xFF
SPI [1]	result	3.40350947	0.00000512	0x80	0xFF
SPI [1]	result	3.40351475	0.00000512	0x02	0xFF
SPI [1]	result	3.40391751	0.00000512	0x00	0xFF
SPI [1]	result	3.40392279	0.00000512	0x00	0xFF
SPI [1]	result	3.40392807	0.00000512	0x09	0xFF
SPI [1]	result	3.40393335	0.00000512	0xA6	0xFF
SPI [1]	result	3.40433238	0.00000512	0x0D	0xFF
SPI [1]	result	3.40433766	0.00000512	0x00	0xFF
SPI [1]	result	3.40434294	0.00000512	0x88	0xFF
SPI [1]	result	3.40434822	0.00000512	0x1A	0xFF
SPI [1]	result	3.40475121	0.00000512	0x00	0xFF
SPI [1]	result	3.40475649	0.00000512	0x00	0xFF
SPI [1]	result	3.40476177	0.00000512	0x00	0xFF
SPI [1]	result	3.40476705	0.00000512	0x00	0xFF
SPI [1]	result	3.40516912	0.00000512	0x08	0xFF
SPI [1]	result	3.40517440	0.00000512	0x00	0xFF
SPI [1]	result	3.40517968	0.00000512	0x89	0xFF
SPI [1]	result	3.40518496	0.00000512	0xB8	0xFF
SPI [1]	result	3.44306179	0.00000512	0x00	0x00
SPI [1]	result	3.44306707	0.00000512	0x00	0x00
SPI [1]	result	3.44307235	0.00000512	0x08	0x00
SPI [1]	result	3.44307763	0.00000512	0x20	0x3F
SPI [1]	result	3.44347928	0.00000512	0x0E	0x8F
SPI [1]	result	3.44348456	0.00000512	0x10	0xFF
SPI [1]	result	3.44348984	0.00000512	0x80	0xFF
SPI [1]	result	3.44349512	0.00000512	0x12	0xFF
SPI [1]	result	3.44389659	0.00000512	0x00	0xFF
SPI [1]	result	3.44390187	0.00000512	0x00	0xFF
SPI [1]	result	3.44390715	0.00000512	0x00	0xFF
SPI [1]	result	3.44391243	0.00000512	0x00	0xFF
SPI [1]	result	3.44431356	0.00000512	0x08	0xFF
SPI [1]	result	3.44431884	0.00000512	0x00	0xFF
SPI [1]	result	3.44432412	0.00000512	0x88	0xFF
SPI [1]	result	3.44432940	0.00000512	0x32	0xFF
SPI [1]	result	3.48306515	0.00000512	0x00	0x00
SPI [1]	result	3.48307043	0.00000512	0x00	0x00
SPI [1]	result	3.48307571	0.00000512	0x08	0x05
SPI [1]	result	3.48308099	0.00000512	0x20	0x3F
SPI [1]	result	3.48349843	0.00000512	0x0F	0xFF
SPI [1]	result	3.48350371	0.00000512	0x10	0xFF
SPI [1]	result	3.48350899	0.00000512	0x80	0xFF
SPI [1]	result	3.48351427	0.00000512	0x1A	0xFF
SPI [1]	result	3.48391431	0.00000512	0x00	0xFF
SPI [1]	result	3.48391959	0.00000512	0x00	0xFF
SPI [1]	result	3.48392487	0.00000512	0x00	0xFF
SPI [1]	result	3.48393015	0.00000512	0x00	0xFF
SPI [1]	result	3.48433221	0.00000512	0x08	0xFF
SPI [1]	result	3.48433749	0.00000512	0x00	0xFF
SPI [1]	result	3.48434277	0.00000512	0x88	0xFF
SPI [1]	result	3.48434805	0.00000512	0x32	0xFF
SPI [1]	result	3.52306368	0.00000512	0x00	0x00
SPI [1]	result	3.52306896	0.00000512	0x00	0x00
SPI [1]	result	3.52307424	0.00000512	0x08	0x00
SPI [1]	result	3.52307952	0.00000512	0x20	0x3F
SPI [1]	result	3.52348309	0.00000512	0x08	0xFF
SPI [1]	result	3.52348837	0.00000512	0x10	0xFF
SPI [1]	result	3.52349365	0.00000512	0x80	0xFF
SPI [1]	result	3.52349893	0.00000512	0x22	0xFF
SPI [1]	result	3.52390093	0.00000512	0x00	0xFF
SPI [1]	result	3.52390621	0.00000512	0x00	0xFF
SPI [1]	result	3.52391149	0.00000512	0x09	0xFF
SPI [1]	result	3.52391677	0.00000512	0xA6	0xFF
SPI [1]	result	3.52431528	0.00000512	0x09	0xFF
SPI [1]	result	3.52432056	0.00000512	0x00	0xFF
SPI [1]	result	3.52432584	0.00000512	0x88	0xFF
SPI [1]	result	3.52433112	0.00000512	0x3A	0xFF
SPI [1]	result	3.52473254	0.00000512	0x00	0xFF
SPI [1]	result	3.52473782	0.00000512	0x00	0xFF
SPI [1]	result	3.52474310	0.00000512	0x00	0xFF
SPI [1]	result	3.52474838	0.00000512	0x00	0xFF
SPI [1]	result	3.52514937	0.00000512	0x08	0xFF
SPI [1]	result	3.52515465	0.00000512	0x00	0xFF
SPI [1]	result	3.52515993	0.00000512	0x89	0xFF
SPI [1]	result	3.52516521	0.00000512	0xB8	0xFF
SPI [1]	result	3.56306108	0.00000512	0x00	0x00
SPI [1]	result	3.56306636	0.00000512	0x00	0x00
SPI [1]	result	3.56307164	0.00000512	0x08	0x00
SPI [1]	result	3.56307692	0.00000512	0x20	0x3F
SPI [1]	result	3.56347712	0.00000512	0x0A	0xFF
SPI [1]	result	3.56348240	0.00000512	0x10	0xFF
SPI [1]	result	3.56348768	0.00000512	0x80	0xFF
SPI [1]	result	3.56349296	0.00000512	0x32	0xFF
SPI [1]	result	3.56389414	0.00000512	0x00	0xFF
SPI [1]	result	3.56389942	0.00000512	0x00	0xFF
SPI [1]	result	3.56390470	0.00000512	0x00	0xFF
SPI [1]	result	3.56390998	0.00000512	0x00	0xFF
SPI [1]	result	3.56431088	0.00000512	0x08	0xFF
SPI [1]	result	3.56431616	0.00000512	0x00	0xFF
SPI [1]	result	3.56432144	0.00000512	0x88	0xFF
SPI [1]	result	3.56432672	0.00000512	0x32	0xFF
SPI [1]	result	3.60306163	0.00000512	0x00	0x00
SPI [1]	result	3.60306691	0.00000512	0x00	0x00
SPI [1]	result	3.60307219	0.00000512	0x08	0x00
SPI [1]	result	3.60307747	0.00000512	0x20	0x3F
SPI [1]	result	3.60348658	0.00000512	0x0B	0xFF
SPI [1]	result	3.60349186	0.00000512	0x10	0xFF
SPI [1]	result	3.60349714	0.00000512	0x80	0xFF
SPI [1]	result	3.60350242	0.00000512	0x3A	0xFF
SPI [1]	result	3.60390115	0.00000512	0x00	0xFF
SPI [1]	result	3.60390643	0.00000512	0x00	0xFF
SPI [1]	result	3.60391171	0.00000512	0x00	0xFF
SPI [1]	result	3.60391699	0.00000512	0x00	0xFF
SPI [1]	result	3.60431756	0.00000512	0x08	0xFF
SPI [1]	result	3.60432284	0.00000512	0x00	0xFF
SPI [1]	result	3.60432812	0.00000512	0x88	0xFF
SPI [1]	result	3.60433340	0.00000512	0x32	0xFF
SPI [1]	result	3.64306347	0.00000512	0x00	0x00
SPI [1]	result	3.64306875	0.00000512	0x00	0x00
SPI [1]	result	3.64307403	0.00000512	0x08	0x00
SPI [1]	result	3.64307931	0.00000512	0x20	0x3F
SPI [1]	result	3.64348583	0.00000512	0x0C	0xFF
SPI [1]	result	3.64349111	0.00000512	0x10	0xFF
SPI [1]	result	3.64349639	0.00000512	0x80	0xFF
SPI [1]	result	3.64350167	0.00000512	0x02	0xFF
SPI [1]	result	3.64390344	0.00000512	0x00	0xFF
SPI [1]	result	3.64390872	0.00000512	0x00	0xFF
SPI [1]	result	3.64391400	0.00000512	0x09	0xFF
SPI [1]	result	3.64391928	0.00000512	0xA6	0xFF
SPI [1]	result	3.64431800	0.00000512	0x0D	0xFF
SPI [1]	result	3.64432328	0.00000512	0x00	0xFF
SPI [1]	result	3.64432856	0.00000512	0x88	0xFF
SPI [1]	result	3.64433384	0.00000512	0x1A	0xFF
SPI [1]	result	3.64473529	0.00000512	0x00	0xFF
SPI [1]	result	3.64474057	0.00000512	0x00	0xFF
SPI [1]	result	3.64474585	0.00000512	0x00	0xFF
SPI [1]	result	3.64475113	0.00000512	0x00	0xFF
SPI [1]	result	3.64515202	0.00000512	0x08	0xFF
SPI [1]	result	3.64515730	0.00000512	0x00	0xFF
SPI [1]	result	3.64516258	0.00000512	0x89	0xFF
SPI [1]	result	3.64516786	0.00000512	0xB8	0xFF
SPI [1]	result	3.68306108	0.00000512	0x00	0x00
SPI [1]	result	3.68306636	0.00000512	0x00	0x00
SPI [1]	result	3.68307164	0.00000512	0x08	0x00
SPI [1]	result	3.68307692	0.00000512	0x20	0x3F
SPI [1]	result	3.68347721	0.00000512	0x0E	0xFF
SPI [1]	result	3.68348249	0.00000512	0x10	0xFF
SPI [1]	result	3.68348777	0.00000512	0x80	0xFF
SPI [1]	result	3.68349305	0.00000512	0x12	0xFF
SPI [1]	result	3.68389384	0.00000512	0x00	0xFF
SPI [1]	result	3.68389912	0.00000512	0x00	0xFF
SPI [1]	result	3.68390440	0.00000512	0x00	0xFF
SPI [1]	result	3.68390968	0.00000512	0x00	0xFF
SPI [1]	result	3.68431108	0.00000512	0x08	0xFF
SPI [1]	result	3.68431636	0.00000512	0x00	0xFF
SPI [1]	result	3.68432164	0.00000512	0x88	0xFF
SPI [1]	result	3.68432692	0.00000512	0x32	0xFF
SPI [1]	result	3.72307087	0.00000512	0x00	0x00
SPI [1]	result	3.72307615	0.00000512	0x00	0x00
SPI [1]	result	3.72308143	0.00000512	0x08	0x00
SPI [1]	result	3.72308671	0.00000512	0x20	0x3F
SPI [1]	result	3.72352107	0.00000512	0x0F	0xBF
SPI [1]	result	3.72352635	0.00000512	0x10	0xFF
SPI [1]	result	3.72353163	0.00000512	0x80	0xFF
SPI [1]	result	3.72353691	0.00000512	0x1A	0xFF
SPI [1]	result	3.72393802	0.00000512	0x00	0xFF
SPI [1]	result	3.72394330	0.00000512	0x00	0xFF
SPI [1]	result	3.72394858	0.00000512	0x00	0xFF
SPI [1]	result	3.72395386	0.00000512	0x00	0xFF
SPI [1]	result	3.72435509	0.00000512	0x08	0xFF
SPI [1]	result	3.72436037	0.00000512	0x00	0xFF
SPI [1]	result	3.72436565	0.00000512	0x88	0xFF
SPI [1]	result	3.72437093	0.00000512	0x32	0xFF
SPI [1]	result	3.76306420	0.00000512	0x00	0x00
SPI [1]	result	3.76306948	0.00000512	0x00	0x00
SPI [1]	result	3.76307476	0.00000512	0x08	0x00
SPI [1]	result	3.76308004	0.00000512	0x20	0x3F
SPI [1]	result	3.76348336	0.00000512	0x08	0x3F
SPI [1]	result	3.76348864	0.00000512	0x10	0xFF
SPI [1]	result	3.76349392	0.00000512	0x80	0xFF
SPI [1]	result	3.76349920	0.00000512	0x22	0xFF
SPI [1]	result	3.76390107	0.00000512	0x00	0xFF
SPI [1]	result	3.76390635	0.00000512	0x00	0xFF
SPI [1]	result	3.76391163	0.00000512	0x09	0xFF
SPI [1]	result	3.76391691	0.00000512	0xA6	0xFF
SPI [1]	result	3.76431800	0.00000512	0x09	0xFF
SPI [1]	result	3.76432328	0.00000512	0x00	0xFF
SPI [1]	result	3.76432856	0.00000512	0x88	0xFF
SPI [1]	result	3.76433384	0.00000512	0x3A	0xFF
SPI [1]	result	3.76473455	0.00000512	0x00	0xFF
SPI [1]	result	3.76473983	0.00000512	0x00	0xFF
SPI [1]	result	3.76474511	0.00000512	0x00	0xFF
SPI [1]	result	3.76475039	0.00000512	0x00	0xFF
SPI [1]	result	3.76515365	0.00000512	0x08	0xFF
SPI [1]	result	3.76515893	0.00000512	0x00	0xFF
SPI [1]	result	3.76516421	0.00000512	0x89	0xFF
SPI [1]	result	3.76516949	0.00000512	0xB8	0xFF
SPI [1]	result	3.80306150	0.00000512	0x00	0x00
SPI [1]	result	3.80306678	0.00000512	0x00	0x00
SPI [1]	result	3.80307206	0.00000512	0x08	0x04
SPI [1]	result	3.80307734	0.00000512	0x20	0x3F
SPI [1]	result	3.80347791	0.00000512	0x0A	0xFF
SPI [1]	result	3.80348319	0.00000512	0x10	0xFF
SPI [1]	result	3.80348847	0.00000512	0x80	0xFF
SPI [1]	result	3.80349375	0.00000512	0x32	0xFF
SPI [1]	result	3.80389499	0.00000512	0x00	0xFF
SPI [1]	result	3.80390027	0.00000512	0x00	0xFF
SPI [1]	result	3.80390555	0.00000512	0x00	0xFF
SPI [1]	result	3.80391083	0.00000512	0x00	0xFF
SPI [1]	result	3.80431225	0.00000512	0x08	0xFF
SPI [1]	result	3.80431753	0.00000512	0x00	0xFF
SPI [1]	result	3.80432281	0.00000512	0x88	0xFF
SPI [1]	result	3.80432809	0.00000512	0x32	0xFF
SPI [1]	result	3.84306083	0.00000512	0x00	0x00
SPI [1]	result	3.84306611	0.00000512	0x00	0x00
SPI [1]	result	3.84307139	0.00000512	0x08	0x00
SPI [1]	result	3.84307667	0.00000512	0x20	0x3F
SPI [1]	result	3.84347967	0.00000512	0x0B	0xEF
SPI [1]	result	3.84348495	0.00000512	0x10	0xFF
SPI [1]	result	3.84349023	0.00000512	0x80	0xFF
SPI [1]	result	3.84349551	0.00000512	0x3A	0xFF
SPI [1]	result	3.84389656	0.00000512	0x00	0xFF
SPI [1]	result	3.84390184	0.00000512	0x00	0xFF
SPI [1]	result	3.84390712	0.00000512	0x00	0xFF
SPI [1]	result	3.84391240	0.00000512	0x00	0xFF
SPI [1]	result	3.84431041	0.00000512	0x08	0xFF
SPI [1]	result	3.84431569	0.00000512	0x00	0xFF
SPI [1]	result	3.84432097	0.00000512	0x88	0xFF
SPI [1]	result	3.84432625	0.00000512	0x32	0xFF
SPI [1]	result	3.88306710	0.00000512	0x00	0x00
SPI [1]	result	3.88307238	0.00000512	0x00	0x00
SPI [1]	result	3.88307766	0.00000512	0x08	0x00
SPI [1]	result	3.88308294	0.00000512	0x20	0x3F
SPI [1]	result	3.88350098	0.00000512	0x0C	0xFF
SPI [1]	result	3.88350626	0.00000512	0x10	0xFF
SPI [1]	result	3.88351154	0.00000512	0x80	0xFF
SPI [1]	result	3.88351682	0.00000512	0x02	0xFF
SPI [1]	result	3.88391968	0.00000512	0x00	0xFF
SPI [1]	result	3.88392496	0.00000512	0x00	0xFF
SPI [1]	result	3.88393024	0.00000512	0x09	0xFF
SPI [1]	result	3.88393552	0.00000512	0xA6	0xFF
SPI [1]	result	3.88433653	0.00000512	0x0D	0xFF
SPI [1]	result	3.88434181	0.00000512	0x00	0xFF
SPI [1]	result	3.88434709	0.00000512	0x88	0xFF
SPI [1]	result	3.88435237	0.00000512	0x1A	0xFF
SPI [1]	result	3.88475144	0.00000512	0x00	0xFF
SPI [1]	result	3.88475672	0.00000512	0x00	0xFF
SPI [1]	result	3.88476200	0.00000512	0x00	0xFF
SPI [1]	result	3.88476728	0.00000512	0x00	0xFF
SPI [1]	result	3.88516854	0.00000512	0x08	0xFF
SPI [1]	result	3.88517382	0.00000512	0x00	0xFF
SPI [1]	result	3.88517910	0.00000512	0x89	0xFF
SPI [1]	result	3.88518438	0.00000512	0xB8	0xFF
SPI [1]	result	3.92306208	0.00000512	0x00	0x00
SPI [1]	result	3.92306736	0.00000512	0x00	0x00
SPI [1]	result	3.92307264	0.00000512	0x08	0x00
SPI [1]	result	3.92307792	0.00000512	0x20	0x3F
SPI [1]	result	3.92348180	0.00000512	0x0E	0xFF
SPI [1]	result	3.92348708	0.00000512	0x10	0xFF
SPI [1]	result	3.92349236	0.00000512	0x80	0xFF
SPI [1]	result	3.92349764	0.00000512	0x12	0xFF
SPI [1]	result	3.92389877	0.00000512	0x00	0xFF
SPI [1]	result	3.92390405	0.00000512	0x00	0xFF
SPI [1]	result	3.92390933	0.00000512	0x00	0xFF
SPI [1]	result	3.92391461	0.00000512	0x00	0xFF
SPI [1]	result	3.92431323	0.00000512	0x08	0xFF
SPI [1]	result	3.92431851	0.00000512	0x00	0xFF
SPI [1]	result	3.92432379	0.00000512	0x88	0xFF
SPI [1]	result	3.92432907	0.00000512	0x32	0xFF
SPI [1]	result	3.96306085	0.00000512	0x00	0x00
SPI [1]	result	3.96306613	0.00000512	0x00	0x00
SPI [1]	result	3.96307141	0.00000512	0x08	0x00
SPI [1]	result	3.96307669	0.00000512	0x20	0x3F
SPI [1]	result	3.96347948	0.00000512	0x0F	0xFF
SPI [1]	result	3.96348476	0.00000512	0x10	0xFF
SPI [1]	result	3.96349004	0.00000512	0x80	0xFF
SPI [1]	result	3.96349532	0.00000512	0x1A	0xFF
SPI [1]	result	3.96395652	0.00000512	0x00	0xFF
SPI [1]	result	3.96396180	0.00000512	0x00	0xFF
SPI [1]	result	3.96396708	0.00000512	0x00	0xFF
SPI [1]	result	3.96397236	0.00000512	0x00	0xFF
SPI [1]	result	3.96438108	0.00000512	0x08	0xFF
SPI [1]	result	3.96438636	0.00000512	0x00	0xFF
SPI [1]	result	3.96439164	0.00000512	0x88	0xFF
SPI [1]	result	3.96439692	0.00000512	0x32	0xFF
SPI [1]	result	4.00306516	0.00000512	0x00	0x00
SPI [1]	result	4.00307044	0.00000512	0x00	0x00
SPI [1]	result	4.00307572	0.00000512	0x08	0x00
SPI [1]	result	4.00308100	0.00000512	0x20	0x3F
SPI [1]	result	4.00348640	0.00000512	0x08	0xFF
SPI [1]	result	4.00349168	0.00000512	0x10	0xFF
SPI [1]	result	4.00349696	0.00000512	0x80	0xFF
SPI [1]	result	4.00350224	0.00000512	0x22	0xFF
SPI [1]	result	4.00390372	0.00000512	0x00	0xFF
SPI [1]	result	4.00390900	0.00000512	0x00	0xFF
SPI [1]	result	4.00391428	0.00000512	0x09	0xFF
SPI [1]	result	4.00391956	0.00000512	0xA6	0xFF
SPI [1]	result	4.00432044	0.00000512	0x09	0xFF
SPI [1]	result	4.00432572	0.00000512	0x00	0xFF
SPI [1]	result	4.00433100	0.00000512	0x88	0xFF
SPI [1]	result	4.00433628	0.00000512	0x3A	0xFF
SPI [1]	result	4.00473752	0.00000512	0x00	0xFF
SPI [1]	result	4.00474280	0.00000512	0x00	0xFF
SPI [1]	result	4.00474808	0.00000512	0x00	0xFF
SPI [1]	result	4.00475336	0.00000512	0x00	0xFF
SPI [1]	result	4.00515937	0.00000512	0x08	0xFF
SPI [1]	result	4.00516465	0.00000512	0x00	0xFF
SPI [1]	result	4.00516993	0.00000512	0x89	0xFF
SPI [1]	result	4.00517521	0.00000512	0xB8	0xFF
SPI [1]	result	4.04306608	0.00000512	0x00	0x00
SPI [1]	result	4.04307136	0.00000512	0x00	0x00
SPI [1]	result	4.04307664	0.00000512	0x08	0x00
SPI [1]	result	4.04308192	0.00000512	0x20	0x3F
SPI [1]	result	4.04555936	0.00000512	0x0A	0x0F
SPI [1]	result	4.04556464	0.00000512	0x10	0xFF
SPI [1]	result	4.04556992	0.00000512	0x80	0xFF
SPI [1]	result	4.04557520	0.00000512	0x32	0xFF
SPI [1]	result	4.04604500	0.00000512	0x00	0xFF
SPI [1]	result	4.04605028	0.00000512	0x00	0xFF
SPI [1]	result	4.04605556	0.00000512	0x00	0xFF
SPI [1]	result	4.04606084	0.00000512	0x00	0xFF
SPI [1]	result	4.04647568	0.00000512	0x08	0xFF
SPI [1]	result	4.04648096	0.00000512	0x00	0xFF
SPI [1]	result	4.04648624	0.00000512	0x88	0xFF
SPI [1]	result	4.04649152	0.00000512	0x32	0xFF
SPI [1]	result	4.08306868	0.00000512	0x00	0x00
SPI [1]	result	4.08307396	0.00000512	0x00	0x00
SPI [1]	result	4.08307924	0.00000512	0x08	0x04
SPI [1]	result	4.08308452	0.00000512	0x20	0x3F
SPI [1]	result	4.08349300	0.00000512	0x0B	0xFF
SPI [1]	result	4.08349828	0.00000512	0x10	0xFF
SPI [1]	result	4.08350356	0.00000512	0x80	0xFF
SPI [1]	result	4.08350884	0.00000512	0x3A	0xFF
SPI [1]	result	4.08391074	0.00000512	0x00	0xFF
SPI [1]	result	4.08391602	0.00000512	0x00	0xFF
SPI [1]	result	4.08392130	0.00000512	0x00	0xFF
SPI [1]	result	4.08392658	0.00000512	0x00	0xFF
SPI [1]	result	4.08432793	0.00000512	0x08	0xFF
SPI [1]	result	4.08433321	0.00000512	0x00	0xFF
SPI [1]	result	4.08433849	0.00000512	0x88	0xFF
SPI [1]	result	4.08434377	0.00000512	0x32	0xFF
SPI [1]	result	4.12307803	0.00000512	0x00	0x00
SPI [1]	result	4.12308331	0.00000512	0x00	0x00
SPI [1]	result	4.12308859	0.00000512	0x08	0x00
SPI [1]	result	4.12309387	0.00000512	0x20	0x3F
SPI [1]	result	4.12353794	0.00000512	0x0C	0xFF
SPI [1]	result	4.12354322	0.00000512	0x10	0xFF
SPI [1]	result	4.12354850	0.00000512	0x80	0xFF
SPI [1]	result	4.12355378	0.00000512	0x02	0xFF
SPI [1]	result	4.12395785	0.00000512	0x00	0xFF
SPI [1]	result	4.12396313	0.00000512	0x00	0xFF
SPI [1]	result	4.12396841	0.00000512	0x09	0xFF
SPI [1]	result	4.12397369	0.00000512	0xA6	0xFF
SPI [1]	result	4.12437744	0.00000512	0x0D	0xFF
SPI [1]	result	4.12438272	0.00000512	0x00	0xFF
SPI [1]	result	4.12438800	0.00000512	0x88	0xFF
SPI [1]	result	4.12439328	0.00000512	0x1A	0xFF
SPI [1]	result	4.12479490	0.00000512	0x00	0xFF
SPI [1]	result	4.12480018	0.00000512	0x00	0xFF
SPI [1]	result	4.12480546	0.00000512	0x00	0xFF
SPI [1]	result	4.12481074	0.00000512	0x00	0xFF
SPI [1]	result	4.12521281	0.00000512	0x08	0xFF
SPI [1]	result	4.12521809	0.00000512	0x00	0xFF
SPI [1]	result	4.12522337	0.00000512	0x89	0xFF
SPI [1]	result	4.12522865	0.00000512	0xB8	0xFF
SPI [1]	result	4.16306539	0.00000512	0x00	0x00
SPI [1]	result	4.16307067	0.00000512	0x00	0x00
SPI [1]	result	4.16307595	0.00000512	0x08	0x04
SPI [1]	result	4.16308123	0.00000512	0x20	0x3F
SPI [1]	result	4.16349989	0.00000512	0x0E	0xFF
SPI [1]	result	4.16350517	0.00000512	0x10	0xFF
SPI [1]	result	4.16351045	0.00000512	0x80	0xFF
SPI [1]	result	4.16351573	0.00000512	0x12	0xFF
SPI [1]	result	4.16391853	0.00000512	0x00	0xFF
SPI [1]	result	4.16392381	0.00000512	0x00	0xFF
SPI [1]	result	4.16392909	0.00000512	0x00	0xFF
SPI [1]	result	4.16393437	0.00000512	0x00	0xFF
SPI [1]	result	4.16433593	0.00000512	0x08	0xFF
SPI [1]	result	4.16434121	0.00000512	0x00	0xFF
SPI [1]	result	4.16434649	0.00000512	0x88	0xFF
SPI [1]	result	4.16435177	0.00000512	0x32	0xFF
SPI [1]	result	4.20306453	0.00000512	0x00	0x00
SPI [1]	result	4.20306981	0.00000512	0x00	0x00
SPI [1]	result	4.20307509	0.00000512	0x08	0x04
SPI [1]	result	4.20308037	0.00000512	0x20	0x3F
SPI [1]	result	4.20349216	0.00000512	0x0F	0xFF
SPI [1]	result	4.20349744	0.00000512	0x10	0xFF
SPI [1]	result	4.20350272	0.00000512	0x80	0xFF
SPI [1]	result	4.20350800	0.00000512	0x1A	0xFF
SPI [1]	result	4.20391065	0.00000512	0x00	0xFF
SPI [1]	result	4.20391593	0.00000512	0x00	0xFF
SPI [1]	result	4.20392121	0.00000512	0x00	0xFF
SPI [1]	result	4.20392649	0.00000512	0x00	0xFF
SPI [1]	result	4.20432752	0.00000512	0x08	0xFF
SPI [1]	result	4.20433280	0.00000512	0x00	0xFF
SPI [1]	result	4.20433808	0.00000512	0x88	0xFF
SPI [1]	result	4.20434336	0.00000512	0x32	0xFF
SPI [1]	result	4.24306423	0.00000512	0x00	0x00
SPI [1]	result	4.24306951	0.00000512	0x00	0x00
SPI [1]	result	4.24307479	0.00000512	0x08	0x00
SPI [1]	result	4.24308007	0.00000512	0x20	0x3F
SPI [1]	result	4.24348440	0.00000512	0x08	0xFF
SPI [1]	result	4.24348968	0.00000512	0x10	0xFF
SPI [1]	result	4.24349496	0.00000512	0x80	0xFF
SPI [1]	result	4.24350024	0.00000512	0x22	0xFF
SPI [1]	result	4.24390223	0.00000512	0x00	0xFF
SPI [1]	result	4.24390751	0.00000512	0x00	0xFF
SPI [1]	result	4.24391279	0.00000512	0x09	0xFF
SPI [1]	result	4.24391807	0.00000512	0xA6	0xFF
SPI [1]	result	4.24431929	0.00000512	0x09	0xFF
SPI [1]	result	4.24432457	0.00000512	0x00	0xFF
SPI [1]	result	4.24432985	0.00000512	0x88	0xFF
SPI [1]	result	4.24433513	0.00000512	0x3A	0xFF
SPI [1]	result	4.24473616	0.00000512	0x00	0xFF
SPI [1]	result	4.24474144	0.00000512	0x00	0xFF
SPI [1]	result	4.24474672	0.00000512	0x00	0xFF
SPI [1]	result	4.24475200	0.00000512	0x00	0xFF
SPI [1]	result	4.24515035	0.00000512	0x08	0xFF
SPI [1]	result	4.24515563	0.00000512	0x00	0xFF
SPI [1]	result	4.24516091	0.00000512	0x89	0xFF
SPI [1]	result	4.24516619	0.00000512	0xB8	0xFF
SPI [1]	result	4.28306123	0.00000512	0x00	0x00
SPI [1]	result	4.28306651	0.00000512	0x00	0x00
SPI [1]	result	4.28307179	0.00000512	0x08	0x04
SPI [1]	result	4.28307707	0.00000512	0x20	0x3F
SPI [1]	result	4.28348037	0.00000512	0x0A	0xFF
SPI [1]	result	4.28348565	0.00000512	0x10	0xFF
SPI [1]	result	4.28349093	0.00000512	0x80	0xFF
SPI [1]	result	4.28349621	0.00000512	0x32	0xFF
SPI [1]	result	4.28389747	0.00000512	0x00	0xFF
SPI [1]	result	4.28390275	0.00000512	0x00	0xFF
SPI [1]	result	4.28390803	0.00000512	0x00	0xFF
SPI [1]	result	4.28391331	0.00000512	0x00	0xFF
SPI [1]	result	4.28431453	0.00000512	0x08	0xFF
SPI [1]	result	4.28431981	0.00000512	0x00	0xFF
SPI [1]	result	4.28432509	0.00000512	0x88	0xFF
SPI [1]	result	4.28433037	0.00000512	0x32	0xFF
SPI [1]	result	4.32306113	0.00000512	0x00	0x00
SPI [1]	result	4.32306641	0.00000512	0x00	0x00
SPI [1]	result	4.32307169	0.00000512	0x08	0x05
SPI [1]	result	4.32307697	0.00000512	0x20	0x3F
SPI [1]	result	4.32348000	0.00000512	0x0B	0xFF
SPI [1]	result	4.32348528	0.00000512	0x10	0xFF
SPI [1]	result	4.32349056	0.00000512	0x80	0xFF
SPI [1]	result	4.32349584	0.00000512	0x3A	0xFF
SPI [1]	result	4.32389689	0.00000512	0x00	0xFF
SPI [1]	result	4.32390217	0.00000512	0x00	0xFF
SPI [1]	result	4.32390745	0.00000512	0x00	0xFF
SPI [1]	result	4.32391273	0.00000512	0x00	0xFF
SPI [1]	result	4.32437054	0.00000512	0x08	0xFF
SPI [1]	result	4.32437582	0.00000512	0x00	0xFF
SPI [1]	result	4.32438110	0.00000512	0x88	0xFF
SPI [1]	result	4.32438638	0.00000512	0x32	0xFF
SPI [1]	result	4.36306588	0.00000512	0x00	0x00
SPI [1]	result	4.36307116	0.00000512	0x00	0x00
SPI [1]	result	4.36307644	0.00000512	0x08	0x00
SPI [1]	result	4.36308172	0.00000512	0x20	0x3F
SPI [1]	result	4.36349003	0.00000512	0x0C	0xFF
SPI [1]	result	4.36349531	0.00000512	0x10	0xFF
SPI [1]	result	4.36350059	0.00000512	0x80	0xFF
SPI [1]	result	4.36350587	0.00000512	0x02	0xFF
SPI [1]	result	4.36390468	0.00000512	0x00	0xFF
SPI [1]	result	4.36390996	0.00000512	0x00	0xFF
SPI [1]	result	4.36391524	0.00000512	0x09	0xFF
SPI [1]	result	4.36392052	0.00000512	0xA6	0xFF
SPI [1]	result	4.36432188	0.00000512	0x0D	0xFF
SPI [1]	result	4.36432716	0.00000512	0x00	0xFF
SPI [1]	result	4.36433244	0.00000512	0x88	0xFF
SPI [1]	result	4.36433772	0.00000512	0x1A	0xFF
SPI [1]	result	4.36473455	0.00000512	0x00	0xFF
SPI [1]	result	4.36473983	0.00000512	0x00	0xFF
SPI [1]	result	4.36474511	0.00000512	0x00	0xFF
SPI [1]	result	4.36475039	0.00000512	0x00	0xFF
SPI [1]	result	4.36515161	0.00000512	0x08	0xFF
SPI [1]	result	4.36515689	0.00000512	0x00	0xFF
SPI [1]	result	4.36516217	0.00000512	0x89	0xFF
SPI [1]	result	4.36516745	0.00000512	0xB8	0xFF
SPI [1]	result	4.40306523	0.00000512	0x00	0x00
SPI [1]	result	4.40307051	0.00000512	0x00	0x00
SPI [1]	result	4.40307579	0.00000512	0x08	0x04
SPI [1]	result	4.40308107	0.00000512	0x20	0xBF
SPI [1]	result	4.40349406	0.00000512	0x0E	0xFF
SPI [1]	result	4.40349934	0.00000512	0x10	0xFF
SPI [1]	result	4.40350462	0.00000512	0x80	0xFF
SPI [1]	result	4.40350990	0.00000512	0x12	0xFF
SPI [1]	result	4.40391238	0.00000512	0x00	0xFF
SPI [1]	result	4.40391766	0.00000512	0x00	0xFF
SPI [1]	result	4.40392294	0.00000512	0x00	0xFF
SPI [1]	result	4.40392822	0.00000512	0x00	0xFF
SPI [1]	result	4.40433008	0.00000512	0x08	0xFF
SPI [1]	result	4.40433536	0.00000512	0x00	0xFF
SPI [1]	result	4.40434064	0.00000512	0x88	0xFF
SPI [1]	result	4.40434592	0.00000512	0x32	0xFF
SPI [1]	result	4.44306178	0.00000512	0x00	0x00
SPI [1]	result	4.44306706	0.00000512	0x00	0x00
SPI [1]	result	4.44307234	0.00000512	0x08	0x00
SPI [1]	result	4.44307762	0.00000512	0x20	0x3F
SPI [1]	result	4.44348105	0.00000512	0x0F	0xFF
SPI [1]	result	4.44348633	0.00000512	0x10	0xFF
SPI [1]	result	4.44349161	0.00000512	0x80	0xFF
SPI [1]	result	4.44349689	0.00000512	0x1A	0xFF
SPI [1]	result	4.44389822	0.00000512	0x00	0xFF
SPI [1]	result	4.44390350	0.00000512	0x00	0xFF
SPI [1]	result	4.44390878	0.00000512	0x00	0xFF
SPI [1]	result	4.44391406	0.00000512	0x00	0xFF
SPI [1]	result	4.44431248	0.00000512	0x08	0xFF
SPI [1]	result	4.44431776	0.00000512	0x00	0xFF
SPI [1]	result	4.44432304	0.00000512	0x88	0xFF
SPI [1]	result	4.44432832	0.00000512	0x32	0xFF
SPI [1]	result	4.48307416	0.00000512	0x00	0x00
SPI [1]	result	4.48307944	0.00000512	0x00	0x00
SPI [1]	result	4.48308472	0.00000512	0x08	0x04
SPI [1]	result	4.48309000	0.00000512	0x20	0x3F
SPI [1]	result	4.48353103	0.00000512	0x08	0xFF
SPI [1]	result	4.48353631	0.00000512	0x10	0xFF
SPI [1]	result	4.48354159	0.00000512	0x80	0xFF
SPI [1]	result	4.48354687	0.00000512	0x22	0xFF
SPI [1]	result	4.48395042	0.00000512	0x00	0xFF
SPI [1]	result	4.48395570	0.00000512	0x00	0xFF
SPI [1]	result	4.48396098	0.00000512	0x09	0xFF
SPI [1]	result	4.48396626	0.00000512	0xA6	0xFF
SPI [1]	result	4.48436462	0.00000512	0x09	0xFF
SPI [1]	result	4.48436990	0.00000512	0x00	0xFF
SPI [1]	result	4.48437518	0.00000512	0x88	0xFF
SPI [1]	result	4.48438046	0.00000512	0x3A	0xFF
SPI [1]	result	4.48478287	0.00000512	0x00	0xFF
SPI [1]	result	4.48478815	0.00000512	0x00	0xFF
SPI [1]	result	4.48479343	0.00000512	0x00	0xFF
SPI [1]	result	4.48479871	0.00000512	0x00	0xFF
SPI [1]	result	4.48520083	0.00000512	0x08	0xFF
SPI [1]	result	4.48520611	0.00000512	0x00	0xFF
SPI [1]	result	4.48521139	0.00000512	0x89	0xFF
SPI [1]	result	4.48521667	0.00000512	0xB8	0xFF
SPI [1]	result	4.52306180	0.00000512	0x00	0x00
SPI [1]	result	4.52306708	0.00000512	0x00	0x00
SPI [1]	result	4.52307236	0.00000512	0x08	0x00
SPI [1]	result	4.52307764	0.00000512	0x20	0x3F
SPI [1]	result	4.52348200	0.00000512	0x0A	0xFF
SPI [1]	result	4.52348728	0.00000512	0x10	0xFF
SPI [1]	result	4.52349256	0.00000512	0x80	0xFF
SPI [1]	result	4.52349784	0.00000512	0x32	0xFF
SPI [1]	result	4.52389841	0.00000512	0x00	0xFF
SPI [1]	result	4.52390369	0.00000512	0x00	0xFF
SPI [1]	result	4.52390897	0.00000512	0x00	0xFF
SPI [1]	result	4.52391425	0.00000512	0x00	0xFF
SPI [1]	result	4.52431538	0.00000512	0x08	0xFF
SPI [1]	result	4.52432066	0.00000512	0x00	0xFF
SPI [1]	result	4.52432594	0.00000512	0x88	0xFF
SPI [1]	result	4.52433122	0.00000512	0x32	0xFF
SPI [1]	result	4.56306118	0.00000512	0x00	0x00
SPI [1]	result	4.56306646	0.00000512	0x00	0x00
SPI [1]	result	4.56307174	0.00000512	0x08	0x00
SPI [1]	result	4.56307702	0.00000512	0x20	0x3F
SPI [1]	result	4.56347992	0.00000512	0x0B	0xFF
SPI [1]	result	4.56348520	0.00000512	0x10	0xFF
SPI [1]	result	4.56349048	0.00000512	0x80	0xFF
SPI [1]	result	4.56349576	0.00000512	0x3A	0xFF
SPI [1]	result	4.56389498	0.00000512	0x00	0xFF
SPI [1]	result	4.56390026	0.00000512	0x00	0xFF
SPI [1]	result	4.56390554	0.00000512	0x00	0xFF
SPI [1]	result	4.56391082	0.00000512	0x00	0xFF
SPI [1]	result	4.56431183	0.00000512	0x08	0xFF
SPI [1]	result	4.56431711	0.00000512	0x00	0xFF
SPI [1]	result	4.56432239	0.00000512	0x88	0xFF
SPI [1]	result	4.56432767	0.00000512	0x32	0xFF
SPI [1]	result	4.60306258	0.00000512	0x00	0x00
SPI [1]	result	4.60306786	0.00000512	0x00	0x00
SPI [1]	result	4.60307314	0.00000512	0x08	0x04
SPI [1]	result	4.60307842	0.00000512	0x20	0x3F
SPI [1]	result	4.60348138	0.00000512	0x0C	0xFF
SPI [1]	result	4.60348666	0.00000512	0x10	0xFF
SPI [1]	result	4.60349194	0.00000512	0x80	0xFF
SPI [1]	result	4.60349722	0.00000512	0x02	0xFF
SPI [1]	result	4.60389853	0.00000512	0x00	0xFF
SPI [1]	result	4.60390381	0.00000512	0x00	0xFF
SPI [1]	result	4.60390909	0.00000512	0x09	0xFF
SPI [1]	result	4.60391437	0.00000512	0xA6	0xFF
SPI [1]	result	4.60431264	0.00000512	0x0D	0xFF
SPI [1]	result	4.60431792	0.00000512	0x00	0xFF
SPI [1]	result	4.60432320	0.00000512	0x88	0xFF
SPI [1]	result	4.60432848	0.00000512	0x1A	0xFF
SPI [1]	result	4.60472564	0.00000512	0x00	0xFF
SPI [1]	result	4.60473092	0.00000512	0x00	0xFF
SPI [1]	result	4.60473620	0.00000512	0x00	0xFF
SPI [1]	result	4.60474148	0.00000512	0x00	0xFF
SPI [1]	result	4.60514248	0.00000512	0x08	0xFF
SPI [1]	result	4.60514776	0.00000512	0x00	0xFF
SPI [1]	result	4.60515304	0.00000512	0x89	0xFF
SPI [1]	result	4.60515832	0.00000512	0xB8	0xFF
SPI [1]	result	4.64306073	0.00000512	0x00	0x00
SPI [1]	result	4.64306601	0.00000512	0x00	0x00
SPI [1]	result	4.64307129	0.00000512	0x08	0x00
SPI [1]	result	4.64307657	0.00000512	0x20	0x3F
SPI [1]	result	4.64348102	0.00000512	0x0E	0xFF
SPI [1]	result	4.64348630	0.00000512	0x10	0xFF
SPI [1]	result	4.64349158	0.00000512	0x80	0xFF
SPI [1]	result	4.64349686	0.00000512	0x12	0xFF
SPI [1]	result	4.64389558	0.00000512	0x00	0xFF
SPI [1]	result	4.64390086	0.00000512	0x00	0xFF
SPI [1]	result	4.64390614	0.00000512	0x00	0xFF
SPI [1]	result	4.64391142	0.00000512	0x00	0xFF
SPI [1]	result	4.64431236	0.00000512	0x08	0xFF
SPI [1]	result	4.64431764	0.00000512	0x00	0xFF
SPI [1]	result	4.64432292	0.00000512	0x88	0xFF
SPI [1]	result	4.64432820	0.00000512	0x32	0xFF
SPI [1]	result	4.68306115	0.00000512	0x00	0x00
SPI [1]	result	4.68306643	0.00000512	0x00	0x00
SPI [1]	result	4.68307171	0.00000512	0x08	0x04
SPI [1]	result	4.68307699	0.00000512	0x20	0x3F
SPI [1]	result	4.68348139	0.00000512	0x0F	0xFF
SPI [1]	result	4.68348667	0.00000512	0x10	0xFF
SPI [1]	result	4.68349195	0.00000512	0x80	0xFF
SPI [1]	result	4.68349723	0.00000512	0x1A	0xFF
SPI [1]	result	4.68389800	0.00000512	0x00	0xFF
SPI [1]	result	4.68390328	0.00000512	0x00	0xFF
SPI [1]	result	4.68390856	0.00000512	0x00	0xFF
SPI [1]	result	4.68391384	0.00000512	0x00	0xFF
SPI [1]	result	4.68431237	0.00000512	0x08	0xFF
SPI [1]	result	4.68431765	0.00000512	0x00	0xFF
SPI [1]	result	4.68432293	0.00000512	0x88	0xFF
SPI [1]	result	4.68432821	0.00000512	0x32	0xFF
SPI [1]	result	4.72306233	0.00000512	0x00	0x00
SPI [1]	result	4.72306761	0.00000512	0x00	0x00
SPI [1]	result	4.72307289	0.00000512	0x08	0x00
SPI [1]	result	4.72307817	0.00000512	0x20	0x3F
SPI [1]	result	4.72354583	0.00000512	0x08	0xFF
SPI [1]	result	4.72355111	0.00000512	0x10	0xFF
SPI [1]	result	4.72355639	0.00000512	0x80	0xFF
SPI [1]	result	4.72356167	0.00000512	0x22	0xFF
SPI [1]	result	4.72398252	0.00000512	0x00	0xFF
SPI [1]	result	4.72398780	0.00000512	0x00	0xFF
SPI [1]	result	4.72399308	0.00000512	0x09	0xFF
SPI [1]	result	4.72399836	0.00000512	0xA6	0xFF
SPI [1]	result	4.72439813	0.00000512	0x09	0xFF
SPI [1]	result	4.72440341	0.00000512	0x00	0xFF
SPI [1]	result	4.72440869	0.00000512	0x88	0xFF
SPI [1]	result	4.72441397	0.00000512	0x3A	0xFF
SPI [1]	result	4.72481478	0.00000512	0x00	0xFF
SPI [1]	result	4.72482006	0.00000512	0x00	0xFF
SPI [1]	result	4.72482534	0.00000512	0x00	0xFF
SPI [1]	result	4.72483062	0.00000512	0x00	0xFF
SPI [1]	result	4.72523180	0.00000512	0x08	0xFF
SPI [1]	result	4.72523708	0.00000512	0x00	0xFF
SPI [1]	result	4.72524236	0.00000512	0x89	0xFF
SPI [1]	result	4.72524764	0.00000512	0xB8	0xFF
SPI [1]	result	4.76306320	0.00000512	0x00	0x00
SPI [1]	result	4.76306848	0.00000512	0x00	0x00
SPI [1]	result	4.76307376	0.00000512	0x08	0x00
SPI [1]	result	4.76307904	0.00000512	0x20	0x3F
SPI [1]	result	4.76348462	0.00000512	0x0A	0xFF
SPI [1]	result	4.76348990	0.00000512	0x10	0xFF
SPI [1]	result	4.76349518	0.00000512	0x80	0xFF
SPI [1]	result	4.76350046	0.00000512	0x32	0xFF
SPI [1]	result	4.76389916	0.00000512	0x00	0xFF
SPI [1]	result	4.76390444	0.00000512	0x00	0xFF
SPI [1]	result	4.76390972	0.00000512	0x00	0xFF
SPI [1]	result	4.76391500	0.00000512	0x00	0xFF
SPI [1]	result	4.76431642	0.00000512	0x08	0xFF
SPI [1]	result	4.76432170	0.00000512	0x00	0xFF
SPI [1]	result	4.76432698	0.00000512	0x88	0xFF
SPI [1]	result	4.76433226	0.00000512	0x32	0xFF
SPI [1]	result	4.80306493	0.00000512	0x00	0x00
SPI [1]	result	4.80307021	0.00000512	0x00	0x00
SPI [1]	result	4.80307549	0.00000512	0x08	0x04
SPI [1]	result	4.80308077	0.00000512	0x20	0x3F
SPI [1]	result	4.80349523	0.00000512	0x0B	0xFF
SPI [1]	result	4.80350051	0.00000512	0x10	0xFF
SPI [1]	result	4.80350579	0.00000512	0x80	0xFF
SPI [1]	result	4.80351107	0.00000512	0x3A	0xFF
SPI [1]	result	4.80391358	0.00000512	0x00	0xFF
SPI [1]	result	4.80391886	0.00000512	0x00	0xFF
SPI [1]	result	4.80392414	0.00000512	0x00	0xFF
SPI [1]	result	4.80392942	0.00000512	0x00	0xFF
SPI [1]	result	4.80433044	0.00000512	0x08	0xFF
SPI [1]	result	4.80433572	0.00000512	0x00	0xFF
SPI [1]	result	4.80434100	0.00000512	0x88	0xFF
SPI [1]	result	4.80434628	0.00000512	0x32	0xFF
SPI [1]	result	4.84306411	0.00000512	0x00	0x00
SPI [1]	result	4.84306939	0.00000512	0x00	0x00
SPI [1]	result	4.84307467	0.00000512	0x08	0x00
SPI [1]	result	4.84307995	0.00000512	0x20	0x3F
SPI [1]	result	4.84348119	0.00000512	0x0C	0xFF
SPI [1]	result	4.84348647	0.00000512	0x10	0xFF
SPI [1]	result	4.84349175	0.00000512	0x80	0xFF
SPI [1]	result	4.84349703	0.00000512	0x02	0xFF
SPI [1]	result	4.84389841	0.00000512	0x00	0xFF
SPI [1]	result	4.84390369	0.00000512	0x00	0xFF
SPI [1]	result	4.84390897	0.00000512	0x09	0xFF
SPI [1]	result	4.84391425	0.00000512	0xA6	0xFF
SPI [1]	result	4.84431599	0.00000512	0x0D	0xFF
SPI [1]	result	4.84432127	0.00000512	0x00	0xFF
SPI [1]	result	4.84432655	0.00000512	0x88	0xFF
SPI [1]	result	4.84433183	0.00000512	0x1A	0xFF
SPI [1]	result	4.84473290	0.00000512	0x00	0xFF
SPI [1]	result	4.84473818	0.00000512	0x00	0xFF
SPI [1]	result	4.84474346	0.00000512	0x00	0xFF
SPI [1]	result	4.84474874	0.00000512	0x00	0xFF
SPI [1]	result	4.84514949	0.00000512	0x08	0xFF
SPI [1]	result	4.84515477	0.00000512	0x00	0xFF
SPI [1]	result	4.84516005	0.00000512	0x89	0xFF
SPI [1]	result	4.84516533	0.00000512	0xB8	0xFF
SPI [1]	result	4.88307491	0.00000512	0x00	0x00
SPI [1]	result	4.88308019	0.00000512	0x00	0x00
SPI [1]	result	4.88308547	0.00000512	0x08	0x06
SPI [1]	result	4.88309075	0.00000512	0x20	0x3F
SPI [1]	result	4.88353168	0.00000512	0x0E	0xFF
SPI [1]	result	4.88353696	0.00000512	0x10	0xFF
SPI [1]	result	4.88354224	0.00000512	0x80	0xFF
SPI [1]	result	4.88354752	0.00000512	0x12	0xFF
SPI [1]	result	4.88395022	0.00000512	0x00	0xFF
SPI [1]	result	4.88395550	0.00000512	0x00	0xFF
SPI [1]	result	4.88396078	0.00000512	0x00	0xFF
SPI [1]	result	4.88396606	0.00000512	0x00	0xFF
SPI [1]	result	4.88436713	0.00000512	0x08	0xFF
SPI [1]	result	4.88437241	0.00000512	0x00	0xFF
SPI [1]	result	4.88437769	0.00000512	0x88	0xFF
SPI [1]	result	4.88438297	0.00000512	0x32	0xFF
SPI [1]	result	4.92306948	0.00000512	0x00	0x00
SPI [1]	result	4.92307476	0.00000512	0x00	0x00
SPI [1]	result	4.92308004	0.00000512	0x08	0x00
SPI [1]	result	4.92308532	0.00000512	0x20	0x3F
SPI [1]	result	4.92351146	0.00000512	0x0F	0xFF
SPI [1]	result	4.92351674	0.00000512	0x10	0xFF
SPI [1]	result	4.92352202	0.00000512	0x80	0xFF
SPI [1]	result	4.92352730	0.00000512	0x1A	0xFF
SPI [1]	result	4.92393020	0.00000512	0x00	0xFF
SPI [1]	result	4.92393548	0.00000512	0x00	0xFF
SPI [1]	result	4.92394076	0.00000512	0x00	0xFF
SPI [1]	result	4.92394604	0.00000512	0x00	0xFF
SPI [1]	result	4.92434779	0.00000512	0x08	0xFF
SPI [1]	result	4.92435307	0.00000512	0x00	0xFF
SPI [1]	result	4.92435835	0.00000512	0x88	0xFF
SPI [1]	result	4.92436363	0.00000512	0x32	0xFF
SPI [1]	result	4.96306560	0.00000512	0x00	0x00
SPI [1]	result	4.96307088	0.00000512	0x00	0x00
SPI [1]	result	4.96307616	0.00000512	0x08	0x00
SPI [1]	result	4.96308144	0.00000512	0x20	0x3F
SPI [1]	result	4.96348749	0.00000512	0x08	0xFF
SPI [1]	result	4.96349277	0.00000512	0x10	0xFF
SPI [1]	result	4.96349805	0.00000512	0x80	0xFF
SPI [1]	result	4.96350333	0.00000512	0x22	0xFF
SPI [1]	result	4.96390440	0.00000512	0x00	0xFF
SPI [1]	result	4.96390968	0.00000512	0x00	0xFF
SPI [1]	result	4.96391496	0.00000512	0x09	0xFF
SPI [1]	result	4.96392024	0.00000512	0xA6	0xFF
SPI [1]	result	4.96432229	0.00000512	0x09	0xFF
SPI [1]	result	4.96432757	0.00000512	0x00	0xFF
SPI [1]	result	4.96433285	0.00000512	0x88	0xFF
SPI [1]	result	4.96433813	0.00000512	0x3A	0xFF
SPI [1]	result	4.96473664	0.00000512	0x00	0xFF
SPI [1]	result	4.96474192	0.00000512	0x00	0xFF
SPI [1]	result	4.96474720	0.00000512	0x00	0xFF
SPI [1]	result	4.96475248	0.00000512	0x00	0xFF
SPI [1]	result	4.96515466	0.00000512	0x08	0xFF
SPI [1]	result	4.96515994	0.00000512	0x00	0xFF
SPI [1]	result	4.96516522	0.00000512	0x89	0xFF
SPI [1]	result	4.96517050	0.00000512	0xB8	0xFF
SPI [1]	result	5.00306126	0.00000512	0x00	0x00
SPI [1]	result	5.00306654	0.00000512	0x00	0x00
SPI [1]	result	5.00307182	0.00000512	0x08	0x04
SPI [1]	result	5.00307710	0.00000512	0x20	0x3F
SPI [1]	result	5.00348063	0.00000512	0x0A	0xFF
SPI [1]	result	5.00348591	0.00000512	0x10	0xFF
SPI [1]	result	5.00349119	0.00000512	0x80	0xFF
SPI [1]	result	5.00349647	0.00000512	0x32	0xFF
SPI [1]	result	5.00389773	0.00000512	0x00	0xFF
SPI [1]	result	5.00390301	0.00000512	0x00	0xFF
SPI [1]	result	5.00390829	0.00000512	0x00	0xFF
SPI [1]	result	5.00391357	0.00000512	0x00	0xFF
SPI [1]	result	5.00431228	0.00000512	0x08	0xFF
SPI [1]	result	5.00431756	0.00000512	0x00	0xFF
SPI [1]	result	5.00432284	0.00000512	0x88	0xFF
SPI [1]	result	5.00432812	0.00000512	0x32	0xFF
SPI [1]	result	5.04306139	0.00000512	0x00	0x00
SPI [1]	result	5.04306667	0.00000512	0x00	0x00
SPI [1]	result	5.04307195	0.00000512	0x08	0x00
SPI [1]	result	5.04307723	0.00000512	0x20	0x3F
SPI [1]	result	5.04353309	0.00000512	0x0B	0xFF
SPI [1]	result	5.04353837	0.00000512	0x10	0xFF
SPI [1]	result	5.04354365	0.00000512	0x80	0xFF
SPI [1]	result	5.04354893	0.00000512	0x3A	0xFF
SPI [1]	result	5.04397950	0.00000512	0x00	0xFF
SPI [1]	result	5.04398478	0.00000512	0x00	0xFF
SPI [1]	result	5.04399006	0.00000512	0x00	0xFF
SPI [1]	result	5.04399534	0.00000512	0x00	0xFF
SPI [1]	result	5.04439917	0.00000512	0x08	0xFF
SPI [1]	result	5.04440445	0.00000512	0x00	0xFF
SPI [1]	result	5.04440973	0.00000512	0x88	0xFF
SPI [1]	result	5.04441501	0.00000512	0x32	0xFF
SPI [1]	result	5.08307005	0.00000512	0x00	0x00
SPI [1]	result	5.08307533	0.00000512	0x00	0x00
SPI [1]	result	5.08308061	0.00000512	0x08	0x04
SPI [1]	result	5.08308589	0.00000512	0x20	0x3F
SPI [1]	result	5.08349542	0.00000512	0x0C	0xFF
SPI [1]	result	5.08350070	0.00000512	0x10	0xFF
SPI [1]	result	5.08350598	0.00000512	0x80	0xFF
SPI [1]	result	5.08351126	0.00000512	0x02	0xFF
SPI [1]	result	5.08397346	0.00000512	0x00	0xFF
SPI [1]	result	5.08397874	0.00000512	0x00	0xFF
SPI [1]	result	5.08398402	0.00000512	0x09	0xFF
SPI [1]	result	5.08398930	0.00000512	0xA6	0xFF
SPI [1]	result	5.08440894	0.00000512	0x0D	0xFF
SPI [1]	result	5.08441422	0.00000512	0x00	0xFF
SPI [1]	result	5.08441950	0.00000512	0x88	0xFF
SPI [1]	result	5.08442478	0.00000512	0x1A	0xFF
SPI [1]	result	5.08482744	0.00000512	0x00	0xFF
SPI [1]	result	5.08483272	0.00000512	0x00	0xFF
SPI [1]	result	5.08483800	0.00000512	0x00	0xFF
SPI [1]	result	5.08484328	0.00000512	0x00	0xFF
SPI [1]	result	5.08524482	0.00000512	0x08	0xFF
SPI [1]	result	5.08525010	0.00000512	0x00	0xFF
SPI [1]	result	5.08525538	0.00000512	0x89	0xFF
SPI [1]	result	5.08526066	0.00000512	0xB8	0xFF
SPI [1]	result	5.12306510	0.00000512	0x00	0x00
SPI [1]	result	5.12307038	0.00000512	0x00	0x00
SPI [1]	result	5.12307566	0.00000512	0x08	0x02
SPI [1]	result	5.12308094	0.00000512	0x20	0x3F
SPI [1]	result	5.12349305	0.00000512	0x0E	0xFF
SPI [1]	result	5.12349833	0.00000512	0x10	0xFF
SPI [1]	result	5.12350361	0.00000512	0x80	0xFF
SPI [1]	result	5.12350889	0.00000512	0x12	0xFF
SPI [1]	result	5.12390979	0.00000512	0x00	0xFF
SPI [1]	result	5.12391507	0.00000512	0x00	0xFF
SPI [1]	result	5.12392035	0.00000512	0x00	0xFF
SPI [1]	result	5.12392563	0.00000512	0x00	0xFF
SPI [1]	result	5.12432631	0.00000512	0x08	0xFF
SPI [1]	result	5.12433159	0.00000512	0x00	0xFF
SPI [1]	result	5.12433687	0.00000512	0x88	0xFF
SPI [1]	result	5.12434215	0.00000512	0x32	0xFF
SPI [1]	result	5.16306636	0.00000512	0x00	0x00
SPI [1]	result	5.16307164	0.00000512	0x00	0x00
SPI [1]	result	5.16307692	0.00000512	0x08	0x00
SPI [1]	result	5.16308220	0.00000512	0x20	0x3F
SPI [1]	result	5.16350256	0.00000512	0x0F	0xFF
SPI [1]	result	5.16350784	0.00000512	0x10	0xFF
SPI [1]	result	5.16351312	0.00000512	0x80	0xFF
SPI [1]	result	5.16351840	0.00000512	0x1A	0xFF
SPI [1]	result	5.16392227	0.00000512	0x00	0xFF
SPI [1]	result	5.16392755	0.00000512	0x00	0xFF
SPI [1]	result	5.16393283	0.00000512	0x00	0xFF
SPI [1]	result	5.16393811	0.00000512	0x00	0xFF
SPI [1]	result	5.16433660	0.00000512	0x08	0xFF
SPI [1]	result	5.16434188	0.00000512	0x00	0xFF
SPI [1]	result	5.16434716	0.00000512	0x88	0xFF
SPI [1]	result	5.16435244	0.00000512	0x32	0xFF
SPI [1]	result	5.20306591	0.00000512	0x00	0x00
SPI [1]	result	5.20307119	0.00000512	0x00	0x00
SPI [1]	result	5.20307647	0.00000512	0x08	0x04
SPI [1]	result	5.20308175	0.00000512	0x20	0x3F
SPI [1]	result	5.20349658	0.00000512	0x08	0xFF
SPI [1]	result	5.20350186	0.00000512	0x10	0xFF
SPI [1]	result	5.20350714	0.00000512	0x80	0xFF
SPI [1]	result	5.20351242	0.00000512	0x22	0xFF
SPI [1]	result	5.20391424	0.00000512	0x00	0xFF
SPI [1]	result	5.20391952	0.00000512	0x00	0xFF
SPI [1]	result	5.20392480	0.00000512	0x09	0xFF
SPI [1]	result	5.20393008	0.00000512	0xA6	0xFF
SPI [1]	result	5.20433176	0.00000512	0x09	0xFF
SPI [1]	result	5.20433704	0.00000512	0x00	0xFF
SPI [1]	result	5.20434232	0.00000512	0x88	0xFF
SPI [1]	result	5.20434760	0.00000512	0x3A	0xFF
SPI [1]	result	5.20474669	0.00000512	0x00	0xFF
SPI [1]	result	5.20475197	0.00000512	0x00	0xFF
SPI [1]	result	5.20475725	0.00000512	0x00	0xFF
SPI [1]	result	5.20476253	0.00000512	0x00	0xFF
SPI [1]	result	5.20516330	0.00000512	0x08	0xFF
SPI [1]	result	5.20516858	0.00000512	0x00	0xFF
SPI [1]	result	5.20517386	0.00000512	0x89	0xFF
SPI [1]	result	5.20517914	0.00000512	0xB8	0xFF
SPI [1]	result	5.24307298	0.00000512	0x00	0x00
SPI [1]	result	5.24307826	0.00000512	0x00	0x00
SPI [1]	result	5.24308354	0.00000512	0x08	0x00
SPI [1]	result	5.24308882	0.00000512	0x20	0x3F
SPI [1]	result	5.24352666	0.00000512	0x0A	0xFF
SPI [1]	result	5.24353194	0.00000512	0x10	0xFF
SPI [1]	result	5.24353722	0.00000512	0x80	0xFF
SPI [1]	result	5.24354250	0.00000512	0x32	0xFF
SPI [1]	result	5.24394576	0.00000512	0x00	0xFF
SPI [1]	result	5.24395104	0.00000512	0x00	0xFF
SPI [1]	result	5.24395632	0.00000512	0x00	0xFF
SPI [1]	result	5.24396160	0.00000512	0x00	0xFF
SPI [1]	result	5.24436315	0.00000512	0x08	0xFF
SPI [1]	result	5.24436843	0.00000512	0x00	0xFF
SPI [1]	result	5.24437371	0.00000512	0x88	0xFF
SPI [1]	result	5.24437899	0.00000512	0x32	0xFF
SPI [1]	result	5.28306242	0.00000512	0x00	0x00
SPI [1]	result	5.28306770	0.00000512	0x00	0x00
SPI [1]	result	5.28307298	0.00000512	0x08	0x04
SPI [1]	result	5.28307826	0.00000512	0x20	0x3F
SPI [1]	result	5.28348531	0.00000512	0x0B	0xFF
SPI [1]	result	5.28349059	0.00000512	0x10	0xFF
SPI [1]	result	5.28349587	0.00000512	0x80	0xFF
SPI [1]	result	5.28350115	0.00000512	0x3A	0xFF
SPI [1]	result	5.28390283	0.00000512	0x00	0xFF
SPI [1]	result	5.28390811	0.00000512	0x00	0xFF
SPI [1]	result	5.28391339	0.00000512	0x00	0xFF
SPI [1]	result	5.28391867	0.00000512	0x00	0xFF
SPI [1]	result	5.28431961	0.00000512	0x08	0xFF
SPI [1]	result	5.28432489	0.00000512	0x00	0xFF
SPI [1]	result	5.28433017	0.00000512	0x88	0xFF
SPI [1]	result	5.28433545	0.00000512	0x32	0xFF
SPI [1]	result	5.32306660	0.00000512	0x00	0x00
SPI [1]	result	5.32307188	0.00000512	0x00	0x00
SPI [1]	result	5.32307716	0.00000512	0x08	0x00
SPI [1]	result	5.32308244	0.00000512	0x20	0x3F
SPI [1]	result	5.32349162	0.00000512	0x0C	0xFF
SPI [1]	result	5.32349690	0.00000512	0x10	0xFF
SPI [1]	result	5.32350218	0.00000512	0x80	0xFF
SPI [1]	result	5.32350746	0.00000512	0x02	0xFF
SPI [1]	result	5.32390949	0.00000512	0x00	0xFF
SPI [1]	result	5.32391477	0.00000512	0x00	0xFF
SPI [1]	result	5.32392005	0.00000512	0x09	0xFF
SPI [1]	result	5.32392533	0.00000512	0xA6	0xFF
SPI [1]	result	5.32432659	0.00000512	0x0D	0xFF
SPI [1]	result	5.32433187	0.00000512	0x00	0xFF
SPI [1]	result	5.32433715	0.00000512	0x88	0xFF
SPI [1]	result	5.32434243	0.00000512	0x1A	0xFF
SPI [1]	result	5.32474336	0.00000512	0x00	0xFF
SPI [1]	result	5.32474864	0.00000512	0x00	0xFF
SPI [1]	result	5.32475392	0.00000512	0x00	0xFF
SPI [1]	result	5.32475920	0.00000512	0x00	0xFF
SPI [1]	result	5.32515844	0.00000512	0x08	0xFF
SPI [1]	result	5.32516372	0.00000512	0x00	0xFF
SPI [1]	result	5.32516900	0.00000512	0x89	0xFF
SPI [1]	result	5.32517428	0.00000512	0xB8	0xFF
SPI [1]	result	5.36306169	0.00000512	0x00	0x00
SPI [1]	result	5.36306697	0.00000512	0x00	0x00
SPI [1]	result	5.36307225	0.00000512	0x08	0x04
SPI [1]	result	5.36307753	0.00000512	0x20	0x3F
SPI [1]	result	5.36348130	0.00000512	0x0E	0xFF
SPI [1]	result	5.36348658	0.00000512	0x10	0xFF
SPI [1]	result	5.36349186	0.00000512	0x80	0xFF
SPI [1]	result	5.36349714	0.00000512	0x12	0xFF
SPI [1]	result	5.36389876	0.00000512	0x00	0xFF
SPI [1]	result	5.36390404	0.00000512	0x00	0xFF
SPI [1]	result	5.36390932	0.00000512	0x00	0xFF
SPI [1]	result	5.36391460	0.00000512	0x00	0xFF
SPI [1]	result	5.36431556	0.00000512	0x08	0xFF
SPI [1]	result	5.36432084	0.00000512	0x00	0xFF
SPI [1]	result	5.36432612	0.00000512	0x88	0xFF
SPI [1]	result	5.36433140	0.00000512	0x32	0xFF
SPI [1]	result	5.40306089	0.00000512	0x00	0x00
SPI [1]	result	5.40306617	0.00000512	0x00	0x00
SPI [1]	result	5.40307145	0.00000512	0x08	0x04
SPI [1]	result	5.40307673	0.00000512	0x20	0x3F
SPI [1]	result	5.40347991	0.00000512	0x0F	0xFF
SPI [1]	result	5.40348519	0.00000512	0x10	0xFF
SPI [1]	result	5.40349047	0.00000512	0x80	0xFF
SPI [1]	result	5.40349575	0.00000512	0x1A	0xFF
SPI [1]	result	5.40389687	0.00000512	0x00	0xFF
SPI [1]	result	5.40390215	0.00000512	0x00	0xFF
SPI [1]	result	5.40390743	0.00000512	0x00	0xFF
SPI [1]	result	5.40391271	0.00000512	0x00	0xFF
SPI [1]	result	5.40431332	0.00000512	0x08	0xFF
SPI [1]	result	5.40431860	0.00000512	0x00	0xFF
SPI [1]	result	5.40432388	0.00000512	0x88	0xFF
SPI [1]	result	5.40432916	0.00000512	0x32	0xFF
SPI [1]	result	5.44306246	0.00000512	0x00	0x00
SPI [1]	result	5.44306774	0.00000512	0x00	0x00
SPI [1]	result	5.44307302	0.00000512	0x08	0x00
SPI [1]	result	5.44307830	0.00000512	0x20	0x3F
SPI [1]	result	5.44348081	0.00000512	0x08	0xFF
SPI [1]	result	5.44348609	0.00000512	0x10	0xFF
SPI [1]	result	5.44349137	0.00000512	0x80	0xFF
SPI [1]	result	5.44349665	0.00000512	0x22	0xFF
SPI [1]	result	5.44389470	0.00000512	0x00	0xFF
SPI [1]	result	5.44389998	0.00000512	0x00	0xFF
SPI [1]	result	5.44390526	0.00000512	0x09	0xFF
SPI [1]	result	5.44391054	0.00000512	0xA6	0xFF
SPI [1]	result	5.44431118	0.00000512	0x09	0xFF
SPI [1]	result	5.44431646	0.00000512	0x00	0xFF
SPI [1]	result	5.44432174	0.00000512	0x88	0xFF
SPI [1]	result	5.44432702	0.00000512	0x3A	0xFF
SPI [1]	result	5.44479883	0.00000512	0x00	0xFF
SPI [1]	result	5.44480411	0.00000512	0x00	0xFF
SPI [1]	result	5.44480939	0.00000512	0x00	0xFF
SPI [1]	result	5.44481467	0.00000512	0x00	0xFF
SPI [1]	result	5.44523461	0.00000512	0x08	0xFF
SPI [1]	result	5.44523989	0.00000512	0x00	0xFF
SPI [1]	result	5.44524517	0.00000512	0x89	0xFF
SPI [1]	result	5.44525045	0.00000512	0xB8	0xFF
SPI [1]	result	5.48306392	0.00000512	0x00	0x00
SPI [1]	result	5.48306920	0.00000512	0x00	0x00
SPI [1]	result	5.48307448	0.00000512	0x08	0x06
SPI [1]	result	5.48307976	0.00000512	0x20	0x3F
SPI [1]	result	5.48348340	0.00000512	0x0A	0xFF
SPI [1]	result	5.48348868	0.00000512	0x10	0xFF
SPI [1]	result	5.48349396	0.00000512	0x80	0xFF
SPI [1]	result	5.48349924	0.00000512	0x32	0xFF
SPI [1]	result	5.48390021	0.00000512	0x00	0xFF
SPI [1]	result	5.48390549	0.00000512	0x00	0xFF
SPI [1]	result	5.48391077	0.00000512	0x00	0xFF
SPI [1]	result	5.48391605	0.00000512	0x00	0xFF
SPI [1]	result	5.48431701	0.00000512	0x08	0xFF
SPI [1]	result	5.48432229	0.00000512	0x00	0xFF
SPI [1]	result	5.48432757	0.00000512	0x88	0xFF
SPI [1]	result	5.48433285	0.00000512	0x32	0xFF
SPI [1]	result	5.52306147	0.00000512	0x00	0x00
SPI [1]	result	5.52306675	0.00000512	0x00	0x00
SPI [1]	result	5.52307203	0.00000512	0x08	0x00
SPI [1]	result	5.52307731	0.00000512	0x20	0x3F
SPI [1]	result	5.52348019	0.00000512	0x0B	0xFF
SPI [1]	result	5.52348547	0.00000512	0x10	0xFF
SPI [1]	result	5.52349075	0.00000512	0x80	0xFF
SPI [1]	result	5.52349603	0.00000512	0x3A	0xFF
SPI [1]	result	5.52389747	0.00000512	0x00	0xFF
SPI [1]	result	5.52390275	0.00000512	0x00	0xFF
SPI [1]	result	5.52390803	0.00000512	0x00	0xFF
SPI [1]	result	5.52391331	0.00000512	0x00	0xFF
SPI [1]	result	5.52431425	0.00000512	0x08	0xFF
SPI [1]	result	5.52431953	0.00000512	0x00	0xFF
SPI [1]	result	5.52432481	0.00000512	0x88	0xFF
SPI [1]	result	5.52433009	0.00000512	0x32	0xFF
SPI [1]	result	5.56306361	0.00000512	0x00	0x00
SPI [1]	result	5.56306889	0.00000512	0x00	0x00
SPI [1]	result	5.56307417	0.00000512	0x08	0x00
SPI [1]	result	5.56307945	0.00000512	0x20	0x3F
SPI [1]	result	5.56348326	0.00000512	0x0C	0xFF
SPI [1]	result	5.56348854	0.00000512	0x10	0xFF
SPI [1]	result	5.56349382	0.00000512	0x80	0xFF
SPI [1]	result	5.56349910	0.00000512	0x02	0xFF
SPI [1]	result	5.56390034	0.00000512	0x00	0xFF
SPI [1]	result	5.56390562	0.00000512	0x00	0xFF
SPI [1]	result	5.56391090	0.00000512	0x09	0xFF
SPI [1]	result	5.56391618	0.00000512	0xA6	0xFF
SPI [1]	result	5.56431502	0.00000512	0x0D	0xFF
SPI [1]	result	5.56432030	0.00000512	0x00	0xFF
SPI [1]	result	5.56432558	0.00000512	0x88	0xFF
SPI [1]	result	5.56433086	0.00000512	0x1A	0xFF
SPI [1]	result	5.56473154	0.00000512	0x00	0xFF
SPI [1]	result	5.56473682	0.00000512	0x00	0xFF
SPI [1]	result	5.56474210	0.00000512	0x00	0xFF
SPI [1]	result	5.56474738	0.00000512	0x00	0xFF
SPI [1]	result	5.56514840	0.00000512	0x08	0xFF
SPI [1]	result	5.56515368	0.00000512	0x00	0xFF
SPI [1]	result	5.56515896	0.00000512	0x89	0xFF
SPI [1]	result	5.56516424	0.00000512	0xB8	0xFF
SPI [1]	result	5.60306468	0.00000512	0x00	0x00
SPI [1]	result	5.60306996	0.00000512	0x00	0x00
SPI [1]	result	5.60307524	0.00000512	0x08	0x04
SPI [1]	result	5.60308052	0.00000512	0x20	0x3F
SPI [1]	result	5.60349505	0.00000512	0x0E	0xFF
SPI [1]	result	5.60350033	0.00000512	0x10	0xFF
SPI [1]	result	5.60350561	0.00000512	0x80	0xFF
SPI [1]	result	5.60351089	0.00000512	0x12	0xFF
SPI [1]	result	5.60390966	0.00000512	0x00	0xFF
SPI [1]	result	5.60391494	0.00000512	0x00	0xFF
SPI [1]	result	5.60392022	0.00000512	0x00	0xFF
SPI [1]	result	5.60392550	0.00000512	0x00	0xFF
SPI [1]	result	5.60432780	0.00000512	0x08	0xFF
SPI [1]	result	5.60433308	0.00000512	0x00	0xFF
SPI [1]	result	5.60433836	0.00000512	0x88	0xFF
SPI [1]	result	5.60434364	0.00000512	0x32	0xFF
SPI [1]	result	5.64306096	0.00000512	0x00	0x00
SPI [1]	result	5.64306624	0.00000512	0x00	0x00
SPI [1]	result	5.64307152	0.00000512	0x08	0x00
SPI [1]	result	5.64307680	0.00000512	0x20	0x3F
SPI [1]	result	5.64347888	0.00000512	0x0F	0xFF
SPI [1]	result	5.64348416	0.00000512	0x10	0xFF
SPI [1]	result	5.64348944	0.00000512	0x80	0xFF
SPI [1]	result	5.64349472	0.00000512	0x1A	0xFF
SPI [1]	result	5.64389583	0.00000512	0x00	0xFF
SPI [1]	result	5.64390111	0.00000512	0x00	0xFF
SPI [1]	result	5.64390639	0.00000512	0x00	0xFF
SPI [1]	result	5.64391167	0.00000512	0x00	0xFF
SPI [1]	result	5.64431452	0.00000512	0x08	0xFF
SPI [1]	result	5.64431980	0.00000512	0x00	0xFF
SPI [1]	result	5.64432508	0.00000512	0x88	0xFF
SPI [1]	result	5.64433036	0.00000512	0x32	0xFF
SPI [1]	result	5.68306371	0.00000512	0x00	0x00
SPI [1]	result	5.68306899	0.00000512	0x00	0x00
SPI [1]	result	5.68307427	0.00000512	0x08	0x04
SPI [1]	result	5.68307955	0.00000512	0x20	0x3F
SPI [1]	result	5.68348601	0.00000512	0x08	0xFF
SPI [1]	result	5.68349129	0.00000512	0x10	0xFF
SPI [1]	result	5.68349657	0.00000512	0x80	0xFF
SPI [1]	result	5.68350185	0.00000512	0x22	0xFF
SPI [1]	result	5.68390001	0.00000512	0x00	0xFF
SPI [1]	result	5.68390529	0.00000512	0x00	0xFF
SPI [1]	result	5.68391057	0.00000512	0x09	0xFF
SPI [1]	result	5.68391585	0.00000512	0xA6	0xFF
SPI [1]	result	5.68431672	0.00000512	0x09	0xFF
SPI [1]	result	5.68432200	0.00000512	0x00	0xFF
SPI [1]	result	5.68432728	0.00000512	0x88	0xFF
SPI [1]	result	5.68433256	0.00000512	0x3A	0xFF
SPI [1]	result	5.68473407	0.00000512	0x00	0xFF
SPI [1]	result	5.68473935	0.00000512	0x00	0xFF
SPI [1]	result	5.68474463	0.00000512	0x00	0xFF
SPI [1]	result	5.68474991	0.00000512	0x00	0xFF
SPI [1]	result	5.68515098	0.00000512	0x08	0xFF
SPI [1]	result	5.68515626	0.00000512	0x00	0xFF
SPI [1]	result	5.68516154	0.00000512	0x89	0xFF
SPI [1]	result	5.68516682	0.00000512	0xB8	0xFF
SPI [1]	result	5.72306190	0.00000512	0x00	0x00
SPI [1]	result	5.72306718	0.00000512	0x00	0x00
SPI [1]	result	5.72307246	0.00000512	0x08	0x00
SPI [1]	result	5.72307774	0.00000512	0x20	0x3F
SPI [1]	result	5.72348286	0.00000512	0x0A	0xFF
SPI [1]	result	5.72348814	0.00000512	0x10	0xFF
SPI [1]	result	5.72349342	0.00000512	0x80	0xFF
SPI [1]	result	5.72349870	0.00000512	0x32	0xFF
SPI [1]	result	5.72389986	0.00000512	0x00	0xFF
SPI [1]	result	5.72390514	0.00000512	0x00	0xFF
SPI [1]	result	5.72391042	0.00000512	0x00	0xFF
SPI [1]	result	5.72391570	0.00000512	0x00	0xFF
SPI [1]	result	5.72431740	0.00000512	0x08	0xFF
SPI [1]	result	5.72432268	0.00000512	0x00	0xFF
SPI [1]	result	5.72432796	0.00000512	0x88	0xFF
SPI [1]	result	5.72433324	0.00000512	0x32	0xFF
SPI [1]	result	5.76306888	0.00000512	0x00	0x00
SPI [1]	result	5.76307416	0.00000512	0x00	0x00
SPI [1]	result	5.76307944	0.00000512	0x08	0x00
SPI [1]	result	5.76308472	0.00000512	0x20	0x3F
SPI [1]	result	5.76351140	0.00000512	0x0B	0xFF
SPI [1]	result	5.76351668	0.00000512	0x10	0xFF
SPI [1]	result	5.76352196	0.00000512	0x80	0xFF
SPI [1]	result	5.76352724	0.00000512	0x3A	0xFF
SPI [1]	result	5.76392797	0.00000512	0x00	0xFF
SPI [1]	result	5.76393325	0.00000512	0x00	0xFF
SPI [1]	result	5.76393853	0.00000512	0x00	0xFF
SPI [1]	result	5.76394381	0.00000512	0x00	0xFF
SPI [1]	result	5.76434568	0.00000512	0x08	0xFF
SPI [1]	result	5.76435096	0.00000512	0x00	0xFF
SPI [1]	result	5.76435624	0.00000512	0x88	0xFF
SPI [1]	result	5.76436152	0.00000512	0x32	0xFF
SPI [1]	result	5.80306941	0.00000512	0x00	0x00
SPI [1]	result	5.80307469	0.00000512	0x00	0x00
SPI [1]	result	5.80307997	0.00000512	0x08	0x00
SPI [1]	result	5.80308525	0.00000512	0x20	0x3F
SPI [1]	result	5.80350713	0.00000512	0x0C	0xFF
SPI [1]	result	5.80351241	0.00000512	0x10	0xFF
SPI [1]	result	5.80351769	0.00000512	0x80	0xFF
SPI [1]	result	5.80352297	0.00000512	0x02	0xFF
SPI [1]	result	5.80392603	0.00000512	0x00	0xFF
SPI [1]	result	5.80393131	0.00000512	0x00	0xFF
SPI [1]	result	5.80393659	0.00000512	0x09	0xFF
SPI [1]	result	5.80394187	0.00000512	0xA6	0xFF
SPI [1]	result	5.80434112	0.00000512	0x0D	0xFF
SPI [1]	result	5.80434640	0.00000512	0x00	0xFF
SPI [1]	result	5.80435168	0.00000512	0x88	0xFF
SPI [1]	result	5.80435696	0.00000512	0x1A	0xFF
SPI [1]	result	5.80476371	0.00000512	0x00	0xFF
SPI [1]	result	5.80476899	0.00000512	0x00	0xFF
SPI [1]	result	5.80477427	0.00000512	0x00	0xFF
SPI [1]	result	5.80477955	0.00000512	0x00	0xFF
SPI [1]	result	5.80526158	0.00000512	0x08	0xFF
SPI [1]	result	5.80526686	0.00000512	0x00	0xFF
SPI [1]	result	5.80527214	0.00000512	0x89	0xFF
SPI [1]	result	5.80527742	0.00000512	0xB8	0xFF
SPI [1]	result	5.84306641	0.00000512	0x00	0x00
SPI [1]	result	5.84307169	0.00000512	0x00	0x00
SPI [1]	result	5.84307697	0.00000512	0x08	0x00
SPI [1]	result	5.84308225	0.00000512	0x20	0x3F
SPI [1]	result	5.84349791	0.00000512	0x0E	0xFF
SPI [1]	result	5.84350319	0.00000512	0x10	0xFF
SPI [1]	result	5.84350847	0.00000512	0x80	0xFF
SPI [1]	result	5.84351375	0.00000512	0x12	0xFF
SPI [1]	result	5.84391621	0.00000512	0x00	0xFF
SPI [1]	result	5.84392149	0.00000512	0x00	0xFF
SPI [1]	result	5.84392677	0.00000512	0x00	0xFF
SPI [1]	result	5.84393205	0.00000512	0x00	0xFF
SPI [1]	result	5.84433328	0.00000512	0x08	0xFF
SPI [1]	result	5.84433856	0.00000512	0x00	0xFF
SPI [1]	result	5.84434384	0.00000512	0x88	0xFF
SPI [1]	result	5.84434912	0.00000512	0x32	0xFF
SPI [1]	result	5.88306730	0.00000512	0x00	0x00
SPI [1]	result	5.88307258	0.00000512	0x00	0x00
SPI [1]	result	5.88307786	0.00000512	0x08	0x04
SPI [1]	result	5.88308314	0.00000512	0x20	0x3F
SPI [1]	result	5.88350122	0.00000512	0x0F	0xFF
SPI [1]	result	5.88350650	0.00000512	0x10	0xFF
SPI [1]	result	5.88351178	0.00000512	0x80	0xFF
SPI [1]	result	5.88351706	0.00000512	0x1A	0xFF
SPI [1]	result	5.88391984	0.00000512	0x00	0xFF
SPI [1]	result	5.88392512	0.00000512	0x00	0xFF
SPI [1]	result	5.88393040	0.00000512	0x00	0xFF
SPI [1]	result	5.88393568	0.00000512	0x00	0xFF
SPI [1]	result	5.88433732	0.00000512	0x08	0xFF
SPI [1]	result	5.88434260	0.00000512	0x00	0xFF
SPI [1]	result	5.88434788	0.00000512	0x88	0xFF
SPI [1]	result	5.88435316	0.00000512	0x32	0xFF
SPI [1]	result	5.92307005	0.00000512	0x00	0x00
SPI [1]	result	5.92307533	0.00000512	0x00	0x00
SPI [1]	result	5.92308061	0.00000512	0x08	0x00
SPI [1]	result	5.92308589	0.00000512	0x20	0x3F
SPI [1]	result	5.92351135	0.00000512	0x08	0xFF
SPI [1]	result	5.92351663	0.00000512	0x10	0xFF
SPI [1]	result	5.92352191	0.00000512	0x80	0xFF
SPI [1]	result	5.92352719	0.00000512	0x22	0xFF
SPI [1]	result	5.92392935	0.00000512	0x00	0xFF
SPI [1]	result	5.92393463	0.00000512	0x00	0xFF
SPI [1]	result	5.92393991	0.00000512	0x09	0xFF
SPI [1]	result	5.92394519	0.00000512	0xA6	0xFF
SPI [1]	result	5.92434622	0.00000512	0x09	0xFF
SPI [1]	result	5.92435150	0.00000512	0x00	0xFF
SPI [1]	result	5.92435678	0.00000512	0x88	0xFF
SPI [1]	result	5.92436206	0.00000512	0x3A	0xFF
SPI [1]	result	5.92476597	0.00000512	0x00	0xFF
SPI [1]	result	5.92477125	0.00000512	0x00	0xFF
SPI [1]	result	5.92477653	0.00000512	0x00	0xFF
SPI [1]	result	5.92478181	0.00000512	0x00	0xFF
SPI [1]	result	5.92518304	0.00000512	0x08	0xFF
SPI [1]	result	5.92518832	0.00000512	0x00	0xFF
SPI [1]	result	5.92519360	0.00000512	0x89	0xFF
SPI [1]	result	5.92519888	0.00000512	0xB8	0xFF
SPI [1]	result	5.96307322	0.00000512	0x00	0x00
SPI [1]	result	5.96307850	0.00000512	0x00	0x00
SPI [1]	result	5.96308378	0.00000512	0x08	0x00
SPI [1]	result	5.96308906	0.00000512	0x20	0x3F
SPI [1]	result	5.96352600	0.00000512	0x0A	0xFF
SPI [1]	result	5.96353128	0.00000512	0x10	0xFF
SPI [1]	result	5.96353656	0.00000512	0x80	0xFF
SPI [1]	result	5.96354184	0.00000512	0x32	0xFF
SPI [1]	result	5.96394429	0.00000512	0x00	0xFF
SPI [1]	result	5.96394957	0.00000512	0x00	0xFF
SPI [1]	result	5.96395485	0.00000512	0x00	0xFF
SPI [1]	result	5.96396013	0.00000512	0x00	0xFF
SPI [1]	result	5.96436167	0.00000512	0x08	0xFF
SPI [1]	result	5.96436695	0.00000512	0x00	0xFF
SPI [1]	result	5.96437223	0.00000512	0x88	0xFF
SPI [1]	result	5.96437751	0.00000512	0x32	0xFF
SPI [1]	result	6.00306947	0.00000512	0x00	0x00
SPI [1]	result	6.00307475	0.00000512	0x00	0x00
SPI [1]	result	6.00308003	0.00000512	0x08	0x04
SPI [1]	result	6.00308531	0.00000512	0x20	0x3F
SPI [1]	result	6.00351329	0.00000512	0x0B	0xFF
SPI [1]	result	6.00351857	0.00000512	0x10	0xFF
SPI [1]	result	6.00352385	0.00000512	0x80	0xFF
SPI [1]	result	6.00352913	0.00000512	0x3A	0xFF
SPI [1]	result	6.00393153	0.00000512	0x00	0xFF
SPI [1]	result	6.00393681	0.00000512	0x00	0xFF
SPI [1]	result	6.00394209	0.00000512	0x00	0xFF
SPI [1]	result	6.00394737	0.00000512	0x00	0xFF
SPI [1]	result	6.00434859	0.00000512	0x08	0xFF
SPI [1]	result	6.00435387	0.00000512	0x00	0xFF
SPI [1]	result	6.00435915	0.00000512	0x88	0xFF
SPI [1]	result	6.00436443	0.00000512	0x32	0xFF
SPI [1]	result	6.04307247	0.00000512	0x00	0x00
SPI [1]	result	6.04307775	0.00000512	0x00	0x00
SPI [1]	result	6.04308303	0.00000512	0x08	0x00
SPI [1]	result	6.04308831	0.00000512	0x20	0x3F
SPI [1]	result	6.04356616	0.00000512	0x0C	0xFF
SPI [1]	result	6.04357144	0.00000512	0x10	0xFF
SPI [1]	result	6.04357672	0.00000512	0x80	0xFF
SPI [1]	result	6.04358200	0.00000512	0x02	0xFF
SPI [1]	result	6.04403394	0.00000512	0x00	0xFF
SPI [1]	result	6.04403922	0.00000512	0x00	0xFF
SPI [1]	result	6.04404450	0.00000512	0x09	0xFF
SPI [1]	result	6.04404978	0.00000512	0xA6	0xFF
SPI [1]	result	6.04446409	0.00000512	0x0D	0xFF
SPI [1]	result	6.04446937	0.00000512	0x00	0xFF
SPI [1]	result	6.04447465	0.00000512	0x88	0xFF
SPI [1]	result	6.04447993	0.00000512	0x1A	0xFF
SPI [1]	result	6.04490450	0.00000512	0x00	0xFF
SPI [1]	result	6.04490978	0.00000512	0x00	0xFF
SPI [1]	result	6.04491506	0.00000512	0x00	0xFF
SPI [1]	result	6.04492034	0.00000512	0x00	0xFF
SPI [1]	result	6.04535733	0.00000512	0x08	0xFF
SPI [1]	result	6.04536261	0.00000512	0x00	0xFF
SPI [1]	result	6.04536789	0.00000512	0x89	0xFF
SPI [1]	result	6.04537317	0.00000512	0xB8	0xFF
SPI [1]	result	6.08306890	0.00000512	0x00	0x00
SPI [1]	result	6.08307418	0.00000512	0x00	0x00
SPI [1]	result	6.08307946	0.00000512	0x08	0x04
SPI [1]	result	6.08308474	0.00000512	0x20	0x3F
SPI [1]	result	6.08349977	0.00000512	0x0E	0xFF
SPI [1]	result	6.08350505	0.00000512	0x10	0xFF
SPI [1]	result	6.08351033	0.00000512	0x80	0xFF
SPI [1]	result	6.08351561	0.00000512	0x12	0xFF
SPI [1]	result	6.08391444	0.00000512	0x00	0xFF
SPI [1]	result	6.08391972	0.00000512	0x00	0xFF
SPI [1]	result	6.08392500	0.00000512	0x00	0xFF
SPI [1]	result	6.08393028	0.00000512	0x00	0xFF
SPI [1]	result	6.08433370	0.00000512	0x08	0xFF
SPI [1]	result	6.08433898	0.00000512	0x00	0xFF
SPI [1]	result	6.08434426	0.00000512	0x88	0xFF
SPI [1]	result	6.08434954	0.00000512	0x32	0xFF
SPI [1]	result	6.12306252	0.00000512	0x00	0x00
SPI [1]	result	6.12306780	0.00000512	0x00	0x00
SPI [1]	result	6.12307308	0.00000512	0x08	0x00
SPI [1]	result	6.12307836	0.00000512	0x20	0x3F
SPI [1]	result	6.12348445	0.00000512	0x0F	0xFF
SPI [1]	result	6.12348973	0.00000512	0x10	0xFF
SPI [1]	result	6.12349501	0.00000512	0x80	0xFF
SPI [1]	result	6.12350029	0.00000512	0x1A	0xFF
SPI [1]	result	6.12390182	0.00000512	0x00	0xFF
SPI [1]	result	6.12390710	0.00000512	0x00	0xFF
SPI [1]	result	6.12391238	0.00000512	0x00	0xFF
SPI [1]	result	6.12391766	0.00000512	0x00	0xFF
SPI [1]	result	6.12431608	0.00000512	0x08	0xFF
SPI [1]	result	6.12432136	0.00000512	0x00	0xFF
SPI [1]	result	6.12432664	0.00000512	0x88	0xFF
SPI [1]	result	6.12433192	0.00000512	0x32	0xFF
SPI [1]	result	6.16306361	0.00000512	0x00	0x00
SPI [1]	result	6.16306889	0.00000512	0x00	0x00
SPI [1]	result	6.16307417	0.00000512	0x08	0x00
SPI [1]	result	6.16307945	0.00000512	0x20	0x3F
SPI [1]	result	6.16348515	0.00000512	0x08	0xFF
SPI [1]	result	6.16349043	0.00000512	0x10	0xFF
SPI [1]	result	6.16349571	0.00000512	0x80	0xFF
SPI [1]	result	6.16350099	0.00000512	0x22	0xFF
SPI [1]	result	6.16389978	0.00000512	0x00	0xFF
SPI [1]	result	6.16390506	0.00000512	0x00	0xFF
SPI [1]	result	6.16391034	0.00000512	0x09	0xFF
SPI [1]	result	6.16391562	0.00000512	0xA6	0xFF
SPI [1]	result	6.16431641	0.00000512	0x09	0xFF
SPI [1]	result	6.16432169	0.00000512	0x00	0xFF
SPI [1]	result	6.16432697	0.00000512	0x88	0xFF
SPI [1]	result	6.16433225	0.00000512	0x3A	0xFF
SPI [1]	result	6.16473331	0.00000512	0x00	0xFF
SPI [1]	result	6.16473859	0.00000512	0x00	0xFF
SPI [1]	result	6.16474387	0.00000512	0x00	0xFF
SPI [1]	result	6.16474915	0.00000512	0x00	0xFF
SPI [1]	result	6.16515001	0.00000512	0x08	0xFF
SPI [1]	result	6.16515529	0.00000512	0x00	0xFF
SPI [1]	result	6.16516057	0.00000512	0x89	0xFF
SPI [1]	result	6.16516585	0.00000512	0xB8	0xFF
SPI [1]	result	6.20306135	0.00000512	0x00	0x00
SPI [1]	result	6.20306663	0.00000512	0x00	0x00
SPI [1]	result	6.20307191	0.00000512	0x08	0x04
SPI [1]	result	6.20307719	0.00000512	0x20	0x3F
SPI [1]	result	6.20354508	0.00000512	0x0A	0xFF
SPI [1]	result	6.20355036	0.00000512	0x10	0xFF
SPI [1]	result	6.20355564	0.00000512	0x80	0xFF
SPI [1]	result	6.20356092	0.00000512	0x32	0xFF
SPI [1]	result	6.20398095	0.00000512	0x00	0xFF
SPI [1]	result	6.20398623	0.00000512	0x00	0xFF
SPI [1]	result	6.20399151	0.00000512	0x00	0xFF
SPI [1]	result	6.20399679	0.00000512	0x00	0xFF
SPI [1]	result	6.20439938	0.00000512	0x08	0xFF
SPI [1]	result	6.20440466	0.00000512	0x00	0xFF
SPI [1]	result	6.20440994	0.00000512	0x88	0xFF
SPI [1]	result	6.20441522	0.00000512	0x32	0xFF
SPI [1]	result	6.24306430	0.00000512	0x00	0x00
SPI [1]	result	6.24306958	0.00000512	0x00	0x00
SPI [1]	result	6.24307486	0.00000512	0x08	0x00
SPI [1]	result	6.24308014	0.00000512	0x20	0x3F
SPI [1]	result	6.24348465	0.00000512	0x0B	0xFF
SPI [1]	result	6.24348993	0.00000512	0x10	0xFF
SPI [1]	result	6.24349521	0.00000512	0x80	0xFF
SPI [1]	result	6.24350049	0.00000512	0x3A	0xFF
SPI [1]	result	6.24390246	0.00000512	0x00	0xFF
SPI [1]	result	6.24390774	0.00000512	0x00	0xFF
SPI [1]	result	6.24391302	0.00000512	0x00	0xFF
SPI [1]	result	6.24391830	0.00000512	0x00	0xFF
SPI [1]	result	6.24431991	0.00000512	0x08	0xFF
SPI [1]	result	6.24432519	0.00000512	0x00	0xFF
SPI [1]	result	6.24433047	0.00000512	0x88	0xFF
SPI [1]	result	6.24433575	0.00000512	0x32	0xFF
SPI [1]	result	6.28306879	0.00000512	0x00	0x00
SPI [1]	result	6.28307407	0.00000512	0x00	0x00
SPI [1]	result	6.28307935	0.00000512	0x08	0x07
SPI [1]	result	6.28308463	0.00000512	0x20	0x3F
SPI [1]	result	6.28350465	0.00000512	0x0C	0xFF
SPI [1]	result	6.28350993	0.00000512	0x10	0xFF
SPI [1]	result	6.28351521	0.00000512	0x80	0xFF
SPI [1]	result	6.28352049	0.00000512	0x02	0xFF
SPI [1]	result	6.28392281	0.00000512	0x00	0xFF
SPI [1]	result	6.28392809	0.00000512	0x00	0xFF
SPI [1]	result	6.28393337	0.00000512	0x09	0xFF
SPI [1]	result	6.28393865	0.00000512	0xA6	0xFF
SPI [1]	result	6.28433848	0.00000512	0x0D	0xFF
SPI [1]	result	6.28434376	0.00000512	0x00	0xFF
SPI [1]	result	6.28434904	0.00000512	0x88	0xFF
SPI [1]	result	6.28435432	0.00000512	0x1A	0xFF
SPI [1]	result	6.28483537	0.00000512	0x00	0xFF
SPI [1]	result	6.28484065	0.00000512	0x00	0xFF
SPI [1]	result	6.28484593	0.00000512	0x00	0xFF
SPI [1]	result	6.28485121	0.00000512	0x00	0xFF
SPI [1]	result	6.28527524	0.00000512	0x08	0xFF
SPI [1]	result	6.28528052	0.00000512	0x00	0xFF
SPI [1]	result	6.28528580	0.00000512	0x89	0xFF
SPI [1]	result	6.28529108	0.00000512	0xB8	0xFF
SPI [1]	result	6.32306646	0.00000512	0x00	0x00
SPI [1]	result	6.32307174	0.00000512	0x00	0x00
SPI [1]	result	6.32307702	0.00000512	0x08	0x00
SPI [1]	result	6.32308230	0.00000512	0x20	0x3F
SPI [1]	result	6.32350135	0.00000512	0x0E	0xFF
SPI [1]	result	6.32350663	0.00000512	0x10	0xFF
SPI [1]	result	6.32351191	0.00000512	0x80	0xFF
SPI [1]	result	6.32351719	0.00000512	0x12	0xFF
SPI [1]	result	6.32391839	0.00000512	0x00	0xFF
SPI [1]	result	6.32392367	0.00000512	0x00	0xFF
SPI [1]	result	6.32392895	0.00000512	0x00	0xFF
SPI [1]	result	6.32393423	0.00000512	0x00	0xFF
SPI [1]	result	6.32433689	0.00000512	0x08	0xFF
SPI [1]	result	6.32434217	0.00000512	0x00	0xFF
SPI [1]	result	6.32434745	0.00000512	0x88	0xFF
SPI [1]	result	6.32435273	0.00000512	0x32	0xFF
SPI [1]	result	6.36307172	0.00000512	0x00	0x00
SPI [1]	result	6.36307700	0.00000512	0x00	0x00
SPI [1]	result	6.36308228	0.00000512	0x08	0x00
SPI [1]	result	6.36308756	0.00000512	0x20	0x3F
SPI [1]	result	6.36352214	0.00000512	0x0F	0xFF
SPI [1]	result	6.36352742	0.00000512	0x10	0xFF
SPI [1]	result	6.36353270	0.00000512	0x80	0xFF
SPI [1]	result	6.36353798	0.00000512	0x1A	0xFF
SPI [1]	result	6.36393942	0.00000512	0x00	0xFF
SPI [1]	result	6.36394470	0.00000512	0x00	0xFF
SPI [1]	result	6.36394998	0.00000512	0x00	0xFF
SPI [1]	result	6.36395526	0.00000512	0x00	0xFF
SPI [1]	result	6.36435661	0.00000512	0x08	0xFF
SPI [1]	result	6.36436189	0.00000512	0x00	0xFF
SPI [1]	result	6.36436717	0.00000512	0x88	0xFF
SPI [1]	result	6.36437245	0.00000512	0x32	0xFF
SPI [1]	result	6.40306982	0.00000512	0x00	0x00
SPI [1]	result	6.40307510	0.00000512	0x00	0x00
SPI [1]	result	6.40308038	0.00000512	0x08	0x04
SPI [1]	result	6.40308566	0.00000512	0x20	0x3F
SPI [1]	result	6.40351166	0.00000512	0x08	0xFF
SPI [1]	result	6.40351694	0.00000512	0x10	0xFF
SPI [1]	result	6.40352222	0.00000512	0x80	0xFF
SPI [1]	result	6.40352750	0.00000512	0x22	0xFF
SPI [1]	result	6.40393272	0.00000512	0x00	0xFF
SPI [1]	result	6.40393800	0.00000512	0x00	0xFF
SPI [1]	result	6.40394328	0.00000512	0x09	0xFF
SPI [1]	result	6.40394856	0.00000512	0xA6	0xFF
SPI [1]	result	6.40434761	0.00000512	0x09	0xFF
SPI [1]	result	6.40435289	0.00000512	0x00	0xFF
SPI [1]	result	6.40435817	0.00000512	0x88	0xFF
SPI [1]	result	6.40436345	0.00000512	0x3A	0xFF
SPI [1]	result	6.40476435	0.00000512	0x00	0xFF
SPI [1]	result	6.40476963	0.00000512	0x00	0xFF
SPI [1]	result	6.40477491	0.00000512	0x00	0xFF
SPI [1]	result	6.40478019	0.00000512	0x00	0xFF
SPI [1]	result	6.40518200	0.00000512	0x08	0xFF
SPI [1]	result	6.40518728	0.00000512	0x00	0xFF
SPI [1]	result	6.40519256	0.00000512	0x89	0xFF
SPI [1]	result	6.40519784	0.00000512	0xB8	0xFF
SPI [1]	result	6.44306610	0.00000512	0x00	0x00
SPI [1]	result	6.44307138	0.00000512	0x00	0x00
SPI [1]	result	6.44307666	0.00000512	0x08	0x00
SPI [1]	result	6.44308194	0.00000512	0x20	0x3F
SPI [1]	result	6.44350419	0.00000512	0x0A	0xFF
SPI [1]	result	6.44350947	0.00000512	0x10	0xFF
SPI [1]	result	6.44351475	0.00000512	0x80	0xFF
SPI [1]	result	6.44352003	0.00000512	0x32	0xFF
SPI [1]	result	6.44391999	0.00000512	0x00	0xFF
SPI [1]	result	6.44392527	0.00000512	0x00	0xFF
SPI [1]	result	6.44393055	0.00000512	0x00	0xFF
SPI [1]	result	6.44393583	0.00000512	0x00	0xFF
SPI [1]	result	6.44433705	0.00000512	0x08	0xFF
SPI [1]	result	6.44434233	0.00000512	0x00	0xFF
SPI [1]	result	6.44434761	0.00000512	0x88	0xFF
SPI [1]	result	6.44435289	0.00000512	0x32	0xFF
SPI [1]	result	6.48306630	0.00000512	0x00	0x00
SPI [1]	result	6.48307158	0.00000512	0x00	0x00
SPI [1]	result	6.48307686	0.00000512	0x08	0x04
SPI [1]	result	6.48308214	0.00000512	0x20	0x7F
SPI [1]	result	6.48350853	0.00000512	0x0B	0xFF
SPI [1]	result	6.48351381	0.00000512	0x10	0xFF
SPI [1]	result	6.48351909	0.00000512	0x80	0xFF
SPI [1]	result	6.48352437	0.00000512	0x3A	0xFF
SPI [1]	result	6.48392792	0.00000512	0x00	0xFF
SPI [1]	result	6.48393320	0.00000512	0x00	0xFF
SPI [1]	result	6.48393848	0.00000512	0x00	0xFF
SPI [1]	result	6.48394376	0.00000512	0x00	0xFF
SPI [1]	result	6.48434240	0.00000512	0x08	0xFF
SPI [1]	result	6.48434768	0.00000512	0x00	0xFF
SPI [1]	result	6.48435296	0.00000512	0x88	0xFF
SPI [1]	result	6.48435824	0.00000512	0x32	0xFF
SPI [1]	result	6.52306860	0.00000512	0x00	0x00
SPI [1]	result	6.52307388	0.00000512	0x00	0x00
SPI [1]	result	6.52307916	0.00000512	0x08	0x00
SPI [1]	result	6.52308444	0.00000512	0x20	0x3F
SPI [1]	result	6.52350567	0.00000512	0x0C	0xFF
SPI [1]	result	6.52351095	0.00000512	0x10	0xFF
SPI [1]	result	6.52351623	0.00000512	0x80	0xFF
SPI [1]	result	6.52352151	0.00000512	0x02	0xFF
SPI [1]	result	6.52392469	0.00000512	0x00	0xFF
SPI [1]	result	6.52392997	0.00000512	0x00	0xFF
SPI [1]	result	6.52393525	0.00000512	0x09	0xFF
SPI [1]	result	6.52394053	0.00000512	0xA6	0xFF
SPI [1]	result	6.52433910	0.00000512	0x0D	0xFF
SPI [1]	result	6.52434438	0.00000512	0x00	0xFF
SPI [1]	result	6.52434966	0.00000512	0x88	0xFF
SPI [1]	result	6.52435494	0.00000512	0x1A	0xFF
SPI [1]	result	6.52475640	0.00000512	0x00	0xFF
SPI [1]	result	6.52476168	0.00000512	0x00	0xFF
SPI [1]	result	6.52476696	0.00000512	0x00	0xFF
SPI [1]	result	6.52477224	0.00000512	0x00	0xFF
SPI [1]	result	6.52517312	0.00000512	0x08	0xFF
SPI [1]	result	6.52517840	0.00000512	0x00	0xFF
SPI [1]	result	6.52518368	0.00000512	0x89	0xFF
SPI [1]	result	6.52518896	0.00000512	0xB8	0xFF
SPI [1]	result	6.56306193	0.00000512	0x00	0x00
SPI [1]	result	6.56306721	0.00000512	0x00	0x00
SPI [1]	result	6.56307249	0.00000512	0x08	0x04
SPI [1]	result	6.56307777	0.00000512	0x20	0x3F
SPI [1]	result	6.56348172	0.00000512	0x0E	0xFF
SPI [1]	result	6.56348700	0.00000512	0x10	0xFF
SPI [1]	result	6.56349228	0.00000512	0x80	0xFF
SPI [1]	result	6.56349756	0.00000512	0x12	0xFF
SPI [1]	result	6.56395271	0.00000512	0x00	0xFF
SPI [1]	result	6.56395799	0.00000512	0x00	0xFF
SPI [1]	result	6.56396327	0.00000512	0x00	0xFF
SPI [1]	result	6.56396855	0.00000512	0x00	0xFF
SPI [1]	result	6.56438688	0.00000512	0x08	0xFF
SPI [1]	result	6.56439216	0.00000512	0x00	0xFF
SPI [1]	result	6.56439744	0.00000512	0x88	0xFF
SPI [1]	result	6.56440272	0.00000512	0x32	0xFF
SPI [1]	result	6.60306681	0.00000512	0x00	0x00
SPI [1]	result	6.60307209	0.00000512	0x00	0x00
SPI [1]	result	6.60307737	0.00000512	0x08	0x00
SPI [1]	result	6.60308265	0.00000512	0x20	0x3F
SPI [1]	result	6.60350289	0.00000512	0x0F	0xFF
SPI [1]	result	6.60350817	0.00000512	0x10	0xFF
SPI [1]	result	6.60351345	0.00000512	0x80	0xFF
SPI [1]	result	6.60351873	0.00000512	0x1A	0xFF
SPI [1]	result	6.60392100	0.00000512	0x00	0xFF
SPI [1]	result	6.60392628	0.00000512	0x00	0xFF
SPI [1]	result	6.60393156	0.00000512	0x00	0xFF
SPI [1]	result	6.60393684	0.00000512	0x00	0xFF
SPI [1]	result	6.60433821	0.00000512	0x08	0xFF
SPI [1]	result	6.60434349	0.00000512	0x00	0xFF
SPI [1]	result	6.60434877	0.00000512	0x88	0xFF
SPI [1]	result	6.60435405	0.00000512	0x32	0xFF
SPI [1]	result	6.64306955	0.00000512	0x00	0x00
SPI [1]	result	6.64307483	0.00000512	0x00	0x00
SPI [1]	result	6.64308011	0.00000512	0x08	0x00
SPI [1]	result	6.64308539	0.00000512	0x20	0x3F
SPI [1]	result	6.64350904	0.00000512	0x08	0xFF
SPI [1]	result	6.64351432	0.00000512	0x10	0xFF
SPI [1]	result	6.64351960	0.00000512	0x80	0xFF
SPI [1]	result	6.64352488	0.00000512	0x22	0xFF
SPI [1]	result	6.64392793	0.00000512	0x00	0xFF
SPI [1]	result	6.64393321	0.00000512	0x00	0xFF
SPI [1]	result	6.64393849	0.00000512	0x09	0xFF
SPI [1]	result	6.64394377	0.00000512	0xA6	0xFF
SPI [1]	result	6.64434484	0.00000512	0x09	0xFF
SPI [1]	result	6.64435012	0.00000512	0x00	0xFF
SPI [1]	result	6.64435540	0.00000512	0x88	0xFF
SPI [1]	result	6.64436068	0.00000512	0x3A	0xFF
SPI [1]	result	6.64476223	0.00000512	0x00	0xFF
SPI [1]	result	6.64476751	0.00000512	0x00	0xFF
SPI [1]	result	6.64477279	0.00000512	0x00	0xFF
SPI [1]	result	6.64477807	0.00000512	0x00	0xFF
SPI [1]	result	6.64517928	0.00000512	0x08	0xFF
SPI [1]	result	6.64518456	0.00000512	0x00	0xFF
SPI [1]	result	6.64518984	0.00000512	0x89	0xFF
SPI [1]	result	6.64519512	0.00000512	0xB8	0xFF
SPI [1]	result	6.68306583	0.00000512	0x00	0x00
SPI [1]	result	6.68307111	0.00000512	0x00	0x00
SPI [1]	result	6.68307639	0.00000512	0x08	0x06
SPI [1]	result	6.68308167	0.00000512	0x20	0x3F
SPI [1]	result	6.68350200	0.00000512	0x0A	0xFF
SPI [1]	result	6.68350728	0.00000512	0x10	0xFF
SPI [1]	result	6.68351256	0.00000512	0x80	0xFF
SPI [1]	result	6.68351784	0.00000512	0x32	0xFF
SPI [1]	result	6.68392046	0.00000512	0x00	0xFF
SPI [1]	result	6.68392574	0.00000512	0x00	0xFF
SPI [1]	result	6.68393102	0.00000512	0x00	0xFF
SPI [1]	result	6.68393630	0.00000512	0x00	0xFF
SPI [1]	result	6.68433761	0.00000512	0x08	0xFF
SPI [1]	result	6.68434289	0.00000512	0x00	0xFF
SPI [1]	result	6.68434817	0.00000512	0x88	0xFF
SPI [1]	result	6.68435345	0.00000512	0x32	0xFF
SPI [1]	result	6.72307518	0.00000512	0x00	0x00
SPI [1]	result	6.72308046	0.00000512	0x00	0x00
SPI [1]	result	6.72308574	0.00000512	0x08	0x00
SPI [1]	result	6.72309102	0.00000512	0x20	0x3F
SPI [1]	result	6.72353600	0.00000512	0x0B	0xFF
SPI [1]	result	6.72354128	0.00000512	0x10	0xFF
SPI [1]	result	6.72354656	0.00000512	0x80	0xFF
SPI [1]	result	6.72355184	0.00000512	0x3A	0xFF
SPI [1]	result	6.72395482	0.00000512	0x00	0xFF
SPI [1]	result	6.72396010	0.00000512	0x00	0xFF
SPI [1]	result	6.72396538	0.00000512	0x00	0xFF
SPI [1]	result	6.72397066	0.00000512	0x00	0xFF
SPI [1]	result	6.72437358	0.00000512	0x08	0xFF
SPI [1]	result	6.72437886	0.00000512	0x00	0xFF
SPI [1]	result	6.72438414	0.00000512	0x88	0xFF
SPI [1]	result	6.72438942	0.00000512	0x32	0xFF
SPI [1]	result	6.76307233	0.00000512	0x00	0x00
SPI [1]	result	6.76307761	0.00000512	0x00	0x00
SPI [1]	result	6.76308289	0.00000512	0x08	0x00
SPI [1]	result	6.76308817	0.00000512	0x20	0x3F
SPI [1]	result	6.76351902	0.00000512	0x0C	0xFF
SPI [1]	result	6.76352430	0.00000512	0x10	0xFF
SPI [1]	result	6.76352958	0.00000512	0x80	0xFF
SPI [1]	result	6.76353486	0.00000512	0x02	0xFF
SPI [1]	result	6.76393741	0.00000512	0x00	0xFF
SPI [1]	result	6.76394269	0.00000512	0x00	0xFF
SPI [1]	result	6.76394797	0.00000512	0x09	0xFF
SPI [1]	result	6.76395325	0.00000512	0xA6	0xFF
SPI [1]	result	6.76435339	0.00000512	0x0D	0xFF
SPI [1]	result	6.76435867	0.00000512	0x00	0xFF
SPI [1]	result	6.76436395	0.00000512	0x88	0xFF
SPI [1]	result	6.76436923	0.00000512	0x1A	0xFF
SPI [1]	result	6.76482230	0.00000512	0x00	0xFF
SPI [1]	result	6.76482758	0.00000512	0x00	0xFF
SPI [1]	result	6.76483286	0.00000512	0x00	0xFF
SPI [1]	result	6.76483814	0.00000512	0x00	0xFF
SPI [1]	result	6.76526210	0.00000512	0x08	0xFF
SPI [1]	result	6.76526738	0.00000512	0x00	0xFF
SPI [1]	result	6.76527266	0.00000512	0x89	0xFF
SPI [1]	result	6.76527794	0.00000512	0xB8	0xFF
SPI [1]	result	6.80306633	0.00000512	0x00	0x00
SPI [1]	result	6.80307161	0.00000512	0x00	0x00
SPI [1]	result	6.80307689	0.00000512	0x08	0x04
SPI [1]	result	6.80308217	0.00000512	0x20	0x3F
SPI [1]	result	6.80350222	0.00000512	0x0E	0xFF
SPI [1]	result	6.80350750	0.00000512	0x10	0xFF
SPI [1]	result	6.80351278	0.00000512	0x80	0xFF
SPI [1]	result	6.80351806	0.00000512	0x12	0xFF
SPI [1]	result	6.80391767	0.00000512	0x00	0xFF
SPI [1]	result	6.80392295	0.00000512	0x00	0xFF
SPI [1]	result	6.80392823	0.00000512	0x00	0xFF
SPI [1]	result	6.80393351	0.00000512	0x00	0xFF
SPI [1]	result	6.80433513	0.00000512	0x08	0xFF
SPI [1]	result	6.80434041	0.00000512	0x00	0xFF
SPI [1]	result	6.80434569	0.00000512	0x88	0xFF
SPI [1]	result	6.80435097	0.00000512	0x32	0xFF
SPI [1]	result	6.84306613	0.00000512	0x00	0x00
SPI [1]	result	6.84307141	0.00000512	0x00	0x00
SPI [1]	result	6.84307669	0.00000512	0x08	0x00
SPI [1]	result	6.84308197	0.00000512	0x20	0x3F
SPI [1]	result	6.84350270	0.00000512	0x0F	0xFF
SPI [1]	result	6.84350798	0.00000512	0x10	0xFF
SPI [1]	result	6.84351326	0.00000512	0x80	0xFF
SPI [1]	result	6.84351854	0.00000512	0x1A	0xFF
SPI [1]	result	6.84392128	0.00000512	0x00	0xFF
SPI [1]	result	6.84392656	0.00000512	0x00	0xFF
SPI [1]	result	6.84393184	0.00000512	0x00	0xFF
SPI [1]	result	6.84393712	0.00000512	0x00	0xFF
SPI [1]	result	6.84433608	0.00000512	0x08	0xFF
SPI [1]	result	6.84434136	0.00000512	0x00	0xFF
SPI [1]	result	6.84434664	0.00000512	0x88	0xFF
SPI [1]	result	6.84435192	0.00000512	0x32	0xFF
SPI [1]	result	6.88306752	0.00000512	0x00	0x00
SPI [1]	result	6.88307280	0.00000512	0x00	0x00
SPI [1]	result	6.88307808	0.00000512	0x08	0x04
SPI [1]	result	6.88308336	0.00000512	0x20	0x3F
SPI [1]	result	6.88350137	0.00000512	0x08	0xFF
SPI [1]	result	6.88350665	0.00000512	0x10	0xFF
SPI [1]	result	6.88351193	0.00000512	0x80	0xFF
SPI [1]	result	6.88351721	0.00000512	0x22	0xFF
SPI [1]	result	6.88391943	0.00000512	0x00	0xFF
SPI [1]	result	6.88392471	0.00000512	0x00	0xFF
SPI [1]	result	6.88392999	0.00000512	0x09	0xFF
SPI [1]	result	6.88393527	0.00000512	0xA6	0xFF
SPI [1]	result	6.88433732	0.00000512	0x09	0xFF
SPI [1]	result	6.88434260	0.00000512	0x00	0xFF
SPI [1]	result	6.88434788	0.00000512	0x88	0xFF
SPI [1]	result	6.88435316	0.00000512	0x3A	0xFF
SPI [1]	result	6.88475165	0.00000512	0x00	0xFF
SPI [1]	result	6.88475693	0.00000512	0x00	0xFF
SPI [1]	result	6.88476221	0.00000512	0x00	0xFF
SPI [1]	result	6.88476749	0.00000512	0x00	0xFF
SPI [1]	result	6.88516925	0.00000512	0x08	0xFF
SPI [1]	result	6.88517453	0.00000512	0x00	0xFF
SPI [1]	result	6.88517981	0.00000512	0x89	0xFF
SPI [1]	result	6.88518509	0.00000512	0xB8	0xFF
SPI [1]	result	6.92306476	0.00000512	0x00	0x00
SPI [1]	result	6.92307004	0.00000512	0x00	0x00
SPI [1]	result	6.92307532	0.00000512	0x08	0x00
SPI [1]	result	6.92308060	0.00000512	0x20	0x3F
SPI [1]	result	6.92349270	0.00000512	0x0A	0xFF
SPI [1]	result	6.92349798	0.00000512	0x10	0xFF
SPI [1]	result	6.92350326	0.00000512	0x80	0xFF
SPI [1]	result	6.92350854	0.00000512	0x32	0xFF
SPI [1]	result	6.92391091	0.00000512	0x00	0xFF
SPI [1]	result	6.92391619	0.00000512	0x00	0xFF
SPI [1]	result	6.92392147	0.00000512	0x00	0xFF
SPI [1]	result	6.92392675	0.00000512	0x00	0xFF
SPI [1]	result	6.92432563	0.00000512	0x08	0xFF
SPI [1]	result	6.92433091	0.00000512	0x00	0xFF
SPI [1]	result	6.92433619	0.00000512	0x88	0xFF
SPI [1]	result	6.92434147	0.00000512	0x32	0xFF
SPI [1]	result	6.96306726	0.00000512	0x00	0x00
SPI [1]	result	6.96307254	0.00000512	0x00	0x00
SPI [1]	result	6.96307782	0.00000512	0x08	0x00
SPI [1]	result	6.96308310	0.00000512	0x20	0x3F
SPI [1]	result	6.96350978	0.00000512	0x0B	0xFF
SPI [1]	result	6.96351506	0.00000512	0x10	0xFF
SPI [1]	result	6.96352034	0.00000512	0x80	0xFF
SPI [1]	result	6.96352562	0.00000512	0x3A	0xFF
SPI [1]	result	6.96392831	0.00000512	0x00	0xFF
SPI [1]	result	6.96393359	0.00000512	0x00	0xFF
SPI [1]	result	6.96393887	0.00000512	0x00	0xFF
SPI [1]	result	6.96394415	0.00000512	0x00	0xFF
SPI [1]	result	6.96434245	0.00000512	0x08	0xFF
SPI [1]	result	6.96434773	0.00000512	0x00	0xFF
SPI [1]	result	6.96435301	0.00000512	0x88	0xFF
SPI [1]	result	6.96435829	0.00000512	0x32	0xFF
SPI [1]	result	7.00307024	0.00000512	0x00	0x00
SPI [1]	result	7.00307552	0.00000512	0x00	0x00
SPI [1]	result	7.00308080	0.00000512	0x08	0x04
SPI [1]	result	7.00308608	0.00000512	0x20	0x3F
SPI [1]	result	7.00351128	0.00000512	0x0C	0xFF
SPI [1]	result	7.00351656	0.00000512	0x10	0xFF
SPI [1]	result	7.00352184	0.00000512	0x80	0xFF
SPI [1]	result	7.00352712	0.00000512	0x02	0xFF
SPI [1]	result	7.00393035	0.00000512	0x00	0xFF
SPI [1]	result	7.00393563	0.00000512	0x00	0xFF
SPI [1]	result	7.00394091	0.00000512	0x09	0xFF
SPI [1]	result	7.00394619	0.00000512	0xA6	0xFF
SPI [1]	result	7.00434765	0.00000512	0x0D	0xFF
SPI [1]	result	7.00435293	0.00000512	0x00	0xFF
SPI [1]	result	7.00435821	0.00000512	0x88	0xFF
SPI [1]	result	7.00436349	0.00000512	0x1A	0xFF
SPI [1]	result	7.00482997	0.00000512	0x00	0xFF
SPI [1]	result	7.00483525	0.00000512	0x00	0xFF
SPI [1]	result	7.00484053	0.00000512	0x00	0xFF
SPI [1]	result	7.00484581	0.00000512	0x00	0xFF
SPI [1]	result	7.00526958	0.00000512	0x08	0xFF
SPI [1]	result	7.00527486	0.00000512	0x00	0xFF
SPI [1]	result	7.00528014	0.00000512	0x89	0xFF
SPI [1]	result	7.00528542	0.00000512	0xB8	0xFF
SPI [1]	result	7.04306835	0.00000512	0x00	0x00
SPI [1]	result	7.04307363	0.00000512	0x00	0x00
SPI [1]	result	7.04307891	0.00000512	0x08	0x00
SPI [1]	result	7.04308419	0.00000512	0x20	0x3F
SPI [1]	result	7.04354670	0.00000512	0x0E	0xFF
SPI [1]	result	7.04355198	0.00000512	0x10	0xFF
SPI [1]	result	7.04355726	0.00000512	0x80	0xFF
SPI [1]	result	7.04356254	0.00000512	0x12	0xFF
SPI [1]	result	7.04404891	0.00000512	0x00	0xFF
SPI [1]	result	7.04405419	0.00000512	0x00	0xFF
SPI [1]	result	7.04405947	0.00000512	0x00	0xFF
SPI [1]	result	7.04406475	0.00000512	0x00	0xFF
SPI [1]	result	7.04449389	0.00000512	0x08	0xFF
SPI [1]	result	7.04449917	0.00000512	0x00	0xFF
SPI [1]	result	7.04450445	0.00000512	0x88	0xFF
SPI [1]	result	7.04450973	0.00000512	0x32	0xFF
SPI [1]	result	7.08307337	0.00000512	0x00	0x00
SPI [1]	result	7.08307865	0.00000512	0x00	0x00
SPI [1]	result	7.08308393	0.00000512	0x08	0x04
SPI [1]	result	7.08308921	0.00000512	0x20	0x3F
SPI [1]	result	7.08353181	0.00000512	0x0F	0xFF
SPI [1]	result	7.08353709	0.00000512	0x10	0xFF
SPI [1]	result	7.08354237	0.00000512	0x80	0xFF
SPI [1]	result	7.08354765	0.00000512	0x1A	0xFF
SPI [1]	result	7.08395272	0.00000512	0x00	0xFF
SPI [1]	result	7.08395800	0.00000512	0x00	0xFF
SPI [1]	result	7.08396328	0.00000512	0x00	0xFF
SPI [1]	result	7.08396856	0.00000512	0x00	0xFF
SPI [1]	result	7.08436756	0.00000512	0x08	0xFF
SPI [1]	result	7.08437284	0.00000512	0x00	0xFF
SPI [1]	result	7.08437812	0.00000512	0x88	0xFF
SPI [1]	result	7.08438340	0.00000512	0x32	0xFF
SPI [1]	result	7.12306581	0.00000512	0x00	0x00
SPI [1]	result	7.12307109	0.00000512	0x00	0x00
SPI [1]	result	7.12307637	0.00000512	0x08	0x00
SPI [1]	result	7.12308165	0.00000512	0x20	0x3F
SPI [1]	result	7.12348805	0.00000512	0x08	0xFF
SPI [1]	result	7.12349333	0.00000512	0x10	0xFF
SPI [1]	result	7.12349861	0.00000512	0x80	0xFF
SPI [1]	result	7.12350389	0.00000512	0x22	0xFF
SPI [1]	result	7.12390522	0.00000512	0x00	0xFF
SPI [1]	result	7.12391050	0.00000512	0x00	0xFF
SPI [1]	result	7.12391578	0.00000512	0x09	0xFF
SPI [1]	result	7.12392106	0.00000512	0xA6	0xFF
SPI [1]	result	7.12432213	0.00000512	0x09	0xFF
SPI [1]	result	7.12432741	0.00000512	0x00	0xFF
SPI [1]	result	7.12433269	0.00000512	0x88	0xFF
SPI [1]	result	7.12433797	0.00000512	0x3A	0xFF
SPI [1]	result	7.12472878	0.00000512	0x00	0xFF
SPI [1]	result	7.12473406	0.00000512	0x00	0xFF
SPI [1]	result	7.12473934	0.00000512	0x00	0xFF
SPI [1]	result	7.12474462	0.00000512	0x00	0xFF
SPI [1]	result	7.12514652	0.00000512	0x08	0xFF
SPI [1]	result	7.12515180	0.00000512	0x00	0xFF
SPI [1]	result	7.12515708	0.00000512	0x89	0xFF
SPI [1]	result	7.12516236	0.00000512	0xB8	0xFF
SPI [1]	result	7.16306748	0.00000512	0x00	0x00
SPI [1]	result	7.16307276	0.00000512	0x00	0x00
SPI [1]	result	7.16307804	0.00000512	0x08	0x00
SPI [1]	result	7.16308332	0.00000512	0x20	0x3F
SPI [1]	result	7.16350048	0.00000512	0x0A	0xFF
SPI [1]	result	7.16350576	0.00000512	0x10	0xFF
SPI [1]	result	7.16351104	0.00000512	0x80	0xFF
SPI [1]	result	7.16351632	0.00000512	0x32	0xFF
SPI [1]	result	7.16391735	0.00000512	0x00	0xFF
SPI [1]	result	7.16392263	0.00000512	0x00	0xFF
SPI [1]	result	7.16392791	0.00000512	0x00	0xFF
SPI [1]	result	7.16393319	0.00000512	0x00	0xFF
SPI [1]	result	7.16433367	0.00000512	0x08	0xFF
SPI [1]	result	7.16433895	0.00000512	0x00	0xFF
SPI [1]	result	7.16434423	0.00000512	0x88	0xFF
SPI [1]	result	7.16434951	0.00000512	0x32	0xFF
SPI [1]	result	7.20306652	0.00000512	0x00	0x00
SPI [1]	result	7.20307180	0.00000512	0x00	0x00
SPI [1]	result	7.20307708	0.00000512	0x08	0x00
SPI [1]	result	7.20308236	0.00000512	0x20	0x3F
SPI [1]	result	7.20350411	0.00000512	0x0B	0xFF
SPI [1]	result	7.20350939	0.00000512	0x10	0xFF
SPI [1]	result	7.20351467	0.00000512	0x80	0xFF
SPI [1]	result	7.20351995	0.00000512	0x3A	0xFF
SPI [1]	result	7.20392133	0.00000512	0x00	0xFF
SPI [1]	result	7.20392661	0.00000512	0x00	0xFF
SPI [1]	result	7.20393189	0.00000512	0x00	0xFF
SPI [1]	result	7.20393717	0.00000512	0x00	0xFF
SPI [1]	result	7.20433698	0.00000512	0x08	0xFF
SPI [1]	result	7.20434226	0.00000512	0x00	0xFF
SPI [1]	result	7.20434754	0.00000512	0x88	0xFF
SPI [1]	result	7.20435282	0.00000512	0x32	0xFF
SPI [1]	result	7.24306872	0.00000512	0x00	0x00
SPI [1]	result	7.24307400	0.00000512	0x00	0x00
SPI [1]	result	7.24307928	0.00000512	0x08	0x00
SPI [1]	result	7.24308456	0.00000512	0x20	0x3F
SPI [1]	result	7.24350241	0.00000512	0x0C	0xFF
SPI [1]	result	7.24350769	0.00000512	0x10	0xFF
SPI [1]	result	7.24351297	0.00000512	0x80	0xFF
SPI [1]	result	7.24351825	0.00000512	0x02	0xFF
SPI [1]	result	7.24392133	0.00000512	0x00	0xFF
SPI [1]	result	7.24392661	0.00000512	0x00	0xFF
SPI [1]	result	7.24393189	0.00000512	0x09	0xFF
SPI [1]	result	7.24393717	0.00000512	0xA6	0xFF
SPI [1]	result	7.24433861	0.00000512	0x0D	0xFF
SPI [1]	result	7.24434389	0.00000512	0x00	0xFF
SPI [1]	result	7.24434917	0.00000512	0x88	0xFF
SPI [1]	result	7.24435445	0.00000512	0x1A	0xFF
SPI [1]	result	7.24475573	0.00000512	0x00	0xFF
SPI [1]	result	7.24476101	0.00000512	0x00	0xFF
SPI [1]	result	7.24476629	0.00000512	0x00	0xFF
SPI [1]	result	7.24477157	0.00000512	0x00	0xFF
SPI [1]	result	7.24517671	0.00000512	0x08	0xFF
SPI [1]	result	7.24518199	0.00000512	0x00	0xFF
SPI [1]	result	7.24518727	0.00000512	0x89	0xFF
SPI [1]	result	7.24519255	0.00000512	0xB8	0xFF
SPI [1]	result	7.28306581	0.00000512	0x00	0x00
SPI [1]	result	7.28307109	0.00000512	0x00	0x00
SPI [1]	result	7.28307637	0.00000512	0x08	0x04
SPI [1]	result	7.28308165	0.00000512	0x20	0x3F
SPI [1]	result	7.28350042	0.00000512	0x0E	0xFF
SPI [1]	result	7.28350570	0.00000512	0x10	0xFF
SPI [1]	result	7.28351098	0.00000512	0x80	0xFF
SPI [1]	result	7.28351626	0.00000512	0x12	0xFF
SPI [1]	result	7.28391935	0.00000512	0x00	0xFF
SPI [1]	result	7.28392463	0.00000512	0x00	0xFF
SPI [1]	result	7.28392991	0.00000512	0x00	0xFF
SPI [1]	result	7.28393519	0.00000512	0x00	0xFF
SPI [1]	result	7.28433361	0.00000512	0x08	0xFF
SPI [1]	result	7.28433889	0.00000512	0x00	0xFF
SPI [1]	result	7.28434417	0.00000512	0x88	0xFF
SPI [1]	result	7.28434945	0.00000512	0x32	0xFF
SPI [1]	result	7.32306224	0.00000512	0x00	0x00
SPI [1]	result	7.32306752	0.00000512	0x00	0x00
SPI [1]	result	7.32307280	0.00000512	0x08	0x00
SPI [1]	result	7.32307808	0.00000512	0x20	0x3F
SPI [1]	result	7.32354007	0.00000512	0x0F	0xFF
SPI [1]	result	7.32354535	0.00000512	0x10	0xFF
SPI [1]	result	7.32355063	0.00000512	0x80	0xFF
SPI [1]	result	7.32355591	0.00000512	0x1A	0xFF
SPI [1]	result	7.32397415	0.00000512	0x00	0xFF
SPI [1]	result	7.32397943	0.00000512	0x00	0xFF
SPI [1]	result	7.32398471	0.00000512	0x00	0xFF
SPI [1]	result	7.32398999	0.00000512	0x00	0xFF
SPI [1]	result	7.32439235	0.00000512	0x08	0xFF
SPI [1]	result	7.32439763	0.00000512	0x00	0xFF
SPI [1]	result	7.32440291	0.00000512	0x88	0xFF
SPI [1]	result	7.32440819	0.00000512	0x32	0xFF
SPI [1]	result	7.36306587	0.00000512	0x00	0x00
SPI [1]	result	7.36307115	0.00000512	0x00	0x00
SPI [1]	result	7.36307643	0.00000512	0x08	0x00
SPI [1]	result	7.36308171	0.00000512	0x20	0x3F
SPI [1]	result	7.36348613	0.00000512	0x08	0xFF
SPI [1]	result	7.36349141	0.00000512	0x10	0xFF
SPI [1]	result	7.36349669	0.00000512	0x80	0xFF
SPI [1]	result	7.36350197	0.00000512	0x22	0xFF
SPI [1]	result	7.36390332	0.00000512	0x00	0xFF
SPI [1]	result	7.36390860	0.00000512	0x00	0xFF
SPI [1]	result	7.36391388	0.00000512	0x09	0xFF
SPI [1]	result	7.36391916	0.00000512	0xA6	0xFF
SPI [1]	result	7.36432146	0.00000512	0x09	0xFF
SPI [1]	result	7.36432674	0.00000512	0x00	0xFF
SPI [1]	result	7.36433202	0.00000512	0x88	0xFF
SPI [1]	result	7.36433730	0.00000512	0x3A	0xFF
SPI [1]	result	7.36473826	0.00000512	0x00	0xFF
SPI [1]	result	7.36474354	0.00000512	0x00	0xFF
SPI [1]	result	7.36474882	0.00000512	0x00	0xFF
SPI [1]	result	7.36475410	0.00000512	0x00	0xFF
SPI [1]	result	7.36515549	0.00000512	0x08	0xFF
SPI [1]	result	7.36516077	0.00000512	0x00	0xFF
SPI [1]	result	7.36516605	0.00000512	0x89	0xFF
SPI [1]	result	7.36517133	0.00000512	0xB8	0xFF
SPI [1]	result	7.40306429	0.00000512	0x00	0x00
SPI [1]	result	7.40306957	0.00000512	0x00	0x00
SPI [1]	result	7.40307485	0.00000512	0x08	0x04
SPI [1]	result	7.40308013	0.00000512	0x20	0x3F
SPI [1]	result	7.40349185	0.00000512	0x0A	0xFF
SPI [1]	result	7.40349713	0.00000512	0x10	0xFF
SPI [1]	result	7.40350241	0.00000512	0x80	0xFF
SPI [1]	result	7.40350769	0.00000512	0x32	0xFF
SPI [1]	result	7.40390924	0.00000512	0x00	0xFF
SPI [1]	result	7.40391452	0.00000512	0x00	0xFF
SPI [1]	result	7.40391980	0.00000512	0x00	0xFF
SPI [1]	result	7.40392508	0.00000512	0x00	0xFF
SPI [1]	result	7.40432613	0.00000512	0x08	0xFF
SPI [1]	result	7.40433141	0.00000512	0x00	0xFF
SPI [1]	result	7.40433669	0.00000512	0x88	0xFF
SPI [1]	result	7.40434197	0.00000512	0x32	0xFF
SPI [1]	result	7.44306090	0.00000512	0x00	0x00
SPI [1]	result	7.44306618	0.00000512	0x00	0x00
SPI [1]	result	7.44307146	0.00000512	0x08	0x00
SPI [1]	result	7.44307674	0.00000512	0x20	0x3F
SPI [1]	result	7.44348018	0.00000512	0x0B	0xFF
SPI [1]	result	7.44348546	0.00000512	0x10	0xFF
SPI [1]	result	7.44349074	0.00000512	0x80	0xFF
SPI [1]	result	7.44349602	0.00000512	0x3A	0xFF
SPI [1]	result	7.44389400	0.00000512	0x00	0xFF
SPI [1]	result	7.44389928	0.00000512	0x00	0xFF
SPI [1]	result	7.44390456	0.00000512	0x00	0xFF
SPI [1]	result	7.44390984	0.00000512	0x00	0xFF
SPI [1]	result	7.44431182	0.00000512	0x08	0xFF
SPI [1]	result	7.44431710	0.00000512	0x00	0xFF
SPI [1]	result	7.44432238	0.00000512	0x88	0xFF
SPI [1]	result	7.44432766	0.00000512	0x32	0xFF
SPI [1]	result	7.48307163	0.00000512	0x00	0x00
SPI [1]	result	7.48307691	0.00000512	0x00	0x00
SPI [1]	result	7.48308219	0.00000512	0x08	0x04
SPI [1]	result	7.48308747	0.00000512	0x20	0x3F
SPI [1]	result	7.48351889	0.00000512	0x0C	0xFF
SPI [1]	result	7.48352417	0.00000512	0x10	0xFF
SPI [1]	result	7.48352945	0.00000512	0x80	0xFF
SPI [1]	result	7.48353473	0.00000512	0x02	0xFF
SPI [1]	result	7.48393687	0.00000512	0x00	0xFF
SPI [1]	result	7.48394215	0.00000512	0x00	0xFF
SPI [1]	result	7.48394743	0.00000512	0x09	0xFF
SPI [1]	result	7.48395271	0.00000512	0xA6	0xFF
SPI [1]	result	7.48435426	0.00000512	0x0D	0xFF
SPI [1]	result	7.48435954	0.00000512	0x00	0xFF
SPI [1]	result	7.48436482	0.00000512	0x88	0xFF
SPI [1]	result	7.48437010	0.00000512	0x1A	0xFF
SPI [1]	result	7.48477104	0.00000512	0x00	0xFF
SPI [1]	result	7.48477632	0.00000512	0x00	0xFF
SPI [1]	result	7.48478160	0.00000512	0x00	0xFF
SPI [1]	result	7.48478688	0.00000512	0x00	0xFF
SPI [1]	result	7.48518841	0.00000512	0x08	0xFF
SPI [1]	result	7.48519369	0.00000512	0x00	0xFF
SPI [1]	result	7.48519897	0.00000512	0x89	0xFF
SPI [1]	result	7.48520425	0.00000512	0xB8	0xFF
SPI [1]	result	7.52306209	0.00000512	0x00	0x00
SPI [1]	result	7.52306737	0.00000512	0x00	0x00
SPI [1]	result	7.52307265	0.00000512	0x08	0x00
SPI [1]	result	7.52307793	0.00000512	0x20	0x3F
SPI [1]	result	7.52348209	0.00000512	0x0E	0xFF
SPI [1]	result	7.52348737	0.00000512	0x10	0xFF
SPI [1]	result	7.52349265	0.00000512	0x80	0xFF
SPI [1]	result	7.52349793	0.00000512	0x12	0xFF
SPI [1]	result	7.52389685	0.00000512	0x00	0xFF
SPI [1]	result	7.52390213	0.00000512	0x00	0xFF
SPI [1]	result	7.52390741	0.00000512	0x00	0xFF
SPI [1]	result	7.52391269	0.00000512	0x00	0xFF
SPI [1]	result	7.52431385	0.00000512	0x08	0xFF
SPI [1]	result	7.52431913	0.00000512	0x00	0xFF
SPI [1]	result	7.52432441	0.00000512	0x88	0xFF
SPI [1]	result	7.52432969	0.00000512	0x32	0xFF
SPI [1]	result	7.56306102	0.00000512	0x00	0x00
SPI [1]	result	7.56306630	0.00000512	0x00	0x00
SPI [1]	result	7.56307158	0.00000512	0x08	0x00
SPI [1]	result	7.56307686	0.00000512	0x20	0x3F
SPI [1]	result	7.56347694	0.00000512	0x0F	0xFF
SPI [1]	result	7.56348222	0.00000512	0x10	0xFF
SPI [1]	result	7.56348750	0.00000512	0x80	0xFF
SPI [1]	result	7.56349278	0.00000512	0x1A	0xFF
SPI [1]	result	7.56389437	0.00000512	0x00	0xFF
SPI [1]	result	7.56389965	0.00000512	0x00	0xFF
SPI [1]	result	7.56390493	0.00000512	0x00	0xFF
SPI [1]	result	7.56391021	0.00000512	0x00	0xFF
SPI [1]	result	7.56431133	0.00000512	0x08	0xFF
SPI [1]	result	7.56431661	0.00000512	0x00	0xFF
SPI [1]	result	7.56432189	0.00000512	0x88	0xFF
SPI [1]	result	7.56432717	0.00000512	0x32	0xFF
SPI [1]	result	7.60306227	0.00000512	0x00	0x00
SPI [1]	result	7.60306755	0.00000512	0x00	0x00
SPI [1]	result	7.60307283	0.00000512	0x08	0x04
SPI [1]	result	7.60307811	0.00000512	0x20	0x3F
SPI [1]	result	7.60348170	0.00000512	0x08	0xFF
SPI [1]	result	7.60348698	0.00000512	0x10	0xFF
SPI [1]	result	7.60349226	0.00000512	0x80	0xFF
SPI [1]	result	7.60349754	0.00000512	0x22	0xFF
SPI [1]	result	7.60389592	0.00000512	0x00	0xFF
SPI [1]	result	7.60390120	0.00000512	0x00	0xFF
SPI [1]	result	7.60390648	0.00000512	0x09	0xFF
SPI [1]	result	7.60391176	0.00000512	0xA6	0xFF
SPI [1]	result	7.60431243	0.00000512	0x09	0xFF
SPI [1]	result	7.60431771	0.00000512	0x00	0xFF
SPI [1]	result	7.60432299	0.00000512	0x88	0xFF
SPI [1]	result	7.60432827	0.00000512	0x3A	0xFF
SPI [1]	result	7.60472950	0.00000512	0x00	0xFF
SPI [1]	result	7.60473478	0.00000512	0x00	0xFF
SPI [1]	result	7.60474006	0.00000512	0x00	0xFF
SPI [1]	result	7.60474534	0.00000512	0x00	0xFF
SPI [1]	result	7.60514634	0.00000512	0x08	0xFF
SPI [1]	result	7.60515162	0.00000512	0x00	0xFF
SPI [1]	result	7.60515690	0.00000512	0x89	0xFF
SPI [1]	result	7.60516218	0.00000512	0xB8	0xFF
SPI [1]	result	7.64306100	0.00000512	0x00	0x00
SPI [1]	result	7.64306628	0.00000512	0x00	0x00
SPI [1]	result	7.64307156	0.00000512	0x08	0x00
SPI [1]	result	7.64307684	0.00000512	0x20	0x3F
SPI [1]	result	7.64347863	0.00000512	0x0A	0xFF
SPI [1]	result	7.64348391	0.00000512	0x10	0xFF
SPI [1]	result	7.64348919	0.00000512	0x80	0xFF
SPI [1]	result	7.64349447	0.00000512	0x32	0xFF
SPI [1]	result	7.64389548	0.00000512	0x00	0xFF
SPI [1]	result	7.64390076	0.00000512	0x00	0xFF
SPI [1]	result	7.64390604	0.00000512	0x00	0xFF
SPI [1]	result	7.64391132	0.00000512	0x00	0xFF
SPI [1]	result	7.64431235	0.00000512	0x08	0xFF
SPI [1]	result	7.64431763	0.00000512	0x00	0xFF
SPI [1]	result	7.64432291	0.00000512	0x88	0xFF
SPI [1]	result	7.64432819	0.00000512	0x32	0xFF
SPI [1]	result	7.68306091	0.00000512	0x00	0x00
SPI [1]	result	7.68306619	0.00000512	0x00	0x00
SPI [1]	result	7.68307147	0.00000512	0x08	0x04
SPI [1]	result	7.68307675	0.00000512	0x20	0x3F
SPI [1]	result	7.68347702	0.00000512	0x0B	0xFF
SPI [1]	result	7.68348230	0.00000512	0x10	0xFF
SPI [1]	result	7.68348758	0.00000512	0x80	0xFF
SPI [1]	result	7.68349286	0.00000512	0x3A	0xFF
SPI [1]	result	7.68389369	0.00000512	0x00	0xFF
SPI [1]	result	7.68389897	0.00000512	0x00	0xFF
SPI [1]	result	7.68390425	0.00000512	0x00	0xFF
SPI [1]	result	7.68390953	0.00000512	0x00	0xFF
SPI [1]	result	7.68437432	0.00000512	0x08	0xFF
SPI [1]	result	7.68437960	0.00000512	0x00	0xFF
SPI [1]	result	7.68438488	0.00000512	0x88	0xFF
SPI [1]	result	7.68439016	0.00000512	0x32	0xFF
SPI [1]	result	7.72306545	0.00000512	0x00	0x00
SPI [1]	result	7.72307073	0.00000512	0x00	0x00
SPI [1]	result	7.72307601	0.00000512	0x08	0x00
SPI [1]	result	7.72308129	0.00000512	0x20	0x3F
SPI [1]	result	7.72349017	0.00000512	0x0C	0xFF
SPI [1]	result	7.72349545	0.00000512	0x10	0xFF
SPI [1]	result	7.72350073	0.00000512	0x80	0xFF
SPI [1]	result	7.72350601	0.00000512	0x02	0xFF
SPI [1]	result	7.72390489	0.00000512	0x00	0xFF
SPI [1]	result	7.72391017	0.00000512	0x00	0xFF
SPI [1]	result	7.72391545	0.00000512	0x09	0xFF
SPI [1]	result	7.72392073	0.00000512	0xA6	0xFF
SPI [1]	result	7.72432193	0.00000512	0x0D	0xFF
SPI [1]	result	7.72432721	0.00000512	0x00	0xFF
SPI [1]	result	7.72433249	0.00000512	0x88	0xFF
SPI [1]	result	7.72433777	0.00000512	0x1A	0xFF
SPI [1]	result	7.72473836	0.00000512	0x00	0xFF
SPI [1]	result	7.72474364	0.00000512	0x00	0xFF
SPI [1]	result	7.72474892	0.00000512	0x00	0xFF
SPI [1]	result	7.72475420	0.00000512	0x00	0xFF
SPI [1]	result	7.72515610	0.00000512	0x08	0xFF
SPI [1]	result	7.72516138	0.00000512	0x00	0xFF
SPI [1]	result	7.72516666	0.00000512	0x89	0xFF
SPI [1]	result	7.72517194	0.00000512	0xB8	0xFF
SPI [1]	result	7.76306187	0.00000512	0x00	0x00
SPI [1]	result	7.76306715	0.00000512	0x00	0x00
SPI [1]	result	7.76307243	0.00000512	0x08	0x00
SPI [1]	result	7.76307771	0.00000512	0x20	0x3F
SPI [1]	result	7.76348065	0.00000512	0x0E	0xFF
SPI [1]	result	7.76348593	0.00000512	0x10	0xFF
SPI [1]	result	7.76349121	0.00000512	0x80	0xFF
SPI [1]	result	7.76349649	0.00000512	0x12	0xFF
SPI [1]	result	7.76389808	0.00000512	0x00	0xFF
SPI [1]	result	7.76390336	0.00000512	0x00	0xFF
SPI [1]	result	7.76390864	0.00000512	0x00	0xFF
SPI [1]	result	7.76391392	0.00000512	0x00	0xFF
SPI [1]	result	7.76431519	0.00000512	0x08	0xFF
SPI [1]	result	7.76432047	0.00000512	0x00	0xFF
SPI [1]	result	7.76432575	0.00000512	0x88	0xFF
SPI [1]	result	7.76433103	0.00000512	0x32	0xFF
SPI [1]	result	7.80306404	0.00000512	0x00	0x00
SPI [1]	result	7.80306932	0.00000512	0x00	0x00
SPI [1]	result	7.80307460	0.00000512	0x08	0x00
SPI [1]	result	7.80307988	0.00000512	0x20	0x3F
SPI [1]	result	7.80348895	0.00000512	0x0F	0xFF
SPI [1]	result	7.80349423	0.00000512	0x10	0xFF
SPI [1]	result	7.80349951	0.00000512	0x80	0xFF
SPI [1]	result	7.80350479	0.00000512	0x1A	0xFF
SPI [1]	result	7.80390771	0.00000512	0x00	0xFF
SPI [1]	result	7.80391299	0.00000512	0x00	0xFF
SPI [1]	result	7.80391827	0.00000512	0x00	0xFF
SPI [1]	result	7.80392355	0.00000512	0x00	0xFF
SPI [1]	result	7.80432470	0.00000512	0x08	0xFF
SPI [1]	result	7.80432998	0.00000512	0x00	0xFF
SPI [1]	result	7.80433526	0.00000512	0x88	0xFF
SPI [1]	result	7.80434054	0.00000512	0x32	0xFF
SPI [1]	result	7.84306764	0.00000512	0x00	0x00
SPI [1]	result	7.84307292	0.00000512	0x00	0x00
SPI [1]	result	7.84307820	0.00000512	0x08	0x00
SPI [1]	result	7.84308348	0.00000512	0x20	0x3F
SPI [1]	result	7.84350253	0.00000512	0x08	0xFF
SPI [1]	result	7.84350781	0.00000512	0x10	0xFF
SPI [1]	result	7.84351309	0.00000512	0x80	0xFF
SPI [1]	result	7.84351837	0.00000512	0x22	0xFF
SPI [1]	result	7.84392007	0.00000512	0x00	0xFF
SPI [1]	result	7.84392535	0.00000512	0x00	0xFF
SPI [1]	result	7.84393063	0.00000512	0x09	0xFF
SPI [1]	result	7.84393591	0.00000512	0xA6	0xFF
SPI [1]	result	7.84433396	0.00000512	0x09	0xFF
SPI [1]	result	7.84433924	0.00000512	0x00	0xFF
SPI [1]	result	7.84434452	0.00000512	0x88	0xFF
SPI [1]	result	7.84434980	0.00000512	0x3A	0xFF
SPI [1]	result	7.84475324	0.00000512	0x00	0xFF
SPI [1]	result	7.84475852	0.00000512	0x00	0xFF
SPI [1]	result	7.84476380	0.00000512	0x00	0xFF
SPI [1]	result	7.84476908	0.00000512	0x00	0xFF
SPI [1]	result	7.84517013	0.00000512	0x08	0xFF
SPI [1]	result	7.84517541	0.00000512	0x00	0xFF
SPI [1]	result	7.84518069	0.00000512	0x89	0xFF
SPI [1]	result	7.84518597	0.00000512	0xB8	0xFF
SPI [1]	result	7.88306209	0.00000512	0x00	0x00
SPI [1]	result	7.88306737	0.00000512	0x00	0x00
SPI [1]	result	7.88307265	0.00000512	0x08	0x04
SPI [1]	result	7.88307793	0.00000512	0x20	0x3F
SPI [1]	result	7.88348155	0.00000512	0x0A	0xFF
SPI [1]	result	7.88348683	0.00000512	0x10	0xFF
SPI [1]	result	7.88349211	0.00000512	0x80	0xFF
SPI [1]	result	7.88349739	0.00000512	0x32	0xFF
SPI [1]	result	7.88390037	0.00000512	0x00	0xFF
SPI [1]	result	7.88390565	0.00000512	0x00	0xFF
SPI [1]	result	7.88391093	0.00000512	0x00	0xFF
SPI [1]	result	7.88391621	0.00000512	0x00	0xFF
SPI [1]	result	7.88431731	0.00000512	0x08	0xFF
SPI [1]	result	7.88432259	0.00000512	0x00	0xFF
SPI [1]	result	7.88432787	0.00000512	0x88	0xFF
SPI [1]	result	7.88433315	0.00000512	0x32	0xFF
SPI [1]	result	7.92306536	0.00000512	0x00	0x00
SPI [1]	result	7.92307064	0.00000512	0x00	0x00
SPI [1]	result	7.92307592	0.00000512	0x08	0x00
SPI [1]	result	7.92308120	0.00000512	0x20	0x3F
SPI [1]	result	7.92349951	0.00000512	0x0B	0xFF
SPI [1]	result	7.92350479	0.00000512	0x10	0xFF
SPI [1]	result	7.92351007	0.00000512	0x80	0xFF
SPI [1]	result	7.92351535	0.00000512	0x3A	0xFF
SPI [1]	result	7.92391798	0.00000512	0x00	0xFF
SPI [1]	result	7.92392326	0.00000512	0x00	0xFF
SPI [1]	result	7.92392854	0.00000512	0x00	0xFF
SPI [1]	result	7.92393382	0.00000512	0x00	0xFF
SPI [1]	result	7.92433278	0.00000512	0x08	0xFF
SPI [1]	result	7.92433806	0.00000512	0x00	0xFF
SPI [1]	result	7.92434334	0.00000512	0x88	0xFF
SPI [1]	result	7.92434862	0.00000512	0x32	0xFF
SPI [1]	result	7.96306446	0.00000512	0x00	0x00
SPI [1]	result	7.96306974	0.00000512	0x00	0x00
SPI [1]	result	7.96307502	0.00000512	0x08	0x00
SPI [1]	result	7.96308030	0.00000512	0x20	0x3F
SPI [1]	result	7.96348629	0.00000512	0x0C	0xFF
SPI [1]	result	7.96349157	0.00000512	0x10	0xFF
SPI [1]	result	7.96349685	0.00000512	0x80	0xFF
SPI [1]	result	7.96350213	0.00000512	0x02	0xFF
SPI [1]	result	7.96390374	0.00000512	0x00	0xFF
SPI [1]	result	7.96390902	0.00000512	0x00	0xFF
SPI [1]	result	7.96391430	0.00000512	0x09	0xFF
SPI [1]	result	7.96391958	0.00000512	0xA6	0xFF
SPI [1]	result	7.96432109	0.00000512	0x0D	0xFF
SPI [1]	result	7.96432637	0.00000512	0x00	0xFF
SPI [1]	result	7.96433165	0.00000512	0x88	0xFF
SPI [1]	result	7.96433693	0.00000512	0x1A	0xFF
SPI [1]	result	7.96473545	0.00000512	0x00	0xFF
SPI [1]	result	7.96474073	0.00000512	0x00	0xFF
SPI [1]	result	7.96474601	0.00000512	0x00	0xFF
SPI [1]	result	7.96475129	0.00000512	0x00	0xFF
SPI [1]	result	7.96515263	0.00000512	0x08	0xFF
SPI [1]	result	7.96515791	0.00000512	0x00	0xFF
SPI [1]	result	7.96516319	0.00000512	0x89	0xFF
SPI [1]	result	7.96516847	0.00000512	0xB8	0xFF
SPI [1]	result	8.00306148	0.00000512	0x00	0x00
SPI [1]	result	8.00306676	0.00000512	0x00	0x00
SPI [1]	result	8.00307204	0.00000512	0x08	0x07
SPI [1]	result	8.00307732	0.00000512	0x20	0x3F
SPI [1]	result	8.00348607	0.00000512	0x0E	0xFF
SPI [1]	result	8.00349135	0.00000512	0x10	0xFF
SPI [1]	result	8.00349663	0.00000512	0x80	0xFF
SPI [1]	result	8.00350191	0.00000512	0x12	0xFF
SPI [1]	result	8.00390500	0.00000512	0x00	0xFF
SPI [1]	result	8.00391028	0.00000512	0x00	0xFF
SPI [1]	result	8.00391556	0.00000512	0x00	0xFF
SPI [1]	result	8.00392084	0.00000512	0x00	0xFF
SPI [1]	result	8.00431934	0.00000512	0x08	0xFF
SPI [1]	result	8.00432462	0.00000512	0x00	0xFF
SPI [1]	result	8.00432990	0.00000512	0x88	0xFF
SPI [1]	result	8.00433518	0.00000512	0x32	0xFF
SPI [1]	result	8.04306289	0.00000512	0x00	0x00
SPI [1]	result	8.04306817	0.00000512	0x00	0x00
SPI [1]	result	8.04307345	0.00000512	0x08	0x00
SPI [1]	result	8.04307873	0.00000512	0x20	0x3F
SPI [1]	result	8.04348339	0.00000512	0x0F	0xFF
SPI [1]	result	8.04348867	0.00000512	0x10	0xFF
SPI [1]	result	8.04349395	0.00000512	0x80	0xFF
SPI [1]	result	8.04349923	0.00000512	0x1A	0xFF
SPI [1]	result	8.04391160	0.00000512	0x00	0xFF
SPI [1]	result	8.04391688	0.00000512	0x00	0xFF
SPI [1]	result	8.04392216	0.00000512	0x00	0xFF
SPI [1]	result	8.04392744	0.00000512	0x00	0xFF
SPI [1]	result	8.04436421	0.00000512	0x08	0xFF
SPI [1]	result	8.04436949	0.00000512	0x00	0xFF
SPI [1]	result	8.04437477	0.00000512	0x88	0xFF
SPI [1]	result	8.04438005	0.00000512	0x32	0xFF
SPI [1]	result	8.08307376	0.00000512	0x00	0x00
SPI [1]	result	8.08307904	0.00000512	0x00	0x00
SPI [1]	result	8.08308432	0.00000512	0x08	0x04
SPI [1]	result	8.08308960	0.00000512	0x20	0x3F
SPI [1]	result	8.08352086	0.00000512	0x08	0xFF
SPI [1]	result	8.08352614	0.00000512	0x10	0xFF
SPI [1]	result	8.08353142	0.00000512	0x80	0xFF
SPI [1]	result	8.08353670	0.00000512	0x22	0xFF
SPI [1]	result	8.08393989	0.00000512	0x00	0xFF
SPI [1]	result	8.08394517	0.00000512	0x00	0xFF
SPI [1]	result	8.08395045	0.00000512	0x09	0xFF
SPI [1]	result	8.08395573	0.00000512	0xA6	0xFF
SPI [1]	result	8.08435716	0.00000512	0x09	0xFF
SPI [1]	result	8.08436244	0.00000512	0x00	0xFF
SPI [1]	result	8.08436772	0.00000512	0x88	0xFF
SPI [1]	result	8.08437300	0.00000512	0x3A	0xFF
SPI [1]	result	8.08477440	0.00000512	0x00	0xFF
SPI [1]	result	8.08477968	0.00000512	0x00	0xFF
SPI [1]	result	8.08478496	0.00000512	0x00	0xFF
SPI [1]	result	8.08479024	0.00000512	0x00	0xFF
SPI [1]	result	8.08519127	0.00000512	0x08	0xFF
SPI [1]	result	8.08519655	0.00000512	0x00	0xFF
SPI [1]	result	8.08520183	0.00000512	0x89	0xFF
SPI [1]	result	8.08520711	0.00000512	0xB8	0xFF
SPI [1]	result	8.12306171	0.00000512	0x00	0x00
SPI [1]	result	8.12306699	0.00000512	0x00	0x00
SPI [1]	result	8.12307227	0.00000512	0x08	0x00
SPI [1]	result	8.12307755	0.00000512	0x20	0x3F
SPI [1]	result	8.12348223	0.00000512	0x0A	0xFF
SPI [1]	result	8.12348751	0.00000512	0x10	0xFF
SPI [1]	result	8.12349279	0.00000512	0x80	0xFF
SPI [1]	result	8.12349807	0.00000512	0x32	0xFF
SPI [1]	result	8.12389923	0.00000512	0x00	0xFF
SPI [1]	result	8.12390451	0.00000512	0x00	0xFF
SPI [1]	result	8.12390979	0.00000512	0x00	0xFF
SPI [1]	result	8.12391507	0.00000512	0x00	0xFF
SPI [1]	result	8.12431590	0.00000512	0x08	0xFF
SPI [1]	result	8.12432118	0.00000512	0x00	0xFF
SPI [1]	result	8.12432646	0.00000512	0x88	0xFF
SPI [1]	result	8.12433174	0.00000512	0x32	0xFF
SPI [1]	result	8.16306141	0.00000512	0x00	0x00
SPI [1]	result	8.16306669	0.00000512	0x00	0x00
SPI [1]	result	8.16307197	0.00000512	0x08	0x00
SPI [1]	result	8.16307725	0.00000512	0x20	0x3F
SPI [1]	result	8.16348464	0.00000512	0x0B	0xFF
SPI [1]	result	8.16348992	0.00000512	0x10	0xFF
SPI [1]	result	8.16349520	0.00000512	0x80	0xFF
SPI [1]	result	8.16350048	0.00000512	0x3A	0xFF
SPI [1]	result	8.16390218	0.00000512	0x00	0xFF
SPI [1]	result	8.16390746	0.00000512	0x00	0xFF
SPI [1]	result	8.16391274	0.00000512	0x00	0xFF
SPI [1]	result	8.16391802	0.00000512	0x00	0xFF
SPI [1]	result	8.16431960	0.00000512	0x08	0xFF
SPI [1]	result	8.16432488	0.00000512	0x00	0xFF
SPI [1]	result	8.16433016	0.00000512	0x88	0xFF
SPI [1]	result	8.16433544	0.00000512	0x32	0xFF
SPI [1]	result	8.20307040	0.00000512	0x00	0x00
SPI [1]	result	8.20307568	0.00000512	0x00	0x00
SPI [1]	result	8.20308096	0.00000512	0x08	0x00
SPI [1]	result	8.20308624	0.00000512	0x20	0x3F
SPI [1]	result	8.20351453	0.00000512	0x0C	0xFF
SPI [1]	result	8.20351981	0.00000512	0x10	0xFF
SPI [1]	result	8.20352509	0.00000512	0x80	0xFF
SPI [1]	result	8.20353037	0.00000512	0x02	0xFF
SPI [1]	result	8.20393142	0.00000512	0x00	0xFF
SPI [1]	result	8.20393670	0.00000512	0x00	0xFF
SPI [1]	result	8.20394198	0.00000512	0x09	0xFF
SPI [1]	result	8.20394726	0.00000512	0xA6	0xFF
SPI [1]	result	8.20434888	0.00000512	0x0D	0xFF
SPI [1]	result	8.20435416	0.00000512	0x00	0xFF
SPI [1]	result	8.20435944	0.00000512	0x88	0xFF
SPI [1]	result	8.20436472	0.00000512	0x1A	0xFF
SPI [1]	result	8.20476548	0.00000512	0x00	0xFF
SPI [1]	result	8.20477076	0.00000512	0x00	0xFF
SPI [1]	result	8.20477604	0.00000512	0x00	0xFF
SPI [1]	result	8.20478132	0.00000512	0x00	0xFF
SPI [1]	result	8.20518389	0.00000512	0x08	0xFF
SPI [1]	result	8.20518917	0.00000512	0x00	0xFF
SPI [1]	result	8.20519445	0.00000512	0x89	0xFF
SPI [1]	result	8.20519973	0.00000512	0xB8	0xFF
SPI [1]	result	8.24306232	0.00000512	0x00	0x00
SPI [1]	result	8.24306760	0.00000512	0x00	0x00
SPI [1]	result	8.24307288	0.00000512	0x08	0x00
SPI [1]	result	8.24307816	0.00000512	0x20	0x3F
SPI [1]	result	8.24348270	0.00000512	0x0E	0xFF
SPI [1]	result	8.24348798	0.00000512	0x10	0xFF
SPI [1]	result	8.24349326	0.00000512	0x80	0xFF
SPI [1]	result	8.24349854	0.00000512	0x12	0xFF
SPI [1]	result	8.24389679	0.00000512	0x00	0xFF
SPI [1]	result	8.24390207	0.00000512	0x00	0xFF
SPI [1]	result	8.24390735	0.00000512	0x00	0xFF
SPI [1]	result	8.24391263	0.00000512	0x00	0xFF
SPI [1]	result	8.24431531	0.00000512	0x08	0xFF
SPI [1]	result	8.24432059	0.00000512	0x00	0xFF
SPI [1]	result	8.24432587	0.00000512	0x88	0xFF
SPI [1]	result	8.24433115	0.00000512	0x32	0xFF
SPI [1]	result	8.28307835	0.00000512	0x00	0x00
SPI [1]	result	8.28308363	0.00000512	0x00	0x00
SPI [1]	result	8.28308891	0.00000512	0x08	0x07
SPI [1]	result	8.28309419	0.00000512	0x20	0x3F
SPI [1]	result	8.28354655	0.00000512	0x0F	0xFF
SPI [1]	result	8.28355183	0.00000512	0x10	0xFF
SPI [1]	result	8.28355711	0.00000512	0x80	0xFF
SPI [1]	result	8.28356239	0.00000512	0x1A	0xFF
SPI [1]	result	8.28396309	0.00000512	0x00	0xFF
SPI [1]	result	8.28396837	0.00000512	0x00	0xFF
SPI [1]	result	8.28397365	0.00000512	0x00	0xFF
SPI [1]	result	8.28397893	0.00000512	0x00	0xFF
SPI [1]	result	8.28438174	0.00000512	0x08	0xFF
SPI [1]	result	8.28438702	0.00000512	0x00	0xFF
SPI [1]	result	8.28439230	0.00000512	0x88	0xFF
SPI [1]	result	8.28439758	0.00000512	0x32	0xFF
SPI [1]	result	8.32307263	0.00000512	0x00	0x00
SPI [1]	result	8.32307791	0.00000512	0x00	0x00
SPI [1]	result	8.32308319	0.00000512	0x08	0x00
SPI [1]	result	8.32308847	0.00000512	0x20	0x3F
SPI [1]	result	8.32351533	0.00000512	0x08	0x7F
SPI [1]	result	8.32352061	0.00000512	0x10	0xFF
SPI [1]	result	8.32352589	0.00000512	0x80	0xFF
SPI [1]	result	8.32353117	0.00000512	0x22	0xFF
SPI [1]	result	8.32393463	0.00000512	0x00	0xFF
SPI [1]	result	8.32393991	0.00000512	0x00	0xFF
SPI [1]	result	8.32394519	0.00000512	0x09	0xFF
SPI [1]	result	8.32395047	0.00000512	0xA6	0xFF
SPI [1]	result	8.32434926	0.00000512	0x09	0xFF
SPI [1]	result	8.32435454	0.00000512	0x00	0xFF
SPI [1]	result	8.32435982	0.00000512	0x88	0xFF
SPI [1]	result	8.32436510	0.00000512	0x3A	0xFF
SPI [1]	result	8.32476734	0.00000512	0x00	0xFF
SPI [1]	result	8.32477262	0.00000512	0x00	0xFF
SPI [1]	result	8.32477790	0.00000512	0x00	0xFF
SPI [1]	result	8.32478318	0.00000512	0x00	0xFF
SPI [1]	result	8.32518484	0.00000512	0x08	0xFF
SPI [1]	result	8.32519012	0.00000512	0x00	0xFF
SPI [1]	result	8.32519540	0.00000512	0x89	0xFF
SPI [1]	result	8.32520068	0.00000512	0xB8	0xFF
SPI [1]	result	8.36307874	0.00000512	0x00	0x00
SPI [1]	result	8.36308402	0.00000512	0x00	0x00
SPI [1]	result	8.36308930	0.00000512	0x08	0x00
SPI [1]	result	8.36309458	0.00000512	0x20	0x3F
SPI [1]	result	8.36406532	0.00000512	0x0A	0xFF
SPI [1]	result	8.36407060	0.00000512	0x10	0xFF
SPI [1]	result	8.36407588	0.00000512	0x80	0xFF
SPI [1]	result	8.36408116	0.00000512	0x32	0xFF
SPI [1]	result	8.36452930	0.00000512	0x00	0xFF
SPI [1]	result	8.36453458	0.00000512	0x00	0xFF
SPI [1]	result	8.36453986	0.00000512	0x00	0xFF
SPI [1]	result	8.36454514	0.00000512	0x00	0xFF
SPI [1]	result	8.36497173	0.00000512	0x08	0xFF
SPI [1]	result	8.36497701	0.00000512	0x00	0xFF
SPI [1]	result	8.36498229	0.00000512	0x88	0xFF
SPI [1]	result	8.36498757	0.00000512	0x32	0xFF
SPI [1]	result	8.40307604	0.00000512	0x00	0x00
SPI [1]	result	8.40308132	0.00000512	0x00	0x00
SPI [1]	result	8.40308660	0.00000512	0x08	0x00
SPI [1]	result	8.40309188	0.00000512	0x20	0x3F
SPI [1]	result	8.40353691	0.00000512	0x0B	0xFF
SPI [1]	result	8.40354219	0.00000512	0x10	0xFF
SPI [1]	result	8.40354747	0.00000512	0x80	0xFF
SPI [1]	result	8.40355275	0.00000512	0x3A	0xFF
SPI [1]	result	8.40395519	0.00000512	0x00	0xFF
SPI [1]	result	8.40396047	0.00000512	0x00	0xFF
SPI [1]	result	8.40396575	0.00000512	0x00	0xFF
SPI [1]	result	8.40397103	0.00000512	0x00	0xFF
SPI [1]	result	8.40437100	0.00000512	0x08	0xFF
SPI [1]	result	8.40437628	0.00000512	0x00	0xFF
SPI [1]	result	8.40438156	0.00000512	0x88	0xFF
SPI [1]	result	8.40438684	0.00000512	0x32	0xFF
SPI [1]	result	8.44307787	0.00000512	0x00	0x00
SPI [1]	result	8.44308315	0.00000512	0x00	0x00
SPI [1]	result	8.44308843	0.00000512	0x08	0x00
SPI [1]	result	8.44309371	0.00000512	0x20	0x3F
SPI [1]	result	8.44353236	0.00000512	0x0C	0xFF
SPI [1]	result	8.44353764	0.00000512	0x10	0xFF
SPI [1]	result	8.44354292	0.00000512	0x80	0xFF
SPI [1]	result	8.44354820	0.00000512	0x02	0xFF
SPI [1]	result	8.44401478	0.00000512	0x00	0xFF
SPI [1]	result	8.44402006	0.00000512	0x00	0xFF
SPI [1]	result	8.44402534	0.00000512	0x09	0xFF
SPI [1]	result	8.44403062	0.00000512	0xA6	0xFF
SPI [1]	result	8.44443225	0.00000512	0x0D	0xFF
SPI [1]	result	8.44443753	0.00000512	0x00	0xFF
SPI [1]	result	8.44444281	0.00000512	0x88	0xFF
SPI [1]	result	8.44444809	0.00000512	0x1A	0xFF
SPI [1]	result	8.44484751	0.00000512	0x00	0xFF
SPI [1]	result	8.44485279	0.00000512	0x00	0xFF
SPI [1]	result	8.44485807	0.00000512	0x00	0xFF
SPI [1]	result	8.44486335	0.00000512	0x00	0xFF
SPI [1]	result	8.44526286	0.00000512	0x08	0xFF
SPI [1]	result	8.44526814	0.00000512	0x00	0xFF
SPI [1]	result	8.44527342	0.00000512	0x89	0xFF
SPI [1]	result	8.44527870	0.00000512	0xB8	0xFF
SPI [1]	result	8.48306715	0.00000512	0x00	0x00
SPI [1]	result	8.48307243	0.00000512	0x00	0x00
SPI [1]	result	8.48307771	0.00000512	0x08	0x04
SPI [1]	result	8.48308299	0.00000512	0x20	0x3F
SPI [1]	result	8.48349938	0.00000512	0x0E	0xFF
SPI [1]	result	8.48350466	0.00000512	0x10	0xFF
SPI [1]	result	8.48350994	0.00000512	0x80	0xFF
SPI [1]	result	8.48351522	0.00000512	0x12	0xFF
SPI [1]	result	8.48391386	0.00000512	0x00	0xFF
SPI [1]	result	8.48391914	0.00000512	0x00	0xFF
SPI [1]	result	8.48392442	0.00000512	0x00	0xFF
SPI [1]	result	8.48392970	0.00000512	0x00	0xFF
SPI [1]	result	8.48432969	0.00000512	0x08	0xFF
SPI [1]	result	8.48433497	0.00000512	0x00	0xFF
SPI [1]	result	8.48434025	0.00000512	0x88	0xFF
SPI [1]	result	8.48434553	0.00000512	0x32	0xFF
SPI [1]	result	8.52306243	0.00000512	0x00	0x00
SPI [1]	result	8.52306771	0.00000512	0x00	0x00
SPI [1]	result	8.52307299	0.00000512	0x08	0x00
SPI [1]	result	8.52307827	0.00000512	0x20	0x3F
SPI [1]	result	8.52348256	0.00000512	0x0F	0xFF
SPI [1]	result	8.52348784	0.00000512	0x10	0xFF
SPI [1]	result	8.52349312	0.00000512	0x80	0xFF
SPI [1]	result	8.52349840	0.00000512	0x1A	0xFF
SPI [1]	result	8.52389899	0.00000512	0x00	0xFF
SPI [1]	result	8.52390427	0.00000512	0x00	0xFF
SPI [1]	result	8.52390955	0.00000512	0x00	0xFF
SPI [1]	result	8.52391483	0.00000512	0x00	0xFF
SPI [1]	result	8.52431171	0.00000512	0x08	0xFF
SPI [1]	result	8.52431699	0.00000512	0x00	0xFF
SPI [1]	result	8.52432227	0.00000512	0x88	0xFF
SPI [1]	result	8.52432755	0.00000512	0x32	0xFF
SPI [1]	result	8.56306419	0.00000512	0x00	0x00
SPI [1]	result	8.56306947	0.00000512	0x00	0x00
SPI [1]	result	8.56307475	0.00000512	0x08	0x00
SPI [1]	result	8.56308003	0.00000512	0x20	0x3F
SPI [1]	result	8.56348247	0.00000512	0x08	0xFF
SPI [1]	result	8.56348775	0.00000512	0x10	0xFF
SPI [1]	result	8.56349303	0.00000512	0x80	0xFF
SPI [1]	result	8.56349831	0.00000512	0x22	0xFF
SPI [1]	result	8.56389847	0.00000512	0x00	0xFF
SPI [1]	result	8.56390375	0.00000512	0x00	0xFF
SPI [1]	result	8.56390903	0.00000512	0x09	0xFF
SPI [1]	result	8.56391431	0.00000512	0xA6	0xFF
SPI [1]	result	8.56431407	0.00000512	0x09	0xFF
SPI [1]	result	8.56431935	0.00000512	0x00	0xFF
SPI [1]	result	8.56432463	0.00000512	0x88	0xFF
SPI [1]	result	8.56432991	0.00000512	0x3A	0xFF
SPI [1]	result	8.56473096	0.00000512	0x00	0xFF
SPI [1]	result	8.56473624	0.00000512	0x00	0xFF
SPI [1]	result	8.56474152	0.00000512	0x00	0xFF
SPI [1]	result	8.56474680	0.00000512	0x00	0xFF
SPI [1]	result	8.56514981	0.00000512	0x08	0xFF
SPI [1]	result	8.56515509	0.00000512	0x00	0xFF
SPI [1]	result	8.56516037	0.00000512	0x89	0xFF
SPI [1]	result	8.56516565	0.00000512	0xB8	0xFF
SPI [1]	result	8.60307088	0.00000512	0x00	0x00
SPI [1]	result	8.60307616	0.00000512	0x00	0x00
SPI [1]	result	8.60308144	0.00000512	0x08	0x04
SPI [1]	result	8.60308672	0.00000512	0x20	0x3F
SPI [1]	result	8.60351757	0.00000512	0x0A	0xFF
SPI [1]	result	8.60352285	0.00000512	0x10	0xFF
SPI [1]	result	8.60352813	0.00000512	0x80	0xFF
SPI [1]	result	8.60353341	0.00000512	0x32	0xFF
SPI [1]	result	8.60393783	0.00000512	0x00	0xFF
SPI [1]	result	8.60394311	0.00000512	0x00	0xFF
SPI [1]	result	8.60394839	0.00000512	0x00	0xFF
SPI [1]	result	8.60395367	0.00000512	0x00	0xFF
SPI [1]	result	8.60435594	0.00000512	0x08	0xFF
SPI [1]	result	8.60436122	0.00000512	0x00	0xFF
SPI [1]	result	8.60436650	0.00000512	0x88	0xFF
SPI [1]	result	8.60437178	0.00000512	0x32	0xFF
SPI [1]	result	8.64306472	0.00000512	0x00	0x00
SPI [1]	result	8.64307000	0.00000512	0x00	0x00
SPI [1]	result	8.64307528	0.00000512	0x08	0x00
SPI [1]	result	8.64308056	0.00000512	0x20	0x3F
SPI [1]	result	8.64349702	0.00000512	0x0B	0xFF
SPI [1]	result	8.64350230	0.00000512	0x10	0xFF
SPI [1]	result	8.64350758	0.00000512	0x80	0xFF
SPI [1]	result	8.64351286	0.00000512	0x3A	0xFF
SPI [1]	result	8.64391689	0.00000512	0x00	0xFF
SPI [1]	result	8.64392217	0.00000512	0x00	0xFF
SPI [1]	result	8.64392745	0.00000512	0x00	0xFF
SPI [1]	result	8.64393273	0.00000512	0x00	0xFF
SPI [1]	result	8.64433404	0.00000512	0x08	0xFF
SPI [1]	result	8.64433932	0.00000512	0x00	0xFF
SPI [1]	result	8.64434460	0.00000512	0x88	0xFF
SPI [1]	result	8.64434988	0.00000512	0x32	0xFF
SPI [1]	result	8.68307504	0.00000512	0x00	0x00
SPI [1]	result	8.68308032	0.00000512	0x00	0x00
SPI [1]	result	8.68308560	0.00000512	0x08	0x04
SPI [1]	result	8.68309088	0.00000512	0x20	0x3F
SPI [1]	result	8.68352476	0.00000512	0x0C	0xFF
SPI [1]	result	8.68353004	0.00000512	0x10	0xFF
SPI [1]	result	8.68353532	0.00000512	0x80	0xFF
SPI [1]	result	8.68354060	0.00000512	0x02	0xFF
SPI [1]	result	8.68394156	0.00000512	0x00	0xFF
SPI [1]	result	8.68394684	0.00000512	0x00	0xFF
SPI [1]	result	8.68395212	0.00000512	0x09	0xFF
SPI [1]	result	8.68395740	0.00000512	0xA6	0xFF
SPI [1]	result	8.68435921	0.00000512	0x0D	0xFF
SPI [1]	result	8.68436449	0.00000512	0x00	0xFF
SPI [1]	result	8.68436977	0.00000512	0x88	0xFF
SPI [1]	result	8.68437505	0.00000512	0x1A	0xFF
SPI [1]	result	8.68478273	0.00000512	0x00	0xFF
SPI [1]	result	8.68478801	0.00000512	0x00	0xFF
SPI [1]	result	8.68479329	0.00000512	0x00	0xFF
SPI [1]	result	8.68479857	0.00000512	0x00	0xFF
SPI [1]	result	8.68522284	0.00000512	0x08	0xFF
SPI [1]	result	8.68522812	0.00000512	0x00	0xFF
SPI [1]	result	8.68523340	0.00000512	0x89	0xFF
SPI [1]	result	8.68523868	0.00000512	0xB8	0xFF
SPI [1]	result	8.72306789	0.00000512	0x00	0x00
SPI [1]	result	8.72307317	0.00000512	0x00	0x00
SPI [1]	result	8.72307845	0.00000512	0x08	0x00
SPI [1]	result	8.72308373	0.00000512	0x20	0x3F
SPI [1]	result	8.72349958	0.00000512	0x0E	0xFF
SPI [1]	result	8.72350486	0.00000512	0x10	0xFF
SPI [1]	result	8.72351014	0.00000512	0x80	0xFF
SPI [1]	result	8.72351542	0.00000512	0x12	0xFF
SPI [1]	result	8.72391793	0.00000512	0x00	0xFF
SPI [1]	result	8.72392321	0.00000512	0x00	0xFF
SPI [1]	result	8.72392849	0.00000512	0x00	0xFF
SPI [1]	result	8.72393377	0.00000512	0x00	0xFF
SPI [1]	result	8.72433545	0.00000512	0x08	0xFF
SPI [1]	result	8.72434073	0.00000512	0x00	0xFF
SPI [1]	result	8.72434601	0.00000512	0x88	0xFF
SPI [1]	result	8.72435129	0.00000512	0x32	0xFF
SPI [1]	result	8.76306669	0.00000512	0x00	0x00
SPI [1]	result	8.76307197	0.00000512	0x00	0x00
SPI [1]	result	8.76307725	0.00000512	0x08	0x00
SPI [1]	result	8.76308253	0.00000512	0x20	0x3F
SPI [1]	result	8.76350505	0.00000512	0x0F	0xFF
SPI [1]	result	8.76351033	0.00000512	0x10	0xFF
SPI [1]	result	8.76351561	0.00000512	0x80	0xFF
SPI [1]	result	8.76352089	0.00000512	0x1A	0xFF
SPI [1]	result	8.76392338	0.00000512	0x00	0xFF
SPI [1]	result	8.76392866	0.00000512	0x00	0xFF
SPI [1]	result	8.76393394	0.00000512	0x00	0xFF
SPI [1]	result	8.76393922	0.00000512	0x00	0xFF
SPI [1]	result	8.76434248	0.00000512	0x08	0xFF
SPI [1]	result	8.76434776	0.00000512	0x00	0xFF
SPI [1]	result	8.76435304	0.00000512	0x88	0xFF
SPI [1]	result	8.76435832	0.00000512	0x32	0xFF
SPI [1]	result	8.80306829	0.00000512	0x00	0x00
SPI [1]	result	8.80307357	0.00000512	0x00	0x00
SPI [1]	result	8.80307885	0.00000512	0x08	0x00
SPI [1]	result	8.80308413	0.00000512	0x20	0x3F
SPI [1]	result	8.80349994	0.00000512	0x08	0xFF
SPI [1]	result	8.80350522	0.00000512	0x10	0xFF
SPI [1]	result	8.80351050	0.00000512	0x80	0xFF
SPI [1]	result	8.80351578	0.00000512	0x22	0xFF
SPI [1]	result	8.80391898	0.00000512	0x00	0xFF
SPI [1]	result	8.80392426	0.00000512	0x00	0xFF
SPI [1]	result	8.80392954	0.00000512	0x09	0xFF
SPI [1]	result	8.80393482	0.00000512	0xA6	0xFF
SPI [1]	result	8.80439085	0.00000512	0x09	0xFF
SPI [1]	result	8.80439613	0.00000512	0x00	0xFF
SPI [1]	result	8.80440141	0.00000512	0x88	0xFF
SPI [1]	result	8.80440669	0.00000512	0x3A	0xFF
SPI [1]	result	8.80481339	0.00000512	0x00	0xFF
SPI [1]	result	8.80481867	0.00000512	0x00	0xFF
SPI [1]	result	8.80482395	0.00000512	0x00	0xFF
SPI [1]	result	8.80482923	0.00000512	0x00	0xFF
SPI [1]	result	8.80523141	0.00000512	0x08	0xFF
SPI [1]	result	8.80523669	0.00000512	0x00	0xFF
SPI [1]	result	8.80524197	0.00000512	0x89	0xFF
SPI [1]	result	8.80524725	0.00000512	0xB8	0xFF
SPI [1]	result	8.84307520	0.00000512	0x00	0x00
SPI [1]	result	8.84308048	0.00000512	0x00	0x00
SPI [1]	result	8.84308576	0.00000512	0x08	0x00
SPI [1]	result	8.84309104	0.00000512	0x20	0x3F
SPI [1]	result	8.84353785	0.00000512	0x0A	0xFF
SPI [1]	result	8.84354313	0.00000512	0x10	0xFF
SPI [1]	result	8.84354841	0.00000512	0x80	0xFF
SPI [1]	result	8.84355369	0.00000512	0x32	0xFF
SPI [1]	result	8.84395483	0.00000512	0x00	0xFF
SPI [1]	result	8.84396011	0.00000512	0x00	0xFF
SPI [1]	result	8.84396539	0.00000512	0x00	0xFF
SPI [1]	result	8.84397067	0.00000512	0x00	0xFF
SPI [1]	result	8.84437539	0.00000512	0x08	0xFF
SPI [1]	result	8.84438067	0.00000512	0x00	0xFF
SPI [1]	result	8.84438595	0.00000512	0x88	0xFF
SPI [1]	result	8.84439123	0.00000512	0x32	0xFF
SPI [1]	result	8.88307830	0.00000512	0x00	0x00
SPI [1]	result	8.88308358	0.00000512	0x00	0x00
SPI [1]	result	8.88308886	0.00000512	0x08	0x04
SPI [1]	result	8.88309414	0.00000512	0x20	0x3F
SPI [1]	result	8.88354524	0.00000512	0x0B	0xFF
SPI [1]	result	8.88355052	0.00000512	0x10	0xFF
SPI [1]	result	8.88355580	0.00000512	0x80	0xFF
SPI [1]	result	8.88356108	0.00000512	0x3A	0xFF
SPI [1]	result	8.88396310	0.00000512	0x00	0xFF
SPI [1]	result	8.88396838	0.00000512	0x00	0xFF
SPI [1]	result	8.88397366	0.00000512	0x00	0xFF
SPI [1]	result	8.88397894	0.00000512	0x00	0xFF
SPI [1]	result	8.88437667	0.00000512	0x08	0xFF
SPI [1]	result	8.88438195	0.00000512	0x00	0xFF
SPI [1]	result	8.88438723	0.00000512	0x88	0xFF
SPI [1]	result	8.88439251	0.00000512	0x32	0xFF
SPI [1]	result	8.92308051	0.00000512	0x00	0x00
SPI [1]	result	8.92308579	0.00000512	0x00	0x00
SPI [1]	result	8.92309107	0.00000512	0x08	0x00
SPI [1]	result	8.92309635	0.00000512	0x20	0x3F
SPI [1]	result	8.92353884	0.00000512	0x0C	0xFF
SPI [1]	result	8.92354412	0.00000512	0x10	0xFF
SPI [1]	result	8.92354940	0.00000512	0x80	0xFF
SPI [1]	result	8.92355468	0.00000512	0x02	0xFF
SPI [1]	result	8.92395669	0.00000512	0x00	0xFF
SPI [1]	result	8.92396197	0.00000512	0x00	0xFF
SPI [1]	result	8.92396725	0.00000512	0x09	0xFF
SPI [1]	result	8.92397253	0.00000512	0xA6	0xFF
SPI [1]	result	8.92437234	0.00000512	0x0D	0xFF
SPI [1]	result	8.92437762	0.00000512	0x00	0xFF
SPI [1]	result	8.92438290	0.00000512	0x88	0xFF
SPI [1]	result	8.92438818	0.00000512	0x1A	0xFF
SPI [1]	result	8.92479275	0.00000512	0x00	0xFF
SPI [1]	result	8.92479803	0.00000512	0x00	0xFF
SPI [1]	result	8.92480331	0.00000512	0x00	0xFF
SPI [1]	result	8.92480859	0.00000512	0x00	0xFF
SPI [1]	result	8.92523033	0.00000512	0x08	0xFF
SPI [1]	result	8.92523561	0.00000512	0x00	0xFF
SPI [1]	result	8.92524089	0.00000512	0x89	0xFF
SPI [1]	result	8.92524617	0.00000512	0xB8	0xFF
SPI [1]	result	8.96307903	0.00000512	0x00	0x00
SPI [1]	result	8.96308431	0.00000512	0x00	0x00
SPI [1]	result	8.96308959	0.00000512	0x08	0x04
SPI [1]	result	8.96309487	0.00000512	0x20	0x3F
SPI [1]	result	8.96354496	0.00000512	0x0E	0xFF
SPI [1]	result	8.96355024	0.00000512	0x10	0xFF
SPI [1]	result	8.96355552	0.00000512	0x80	0xFF
SPI [1]	result	8.96356080	0.00000512	0x12	0xFF
SPI [1]	result	8.96396455	0.00000512	0x00	0xFF
SPI [1]	result	8.96396983	0.00000512	0x00	0xFF
SPI [1]	result	8.96397511	0.00000512	0x00	0xFF
SPI [1]	result	8.96398039	0.00000512	0x00	0xFF
SPI [1]	result	8.96438051	0.00000512	0x08	0xFF
SPI [1]	result	8.96438579	0.00000512	0x00	0xFF
SPI [1]	result	8.96439107	0.00000512	0x88	0xFF
SPI [1]	result	8.96439635	0.00000512	0x32	0xFF
SPI [1]	result	9.00306322	0.00000512	0x00	0x00
SPI [1]	result	9.00306850	0.00000512	0x00	0x00
SPI [1]	result	9.00307378	0.00000512	0x08	0x04
SPI [1]	result	9.00307906	0.00000512	0x20	0xBF
SPI [1]	result	9.00348174	0.00000512	0x0F	0x7F
SPI [1]	result	9.00348702	0.00000512	0x10	0xFF
SPI [1]	result	9.00349230	0.00000512	0x80	0xFF
SPI [1]	result	9.00349758	0.00000512	0x1A	0xFF
SPI [1]	result	9.00389889	0.00000512	0x00	0xFF
SPI [1]	result	9.00390417	0.00000512	0x00	0xFF
SPI [1]	result	9.00390945	0.00000512	0x00	0xFF
SPI [1]	result	9.00391473	0.00000512	0x00	0xFF
SPI [1]	result	9.00431502	0.00000512	0x08	0xFF
SPI [1]	result	9.00432030	0.00000512	0x00	0xFF
SPI [1]	result	9.00432558	0.00000512	0x88	0xFF
SPI [1]	result	9.00433086	0.00000512	0x32	0xFF
SPI [1]	result	9.04306380	0.00000512	0x00	0x00
SPI [1]	result	9.04306908	0.00000512	0x00	0x00
SPI [1]	result	9.04307436	0.00000512	0x08	0x00
SPI [1]	result	9.04307964	0.00000512	0x20	0x3F
SPI [1]	result	9.04348406	0.00000512	0x08	0xFF
SPI [1]	result	9.04348934	0.00000512	0x10	0xFF
SPI [1]	result	9.04349462	0.00000512	0x80	0xFF
SPI [1]	result	9.04349990	0.00000512	0x22	0xFF
SPI [1]	result	9.04390715	0.00000512	0x00	0xFF
SPI [1]	result	9.04391243	0.00000512	0x00	0xFF
SPI [1]	result	9.04391771	0.00000512	0x09	0xFF
SPI [1]	result	9.04392299	0.00000512	0xA6	0xFF
SPI [1]	result	9.04433560	0.00000512	0x09	0xFF
SPI [1]	result	9.04434088	0.00000512	0x00	0xFF
SPI [1]	result	9.04434616	0.00000512	0x88	0xFF
SPI [1]	result	9.04435144	0.00000512	0x3A	0xFF
SPI [1]	result	9.04475565	0.00000512	0x00	0xFF
SPI [1]	result	9.04476093	0.00000512	0x00	0xFF
SPI [1]	result	9.04476621	0.00000512	0x00	0xFF
SPI [1]	result	9.04477149	0.00000512	0x00	0xFF
SPI [1]	result	9.04517662	0.00000512	0x08	0xFF
SPI [1]	result	9.04518190	0.00000512	0x00	0xFF
SPI [1]	result	9.04518718	0.00000512	0x89	0xFF
SPI [1]	result	9.04519246	0.00000512	0xB8	0xFF
SPI [1]	result	9.08306650	0.00000512	0x00	0x00
SPI [1]	result	9.08307178	0.00000512	0x00	0x00
SPI [1]	result	9.08307706	0.00000512	0x08	0x04
SPI [1]	result	9.08308234	0.00000512	0x20	0x3F
SPI [1]	result	9.08349962	0.00000512	0x0A	0xFF
SPI [1]	result	9.08350490	0.00000512	0x10	0xFF
SPI [1]	result	9.08351018	0.00000512	0x80	0xFF
SPI [1]	result	9.08351546	0.00000512	0x32	0xFF
SPI [1]	result	9.08391651	0.00000512	0x00	0xFF
SPI [1]	result	9.08392179	0.00000512	0x00	0xFF
SPI [1]	result	9.08392707	0.00000512	0x00	0xFF
SPI [1]	result	9.08393235	0.00000512	0x00	0xFF
SPI [1]	result	9.08433212	0.00000512	0x08	0xFF
SPI [1]	result	9.08433740	0.00000512	0x00	0xFF
SPI [1]	result	9.08434268	0.00000512	0x88	0xFF
SPI [1]	result	9.08434796	0.00000512	0x32	0xFF
SPI [1]	result	9.12306212	0.00000512	0x00	0x00
SPI [1]	result	9.12306740	0.00000512	0x00	0x00
SPI [1]	result	9.12307268	0.00000512	0x08	0x00
SPI [1]	result	9.12307796	0.00000512	0x20	0x3F
SPI [1]	result	9.12347999	0.00000512	0x0B	0xFF
SPI [1]	result	9.12348527	0.00000512	0x10	0xFF
SPI [1]	result	9.12349055	0.00000512	0x80	0xFF
SPI [1]	result	9.12349583	0.00000512	0x3A	0xFF
SPI [1]	result	9.12389801	0.00000512	0x00	0xFF
SPI [1]	result	9.12390329	0.00000512	0x00	0xFF
SPI [1]	result	9.12390857	0.00000512	0x00	0xFF
SPI [1]	result	9.12391385	0.00000512	0x00	0xFF
SPI [1]	result	9.12431557	0.00000512	0x08	0xFF
SPI [1]	result	9.12432085	0.00000512	0x00	0xFF
SPI [1]	result	9.12432613	0.00000512	0x88	0xFF
SPI [1]	result	9.12433141	0.00000512	0x32	0xFF
SPI [1]	result	9.16306777	0.00000512	0x00	0x00
SPI [1]	result	9.16307305	0.00000512	0x00	0x00
SPI [1]	result	9.16307833	0.00000512	0x08	0x06
SPI [1]	result	9.16308361	0.00000512	0x20	0x3F
SPI [1]	result	9.16350151	0.00000512	0x0C	0xFF
SPI [1]	result	9.16350679	0.00000512	0x10	0xFF
SPI [1]	result	9.16351207	0.00000512	0x80	0xFF
SPI [1]	result	9.16351735	0.00000512	0x02	0xFF
SPI [1]	result	9.16391711	0.00000512	0x00	0xFF
SPI [1]	result	9.16392239	0.00000512	0x00	0xFF
SPI [1]	result	9.16392767	0.00000512	0x09	0xFF
SPI [1]	result	9.16393295	0.00000512	0xA6	0xFF
SPI [1]	result	9.16433542	0.00000512	0x0D	0xFF
SPI [1]	result	9.16434070	0.00000512	0x00	0xFF
SPI [1]	result	9.16434598	0.00000512	0x88	0xFF
SPI [1]	result	9.16435126	0.00000512	0x1A	0xFF
SPI [1]	result	9.16475296	0.00000512	0x00	0xFF
SPI [1]	result	9.16475824	0.00000512	0x00	0xFF
SPI [1]	result	9.16476352	0.00000512	0x00	0xFF
SPI [1]	result	9.16476880	0.00000512	0x00	0xFF
SPI [1]	result	9.16523550	0.00000512	0x08	0xFF
SPI [1]	result	9.16524078	0.00000512	0x00	0xFF
SPI [1]	result	9.16524606	0.00000512	0x89	0xFF
SPI [1]	result	9.16525134	0.00000512	0xB8	0xFF
SPI [1]	result	9.20322407	0.00000512	0x00	0x00
SPI [1]	result	9.20322935	0.00000512	0x00	0x00
SPI [1]	result	9.20323463	0.00000512	0x08	0x00
SPI [1]	result	9.20323991	0.00000512	0x20	0x3F
SPI [1]	result	9.20366646	0.00000512	0x0E	0xFF
SPI [1]	result	9.20367174	0.00000512	0x10	0xFF
SPI [1]	result	9.20367702	0.00000512	0x80	0xFF
SPI [1]	result	9.20368230	0.00000512	0x12	0xFF
SPI [1]	result	9.20409461	0.00000512	0x00	0xFF
SPI [1]	result	9.20409989	0.00000512	0x00	0xFF
SPI [1]	result	9.20410517	0.00000512	0x00	0xFF
SPI [1]	result	9.20411045	0.00000512	0x00	0xFF
SPI [1]	result	9.20453248	0.00000512	0x08	0xFF
SPI [1]	result	9.20453776	0.00000512	0x00	0xFF
SPI [1]	result	9.20454304	0.00000512	0x88	0xFF
SPI [1]	result	9.20454832	0.00000512	0x32	0xFF
SPI [1]	result	9.24306544	0.00000512	0x00	0x00
SPI [1]	result	9.24307072	0.00000512	0x00	0x00
SPI [1]	result	9.24307600	0.00000512	0x08	0x00
SPI [1]	result	9.24308128	0.00000512	0x20	0x3F
SPI [1]	result	9.24349908	0.00000512	0x0F	0xFF
SPI [1]	result	9.24350436	0.00000512	0x10	0xFF
SPI [1]	result	9.24350964	0.00000512	0x80	0xFF
SPI [1]	result	9.24351492	0.00000512	0x1A	0xFF
SPI [1]	result	9.24391739	0.00000512	0x00	0xFF
SPI [1]	result	9.24392267	0.00000512	0x00	0xFF
SPI [1]	result	9.24392795	0.00000512	0x00	0xFF
SPI [1]	result	9.24393323	0.00000512	0x00	0xFF
SPI [1]	result	9.24433554	0.00000512	0x08	0xFF
SPI [1]	result	9.24434082	0.00000512	0x00	0xFF
SPI [1]	result	9.24434610	0.00000512	0x88	0xFF
SPI [1]	result	9.24435138	0.00000512	0x32	0xFF
SPI [1]	result	9.28306712	0.00000512	0x00	0x00
SPI [1]	result	9.28307240	0.00000512	0x00	0x00
SPI [1]	result	9.28307768	0.00000512	0x08	0x04
SPI [1]	result	9.28308296	0.00000512	0x20	0x3F
SPI [1]	result	9.28350171	0.00000512	0x08	0xFF
SPI [1]	result	9.28350699	0.00000512	0x10	0xFF
SPI [1]	result	9.28351227	0.00000512	0x80	0xFF
SPI [1]	result	9.28351755	0.00000512	0x22	0xFF
SPI [1]	result	9.28391760	0.00000512	0x00	0xFF
SPI [1]	result	9.28392288	0.00000512	0x00	0xFF
SPI [1]	result	9.28392816	0.00000512	0x09	0xFF
SPI [1]	result	9.28393344	0.00000512	0xA6	0xFF
SPI [1]	result	9.28433490	0.00000512	0x09	0xFF
SPI [1]	result	9.28434018	0.00000512	0x00	0xFF
SPI [1]	result	9.28434546	0.00000512	0x88	0xFF
SPI [1]	result	9.28435074	0.00000512	0x3A	0xFF
SPI [1]	result	9.28475294	0.00000512	0x00	0xFF
SPI [1]	result	9.28475822	0.00000512	0x00	0xFF
SPI [1]	result	9.28476350	0.00000512	0x00	0xFF
SPI [1]	result	9.28476878	0.00000512	0x00	0xFF
SPI [1]	result	9.28516988	0.00000512	0x08	0xFF
SPI [1]	result	9.28517516	0.00000512	0x00	0xFF
SPI [1]	result	9.28518044	0.00000512	0x89	0xFF
SPI [1]	result	9.28518572	0.00000512	0xB8	0xFF
SPI [1]	result	9.32307062	0.00000512	0x00	0x00
SPI [1]	result	9.32307590	0.00000512	0x00	0x00
SPI [1]	result	9.32308118	0.00000512	0x08	0x00
SPI [1]	result	9.32308646	0.00000512	0x20	0x3F
SPI [1]	result	9.32351375	0.00000512	0x0A	0xFF
SPI [1]	result	9.32351903	0.00000512	0x10	0xFF
SPI [1]	result	9.32352431	0.00000512	0x80	0xFF
SPI [1]	result	9.32352959	0.00000512	0x32	0xFF
SPI [1]	result	9.32393284	0.00000512	0x00	0xFF
SPI [1]	result	9.32393812	0.00000512	0x00	0xFF
SPI [1]	result	9.32394340	0.00000512	0x00	0xFF
SPI [1]	result	9.32394868	0.00000512	0x00	0xFF
SPI [1]	result	9.32435044	0.00000512	0x08	0xFF
SPI [1]	result	9.32435572	0.00000512	0x00	0xFF
SPI [1]	result	9.32436100	0.00000512	0x88	0xFF
SPI [1]	result	9.32436628	0.00000512	0x32	0xFF
SPI [1]	result	9.36306201	0.00000512	0x00	0x00
SPI [1]	result	9.36306729	0.00000512	0x00	0x00
SPI [1]	result	9.36307257	0.00000512	0x08	0x00
SPI [1]	result	9.36307785	0.00000512	0x20	0x3F
SPI [1]	result	9.36348242	0.00000512	0x0B	0xFF
SPI [1]	result	9.36348770	0.00000512	0x10	0xFF
SPI [1]	result	9.36349298	0.00000512	0x80	0xFF
SPI [1]	result	9.36349826	0.00000512	0x3A	0xFF
SPI [1]	result	9.36390066	0.00000512	0x00	0xFF
SPI [1]	result	9.36390594	0.00000512	0x00	0xFF
SPI [1]	result	9.36391122	0.00000512	0x00	0xFF
SPI [1]	result	9.36391650	0.00000512	0x00	0xFF
SPI [1]	result	9.36431822	0.00000512	0x08	0xFF
SPI [1]	result	9.36432350	0.00000512	0x00	0xFF
SPI [1]	result	9.36432878	0.00000512	0x88	0xFF
SPI [1]	result	9.36433406	0.00000512	0x32	0xFF
SPI [1]	result	9.40306837	0.00000512	0x00	0x00
SPI [1]	result	9.40307365	0.00000512	0x00	0x00
SPI [1]	result	9.40307893	0.00000512	0x08	0x00
SPI [1]	result	9.40308421	0.00000512	0x20	0x3F
SPI [1]	result	9.40349957	0.00000512	0x0C	0xFF
SPI [1]	result	9.40350485	0.00000512	0x10	0xFF
SPI [1]	result	9.40351013	0.00000512	0x80	0xFF
SPI [1]	result	9.40351541	0.00000512	0x02	0xFF
SPI [1]	result	9.40391911	0.00000512	0x00	0xFF
SPI [1]	result	9.40392439	0.00000512	0x00	0xFF
SPI [1]	result	9.40392967	0.00000512	0x09	0xFF
SPI [1]	result	9.40393495	0.00000512	0xA6	0xFF
SPI [1]	result	9.40433763	0.00000512	0x0D	0xFF
SPI [1]	result	9.40434291	0.00000512	0x00	0xFF
SPI [1]	result	9.40434819	0.00000512	0x88	0xFF
SPI [1]	result	9.40435347	0.00000512	0x1A	0xFF
SPI [1]	result	9.40475458	0.00000512	0x00	0xFF
SPI [1]	result	9.40475986	0.00000512	0x00	0xFF
SPI [1]	result	9.40476514	0.00000512	0x00	0xFF
SPI [1]	result	9.40477042	0.00000512	0x00	0xFF
SPI [1]	result	9.40517278	0.00000512	0x08	0xFF
SPI [1]	result	9.40517806	0.00000512	0x00	0xFF
SPI [1]	result	9.40518334	0.00000512	0x89	0xFF
SPI [1]	result	9.40518862	0.00000512	0xB8	0xFF
SPI [1]	result	9.44306448	0.00000512	0x00	0x00
SPI [1]	result	9.44306976	0.00000512	0x00	0x00
SPI [1]	result	9.44307504	0.00000512	0x08	0x00
SPI [1]	result	9.44308032	0.00000512	0x20	0x3F
SPI [1]	result	9.44349415	0.00000512	0x0E	0xFF
SPI [1]	result	9.44349943	0.00000512	0x10	0xFF
SPI [1]	result	9.44350471	0.00000512	0x80	0xFF
SPI [1]	result	9.44350999	0.00000512	0x12	0xFF
SPI [1]	result	9.44391302	0.00000512	0x00	0xFF
SPI [1]	result	9.44391830	0.00000512	0x00	0xFF
SPI [1]	result	9.44392358	0.00000512	0x00	0xFF
SPI [1]	result	9.44392886	0.00000512	0x00	0xFF
SPI [1]	result	9.44432845	0.00000512	0x08	0xFF
SPI [1]	result	9.44433373	0.00000512	0x00	0xFF
SPI [1]	result	9.44433901	0.00000512	0x88	0xFF
SPI [1]	result	9.44434429	0.00000512	0x32	0xFF
SPI [1]	result	9.48307760	0.00000512	0x00	0x00
SPI [1]	result	9.48308288	0.00000512	0x00	0x00
SPI [1]	result	9.48308816	0.00000512	0x08	0x04
SPI [1]	result	9.48309344	0.00000512	0x20	0x3F
SPI [1]	result	9.48354316	0.00000512	0x0F	0xFF
SPI [1]	result	9.48354844	0.00000512	0x10	0xFF
SPI [1]	result	9.48355372	0.00000512	0x80	0xFF
SPI [1]	result	9.48355900	0.00000512	0x1A	0xFF
SPI [1]	result	9.48396362	0.00000512	0x00	0xFF
SPI [1]	result	9.48396890	0.00000512	0x00	0xFF
SPI [1]	result	9.48397418	0.00000512	0x00	0xFF
SPI [1]	result	9.48397946	0.00000512	0x00	0xFF
SPI [1]	result	9.48437853	0.00000512	0x08	0xFF
SPI [1]	result	9.48438381	0.00000512	0x00	0xFF
SPI [1]	result	9.48438909	0.00000512	0x88	0xFF
SPI [1]	result	9.48439437	0.00000512	0x32	0xFF
SPI [1]	result	9.52307992	0.00000512	0x00	0x00
SPI [1]	result	9.52308520	0.00000512	0x00	0x00
SPI [1]	result	9.52309048	0.00000512	0x08	0x00
SPI [1]	result	9.52309576	0.00000512	0x20	0x3F
SPI [1]	result	9.52353692	0.00000512	0x08	0xFF
SPI [1]	result	9.52354220	0.00000512	0x10	0xFF
SPI [1]	result	9.52354748	0.00000512	0x80	0xFF
SPI [1]	result	9.52355276	0.00000512	0x22	0xFF
SPI [1]	result	9.52395651	0.00000512	0x00	0xFF
SPI [1]	result	9.52396179	0.00000512	0x00	0xFF
SPI [1]	result	9.52396707	0.00000512	0x09	0xFF
SPI [1]	result	9.52397235	0.00000512	0xA6	0xFF
SPI [1]	result	9.52437329	0.00000512	0x09	0xFF
SPI [1]	result	9.52437857	0.00000512	0x00	0xFF
SPI [1]	result	9.52438385	0.00000512	0x88	0xFF
SPI [1]	result	9.52438913	0.00000512	0x3A	0xFF
SPI [1]	result	9.52478863	0.00000512	0x00	0xFF
SPI [1]	result	9.52479391	0.00000512	0x00	0xFF
SPI [1]	result	9.52479919	0.00000512	0x00	0xFF
SPI [1]	result	9.52480447	0.00000512	0x00	0xFF
SPI [1]	result	9.52520426	0.00000512	0x08	0xFF
SPI [1]	result	9.52520954	0.00000512	0x00	0xFF
SPI [1]	result	9.52521482	0.00000512	0x89	0xFF
SPI [1]	result	9.52522010	0.00000512	0xB8	0xFF
SPI [1]	result	9.56307594	0.00000512	0x00	0x00
SPI [1]	result	9.56308122	0.00000512	0x00	0x00
SPI [1]	result	9.56308650	0.00000512	0x08	0x04
SPI [1]	result	9.56309178	0.00000512	0x20	0x3F
SPI [1]	result	9.56353894	0.00000512	0x0A	0xFF
SPI [1]	result	9.56354422	0.00000512	0x10	0xFF
SPI [1]	result	9.56354950	0.00000512	0x80	0xFF
SPI [1]	result	9.56355478	0.00000512	0x32	0xFF
SPI [1]	result	9.56395644	0.00000512	0x00	0xFF
SPI [1]	result	9.56396172	0.00000512	0x00	0xFF
SPI [1]	result	9.56396700	0.00000512	0x00	0xFF
SPI [1]	result	9.56397228	0.00000512	0x00	0xFF
SPI [1]	result	9.56437302	0.00000512	0x08	0xFF
SPI [1]	result	9.56437830	0.00000512	0x00	0xFF
SPI [1]	result	9.56438358	0.00000512	0x88	0xFF
SPI [1]	result	9.56438886	0.00000512	0x32	0xFF
SPI [1]	result	9.60308750	0.00000512	0x00	0x00
SPI [1]	result	9.60309278	0.00000512	0x00	0x00
SPI [1]	result	9.60309806	0.00000512	0x08	0x00
SPI [1]	result	9.60310334	0.00000512	0x20	0x3F
SPI [1]	result	9.60357834	0.00000512	0x0B	0xFF
SPI [1]	result	9.60358362	0.00000512	0x10	0xFF
SPI [1]	result	9.60358890	0.00000512	0x80	0xFF
SPI [1]	result	9.60359418	0.00000512	0x3A	0xFF
SPI [1]	result	9.60399923	0.00000512	0x00	0xFF
SPI [1]	result	9.60400451	0.00000512	0x00	0xFF
SPI [1]	result	9.60400979	0.00000512	0x00	0xFF
SPI [1]	result	9.60401507	0.00000512	0x00	0xFF
SPI [1]	result	9.60441713	0.00000512	0x08	0xFF
SPI [1]	result	9.60442241	0.00000512	0x00	0xFF
SPI [1]	result	9.60442769	0.00000512	0x88	0xFF
SPI [1]	result	9.60443297	0.00000512	0x32	0xFF
SPI [1]	result	9.64307238	0.00000512	0x00	0x00
SPI [1]	result	9.64307766	0.00000512	0x00	0x00
SPI [1]	result	9.64308294	0.00000512	0x08	0x00
SPI [1]	result	9.64308822	0.00000512	0x20	0x3F
SPI [1]	result	9.64351469	0.00000512	0x0C	0xFF
SPI [1]	result	9.64351997	0.00000512	0x10	0xFF
SPI [1]	result	9.64352525	0.00000512	0x80	0xFF
SPI [1]	result	9.64353053	0.00000512	0x02	0xFF
SPI [1]	result	9.64393399	0.00000512	0x00	0xFF
SPI [1]	result	9.64393927	0.00000512	0x00	0xFF
SPI [1]	result	9.64394455	0.00000512	0x09	0xFF
SPI [1]	result	9.64394983	0.00000512	0xA6	0xFF
SPI [1]	result	9.64435027	0.00000512	0x0D	0xFF
SPI [1]	result	9.64435555	0.00000512	0x00	0xFF
SPI [1]	result	9.64436083	0.00000512	0x88	0xFF
SPI [1]	result	9.64436611	0.00000512	0x1A	0xFF
SPI [1]	result	9.64476518	0.00000512	0x00	0xFF
SPI [1]	result	9.64477046	0.00000512	0x00	0xFF
SPI [1]	result	9.64477574	0.00000512	0x00	0xFF
SPI [1]	result	9.64478102	0.00000512	0x00	0xFF
SPI [1]	result	9.64518135	0.00000512	0x08	0xFF
SPI [1]	result	9.64518663	0.00000512	0x00	0xFF
SPI [1]	result	9.64519191	0.00000512	0x89	0xFF
SPI [1]	result	9.64519719	0.00000512	0xB8	0xFF
SPI [1]	result	9.68307161	0.00000512	0x00	0x00
SPI [1]	result	9.68307689	0.00000512	0x00	0x00
SPI [1]	result	9.68308217	0.00000512	0x08	0x04
SPI [1]	result	9.68308745	0.00000512	0x20	0x3F
SPI [1]	result	9.68352311	0.00000512	0x0E	0xFF
SPI [1]	result	9.68352839	0.00000512	0x10	0xFF
SPI [1]	result	9.68353367	0.00000512	0x80	0xFF
SPI [1]	result	9.68353895	0.00000512	0x12	0xFF
SPI [1]	result	9.68394296	0.00000512	0x00	0xFF
SPI [1]	result	9.68394824	0.00000512	0x00	0xFF
SPI [1]	result	9.68395352	0.00000512	0x00	0xFF
SPI [1]	result	9.68395880	0.00000512	0x00	0xFF
SPI [1]	result	9.68435952	0.00000512	0x08	0xFF
SPI [1]	result	9.68436480	0.00000512	0x00	0xFF
SPI [1]	result	9.68437008	0.00000512	0x88	0xFF
SPI [1]	result	9.68437536	0.00000512	0x32	0xFF
SPI [1]	result	9.72306709	0.00000512	0x00	0x00
SPI [1]	result	9.72307237	0.00000512	0x00	0x00
SPI [1]	result	9.72307765	0.00000512	0x08	0x00
SPI [1]	result	9.72308293	0.00000512	0x20	0x3F
SPI [1]	result	9.72349850	0.00000512	0x0F	0xFF
SPI [1]	result	9.72350378	0.00000512	0x10	0xFF
SPI [1]	result	9.72350906	0.00000512	0x80	0xFF
SPI [1]	result	9.72351434	0.00000512	0x1A	0xFF
SPI [1]	result	9.72391721	0.00000512	0x00	0xFF
SPI [1]	result	9.72392249	0.00000512	0x00	0xFF
SPI [1]	result	9.72392777	0.00000512	0x00	0xFF
SPI [1]	result	9.72393305	0.00000512	0x00	0xFF
SPI [1]	result	9.72433425	0.00000512	0x08	0xFF
SPI [1]	result	9.72433953	0.00000512	0x00	0xFF
SPI [1]	result	9.72434481	0.00000512	0x88	0xFF
SPI [1]	result	9.72435009	0.00000512	0x32	0xFF
SPI [1]	result	9.76306538	0.00000512	0x00	0x00
SPI [1]	result	9.76307066	0.00000512	0x00	0x00
SPI [1]	result	9.76307594	0.00000512	0x08	0x00
SPI [1]	result	9.76308122	0.00000512	0x20	0x3F
SPI [1]	result	9.76348734	0.00000512	0x08	0xFF
SPI [1]	result	9.76349262	0.00000512	0x10	0xFF
SPI [1]	result	9.76349790	0.00000512	0x80	0xFF
SPI [1]	result	9.76350318	0.00000512	0x22	0xFF
SPI [1]	result	9.76390532	0.00000512	0x00	0xFF
SPI [1]	result	9.76391060	0.00000512	0x00	0xFF
SPI [1]	result	9.76391588	0.00000512	0x09	0xFF
SPI [1]	result	9.76392116	0.00000512	0xA6	0xFF
SPI [1]	result	9.76432297	0.00000512	0x09	0xFF
SPI [1]	result	9.76432825	0.00000512	0x00	0xFF
SPI [1]	result	9.76433353	0.00000512	0x88	0xFF
SPI [1]	result	9.76433881	0.00000512	0x3A	0xFF
SPI [1]	result	9.76474001	0.00000512	0x00	0xFF
SPI [1]	result	9.76474529	0.00000512	0x00	0xFF
SPI [1]	result	9.76475057	0.00000512	0x00	0xFF
SPI [1]	result	9.76475585	0.00000512	0x00	0xFF
SPI [1]	result	9.76515844	0.00000512	0x08	0xFF
SPI [1]	result	9.76516372	0.00000512	0x00	0xFF
SPI [1]	result	9.76516900	0.00000512	0x89	0xFF
SPI [1]	result	9.76517428	0.00000512	0xB8	0xFF
SPI [1]	result	9.80306179	0.00000512	0x00	0x00
SPI [1]	result	9.80306707	0.00000512	0x00	0x00
SPI [1]	result	9.80307235	0.00000512	0x08	0x04
SPI [1]	result	9.80307763	0.00000512	0x20	0x3F
SPI [1]	result	9.80348159	0.00000512	0x0A	0xFF
SPI [1]	result	9.80348687	0.00000512	0x10	0xFF
SPI [1]	result	9.80349215	0.00000512	0x80	0xFF
SPI [1]	result	9.80349743	0.00000512	0x32	0xFF
SPI [1]	result	9.80389892	0.00000512	0x00	0xFF
SPI [1]	result	9.80390420	0.00000512	0x00	0xFF
SPI [1]	result	9.80390948	0.00000512	0x00	0xFF
SPI [1]	result	9.80391476	0.00000512	0x00	0xFF
SPI [1]	result	9.80431615	0.00000512	0x08	0xFF
SPI [1]	result	9.80432143	0.00000512	0x00	0xFF
SPI [1]	result	9.80432671	0.00000512	0x88	0xFF
SPI [1]	result	9.80433199	0.00000512	0x32	0xFF
SPI [1]	result	9.84306107	0.00000512	0x00	0x00
SPI [1]	result	9.84306635	0.00000512	0x00	0x00
SPI [1]	result	9.84307163	0.00000512	0x08	0x00
SPI [1]	result	9.84307691	0.00000512	0x20	0x3F
SPI [1]	result	9.84347800	0.00000512	0x0B	0xFF
SPI [1]	result	9.84348328	0.00000512	0x10	0xFF
SPI [1]	result	9.84348856	0.00000512	0x80	0xFF
SPI [1]	result	9.84349384	0.00000512	0x3A	0xFF
SPI [1]	result	9.84389491	0.00000512	0x00	0xFF
SPI [1]	result	9.84390019	0.00000512	0x00	0xFF
SPI [1]	result	9.84390547	0.00000512	0x00	0xFF
SPI [1]	result	9.84391075	0.00000512	0x00	0xFF
SPI [1]	result	9.84431180	0.00000512	0x08	0xFF
SPI [1]	result	9.84431708	0.00000512	0x00	0xFF
SPI [1]	result	9.84432236	0.00000512	0x88	0xFF
SPI [1]	result	9.84432764	0.00000512	0x32	0xFF
SPI [1]	result	9.88306288	0.00000512	0x00	0x00
SPI [1]	result	9.88306816	0.00000512	0x00	0x00
SPI [1]	result	9.88307344	0.00000512	0x08	0x04
SPI [1]	result	9.88307872	0.00000512	0x20	0x3F
SPI [1]	result	9.88348249	0.00000512	0x0C	0xFF
SPI [1]	result	9.88348777	0.00000512	0x10	0xFF
SPI [1]	result	9.88349305	0.00000512	0x80	0xFF
SPI [1]	result	9.88349833	0.00000512	0x02	0xFF
SPI [1]	result	9.88389969	0.00000512	0x00	0xFF
SPI [1]	result	9.88390497	0.00000512	0x00	0xFF
SPI [1]	result	9.88391025	0.00000512	0x09	0xFF
SPI [1]	result	9.88391553	0.00000512	0xA6	0xFF
SPI [1]	result	9.88431418	0.00000512	0x0D	0xFF
SPI [1]	result	9.88431946	0.00000512	0x00	0xFF
SPI [1]	result	9.88432474	0.00000512	0x88	0xFF
SPI [1]	result	9.88433002	0.00000512	0x1A	0xFF
SPI [1]	result	9.88473131	0.00000512	0x00	0xFF
SPI [1]	result	9.88473659	0.00000512	0x00	0xFF
SPI [1]	result	9.88474187	0.00000512	0x00	0xFF
SPI [1]	result	9.88474715	0.00000512	0x00	0xFF
SPI [1]	result	9.88514855	0.00000512	0x08	0xFF
SPI [1]	result	9.88515383	0.00000512	0x00	0xFF
SPI [1]	result	9.88515911	0.00000512	0x89	0xFF
SPI [1]	result	9.88516439	0.00000512	0xB8	0xFF
SPI [1]	result	9.92306418	0.00000512	0x00	0x00
SPI [1]	result	9.92306946	0.00000512	0x00	0x00
SPI [1]	result	9.92307474	0.00000512	0x08	0x00
SPI [1]	result	9.92308002	0.00000512	0x20	0x3F
SPI [1]	result	9.92349150	0.00000512	0x0E	0xFF
SPI [1]	result	9.92349678	0.00000512	0x10	0xFF
SPI [1]	result	9.92350206	0.00000512	0x80	0xFF
SPI [1]	result	9.92350734	0.00000512	0x12	0xFF
SPI [1]	result	9.92397170	0.00000512	0x00	0xFF
SPI [1]	result	9.92397698	0.00000512	0x00	0xFF
SPI [1]	result	9.92398226	0.00000512	0x00	0xFF
SPI [1]	result	9.92398754	0.00000512	0x00	0xFF
SPI [1]	result	9.92439567	0.00000512	0x08	0xFF
SPI [1]	result	9.92440095	0.00000512	0x00	0xFF
SPI [1]	result	9.92440623	0.00000512	0x88	0xFF
SPI [1]	result	9.92441151	0.00000512	0x32	0xFF
SPI [1]	result	9.96307754	0.00000512	0x00	0x00
SPI [1]	result	9.96308282	0.00000512	0x00	0x00
SPI [1]	result	9.96308810	0.00000512	0x08	0x04
SPI [1]	result	9.96309338	0.00000512	0x20	0x3F
SPI [1]	result	9.96354500	0.00000512	0x0F	0xFF
SPI [1]	result	9.96355028	0.00000512	0x10	0xFF
SPI [1]	result	9.96355556	0.00000512	0x80	0xFF
SPI [1]	result	9.96356084	0.00000512	0x1A	0xFF
SPI [1]	result	9.96396552	0.00000512	0x00	0xFF
SPI [1]	result	9.96397080	0.00000512	0x00	0xFF
SPI [1]	result	9.96397608	0.00000512	0x00	0xFF
SPI [1]	result	9.96398136	0.00000512	0x00	0xFF
SPI [1]	result	9.96438260	0.00000512	0x08	0xFF
SPI [1]	result	9.96438788	0.00000512	0x00	0xFF
SPI [1]	result	9.96439316	0.00000512	0x88	0xFF
SPI [1]	result	9.96439844	0.00000512	0x32	0xFF
SPI [1]	result	10.00308090	0.00000512	0x00	0x00
SPI [1]	result	10.00308618	0.00000512	0x00	0x00
SPI [1]	result	10.00309146	0.00000512	0x08	0x04
SPI [1]	result	10.00309674	0.00000512	0x20	0x3F
SPI [1]	result	10.00354754	0.00000512	0x08	0xFF
SPI [1]	result	10.00355282	0.00000512	0x10	0xFF
SPI [1]	result	10.00355810	0.00000512	0x80	0xFF
SPI [1]	result	10.00356338	0.00000512	0x22	0xFF
SPI [1]	result	10.00396812	0.00000512	0x00	0xFF
SPI [1]	result	10.00397340	0.00000512	0x00	0xFF
SPI [1]	result	10.00397868	0.00000512	0x09	0xFF
SPI [1]	result	10.00398396	0.00000512	0xA6	0xFF
SPI [1]	result	10.00438592	0.00000512	0x09	0xFF
SPI [1]	result	10.00439120	0.00000512	0x00	0xFF
SPI [1]	result	10.00439648	0.00000512	0x88	0xFF
SPI [1]	result	10.00440176	0.00000512	0x3A	0xFF
SPI [1]	result	10.00480455	0.00000512	0x00	0xFF
SPI [1]	result	10.00480983	0.00000512	0x00	0xFF
SPI [1]	result	10.00481511	0.00000512	0x00	0xFF
SPI [1]	result	10.00482039	0.00000512	0x00	0xFF
SPI [1]	result	10.00522249	0.00000512	0x08	0xFF
SPI [1]	result	10.00522777	0.00000512	0x00	0xFF
SPI [1]	result	10.00523305	0.00000512	0x89	0xFF
SPI [1]	result	10.00523833	0.00000512	0xB8	0xFF
SPI [1]	result	10.04307735	0.00000512	0x00	0x00
SPI [1]	result	10.04308263	0.00000512	0x00	0x00
SPI [1]	result	10.04308791	0.00000512	0x08	0x00
SPI [1]	result	10.04309319	0.00000512	0x20	0x3F
SPI [1]	result	10.04353824	0.00000512	0x0A	0xFF
SPI [1]	result	10.04354352	0.00000512	0x10	0xFF
SPI [1]	result	10.04354880	0.00000512	0x80	0xFF
SPI [1]	result	10.04355408	0.00000512	0x32	0xFF
SPI [1]	result	10.04396451	0.00000512	0x00	0xFF
SPI [1]	result	10.04396979	0.00000512	0x00	0xFF
SPI [1]	result	10.04397507	0.00000512	0x00	0xFF
SPI [1]	result	10.04398035	0.00000512	0x00	0xFF
SPI [1]	result	10.04440515	0.00000512	0x08	0xFF
SPI [1]	result	10.04441043	0.00000512	0x00	0xFF
SPI [1]	result	10.04441571	0.00000512	0x88	0xFF
SPI [1]	result	10.04442099	0.00000512	0x32	0xFF
SPI [1]	result	10.08307748	0.00000512	0x00	0x00
SPI [1]	result	10.08308276	0.00000512	0x00	0x00
SPI [1]	result	10.08308804	0.00000512	0x08	0x06
SPI [1]	result	10.08309332	0.00000512	0x20	0x3F
SPI [1]	result	10.08354565	0.00000512	0x0B	0xFF
SPI [1]	result	10.08355093	0.00000512	0x10	0xFF
SPI [1]	result	10.08355621	0.00000512	0x80	0xFF
SPI [1]	result	10.08356149	0.00000512	0x3A	0xFF
SPI [1]	result	10.08396523	0.00000512	0x00	0xFF
SPI [1]	result	10.08397051	0.00000512	0x00	0xFF
SPI [1]	result	10.08397579	0.00000512	0x00	0xFF
SPI [1]	result	10.08398107	0.00000512	0x00	0xFF
SPI [1]	result	10.08438330	0.00000512	0x08	0xFF
SPI [1]	result	10.08438858	0.00000512	0x00	0xFF
SPI [1]	result	10.08439386	0.00000512	0x88	0xFF
SPI [1]	result	10.08439914	0.00000512	0x32	0xFF
SPI [1]	result	10.12307056	0.00000512	0x00	0x00
SPI [1]	result	10.12307584	0.00000512	0x00	0x00
SPI [1]	result	10.12308112	0.00000512	0x08	0x00
SPI [1]	result	10.12308640	0.00000512	0x20	0x3F
SPI [1]	result	10.12350777	0.00000512	0x0C	0xFF
SPI [1]	result	10.12351305	0.00000512	0x10	0xFF
SPI [1]	result	10.12351833	0.00000512	0x80	0xFF
SPI [1]	result	10.12352361	0.00000512	0x02	0xFF
SPI [1]	result	10.12392553	0.00000512	0x00	0xFF
SPI [1]	result	10.12393081	0.00000512	0x00	0xFF
SPI [1]	result	10.12393609	0.00000512	0x09	0xFF
SPI [1]	result	10.12394137	0.00000512	0xA6	0xFF
SPI [1]	result	10.12434370	0.00000512	0x0D	0xFF
SPI [1]	result	10.12434898	0.00000512	0x00	0xFF
SPI [1]	result	10.12435426	0.00000512	0x88	0xFF
SPI [1]	result	10.12435954	0.00000512	0x1A	0xFF
SPI [1]	result	10.12475996	0.00000512	0x00	0xFF
SPI [1]	result	10.12476524	0.00000512	0x00	0xFF
SPI [1]	result	10.12477052	0.00000512	0x00	0xFF
SPI [1]	result	10.12477580	0.00000512	0x00	0xFF
SPI [1]	result	10.12517518	0.00000512	0x08	0xFF
SPI [1]	result	10.12518046	0.00000512	0x00	0xFF
SPI [1]	result	10.12518574	0.00000512	0x89	0xFF
SPI [1]	result	10.12519102	0.00000512	0xB8	0xFF
SPI [1]	result	10.16306996	0.00000512	0x00	0x00
SPI [1]	result	10.16307524	0.00000512	0x00	0x00
SPI [1]	result	10.16308052	0.00000512	0x08	0x04
SPI [1]	result	10.16308580	0.00000512	0x20	0x3F
SPI [1]	result	10.16350824	0.00000512	0x0E	0xFF
SPI [1]	result	10.16351352	0.00000512	0x10	0xFF
SPI [1]	result	10.16351880	0.00000512	0x80	0xFF
SPI [1]	result	10.16352408	0.00000512	0x12	0xFF
SPI [1]	result	10.16392509	0.00000512	0x00	0xFF
SPI [1]	result	10.16393037	0.00000512	0x00	0xFF
SPI [1]	result	10.16393565	0.00000512	0x00	0xFF
SPI [1]	result	10.16394093	0.00000512	0x00	0xFF
SPI [1]	result	10.16434159	0.00000512	0x08	0xFF
SPI [1]	result	10.16434687	0.00000512	0x00	0xFF
SPI [1]	result	10.16435215	0.00000512	0x88	0xFF
SPI [1]	result	10.16435743	0.00000512	0x32	0xFF
SPI [1]	result	10.20306230	0.00000512	0x00	0x00
SPI [1]	result	10.20306758	0.00000512	0x00	0x00
SPI [1]	result	10.20307286	0.00000512	0x08	0x00
SPI [1]	result	10.20307814	0.00000512	0x20	0x3F
SPI [1]	result	10.20348150	0.00000512	0x0F	0xFF
SPI [1]	result	10.20348678	0.00000512	0x10	0xFF
SPI [1]	result	10.20349206	0.00000512	0x80	0xFF
SPI [1]	result	10.20349734	0.00000512	0x1A	0xFF
SPI [1]	result	10.20389789	0.00000512	0x00	0xFF
SPI [1]	result	10.20390317	0.00000512	0x00	0xFF
SPI [1]	result	10.20390845	0.00000512	0x00	0xFF
SPI [1]	result	10.20391373	0.00000512	0x00	0xFF
SPI [1]	result	10.20431332	0.00000512	0x08	0xFF
SPI [1]	result	10.20431860	0.00000512	0x00	0xFF
SPI [1]	result	10.20432388	0.00000512	0x88	0xFF
SPI [1]	result	10.20432916	0.00000512	0x32	0xFF
SPI [1]	result	10.24306380	0.00000512	0x00	0x00
SPI [1]	result	10.24306908	0.00000512	0x00	0x00
SPI [1]	result	10.24307436	0.00000512	0x08	0x00
SPI [1]	result	10.24307964	0.00000512	0x20	0x3F
SPI [1]	result	10.24348342	0.00000512	0x08	0xFF
SPI [1]	result	10.24348870	0.00000512	0x10	0xFF
SPI [1]	result	10.24349398	0.00000512	0x80	0xFF
SPI [1]	result	10.24349926	0.00000512	0x22	0xFF
SPI [1]	result	10.24390119	0.00000512	0x00	0xFF
SPI [1]	result	10.24390647	0.00000512	0x00	0xFF
SPI [1]	result	10.24391175	0.00000512	0x09	0xFF
SPI [1]	result	10.24391703	0.00000512	0xA6	0xFF
SPI [1]	result	10.24431934	0.00000512	0x09	0xFF
SPI [1]	result	10.24432462	0.00000512	0x00	0xFF
SPI [1]	result	10.24432990	0.00000512	0x88	0xFF
SPI [1]	result	10.24433518	0.00000512	0x3A	0xFF
SPI [1]	result	10.24473403	0.00000512	0x00	0xFF
SPI [1]	result	10.24473931	0.00000512	0x00	0xFF
SPI [1]	result	10.24474459	0.00000512	0x00	0xFF
SPI [1]	result	10.24474987	0.00000512	0x00	0xFF
SPI [1]	result	10.24515231	0.00000512	0x08	0xFF
SPI [1]	result	10.24515759	0.00000512	0x00	0xFF
SPI [1]	result	10.24516287	0.00000512	0x89	0xFF
SPI [1]	result	10.24516815	0.00000512	0xB8	0xFF
SPI [1]	result	10.28306116	0.00000512	0x00	0x00
SPI [1]	result	10.28306644	0.00000512	0x00	0x00
SPI [1]	result	10.28307172	0.00000512	0x08	0x04
SPI [1]	result	10.28307700	0.00000512	0x20	0x3F
SPI [1]	result	10.28347775	0.00000512	0x0A	0xFF
SPI [1]	result	10.28348303	0.00000512	0x10	0xFF
SPI [1]	result	10.28348831	0.00000512	0x80	0xFF
SPI [1]	result	10.28349359	0.00000512	0x32	0xFF
SPI [1]	result	10.28389546	0.00000512	0x00	0xFF
SPI [1]	result	10.28390074	0.00000512	0x00	0xFF
SPI [1]	result	10.28390602	0.00000512	0x00	0xFF
SPI [1]	result	10.28391130	0.00000512	0x00	0xFF
SPI [1]	result	10.28436757	0.00000512	0x08	0xFF
SPI [1]	result	10.28437285	0.00000512	0x00	0xFF
SPI [1]	result	10.28437813	0.00000512	0x88	0xFF
SPI [1]	result	10.28438341	0.00000512	0x32	0xFF
SPI [1]	result	10.32306252	0.00000512	0x00	0x00
SPI [1]	result	10.32306780	0.00000512	0x00	0x00
SPI [1]	result	10.32307308	0.00000512	0x08	0x00
SPI [1]	result	10.32307836	0.00000512	0x20	0x3F
SPI [1]	result	10.32348435	0.00000512	0x0B	0xFF
SPI [1]	result	10.32348963	0.00000512	0x10	0xFF
SPI [1]	result	10.32349491	0.00000512	0x80	0xFF
SPI [1]	result	10.32350019	0.00000512	0x3A	0xFF
SPI [1]	result	10.32389945	0.00000512	0x00	0xFF
SPI [1]	result	10.32390473	0.00000512	0x00	0xFF
SPI [1]	result	10.32391001	0.00000512	0x00	0xFF
SPI [1]	result	10.32391529	0.00000512	0x00	0xFF
SPI [1]	result	10.32431599	0.00000512	0x08	0xFF
SPI [1]	result	10.32432127	0.00000512	0x00	0xFF
SPI [1]	result	10.32432655	0.00000512	0x88	0xFF
SPI [1]	result	10.32433183	0.00000512	0x32	0xFF
SPI [1]	result	10.36306469	0.00000512	0x00	0x00
SPI [1]	result	10.36306997	0.00000512	0x00	0x00
SPI [1]	result	10.36307525	0.00000512	0x08	0x04
SPI [1]	result	10.36308053	0.00000512	0x20	0x3F
SPI [1]	result	10.36348473	0.00000512	0x0C	0xFF
SPI [1]	result	10.36349001	0.00000512	0x10	0xFF
SPI [1]	result	10.36349529	0.00000512	0x80	0xFF
SPI [1]	result	10.36350057	0.00000512	0x02	0xFF
SPI [1]	result	10.36390240	0.00000512	0x00	0xFF
SPI [1]	result	10.36390768	0.00000512	0x00	0xFF
SPI [1]	result	10.36391296	0.00000512	0x09	0xFF
SPI [1]	result	10.36391824	0.00000512	0xA6	0xFF
SPI [1]	result	10.36432079	0.00000512	0x0D	0xFF
SPI [1]	result	10.36432607	0.00000512	0x00	0xFF
SPI [1]	result	10.36433135	0.00000512	0x88	0xFF
SPI [1]	result	10.36433663	0.00000512	0x1A	0xFF
SPI [1]	result	10.36473810	0.00000512	0x00	0xFF
SPI [1]	result	10.36474338	0.00000512	0x00	0xFF
SPI [1]	result	10.36474866	0.00000512	0x00	0xFF
SPI [1]	result	10.36475394	0.00000512	0x00	0xFF
SPI [1]	result	10.36527659	0.00000512	0x08	0xFF
SPI [1]	result	10.36528187	0.00000512	0x00	0xFF
SPI [1]	result	10.36528715	0.00000512	0x89	0xFF
SPI [1]	result	10.36529243	0.00000512	0xB8	0xFF
SPI [1]	result	10.40307614	0.00000512	0x00	0x00
SPI [1]	result	10.40308142	0.00000512	0x00	0x00
SPI [1]	result	10.40308670	0.00000512	0x08	0x00
SPI [1]	result	10.40309198	0.00000512	0x20	0x3F
SPI [1]	result	10.40353398	0.00000512	0x0E	0xFF
SPI [1]	result	10.40353926	0.00000512	0x10	0xFF
SPI [1]	result	10.40354454	0.00000512	0x80	0xFF
SPI [1]	result	10.40354982	0.00000512	0x12	0xFF
SPI [1]	result	10.40395420	0.00000512	0x00	0xFF
SPI [1]	result	10.40395948	0.00000512	0x00	0xFF
SPI [1]	result	10.40396476	0.00000512	0x00	0xFF
SPI [1]	result	10.40397004	0.00000512	0x00	0xFF
SPI [1]	result	10.40437255	0.00000512	0x08	0xFF
SPI [1]	result	10.40437783	0.00000512	0x00	0xFF
SPI [1]	result	10.40438311	0.00000512	0x88	0xFF
SPI [1]	result	10.40438839	0.00000512	0x32	0xFF
SPI [1]	result	10.44307819	0.00000512	0x00	0x00
SPI [1]	result	10.44308347	0.00000512	0x00	0x00
SPI [1]	result	10.44308875	0.00000512	0x08	0x00
SPI [1]	result	10.44309403	0.00000512	0x20	0x3F
SPI [1]	result	10.44608660	0.00000512	0x0F	0xFF
SPI [1]	result	10.44609188	0.00000512	0x10	0xFF
SPI [1]	result	10.44609716	0.00000512	0x80	0xFF
SPI [1]	result	10.44610244	0.00000512	0x1A	0xFF
SPI [1]	result	10.44664442	0.00000512	0x00	0xFF
SPI [1]	result	10.44664970	0.00000512	0x00	0xFF
SPI [1]	result	10.44665498	0.00000512	0x00	0xFF
SPI [1]	result	10.44666026	0.00000512	0x00	0xFF
SPI [1]	result	10.44714051	0.00000512	0x08	0xFF
SPI [1]	result	10.44714579	0.00000512	0x00	0xFF
SPI [1]	result	10.44715107	0.00000512	0x88	0xFF
SPI [1]	result	10.44715635	0.00000512	0x32	0xFF
SPI [1]	result	10.48308151	0.00000512	0x00	0x00
SPI [1]	result	10.48308679	0.00000512	0x00	0x00
SPI [1]	result	10.48309207	0.00000512	0x08	0x06
SPI [1]	result	10.48309735	0.00000512	0x20	0x3F
SPI [1]	result	10.48358447	0.00000512	0x08	0xFF
SPI [1]	result	10.48358975	0.00000512	0x10	0xFF
SPI [1]	result	10.48359503	0.00000512	0x80	0xFF
SPI [1]	result	10.48360031	0.00000512	0x22	0xFF
SPI [1]	result	10.48406793	0.00000512	0x00	0xFF
SPI [1]	result	10.48407321	0.00000512	0x00	0xFF
SPI [1]	result	10.48407849	0.00000512	0x09	0xFF
SPI [1]	result	10.48408377	0.00000512	0xA6	0xFF
SPI [1]	result	10.48454633	0.00000512	0x09	0xFF
SPI [1]	result	10.48455161	0.00000512	0x00	0xFF
SPI [1]	result	10.48455689	0.00000512	0x88	0xFF
SPI [1]	result	10.48456217	0.00000512	0x3A	0xFF
SPI [1]	result	10.48503307	0.00000512	0x00	0xFF
SPI [1]	result	10.48503835	0.00000512	0x00	0xFF
SPI [1]	result	10.48504363	0.00000512	0x00	0xFF
SPI [1]	result	10.48504891	0.00000512	0x00	0xFF
SPI [1]	result	10.48551216	0.00000512	0x08	0xFF
SPI [1]	result	10.48551744	0.00000512	0x00	0xFF
SPI [1]	result	10.48552272	0.00000512	0x89	0xFF
SPI [1]	result	10.48552800	0.00000512	0xB8	0xFF
SPI [1]	result	10.52307784	0.00000512	0x00	0x00
SPI [1]	result	10.52308312	0.00000512	0x00	0x00
SPI [1]	result	10.52308840	0.00000512	0x08	0x04
SPI [1]	result	10.52309368	0.00000512	0x20	0x3F
SPI [1]	result	10.52376950	0.00000512	0x0A	0xFF
SPI [1]	result	10.52377478	0.00000512	0x10	0xFF
SPI [1]	result	10.52378006	0.00000512	0x80	0xFF
SPI [1]	result	10.52378534	0.00000512	0x32	0xFF
SPI [1]	result	10.52422300	0.00000512	0x00	0xFF
SPI [1]	result	10.52422828	0.00000512	0x00	0xFF
SPI [1]	result	10.52423356	0.00000512	0x00	0xFF
SPI [1]	result	10.52423884	0.00000512	0x00	0xFF
SPI [1]	result	10.52465157	0.00000512	0x08	0xFF
SPI [1]	result	10.52465685	0.00000512	0x00	0xFF
SPI [1]	result	10.52466213	0.00000512	0x88	0xFF
SPI [1]	result	10.52466741	0.00000512	0x32	0xFF
SPI [1]	result	10.56307422	0.00000512	0x00	0x00
SPI [1]	result	10.56307950	0.00000512	0x00	0x00
SPI [1]	result	10.56308478	0.00000512	0x08	0x00
SPI [1]	result	10.56309006	0.00000512	0x20	0x3F
SPI [1]	result	10.56352208	0.00000512	0x0B	0xFF
SPI [1]	result	10.56352736	0.00000512	0x10	0xFF
SPI [1]	result	10.56353264	0.00000512	0x80	0xFF
SPI [1]	result	10.56353792	0.00000512	0x3A	0xFF
SPI [1]	result	10.56393182	0.00000512	0x00	0xFF
SPI [1]	result	10.56393710	0.00000512	0x00	0xFF
SPI [1]	result	10.56394238	0.00000512	0x00	0xFF
SPI [1]	result	10.56394766	0.00000512	0x00	0xFF
SPI [1]	result	10.56434134	0.00000512	0x08	0xFF
SPI [1]	result	10.56434662	0.00000512	0x00	0xFF
SPI [1]	result	10.56435190	0.00000512	0x88	0xFF
SPI [1]	result	10.56435718	0.00000512	0x32	0xFF
SPI [1]	result	10.60306367	0.00000512	0x00	0x00
SPI [1]	result	10.60306895	0.00000512	0x00	0x00
SPI [1]	result	10.60307423	0.00000512	0x08	0x00
SPI [1]	result	10.60307951	0.00000512	0x20	0x3F
SPI [1]	result	10.60347441	0.00000512	0x0C	0xFF
SPI [1]	result	10.60347969	0.00000512	0x10	0xFF
SPI [1]	result	10.60348497	0.00000512	0x80	0xFF
SPI [1]	result	10.60349025	0.00000512	0x02	0xFF
SPI [1]	result	10.60388193	0.00000512	0x00	0xFF
SPI [1]	result	10.60388721	0.00000512	0x00	0xFF
SPI [1]	result	10.60389249	0.00000512	0x09	0xFF
SPI [1]	result	10.60389777	0.00000512	0xA6	0xFF
SPI [1]	result	10.60428995	0.00000512	0x0D	0xFF
SPI [1]	result	10.60429523	0.00000512	0x00	0xFF
SPI [1]	result	10.60430051	0.00000512	0x88	0xFF
SPI [1]	result	10.60430579	0.00000512	0x1A	0xFF
SPI [1]	result	10.60469775	0.00000512	0x00	0xFF
SPI [1]	result	10.60470303	0.00000512	0x00	0xFF
SPI [1]	result	10.60470831	0.00000512	0x00	0xFF
SPI [1]	result	10.60471359	0.00000512	0x00	0xFF
SPI [1]	result	10.60510761	0.00000512	0x08	0xFF
SPI [1]	result	10.60511289	0.00000512	0x00	0xFF
SPI [1]	result	10.60511817	0.00000512	0x89	0xFF
SPI [1]	result	10.60512345	0.00000512	0xB8	0xFF
SPI [1]	result	10.64306812	0.00000512	0x00	0x00
SPI [1]	result	10.64307340	0.00000512	0x00	0x00
SPI [1]	result	10.64307868	0.00000512	0x08	0x00
SPI [1]	result	10.64308396	0.00000512	0x20	0x3F
SPI [1]	result	10.64350214	0.00000512	0x0E	0xFF
SPI [1]	result	10.64350742	0.00000512	0x10	0xFF
SPI [1]	result	10.64351270	0.00000512	0x80	0xFF
SPI [1]	result	10.64351798	0.00000512	0x12	0xFF
SPI [1]	result	10.64391113	0.00000512	0x00	0xFF
SPI [1]	result	10.64391641	0.00000512	0x00	0xFF
SPI [1]	result	10.64392169	0.00000512	0x00	0xFF
SPI [1]	result	10.64392697	0.00000512	0x00	0xFF
SPI [1]	result	10.64437593	0.00000512	0x08	0xFF
SPI [1]	result	10.64438121	0.00000512	0x00	0xFF
SPI [1]	result	10.64438649	0.00000512	0x88	0xFF
SPI [1]	result	10.64439177	0.00000512	0x32	0xFF
SPI [1]	result	10.68306504	0.00000512	0x00	0x00
SPI [1]	result	10.68307032	0.00000512	0x00	0x00
SPI [1]	result	10.68307560	0.00000512	0x08	0x04
SPI [1]	result	10.68308088	0.00000512	0x20	0x3F
SPI [1]	result	10.68349060	0.00000512	0x0F	0xFF
SPI [1]	result	10.68349588	0.00000512	0x10	0xFF
SPI [1]	result	10.68350116	0.00000512	0x80	0xFF
SPI [1]	result	10.68350644	0.00000512	0x1A	0xFF
SPI [1]	result	10.68389895	0.00000512	0x00	0xFF
SPI [1]	result	10.68390423	0.00000512	0x00	0xFF
SPI [1]	result	10.68390951	0.00000512	0x00	0xFF
SPI [1]	result	10.68391479	0.00000512	0x00	0xFF
SPI [1]	result	10.68430680	0.00000512	0x08	0xFF
SPI [1]	result	10.68431208	0.00000512	0x00	0xFF
SPI [1]	result	10.68431736	0.00000512	0x88	0xFF
SPI [1]	result	10.68432264	0.00000512	0x32	0xFF
SPI [1]	result	10.72306288	0.00000512	0x00	0x00
SPI [1]	result	10.72306816	0.00000512	0x00	0x00
SPI [1]	result	10.72307344	0.00000512	0x08	0x00
SPI [1]	result	10.72307872	0.00000512	0x20	0x3F
SPI [1]	result	10.72347474	0.00000512	0x08	0xFF
SPI [1]	result	10.72348002	0.00000512	0x10	0xFF
SPI [1]	result	10.72348530	0.00000512	0x80	0xFF
SPI [1]	result	10.72349058	0.00000512	0x22	0xFF
SPI [1]	result	10.72388229	0.00000512	0x00	0xFF
SPI [1]	result	10.72388757	0.00000512	0x00	0xFF
SPI [1]	result	10.72389285	0.00000512	0x09	0xFF
SPI [1]	result	10.72389813	0.00000512	0xA6	0xFF
SPI [1]	result	10.72429033	0.00000512	0x09	0xFF
SPI [1]	result	10.72429561	0.00000512	0x00	0xFF
SPI [1]	result	10.72430089	0.00000512	0x88	0xFF
SPI [1]	result	10.72430617	0.00000512	0x3A	0xFF
SPI [1]	result	10.72469741	0.00000512	0x00	0xFF
SPI [1]	result	10.72470269	0.00000512	0x00	0xFF
SPI [1]	result	10.72470797	0.00000512	0x00	0xFF
SPI [1]	result	10.72471325	0.00000512	0x00	0xFF
SPI [1]	result	10.72510831	0.00000512	0x08	0xFF
SPI [1]	result	10.72511359	0.00000512	0x00	0xFF
SPI [1]	result	10.72511887	0.00000512	0x89	0xFF
SPI [1]	result	10.72512415	0.00000512	0xB8	0xFF
SPI [1]	result	10.76306187	0.00000512	0x00	0x00
SPI [1]	result	10.76306715	0.00000512	0x00	0x00
SPI [1]	result	10.76307243	0.00000512	0x08	0x04
SPI [1]	result	10.76307771	0.00000512	0x20	0x3F
SPI [1]	result	10.76347348	0.00000512	0x0A	0xFF
SPI [1]	result	10.76347876	0.00000512	0x10	0xFF
SPI [1]	result	10.76348404	0.00000512	0x80	0xFF
SPI [1]	result	10.76348932	0.00000512	0x32	0xFF
SPI [1]	result	10.76388236	0.00000512	0x00	0xFF
SPI [1]	result	10.76388764	0.00000512	0x00	0xFF
SPI [1]	result	10.76389292	0.00000512	0x00	0xFF
SPI [1]	result	10.76389820	0.00000512	0x00	0xFF
SPI [1]	result	10.76429006	0.00000512	0x08	0xFF
SPI [1]	result	10.76429534	0.00000512	0x00	0xFF
SPI [1]	result	10.76430062	0.00000512	0x88	0xFF
SPI [1]	result	10.76430590	0.00000512	0x32	0xFF
SPI [1]	result	10.80306768	0.00000512	0x00	0x00
SPI [1]	result	10.80307296	0.00000512	0x00	0x00
SPI [1]	result	10.80307824	0.00000512	0x08	0x00
SPI [1]	result	10.80308352	0.00000512	0x20	0x3F
SPI [1]	result	10.80350223	0.00000512	0x0B	0xFF
SPI [1]	result	10.80350751	0.00000512	0x10	0xFF
SPI [1]	result	10.80351279	0.00000512	0x80	0xFF
SPI [1]	result	10.80351807	0.00000512	0x3A	0xFF
SPI [1]	result	10.80391109	0.00000512	0x00	0xFF
SPI [1]	result	10.80391637	0.00000512	0x00	0xFF
SPI [1]	result	10.80392165	0.00000512	0x00	0xFF
SPI [1]	result	10.80392693	0.00000512	0x00	0xFF
SPI [1]	result	10.80431879	0.00000512	0x08	0xFF
SPI [1]	result	10.80432407	0.00000512	0x00	0xFF
SPI [1]	result	10.80432935	0.00000512	0x88	0xFF
SPI [1]	result	10.80433463	0.00000512	0x32	0xFF
SPI [1]	result	10.84306294	0.00000512	0x00	0x00
SPI [1]	result	10.84306822	0.00000512	0x00	0x00
SPI [1]	result	10.84307350	0.00000512	0x08	0x00
SPI [1]	result	10.84307878	0.00000512	0x20	0x3F
SPI [1]	result	10.84347200	0.00000512	0x0C	0xFF
SPI [1]	result	10.84347728	0.00000512	0x10	0xFF
SPI [1]	result	10.84348256	0.00000512	0x80	0xFF
SPI [1]	result	10.84348784	0.00000512	0x02	0xFF
SPI [1]	result	10.84387950	0.00000512	0x00	0xFF
SPI [1]	result	10.84388478	0.00000512	0x00	0xFF
SPI [1]	result	10.84389006	0.00000512	0x09	0xFF
SPI [1]	result	10.84389534	0.00000512	0xA6	0xFF
SPI [1]	result	10.84428691	0.00000512	0x0D	0xFF
SPI [1]	result	10.84429219	0.00000512	0x00	0xFF
SPI [1]	result	10.84429747	0.00000512	0x88	0xFF
SPI [1]	result	10.84430275	0.00000512	0x1A	0xFF
SPI [1]	result	10.84469558	0.00000512	0x00	0xFF
SPI [1]	result	10.84470086	0.00000512	0x00	0xFF
SPI [1]	result	10.84470614	0.00000512	0x00	0xFF
SPI [1]	result	10.84471142	0.00000512	0x00	0xFF
SPI [1]	result	10.84509915	0.00000512	0x08	0xFF
SPI [1]	result	10.84510443	0.00000512	0x00	0xFF
SPI [1]	result	10.84510971	0.00000512	0x89	0xFF
SPI [1]	result	10.84511499	0.00000512	0xB8	0xFF
SPI [1]	result	10.88306016	0.00000512	0x00	0x00
SPI [1]	result	10.88306544	0.00000512	0x00	0x00
SPI [1]	result	10.88307072	0.00000512	0x08	0x04
SPI [1]	result	10.88307600	0.00000512	0x20	0x3F
SPI [1]	result	10.88346669	0.00000512	0x0E	0xFF
SPI [1]	result	10.88347197	0.00000512	0x10	0xFF
SPI [1]	result	10.88347725	0.00000512	0x80	0xFF
SPI [1]	result	10.88348253	0.00000512	0x12	0xFF
SPI [1]	result	10.88387401	0.00000512	0x00	0xFF
SPI [1]	result	10.88387929	0.00000512	0x00	0xFF
SPI [1]	result	10.88388457	0.00000512	0x00	0xFF
SPI [1]	result	10.88388985	0.00000512	0x00	0xFF
SPI [1]	result	10.88428112	0.00000512	0x08	0xFF
SPI [1]	result	10.88428640	0.00000512	0x00	0xFF
SPI [1]	result	10.88429168	0.00000512	0x88	0xFF
SPI [1]	result	10.88429696	0.00000512	0x32	0xFF
SPI [1]	result	10.92306055	0.00000512	0x00	0x00
SPI [1]	result	10.92306583	0.00000512	0x00	0x00
SPI [1]	result	10.92307111	0.00000512	0x08	0x00
SPI [1]	result	10.92307639	0.00000512	0x20	0x3F
SPI [1]	result	10.92347053	0.00000512	0x0F	0xFF
SPI [1]	result	10.92347581	0.00000512	0x10	0xFF
SPI [1]	result	10.92348109	0.00000512	0x80	0xFF
SPI [1]	result	10.92348637	0.00000512	0x1A	0xFF
SPI [1]	result	10.92387776	0.00000512	0x00	0xFF
SPI [1]	result	10.92388304	0.00000512	0x00	0xFF
SPI [1]	result	10.92388832	0.00000512	0x00	0xFF
SPI [1]	result	10.92389360	0.00000512	0x00	0xFF
SPI [1]	result	10.92428530	0.00000512	0x08	0xFF
SPI [1]	result	10.92429058	0.00000512	0x00	0xFF
SPI [1]	result	10.92429586	0.00000512	0x88	0xFF
SPI [1]	result	10.92430114	0.00000512	0x32	0xFF
SPI [1]	result	10.96306304	0.00000512	0x00	0x00
SPI [1]	result	10.96306832	0.00000512	0x00	0x00
SPI [1]	result	10.96307360	0.00000512	0x08	0x00
SPI [1]	result	10.96307888	0.00000512	0x20	0x3F
SPI [1]	result	10.96347784	0.00000512	0x08	0xFF
SPI [1]	result	10.96348312	0.00000512	0x10	0xFF
SPI [1]	result	10.96348840	0.00000512	0x80	0xFF
SPI [1]	result	10.96349368	0.00000512	0x22	0xFF
SPI [1]	result	10.96388582	0.00000512	0x00	0xFF
SPI [1]	result	10.96389110	0.00000512	0x00	0xFF
SPI [1]	result	10.96389638	0.00000512	0x09	0xFF
SPI [1]	result	10.96390166	0.00000512	0xA6	0xFF
SPI [1]	result	10.96429082	0.00000512	0x09	0xFF
SPI [1]	result	10.96429610	0.00000512	0x00	0xFF
SPI [1]	result	10.96430138	0.00000512	0x88	0xFF
SPI [1]	result	10.96430666	0.00000512	0x3A	0xFF
SPI [1]	result	10.96469871	0.00000512	0x00	0xFF
SPI [1]	result	10.96470399	0.00000512	0x00	0xFF
SPI [1]	result	10.96470927	0.00000512	0x00	0xFF
SPI [1]	result	10.96471455	0.00000512	0x00	0xFF
SPI [1]	result	10.96510662	0.00000512	0x08	0xFF
SPI [1]	result	10.96511190	0.00000512	0x00	0xFF
SPI [1]	result	10.96511718	0.00000512	0x89	0xFF
SPI [1]	result	10.96512246	0.00000512	0xB8	0xFF
SPI [1]	result	11.00306222	0.00000512	0x00	0x00
SPI [1]	result	11.00306750	0.00000512	0x00	0x00
SPI [1]	result	11.00307278	0.00000512	0x08	0x00
SPI [1]	result	11.00307806	0.00000512	0x20	0x3F
SPI [1]	result	11.00347590	0.00000512	0x0A	0xFF
SPI [1]	result	11.00348118	0.00000512	0x10	0xFF
SPI [1]	result	11.00348646	0.00000512	0x80	0xFF
SPI [1]	result	11.00349174	0.00000512	0x32	0xFF
SPI [1]	result	11.00388442	0.00000512	0x00	0xFF
SPI [1]	result	11.00388970	0.00000512	0x00	0xFF
SPI [1]	result	11.00389498	0.00000512	0x00	0xFF
SPI [1]	result	11.00390026	0.00000512	0x00	0xFF
SPI [1]	result	11.00429159	0.00000512	0x08	0xFF
SPI [1]	result	11.00429687	0.00000512	0x00	0xFF
SPI [1]	result	11.00430215	0.00000512	0x88	0xFF
SPI [1]	result	11.00430743	0.00000512	0x32	0xFF
SPI [1]	result	11.04306117	0.00000512	0x00	0x00
SPI [1]	result	11.04306645	0.00000512	0x00	0x00
SPI [1]	result	11.04307173	0.00000512	0x08	0x00
SPI [1]	result	11.04307701	0.00000512	0x20	0x3F
SPI [1]	result	11.04347482	0.00000512	0x0B	0xFF
SPI [1]	result	11.04348010	0.00000512	0x10	0xFF
SPI [1]	result	11.04348538	0.00000512	0x80	0xFF
SPI [1]	result	11.04349066	0.00000512	0x3A	0xFF
SPI [1]	result	11.04388567	0.00000512	0x00	0xFF
SPI [1]	result	11.04389095	0.00000512	0x00	0xFF
SPI [1]	result	11.04389623	0.00000512	0x00	0xFF
SPI [1]	result	11.04390151	0.00000512	0x00	0xFF
SPI [1]	result	11.04429904	0.00000512	0x08	0xFF
SPI [1]	result	11.04430432	0.00000512	0x00	0xFF
SPI [1]	result	11.04430960	0.00000512	0x88	0xFF
SPI [1]	result	11.04431488	0.00000512	0x32	0xFF
SPI [1]	result	11.08306675	0.00000512	0x00	0x00
SPI [1]	result	11.08307203	0.00000512	0x00	0x00
SPI [1]	result	11.08307731	0.00000512	0x08	0x04
SPI [1]	result	11.08308259	0.00000512	0x20	0x3F
SPI [1]	result	11.08349177	0.00000512	0x0C	0xFF
SPI [1]	result	11.08349705	0.00000512	0x10	0xFF
SPI [1]	result	11.08350233	0.00000512	0x80	0xFF
SPI [1]	result	11.08350761	0.00000512	0x02	0xFF
SPI [1]	result	11.08390055	0.00000512	0x00	0xFF
SPI [1]	result	11.08390583	0.00000512	0x00	0xFF
SPI [1]	result	11.08391111	0.00000512	0x09	0xFF
SPI [1]	result	11.08391639	0.00000512	0xA6	0xFF
SPI [1]	result	11.08430826	0.00000512	0x0D	0xFF
SPI [1]	result	11.08431354	0.00000512	0x00	0xFF
SPI [1]	result	11.08431882	0.00000512	0x88	0xFF
SPI [1]	result	11.08432410	0.00000512	0x1A	0xFF
SPI [1]	result	11.08471611	0.00000512	0x00	0xFF
SPI [1]	result	11.08472139	0.00000512	0x00	0xFF
SPI [1]	result	11.08472667	0.00000512	0x00	0xFF
SPI [1]	result	11.08473195	0.00000512	0x00	0xFF
SPI [1]	result	11.08511937	0.00000512	0x08	0xFF
SPI [1]	result	11.08512465	0.00000512	0x00	0xFF
SPI [1]	result	11.08512993	0.00000512	0x89	0xFF
SPI [1]	result	11.08513521	0.00000512	0xB8	0xFF
SPI [1]	result	11.12305993	0.00000512	0x00	0x00
SPI [1]	result	11.12306521	0.00000512	0x00	0x00
SPI [1]	result	11.12307049	0.00000512	0x08	0x00
SPI [1]	result	11.12307577	0.00000512	0x20	0x3F
SPI [1]	result	11.12346863	0.00000512	0x0E	0xFF
SPI [1]	result	11.12347391	0.00000512	0x10	0xFF
SPI [1]	result	11.12347919	0.00000512	0x80	0xFF
SPI [1]	result	11.12348447	0.00000512	0x12	0xFF
SPI [1]	result	11.12387621	0.00000512	0x00	0xFF
SPI [1]	result	11.12388149	0.00000512	0x00	0xFF
SPI [1]	result	11.12388677	0.00000512	0x00	0xFF
SPI [1]	result	11.12389205	0.00000512	0x00	0xFF
SPI [1]	result	11.12428386	0.00000512	0x08	0xFF
SPI [1]	result	11.12428914	0.00000512	0x00	0xFF
SPI [1]	result	11.12429442	0.00000512	0x88	0xFF
SPI [1]	result	11.12429970	0.00000512	0x32	0xFF
SPI [1]	result	11.16306840	0.00000512	0x00	0x00
SPI [1]	result	11.16307368	0.00000512	0x00	0x00
SPI [1]	result	11.16307896	0.00000512	0x08	0x04
SPI [1]	result	11.16308424	0.00000512	0x20	0x3F
SPI [1]	result	11.16350053	0.00000512	0x0F	0xFF
SPI [1]	result	11.16350581	0.00000512	0x10	0xFF
SPI [1]	result	11.16351109	0.00000512	0x80	0xFF
SPI [1]	result	11.16351637	0.00000512	0x1A	0xFF
SPI [1]	result	11.16390985	0.00000512	0x00	0xFF
SPI [1]	result	11.16391513	0.00000512	0x00	0xFF
SPI [1]	result	11.16392041	0.00000512	0x00	0xFF
SPI [1]	result	11.16392569	0.00000512	0x00	0xFF
SPI [1]	result	11.16431812	0.00000512	0x08	0xFF
SPI [1]	result	11.16432340	0.00000512	0x00	0xFF
SPI [1]	result	11.16432868	0.00000512	0x88	0xFF
SPI [1]	result	11.16433396	0.00000512	0x32	0xFF
SPI [1]	result	11.20306239	0.00000512	0x00	0x00
SPI [1]	result	11.20306767	0.00000512	0x00	0x00
SPI [1]	result	11.20307295	0.00000512	0x08	0x00
SPI [1]	result	11.20307823	0.00000512	0x20	0x3F
SPI [1]	result	11.20347261	0.00000512	0x08	0xFF
SPI [1]	result	11.20347789	0.00000512	0x10	0xFF
SPI [1]	result	11.20348317	0.00000512	0x80	0xFF
SPI [1]	result	11.20348845	0.00000512	0x22	0xFF
SPI [1]	result	11.20388100	0.00000512	0x00	0xFF
SPI [1]	result	11.20388628	0.00000512	0x00	0xFF
SPI [1]	result	11.20389156	0.00000512	0x09	0xFF
SPI [1]	result	11.20389684	0.00000512	0xA6	0xFF
SPI [1]	result	11.20428841	0.00000512	0x09	0xFF
SPI [1]	result	11.20429369	0.00000512	0x00	0xFF
SPI [1]	result	11.20429897	0.00000512	0x88	0xFF
SPI [1]	result	11.20430425	0.00000512	0x3A	0xFF
SPI [1]	result	11.20469560	0.00000512	0x00	0xFF
SPI [1]	result	11.20470088	0.00000512	0x00	0xFF
SPI [1]	result	11.20470616	0.00000512	0x00	0xFF
SPI [1]	result	11.20471144	0.00000512	0x00	0xFF
SPI [1]	result	11.20510388	0.00000512	0x08	0xFF
SPI [1]	result	11.20510916	0.00000512	0x00	0xFF
SPI [1]	result	11.20511444	0.00000512	0x89	0xFF
SPI [1]	result	11.20511972	0.00000512	0xB8	0xFF
SPI [1]	result	11.24306019	0.00000512	0x00	0x00
SPI [1]	result	11.24306547	0.00000512	0x00	0x00
SPI [1]	result	11.24307075	0.00000512	0x08	0x00
SPI [1]	result	11.24307603	0.00000512	0x20	0x3F
SPI [1]	result	11.24346942	0.00000512	0x0A	0xFF
SPI [1]	result	11.24347470	0.00000512	0x10	0xFF
SPI [1]	result	11.24347998	0.00000512	0x80	0xFF
SPI [1]	result	11.24348526	0.00000512	0x32	0xFF
SPI [1]	result	11.24387512	0.00000512	0x00	0xFF
SPI [1]	result	11.24388040	0.00000512	0x00	0xFF
SPI [1]	result	11.24388568	0.00000512	0x00	0xFF
SPI [1]	result	11.24389096	0.00000512	0x00	0xFF
SPI [1]	result	11.24428249	0.00000512	0x08	0xFF
SPI [1]	result	11.24428777	0.00000512	0x00	0xFF
SPI [1]	result	11.24429305	0.00000512	0x88	0xFF
SPI [1]	result	11.24429833	0.00000512	0x32	0xFF
SPI [1]	result	11.28305961	0.00000512	0x00	0x00
SPI [1]	result	11.28306489	0.00000512	0x00	0x00
SPI [1]	result	11.28307017	0.00000512	0x08	0x04
SPI [1]	result	11.28307545	0.00000512	0x20	0x3F
SPI [1]	result	11.28346781	0.00000512	0x0B	0xFF
SPI [1]	result	11.28347309	0.00000512	0x10	0xFF
SPI [1]	result	11.28347837	0.00000512	0x80	0xFF
SPI [1]	result	11.28348365	0.00000512	0x3A	0xFF
SPI [1]	result	11.28387539	0.00000512	0x00	0xFF
SPI [1]	result	11.28388067	0.00000512	0x00	0xFF
SPI [1]	result	11.28388595	0.00000512	0x00	0xFF
SPI [1]	result	11.28389123	0.00000512	0x00	0xFF
SPI [1]	result	11.28428089	0.00000512	0x08	0xFF
SPI [1]	result	11.28428617	0.00000512	0x00	0xFF
SPI [1]	result	11.28429145	0.00000512	0x88	0xFF
SPI [1]	result	11.28429673	0.00000512	0x32	0xFF
SPI [1]	result	11.32306097	0.00000512	0x00	0x00
SPI [1]	result	11.32306625	0.00000512	0x00	0x00
SPI [1]	result	11.32307153	0.00000512	0x08	0x00
SPI [1]	result	11.32307681	0.00000512	0x20	0x3F
SPI [1]	result	11.32347017	0.00000512	0x0C	0xFF
SPI [1]	result	11.32347545	0.00000512	0x10	0xFF
SPI [1]	result	11.32348073	0.00000512	0x80	0xFF
SPI [1]	result	11.32348601	0.00000512	0x02	0xFF
SPI [1]	result	11.32387788	0.00000512	0x00	0xFF
SPI [1]	result	11.32388316	0.00000512	0x00	0xFF
SPI [1]	result	11.32388844	0.00000512	0x09	0xFF
SPI [1]	result	11.32389372	0.00000512	0xA6	0xFF
SPI [1]	result	11.32428516	0.00000512	0x0D	0xFF
SPI [1]	result	11.32429044	0.00000512	0x00	0xFF
SPI [1]	result	11.32429572	0.00000512	0x88	0xFF
SPI [1]	result	11.32430100	0.00000512	0x1A	0xFF
SPI [1]	result	11.32468981	0.00000512	0x00	0xFF
SPI [1]	result	11.32469509	0.00000512	0x00	0xFF
SPI [1]	result	11.32470037	0.00000512	0x00	0xFF
SPI [1]	result	11.32470565	0.00000512	0x00	0xFF
SPI [1]	result	11.32509658	0.00000512	0x08	0xFF
SPI [1]	result	11.32510186	0.00000512	0x00	0xFF
SPI [1]	result	11.32510714	0.00000512	0x89	0xFF
SPI [1]	result	11.32511242	0.00000512	0xB8	0xFF
SPI [1]	result	11.36305970	0.00000512	0x00	0x00
SPI [1]	result	11.36306498	0.00000512	0x00	0x00
SPI [1]	result	11.36307026	0.00000512	0x08	0x04
SPI [1]	result	11.36307554	0.00000512	0x20	0x3F
SPI [1]	result	11.36346674	0.00000512	0x0E	0xFF
SPI [1]	result	11.36347202	0.00000512	0x10	0xFF
SPI [1]	result	11.36347730	0.00000512	0x80	0xFF
SPI [1]	result	11.36348258	0.00000512	0x12	0xFF
SPI [1]	result	11.36387420	0.00000512	0x00	0xFF
SPI [1]	result	11.36387948	0.00000512	0x00	0xFF
SPI [1]	result	11.36388476	0.00000512	0x00	0xFF
SPI [1]	result	11.36389004	0.00000512	0x00	0xFF
SPI [1]	result	11.36428072	0.00000512	0x08	0xFF
SPI [1]	result	11.36428600	0.00000512	0x00	0xFF
SPI [1]	result	11.36429128	0.00000512	0x88	0xFF
SPI [1]	result	11.36429656	0.00000512	0x32	0xFF
SPI [1]	result	11.40306039	0.00000512	0x00	0x00
SPI [1]	result	11.40306567	0.00000512	0x00	0x00
SPI [1]	result	11.40307095	0.00000512	0x08	0x00
SPI [1]	result	11.40307623	0.00000512	0x20	0x3F
SPI [1]	result	11.40347365	0.00000512	0x0F	0xFF
SPI [1]	result	11.40347893	0.00000512	0x10	0xFF
SPI [1]	result	11.40348421	0.00000512	0x80	0xFF
SPI [1]	result	11.40348949	0.00000512	0x1A	0xFF
SPI [1]	result	11.40387958	0.00000512	0x00	0xFF
SPI [1]	result	11.40388486	0.00000512	0x00	0xFF
SPI [1]	result	11.40389014	0.00000512	0x00	0xFF
SPI [1]	result	11.40389542	0.00000512	0x00	0xFF
SPI [1]	result	11.40428597	0.00000512	0x08	0xFF
SPI [1]	result	11.40429125	0.00000512	0x00	0xFF
SPI [1]	result	11.40429653	0.00000512	0x88	0xFF
SPI [1]	result	11.40430181	0.00000512	0x32	0xFF
SPI [1]	result	11.44306469	0.00000512	0x00	0x00
SPI [1]	result	11.44306997	0.00000512	0x00	0x00
SPI [1]	result	11.44307525	0.00000512	0x08	0x00
SPI [1]	result	11.44308053	0.00000512	0x20	0x3F
SPI [1]	result	11.44348653	0.00000512	0x08	0xFF
SPI [1]	result	11.44349181	0.00000512	0x10	0xFF
SPI [1]	result	11.44349709	0.00000512	0x80	0xFF
SPI [1]	result	11.44350237	0.00000512	0x22	0xFF
SPI [1]	result	11.44389516	0.00000512	0x00	0xFF
SPI [1]	result	11.44390044	0.00000512	0x00	0xFF
SPI [1]	result	11.44390572	0.00000512	0x09	0xFF
SPI [1]	result	11.44391100	0.00000512	0xA6	0xFF
SPI [1]	result	11.44430139	0.00000512	0x09	0xFF
SPI [1]	result	11.44430667	0.00000512	0x00	0xFF
SPI [1]	result	11.44431195	0.00000512	0x88	0xFF
SPI [1]	result	11.44431723	0.00000512	0x3A	0xFF
SPI [1]	result	11.44471087	0.00000512	0x00	0xFF
SPI [1]	result	11.44471615	0.00000512	0x00	0xFF
SPI [1]	result	11.44472143	0.00000512	0x00	0xFF
SPI [1]	result	11.44472671	0.00000512	0x00	0xFF
SPI [1]	result	11.44511824	0.00000512	0x08	0xFF
SPI [1]	result	11.44512352	0.00000512	0x00	0xFF
SPI [1]	result	11.44512880	0.00000512	0x89	0xFF
SPI [1]	result	11.44513408	0.00000512	0xB8	0xFF
SPI [1]	result	11.48306011	0.00000512	0x00	0x00
SPI [1]	result	11.48306539	0.00000512	0x00	0x00
SPI [1]	result	11.48307067	0.00000512	0x08	0x04
SPI [1]	result	11.48307595	0.00000512	0x20	0x3F
SPI [1]	result	11.48346965	0.00000512	0x0A	0xFF
SPI [1]	result	11.48347493	0.00000512	0x10	0xFF
SPI [1]	result	11.48348021	0.00000512	0x80	0xFF
SPI [1]	result	11.48348549	0.00000512	0x32	0xFF
SPI [1]	result	11.48387545	0.00000512	0x00	0xFF
SPI [1]	result	11.48388073	0.00000512	0x00	0xFF
SPI [1]	result	11.48388601	0.00000512	0x00	0xFF
SPI [1]	result	11.48389129	0.00000512	0x00	0xFF
SPI [1]	result	11.48428369	0.00000512	0x08	0xFF
SPI [1]	result	11.48428897	0.00000512	0x00	0xFF
SPI [1]	result	11.48429425	0.00000512	0x88	0xFF
SPI [1]	result	11.48429953	0.00000512	0x32	0xFF
SPI [1]	result	11.52306595	0.00000512	0x00	0x00
SPI [1]	result	11.52307123	0.00000512	0x00	0x00
SPI [1]	result	11.52307651	0.00000512	0x08	0x00
SPI [1]	result	11.52308179	0.00000512	0x20	0x3F
SPI [1]	result	11.52349649	0.00000512	0x0B	0xFF
SPI [1]	result	11.52350177	0.00000512	0x10	0xFF
SPI [1]	result	11.52350705	0.00000512	0x80	0xFF
SPI [1]	result	11.52351233	0.00000512	0x3A	0xFF
SPI [1]	result	11.52390571	0.00000512	0x00	0xFF
SPI [1]	result	11.52391099	0.00000512	0x00	0xFF
SPI [1]	result	11.52391627	0.00000512	0x00	0xFF
SPI [1]	result	11.52392155	0.00000512	0x00	0xFF
SPI [1]	result	11.52431157	0.00000512	0x08	0xFF
SPI [1]	result	11.52431685	0.00000512	0x00	0xFF
SPI [1]	result	11.52432213	0.00000512	0x88	0xFF
SPI [1]	result	11.52432741	0.00000512	0x32	0xFF
SPI [1]	result	11.56306202	0.00000512	0x00	0x00
SPI [1]	result	11.56306730	0.00000512	0x00	0x00
SPI [1]	result	11.56307258	0.00000512	0x08	0x04
SPI [1]	result	11.56307786	0.00000512	0x20	0x3F
SPI [1]	result	11.56347241	0.00000512	0x0C	0xFF
SPI [1]	result	11.56347769	0.00000512	0x10	0xFF
SPI [1]	result	11.56348297	0.00000512	0x80	0xFF
SPI [1]	result	11.56348825	0.00000512	0x02	0xFF
SPI [1]	result	11.56388039	0.00000512	0x00	0xFF
SPI [1]	result	11.56388567	0.00000512	0x00	0xFF
SPI [1]	result	11.56389095	0.00000512	0x09	0xFF
SPI [1]	result	11.56389623	0.00000512	0xA6	0xFF
SPI [1]	result	11.56428800	0.00000512	0x0D	0xFF
SPI [1]	result	11.56429328	0.00000512	0x00	0xFF
SPI [1]	result	11.56429856	0.00000512	0x88	0xFF
SPI [1]	result	11.56430384	0.00000512	0x1A	0xFF
SPI [1]	result	11.56469378	0.00000512	0x00	0xFF
SPI [1]	result	11.56469906	0.00000512	0x00	0xFF
SPI [1]	result	11.56470434	0.00000512	0x00	0xFF
SPI [1]	result	11.56470962	0.00000512	0x00	0xFF
SPI [1]	result	11.56510225	0.00000512	0x08	0xFF
SPI [1]	result	11.56510753	0.00000512	0x00	0xFF
SPI [1]	result	11.56511281	0.00000512	0x89	0xFF
SPI [1]	result	11.56511809	0.00000512	0xB8	0xFF
SPI [1]	result	11.60305969	0.00000512	0x00	0x00
SPI [1]	result	11.60306497	0.00000512	0x00	0x00
SPI [1]	result	11.60307025	0.00000512	0x08	0x00
SPI [1]	result	11.60307553	0.00000512	0x20	0x3F
SPI [1]	result	11.60346819	0.00000512	0x0E	0xFF
SPI [1]	result	11.60347347	0.00000512	0x10	0xFF
SPI [1]	result	11.60347875	0.00000512	0x80	0xFF
SPI [1]	result	11.60348403	0.00000512	0x12	0xFF
SPI [1]	result	11.60387592	0.00000512	0x00	0xFF
SPI [1]	result	11.60388120	0.00000512	0x00	0xFF
SPI [1]	result	11.60388648	0.00000512	0x00	0xFF
SPI [1]	result	11.60389176	0.00000512	0x00	0xFF
SPI [1]	result	11.60428136	0.00000512	0x08	0xFF
SPI [1]	result	11.60428664	0.00000512	0x00	0xFF
SPI [1]	result	11.60429192	0.00000512	0x88	0xFF
SPI [1]	result	11.60429720	0.00000512	0x32	0xFF
SPI [1]	result	11.64306177	0.00000512	0x00	0x00
SPI [1]	result	11.64306705	0.00000512	0x00	0x00
SPI [1]	result	11.64307233	0.00000512	0x08	0x00
SPI [1]	result	11.64307761	0.00000512	0x20	0x3F
SPI [1]	result	11.64347717	0.00000512	0x0F	0xFF
SPI [1]	result	11.64348245	0.00000512	0x10	0xFF
SPI [1]	result	11.64348773	0.00000512	0x80	0xFF
SPI [1]	result	11.64349301	0.00000512	0x1A	0xFF
SPI [1]	result	11.64388476	0.00000512	0x00	0xFF
SPI [1]	result	11.64389004	0.00000512	0x00	0xFF
SPI [1]	result	11.64389532	0.00000512	0x00	0xFF
SPI [1]	result	11.64390060	0.00000512	0x00	0xFF
SPI [1]	result	11.64429206	0.00000512	0x08	0xFF
SPI [1]	result	11.64429734	0.00000512	0x00	0xFF
SPI [1]	result	11.64430262	0.00000512	0x88	0xFF
SPI [1]	result	11.64430790	0.00000512	0x32	0xFF
SPI [1]	result	11.68306140	0.00000512	0x00	0x00
SPI [1]	result	11.68306668	0.00000512	0x00	0x00
SPI [1]	result	11.68307196	0.00000512	0x08	0x04
SPI [1]	result	11.68307724	0.00000512	0x20	0x3F
SPI [1]	result	11.68346967	0.00000512	0x08	0xFF
SPI [1]	result	11.68347495	0.00000512	0x10	0xFF
SPI [1]	result	11.68348023	0.00000512	0x80	0xFF
SPI [1]	result	11.68348551	0.00000512	0x22	0xFF
SPI [1]	result	11.68387720	0.00000512	0x00	0xFF
SPI [1]	result	11.68388248	0.00000512	0x00	0xFF
SPI [1]	result	11.68388776	0.00000512	0x09	0xFF
SPI [1]	result	11.68389304	0.00000512	0xA6	0xFF
SPI [1]	result	11.68428490	0.00000512	0x09	0xFF
SPI [1]	result	11.68429018	0.00000512	0x00	0xFF
SPI [1]	result	11.68429546	0.00000512	0x88	0xFF
SPI [1]	result	11.68430074	0.00000512	0x3A	0xFF
SPI [1]	result	11.68469214	0.00000512	0x00	0xFF
SPI [1]	result	11.68469742	0.00000512	0x00	0xFF
SPI [1]	result	11.68470270	0.00000512	0x00	0xFF
SPI [1]	result	11.68470798	0.00000512	0x00	0xFF
SPI [1]	result	11.68509957	0.00000512	0x08	0xFF
SPI [1]	result	11.68510485	0.00000512	0x00	0xFF
SPI [1]	result	11.68511013	0.00000512	0x89	0xFF
SPI [1]	result	11.68511541	0.00000512	0xB8	0xFF
SPI [1]	result	11.72306561	0.00000512	0x00	0x00
SPI [1]	result	11.72307089	0.00000512	0x00	0x00
SPI [1]	result	11.72307617	0.00000512	0x08	0x00
SPI [1]	result	11.72308145	0.00000512	0x20	0x3F
SPI [1]	result	11.72348889	0.00000512	0x0A	0xFF
SPI [1]	result	11.72349417	0.00000512	0x10	0xFF
SPI [1]	result	11.72349945	0.00000512	0x80	0xFF
SPI [1]	result	11.72350473	0.00000512	0x32	0xFF
SPI [1]	result	11.72389782	0.00000512	0x00	0xFF
SPI [1]	result	11.72390310	0.00000512	0x00	0xFF
SPI [1]	result	11.72390838	0.00000512	0x00	0xFF
SPI [1]	result	11.72391366	0.00000512	0x00	0xFF
SPI [1]	result	11.72430560	0.00000512	0x08	0xFF
SPI [1]	result	11.72431088	0.00000512	0x00	0xFF
SPI [1]	result	11.72431616	0.00000512	0x88	0xFF
SPI [1]	result	11.72432144	0.00000512	0x32	0xFF
SPI [1]	result	11.76306449	0.00000512	0x00	0x00
SPI [1]	result	11.76306977	0.00000512	0x00	0x00
SPI [1]	result	11.76307505	0.00000512	0x08	0x04
SPI [1]	result	11.76308033	0.00000512	0x20	0x3F
SPI [1]	result	11.76353490	0.00000512	0x0B	0xFF
SPI [1]	result	11.76354018	0.00000512	0x10	0xFF
SPI [1]	result	11.76354546	0.00000512	0x80	0xFF
SPI [1]	result	11.76355074	0.00000512	0x3A	0xFF
SPI [1]	result	11.76394675	0.00000512	0x00	0xFF
SPI [1]	result	11.76395203	0.00000512	0x00	0xFF
SPI [1]	result	11.76395731	0.00000512	0x00	0xFF
SPI [1]	result	11.76396259	0.00000512	0x00	0xFF
SPI [1]	result	11.76435518	0.00000512	0x08	0xFF
SPI [1]	result	11.76436046	0.00000512	0x00	0xFF
SPI [1]	result	11.76436574	0.00000512	0x88	0xFF
SPI [1]	result	11.76437102	0.00000512	0x32	0xFF
SPI [1]	result	11.80306559	0.00000512	0x00	0x00
SPI [1]	result	11.80307087	0.00000512	0x00	0x00
SPI [1]	result	11.80307615	0.00000512	0x08	0x00
SPI [1]	result	11.80308143	0.00000512	0x20	0x3F
SPI [1]	result	11.80349115	0.00000512	0x0C	0xFF
SPI [1]	result	11.80349643	0.00000512	0x10	0xFF
SPI [1]	result	11.80350171	0.00000512	0x80	0xFF
SPI [1]	result	11.80350699	0.00000512	0x02	0xFF
SPI [1]	result	11.80389919	0.00000512	0x00	0xFF
SPI [1]	result	11.80390447	0.00000512	0x00	0xFF
SPI [1]	result	11.80390975	0.00000512	0x09	0xFF
SPI [1]	result	11.80391503	0.00000512	0xA6	0xFF
SPI [1]	result	11.80430750	0.00000512	0x0D	0xFF
SPI [1]	result	11.80431278	0.00000512	0x00	0xFF
SPI [1]	result	11.80431806	0.00000512	0x88	0xFF
SPI [1]	result	11.80432334	0.00000512	0x1A	0xFF
SPI [1]	result	11.80471817	0.00000512	0x00	0xFF
SPI [1]	result	11.80472345	0.00000512	0x00	0xFF
SPI [1]	result	11.80472873	0.00000512	0x00	0xFF
SPI [1]	result	11.80473401	0.00000512	0x00	0xFF
SPI [1]	result	11.80513138	0.00000512	0x08	0xFF
SPI [1]	result	11.80513666	0.00000512	0x00	0xFF
SPI [1]	result	11.80514194	0.00000512	0x89	0xFF
SPI [1]	result	11.80514722	0.00000512	0xB8	0xFF
SPI [1]	result	11.84306655	0.00000512	0x00	0x00
SPI [1]	result	11.84307183	0.00000512	0x00	0x00
SPI [1]	result	11.84307711	0.00000512	0x08	0x04
SPI [1]	result	11.84308239	0.00000512	0x20	0x3F
SPI [1]	result	11.84350001	0.00000512	0x0E	0xFF
SPI [1]	result	11.84350529	0.00000512	0x10	0xFF
SPI [1]	result	11.84351057	0.00000512	0x80	0xFF
SPI [1]	result	11.84351585	0.00000512	0x12	0xFF
SPI [1]	result	11.84391026	0.00000512	0x00	0xFF
SPI [1]	result	11.84391554	0.00000512	0x00	0xFF
SPI [1]	result	11.84392082	0.00000512	0x00	0xFF
SPI [1]	result	11.84392610	0.00000512	0x00	0xFF
SPI [1]	result	11.84431859	0.00000512	0x08	0xFF
SPI [1]	result	11.84432387	0.00000512	0x00	0xFF
SPI [1]	result	11.84432915	0.00000512	0x88	0xFF
SPI [1]	result	11.84433443	0.00000512	0x32	0xFF
SPI [1]	result	11.88306365	0.00000512	0x00	0x00
SPI [1]	result	11.88306893	0.00000512	0x00	0x00
SPI [1]	result	11.88307421	0.00000512	0x08	0x04
SPI [1]	result	11.88307949	0.00000512	0x20	0x3F
SPI [1]	result	11.88348380	0.00000512	0x0F	0xFF
SPI [1]	result	11.88348908	0.00000512	0x10	0xFF
SPI [1]	result	11.88349436	0.00000512	0x80	0xFF
SPI [1]	result	11.88349964	0.00000512	0x1A	0xFF
SPI [1]	result	11.88389323	0.00000512	0x00	0xFF
SPI [1]	result	11.88389851	0.00000512	0x00	0xFF
SPI [1]	result	11.88390379	0.00000512	0x00	0xFF
SPI [1]	result	11.88390907	0.00000512	0x00	0xFF
SPI [1]	result	11.88429958	0.00000512	0x08	0xFF
SPI [1]	result	11.88430486	0.00000512	0x00	0xFF
SPI [1]	result	11.88431014	0.00000512	0x88	0xFF
SPI [1]	result	11.88431542	0.00000512	0x32	0xFF
SPI [1]	result	11.92307411	0.00000512	0x00	0x00
SPI [1]	result	11.92307939	0.00000512	0x00	0x00
SPI [1]	result	11.92308467	0.00000512	0x08	0x00
SPI [1]	result	11.92308995	0.00000512	0x20	0x3F
SPI [1]	result	11.92351905	0.00000512	0x08	0xFF
SPI [1]	result	11.92352433	0.00000512	0x10	0xFF
SPI [1]	result	11.92352961	0.00000512	0x80	0xFF
SPI [1]	result	11.92353489	0.00000512	0x22	0xFF
SPI [1]	result	11.92392939	0.00000512	0x00	0xFF
SPI [1]	result	11.92393467	0.00000512	0x00	0xFF
SPI [1]	result	11.92393995	0.00000512	0x09	0xFF
SPI [1]	result	11.92394523	0.00000512	0xA6	0xFF
SPI [1]	result	11.92433565	0.00000512	0x09	0xFF
SPI [1]	result	11.92434093	0.00000512	0x00	0xFF
SPI [1]	result	11.92434621	0.00000512	0x88	0xFF
SPI [1]	result	11.92435149	0.00000512	0x3A	0xFF
SPI [1]	result	11.92474296	0.00000512	0x00	0xFF
SPI [1]	result	11.92474824	0.00000512	0x00	0xFF
SPI [1]	result	11.92475352	0.00000512	0x00	0xFF
SPI [1]	result	11.92475880	0.00000512	0x00	0xFF
SPI [1]	result	11.92515048	0.00000512	0x08	0xFF
SPI [1]	result	11.92515576	0.00000512	0x00	0xFF
SPI [1]	result	11.92516104	0.00000512	0x89	0xFF
SPI [1]	result	11.92516632	0.00000512	0xB8	0xFF
SPI [1]	result	11.96306626	0.00000512	0x00	0x00
SPI [1]	result	11.96307154	0.00000512	0x00	0x00
SPI [1]	result	11.96307682	0.00000512	0x08	0x04
SPI [1]	result	11.96308210	0.00000512	0x20	0x3F
SPI [1]	result	11.96348930	0.00000512	0x0A	0xFF
SPI [1]	result	11.96349458	0.00000512	0x10	0xFF
SPI [1]	result	11.96349986	0.00000512	0x80	0xFF
SPI [1]	result	11.96350514	0.00000512	0x32	0xFF
SPI [1]	result	11.96389882	0.00000512	0x00	0xFF
SPI [1]	result	11.96390410	0.00000512	0x00	0xFF
SPI [1]	result	11.96390938	0.00000512	0x00	0xFF
SPI [1]	result	11.96391466	0.00000512	0x00	0xFF
SPI [1]	result	11.96430556	0.00000512	0x08	0xFF
SPI [1]	result	11.96431084	0.00000512	0x00	0xFF
SPI [1]	result	11.96431612	0.00000512	0x88	0xFF
SPI [1]	result	11.96432140	0.00000512	0x32	0xFF
SPI [1]	result	12.00306379	0.00000512	0x00	0x00
SPI [1]	result	12.00306907	0.00000512	0x00	0x00
SPI [1]	result	12.00307435	0.00000512	0x08	0x00
SPI [1]	result	12.00307963	0.00000512	0x20	0x3F
SPI [1]	result	12.00348300	0.00000512	0x0B	0xFF
SPI [1]	result	12.00348828	0.00000512	0x10	0xFF
SPI [1]	result	12.00349356	0.00000512	0x80	0xFF
SPI [1]	result	12.00349884	0.00000512	0x3A	0xFF
SPI [1]	result	12.00389100	0.00000512	0x00	0xFF
SPI [1]	result	12.00389628	0.00000512	0x00	0xFF
SPI [1]	result	12.00390156	0.00000512	0x00	0xFF
SPI [1]	result	12.00390684	0.00000512	0x00	0xFF
SPI [1]	result	12.00429898	0.00000512	0x08	0xFF
SPI [1]	result	12.00430426	0.00000512	0x00	0xFF
SPI [1]	result	12.00430954	0.00000512	0x88	0xFF
SPI [1]	result	12.00431482	0.00000512	0x32	0xFF
SPI [1]	result	12.04306456	0.00000512	0x00	0x00
SPI [1]	result	12.04306984	0.00000512	0x00	0x00
SPI [1]	result	12.04307512	0.00000512	0x08	0x00
SPI [1]	result	12.04308040	0.00000512	0x20	0x3F
SPI [1]	result	12.04348073	0.00000512	0x0C	0xFF
SPI [1]	result	12.04348601	0.00000512	0x10	0xFF
SPI [1]	result	12.04349129	0.00000512	0x80	0xFF
SPI [1]	result	12.04349657	0.00000512	0x02	0xFF
SPI [1]	result	12.04388936	0.00000512	0x00	0xFF
SPI [1]	result	12.04389464	0.00000512	0x00	0xFF
SPI [1]	result	12.04389992	0.00000512	0x09	0xFF
SPI [1]	result	12.04390520	0.00000512	0xA6	0xFF
SPI [1]	result	12.04431197	0.00000512	0x0D	0xFF
SPI [1]	result	12.04431725	0.00000512	0x00	0xFF
SPI [1]	result	12.04432253	0.00000512	0x88	0xFF
SPI [1]	result	12.04432781	0.00000512	0x1A	0xFF
SPI [1]	result	12.04474792	0.00000512	0x00	0xFF
SPI [1]	result	12.04475320	0.00000512	0x00	0xFF
SPI [1]	result	12.04475848	0.00000512	0x00	0xFF
SPI [1]	result	12.04476376	0.00000512	0x00	0xFF
SPI [1]	result	12.04517101	0.00000512	0x08	0xFF
SPI [1]	result	12.04517629	0.00000512	0x00	0xFF
SPI [1]	result	12.04518157	0.00000512	0x89	0xFF
SPI [1]	result	12.04518685	0.00000512	0xB8	0xFF
SPI [1]	result	12.08306604	0.00000512	0x00	0x00
SPI [1]	result	12.08307132	0.00000512	0x00	0x00
SPI [1]	result	12.08307660	0.00000512	0x08	0x04
SPI [1]	result	12.08308188	0.00000512	0x20	0x3F
SPI [1]	result	12.08348817	0.00000512	0x0E	0xFF
SPI [1]	result	12.08349345	0.00000512	0x10	0xFF
SPI [1]	result	12.08349873	0.00000512	0x80	0xFF
SPI [1]	result	12.08350401	0.00000512	0x12	0xFF
SPI [1]	result	12.08389758	0.00000512	0x00	0xFF
SPI [1]	result	12.08390286	0.00000512	0x00	0xFF
SPI [1]	result	12.08390814	0.00000512	0x00	0xFF
SPI [1]	result	12.08391342	0.00000512	0x00	0xFF
SPI [1]	result	12.08430515	0.00000512	0x08	0xFF
SPI [1]	result	12.08431043	0.00000512	0x00	0xFF
SPI [1]	result	12.08431571	0.00000512	0x88	0xFF
SPI [1]	result	12.08432099	0.00000512	0x32	0xFF
SPI [1]	result	12.12306008	0.00000512	0x00	0x00
SPI [1]	result	12.12306536	0.00000512	0x00	0x00
SPI [1]	result	12.12307064	0.00000512	0x08	0x00
SPI [1]	result	12.12307592	0.00000512	0x20	0x3F
SPI [1]	result	12.12352245	0.00000512	0x0F	0xFF
SPI [1]	result	12.12352773	0.00000512	0x10	0xFF
SPI [1]	result	12.12353301	0.00000512	0x80	0xFF
SPI [1]	result	12.12353829	0.00000512	0x1A	0xFF
SPI [1]	result	12.12393390	0.00000512	0x00	0xFF
SPI [1]	result	12.12393918	0.00000512	0x00	0xFF
SPI [1]	result	12.12394446	0.00000512	0x00	0xFF
SPI [1]	result	12.12394974	0.00000512	0x00	0xFF
SPI [1]	result	12.12434140	0.00000512	0x08	0xFF
SPI [1]	result	12.12434668	0.00000512	0x00	0xFF
SPI [1]	result	12.12435196	0.00000512	0x88	0xFF
SPI [1]	result	12.12435724	0.00000512	0x32	0xFF
SPI [1]	result	12.16306483	0.00000512	0x00	0x00
SPI [1]	result	12.16307011	0.00000512	0x00	0x00
SPI [1]	result	12.16307539	0.00000512	0x08	0x04
SPI [1]	result	12.16308067	0.00000512	0x20	0x3F
SPI [1]	result	12.16348615	0.00000512	0x08	0xFF
SPI [1]	result	12.16349143	0.00000512	0x10	0xFF
SPI [1]	result	12.16349671	0.00000512	0x80	0xFF
SPI [1]	result	12.16350199	0.00000512	0x22	0xFF
SPI [1]	result	12.16389454	0.00000512	0x00	0xFF
SPI [1]	result	12.16389982	0.00000512	0x00	0xFF
SPI [1]	result	12.16390510	0.00000512	0x09	0xFF
SPI [1]	result	12.16391038	0.00000512	0xA6	0xFF
SPI [1]	result	12.16430254	0.00000512	0x09	0xFF
SPI [1]	result	12.16430782	0.00000512	0x00	0xFF
SPI [1]	result	12.16431310	0.00000512	0x88	0xFF
SPI [1]	result	12.16431838	0.00000512	0x3A	0xFF
SPI [1]	result	12.16471012	0.00000512	0x00	0xFF
SPI [1]	result	12.16471540	0.00000512	0x00	0xFF
SPI [1]	result	12.16472068	0.00000512	0x00	0xFF
SPI [1]	result	12.16472596	0.00000512	0x00	0xFF
SPI [1]	result	12.16511825	0.00000512	0x08	0xFF
SPI [1]	result	12.16512353	0.00000512	0x00	0xFF
SPI [1]	result	12.16512881	0.00000512	0x89	0xFF
SPI [1]	result	12.16513409	0.00000512	0xB8	0xFF
SPI [1]	result	12.20306236	0.00000512	0x00	0x00
SPI [1]	result	12.20306764	0.00000512	0x00	0x00
SPI [1]	result	12.20307292	0.00000512	0x08	0x04
SPI [1]	result	12.20307820	0.00000512	0x20	0x3F
SPI [1]	result	12.20347920	0.00000512	0x0A	0xFF
SPI [1]	result	12.20348448	0.00000512	0x10	0xFF
SPI [1]	result	12.20348976	0.00000512	0x80	0xFF
SPI [1]	result	12.20349504	0.00000512	0x32	0xFF
SPI [1]	result	12.20388820	0.00000512	0x00	0xFF
SPI [1]	result	12.20389348	0.00000512	0x00	0xFF
SPI [1]	result	12.20389876	0.00000512	0x00	0xFF
SPI [1]	result	12.20390404	0.00000512	0x00	0xFF
SPI [1]	result	12.20429592	0.00000512	0x08	0xFF
SPI [1]	result	12.20430120	0.00000512	0x00	0xFF
SPI [1]	result	12.20430648	0.00000512	0x88	0xFF
SPI [1]	result	12.20431176	0.00000512	0x32	0xFF
SPI [1]	result	12.24306456	0.00000512	0x00	0x00
SPI [1]	result	12.24306984	0.00000512	0x00	0x00
SPI [1]	result	12.24307512	0.00000512	0x08	0x00
SPI [1]	result	12.24308040	0.00000512	0x20	0x3F
SPI [1]	result	12.24348780	0.00000512	0x0B	0xFF
SPI [1]	result	12.24349308	0.00000512	0x10	0xFF
SPI [1]	result	12.24349836	0.00000512	0x80	0xFF
SPI [1]	result	12.24350364	0.00000512	0x3A	0xFF
SPI [1]	result	12.24389688	0.00000512	0x00	0xFF
SPI [1]	result	12.24390216	0.00000512	0x00	0xFF
SPI [1]	result	12.24390744	0.00000512	0x00	0xFF
SPI [1]	result	12.24391272	0.00000512	0x00	0xFF
SPI [1]	result	12.24430810	0.00000512	0x08	0xFF
SPI [1]	result	12.24431338	0.00000512	0x00	0xFF
SPI [1]	result	12.24431866	0.00000512	0x88	0xFF
SPI [1]	result	12.24432394	0.00000512	0x32	0xFF
SPI [1]	result	12.28307357	0.00000512	0x00	0x00
SPI [1]	result	12.28307885	0.00000512	0x00	0x00
SPI [1]	result	12.28308413	0.00000512	0x08	0x04
SPI [1]	result	12.28308941	0.00000512	0x20	0x3F
SPI [1]	result	12.28351055	0.00000512	0x0C	0xFF
SPI [1]	result	12.28351583	0.00000512	0x10	0xFF
SPI [1]	result	12.28352111	0.00000512	0x80	0xFF
SPI [1]	result	12.28352639	0.00000512	0x02	0xFF
SPI [1]	result	12.28391994	0.00000512	0x00	0xFF
SPI [1]	result	12.28392522	0.00000512	0x00	0xFF
SPI [1]	result	12.28393050	0.00000512	0x09	0xFF
SPI [1]	result	12.28393578	0.00000512	0xA6	0xFF
SPI [1]	result	12.28432842	0.00000512	0x0D	0xFF
SPI [1]	result	12.28433370	0.00000512	0x00	0xFF
SPI [1]	result	12.28433898	0.00000512	0x88	0xFF
SPI [1]	result	12.28434426	0.00000512	0x1A	0xFF
SPI [1]	result	12.28473630	0.00000512	0x00	0xFF
SPI [1]	result	12.28474158	0.00000512	0x00	0xFF
SPI [1]	result	12.28474686	0.00000512	0x00	0xFF
SPI [1]	result	12.28475214	0.00000512	0x00	0xFF
SPI [1]	result	12.28514809	0.00000512	0x08	0xFF
SPI [1]	result	12.28515337	0.00000512	0x00	0xFF
SPI [1]	result	12.28515865	0.00000512	0x89	0xFF
SPI [1]	result	12.28516393	0.00000512	0xB8	0xFF
SPI [1]	result	12.32306341	0.00000512	0x00	0x00
SPI [1]	result	12.32306869	0.00000512	0x00	0x00
SPI [1]	result	12.32307397	0.00000512	0x08	0x00
SPI [1]	result	12.32307925	0.00000512	0x20	0x3F
SPI [1]	result	12.32348002	0.00000512	0x0E	0xFF
SPI [1]	result	12.32348530	0.00000512	0x10	0xFF
SPI [1]	result	12.32349058	0.00000512	0x80	0xFF
SPI [1]	result	12.32349586	0.00000512	0x12	0xFF
SPI [1]	result	12.32388801	0.00000512	0x00	0xFF
SPI [1]	result	12.32389329	0.00000512	0x00	0xFF
SPI [1]	result	12.32389857	0.00000512	0x00	0xFF
SPI [1]	result	12.32390385	0.00000512	0x00	0xFF
SPI [1]	result	12.32429493	0.00000512	0x08	0xFF
SPI [1]	result	12.32430021	0.00000512	0x00	0xFF
SPI [1]	result	12.32430549	0.00000512	0x88	0xFF
SPI [1]	result	12.32431077	0.00000512	0x32	0xFF
SPI [1]	result	12.36306150	0.00000512	0x00	0x00
SPI [1]	result	12.36306678	0.00000512	0x00	0x00
SPI [1]	result	12.36307206	0.00000512	0x08	0x04
SPI [1]	result	12.36307734	0.00000512	0x20	0x3F
SPI [1]	result	12.36347424	0.00000512	0x0F	0xFF
SPI [1]	result	12.36347952	0.00000512	0x10	0xFF
SPI [1]	result	12.36348480	0.00000512	0x80	0xFF
SPI [1]	result	12.36349008	0.00000512	0x1A	0xFF
SPI [1]	result	12.36388241	0.00000512	0x00	0xFF
SPI [1]	result	12.36388769	0.00000512	0x00	0xFF
SPI [1]	result	12.36389297	0.00000512	0x00	0xFF
SPI [1]	result	12.36389825	0.00000512	0x00	0xFF
SPI [1]	result	12.36428991	0.00000512	0x08	0xFF
SPI [1]	result	12.36429519	0.00000512	0x00	0xFF
SPI [1]	result	12.36430047	0.00000512	0x88	0xFF
SPI [1]	result	12.36430575	0.00000512	0x32	0xFF
SPI [1]	result	12.40306377	0.00000512	0x00	0x00
SPI [1]	result	12.40306905	0.00000512	0x00	0x00
SPI [1]	result	12.40307433	0.00000512	0x08	0x00
SPI [1]	result	12.40307961	0.00000512	0x20	0x3F
SPI [1]	result	12.40347843	0.00000512	0x08	0xFF
SPI [1]	result	12.40348371	0.00000512	0x10	0xFF
SPI [1]	result	12.40348899	0.00000512	0x80	0xFF
SPI [1]	result	12.40349427	0.00000512	0x22	0xFF
SPI [1]	result	12.40388651	0.00000512	0x00	0xFF
SPI [1]	result	12.40389179	0.00000512	0x00	0xFF
SPI [1]	result	12.40389707	0.00000512	0x09	0xFF
SPI [1]	result	12.40390235	0.00000512	0xA6	0xFF
SPI [1]	result	12.40429401	0.00000512	0x09	0xFF
SPI [1]	result	12.40429929	0.00000512	0x00	0xFF
SPI [1]	result	12.40430457	0.00000512	0x88	0xFF
SPI [1]	result	12.40430985	0.00000512	0x3A	0xFF
SPI [1]	result	12.40470062	0.00000512	0x00	0xFF
SPI [1]	result	12.40470590	0.00000512	0x00	0xFF
SPI [1]	result	12.40471118	0.00000512	0x00	0xFF
SPI [1]	result	12.40471646	0.00000512	0x00	0xFF
SPI [1]	result	12.40510851	0.00000512	0x08	0xFF
SPI [1]	result	12.40511379	0.00000512	0x00	0xFF
SPI [1]	result	12.40511907	0.00000512	0x89	0xFF
SPI [1]	result	12.40512435	0.00000512	0xB8	0xFF
SPI [1]	result	12.44305972	0.00000512	0x00	0x00
SPI [1]	result	12.44306500	0.00000512	0x00	0x00
SPI [1]	result	12.44307028	0.00000512	0x08	0x00
SPI [1]	result	12.44307556	0.00000512	0x20	0x3F
SPI [1]	result	12.44346765	0.00000512	0x0A	0xFF
SPI [1]	result	12.44347293	0.00000512	0x10	0xFF
SPI [1]	result	12.44347821	0.00000512	0x80	0xFF
SPI [1]	result	12.44348349	0.00000512	0x32	0xFF
SPI [1]	result	12.44387559	0.00000512	0x00	0xFF
SPI [1]	result	12.44388087	0.00000512	0x00	0xFF
SPI [1]	result	12.44388615	0.00000512	0x00	0xFF
SPI [1]	result	12.44389143	0.00000512	0x00	0xFF
SPI [1]	result	12.44428111	0.00000512	0x08	0xFF
SPI [1]	result	12.44428639	0.00000512	0x00	0xFF
SPI [1]	result	12.44429167	0.00000512	0x88	0xFF
SPI [1]	result	12.44429695	0.00000512	0x32	0xFF
SPI [1]	result	12.48306571	0.00000512	0x00	0x00
SPI [1]	result	12.48307099	0.00000512	0x00	0x00
SPI [1]	result	12.48307627	0.00000512	0x08	0x04
SPI [1]	result	12.48308155	0.00000512	0x20	0x3F
SPI [1]	result	12.48349579	0.00000512	0x0B	0xFF
SPI [1]	result	12.48350107	0.00000512	0x10	0xFF
SPI [1]	result	12.48350635	0.00000512	0x80	0xFF
SPI [1]	result	12.48351163	0.00000512	0x3A	0xFF
SPI [1]	result	12.48395014	0.00000512	0x00	0xFF
SPI [1]	result	12.48395542	0.00000512	0x00	0xFF
SPI [1]	result	12.48396070	0.00000512	0x00	0xFF
SPI [1]	result	12.48396598	0.00000512	0x00	0xFF
SPI [1]	result	12.48436131	0.00000512	0x08	0xFF
SPI [1]	result	12.48436659	0.00000512	0x00	0xFF
SPI [1]	result	12.48437187	0.00000512	0x88	0xFF
SPI [1]	result	12.48437715	0.00000512	0x32	0xFF
SPI [1]	result	12.52306669	0.00000512	0x00	0x00
SPI [1]	result	12.52307197	0.00000512	0x00	0x00
SPI [1]	result	12.52307725	0.00000512	0x08	0x00
SPI [1]	result	12.52308253	0.00000512	0x20	0x3F
SPI [1]	result	12.52349374	0.00000512	0x0C	0xFF
SPI [1]	result	12.52349902	0.00000512	0x10	0xFF
SPI [1]	result	12.52350430	0.00000512	0x80	0xFF
SPI [1]	result	12.52350958	0.00000512	0x02	0xFF
SPI [1]	result	12.52390295	0.00000512	0x00	0xFF
SPI [1]	result	12.52390823	0.00000512	0x00	0xFF
SPI [1]	result	12.52391351	0.00000512	0x09	0xFF
SPI [1]	result	12.52391879	0.00000512	0xA6	0xFF
SPI [1]	result	12.52431062	0.00000512	0x0D	0xFF
SPI [1]	result	12.52431590	0.00000512	0x00	0xFF
SPI [1]	result	12.52432118	0.00000512	0x88	0xFF
SPI [1]	result	12.52432646	0.00000512	0x1A	0xFF
SPI [1]	result	12.52471845	0.00000512	0x00	0xFF
SPI [1]	result	12.52472373	0.00000512	0x00	0xFF
SPI [1]	result	12.52472901	0.00000512	0x00	0xFF
SPI [1]	result	12.52473429	0.00000512	0x00	0xFF
SPI [1]	result	12.52512912	0.00000512	0x08	0xFF
SPI [1]	result	12.52513440	0.00000512	0x00	0xFF
SPI [1]	result	12.52513968	0.00000512	0x89	0xFF
SPI [1]	result	12.52514496	0.00000512	0xB8	0xFF
SPI [1]	result	12.56306481	0.00000512	0x00	0x00
SPI [1]	result	12.56307009	0.00000512	0x00	0x00
SPI [1]	result	12.56307537	0.00000512	0x08	0x04
SPI [1]	result	12.56308065	0.00000512	0x20	0x3F
SPI [1]	result	12.56348416	0.00000512	0x0E	0xFF
SPI [1]	result	12.56348944	0.00000512	0x10	0xFF
SPI [1]	result	12.56349472	0.00000512	0x80	0xFF
SPI [1]	result	12.56350000	0.00000512	0x12	0xFF
SPI [1]	result	12.56389305	0.00000512	0x00	0xFF
SPI [1]	result	12.56389833	0.00000512	0x00	0xFF
SPI [1]	result	12.56390361	0.00000512	0x00	0xFF
SPI [1]	result	12.56390889	0.00000512	0x00	0xFF
SPI [1]	result	12.56430096	0.00000512	0x08	0xFF
SPI [1]	result	12.56430624	0.00000512	0x00	0xFF
SPI [1]	result	12.56431152	0.00000512	0x88	0xFF
SPI [1]	result	12.56431680	0.00000512	0x32	0xFF
SPI [1]	result	12.60306384	0.00000512	0x00	0x00
SPI [1]	result	12.60306912	0.00000512	0x00	0x00
SPI [1]	result	12.60307440	0.00000512	0x08	0x00
SPI [1]	result	12.60307968	0.00000512	0x20	0x3F
SPI [1]	result	12.60348473	0.00000512	0x0F	0xFF
SPI [1]	result	12.60349001	0.00000512	0x10	0xFF
SPI [1]	result	12.60349529	0.00000512	0x80	0xFF
SPI [1]	result	12.60350057	0.00000512	0x1A	0xFF
SPI [1]	result	12.60389291	0.00000512	0x00	0xFF
SPI [1]	result	12.60389819	0.00000512	0x00	0xFF
SPI [1]	result	12.60390347	0.00000512	0x00	0xFF
SPI [1]	result	12.60390875	0.00000512	0x00	0xFF
SPI [1]	result	12.60430090	0.00000512	0x08	0xFF
SPI [1]	result	12.60430618	0.00000512	0x00	0xFF
SPI [1]	result	12.60431146	0.00000512	0x88	0xFF
SPI [1]	result	12.60431674	0.00000512	0x32	0xFF
SPI [1]	result	12.64307462	0.00000512	0x00	0x00
SPI [1]	result	12.64307990	0.00000512	0x00	0x00
SPI [1]	result	12.64308518	0.00000512	0x08	0x00
SPI [1]	result	12.64309046	0.00000512	0x20	0x3F
SPI [1]	result	12.64352174	0.00000512	0x08	0xFF
SPI [1]	result	12.64352702	0.00000512	0x10	0xFF
SPI [1]	result	12.64353230	0.00000512	0x80	0xFF
SPI [1]	result	12.64353758	0.00000512	0x22	0xFF
SPI [1]	result	12.64393389	0.00000512	0x00	0xFF
SPI [1]	result	12.64393917	0.00000512	0x00	0xFF
SPI [1]	result	12.64394445	0.00000512	0x09	0xFF
SPI [1]	result	12.64394973	0.00000512	0xA6	0xFF
SPI [1]	result	12.64434354	0.00000512	0x09	0xFF
SPI [1]	result	12.64434882	0.00000512	0x00	0xFF
SPI [1]	result	12.64435410	0.00000512	0x88	0xFF
SPI [1]	result	12.64435938	0.00000512	0x3A	0xFF
SPI [1]	result	12.64475113	0.00000512	0x00	0xFF
SPI [1]	result	12.64475641	0.00000512	0x00	0xFF
SPI [1]	result	12.64476169	0.00000512	0x00	0xFF
SPI [1]	result	12.64476697	0.00000512	0x00	0xFF
SPI [1]	result	12.64515913	0.00000512	0x08	0xFF
SPI [1]	result	12.64516441	0.00000512	0x00	0xFF
SPI [1]	result	12.64516969	0.00000512	0x89	0xFF
SPI [1]	result	12.64517497	0.00000512	0xB8	0xFF
SPI [1]	result	12.68306803	0.00000512	0x00	0x00
SPI [1]	result	12.68307331	0.00000512	0x00	0x00
SPI [1]	result	12.68307859	0.00000512	0x08	0x04
SPI [1]	result	12.68308387	0.00000512	0x20	0x3F
SPI [1]	result	12.68350021	0.00000512	0x0A	0xFF
SPI [1]	result	12.68350549	0.00000512	0x10	0xFF
SPI [1]	result	12.68351077	0.00000512	0x80	0xFF
SPI [1]	result	12.68351605	0.00000512	0x32	0xFF
SPI [1]	result	12.68390899	0.00000512	0x00	0xFF
SPI [1]	result	12.68391427	0.00000512	0x00	0xFF
SPI [1]	result	12.68391955	0.00000512	0x00	0xFF
SPI [1]	result	12.68392483	0.00000512	0x00	0xFF
SPI [1]	result	12.68431635	0.00000512	0x08	0xFF
SPI [1]	result	12.68432163	0.00000512	0x00	0xFF
SPI [1]	result	12.68432691	0.00000512	0x88	0xFF
SPI [1]	result	12.68433219	0.00000512	0x32	0xFF
SPI [1]	result	12.72306482	0.00000512	0x00	0x00
SPI [1]	result	12.72307010	0.00000512	0x00	0x00
SPI [1]	result	12.72307538	0.00000512	0x08	0x00
SPI [1]	result	12.72308066	0.00000512	0x20	0x3F
SPI [1]	result	12.72348598	0.00000512	0x0B	0xFF
SPI [1]	result	12.72349126	0.00000512	0x10	0xFF
SPI [1]	result	12.72349654	0.00000512	0x80	0xFF
SPI [1]	result	12.72350182	0.00000512	0x3A	0xFF
SPI [1]	result	12.72389432	0.00000512	0x00	0xFF
SPI [1]	result	12.72389960	0.00000512	0x00	0xFF
SPI [1]	result	12.72390488	0.00000512	0x00	0xFF
SPI [1]	result	12.72391016	0.00000512	0x00	0xFF
SPI [1]	result	12.72430175	0.00000512	0x08	0xFF
SPI [1]	result	12.72430703	0.00000512	0x00	0xFF
SPI [1]	result	12.72431231	0.00000512	0x88	0xFF
SPI [1]	result	12.72431759	0.00000512	0x32	0xFF
SPI [1]	result	12.76306607	0.00000512	0x00	0x00
SPI [1]	result	12.76307135	0.00000512	0x00	0x00
SPI [1]	result	12.76307663	0.00000512	0x08	0x06
SPI [1]	result	12.76308191	0.00000512	0x20	0x3F
SPI [1]	result	12.76348694	0.00000512	0x0C	0xFF
SPI [1]	result	12.76349222	0.00000512	0x10	0xFF
SPI [1]	result	12.76349750	0.00000512	0x80	0xFF
SPI [1]	result	12.76350278	0.00000512	0x02	0xFF
SPI [1]	result	12.76389566	0.00000512	0x00	0xFF
SPI [1]	result	12.76390094	0.00000512	0x00	0xFF
SPI [1]	result	12.76390622	0.00000512	0x09	0xFF
SPI [1]	result	12.76391150	0.00000512	0xA6	0xFF
SPI [1]	result	12.76430331	0.00000512	0x0D	0xFF
SPI [1]	result	12.76430859	0.00000512	0x00	0xFF
SPI [1]	result	12.76431387	0.00000512	0x88	0xFF
SPI [1]	result	12.76431915	0.00000512	0x1A	0xFF
SPI [1]	result	12.76471074	0.00000512	0x00	0xFF
SPI [1]	result	12.76471602	0.00000512	0x00	0xFF
SPI [1]	result	12.76472130	0.00000512	0x00	0xFF
SPI [1]	result	12.76472658	0.00000512	0x00	0xFF
SPI [1]	result	12.76512185	0.00000512	0x08	0xFF
SPI [1]	result	12.76512713	0.00000512	0x00	0xFF
SPI [1]	result	12.76513241	0.00000512	0x89	0xFF
SPI [1]	result	12.76513769	0.00000512	0xB8	0xFF
SPI [1]	result	12.80306308	0.00000512	0x00	0x00
SPI [1]	result	12.80306836	0.00000512	0x00	0x00
SPI [1]	result	12.80307364	0.00000512	0x08	0x00
SPI [1]	result	12.80307892	0.00000512	0x20	0x3F
SPI [1]	result	12.80347882	0.00000512	0x0E	0xFF
SPI [1]	result	12.80348410	0.00000512	0x10	0xFF
SPI [1]	result	12.80348938	0.00000512	0x80	0xFF
SPI [1]	result	12.80349466	0.00000512	0x12	0xFF
SPI [1]	result	12.80388690	0.00000512	0x00	0xFF
SPI [1]	result	12.80389218	0.00000512	0x00	0xFF
SPI [1]	result	12.80389746	0.00000512	0x00	0xFF
SPI [1]	result	12.80390274	0.00000512	0x00	0xFF
SPI [1]	result	12.80429486	0.00000512	0x08	0xFF
SPI [1]	result	12.80430014	0.00000512	0x00	0xFF
SPI [1]	result	12.80430542	0.00000512	0x88	0xFF
SPI [1]	result	12.80431070	0.00000512	0x32	0xFF
SPI [1]	result	12.84306276	0.00000512	0x00	0x00
SPI [1]	result	12.84306804	0.00000512	0x00	0x00
SPI [1]	result	12.84307332	0.00000512	0x08	0x00
SPI [1]	result	12.84307860	0.00000512	0x20	0x3F
SPI [1]	result	12.84348704	0.00000512	0x0F	0xFF
SPI [1]	result	12.84349232	0.00000512	0x10	0xFF
SPI [1]	result	12.84349760	0.00000512	0x80	0xFF
SPI [1]	result	12.84350288	0.00000512	0x1A	0xFF
SPI [1]	result	12.84394402	0.00000512	0x00	0xFF
SPI [1]	result	12.84394930	0.00000512	0x00	0xFF
SPI [1]	result	12.84395458	0.00000512	0x00	0xFF
SPI [1]	result	12.84395986	0.00000512	0x00	0xFF
SPI [1]	result	12.84435541	0.00000512	0x08	0xFF
SPI [1]	result	12.84436069	0.00000512	0x00	0xFF
SPI [1]	result	12.84436597	0.00000512	0x88	0xFF
SPI [1]	result	12.84437125	0.00000512	0x32	0xFF
SPI [1]	result	12.88306670	0.00000512	0x00	0x00
SPI [1]	result	12.88307198	0.00000512	0x00	0x00
SPI [1]	result	12.88307726	0.00000512	0x08	0x04
SPI [1]	result	12.88308254	0.00000512	0x20	0x3F
SPI [1]	result	12.88349251	0.00000512	0x08	0xFF
SPI [1]	result	12.88349779	0.00000512	0x10	0xFF
SPI [1]	result	12.88350307	0.00000512	0x80	0xFF
SPI [1]	result	12.88350835	0.00000512	0x22	0xFF
SPI [1]	result	12.88390111	0.00000512	0x00	0xFF
SPI [1]	result	12.88390639	0.00000512	0x00	0xFF
SPI [1]	result	12.88391167	0.00000512	0x09	0xFF
SPI [1]	result	12.88391695	0.00000512	0xA6	0xFF
SPI [1]	result	12.88430898	0.00000512	0x09	0xFF
SPI [1]	result	12.88431426	0.00000512	0x00	0xFF
SPI [1]	result	12.88431954	0.00000512	0x88	0xFF
SPI [1]	result	12.88432482	0.00000512	0x3A	0xFF
SPI [1]	result	12.88471654	0.00000512	0x00	0xFF
SPI [1]	result	12.88472182	0.00000512	0x00	0xFF
SPI [1]	result	12.88472710	0.00000512	0x00	0xFF
SPI [1]	result	12.88473238	0.00000512	0x00	0xFF
SPI [1]	result	12.88512421	0.00000512	0x08	0xFF
SPI [1]	result	12.88512949	0.00000512	0x00	0xFF
SPI [1]	result	12.88513477	0.00000512	0x89	0xFF
SPI [1]	result	12.88514005	0.00000512	0xB8	0xFF
SPI [1]	result	12.92307232	0.00000512	0x00	0x00
SPI [1]	result	12.92307760	0.00000512	0x00	0x00
SPI [1]	result	12.92308288	0.00000512	0x08	0x00
SPI [1]	result	12.92308816	0.00000512	0x20	0x3F
SPI [1]	result	12.92351608	0.00000512	0x0A	0xFF
SPI [1]	result	12.92352136	0.00000512	0x10	0xFF
SPI [1]	result	12.92352664	0.00000512	0x80	0xFF
SPI [1]	result	12.92353192	0.00000512	0x32	0xFF
SPI [1]	result	12.92392612	0.00000512	0x00	0xFF
SPI [1]	result	12.92393140	0.00000512	0x00	0xFF
SPI [1]	result	12.92393668	0.00000512	0x00	0xFF
SPI [1]	result	12.92394196	0.00000512	0x00	0xFF
SPI [1]	result	12.92433384	0.00000512	0x08	0xFF
SPI [1]	result	12.92433912	0.00000512	0x00	0xFF
SPI [1]	result	12.92434440	0.00000512	0x88	0xFF
SPI [1]	result	12.92434968	0.00000512	0x32	0xFF
SPI [1]	result	12.96306711	0.00000512	0x00	0x00
SPI [1]	result	12.96307239	0.00000512	0x00	0x00
SPI [1]	result	12.96307767	0.00000512	0x08	0x04
SPI [1]	result	12.96308295	0.00000512	0x20	0x3F
SPI [1]	result	12.96349295	0.00000512	0x0B	0xFF
SPI [1]	result	12.96349823	0.00000512	0x10	0xFF
SPI [1]	result	12.96350351	0.00000512	0x80	0xFF
SPI [1]	result	12.96350879	0.00000512	0x3A	0xFF
SPI [1]	result	12.96390143	0.00000512	0x00	0xFF
SPI [1]	result	12.96390671	0.00000512	0x00	0xFF
SPI [1]	result	12.96391199	0.00000512	0x00	0xFF
SPI [1]	result	12.96391727	0.00000512	0x00	0xFF
SPI [1]	result	12.96430917	0.00000512	0x08	0xFF
SPI [1]	result	12.96431445	0.00000512	0x00	0xFF
SPI [1]	result	12.96431973	0.00000512	0x88	0xFF
SPI [1]	result	12.96432501	0.00000512	0x32	0xFF
SPI [1]	result	13.00307375	0.00000512	0x00	0x00
SPI [1]	result	13.00307903	0.00000512	0x00	0x00
SPI [1]	result	13.00308431	0.00000512	0x08	0x00
SPI [1]	result	13.00308959	0.00000512	0x20	0x3F
SPI [1]	result	13.00351668	0.00000512	0x0C	0xFF
SPI [1]	result	13.00352196	0.00000512	0x10	0xFF
SPI [1]	result	13.00352724	0.00000512	0x80	0xFF
SPI [1]	result	13.00353252	0.00000512	0x02	0xFF
SPI [1]	result	13.00392603	0.00000512	0x00	0xFF
SPI [1]	result	13.00393131	0.00000512	0x00	0xFF
SPI [1]	result	13.00393659	0.00000512	0x09	0xFF
SPI [1]	result	13.00394187	0.00000512	0xA6	0xFF
SPI [1]	result	13.00433555	0.00000512	0x0D	0xFF
SPI [1]	result	13.00434083	0.00000512	0x00	0xFF
SPI [1]	result	13.00434611	0.00000512	0x88	0xFF
SPI [1]	result	13.00435139	0.00000512	0x1A	0xFF
SPI [1]	result	13.00474376	0.00000512	0x00	0xFF
SPI [1]	result	13.00474904	0.00000512	0x00	0xFF
SPI [1]	result	13.00475432	0.00000512	0x00	0xFF
SPI [1]	result	13.00475960	0.00000512	0x00	0xFF
SPI [1]	result	13.00515191	0.00000512	0x08	0xFF
SPI [1]	result	13.00515719	0.00000512	0x00	0xFF
SPI [1]	result	13.00516247	0.00000512	0x89	0xFF
SPI [1]	result	13.00516775	0.00000512	0xB8	0xFF
SPI [1]	result	13.04306423	0.00000512	0x00	0x00
SPI [1]	result	13.04306951	0.00000512	0x00	0x00
SPI [1]	result	13.04307479	0.00000512	0x08	0x00
SPI [1]	result	13.04308007	0.00000512	0x20	0x3F
SPI [1]	result	13.04348669	0.00000512	0x0E	0xFF
SPI [1]	result	13.04349197	0.00000512	0x10	0xFF
SPI [1]	result	13.04349725	0.00000512	0x80	0xFF
SPI [1]	result	13.04350253	0.00000512	0x12	0xFF
SPI [1]	result	13.04389651	0.00000512	0x00	0xFF
SPI [1]	result	13.04390179	0.00000512	0x00	0xFF
SPI [1]	result	13.04390707	0.00000512	0x00	0xFF
SPI [1]	result	13.04391235	0.00000512	0x00	0xFF
SPI [1]	result	13.04431966	0.00000512	0x08	0xFF
SPI [1]	result	13.04432494	0.00000512	0x00	0xFF
SPI [1]	result	13.04433022	0.00000512	0x88	0xFF
SPI [1]	result	13.04433550	0.00000512	0x32	0xFF
SPI [1]	result	13.08306898	0.00000512	0x00	0x00
SPI [1]	result	13.08307426	0.00000512	0x00	0x00
SPI [1]	result	13.08307954	0.00000512	0x08	0x04
SPI [1]	result	13.08308482	0.00000512	0x20	0x3F
SPI [1]	result	13.08350713	0.00000512	0x0F	0xFF
SPI [1]	result	13.08351241	0.00000512	0x10	0xFF
SPI [1]	result	13.08351769	0.00000512	0x80	0xFF
SPI [1]	result	13.08352297	0.00000512	0x1A	0xFF
SPI [1]	result	13.08391545	0.00000512	0x00	0xFF
SPI [1]	result	13.08392073	0.00000512	0x00	0xFF
SPI [1]	result	13.08392601	0.00000512	0x00	0xFF
SPI [1]	result	13.08393129	0.00000512	0x00	0xFF
SPI [1]	result	13.08432315	0.00000512	0x08	0xFF
SPI [1]	result	13.08432843	0.00000512	0x00	0xFF
SPI [1]	result	13.08433371	0.00000512	0x88	0xFF
SPI [1]	result	13.08433899	0.00000512	0x32	0xFF
SPI [1]	result	13.12306898	0.00000512	0x00	0x00
SPI [1]	result	13.12307426	0.00000512	0x00	0x00
SPI [1]	result	13.12307954	0.00000512	0x08	0x00
SPI [1]	result	13.12308482	0.00000512	0x20	0x3F
SPI [1]	result	13.12350329	0.00000512	0x08	0xFF
SPI [1]	result	13.12350857	0.00000512	0x10	0xFF
SPI [1]	result	13.12351385	0.00000512	0x80	0xFF
SPI [1]	result	13.12351913	0.00000512	0x22	0xFF
SPI [1]	result	13.12391185	0.00000512	0x00	0xFF
SPI [1]	result	13.12391713	0.00000512	0x00	0xFF
SPI [1]	result	13.12392241	0.00000512	0x09	0xFF
SPI [1]	result	13.12392769	0.00000512	0xA6	0xFF
SPI [1]	result	13.12431998	0.00000512	0x09	0xFF
SPI [1]	result	13.12432526	0.00000512	0x00	0xFF
SPI [1]	result	13.12433054	0.00000512	0x88	0xFF
SPI [1]	result	13.12433582	0.00000512	0x3A	0xFF
SPI [1]	result	13.12472717	0.00000512	0x00	0xFF
SPI [1]	result	13.12473245	0.00000512	0x00	0xFF
SPI [1]	result	13.12473773	0.00000512	0x00	0xFF
SPI [1]	result	13.12474301	0.00000512	0x00	0xFF
SPI [1]	result	13.12513485	0.00000512	0x08	0xFF
SPI [1]	result	13.12514013	0.00000512	0x00	0xFF
SPI [1]	result	13.12514541	0.00000512	0x89	0xFF
SPI [1]	result	13.12515069	0.00000512	0xB8	0xFF
SPI [1]	result	13.16306425	0.00000512	0x00	0x00
SPI [1]	result	13.16306953	0.00000512	0x00	0x00
SPI [1]	result	13.16307481	0.00000512	0x08	0x04
SPI [1]	result	13.16308009	0.00000512	0x20	0xBF
SPI [1]	result	13.16348528	0.00000512	0x0A	0xFF
SPI [1]	result	13.16349056	0.00000512	0x10	0xFF
SPI [1]	result	13.16349584	0.00000512	0x80	0xFF
SPI [1]	result	13.16350112	0.00000512	0x32	0xFF
SPI [1]	result	13.16389592	0.00000512	0x00	0xFF
SPI [1]	result	13.16390120	0.00000512	0x00	0xFF
SPI [1]	result	13.16390648	0.00000512	0x00	0xFF
SPI [1]	result	13.16391176	0.00000512	0x00	0xFF
SPI [1]	result	13.16430373	0.00000512	0x08	0xFF
SPI [1]	result	13.16430901	0.00000512	0x00	0xFF
SPI [1]	result	13.16431429	0.00000512	0x88	0xFF
SPI [1]	result	13.16431957	0.00000512	0x32	0xFF
SPI [1]	result	13.20306693	0.00000512	0x00	0x00
SPI [1]	result	13.20307221	0.00000512	0x00	0x00
SPI [1]	result	13.20307749	0.00000512	0x08	0x00
SPI [1]	result	13.20308277	0.00000512	0x20	0x3F
SPI [1]	result	13.20349428	0.00000512	0x0B	0xFF
SPI [1]	result	13.20349956	0.00000512	0x10	0xFF
SPI [1]	result	13.20350484	0.00000512	0x80	0xFF
SPI [1]	result	13.20351012	0.00000512	0x3A	0xFF
SPI [1]	result	13.20390276	0.00000512	0x00	0xFF
SPI [1]	result	13.20390804	0.00000512	0x00	0xFF
SPI [1]	result	13.20391332	0.00000512	0x00	0xFF
SPI [1]	result	13.20391860	0.00000512	0x00	0xFF
SPI [1]	result	13.20435919	0.00000512	0x08	0xFF
SPI [1]	result	13.20436447	0.00000512	0x00	0xFF
SPI [1]	result	13.20436975	0.00000512	0x88	0xFF
SPI [1]	result	13.20437503	0.00000512	0x32	0xFF
SPI [1]	result	13.24306601	0.00000512	0x00	0x00
SPI [1]	result	13.24307129	0.00000512	0x00	0x00
SPI [1]	result	13.24307657	0.00000512	0x08	0x00
SPI [1]	result	13.24308185	0.00000512	0x20	0x3F
SPI [1]	result	13.24348572	0.00000512	0x0C	0xFF
SPI [1]	result	13.24349100	0.00000512	0x10	0xFF
SPI [1]	result	13.24349628	0.00000512	0x80	0xFF
SPI [1]	result	13.24350156	0.00000512	0x02	0xFF
SPI [1]	result	13.24389416	0.00000512	0x00	0xFF
SPI [1]	result	13.24389944	0.00000512	0x00	0xFF
SPI [1]	result	13.24390472	0.00000512	0x09	0xFF
SPI [1]	result	13.24391000	0.00000512	0xA6	0xFF
SPI [1]	result	13.24430187	0.00000512	0x0D	0xFF
SPI [1]	result	13.24430715	0.00000512	0x00	0xFF
SPI [1]	result	13.24431243	0.00000512	0x88	0xFF
SPI [1]	result	13.24431771	0.00000512	0x1A	0xFF
SPI [1]	result	13.24470918	0.00000512	0x00	0xFF
SPI [1]	result	13.24471446	0.00000512	0x00	0xFF
SPI [1]	result	13.24471974	0.00000512	0x00	0xFF
SPI [1]	result	13.24472502	0.00000512	0x00	0xFF
SPI [1]	result	13.24512161	0.00000512	0x08	0xFF
SPI [1]	result	13.24512689	0.00000512	0x00	0xFF
SPI [1]	result	13.24513217	0.00000512	0x89	0xFF
SPI [1]	result	13.24513745	0.00000512	0xB8	0xFF
SPI [1]	result	13.28306756	0.00000512	0x00	0x00
SPI [1]	result	13.28307284	0.00000512	0x00	0x00
SPI [1]	result	13.28307812	0.00000512	0x08	0x06
SPI [1]	result	13.28308340	0.00000512	0x20	0x3F
SPI [1]	result	13.28349627	0.00000512	0x0E	0xFF
SPI [1]	result	13.28350155	0.00000512	0x10	0xFF
SPI [1]	result	13.28350683	0.00000512	0x80	0xFF
SPI [1]	result	13.28351211	0.00000512	0x12	0xFF
SPI [1]	result	13.28390771	0.00000512	0x00	0xFF
SPI [1]	result	13.28391299	0.00000512	0x00	0xFF
SPI [1]	result	13.28391827	0.00000512	0x00	0xFF
SPI [1]	result	13.28392355	0.00000512	0x00	0xFF
SPI [1]	result	13.28431458	0.00000512	0x08	0xFF
SPI [1]	result	13.28431986	0.00000512	0x00	0xFF
SPI [1]	result	13.28432514	0.00000512	0x88	0xFF
SPI [1]	result	13.28433042	0.00000512	0x32	0xFF
SPI [1]	result	13.32306618	0.00000512	0x00	0x00
SPI [1]	result	13.32307146	0.00000512	0x00	0x00
SPI [1]	result	13.32307674	0.00000512	0x08	0x00
SPI [1]	result	13.32308202	0.00000512	0x20	0x3F
SPI [1]	result	13.32348885	0.00000512	0x0F	0xBF
SPI [1]	result	13.32349413	0.00000512	0x10	0xFF
SPI [1]	result	13.32349941	0.00000512	0x80	0xFF
SPI [1]	result	13.32350469	0.00000512	0x1A	0xFF
SPI [1]	result	13.32389819	0.00000512	0x00	0xFF
SPI [1]	result	13.32390347	0.00000512	0x00	0xFF
SPI [1]	result	13.32390875	0.00000512	0x00	0xFF
SPI [1]	result	13.32391403	0.00000512	0x00	0xFF
SPI [1]	result	13.32430611	0.00000512	0x08	0xFF
SPI [1]	result	13.32431139	0.00000512	0x00	0xFF
SPI [1]	result	13.32431667	0.00000512	0x88	0xFF
SPI [1]	result	13.32432195	0.00000512	0x32	0xFF
SPI [1]	result	13.36307646	0.00000512	0x00	0x00
SPI [1]	result	13.36308174	0.00000512	0x00	0x00
SPI [1]	result	13.36308702	0.00000512	0x08	0x04
SPI [1]	result	13.36309230	0.00000512	0x20	0x3F
SPI [1]	result	13.36352770	0.00000512	0x08	0xFF
SPI [1]	result	13.36353298	0.00000512	0x10	0xFF
SPI [1]	result	13.36353826	0.00000512	0x80	0xFF
SPI [1]	result	13.36354354	0.00000512	0x22	0xFF
SPI [1]	result	13.36393650	0.00000512	0x00	0xFF
SPI [1]	result	13.36394178	0.00000512	0x00	0xFF
SPI [1]	result	13.36394706	0.00000512	0x09	0xFF
SPI [1]	result	13.36395234	0.00000512	0xA6	0xFF
SPI [1]	result	13.36434461	0.00000512	0x09	0xFF
SPI [1]	result	13.36434989	0.00000512	0x00	0xFF
SPI [1]	result	13.36435517	0.00000512	0x88	0xFF
SPI [1]	result	13.36436045	0.00000512	0x3A	0xFF
SPI [1]	result	13.36475431	0.00000512	0x00	0xFF
SPI [1]	result	13.36475959	0.00000512	0x00	0xFF
SPI [1]	result	13.36476487	0.00000512	0x00	0xFF
SPI [1]	result	13.36477015	0.00000512	0x00	0xFF
SPI [1]	result	13.36516041	0.00000512	0x08	0xFF
SPI [1]	result	13.36516569	0.00000512	0x00	0xFF
SPI [1]	result	13.36517097	0.00000512	0x89	0xFF
SPI [1]	result	13.36517625	0.00000512	0xB8	0xFF
SPI [1]	result	13.40306310	0.00000512	0x00	0x00
SPI [1]	result	13.40306838	0.00000512	0x00	0x00
SPI [1]	result	13.40307366	0.00000512	0x08	0x00
SPI [1]	result	13.40307894	0.00000512	0x20	0x3F
SPI [1]	result	13.40347882	0.00000512	0x0A	0xFF
SPI [1]	result	13.40348410	0.00000512	0x10	0xFF
SPI [1]	result	13.40348938	0.00000512	0x80	0xFF
SPI [1]	result	13.40349466	0.00000512	0x32	0xFF
SPI [1]	result	13.40388825	0.00000512	0x00	0xFF
SPI [1]	result	13.40389353	0.00000512	0x00	0xFF
SPI [1]	result	13.40389881	0.00000512	0x00	0xFF
SPI [1]	result	13.40390409	0.00000512	0x00	0xFF
SPI [1]	result	13.40429621	0.00000512	0x08	0xFF
SPI [1]	result	13.40430149	0.00000512	0x00	0xFF
SPI [1]	result	13.40430677	0.00000512	0x88	0xFF
SPI [1]	result	13.40431205	0.00000512	0x32	0xFF
SPI [1]	result	13.44306491	0.00000512	0x00	0x00
SPI [1]	result	13.44307019	0.00000512	0x00	0x00
SPI [1]	result	13.44307547	0.00000512	0x08	0x00
SPI [1]	result	13.44308075	0.00000512	0x20	0x3F
SPI [1]	result	13.44348930	0.00000512	0x0B	0xFF
SPI [1]	result	13.44349458	0.00000512	0x10	0xFF
SPI [1]	result	13.44349986	0.00000512	0x80	0xFF
SPI [1]	result	13.44350514	0.00000512	0x3A	0xFF
SPI [1]	result	13.44389822	0.00000512	0x00	0xFF
SPI [1]	result	13.44390350	0.00000512	0x00	0xFF
SPI [1]	result	13.44390878	0.00000512	0x00	0xFF
SPI [1]	result	13.44391406	0.00000512	0x00	0xFF
SPI [1]	result	13.44430563	0.00000512	0x08	0xFF
SPI [1]	result	13.44431091	0.00000512	0x00	0xFF
SPI [1]	result	13.44431619	0.00000512	0x88	0xFF
SPI [1]	result	13.44432147	0.00000512	0x32	0xFF
SPI [1]	result	13.48306475	0.00000512	0x00	0x00
SPI [1]	result	13.48307003	0.00000512	0x00	0x00
SPI [1]	result	13.48307531	0.00000512	0x08	0x04
SPI [1]	result	13.48308059	0.00000512	0x20	0x3F
SPI [1]	result	13.48348496	0.00000512	0x0C	0xFF
SPI [1]	result	13.48349024	0.00000512	0x10	0xFF
SPI [1]	result	13.48349552	0.00000512	0x80	0xFF
SPI [1]	result	13.48350080	0.00000512	0x02	0xFF
SPI [1]	result	13.48389435	0.00000512	0x00	0xFF
SPI [1]	result	13.48389963	0.00000512	0x00	0xFF
SPI [1]	result	13.48390491	0.00000512	0x09	0xFF
SPI [1]	result	13.48391019	0.00000512	0xA6	0xFF
SPI [1]	result	13.48430283	0.00000512	0x0D	0xFF
SPI [1]	result	13.48430811	0.00000512	0x00	0xFF
SPI [1]	result	13.48431339	0.00000512	0x88	0xFF
SPI [1]	result	13.48431867	0.00000512	0x1A	0xFF
SPI [1]	result	13.48471017	0.00000512	0x00	0xFF
SPI [1]	result	13.48471545	0.00000512	0x00	0xFF
SPI [1]	result	13.48472073	0.00000512	0x00	0xFF
SPI [1]	result	13.48472601	0.00000512	0x00	0xFF
SPI [1]	result	13.48511802	0.00000512	0x08	0xFF
SPI [1]	result	13.48512330	0.00000512	0x00	0xFF
SPI [1]	result	13.48512858	0.00000512	0x89	0xFF
SPI [1]	result	13.48513386	0.00000512	0xB8	0xFF
SPI [1]	result	13.52306326	0.00000512	0x00	0x00
SPI [1]	result	13.52306854	0.00000512	0x00	0x00
SPI [1]	result	13.52307382	0.00000512	0x08	0x00
SPI [1]	result	13.52307910	0.00000512	0x20	0x3F
SPI [1]	result	13.52348271	0.00000512	0x0E	0xFF
SPI [1]	result	13.52348799	0.00000512	0x10	0xFF
SPI [1]	result	13.52349327	0.00000512	0x80	0xFF
SPI [1]	result	13.52349855	0.00000512	0x12	0xFF
SPI [1]	result	13.52389117	0.00000512	0x00	0xFF
SPI [1]	result	13.52389645	0.00000512	0x00	0xFF
SPI [1]	result	13.52390173	0.00000512	0x00	0xFF
SPI [1]	result	13.52390701	0.00000512	0x00	0xFF
SPI [1]	result	13.52429858	0.00000512	0x08	0xFF
SPI [1]	result	13.52430386	0.00000512	0x00	0xFF
SPI [1]	result	13.52430914	0.00000512	0x88	0xFF
SPI [1]	result	13.52431442	0.00000512	0x32	0xFF
SPI [1]	result	13.56306161	0.00000512	0x00	0x00
SPI [1]	result	13.56306689	0.00000512	0x00	0x00
SPI [1]	result	13.56307217	0.00000512	0x08	0x04
SPI [1]	result	13.56307745	0.00000512	0x20	0x3F
SPI [1]	result	13.56347469	0.00000512	0x0F	0xFF
SPI [1]	result	13.56347997	0.00000512	0x10	0xFF
SPI [1]	result	13.56348525	0.00000512	0x80	0xFF
SPI [1]	result	13.56349053	0.00000512	0x1A	0xFF
SPI [1]	result	13.56388067	0.00000512	0x00	0xFF
SPI [1]	result	13.56388595	0.00000512	0x00	0xFF
SPI [1]	result	13.56389123	0.00000512	0x00	0xFF
SPI [1]	result	13.56389651	0.00000512	0x00	0xFF
SPI [1]	result	13.56433650	0.00000512	0x08	0xFF
SPI [1]	result	13.56434178	0.00000512	0x00	0xFF
SPI [1]	result	13.56434706	0.00000512	0x88	0xFF
SPI [1]	result	13.56435234	0.00000512	0x32	0xFF
SPI [1]	result	13.60306520	0.00000512	0x00	0x00
SPI [1]	result	13.60307048	0.00000512	0x00	0x00
SPI [1]	result	13.60307576	0.00000512	0x08	0x00
SPI [1]	result	13.60308104	0.00000512	0x20	0x3F
SPI [1]	result	13.60348449	0.00000512	0x08	0xFF
SPI [1]	result	13.60348977	0.00000512	0x10	0xFF
SPI [1]	result	13.60349505	0.00000512	0x80	0xFF
SPI [1]	result	13.60350033	0.00000512	0x22	0xFF
SPI [1]	result	13.60389120	0.00000512	0x00	0xFF
SPI [1]	result	13.60389648	0.00000512	0x00	0xFF
SPI [1]	result	13.60390176	0.00000512	0x09	0xFF
SPI [1]	result	13.60390704	0.00000512	0xA6	0xFF
SPI [1]	result	13.60429898	0.00000512	0x09	0xFF
SPI [1]	result	13.60430426	0.00000512	0x00	0xFF
SPI [1]	result	13.60430954	0.00000512	0x88	0xFF
SPI [1]	result	13.60431482	0.00000512	0x3A	0xFF
SPI [1]	result	13.60470648	0.00000512	0x00	0xFF
SPI [1]	result	13.60471176	0.00000512	0x00	0xFF
SPI [1]	result	13.60471704	0.00000512	0x00	0xFF
SPI [1]	result	13.60472232	0.00000512	0x00	0xFF
SPI [1]	result	13.60511344	0.00000512	0x08	0xFF
SPI [1]	result	13.60511872	0.00000512	0x00	0xFF
SPI [1]	result	13.60512400	0.00000512	0x89	0xFF
SPI [1]	result	13.60512928	0.00000512	0xB8	0xFF
SPI [1]	result	13.64306263	0.00000512	0x00	0x00
SPI [1]	result	13.64306791	0.00000512	0x00	0x00
SPI [1]	result	13.64307319	0.00000512	0x08	0x00
SPI [1]	result	13.64307847	0.00000512	0x20	0x3F
SPI [1]	result	13.64348406	0.00000512	0x0A	0xFF
SPI [1]	result	13.64348934	0.00000512	0x10	0xFF
SPI [1]	result	13.64349462	0.00000512	0x80	0xFF
SPI [1]	result	13.64349990	0.00000512	0x32	0xFF
SPI [1]	result	13.64389077	0.00000512	0x00	0xFF
SPI [1]	result	13.64389605	0.00000512	0x00	0xFF
SPI [1]	result	13.64390133	0.00000512	0x00	0xFF
SPI [1]	result	13.64390661	0.00000512	0x00	0xFF
SPI [1]	result	13.64429910	0.00000512	0x08	0xFF
SPI [1]	result	13.64430438	0.00000512	0x00	0xFF
SPI [1]	result	13.64430966	0.00000512	0x88	0xFF
SPI [1]	result	13.64431494	0.00000512	0x32	0xFF
SPI [1]	result	13.68306065	0.00000512	0x00	0x00
SPI [1]	result	13.68306593	0.00000512	0x00	0x00
SPI [1]	result	13.68307121	0.00000512	0x08	0x04
SPI [1]	result	13.68307649	0.00000512	0x20	0x3F
SPI [1]	result	13.68346952	0.00000512	0x0B	0xFF
SPI [1]	result	13.68347480	0.00000512	0x10	0xFF
SPI [1]	result	13.68348008	0.00000512	0x80	0xFF
SPI [1]	result	13.68348536	0.00000512	0x3A	0xFF
SPI [1]	result	13.68387786	0.00000512	0x00	0xFF
SPI [1]	result	13.68388314	0.00000512	0x00	0xFF
SPI [1]	result	13.68388842	0.00000512	0x00	0xFF
SPI [1]	result	13.68389370	0.00000512	0x00	0xFF
SPI [1]	result	13.68428415	0.00000512	0x08	0xFF
SPI [1]	result	13.68428943	0.00000512	0x00	0xFF
SPI [1]	result	13.68429471	0.00000512	0x88	0xFF
SPI [1]	result	13.68429999	0.00000512	0x32	0xFF
SPI [1]	result	13.72307005	0.00000512	0x00	0x00
SPI [1]	result	13.72307533	0.00000512	0x00	0x00
SPI [1]	result	13.72308061	0.00000512	0x08	0x00
SPI [1]	result	13.72308589	0.00000512	0x20	0x3F
SPI [1]	result	13.72350391	0.00000512	0x0C	0xFF
SPI [1]	result	13.72350919	0.00000512	0x10	0xFF
SPI [1]	result	13.72351447	0.00000512	0x80	0xFF
SPI [1]	result	13.72351975	0.00000512	0x02	0xFF
SPI [1]	result	13.72391272	0.00000512	0x00	0xFF
SPI [1]	result	13.72391800	0.00000512	0x00	0xFF
SPI [1]	result	13.72392328	0.00000512	0x09	0xFF
SPI [1]	result	13.72392856	0.00000512	0xA6	0xFF
SPI [1]	result	13.72431891	0.00000512	0x0D	0xFF
SPI [1]	result	13.72432419	0.00000512	0x00	0xFF
SPI [1]	result	13.72432947	0.00000512	0x88	0xFF
SPI [1]	result	13.72433475	0.00000512	0x1A	0xFF
SPI [1]	result	13.72472789	0.00000512	0x00	0xFF
SPI [1]	result	13.72473317	0.00000512	0x00	0xFF
SPI [1]	result	13.72473845	0.00000512	0x00	0xFF
SPI [1]	result	13.72474373	0.00000512	0x00	0xFF
SPI [1]	result	13.72513587	0.00000512	0x08	0xFF
SPI [1]	result	13.72514115	0.00000512	0x00	0xFF
SPI [1]	result	13.72514643	0.00000512	0x89	0xFF
SPI [1]	result	13.72515171	0.00000512	0xB8	0xFF
SPI [1]	result	13.76306071	0.00000512	0x00	0x00
SPI [1]	result	13.76306599	0.00000512	0x00	0x00
SPI [1]	result	13.76307127	0.00000512	0x08	0x04
SPI [1]	result	13.76307655	0.00000512	0x20	0x3F
SPI [1]	result	13.76347029	0.00000512	0x0E	0xFF
SPI [1]	result	13.76347557	0.00000512	0x10	0xFF
SPI [1]	result	13.76348085	0.00000512	0x80	0xFF
SPI [1]	result	13.76348613	0.00000512	0x12	0xFF
SPI [1]	result	13.76387901	0.00000512	0x00	0xFF
SPI [1]	result	13.76388429	0.00000512	0x00	0xFF
SPI [1]	result	13.76388957	0.00000512	0x00	0xFF
SPI [1]	result	13.76389485	0.00000512	0x00	0xFF
SPI [1]	result	13.76428468	0.00000512	0x08	0xFF
SPI [1]	result	13.76428996	0.00000512	0x00	0xFF
SPI [1]	result	13.76429524	0.00000512	0x88	0xFF
SPI [1]	result	13.76430052	0.00000512	0x32	0xFF
SPI [1]	result	13.80306158	0.00000512	0x00	0x00
SPI [1]	result	13.80306686	0.00000512	0x00	0x00
SPI [1]	result	13.80307214	0.00000512	0x08	0x00
SPI [1]	result	13.80307742	0.00000512	0x20	0x3F
SPI [1]	result	13.80347673	0.00000512	0x0F	0xFF
SPI [1]	result	13.80348201	0.00000512	0x10	0xFF
SPI [1]	result	13.80348729	0.00000512	0x80	0xFF
SPI [1]	result	13.80349257	0.00000512	0x1A	0xFF
SPI [1]	result	13.80388536	0.00000512	0x00	0xFF
SPI [1]	result	13.80389064	0.00000512	0x00	0xFF
SPI [1]	result	13.80389592	0.00000512	0x00	0xFF
SPI [1]	result	13.80390120	0.00000512	0x00	0xFF
SPI [1]	result	13.80429283	0.00000512	0x08	0xFF
SPI [1]	result	13.80429811	0.00000512	0x00	0xFF
SPI [1]	result	13.80430339	0.00000512	0x88	0xFF
SPI [1]	result	13.80430867	0.00000512	0x32	0xFF
SPI [1]	result	13.84306200	0.00000512	0x00	0x00
SPI [1]	result	13.84306728	0.00000512	0x00	0x00
SPI [1]	result	13.84307256	0.00000512	0x08	0x00
SPI [1]	result	13.84307784	0.00000512	0x20	0x3F
SPI [1]	result	13.84347247	0.00000512	0x08	0xFF
SPI [1]	result	13.84347775	0.00000512	0x10	0xFF
SPI [1]	result	13.84348303	0.00000512	0x80	0xFF
SPI [1]	result	13.84348831	0.00000512	0x22	0xFF
SPI [1]	result	13.84387995	0.00000512	0x00	0xFF
SPI [1]	result	13.84388523	0.00000512	0x00	0xFF
SPI [1]	result	13.84389051	0.00000512	0x09	0xFF
SPI [1]	result	13.84389579	0.00000512	0xA6	0xFF
SPI [1]	result	13.84428736	0.00000512	0x09	0xFF
SPI [1]	result	13.84429264	0.00000512	0x00	0xFF
SPI [1]	result	13.84429792	0.00000512	0x88	0xFF
SPI [1]	result	13.84430320	0.00000512	0x3A	0xFF
SPI [1]	result	13.84469518	0.00000512	0x00	0xFF
SPI [1]	result	13.84470046	0.00000512	0x00	0xFF
SPI [1]	result	13.84470574	0.00000512	0x00	0xFF
SPI [1]	result	13.84471102	0.00000512	0x00	0xFF
SPI [1]	result	13.84510240	0.00000512	0x08	0xFF
SPI [1]	result	13.84510768	0.00000512	0x00	0xFF
SPI [1]	result	13.84511296	0.00000512	0x89	0xFF
SPI [1]	result	13.84511824	0.00000512	0xB8	0xFF
SPI [1]	result	13.88305985	0.00000512	0x00	0x00
SPI [1]	result	13.88306513	0.00000512	0x00	0x00
SPI [1]	result	13.88307041	0.00000512	0x08	0x04
SPI [1]	result	13.88307569	0.00000512	0x20	0x3F
SPI [1]	result	13.88346648	0.00000512	0x0A	0xFF
SPI [1]	result	13.88347176	0.00000512	0x10	0xFF
SPI [1]	result	13.88347704	0.00000512	0x80	0xFF
SPI [1]	result	13.88348232	0.00000512	0x32	0xFF
SPI [1]	result	13.88387382	0.00000512	0x00	0xFF
SPI [1]	result	13.88387910	0.00000512	0x00	0xFF
SPI [1]	result	13.88388438	0.00000512	0x00	0xFF
SPI [1]	result	13.88388966	0.00000512	0x00	0xFF
SPI [1]	result	13.88428028	0.00000512	0x08	0xFF
SPI [1]	result	13.88428556	0.00000512	0x00	0xFF
SPI [1]	result	13.88429084	0.00000512	0x88	0xFF
SPI [1]	result	13.88429612	0.00000512	0x32	0xFF
SPI [1]	result	13.92306296	0.00000512	0x00	0x00
SPI [1]	result	13.92306824	0.00000512	0x00	0x00
SPI [1]	result	13.92307352	0.00000512	0x08	0x00
SPI [1]	result	13.92307880	0.00000512	0x20	0x3F
SPI [1]	result	13.92348368	0.00000512	0x0B	0xFF
SPI [1]	result	13.92348896	0.00000512	0x10	0xFF
SPI [1]	result	13.92349424	0.00000512	0x80	0xFF
SPI [1]	result	13.92349952	0.00000512	0x3A	0xFF
SPI [1]	result	13.92389235	0.00000512	0x00	0xFF
SPI [1]	result	13.92389763	0.00000512	0x00	0xFF
SPI [1]	result	13.92390291	0.00000512	0x00	0xFF
SPI [1]	result	13.92390819	0.00000512	0x00	0xFF
SPI [1]	result	13.92430002	0.00000512	0x08	0xFF
SPI [1]	result	13.92430530	0.00000512	0x00	0xFF
SPI [1]	result	13.92431058	0.00000512	0x88	0xFF
SPI [1]	result	13.92431586	0.00000512	0x32	0xFF
SPI [1]	result	13.96306419	0.00000512	0x00	0x00
SPI [1]	result	13.96306947	0.00000512	0x00	0x00
SPI [1]	result	13.96307475	0.00000512	0x08	0x04
SPI [1]	result	13.96308003	0.00000512	0x20	0x3F
SPI [1]	result	13.96347977	0.00000512	0x0C	0xFF
SPI [1]	result	13.96348505	0.00000512	0x10	0xFF
SPI [1]	result	13.96349033	0.00000512	0x80	0xFF
SPI [1]	result	13.96349561	0.00000512	0x02	0xFF
SPI [1]	result	13.96388772	0.00000512	0x00	0xFF
SPI [1]	result	13.96389300	0.00000512	0x00	0xFF
SPI [1]	result	13.96389828	0.00000512	0x09	0xFF
SPI [1]	result	13.96390356	0.00000512	0xA6	0xFF
SPI [1]	result	13.96429566	0.00000512	0x0D	0xFF
SPI [1]	result	13.96430094	0.00000512	0x00	0xFF
SPI [1]	result	13.96430622	0.00000512	0x88	0xFF
SPI [1]	result	13.96431150	0.00000512	0x1A	0xFF
SPI [1]	result	13.96470275	0.00000512	0x00	0xFF
SPI [1]	result	13.96470803	0.00000512	0x00	0xFF
SPI [1]	result	13.96471331	0.00000512	0x00	0xFF
SPI [1]	result	13.96471859	0.00000512	0x00	0xFF
SPI [1]	result	13.96511015	0.00000512	0x08	0xFF
SPI [1]	result	13.96511543	0.00000512	0x00	0xFF
SPI [1]	result	13.96512071	0.00000512	0x89	0xFF
SPI [1]	result	13.96512599	0.00000512	0xB8	0xFF
SPI [1]	result	14.00306369	0.00000512	0x00	0x00
SPI [1]	result	14.00306897	0.00000512	0x00	0x00
SPI [1]	result	14.00307425	0.00000512	0x08	0x00
SPI [1]	result	14.00307953	0.00000512	0x20	0x3F
SPI [1]	result	14.00348047	0.00000512	0x0E	0xFF
SPI [1]	result	14.00348575	0.00000512	0x10	0xFF
SPI [1]	result	14.00349103	0.00000512	0x80	0xFF
SPI [1]	result	14.00349631	0.00000512	0x12	0xFF
SPI [1]	result	14.00388903	0.00000512	0x00	0xFF
SPI [1]	result	14.00389431	0.00000512	0x00	0xFF
SPI [1]	result	14.00389959	0.00000512	0x00	0xFF
SPI [1]	result	14.00390487	0.00000512	0x00	0xFF
SPI [1]	result	14.00429632	0.00000512	0x08	0xFF
SPI [1]	result	14.00430160	0.00000512	0x00	0xFF
SPI [1]	result	14.00430688	0.00000512	0x88	0xFF
SPI [1]	result	14.00431216	0.00000512	0x32	0xFF
SPI [1]	result	14.04306222	0.00000512	0x00	0x00
SPI [1]	result	14.04306750	0.00000512	0x00	0x00
SPI [1]	result	14.04307278	0.00000512	0x08	0x04
SPI [1]	result	14.04307806	0.00000512	0x20	0x3F
SPI [1]	result	14.04347589	0.00000512	0x0F	0xFF
SPI [1]	result	14.04348117	0.00000512	0x10	0xFF
SPI [1]	result	14.04348645	0.00000512	0x80	0xFF
SPI [1]	result	14.04349173	0.00000512	0x1A	0xFF
SPI [1]	result	14.04388417	0.00000512	0x00	0xFF
SPI [1]	result	14.04388945	0.00000512	0x00	0xFF
SPI [1]	result	14.04389473	0.00000512	0x00	0xFF
SPI [1]	result	14.04390001	0.00000512	0x00	0xFF
SPI [1]	result	14.04429543	0.00000512	0x08	0xFF
SPI [1]	result	14.04430071	0.00000512	0x00	0xFF
SPI [1]	result	14.04430599	0.00000512	0x88	0xFF
SPI [1]	result	14.04431127	0.00000512	0x32	0xFF
SPI [1]	result	14.08307498	0.00000512	0x00	0x00
SPI [1]	result	14.08308026	0.00000512	0x00	0x00
SPI [1]	result	14.08308554	0.00000512	0x08	0x00
SPI [1]	result	14.08309082	0.00000512	0x20	0x3F
SPI [1]	result	14.08352139	0.00000512	0x08	0xFF
SPI [1]	result	14.08352667	0.00000512	0x10	0xFF
SPI [1]	result	14.08353195	0.00000512	0x80	0xFF
SPI [1]	result	14.08353723	0.00000512	0x22	0xFF
SPI [1]	result	14.08393339	0.00000512	0x00	0xFF
SPI [1]	result	14.08393867	0.00000512	0x00	0xFF
SPI [1]	result	14.08394395	0.00000512	0x09	0xFF
SPI [1]	result	14.08394923	0.00000512	0xA6	0xFF
SPI [1]	result	14.08433958	0.00000512	0x09	0xFF
SPI [1]	result	14.08434486	0.00000512	0x00	0xFF
SPI [1]	result	14.08435014	0.00000512	0x88	0xFF
SPI [1]	result	14.08435542	0.00000512	0x3A	0xFF
SPI [1]	result	14.08474739	0.00000512	0x00	0xFF
SPI [1]	result	14.08475267	0.00000512	0x00	0xFF
SPI [1]	result	14.08475795	0.00000512	0x00	0xFF
SPI [1]	result	14.08476323	0.00000512	0x00	0xFF
SPI [1]	result	14.08515665	0.00000512	0x08	0xFF
SPI [1]	result	14.08516193	0.00000512	0x00	0xFF
SPI [1]	result	14.08516721	0.00000512	0x89	0xFF
SPI [1]	result	14.08517249	0.00000512	0xB8	0xFF
SPI [1]	result	14.12306108	0.00000512	0x00	0x00
SPI [1]	result	14.12306636	0.00000512	0x00	0x00
SPI [1]	result	14.12307164	0.00000512	0x08	0x00
SPI [1]	result	14.12307692	0.00000512	0x20	0x3F
SPI [1]	result	14.12347066	0.00000512	0x0A	0xFF
SPI [1]	result	14.12347594	0.00000512	0x10	0xFF
SPI [1]	result	14.12348122	0.00000512	0x80	0xFF
SPI [1]	result	14.12348650	0.00000512	0x32	0xFF
SPI [1]	result	14.12387881	0.00000512	0x00	0xFF
SPI [1]	result	14.12388409	0.00000512	0x00	0xFF
SPI [1]	result	14.12388937	0.00000512	0x00	0xFF
SPI [1]	result	14.12389465	0.00000512	0x00	0xFF
SPI [1]	result	14.12428759	0.00000512	0x08	0xFF
SPI [1]	result	14.12429287	0.00000512	0x00	0xFF
SPI [1]	result	14.12429815	0.00000512	0x88	0xFF
SPI [1]	result	14.12430343	0.00000512	0x32	0xFF
SPI [1]	result	14.16306503	0.00000512	0x00	0x00
SPI [1]	result	14.16307031	0.00000512	0x00	0x00
SPI [1]	result	14.16307559	0.00000512	0x08	0x04
SPI [1]	result	14.16308087	0.00000512	0x20	0x3F
SPI [1]	result	14.16348897	0.00000512	0x0B	0xFF
SPI [1]	result	14.16349425	0.00000512	0x10	0xFF
SPI [1]	result	14.16349953	0.00000512	0x80	0xFF
SPI [1]	result	14.16350481	0.00000512	0x3A	0xFF
SPI [1]	result	14.16389723	0.00000512	0x00	0xFF
SPI [1]	result	14.16390251	0.00000512	0x00	0xFF
SPI [1]	result	14.16390779	0.00000512	0x00	0xFF
SPI [1]	result	14.16391307	0.00000512	0x00	0xFF
SPI [1]	result	14.16430388	0.00000512	0x08	0xFF
SPI [1]	result	14.16430916	0.00000512	0x00	0xFF
SPI [1]	result	14.16431444	0.00000512	0x88	0xFF
SPI [1]	result	14.16431972	0.00000512	0x32	0xFF
SPI [1]	result	14.20306217	0.00000512	0x00	0x00
SPI [1]	result	14.20306745	0.00000512	0x00	0x00
SPI [1]	result	14.20307273	0.00000512	0x08	0x00
SPI [1]	result	14.20307801	0.00000512	0x20	0x3F
SPI [1]	result	14.20347117	0.00000512	0x0C	0xFF
SPI [1]	result	14.20347645	0.00000512	0x10	0xFF
SPI [1]	result	14.20348173	0.00000512	0x80	0xFF
SPI [1]	result	14.20348701	0.00000512	0x02	0xFF
SPI [1]	result	14.20387841	0.00000512	0x00	0xFF
SPI [1]	result	14.20388369	0.00000512	0x00	0xFF
SPI [1]	result	14.20388897	0.00000512	0x09	0xFF
SPI [1]	result	14.20389425	0.00000512	0xA6	0xFF
SPI [1]	result	14.20428615	0.00000512	0x0D	0xFF
SPI [1]	result	14.20429143	0.00000512	0x00	0xFF
SPI [1]	result	14.20429671	0.00000512	0x88	0xFF
SPI [1]	result	14.20430199	0.00000512	0x1A	0xFF
SPI [1]	result	14.20469338	0.00000512	0x00	0xFF
SPI [1]	result	14.20469866	0.00000512	0x00	0xFF
SPI [1]	result	14.20470394	0.00000512	0x00	0xFF
SPI [1]	result	14.20470922	0.00000512	0x00	0xFF
SPI [1]	result	14.20509919	0.00000512	0x08	0xFF
SPI [1]	result	14.20510447	0.00000512	0x00	0xFF
SPI [1]	result	14.20510975	0.00000512	0x89	0xFF
SPI [1]	result	14.20511503	0.00000512	0xB8	0xFF
SPI [1]	result	14.24306000	0.00000512	0x00	0x00
SPI [1]	result	14.24306528	0.00000512	0x00	0x00
SPI [1]	result	14.24307056	0.00000512	0x08	0x00
SPI [1]	result	14.24307584	0.00000512	0x20	0x3F
SPI [1]	result	14.24346906	0.00000512	0x0E	0xFF
SPI [1]	result	14.24347434	0.00000512	0x10	0xFF
SPI [1]	result	14.24347962	0.00000512	0x80	0xFF
SPI [1]	result	14.24348490	0.00000512	0x12	0xFF
SPI [1]	result	14.24387633	0.00000512	0x00	0xFF
SPI [1]	result	14.24388161	0.00000512	0x00	0xFF
SPI [1]	result	14.24388689	0.00000512	0x00	0xFF
SPI [1]	result	14.24389217	0.00000512	0x00	0xFF
SPI [1]	result	14.24428387	0.00000512	0x08	0xFF
SPI [1]	result	14.24428915	0.00000512	0x00	0xFF
SPI [1]	result	14.24429443	0.00000512	0x88	0xFF
SPI [1]	result	14.24429971	0.00000512	0x32	0xFF
SPI [1]	result	14.28305948	0.00000512	0x00	0x00
SPI [1]	result	14.28306476	0.00000512	0x00	0x00
SPI [1]	result	14.28307004	0.00000512	0x08	0x04
SPI [1]	result	14.28307532	0.00000512	0x20	0x3F
SPI [1]	result	14.28346768	0.00000512	0x0F	0xFF
SPI [1]	result	14.28347296	0.00000512	0x10	0xFF
SPI [1]	result	14.28347824	0.00000512	0x80	0xFF
SPI [1]	result	14.28348352	0.00000512	0x1A	0xFF
SPI [1]	result	14.28387533	0.00000512	0x00	0xFF
SPI [1]	result	14.28388061	0.00000512	0x00	0xFF
SPI [1]	result	14.28388589	0.00000512	0x00	0xFF
SPI [1]	result	14.28389117	0.00000512	0x00	0xFF
SPI [1]	result	14.28428252	0.00000512	0x08	0xFF
SPI [1]	result	14.28428780	0.00000512	0x00	0xFF
SPI [1]	result	14.28429308	0.00000512	0x88	0xFF
SPI [1]	result	14.28429836	0.00000512	0x32	0xFF
SPI [1]	result	14.32306193	0.00000512	0x00	0x00
SPI [1]	result	14.32306721	0.00000512	0x00	0x00
SPI [1]	result	14.32307249	0.00000512	0x08	0x00
SPI [1]	result	14.32307777	0.00000512	0x20	0x3F
SPI [1]	result	14.32347499	0.00000512	0x08	0xFF
SPI [1]	result	14.32348027	0.00000512	0x10	0xFF
SPI [1]	result	14.32348555	0.00000512	0x80	0xFF
SPI [1]	result	14.32349083	0.00000512	0x22	0xFF
SPI [1]	result	14.32388055	0.00000512	0x00	0xFF
SPI [1]	result	14.32388583	0.00000512	0x00	0xFF
SPI [1]	result	14.32389111	0.00000512	0x09	0xFF
SPI [1]	result	14.32389639	0.00000512	0xA6	0xFF
SPI [1]	result	14.32428786	0.00000512	0x09	0xFF
SPI [1]	result	14.32429314	0.00000512	0x00	0xFF
SPI [1]	result	14.32429842	0.00000512	0x88	0xFF
SPI [1]	result	14.32430370	0.00000512	0x3A	0xFF
SPI [1]	result	14.32469507	0.00000512	0x00	0xFF
SPI [1]	result	14.32470035	0.00000512	0x00	0xFF
SPI [1]	result	14.32470563	0.00000512	0x00	0xFF
SPI [1]	result	14.32471091	0.00000512	0x00	0xFF
SPI [1]	result	14.32510250	0.00000512	0x08	0xFF
SPI [1]	result	14.32510778	0.00000512	0x00	0xFF
SPI [1]	result	14.32511306	0.00000512	0x89	0xFF
SPI [1]	result	14.32511834	0.00000512	0xB8	0xFF
SPI [1]	result	14.36306278	0.00000512	0x00	0x00
SPI [1]	result	14.36306806	0.00000512	0x00	0x00
SPI [1]	result	14.36307334	0.00000512	0x08	0x04
SPI [1]	result	14.36307862	0.00000512	0x20	0x3F
SPI [1]	result	14.36347932	0.00000512	0x0A	0xFF
SPI [1]	result	14.36348460	0.00000512	0x10	0xFF
SPI [1]	result	14.36348988	0.00000512	0x80	0xFF
SPI [1]	result	14.36349516	0.00000512	0x32	0xFF
SPI [1]	result	14.36388845	0.00000512	0x00	0xFF
SPI [1]	result	14.36389373	0.00000512	0x00	0xFF
SPI [1]	result	14.36389901	0.00000512	0x00	0xFF
SPI [1]	result	14.36390429	0.00000512	0x00	0xFF
SPI [1]	result	14.36429617	0.00000512	0x08	0xFF
SPI [1]	result	14.36430145	0.00000512	0x00	0xFF
SPI [1]	result	14.36430673	0.00000512	0x88	0xFF
SPI [1]	result	14.36431201	0.00000512	0x32	0xFF
SPI [1]	result	14.40306037	0.00000512	0x00	0x00
SPI [1]	result	14.40306565	0.00000512	0x00	0x00
SPI [1]	result	14.40307093	0.00000512	0x08	0x00
SPI [1]	result	14.40307621	0.00000512	0x20	0x3F
SPI [1]	result	14.40346950	0.00000512	0x0B	0xFF
SPI [1]	result	14.40347478	0.00000512	0x10	0xFF
SPI [1]	result	14.40348006	0.00000512	0x80	0xFF
SPI [1]	result	14.40348534	0.00000512	0x3A	0xFF
SPI [1]	result	14.40387684	0.00000512	0x00	0xFF
SPI [1]	result	14.40388212	0.00000512	0x00	0xFF
SPI [1]	result	14.40388740	0.00000512	0x00	0xFF
SPI [1]	result	14.40389268	0.00000512	0x00	0xFF
SPI [1]	result	14.40428374	0.00000512	0x08	0xFF
SPI [1]	result	14.40428902	0.00000512	0x00	0xFF
SPI [1]	result	14.40429430	0.00000512	0x88	0xFF
SPI [1]	result	14.40429958	0.00000512	0x32	0xFF
SPI [1]	result	14.44306801	0.00000512	0x00	0x00
SPI [1]	result	14.44307329	0.00000512	0x00	0x00
SPI [1]	result	14.44307857	0.00000512	0x08	0x04
SPI [1]	result	14.44308385	0.00000512	0x20	0x3F
SPI [1]	result	14.44349152	0.00000512	0x0C	0xFF
SPI [1]	result	14.44349680	0.00000512	0x10	0xFF
SPI [1]	result	14.44350208	0.00000512	0x80	0xFF
SPI [1]	result	14.44350736	0.00000512	0x02	0xFF
SPI [1]	result	14.44390365	0.00000512	0x00	0xFF
SPI [1]	result	14.44390893	0.00000512	0x00	0xFF
SPI [1]	result	14.44391421	0.00000512	0x09	0xFF
SPI [1]	result	14.44391949	0.00000512	0xA6	0xFF
SPI [1]	result	14.44431183	0.00000512	0x0D	0xFF
SPI [1]	result	14.44431711	0.00000512	0x00	0xFF
SPI [1]	result	14.44432239	0.00000512	0x88	0xFF
SPI [1]	result	14.44432767	0.00000512	0x1A	0xFF
SPI [1]	result	14.44471958	0.00000512	0x00	0xFF
SPI [1]	result	14.44472486	0.00000512	0x00	0xFF
SPI [1]	result	14.44473014	0.00000512	0x00	0xFF
SPI [1]	result	14.44473542	0.00000512	0x00	0xFF
SPI [1]	result	14.44512861	0.00000512	0x08	0xFF
SPI [1]	result	14.44513389	0.00000512	0x00	0xFF
SPI [1]	result	14.44513917	0.00000512	0x89	0xFF
SPI [1]	result	14.44514445	0.00000512	0xB8	0xFF
SPI [1]	result	14.48306073	0.00000512	0x00	0x00
SPI [1]	result	14.48306601	0.00000512	0x00	0x00
SPI [1]	result	14.48307129	0.00000512	0x08	0x04
SPI [1]	result	14.48307657	0.00000512	0x20	0x3F
SPI [1]	result	14.48346999	0.00000512	0x0E	0xFF
SPI [1]	result	14.48347527	0.00000512	0x10	0xFF
SPI [1]	result	14.48348055	0.00000512	0x80	0xFF
SPI [1]	result	14.48348583	0.00000512	0x12	0xFF
SPI [1]	result	14.48387798	0.00000512	0x00	0xFF
SPI [1]	result	14.48388326	0.00000512	0x00	0xFF
SPI [1]	result	14.48388854	0.00000512	0x00	0xFF
SPI [1]	result	14.48389382	0.00000512	0x00	0xFF
SPI [1]	result	14.48428675	0.00000512	0x08	0xFF
SPI [1]	result	14.48429203	0.00000512	0x00	0xFF
SPI [1]	result	14.48429731	0.00000512	0x88	0xFF
SPI [1]	result	14.48430259	0.00000512	0x32	0xFF
SPI [1]	result	14.52305984	0.00000512	0x00	0x00
SPI [1]	result	14.52306512	0.00000512	0x00	0x00
SPI [1]	result	14.52307040	0.00000512	0x08	0x00
SPI [1]	result	14.52307568	0.00000512	0x20	0x3F
SPI [1]	result	14.52346664	0.00000512	0x0F	0xFF
SPI [1]	result	14.52347192	0.00000512	0x10	0xFF
SPI [1]	result	14.52347720	0.00000512	0x80	0xFF
SPI [1]	result	14.52348248	0.00000512	0x1A	0xFF
SPI [1]	result	14.52387380	0.00000512	0x00	0xFF
SPI [1]	result	14.52387908	0.00000512	0x00	0xFF
SPI [1]	result	14.52388436	0.00000512	0x00	0xFF
SPI [1]	result	14.52388964	0.00000512	0x00	0xFF
SPI [1]	result	14.52428108	0.00000512	0x08	0xFF
SPI [1]	result	14.52428636	0.00000512	0x00	0xFF
SPI [1]	result	14.52429164	0.00000512	0x88	0xFF
SPI [1]	result	14.52429692	0.00000512	0x32	0xFF
SPI [1]	result	14.56306100	0.00000512	0x00	0x00
SPI [1]	result	14.56306628	0.00000512	0x00	0x00
SPI [1]	result	14.56307156	0.00000512	0x08	0x04
SPI [1]	result	14.56307684	0.00000512	0x20	0x3F
SPI [1]	result	14.56347041	0.00000512	0x08	0xFF
SPI [1]	result	14.56347569	0.00000512	0x10	0xFF
SPI [1]	result	14.56348097	0.00000512	0x80	0xFF
SPI [1]	result	14.56348625	0.00000512	0x22	0xFF
SPI [1]	result	14.56387630	0.00000512	0x00	0xFF
SPI [1]	result	14.56388158	0.00000512	0x00	0xFF
SPI [1]	result	14.56388686	0.00000512	0x09	0xFF
SPI [1]	result	14.56389214	0.00000512	0xA6	0xFF
SPI [1]	result	14.56428347	0.00000512	0x09	0xFF
SPI [1]	result	14.56428875	0.00000512	0x00	0xFF
SPI [1]	result	14.56429403	0.00000512	0x88	0xFF
SPI [1]	result	14.56429931	0.00000512	0x3A	0xFF
SPI [1]	result	14.56469069	0.00000512	0x00	0xFF
SPI [1]	result	14.56469597	0.00000512	0x00	0xFF
SPI [1]	result	14.56470125	0.00000512	0x00	0xFF
SPI [1]	result	14.56470653	0.00000512	0x00	0xFF
SPI [1]	result	14.56509806	0.00000512	0x08	0xFF
SPI [1]	result	14.56510334	0.00000512	0x00	0xFF
SPI [1]	result	14.56510862	0.00000512	0x89	0xFF
SPI [1]	result	14.56511390	0.00000512	0xB8	0xFF
SPI [1]	result	14.60305961	0.00000512	0x00	0x00
SPI [1]	result	14.60306489	0.00000512	0x00	0x00
SPI [1]	result	14.60307017	0.00000512	0x08	0x00
SPI [1]	result	14.60307545	0.00000512	0x20	0x3F
SPI [1]	result	14.60346552	0.00000512	0x0A	0xFF
SPI [1]	result	14.60347080	0.00000512	0x10	0xFF
SPI [1]	result	14.60347608	0.00000512	0x80	0xFF
SPI [1]	result	14.60348136	0.00000512	0x32	0xFF
SPI [1]	result	14.60387289	0.00000512	0x00	0xFF
SPI [1]	result	14.60387817	0.00000512	0x00	0xFF
SPI [1]	result	14.60388345	0.00000512	0x00	0xFF
SPI [1]	result	14.60388873	0.00000512	0x00	0xFF
SPI [1]	result	14.60428004	0.00000512	0x08	0xFF
SPI [1]	result	14.60428532	0.00000512	0x00	0xFF
SPI [1]	result	14.60429060	0.00000512	0x88	0xFF
SPI [1]	result	14.60429588	0.00000512	0x32	0xFF
SPI [1]	result	14.64306160	0.00000512	0x00	0x00
SPI [1]	result	14.64306688	0.00000512	0x00	0x00
SPI [1]	result	14.64307216	0.00000512	0x08	0x00
SPI [1]	result	14.64307744	0.00000512	0x20	0x3F
SPI [1]	result	14.64347477	0.00000512	0x0B	0xFF
SPI [1]	result	14.64348005	0.00000512	0x10	0xFF
SPI [1]	result	14.64348533	0.00000512	0x80	0xFF
SPI [1]	result	14.64349061	0.00000512	0x3A	0xFF
SPI [1]	result	14.64388252	0.00000512	0x00	0xFF
SPI [1]	result	14.64388780	0.00000512	0x00	0xFF
SPI [1]	result	14.64389308	0.00000512	0x00	0xFF
SPI [1]	result	14.64389836	0.00000512	0x00	0xFF
SPI [1]	result	14.64428944	0.00000512	0x08	0xFF
SPI [1]	result	14.64429472	0.00000512	0x00	0xFF
SPI [1]	result	14.64430000	0.00000512	0x88	0xFF
SPI [1]	result	14.64430528	0.00000512	0x32	0xFF
SPI [1]	result	14.68306125	0.00000512	0x00	0x00
SPI [1]	result	14.68306653	0.00000512	0x00	0x00
SPI [1]	result	14.68307181	0.00000512	0x08	0x04
SPI [1]	result	14.68307709	0.00000512	0x20	0x3F
SPI [1]	result	14.68351320	0.00000512	0x0C	0xFF
SPI [1]	result	14.68351848	0.00000512	0x10	0xFF
SPI [1]	result	14.68352376	0.00000512	0x80	0xFF
SPI [1]	result	14.68352904	0.00000512	0x02	0xFF
SPI [1]	result	14.68392488	0.00000512	0x00	0xFF
SPI [1]	result	14.68393016	0.00000512	0x00	0xFF
SPI [1]	result	14.68393544	0.00000512	0x09	0xFF
SPI [1]	result	14.68394072	0.00000512	0xA6	0xFF
SPI [1]	result	14.68433274	0.00000512	0x0D	0xFF
SPI [1]	result	14.68433802	0.00000512	0x00	0xFF
SPI [1]	result	14.68434330	0.00000512	0x88	0xFF
SPI [1]	result	14.68434858	0.00000512	0x1A	0xFF
SPI [1]	result	14.68473776	0.00000512	0x00	0xFF
SPI [1]	result	14.68474304	0.00000512	0x00	0xFF
SPI [1]	result	14.68474832	0.00000512	0x00	0xFF
SPI [1]	result	14.68475360	0.00000512	0x00	0xFF
SPI [1]	result	14.68514428	0.00000512	0x08	0xFF
SPI [1]	result	14.68514956	0.00000512	0x00	0xFF
SPI [1]	result	14.68515484	0.00000512	0x89	0xFF
SPI [1]	result	14.68516012	0.00000512	0xB8	0xFF
SPI [1]	result	14.72306069	0.00000512	0x00	0x00
SPI [1]	result	14.72306597	0.00000512	0x00	0x00
SPI [1]	result	14.72307125	0.00000512	0x08	0x00
SPI [1]	result	14.72307653	0.00000512	0x20	0x3F
SPI [1]	result	14.72346927	0.00000512	0x0E	0xFF
SPI [1]	result	14.72347455	0.00000512	0x10	0xFF
SPI [1]	result	14.72347983	0.00000512	0x80	0xFF
SPI [1]	result	14.72348511	0.00000512	0x12	0xFF
SPI [1]	result	14.72387636	0.00000512	0x00	0xFF
SPI [1]	result	14.72388164	0.00000512	0x00	0xFF
SPI [1]	result	14.72388692	0.00000512	0x00	0xFF
SPI [1]	result	14.72389220	0.00000512	0x00	0xFF
SPI [1]	result	14.72428248	0.00000512	0x08	0xFF
SPI [1]	result	14.72428776	0.00000512	0x00	0xFF
SPI [1]	result	14.72429304	0.00000512	0x88	0xFF
SPI [1]	result	14.72429832	0.00000512	0x32	0xFF
SPI [1]	result	14.76306056	0.00000512	0x00	0x00
SPI [1]	result	14.76306584	0.00000512	0x00	0x00
SPI [1]	result	14.76307112	0.00000512	0x08	0x00
SPI [1]	result	14.76307640	0.00000512	0x20	0x3F
SPI [1]	result	14.76347167	0.00000512	0x0F	0xFF
SPI [1]	result	14.76347695	0.00000512	0x10	0xFF
SPI [1]	result	14.76348223	0.00000512	0x80	0xFF
SPI [1]	result	14.76348751	0.00000512	0x1A	0xFF
SPI [1]	result	14.76387903	0.00000512	0x00	0xFF
SPI [1]	result	14.76388431	0.00000512	0x00	0xFF
SPI [1]	result	14.76388959	0.00000512	0x00	0xFF
SPI [1]	result	14.76389487	0.00000512	0x00	0xFF
SPI [1]	result	14.76428653	0.00000512	0x08	0xFF
SPI [1]	result	14.76429181	0.00000512	0x00	0xFF
SPI [1]	result	14.76429709	0.00000512	0x88	0xFF
SPI [1]	result	14.76430237	0.00000512	0x32	0xFF
SPI [1]	result	14.80306093	0.00000512	0x00	0x00
SPI [1]	result	14.80306621	0.00000512	0x00	0x00
SPI [1]	result	14.80307149	0.00000512	0x08	0x00
SPI [1]	result	14.80307677	0.00000512	0x20	0x3F
SPI [1]	result	14.80346943	0.00000512	0x08	0xFF
SPI [1]	result	14.80347471	0.00000512	0x10	0xFF
SPI [1]	result	14.80347999	0.00000512	0x80	0xFF
SPI [1]	result	14.80348527	0.00000512	0x22	0xFF
SPI [1]	result	14.80387667	0.00000512	0x00	0xFF
SPI [1]	result	14.80388195	0.00000512	0x00	0xFF
SPI [1]	result	14.80388723	0.00000512	0x09	0xFF
SPI [1]	result	14.80389251	0.00000512	0xA6	0xFF
SPI [1]	result	14.80428360	0.00000512	0x09	0xFF
SPI [1]	result	14.80428888	0.00000512	0x00	0xFF
SPI [1]	result	14.80429416	0.00000512	0x88	0xFF
SPI [1]	result	14.80429944	0.00000512	0x3A	0xFF
SPI [1]	result	14.80468990	0.00000512	0x00	0xFF
SPI [1]	result	14.80469518	0.00000512	0x00	0xFF
SPI [1]	result	14.80470046	0.00000512	0x00	0xFF
SPI [1]	result	14.80470574	0.00000512	0x00	0xFF
SPI [1]	result	14.80509655	0.00000512	0x08	0xFF
SPI [1]	result	14.80510183	0.00000512	0x00	0xFF
SPI [1]	result	14.80510711	0.00000512	0x89	0xFF
SPI [1]	result	14.80511239	0.00000512	0xB8	0xFF
SPI [1]	result	14.84306617	0.00000512	0x00	0x00
SPI [1]	result	14.84307145	0.00000512	0x00	0x00
SPI [1]	result	14.84307673	0.00000512	0x08	0x04
SPI [1]	result	14.84308201	0.00000512	0x20	0x3F
SPI [1]	result	14.84349324	0.00000512	0x0A	0xFF
SPI [1]	result	14.84349852	0.00000512	0x10	0xFF
SPI [1]	result	14.84350380	0.00000512	0x80	0xFF
SPI [1]	result	14.84350908	0.00000512	0x32	0xFF
SPI [1]	result	14.84390193	0.00000512	0x00	0xFF
SPI [1]	result	14.84390721	0.00000512	0x00	0xFF
SPI [1]	result	14.84391249	0.00000512	0x00	0xFF
SPI [1]	result	14.84391777	0.00000512	0x00	0xFF
SPI [1]	result	14.84430932	0.00000512	0x08	0xFF
SPI [1]	result	14.84431460	0.00000512	0x00	0xFF
SPI [1]	result	14.84431988	0.00000512	0x88	0xFF
SPI [1]	result	14.84432516	0.00000512	0x32	0xFF
SPI [1]	result	14.88306005	0.00000512	0x00	0x00
SPI [1]	result	14.88306533	0.00000512	0x00	0x00
SPI [1]	result	14.88307061	0.00000512	0x08	0x04
SPI [1]	result	14.88307589	0.00000512	0x20	0x3F
SPI [1]	result	14.88346843	0.00000512	0x0B	0xFF
SPI [1]	result	14.88347371	0.00000512	0x10	0xFF
SPI [1]	result	14.88347899	0.00000512	0x80	0xFF
SPI [1]	result	14.88348427	0.00000512	0x3A	0xFF
SPI [1]	result	14.88387604	0.00000512	0x00	0xFF
SPI [1]	result	14.88388132	0.00000512	0x00	0xFF
SPI [1]	result	14.88388660	0.00000512	0x00	0xFF
SPI [1]	result	14.88389188	0.00000512	0x00	0xFF
SPI [1]	result	14.88428326	0.00000512	0x08	0xFF
SPI [1]	result	14.88428854	0.00000512	0x00	0xFF
SPI [1]	result	14.88429382	0.00000512	0x88	0xFF
SPI [1]	result	14.88429910	0.00000512	0x32	0xFF
SPI [1]	result	14.92306124	0.00000512	0x00	0x00
SPI [1]	result	14.92306652	0.00000512	0x00	0x00
SPI [1]	result	14.92307180	0.00000512	0x08	0x00
SPI [1]	result	14.92307708	0.00000512	0x20	0x3F
SPI [1]	result	14.92347166	0.00000512	0x0C	0xFF
SPI [1]	result	14.92347694	0.00000512	0x10	0xFF
SPI [1]	result	14.92348222	0.00000512	0x80	0xFF
SPI [1]	result	14.92348750	0.00000512	0x02	0xFF
SPI [1]	result	14.92387926	0.00000512	0x00	0xFF
SPI [1]	result	14.92388454	0.00000512	0x00	0xFF
SPI [1]	result	14.92388982	0.00000512	0x09	0xFF
SPI [1]	result	14.92389510	0.00000512	0xA6	0xFF
SPI [1]	result	14.92428487	0.00000512	0x0D	0xFF
SPI [1]	result	14.92429015	0.00000512	0x00	0xFF
SPI [1]	result	14.92429543	0.00000512	0x88	0xFF
SPI [1]	result	14.92430071	0.00000512	0x1A	0xFF
SPI [1]	result	14.92469247	0.00000512	0x00	0xFF
SPI [1]	result	14.92469775	0.00000512	0x00	0xFF
SPI [1]	result	14.92470303	0.00000512	0x00	0xFF
SPI [1]	result	14.92470831	0.00000512	0x00	0xFF
SPI [1]	result	14.92510049	0.00000512	0x08	0xFF
SPI [1]	result	14.92510577	0.00000512	0x00	0xFF
SPI [1]	result	14.92511105	0.00000512	0x89	0xFF
SPI [1]	result	14.92511633	0.00000512	0xB8	0xFF
SPI [1]	result	14.96305994	0.00000512	0x00	0x00
SPI [1]	result	14.96306522	0.00000512	0x00	0x00
SPI [1]	result	14.96307050	0.00000512	0x08	0x06
SPI [1]	result	14.96307578	0.00000512	0x20	0x3F
SPI [1]	result	14.96346972	0.00000512	0x0E	0xFF
SPI [1]	result	14.96347500	0.00000512	0x10	0xFF
SPI [1]	result	14.96348028	0.00000512	0x80	0xFF
SPI [1]	result	14.96348556	0.00000512	0x12	0xFF
SPI [1]	result	14.96387531	0.00000512	0x00	0xFF
SPI [1]	result	14.96388059	0.00000512	0x00	0xFF
SPI [1]	result	14.96388587	0.00000512	0x00	0xFF
SPI [1]	result	14.96389115	0.00000512	0x00	0xFF
SPI [1]	result	14.96428176	0.00000512	0x08	0xFF
SPI [1]	result	14.96428704	0.00000512	0x00	0xFF
SPI [1]	result	14.96429232	0.00000512	0x88	0xFF
SPI [1]	result	14.96429760	0.00000512	0x32	0xFF
SPI [1]	result	15.00305981	0.00000512	0x00	0x00
SPI [1]	result	15.00306509	0.00000512	0x00	0x00
SPI [1]	result	15.00307037	0.00000512	0x08	0x00
SPI [1]	result	15.00307565	0.00000512	0x20	0x3F
SPI [1]	result	15.00346786	0.00000512	0x0F	0xFF
SPI [1]	result	15.00347314	0.00000512	0x10	0xFF
SPI [1]	result	15.00347842	0.00000512	0x80	0xFF
SPI [1]	result	15.00348370	0.00000512	0x1A	0xFF
SPI [1]	result	15.00387529	0.00000512	0x00	0xFF
SPI [1]	result	15.00388057	0.00000512	0x00	0xFF
SPI [1]	result	15.00388585	0.00000512	0x00	0xFF
SPI [1]	result	15.00389113	0.00000512	0x00	0xFF
SPI [1]	result	15.00428287	0.00000512	0x08	0xFF
SPI [1]	result	15.00428815	0.00000512	0x00	0xFF
SPI [1]	result	15.00429343	0.00000512	0x88	0xFF
SPI [1]	result	15.00429871	0.00000512	0x32	0xFF
SPI [1]	result	15.04306038	0.00000512	0x00	0x00
SPI [1]	result	15.04306566	0.00000512	0x00	0x00
SPI [1]	result	15.04307094	0.00000512	0x08	0x00
SPI [1]	result	15.04307622	0.00000512	0x20	0x3F
SPI [1]	result	15.04351605	0.00000512	0x08	0xFF
SPI [1]	result	15.04352133	0.00000512	0x10	0xFF
SPI [1]	result	15.04352661	0.00000512	0x80	0xFF
SPI [1]	result	15.04353189	0.00000512	0x22	0xFF
SPI [1]	result	15.04392651	0.00000512	0x00	0xFF
SPI [1]	result	15.04393179	0.00000512	0x00	0xFF
SPI [1]	result	15.04393707	0.00000512	0x09	0xFF
SPI [1]	result	15.04394235	0.00000512	0xA6	0xFF
SPI [1]	result	15.04433327	0.00000512	0x09	0xFF
SPI [1]	result	15.04433855	0.00000512	0x00	0xFF
SPI [1]	result	15.04434383	0.00000512	0x88	0xFF
SPI [1]	result	15.04434911	0.00000512	0x3A	0xFF
SPI [1]	result	15.04474820	0.00000512	0x00	0xFF
SPI [1]	result	15.04475348	0.00000512	0x00	0xFF
SPI [1]	result	15.04475876	0.00000512	0x00	0xFF
SPI [1]	result	15.04476404	0.00000512	0x00	0xFF
SPI [1]	result	15.04519044	0.00000512	0x08	0xFF
SPI [1]	result	15.04519572	0.00000512	0x00	0xFF
SPI [1]	result	15.04520100	0.00000512	0x89	0xFF
SPI [1]	result	15.04520628	0.00000512	0xB8	0xFF
SPI [1]	result	15.08306823	0.00000512	0x00	0x00
SPI [1]	result	15.08307351	0.00000512	0x00	0x00
SPI [1]	result	15.08307879	0.00000512	0x08	0x04
SPI [1]	result	15.08308407	0.00000512	0x20	0x3F
SPI [1]	result	15.08349669	0.00000512	0x0A	0xFF
SPI [1]	result	15.08350197	0.00000512	0x10	0xFF
SPI [1]	result	15.08350725	0.00000512	0x80	0xFF
SPI [1]	result	15.08351253	0.00000512	0x32	0xFF
SPI [1]	result	15.08390527	0.00000512	0x00	0xFF
SPI [1]	result	15.08391055	0.00000512	0x00	0xFF
SPI [1]	result	15.08391583	0.00000512	0x00	0xFF
SPI [1]	result	15.08392111	0.00000512	0x00	0xFF
SPI [1]	result	15.08431331	0.00000512	0x08	0xFF
SPI [1]	result	15.08431859	0.00000512	0x00	0xFF
SPI [1]	result	15.08432387	0.00000512	0x88	0xFF
SPI [1]	result	15.08432915	0.00000512	0x32	0xFF
SPI [1]	result	15.12306134	0.00000512	0x00	0x00
SPI [1]	result	15.12306662	0.00000512	0x00	0x00
SPI [1]	result	15.12307190	0.00000512	0x08	0x00
SPI [1]	result	15.12307718	0.00000512	0x20	0x3F
SPI [1]	result	15.12347206	0.00000512	0x0B	0xFF
SPI [1]	result	15.12347734	0.00000512	0x10	0xFF
SPI [1]	result	15.12348262	0.00000512	0x80	0xFF
SPI [1]	result	15.12348790	0.00000512	0x3A	0xFF
SPI [1]	result	15.12388051	0.00000512	0x00	0xFF
SPI [1]	result	15.12388579	0.00000512	0x00	0xFF
SPI [1]	result	15.12389107	0.00000512	0x00	0xFF
SPI [1]	result	15.12389635	0.00000512	0x00	0xFF
SPI [1]	result	15.12428764	0.00000512	0x08	0xFF
SPI [1]	result	15.12429292	0.00000512	0x00	0xFF
SPI [1]	result	15.12429820	0.00000512	0x88	0xFF
SPI [1]	result	15.12430348	0.00000512	0x32	0xFF
SPI [1]	result	15.16306509	0.00000512	0x00	0x00
SPI [1]	result	15.16307037	0.00000512	0x00	0x00
SPI [1]	result	15.16307565	0.00000512	0x08	0x04
SPI [1]	result	15.16308093	0.00000512	0x20	0x3F
SPI [1]	result	15.16348654	0.00000512	0x0C	0xFF
SPI [1]	result	15.16349182	0.00000512	0x10	0xFF
SPI [1]	result	15.16349710	0.00000512	0x80	0xFF
SPI [1]	result	15.16350238	0.00000512	0x02	0xFF
SPI [1]	result	15.16389486	0.00000512	0x00	0xFF
SPI [1]	result	15.16390014	0.00000512	0x00	0xFF
SPI [1]	result	15.16390542	0.00000512	0x09	0xFF
SPI [1]	result	15.16391070	0.00000512	0xA6	0xFF
SPI [1]	result	15.16430313	0.00000512	0x0D	0xFF
SPI [1]	result	15.16430841	0.00000512	0x00	0xFF
SPI [1]	result	15.16431369	0.00000512	0x88	0xFF
SPI [1]	result	15.16431897	0.00000512	0x1A	0xFF
SPI [1]	result	15.16471032	0.00000512	0x00	0xFF
SPI [1]	result	15.16471560	0.00000512	0x00	0xFF
SPI [1]	result	15.16472088	0.00000512	0x00	0xFF
SPI [1]	result	15.16472616	0.00000512	0x00	0xFF
SPI [1]	result	15.16511634	0.00000512	0x08	0xFF
SPI [1]	result	15.16512162	0.00000512	0x00	0xFF
SPI [1]	result	15.16512690	0.00000512	0x89	0xFF
SPI [1]	result	15.16513218	0.00000512	0xB8	0xFF
SPI [1]	result	15.20307031	0.00000512	0x00	0x00
SPI [1]	result	15.20307559	0.00000512	0x00	0x00
SPI [1]	result	15.20308087	0.00000512	0x08	0x00
SPI [1]	result	15.20308615	0.00000512	0x20	0x3F
SPI [1]	result	15.20353613	0.00000512	0x0E	0xFF
SPI [1]	result	15.20354141	0.00000512	0x10	0xFF
SPI [1]	result	15.20354669	0.00000512	0x80	0xFF
SPI [1]	result	15.20355197	0.00000512	0x12	0xFF
SPI [1]	result	15.20398715	0.00000512	0x00	0xFF
SPI [1]	result	15.20399243	0.00000512	0x00	0xFF
SPI [1]	result	15.20399771	0.00000512	0x00	0xFF
SPI [1]	result	15.20400299	0.00000512	0x00	0xFF
SPI [1]	result	15.20455138	0.00000512	0x08	0xFF
SPI [1]	result	15.20455666	0.00000512	0x00	0xFF
SPI [1]	result	15.20456194	0.00000512	0x88	0xFF
SPI [1]	result	15.20456722	0.00000512	0x32	0xFF
SPI [1]	result	15.24306714	0.00000512	0x00	0x00
SPI [1]	result	15.24307242	0.00000512	0x00	0x00
SPI [1]	result	15.24307770	0.00000512	0x08	0x00
SPI [1]	result	15.24308298	0.00000512	0x20	0x3F
SPI [1]	result	15.24349185	0.00000512	0x0F	0xFF
SPI [1]	result	15.24349713	0.00000512	0x10	0xFF
SPI [1]	result	15.24350241	0.00000512	0x80	0xFF
SPI [1]	result	15.24350769	0.00000512	0x1A	0xFF
SPI [1]	result	15.24390006	0.00000512	0x00	0xFF
SPI [1]	result	15.24390534	0.00000512	0x00	0xFF
SPI [1]	result	15.24391062	0.00000512	0x00	0xFF
SPI [1]	result	15.24391590	0.00000512	0x00	0xFF
SPI [1]	result	15.24430793	0.00000512	0x08	0xFF
SPI [1]	result	15.24431321	0.00000512	0x00	0xFF
SPI [1]	result	15.24431849	0.00000512	0x88	0xFF
SPI [1]	result	15.24432377	0.00000512	0x32	0xFF
SPI [1]	result	15.28306253	0.00000512	0x00	0x00
SPI [1]	result	15.28306781	0.00000512	0x00	0x00
SPI [1]	result	15.28307309	0.00000512	0x08	0x00
SPI [1]	result	15.28307837	0.00000512	0x20	0x3F
SPI [1]	result	15.28347200	0.00000512	0x08	0xFF
SPI [1]	result	15.28347728	0.00000512	0x10	0xFF
SPI [1]	result	15.28348256	0.00000512	0x80	0xFF
SPI [1]	result	15.28348784	0.00000512	0x22	0xFF
SPI [1]	result	15.28387942	0.00000512	0x00	0xFF
SPI [1]	result	15.28388470	0.00000512	0x00	0xFF
SPI [1]	result	15.28388998	0.00000512	0x09	0xFF
SPI [1]	result	15.28389526	0.00000512	0xA6	0xFF
SPI [1]	result	15.28428717	0.00000512	0x09	0xFF
SPI [1]	result	15.28429245	0.00000512	0x00	0xFF
SPI [1]	result	15.28429773	0.00000512	0x88	0xFF
SPI [1]	result	15.28430301	0.00000512	0x3A	0xFF
SPI [1]	result	15.28469432	0.00000512	0x00	0xFF
SPI [1]	result	15.28469960	0.00000512	0x00	0xFF
SPI [1]	result	15.28470488	0.00000512	0x00	0xFF
SPI [1]	result	15.28471016	0.00000512	0x00	0xFF
SPI [1]	result	15.28510224	0.00000512	0x08	0xFF
SPI [1]	result	15.28510752	0.00000512	0x00	0xFF
SPI [1]	result	15.28511280	0.00000512	0x89	0xFF
SPI [1]	result	15.28511808	0.00000512	0xB8	0xFF
SPI [1]	result	15.32306018	0.00000512	0x00	0x00
SPI [1]	result	15.32306546	0.00000512	0x00	0x00
SPI [1]	result	15.32307074	0.00000512	0x08	0x00
SPI [1]	result	15.32307602	0.00000512	0x20	0x3F
SPI [1]	result	15.32346959	0.00000512	0x0A	0xFF
SPI [1]	result	15.32347487	0.00000512	0x10	0xFF
SPI [1]	result	15.32348015	0.00000512	0x80	0xFF
SPI [1]	result	15.32348543	0.00000512	0x32	0xFF
SPI [1]	result	15.32387707	0.00000512	0x00	0xFF
SPI [1]	result	15.32388235	0.00000512	0x00	0xFF
SPI [1]	result	15.32388763	0.00000512	0x00	0xFF
SPI [1]	result	15.32389291	0.00000512	0x00	0xFF
SPI [1]	result	15.32428429	0.00000512	0x08	0xFF
SPI [1]	result	15.32428957	0.00000512	0x00	0xFF
SPI [1]	result	15.32429485	0.00000512	0x88	0xFF
SPI [1]	result	15.32430013	0.00000512	0x32	0xFF
SPI [1]	result	15.36305966	0.00000512	0x00	0x00
SPI [1]	result	15.36306494	0.00000512	0x00	0x00
SPI [1]	result	15.36307022	0.00000512	0x08	0x04
SPI [1]	result	15.36307550	0.00000512	0x20	0x3F
SPI [1]	result	15.36346825	0.00000512	0x0B	0xFF
SPI [1]	result	15.36347353	0.00000512	0x10	0xFF
SPI [1]	result	15.36347881	0.00000512	0x80	0xFF
SPI [1]	result	15.36348409	0.00000512	0x3A	0xFF
SPI [1]	result	15.36387579	0.00000512	0x00	0xFF
SPI [1]	result	15.36388107	0.00000512	0x00	0xFF
SPI [1]	result	15.36388635	0.00000512	0x00	0xFF
SPI [1]	result	15.36389163	0.00000512	0x00	0xFF
SPI [1]	result	15.36428299	0.00000512	0x08	0xFF
SPI [1]	result	15.36428827	0.00000512	0x00	0xFF
SPI [1]	result	15.36429355	0.00000512	0x88	0xFF
SPI [1]	result	15.36429883	0.00000512	0x32	0xFF
SPI [1]	result	15.40306097	0.00000512	0x00	0x00
SPI [1]	result	15.40306625	0.00000512	0x00	0x00
SPI [1]	result	15.40307153	0.00000512	0x08	0x00
SPI [1]	result	15.40307681	0.00000512	0x20	0x3F
SPI [1]	result	15.40346755	0.00000512	0x0C	0xFF
SPI [1]	result	15.40347283	0.00000512	0x10	0xFF
SPI [1]	result	15.40347811	0.00000512	0x80	0xFF
SPI [1]	result	15.40348339	0.00000512	0x02	0xFF
SPI [1]	result	15.40392249	0.00000512	0x00	0xFF
SPI [1]	result	15.40392777	0.00000512	0x00	0xFF
SPI [1]	result	15.40393305	0.00000512	0x09	0xFF
SPI [1]	result	15.40393833	0.00000512	0xA6	0xFF
SPI [1]	result	15.40433344	0.00000512	0x0D	0xFF
SPI [1]	result	15.40433872	0.00000512	0x00	0xFF
SPI [1]	result	15.40434400	0.00000512	0x88	0xFF
SPI [1]	result	15.40434928	0.00000512	0x1A	0xFF
SPI [1]	result	15.40474118	0.00000512	0x00	0xFF
SPI [1]	result	15.40474646	0.00000512	0x00	0xFF
SPI [1]	result	15.40475174	0.00000512	0x00	0xFF
SPI [1]	result	15.40475702	0.00000512	0x00	0xFF
SPI [1]	result	15.40514855	0.00000512	0x08	0xFF
SPI [1]	result	15.40515383	0.00000512	0x00	0xFF
SPI [1]	result	15.40515911	0.00000512	0x89	0xFF
SPI [1]	result	15.40516439	0.00000512	0xB8	0xFF
SPI [1]	result	15.44306099	0.00000512	0x00	0x00
SPI [1]	result	15.44306627	0.00000512	0x00	0x00
SPI [1]	result	15.44307155	0.00000512	0x08	0x04
SPI [1]	result	15.44307683	0.00000512	0x20	0x3F
SPI [1]	result	15.44347067	0.00000512	0x0E	0xFF
SPI [1]	result	15.44347595	0.00000512	0x10	0xFF
SPI [1]	result	15.44348123	0.00000512	0x80	0xFF
SPI [1]	result	15.44348651	0.00000512	0x12	0xFF
SPI [1]	result	15.44387903	0.00000512	0x00	0xFF
SPI [1]	result	15.44388431	0.00000512	0x00	0xFF
SPI [1]	result	15.44388959	0.00000512	0x00	0xFF
SPI [1]	result	15.44389487	0.00000512	0x00	0xFF
SPI [1]	result	15.44428616	0.00000512	0x08	0xFF
SPI [1]	result	15.44429144	0.00000512	0x00	0xFF
SPI [1]	result	15.44429672	0.00000512	0x88	0xFF
SPI [1]	result	15.44430200	0.00000512	0x32	0xFF
SPI [1]	result	15.48306063	0.00000512	0x00	0x00
SPI [1]	result	15.48306591	0.00000512	0x00	0x00
SPI [1]	result	15.48307119	0.00000512	0x08	0x04
SPI [1]	result	15.48307647	0.00000512	0x20	0x7F
SPI [1]	result	15.48347058	0.00000512	0x0F	0xFF
SPI [1]	result	15.48347586	0.00000512	0x10	0xFF
SPI [1]	result	15.48348114	0.00000512	0x80	0xFF
SPI [1]	result	15.48348642	0.00000512	0x1A	0xFF
SPI [1]	result	15.48387871	0.00000512	0x00	0xFF
SPI [1]	result	15.48388399	0.00000512	0x00	0xFF
SPI [1]	result	15.48388927	0.00000512	0x00	0xFF
SPI [1]	result	15.48389455	0.00000512	0x00	0xFF
SPI [1]	result	15.48428414	0.00000512	0x08	0xFF
SPI [1]	result	15.48428942	0.00000512	0x00	0xFF
SPI [1]	result	15.48429470	0.00000512	0x88	0xFF
SPI [1]	result	15.48429998	0.00000512	0x32	0xFF
SPI [1]	result	15.52306080	0.00000512	0x00	0x00
SPI [1]	result	15.52306608	0.00000512	0x00	0x00
SPI [1]	result	15.52307136	0.00000512	0x08	0x00
SPI [1]	result	15.52307664	0.00000512	0x20	0x3F
SPI [1]	result	15.52346932	0.00000512	0x08	0xFF
SPI [1]	result	15.52347460	0.00000512	0x10	0xFF
SPI [1]	result	15.52347988	0.00000512	0x80	0xFF
SPI [1]	result	15.52348516	0.00000512	0x22	0xFF
SPI [1]	result	15.52387673	0.00000512	0x00	0xFF
SPI [1]	result	15.52388201	0.00000512	0x00	0xFF
SPI [1]	result	15.52388729	0.00000512	0x09	0xFF
SPI [1]	result	15.52389257	0.00000512	0xA6	0xFF
SPI [1]	result	15.52428434	0.00000512	0x09	0xFF
SPI [1]	result	15.52428962	0.00000512	0x00	0xFF
SPI [1]	result	15.52429490	0.00000512	0x88	0xFF
SPI [1]	result	15.52430018	0.00000512	0x3A	0xFF
SPI [1]	result	15.52469015	0.00000512	0x00	0xFF
SPI [1]	result	15.52469543	0.00000512	0x00	0xFF
SPI [1]	result	15.52470071	0.00000512	0x00	0xFF
SPI [1]	result	15.52470599	0.00000512	0x00	0xFF
SPI [1]	result	15.52509719	0.00000512	0x08	0xFF
SPI [1]	result	15.52510247	0.00000512	0x00	0xFF
SPI [1]	result	15.52510775	0.00000512	0x89	0xFF
SPI [1]	result	15.52511303	0.00000512	0xB8	0xFF
SPI [1]	result	15.56307016	0.00000512	0x00	0x00
SPI [1]	result	15.56307544	0.00000512	0x00	0x00
SPI [1]	result	15.56308072	0.00000512	0x08	0x04
SPI [1]	result	15.56308600	0.00000512	0x20	0x3F
SPI [1]	result	15.56351876	0.00000512	0x0A	0xFF
SPI [1]	result	15.56352404	0.00000512	0x10	0xFF
SPI [1]	result	15.56352932	0.00000512	0x80	0xFF
SPI [1]	result	15.56353460	0.00000512	0x32	0xFF
SPI [1]	result	15.56393541	0.00000512	0x00	0xFF
SPI [1]	result	15.56394069	0.00000512	0x00	0xFF
SPI [1]	result	15.56394597	0.00000512	0x00	0xFF
SPI [1]	result	15.56395125	0.00000512	0x00	0xFF
SPI [1]	result	15.56435280	0.00000512	0x08	0xFF
SPI [1]	result	15.56435808	0.00000512	0x00	0xFF
SPI [1]	result	15.56436336	0.00000512	0x88	0xFF
SPI [1]	result	15.56436864	0.00000512	0x32	0xFF
SPI [1]	result	15.60306201	0.00000512	0x00	0x00
SPI [1]	result	15.60306729	0.00000512	0x00	0x00
SPI [1]	result	15.60307257	0.00000512	0x08	0x00
SPI [1]	result	15.60307785	0.00000512	0x20	0x3F
SPI [1]	result	15.60348390	0.00000512	0x0B	0xFF
SPI [1]	result	15.60348918	0.00000512	0x10	0xFF
SPI [1]	result	15.60349446	0.00000512	0x80	0xFF
SPI [1]	result	15.60349974	0.00000512	0x3A	0xFF
SPI [1]	result	15.60390172	0.00000512	0x00	0xFF
SPI [1]	result	15.60390700	0.00000512	0x00	0xFF
SPI [1]	result	15.60391228	0.00000512	0x00	0xFF
SPI [1]	result	15.60391756	0.00000512	0x00	0xFF
SPI [1]	result	15.60431852	0.00000512	0x08	0xFF
SPI [1]	result	15.60432380	0.00000512	0x00	0xFF
SPI [1]	result	15.60432908	0.00000512	0x88	0xFF
SPI [1]	result	15.60433436	0.00000512	0x32	0xFF
SPI [1]	result	15.64306659	0.00000512	0x00	0x00
SPI [1]	result	15.64307187	0.00000512	0x00	0x00
SPI [1]	result	15.64307715	0.00000512	0x08	0x00
SPI [1]	result	15.64308243	0.00000512	0x20	0x3F
SPI [1]	result	15.64349703	0.00000512	0x0C	0xFF
SPI [1]	result	15.64350231	0.00000512	0x10	0xFF
SPI [1]	result	15.64350759	0.00000512	0x80	0xFF
SPI [1]	result	15.64351287	0.00000512	0x02	0xFF
SPI [1]	result	15.64391524	0.00000512	0x00	0xFF
SPI [1]	result	15.64392052	0.00000512	0x00	0xFF
SPI [1]	result	15.64392580	0.00000512	0x09	0xFF
SPI [1]	result	15.64393108	0.00000512	0xA6	0xFF
SPI [1]	result	15.64433018	0.00000512	0x0D	0xFF
SPI [1]	result	15.64433546	0.00000512	0x00	0xFF
SPI [1]	result	15.64434074	0.00000512	0x88	0xFF
SPI [1]	result	15.64434602	0.00000512	0x1A	0xFF
SPI [1]	result	15.64474674	0.00000512	0x00	0xFF
SPI [1]	result	15.64475202	0.00000512	0x00	0xFF
SPI [1]	result	15.64475730	0.00000512	0x00	0xFF
SPI [1]	result	15.64476258	0.00000512	0x00	0xFF
SPI [1]	result	15.64516406	0.00000512	0x08	0xFF
SPI [1]	result	15.64516934	0.00000512	0x00	0xFF
SPI [1]	result	15.64517462	0.00000512	0x89	0xFF
SPI [1]	result	15.64517990	0.00000512	0xB8	0xFF
SPI [1]	result	15.68306188	0.00000512	0x00	0x00
SPI [1]	result	15.68306716	0.00000512	0x00	0x00
SPI [1]	result	15.68307244	0.00000512	0x08	0x04
SPI [1]	result	15.68307772	0.00000512	0x20	0x3F
SPI [1]	result	15.68348212	0.00000512	0x0E	0xFF
SPI [1]	result	15.68348740	0.00000512	0x10	0xFF
SPI [1]	result	15.68349268	0.00000512	0x80	0xFF
SPI [1]	result	15.68349796	0.00000512	0x12	0xFF
SPI [1]	result	15.68389728	0.00000512	0x00	0xFF
SPI [1]	result	15.68390256	0.00000512	0x00	0xFF
SPI [1]	result	15.68390784	0.00000512	0x00	0xFF
SPI [1]	result	15.68391312	0.00000512	0x00	0xFF
SPI [1]	result	15.68431470	0.00000512	0x08	0xFF
SPI [1]	result	15.68431998	0.00000512	0x00	0xFF
SPI [1]	result	15.68432526	0.00000512	0x88	0xFF
SPI [1]	result	15.68433054	0.00000512	0x32	0xFF
SPI [1]	result	15.72306109	0.00000512	0x00	0x00
SPI [1]	result	15.72306637	0.00000512	0x00	0x00
SPI [1]	result	15.72307165	0.00000512	0x08	0x00
SPI [1]	result	15.72307693	0.00000512	0x20	0x3F
SPI [1]	result	15.72348040	0.00000512	0x0F	0xFF
SPI [1]	result	15.72348568	0.00000512	0x10	0xFF
SPI [1]	result	15.72349096	0.00000512	0x80	0xFF
SPI [1]	result	15.72349624	0.00000512	0x1A	0xFF
SPI [1]	result	15.72389781	0.00000512	0x00	0xFF
SPI [1]	result	15.72390309	0.00000512	0x00	0xFF
SPI [1]	result	15.72390837	0.00000512	0x00	0xFF
SPI [1]	result	15.72391365	0.00000512	0x00	0xFF
SPI [1]	result	15.72431191	0.00000512	0x08	0xFF
SPI [1]	result	15.72431719	0.00000512	0x00	0xFF
SPI [1]	result	15.72432247	0.00000512	0x88	0xFF
SPI [1]	result	15.72432775	0.00000512	0x32	0xFF
SPI [1]	result	15.76306259	0.00000512	0x00	0x00
SPI [1]	result	15.76306787	0.00000512	0x00	0x00
SPI [1]	result	15.76307315	0.00000512	0x08	0x04
SPI [1]	result	15.76307843	0.00000512	0x20	0x3F
SPI [1]	result	15.76348398	0.00000512	0x08	0xFF
SPI [1]	result	15.76348926	0.00000512	0x10	0xFF
SPI [1]	result	15.76349454	0.00000512	0x80	0xFF
SPI [1]	result	15.76349982	0.00000512	0x22	0xFF
SPI [1]	result	15.76396416	0.00000512	0x00	0xFF
SPI [1]	result	15.76396944	0.00000512	0x00	0xFF
SPI [1]	result	15.76397472	0.00000512	0x09	0xFF
SPI [1]	result	15.76398000	0.00000512	0xA6	0xFF
SPI [1]	result	15.76438768	0.00000512	0x09	0xFF
SPI [1]	result	15.76439296	0.00000512	0x00	0xFF
SPI [1]	result	15.76439824	0.00000512	0x88	0xFF
SPI [1]	result	15.76440352	0.00000512	0x3A	0xFF
SPI [1]	result	15.76480550	0.00000512	0x00	0xFF
SPI [1]	result	15.76481078	0.00000512	0x00	0xFF
SPI [1]	result	15.76481606	0.00000512	0x00	0xFF
SPI [1]	result	15.76482134	0.00000512	0x00	0xFF
SPI [1]	result	15.76522285	0.00000512	0x08	0xFF
SPI [1]	result	15.76522813	0.00000512	0x00	0xFF
SPI [1]	result	15.76523341	0.00000512	0x89	0xFF
SPI [1]	result	15.76523869	0.00000512	0xB8	0xFF
SPI [1]	result	15.80306288	0.00000512	0x00	0x00
SPI [1]	result	15.80306816	0.00000512	0x00	0x00
SPI [1]	result	15.80307344	0.00000512	0x08	0x00
SPI [1]	result	15.80307872	0.00000512	0x20	0x3F
SPI [1]	result	15.80348266	0.00000512	0x0A	0xFF
SPI [1]	result	15.80348794	0.00000512	0x10	0xFF
SPI [1]	result	15.80349322	0.00000512	0x80	0xFF
SPI [1]	result	15.80349850	0.00000512	0x32	0xFF
SPI [1]	result	15.80390109	0.00000512	0x00	0xFF
SPI [1]	result	15.80390637	0.00000512	0x00	0xFF
SPI [1]	result	15.80391165	0.00000512	0x00	0xFF
SPI [1]	result	15.80391693	0.00000512	0x00	0xFF
SPI [1]	result	15.80431813	0.00000512	0x08	0xFF
SPI [1]	result	15.80432341	0.00000512	0x00	0xFF
SPI [1]	result	15.80432869	0.00000512	0x88	0xFF
SPI [1]	result	15.80433397	0.00000512	0x32	0xFF
SPI [1]	result	15.84306492	0.00000512	0x00	0x00
SPI [1]	result	15.84307020	0.00000512	0x00	0x00
SPI [1]	result	15.84307548	0.00000512	0x08	0x04
SPI [1]	result	15.84308076	0.00000512	0x20	0x3F
SPI [1]	result	15.84349864	0.00000512	0x0B	0xFF
SPI [1]	result	15.84350392	0.00000512	0x10	0xFF
SPI [1]	result	15.84350920	0.00000512	0x80	0xFF
SPI [1]	result	15.84351448	0.00000512	0x3A	0xFF
SPI [1]	result	15.84391818	0.00000512	0x00	0xFF
SPI [1]	result	15.84392346	0.00000512	0x00	0xFF
SPI [1]	result	15.84392874	0.00000512	0x00	0xFF
SPI [1]	result	15.84393402	0.00000512	0x00	0xFF
SPI [1]	result	15.84433552	0.00000512	0x08	0xFF
SPI [1]	result	15.84434080	0.00000512	0x00	0xFF
SPI [1]	result	15.84434608	0.00000512	0x88	0xFF
SPI [1]	result	15.84435136	0.00000512	0x32	0xFF
SPI [1]	result	15.88306401	0.00000512	0x00	0x00
SPI [1]	result	15.88306929	0.00000512	0x00	0x00
SPI [1]	result	15.88307457	0.00000512	0x08	0x05
SPI [1]	result	15.88307985	0.00000512	0x20	0x3F
SPI [1]	result	15.88348574	0.00000512	0x0C	0xFF
SPI [1]	result	15.88349102	0.00000512	0x10	0xFF
SPI [1]	result	15.88349630	0.00000512	0x80	0xFF
SPI [1]	result	15.88350158	0.00000512	0x02	0xFF
SPI [1]	result	15.88390637	0.00000512	0x00	0xFF
SPI [1]	result	15.88391165	0.00000512	0x00	0xFF
SPI [1]	result	15.88391693	0.00000512	0x09	0xFF
SPI [1]	result	15.88392221	0.00000512	0xA6	0xFF
SPI [1]	result	15.88432390	0.00000512	0x0D	0xFF
SPI [1]	result	15.88432918	0.00000512	0x00	0xFF
SPI [1]	result	15.88433446	0.00000512	0x88	0xFF
SPI [1]	result	15.88433974	0.00000512	0x1A	0xFF
SPI [1]	result	15.88474105	0.00000512	0x00	0xFF
SPI [1]	result	15.88474633	0.00000512	0x00	0xFF
SPI [1]	result	15.88475161	0.00000512	0x00	0xFF
SPI [1]	result	15.88475689	0.00000512	0x00	0xFF
SPI [1]	result	15.88515791	0.00000512	0x08	0xFF
SPI [1]	result	15.88516319	0.00000512	0x00	0xFF
SPI [1]	result	15.88516847	0.00000512	0x89	0xFF
SPI [1]	result	15.88517375	0.00000512	0xB8	0xFF
SPI [1]	result	15.92306910	0.00000512	0x00	0x00
SPI [1]	result	15.92307438	0.00000512	0x00	0x00
SPI [1]	result	15.92307966	0.00000512	0x08	0x00
SPI [1]	result	15.92308494	0.00000512	0x20	0x3F
SPI [1]	result	15.92351557	0.00000512	0x0E	0xFF
SPI [1]	result	15.92352085	0.00000512	0x10	0xFF
SPI [1]	result	15.92352613	0.00000512	0x80	0xFF
SPI [1]	result	15.92353141	0.00000512	0x12	0xFF
SPI [1]	result	15.92393563	0.00000512	0x00	0xFF
SPI [1]	result	15.92394091	0.00000512	0x00	0xFF
SPI [1]	result	15.92394619	0.00000512	0x00	0xFF
SPI [1]	result	15.92395147	0.00000512	0x00	0xFF
SPI [1]	result	15.92435668	0.00000512	0x08	0xFF
SPI [1]	result	15.92436196	0.00000512	0x00	0xFF
SPI [1]	result	15.92436724	0.00000512	0x88	0xFF
SPI [1]	result	15.92437252	0.00000512	0x32	0xFF
SPI [1]	result	15.96306488	0.00000512	0x00	0x00
SPI [1]	result	15.96307016	0.00000512	0x00	0x00
SPI [1]	result	15.96307544	0.00000512	0x08	0x04
SPI [1]	result	15.96308072	0.00000512	0x20	0x3F
SPI [1]	result	15.96349796	0.00000512	0x0F	0xFF
SPI [1]	result	15.96350324	0.00000512	0x10	0xFF
SPI [1]	result	15.96350852	0.00000512	0x80	0xFF
SPI [1]	result	15.96351380	0.00000512	0x1A	0xFF
SPI [1]	result	15.96391731	0.00000512	0x00	0xFF
SPI [1]	result	15.96392259	0.00000512	0x00	0xFF
SPI [1]	result	15.96392787	0.00000512	0x00	0xFF
SPI [1]	result	15.96393315	0.00000512	0x00	0xFF
SPI [1]	result	15.96433466	0.00000512	0x08	0xFF
SPI [1]	result	15.96433994	0.00000512	0x00	0xFF
SPI [1]	result	15.96434522	0.00000512	0x88	0xFF
SPI [1]	result	15.96435050	0.00000512	0x32	0xFF
SPI [1]	result	16.00306471	0.00000512	0x00	0x00
SPI [1]	result	16.00306999	0.00000512	0x00	0x00
SPI [1]	result	16.00307527	0.00000512	0x08	0x00
SPI [1]	result	16.00308055	0.00000512	0x20	0x3F
SPI [1]	result	16.00348359	0.00000512	0x08	0xFF
SPI [1]	result	16.00348887	0.00000512	0x10	0xFF
SPI [1]	result	16.00349415	0.00000512	0x80	0xFF
SPI [1]	result	16.00349943	0.00000512	0x22	0xFF
SPI [1]	result	16.00390114	0.00000512	0x00	0xFF
SPI [1]	result	16.00390642	0.00000512	0x00	0xFF
SPI [1]	result	16.00391170	0.00000512	0x09	0xFF
SPI [1]	result	16.00391698	0.00000512	0xA6	0xFF
SPI [1]	result	16.00431787	0.00000512	0x09	0xFF
SPI [1]	result	16.00432315	0.00000512	0x00	0xFF
SPI [1]	result	16.00432843	0.00000512	0x88	0xFF
SPI [1]	result	16.00433371	0.00000512	0x3A	0xFF
SPI [1]	result	16.00473492	0.00000512	0x00	0xFF
SPI [1]	result	16.00474020	0.00000512	0x00	0xFF
SPI [1]	result	16.00474548	0.00000512	0x00	0xFF
SPI [1]	result	16.00475076	0.00000512	0x00	0xFF
SPI [1]	result	16.00515233	0.00000512	0x08	0xFF
SPI [1]	result	16.00515761	0.00000512	0x00	0xFF
SPI [1]	result	16.00516289	0.00000512	0x89	0xFF
SPI [1]	result	16.00516817	0.00000512	0xB8	0xFF
SPI [1]	result	16.04306444	0.00000512	0x00	0x00
SPI [1]	result	16.04306972	0.00000512	0x00	0x00
SPI [1]	result	16.04307500	0.00000512	0x08	0x00
SPI [1]	result	16.04308028	0.00000512	0x20	0x3F
SPI [1]	result	16.04349151	0.00000512	0x0A	0xFF
SPI [1]	result	16.04349679	0.00000512	0x10	0xFF
SPI [1]	result	16.04350207	0.00000512	0x80	0xFF
SPI [1]	result	16.04350735	0.00000512	0x32	0xFF
SPI [1]	result	16.04391024	0.00000512	0x00	0xFF
SPI [1]	result	16.04391552	0.00000512	0x00	0xFF
SPI [1]	result	16.04392080	0.00000512	0x00	0xFF
SPI [1]	result	16.04392608	0.00000512	0x00	0xFF
SPI [1]	result	16.04432863	0.00000512	0x08	0xFF
SPI [1]	result	16.04433391	0.00000512	0x00	0xFF
SPI [1]	result	16.04433919	0.00000512	0x88	0xFF
SPI [1]	result	16.04434447	0.00000512	0x32	0xFF
SPI [1]	result	16.08307303	0.00000512	0x00	0x00
SPI [1]	result	16.08307831	0.00000512	0x00	0x00
SPI [1]	result	16.08308359	0.00000512	0x08	0x00
SPI [1]	result	16.08308887	0.00000512	0x20	0x3F
SPI [1]	result	16.08353321	0.00000512	0x0B	0xFF
SPI [1]	result	16.08353849	0.00000512	0x10	0xFF
SPI [1]	result	16.08354377	0.00000512	0x80	0xFF
SPI [1]	result	16.08354905	0.00000512	0x3A	0xFF
SPI [1]	result	16.08395638	0.00000512	0x00	0xFF
SPI [1]	result	16.08396166	0.00000512	0x00	0xFF
SPI [1]	result	16.08396694	0.00000512	0x00	0xFF
SPI [1]	result	16.08397222	0.00000512	0x00	0xFF
SPI [1]	result	16.08437122	0.00000512	0x08	0xFF
SPI [1]	result	16.08437650	0.00000512	0x00	0xFF
SPI [1]	result	16.08438178	0.00000512	0x88	0xFF
SPI [1]	result	16.08438706	0.00000512	0x32	0xFF
SPI [1]	result	16.12306683	0.00000512	0x00	0x00
SPI [1]	result	16.12307211	0.00000512	0x00	0x00
SPI [1]	result	16.12307739	0.00000512	0x08	0x00
SPI [1]	result	16.12308267	0.00000512	0x20	0x3F
SPI [1]	result	16.12349199	0.00000512	0x0C	0xFF
SPI [1]	result	16.12349727	0.00000512	0x10	0xFF
SPI [1]	result	16.12350255	0.00000512	0x80	0xFF
SPI [1]	result	16.12350783	0.00000512	0x02	0xFF
SPI [1]	result	16.12391057	0.00000512	0x00	0xFF
SPI [1]	result	16.12391585	0.00000512	0x00	0xFF
SPI [1]	result	16.12392113	0.00000512	0x09	0xFF
SPI [1]	result	16.12392641	0.00000512	0xA6	0xFF
SPI [1]	result	16.12438974	0.00000512	0x0D	0xFF
SPI [1]	result	16.12439502	0.00000512	0x00	0xFF
SPI [1]	result	16.12440030	0.00000512	0x88	0xFF
SPI [1]	result	16.12440558	0.00000512	0x1A	0xFF
SPI [1]	result	16.12481429	0.00000512	0x00	0xFF
SPI [1]	result	16.12481957	0.00000512	0x00	0xFF
SPI [1]	result	16.12482485	0.00000512	0x00	0xFF
SPI [1]	result	16.12483013	0.00000512	0x00	0xFF
SPI [1]	result	16.12523248	0.00000512	0x08	0xFF
SPI [1]	result	16.12523776	0.00000512	0x00	0xFF
SPI [1]	result	16.12524304	0.00000512	0x89	0xFF
SPI [1]	result	16.12524832	0.00000512	0xB8	0xFF
SPI [1]	result	16.16307170	0.00000512	0x00	0x00
SPI [1]	result	16.16307698	0.00000512	0x00	0x00
SPI [1]	result	16.16308226	0.00000512	0x08	0x04
SPI [1]	result	16.16308754	0.00000512	0x20	0x3F
SPI [1]	result	16.16351927	0.00000512	0x0E	0xFF
SPI [1]	result	16.16352455	0.00000512	0x10	0xFF
SPI [1]	result	16.16352983	0.00000512	0x80	0xFF
SPI [1]	result	16.16353511	0.00000512	0x12	0xFF
SPI [1]	result	16.16393603	0.00000512	0x00	0xFF
SPI [1]	result	16.16394131	0.00000512	0x00	0xFF
SPI [1]	result	16.16394659	0.00000512	0x00	0xFF
SPI [1]	result	16.16395187	0.00000512	0x00	0xFF
SPI [1]	result	16.16435431	0.00000512	0x08	0xFF
SPI [1]	result	16.16435959	0.00000512	0x00	0xFF
SPI [1]	result	16.16436487	0.00000512	0x88	0xFF
SPI [1]	result	16.16437015	0.00000512	0x32	0xFF
SPI [1]	result	16.20306579	0.00000512	0x00	0x00
SPI [1]	result	16.20307107	0.00000512	0x00	0x00
SPI [1]	result	16.20307635	0.00000512	0x08	0x00
SPI [1]	result	16.20308163	0.00000512	0x20	0x3F
SPI [1]	result	16.20349423	0.00000512	0x0F	0xFF
SPI [1]	result	16.20349951	0.00000512	0x10	0xFF
SPI [1]	result	16.20350479	0.00000512	0x80	0xFF
SPI [1]	result	16.20351007	0.00000512	0x1A	0xFF
SPI [1]	result	16.20391396	0.00000512	0x00	0xFF
SPI [1]	result	16.20391924	0.00000512	0x00	0xFF
SPI [1]	result	16.20392452	0.00000512	0x00	0xFF
SPI [1]	result	16.20392980	0.00000512	0x00	0xFF
SPI [1]	result	16.20433001	0.00000512	0x08	0xFF
SPI [1]	result	16.20433529	0.00000512	0x00	0xFF
SPI [1]	result	16.20434057	0.00000512	0x88	0xFF
SPI [1]	result	16.20434585	0.00000512	0x32	0xFF
SPI [1]	result	16.24306616	0.00000512	0x00	0x00
SPI [1]	result	16.24307144	0.00000512	0x00	0x00
SPI [1]	result	16.24307672	0.00000512	0x08	0x04
SPI [1]	result	16.24308200	0.00000512	0x20	0x3F
SPI [1]	result	16.24348666	0.00000512	0x08	0xFF
SPI [1]	result	16.24349194	0.00000512	0x10	0xFF
SPI [1]	result	16.24349722	0.00000512	0x80	0xFF
SPI [1]	result	16.24350250	0.00000512	0x22	0xFF
SPI [1]	result	16.24390490	0.00000512	0x00	0xFF
SPI [1]	result	16.24391018	0.00000512	0x00	0xFF
SPI [1]	result	16.24391546	0.00000512	0x09	0xFF
SPI [1]	result	16.24392074	0.00000512	0xA6	0xFF
SPI [1]	result	16.24432337	0.00000512	0x09	0xFF
SPI [1]	result	16.24432865	0.00000512	0x00	0xFF
SPI [1]	result	16.24433393	0.00000512	0x88	0xFF
SPI [1]	result	16.24433921	0.00000512	0x3A	0xFF
SPI [1]	result	16.24474068	0.00000512	0x00	0xFF
SPI [1]	result	16.24474596	0.00000512	0x00	0xFF
SPI [1]	result	16.24475124	0.00000512	0x00	0xFF
SPI [1]	result	16.24475652	0.00000512	0x00	0xFF
SPI [1]	result	16.24515685	0.00000512	0x08	0xFF
SPI [1]	result	16.24516213	0.00000512	0x00	0xFF
SPI [1]	result	16.24516741	0.00000512	0x89	0xFF
SPI [1]	result	16.24517269	0.00000512	0xB8	0xFF
SPI [1]	result	16.28307094	0.00000512	0x00	0x00
SPI [1]	result	16.28307622	0.00000512	0x00	0x00
SPI [1]	result	16.28308150	0.00000512	0x08	0x06
SPI [1]	result	16.28308678	0.00000512	0x20	0x3F
SPI [1]	result	16.28351690	0.00000512	0x0A	0xFF
SPI [1]	result	16.28352218	0.00000512	0x10	0xFF
SPI [1]	result	16.28352746	0.00000512	0x80	0xFF
SPI [1]	result	16.28353274	0.00000512	0x32	0xFF
SPI [1]	result	16.28393807	0.00000512	0x00	0xFF
SPI [1]	result	16.28394335	0.00000512	0x00	0xFF
SPI [1]	result	16.28394863	0.00000512	0x00	0xFF
SPI [1]	result	16.28395391	0.00000512	0x00	0xFF
SPI [1]	result	16.28435592	0.00000512	0x08	0xFF
SPI [1]	result	16.28436120	0.00000512	0x00	0xFF
SPI [1]	result	16.28436648	0.00000512	0x88	0xFF
SPI [1]	result	16.28437176	0.00000512	0x32	0xFF
SPI [1]	result	16.32306266	0.00000512	0x00	0x00
SPI [1]	result	16.32306794	0.00000512	0x00	0x00
SPI [1]	result	16.32307322	0.00000512	0x08	0x00
SPI [1]	result	16.32307850	0.00000512	0x20	0x3F
SPI [1]	result	16.32348394	0.00000512	0x0B	0xFF
SPI [1]	result	16.32348922	0.00000512	0x10	0xFF
SPI [1]	result	16.32349450	0.00000512	0x80	0xFF
SPI [1]	result	16.32349978	0.00000512	0x3A	0xFF
SPI [1]	result	16.32390336	0.00000512	0x00	0xFF
SPI [1]	result	16.32390864	0.00000512	0x00	0xFF
SPI [1]	result	16.32391392	0.00000512	0x00	0xFF
SPI [1]	result	16.32391920	0.00000512	0x00	0xFF
SPI [1]	result	16.32432023	0.00000512	0x08	0xFF
SPI [1]	result	16.32432551	0.00000512	0x00	0xFF
SPI [1]	result	16.32433079	0.00000512	0x88	0xFF
SPI [1]	result	16.32433607	0.00000512	0x32	0xFF
SPI [1]	result	16.36306453	0.00000512	0x00	0x00
SPI [1]	result	16.36306981	0.00000512	0x00	0x00
SPI [1]	result	16.36307509	0.00000512	0x08	0x04
SPI [1]	result	16.36308037	0.00000512	0x20	0x3F
SPI [1]	result	16.36348279	0.00000512	0x0C	0xFF
SPI [1]	result	16.36348807	0.00000512	0x10	0xFF
SPI [1]	result	16.36349335	0.00000512	0x80	0xFF
SPI [1]	result	16.36349863	0.00000512	0x02	0xFF
SPI [1]	result	16.36390064	0.00000512	0x00	0xFF
SPI [1]	result	16.36390592	0.00000512	0x00	0xFF
SPI [1]	result	16.36391120	0.00000512	0x09	0xFF
SPI [1]	result	16.36391648	0.00000512	0xA6	0xFF
SPI [1]	result	16.36431788	0.00000512	0x0D	0xFF
SPI [1]	result	16.36432316	0.00000512	0x00	0xFF
SPI [1]	result	16.36432844	0.00000512	0x88	0xFF
SPI [1]	result	16.36433372	0.00000512	0x1A	0xFF
SPI [1]	result	16.36473509	0.00000512	0x00	0xFF
SPI [1]	result	16.36474037	0.00000512	0x00	0xFF
SPI [1]	result	16.36474565	0.00000512	0x00	0xFF
SPI [1]	result	16.36475093	0.00000512	0x00	0xFF
SPI [1]	result	16.36515203	0.00000512	0x08	0xFF
SPI [1]	result	16.36515731	0.00000512	0x00	0xFF
SPI [1]	result	16.36516259	0.00000512	0x89	0xFF
SPI [1]	result	16.36516787	0.00000512	0xB8	0xFF
SPI [1]	result	16.40306134	0.00000512	0x00	0x00
SPI [1]	result	16.40306662	0.00000512	0x00	0x00
SPI [1]	result	16.40307190	0.00000512	0x08	0x00
SPI [1]	result	16.40307718	0.00000512	0x20	0x3F
SPI [1]	result	16.40347799	0.00000512	0x0E	0xFF
SPI [1]	result	16.40348327	0.00000512	0x10	0xFF
SPI [1]	result	16.40348855	0.00000512	0x80	0xFF
SPI [1]	result	16.40349383	0.00000512	0x12	0xFF
SPI [1]	result	16.40389499	0.00000512	0x00	0xFF
SPI [1]	result	16.40390027	0.00000512	0x00	0xFF
SPI [1]	result	16.40390555	0.00000512	0x00	0xFF
SPI [1]	result	16.40391083	0.00000512	0x00	0xFF
SPI [1]	result	16.40431207	0.00000512	0x08	0xFF
SPI [1]	result	16.40431735	0.00000512	0x00	0xFF
SPI [1]	result	16.40432263	0.00000512	0x88	0xFF
SPI [1]	result	16.40432791	0.00000512	0x32	0xFF
SPI [1]	result	16.44306117	0.00000512	0x00	0x00
SPI [1]	result	16.44306645	0.00000512	0x00	0x00
SPI [1]	result	16.44307173	0.00000512	0x08	0x00
SPI [1]	result	16.44307701	0.00000512	0x20	0x3F
SPI [1]	result	16.44348103	0.00000512	0x0F	0xFF
SPI [1]	result	16.44348631	0.00000512	0x10	0xFF
SPI [1]	result	16.44349159	0.00000512	0x80	0xFF
SPI [1]	result	16.44349687	0.00000512	0x1A	0xFF
SPI [1]	result	16.44389864	0.00000512	0x00	0xFF
SPI [1]	result	16.44390392	0.00000512	0x00	0xFF
SPI [1]	result	16.44390920	0.00000512	0x00	0xFF
SPI [1]	result	16.44391448	0.00000512	0x00	0xFF
SPI [1]	result	16.44431351	0.00000512	0x08	0xFF
SPI [1]	result	16.44431879	0.00000512	0x00	0xFF
SPI [1]	result	16.44432407	0.00000512	0x88	0xFF
SPI [1]	result	16.44432935	0.00000512	0x32	0xFF
SPI [1]	result	16.48306297	0.00000512	0x00	0x00
SPI [1]	result	16.48306825	0.00000512	0x00	0x00
SPI [1]	result	16.48307353	0.00000512	0x08	0x00
SPI [1]	result	16.48307881	0.00000512	0x20	0x3F
SPI [1]	result	16.48348084	0.00000512	0x08	0xFF
SPI [1]	result	16.48348612	0.00000512	0x10	0xFF
SPI [1]	result	16.48349140	0.00000512	0x80	0xFF
SPI [1]	result	16.48349668	0.00000512	0x22	0xFF
SPI [1]	result	16.48389820	0.00000512	0x00	0xFF
SPI [1]	result	16.48390348	0.00000512	0x00	0xFF
SPI [1]	result	16.48390876	0.00000512	0x09	0xFF
SPI [1]	result	16.48391404	0.00000512	0xA6	0xFF
SPI [1]	result	16.48437751	0.00000512	0x09	0xFF
SPI [1]	result	16.48438279	0.00000512	0x00	0xFF
SPI [1]	result	16.48438807	0.00000512	0x88	0xFF
SPI [1]	result	16.48439335	0.00000512	0x3A	0xFF
SPI [1]	result	16.48480081	0.00000512	0x00	0xFF
SPI [1]	result	16.48480609	0.00000512	0x00	0xFF
SPI [1]	result	16.48481137	0.00000512	0x00	0xFF
SPI [1]	result	16.48481665	0.00000512	0x00	0xFF
SPI [1]	result	16.48521868	0.00000512	0x08	0xFF
SPI [1]	result	16.48522396	0.00000512	0x00	0xFF
SPI [1]	result	16.48522924	0.00000512	0x89	0xFF
SPI [1]	result	16.48523452	0.00000512	0xB8	0xFF
SPI [1]	result	16.52306162	0.00000512	0x00	0x00
SPI [1]	result	16.52306690	0.00000512	0x00	0x00
SPI [1]	result	16.52307218	0.00000512	0x08	0x00
SPI [1]	result	16.52307746	0.00000512	0x20	0x3F
SPI [1]	result	16.52347803	0.00000512	0x0A	0xFF
SPI [1]	result	16.52348331	0.00000512	0x10	0xFF
SPI [1]	result	16.52348859	0.00000512	0x80	0xFF
SPI [1]	result	16.52349387	0.00000512	0x32	0xFF
SPI [1]	result	16.52389516	0.00000512	0x00	0xFF
SPI [1]	result	16.52390044	0.00000512	0x00	0xFF
SPI [1]	result	16.52390572	0.00000512	0x00	0xFF
SPI [1]	result	16.52391100	0.00000512	0x00	0xFF
SPI [1]	result	16.52431286	0.00000512	0x08	0xFF
SPI [1]	result	16.52431814	0.00000512	0x00	0xFF
SPI [1]	result	16.52432342	0.00000512	0x88	0xFF
SPI [1]	result	16.52432870	0.00000512	0x32	0xFF
SPI [1]	result	16.56306616	0.00000512	0x00	0x00
SPI [1]	result	16.56307144	0.00000512	0x00	0x00
SPI [1]	result	16.56307672	0.00000512	0x08	0x04
SPI [1]	result	16.56308200	0.00000512	0x20	0x3F
SPI [1]	result	16.56350217	0.00000512	0x0B	0xFF
SPI [1]	result	16.56350745	0.00000512	0x10	0xFF
SPI [1]	result	16.56351273	0.00000512	0x80	0xFF
SPI [1]	result	16.56351801	0.00000512	0x3A	0xFF
SPI [1]	result	16.56392129	0.00000512	0x00	0xFF
SPI [1]	result	16.56392657	0.00000512	0x00	0xFF
SPI [1]	result	16.56393185	0.00000512	0x00	0xFF
SPI [1]	result	16.56393713	0.00000512	0x00	0xFF
SPI [1]	result	16.56433933	0.00000512	0x08	0xFF
SPI [1]	result	16.56434461	0.00000512	0x00	0xFF
SPI [1]	result	16.56434989	0.00000512	0x88	0xFF
SPI [1]	result	16.56435517	0.00000512	0x32	0xFF
SPI [1]	result	16.60306616	0.00000512	0x00	0x00
SPI [1]	result	16.60307144	0.00000512	0x00	0x00
SPI [1]	result	16.60307672	0.00000512	0x08	0x00
SPI [1]	result	16.60308200	0.00000512	0x20	0x3F
SPI [1]	result	16.60349036	0.00000512	0x0C	0xFF
SPI [1]	result	16.60349564	0.00000512	0x10	0xFF
SPI [1]	result	16.60350092	0.00000512	0x80	0xFF
SPI [1]	result	16.60350620	0.00000512	0x02	0xFF
SPI [1]	result	16.60390979	0.00000512	0x00	0xFF
SPI [1]	result	16.60391507	0.00000512	0x00	0xFF
SPI [1]	result	16.60392035	0.00000512	0x09	0xFF
SPI [1]	result	16.60392563	0.00000512	0xA6	0xFF
SPI [1]	result	16.60432459	0.00000512	0x0D	0xFF
SPI [1]	result	16.60432987	0.00000512	0x00	0xFF
SPI [1]	result	16.60433515	0.00000512	0x88	0xFF
SPI [1]	result	16.60434043	0.00000512	0x1A	0xFF
SPI [1]	result	16.60474214	0.00000512	0x00	0xFF
SPI [1]	result	16.60474742	0.00000512	0x00	0xFF
SPI [1]	result	16.60475270	0.00000512	0x00	0xFF
SPI [1]	result	16.60475798	0.00000512	0x00	0xFF
SPI [1]	result	16.60515981	0.00000512	0x08	0xFF
SPI [1]	result	16.60516509	0.00000512	0x00	0xFF
SPI [1]	result	16.60517037	0.00000512	0x89	0xFF
SPI [1]	result	16.60517565	0.00000512	0xB8	0xFF
SPI [1]	result	16.64306995	0.00000512	0x00	0x00
SPI [1]	result	16.64307523	0.00000512	0x00	0x00
SPI [1]	result	16.64308051	0.00000512	0x08	0x04
SPI [1]	result	16.64308579	0.00000512	0x20	0x3F
SPI [1]	result	16.64351558	0.00000512	0x0E	0xFF
SPI [1]	result	16.64352086	0.00000512	0x10	0xFF
SPI [1]	result	16.64352614	0.00000512	0x80	0xFF
SPI [1]	result	16.64353142	0.00000512	0x12	0xFF
SPI [1]	result	16.64393442	0.00000512	0x00	0xFF
SPI [1]	result	16.64393970	0.00000512	0x00	0xFF
SPI [1]	result	16.64394498	0.00000512	0x00	0xFF
SPI [1]	result	16.64395026	0.00000512	0x00	0xFF
SPI [1]	result	16.64435209	0.00000512	0x08	0xFF
SPI [1]	result	16.64435737	0.00000512	0x00	0xFF
SPI [1]	result	16.64436265	0.00000512	0x88	0xFF
SPI [1]	result	16.64436793	0.00000512	0x32	0xFF
SPI [1]	result	16.68306545	0.00000512	0x00	0x00
SPI [1]	result	16.68307073	0.00000512	0x00	0x00
SPI [1]	result	16.68307601	0.00000512	0x08	0x00
SPI [1]	result	16.68308129	0.00000512	0x20	0x3F
SPI [1]	result	16.68349640	0.00000512	0x0F	0xFF
SPI [1]	result	16.68350168	0.00000512	0x10	0xFF
SPI [1]	result	16.68350696	0.00000512	0x80	0xFF
SPI [1]	result	16.68351224	0.00000512	0x1A	0xFF
SPI [1]	result	16.68391316	0.00000512	0x00	0xFF
SPI [1]	result	16.68391844	0.00000512	0x00	0xFF
SPI [1]	result	16.68392372	0.00000512	0x00	0xFF
SPI [1]	result	16.68392900	0.00000512	0x00	0xFF
SPI [1]	result	16.68433063	0.00000512	0x08	0xFF
SPI [1]	result	16.68433591	0.00000512	0x00	0xFF
SPI [1]	result	16.68434119	0.00000512	0x88	0xFF
SPI [1]	result	16.68434647	0.00000512	0x32	0xFF
SPI [1]	result	16.72306386	0.00000512	0x00	0x00
SPI [1]	result	16.72306914	0.00000512	0x00	0x00
SPI [1]	result	16.72307442	0.00000512	0x08	0x00
SPI [1]	result	16.72307970	0.00000512	0x20	0x3F
SPI [1]	result	16.72348392	0.00000512	0x08	0xFF
SPI [1]	result	16.72348920	0.00000512	0x10	0xFF
SPI [1]	result	16.72349448	0.00000512	0x80	0xFF
SPI [1]	result	16.72349976	0.00000512	0x22	0xFF
SPI [1]	result	16.72390122	0.00000512	0x00	0xFF
SPI [1]	result	16.72390650	0.00000512	0x00	0xFF
SPI [1]	result	16.72391178	0.00000512	0x09	0xFF
SPI [1]	result	16.72391706	0.00000512	0xA6	0xFF
SPI [1]	result	16.72431927	0.00000512	0x09	0xFF
SPI [1]	result	16.72432455	0.00000512	0x00	0xFF
SPI [1]	result	16.72432983	0.00000512	0x88	0xFF
SPI [1]	result	16.72433511	0.00000512	0x3A	0xFF
SPI [1]	result	16.72473304	0.00000512	0x00	0xFF
SPI [1]	result	16.72473832	0.00000512	0x00	0xFF
SPI [1]	result	16.72474360	0.00000512	0x00	0xFF
SPI [1]	result	16.72474888	0.00000512	0x00	0xFF
SPI [1]	result	16.72515013	0.00000512	0x08	0xFF
SPI [1]	result	16.72515541	0.00000512	0x00	0xFF
SPI [1]	result	16.72516069	0.00000512	0x89	0xFF
SPI [1]	result	16.72516597	0.00000512	0xB8	0xFF
SPI [1]	result	16.76306194	0.00000512	0x00	0x00
SPI [1]	result	16.76306722	0.00000512	0x00	0x00
SPI [1]	result	16.76307250	0.00000512	0x08	0x04
SPI [1]	result	16.76307778	0.00000512	0x20	0x3F
SPI [1]	result	16.76348266	0.00000512	0x0A	0xFF
SPI [1]	result	16.76348794	0.00000512	0x10	0xFF
SPI [1]	result	16.76349322	0.00000512	0x80	0xFF
SPI [1]	result	16.76349850	0.00000512	0x32	0xFF
SPI [1]	result	16.76389998	0.00000512	0x00	0xFF
SPI [1]	result	16.76390526	0.00000512	0x00	0xFF
SPI [1]	result	16.76391054	0.00000512	0x00	0xFF
SPI [1]	result	16.76391582	0.00000512	0x00	0xFF
SPI [1]	result	16.76431465	0.00000512	0x08	0xFF
SPI [1]	result	16.76431993	0.00000512	0x00	0xFF
SPI [1]	result	16.76432521	0.00000512	0x88	0xFF
SPI [1]	result	16.76433049	0.00000512	0x32	0xFF
SPI [1]	result	16.80306650	0.00000512	0x00	0x00
SPI [1]	result	16.80307178	0.00000512	0x00	0x00
SPI [1]	result	16.80307706	0.00000512	0x08	0x00
SPI [1]	result	16.80308234	0.00000512	0x20	0x3F
SPI [1]	result	16.80350046	0.00000512	0x0B	0xFF
SPI [1]	result	16.80350574	0.00000512	0x10	0xFF
SPI [1]	result	16.80351102	0.00000512	0x80	0xFF
SPI [1]	result	16.80351630	0.00000512	0x3A	0xFF
SPI [1]	result	16.80391857	0.00000512	0x00	0xFF
SPI [1]	result	16.80392385	0.00000512	0x00	0xFF
SPI [1]	result	16.80392913	0.00000512	0x00	0xFF
SPI [1]	result	16.80393441	0.00000512	0x00	0xFF
SPI [1]	result	16.80433596	0.00000512	0x08	0xFF
SPI [1]	result	16.80434124	0.00000512	0x00	0xFF
SPI [1]	result	16.80434652	0.00000512	0x88	0xFF
SPI [1]	result	16.80435180	0.00000512	0x32	0xFF
SPI [1]	result	16.84306452	0.00000512	0x00	0x00
SPI [1]	result	16.84306980	0.00000512	0x00	0x00
SPI [1]	result	16.84307508	0.00000512	0x08	0x00
SPI [1]	result	16.84308036	0.00000512	0x20	0xBF
SPI [1]	result	16.84348507	0.00000512	0x0C	0xFF
SPI [1]	result	16.84349035	0.00000512	0x10	0xFF
SPI [1]	result	16.84349563	0.00000512	0x80	0xFF
SPI [1]	result	16.84350091	0.00000512	0x02	0xFF
SPI [1]	result	16.84390282	0.00000512	0x00	0xFF
SPI [1]	result	16.84390810	0.00000512	0x00	0xFF
SPI [1]	result	16.84391338	0.00000512	0x09	0xFF
SPI [1]	result	16.84391866	0.00000512	0xA6	0xFF
SPI [1]	result	16.84432000	0.00000512	0x0D	0xFF
SPI [1]	result	16.84432528	0.00000512	0x00	0xFF
SPI [1]	result	16.84433056	0.00000512	0x88	0xFF
SPI [1]	result	16.84433584	0.00000512	0x1A	0xFF
SPI [1]	result	16.84478760	0.00000512	0x00	0xFF
SPI [1]	result	16.84479288	0.00000512	0x00	0xFF
SPI [1]	result	16.84479816	0.00000512	0x00	0xFF
SPI [1]	result	16.84480344	0.00000512	0x00	0xFF
SPI [1]	result	16.84520914	0.00000512	0x08	0xFF
SPI [1]	result	16.84521442	0.00000512	0x00	0xFF
SPI [1]	result	16.84521970	0.00000512	0x89	0xFF
SPI [1]	result	16.84522498	0.00000512	0xB8	0xFF
SPI [1]	result	16.88306170	0.00000512	0x00	0x00
SPI [1]	result	16.88306698	0.00000512	0x00	0x00
SPI [1]	result	16.88307226	0.00000512	0x08	0x04
SPI [1]	result	16.88307754	0.00000512	0x20	0x3F
SPI [1]	result	16.88348213	0.00000512	0x0E	0xFF
SPI [1]	result	16.88348741	0.00000512	0x10	0xFF
SPI [1]	result	16.88349269	0.00000512	0x80	0xFF
SPI [1]	result	16.88349797	0.00000512	0x12	0xFF
SPI [1]	result	16.88390008	0.00000512	0x00	0xFF
SPI [1]	result	16.88390536	0.00000512	0x00	0xFF
SPI [1]	result	16.88391064	0.00000512	0x00	0xFF
SPI [1]	result	16.88391592	0.00000512	0x00	0xFF
SPI [1]	result	16.88431710	0.00000512	0x08	0xFF
SPI [1]	result	16.88432238	0.00000512	0x00	0xFF
SPI [1]	result	16.88432766	0.00000512	0x88	0xFF
SPI [1]	result	16.88433294	0.00000512	0x32	0xFF
SPI [1]	result	16.92306171	0.00000512	0x00	0x00
SPI [1]	result	16.92306699	0.00000512	0x00	0x00
SPI [1]	result	16.92307227	0.00000512	0x08	0x00
SPI [1]	result	16.92307755	0.00000512	0x20	0x3F
SPI [1]	result	16.92348563	0.00000512	0x0F	0xFF
SPI [1]	result	16.92349091	0.00000512	0x10	0xFF
SPI [1]	result	16.92349619	0.00000512	0x80	0xFF
SPI [1]	result	16.92350147	0.00000512	0x1A	0xFF
SPI [1]	result	16.92390336	0.00000512	0x00	0xFF
SPI [1]	result	16.92390864	0.00000512	0x00	0xFF
SPI [1]	result	16.92391392	0.00000512	0x00	0xFF
SPI [1]	result	16.92391920	0.00000512	0x00	0xFF
SPI [1]	result	16.92432090	0.00000512	0x08	0xFF
SPI [1]	result	16.92432618	0.00000512	0x00	0xFF
SPI [1]	result	16.92433146	0.00000512	0x88	0xFF
SPI [1]	result	16.92433674	0.00000512	0x32	0xFF
SPI [1]	result	16.96306419	0.00000512	0x00	0x00
SPI [1]	result	16.96306947	0.00000512	0x00	0x00
SPI [1]	result	16.96307475	0.00000512	0x08	0x04
SPI [1]	result	16.96308003	0.00000512	0x20	0x3F
SPI [1]	result	16.96348608	0.00000512	0x08	0xFF
SPI [1]	result	16.96349136	0.00000512	0x10	0xFF
SPI [1]	result	16.96349664	0.00000512	0x80	0xFF
SPI [1]	result	16.96350192	0.00000512	0x22	0xFF
SPI [1]	result	16.96390332	0.00000512	0x00	0xFF
SPI [1]	result	16.96390860	0.00000512	0x00	0xFF
SPI [1]	result	16.96391388	0.00000512	0x09	0xFF
SPI [1]	result	16.96391916	0.00000512	0xA6	0xFF
SPI [1]	result	16.96432114	0.00000512	0x09	0xFF
SPI [1]	result	16.96432642	0.00000512	0x00	0xFF
SPI [1]	result	16.96433170	0.00000512	0x88	0xFF
SPI [1]	result	16.96433698	0.00000512	0x3A	0xFF
SPI [1]	result	16.96473908	0.00000512	0x00	0xFF
SPI [1]	result	16.96474436	0.00000512	0x00	0xFF
SPI [1]	result	16.96474964	0.00000512	0x00	0xFF
SPI [1]	result	16.96475492	0.00000512	0x00	0xFF
SPI [1]	result	16.96515629	0.00000512	0x08	0xFF
SPI [1]	result	16.96516157	0.00000512	0x00	0xFF
SPI [1]	result	16.96516685	0.00000512	0x89	0xFF
SPI [1]	result	16.96517213	0.00000512	0xB8	0xFF
SPI [1]	result	17.00307136	0.00000512	0x00	0x00
SPI [1]	result	17.00307664	0.00000512	0x00	0x00
SPI [1]	result	17.00308192	0.00000512	0x08	0x00
SPI [1]	result	17.00308720	0.00000512	0x20	0x3F
SPI [1]	result	17.00352129	0.00000512	0x0A	0xFF
SPI [1]	result	17.00352657	0.00000512	0x10	0xFF
SPI [1]	result	17.00353185	0.00000512	0x80	0xFF
SPI [1]	result	17.00353713	0.00000512	0x32	0xFF
SPI [1]	result	17.00394079	0.00000512	0x00	0xFF
SPI [1]	result	17.00394607	0.00000512	0x00	0xFF
SPI [1]	result	17.00395135	0.00000512	0x00	0xFF
SPI [1]	result	17.00395663	0.00000512	0x00	0xFF
SPI [1]	result	17.00436023	0.00000512	0x08	0xFF
SPI [1]	result	17.00436551	0.00000512	0x00	0xFF
SPI [1]	result	17.00437079	0.00000512	0x88	0xFF
SPI [1]	result	17.00437607	0.00000512	0x32	0xFF
SPI [1]	result	17.04306293	0.00000512	0x00	0x00
SPI [1]	result	17.04306821	0.00000512	0x00	0x00
SPI [1]	result	17.04307349	0.00000512	0x08	0x00
SPI [1]	result	17.04307877	0.00000512	0x20	0x3F
SPI [1]	result	17.04348221	0.00000512	0x0B	0xFF
SPI [1]	result	17.04348749	0.00000512	0x10	0xFF
SPI [1]	result	17.04349277	0.00000512	0x80	0xFF
SPI [1]	result	17.04349805	0.00000512	0x3A	0xFF
SPI [1]	result	17.04390057	0.00000512	0x00	0xFF
SPI [1]	result	17.04390585	0.00000512	0x00	0xFF
SPI [1]	result	17.04391113	0.00000512	0x00	0xFF
SPI [1]	result	17.04391641	0.00000512	0x00	0xFF
SPI [1]	result	17.04432079	0.00000512	0x08	0xFF
SPI [1]	result	17.04432607	0.00000512	0x00	0xFF
SPI [1]	result	17.04433135	0.00000512	0x88	0xFF
SPI [1]	result	17.04433663	0.00000512	0x32	0xFF
SPI [1]	result	17.08307866	0.00000512	0x00	0x00
SPI [1]	result	17.08308394	0.00000512	0x00	0x00
SPI [1]	result	17.08308922	0.00000512	0x08	0x00
SPI [1]	result	17.08309450	0.00000512	0x20	0x3F
SPI [1]	result	17.08353421	0.00000512	0x0C	0xFF
SPI [1]	result	17.08353949	0.00000512	0x10	0xFF
SPI [1]	result	17.08354477	0.00000512	0x80	0xFF
SPI [1]	result	17.08355005	0.00000512	0x02	0xFF
SPI [1]	result	17.08395488	0.00000512	0x00	0xFF
SPI [1]	result	17.08396016	0.00000512	0x00	0xFF
SPI [1]	result	17.08396544	0.00000512	0x09	0xFF
SPI [1]	result	17.08397072	0.00000512	0xA6	0xFF
SPI [1]	result	17.08437329	0.00000512	0x0D	0xFF
SPI [1]	result	17.08437857	0.00000512	0x00	0xFF
SPI [1]	result	17.08438385	0.00000512	0x88	0xFF
SPI [1]	result	17.08438913	0.00000512	0x1A	0xFF
SPI [1]	result	17.08479111	0.00000512	0x00	0xFF
SPI [1]	result	17.08479639	0.00000512	0x00	0xFF
SPI [1]	result	17.08480167	0.00000512	0x00	0xFF
SPI [1]	result	17.08480695	0.00000512	0x00	0xFF
SPI [1]	result	17.08520905	0.00000512	0x08	0xFF
SPI [1]	result	17.08521433	0.00000512	0x00	0xFF
SPI [1]	result	17.08521961	0.00000512	0x89	0xFF
SPI [1]	result	17.08522489	0.00000512	0xB8	0xFF
SPI [1]	result	17.12306318	0.00000512	0x00	0x00
SPI [1]	result	17.12306846	0.00000512	0x00	0x00
SPI [1]	result	17.12307374	0.00000512	0x08	0x00
SPI [1]	result	17.12307902	0.00000512	0x20	0x3F
SPI [1]	result	17.12348188	0.00000512	0x0E	0xBF
SPI [1]	result	17.12348716	0.00000512	0x10	0xFF
SPI [1]	result	17.12349244	0.00000512	0x80	0xFF
SPI [1]	result	17.12349772	0.00000512	0x12	0xFF
SPI [1]	result	17.12389990	0.00000512	0x00	0xFF
SPI [1]	result	17.12390518	0.00000512	0x00	0xFF
SPI [1]	result	17.12391046	0.00000512	0x00	0xFF
SPI [1]	result	17.12391574	0.00000512	0x00	0xFF
SPI [1]	result	17.12431681	0.00000512	0x08	0xFF
SPI [1]	result	17.12432209	0.00000512	0x00	0xFF
SPI [1]	result	17.12432737	0.00000512	0x88	0xFF
SPI [1]	result	17.12433265	0.00000512	0x32	0xFF
SPI [1]	result	17.16306772	0.00000512	0x00	0x00
SPI [1]	result	17.16307300	0.00000512	0x00	0x00
SPI [1]	result	17.16307828	0.00000512	0x08	0x04
SPI [1]	result	17.16308356	0.00000512	0x20	0x3F
SPI [1]	result	17.16350985	0.00000512	0x0F	0xFF
SPI [1]	result	17.16351513	0.00000512	0x10	0xFF
SPI [1]	result	17.16352041	0.00000512	0x80	0xFF
SPI [1]	result	17.16352569	0.00000512	0x1A	0xFF
SPI [1]	result	17.16392915	0.00000512	0x00	0xFF
SPI [1]	result	17.16393443	0.00000512	0x00	0xFF
SPI [1]	result	17.16393971	0.00000512	0x00	0xFF
SPI [1]	result	17.16394499	0.00000512	0x00	0xFF
SPI [1]	result	17.16434465	0.00000512	0x08	0xFF
SPI [1]	result	17.16434993	0.00000512	0x00	0xFF
SPI [1]	result	17.16435521	0.00000512	0x88	0xFF
SPI [1]	result	17.16436049	0.00000512	0x32	0xFF
SPI [1]	result	17.20306485	0.00000512	0x00	0x00
SPI [1]	result	17.20307013	0.00000512	0x00	0x00
SPI [1]	result	17.20307541	0.00000512	0x08	0x00
SPI [1]	result	17.20308069	0.00000512	0x20	0x3F
SPI [1]	result	17.20348465	0.00000512	0x08	0xFF
SPI [1]	result	17.20348993	0.00000512	0x10	0xFF
SPI [1]	result	17.20349521	0.00000512	0x80	0xFF
SPI [1]	result	17.20350049	0.00000512	0x22	0xFF
SPI [1]	result	17.20390143	0.00000512	0x00	0xFF
SPI [1]	result	17.20390671	0.00000512	0x00	0xFF
SPI [1]	result	17.20391199	0.00000512	0x09	0xFF
SPI [1]	result	17.20391727	0.00000512	0xA6	0xFF
SPI [1]	result	17.20431859	0.00000512	0x09	0xFF
SPI [1]	result	17.20432387	0.00000512	0x00	0xFF
SPI [1]	result	17.20432915	0.00000512	0x88	0xFF
SPI [1]	result	17.20433443	0.00000512	0x3A	0xFF
SPI [1]	result	17.20480326	0.00000512	0x00	0xFF
SPI [1]	result	17.20480854	0.00000512	0x00	0xFF
SPI [1]	result	17.20481382	0.00000512	0x00	0xFF
SPI [1]	result	17.20481910	0.00000512	0x00	0xFF
SPI [1]	result	17.20522508	0.00000512	0x08	0xFF
SPI [1]	result	17.20523036	0.00000512	0x00	0xFF
SPI [1]	result	17.20523564	0.00000512	0x89	0xFF
SPI [1]	result	17.20524092	0.00000512	0xB8	0xFF
SPI [1]	result	17.24306220	0.00000512	0x00	0x00
SPI [1]	result	17.24306748	0.00000512	0x00	0x00
SPI [1]	result	17.24307276	0.00000512	0x08	0x04
SPI [1]	result	17.24307804	0.00000512	0x20	0x3F
SPI [1]	result	17.24348296	0.00000512	0x0A	0xFF
SPI [1]	result	17.24348824	0.00000512	0x10	0xFF
SPI [1]	result	17.24349352	0.00000512	0x80	0xFF
SPI [1]	result	17.24349880	0.00000512	0x32	0xFF
SPI [1]	result	17.24390006	0.00000512	0x00	0xFF
SPI [1]	result	17.24390534	0.00000512	0x00	0xFF
SPI [1]	result	17.24391062	0.00000512	0x00	0xFF
SPI [1]	result	17.24391590	0.00000512	0x00	0xFF
SPI [1]	result	17.24431721	0.00000512	0x08	0xFF
SPI [1]	result	17.24432249	0.00000512	0x00	0xFF
SPI [1]	result	17.24432777	0.00000512	0x88	0xFF
SPI [1]	result	17.24433305	0.00000512	0x32	0xFF
SPI [1]	result	17.28306691	0.00000512	0x00	0x00
SPI [1]	result	17.28307219	0.00000512	0x00	0x00
SPI [1]	result	17.28307747	0.00000512	0x08	0x00
SPI [1]	result	17.28308275	0.00000512	0x20	0x3F
SPI [1]	result	17.28350276	0.00000512	0x0B	0xFF
SPI [1]	result	17.28350804	0.00000512	0x10	0xFF
SPI [1]	result	17.28351332	0.00000512	0x80	0xFF
SPI [1]	result	17.28351860	0.00000512	0x3A	0xFF
SPI [1]	result	17.28392339	0.00000512	0x00	0xFF
SPI [1]	result	17.28392867	0.00000512	0x00	0xFF
SPI [1]	result	17.28393395	0.00000512	0x00	0xFF
SPI [1]	result	17.28393923	0.00000512	0x00	0xFF
SPI [1]	result	17.28434117	0.00000512	0x08	0xFF
SPI [1]	result	17.28434645	0.00000512	0x00	0xFF
SPI [1]	result	17.28435173	0.00000512	0x88	0xFF
SPI [1]	result	17.28435701	0.00000512	0x32	0xFF
SPI [1]	result	17.32306559	0.00000512	0x00	0x00
SPI [1]	result	17.32307087	0.00000512	0x00	0x00
SPI [1]	result	17.32307615	0.00000512	0x08	0x00
SPI [1]	result	17.32308143	0.00000512	0x20	0x3F
SPI [1]	result	17.32348965	0.00000512	0x0C	0xFF
SPI [1]	result	17.32349493	0.00000512	0x10	0xFF
SPI [1]	result	17.32350021	0.00000512	0x80	0xFF
SPI [1]	result	17.32350549	0.00000512	0x02	0xFF
SPI [1]	result	17.32390862	0.00000512	0x00	0xFF
SPI [1]	result	17.32391390	0.00000512	0x00	0xFF
SPI [1]	result	17.32391918	0.00000512	0x09	0xFF
SPI [1]	result	17.32392446	0.00000512	0xA6	0xFF
SPI [1]	result	17.32432682	0.00000512	0x0D	0xFF
SPI [1]	result	17.32433210	0.00000512	0x00	0xFF
SPI [1]	result	17.32433738	0.00000512	0x88	0xFF
SPI [1]	result	17.32434266	0.00000512	0x1A	0xFF
SPI [1]	result	17.32474415	0.00000512	0x00	0xFF
SPI [1]	result	17.32474943	0.00000512	0x00	0xFF
SPI [1]	result	17.32475471	0.00000512	0x00	0xFF
SPI [1]	result	17.32475999	0.00000512	0x00	0xFF
SPI [1]	result	17.32515893	0.00000512	0x08	0xFF
SPI [1]	result	17.32516421	0.00000512	0x00	0xFF
SPI [1]	result	17.32516949	0.00000512	0x89	0xFF
SPI [1]	result	17.32517477	0.00000512	0xB8	0xFF
SPI [1]	result	17.36307350	0.00000512	0x00	0x00
SPI [1]	result	17.36307878	0.00000512	0x00	0x00
SPI [1]	result	17.36308406	0.00000512	0x08	0x04
SPI [1]	result	17.36308934	0.00000512	0x20	0x3F
SPI [1]	result	17.36353015	0.00000512	0x0E	0xFF
SPI [1]	result	17.36353543	0.00000512	0x10	0xFF
SPI [1]	result	17.36354071	0.00000512	0x80	0xFF
SPI [1]	result	17.36354599	0.00000512	0x12	0xFF
SPI [1]	result	17.36394954	0.00000512	0x00	0xFF
SPI [1]	result	17.36395482	0.00000512	0x00	0xFF
SPI [1]	result	17.36396010	0.00000512	0x00	0xFF
SPI [1]	result	17.36396538	0.00000512	0x00	0xFF
SPI [1]	result	17.36436727	0.00000512	0x08	0xFF
SPI [1]	result	17.36437255	0.00000512	0x00	0xFF
SPI [1]	result	17.36437783	0.00000512	0x88	0xFF
SPI [1]	result	17.36438311	0.00000512	0x32	0xFF
SPI [1]	result	17.40307054	0.00000512	0x00	0x00
SPI [1]	result	17.40307582	0.00000512	0x00	0x00
SPI [1]	result	17.40308110	0.00000512	0x08	0x00
SPI [1]	result	17.40308638	0.00000512	0x20	0x3F
SPI [1]	result	17.40352038	0.00000512	0x0F	0xFF
SPI [1]	result	17.40352566	0.00000512	0x10	0xFF
SPI [1]	result	17.40353094	0.00000512	0x80	0xFF
SPI [1]	result	17.40353622	0.00000512	0x1A	0xFF
SPI [1]	result	17.40393975	0.00000512	0x00	0xFF
SPI [1]	result	17.40394503	0.00000512	0x00	0xFF
SPI [1]	result	17.40395031	0.00000512	0x00	0xFF
SPI [1]	result	17.40395559	0.00000512	0x00	0xFF
SPI [1]	result	17.40435971	0.00000512	0x08	0xFF
SPI [1]	result	17.40436499	0.00000512	0x00	0xFF
SPI [1]	result	17.40437027	0.00000512	0x88	0xFF
SPI [1]	result	17.40437555	0.00000512	0x32	0xFF
SPI [1]	result	17.44306569	0.00000512	0x00	0x00
SPI [1]	result	17.44307097	0.00000512	0x00	0x00
SPI [1]	result	17.44307625	0.00000512	0x08	0x04
SPI [1]	result	17.44308153	0.00000512	0x20	0x3F
SPI [1]	result	17.44348782	0.00000512	0x08	0xFF
SPI [1]	result	17.44349310	0.00000512	0x10	0xFF
SPI [1]	result	17.44349838	0.00000512	0x80	0xFF
SPI [1]	result	17.44350366	0.00000512	0x22	0xFF
SPI [1]	result	17.44390553	0.00000512	0x00	0xFF
SPI [1]	result	17.44391081	0.00000512	0x00	0xFF
SPI [1]	result	17.44391609	0.00000512	0x09	0xFF
SPI [1]	result	17.44392137	0.00000512	0xA6	0xFF
SPI [1]	result	17.44432357	0.00000512	0x09	0xFF
SPI [1]	result	17.44432885	0.00000512	0x00	0xFF
SPI [1]	result	17.44433413	0.00000512	0x88	0xFF
SPI [1]	result	17.44433941	0.00000512	0x3A	0xFF
SPI [1]	result	17.44474103	0.00000512	0x00	0xFF
SPI [1]	result	17.44474631	0.00000512	0x00	0xFF
SPI [1]	result	17.44475159	0.00000512	0x00	0xFF
SPI [1]	result	17.44475687	0.00000512	0x00	0xFF
SPI [1]	result	17.44515577	0.00000512	0x08	0xFF
SPI [1]	result	17.44516105	0.00000512	0x00	0xFF
SPI [1]	result	17.44516633	0.00000512	0x89	0xFF
SPI [1]	result	17.44517161	0.00000512	0xB8	0xFF
SPI [1]	result	17.48306288	0.00000512	0x00	0x00
SPI [1]	result	17.48306816	0.00000512	0x00	0x00
SPI [1]	result	17.48307344	0.00000512	0x08	0x04
SPI [1]	result	17.48307872	0.00000512	0x20	0x3F
SPI [1]	result	17.48348499	0.00000512	0x0A	0xFF
SPI [1]	result	17.48349027	0.00000512	0x10	0xFF
SPI [1]	result	17.48349555	0.00000512	0x80	0xFF
SPI [1]	result	17.48350083	0.00000512	0x32	0xFF
SPI [1]	result	17.48390205	0.00000512	0x00	0xFF
SPI [1]	result	17.48390733	0.00000512	0x00	0xFF
SPI [1]	result	17.48391261	0.00000512	0x00	0xFF
SPI [1]	result	17.48391789	0.00000512	0x00	0xFF
SPI [1]	result	17.48431903	0.00000512	0x08	0xFF
SPI [1]	result	17.48432431	0.00000512	0x00	0xFF
SPI [1]	result	17.48432959	0.00000512	0x88	0xFF
SPI [1]	result	17.48433487	0.00000512	0x32	0xFF
SPI [1]	result	17.52306162	0.00000512	0x00	0x00
SPI [1]	result	17.52306690	0.00000512	0x00	0x00
SPI [1]	result	17.52307218	0.00000512	0x08	0x00
SPI [1]	result	17.52307746	0.00000512	0x20	0x3F
SPI [1]	result	17.52348012	0.00000512	0x0B	0xFF
SPI [1]	result	17.52348540	0.00000512	0x10	0xFF
SPI [1]	result	17.52349068	0.00000512	0x80	0xFF
SPI [1]	result	17.52349596	0.00000512	0x3A	0xFF
SPI [1]	result	17.52389694	0.00000512	0x00	0xFF
SPI [1]	result	17.52390222	0.00000512	0x00	0xFF
SPI [1]	result	17.52390750	0.00000512	0x00	0xFF
SPI [1]	result	17.52391278	0.00000512	0x00	0xFF
SPI [1]	result	17.52431407	0.00000512	0x08	0xFF
SPI [1]	result	17.52431935	0.00000512	0x00	0xFF
SPI [1]	result	17.52432463	0.00000512	0x88	0xFF
SPI [1]	result	17.52432991	0.00000512	0x32	0xFF
SPI [1]	result	17.56306370	0.00000512	0x00	0x00
SPI [1]	result	17.56306898	0.00000512	0x00	0x00
SPI [1]	result	17.56307426	0.00000512	0x08	0x04
SPI [1]	result	17.56307954	0.00000512	0x20	0x3F
SPI [1]	result	17.56348385	0.00000512	0x0C	0xFF
SPI [1]	result	17.56348913	0.00000512	0x10	0xFF
SPI [1]	result	17.56349441	0.00000512	0x80	0xFF
SPI [1]	result	17.56349969	0.00000512	0x02	0xFF
SPI [1]	result	17.56390100	0.00000512	0x00	0xFF
SPI [1]	result	17.56390628	0.00000512	0x00	0xFF
SPI [1]	result	17.56391156	0.00000512	0x09	0xFF
SPI [1]	result	17.56391684	0.00000512	0xA6	0xFF
SPI [1]	result	17.56431552	0.00000512	0x0D	0xFF
SPI [1]	result	17.56432080	0.00000512	0x00	0xFF
SPI [1]	result	17.56432608	0.00000512	0x88	0xFF
SPI [1]	result	17.56433136	0.00000512	0x1A	0xFF
SPI [1]	result	17.56473187	0.00000512	0x00	0xFF
SPI [1]	result	17.56473715	0.00000512	0x00	0xFF
SPI [1]	result	17.56474243	0.00000512	0x00	0xFF
SPI [1]	result	17.56474771	0.00000512	0x00	0xFF
SPI [1]	result	17.56520550	0.00000512	0x08	0xFF
SPI [1]	result	17.56521078	0.00000512	0x00	0xFF
SPI [1]	result	17.56521606	0.00000512	0x89	0xFF
SPI [1]	result	17.56522134	0.00000512	0xB8	0xFF
SPI [1]	result	17.60306203	0.00000512	0x00	0x00
SPI [1]	result	17.60306731	0.00000512	0x00	0x00
SPI [1]	result	17.60307259	0.00000512	0x08	0x00
SPI [1]	result	17.60307787	0.00000512	0x20	0x3F
SPI [1]	result	17.60348153	0.00000512	0x0E	0xFF
SPI [1]	result	17.60348681	0.00000512	0x10	0xFF
SPI [1]	result	17.60349209	0.00000512	0x80	0xFF
SPI [1]	result	17.60349737	0.00000512	0x12	0xFF
SPI [1]	result	17.60389607	0.00000512	0x00	0xFF
SPI [1]	result	17.60390135	0.00000512	0x00	0xFF
SPI [1]	result	17.60390663	0.00000512	0x00	0xFF
SPI [1]	result	17.60391191	0.00000512	0x00	0xFF
SPI [1]	result	17.60431324	0.00000512	0x08	0xFF
SPI [1]	result	17.60431852	0.00000512	0x00	0xFF
SPI [1]	result	17.60432380	0.00000512	0x88	0xFF
SPI [1]	result	17.60432908	0.00000512	0x32	0xFF
SPI [1]	result	17.64306403	0.00000512	0x00	0x00
SPI [1]	result	17.64306931	0.00000512	0x00	0x00
SPI [1]	result	17.64307459	0.00000512	0x08	0x04
SPI [1]	result	17.64307987	0.00000512	0x20	0x3F
SPI [1]	result	17.64349567	0.00000512	0x0F	0xFF
SPI [1]	result	17.64350095	0.00000512	0x10	0xFF
SPI [1]	result	17.64350623	0.00000512	0x80	0xFF
SPI [1]	result	17.64351151	0.00000512	0x1A	0xFF
SPI [1]	result	17.64391428	0.00000512	0x00	0xFF
SPI [1]	result	17.64391956	0.00000512	0x00	0xFF
SPI [1]	result	17.64392484	0.00000512	0x00	0xFF
SPI [1]	result	17.64393012	0.00000512	0x00	0xFF
SPI [1]	result	17.64432923	0.00000512	0x08	0xFF
SPI [1]	result	17.64433451	0.00000512	0x00	0xFF
SPI [1]	result	17.64433979	0.00000512	0x88	0xFF
SPI [1]	result	17.64434507	0.00000512	0x32	0xFF
SPI [1]	result	17.68306358	0.00000512	0x00	0x00
SPI [1]	result	17.68306886	0.00000512	0x00	0x00
SPI [1]	result	17.68307414	0.00000512	0x08	0x00
SPI [1]	result	17.68307942	0.00000512	0x20	0x3F
SPI [1]	result	17.68348130	0.00000512	0x08	0xFF
SPI [1]	result	17.68348658	0.00000512	0x10	0xFF
SPI [1]	result	17.68349186	0.00000512	0x80	0xFF
SPI [1]	result	17.68349714	0.00000512	0x22	0xFF
SPI [1]	result	17.68389875	0.00000512	0x00	0xFF
SPI [1]	result	17.68390403	0.00000512	0x00	0xFF
SPI [1]	result	17.68390931	0.00000512	0x09	0xFF
SPI [1]	result	17.68391459	0.00000512	0xA6	0xFF
SPI [1]	result	17.68431528	0.00000512	0x09	0xFF
SPI [1]	result	17.68432056	0.00000512	0x00	0xFF
SPI [1]	result	17.68432584	0.00000512	0x88	0xFF
SPI [1]	result	17.68433112	0.00000512	0x3A	0xFF
SPI [1]	result	17.68473277	0.00000512	0x00	0xFF
SPI [1]	result	17.68473805	0.00000512	0x00	0xFF
SPI [1]	result	17.68474333	0.00000512	0x00	0xFF
SPI [1]	result	17.68474861	0.00000512	0x00	0xFF
SPI [1]	result	17.68514921	0.00000512	0x08	0xFF
SPI [1]	result	17.68515449	0.00000512	0x00	0xFF
SPI [1]	result	17.68515977	0.00000512	0x89	0xFF
SPI [1]	result	17.68516505	0.00000512	0xB8	0xFF
SPI [1]	result	17.72307912	0.00000512	0x00	0x00
SPI [1]	result	17.72308440	0.00000512	0x00	0x00
SPI [1]	result	17.72308968	0.00000512	0x08	0x00
SPI [1]	result	17.72309496	0.00000512	0x20	0x3F
SPI [1]	result	17.72354214	0.00000512	0x0A	0xFF
SPI [1]	result	17.72354742	0.00000512	0x10	0xFF
SPI [1]	result	17.72355270	0.00000512	0x80	0xFF
SPI [1]	result	17.72355798	0.00000512	0x32	0xFF
SPI [1]	result	17.72396194	0.00000512	0x00	0xFF
SPI [1]	result	17.72396722	0.00000512	0x00	0xFF
SPI [1]	result	17.72397250	0.00000512	0x00	0xFF
SPI [1]	result	17.72397778	0.00000512	0x00	0xFF
SPI [1]	result	17.72437981	0.00000512	0x08	0xFF
SPI [1]	result	17.72438509	0.00000512	0x00	0xFF
SPI [1]	result	17.72439037	0.00000512	0x88	0xFF
SPI [1]	result	17.72439565	0.00000512	0x32	0xFF
SPI [1]	result	17.76306521	0.00000512	0x00	0x00
SPI [1]	result	17.76307049	0.00000512	0x00	0x00
SPI [1]	result	17.76307577	0.00000512	0x08	0x04
SPI [1]	result	17.76308105	0.00000512	0x20	0x3F
SPI [1]	result	17.76349234	0.00000512	0x0B	0xFF
SPI [1]	result	17.76349762	0.00000512	0x10	0xFF
SPI [1]	result	17.76350290	0.00000512	0x80	0xFF
SPI [1]	result	17.76350818	0.00000512	0x3A	0xFF
SPI [1]	result	17.76391033	0.00000512	0x00	0xFF
SPI [1]	result	17.76391561	0.00000512	0x00	0xFF
SPI [1]	result	17.76392089	0.00000512	0x00	0xFF
SPI [1]	result	17.76392617	0.00000512	0x00	0xFF
SPI [1]	result	17.76432759	0.00000512	0x08	0xFF
SPI [1]	result	17.76433287	0.00000512	0x00	0xFF
SPI [1]	result	17.76433815	0.00000512	0x88	0xFF
SPI [1]	result	17.76434343	0.00000512	0x32	0xFF
SPI [1]	result	17.80306538	0.00000512	0x00	0x00
SPI [1]	result	17.80307066	0.00000512	0x00	0x00
SPI [1]	result	17.80307594	0.00000512	0x08	0x00
SPI [1]	result	17.80308122	0.00000512	0x20	0x3F
SPI [1]	result	17.80348709	0.00000512	0x0C	0xFF
SPI [1]	result	17.80349237	0.00000512	0x10	0xFF
SPI [1]	result	17.80349765	0.00000512	0x80	0xFF
SPI [1]	result	17.80350293	0.00000512	0x02	0xFF
SPI [1]	result	17.80390483	0.00000512	0x00	0xFF
SPI [1]	result	17.80391011	0.00000512	0x00	0xFF
SPI [1]	result	17.80391539	0.00000512	0x09	0xFF
SPI [1]	result	17.80392067	0.00000512	0xA6	0xFF
SPI [1]	result	17.80432235	0.00000512	0x0D	0xFF
SPI [1]	result	17.80432763	0.00000512	0x00	0xFF
SPI [1]	result	17.80433291	0.00000512	0x88	0xFF
SPI [1]	result	17.80433819	0.00000512	0x1A	0xFF
SPI [1]	result	17.80473967	0.00000512	0x00	0xFF
SPI [1]	result	17.80474495	0.00000512	0x00	0xFF
SPI [1]	result	17.80475023	0.00000512	0x00	0xFF
SPI [1]	result	17.80475551	0.00000512	0x00	0xFF
SPI [1]	result	17.80515745	0.00000512	0x08	0xFF
SPI [1]	result	17.80516273	0.00000512	0x00	0xFF
SPI [1]	result	17.80516801	0.00000512	0x89	0xFF
SPI [1]	result	17.80517329	0.00000512	0xB8	0xFF
SPI [1]	result	17.84306857	0.00000512	0x00	0x00
SPI [1]	result	17.84307385	0.00000512	0x00	0x00
SPI [1]	result	17.84307913	0.00000512	0x08	0x04
SPI [1]	result	17.84308441	0.00000512	0x20	0x3F
SPI [1]	result	17.84350785	0.00000512	0x0E	0xFF
SPI [1]	result	17.84351313	0.00000512	0x10	0xFF
SPI [1]	result	17.84351841	0.00000512	0x80	0xFF
SPI [1]	result	17.84352369	0.00000512	0x12	0xFF
SPI [1]	result	17.84392772	0.00000512	0x00	0xFF
SPI [1]	result	17.84393300	0.00000512	0x00	0xFF
SPI [1]	result	17.84393828	0.00000512	0x00	0xFF
SPI [1]	result	17.84394356	0.00000512	0x00	0xFF
SPI [1]	result	17.84434641	0.00000512	0x08	0xFF
SPI [1]	result	17.84435169	0.00000512	0x00	0xFF
SPI [1]	result	17.84435697	0.00000512	0x88	0xFF
SPI [1]	result	17.84436225	0.00000512	0x32	0xFF
SPI [1]	result	17.88306954	0.00000512	0x00	0x00
SPI [1]	result	17.88307482	0.00000512	0x00	0x00
SPI [1]	result	17.88308010	0.00000512	0x08	0x00
SPI [1]	result	17.88308538	0.00000512	0x20	0x3F
SPI [1]	result	17.88351326	0.00000512	0x0F	0xFF
SPI [1]	result	17.88351854	0.00000512	0x10	0xFF
SPI [1]	result	17.88352382	0.00000512	0x80	0xFF
SPI [1]	result	17.88352910	0.00000512	0x1A	0xFF
SPI [1]	result	17.88393165	0.00000512	0x00	0xFF
SPI [1]	result	17.88393693	0.00000512	0x00	0xFF
SPI [1]	result	17.88394221	0.00000512	0x00	0xFF
SPI [1]	result	17.88394749	0.00000512	0x00	0xFF
SPI [1]	result	17.88434928	0.00000512	0x08	0xFF
SPI [1]	result	17.88435456	0.00000512	0x00	0xFF
SPI [1]	result	17.88435984	0.00000512	0x88	0xFF
SPI [1]	result	17.88436512	0.00000512	0x32	0xFF
SPI [1]	result	17.92306604	0.00000512	0x00	0x00
SPI [1]	result	17.92307132	0.00000512	0x00	0x00
SPI [1]	result	17.92307660	0.00000512	0x08	0x00
SPI [1]	result	17.92308188	0.00000512	0x20	0x3F
SPI [1]	result	17.92348869	0.00000512	0x08	0xFF
SPI [1]	result	17.92349397	0.00000512	0x10	0xFF
SPI [1]	result	17.92349925	0.00000512	0x80	0xFF
SPI [1]	result	17.92350453	0.00000512	0x22	0xFF
SPI [1]	result	17.92390673	0.00000512	0x00	0xFF
SPI [1]	result	17.92391201	0.00000512	0x00	0xFF
SPI [1]	result	17.92391729	0.00000512	0x09	0xFF
SPI [1]	result	17.92392257	0.00000512	0xA6	0xFF
SPI [1]	result	17.92432362	0.00000512	0x09	0xFF
SPI [1]	result	17.92432890	0.00000512	0x00	0xFF
SPI [1]	result	17.92433418	0.00000512	0x88	0xFF
SPI [1]	result	17.92433946	0.00000512	0x3A	0xFF
SPI [1]	result	17.92474064	0.00000512	0x00	0xFF
SPI [1]	result	17.92474592	0.00000512	0x00	0xFF
SPI [1]	result	17.92475120	0.00000512	0x00	0xFF
SPI [1]	result	17.92475648	0.00000512	0x00	0xFF
SPI [1]	result	17.92522374	0.00000512	0x08	0xFF
SPI [1]	result	17.92522902	0.00000512	0x00	0xFF
SPI [1]	result	17.92523430	0.00000512	0x89	0xFF
SPI [1]	result	17.92523958	0.00000512	0xB8	0xFF
SPI [1]	result	17.96306560	0.00000512	0x00	0x00
SPI [1]	result	17.96307088	0.00000512	0x00	0x00
SPI [1]	result	17.96307616	0.00000512	0x08	0x04
SPI [1]	result	17.96308144	0.00000512	0x20	0x3F
SPI [1]	result	17.96349490	0.00000512	0x0A	0xFF
SPI [1]	result	17.96350018	0.00000512	0x10	0xFF
SPI [1]	result	17.96350546	0.00000512	0x80	0xFF
SPI [1]	result	17.96351074	0.00000512	0x32	0xFF
SPI [1]	result	17.96391377	0.00000512	0x00	0xFF
SPI [1]	result	17.96391905	0.00000512	0x00	0xFF
SPI [1]	result	17.96392433	0.00000512	0x00	0xFF
SPI [1]	result	17.96392961	0.00000512	0x00	0xFF
SPI [1]	result	17.96433142	0.00000512	0x08	0xFF
SPI [1]	result	17.96433670	0.00000512	0x00	0xFF
SPI [1]	result	17.96434198	0.00000512	0x88	0xFF
SPI [1]	result	17.96434726	0.00000512	0x32	0xFF
SPI [1]	result	18.00306322	0.00000512	0x00	0x00
SPI [1]	result	18.00306850	0.00000512	0x00	0x00
SPI [1]	result	18.00307378	0.00000512	0x08	0x00
SPI [1]	result	18.00307906	0.00000512	0x20	0x3F
SPI [1]	result	18.00348427	0.00000512	0x0B	0xFF
SPI [1]	result	18.00348955	0.00000512	0x10	0xFF
SPI [1]	result	18.00349483	0.00000512	0x80	0xFF
SPI [1]	result	18.00350011	0.00000512	0x3A	0xFF
SPI [1]	result	18.00390176	0.00000512	0x00	0xFF
SPI [1]	result	18.00390704	0.00000512	0x00	0xFF
SPI [1]	result	18.00391232	0.00000512	0x00	0xFF
SPI [1]	result	18.00391760	0.00000512	0x00	0xFF
SPI [1]	result	18.00431985	0.00000512	0x08	0xFF
SPI [1]	result	18.00432513	0.00000512	0x00	0xFF
SPI [1]	result	18.00433041	0.00000512	0x88	0xFF
SPI [1]	result	18.00433569	0.00000512	0x32	0xFF
SPI [1]	result	18.04306668	0.00000512	0x00	0x00
SPI [1]	result	18.04307196	0.00000512	0x00	0x00
SPI [1]	result	18.04307724	0.00000512	0x08	0x04
SPI [1]	result	18.04308252	0.00000512	0x20	0x3F
SPI [1]	result	18.04349369	0.00000512	0x0C	0xFF
SPI [1]	result	18.04349897	0.00000512	0x10	0xFF
SPI [1]	result	18.04350425	0.00000512	0x80	0xFF
SPI [1]	result	18.04350953	0.00000512	0x02	0xFF
SPI [1]	result	18.04391171	0.00000512	0x00	0xFF
SPI [1]	result	18.04391699	0.00000512	0x00	0xFF
SPI [1]	result	18.04392227	0.00000512	0x09	0xFF
SPI [1]	result	18.04392755	0.00000512	0xA6	0xFF
SPI [1]	result	18.04432909	0.00000512	0x0D	0xFF
SPI [1]	result	18.04433437	0.00000512	0x00	0xFF
SPI [1]	result	18.04433965	0.00000512	0x88	0xFF
SPI [1]	result	18.04434493	0.00000512	0x1A	0xFF
SPI [1]	result	18.04474839	0.00000512	0x00	0xFF
SPI [1]	result	18.04475367	0.00000512	0x00	0xFF
SPI [1]	result	18.04475895	0.00000512	0x00	0xFF
SPI [1]	result	18.04476423	0.00000512	0x00	0xFF
SPI [1]	result	18.04518651	0.00000512	0x08	0xFF
SPI [1]	result	18.04519179	0.00000512	0x00	0xFF
SPI [1]	result	18.04519707	0.00000512	0x89	0xFF
SPI [1]	result	18.04520235	0.00000512	0xB8	0xFF
SPI [1]	result	18.08307446	0.00000512	0x00	0x00
SPI [1]	result	18.08307974	0.00000512	0x00	0x00
SPI [1]	result	18.08308502	0.00000512	0x08	0x04
SPI [1]	result	18.08309030	0.00000512	0x20	0x3F
SPI [1]	result	18.08353843	0.00000512	0x0E	0xFF
SPI [1]	result	18.08354371	0.00000512	0x10	0xFF
SPI [1]	result	18.08354899	0.00000512	0x80	0xFF
SPI [1]	result	18.08355427	0.00000512	0x12	0xFF
SPI [1]	result	18.08395563	0.00000512	0x00	0xFF
SPI [1]	result	18.08396091	0.00000512	0x00	0xFF
SPI [1]	result	18.08396619	0.00000512	0x00	0xFF
SPI [1]	result	18.08397147	0.00000512	0x00	0xFF
SPI [1]	result	18.08437388	0.00000512	0x08	0xFF
SPI [1]	result	18.08437916	0.00000512	0x00	0xFF
SPI [1]	result	18.08438444	0.00000512	0x88	0xFF
SPI [1]	result	18.08438972	0.00000512	0x32	0xFF
SPI [1]	result	18.12306336	0.00000512	0x00	0x00
SPI [1]	result	18.12306864	0.00000512	0x00	0x00
SPI [1]	result	18.12307392	0.00000512	0x08	0x00
SPI [1]	result	18.12307920	0.00000512	0x20	0x3F
SPI [1]	result	18.12348556	0.00000512	0x0F	0xFF
SPI [1]	result	18.12349084	0.00000512	0x10	0xFF
SPI [1]	result	18.12349612	0.00000512	0x80	0xFF
SPI [1]	result	18.12350140	0.00000512	0x1A	0xFF
SPI [1]	result	18.12390340	0.00000512	0x00	0xFF
SPI [1]	result	18.12390868	0.00000512	0x00	0xFF
SPI [1]	result	18.12391396	0.00000512	0x00	0xFF
SPI [1]	result	18.12391924	0.00000512	0x00	0xFF
SPI [1]	result	18.12432170	0.00000512	0x08	0xFF
SPI [1]	result	18.12432698	0.00000512	0x00	0xFF
SPI [1]	result	18.12433226	0.00000512	0x88	0xFF
SPI [1]	result	18.12433754	0.00000512	0x32	0xFF
SPI [1]	result	18.16307064	0.00000512	0x00	0x00
SPI [1]	result	18.16307592	0.00000512	0x00	0x00
SPI [1]	result	18.16308120	0.00000512	0x08	0x04
SPI [1]	result	18.16308648	0.00000512	0x20	0x3F
SPI [1]	result	18.16350564	0.00000512	0x08	0xFF
SPI [1]	result	18.16351092	0.00000512	0x10	0xFF
SPI [1]	result	18.16351620	0.00000512	0x80	0xFF
SPI [1]	result	18.16352148	0.00000512	0x22	0xFF
SPI [1]	result	18.16392509	0.00000512	0x00	0xFF
SPI [1]	result	18.16393037	0.00000512	0x00	0xFF
SPI [1]	result	18.16393565	0.00000512	0x09	0xFF
SPI [1]	result	18.16394093	0.00000512	0xA6	0xFF
SPI [1]	result	18.16434211	0.00000512	0x09	0xFF
SPI [1]	result	18.16434739	0.00000512	0x00	0xFF
SPI [1]	result	18.16435267	0.00000512	0x88	0xFF
SPI [1]	result	18.16435795	0.00000512	0x3A	0xFF
SPI [1]	result	18.16475981	0.00000512	0x00	0xFF
SPI [1]	result	18.16476509	0.00000512	0x00	0xFF
SPI [1]	result	18.16477037	0.00000512	0x00	0xFF
SPI [1]	result	18.16477565	0.00000512	0x00	0xFF
SPI [1]	result	18.16517741	0.00000512	0x08	0xFF
SPI [1]	result	18.16518269	0.00000512	0x00	0xFF
SPI [1]	result	18.16518797	0.00000512	0x89	0xFF
SPI [1]	result	18.16519325	0.00000512	0xB8	0xFF
SPI [1]	result	18.20306290	0.00000512	0x00	0x00
SPI [1]	result	18.20306818	0.00000512	0x00	0x00
SPI [1]	result	18.20307346	0.00000512	0x08	0x00
SPI [1]	result	18.20307874	0.00000512	0x20	0x3F
SPI [1]	result	18.20348350	0.00000512	0x0A	0xFF
SPI [1]	result	18.20348878	0.00000512	0x10	0xFF
SPI [1]	result	18.20349406	0.00000512	0x80	0xFF
SPI [1]	result	18.20349934	0.00000512	0x32	0xFF
SPI [1]	result	18.20390120	0.00000512	0x00	0xFF
SPI [1]	result	18.20390648	0.00000512	0x00	0xFF
SPI [1]	result	18.20391176	0.00000512	0x00	0xFF
SPI [1]	result	18.20391704	0.00000512	0x00	0xFF
SPI [1]	result	18.20431826	0.00000512	0x08	0xFF
SPI [1]	result	18.20432354	0.00000512	0x00	0xFF
SPI [1]	result	18.20432882	0.00000512	0x88	0xFF
SPI [1]	result	18.20433410	0.00000512	0x32	0xFF
SPI [1]	result	18.24306105	0.00000512	0x00	0x00
SPI [1]	result	18.24306633	0.00000512	0x00	0x00
SPI [1]	result	18.24307161	0.00000512	0x08	0x04
SPI [1]	result	18.24307689	0.00000512	0x20	0x3F
SPI [1]	result	18.24348059	0.00000512	0x0B	0xFF
SPI [1]	result	18.24348587	0.00000512	0x10	0xFF
SPI [1]	result	18.24349115	0.00000512	0x80	0xFF
SPI [1]	result	18.24349643	0.00000512	0x3A	0xFF
SPI [1]	result	18.24389835	0.00000512	0x00	0xFF
SPI [1]	result	18.24390363	0.00000512	0x00	0xFF
SPI [1]	result	18.24390891	0.00000512	0x00	0xFF
SPI [1]	result	18.24391419	0.00000512	0x00	0xFF
SPI [1]	result	18.24431574	0.00000512	0x08	0xFF
SPI [1]	result	18.24432102	0.00000512	0x00	0xFF
SPI [1]	result	18.24432630	0.00000512	0x88	0xFF
SPI [1]	result	18.24433158	0.00000512	0x32	0xFF
SPI [1]	result	18.28306280	0.00000512	0x00	0x00
SPI [1]	result	18.28306808	0.00000512	0x00	0x00
SPI [1]	result	18.28307336	0.00000512	0x08	0x00
SPI [1]	result	18.28307864	0.00000512	0x20	0x3F
SPI [1]	result	18.28348228	0.00000512	0x0C	0xFF
SPI [1]	result	18.28348756	0.00000512	0x10	0xFF
SPI [1]	result	18.28349284	0.00000512	0x80	0xFF
SPI [1]	result	18.28349812	0.00000512	0x02	0xFF
SPI [1]	result	18.28389651	0.00000512	0x00	0xFF
SPI [1]	result	18.28390179	0.00000512	0x00	0xFF
SPI [1]	result	18.28390707	0.00000512	0x09	0xFF
SPI [1]	result	18.28391235	0.00000512	0xA6	0xFF
SPI [1]	result	18.28431338	0.00000512	0x0D	0xFF
SPI [1]	result	18.28431866	0.00000512	0x00	0xFF
SPI [1]	result	18.28432394	0.00000512	0x88	0xFF
SPI [1]	result	18.28432922	0.00000512	0x1A	0xFF
SPI [1]	result	18.28472975	0.00000512	0x00	0xFF
SPI [1]	result	18.28473503	0.00000512	0x00	0xFF
SPI [1]	result	18.28474031	0.00000512	0x00	0xFF
SPI [1]	result	18.28474559	0.00000512	0x00	0xFF
SPI [1]	result	18.28514610	0.00000512	0x08	0xFF
SPI [1]	result	18.28515138	0.00000512	0x00	0xFF
SPI [1]	result	18.28515666	0.00000512	0x89	0xFF
SPI [1]	result	18.28516194	0.00000512	0xB8	0xFF
SPI [1]	result	18.32306232	0.00000512	0x00	0x00
SPI [1]	result	18.32306760	0.00000512	0x00	0x00
SPI [1]	result	18.32307288	0.00000512	0x08	0x04
SPI [1]	result	18.32307816	0.00000512	0x20	0x3F
SPI [1]	result	18.32348745	0.00000512	0x0E	0xFF
SPI [1]	result	18.32349273	0.00000512	0x10	0xFF
SPI [1]	result	18.32349801	0.00000512	0x80	0xFF
SPI [1]	result	18.32350329	0.00000512	0x12	0xFF
SPI [1]	result	18.32390212	0.00000512	0x00	0xFF
SPI [1]	result	18.32390740	0.00000512	0x00	0xFF
SPI [1]	result	18.32391268	0.00000512	0x00	0xFF
SPI [1]	result	18.32391796	0.00000512	0x00	0xFF
SPI [1]	result	18.32431877	0.00000512	0x08	0xFF
SPI [1]	result	18.32432405	0.00000512	0x00	0xFF
SPI [1]	result	18.32432933	0.00000512	0x88	0xFF
SPI [1]	result	18.32433461	0.00000512	0x32	0xFF
SPI [1]	result	18.36306551	0.00000512	0x00	0x00
SPI [1]	result	18.36307079	0.00000512	0x00	0x00
SPI [1]	result	18.36307607	0.00000512	0x08	0x04
SPI [1]	result	18.36308135	0.00000512	0x20	0x3F
SPI [1]	result	18.36350183	0.00000512	0x0F	0xFF
SPI [1]	result	18.36350711	0.00000512	0x10	0xFF
SPI [1]	result	18.36351239	0.00000512	0x80	0xFF
SPI [1]	result	18.36351767	0.00000512	0x1A	0xFF
SPI [1]	result	18.36392190	0.00000512	0x00	0xFF
SPI [1]	result	18.36392718	0.00000512	0x00	0xFF
SPI [1]	result	18.36393246	0.00000512	0x00	0xFF
SPI [1]	result	18.36393774	0.00000512	0x00	0xFF
SPI [1]	result	18.36433696	0.00000512	0x08	0xFF
SPI [1]	result	18.36434224	0.00000512	0x00	0xFF
SPI [1]	result	18.36434752	0.00000512	0x88	0xFF
SPI [1]	result	18.36435280	0.00000512	0x32	0xFF
SPI [1]	result	18.40306455	0.00000512	0x00	0x00
SPI [1]	result	18.40306983	0.00000512	0x00	0x00
SPI [1]	result	18.40307511	0.00000512	0x08	0x00
SPI [1]	result	18.40308039	0.00000512	0x20	0x3F
SPI [1]	result	18.40348533	0.00000512	0x08	0xFF
SPI [1]	result	18.40349061	0.00000512	0x10	0xFF
SPI [1]	result	18.40349589	0.00000512	0x80	0xFF
SPI [1]	result	18.40350117	0.00000512	0x22	0xFF
SPI [1]	result	18.40390329	0.00000512	0x00	0xFF
SPI [1]	result	18.40390857	0.00000512	0x00	0xFF
SPI [1]	result	18.40391385	0.00000512	0x09	0xFF
SPI [1]	result	18.40391913	0.00000512	0xA6	0xFF
SPI [1]	result	18.40432133	0.00000512	0x09	0xFF
SPI [1]	result	18.40432661	0.00000512	0x00	0xFF
SPI [1]	result	18.40433189	0.00000512	0x88	0xFF
SPI [1]	result	18.40433717	0.00000512	0x3A	0xFF
SPI [1]	result	18.40473558	0.00000512	0x00	0xFF
SPI [1]	result	18.40474086	0.00000512	0x00	0xFF
SPI [1]	result	18.40474614	0.00000512	0x00	0xFF
SPI [1]	result	18.40475142	0.00000512	0x00	0xFF
SPI [1]	result	18.40515243	0.00000512	0x08	0xFF
SPI [1]	result	18.40515771	0.00000512	0x00	0xFF
SPI [1]	result	18.40516299	0.00000512	0x89	0xFF
SPI [1]	result	18.40516827	0.00000512	0xB8	0xFF
SPI [1]	result	18.44306880	0.00000512	0x00	0x00
SPI [1]	result	18.44307408	0.00000512	0x00	0x00
SPI [1]	result	18.44307936	0.00000512	0x08	0x04
SPI [1]	result	18.44308464	0.00000512	0x20	0x3F
SPI [1]	result	18.44351359	0.00000512	0x0A	0xFF
SPI [1]	result	18.44351887	0.00000512	0x10	0xFF
SPI [1]	result	18.44352415	0.00000512	0x80	0xFF
SPI [1]	result	18.44352943	0.00000512	0x32	0xFF
SPI [1]	result	18.44393167	0.00000512	0x00	0xFF
SPI [1]	result	18.44393695	0.00000512	0x00	0xFF
SPI [1]	result	18.44394223	0.00000512	0x00	0xFF
SPI [1]	result	18.44394751	0.00000512	0x00	0xFF
SPI [1]	result	18.44434913	0.00000512	0x08	0xFF
SPI [1]	result	18.44435441	0.00000512	0x00	0xFF
SPI [1]	result	18.44435969	0.00000512	0x88	0xFF
SPI [1]	result	18.44436497	0.00000512	0x32	0xFF
SPI [1]	result	18.48306274	0.00000512	0x00	0x00
SPI [1]	result	18.48306802	0.00000512	0x00	0x00
SPI [1]	result	18.48307330	0.00000512	0x08	0x04
SPI [1]	result	18.48307858	0.00000512	0x20	0x3F
SPI [1]	result	18.48348539	0.00000512	0x0B	0xFF
SPI [1]	result	18.48349067	0.00000512	0x10	0xFF
SPI [1]	result	18.48349595	0.00000512	0x80	0xFF
SPI [1]	result	18.48350123	0.00000512	0x3A	0xFF
SPI [1]	result	18.48390382	0.00000512	0x00	0xFF
SPI [1]	result	18.48390910	0.00000512	0x00	0xFF
SPI [1]	result	18.48391438	0.00000512	0x00	0xFF
SPI [1]	result	18.48391966	0.00000512	0x00	0xFF
SPI [1]	result	18.48432093	0.00000512	0x08	0xFF
SPI [1]	result	18.48432621	0.00000512	0x00	0xFF
SPI [1]	result	18.48433149	0.00000512	0x88	0xFF
SPI [1]	result	18.48433677	0.00000512	0x32	0xFF
SPI [1]	result	18.52306449	0.00000512	0x00	0x00
SPI [1]	result	18.52306977	0.00000512	0x00	0x00
SPI [1]	result	18.52307505	0.00000512	0x08	0x00
SPI [1]	result	18.52308033	0.00000512	0x20	0x3F
SPI [1]	result	18.52348740	0.00000512	0x0C	0xFF
SPI [1]	result	18.52349268	0.00000512	0x10	0xFF
SPI [1]	result	18.52349796	0.00000512	0x80	0xFF
SPI [1]	result	18.52350324	0.00000512	0x02	0xFF
SPI [1]	result	18.52390566	0.00000512	0x00	0xFF
SPI [1]	result	18.52391094	0.00000512	0x00	0xFF
SPI [1]	result	18.52391622	0.00000512	0x09	0xFF
SPI [1]	result	18.52392150	0.00000512	0xA6	0xFF
SPI [1]	result	18.52432277	0.00000512	0x0D	0xFF
SPI [1]	result	18.52432805	0.00000512	0x00	0xFF
SPI [1]	result	18.52433333	0.00000512	0x88	0xFF
SPI [1]	result	18.52433861	0.00000512	0x1A	0xFF
SPI [1]	result	18.52474027	0.00000512	0x00	0xFF
SPI [1]	result	18.52474555	0.00000512	0x00	0xFF
SPI [1]	result	18.52475083	0.00000512	0x00	0xFF
SPI [1]	result	18.52475611	0.00000512	0x00	0xFF
SPI [1]	result	18.52515722	0.00000512	0x08	0xFF
SPI [1]	result	18.52516250	0.00000512	0x00	0xFF
SPI [1]	result	18.52516778	0.00000512	0x89	0xFF
SPI [1]	result	18.52517306	0.00000512	0xB8	0xFF
SPI [1]	result	18.56306125	0.00000512	0x00	0x00
SPI [1]	result	18.56306653	0.00000512	0x00	0x00
SPI [1]	result	18.56307181	0.00000512	0x08	0x04
SPI [1]	result	18.56307709	0.00000512	0x20	0x3F
SPI [1]	result	18.56348125	0.00000512	0x0E	0xFF
SPI [1]	result	18.56348653	0.00000512	0x10	0xFF
SPI [1]	result	18.56349181	0.00000512	0x80	0xFF
SPI [1]	result	18.56349709	0.00000512	0x12	0xFF
SPI [1]	result	18.56389788	0.00000512	0x00	0xFF
SPI [1]	result	18.56390316	0.00000512	0x00	0xFF
SPI [1]	result	18.56390844	0.00000512	0x00	0xFF
SPI [1]	result	18.56391372	0.00000512	0x00	0xFF
SPI [1]	result	18.56431468	0.00000512	0x08	0xFF
SPI [1]	result	18.56431996	0.00000512	0x00	0xFF
SPI [1]	result	18.56432524	0.00000512	0x88	0xFF
SPI [1]	result	18.56433052	0.00000512	0x32	0xFF
SPI [1]	result	18.60306090	0.00000512	0x00	0x00
SPI [1]	result	18.60306618	0.00000512	0x00	0x00
SPI [1]	result	18.60307146	0.00000512	0x08	0x00
SPI [1]	result	18.60307674	0.00000512	0x20	0x3F
SPI [1]	result	18.60347663	0.00000512	0x0F	0xFF
SPI [1]	result	18.60348191	0.00000512	0x10	0xFF
SPI [1]	result	18.60348719	0.00000512	0x80	0xFF
SPI [1]	result	18.60349247	0.00000512	0x1A	0xFF
SPI [1]	result	18.60389339	0.00000512	0x00	0xFF
SPI [1]	result	18.60389867	0.00000512	0x00	0xFF
SPI [1]	result	18.60390395	0.00000512	0x00	0xFF
SPI [1]	result	18.60390923	0.00000512	0x00	0xFF
SPI [1]	result	18.60430989	0.00000512	0x08	0xFF
SPI [1]	result	18.60431517	0.00000512	0x00	0xFF
SPI [1]	result	18.60432045	0.00000512	0x88	0xFF
SPI [1]	result	18.60432573	0.00000512	0x32	0xFF
SPI [1]	result	18.64308396	0.00000512	0x00	0x00
SPI [1]	result	18.64308924	0.00000512	0x00	0x00
SPI [1]	result	18.64309452	0.00000512	0x08	0x04
SPI [1]	result	18.64309980	0.00000512	0x20	0x3F
SPI [1]	result	18.64604664	0.00000512	0x08	0x7F
SPI [1]	result	18.64605192	0.00000512	0x10	0xFF
SPI [1]	result	18.64605720	0.00000512	0x80	0xFF
SPI [1]	result	18.64606248	0.00000512	0x22	0xFF
SPI [1]	result	18.64652812	0.00000512	0x00	0xFF
SPI [1]	result	18.64653340	0.00000512	0x00	0xFF
SPI [1]	result	18.64653868	0.00000512	0x09	0xFF
SPI [1]	result	18.64654396	0.00000512	0xA6	0xFF
SPI [1]	result	18.64700529	0.00000512	0x09	0xFF
SPI [1]	result	18.64701057	0.00000512	0x00	0xFF
SPI [1]	result	18.64701585	0.00000512	0x88	0xFF
SPI [1]	result	18.64702113	0.00000512	0x3A	0xFF
SPI [1]	result	18.64749072	0.00000512	0x00	0xFF
SPI [1]	result	18.64749600	0.00000512	0x00	0xFF
SPI [1]	result	18.64750128	0.00000512	0x00	0xFF
SPI [1]	result	18.64750656	0.00000512	0x00	0xFF
SPI [1]	result	18.64797326	0.00000512	0x08	0xFF
SPI [1]	result	18.64797854	0.00000512	0x00	0xFF
SPI [1]	result	18.64798382	0.00000512	0x89	0xFF
SPI [1]	result	18.64798910	0.00000512	0xB8	0xFF
SPI [1]	result	18.68307717	0.00000512	0x00	0x00
SPI [1]	result	18.68308245	0.00000512	0x00	0x00
SPI [1]	result	18.68308773	0.00000512	0x08	0x00
SPI [1]	result	18.68309301	0.00000512	0x20	0x3F
SPI [1]	result	18.68357899	0.00000512	0x0A	0xFF
SPI [1]	result	18.68358427	0.00000512	0x10	0xFF
SPI [1]	result	18.68358955	0.00000512	0x80	0xFF
SPI [1]	result	18.68359483	0.00000512	0x32	0xFF
SPI [1]	result	18.68405871	0.00000512	0x00	0xFF
SPI [1]	result	18.68406399	0.00000512	0x00	0xFF
SPI [1]	result	18.68406927	0.00000512	0x00	0xFF
SPI [1]	result	18.68407455	0.00000512	0x00	0xFF
SPI [1]	result	18.68452444	0.00000512	0x08	0xFF
SPI [1]	result	18.68452972	0.00000512	0x00	0xFF
SPI [1]	result	18.68453500	0.00000512	0x88	0xFF
SPI [1]	result	18.68454028	0.00000512	0x32	0xFF
SPI [1]	result	18.72307988	0.00000512	0x00	0x00
SPI [1]	result	18.72308516	0.00000512	0x00	0x00
SPI [1]	result	18.72309044	0.00000512	0x08	0x00
SPI [1]	result	18.72309572	0.00000512	0x20	0x3F
SPI [1]	result	18.72359361	0.00000512	0x0B	0xFF
SPI [1]	result	18.72359889	0.00000512	0x10	0xFF
SPI [1]	result	18.72360417	0.00000512	0x80	0xFF
SPI [1]	result	18.72360945	0.00000512	0x3A	0xFF
SPI [1]	result	18.72406818	0.00000512	0x00	0xFF
SPI [1]	result	18.72407346	0.00000512	0x00	0xFF
SPI [1]	result	18.72407874	0.00000512	0x00	0xFF
SPI [1]	result	18.72408402	0.00000512	0x00	0xFF
SPI [1]	result	18.72453641	0.00000512	0x08	0xFF
SPI [1]	result	18.72454169	0.00000512	0x00	0xFF
SPI [1]	result	18.72454697	0.00000512	0x88	0xFF
SPI [1]	result	18.72455225	0.00000512	0x32	0xFF
SPI [1]	result	18.76543232	0.00000512	0x00	0x00
SPI [1]	result	18.76543760	0.00000512	0x00	0x00
SPI [1]	result	18.76544288	0.00000512	0x08	0x04
SPI [1]	result	18.76544816	0.00000512	0x20	0x3F
SPI [1]	result	18.76594320	0.00000512	0x0C	0xFF
SPI [1]	result	18.76594848	0.00000512	0x10	0xFF
SPI [1]	result	18.76595376	0.00000512	0x80	0xFF
SPI [1]	result	18.76595904	0.00000512	0x02	0xFF
SPI [1]	result	18.76637214	0.00000512	0x00	0xFF
SPI [1]	result	18.76637742	0.00000512	0x00	0xFF
SPI [1]	result	18.76638270	0.00000512	0x09	0xFF
SPI [1]	result	18.76638798	0.00000512	0xA6	0xFF
SPI [1]	result	18.76681094	0.00000512	0x0D	0xFF
SPI [1]	result	18.76681622	0.00000512	0x00	0xFF
SPI [1]	result	18.76682150	0.00000512	0x88	0xFF
SPI [1]	result	18.76682678	0.00000512	0x1A	0xFF
SPI [1]	result	18.76725670	0.00000512	0x00	0xFF
SPI [1]	result	18.76726198	0.00000512	0x00	0xFF
SPI [1]	result	18.76726726	0.00000512	0x00	0xFF
SPI [1]	result	18.76727254	0.00000512	0x00	0xFF
SPI [1]	result	18.76770155	0.00000512	0x08	0xFF
SPI [1]	result	18.76770683	0.00000512	0x00	0xFF
SPI [1]	result	18.76771211	0.00000512	0x89	0xFF
SPI [1]	result	18.76771739	0.00000512	0xB8	0xFF
SPI [1]	result	18.80307276	0.00000512	0x00	0x00
SPI [1]	result	18.80307804	0.00000512	0x00	0x00
SPI [1]	result	18.80308332	0.00000512	0x08	0x00
SPI [1]	result	18.80308860	0.00000512	0x20	0x3F
SPI [1]	result	18.80352115	0.00000512	0x0E	0xFF
SPI [1]	result	18.80352643	0.00000512	0x10	0xFF
SPI [1]	result	18.80353171	0.00000512	0x80	0xFF
SPI [1]	result	18.80353699	0.00000512	0x12	0xFF
SPI [1]	result	18.80393134	0.00000512	0x00	0xFF
SPI [1]	result	18.80393662	0.00000512	0x00	0xFF
SPI [1]	result	18.80394190	0.00000512	0x00	0xFF
SPI [1]	result	18.80394718	0.00000512	0x00	0xFF
SPI [1]	result	18.80433984	0.00000512	0x08	0xFF
SPI [1]	result	18.80434512	0.00000512	0x00	0xFF
SPI [1]	result	18.80435040	0.00000512	0x88	0xFF
SPI [1]	result	18.80435568	0.00000512	0x32	0xFF
SPI [1]	result	18.84306145	0.00000512	0x00	0x00
SPI [1]	result	18.84306673	0.00000512	0x00	0x00
SPI [1]	result	18.84307201	0.00000512	0x08	0x04
SPI [1]	result	18.84307729	0.00000512	0x20	0x3F
SPI [1]	result	18.84347407	0.00000512	0x0F	0xFF
SPI [1]	result	18.84347935	0.00000512	0x10	0xFF
SPI [1]	result	18.84348463	0.00000512	0x80	0xFF
SPI [1]	result	18.84348991	0.00000512	0x1A	0xFF
SPI [1]	result	18.84388216	0.00000512	0x00	0xFF
SPI [1]	result	18.84388744	0.00000512	0x00	0xFF
SPI [1]	result	18.84389272	0.00000512	0x00	0xFF
SPI [1]	result	18.84389800	0.00000512	0x00	0xFF
SPI [1]	result	18.84428972	0.00000512	0x08	0xFF
SPI [1]	result	18.84429500	0.00000512	0x00	0xFF
SPI [1]	result	18.84430028	0.00000512	0x88	0xFF
SPI [1]	result	18.84430556	0.00000512	0x32	0xFF
SPI [1]	result	18.88306176	0.00000512	0x00	0x00
SPI [1]	result	18.88306704	0.00000512	0x00	0x00
SPI [1]	result	18.88307232	0.00000512	0x08	0x00
SPI [1]	result	18.88307760	0.00000512	0x20	0x3F
SPI [1]	result	18.88347265	0.00000512	0x08	0xFF
SPI [1]	result	18.88347793	0.00000512	0x10	0xFF
SPI [1]	result	18.88348321	0.00000512	0x80	0xFF
SPI [1]	result	18.88348849	0.00000512	0x22	0xFF
SPI [1]	result	18.88388043	0.00000512	0x00	0xFF
SPI [1]	result	18.88388571	0.00000512	0x00	0xFF
SPI [1]	result	18.88389099	0.00000512	0x09	0xFF
SPI [1]	result	18.88389627	0.00000512	0xA6	0xFF
SPI [1]	result	18.88428850	0.00000512	0x09	0xFF
SPI [1]	result	18.88429378	0.00000512	0x00	0xFF
SPI [1]	result	18.88429906	0.00000512	0x88	0xFF
SPI [1]	result	18.88430434	0.00000512	0x3A	0xFF
SPI [1]	result	18.88469635	0.00000512	0x00	0xFF
SPI [1]	result	18.88470163	0.00000512	0x00	0xFF
SPI [1]	result	18.88470691	0.00000512	0x00	0xFF
SPI [1]	result	18.88471219	0.00000512	0x00	0xFF
SPI [1]	result	18.88510406	0.00000512	0x08	0xFF
SPI [1]	result	18.88510934	0.00000512	0x00	0xFF
SPI [1]	result	18.88511462	0.00000512	0x89	0xFF
SPI [1]	result	18.88511990	0.00000512	0xB8	0xFF
SPI [1]	result	18.92306017	0.00000512	0x00	0x00
SPI [1]	result	18.92306545	0.00000512	0x00	0x00
SPI [1]	result	18.92307073	0.00000512	0x08	0x00
SPI [1]	result	18.92307601	0.00000512	0x20	0x3F
SPI [1]	result	18.92347006	0.00000512	0x0A	0xFF
SPI [1]	result	18.92347534	0.00000512	0x10	0xFF
SPI [1]	result	18.92348062	0.00000512	0x80	0xFF
SPI [1]	result	18.92348590	0.00000512	0x32	0xFF
SPI [1]	result	18.92387593	0.00000512	0x00	0xFF
SPI [1]	result	18.92388121	0.00000512	0x00	0xFF
SPI [1]	result	18.92388649	0.00000512	0x00	0xFF
SPI [1]	result	18.92389177	0.00000512	0x00	0xFF
SPI [1]	result	18.92428329	0.00000512	0x08	0xFF
SPI [1]	result	18.92428857	0.00000512	0x00	0xFF
SPI [1]	result	18.92429385	0.00000512	0x88	0xFF
SPI [1]	result	18.92429913	0.00000512	0x32	0xFF
SPI [1]	result	18.96305992	0.00000512	0x00	0x00
SPI [1]	result	18.96306520	0.00000512	0x00	0x00
SPI [1]	result	18.96307048	0.00000512	0x08	0x04
SPI [1]	result	18.96307576	0.00000512	0x20	0x3F
SPI [1]	result	18.96347062	0.00000512	0x0B	0xFF
SPI [1]	result	18.96347590	0.00000512	0x10	0xFF
SPI [1]	result	18.96348118	0.00000512	0x80	0xFF
SPI [1]	result	18.96348646	0.00000512	0x3A	0xFF
SPI [1]	result	18.96387862	0.00000512	0x00	0xFF
SPI [1]	result	18.96388390	0.00000512	0x00	0xFF
SPI [1]	result	18.96388918	0.00000512	0x00	0xFF
SPI [1]	result	18.96389446	0.00000512	0x00	0xFF
SPI [1]	result	18.96428442	0.00000512	0x08	0xFF
SPI [1]	result	18.96428970	0.00000512	0x00	0xFF
SPI [1]	result	18.96429498	0.00000512	0x88	0xFF
SPI [1]	result	18.96430026	0.00000512	0x32	0xFF
SPI [1]	result	19.00306662	0.00000512	0x00	0x00
SPI [1]	result	19.00307190	0.00000512	0x00	0x00
SPI [1]	result	19.00307718	0.00000512	0x08	0x00
SPI [1]	result	19.00308246	0.00000512	0x20	0x3F
SPI [1]	result	19.00349344	0.00000512	0x0C	0xFF
SPI [1]	result	19.00349872	0.00000512	0x10	0xFF
SPI [1]	result	19.00350400	0.00000512	0x80	0xFF
SPI [1]	result	19.00350928	0.00000512	0x02	0xFF
SPI [1]	result	19.00390276	0.00000512	0x00	0xFF
SPI [1]	result	19.00390804	0.00000512	0x00	0xFF
SPI [1]	result	19.00391332	0.00000512	0x09	0xFF
SPI [1]	result	19.00391860	0.00000512	0xA6	0xFF
SPI [1]	result	19.00431008	0.00000512	0x0D	0xFF
SPI [1]	result	19.00431536	0.00000512	0x00	0xFF
SPI [1]	result	19.00432064	0.00000512	0x88	0xFF
SPI [1]	result	19.00432592	0.00000512	0x1A	0xFF
SPI [1]	result	19.00471563	0.00000512	0x00	0xFF
SPI [1]	result	19.00472091	0.00000512	0x00	0xFF
SPI [1]	result	19.00472619	0.00000512	0x00	0xFF
SPI [1]	result	19.00473147	0.00000512	0x00	0xFF
SPI [1]	result	19.00512312	0.00000512	0x08	0xFF
SPI [1]	result	19.00512840	0.00000512	0x00	0xFF
SPI [1]	result	19.00513368	0.00000512	0x89	0xFF
SPI [1]	result	19.00513896	0.00000512	0xB8	0xFF
SPI [1]	result	19.04306771	0.00000512	0x00	0x00
SPI [1]	result	19.04307299	0.00000512	0x00	0x00
SPI [1]	result	19.04307827	0.00000512	0x08	0x04
SPI [1]	result	19.04308355	0.00000512	0x20	0x3F
SPI [1]	result	19.04354267	0.00000512	0x0E	0xFF
SPI [1]	result	19.04354795	0.00000512	0x10	0xFF
SPI [1]	result	19.04355323	0.00000512	0x80	0xFF
SPI [1]	result	19.04355851	0.00000512	0x12	0xFF
SPI [1]	result	19.04395532	0.00000512	0x00	0xFF
SPI [1]	result	19.04396060	0.00000512	0x00	0xFF
SPI [1]	result	19.04396588	0.00000512	0x00	0xFF
SPI [1]	result	19.04397116	0.00000512	0x00	0xFF
SPI [1]	result	19.04436351	0.00000512	0x08	0xFF
SPI [1]	result	19.04436879	0.00000512	0x00	0xFF
SPI [1]	result	19.04437407	0.00000512	0x88	0xFF
SPI [1]	result	19.04437935	0.00000512	0x32	0xFF
SPI [1]	result	19.08307356	0.00000512	0x00	0x00
SPI [1]	result	19.08307884	0.00000512	0x00	0x00
SPI [1]	result	19.08308412	0.00000512	0x08	0x00
SPI [1]	result	19.08308940	0.00000512	0x20	0x3F
SPI [1]	result	19.08351605	0.00000512	0x0F	0xFF
SPI [1]	result	19.08352133	0.00000512	0x10	0xFF
SPI [1]	result	19.08352661	0.00000512	0x80	0xFF
SPI [1]	result	19.08353189	0.00000512	0x1A	0xFF
SPI [1]	result	19.08392603	0.00000512	0x00	0xFF
SPI [1]	result	19.08393131	0.00000512	0x00	0xFF
SPI [1]	result	19.08393659	0.00000512	0x00	0xFF
SPI [1]	result	19.08394187	0.00000512	0x00	0xFF
SPI [1]	result	19.08433448	0.00000512	0x08	0xFF
SPI [1]	result	19.08433976	0.00000512	0x00	0xFF
SPI [1]	result	19.08434504	0.00000512	0x88	0xFF
SPI [1]	result	19.08435032	0.00000512	0x32	0xFF
SPI [1]	result	19.12307322	0.00000512	0x00	0x00
SPI [1]	result	19.12307850	0.00000512	0x00	0x00
SPI [1]	result	19.12308378	0.00000512	0x08	0x00
SPI [1]	result	19.12308906	0.00000512	0x20	0x3F
SPI [1]	result	19.12351337	0.00000512	0x08	0xFF
SPI [1]	result	19.12351865	0.00000512	0x10	0xFF
SPI [1]	result	19.12352393	0.00000512	0x80	0xFF
SPI [1]	result	19.12352921	0.00000512	0x22	0xFF
SPI [1]	result	19.12392222	0.00000512	0x00	0xFF
SPI [1]	result	19.12392750	0.00000512	0x00	0xFF
SPI [1]	result	19.12393278	0.00000512	0x09	0xFF
SPI [1]	result	19.12393806	0.00000512	0xA6	0xFF
SPI [1]	result	19.12433118	0.00000512	0x09	0xFF
SPI [1]	result	19.12433646	0.00000512	0x00	0xFF
SPI [1]	result	19.12434174	0.00000512	0x88	0xFF
SPI [1]	result	19.12434702	0.00000512	0x3A	0xFF
SPI [1]	result	19.12473919	0.00000512	0x00	0xFF
SPI [1]	result	19.12474447	0.00000512	0x00	0xFF
SPI [1]	result	19.12474975	0.00000512	0x00	0xFF
SPI [1]	result	19.12475503	0.00000512	0x00	0xFF
SPI [1]	result	19.12514693	0.00000512	0x08	0xFF
SPI [1]	result	19.12515221	0.00000512	0x00	0xFF
SPI [1]	result	19.12515749	0.00000512	0x89	0xFF
SPI [1]	result	19.12516277	0.00000512	0xB8	0xFF
SPI [1]	result	19.16306939	0.00000512	0x00	0x00
SPI [1]	result	19.16307467	0.00000512	0x00	0x00
SPI [1]	result	19.16307995	0.00000512	0x08	0x04
SPI [1]	result	19.16308523	0.00000512	0x20	0x3F
SPI [1]	result	19.16350311	0.00000512	0x0A	0xFF
SPI [1]	result	19.16350839	0.00000512	0x10	0xFF
SPI [1]	result	19.16351367	0.00000512	0x80	0xFF
SPI [1]	result	19.16351895	0.00000512	0x32	0xFF
SPI [1]	result	19.16391178	0.00000512	0x00	0xFF
SPI [1]	result	19.16391706	0.00000512	0x00	0xFF
SPI [1]	result	19.16392234	0.00000512	0x00	0xFF
SPI [1]	result	19.16392762	0.00000512	0x00	0xFF
SPI [1]	result	19.16432032	0.00000512	0x08	0xFF
SPI [1]	result	19.16432560	0.00000512	0x00	0xFF
SPI [1]	result	19.16433088	0.00000512	0x88	0xFF
SPI [1]	result	19.16433616	0.00000512	0x32	0xFF
SPI [1]	result	19.20307434	0.00000512	0x00	0x00
SPI [1]	result	19.20307962	0.00000512	0x00	0x00
SPI [1]	result	19.20308490	0.00000512	0x08	0x00
SPI [1]	result	19.20309018	0.00000512	0x20	0x3F
SPI [1]	result	19.20352449	0.00000512	0x0B	0xFF
SPI [1]	result	19.20352977	0.00000512	0x10	0xFF
SPI [1]	result	19.20353505	0.00000512	0x80	0xFF
SPI [1]	result	19.20354033	0.00000512	0x3A	0xFF
SPI [1]	result	19.20393501	0.00000512	0x00	0xFF
SPI [1]	result	19.20394029	0.00000512	0x00	0xFF
SPI [1]	result	19.20394557	0.00000512	0x00	0xFF
SPI [1]	result	19.20395085	0.00000512	0x00	0xFF
SPI [1]	result	19.20434294	0.00000512	0x08	0xFF
SPI [1]	result	19.20434822	0.00000512	0x00	0xFF
SPI [1]	result	19.20435350	0.00000512	0x88	0xFF
SPI [1]	result	19.20435878	0.00000512	0x32	0xFF
SPI [1]	result	19.24307021	0.00000512	0x00	0x00
SPI [1]	result	19.24307549	0.00000512	0x00	0x00
SPI [1]	result	19.24308077	0.00000512	0x08	0x04
SPI [1]	result	19.24308605	0.00000512	0x20	0x3F
SPI [1]	result	19.24350879	0.00000512	0x0C	0xFF
SPI [1]	result	19.24351407	0.00000512	0x10	0xFF
SPI [1]	result	19.24351935	0.00000512	0x80	0xFF
SPI [1]	result	19.24352463	0.00000512	0x02	0xFF
SPI [1]	result	19.24391903	0.00000512	0x00	0xFF
SPI [1]	result	19.24392431	0.00000512	0x00	0xFF
SPI [1]	result	19.24392959	0.00000512	0x09	0xFF
SPI [1]	result	19.24393487	0.00000512	0xA6	0xFF
SPI [1]	result	19.24432789	0.00000512	0x0D	0xFF
SPI [1]	result	19.24433317	0.00000512	0x00	0xFF
SPI [1]	result	19.24433845	0.00000512	0x88	0xFF
SPI [1]	result	19.24434373	0.00000512	0x1A	0xFF
SPI [1]	result	19.24473552	0.00000512	0x00	0xFF
SPI [1]	result	19.24474080	0.00000512	0x00	0xFF
SPI [1]	result	19.24474608	0.00000512	0x00	0xFF
SPI [1]	result	19.24475136	0.00000512	0x00	0xFF
SPI [1]	result	19.24514306	0.00000512	0x08	0xFF
SPI [1]	result	19.24514834	0.00000512	0x00	0xFF
SPI [1]	result	19.24515362	0.00000512	0x89	0xFF
SPI [1]	result	19.24515890	0.00000512	0xB8	0xFF
SPI [1]	result	19.28306465	0.00000512	0x00	0x00
SPI [1]	result	19.28306993	0.00000512	0x00	0x00
SPI [1]	result	19.28307521	0.00000512	0x08	0x04
SPI [1]	result	19.28308049	0.00000512	0x20	0x3F
SPI [1]	result	19.28348832	0.00000512	0x0E	0xFF
SPI [1]	result	19.28349360	0.00000512	0x10	0xFF
SPI [1]	result	19.28349888	0.00000512	0x80	0xFF
SPI [1]	result	19.28350416	0.00000512	0x12	0xFF
SPI [1]	result	19.28389654	0.00000512	0x00	0xFF
SPI [1]	result	19.28390182	0.00000512	0x00	0xFF
SPI [1]	result	19.28390710	0.00000512	0x00	0xFF
SPI [1]	result	19.28391238	0.00000512	0x00	0xFF
SPI [1]	result	19.28430215	0.00000512	0x08	0xFF
SPI [1]	result	19.28430743	0.00000512	0x00	0xFF
SPI [1]	result	19.28431271	0.00000512	0x88	0xFF
SPI [1]	result	19.28431799	0.00000512	0x32	0xFF
SPI [1]	result	19.32306460	0.00000512	0x00	0x00
SPI [1]	result	19.32306988	0.00000512	0x00	0x00
SPI [1]	result	19.32307516	0.00000512	0x08	0x00
SPI [1]	result	19.32308044	0.00000512	0x20	0x3F
SPI [1]	result	19.32348775	0.00000512	0x0F	0xFF
SPI [1]	result	19.32349303	0.00000512	0x10	0xFF
SPI [1]	result	19.32349831	0.00000512	0x80	0xFF
SPI [1]	result	19.32350359	0.00000512	0x1A	0xFF
SPI [1]	result	19.32389586	0.00000512	0x00	0xFF
SPI [1]	result	19.32390114	0.00000512	0x00	0xFF
SPI [1]	result	19.32390642	0.00000512	0x00	0xFF
SPI [1]	result	19.32391170	0.00000512	0x00	0xFF
SPI [1]	result	19.32430264	0.00000512	0x08	0xFF
SPI [1]	result	19.32430792	0.00000512	0x00	0xFF
SPI [1]	result	19.32431320	0.00000512	0x88	0xFF
SPI [1]	result	19.32431848	0.00000512	0x32	0xFF
SPI [1]	result	19.36306536	0.00000512	0x00	0x00
SPI [1]	result	19.36307064	0.00000512	0x00	0x00
SPI [1]	result	19.36307592	0.00000512	0x08	0x04
SPI [1]	result	19.36308120	0.00000512	0x20	0x3F
SPI [1]	result	19.36348631	0.00000512	0x08	0xFF
SPI [1]	result	19.36349159	0.00000512	0x10	0xFF
SPI [1]	result	19.36349687	0.00000512	0x80	0xFF
SPI [1]	result	19.36350215	0.00000512	0x22	0xFF
SPI [1]	result	19.36389453	0.00000512	0x00	0xFF
SPI [1]	result	19.36389981	0.00000512	0x00	0xFF
SPI [1]	result	19.36390509	0.00000512	0x09	0xFF
SPI [1]	result	19.36391037	0.00000512	0xA6	0xFF
SPI [1]	result	19.36430209	0.00000512	0x09	0xFF
SPI [1]	result	19.36430737	0.00000512	0x00	0xFF
SPI [1]	result	19.36431265	0.00000512	0x88	0xFF
SPI [1]	result	19.36431793	0.00000512	0x3A	0xFF
SPI [1]	result	19.36470946	0.00000512	0x00	0xFF
SPI [1]	result	19.36471474	0.00000512	0x00	0xFF
SPI [1]	result	19.36472002	0.00000512	0x00	0xFF
SPI [1]	result	19.36472530	0.00000512	0x00	0xFF
SPI [1]	result	19.36511704	0.00000512	0x08	0xFF
SPI [1]	result	19.36512232	0.00000512	0x00	0xFF
SPI [1]	result	19.36512760	0.00000512	0x89	0xFF
SPI [1]	result	19.36513288	0.00000512	0xB8	0xFF
SPI [1]	result	19.40541239	0.00000512	0x00	0x00
SPI [1]	result	19.40541767	0.00000512	0x00	0x00
SPI [1]	result	19.40542295	0.00000512	0x08	0x00
SPI [1]	result	19.40542823	0.00000512	0x20	0x3F
SPI [1]	result	19.40607471	0.00000512	0x0A	0xFF
SPI [1]	result	19.40607999	0.00000512	0x10	0xFF
SPI [1]	result	19.40608527	0.00000512	0x80	0xFF
SPI [1]	result	19.40609055	0.00000512	0x32	0xFF
SPI [1]	result	19.40654453	0.00000512	0x00	0xFF
SPI [1]	result	19.40654981	0.00000512	0x00	0xFF
SPI [1]	result	19.40655509	0.00000512	0x00	0xFF
SPI [1]	result	19.40656037	0.00000512	0x00	0xFF
SPI [1]	result	19.40701183	0.00000512	0x08	0xFF
SPI [1]	result	19.40701711	0.00000512	0x00	0xFF
SPI [1]	result	19.40702239	0.00000512	0x88	0xFF
SPI [1]	result	19.40702767	0.00000512	0x32	0xFF
SPI [1]	result	19.44307495	0.00000512	0x00	0x00
SPI [1]	result	19.44308023	0.00000512	0x00	0x00
SPI [1]	result	19.44308551	0.00000512	0x08	0x04
SPI [1]	result	19.44309079	0.00000512	0x20	0x3F
SPI [1]	result	19.44565092	0.00000512	0x0B	0xAF
SPI [1]	result	19.44565620	0.00000512	0x10	0xFF
SPI [1]	result	19.44566148	0.00000512	0x80	0xFF
SPI [1]	result	19.44566676	0.00000512	0x3A	0xFF
SPI [1]	result	19.44619540	0.00000512	0x00	0xFF
SPI [1]	result	19.44620068	0.00000512	0x00	0xFF
SPI [1]	result	19.44620596	0.00000512	0x00	0xFF
SPI [1]	result	19.44621124	0.00000512	0x00	0xFF
SPI [1]	result	19.44667835	0.00000512	0x08	0xFF
SPI [1]	result	19.44668363	0.00000512	0x00	0xFF
SPI [1]	result	19.44668891	0.00000512	0x88	0xFF
SPI [1]	result	19.44669419	0.00000512	0x32	0xFF
SPI [1]	result	19.48307740	0.00000512	0x00	0x00
SPI [1]	result	19.48308268	0.00000512	0x00	0x00
SPI [1]	result	19.48308796	0.00000512	0x08	0x00
SPI [1]	result	19.48309324	0.00000512	0x20	0x3F
SPI [1]	result	19.48353362	0.00000512	0x0C	0xFF
SPI [1]	result	19.48353890	0.00000512	0x10	0xFF
SPI [1]	result	19.48354418	0.00000512	0x80	0xFF
SPI [1]	result	19.48354946	0.00000512	0x02	0xFF
SPI [1]	result	19.48394405	0.00000512	0x00	0xFF
SPI [1]	result	19.48394933	0.00000512	0x00	0xFF
SPI [1]	result	19.48395461	0.00000512	0x09	0xFF
SPI [1]	result	19.48395989	0.00000512	0xA6	0xFF
SPI [1]	result	19.48435342	0.00000512	0x0D	0xFF
SPI [1]	result	19.48435870	0.00000512	0x00	0xFF
SPI [1]	result	19.48436398	0.00000512	0x88	0xFF
SPI [1]	result	19.48436926	0.00000512	0x1A	0xFF
SPI [1]	result	19.48476155	0.00000512	0x00	0xFF
SPI [1]	result	19.48476683	0.00000512	0x00	0xFF
SPI [1]	result	19.48477211	0.00000512	0x00	0xFF
SPI [1]	result	19.48477739	0.00000512	0x00	0xFF
SPI [1]	result	19.48516918	0.00000512	0x08	0xFF
SPI [1]	result	19.48517446	0.00000512	0x00	0xFF
SPI [1]	result	19.48517974	0.00000512	0x89	0xFF
SPI [1]	result	19.48518502	0.00000512	0xB8	0xFF
SPI [1]	result	19.52307201	0.00000512	0x00	0x00
SPI [1]	result	19.52307729	0.00000512	0x00	0x00
SPI [1]	result	19.52308257	0.00000512	0x08	0x04
SPI [1]	result	19.52308785	0.00000512	0x20	0x3F
SPI [1]	result	19.52351550	0.00000512	0x0E	0xFF
SPI [1]	result	19.52352078	0.00000512	0x10	0xFF
SPI [1]	result	19.52352606	0.00000512	0x80	0xFF
SPI [1]	result	19.52353134	0.00000512	0x12	0xFF
SPI [1]	result	19.52392485	0.00000512	0x00	0xFF
SPI [1]	result	19.52393013	0.00000512	0x00	0xFF
SPI [1]	result	19.52393541	0.00000512	0x00	0xFF
SPI [1]	result	19.52394069	0.00000512	0x00	0xFF
SPI [1]	result	19.52433358	0.00000512	0x08	0xFF
SPI [1]	result	19.52433886	0.00000512	0x00	0xFF
SPI [1]	result	19.52434414	0.00000512	0x88	0xFF
SPI [1]	result	19.52434942	0.00000512	0x32	0xFF
SPI [1]	result	19.56307487	0.00000512	0x00	0x00
SPI [1]	result	19.56308015	0.00000512	0x00	0x00
SPI [1]	result	19.56308543	0.00000512	0x08	0x04
SPI [1]	result	19.56309071	0.00000512	0x20	0x3F
SPI [1]	result	19.56352349	0.00000512	0x0F	0xFF
SPI [1]	result	19.56352877	0.00000512	0x10	0xFF
SPI [1]	result	19.56353405	0.00000512	0x80	0xFF
SPI [1]	result	19.56353933	0.00000512	0x1A	0xFF
SPI [1]	result	19.56393445	0.00000512	0x00	0xFF
SPI [1]	result	19.56393973	0.00000512	0x00	0xFF
SPI [1]	result	19.56394501	0.00000512	0x00	0xFF
SPI [1]	result	19.56395029	0.00000512	0x00	0xFF
SPI [1]	result	19.56434253	0.00000512	0x08	0xFF
SPI [1]	result	19.56434781	0.00000512	0x00	0xFF
SPI [1]	result	19.56435309	0.00000512	0x88	0xFF
SPI [1]	result	19.56435837	0.00000512	0x32	0xFF
SPI [1]	result	19.60307449	0.00000512	0x00	0x00
SPI [1]	result	19.60307977	0.00000512	0x00	0x00
SPI [1]	result	19.60308505	0.00000512	0x08	0x00
SPI [1]	result	19.60309033	0.00000512	0x20	0x3F
SPI [1]	result	19.60351507	0.00000512	0x08	0xFF
SPI [1]	result	19.60352035	0.00000512	0x10	0xFF
SPI [1]	result	19.60352563	0.00000512	0x80	0xFF
SPI [1]	result	19.60353091	0.00000512	0x22	0xFF
SPI [1]	result	19.60392836	0.00000512	0x00	0xFF
SPI [1]	result	19.60393364	0.00000512	0x00	0xFF
SPI [1]	result	19.60393892	0.00000512	0x09	0xFF
SPI [1]	result	19.60394420	0.00000512	0xA6	0xFF
SPI [1]	result	19.60433701	0.00000512	0x09	0xFF
SPI [1]	result	19.60434229	0.00000512	0x00	0xFF
SPI [1]	result	19.60434757	0.00000512	0x88	0xFF
SPI [1]	result	19.60435285	0.00000512	0x3A	0xFF
SPI [1]	result	19.60474451	0.00000512	0x00	0xFF
SPI [1]	result	19.60474979	0.00000512	0x00	0xFF
SPI [1]	result	19.60475507	0.00000512	0x00	0xFF
SPI [1]	result	19.60476035	0.00000512	0x00	0xFF
SPI [1]	result	19.60515228	0.00000512	0x08	0xFF
SPI [1]	result	19.60515756	0.00000512	0x00	0xFF
SPI [1]	result	19.60516284	0.00000512	0x89	0xFF
SPI [1]	result	19.60516812	0.00000512	0xB8	0xFF
SPI [1]	result	19.64306955	0.00000512	0x00	0x00
SPI [1]	result	19.64307483	0.00000512	0x00	0x00
SPI [1]	result	19.64308011	0.00000512	0x08	0x06
SPI [1]	result	19.64308539	0.00000512	0x20	0x3F
SPI [1]	result	19.64350144	0.00000512	0x0A	0xFF
SPI [1]	result	19.64350672	0.00000512	0x10	0xFF
SPI [1]	result	19.64351200	0.00000512	0x80	0xFF
SPI [1]	result	19.64351728	0.00000512	0x32	0xFF
SPI [1]	result	19.64390983	0.00000512	0x00	0xFF
SPI [1]	result	19.64391511	0.00000512	0x00	0xFF
SPI [1]	result	19.64392039	0.00000512	0x00	0xFF
SPI [1]	result	19.64392567	0.00000512	0x00	0xFF
SPI [1]	result	19.64431739	0.00000512	0x08	0xFF
SPI [1]	result	19.64432267	0.00000512	0x00	0xFF
SPI [1]	result	19.64432795	0.00000512	0x88	0xFF
SPI [1]	result	19.64433323	0.00000512	0x32	0xFF
SPI [1]	result	19.68306321	0.00000512	0x00	0x00
SPI [1]	result	19.68306849	0.00000512	0x00	0x00
SPI [1]	result	19.68307377	0.00000512	0x08	0x00
SPI [1]	result	19.68307905	0.00000512	0x20	0x3F
SPI [1]	result	19.68348091	0.00000512	0x0B	0xFF
SPI [1]	result	19.68348619	0.00000512	0x10	0xFF
SPI [1]	result	19.68349147	0.00000512	0x80	0xFF
SPI [1]	result	19.68349675	0.00000512	0x3A	0xFF
SPI [1]	result	19.68388980	0.00000512	0x00	0xFF
SPI [1]	result	19.68389508	0.00000512	0x00	0xFF
SPI [1]	result	19.68390036	0.00000512	0x00	0xFF
SPI [1]	result	19.68390564	0.00000512	0x00	0xFF
SPI [1]	result	19.68429751	0.00000512	0x08	0xFF
SPI [1]	result	19.68430279	0.00000512	0x00	0xFF
SPI [1]	result	19.68430807	0.00000512	0x88	0xFF
SPI [1]	result	19.68431335	0.00000512	0x32	0xFF
SPI [1]	result	19.72306253	0.00000512	0x00	0x00
SPI [1]	result	19.72306781	0.00000512	0x00	0x00
SPI [1]	result	19.72307309	0.00000512	0x08	0x00
SPI [1]	result	19.72307837	0.00000512	0x20	0x3F
SPI [1]	result	19.72347153	0.00000512	0x0C	0xFF
SPI [1]	result	19.72347681	0.00000512	0x10	0xFF
SPI [1]	result	19.72348209	0.00000512	0x80	0xFF
SPI [1]	result	19.72348737	0.00000512	0x02	0xFF
SPI [1]	result	19.72387920	0.00000512	0x00	0xFF
SPI [1]	result	19.72388448	0.00000512	0x00	0xFF
SPI [1]	result	19.72388976	0.00000512	0x09	0xFF
SPI [1]	result	19.72389504	0.00000512	0xA6	0xFF
SPI [1]	result	19.72428646	0.00000512	0x0D	0xFF
SPI [1]	result	19.72429174	0.00000512	0x00	0xFF
SPI [1]	result	19.72429702	0.00000512	0x88	0xFF
SPI [1]	result	19.72430230	0.00000512	0x1A	0xFF
SPI [1]	result	19.72469331	0.00000512	0x00	0xFF
SPI [1]	result	19.72469859	0.00000512	0x00	0xFF
SPI [1]	result	19.72470387	0.00000512	0x00	0xFF
SPI [1]	result	19.72470915	0.00000512	0x00	0xFF
SPI [1]	result	19.72510113	0.00000512	0x08	0xFF
SPI [1]	result	19.72510641	0.00000512	0x00	0xFF
SPI [1]	result	19.72511169	0.00000512	0x89	0xFF
SPI [1]	result	19.72511697	0.00000512	0xB8	0xFF
SPI [1]	result	19.76306189	0.00000512	0x00	0x00
SPI [1]	result	19.76306717	0.00000512	0x00	0x00
SPI [1]	result	19.76307245	0.00000512	0x08	0x04
SPI [1]	result	19.76307773	0.00000512	0x20	0x3F
SPI [1]	result	19.76347943	0.00000512	0x0E	0xFF
SPI [1]	result	19.76348471	0.00000512	0x10	0xFF
SPI [1]	result	19.76348999	0.00000512	0x80	0xFF
SPI [1]	result	19.76349527	0.00000512	0x12	0xFF
SPI [1]	result	19.76393352	0.00000512	0x00	0xFF
SPI [1]	result	19.76393880	0.00000512	0x00	0xFF
SPI [1]	result	19.76394408	0.00000512	0x00	0xFF
SPI [1]	result	19.76394936	0.00000512	0x00	0xFF
SPI [1]	result	19.76434343	0.00000512	0x08	0xFF
SPI [1]	result	19.76434871	0.00000512	0x00	0xFF
SPI [1]	result	19.76435399	0.00000512	0x88	0xFF
SPI [1]	result	19.76435927	0.00000512	0x32	0xFF
SPI [1]	result	19.80306195	0.00000512	0x00	0x00
SPI [1]	result	19.80306723	0.00000512	0x00	0x00
SPI [1]	result	19.80307251	0.00000512	0x08	0x00
SPI [1]	result	19.80307779	0.00000512	0x20	0x3F
SPI [1]	result	19.80347836	0.00000512	0x0F	0xFF
SPI [1]	result	19.80348364	0.00000512	0x10	0xFF
SPI [1]	result	19.80348892	0.00000512	0x80	0xFF
SPI [1]	result	19.80349420	0.00000512	0x1A	0xFF
SPI [1]	result	19.80388510	0.00000512	0x00	0xFF
SPI [1]	result	19.80389038	0.00000512	0x00	0xFF
SPI [1]	result	19.80389566	0.00000512	0x00	0xFF
SPI [1]	result	19.80390094	0.00000512	0x00	0xFF
SPI [1]	result	19.80429242	0.00000512	0x08	0xFF
SPI [1]	result	19.80429770	0.00000512	0x00	0xFF
SPI [1]	result	19.80430298	0.00000512	0x88	0xFF
SPI [1]	result	19.80430826	0.00000512	0x32	0xFF
SPI [1]	result	19.84306233	0.00000512	0x00	0x00
SPI [1]	result	19.84306761	0.00000512	0x00	0x00
SPI [1]	result	19.84307289	0.00000512	0x08	0x04
SPI [1]	result	19.84307817	0.00000512	0x20	0x3F
SPI [1]	result	19.84347161	0.00000512	0x08	0xFF
SPI [1]	result	19.84347689	0.00000512	0x10	0xFF
SPI [1]	result	19.84348217	0.00000512	0x80	0xFF
SPI [1]	result	19.84348745	0.00000512	0x22	0xFF
SPI [1]	result	19.84387982	0.00000512	0x00	0xFF
SPI [1]	result	19.84388510	0.00000512	0x00	0xFF
SPI [1]	result	19.84389038	0.00000512	0x09	0xFF
SPI [1]	result	19.84389566	0.00000512	0xA6	0xFF
SPI [1]	result	19.84428561	0.00000512	0x09	0xFF
SPI [1]	result	19.84429089	0.00000512	0x00	0xFF
SPI [1]	result	19.84429617	0.00000512	0x88	0xFF
SPI [1]	result	19.84430145	0.00000512	0x3A	0xFF
SPI [1]	result	19.84469371	0.00000512	0x00	0xFF
SPI [1]	result	19.84469899	0.00000512	0x00	0xFF
SPI [1]	result	19.84470427	0.00000512	0x00	0xFF
SPI [1]	result	19.84470955	0.00000512	0x00	0xFF
SPI [1]	result	19.84510093	0.00000512	0x08	0xFF
SPI [1]	result	19.84510621	0.00000512	0x00	0xFF
SPI [1]	result	19.84511149	0.00000512	0x89	0xFF
SPI [1]	result	19.84511677	0.00000512	0xB8	0xFF
SPI [1]	result	19.88306002	0.00000512	0x00	0x00
SPI [1]	result	19.88306530	0.00000512	0x00	0x00
SPI [1]	result	19.88307058	0.00000512	0x08	0x00
SPI [1]	result	19.88307586	0.00000512	0x20	0x3F
SPI [1]	result	19.88346886	0.00000512	0x0A	0xFF
SPI [1]	result	19.88347414	0.00000512	0x10	0xFF
SPI [1]	result	19.88347942	0.00000512	0x80	0xFF
SPI [1]	result	19.88348470	0.00000512	0x32	0xFF
SPI [1]	result	19.88387440	0.00000512	0x00	0xFF
SPI [1]	result	19.88387968	0.00000512	0x00	0xFF
SPI [1]	result	19.88388496	0.00000512	0x00	0xFF
SPI [1]	result	19.88389024	0.00000512	0x00	0xFF
SPI [1]	result	19.88428101	0.00000512	0x08	0xFF
SPI [1]	result	19.88428629	0.00000512	0x00	0xFF
SPI [1]	result	19.88429157	0.00000512	0x88	0xFF
SPI [1]	result	19.88429685	0.00000512	0x32	0xFF
SPI [1]	result	19.92306916	0.00000512	0x00	0x00
SPI [1]	result	19.92307444	0.00000512	0x00	0x00
SPI [1]	result	19.92307972	0.00000512	0x08	0x04
SPI [1]	result	19.92308500	0.00000512	0x20	0x3F
SPI [1]	result	19.92351124	0.00000512	0x0B	0xFF
SPI [1]	result	19.92351652	0.00000512	0x10	0xFF
SPI [1]	result	19.92352180	0.00000512	0x80	0xFF
SPI [1]	result	19.92352708	0.00000512	0x3A	0xFF
SPI [1]	result	19.92391853	0.00000512	0x00	0xFF
SPI [1]	result	19.92392381	0.00000512	0x00	0xFF
SPI [1]	result	19.92392909	0.00000512	0x00	0xFF
SPI [1]	result	19.92393437	0.00000512	0x00	0xFF
SPI [1]	result	19.92433043	0.00000512	0x08	0xFF
SPI [1]	result	19.92433571	0.00000512	0x00	0xFF
SPI [1]	result	19.92434099	0.00000512	0x88	0xFF
SPI [1]	result	19.92434627	0.00000512	0x32	0xFF
SPI [1]	result	19.96306461	0.00000512	0x00	0x00
SPI [1]	result	19.96306989	0.00000512	0x00	0x00
SPI [1]	result	19.96307517	0.00000512	0x08	0x04
SPI [1]	result	19.96308045	0.00000512	0x20	0x3F
SPI [1]	result	19.96348339	0.00000512	0x0C	0xFF
SPI [1]	result	19.96348867	0.00000512	0x10	0xFF
SPI [1]	result	19.96349395	0.00000512	0x80	0xFF
SPI [1]	result	19.96349923	0.00000512	0x02	0xFF
SPI [1]	result	19.96389180	0.00000512	0x00	0xFF
SPI [1]	result	19.96389708	0.00000512	0x00	0xFF
SPI [1]	result	19.96390236	0.00000512	0x09	0xFF
SPI [1]	result	19.96390764	0.00000512	0xA6	0xFF
SPI [1]	result	19.96429964	0.00000512	0x0D	0xFF
SPI [1]	result	19.96430492	0.00000512	0x00	0xFF
SPI [1]	result	19.96431020	0.00000512	0x88	0xFF
SPI [1]	result	19.96431548	0.00000512	0x1A	0xFF
SPI [1]	result	19.96470693	0.00000512	0x00	0xFF
SPI [1]	result	19.96471221	0.00000512	0x00	0xFF
SPI [1]	result	19.96471749	0.00000512	0x00	0xFF
SPI [1]	result	19.96472277	0.00000512	0x00	0xFF
SPI [1]	result	19.96511494	0.00000512	0x08	0xFF
SPI [1]	result	19.96512022	0.00000512	0x00	0xFF
SPI [1]	result	19.96512550	0.00000512	0x89	0xFF
SPI [1]	result	19.96513078	0.00000512	0xB8	0xFF
SPI [1]	result	20.00306318	0.00000512	0x00	0x00
SPI [1]	result	20.00306846	0.00000512	0x00	0x00
SPI [1]	result	20.00307374	0.00000512	0x08	0x00
SPI [1]	result	20.00307902	0.00000512	0x20	0x3F
SPI [1]	result	20.00348405	0.00000512	0x0E	0xFF
SPI [1]	result	20.00348933	0.00000512	0x10	0xFF
SPI [1]	result	20.00349461	0.00000512	0x80	0xFF
SPI [1]	result	20.00349989	0.00000512	0x12	0xFF
SPI [1]	result	20.00389233	0.00000512	0x00	0xFF
SPI [1]	result	20.00389761	0.00000512	0x00	0xFF
SPI [1]	result	20.00390289	0.00000512	0x00	0xFF
SPI [1]	result	20.00390817	0.00000512	0x00	0xFF
SPI [1]	result	20.00429787	0.00000512	0x08	0xFF
SPI [1]	result	20.00430315	0.00000512	0x00	0xFF
SPI [1]	result	20.00430843	0.00000512	0x88	0xFF
SPI [1]	result	20.00431371	0.00000512	0x32	0xFF
SPI [1]	result	20.04306098	0.00000512	0x00	0x00
SPI [1]	result	20.04306626	0.00000512	0x00	0x00
SPI [1]	result	20.04307154	0.00000512	0x08	0x00
SPI [1]	result	20.04307682	0.00000512	0x20	0x3F
SPI [1]	result	20.04346967	0.00000512	0x0F	0xFF
SPI [1]	result	20.04347495	0.00000512	0x10	0xFF
SPI [1]	result	20.04348023	0.00000512	0x80	0xFF
SPI [1]	result	20.04348551	0.00000512	0x1A	0xFF
SPI [1]	result	20.04387761	0.00000512	0x00	0xFF
SPI [1]	result	20.04388289	0.00000512	0x00	0xFF
SPI [1]	result	20.04388817	0.00000512	0x00	0xFF
SPI [1]	result	20.04389345	0.00000512	0x00	0xFF
SPI [1]	result	20.04428626	0.00000512	0x08	0xFF
SPI [1]	result	20.04429154	0.00000512	0x00	0xFF
SPI [1]	result	20.04429682	0.00000512	0x88	0xFF
SPI [1]	result	20.04430210	0.00000512	0x32	0xFF
SPI [1]	result	20.08307223	0.00000512	0x00	0x00
SPI [1]	result	20.08307751	0.00000512	0x00	0x00
SPI [1]	result	20.08308279	0.00000512	0x08	0x00
SPI [1]	result	20.08308807	0.00000512	0x20	0x3F
SPI [1]	result	20.08351868	0.00000512	0x08	0xEF
SPI [1]	result	20.08352396	0.00000512	0x10	0xFF
SPI [1]	result	20.08352924	0.00000512	0x80	0xFF
SPI [1]	result	20.08353452	0.00000512	0x22	0xFF
SPI [1]	result	20.08392536	0.00000512	0x00	0xFF
SPI [1]	result	20.08393064	0.00000512	0x00	0xFF
SPI [1]	result	20.08393592	0.00000512	0x09	0xFF
SPI [1]	result	20.08394120	0.00000512	0xA6	0xFF
SPI [1]	result	20.08433418	0.00000512	0x09	0xFF
SPI [1]	result	20.08433946	0.00000512	0x00	0xFF
SPI [1]	result	20.08434474	0.00000512	0x88	0xFF
SPI [1]	result	20.08435002	0.00000512	0x3A	0xFF
SPI [1]	result	20.08474196	0.00000512	0x00	0xFF
SPI [1]	result	20.08474724	0.00000512	0x00	0xFF
SPI [1]	result	20.08475252	0.00000512	0x00	0xFF
SPI [1]	result	20.08475780	0.00000512	0x00	0xFF
SPI [1]	result	20.08514950	0.00000512	0x08	0xFF
SPI [1]	result	20.08515478	0.00000512	0x00	0xFF
SPI [1]	result	20.08516006	0.00000512	0x89	0xFF
SPI [1]	result	20.08516534	0.00000512	0xB8	0xFF
SPI [1]	result	20.12306068	0.00000512	0x00	0x00
SPI [1]	result	20.12306596	0.00000512	0x00	0x00
SPI [1]	result	20.12307124	0.00000512	0x08	0x00
SPI [1]	result	20.12307652	0.00000512	0x20	0x3F
SPI [1]	result	20.12346972	0.00000512	0x0A	0xFF
SPI [1]	result	20.12347500	0.00000512	0x10	0xFF
SPI [1]	result	20.12348028	0.00000512	0x80	0xFF
SPI [1]	result	20.12348556	0.00000512	0x32	0xFF
SPI [1]	result	20.12393398	0.00000512	0x00	0xFF
SPI [1]	result	20.12393926	0.00000512	0x00	0xFF
SPI [1]	result	20.12394454	0.00000512	0x00	0xFF
SPI [1]	result	20.12394982	0.00000512	0x00	0xFF
SPI [1]	result	20.12434817	0.00000512	0x08	0xFF
SPI [1]	result	20.12435345	0.00000512	0x00	0xFF
SPI [1]	result	20.12435873	0.00000512	0x88	0xFF
SPI [1]	result	20.12436401	0.00000512	0x32	0xFF
SPI [1]	result	20.16306404	0.00000512	0x00	0x00
SPI [1]	result	20.16306932	0.00000512	0x00	0x00
SPI [1]	result	20.16307460	0.00000512	0x08	0x04
SPI [1]	result	20.16307988	0.00000512	0x20	0x3F
SPI [1]	result	20.16348565	0.00000512	0x0B	0xFF
SPI [1]	result	20.16349093	0.00000512	0x10	0xFF
SPI [1]	result	20.16349621	0.00000512	0x80	0xFF
SPI [1]	result	20.16350149	0.00000512	0x3A	0xFF
SPI [1]	result	20.16389380	0.00000512	0x00	0xFF
SPI [1]	result	20.16389908	0.00000512	0x00	0xFF
SPI [1]	result	20.16390436	0.00000512	0x00	0xFF
SPI [1]	result	20.16390964	0.00000512	0x00	0xFF
SPI [1]	result	20.16430147	0.00000512	0x08	0xFF
SPI [1]	result	20.16430675	0.00000512	0x00	0xFF
SPI [1]	result	20.16431203	0.00000512	0x88	0xFF
SPI [1]	result	20.16431731	0.00000512	0x32	0xFF
SPI [1]	result	20.20306329	0.00000512	0x00	0x00
SPI [1]	result	20.20306857	0.00000512	0x00	0x00
SPI [1]	result	20.20307385	0.00000512	0x08	0x00
SPI [1]	result	20.20307913	0.00000512	0x20	0x3F
SPI [1]	result	20.20347433	0.00000512	0x0C	0xFF
SPI [1]	result	20.20347961	0.00000512	0x10	0xFF
SPI [1]	result	20.20348489	0.00000512	0x80	0xFF
SPI [1]	result	20.20349017	0.00000512	0x02	0xFF
SPI [1]	result	20.20388222	0.00000512	0x00	0xFF
SPI [1]	result	20.20388750	0.00000512	0x00	0xFF
SPI [1]	result	20.20389278	0.00000512	0x09	0xFF
SPI [1]	result	20.20389806	0.00000512	0xA6	0xFF
SPI [1]	result	20.20428931	0.00000512	0x0D	0xFF
SPI [1]	result	20.20429459	0.00000512	0x00	0xFF
SPI [1]	result	20.20429987	0.00000512	0x88	0xFF
SPI [1]	result	20.20430515	0.00000512	0x1A	0xFF
SPI [1]	result	20.20469698	0.00000512	0x00	0xFF
SPI [1]	result	20.20470226	0.00000512	0x00	0xFF
SPI [1]	result	20.20470754	0.00000512	0x00	0xFF
SPI [1]	result	20.20471282	0.00000512	0x00	0xFF
SPI [1]	result	20.20510408	0.00000512	0x08	0xFF
SPI [1]	result	20.20510936	0.00000512	0x00	0xFF
SPI [1]	result	20.20511464	0.00000512	0x89	0xFF
SPI [1]	result	20.20511992	0.00000512	0xB8	0xFF
SPI [1]	result	20.24306406	0.00000512	0x00	0x00
SPI [1]	result	20.24306934	0.00000512	0x00	0x00
SPI [1]	result	20.24307462	0.00000512	0x08	0x04
SPI [1]	result	20.24307990	0.00000512	0x20	0x3F
SPI [1]	result	20.24348471	0.00000512	0x0E	0xFF
SPI [1]	result	20.24348999	0.00000512	0x10	0xFF
SPI [1]	result	20.24349527	0.00000512	0x80	0xFF
SPI [1]	result	20.24350055	0.00000512	0x12	0xFF
SPI [1]	result	20.24389287	0.00000512	0x00	0xFF
SPI [1]	result	20.24389815	0.00000512	0x00	0xFF
SPI [1]	result	20.24390343	0.00000512	0x00	0xFF
SPI [1]	result	20.24390871	0.00000512	0x00	0xFF
SPI [1]	result	20.24429997	0.00000512	0x08	0xFF
SPI [1]	result	20.24430525	0.00000512	0x00	0xFF
SPI [1]	result	20.24431053	0.00000512	0x88	0xFF
SPI [1]	result	20.24431581	0.00000512	0x32	0xFF
SPI [1]	result	20.28306695	0.00000512	0x00	0x00
SPI [1]	result	20.28307223	0.00000512	0x00	0x00
SPI [1]	result	20.28307751	0.00000512	0x08	0x00
SPI [1]	result	20.28308279	0.00000512	0x20	0x3F
SPI [1]	result	20.28349894	0.00000512	0x0F	0xFF
SPI [1]	result	20.28350422	0.00000512	0x10	0xFF
SPI [1]	result	20.28350950	0.00000512	0x80	0xFF
SPI [1]	result	20.28351478	0.00000512	0x1A	0xFF
SPI [1]	result	20.28390766	0.00000512	0x00	0xFF
SPI [1]	result	20.28391294	0.00000512	0x00	0xFF
SPI [1]	result	20.28391822	0.00000512	0x00	0xFF
SPI [1]	result	20.28392350	0.00000512	0x00	0xFF
SPI [1]	result	20.28431559	0.00000512	0x08	0xFF
SPI [1]	result	20.28432087	0.00000512	0x00	0xFF
SPI [1]	result	20.28432615	0.00000512	0x88	0xFF
SPI [1]	result	20.28433143	0.00000512	0x32	0xFF
SPI [1]	result	20.32306185	0.00000512	0x00	0x00
SPI [1]	result	20.32306713	0.00000512	0x00	0x00
SPI [1]	result	20.32307241	0.00000512	0x08	0x00
SPI [1]	result	20.32307769	0.00000512	0x20	0x3F
SPI [1]	result	20.32347154	0.00000512	0x08	0xFF
SPI [1]	result	20.32347682	0.00000512	0x10	0xFF
SPI [1]	result	20.32348210	0.00000512	0x80	0xFF
SPI [1]	result	20.32348738	0.00000512	0x22	0xFF
SPI [1]	result	20.32387932	0.00000512	0x00	0xFF
SPI [1]	result	20.32388460	0.00000512	0x00	0xFF
SPI [1]	result	20.32388988	0.00000512	0x09	0xFF
SPI [1]	result	20.32389516	0.00000512	0xA6	0xFF
SPI [1]	result	20.32428834	0.00000512	0x09	0xFF
SPI [1]	result	20.32429362	0.00000512	0x00	0xFF
SPI [1]	result	20.32429890	0.00000512	0x88	0xFF
SPI [1]	result	20.32430418	0.00000512	0x3A	0xFF
SPI [1]	result	20.32469602	0.00000512	0x00	0xFF
SPI [1]	result	20.32470130	0.00000512	0x00	0xFF
SPI [1]	result	20.32470658	0.00000512	0x00	0xFF
SPI [1]	result	20.32471186	0.00000512	0x00	0xFF
SPI [1]	result	20.32510380	0.00000512	0x08	0xFF
SPI [1]	result	20.32510908	0.00000512	0x00	0xFF
SPI [1]	result	20.32511436	0.00000512	0x89	0xFF
SPI [1]	result	20.32511964	0.00000512	0xB8	0xFF
SPI [1]	result	20.36305980	0.00000512	0x00	0x00
SPI [1]	result	20.36306508	0.00000512	0x00	0x00
SPI [1]	result	20.36307036	0.00000512	0x08	0x04
SPI [1]	result	20.36307564	0.00000512	0x20	0x3F
SPI [1]	result	20.36346830	0.00000512	0x0A	0xFF
SPI [1]	result	20.36347358	0.00000512	0x10	0xFF
SPI [1]	result	20.36347886	0.00000512	0x80	0xFF
SPI [1]	result	20.36348414	0.00000512	0x32	0xFF
SPI [1]	result	20.36387530	0.00000512	0x00	0xFF
SPI [1]	result	20.36388058	0.00000512	0x00	0xFF
SPI [1]	result	20.36388586	0.00000512	0x00	0xFF
SPI [1]	result	20.36389114	0.00000512	0x00	0xFF
SPI [1]	result	20.36428253	0.00000512	0x08	0xFF
SPI [1]	result	20.36428781	0.00000512	0x00	0xFF
SPI [1]	result	20.36429309	0.00000512	0x88	0xFF
SPI [1]	result	20.36429837	0.00000512	0x32	0xFF
SPI [1]	result	20.40305981	0.00000512	0x00	0x00
SPI [1]	result	20.40306509	0.00000512	0x00	0x00
SPI [1]	result	20.40307037	0.00000512	0x08	0x00
SPI [1]	result	20.40307565	0.00000512	0x20	0x3F
SPI [1]	result	20.40346929	0.00000512	0x0B	0xFF
SPI [1]	result	20.40347457	0.00000512	0x10	0xFF
SPI [1]	result	20.40347985	0.00000512	0x80	0xFF
SPI [1]	result	20.40348513	0.00000512	0x3A	0xFF
SPI [1]	result	20.40387668	0.00000512	0x00	0xFF
SPI [1]	result	20.40388196	0.00000512	0x00	0xFF
SPI [1]	result	20.40388724	0.00000512	0x00	0xFF
SPI [1]	result	20.40389252	0.00000512	0x00	0xFF
SPI [1]	result	20.40428143	0.00000512	0x08	0xFF
SPI [1]	result	20.40428671	0.00000512	0x00	0xFF
SPI [1]	result	20.40429199	0.00000512	0x88	0xFF
SPI [1]	result	20.40429727	0.00000512	0x32	0xFF
SPI [1]	result	20.44306339	0.00000512	0x00	0x00
SPI [1]	result	20.44306867	0.00000512	0x00	0x00
SPI [1]	result	20.44307395	0.00000512	0x08	0x04
SPI [1]	result	20.44307923	0.00000512	0x20	0x3F
SPI [1]	result	20.44347987	0.00000512	0x0C	0xFF
SPI [1]	result	20.44348515	0.00000512	0x10	0xFF
SPI [1]	result	20.44349043	0.00000512	0x80	0xFF
SPI [1]	result	20.44349571	0.00000512	0x02	0xFF
SPI [1]	result	20.44388773	0.00000512	0x00	0xFF
SPI [1]	result	20.44389301	0.00000512	0x00	0xFF
SPI [1]	result	20.44389829	0.00000512	0x09	0xFF
SPI [1]	result	20.44390357	0.00000512	0xA6	0xFF
SPI [1]	result	20.44429553	0.00000512	0x0D	0xFF
SPI [1]	result	20.44430081	0.00000512	0x00	0xFF
SPI [1]	result	20.44430609	0.00000512	0x88	0xFF
SPI [1]	result	20.44431137	0.00000512	0x1A	0xFF
SPI [1]	result	20.44470119	0.00000512	0x00	0xFF
SPI [1]	result	20.44470647	0.00000512	0x00	0xFF
SPI [1]	result	20.44471175	0.00000512	0x00	0xFF
SPI [1]	result	20.44471703	0.00000512	0x00	0xFF
SPI [1]	result	20.44510844	0.00000512	0x08	0xFF
SPI [1]	result	20.44511372	0.00000512	0x00	0xFF
SPI [1]	result	20.44511900	0.00000512	0x89	0xFF
SPI [1]	result	20.44512428	0.00000512	0xB8	0xFF
SPI [1]	result	20.48306310	0.00000512	0x00	0x00
SPI [1]	result	20.48306838	0.00000512	0x00	0x00
SPI [1]	result	20.48307366	0.00000512	0x08	0x00
SPI [1]	result	20.48307894	0.00000512	0x20	0x3F
SPI [1]	result	20.48347934	0.00000512	0x0E	0xFF
SPI [1]	result	20.48348462	0.00000512	0x10	0xFF
SPI [1]	result	20.48348990	0.00000512	0x80	0xFF
SPI [1]	result	20.48349518	0.00000512	0x12	0xFF
SPI [1]	result	20.48388748	0.00000512	0x00	0xFF
SPI [1]	result	20.48389276	0.00000512	0x00	0xFF
SPI [1]	result	20.48389804	0.00000512	0x00	0xFF
SPI [1]	result	20.48390332	0.00000512	0x00	0xFF
SPI [1]	result	20.48433813	0.00000512	0x08	0xFF
SPI [1]	result	20.48434341	0.00000512	0x00	0xFF
SPI [1]	result	20.48434869	0.00000512	0x88	0xFF
SPI [1]	result	20.48435397	0.00000512	0x32	0xFF
SPI [1]	result	20.52306070	0.00000512	0x00	0x00
SPI [1]	result	20.52306598	0.00000512	0x00	0x00
SPI [1]	result	20.52307126	0.00000512	0x08	0x00
SPI [1]	result	20.52307654	0.00000512	0x20	0x3F
SPI [1]	result	20.52347061	0.00000512	0x0F	0xFF
SPI [1]	result	20.52347589	0.00000512	0x10	0xFF
SPI [1]	result	20.52348117	0.00000512	0x80	0xFF
SPI [1]	result	20.52348645	0.00000512	0x1A	0xFF
SPI [1]	result	20.52387795	0.00000512	0x00	0xFF
SPI [1]	result	20.52388323	0.00000512	0x00	0xFF
SPI [1]	result	20.52388851	0.00000512	0x00	0xFF
SPI [1]	result	20.52389379	0.00000512	0x00	0xFF
SPI [1]	result	20.52428552	0.00000512	0x08	0xFF
SPI [1]	result	20.52429080	0.00000512	0x00	0xFF
SPI [1]	result	20.52429608	0.00000512	0x88	0xFF
SPI [1]	result	20.52430136	0.00000512	0x32	0xFF
SPI [1]	result	20.56306341	0.00000512	0x00	0x00
SPI [1]	result	20.56306869	0.00000512	0x00	0x00
SPI [1]	result	20.56307397	0.00000512	0x08	0x04
SPI [1]	result	20.56307925	0.00000512	0x20	0x3F
SPI [1]	result	20.56347918	0.00000512	0x08	0xFF
SPI [1]	result	20.56348446	0.00000512	0x10	0xFF
SPI [1]	result	20.56348974	0.00000512	0x80	0xFF
SPI [1]	result	20.56349502	0.00000512	0x22	0xFF
SPI [1]	result	20.56388756	0.00000512	0x00	0xFF
SPI [1]	result	20.56389284	0.00000512	0x00	0xFF
SPI [1]	result	20.56389812	0.00000512	0x09	0xFF
SPI [1]	result	20.56390340	0.00000512	0xA6	0xFF
SPI [1]	result	20.56429570	0.00000512	0x09	0xFF
SPI [1]	result	20.56430098	0.00000512	0x00	0xFF
SPI [1]	result	20.56430626	0.00000512	0x88	0xFF
SPI [1]	result	20.56431154	0.00000512	0x3A	0xFF
SPI [1]	result	20.56470292	0.00000512	0x00	0xFF
SPI [1]	result	20.56470820	0.00000512	0x00	0xFF
SPI [1]	result	20.56471348	0.00000512	0x00	0xFF
SPI [1]	result	20.56471876	0.00000512	0x00	0xFF
SPI [1]	result	20.56511111	0.00000512	0x08	0xFF
SPI [1]	result	20.56511639	0.00000512	0x00	0xFF
SPI [1]	result	20.56512167	0.00000512	0x89	0xFF
SPI [1]	result	20.56512695	0.00000512	0xB8	0xFF
SPI [1]	result	20.60306038	0.00000512	0x00	0x00
SPI [1]	result	20.60306566	0.00000512	0x00	0x00
SPI [1]	result	20.60307094	0.00000512	0x08	0x00
SPI [1]	result	20.60307622	0.00000512	0x20	0x3F
SPI [1]	result	20.60346872	0.00000512	0x0A	0xFF
SPI [1]	result	20.60347400	0.00000512	0x10	0xFF
SPI [1]	result	20.60347928	0.00000512	0x80	0xFF
SPI [1]	result	20.60348456	0.00000512	0x32	0xFF
SPI [1]	result	20.60387698	0.00000512	0x00	0xFF
SPI [1]	result	20.60388226	0.00000512	0x00	0xFF
SPI [1]	result	20.60388754	0.00000512	0x00	0xFF
SPI [1]	result	20.60389282	0.00000512	0x00	0xFF
SPI [1]	result	20.60428422	0.00000512	0x08	0xFF
SPI [1]	result	20.60428950	0.00000512	0x00	0xFF
SPI [1]	result	20.60429478	0.00000512	0x88	0xFF
SPI [1]	result	20.60430006	0.00000512	0x32	0xFF
SPI [1]	result	20.64306588	0.00000512	0x00	0x00
SPI [1]	result	20.64307116	0.00000512	0x00	0x00
SPI [1]	result	20.64307644	0.00000512	0x08	0x06
SPI [1]	result	20.64308172	0.00000512	0x20	0x7F
SPI [1]	result	20.64349502	0.00000512	0x0B	0xFF
SPI [1]	result	20.64350030	0.00000512	0x10	0xFF
SPI [1]	result	20.64350558	0.00000512	0x80	0xFF
SPI [1]	result	20.64351086	0.00000512	0x3A	0xFF
SPI [1]	result	20.64390521	0.00000512	0x00	0xFF
SPI [1]	result	20.64391049	0.00000512	0x00	0xFF
SPI [1]	result	20.64391577	0.00000512	0x00	0xFF
SPI [1]	result	20.64392105	0.00000512	0x00	0xFF
SPI [1]	result	20.64431294	0.00000512	0x08	0xFF
SPI [1]	result	20.64431822	0.00000512	0x00	0xFF
SPI [1]	result	20.64432350	0.00000512	0x88	0xFF
SPI [1]	result	20.64432878	0.00000512	0x32	0xFF
SPI [1]	result	20.68306198	0.00000512	0x00	0x00
SPI [1]	result	20.68306726	0.00000512	0x00	0x00
SPI [1]	result	20.68307254	0.00000512	0x08	0x00
SPI [1]	result	20.68307782	0.00000512	0x20	0x3F
SPI [1]	result	20.68347220	0.00000512	0x0C	0xFF
SPI [1]	result	20.68347748	0.00000512	0x10	0xFF
SPI [1]	result	20.68348276	0.00000512	0x80	0xFF
SPI [1]	result	20.68348804	0.00000512	0x02	0xFF
SPI [1]	result	20.68387994	0.00000512	0x00	0xFF
SPI [1]	result	20.68388522	0.00000512	0x00	0xFF
SPI [1]	result	20.68389050	0.00000512	0x09	0xFF
SPI [1]	result	20.68389578	0.00000512	0xA6	0xFF
SPI [1]	result	20.68428759	0.00000512	0x0D	0xFF
SPI [1]	result	20.68429287	0.00000512	0x00	0xFF
SPI [1]	result	20.68429815	0.00000512	0x88	0xFF
SPI [1]	result	20.68430343	0.00000512	0x1A	0xFF
SPI [1]	result	20.68469708	0.00000512	0x00	0xFF
SPI [1]	result	20.68470236	0.00000512	0x00	0xFF
SPI [1]	result	20.68470764	0.00000512	0x00	0xFF
SPI [1]	result	20.68471292	0.00000512	0x00	0xFF
SPI [1]	result	20.68510504	0.00000512	0x08	0xFF
SPI [1]	result	20.68511032	0.00000512	0x00	0xFF
SPI [1]	result	20.68511560	0.00000512	0x89	0xFF
SPI [1]	result	20.68512088	0.00000512	0xB8	0xFF
SPI [1]	result	20.72306017	0.00000512	0x00	0x00
SPI [1]	result	20.72306545	0.00000512	0x00	0x00
SPI [1]	result	20.72307073	0.00000512	0x08	0x00
SPI [1]	result	20.72307601	0.00000512	0x20	0x3F
SPI [1]	result	20.72346980	0.00000512	0x0E	0xFF
SPI [1]	result	20.72347508	0.00000512	0x10	0xFF
SPI [1]	result	20.72348036	0.00000512	0x80	0xFF
SPI [1]	result	20.72348564	0.00000512	0x12	0xFF
SPI [1]	result	20.72387723	0.00000512	0x00	0xFF
SPI [1]	result	20.72388251	0.00000512	0x00	0xFF
SPI [1]	result	20.72388779	0.00000512	0x00	0xFF
SPI [1]	result	20.72389307	0.00000512	0x00	0xFF
SPI [1]	result	20.72428446	0.00000512	0x08	0xFF
SPI [1]	result	20.72428974	0.00000512	0x00	0xFF
SPI [1]	result	20.72429502	0.00000512	0x88	0xFF
SPI [1]	result	20.72430030	0.00000512	0x32	0xFF
SPI [1]	result	20.76306311	0.00000512	0x00	0x00
SPI [1]	result	20.76306839	0.00000512	0x00	0x00
SPI [1]	result	20.76307367	0.00000512	0x08	0x04
SPI [1]	result	20.76307895	0.00000512	0x20	0x3F
SPI [1]	result	20.76348317	0.00000512	0x0F	0xFF
SPI [1]	result	20.76348845	0.00000512	0x10	0xFF
SPI [1]	result	20.76349373	0.00000512	0x80	0xFF
SPI [1]	result	20.76349901	0.00000512	0x1A	0xFF
SPI [1]	result	20.76389030	0.00000512	0x00	0xFF
SPI [1]	result	20.76389558	0.00000512	0x00	0xFF
SPI [1]	result	20.76390086	0.00000512	0x00	0xFF
SPI [1]	result	20.76390614	0.00000512	0x00	0xFF
SPI [1]	result	20.76429861	0.00000512	0x08	0xFF
SPI [1]	result	20.76430389	0.00000512	0x00	0xFF
SPI [1]	result	20.76430917	0.00000512	0x88	0xFF
SPI [1]	result	20.76431445	0.00000512	0x32	0xFF
SPI [1]	result	20.80306141	0.00000512	0x00	0x00
SPI [1]	result	20.80306669	0.00000512	0x00	0x00
SPI [1]	result	20.80307197	0.00000512	0x08	0x00
SPI [1]	result	20.80307725	0.00000512	0x20	0x3F
SPI [1]	result	20.80347058	0.00000512	0x08	0xFF
SPI [1]	result	20.80347586	0.00000512	0x10	0xFF
SPI [1]	result	20.80348114	0.00000512	0x80	0xFF
SPI [1]	result	20.80348642	0.00000512	0x22	0xFF
SPI [1]	result	20.80387834	0.00000512	0x00	0xFF
SPI [1]	result	20.80388362	0.00000512	0x00	0xFF
SPI [1]	result	20.80388890	0.00000512	0x09	0xFF
SPI [1]	result	20.80389418	0.00000512	0xA6	0xFF
SPI [1]	result	20.80428577	0.00000512	0x09	0xFF
SPI [1]	result	20.80429105	0.00000512	0x00	0xFF
SPI [1]	result	20.80429633	0.00000512	0x88	0xFF
SPI [1]	result	20.80430161	0.00000512	0x3A	0xFF
SPI [1]	result	20.80469142	0.00000512	0x00	0xFF
SPI [1]	result	20.80469670	0.00000512	0x00	0xFF
SPI [1]	result	20.80470198	0.00000512	0x00	0xFF
SPI [1]	result	20.80470726	0.00000512	0x00	0xFF
SPI [1]	result	20.80509820	0.00000512	0x08	0xFF
SPI [1]	result	20.80510348	0.00000512	0x00	0xFF
SPI [1]	result	20.80510876	0.00000512	0x89	0xFF
SPI [1]	result	20.80511404	0.00000512	0xB8	0xFF
SPI [1]	result	20.84305959	0.00000512	0x00	0x00
SPI [1]	result	20.84306487	0.00000512	0x00	0x00
SPI [1]	result	20.84307015	0.00000512	0x08	0x04
SPI [1]	result	20.84307543	0.00000512	0x20	0x3F
SPI [1]	result	20.84346813	0.00000512	0x0A	0xFF
SPI [1]	result	20.84347341	0.00000512	0x10	0xFF
SPI [1]	result	20.84347869	0.00000512	0x80	0xFF
SPI [1]	result	20.84348397	0.00000512	0x32	0xFF
SPI [1]	result	20.84387569	0.00000512	0x00	0xFF
SPI [1]	result	20.84388097	0.00000512	0x00	0xFF
SPI [1]	result	20.84388625	0.00000512	0x00	0xFF
SPI [1]	result	20.84389153	0.00000512	0x00	0xFF
SPI [1]	result	20.84433587	0.00000512	0x08	0xFF
SPI [1]	result	20.84434115	0.00000512	0x00	0xFF
SPI [1]	result	20.84434643	0.00000512	0x88	0xFF
SPI [1]	result	20.84435171	0.00000512	0x32	0xFF
SPI [1]	result	20.88306069	0.00000512	0x00	0x00
SPI [1]	result	20.88306597	0.00000512	0x00	0x00
SPI [1]	result	20.88307125	0.00000512	0x08	0x00
SPI [1]	result	20.88307653	0.00000512	0x20	0x3F
SPI [1]	result	20.88346919	0.00000512	0x0B	0xFF
SPI [1]	result	20.88347447	0.00000512	0x10	0xFF
SPI [1]	result	20.88347975	0.00000512	0x80	0xFF
SPI [1]	result	20.88348503	0.00000512	0x3A	0xFF
SPI [1]	result	20.88387662	0.00000512	0x00	0xFF
SPI [1]	result	20.88388190	0.00000512	0x00	0xFF
SPI [1]	result	20.88388718	0.00000512	0x00	0xFF
SPI [1]	result	20.88389246	0.00000512	0x00	0xFF
SPI [1]	result	20.88428379	0.00000512	0x08	0xFF
SPI [1]	result	20.88428907	0.00000512	0x00	0xFF
SPI [1]	result	20.88429435	0.00000512	0x88	0xFF
SPI [1]	result	20.88429963	0.00000512	0x32	0xFF
SPI [1]	result	20.92306140	0.00000512	0x00	0x00
SPI [1]	result	20.92306668	0.00000512	0x00	0x00
SPI [1]	result	20.92307196	0.00000512	0x08	0x00
SPI [1]	result	20.92307724	0.00000512	0x20	0x3F
SPI [1]	result	20.92347333	0.00000512	0x0C	0xFF
SPI [1]	result	20.92347861	0.00000512	0x10	0xFF
SPI [1]	result	20.92348389	0.00000512	0x80	0xFF
SPI [1]	result	20.92348917	0.00000512	0x02	0xFF
SPI [1]	result	20.92388058	0.00000512	0x00	0xFF
SPI [1]	result	20.92388586	0.00000512	0x00	0xFF
SPI [1]	result	20.92389114	0.00000512	0x09	0xFF
SPI [1]	result	20.92389642	0.00000512	0xA6	0xFF
SPI [1]	result	20.92428821	0.00000512	0x0D	0xFF
SPI [1]	result	20.92429349	0.00000512	0x00	0xFF
SPI [1]	result	20.92429877	0.00000512	0x88	0xFF
SPI [1]	result	20.92430405	0.00000512	0x1A	0xFF
SPI [1]	result	20.92469543	0.00000512	0x00	0xFF
SPI [1]	result	20.92470071	0.00000512	0x00	0xFF
SPI [1]	result	20.92470599	0.00000512	0x00	0xFF
SPI [1]	result	20.92471127	0.00000512	0x00	0xFF
SPI [1]	result	20.92510338	0.00000512	0x08	0xFF
SPI [1]	result	20.92510866	0.00000512	0x00	0xFF
SPI [1]	result	20.92511394	0.00000512	0x89	0xFF
SPI [1]	result	20.92511922	0.00000512	0xB8	0xFF
SPI [1]	result	20.96305997	0.00000512	0x00	0x00
SPI [1]	result	20.96306525	0.00000512	0x00	0x00
SPI [1]	result	20.96307053	0.00000512	0x08	0x06
SPI [1]	result	20.96307581	0.00000512	0x20	0x3F
SPI [1]	result	20.96346921	0.00000512	0x0E	0xFF
SPI [1]	result	20.96347449	0.00000512	0x10	0xFF
SPI [1]	result	20.96347977	0.00000512	0x80	0xFF
SPI [1]	result	20.96348505	0.00000512	0x12	0xFF
SPI [1]	result	20.96387720	0.00000512	0x00	0xFF
SPI [1]	result	20.96388248	0.00000512	0x00	0xFF
SPI [1]	result	20.96388776	0.00000512	0x00	0xFF
SPI [1]	result	20.96389304	0.00000512	0x00	0xFF
SPI [1]	result	20.96428349	0.00000512	0x08	0xFF
SPI [1]	result	20.96428877	0.00000512	0x00	0xFF
SPI [1]	result	20.96429405	0.00000512	0x88	0xFF
SPI [1]	result	20.96429933	0.00000512	0x32	0xFF
SPI [1]	result	21.00306854	0.00000512	0x00	0x00
SPI [1]	result	21.00307382	0.00000512	0x00	0x00
SPI [1]	result	21.00307910	0.00000512	0x08	0x00
SPI [1]	result	21.00308438	0.00000512	0x20	0x3F
SPI [1]	result	21.00350826	0.00000512	0x0F	0xFF
SPI [1]	result	21.00351354	0.00000512	0x10	0xFF
SPI [1]	result	21.00351882	0.00000512	0x80	0xFF
SPI [1]	result	21.00352410	0.00000512	0x1A	0xFF
SPI [1]	result	21.00391654	0.00000512	0x00	0xFF
SPI [1]	result	21.00392182	0.00000512	0x00	0xFF
SPI [1]	result	21.00392710	0.00000512	0x00	0xFF
SPI [1]	result	21.00393238	0.00000512	0x00	0xFF
SPI [1]	result	21.00432471	0.00000512	0x08	0xFF
SPI [1]	result	21.00432999	0.00000512	0x00	0xFF
SPI [1]	result	21.00433527	0.00000512	0x88	0xFF
SPI [1]	result	21.00434055	0.00000512	0x32	0xFF
SPI [1]	result	21.04306169	0.00000512	0x00	0x00
SPI [1]	result	21.04306697	0.00000512	0x00	0x00
SPI [1]	result	21.04307225	0.00000512	0x08	0x04
SPI [1]	result	21.04307753	0.00000512	0x20	0x3F
SPI [1]	result	21.04347184	0.00000512	0x08	0xFF
SPI [1]	result	21.04347712	0.00000512	0x10	0xFF
SPI [1]	result	21.04348240	0.00000512	0x80	0xFF
SPI [1]	result	21.04348768	0.00000512	0x22	0xFF
SPI [1]	result	21.04387960	0.00000512	0x00	0xFF
SPI [1]	result	21.04388488	0.00000512	0x00	0xFF
SPI [1]	result	21.04389016	0.00000512	0x09	0xFF
SPI [1]	result	21.04389544	0.00000512	0xA6	0xFF
SPI [1]	result	21.04428718	0.00000512	0x09	0xFF
SPI [1]	result	21.04429246	0.00000512	0x00	0xFF
SPI [1]	result	21.04429774	0.00000512	0x88	0xFF
SPI [1]	result	21.04430302	0.00000512	0x3A	0xFF
SPI [1]	result	21.04469576	0.00000512	0x00	0xFF
SPI [1]	result	21.04470104	0.00000512	0x00	0xFF
SPI [1]	result	21.04470632	0.00000512	0x00	0xFF
SPI [1]	result	21.04471160	0.00000512	0x00	0xFF
SPI [1]	result	21.04510492	0.00000512	0x08	0xFF
SPI [1]	result	21.04511020	0.00000512	0x00	0xFF
SPI [1]	result	21.04511548	0.00000512	0x89	0xFF
SPI [1]	result	21.04512076	0.00000512	0xB8	0xFF
SPI [1]	result	21.08307193	0.00000512	0x00	0x00
SPI [1]	result	21.08307721	0.00000512	0x00	0x00
SPI [1]	result	21.08308249	0.00000512	0x08	0x04
SPI [1]	result	21.08308777	0.00000512	0x20	0x3F
SPI [1]	result	21.08351187	0.00000512	0x0A	0xFF
SPI [1]	result	21.08351715	0.00000512	0x10	0xFF
SPI [1]	result	21.08352243	0.00000512	0x80	0xFF
SPI [1]	result	21.08352771	0.00000512	0x32	0xFF
SPI [1]	result	21.08392165	0.00000512	0x00	0xFF
SPI [1]	result	21.08392693	0.00000512	0x00	0xFF
SPI [1]	result	21.08393221	0.00000512	0x00	0xFF
SPI [1]	result	21.08393749	0.00000512	0x00	0xFF
SPI [1]	result	21.08432895	0.00000512	0x08	0xFF
SPI [1]	result	21.08433423	0.00000512	0x00	0xFF
SPI [1]	result	21.08433951	0.00000512	0x88	0xFF
SPI [1]	result	21.08434479	0.00000512	0x32	0xFF
SPI [1]	result	21.12306221	0.00000512	0x00	0x00
SPI [1]	result	21.12306749	0.00000512	0x00	0x00
SPI [1]	result	21.12307277	0.00000512	0x08	0x00
SPI [1]	result	21.12307805	0.00000512	0x20	0x3F
SPI [1]	result	21.12347727	0.00000512	0x0B	0xFF
SPI [1]	result	21.12348255	0.00000512	0x10	0xFF
SPI [1]	result	21.12348783	0.00000512	0x80	0xFF
SPI [1]	result	21.12349311	0.00000512	0x3A	0xFF
SPI [1]	result	21.12388505	0.00000512	0x00	0xFF
SPI [1]	result	21.12389033	0.00000512	0x00	0xFF
SPI [1]	result	21.12389561	0.00000512	0x00	0xFF
SPI [1]	result	21.12390089	0.00000512	0x00	0xFF
SPI [1]	result	21.12429242	0.00000512	0x08	0xFF
SPI [1]	result	21.12429770	0.00000512	0x00	0xFF
SPI [1]	result	21.12430298	0.00000512	0x88	0xFF
SPI [1]	result	21.12430826	0.00000512	0x32	0xFF
SPI [1]	result	21.16306708	0.00000512	0x00	0x00
SPI [1]	result	21.16307236	0.00000512	0x00	0x00
SPI [1]	result	21.16307764	0.00000512	0x08	0x04
SPI [1]	result	21.16308292	0.00000512	0x20	0x3F
SPI [1]	result	21.16348930	0.00000512	0x0C	0xFF
SPI [1]	result	21.16349458	0.00000512	0x10	0xFF
SPI [1]	result	21.16349986	0.00000512	0x80	0xFF
SPI [1]	result	21.16350514	0.00000512	0x02	0xFF
SPI [1]	result	21.16389806	0.00000512	0x00	0xFF
SPI [1]	result	21.16390334	0.00000512	0x00	0xFF
SPI [1]	result	21.16390862	0.00000512	0x09	0xFF
SPI [1]	result	21.16391390	0.00000512	0xA6	0xFF
SPI [1]	result	21.16430573	0.00000512	0x0D	0xFF
SPI [1]	result	21.16431101	0.00000512	0x00	0xFF
SPI [1]	result	21.16431629	0.00000512	0x88	0xFF
SPI [1]	result	21.16432157	0.00000512	0x1A	0xFF
SPI [1]	result	21.16471430	0.00000512	0x00	0xFF
SPI [1]	result	21.16471958	0.00000512	0x00	0xFF
SPI [1]	result	21.16472486	0.00000512	0x00	0xFF
SPI [1]	result	21.16473014	0.00000512	0x00	0xFF
SPI [1]	result	21.16512199	0.00000512	0x08	0xFF
SPI [1]	result	21.16512727	0.00000512	0x00	0xFF
SPI [1]	result	21.16513255	0.00000512	0x89	0xFF
SPI [1]	result	21.16513783	0.00000512	0xB8	0xFF
SPI [1]	result	21.20306747	0.00000512	0x00	0x00
SPI [1]	result	21.20307275	0.00000512	0x00	0x00
SPI [1]	result	21.20307803	0.00000512	0x08	0x00
SPI [1]	result	21.20308331	0.00000512	0x20	0x3F
SPI [1]	result	21.20350009	0.00000512	0x0E	0xFF
SPI [1]	result	21.20350537	0.00000512	0x10	0xFF
SPI [1]	result	21.20351065	0.00000512	0x80	0xFF
SPI [1]	result	21.20351593	0.00000512	0x12	0xFF
SPI [1]	result	21.20390942	0.00000512	0x00	0xFF
SPI [1]	result	21.20391470	0.00000512	0x00	0xFF
SPI [1]	result	21.20391998	0.00000512	0x00	0xFF
SPI [1]	result	21.20392526	0.00000512	0x00	0xFF
SPI [1]	result	21.20431716	0.00000512	0x08	0xFF
SPI [1]	result	21.20432244	0.00000512	0x00	0xFF
SPI [1]	result	21.20432772	0.00000512	0x88	0xFF
SPI [1]	result	21.20433300	0.00000512	0x32	0xFF
SPI [1]	result	21.24306511	0.00000512	0x00	0x00
SPI [1]	result	21.24307039	0.00000512	0x00	0x00
SPI [1]	result	21.24307567	0.00000512	0x08	0x00
SPI [1]	result	21.24308095	0.00000512	0x20	0x3F
SPI [1]	result	21.24348647	0.00000512	0x0F	0xFF
SPI [1]	result	21.24349175	0.00000512	0x10	0xFF
SPI [1]	result	21.24349703	0.00000512	0x80	0xFF
SPI [1]	result	21.24350231	0.00000512	0x1A	0xFF
SPI [1]	result	21.24389543	0.00000512	0x00	0xFF
SPI [1]	result	21.24390071	0.00000512	0x00	0xFF
SPI [1]	result	21.24390599	0.00000512	0x00	0xFF
SPI [1]	result	21.24391127	0.00000512	0x00	0xFF
SPI [1]	result	21.24430438	0.00000512	0x08	0xFF
SPI [1]	result	21.24430966	0.00000512	0x00	0xFF
SPI [1]	result	21.24431494	0.00000512	0x88	0xFF
SPI [1]	result	21.24432022	0.00000512	0x32	0xFF
SPI [1]	result	21.28306792	0.00000512	0x00	0x00
SPI [1]	result	21.28307320	0.00000512	0x00	0x00
SPI [1]	result	21.28307848	0.00000512	0x08	0x00
SPI [1]	result	21.28308376	0.00000512	0x20	0x3F
SPI [1]	result	21.28348986	0.00000512	0x08	0xFF
SPI [1]	result	21.28349514	0.00000512	0x10	0xFF
SPI [1]	result	21.28350042	0.00000512	0x80	0xFF
SPI [1]	result	21.28350570	0.00000512	0x22	0xFF
SPI [1]	result	21.28389931	0.00000512	0x00	0xFF
SPI [1]	result	21.28390459	0.00000512	0x00	0xFF
SPI [1]	result	21.28390987	0.00000512	0x09	0xFF
SPI [1]	result	21.28391515	0.00000512	0xA6	0xFF
SPI [1]	result	21.28430716	0.00000512	0x09	0xFF
SPI [1]	result	21.28431244	0.00000512	0x00	0xFF
SPI [1]	result	21.28431772	0.00000512	0x88	0xFF
SPI [1]	result	21.28432300	0.00000512	0x3A	0xFF
SPI [1]	result	21.28471494	0.00000512	0x00	0xFF
SPI [1]	result	21.28472022	0.00000512	0x00	0xFF
SPI [1]	result	21.28472550	0.00000512	0x00	0xFF
SPI [1]	result	21.28473078	0.00000512	0x00	0xFF
SPI [1]	result	21.28512220	0.00000512	0x08	0xFF
SPI [1]	result	21.28512748	0.00000512	0x00	0xFF
SPI [1]	result	21.28513276	0.00000512	0x89	0xFF
SPI [1]	result	21.28513804	0.00000512	0xB8	0xFF
SPI [1]	result	21.32306130	0.00000512	0x00	0x00
SPI [1]	result	21.32306658	0.00000512	0x00	0x00
SPI [1]	result	21.32307186	0.00000512	0x08	0x02
SPI [1]	result	21.32307714	0.00000512	0x20	0x3F
SPI [1]	result	21.32347308	0.00000512	0x0A	0xFF
SPI [1]	result	21.32347836	0.00000512	0x10	0xFF
SPI [1]	result	21.32348364	0.00000512	0x80	0xFF
SPI [1]	result	21.32348892	0.00000512	0x32	0xFF
SPI [1]	result	21.32388089	0.00000512	0x00	0xFF
SPI [1]	result	21.32388617	0.00000512	0x00	0xFF
SPI [1]	result	21.32389145	0.00000512	0x00	0xFF
SPI [1]	result	21.32389673	0.00000512	0x00	0xFF
SPI [1]	result	21.32428932	0.00000512	0x08	0xFF
SPI [1]	result	21.32429460	0.00000512	0x00	0xFF
SPI [1]	result	21.32429988	0.00000512	0x88	0xFF
SPI [1]	result	21.32430516	0.00000512	0x32	0xFF
SPI [1]	result	21.36306660	0.00000512	0x00	0x00
SPI [1]	result	21.36307188	0.00000512	0x00	0x00
SPI [1]	result	21.36307716	0.00000512	0x08	0x04
SPI [1]	result	21.36308244	0.00000512	0x20	0x3F
SPI [1]	result	21.36349753	0.00000512	0x0B	0xFF
SPI [1]	result	21.36350281	0.00000512	0x10	0xFF
SPI [1]	result	21.36350809	0.00000512	0x80	0xFF
SPI [1]	result	21.36351337	0.00000512	0x3A	0xFF
SPI [1]	result	21.36390713	0.00000512	0x00	0xFF
SPI [1]	result	21.36391241	0.00000512	0x00	0xFF
SPI [1]	result	21.36391769	0.00000512	0x00	0xFF
SPI [1]	result	21.36392297	0.00000512	0x00	0xFF
SPI [1]	result	21.36431452	0.00000512	0x08	0xFF
SPI [1]	result	21.36431980	0.00000512	0x00	0xFF
SPI [1]	result	21.36432508	0.00000512	0x88	0xFF
SPI [1]	result	21.36433036	0.00000512	0x32	0xFF
SPI [1]	result	21.40306476	0.00000512	0x00	0x00
SPI [1]	result	21.40307004	0.00000512	0x00	0x00
SPI [1]	result	21.40307532	0.00000512	0x08	0x00
SPI [1]	result	21.40308060	0.00000512	0x20	0x3F
SPI [1]	result	21.40348376	0.00000512	0x0C	0xFF
SPI [1]	result	21.40348904	0.00000512	0x10	0xFF
SPI [1]	result	21.40349432	0.00000512	0x80	0xFF
SPI [1]	result	21.40349960	0.00000512	0x02	0xFF
SPI [1]	result	21.40389071	0.00000512	0x00	0xFF
SPI [1]	result	21.40389599	0.00000512	0x00	0xFF
SPI [1]	result	21.40390127	0.00000512	0x09	0xFF
SPI [1]	result	21.40390655	0.00000512	0xA6	0xFF
SPI [1]	result	21.40429873	0.00000512	0x0D	0xFF
SPI [1]	result	21.40430401	0.00000512	0x00	0xFF
SPI [1]	result	21.40430929	0.00000512	0x88	0xFF
SPI [1]	result	21.40431457	0.00000512	0x1A	0xFF
SPI [1]	result	21.40470610	0.00000512	0x00	0xFF
SPI [1]	result	21.40471138	0.00000512	0x00	0xFF
SPI [1]	result	21.40471666	0.00000512	0x00	0xFF
SPI [1]	result	21.40472194	0.00000512	0x00	0xFF
SPI [1]	result	21.40511520	0.00000512	0x08	0xFF
SPI [1]	result	21.40512048	0.00000512	0x00	0xFF
SPI [1]	result	21.40512576	0.00000512	0x89	0xFF
SPI [1]	result	21.40513104	0.00000512	0xB8	0xFF
SPI [1]	result	21.44306040	0.00000512	0x00	0x00
SPI [1]	result	21.44306568	0.00000512	0x00	0x00
SPI [1]	result	21.44307096	0.00000512	0x08	0x06
SPI [1]	result	21.44307624	0.00000512	0x20	0x3F
SPI [1]	result	21.44346935	0.00000512	0x0E	0xFF
SPI [1]	result	21.44347463	0.00000512	0x10	0xFF
SPI [1]	result	21.44347991	0.00000512	0x80	0xFF
SPI [1]	result	21.44348519	0.00000512	0x12	0xFF
SPI [1]	result	21.44387553	0.00000512	0x00	0xFF
SPI [1]	result	21.44388081	0.00000512	0x00	0xFF
SPI [1]	result	21.44388609	0.00000512	0x00	0xFF
SPI [1]	result	21.44389137	0.00000512	0x00	0xFF
SPI [1]	result	21.44428309	0.00000512	0x08	0xFF
SPI [1]	result	21.44428837	0.00000512	0x00	0xFF
SPI [1]	result	21.44429365	0.00000512	0x88	0xFF
SPI [1]	result	21.44429893	0.00000512	0x32	0xFF
SPI [1]	result	21.48306312	0.00000512	0x00	0x00
SPI [1]	result	21.48306840	0.00000512	0x00	0x00
SPI [1]	result	21.48307368	0.00000512	0x08	0x04
SPI [1]	result	21.48307896	0.00000512	0x20	0x3F
SPI [1]	result	21.48348232	0.00000512	0x0F	0xFF
SPI [1]	result	21.48348760	0.00000512	0x10	0xFF
SPI [1]	result	21.48349288	0.00000512	0x80	0xFF
SPI [1]	result	21.48349816	0.00000512	0x1A	0xFF
SPI [1]	result	21.48389088	0.00000512	0x00	0xFF
SPI [1]	result	21.48389616	0.00000512	0x00	0xFF
SPI [1]	result	21.48390144	0.00000512	0x00	0xFF
SPI [1]	result	21.48390672	0.00000512	0x00	0xFF
SPI [1]	result	21.48429658	0.00000512	0x08	0xFF
SPI [1]	result	21.48430186	0.00000512	0x00	0xFF
SPI [1]	result	21.48430714	0.00000512	0x88	0xFF
SPI [1]	result	21.48431242	0.00000512	0x32	0xFF
SPI [1]	result	21.52306151	0.00000512	0x00	0x00
SPI [1]	result	21.52306679	0.00000512	0x00	0x00
SPI [1]	result	21.52307207	0.00000512	0x08	0x00
SPI [1]	result	21.52307735	0.00000512	0x20	0x3F
SPI [1]	result	21.52347002	0.00000512	0x08	0xFF
SPI [1]	result	21.52347530	0.00000512	0x10	0xFF
SPI [1]	result	21.52348058	0.00000512	0x80	0xFF
SPI [1]	result	21.52348586	0.00000512	0x22	0xFF
SPI [1]	result	21.52387741	0.00000512	0x00	0xFF
SPI [1]	result	21.52388269	0.00000512	0x00	0xFF
SPI [1]	result	21.52388797	0.00000512	0x09	0xFF
SPI [1]	result	21.52389325	0.00000512	0xA6	0xFF
SPI [1]	result	21.52428418	0.00000512	0x09	0xFF
SPI [1]	result	21.52428946	0.00000512	0x00	0xFF
SPI [1]	result	21.52429474	0.00000512	0x88	0xFF
SPI [1]	result	21.52430002	0.00000512	0x3A	0xFF
SPI [1]	result	21.52468971	0.00000512	0x00	0xFF
SPI [1]	result	21.52469499	0.00000512	0x00	0xFF
SPI [1]	result	21.52470027	0.00000512	0x00	0xFF
SPI [1]	result	21.52470555	0.00000512	0x00	0xFF
SPI [1]	result	21.52509624	0.00000512	0x08	0xFF
SPI [1]	result	21.52510152	0.00000512	0x00	0xFF
SPI [1]	result	21.52510680	0.00000512	0x89	0xFF
SPI [1]	result	21.52511208	0.00000512	0xB8	0xFF
SPI [1]	result	21.56305989	0.00000512	0x00	0x00
SPI [1]	result	21.56306517	0.00000512	0x00	0x00
SPI [1]	result	21.56307045	0.00000512	0x08	0x06
SPI [1]	result	21.56307573	0.00000512	0x20	0x3F
SPI [1]	result	21.56347003	0.00000512	0x0A	0xFF
SPI [1]	result	21.56347531	0.00000512	0x10	0xFF
SPI [1]	result	21.56348059	0.00000512	0x80	0xFF
SPI [1]	result	21.56348587	0.00000512	0x32	0xFF
SPI [1]	result	21.56387910	0.00000512	0x00	0xFF
SPI [1]	result	21.56388438	0.00000512	0x00	0xFF
SPI [1]	result	21.56388966	0.00000512	0x00	0xFF
SPI [1]	result	21.56389494	0.00000512	0x00	0xFF
SPI [1]	result	21.56428512	0.00000512	0x08	0xFF
SPI [1]	result	21.56429040	0.00000512	0x00	0xFF
SPI [1]	result	21.56429568	0.00000512	0x88	0xFF
SPI [1]	result	21.56430096	0.00000512	0x32	0xFF
SPI [1]	result	21.60306505	0.00000512	0x00	0x00
SPI [1]	result	21.60307033	0.00000512	0x00	0x00
SPI [1]	result	21.60307561	0.00000512	0x08	0x00
SPI [1]	result	21.60308089	0.00000512	0x20	0x3F
SPI [1]	result	21.60348729	0.00000512	0x0B	0xFF
SPI [1]	result	21.60349257	0.00000512	0x10	0xFF
SPI [1]	result	21.60349785	0.00000512	0x80	0xFF
SPI [1]	result	21.60350313	0.00000512	0x3A	0xFF
SPI [1]	result	21.60389579	0.00000512	0x00	0xFF
SPI [1]	result	21.60390107	0.00000512	0x00	0xFF
SPI [1]	result	21.60390635	0.00000512	0x00	0xFF
SPI [1]	result	21.60391163	0.00000512	0x00	0xFF
SPI [1]	result	21.60430383	0.00000512	0x08	0xFF
SPI [1]	result	21.60430911	0.00000512	0x00	0xFF
SPI [1]	result	21.60431439	0.00000512	0x88	0xFF
SPI [1]	result	21.60431967	0.00000512	0x32	0xFF
SPI [1]	result	21.64306566	0.00000512	0x00	0x00
SPI [1]	result	21.64307094	0.00000512	0x00	0x00
SPI [1]	result	21.64307622	0.00000512	0x08	0x04
SPI [1]	result	21.64308150	0.00000512	0x20	0x3F
SPI [1]	result	21.64349036	0.00000512	0x0C	0xFF
SPI [1]	result	21.64349564	0.00000512	0x10	0xFF
SPI [1]	result	21.64350092	0.00000512	0x80	0xFF
SPI [1]	result	21.64350620	0.00000512	0x02	0xFF
SPI [1]	result	21.64389994	0.00000512	0x00	0xFF
SPI [1]	result	21.64390522	0.00000512	0x00	0xFF
SPI [1]	result	21.64391050	0.00000512	0x09	0xFF
SPI [1]	result	21.64391578	0.00000512	0xA6	0xFF
SPI [1]	result	21.64430740	0.00000512	0x0D	0xFF
SPI [1]	result	21.64431268	0.00000512	0x00	0xFF
SPI [1]	result	21.64431796	0.00000512	0x88	0xFF
SPI [1]	result	21.64432324	0.00000512	0x1A	0xFF
SPI [1]	result	21.64471505	0.00000512	0x00	0xFF
SPI [1]	result	21.64472033	0.00000512	0x00	0xFF
SPI [1]	result	21.64472561	0.00000512	0x00	0xFF
SPI [1]	result	21.64473089	0.00000512	0x00	0xFF
SPI [1]	result	21.64512283	0.00000512	0x08	0xFF
SPI [1]	result	21.64512811	0.00000512	0x00	0xFF
SPI [1]	result	21.64513339	0.00000512	0x89	0xFF
SPI [1]	result	21.64513867	0.00000512	0xB8	0xFF
SPI [1]	result	21.68306456	0.00000512	0x00	0x00
SPI [1]	result	21.68306984	0.00000512	0x00	0x00
SPI [1]	result	21.68307512	0.00000512	0x08	0x00
SPI [1]	result	21.68308040	0.00000512	0x20	0x3F
SPI [1]	result	21.68348598	0.00000512	0x0E	0xFF
SPI [1]	result	21.68349126	0.00000512	0x10	0xFF
SPI [1]	result	21.68349654	0.00000512	0x80	0xFF
SPI [1]	result	21.68350182	0.00000512	0x12	0xFF
SPI [1]	result	21.68389463	0.00000512	0x00	0xFF
SPI [1]	result	21.68389991	0.00000512	0x00	0xFF
SPI [1]	result	21.68390519	0.00000512	0x00	0xFF
SPI [1]	result	21.68391047	0.00000512	0x00	0xFF
SPI [1]	result	21.68430243	0.00000512	0x08	0xFF
SPI [1]	result	21.68430771	0.00000512	0x00	0xFF
SPI [1]	result	21.68431299	0.00000512	0x88	0xFF
SPI [1]	result	21.68431827	0.00000512	0x32	0xFF
SPI [1]	result	21.72306936	0.00000512	0x00	0x00
SPI [1]	result	21.72307464	0.00000512	0x00	0x00
SPI [1]	result	21.72307992	0.00000512	0x08	0x00
SPI [1]	result	21.72308520	0.00000512	0x20	0x3F
SPI [1]	result	21.72350283	0.00000512	0x0F	0xFF
SPI [1]	result	21.72350811	0.00000512	0x10	0xFF
SPI [1]	result	21.72351339	0.00000512	0x80	0xFF
SPI [1]	result	21.72351867	0.00000512	0x1A	0xFF
SPI [1]	result	21.72391066	0.00000512	0x00	0xFF
SPI [1]	result	21.72391594	0.00000512	0x00	0xFF
SPI [1]	result	21.72392122	0.00000512	0x00	0xFF
SPI [1]	result	21.72392650	0.00000512	0x00	0xFF
SPI [1]	result	21.72431835	0.00000512	0x08	0xFF
SPI [1]	result	21.72432363	0.00000512	0x00	0xFF
SPI [1]	result	21.72432891	0.00000512	0x88	0xFF
SPI [1]	result	21.72433419	0.00000512	0x32	0xFF
SPI [1]	result	21.76306982	0.00000512	0x00	0x00
SPI [1]	result	21.76307510	0.00000512	0x00	0x00
SPI [1]	result	21.76308038	0.00000512	0x08	0x00
SPI [1]	result	21.76308566	0.00000512	0x20	0x3F
SPI [1]	result	21.76350178	0.00000512	0x08	0xFF
SPI [1]	result	21.76350706	0.00000512	0x10	0xFF
SPI [1]	result	21.76351234	0.00000512	0x80	0xFF
SPI [1]	result	21.76351762	0.00000512	0x22	0xFF
SPI [1]	result	21.76391029	0.00000512	0x00	0xFF
SPI [1]	result	21.76391557	0.00000512	0x00	0xFF
SPI [1]	result	21.76392085	0.00000512	0x09	0xFF
SPI [1]	result	21.76392613	0.00000512	0xA6	0xFF
SPI [1]	result	21.76431629	0.00000512	0x09	0xFF
SPI [1]	result	21.76432157	0.00000512	0x00	0xFF
SPI [1]	result	21.76432685	0.00000512	0x88	0xFF
SPI [1]	result	21.76433213	0.00000512	0x3A	0xFF
SPI [1]	result	21.76472399	0.00000512	0x00	0xFF
SPI [1]	result	21.76472927	0.00000512	0x00	0xFF
SPI [1]	result	21.76473455	0.00000512	0x00	0xFF
SPI [1]	result	21.76473983	0.00000512	0x00	0xFF
SPI [1]	result	21.76513264	0.00000512	0x08	0xFF
SPI [1]	result	21.76513792	0.00000512	0x00	0xFF
SPI [1]	result	21.76514320	0.00000512	0x89	0xFF
SPI [1]	result	21.76514848	0.00000512	0xB8	0xFF
SPI [1]	result	21.80306465	0.00000512	0x00	0x00
SPI [1]	result	21.80306993	0.00000512	0x00	0x00
SPI [1]	result	21.80307521	0.00000512	0x08	0x00
SPI [1]	result	21.80308049	0.00000512	0x20	0x3F
SPI [1]	result	21.80348578	0.00000512	0x0A	0xFF
SPI [1]	result	21.80349106	0.00000512	0x10	0xFF
SPI [1]	result	21.80349634	0.00000512	0x80	0xFF
SPI [1]	result	21.80350162	0.00000512	0x32	0xFF
SPI [1]	result	21.80389306	0.00000512	0x00	0xFF
SPI [1]	result	21.80389834	0.00000512	0x00	0xFF
SPI [1]	result	21.80390362	0.00000512	0x00	0xFF
SPI [1]	result	21.80390890	0.00000512	0x00	0xFF
SPI [1]	result	21.80430150	0.00000512	0x08	0xFF
SPI [1]	result	21.80430678	0.00000512	0x00	0xFF
SPI [1]	result	21.80431206	0.00000512	0x88	0xFF
SPI [1]	result	21.80431734	0.00000512	0x32	0xFF
SPI [1]	result	21.84306495	0.00000512	0x00	0x00
SPI [1]	result	21.84307023	0.00000512	0x00	0x00
SPI [1]	result	21.84307551	0.00000512	0x08	0x04
SPI [1]	result	21.84308079	0.00000512	0x20	0x3F
SPI [1]	result	21.84349086	0.00000512	0x0B	0xFF
SPI [1]	result	21.84349614	0.00000512	0x10	0xFF
SPI [1]	result	21.84350142	0.00000512	0x80	0xFF
SPI [1]	result	21.84350670	0.00000512	0x3A	0xFF
SPI [1]	result	21.84389947	0.00000512	0x00	0xFF
SPI [1]	result	21.84390475	0.00000512	0x00	0xFF
SPI [1]	result	21.84391003	0.00000512	0x00	0xFF
SPI [1]	result	21.84391531	0.00000512	0x00	0xFF
SPI [1]	result	21.84430531	0.00000512	0x08	0xFF
SPI [1]	result	21.84431059	0.00000512	0x00	0xFF
SPI [1]	result	21.84431587	0.00000512	0x88	0xFF
SPI [1]	result	21.84432115	0.00000512	0x32	0xFF
SPI [1]	result	21.88306332	0.00000512	0x00	0x00
SPI [1]	result	21.88306860	0.00000512	0x00	0x00
SPI [1]	result	21.88307388	0.00000512	0x08	0x00
SPI [1]	result	21.88307916	0.00000512	0x20	0x3F
SPI [1]	result	21.88347680	0.00000512	0x0C	0xFF
SPI [1]	result	21.88348208	0.00000512	0x10	0xFF
SPI [1]	result	21.88348736	0.00000512	0x80	0xFF
SPI [1]	result	21.88349264	0.00000512	0x02	0xFF
SPI [1]	result	21.88388565	0.00000512	0x00	0xFF
SPI [1]	result	21.88389093	0.00000512	0x00	0xFF
SPI [1]	result	21.88389621	0.00000512	0x09	0xFF
SPI [1]	result	21.88390149	0.00000512	0xA6	0xFF
SPI [1]	result	21.88429330	0.00000512	0x0D	0xFF
SPI [1]	result	21.88429858	0.00000512	0x00	0xFF
SPI [1]	result	21.88430386	0.00000512	0x88	0xFF
SPI [1]	result	21.88430914	0.00000512	0x1A	0xFF
SPI [1]	result	21.88469869	0.00000512	0x00	0xFF
SPI [1]	result	21.88470397	0.00000512	0x00	0xFF
SPI [1]	result	21.88470925	0.00000512	0x00	0xFF
SPI [1]	result	21.88471453	0.00000512	0x00	0xFF
SPI [1]	result	21.88510647	0.00000512	0x08	0xFF
SPI [1]	result	21.88511175	0.00000512	0x00	0xFF
SPI [1]	result	21.88511703	0.00000512	0x89	0xFF
SPI [1]	result	21.88512231	0.00000512	0xB8	0xFF
SPI [1]	result	21.92307333	0.00000512	0x00	0x00
SPI [1]	result	21.92307861	0.00000512	0x00	0x00
SPI [1]	result	21.92308389	0.00000512	0x08	0x00
SPI [1]	result	21.92308917	0.00000512	0x20	0x3F
SPI [1]	result	21.92352203	0.00000512	0x0E	0xFF
SPI [1]	result	21.92352731	0.00000512	0x10	0xFF
SPI [1]	result	21.92353259	0.00000512	0x80	0xFF
SPI [1]	result	21.92353787	0.00000512	0x12	0xFF
SPI [1]	result	21.92392881	0.00000512	0x00	0xFF
SPI [1]	result	21.92393409	0.00000512	0x00	0xFF
SPI [1]	result	21.92393937	0.00000512	0x00	0xFF
SPI [1]	result	21.92394465	0.00000512	0x00	0xFF
SPI [1]	result	21.92433600	0.00000512	0x08	0xFF
SPI [1]	result	21.92434128	0.00000512	0x00	0xFF
SPI [1]	result	21.92434656	0.00000512	0x88	0xFF
SPI [1]	result	21.92435184	0.00000512	0x32	0xFF
SPI [1]	result	21.96307471	0.00000512	0x00	0x00
SPI [1]	result	21.96307999	0.00000512	0x00	0x00
SPI [1]	result	21.96308527	0.00000512	0x08	0x04
SPI [1]	result	21.96309055	0.00000512	0x20	0x3F
SPI [1]	result	21.96357768	0.00000512	0x0F	0xFF
SPI [1]	result	21.96358296	0.00000512	0x10	0xFF
SPI [1]	result	21.96358824	0.00000512	0x80	0xFF
SPI [1]	result	21.96359352	0.00000512	0x1A	0xFF
SPI [1]	result	21.96398992	0.00000512	0x00	0xFF
SPI [1]	result	21.96399520	0.00000512	0x00	0xFF
SPI [1]	result	21.96400048	0.00000512	0x00	0xFF
SPI [1]	result	21.96400576	0.00000512	0x00	0xFF
SPI [1]	result	21.96440586	0.00000512	0x08	0xFF
SPI [1]	result	21.96441114	0.00000512	0x00	0xFF
SPI [1]	result	21.96441642	0.00000512	0x88	0xFF
SPI [1]	result	21.96442170	0.00000512	0x32	0xFF
SPI [1]	result	22.00307539	0.00000512	0x00	0x00
SPI [1]	result	22.00308067	0.00000512	0x00	0x00
SPI [1]	result	22.00308595	0.00000512	0x08	0x00
SPI [1]	result	22.00309123	0.00000512	0x20	0x3F
SPI [1]	result	22.00352526	0.00000512	0x08	0xFF
SPI [1]	result	22.00353054	0.00000512	0x10	0xFF
SPI [1]	result	22.00353582	0.00000512	0x80	0xFF
SPI [1]	result	22.00354110	0.00000512	0x22	0xFF
SPI [1]	result	22.00393189	0.00000512	0x00	0xFF
SPI [1]	result	22.00393717	0.00000512	0x00	0xFF
SPI [1]	result	22.00394245	0.00000512	0x09	0xFF
SPI [1]	result	22.00394773	0.00000512	0xA6	0xFF
SPI [1]	result	22.00433982	0.00000512	0x09	0xFF
SPI [1]	result	22.00434510	0.00000512	0x00	0xFF
SPI [1]	result	22.00435038	0.00000512	0x88	0xFF
SPI [1]	result	22.00435566	0.00000512	0x3A	0xFF
SPI [1]	result	22.00474706	0.00000512	0x00	0xFF
SPI [1]	result	22.00475234	0.00000512	0x00	0xFF
SPI [1]	result	22.00475762	0.00000512	0x00	0xFF
SPI [1]	result	22.00476290	0.00000512	0x00	0xFF
SPI [1]	result	22.00515514	0.00000512	0x08	0xFF
SPI [1]	result	22.00516042	0.00000512	0x00	0xFF
SPI [1]	result	22.00516570	0.00000512	0x89	0xFF
SPI [1]	result	22.00517098	0.00000512	0xB8	0xFF
SPI [1]	result	22.04306085	0.00000512	0x00	0x00
SPI [1]	result	22.04306613	0.00000512	0x00	0x00
SPI [1]	result	22.04307141	0.00000512	0x08	0x04
SPI [1]	result	22.04307669	0.00000512	0x20	0x3F
SPI [1]	result	22.04347235	0.00000512	0x0A	0xFF
SPI [1]	result	22.04347763	0.00000512	0x10	0xFF
SPI [1]	result	22.04348291	0.00000512	0x80	0xFF
SPI [1]	result	22.04348819	0.00000512	0x32	0xFF
SPI [1]	result	22.04387807	0.00000512	0x00	0xFF
SPI [1]	result	22.04388335	0.00000512	0x00	0xFF
SPI [1]	result	22.04388863	0.00000512	0x00	0xFF
SPI [1]	result	22.04389391	0.00000512	0x00	0xFF
SPI [1]	result	22.04428513	0.00000512	0x08	0xFF
SPI [1]	result	22.04429041	0.00000512	0x00	0xFF
SPI [1]	result	22.04429569	0.00000512	0x88	0xFF
SPI [1]	result	22.04430097	0.00000512	0x32	0xFF
SPI [1]	result	22.08307219	0.00000512	0x00	0x00
SPI [1]	result	22.08307747	0.00000512	0x00	0x00
SPI [1]	result	22.08308275	0.00000512	0x08	0x00
SPI [1]	result	22.08308803	0.00000512	0x20	0x3F
SPI [1]	result	22.08351108	0.00000512	0x0B	0xFF
SPI [1]	result	22.08351636	0.00000512	0x10	0xFF
SPI [1]	result	22.08352164	0.00000512	0x80	0xFF
SPI [1]	result	22.08352692	0.00000512	0x3A	0xFF
SPI [1]	result	22.08392005	0.00000512	0x00	0xFF
SPI [1]	result	22.08392533	0.00000512	0x00	0xFF
SPI [1]	result	22.08393061	0.00000512	0x00	0xFF
SPI [1]	result	22.08393589	0.00000512	0x00	0xFF
SPI [1]	result	22.08433153	0.00000512	0x08	0xFF
SPI [1]	result	22.08433681	0.00000512	0x00	0xFF
SPI [1]	result	22.08434209	0.00000512	0x88	0xFF
SPI [1]	result	22.08434737	0.00000512	0x32	0xFF
SPI [1]	result	22.12307467	0.00000512	0x00	0x00
SPI [1]	result	22.12307995	0.00000512	0x00	0x00
SPI [1]	result	22.12308523	0.00000512	0x08	0x04
SPI [1]	result	22.12309051	0.00000512	0x20	0x3F
SPI [1]	result	22.12351709	0.00000512	0x0C	0xFF
SPI [1]	result	22.12352237	0.00000512	0x10	0xFF
SPI [1]	result	22.12352765	0.00000512	0x80	0xFF
SPI [1]	result	22.12353293	0.00000512	0x02	0xFF
SPI [1]	result	22.12392743	0.00000512	0x00	0xFF
SPI [1]	result	22.12393271	0.00000512	0x00	0xFF
SPI [1]	result	22.12393799	0.00000512	0x09	0xFF
SPI [1]	result	22.12394327	0.00000512	0xA6	0xFF
SPI [1]	result	22.12433580	0.00000512	0x0D	0xFF
SPI [1]	result	22.12434108	0.00000512	0x00	0xFF
SPI [1]	result	22.12434636	0.00000512	0x88	0xFF
SPI [1]	result	22.12435164	0.00000512	0x1A	0xFF
SPI [1]	result	22.12474397	0.00000512	0x00	0xFF
SPI [1]	result	22.12474925	0.00000512	0x00	0xFF
SPI [1]	result	22.12475453	0.00000512	0x00	0xFF
SPI [1]	result	22.12475981	0.00000512	0x00	0xFF
SPI [1]	result	22.12515162	0.00000512	0x08	0xFF
SPI [1]	result	22.12515690	0.00000512	0x00	0xFF
SPI [1]	result	22.12516218	0.00000512	0x89	0xFF
SPI [1]	result	22.12516746	0.00000512	0xB8	0xFF
SPI [1]	result	22.16306836	0.00000512	0x00	0x00
SPI [1]	result	22.16307364	0.00000512	0x00	0x00
SPI [1]	result	22.16307892	0.00000512	0x08	0x00
SPI [1]	result	22.16308420	0.00000512	0x20	0x3F
SPI [1]	result	22.16349368	0.00000512	0x0E	0xFF
SPI [1]	result	22.16349896	0.00000512	0x10	0xFF
SPI [1]	result	22.16350424	0.00000512	0x80	0xFF
SPI [1]	result	22.16350952	0.00000512	0x12	0xFF
SPI [1]	result	22.16390242	0.00000512	0x00	0xFF
SPI [1]	result	22.16390770	0.00000512	0x00	0xFF
SPI [1]	result	22.16391298	0.00000512	0x00	0xFF
SPI [1]	result	22.16391826	0.00000512	0x00	0xFF
SPI [1]	result	22.16431013	0.00000512	0x08	0xFF
SPI [1]	result	22.16431541	0.00000512	0x00	0xFF
SPI [1]	result	22.16432069	0.00000512	0x88	0xFF
SPI [1]	result	22.16432597	0.00000512	0x32	0xFF
SPI [1]	result	22.20306302	0.00000512	0x00	0x00
SPI [1]	result	22.20306830	0.00000512	0x00	0x00
SPI [1]	result	22.20307358	0.00000512	0x08	0x00
SPI [1]	result	22.20307886	0.00000512	0x20	0x3F
SPI [1]	result	22.20347738	0.00000512	0x0F	0xFF
SPI [1]	result	22.20348266	0.00000512	0x10	0xFF
SPI [1]	result	22.20348794	0.00000512	0x80	0xFF
SPI [1]	result	22.20349322	0.00000512	0x1A	0xFF
SPI [1]	result	22.20388540	0.00000512	0x00	0xFF
SPI [1]	result	22.20389068	0.00000512	0x00	0xFF
SPI [1]	result	22.20389596	0.00000512	0x00	0xFF
SPI [1]	result	22.20390124	0.00000512	0x00	0xFF
SPI [1]	result	22.20429282	0.00000512	0x08	0xFF
SPI [1]	result	22.20429810	0.00000512	0x00	0xFF
SPI [1]	result	22.20430338	0.00000512	0x88	0xFF
SPI [1]	result	22.20430866	0.00000512	0x32	0xFF
SPI [1]	result	22.24306587	0.00000512	0x00	0x00
SPI [1]	result	22.24307115	0.00000512	0x00	0x00
SPI [1]	result	22.24307643	0.00000512	0x08	0x04
SPI [1]	result	22.24308171	0.00000512	0x20	0x3F
SPI [1]	result	22.24348779	0.00000512	0x08	0xFF
SPI [1]	result	22.24349307	0.00000512	0x10	0xFF
SPI [1]	result	22.24349835	0.00000512	0x80	0xFF
SPI [1]	result	22.24350363	0.00000512	0x22	0xFF
SPI [1]	result	22.24389637	0.00000512	0x00	0xFF
SPI [1]	result	22.24390165	0.00000512	0x00	0xFF
SPI [1]	result	22.24390693	0.00000512	0x09	0xFF
SPI [1]	result	22.24391221	0.00000512	0xA6	0xFF
SPI [1]	result	22.24430394	0.00000512	0x09	0xFF
SPI [1]	result	22.24430922	0.00000512	0x00	0xFF
SPI [1]	result	22.24431450	0.00000512	0x88	0xFF
SPI [1]	result	22.24431978	0.00000512	0x3A	0xFF
SPI [1]	result	22.24470998	0.00000512	0x00	0xFF
SPI [1]	result	22.24471526	0.00000512	0x00	0xFF
SPI [1]	result	22.24472054	0.00000512	0x00	0xFF
SPI [1]	result	22.24472582	0.00000512	0x00	0xFF
SPI [1]	result	22.24511765	0.00000512	0x08	0xFF
SPI [1]	result	22.24512293	0.00000512	0x00	0xFF
SPI [1]	result	22.24512821	0.00000512	0x89	0xFF
SPI [1]	result	22.24513349	0.00000512	0xB8	0xFF
SPI [1]	result	22.28306277	0.00000512	0x00	0x00
SPI [1]	result	22.28306805	0.00000512	0x00	0x00
SPI [1]	result	22.28307333	0.00000512	0x08	0x00
SPI [1]	result	22.28307861	0.00000512	0x20	0x3F
SPI [1]	result	22.28347892	0.00000512	0x0A	0xFF
SPI [1]	result	22.28348420	0.00000512	0x10	0xFF
SPI [1]	result	22.28348948	0.00000512	0x80	0xFF
SPI [1]	result	22.28349476	0.00000512	0x32	0xFF
SPI [1]	result	22.28388703	0.00000512	0x00	0xFF
SPI [1]	result	22.28389231	0.00000512	0x00	0xFF
SPI [1]	result	22.28389759	0.00000512	0x00	0xFF
SPI [1]	result	22.28390287	0.00000512	0x00	0xFF
SPI [1]	result	22.28429270	0.00000512	0x08	0xFF
SPI [1]	result	22.28429798	0.00000512	0x00	0xFF
SPI [1]	result	22.28430326	0.00000512	0x88	0xFF
SPI [1]	result	22.28430854	0.00000512	0x32	0xFF
SPI [1]	result	22.32307317	0.00000512	0x00	0x00
SPI [1]	result	22.32307845	0.00000512	0x00	0x00
SPI [1]	result	22.32308373	0.00000512	0x08	0x00
SPI [1]	result	22.32308901	0.00000512	0x20	0x3F
SPI [1]	result	22.32357923	0.00000512	0x0B	0xFF
SPI [1]	result	22.32358451	0.00000512	0x10	0xFF
SPI [1]	result	22.32358979	0.00000512	0x80	0xFF
SPI [1]	result	22.32359507	0.00000512	0x3A	0xFF
SPI [1]	result	22.32399556	0.00000512	0x00	0xFF
SPI [1]	result	22.32400084	0.00000512	0x00	0xFF
SPI [1]	result	22.32400612	0.00000512	0x00	0xFF
SPI [1]	result	22.32401140	0.00000512	0x00	0xFF
SPI [1]	result	22.32440402	0.00000512	0x08	0xFF
SPI [1]	result	22.32440930	0.00000512	0x00	0xFF
SPI [1]	result	22.32441458	0.00000512	0x88	0xFF
SPI [1]	result	22.32441986	0.00000512	0x32	0xFF
SPI [1]	result	22.36307418	0.00000512	0x00	0x00
SPI [1]	result	22.36307946	0.00000512	0x00	0x00
SPI [1]	result	22.36308474	0.00000512	0x08	0x04
SPI [1]	result	22.36309002	0.00000512	0x20	0x3F
SPI [1]	result	22.36351259	0.00000512	0x0C	0xFF
SPI [1]	result	22.36351787	0.00000512	0x10	0xFF
SPI [1]	result	22.36352315	0.00000512	0x80	0xFF
SPI [1]	result	22.36352843	0.00000512	0x02	0xFF
SPI [1]	result	22.36392166	0.00000512	0x00	0xFF
SPI [1]	result	22.36392694	0.00000512	0x00	0xFF
SPI [1]	result	22.36393222	0.00000512	0x09	0xFF
SPI [1]	result	22.36393750	0.00000512	0xA6	0xFF
SPI [1]	result	22.36433072	0.00000512	0x0D	0xFF
SPI [1]	result	22.36433600	0.00000512	0x00	0xFF
SPI [1]	result	22.36434128	0.00000512	0x88	0xFF
SPI [1]	result	22.36434656	0.00000512	0x1A	0xFF
SPI [1]	result	22.36474224	0.00000512	0x00	0xFF
SPI [1]	result	22.36474752	0.00000512	0x00	0xFF
SPI [1]	result	22.36475280	0.00000512	0x00	0xFF
SPI [1]	result	22.36475808	0.00000512	0x00	0xFF
SPI [1]	result	22.36515826	0.00000512	0x08	0xFF
SPI [1]	result	22.36516354	0.00000512	0x00	0xFF
SPI [1]	result	22.36516882	0.00000512	0x89	0xFF
SPI [1]	result	22.36517410	0.00000512	0xB8	0xFF
SPI [1]	result	22.40307302	0.00000512	0x00	0x00
SPI [1]	result	22.40307830	0.00000512	0x00	0x00
SPI [1]	result	22.40308358	0.00000512	0x08	0x00
SPI [1]	result	22.40308886	0.00000512	0x20	0x3F
SPI [1]	result	22.40351745	0.00000512	0x0E	0xFF
SPI [1]	result	22.40352273	0.00000512	0x10	0xFF
SPI [1]	result	22.40352801	0.00000512	0x80	0xFF
SPI [1]	result	22.40353329	0.00000512	0x12	0xFF
SPI [1]	result	22.40392686	0.00000512	0x00	0xFF
SPI [1]	result	22.40393214	0.00000512	0x00	0xFF
SPI [1]	result	22.40393742	0.00000512	0x00	0xFF
SPI [1]	result	22.40394270	0.00000512	0x00	0xFF
SPI [1]	result	22.40433457	0.00000512	0x08	0xFF
SPI [1]	result	22.40433985	0.00000512	0x00	0xFF
SPI [1]	result	22.40434513	0.00000512	0x88	0xFF
SPI [1]	result	22.40435041	0.00000512	0x32	0xFF
SPI [1]	result	22.44306233	0.00000512	0x00	0x00
SPI [1]	result	22.44306761	0.00000512	0x00	0x00
SPI [1]	result	22.44307289	0.00000512	0x08	0x04
SPI [1]	result	22.44307817	0.00000512	0x20	0x3F
SPI [1]	result	22.44347657	0.00000512	0x0F	0xFF
SPI [1]	result	22.44348185	0.00000512	0x10	0xFF
SPI [1]	result	22.44348713	0.00000512	0x80	0xFF
SPI [1]	result	22.44349241	0.00000512	0x1A	0xFF
SPI [1]	result	22.44388572	0.00000512	0x00	0xFF
SPI [1]	result	22.44389100	0.00000512	0x00	0xFF
SPI [1]	result	22.44389628	0.00000512	0x00	0xFF
SPI [1]	result	22.44390156	0.00000512	0x00	0xFF
SPI [1]	result	22.44429376	0.00000512	0x08	0xFF
SPI [1]	result	22.44429904	0.00000512	0x00	0xFF
SPI [1]	result	22.44430432	0.00000512	0x88	0xFF
SPI [1]	result	22.44430960	0.00000512	0x32	0xFF
SPI [1]	result	22.48307320	0.00000512	0x00	0x00
SPI [1]	result	22.48307848	0.00000512	0x00	0x00
SPI [1]	result	22.48308376	0.00000512	0x08	0x00
SPI [1]	result	22.48308904	0.00000512	0x20	0x3F
SPI [1]	result	22.48351610	0.00000512	0x08	0xFF
SPI [1]	result	22.48352138	0.00000512	0x10	0xFF
SPI [1]	result	22.48352666	0.00000512	0x80	0xFF
SPI [1]	result	22.48353194	0.00000512	0x22	0xFF
SPI [1]	result	22.48392637	0.00000512	0x00	0xFF
SPI [1]	result	22.48393165	0.00000512	0x00	0xFF
SPI [1]	result	22.48393693	0.00000512	0x09	0xFF
SPI [1]	result	22.48394221	0.00000512	0xA6	0xFF
SPI [1]	result	22.48433422	0.00000512	0x09	0xFF
SPI [1]	result	22.48433950	0.00000512	0x00	0xFF
SPI [1]	result	22.48434478	0.00000512	0x88	0xFF
SPI [1]	result	22.48435006	0.00000512	0x3A	0xFF
SPI [1]	result	22.48474181	0.00000512	0x00	0xFF
SPI [1]	result	22.48474709	0.00000512	0x00	0xFF
SPI [1]	result	22.48475237	0.00000512	0x00	0xFF
SPI [1]	result	22.48475765	0.00000512	0x00	0xFF
SPI [1]	result	22.48514970	0.00000512	0x08	0xFF
SPI [1]	result	22.48515498	0.00000512	0x00	0xFF
SPI [1]	result	22.48516026	0.00000512	0x89	0xFF
SPI [1]	result	22.48516554	0.00000512	0xB8	0xFF
SPI [1]	result	22.52306128	0.00000512	0x00	0x00
SPI [1]	result	22.52306656	0.00000512	0x00	0x00
SPI [1]	result	22.52307184	0.00000512	0x08	0x00
SPI [1]	result	22.52307712	0.00000512	0x20	0x3F
SPI [1]	result	22.52347102	0.00000512	0x0A	0xFF
SPI [1]	result	22.52347630	0.00000512	0x10	0xFF
SPI [1]	result	22.52348158	0.00000512	0x80	0xFF
SPI [1]	result	22.52348686	0.00000512	0x32	0xFF
SPI [1]	result	22.52387908	0.00000512	0x00	0xFF
SPI [1]	result	22.52388436	0.00000512	0x00	0xFF
SPI [1]	result	22.52388964	0.00000512	0x00	0xFF
SPI [1]	result	22.52389492	0.00000512	0x00	0xFF
SPI [1]	result	22.52428660	0.00000512	0x08	0xFF
SPI [1]	result	22.52429188	0.00000512	0x00	0xFF
SPI [1]	result	22.52429716	0.00000512	0x88	0xFF
SPI [1]	result	22.52430244	0.00000512	0x32	0xFF
SPI [1]	result	22.56306664	0.00000512	0x00	0x00
SPI [1]	result	22.56307192	0.00000512	0x00	0x00
SPI [1]	result	22.56307720	0.00000512	0x08	0x04
SPI [1]	result	22.56308248	0.00000512	0x20	0x3F
SPI [1]	result	22.56348807	0.00000512	0x0B	0xFF
SPI [1]	result	22.56349335	0.00000512	0x10	0xFF
SPI [1]	result	22.56349863	0.00000512	0x80	0xFF
SPI [1]	result	22.56350391	0.00000512	0x3A	0xFF
SPI [1]	result	22.56389724	0.00000512	0x00	0xFF
SPI [1]	result	22.56390252	0.00000512	0x00	0xFF
SPI [1]	result	22.56390780	0.00000512	0x00	0xFF
SPI [1]	result	22.56391308	0.00000512	0x00	0xFF
SPI [1]	result	22.56430293	0.00000512	0x08	0xFF
SPI [1]	result	22.56430821	0.00000512	0x00	0xFF
SPI [1]	result	22.56431349	0.00000512	0x88	0xFF
SPI [1]	result	22.56431877	0.00000512	0x32	0xFF
SPI [1]	result	22.60306534	0.00000512	0x00	0x00
SPI [1]	result	22.60307062	0.00000512	0x00	0x00
SPI [1]	result	22.60307590	0.00000512	0x08	0x00
SPI [1]	result	22.60308118	0.00000512	0x20	0x3F
SPI [1]	result	22.60348657	0.00000512	0x0C	0xFF
SPI [1]	result	22.60349185	0.00000512	0x10	0xFF
SPI [1]	result	22.60349713	0.00000512	0x80	0xFF
SPI [1]	result	22.60350241	0.00000512	0x02	0xFF
SPI [1]	result	22.60389427	0.00000512	0x00	0xFF
SPI [1]	result	22.60389955	0.00000512	0x00	0xFF
SPI [1]	result	22.60390483	0.00000512	0x09	0xFF
SPI [1]	result	22.60391011	0.00000512	0xA6	0xFF
SPI [1]	result	22.60430286	0.00000512	0x0D	0xFF
SPI [1]	result	22.60430814	0.00000512	0x00	0xFF
SPI [1]	result	22.60431342	0.00000512	0x88	0xFF
SPI [1]	result	22.60431870	0.00000512	0x1A	0xFF
SPI [1]	result	22.60470859	0.00000512	0x00	0xFF
SPI [1]	result	22.60471387	0.00000512	0x00	0xFF
SPI [1]	result	22.60471915	0.00000512	0x00	0xFF
SPI [1]	result	22.60472443	0.00000512	0x00	0xFF
SPI [1]	result	22.60511585	0.00000512	0x08	0xFF
SPI [1]	result	22.60512113	0.00000512	0x00	0xFF
SPI [1]	result	22.60512641	0.00000512	0x89	0xFF
SPI [1]	result	22.60513169	0.00000512	0xB8	0xFF
SPI [1]	result	22.64306341	0.00000512	0x00	0x00
SPI [1]	result	22.64306869	0.00000512	0x00	0x00
SPI [1]	result	22.64307397	0.00000512	0x08	0x04
SPI [1]	result	22.64307925	0.00000512	0x20	0x3F
SPI [1]	result	22.64348193	0.00000512	0x0E	0xFF
SPI [1]	result	22.64348721	0.00000512	0x10	0xFF
SPI [1]	result	22.64349249	0.00000512	0x80	0xFF
SPI [1]	result	22.64349777	0.00000512	0x12	0xFF
SPI [1]	result	22.64389019	0.00000512	0x00	0xFF
SPI [1]	result	22.64389547	0.00000512	0x00	0xFF
SPI [1]	result	22.64390075	0.00000512	0x00	0xFF
SPI [1]	result	22.64390603	0.00000512	0x00	0xFF
SPI [1]	result	22.64429593	0.00000512	0x08	0xFF
SPI [1]	result	22.64430121	0.00000512	0x00	0xFF
SPI [1]	result	22.64430649	0.00000512	0x88	0xFF
SPI [1]	result	22.64431177	0.00000512	0x32	0xFF
SPI [1]	result	22.68307063	0.00000512	0x00	0x00
SPI [1]	result	22.68307591	0.00000512	0x00	0x00
SPI [1]	result	22.68308119	0.00000512	0x08	0x00
SPI [1]	result	22.68308647	0.00000512	0x20	0x3F
SPI [1]	result	22.68350076	0.00000512	0x0F	0xFF
SPI [1]	result	22.68350604	0.00000512	0x10	0xFF
SPI [1]	result	22.68351132	0.00000512	0x80	0xFF
SPI [1]	result	22.68351660	0.00000512	0x1A	0xFF
SPI [1]	result	22.68395824	0.00000512	0x00	0xFF
SPI [1]	result	22.68396352	0.00000512	0x00	0xFF
SPI [1]	result	22.68396880	0.00000512	0x00	0xFF
SPI [1]	result	22.68397408	0.00000512	0x00	0xFF
SPI [1]	result	22.68436978	0.00000512	0x08	0xFF
SPI [1]	result	22.68437506	0.00000512	0x00	0xFF
SPI [1]	result	22.68438034	0.00000512	0x88	0xFF
SPI [1]	result	22.68438562	0.00000512	0x32	0xFF
SPI [1]	result	22.72307718	0.00000512	0x00	0x00
SPI [1]	result	22.72308246	0.00000512	0x00	0x00
SPI [1]	result	22.72308774	0.00000512	0x08	0x00
SPI [1]	result	22.72309302	0.00000512	0x20	0x3F
SPI [1]	result	22.72352420	0.00000512	0x08	0xFF
SPI [1]	result	22.72352948	0.00000512	0x10	0xFF
SPI [1]	result	22.72353476	0.00000512	0x80	0xFF
SPI [1]	result	22.72354004	0.00000512	0x22	0xFF
SPI [1]	result	22.72393396	0.00000512	0x00	0xFF
SPI [1]	result	22.72393924	0.00000512	0x00	0xFF
SPI [1]	result	22.72394452	0.00000512	0x09	0xFF
SPI [1]	result	22.72394980	0.00000512	0xA6	0xFF
SPI [1]	result	22.72434142	0.00000512	0x09	0xFF
SPI [1]	result	22.72434670	0.00000512	0x00	0xFF
SPI [1]	result	22.72435198	0.00000512	0x88	0xFF
SPI [1]	result	22.72435726	0.00000512	0x3A	0xFF
SPI [1]	result	22.72474913	0.00000512	0x00	0xFF
SPI [1]	result	22.72475441	0.00000512	0x00	0xFF
SPI [1]	result	22.72475969	0.00000512	0x00	0xFF
SPI [1]	result	22.72476497	0.00000512	0x00	0xFF
SPI [1]	result	22.72515659	0.00000512	0x08	0xFF
SPI [1]	result	22.72516187	0.00000512	0x00	0xFF
SPI [1]	result	22.72516715	0.00000512	0x89	0xFF
SPI [1]	result	22.72517243	0.00000512	0xB8	0xFF
SPI [1]	result	22.76307408	0.00000512	0x00	0x00
SPI [1]	result	22.76307936	0.00000512	0x00	0x00
SPI [1]	result	22.76308464	0.00000512	0x08	0x04
SPI [1]	result	22.76308992	0.00000512	0x20	0x3F
SPI [1]	result	22.76352338	0.00000512	0x0A	0xFF
SPI [1]	result	22.76352866	0.00000512	0x10	0xFF
SPI [1]	result	22.76353394	0.00000512	0x80	0xFF
SPI [1]	result	22.76353922	0.00000512	0x32	0xFF
SPI [1]	result	22.76393631	0.00000512	0x00	0xFF
SPI [1]	result	22.76394159	0.00000512	0x00	0xFF
SPI [1]	result	22.76394687	0.00000512	0x00	0xFF
SPI [1]	result	22.76395215	0.00000512	0x00	0xFF
SPI [1]	result	22.76434964	0.00000512	0x08	0xFF
SPI [1]	result	22.76435492	0.00000512	0x00	0xFF
SPI [1]	result	22.76436020	0.00000512	0x88	0xFF
SPI [1]	result	22.76436548	0.00000512	0x32	0xFF
SPI [1]	result	22.80307204	0.00000512	0x00	0x00
SPI [1]	result	22.80307732	0.00000512	0x00	0x00
SPI [1]	result	22.80308260	0.00000512	0x08	0x00
SPI [1]	result	22.80308788	0.00000512	0x20	0x3F
SPI [1]	result	22.80351626	0.00000512	0x0B	0xFF
SPI [1]	result	22.80352154	0.00000512	0x10	0xFF
SPI [1]	result	22.80352682	0.00000512	0x80	0xFF
SPI [1]	result	22.80353210	0.00000512	0x3A	0xFF
SPI [1]	result	22.80392547	0.00000512	0x00	0xFF
SPI [1]	result	22.80393075	0.00000512	0x00	0xFF
SPI [1]	result	22.80393603	0.00000512	0x00	0xFF
SPI [1]	result	22.80394131	0.00000512	0x00	0xFF
SPI [1]	result	22.80433277	0.00000512	0x08	0xFF
SPI [1]	result	22.80433805	0.00000512	0x00	0xFF
SPI [1]	result	22.80434333	0.00000512	0x88	0xFF
SPI [1]	result	22.80434861	0.00000512	0x32	0xFF
SPI [1]	result	22.84307366	0.00000512	0x00	0x00
SPI [1]	result	22.84307894	0.00000512	0x00	0x00
SPI [1]	result	22.84308422	0.00000512	0x08	0x04
SPI [1]	result	22.84308950	0.00000512	0x20	0x3F
SPI [1]	result	22.84351616	0.00000512	0x0C	0xFF
SPI [1]	result	22.84352144	0.00000512	0x10	0xFF
SPI [1]	result	22.84352672	0.00000512	0x80	0xFF
SPI [1]	result	22.84353200	0.00000512	0x02	0xFF
SPI [1]	result	22.84392331	0.00000512	0x00	0xFF
SPI [1]	result	22.84392859	0.00000512	0x00	0xFF
SPI [1]	result	22.84393387	0.00000512	0x09	0xFF
SPI [1]	result	22.84393915	0.00000512	0xA6	0xFF
SPI [1]	result	22.84433248	0.00000512	0x0D	0xFF
SPI [1]	result	22.84433776	0.00000512	0x00	0xFF
SPI [1]	result	22.84434304	0.00000512	0x88	0xFF
SPI [1]	result	22.84434832	0.00000512	0x1A	0xFF
SPI [1]	result	22.84474004	0.00000512	0x00	0xFF
SPI [1]	result	22.84474532	0.00000512	0x00	0xFF
SPI [1]	result	22.84475060	0.00000512	0x00	0xFF
SPI [1]	result	22.84475588	0.00000512	0x00	0xFF
SPI [1]	result	22.84514771	0.00000512	0x08	0xFF
SPI [1]	result	22.84515299	0.00000512	0x00	0xFF
SPI [1]	result	22.84515827	0.00000512	0x89	0xFF
SPI [1]	result	22.84516355	0.00000512	0xB8	0xFF
SPI [1]	result	22.88306234	0.00000512	0x00	0x00
SPI [1]	result	22.88306762	0.00000512	0x00	0x00
SPI [1]	result	22.88307290	0.00000512	0x08	0x00
SPI [1]	result	22.88307818	0.00000512	0x20	0x3F
SPI [1]	result	22.88347449	0.00000512	0x0E	0xFF
SPI [1]	result	22.88347977	0.00000512	0x10	0xFF
SPI [1]	result	22.88348505	0.00000512	0x80	0xFF
SPI [1]	result	22.88349033	0.00000512	0x12	0xFF
SPI [1]	result	22.88388259	0.00000512	0x00	0xFF
SPI [1]	result	22.88388787	0.00000512	0x00	0xFF
SPI [1]	result	22.88389315	0.00000512	0x00	0xFF
SPI [1]	result	22.88389843	0.00000512	0x00	0xFF
SPI [1]	result	22.88429092	0.00000512	0x08	0xFF
SPI [1]	result	22.88429620	0.00000512	0x00	0xFF
SPI [1]	result	22.88430148	0.00000512	0x88	0xFF
SPI [1]	result	22.88430676	0.00000512	0x32	0xFF
SPI [1]	result	22.92306106	0.00000512	0x00	0x00
SPI [1]	result	22.92306634	0.00000512	0x00	0x00
SPI [1]	result	22.92307162	0.00000512	0x08	0x00
SPI [1]	result	22.92307690	0.00000512	0x20	0x3F
SPI [1]	result	22.92347038	0.00000512	0x0F	0xFF
SPI [1]	result	22.92347566	0.00000512	0x10	0xFF
SPI [1]	result	22.92348094	0.00000512	0x80	0xFF
SPI [1]	result	22.92348622	0.00000512	0x1A	0xFF
SPI [1]	result	22.92387847	0.00000512	0x00	0xFF
SPI [1]	result	22.92388375	0.00000512	0x00	0xFF
SPI [1]	result	22.92388903	0.00000512	0x00	0xFF
SPI [1]	result	22.92389431	0.00000512	0x00	0xFF
SPI [1]	result	22.92428592	0.00000512	0x08	0xFF
SPI [1]	result	22.92429120	0.00000512	0x00	0xFF
SPI [1]	result	22.92429648	0.00000512	0x88	0xFF
SPI [1]	result	22.92430176	0.00000512	0x32	0xFF
SPI [1]	result	22.96308006	0.00000512	0x00	0x00
SPI [1]	result	22.96308534	0.00000512	0x00	0x00
SPI [1]	result	22.96309062	0.00000512	0x08	0x04
SPI [1]	result	22.96309590	0.00000512	0x20	0x3F
SPI [1]	result	22.96353054	0.00000512	0x08	0xFF
SPI [1]	result	22.96353582	0.00000512	0x10	0xFF
SPI [1]	result	22.96354110	0.00000512	0x80	0xFF
SPI [1]	result	22.96354638	0.00000512	0x22	0xFF
SPI [1]	result	22.96394456	0.00000512	0x00	0xFF
SPI [1]	result	22.96394984	0.00000512	0x00	0xFF
SPI [1]	result	22.96395512	0.00000512	0x09	0xFF
SPI [1]	result	22.96396040	0.00000512	0xA6	0xFF
SPI [1]	result	22.96435391	0.00000512	0x09	0xFF
SPI [1]	result	22.96435919	0.00000512	0x00	0xFF
SPI [1]	result	22.96436447	0.00000512	0x88	0xFF
SPI [1]	result	22.96436975	0.00000512	0x3A	0xFF
SPI [1]	result	22.96476141	0.00000512	0x00	0xFF
SPI [1]	result	22.96476669	0.00000512	0x00	0xFF
SPI [1]	result	22.96477197	0.00000512	0x00	0xFF
SPI [1]	result	22.96477725	0.00000512	0x00	0xFF
SPI [1]	result	22.96516899	0.00000512	0x08	0xFF
SPI [1]	result	22.96517427	0.00000512	0x00	0xFF
SPI [1]	result	22.96517955	0.00000512	0x89	0xFF
SPI [1]	result	22.96518483	0.00000512	0xB8	0xFF
SPI [1]	result	23.00306885	0.00000512	0x00	0x00
SPI [1]	result	23.00307413	0.00000512	0x00	0x00
SPI [1]	result	23.00307941	0.00000512	0x08	0x00
SPI [1]	result	23.00308469	0.00000512	0x20	0x3F
SPI [1]	result	23.00349779	0.00000512	0x0A	0xFF
SPI [1]	result	23.00350307	0.00000512	0x10	0xFF
SPI [1]	result	23.00350835	0.00000512	0x80	0xFF
SPI [1]	result	23.00351363	0.00000512	0x32	0xFF
SPI [1]	result	23.00390637	0.00000512	0x00	0xFF
SPI [1]	result	23.00391165	0.00000512	0x00	0xFF
SPI [1]	result	23.00391693	0.00000512	0x00	0xFF
SPI [1]	result	23.00392221	0.00000512	0x00	0xFF
SPI [1]	result	23.00431378	0.00000512	0x08	0xFF
SPI [1]	result	23.00431906	0.00000512	0x00	0xFF
SPI [1]	result	23.00432434	0.00000512	0x88	0xFF
SPI [1]	result	23.00432962	0.00000512	0x32	0xFF
SPI [1]	result	23.04308256	0.00000512	0x00	0x00
SPI [1]	result	23.04308784	0.00000512	0x00	0x00
SPI [1]	result	23.04309312	0.00000512	0x08	0x04
SPI [1]	result	23.04309840	0.00000512	0x20	0x3F
SPI [1]	result	23.04355436	0.00000512	0x0B	0xFF
SPI [1]	result	23.04355964	0.00000512	0x10	0xFF
SPI [1]	result	23.04356492	0.00000512	0x80	0xFF
SPI [1]	result	23.04357020	0.00000512	0x3A	0xFF
SPI [1]	result	23.04402305	0.00000512	0x00	0xFF
SPI [1]	result	23.04402833	0.00000512	0x00	0xFF
SPI [1]	result	23.04403361	0.00000512	0x00	0xFF
SPI [1]	result	23.04403889	0.00000512	0x00	0xFF
SPI [1]	result	23.04443507	0.00000512	0x08	0xFF
SPI [1]	result	23.04444035	0.00000512	0x00	0xFF
SPI [1]	result	23.04444563	0.00000512	0x88	0xFF
SPI [1]	result	23.04445091	0.00000512	0x32	0xFF
SPI [1]	result	23.08307682	0.00000512	0x00	0x00
SPI [1]	result	23.08308210	0.00000512	0x00	0x00
SPI [1]	result	23.08308738	0.00000512	0x08	0x00
SPI [1]	result	23.08309266	0.00000512	0x20	0x3F
SPI [1]	result	23.08352663	0.00000512	0x0C	0xFF
SPI [1]	result	23.08353191	0.00000512	0x10	0xFF
SPI [1]	result	23.08353719	0.00000512	0x80	0xFF
SPI [1]	result	23.08354247	0.00000512	0x02	0xFF
SPI [1]	result	23.08393832	0.00000512	0x00	0xFF
SPI [1]	result	23.08394360	0.00000512	0x00	0xFF
SPI [1]	result	23.08394888	0.00000512	0x09	0xFF
SPI [1]	result	23.08395416	0.00000512	0xA6	0xFF
SPI [1]	result	23.08434612	0.00000512	0x0D	0xFF
SPI [1]	result	23.08435140	0.00000512	0x00	0xFF
SPI [1]	result	23.08435668	0.00000512	0x88	0xFF
SPI [1]	result	23.08436196	0.00000512	0x1A	0xFF
SPI [1]	result	23.08475407	0.00000512	0x00	0xFF
SPI [1]	result	23.08475935	0.00000512	0x00	0xFF
SPI [1]	result	23.08476463	0.00000512	0x00	0xFF
SPI [1]	result	23.08476991	0.00000512	0x00	0xFF
SPI [1]	result	23.08516151	0.00000512	0x08	0xFF
SPI [1]	result	23.08516679	0.00000512	0x00	0xFF
SPI [1]	result	23.08517207	0.00000512	0x89	0xFF
SPI [1]	result	23.08517735	0.00000512	0xB8	0xFF
SPI [1]	result	23.12307437	0.00000512	0x00	0x00
SPI [1]	result	23.12307965	0.00000512	0x00	0x00
SPI [1]	result	23.12308493	0.00000512	0x08	0x04
SPI [1]	result	23.12309021	0.00000512	0x20	0x3F
SPI [1]	result	23.12351822	0.00000512	0x0E	0xFF
SPI [1]	result	23.12352350	0.00000512	0x10	0xFF
SPI [1]	result	23.12352878	0.00000512	0x80	0xFF
SPI [1]	result	23.12353406	0.00000512	0x12	0xFF
SPI [1]	result	23.12392811	0.00000512	0x00	0xFF
SPI [1]	result	23.12393339	0.00000512	0x00	0xFF
SPI [1]	result	23.12393867	0.00000512	0x00	0xFF
SPI [1]	result	23.12394395	0.00000512	0x00	0xFF
SPI [1]	result	23.12433599	0.00000512	0x08	0xFF
SPI [1]	result	23.12434127	0.00000512	0x00	0xFF
SPI [1]	result	23.12434655	0.00000512	0x88	0xFF
SPI [1]	result	23.12435183	0.00000512	0x32	0xFF
SPI [1]	result	23.16307481	0.00000512	0x00	0x00
SPI [1]	result	23.16308009	0.00000512	0x00	0x00
SPI [1]	result	23.16308537	0.00000512	0x08	0x00
SPI [1]	result	23.16309065	0.00000512	0x20	0x3F
SPI [1]	result	23.16352427	0.00000512	0x0F	0xFF
SPI [1]	result	23.16352955	0.00000512	0x10	0xFF
SPI [1]	result	23.16353483	0.00000512	0x80	0xFF
SPI [1]	result	23.16354011	0.00000512	0x1A	0xFF
SPI [1]	result	23.16393309	0.00000512	0x00	0xFF
SPI [1]	result	23.16393837	0.00000512	0x00	0xFF
SPI [1]	result	23.16394365	0.00000512	0x00	0xFF
SPI [1]	result	23.16394893	0.00000512	0x00	0xFF
SPI [1]	result	23.16434094	0.00000512	0x08	0xFF
SPI [1]	result	23.16434622	0.00000512	0x00	0xFF
SPI [1]	result	23.16435150	0.00000512	0x88	0xFF
SPI [1]	result	23.16435678	0.00000512	0x32	0xFF
SPI [1]	result	23.20307440	0.00000512	0x00	0x00
SPI [1]	result	23.20307968	0.00000512	0x00	0x00
SPI [1]	result	23.20308496	0.00000512	0x08	0x00
SPI [1]	result	23.20309024	0.00000512	0x20	0x3F
SPI [1]	result	23.20351331	0.00000512	0x08	0xFF
SPI [1]	result	23.20351859	0.00000512	0x10	0xFF
SPI [1]	result	23.20352387	0.00000512	0x80	0xFF
SPI [1]	result	23.20352915	0.00000512	0x22	0xFF
SPI [1]	result	23.20392247	0.00000512	0x00	0xFF
SPI [1]	result	23.20392775	0.00000512	0x00	0xFF
SPI [1]	result	23.20393303	0.00000512	0x09	0xFF
SPI [1]	result	23.20393831	0.00000512	0xA6	0xFF
SPI [1]	result	23.20433253	0.00000512	0x09	0xFF
SPI [1]	result	23.20433781	0.00000512	0x00	0xFF
SPI [1]	result	23.20434309	0.00000512	0x88	0xFF
SPI [1]	result	23.20434837	0.00000512	0x3A	0xFF
SPI [1]	result	23.20474042	0.00000512	0x00	0xFF
SPI [1]	result	23.20474570	0.00000512	0x00	0xFF
SPI [1]	result	23.20475098	0.00000512	0x00	0xFF
SPI [1]	result	23.20475626	0.00000512	0x00	0xFF
SPI [1]	result	23.20514855	0.00000512	0x08	0xFF
SPI [1]	result	23.20515383	0.00000512	0x00	0xFF
SPI [1]	result	23.20515911	0.00000512	0x89	0xFF
SPI [1]	result	23.20516439	0.00000512	0xB8	0xFF
SPI [1]	result	23.24306333	0.00000512	0x00	0x00
SPI [1]	result	23.24306861	0.00000512	0x00	0x00
SPI [1]	result	23.24307389	0.00000512	0x08	0x06
SPI [1]	result	23.24307917	0.00000512	0x20	0x3F
SPI [1]	result	23.24348310	0.00000512	0x0A	0xFF
SPI [1]	result	23.24348838	0.00000512	0x10	0xFF
SPI [1]	result	23.24349366	0.00000512	0x80	0xFF
SPI [1]	result	23.24349894	0.00000512	0x32	0xFF
SPI [1]	result	23.24389186	0.00000512	0x00	0xFF
SPI [1]	result	23.24389714	0.00000512	0x00	0xFF
SPI [1]	result	23.24390242	0.00000512	0x00	0xFF
SPI [1]	result	23.24390770	0.00000512	0x00	0xFF
SPI [1]	result	23.24429986	0.00000512	0x08	0xFF
SPI [1]	result	23.24430514	0.00000512	0x00	0xFF
SPI [1]	result	23.24431042	0.00000512	0x88	0xFF
SPI [1]	result	23.24431570	0.00000512	0x32	0xFF
SPI [1]	result	23.28306024	0.00000512	0x00	0x00
SPI [1]	result	23.28306552	0.00000512	0x00	0x00
SPI [1]	result	23.28307080	0.00000512	0x08	0x00
SPI [1]	result	23.28307608	0.00000512	0x20	0x3F
SPI [1]	result	23.28346979	0.00000512	0x0B	0xFF
SPI [1]	result	23.28347507	0.00000512	0x10	0xFF
SPI [1]	result	23.28348035	0.00000512	0x80	0xFF
SPI [1]	result	23.28348563	0.00000512	0x3A	0xFF
SPI [1]	result	23.28387857	0.00000512	0x00	0xFF
SPI [1]	result	23.28388385	0.00000512	0x00	0xFF
SPI [1]	result	23.28388913	0.00000512	0x00	0xFF
SPI [1]	result	23.28389441	0.00000512	0x00	0xFF
SPI [1]	result	23.28428669	0.00000512	0x08	0xFF
SPI [1]	result	23.28429197	0.00000512	0x00	0xFF
SPI [1]	result	23.28429725	0.00000512	0x88	0xFF
SPI [1]	result	23.28430253	0.00000512	0x32	0xFF
SPI [1]	result	23.32306773	0.00000512	0x00	0x00
SPI [1]	result	23.32307301	0.00000512	0x00	0x00
SPI [1]	result	23.32307829	0.00000512	0x08	0x00
SPI [1]	result	23.32308357	0.00000512	0x20	0x3F
SPI [1]	result	23.32349414	0.00000512	0x0C	0xFF
SPI [1]	result	23.32349942	0.00000512	0x10	0xFF
SPI [1]	result	23.32350470	0.00000512	0x80	0xFF
SPI [1]	result	23.32350998	0.00000512	0x02	0xFF
SPI [1]	result	23.32390303	0.00000512	0x00	0xFF
SPI [1]	result	23.32390831	0.00000512	0x00	0xFF
SPI [1]	result	23.32391359	0.00000512	0x09	0xFF
SPI [1]	result	23.32391887	0.00000512	0xA6	0xFF
SPI [1]	result	23.32430913	0.00000512	0x0D	0xFF
SPI [1]	result	23.32431441	0.00000512	0x00	0xFF
SPI [1]	result	23.32431969	0.00000512	0x88	0xFF
SPI [1]	result	23.32432497	0.00000512	0x1A	0xFF
SPI [1]	result	23.32471674	0.00000512	0x00	0xFF
SPI [1]	result	23.32472202	0.00000512	0x00	0xFF
SPI [1]	result	23.32472730	0.00000512	0x00	0xFF
SPI [1]	result	23.32473258	0.00000512	0x00	0xFF
SPI [1]	result	23.32512432	0.00000512	0x08	0xFF
SPI [1]	result	23.32512960	0.00000512	0x00	0xFF
SPI [1]	result	23.32513488	0.00000512	0x89	0xFF
SPI [1]	result	23.32514016	0.00000512	0xB8	0xFF
SPI [1]	result	23.36306569	0.00000512	0x00	0x00
SPI [1]	result	23.36307097	0.00000512	0x00	0x00
SPI [1]	result	23.36307625	0.00000512	0x08	0x04
SPI [1]	result	23.36308153	0.00000512	0x20	0x3F
SPI [1]	result	23.36349256	0.00000512	0x0E	0xFF
SPI [1]	result	23.36349784	0.00000512	0x10	0xFF
SPI [1]	result	23.36350312	0.00000512	0x80	0xFF
SPI [1]	result	23.36350840	0.00000512	0x12	0xFF
SPI [1]	result	23.36389953	0.00000512	0x00	0xFF
SPI [1]	result	23.36390481	0.00000512	0x00	0xFF
SPI [1]	result	23.36391009	0.00000512	0x00	0xFF
SPI [1]	result	23.36391537	0.00000512	0x00	0xFF
SPI [1]	result	23.36430697	0.00000512	0x08	0xFF
SPI [1]	result	23.36431225	0.00000512	0x00	0xFF
SPI [1]	result	23.36431753	0.00000512	0x88	0xFF
SPI [1]	result	23.36432281	0.00000512	0x32	0xFF
SPI [1]	result	23.40307217	0.00000512	0x00	0x00
SPI [1]	result	23.40307745	0.00000512	0x00	0x00
SPI [1]	result	23.40308273	0.00000512	0x08	0x00
SPI [1]	result	23.40308801	0.00000512	0x20	0x3F
SPI [1]	result	23.40351478	0.00000512	0x0F	0xFF
SPI [1]	result	23.40352006	0.00000512	0x10	0xFF
SPI [1]	result	23.40352534	0.00000512	0x80	0xFF
SPI [1]	result	23.40353062	0.00000512	0x1A	0xFF
SPI [1]	result	23.40392137	0.00000512	0x00	0xFF
SPI [1]	result	23.40392665	0.00000512	0x00	0xFF
SPI [1]	result	23.40393193	0.00000512	0x00	0xFF
SPI [1]	result	23.40393721	0.00000512	0x00	0xFF
SPI [1]	result	23.40437819	0.00000512	0x08	0xFF
SPI [1]	result	23.40438347	0.00000512	0x00	0xFF
SPI [1]	result	23.40438875	0.00000512	0x88	0xFF
SPI [1]	result	23.40439403	0.00000512	0x32	0xFF
SPI [1]	result	23.44306525	0.00000512	0x00	0x00
SPI [1]	result	23.44307053	0.00000512	0x00	0x00
SPI [1]	result	23.44307581	0.00000512	0x08	0x04
SPI [1]	result	23.44308109	0.00000512	0x20	0x3F
SPI [1]	result	23.44348448	0.00000512	0x08	0xFF
SPI [1]	result	23.44348976	0.00000512	0x10	0xFF
SPI [1]	result	23.44349504	0.00000512	0x80	0xFF
SPI [1]	result	23.44350032	0.00000512	0x22	0xFF
SPI [1]	result	23.44389183	0.00000512	0x00	0xFF
SPI [1]	result	23.44389711	0.00000512	0x00	0xFF
SPI [1]	result	23.44390239	0.00000512	0x09	0xFF
SPI [1]	result	23.44390767	0.00000512	0xA6	0xFF
SPI [1]	result	23.44429956	0.00000512	0x09	0xFF
SPI [1]	result	23.44430484	0.00000512	0x00	0xFF
SPI [1]	result	23.44431012	0.00000512	0x88	0xFF
SPI [1]	result	23.44431540	0.00000512	0x3A	0xFF
SPI [1]	result	23.44470695	0.00000512	0x00	0xFF
SPI [1]	result	23.44471223	0.00000512	0x00	0xFF
SPI [1]	result	23.44471751	0.00000512	0x00	0xFF
SPI [1]	result	23.44472279	0.00000512	0x00	0xFF
SPI [1]	result	23.44511461	0.00000512	0x08	0xFF
SPI [1]	result	23.44511989	0.00000512	0x00	0xFF
SPI [1]	result	23.44512517	0.00000512	0x89	0xFF
SPI [1]	result	23.44513045	0.00000512	0xB8	0xFF
SPI [1]	result	23.48306364	0.00000512	0x00	0x00
SPI [1]	result	23.48306892	0.00000512	0x00	0x00
SPI [1]	result	23.48307420	0.00000512	0x08	0x00
SPI [1]	result	23.48307948	0.00000512	0x20	0x3F
SPI [1]	result	23.48348392	0.00000512	0x0A	0xFF
SPI [1]	result	23.48348920	0.00000512	0x10	0xFF
SPI [1]	result	23.48349448	0.00000512	0x80	0xFF
SPI [1]	result	23.48349976	0.00000512	0x32	0xFF
SPI [1]	result	23.48389285	0.00000512	0x00	0xFF
SPI [1]	result	23.48389813	0.00000512	0x00	0xFF
SPI [1]	result	23.48390341	0.00000512	0x00	0xFF
SPI [1]	result	23.48390869	0.00000512	0x00	0xFF
SPI [1]	result	23.48430100	0.00000512	0x08	0xFF
SPI [1]	result	23.48430628	0.00000512	0x00	0xFF
SPI [1]	result	23.48431156	0.00000512	0x88	0xFF
SPI [1]	result	23.48431684	0.00000512	0x32	0xFF
SPI [1]	result	23.52306206	0.00000512	0x00	0x00
SPI [1]	result	23.52306734	0.00000512	0x00	0x00
SPI [1]	result	23.52307262	0.00000512	0x08	0x04
SPI [1]	result	23.52307790	0.00000512	0x20	0x3F
SPI [1]	result	23.52347791	0.00000512	0x0B	0xFF
SPI [1]	result	23.52348319	0.00000512	0x10	0xFF
SPI [1]	result	23.52348847	0.00000512	0x80	0xFF
SPI [1]	result	23.52349375	0.00000512	0x3A	0xFF
SPI [1]	result	23.52388908	0.00000512	0x00	0xFF
SPI [1]	result	23.52389436	0.00000512	0x00	0xFF
SPI [1]	result	23.52389964	0.00000512	0x00	0xFF
SPI [1]	result	23.52390492	0.00000512	0x00	0xFF
SPI [1]	result	23.52429716	0.00000512	0x08	0xFF
SPI [1]	result	23.52430244	0.00000512	0x00	0xFF
SPI [1]	result	23.52430772	0.00000512	0x88	0xFF
SPI [1]	result	23.52431300	0.00000512	0x32	0xFF
SPI [1]	result	23.56307274	0.00000512	0x00	0x00
SPI [1]	result	23.56307802	0.00000512	0x00	0x00
SPI [1]	result	23.56308330	0.00000512	0x08	0x00
SPI [1]	result	23.56308858	0.00000512	0x20	0x3F
SPI [1]	result	23.56351541	0.00000512	0x0C	0xFF
SPI [1]	result	23.56352069	0.00000512	0x10	0xFF
SPI [1]	result	23.56352597	0.00000512	0x80	0xFF
SPI [1]	result	23.56353125	0.00000512	0x02	0xFF
SPI [1]	result	23.56392450	0.00000512	0x00	0xFF
SPI [1]	result	23.56392978	0.00000512	0x00	0xFF
SPI [1]	result	23.56393506	0.00000512	0x09	0xFF
SPI [1]	result	23.56394034	0.00000512	0xA6	0xFF
SPI [1]	result	23.56433208	0.00000512	0x0D	0xFF
SPI [1]	result	23.56433736	0.00000512	0x00	0xFF
SPI [1]	result	23.56434264	0.00000512	0x88	0xFF
SPI [1]	result	23.56434792	0.00000512	0x1A	0xFF
SPI [1]	result	23.56473949	0.00000512	0x00	0xFF
SPI [1]	result	23.56474477	0.00000512	0x00	0xFF
SPI [1]	result	23.56475005	0.00000512	0x00	0xFF
SPI [1]	result	23.56475533	0.00000512	0x00	0xFF
SPI [1]	result	23.56514749	0.00000512	0x08	0xFF
SPI [1]	result	23.56515277	0.00000512	0x00	0xFF
SPI [1]	result	23.56515805	0.00000512	0x89	0xFF
SPI [1]	result	23.56516333	0.00000512	0xB8	0xFF
SPI [1]	result	23.60306012	0.00000512	0x00	0x00
SPI [1]	result	23.60306540	0.00000512	0x00	0x00
SPI [1]	result	23.60307068	0.00000512	0x08	0x00
SPI [1]	result	23.60307596	0.00000512	0x20	0x3F
SPI [1]	result	23.60346879	0.00000512	0x0E	0xFF
SPI [1]	result	23.60347407	0.00000512	0x10	0xFF
SPI [1]	result	23.60347935	0.00000512	0x80	0xFF
SPI [1]	result	23.60348463	0.00000512	0x12	0xFF
SPI [1]	result	23.60387818	0.00000512	0x00	0xFF
SPI [1]	result	23.60388346	0.00000512	0x00	0xFF
SPI [1]	result	23.60388874	0.00000512	0x00	0xFF
SPI [1]	result	23.60389402	0.00000512	0x00	0xFF
SPI [1]	result	23.60428593	0.00000512	0x08	0xFF
SPI [1]	result	23.60429121	0.00000512	0x00	0xFF
SPI [1]	result	23.60429649	0.00000512	0x88	0xFF
SPI [1]	result	23.60430177	0.00000512	0x32	0xFF
SPI [1]	result	23.64306162	0.00000512	0x00	0x00
SPI [1]	result	23.64306690	0.00000512	0x00	0x00
SPI [1]	result	23.64307218	0.00000512	0x08	0x04
SPI [1]	result	23.64307746	0.00000512	0x20	0x3F
SPI [1]	result	23.64347429	0.00000512	0x0F	0xFF
SPI [1]	result	23.64347957	0.00000512	0x10	0xFF
SPI [1]	result	23.64348485	0.00000512	0x80	0xFF
SPI [1]	result	23.64349013	0.00000512	0x1A	0xFF
SPI [1]	result	23.64388294	0.00000512	0x00	0xFF
SPI [1]	result	23.64388822	0.00000512	0x00	0xFF
SPI [1]	result	23.64389350	0.00000512	0x00	0xFF
SPI [1]	result	23.64389878	0.00000512	0x00	0xFF
SPI [1]	result	23.64429057	0.00000512	0x08	0xFF
SPI [1]	result	23.64429585	0.00000512	0x00	0xFF
SPI [1]	result	23.64430113	0.00000512	0x88	0xFF
SPI [1]	result	23.64430641	0.00000512	0x32	0xFF
SPI [1]	result	23.68306921	0.00000512	0x00	0x00
SPI [1]	result	23.68307449	0.00000512	0x00	0x00
SPI [1]	result	23.68307977	0.00000512	0x08	0x00
SPI [1]	result	23.68308505	0.00000512	0x20	0x3F
SPI [1]	result	23.68349817	0.00000512	0x08	0xFF
SPI [1]	result	23.68350345	0.00000512	0x10	0xFF
SPI [1]	result	23.68350873	0.00000512	0x80	0xFF
SPI [1]	result	23.68351401	0.00000512	0x22	0xFF
SPI [1]	result	23.68390632	0.00000512	0x00	0xFF
SPI [1]	result	23.68391160	0.00000512	0x00	0xFF
SPI [1]	result	23.68391688	0.00000512	0x09	0xFF
SPI [1]	result	23.68392216	0.00000512	0xA6	0xFF
SPI [1]	result	23.68431273	0.00000512	0x09	0xFF
SPI [1]	result	23.68431801	0.00000512	0x00	0xFF
SPI [1]	result	23.68432329	0.00000512	0x88	0xFF
SPI [1]	result	23.68432857	0.00000512	0x3A	0xFF
SPI [1]	result	23.68471983	0.00000512	0x00	0xFF
SPI [1]	result	23.68472511	0.00000512	0x00	0xFF
SPI [1]	result	23.68473039	0.00000512	0x00	0xFF
SPI [1]	result	23.68473567	0.00000512	0x00	0xFF
SPI [1]	result	23.68512735	0.00000512	0x08	0xFF
SPI [1]	result	23.68513263	0.00000512	0x00	0xFF
SPI [1]	result	23.68513791	0.00000512	0x89	0xFF
SPI [1]	result	23.68514319	0.00000512	0xB8	0xFF
SPI [1]	result	23.72306369	0.00000512	0x00	0x00
SPI [1]	result	23.72306897	0.00000512	0x00	0x00
SPI [1]	result	23.72307425	0.00000512	0x08	0x00
SPI [1]	result	23.72307953	0.00000512	0x20	0x3F
SPI [1]	result	23.72348549	0.00000512	0x0A	0xFF
SPI [1]	result	23.72349077	0.00000512	0x10	0xFF
SPI [1]	result	23.72349605	0.00000512	0x80	0xFF
SPI [1]	result	23.72350133	0.00000512	0x32	0xFF
SPI [1]	result	23.72389269	0.00000512	0x00	0xFF
SPI [1]	result	23.72389797	0.00000512	0x00	0xFF
SPI [1]	result	23.72390325	0.00000512	0x00	0xFF
SPI [1]	result	23.72390853	0.00000512	0x00	0xFF
SPI [1]	result	23.72430078	0.00000512	0x08	0xFF
SPI [1]	result	23.72430606	0.00000512	0x00	0xFF
SPI [1]	result	23.72431134	0.00000512	0x88	0xFF
SPI [1]	result	23.72431662	0.00000512	0x32	0xFF
SPI [1]	result	23.76306292	0.00000512	0x00	0x00
SPI [1]	result	23.76306820	0.00000512	0x00	0x00
SPI [1]	result	23.76307348	0.00000512	0x08	0x04
SPI [1]	result	23.76307876	0.00000512	0x20	0x3F
SPI [1]	result	23.76348469	0.00000512	0x0B	0xFF
SPI [1]	result	23.76348997	0.00000512	0x10	0xFF
SPI [1]	result	23.76349525	0.00000512	0x80	0xFF
SPI [1]	result	23.76350053	0.00000512	0x3A	0xFF
SPI [1]	result	23.76389308	0.00000512	0x00	0xFF
SPI [1]	result	23.76389836	0.00000512	0x00	0xFF
SPI [1]	result	23.76390364	0.00000512	0x00	0xFF
SPI [1]	result	23.76390892	0.00000512	0x00	0xFF
SPI [1]	result	23.76435293	0.00000512	0x08	0xFF
SPI [1]	result	23.76435821	0.00000512	0x00	0xFF
SPI [1]	result	23.76436349	0.00000512	0x88	0xFF
SPI [1]	result	23.76436877	0.00000512	0x32	0xFF
SPI [1]	result	23.80306679	0.00000512	0x00	0x00
SPI [1]	result	23.80307207	0.00000512	0x00	0x00
SPI [1]	result	23.80307735	0.00000512	0x08	0x00
SPI [1]	result	23.80308263	0.00000512	0x20	0x3F
SPI [1]	result	23.80349018	0.00000512	0x0C	0xFF
SPI [1]	result	23.80349546	0.00000512	0x10	0xFF
SPI [1]	result	23.80350074	0.00000512	0x80	0xFF
SPI [1]	result	23.80350602	0.00000512	0x02	0xFF
SPI [1]	result	23.80390854	0.00000512	0x00	0xFF
SPI [1]	result	23.80391382	0.00000512	0x00	0xFF
SPI [1]	result	23.80391910	0.00000512	0x09	0xFF
SPI [1]	result	23.80392438	0.00000512	0xA6	0xFF
SPI [1]	result	23.80432650	0.00000512	0x0D	0xFF
SPI [1]	result	23.80433178	0.00000512	0x00	0xFF
SPI [1]	result	23.80433706	0.00000512	0x88	0xFF
SPI [1]	result	23.80434234	0.00000512	0x1A	0xFF
SPI [1]	result	23.80474304	0.00000512	0x00	0xFF
SPI [1]	result	23.80474832	0.00000512	0x00	0xFF
SPI [1]	result	23.80475360	0.00000512	0x00	0xFF
SPI [1]	result	23.80475888	0.00000512	0x00	0xFF
SPI [1]	result	23.80516136	0.00000512	0x08	0xFF
SPI [1]	result	23.80516664	0.00000512	0x00	0xFF
SPI [1]	result	23.80517192	0.00000512	0x89	0xFF
SPI [1]	result	23.80517720	0.00000512	0xB8	0xFF
SPI [1]	result	23.84306546	0.00000512	0x00	0x00
SPI [1]	result	23.84307074	0.00000512	0x00	0x00
SPI [1]	result	23.84307602	0.00000512	0x08	0x04
SPI [1]	result	23.84308130	0.00000512	0x20	0x3F
SPI [1]	result	23.84349979	0.00000512	0x0E	0xFF
SPI [1]	result	23.84350507	0.00000512	0x10	0xFF
SPI [1]	result	23.84351035	0.00000512	0x80	0xFF
SPI [1]	result	23.84351563	0.00000512	0x12	0xFF
SPI [1]	result	23.84391642	0.00000512	0x00	0xFF
SPI [1]	result	23.84392170	0.00000512	0x00	0xFF
SPI [1]	result	23.84392698	0.00000512	0x00	0xFF
SPI [1]	result	23.84393226	0.00000512	0x00	0xFF
SPI [1]	result	23.84433457	0.00000512	0x08	0xFF
SPI [1]	result	23.84433985	0.00000512	0x00	0xFF
SPI [1]	result	23.84434513	0.00000512	0x88	0xFF
SPI [1]	result	23.84435041	0.00000512	0x32	0xFF
SPI [1]	result	23.88306268	0.00000512	0x00	0x00
SPI [1]	result	23.88306796	0.00000512	0x00	0x00
SPI [1]	result	23.88307324	0.00000512	0x08	0x00
SPI [1]	result	23.88307852	0.00000512	0x20	0x3F
SPI [1]	result	23.88348351	0.00000512	0x0F	0xFF
SPI [1]	result	23.88348879	0.00000512	0x10	0xFF
SPI [1]	result	23.88349407	0.00000512	0x80	0xFF
SPI [1]	result	23.88349935	0.00000512	0x1A	0xFF
SPI [1]	result	23.88390177	0.00000512	0x00	0xFF
SPI [1]	result	23.88390705	0.00000512	0x00	0xFF
SPI [1]	result	23.88391233	0.00000512	0x00	0xFF
SPI [1]	result	23.88391761	0.00000512	0x00	0xFF
SPI [1]	result	23.88431944	0.00000512	0x08	0xFF
SPI [1]	result	23.88432472	0.00000512	0x00	0xFF
SPI [1]	result	23.88433000	0.00000512	0x88	0xFF
SPI [1]	result	23.88433528	0.00000512	0x32	0xFF
SPI [1]	result	23.92307449	0.00000512	0x00	0x00
SPI [1]	result	23.92307977	0.00000512	0x00	0x00
SPI [1]	result	23.92308505	0.00000512	0x08	0x00
SPI [1]	result	23.92309033	0.00000512	0x20	0x3F
SPI [1]	result	23.92352938	0.00000512	0x08	0xFF
SPI [1]	result	23.92353466	0.00000512	0x10	0xFF
SPI [1]	result	23.92353994	0.00000512	0x80	0xFF
SPI [1]	result	23.92354522	0.00000512	0x22	0xFF
SPI [1]	result	23.92394814	0.00000512	0x00	0xFF
SPI [1]	result	23.92395342	0.00000512	0x00	0xFF
SPI [1]	result	23.92395870	0.00000512	0x09	0xFF
SPI [1]	result	23.92396398	0.00000512	0xA6	0xFF
SPI [1]	result	23.92436264	0.00000512	0x09	0xFF
SPI [1]	result	23.92436792	0.00000512	0x00	0xFF
SPI [1]	result	23.92437320	0.00000512	0x88	0xFF
SPI [1]	result	23.92437848	0.00000512	0x3A	0xFF
SPI [1]	result	23.92478281	0.00000512	0x00	0xFF
SPI [1]	result	23.92478809	0.00000512	0x00	0xFF
SPI [1]	result	23.92479337	0.00000512	0x00	0xFF
SPI [1]	result	23.92479865	0.00000512	0x00	0xFF
SPI [1]	result	23.92520081	0.00000512	0x08	0xFF
SPI [1]	result	23.92520609	0.00000512	0x00	0xFF
SPI [1]	result	23.92521137	0.00000512	0x89	0xFF
SPI [1]	result	23.92521665	0.00000512	0xB8	0xFF
SPI [1]	result	23.96306454	0.00000512	0x00	0x00
SPI [1]	result	23.96306982	0.00000512	0x00	0x00
SPI [1]	result	23.96307510	0.00000512	0x08	0x00
SPI [1]	result	23.96308038	0.00000512	0x20	0x3F
SPI [1]	result	23.96349521	0.00000512	0x0A	0xFF
SPI [1]	result	23.96350049	0.00000512	0x10	0xFF
SPI [1]	result	23.96350577	0.00000512	0x80	0xFF
SPI [1]	result	23.96351105	0.00000512	0x32	0xFF
SPI [1]	result	23.96391327	0.00000512	0x00	0xFF
SPI [1]	result	23.96391855	0.00000512	0x00	0xFF
SPI [1]	result	23.96392383	0.00000512	0x00	0xFF
SPI [1]	result	23.96392911	0.00000512	0x00	0xFF
SPI [1]	result	23.96433086	0.00000512	0x08	0xFF
SPI [1]	result	23.96433614	0.00000512	0x00	0xFF
SPI [1]	result	23.96434142	0.00000512	0x88	0xFF
SPI [1]	result	23.96434670	0.00000512	0x32	0xFF
SPI [1]	result	24.00306461	0.00000512	0x00	0x00
SPI [1]	result	24.00306989	0.00000512	0x00	0x00
SPI [1]	result	24.00307517	0.00000512	0x08	0x00
SPI [1]	result	24.00308045	0.00000512	0x20	0x3F
SPI [1]	result	24.00349245	0.00000512	0x0B	0xFF
SPI [1]	result	24.00349773	0.00000512	0x10	0xFF
SPI [1]	result	24.00350301	0.00000512	0x80	0xFF
SPI [1]	result	24.00350829	0.00000512	0x3A	0xFF
SPI [1]	result	24.00391067	0.00000512	0x00	0xFF
SPI [1]	result	24.00391595	0.00000512	0x00	0xFF
SPI [1]	result	24.00392123	0.00000512	0x00	0xFF
SPI [1]	result	24.00392651	0.00000512	0x00	0xFF
SPI [1]	result	24.00432847	0.00000512	0x08	0xFF
SPI [1]	result	24.00433375	0.00000512	0x00	0xFF
SPI [1]	result	24.00433903	0.00000512	0x88	0xFF
SPI [1]	result	24.00434431	0.00000512	0x32	0xFF
SPI [1]	result	24.04306405	0.00000512	0x00	0x00
SPI [1]	result	24.04306933	0.00000512	0x00	0x00
SPI [1]	result	24.04307461	0.00000512	0x08	0x04
SPI [1]	result	24.04307989	0.00000512	0x20	0x3F
SPI [1]	result	24.04348455	0.00000512	0x0C	0xFF
SPI [1]	result	24.04348983	0.00000512	0x10	0xFF
SPI [1]	result	24.04349511	0.00000512	0x80	0xFF
SPI [1]	result	24.04350039	0.00000512	0x02	0xFF
SPI [1]	result	24.04390150	0.00000512	0x00	0xFF
SPI [1]	result	24.04390678	0.00000512	0x00	0xFF
SPI [1]	result	24.04391206	0.00000512	0x09	0xFF
SPI [1]	result	24.04391734	0.00000512	0xA6	0xFF
SPI [1]	result	24.04431884	0.00000512	0x0D	0xFF
SPI [1]	result	24.04432412	0.00000512	0x00	0xFF
SPI [1]	result	24.04432940	0.00000512	0x88	0xFF
SPI [1]	result	24.04433468	0.00000512	0x1A	0xFF
SPI [1]	result	24.04473743	0.00000512	0x00	0xFF
SPI [1]	result	24.04474271	0.00000512	0x00	0xFF
SPI [1]	result	24.04474799	0.00000512	0x00	0xFF
SPI [1]	result	24.04475327	0.00000512	0x00	0xFF
SPI [1]	result	24.04515469	0.00000512	0x08	0xFF
SPI [1]	result	24.04515997	0.00000512	0x00	0xFF
SPI [1]	result	24.04516525	0.00000512	0x89	0xFF
SPI [1]	result	24.04517053	0.00000512	0xB8	0xFF
SPI [1]	result	24.08307438	0.00000512	0x00	0x00
SPI [1]	result	24.08307966	0.00000512	0x00	0x00
SPI [1]	result	24.08308494	0.00000512	0x08	0x00
SPI [1]	result	24.08309022	0.00000512	0x20	0x3F
SPI [1]	result	24.08352913	0.00000512	0x0E	0xFF
SPI [1]	result	24.08353441	0.00000512	0x10	0xFF
SPI [1]	result	24.08353969	0.00000512	0x80	0xFF
SPI [1]	result	24.08354497	0.00000512	0x12	0xFF
SPI [1]	result	24.08394959	0.00000512	0x00	0xFF
SPI [1]	result	24.08395487	0.00000512	0x00	0xFF
SPI [1]	result	24.08396015	0.00000512	0x00	0xFF
SPI [1]	result	24.08396543	0.00000512	0x00	0xFF
SPI [1]	result	24.08436811	0.00000512	0x08	0xFF
SPI [1]	result	24.08437339	0.00000512	0x00	0xFF
SPI [1]	result	24.08437867	0.00000512	0x88	0xFF
SPI [1]	result	24.08438395	0.00000512	0x32	0xFF
SPI [1]	result	24.12306234	0.00000512	0x00	0x00
SPI [1]	result	24.12306762	0.00000512	0x00	0x00
SPI [1]	result	24.12307290	0.00000512	0x08	0x00
SPI [1]	result	24.12307818	0.00000512	0x20	0x3F
SPI [1]	result	24.12348801	0.00000512	0x0F	0xFF
SPI [1]	result	24.12349329	0.00000512	0x10	0xFF
SPI [1]	result	24.12349857	0.00000512	0x80	0xFF
SPI [1]	result	24.12350385	0.00000512	0x1A	0xFF
SPI [1]	result	24.12390698	0.00000512	0x00	0xFF
SPI [1]	result	24.12391226	0.00000512	0x00	0xFF
SPI [1]	result	24.12391754	0.00000512	0x00	0xFF
SPI [1]	result	24.12392282	0.00000512	0x00	0xFF
SPI [1]	result	24.12432437	0.00000512	0x08	0xFF
SPI [1]	result	24.12432965	0.00000512	0x00	0xFF
SPI [1]	result	24.12433493	0.00000512	0x88	0xFF
SPI [1]	result	24.12434021	0.00000512	0x32	0xFF
SPI [1]	result	24.16306828	0.00000512	0x00	0x00
SPI [1]	result	24.16307356	0.00000512	0x00	0x00
SPI [1]	result	24.16307884	0.00000512	0x08	0x00
SPI [1]	result	24.16308412	0.00000512	0x20	0x3F
SPI [1]	result	24.16350132	0.00000512	0x08	0xFF
SPI [1]	result	24.16350660	0.00000512	0x10	0xFF
SPI [1]	result	24.16351188	0.00000512	0x80	0xFF
SPI [1]	result	24.16351716	0.00000512	0x22	0xFF
SPI [1]	result	24.16392012	0.00000512	0x00	0xFF
SPI [1]	result	24.16392540	0.00000512	0x00	0xFF
SPI [1]	result	24.16393068	0.00000512	0x09	0xFF
SPI [1]	result	24.16393596	0.00000512	0xA6	0xFF
SPI [1]	result	24.16433794	0.00000512	0x09	0xFF
SPI [1]	result	24.16434322	0.00000512	0x00	0xFF
SPI [1]	result	24.16434850	0.00000512	0x88	0xFF
SPI [1]	result	24.16435378	0.00000512	0x3A	0xFF
SPI [1]	result	24.16475550	0.00000512	0x00	0xFF
SPI [1]	result	24.16476078	0.00000512	0x00	0xFF
SPI [1]	result	24.16476606	0.00000512	0x00	0xFF
SPI [1]	result	24.16477134	0.00000512	0x00	0xFF
SPI [1]	result	24.16517698	0.00000512	0x08	0xFF
SPI [1]	result	24.16518226	0.00000512	0x00	0xFF
SPI [1]	result	24.16518754	0.00000512	0x89	0xFF
SPI [1]	result	24.16519282	0.00000512	0xB8	0xFF
SPI [1]	result	24.20306613	0.00000512	0x00	0x00
SPI [1]	result	24.20307141	0.00000512	0x00	0x00
SPI [1]	result	24.20307669	0.00000512	0x08	0x00
SPI [1]	result	24.20308197	0.00000512	0x20	0x3F
SPI [1]	result	24.20349773	0.00000512	0x0A	0xFF
SPI [1]	result	24.20350301	0.00000512	0x10	0xFF
SPI [1]	result	24.20350829	0.00000512	0x80	0xFF
SPI [1]	result	24.20351357	0.00000512	0x32	0xFF
SPI [1]	result	24.20391717	0.00000512	0x00	0xFF
SPI [1]	result	24.20392245	0.00000512	0x00	0xFF
SPI [1]	result	24.20392773	0.00000512	0x00	0xFF
SPI [1]	result	24.20393301	0.00000512	0x00	0xFF
SPI [1]	result	24.20433417	0.00000512	0x08	0xFF
SPI [1]	result	24.20433945	0.00000512	0x00	0xFF
SPI [1]	result	24.20434473	0.00000512	0x88	0xFF
SPI [1]	result	24.20435001	0.00000512	0x32	0xFF
SPI [1]	result	24.24307745	0.00000512	0x00	0x00
SPI [1]	result	24.24308273	0.00000512	0x00	0x00
SPI [1]	result	24.24308801	0.00000512	0x08	0x04
SPI [1]	result	24.24309329	0.00000512	0x20	0x3F
SPI [1]	result	24.24480112	0.00000512	0x0B	0xFF
SPI [1]	result	24.24480640	0.00000512	0x10	0xFF
SPI [1]	result	24.24481168	0.00000512	0x80	0xFF
SPI [1]	result	24.24481696	0.00000512	0x3A	0xFF
SPI [1]	result	24.24523803	0.00000512	0x00	0xFF
SPI [1]	result	24.24524331	0.00000512	0x00	0xFF
SPI [1]	result	24.24524859	0.00000512	0x00	0xFF
SPI [1]	result	24.24525387	0.00000512	0x00	0xFF
SPI [1]	result	24.24565901	0.00000512	0x08	0xFF
SPI [1]	result	24.24566429	0.00000512	0x00	0xFF
SPI [1]	result	24.24566957	0.00000512	0x88	0xFF
SPI [1]	result	24.24567485	0.00000512	0x32	0xFF
SPI [1]	result	24.28308244	0.00000512	0x00	0x00
SPI [1]	result	24.28308772	0.00000512	0x00	0x00
SPI [1]	result	24.28309300	0.00000512	0x08	0x00
SPI [1]	result	24.28309828	0.00000512	0x20	0x3F
SPI [1]	result	24.28355439	0.00000512	0x0C	0xFF
SPI [1]	result	24.28355967	0.00000512	0x10	0xFF
SPI [1]	result	24.28356495	0.00000512	0x80	0xFF
SPI [1]	result	24.28357023	0.00000512	0x02	0xFF
SPI [1]	result	24.28397476	0.00000512	0x00	0xFF
SPI [1]	result	24.28398004	0.00000512	0x00	0xFF
SPI [1]	result	24.28398532	0.00000512	0x09	0xFF
SPI [1]	result	24.28399060	0.00000512	0xA6	0xFF
SPI [1]	result	24.28439224	0.00000512	0x0D	0xFF
SPI [1]	result	24.28439752	0.00000512	0x00	0xFF
SPI [1]	result	24.28440280	0.00000512	0x88	0xFF
SPI [1]	result	24.28440808	0.00000512	0x1A	0xFF
SPI [1]	result	24.28480969	0.00000512	0x00	0xFF
SPI [1]	result	24.28481497	0.00000512	0x00	0xFF
SPI [1]	result	24.28482025	0.00000512	0x00	0xFF
SPI [1]	result	24.28482553	0.00000512	0x00	0xFF
SPI [1]	result	24.28522878	0.00000512	0x08	0xFF
SPI [1]	result	24.28523406	0.00000512	0x00	0xFF
SPI [1]	result	24.28523934	0.00000512	0x89	0xFF
SPI [1]	result	24.28524462	0.00000512	0xB8	0xFF
SPI [1]	result	24.32307866	0.00000512	0x00	0x00
SPI [1]	result	24.32308394	0.00000512	0x00	0x00
SPI [1]	result	24.32308922	0.00000512	0x08	0x04
SPI [1]	result	24.32309450	0.00000512	0x20	0x3F
SPI [1]	result	24.32354122	0.00000512	0x0E	0xFF
SPI [1]	result	24.32354650	0.00000512	0x10	0xFF
SPI [1]	result	24.32355178	0.00000512	0x80	0xFF
SPI [1]	result	24.32355706	0.00000512	0x12	0xFF
SPI [1]	result	24.32396255	0.00000512	0x00	0xFF
SPI [1]	result	24.32396783	0.00000512	0x00	0xFF
SPI [1]	result	24.32397311	0.00000512	0x00	0xFF
SPI [1]	result	24.32397839	0.00000512	0x00	0xFF
SPI [1]	result	24.32438231	0.00000512	0x08	0xFF
SPI [1]	result	24.32438759	0.00000512	0x00	0xFF
SPI [1]	result	24.32439287	0.00000512	0x88	0xFF
SPI [1]	result	24.32439815	0.00000512	0x32	0xFF
SPI [1]	result	24.36307892	0.00000512	0x00	0x00
SPI [1]	result	24.36308420	0.00000512	0x00	0x00
SPI [1]	result	24.36308948	0.00000512	0x08	0x00
SPI [1]	result	24.36309476	0.00000512	0x20	0x3F
SPI [1]	result	24.36353451	0.00000512	0x0F	0xFF
SPI [1]	result	24.36353979	0.00000512	0x10	0xFF
SPI [1]	result	24.36354507	0.00000512	0x80	0xFF
SPI [1]	result	24.36355035	0.00000512	0x1A	0xFF
SPI [1]	result	24.36395077	0.00000512	0x00	0xFF
SPI [1]	result	24.36395605	0.00000512	0x00	0xFF
SPI [1]	result	24.36396133	0.00000512	0x00	0xFF
SPI [1]	result	24.36396661	0.00000512	0x00	0xFF
SPI [1]	result	24.36436870	0.00000512	0x08	0xFF
SPI [1]	result	24.36437398	0.00000512	0x00	0xFF
SPI [1]	result	24.36437926	0.00000512	0x88	0xFF
SPI [1]	result	24.36438454	0.00000512	0x32	0xFF
SPI [1]	result	24.40307797	0.00000512	0x00	0x00
SPI [1]	result	24.40308325	0.00000512	0x00	0x00
SPI [1]	result	24.40308853	0.00000512	0x08	0x00
SPI [1]	result	24.40309381	0.00000512	0x20	0x3F
SPI [1]	result	24.40353640	0.00000512	0x08	0xFF
SPI [1]	result	24.40354168	0.00000512	0x10	0xFF
SPI [1]	result	24.40354696	0.00000512	0x80	0xFF
SPI [1]	result	24.40355224	0.00000512	0x22	0xFF
SPI [1]	result	24.40395231	0.00000512	0x00	0xFF
SPI [1]	result	24.40395759	0.00000512	0x00	0xFF
SPI [1]	result	24.40396287	0.00000512	0x09	0xFF
SPI [1]	result	24.40396815	0.00000512	0xA6	0xFF
SPI [1]	result	24.40436647	0.00000512	0x09	0xFF
SPI [1]	result	24.40437175	0.00000512	0x00	0xFF
SPI [1]	result	24.40437703	0.00000512	0x88	0xFF
SPI [1]	result	24.40438231	0.00000512	0x3A	0xFF
SPI [1]	result	24.40478251	0.00000512	0x00	0xFF
SPI [1]	result	24.40478779	0.00000512	0x00	0xFF
SPI [1]	result	24.40479307	0.00000512	0x00	0xFF
SPI [1]	result	24.40479835	0.00000512	0x00	0xFF
SPI [1]	result	24.40519676	0.00000512	0x08	0xFF
SPI [1]	result	24.40520204	0.00000512	0x00	0xFF
SPI [1]	result	24.40520732	0.00000512	0x89	0xFF
SPI [1]	result	24.40521260	0.00000512	0xB8	0xFF
SPI [1]	result	24.44307086	0.00000512	0x00	0x00
SPI [1]	result	24.44307614	0.00000512	0x00	0x00
SPI [1]	result	24.44308142	0.00000512	0x08	0x04
SPI [1]	result	24.44308670	0.00000512	0x20	0x3F
SPI [1]	result	24.44352173	0.00000512	0x0A	0xFF
SPI [1]	result	24.44352701	0.00000512	0x10	0xFF
SPI [1]	result	24.44353229	0.00000512	0x80	0xFF
SPI [1]	result	24.44353757	0.00000512	0x32	0xFF
SPI [1]	result	24.44393977	0.00000512	0x00	0xFF
SPI [1]	result	24.44394505	0.00000512	0x00	0xFF
SPI [1]	result	24.44395033	0.00000512	0x00	0xFF
SPI [1]	result	24.44395561	0.00000512	0x00	0xFF
SPI [1]	result	24.44435579	0.00000512	0x08	0xFF
SPI [1]	result	24.44436107	0.00000512	0x00	0xFF
SPI [1]	result	24.44436635	0.00000512	0x88	0xFF
SPI [1]	result	24.44437163	0.00000512	0x32	0xFF
SPI [1]	result	24.48306782	0.00000512	0x00	0x00
SPI [1]	result	24.48307310	0.00000512	0x00	0x00
SPI [1]	result	24.48307838	0.00000512	0x08	0x00
SPI [1]	result	24.48308366	0.00000512	0x20	0x3F
SPI [1]	result	24.48350521	0.00000512	0x0B	0xFF
SPI [1]	result	24.48351049	0.00000512	0x10	0xFF
SPI [1]	result	24.48351577	0.00000512	0x80	0xFF
SPI [1]	result	24.48352105	0.00000512	0x3A	0xFF
SPI [1]	result	24.48392225	0.00000512	0x00	0xFF
SPI [1]	result	24.48392753	0.00000512	0x00	0xFF
SPI [1]	result	24.48393281	0.00000512	0x00	0xFF
SPI [1]	result	24.48393809	0.00000512	0x00	0xFF
SPI [1]	result	24.48433738	0.00000512	0x08	0xFF
SPI [1]	result	24.48434266	0.00000512	0x00	0xFF
SPI [1]	result	24.48434794	0.00000512	0x88	0xFF
SPI [1]	result	24.48435322	0.00000512	0x32	0xFF
SPI [1]	result	24.52306918	0.00000512	0x00	0x00
SPI [1]	result	24.52307446	0.00000512	0x00	0x00
SPI [1]	result	24.52307974	0.00000512	0x08	0x00
SPI [1]	result	24.52308502	0.00000512	0x20	0x3F
SPI [1]	result	24.52350374	0.00000512	0x0C	0xFF
SPI [1]	result	24.52350902	0.00000512	0x10	0xFF
SPI [1]	result	24.52351430	0.00000512	0x80	0xFF
SPI [1]	result	24.52351958	0.00000512	0x02	0xFF
SPI [1]	result	24.52391807	0.00000512	0x00	0xFF
SPI [1]	result	24.52392335	0.00000512	0x00	0xFF
SPI [1]	result	24.52392863	0.00000512	0x09	0xFF
SPI [1]	result	24.52393391	0.00000512	0xA6	0xFF
SPI [1]	result	24.52433750	0.00000512	0x0D	0xFF
SPI [1]	result	24.52434278	0.00000512	0x00	0xFF
SPI [1]	result	24.52434806	0.00000512	0x88	0xFF
SPI [1]	result	24.52435334	0.00000512	0x1A	0xFF
SPI [1]	result	24.52475319	0.00000512	0x00	0xFF
SPI [1]	result	24.52475847	0.00000512	0x00	0xFF
SPI [1]	result	24.52476375	0.00000512	0x00	0xFF
SPI [1]	result	24.52476903	0.00000512	0x00	0xFF
SPI [1]	result	24.52516865	0.00000512	0x08	0xFF
SPI [1]	result	24.52517393	0.00000512	0x00	0xFF
SPI [1]	result	24.52517921	0.00000512	0x89	0xFF
SPI [1]	result	24.52518449	0.00000512	0xB8	0xFF
SPI [1]	result	24.56306911	0.00000512	0x00	0x00
SPI [1]	result	24.56307439	0.00000512	0x00	0x00
SPI [1]	result	24.56307967	0.00000512	0x08	0x04
SPI [1]	result	24.56308495	0.00000512	0x20	0x3F
SPI [1]	result	24.56350916	0.00000512	0x0E	0xFF
SPI [1]	result	24.56351444	0.00000512	0x10	0xFF
SPI [1]	result	24.56351972	0.00000512	0x80	0xFF
SPI [1]	result	24.56352500	0.00000512	0x12	0xFF
SPI [1]	result	24.56392687	0.00000512	0x00	0xFF
SPI [1]	result	24.56393215	0.00000512	0x00	0xFF
SPI [1]	result	24.56393743	0.00000512	0x00	0xFF
SPI [1]	result	24.56394271	0.00000512	0x00	0xFF
SPI [1]	result	24.56434250	0.00000512	0x08	0xFF
SPI [1]	result	24.56434778	0.00000512	0x00	0xFF
SPI [1]	result	24.56435306	0.00000512	0x88	0xFF
SPI [1]	result	24.56435834	0.00000512	0x32	0xFF
SPI [1]	result	24.60306670	0.00000512	0x00	0x00
SPI [1]	result	24.60307198	0.00000512	0x00	0x00
SPI [1]	result	24.60307726	0.00000512	0x08	0x00
SPI [1]	result	24.60308254	0.00000512	0x20	0x3F
SPI [1]	result	24.60350160	0.00000512	0x0F	0x7F
SPI [1]	result	24.60350688	0.00000512	0x10	0xFF
SPI [1]	result	24.60351216	0.00000512	0x80	0xFF
SPI [1]	result	24.60351744	0.00000512	0x1A	0xFF
SPI [1]	result	24.60391811	0.00000512	0x00	0xFF
SPI [1]	result	24.60392339	0.00000512	0x00	0xFF
SPI [1]	result	24.60392867	0.00000512	0x00	0xFF
SPI [1]	result	24.60393395	0.00000512	0x00	0xFF
SPI [1]	result	24.60433476	0.00000512	0x08	0xFF
SPI [1]	result	24.60434004	0.00000512	0x00	0xFF
SPI [1]	result	24.60434532	0.00000512	0x88	0xFF
SPI [1]	result	24.60435060	0.00000512	0x32	0xFF
SPI [1]	result	24.64307936	0.00000512	0x00	0x00
SPI [1]	result	24.64308464	0.00000512	0x00	0x00
SPI [1]	result	24.64308992	0.00000512	0x08	0x04
SPI [1]	result	24.64309520	0.00000512	0x20	0x3F
SPI [1]	result	24.64353607	0.00000512	0x08	0xFF
SPI [1]	result	24.64354135	0.00000512	0x10	0xFF
SPI [1]	result	24.64354663	0.00000512	0x80	0xFF
SPI [1]	result	24.64355191	0.00000512	0x22	0xFF
SPI [1]	result	24.64395555	0.00000512	0x00	0xFF
SPI [1]	result	24.64396083	0.00000512	0x00	0xFF
SPI [1]	result	24.64396611	0.00000512	0x09	0xFF
SPI [1]	result	24.64397139	0.00000512	0xA6	0xFF
SPI [1]	result	24.64437103	0.00000512	0x09	0xFF
SPI [1]	result	24.64437631	0.00000512	0x00	0xFF
SPI [1]	result	24.64438159	0.00000512	0x88	0xFF
SPI [1]	result	24.64438687	0.00000512	0x3A	0xFF
SPI [1]	result	24.64478672	0.00000512	0x00	0xFF
SPI [1]	result	24.64479200	0.00000512	0x00	0xFF
SPI [1]	result	24.64479728	0.00000512	0x00	0xFF
SPI [1]	result	24.64480256	0.00000512	0x00	0xFF
SPI [1]	result	24.64520491	0.00000512	0x08	0xFF
SPI [1]	result	24.64521019	0.00000512	0x00	0xFF
SPI [1]	result	24.64521547	0.00000512	0x89	0xFF
SPI [1]	result	24.64522075	0.00000512	0xB8	0xFF
SPI [1]	result	24.68307849	0.00000512	0x00	0x00
SPI [1]	result	24.68308377	0.00000512	0x00	0x00
SPI [1]	result	24.68308905	0.00000512	0x08	0x00
SPI [1]	result	24.68309433	0.00000512	0x20	0x3F
SPI [1]	result	24.68354171	0.00000512	0x0A	0xFF
SPI [1]	result	24.68354699	0.00000512	0x10	0xFF
SPI [1]	result	24.68355227	0.00000512	0x80	0xFF
SPI [1]	result	24.68355755	0.00000512	0x32	0xFF
SPI [1]	result	24.68396247	0.00000512	0x00	0xFF
SPI [1]	result	24.68396775	0.00000512	0x00	0xFF
SPI [1]	result	24.68397303	0.00000512	0x00	0xFF
SPI [1]	result	24.68397831	0.00000512	0x00	0xFF
SPI [1]	result	24.68438238	0.00000512	0x08	0xFF
SPI [1]	result	24.68438766	0.00000512	0x00	0xFF
SPI [1]	result	24.68439294	0.00000512	0x88	0xFF
SPI [1]	result	24.68439822	0.00000512	0x32	0xFF
SPI [1]	result	24.72307760	0.00000512	0x00	0x00
SPI [1]	result	24.72308288	0.00000512	0x00	0x00
SPI [1]	result	24.72308816	0.00000512	0x08	0x00
SPI [1]	result	24.72309344	0.00000512	0x20	0x3F
SPI [1]	result	24.72354399	0.00000512	0x0B	0xFF
SPI [1]	result	24.72354927	0.00000512	0x10	0xFF
SPI [1]	result	24.72355455	0.00000512	0x80	0xFF
SPI [1]	result	24.72355983	0.00000512	0x3A	0xFF
SPI [1]	result	24.72396334	0.00000512	0x00	0xFF
SPI [1]	result	24.72396862	0.00000512	0x00	0xFF
SPI [1]	result	24.72397390	0.00000512	0x00	0xFF
SPI [1]	result	24.72397918	0.00000512	0x00	0xFF
SPI [1]	result	24.72438149	0.00000512	0x08	0xFF
SPI [1]	result	24.72438677	0.00000512	0x00	0xFF
SPI [1]	result	24.72439205	0.00000512	0x88	0xFF
SPI [1]	result	24.72439733	0.00000512	0x32	0xFF
SPI [1]	result	24.76307439	0.00000512	0x00	0x00
SPI [1]	result	24.76307967	0.00000512	0x00	0x00
SPI [1]	result	24.76308495	0.00000512	0x08	0x00
SPI [1]	result	24.76309023	0.00000512	0x20	0x3F
SPI [1]	result	24.76351882	0.00000512	0x0C	0xFF
SPI [1]	result	24.76352410	0.00000512	0x10	0xFF
SPI [1]	result	24.76352938	0.00000512	0x80	0xFF
SPI [1]	result	24.76353466	0.00000512	0x02	0xFF
SPI [1]	result	24.76393812	0.00000512	0x00	0xFF
SPI [1]	result	24.76394340	0.00000512	0x00	0xFF
SPI [1]	result	24.76394868	0.00000512	0x09	0xFF
SPI [1]	result	24.76395396	0.00000512	0xA6	0xFF
SPI [1]	result	24.76435579	0.00000512	0x0D	0xFF
SPI [1]	result	24.76436107	0.00000512	0x00	0xFF
SPI [1]	result	24.76436635	0.00000512	0x88	0xFF
SPI [1]	result	24.76437163	0.00000512	0x1A	0xFF
SPI [1]	result	24.76477490	0.00000512	0x00	0xFF
SPI [1]	result	24.76478018	0.00000512	0x00	0xFF
SPI [1]	result	24.76478546	0.00000512	0x00	0xFF
SPI [1]	result	24.76479074	0.00000512	0x00	0xFF
SPI [1]	result	24.76519203	0.00000512	0x08	0xFF
SPI [1]	result	24.76519731	0.00000512	0x00	0xFF
SPI [1]	result	24.76520259	0.00000512	0x89	0xFF
SPI [1]	result	24.76520787	0.00000512	0xB8	0xFF
SPI [1]	result	24.80306413	0.00000512	0x00	0x00
SPI [1]	result	24.80306941	0.00000512	0x00	0x00
SPI [1]	result	24.80307469	0.00000512	0x08	0x00
SPI [1]	result	24.80307997	0.00000512	0x20	0x3F
SPI [1]	result	24.80348886	0.00000512	0x0E	0xFF
SPI [1]	result	24.80349414	0.00000512	0x10	0xFF
SPI [1]	result	24.80349942	0.00000512	0x80	0xFF
SPI [1]	result	24.80350470	0.00000512	0x12	0xFF
SPI [1]	result	24.80390766	0.00000512	0x00	0xFF
SPI [1]	result	24.80391294	0.00000512	0x00	0xFF
SPI [1]	result	24.80391822	0.00000512	0x00	0xFF
SPI [1]	result	24.80392350	0.00000512	0x00	0xFF
SPI [1]	result	24.80432514	0.00000512	0x08	0xFF
SPI [1]	result	24.80433042	0.00000512	0x00	0xFF
SPI [1]	result	24.80433570	0.00000512	0x88	0xFF
SPI [1]	result	24.80434098	0.00000512	0x32	0xFF
SPI [1]	result	24.84306191	0.00000512	0x00	0x00
SPI [1]	result	24.84306719	0.00000512	0x00	0x00
SPI [1]	result	24.84307247	0.00000512	0x08	0x04
SPI [1]	result	24.84307775	0.00000512	0x20	0x3F
SPI [1]	result	24.84348421	0.00000512	0x0F	0xFF
SPI [1]	result	24.84348949	0.00000512	0x10	0xFF
SPI [1]	result	24.84349477	0.00000512	0x80	0xFF
SPI [1]	result	24.84350005	0.00000512	0x1A	0xFF
SPI [1]	result	24.84390116	0.00000512	0x00	0xFF
SPI [1]	result	24.84390644	0.00000512	0x00	0xFF
SPI [1]	result	24.84391172	0.00000512	0x00	0xFF
SPI [1]	result	24.84391700	0.00000512	0x00	0xFF
SPI [1]	result	24.84431845	0.00000512	0x08	0xFF
SPI [1]	result	24.84432373	0.00000512	0x00	0xFF
SPI [1]	result	24.84432901	0.00000512	0x88	0xFF
SPI [1]	result	24.84433429	0.00000512	0x32	0xFF
SPI [1]	result	24.88306354	0.00000512	0x00	0x00
SPI [1]	result	24.88306882	0.00000512	0x00	0x00
SPI [1]	result	24.88307410	0.00000512	0x08	0x00
SPI [1]	result	24.88307938	0.00000512	0x20	0x3F
SPI [1]	result	24.88353969	0.00000512	0x08	0xFF
SPI [1]	result	24.88354497	0.00000512	0x10	0xFF
SPI [1]	result	24.88355025	0.00000512	0x80	0xFF
SPI [1]	result	24.88355553	0.00000512	0x22	0xFF
SPI [1]	result	24.88396038	0.00000512	0x00	0xFF
SPI [1]	result	24.88396566	0.00000512	0x00	0xFF
SPI [1]	result	24.88397094	0.00000512	0x09	0xFF
SPI [1]	result	24.88397622	0.00000512	0xA6	0xFF
SPI [1]	result	24.88437838	0.00000512	0x09	0xFF
SPI [1]	result	24.88438366	0.00000512	0x00	0xFF
SPI [1]	result	24.88438894	0.00000512	0x88	0xFF
SPI [1]	result	24.88439422	0.00000512	0x3A	0xFF
SPI [1]	result	24.88479482	0.00000512	0x00	0xFF
SPI [1]	result	24.88480010	0.00000512	0x00	0xFF
SPI [1]	result	24.88480538	0.00000512	0x00	0xFF
SPI [1]	result	24.88481066	0.00000512	0x00	0xFF
SPI [1]	result	24.88521220	0.00000512	0x08	0xFF
SPI [1]	result	24.88521748	0.00000512	0x00	0xFF
SPI [1]	result	24.88522276	0.00000512	0x89	0xFF
SPI [1]	result	24.88522804	0.00000512	0xB8	0xFF
SPI [1]	result	24.92306145	0.00000512	0x00	0x00
SPI [1]	result	24.92306673	0.00000512	0x00	0x00
SPI [1]	result	24.92307201	0.00000512	0x08	0x04
SPI [1]	result	24.92307729	0.00000512	0x20	0x3F
SPI [1]	result	24.92348117	0.00000512	0x0A	0xFF
SPI [1]	result	24.92348645	0.00000512	0x10	0xFF
SPI [1]	result	24.92349173	0.00000512	0x80	0xFF
SPI [1]	result	24.92349701	0.00000512	0x32	0xFF
SPI [1]	result	24.92389845	0.00000512	0x00	0xFF
SPI [1]	result	24.92390373	0.00000512	0x00	0xFF
SPI [1]	result	24.92390901	0.00000512	0x00	0xFF
SPI [1]	result	24.92391429	0.00000512	0x00	0xFF
SPI [1]	result	24.92431665	0.00000512	0x08	0xFF
SPI [1]	result	24.92432193	0.00000512	0x00	0xFF
SPI [1]	result	24.92432721	0.00000512	0x88	0xFF
SPI [1]	result	24.92433249	0.00000512	0x32	0xFF
SPI [1]	result	24.96307782	0.00000512	0x00	0x00
SPI [1]	result	24.96308310	0.00000512	0x00	0x00
SPI [1]	result	24.96308838	0.00000512	0x08	0x00
SPI [1]	result	24.96309366	0.00000512	0x20	0x3F
SPI [1]	result	24.96453865	0.00000512	0x0B	0x3F
SPI [1]	result	24.96454393	0.00000512	0x10	0xFF
SPI [1]	result	24.96454921	0.00000512	0x80	0xFF
SPI [1]	result	24.96455449	0.00000512	0x3A	0xFF
SPI [1]	result	24.96500429	0.00000512	0x00	0xFF
SPI [1]	result	24.96500957	0.00000512	0x00	0xFF
SPI [1]	result	24.96501485	0.00000512	0x00	0xFF
SPI [1]	result	24.96502013	0.00000512	0x00	0xFF
SPI [1]	result	24.96542738	0.00000512	0x08	0xFF
SPI [1]	result	24.96543266	0.00000512	0x00	0xFF
SPI [1]	result	24.96543794	0.00000512	0x88	0xFF
SPI [1]	result	24.96544322	0.00000512	0x32	0xFF
SPI [1]	result	25.00308167	0.00000512	0x00	0x00
SPI [1]	result	25.00308695	0.00000512	0x00	0x00
SPI [1]	result	25.00309223	0.00000512	0x08	0x00
SPI [1]	result	25.00309751	0.00000512	0x20	0x3F
SPI [1]	result	25.00354815	0.00000512	0x0C	0xFF
SPI [1]	result	25.00355343	0.00000512	0x10	0xFF
SPI [1]	result	25.00355871	0.00000512	0x80	0xFF
SPI [1]	result	25.00356399	0.00000512	0x02	0xFF
SPI [1]	result	25.00396739	0.00000512	0x00	0xFF
SPI [1]	result	25.00397267	0.00000512	0x00	0xFF
SPI [1]	result	25.00397795	0.00000512	0x09	0xFF
SPI [1]	result	25.00398323	0.00000512	0xA6	0xFF
SPI [1]	result	25.00438569	0.00000512	0x0D	0xFF
SPI [1]	result	25.00439097	0.00000512	0x00	0xFF
SPI [1]	result	25.00439625	0.00000512	0x88	0xFF
SPI [1]	result	25.00440153	0.00000512	0x1A	0xFF
SPI [1]	result	25.00480291	0.00000512	0x00	0xFF
SPI [1]	result	25.00480819	0.00000512	0x00	0xFF
SPI [1]	result	25.00481347	0.00000512	0x00	0xFF
SPI [1]	result	25.00481875	0.00000512	0x00	0xFF
SPI [1]	result	25.00522064	0.00000512	0x08	0xFF
SPI [1]	result	25.00522592	0.00000512	0x00	0xFF
SPI [1]	result	25.00523120	0.00000512	0x89	0xFF
SPI [1]	result	25.00523648	0.00000512	0xB8	0xFF
SPI [1]	result	25.04307683	0.00000512	0x00	0x00
SPI [1]	result	25.04308211	0.00000512	0x00	0x00
SPI [1]	result	25.04308739	0.00000512	0x08	0x04
SPI [1]	result	25.04309267	0.00000512	0x20	0x3F
SPI [1]	result	25.04354967	0.00000512	0x0E	0xFF
SPI [1]	result	25.04355495	0.00000512	0x10	0xFF
SPI [1]	result	25.04356023	0.00000512	0x80	0xFF
SPI [1]	result	25.04356551	0.00000512	0x12	0xFF
SPI [1]	result	25.04397380	0.00000512	0x00	0xFF
SPI [1]	result	25.04397908	0.00000512	0x00	0xFF
SPI [1]	result	25.04398436	0.00000512	0x00	0xFF
SPI [1]	result	25.04398964	0.00000512	0x00	0xFF
SPI [1]	result	25.04439174	0.00000512	0x08	0xFF
SPI [1]	result	25.04439702	0.00000512	0x00	0xFF
SPI [1]	result	25.04440230	0.00000512	0x88	0xFF
SPI [1]	result	25.04440758	0.00000512	0x32	0xFF
SPI [1]	result	25.08307465	0.00000512	0x00	0x00
SPI [1]	result	25.08307993	0.00000512	0x00	0x00
SPI [1]	result	25.08308521	0.00000512	0x08	0x00
SPI [1]	result	25.08309049	0.00000512	0x20	0x3F
SPI [1]	result	25.08352224	0.00000512	0x0F	0xFF
SPI [1]	result	25.08352752	0.00000512	0x10	0xFF
SPI [1]	result	25.08353280	0.00000512	0x80	0xFF
SPI [1]	result	25.08353808	0.00000512	0x1A	0xFF
SPI [1]	result	25.08393785	0.00000512	0x00	0xFF
SPI [1]	result	25.08394313	0.00000512	0x00	0xFF
SPI [1]	result	25.08394841	0.00000512	0x00	0xFF
SPI [1]	result	25.08395369	0.00000512	0x00	0xFF
SPI [1]	result	25.08435228	0.00000512	0x08	0xFF
SPI [1]	result	25.08435756	0.00000512	0x00	0xFF
SPI [1]	result	25.08436284	0.00000512	0x88	0xFF
SPI [1]	result	25.08436812	0.00000512	0x32	0xFF
SPI [1]	result	25.12306424	0.00000512	0x00	0x00
SPI [1]	result	25.12306952	0.00000512	0x00	0x00
SPI [1]	result	25.12307480	0.00000512	0x08	0x00
SPI [1]	result	25.12308008	0.00000512	0x20	0x3F
SPI [1]	result	25.12348170	0.00000512	0x08	0xFF
SPI [1]	result	25.12348698	0.00000512	0x10	0xFF
SPI [1]	result	25.12349226	0.00000512	0x80	0xFF
SPI [1]	result	25.12349754	0.00000512	0x22	0xFF
SPI [1]	result	25.12389635	0.00000512	0x00	0xFF
SPI [1]	result	25.12390163	0.00000512	0x00	0xFF
SPI [1]	result	25.12390691	0.00000512	0x09	0xFF
SPI [1]	result	25.12391219	0.00000512	0xA6	0xFF
SPI [1]	result	25.12431102	0.00000512	0x09	0xFF
SPI [1]	result	25.12431630	0.00000512	0x00	0xFF
SPI [1]	result	25.12432158	0.00000512	0x88	0xFF
SPI [1]	result	25.12432686	0.00000512	0x3A	0xFF
SPI [1]	result	25.12472497	0.00000512	0x00	0xFF
SPI [1]	result	25.12473025	0.00000512	0x00	0xFF
SPI [1]	result	25.12473553	0.00000512	0x00	0xFF
SPI [1]	result	25.12474081	0.00000512	0x00	0xFF
SPI [1]	result	25.12513969	0.00000512	0x08	0xFF
SPI [1]	result	25.12514497	0.00000512	0x00	0xFF
SPI [1]	result	25.12515025	0.00000512	0x89	0xFF
SPI [1]	result	25.12515553	0.00000512	0xB8	0xFF
SPI [1]	result	25.16307179	0.00000512	0x00	0x00
SPI [1]	result	25.16307707	0.00000512	0x00	0x00
SPI [1]	result	25.16308235	0.00000512	0x08	0x00
SPI [1]	result	25.16308763	0.00000512	0x20	0x3F
SPI [1]	result	25.16351529	0.00000512	0x0A	0xFF
SPI [1]	result	25.16352057	0.00000512	0x10	0xFF
SPI [1]	result	25.16352585	0.00000512	0x80	0xFF
SPI [1]	result	25.16353113	0.00000512	0x32	0xFF
SPI [1]	result	25.16393405	0.00000512	0x00	0xFF
SPI [1]	result	25.16393933	0.00000512	0x00	0xFF
SPI [1]	result	25.16394461	0.00000512	0x00	0xFF
SPI [1]	result	25.16394989	0.00000512	0x00	0xFF
SPI [1]	result	25.16435154	0.00000512	0x08	0xFF
SPI [1]	result	25.16435682	0.00000512	0x00	0xFF
SPI [1]	result	25.16436210	0.00000512	0x88	0xFF
SPI [1]	result	25.16436738	0.00000512	0x32	0xFF
SPI [1]	result	25.20306422	0.00000512	0x00	0x00
SPI [1]	result	25.20306950	0.00000512	0x00	0x00
SPI [1]	result	25.20307478	0.00000512	0x08	0x00
SPI [1]	result	25.20308006	0.00000512	0x20	0x3F
SPI [1]	result	25.20349101	0.00000512	0x0B	0xFF
SPI [1]	result	25.20349629	0.00000512	0x10	0xFF
SPI [1]	result	25.20350157	0.00000512	0x80	0xFF
SPI [1]	result	25.20350685	0.00000512	0x3A	0xFF
SPI [1]	result	25.20391013	0.00000512	0x00	0xFF
SPI [1]	result	25.20391541	0.00000512	0x00	0xFF
SPI [1]	result	25.20392069	0.00000512	0x00	0xFF
SPI [1]	result	25.20392597	0.00000512	0x00	0xFF
SPI [1]	result	25.20432774	0.00000512	0x08	0xFF
SPI [1]	result	25.20433302	0.00000512	0x00	0xFF
SPI [1]	result	25.20433830	0.00000512	0x88	0xFF
SPI [1]	result	25.20434358	0.00000512	0x32	0xFF
SPI [1]	result	25.24306736	0.00000512	0x00	0x00
SPI [1]	result	25.24307264	0.00000512	0x00	0x00
SPI [1]	result	25.24307792	0.00000512	0x08	0x04
SPI [1]	result	25.24308320	0.00000512	0x20	0x3F
SPI [1]	result	25.24356346	0.00000512	0x0C	0xFF
SPI [1]	result	25.24356874	0.00000512	0x10	0xFF
SPI [1]	result	25.24357402	0.00000512	0x80	0xFF
SPI [1]	result	25.24357930	0.00000512	0x02	0xFF
SPI [1]	result	25.24398463	0.00000512	0x00	0xFF
SPI [1]	result	25.24398991	0.00000512	0x00	0xFF
SPI [1]	result	25.24399519	0.00000512	0x09	0xFF
SPI [1]	result	25.24400047	0.00000512	0xA6	0xFF
SPI [1]	result	25.24440155	0.00000512	0x0D	0xFF
SPI [1]	result	25.24440683	0.00000512	0x00	0xFF
SPI [1]	result	25.24441211	0.00000512	0x88	0xFF
SPI [1]	result	25.24441739	0.00000512	0x1A	0xFF
SPI [1]	result	25.24481889	0.00000512	0x00	0xFF
SPI [1]	result	25.24482417	0.00000512	0x00	0xFF
SPI [1]	result	25.24482945	0.00000512	0x00	0xFF
SPI [1]	result	25.24483473	0.00000512	0x00	0xFF
SPI [1]	result	25.24524693	0.00000512	0x08	0xFF
SPI [1]	result	25.24525221	0.00000512	0x00	0xFF
SPI [1]	result	25.24525749	0.00000512	0x89	0xFF
SPI [1]	result	25.24526277	0.00000512	0xB8	0xFF
SPI [1]	result	25.28306712	0.00000512	0x00	0x00
SPI [1]	result	25.28307240	0.00000512	0x00	0x00
SPI [1]	result	25.28307768	0.00000512	0x08	0x00
SPI [1]	result	25.28308296	0.00000512	0x20	0x3F
SPI [1]	result	25.28350057	0.00000512	0x0E	0xFF
SPI [1]	result	25.28350585	0.00000512	0x10	0xFF
SPI [1]	result	25.28351113	0.00000512	0x80	0xFF
SPI [1]	result	25.28351641	0.00000512	0x12	0xFF
SPI [1]	result	25.28392005	0.00000512	0x00	0xFF
SPI [1]	result	25.28392533	0.00000512	0x00	0xFF
SPI [1]	result	25.28393061	0.00000512	0x00	0xFF
SPI [1]	result	25.28393589	0.00000512	0x00	0xFF
SPI [1]	result	25.28433787	0.00000512	0x08	0xFF
SPI [1]	result	25.28434315	0.00000512	0x00	0xFF
SPI [1]	result	25.28434843	0.00000512	0x88	0xFF
SPI [1]	result	25.28435371	0.00000512	0x32	0xFF
SPI [1]	result	25.32307756	0.00000512	0x00	0x00
SPI [1]	result	25.32308284	0.00000512	0x00	0x00
SPI [1]	result	25.32308812	0.00000512	0x08	0x00
SPI [1]	result	25.32309340	0.00000512	0x20	0x3F
SPI [1]	result	25.32354210	0.00000512	0x0F	0xFF
SPI [1]	result	25.32354738	0.00000512	0x10	0xFF
SPI [1]	result	25.32355266	0.00000512	0x80	0xFF
SPI [1]	result	25.32355794	0.00000512	0x1A	0xFF
SPI [1]	result	25.32396157	0.00000512	0x00	0xFF
SPI [1]	result	25.32396685	0.00000512	0x00	0xFF
SPI [1]	result	25.32397213	0.00000512	0x00	0xFF
SPI [1]	result	25.32397741	0.00000512	0x00	0xFF
SPI [1]	result	25.32437874	0.00000512	0x08	0xFF
SPI [1]	result	25.32438402	0.00000512	0x00	0xFF
SPI [1]	result	25.32438930	0.00000512	0x88	0xFF
SPI [1]	result	25.32439458	0.00000512	0x32	0xFF
SPI [1]	result	25.36308106	0.00000512	0x00	0x00
SPI [1]	result	25.36308634	0.00000512	0x00	0x00
SPI [1]	result	25.36309162	0.00000512	0x08	0x00
SPI [1]	result	25.36309690	0.00000512	0x20	0x3F
SPI [1]	result	25.36357120	0.00000512	0x08	0xFF
SPI [1]	result	25.36357648	0.00000512	0x10	0xFF
SPI [1]	result	25.36358176	0.00000512	0x80	0xFF
SPI [1]	result	25.36358704	0.00000512	0x22	0xFF
SPI [1]	result	25.36403068	0.00000512	0x00	0xFF
SPI [1]	result	25.36403596	0.00000512	0x00	0xFF
SPI [1]	result	25.36404124	0.00000512	0x09	0xFF
SPI [1]	result	25.36404652	0.00000512	0xA6	0xFF
SPI [1]	result	25.36445235	0.00000512	0x09	0xFF
SPI [1]	result	25.36445763	0.00000512	0x00	0xFF
SPI [1]	result	25.36446291	0.00000512	0x88	0xFF
SPI [1]	result	25.36446819	0.00000512	0x3A	0xFF
SPI [1]	result	25.36487048	0.00000512	0x00	0xFF
SPI [1]	result	25.36487576	0.00000512	0x00	0xFF
SPI [1]	result	25.36488104	0.00000512	0x00	0xFF
SPI [1]	result	25.36488632	0.00000512	0x00	0xFF
SPI [1]	result	25.36528870	0.00000512	0x08	0xFF
SPI [1]	result	25.36529398	0.00000512	0x00	0xFF
SPI [1]	result	25.36529926	0.00000512	0x89	0xFF
SPI [1]	result	25.36530454	0.00000512	0xB8	0xFF
SPI [1]	result	25.40307180	0.00000512	0x00	0x00
SPI [1]	result	25.40307708	0.00000512	0x00	0x00
SPI [1]	result	25.40308236	0.00000512	0x08	0x00
SPI [1]	result	25.40308764	0.00000512	0x20	0x3F
SPI [1]	result	25.40351431	0.00000512	0x0A	0xFF
SPI [1]	result	25.40351959	0.00000512	0x10	0xFF
SPI [1]	result	25.40352487	0.00000512	0x80	0xFF
SPI [1]	result	25.40353015	0.00000512	0x32	0xFF
SPI [1]	result	25.40393095	0.00000512	0x00	0xFF
SPI [1]	result	25.40393623	0.00000512	0x00	0xFF
SPI [1]	result	25.40394151	0.00000512	0x00	0xFF
SPI [1]	result	25.40394679	0.00000512	0x00	0xFF
SPI [1]	result	25.40434673	0.00000512	0x08	0xFF
SPI [1]	result	25.40435201	0.00000512	0x00	0xFF
SPI [1]	result	25.40435729	0.00000512	0x88	0xFF
SPI [1]	result	25.40436257	0.00000512	0x32	0xFF
SPI [1]	result	25.44306325	0.00000512	0x00	0x00
SPI [1]	result	25.44306853	0.00000512	0x00	0x00
SPI [1]	result	25.44307381	0.00000512	0x08	0x04
SPI [1]	result	25.44307909	0.00000512	0x20	0x3F
SPI [1]	result	25.44348732	0.00000512	0x0B	0xFF
SPI [1]	result	25.44349260	0.00000512	0x10	0xFF
SPI [1]	result	25.44349788	0.00000512	0x80	0xFF
SPI [1]	result	25.44350316	0.00000512	0x3A	0xFF
SPI [1]	result	25.44390556	0.00000512	0x00	0xFF
SPI [1]	result	25.44391084	0.00000512	0x00	0xFF
SPI [1]	result	25.44391612	0.00000512	0x00	0xFF
SPI [1]	result	25.44392140	0.00000512	0x00	0xFF
SPI [1]	result	25.44432236	0.00000512	0x08	0xFF
SPI [1]	result	25.44432764	0.00000512	0x00	0xFF
SPI [1]	result	25.44433292	0.00000512	0x88	0xFF
SPI [1]	result	25.44433820	0.00000512	0x32	0xFF
SPI [1]	result	25.48306758	0.00000512	0x00	0x00
SPI [1]	result	25.48307286	0.00000512	0x00	0x00
SPI [1]	result	25.48307814	0.00000512	0x08	0x04
SPI [1]	result	25.48308342	0.00000512	0x20	0x3F
SPI [1]	result	25.48349803	0.00000512	0x0C	0xFF
SPI [1]	result	25.48350331	0.00000512	0x10	0xFF
SPI [1]	result	25.48350859	0.00000512	0x80	0xFF
SPI [1]	result	25.48351387	0.00000512	0x02	0xFF
SPI [1]	result	25.48391893	0.00000512	0x00	0xFF
SPI [1]	result	25.48392421	0.00000512	0x00	0xFF
SPI [1]	result	25.48392949	0.00000512	0x09	0xFF
SPI [1]	result	25.48393477	0.00000512	0xA6	0xFF
SPI [1]	result	25.48433510	0.00000512	0x0D	0xFF
SPI [1]	result	25.48434038	0.00000512	0x00	0xFF
SPI [1]	result	25.48434566	0.00000512	0x88	0xFF
SPI [1]	result	25.48435094	0.00000512	0x1A	0xFF
SPI [1]	result	25.48475070	0.00000512	0x00	0xFF
SPI [1]	result	25.48475598	0.00000512	0x00	0xFF
SPI [1]	result	25.48476126	0.00000512	0x00	0xFF
SPI [1]	result	25.48476654	0.00000512	0x00	0xFF
SPI [1]	result	25.48516731	0.00000512	0x08	0xFF
SPI [1]	result	25.48517259	0.00000512	0x00	0xFF
SPI [1]	result	25.48517787	0.00000512	0x89	0xFF
SPI [1]	result	25.48518315	0.00000512	0xB8	0xFF
SPI [1]	result	25.52306232	0.00000512	0x00	0x00
SPI [1]	result	25.52306760	0.00000512	0x00	0x00
SPI [1]	result	25.52307288	0.00000512	0x08	0x04
SPI [1]	result	25.52307816	0.00000512	0x20	0x3F
SPI [1]	result	25.52347995	0.00000512	0x0E	0xFF
SPI [1]	result	25.52348523	0.00000512	0x10	0xFF
SPI [1]	result	25.52349051	0.00000512	0x80	0xFF
SPI [1]	result	25.52349579	0.00000512	0x12	0xFF
SPI [1]	result	25.52389745	0.00000512	0x00	0xFF
SPI [1]	result	25.52390273	0.00000512	0x00	0xFF
SPI [1]	result	25.52390801	0.00000512	0x00	0xFF
SPI [1]	result	25.52391329	0.00000512	0x00	0xFF
SPI [1]	result	25.52431434	0.00000512	0x08	0xFF
SPI [1]	result	25.52431962	0.00000512	0x00	0xFF
SPI [1]	result	25.52432490	0.00000512	0x88	0xFF
SPI [1]	result	25.52433018	0.00000512	0x32	0xFF
SPI [1]	result	25.56306130	0.00000512	0x00	0x00
SPI [1]	result	25.56306658	0.00000512	0x00	0x00
SPI [1]	result	25.56307186	0.00000512	0x08	0x04
SPI [1]	result	25.56307714	0.00000512	0x20	0x3F
SPI [1]	result	25.56348165	0.00000512	0x0F	0xFF
SPI [1]	result	25.56348693	0.00000512	0x10	0xFF
SPI [1]	result	25.56349221	0.00000512	0x80	0xFF
SPI [1]	result	25.56349749	0.00000512	0x1A	0xFF
SPI [1]	result	25.56389945	0.00000512	0x00	0xFF
SPI [1]	result	25.56390473	0.00000512	0x00	0xFF
SPI [1]	result	25.56391001	0.00000512	0x00	0xFF
SPI [1]	result	25.56391529	0.00000512	0x00	0xFF
SPI [1]	result	25.56431347	0.00000512	0x08	0xFF
SPI [1]	result	25.56431875	0.00000512	0x00	0xFF
SPI [1]	result	25.56432403	0.00000512	0x88	0xFF
SPI [1]	result	25.56432931	0.00000512	0x32	0xFF
SPI [1]	result	25.60306745	0.00000512	0x00	0x00
SPI [1]	result	25.60307273	0.00000512	0x00	0x00
SPI [1]	result	25.60307801	0.00000512	0x08	0x00
SPI [1]	result	25.60308329	0.00000512	0x20	0x3F
SPI [1]	result	25.60349708	0.00000512	0x08	0xFF
SPI [1]	result	25.60350236	0.00000512	0x10	0xFF
SPI [1]	result	25.60350764	0.00000512	0x80	0xFF
SPI [1]	result	25.60351292	0.00000512	0x22	0xFF
SPI [1]	result	25.60397276	0.00000512	0x00	0xFF
SPI [1]	result	25.60397804	0.00000512	0x00	0xFF
SPI [1]	result	25.60398332	0.00000512	0x09	0xFF
SPI [1]	result	25.60398860	0.00000512	0xA6	0xFF
SPI [1]	result	25.60439667	0.00000512	0x09	0xFF
SPI [1]	result	25.60440195	0.00000512	0x00	0xFF
SPI [1]	result	25.60440723	0.00000512	0x88	0xFF
SPI [1]	result	25.60441251	0.00000512	0x3A	0xFF
SPI [1]	result	25.60481456	0.00000512	0x00	0xFF
SPI [1]	result	25.60481984	0.00000512	0x00	0xFF
SPI [1]	result	25.60482512	0.00000512	0x00	0xFF
SPI [1]	result	25.60483040	0.00000512	0x00	0xFF
SPI [1]	result	25.60523123	0.00000512	0x08	0xFF
SPI [1]	result	25.60523651	0.00000512	0x00	0xFF
SPI [1]	result	25.60524179	0.00000512	0x89	0xFF
SPI [1]	result	25.60524707	0.00000512	0xB8	0xFF
SPI [1]	result	25.64306417	0.00000512	0x00	0x00
SPI [1]	result	25.64306945	0.00000512	0x00	0x00
SPI [1]	result	25.64307473	0.00000512	0x08	0x04
SPI [1]	result	25.64308001	0.00000512	0x20	0x3F
SPI [1]	result	25.64349345	0.00000512	0x0A	0xFF
SPI [1]	result	25.64349873	0.00000512	0x10	0xFF
SPI [1]	result	25.64350401	0.00000512	0x80	0xFF
SPI [1]	result	25.64350929	0.00000512	0x32	0xFF
SPI [1]	result	25.64390963	0.00000512	0x00	0xFF
SPI [1]	result	25.64391491	0.00000512	0x00	0xFF
SPI [1]	result	25.64392019	0.00000512	0x00	0xFF
SPI [1]	result	25.64392547	0.00000512	0x00	0xFF
SPI [1]	result	25.64432677	0.00000512	0x08	0xFF
SPI [1]	result	25.64433205	0.00000512	0x00	0xFF
SPI [1]	result	25.64433733	0.00000512	0x88	0xFF
SPI [1]	result	25.64434261	0.00000512	0x32	0xFF
SPI [1]	result	25.68306382	0.00000512	0x00	0x00
SPI [1]	result	25.68306910	0.00000512	0x00	0x00
SPI [1]	result	25.68307438	0.00000512	0x08	0x00
SPI [1]	result	25.68307966	0.00000512	0x20	0x3F
SPI [1]	result	25.68349386	0.00000512	0x0B	0xFF
SPI [1]	result	25.68349914	0.00000512	0x10	0xFF
SPI [1]	result	25.68350442	0.00000512	0x80	0xFF
SPI [1]	result	25.68350970	0.00000512	0x3A	0xFF
SPI [1]	result	25.68391256	0.00000512	0x00	0xFF
SPI [1]	result	25.68391784	0.00000512	0x00	0xFF
SPI [1]	result	25.68392312	0.00000512	0x00	0xFF
SPI [1]	result	25.68392840	0.00000512	0x00	0xFF
SPI [1]	result	25.68432692	0.00000512	0x08	0xFF
SPI [1]	result	25.68433220	0.00000512	0x00	0xFF
SPI [1]	result	25.68433748	0.00000512	0x88	0xFF
SPI [1]	result	25.68434276	0.00000512	0x32	0xFF
SPI [1]	result	25.72306387	0.00000512	0x00	0x00
SPI [1]	result	25.72306915	0.00000512	0x00	0x00
SPI [1]	result	25.72307443	0.00000512	0x08	0x04
SPI [1]	result	25.72307971	0.00000512	0x20	0x3F
SPI [1]	result	25.72348367	0.00000512	0x0C	0xFF
SPI [1]	result	25.72348895	0.00000512	0x10	0xFF
SPI [1]	result	25.72349423	0.00000512	0x80	0xFF
SPI [1]	result	25.72349951	0.00000512	0x02	0xFF
SPI [1]	result	25.72390106	0.00000512	0x00	0xFF
SPI [1]	result	25.72390634	0.00000512	0x00	0xFF
SPI [1]	result	25.72391162	0.00000512	0x09	0xFF
SPI [1]	result	25.72391690	0.00000512	0xA6	0xFF
SPI [1]	result	25.72431869	0.00000512	0x0D	0xFF
SPI [1]	result	25.72432397	0.00000512	0x00	0xFF
SPI [1]	result	25.72432925	0.00000512	0x88	0xFF
SPI [1]	result	25.72433453	0.00000512	0x1A	0xFF
SPI [1]	result	25.72473595	0.00000512	0x00	0xFF
SPI [1]	result	25.72474123	0.00000512	0x00	0xFF
SPI [1]	result	25.72474651	0.00000512	0x00	0xFF
SPI [1]	result	25.72475179	0.00000512	0x00	0xFF
SPI [1]	result	25.72515309	0.00000512	0x08	0xFF
SPI [1]	result	25.72515837	0.00000512	0x00	0xFF
SPI [1]	result	25.72516365	0.00000512	0x89	0xFF
SPI [1]	result	25.72516893	0.00000512	0xB8	0xFF
SPI [1]	result	25.76307384	0.00000512	0x00	0x00
SPI [1]	result	25.76307912	0.00000512	0x00	0x00
SPI [1]	result	25.76308440	0.00000512	0x08	0x04
SPI [1]	result	25.76308968	0.00000512	0x20	0x3F
SPI [1]	result	25.76353306	0.00000512	0x0E	0xFF
SPI [1]	result	25.76353834	0.00000512	0x10	0xFF
SPI [1]	result	25.76354362	0.00000512	0x80	0xFF
SPI [1]	result	25.76354890	0.00000512	0x12	0xFF
SPI [1]	result	25.76395310	0.00000512	0x00	0xFF
SPI [1]	result	25.76395838	0.00000512	0x00	0xFF
SPI [1]	result	25.76396366	0.00000512	0x00	0xFF
SPI [1]	result	25.76396894	0.00000512	0x00	0xFF
SPI [1]	result	25.76437160	0.00000512	0x08	0xFF
SPI [1]	result	25.76437688	0.00000512	0x00	0xFF
SPI [1]	result	25.76438216	0.00000512	0x88	0xFF
SPI [1]	result	25.76438744	0.00000512	0x32	0xFF
SPI [1]	result	25.80306771	0.00000512	0x00	0x00
SPI [1]	result	25.80307299	0.00000512	0x00	0x00
SPI [1]	result	25.80307827	0.00000512	0x08	0x00
SPI [1]	result	25.80308355	0.00000512	0x20	0x3F
SPI [1]	result	25.80350382	0.00000512	0x0F	0xFF
SPI [1]	result	25.80350910	0.00000512	0x10	0xFF
SPI [1]	result	25.80351438	0.00000512	0x80	0xFF
SPI [1]	result	25.80351966	0.00000512	0x1A	0xFF
SPI [1]	result	25.80392347	0.00000512	0x00	0xFF
SPI [1]	result	25.80392875	0.00000512	0x00	0xFF
SPI [1]	result	25.80393403	0.00000512	0x00	0xFF
SPI [1]	result	25.80393931	0.00000512	0x00	0xFF
SPI [1]	result	25.80434144	0.00000512	0x08	0xFF
SPI [1]	result	25.80434672	0.00000512	0x00	0xFF
SPI [1]	result	25.80435200	0.00000512	0x88	0xFF
SPI [1]	result	25.80435728	0.00000512	0x32	0xFF
SPI [1]	result	25.84306693	0.00000512	0x00	0x00
SPI [1]	result	25.84307221	0.00000512	0x00	0x00
SPI [1]	result	25.84307749	0.00000512	0x08	0x04
SPI [1]	result	25.84308277	0.00000512	0x20	0x3F
SPI [1]	result	25.84349803	0.00000512	0x08	0xFF
SPI [1]	result	25.84350331	0.00000512	0x10	0xFF
SPI [1]	result	25.84350859	0.00000512	0x80	0xFF
SPI [1]	result	25.84351387	0.00000512	0x22	0xFF
SPI [1]	result	25.84391710	0.00000512	0x00	0xFF
SPI [1]	result	25.84392238	0.00000512	0x00	0xFF
SPI [1]	result	25.84392766	0.00000512	0x09	0xFF
SPI [1]	result	25.84393294	0.00000512	0xA6	0xFF
SPI [1]	result	25.84433466	0.00000512	0x09	0xFF
SPI [1]	result	25.84433994	0.00000512	0x00	0xFF
SPI [1]	result	25.84434522	0.00000512	0x88	0xFF
SPI [1]	result	25.84435050	0.00000512	0x3A	0xFF
SPI [1]	result	25.84474946	0.00000512	0x00	0xFF
SPI [1]	result	25.84475474	0.00000512	0x00	0xFF
SPI [1]	result	25.84476002	0.00000512	0x00	0xFF
SPI [1]	result	25.84476530	0.00000512	0x00	0xFF
SPI [1]	result	25.84516722	0.00000512	0x08	0xFF
SPI [1]	result	25.84517250	0.00000512	0x00	0xFF
SPI [1]	result	25.84517778	0.00000512	0x89	0xFF
SPI [1]	result	25.84518306	0.00000512	0xB8	0xFF
SPI [1]	result	25.88306180	0.00000512	0x00	0x00
SPI [1]	result	25.88306708	0.00000512	0x00	0x00
SPI [1]	result	25.88307236	0.00000512	0x08	0x00
SPI [1]	result	25.88307764	0.00000512	0x20	0x3F
SPI [1]	result	25.88348151	0.00000512	0x0A	0xFF
SPI [1]	result	25.88348679	0.00000512	0x10	0xFF
SPI [1]	result	25.88349207	0.00000512	0x80	0xFF
SPI [1]	result	25.88349735	0.00000512	0x32	0xFF
SPI [1]	result	25.88389905	0.00000512	0x00	0xFF
SPI [1]	result	25.88390433	0.00000512	0x00	0xFF
SPI [1]	result	25.88390961	0.00000512	0x00	0xFF
SPI [1]	result	25.88391489	0.00000512	0x00	0xFF
SPI [1]	result	25.88431336	0.00000512	0x08	0xFF
SPI [1]	result	25.88431864	0.00000512	0x00	0xFF
SPI [1]	result	25.88432392	0.00000512	0x88	0xFF
SPI [1]	result	25.88432920	0.00000512	0x32	0xFF
SPI [1]	result	25.92306116	0.00000512	0x00	0x00
SPI [1]	result	25.92306644	0.00000512	0x00	0x00
SPI [1]	result	25.92307172	0.00000512	0x08	0x00
SPI [1]	result	25.92307700	0.00000512	0x20	0x3F
SPI [1]	result	25.92348071	0.00000512	0x0B	0xFF
SPI [1]	result	25.92348599	0.00000512	0x10	0xFF
SPI [1]	result	25.92349127	0.00000512	0x80	0xFF
SPI [1]	result	25.92349655	0.00000512	0x3A	0xFF
SPI [1]	result	25.92389773	0.00000512	0x00	0xFF
SPI [1]	result	25.92390301	0.00000512	0x00	0xFF
SPI [1]	result	25.92390829	0.00000512	0x00	0xFF
SPI [1]	result	25.92391357	0.00000512	0x00	0xFF
SPI [1]	result	25.92431507	0.00000512	0x08	0xFF
SPI [1]	result	25.92432035	0.00000512	0x00	0xFF
SPI [1]	result	25.92432563	0.00000512	0x88	0xFF
SPI [1]	result	25.92433091	0.00000512	0x32	0xFF
SPI [1]	result	25.96306349	0.00000512	0x00	0x00
SPI [1]	result	25.96306877	0.00000512	0x00	0x00
SPI [1]	result	25.96307405	0.00000512	0x08	0x00
SPI [1]	result	25.96307933	0.00000512	0x20	0x3F
SPI [1]	result	25.96348471	0.00000512	0x0C	0xFF
SPI [1]	result	25.96348999	0.00000512	0x10	0xFF
SPI [1]	result	25.96349527	0.00000512	0x80	0xFF
SPI [1]	result	25.96350055	0.00000512	0x02	0xFF
SPI [1]	result	25.96396788	0.00000512	0x00	0xFF
SPI [1]	result	25.96397316	0.00000512	0x00	0xFF
SPI [1]	result	25.96397844	0.00000512	0x09	0xFF
SPI [1]	result	25.96398372	0.00000512	0xA6	0xFF
SPI [1]	result	25.96439451	0.00000512	0x0D	0xFF
SPI [1]	result	25.96439979	0.00000512	0x00	0xFF
SPI [1]	result	25.96440507	0.00000512	0x88	0xFF
SPI [1]	result	25.96441035	0.00000512	0x1A	0xFF
SPI [1]	result	25.96480942	0.00000512	0x00	0xFF
SPI [1]	result	25.96481470	0.00000512	0x00	0xFF
SPI [1]	result	25.96481998	0.00000512	0x00	0xFF
SPI [1]	result	25.96482526	0.00000512	0x00	0xFF
SPI [1]	result	25.96522650	0.00000512	0x08	0xFF
SPI [1]	result	25.96523178	0.00000512	0x00	0xFF
SPI [1]	result	25.96523706	0.00000512	0x89	0xFF
SPI [1]	result	25.96524234	0.00000512	0xB8	0xFF
SPI [1]	result	26.00306677	0.00000512	0x00	0x00
SPI [1]	result	26.00307205	0.00000512	0x00	0x00
SPI [1]	result	26.00307733	0.00000512	0x08	0x00
SPI [1]	result	26.00308261	0.00000512	0x20	0x3F
SPI [1]	result	26.00350514	0.00000512	0x0E	0xFF
SPI [1]	result	26.00351042	0.00000512	0x10	0xFF
SPI [1]	result	26.00351570	0.00000512	0x80	0xFF
SPI [1]	result	26.00352098	0.00000512	0x12	0xFF
SPI [1]	result	26.00392674	0.00000512	0x00	0xFF
SPI [1]	result	26.00393202	0.00000512	0x00	0xFF
SPI [1]	result	26.00393730	0.00000512	0x00	0xFF
SPI [1]	result	26.00394258	0.00000512	0x00	0xFF
SPI [1]	result	26.00434453	0.00000512	0x08	0xFF
SPI [1]	result	26.00434981	0.00000512	0x00	0xFF
SPI [1]	result	26.00435509	0.00000512	0x88	0xFF
SPI [1]	result	26.00436037	0.00000512	0x32	0xFF
SPI [1]	result	26.04306427	0.00000512	0x00	0x00
SPI [1]	result	26.04306955	0.00000512	0x00	0x00
SPI [1]	result	26.04307483	0.00000512	0x08	0x04
SPI [1]	result	26.04308011	0.00000512	0x20	0x3F
SPI [1]	result	26.04348929	0.00000512	0x0F	0xFF
SPI [1]	result	26.04349457	0.00000512	0x10	0xFF
SPI [1]	result	26.04349985	0.00000512	0x80	0xFF
SPI [1]	result	26.04350513	0.00000512	0x1A	0xFF
SPI [1]	result	26.04390787	0.00000512	0x00	0xFF
SPI [1]	result	26.04391315	0.00000512	0x00	0xFF
SPI [1]	result	26.04391843	0.00000512	0x00	0xFF
SPI [1]	result	26.04392371	0.00000512	0x00	0xFF
SPI [1]	result	26.04432553	0.00000512	0x08	0xFF
SPI [1]	result	26.04433081	0.00000512	0x00	0xFF
SPI [1]	result	26.04433609	0.00000512	0x88	0xFF
SPI [1]	result	26.04434137	0.00000512	0x32	0xFF
SPI [1]	result	26.08307562	0.00000512	0x00	0x00
SPI [1]	result	26.08308090	0.00000512	0x00	0x00
SPI [1]	result	26.08308618	0.00000512	0x08	0x00
SPI [1]	result	26.08309146	0.00000512	0x20	0x3F
SPI [1]	result	26.08352844	0.00000512	0x08	0xFF
SPI [1]	result	26.08353372	0.00000512	0x10	0xFF
SPI [1]	result	26.08353900	0.00000512	0x80	0xFF
SPI [1]	result	26.08354428	0.00000512	0x22	0xFF
SPI [1]	result	26.08394835	0.00000512	0x00	0xFF
SPI [1]	result	26.08395363	0.00000512	0x00	0xFF
SPI [1]	result	26.08395891	0.00000512	0x09	0xFF
SPI [1]	result	26.08396419	0.00000512	0xA6	0xFF
SPI [1]	result	26.08436905	0.00000512	0x09	0xFF
SPI [1]	result	26.08437433	0.00000512	0x00	0xFF
SPI [1]	result	26.08437961	0.00000512	0x88	0xFF
SPI [1]	result	26.08438489	0.00000512	0x3A	0xFF
SPI [1]	result	26.08480059	0.00000512	0x00	0xFF
SPI [1]	result	26.08480587	0.00000512	0x00	0xFF
SPI [1]	result	26.08481115	0.00000512	0x00	0xFF
SPI [1]	result	26.08481643	0.00000512	0x00	0xFF
SPI [1]	result	26.08521978	0.00000512	0x08	0xFF
SPI [1]	result	26.08522506	0.00000512	0x00	0xFF
SPI [1]	result	26.08523034	0.00000512	0x89	0xFF
SPI [1]	result	26.08523562	0.00000512	0xB8	0xFF
SPI [1]	result	26.12306742	0.00000512	0x00	0x00
SPI [1]	result	26.12307270	0.00000512	0x00	0x00
SPI [1]	result	26.12307798	0.00000512	0x08	0x04
SPI [1]	result	26.12308326	0.00000512	0x20	0x3F
SPI [1]	result	26.12350131	0.00000512	0x0A	0xFF
SPI [1]	result	26.12350659	0.00000512	0x10	0xFF
SPI [1]	result	26.12351187	0.00000512	0x80	0xFF
SPI [1]	result	26.12351715	0.00000512	0x32	0xFF
SPI [1]	result	26.12392096	0.00000512	0x00	0xFF
SPI [1]	result	26.12392624	0.00000512	0x00	0xFF
SPI [1]	result	26.12393152	0.00000512	0x00	0xFF
SPI [1]	result	26.12393680	0.00000512	0x00	0xFF
SPI [1]	result	26.12433781	0.00000512	0x08	0xFF
SPI [1]	result	26.12434309	0.00000512	0x00	0xFF
SPI [1]	result	26.12434837	0.00000512	0x88	0xFF
SPI [1]	result	26.12435365	0.00000512	0x32	0xFF
SPI [1]	result	26.16306688	0.00000512	0x00	0x00
SPI [1]	result	26.16307216	0.00000512	0x00	0x00
SPI [1]	result	26.16307744	0.00000512	0x08	0x04
SPI [1]	result	26.16308272	0.00000512	0x20	0x3F
SPI [1]	result	26.16350874	0.00000512	0x0B	0xFF
SPI [1]	result	26.16351402	0.00000512	0x10	0xFF
SPI [1]	result	26.16351930	0.00000512	0x80	0xFF
SPI [1]	result	26.16352458	0.00000512	0x3A	0xFF
SPI [1]	result	26.16392524	0.00000512	0x00	0xFF
SPI [1]	result	26.16393052	0.00000512	0x00	0xFF
SPI [1]	result	26.16393580	0.00000512	0x00	0xFF
SPI [1]	result	26.16394108	0.00000512	0x00	0xFF
SPI [1]	result	26.16434307	0.00000512	0x08	0xFF
SPI [1]	result	26.16434835	0.00000512	0x00	0xFF
SPI [1]	result	26.16435363	0.00000512	0x88	0xFF
SPI [1]	result	26.16435891	0.00000512	0x32	0xFF
SPI [1]	result	26.20307757	0.00000512	0x00	0x00
SPI [1]	result	26.20308285	0.00000512	0x00	0x00
SPI [1]	result	26.20308813	0.00000512	0x08	0x00
SPI [1]	result	26.20309341	0.00000512	0x20	0x3F
SPI [1]	result	26.20354051	0.00000512	0x0C	0xFF
SPI [1]	result	26.20354579	0.00000512	0x10	0xFF
SPI [1]	result	26.20355107	0.00000512	0x80	0xFF
SPI [1]	result	26.20355635	0.00000512	0x02	0xFF
SPI [1]	result	26.20396411	0.00000512	0x00	0xFF
SPI [1]	result	26.20396939	0.00000512	0x00	0xFF
SPI [1]	result	26.20397467	0.00000512	0x09	0xFF
SPI [1]	result	26.20397995	0.00000512	0xA6	0xFF
SPI [1]	result	26.20437926	0.00000512	0x0D	0xFF
SPI [1]	result	26.20438454	0.00000512	0x00	0xFF
SPI [1]	result	26.20438982	0.00000512	0x88	0xFF
SPI [1]	result	26.20439510	0.00000512	0x1A	0xFF
SPI [1]	result	26.20479719	0.00000512	0x00	0xFF
SPI [1]	result	26.20480247	0.00000512	0x00	0xFF
SPI [1]	result	26.20480775	0.00000512	0x00	0xFF
SPI [1]	result	26.20481303	0.00000512	0x00	0xFF
SPI [1]	result	26.20521512	0.00000512	0x08	0xFF
SPI [1]	result	26.20522040	0.00000512	0x00	0xFF
SPI [1]	result	26.20522568	0.00000512	0x89	0xFF
SPI [1]	result	26.20523096	0.00000512	0xB8	0xFF
SPI [1]	result	26.24306853	0.00000512	0x00	0x00
SPI [1]	result	26.24307381	0.00000512	0x00	0x00
SPI [1]	result	26.24307909	0.00000512	0x08	0x04
SPI [1]	result	26.24308437	0.00000512	0x20	0x3F
SPI [1]	result	26.24351255	0.00000512	0x0E	0xFF
SPI [1]	result	26.24351783	0.00000512	0x10	0xFF
SPI [1]	result	26.24352311	0.00000512	0x80	0xFF
SPI [1]	result	26.24352839	0.00000512	0x12	0xFF
SPI [1]	result	26.24392937	0.00000512	0x00	0xFF
SPI [1]	result	26.24393465	0.00000512	0x00	0xFF
SPI [1]	result	26.24393993	0.00000512	0x00	0xFF
SPI [1]	result	26.24394521	0.00000512	0x00	0xFF
SPI [1]	result	26.24434674	0.00000512	0x08	0xFF
SPI [1]	result	26.24435202	0.00000512	0x00	0xFF
SPI [1]	result	26.24435730	0.00000512	0x88	0xFF
SPI [1]	result	26.24436258	0.00000512	0x32	0xFF
SPI [1]	result	26.28306535	0.00000512	0x00	0x00
SPI [1]	result	26.28307063	0.00000512	0x00	0x00
SPI [1]	result	26.28307591	0.00000512	0x08	0x00
SPI [1]	result	26.28308119	0.00000512	0x20	0x3F
SPI [1]	result	26.28350009	0.00000512	0x0F	0xFF
SPI [1]	result	26.28350537	0.00000512	0x10	0xFF
SPI [1]	result	26.28351065	0.00000512	0x80	0xFF
SPI [1]	result	26.28351593	0.00000512	0x1A	0xFF
SPI [1]	result	26.28391900	0.00000512	0x00	0xFF
SPI [1]	result	26.28392428	0.00000512	0x00	0xFF
SPI [1]	result	26.28392956	0.00000512	0x00	0xFF
SPI [1]	result	26.28393484	0.00000512	0x00	0xFF
SPI [1]	result	26.28433637	0.00000512	0x08	0xFF
SPI [1]	result	26.28434165	0.00000512	0x00	0xFF
SPI [1]	result	26.28434693	0.00000512	0x88	0xFF
SPI [1]	result	26.28435221	0.00000512	0x32	0xFF
SPI [1]	result	26.32306381	0.00000512	0x00	0x00
SPI [1]	result	26.32306909	0.00000512	0x00	0x00
SPI [1]	result	26.32307437	0.00000512	0x08	0x04
SPI [1]	result	26.32307965	0.00000512	0x20	0x3F
SPI [1]	result	26.32348387	0.00000512	0x08	0xFF
SPI [1]	result	26.32348915	0.00000512	0x10	0xFF
SPI [1]	result	26.32349443	0.00000512	0x80	0xFF
SPI [1]	result	26.32349971	0.00000512	0x22	0xFF
SPI [1]	result	26.32390111	0.00000512	0x00	0xFF
SPI [1]	result	26.32390639	0.00000512	0x00	0xFF
SPI [1]	result	26.32391167	0.00000512	0x09	0xFF
SPI [1]	result	26.32391695	0.00000512	0xA6	0xFF
SPI [1]	result	26.32437795	0.00000512	0x09	0xFF
SPI [1]	result	26.32438323	0.00000512	0x00	0xFF
SPI [1]	result	26.32438851	0.00000512	0x88	0xFF
SPI [1]	result	26.32439379	0.00000512	0x3A	0xFF
SPI [1]	result	26.32480113	0.00000512	0x00	0xFF
SPI [1]	result	26.32480641	0.00000512	0x00	0xFF
SPI [1]	result	26.32481169	0.00000512	0x00	0xFF
SPI [1]	result	26.32481697	0.00000512	0x00	0xFF
SPI [1]	result	26.32521915	0.00000512	0x08	0xFF
SPI [1]	result	26.32522443	0.00000512	0x00	0xFF
SPI [1]	result	26.32522971	0.00000512	0x89	0xFF
SPI [1]	result	26.32523499	0.00000512	0xB8	0xFF
SPI [1]	result	26.36306268	0.00000512	0x00	0x00
SPI [1]	result	26.36306796	0.00000512	0x00	0x00
SPI [1]	result	26.36307324	0.00000512	0x08	0x04
SPI [1]	result	26.36307852	0.00000512	0x20	0x3F
SPI [1]	result	26.36348298	0.00000512	0x0A	0xFF
SPI [1]	result	26.36348826	0.00000512	0x10	0xFF
SPI [1]	result	26.36349354	0.00000512	0x80	0xFF
SPI [1]	result	26.36349882	0.00000512	0x32	0xFF
SPI [1]	result	26.36390048	0.00000512	0x00	0xFF
SPI [1]	result	26.36390576	0.00000512	0x00	0xFF
SPI [1]	result	26.36391104	0.00000512	0x00	0xFF
SPI [1]	result	26.36391632	0.00000512	0x00	0xFF
SPI [1]	result	26.36431761	0.00000512	0x08	0xFF
SPI [1]	result	26.36432289	0.00000512	0x00	0xFF
SPI [1]	result	26.36432817	0.00000512	0x88	0xFF
SPI [1]	result	26.36433345	0.00000512	0x32	0xFF
SPI [1]	result	26.40306218	0.00000512	0x00	0x00
SPI [1]	result	26.40306746	0.00000512	0x00	0x00
SPI [1]	result	26.40307274	0.00000512	0x08	0x00
SPI [1]	result	26.40307802	0.00000512	0x20	0x3F
SPI [1]	result	26.40348474	0.00000512	0x0B	0xFF
SPI [1]	result	26.40349002	0.00000512	0x10	0xFF
SPI [1]	result	26.40349530	0.00000512	0x80	0xFF
SPI [1]	result	26.40350058	0.00000512	0x3A	0xFF
SPI [1]	result	26.40390204	0.00000512	0x00	0xFF
SPI [1]	result	26.40390732	0.00000512	0x00	0xFF
SPI [1]	result	26.40391260	0.00000512	0x00	0xFF
SPI [1]	result	26.40391788	0.00000512	0x00	0xFF
SPI [1]	result	26.40431937	0.00000512	0x08	0xFF
SPI [1]	result	26.40432465	0.00000512	0x00	0xFF
SPI [1]	result	26.40432993	0.00000512	0x88	0xFF
SPI [1]	result	26.40433521	0.00000512	0x32	0xFF
SPI [1]	result	26.44306319	0.00000512	0x00	0x00
SPI [1]	result	26.44306847	0.00000512	0x00	0x00
SPI [1]	result	26.44307375	0.00000512	0x08	0x00
SPI [1]	result	26.44307903	0.00000512	0x20	0x3F
SPI [1]	result	26.44348502	0.00000512	0x0C	0xFF
SPI [1]	result	26.44349030	0.00000512	0x10	0xFF
SPI [1]	result	26.44349558	0.00000512	0x80	0xFF
SPI [1]	result	26.44350086	0.00000512	0x02	0xFF
SPI [1]	result	26.44390348	0.00000512	0x00	0xFF
SPI [1]	result	26.44390876	0.00000512	0x00	0xFF
SPI [1]	result	26.44391404	0.00000512	0x09	0xFF
SPI [1]	result	26.44391932	0.00000512	0xA6	0xFF
SPI [1]	result	26.44432069	0.00000512	0x0D	0xFF
SPI [1]	result	26.44432597	0.00000512	0x00	0xFF
SPI [1]	result	26.44433125	0.00000512	0x88	0xFF
SPI [1]	result	26.44433653	0.00000512	0x1A	0xFF
SPI [1]	result	26.44473519	0.00000512	0x00	0xFF
SPI [1]	result	26.44474047	0.00000512	0x00	0xFF
SPI [1]	result	26.44474575	0.00000512	0x00	0xFF
SPI [1]	result	26.44475103	0.00000512	0x00	0xFF
SPI [1]	result	26.44515230	0.00000512	0x08	0xFF
SPI [1]	result	26.44515758	0.00000512	0x00	0xFF
SPI [1]	result	26.44516286	0.00000512	0x89	0xFF
SPI [1]	result	26.44516814	0.00000512	0xB8	0xFF
SPI [1]	result	26.48306715	0.00000512	0x00	0x00
SPI [1]	result	26.48307243	0.00000512	0x00	0x00
SPI [1]	result	26.48307771	0.00000512	0x08	0x00
SPI [1]	result	26.48308299	0.00000512	0x20	0x3F
SPI [1]	result	26.48351652	0.00000512	0x0E	0xFF
SPI [1]	result	26.48352180	0.00000512	0x10	0xFF
SPI [1]	result	26.48352708	0.00000512	0x80	0xFF
SPI [1]	result	26.48353236	0.00000512	0x12	0xFF
SPI [1]	result	26.48393471	0.00000512	0x00	0xFF
SPI [1]	result	26.48393999	0.00000512	0x00	0xFF
SPI [1]	result	26.48394527	0.00000512	0x00	0xFF
SPI [1]	result	26.48395055	0.00000512	0x00	0xFF
SPI [1]	result	26.48435267	0.00000512	0x08	0xFF
SPI [1]	result	26.48435795	0.00000512	0x00	0xFF
SPI [1]	result	26.48436323	0.00000512	0x88	0xFF
SPI [1]	result	26.48436851	0.00000512	0x32	0xFF
SPI [1]	result	26.52306182	0.00000512	0x00	0x00
SPI [1]	result	26.52306710	0.00000512	0x00	0x00
SPI [1]	result	26.52307238	0.00000512	0x08	0x00
SPI [1]	result	26.52307766	0.00000512	0x20	0x3F
SPI [1]	result	26.52348239	0.00000512	0x0F	0xFF
SPI [1]	result	26.52348767	0.00000512	0x10	0xFF
SPI [1]	result	26.52349295	0.00000512	0x80	0xFF
SPI [1]	result	26.52349823	0.00000512	0x1A	0xFF
SPI [1]	result	26.52390175	0.00000512	0x00	0xFF
SPI [1]	result	26.52390703	0.00000512	0x00	0xFF
SPI [1]	result	26.52391231	0.00000512	0x00	0xFF
SPI [1]	result	26.52391759	0.00000512	0x00	0xFF
SPI [1]	result	26.52431965	0.00000512	0x08	0xFF
SPI [1]	result	26.52432493	0.00000512	0x00	0xFF
SPI [1]	result	26.52433021	0.00000512	0x88	0xFF
SPI [1]	result	26.52433549	0.00000512	0x32	0xFF
SPI [1]	result	26.56306352	0.00000512	0x00	0x00
SPI [1]	result	26.56306880	0.00000512	0x00	0x00
SPI [1]	result	26.56307408	0.00000512	0x08	0x00
SPI [1]	result	26.56307936	0.00000512	0x20	0x3F
SPI [1]	result	26.56348334	0.00000512	0x08	0xFF
SPI [1]	result	26.56348862	0.00000512	0x10	0xFF
SPI [1]	result	26.56349390	0.00000512	0x80	0xFF
SPI [1]	result	26.56349918	0.00000512	0x22	0xFF
SPI [1]	result	26.56390125	0.00000512	0x00	0xFF
SPI [1]	result	26.56390653	0.00000512	0x00	0xFF
SPI [1]	result	26.56391181	0.00000512	0x09	0xFF
SPI [1]	result	26.56391709	0.00000512	0xA6	0xFF
SPI [1]	result	26.56431895	0.00000512	0x09	0xFF
SPI [1]	result	26.56432423	0.00000512	0x00	0xFF
SPI [1]	result	26.56432951	0.00000512	0x88	0xFF
SPI [1]	result	26.56433479	0.00000512	0x3A	0xFF
SPI [1]	result	26.56473551	0.00000512	0x00	0xFF
SPI [1]	result	26.56474079	0.00000512	0x00	0xFF
SPI [1]	result	26.56474607	0.00000512	0x00	0xFF
SPI [1]	result	26.56475135	0.00000512	0x00	0xFF
SPI [1]	result	26.56515288	0.00000512	0x08	0xFF
SPI [1]	result	26.56515816	0.00000512	0x00	0xFF
SPI [1]	result	26.56516344	0.00000512	0x89	0xFF
SPI [1]	result	26.56516872	0.00000512	0xB8	0xFF
SPI [1]	result	26.60306143	0.00000512	0x00	0x00
SPI [1]	result	26.60306671	0.00000512	0x00	0x00
SPI [1]	result	26.60307199	0.00000512	0x08	0x00
SPI [1]	result	26.60307727	0.00000512	0x20	0xBF
SPI [1]	result	26.60347815	0.00000512	0x0A	0xFF
SPI [1]	result	26.60348343	0.00000512	0x10	0xFF
SPI [1]	result	26.60348871	0.00000512	0x80	0xFF
SPI [1]	result	26.60349399	0.00000512	0x32	0xFF
SPI [1]	result	26.60389512	0.00000512	0x00	0xFF
SPI [1]	result	26.60390040	0.00000512	0x00	0xFF
SPI [1]	result	26.60390568	0.00000512	0x00	0xFF
SPI [1]	result	26.60391096	0.00000512	0x00	0xFF
SPI [1]	result	26.60431256	0.00000512	0x08	0xFF
SPI [1]	result	26.60431784	0.00000512	0x00	0xFF
SPI [1]	result	26.60432312	0.00000512	0x88	0xFF
SPI [1]	result	26.60432840	0.00000512	0x32	0xFF
SPI [1]	result	26.64306371	0.00000512	0x00	0x00
SPI [1]	result	26.64306899	0.00000512	0x00	0x00
SPI [1]	result	26.64307427	0.00000512	0x08	0x04
SPI [1]	result	26.64307955	0.00000512	0x20	0x3F
SPI [1]	result	26.64349334	0.00000512	0x0B	0xFF
SPI [1]	result	26.64349862	0.00000512	0x10	0xFF
SPI [1]	result	26.64350390	0.00000512	0x80	0xFF
SPI [1]	result	26.64350918	0.00000512	0x3A	0xFF
SPI [1]	result	26.64390973	0.00000512	0x00	0xFF
SPI [1]	result	26.64391501	0.00000512	0x00	0xFF
SPI [1]	result	26.64392029	0.00000512	0x00	0xFF
SPI [1]	result	26.64392557	0.00000512	0x00	0xFF
SPI [1]	result	26.64432649	0.00000512	0x08	0xFF
SPI [1]	result	26.64433177	0.00000512	0x00	0xFF
SPI [1]	result	26.64433705	0.00000512	0x88	0xFF
SPI [1]	result	26.64434233	0.00000512	0x32	0xFF
SPI [1]	result	26.68306360	0.00000512	0x00	0x00
SPI [1]	result	26.68306888	0.00000512	0x00	0x00
SPI [1]	result	26.68307416	0.00000512	0x08	0x00
SPI [1]	result	26.68307944	0.00000512	0x20	0x3F
SPI [1]	result	26.68348390	0.00000512	0x0C	0xFF
SPI [1]	result	26.68348918	0.00000512	0x10	0xFF
SPI [1]	result	26.68349446	0.00000512	0x80	0xFF
SPI [1]	result	26.68349974	0.00000512	0x02	0xFF
SPI [1]	result	26.68390146	0.00000512	0x00	0xFF
SPI [1]	result	26.68390674	0.00000512	0x00	0xFF
SPI [1]	result	26.68391202	0.00000512	0x09	0xFF
SPI [1]	result	26.68391730	0.00000512	0xA6	0xFF
SPI [1]	result	26.68438725	0.00000512	0x0D	0xFF
SPI [1]	result	26.68439253	0.00000512	0x00	0xFF
SPI [1]	result	26.68439781	0.00000512	0x88	0xFF
SPI [1]	result	26.68440309	0.00000512	0x1A	0xFF
SPI [1]	result	26.68480987	0.00000512	0x00	0xFF
SPI [1]	result	26.68481515	0.00000512	0x00	0xFF
SPI [1]	result	26.68482043	0.00000512	0x00	0xFF
SPI [1]	result	26.68482571	0.00000512	0x00	0xFF
SPI [1]	result	26.68522685	0.00000512	0x08	0xFF
SPI [1]	result	26.68523213	0.00000512	0x00	0xFF
SPI [1]	result	26.68523741	0.00000512	0x89	0xFF
SPI [1]	result	26.68524269	0.00000512	0xB8	0xFF
SPI [1]	result	26.72306358	0.00000512	0x00	0x00
SPI [1]	result	26.72306886	0.00000512	0x00	0x00
SPI [1]	result	26.72307414	0.00000512	0x08	0x06
SPI [1]	result	26.72307942	0.00000512	0x20	0x3F
SPI [1]	result	26.72348625	0.00000512	0x0E	0xFF
SPI [1]	result	26.72349153	0.00000512	0x10	0xFF
SPI [1]	result	26.72349681	0.00000512	0x80	0xFF
SPI [1]	result	26.72350209	0.00000512	0x12	0xFF
SPI [1]	result	26.72390331	0.00000512	0x00	0xFF
SPI [1]	result	26.72390859	0.00000512	0x00	0xFF
SPI [1]	result	26.72391387	0.00000512	0x00	0xFF
SPI [1]	result	26.72391915	0.00000512	0x00	0xFF
SPI [1]	result	26.72432090	0.00000512	0x08	0xFF
SPI [1]	result	26.72432618	0.00000512	0x00	0xFF
SPI [1]	result	26.72433146	0.00000512	0x88	0xFF
SPI [1]	result	26.72433674	0.00000512	0x32	0xFF
SPI [1]	result	26.76306525	0.00000512	0x00	0x00
SPI [1]	result	26.76307053	0.00000512	0x00	0x00
SPI [1]	result	26.76307581	0.00000512	0x08	0x00
SPI [1]	result	26.76308109	0.00000512	0x20	0x3F
SPI [1]	result	26.76350283	0.00000512	0x0F	0xFF
SPI [1]	result	26.76350811	0.00000512	0x10	0xFF
SPI [1]	result	26.76351339	0.00000512	0x80	0xFF
SPI [1]	result	26.76351867	0.00000512	0x1A	0xFF
SPI [1]	result	26.76392228	0.00000512	0x00	0xFF
SPI [1]	result	26.76392756	0.00000512	0x00	0xFF
SPI [1]	result	26.76393284	0.00000512	0x00	0xFF
SPI [1]	result	26.76393812	0.00000512	0x00	0xFF
SPI [1]	result	26.76434052	0.00000512	0x08	0xFF
SPI [1]	result	26.76434580	0.00000512	0x00	0xFF
SPI [1]	result	26.76435108	0.00000512	0x88	0xFF
SPI [1]	result	26.76435636	0.00000512	0x32	0xFF
SPI [1]	result	26.80306381	0.00000512	0x00	0x00
SPI [1]	result	26.80306909	0.00000512	0x00	0x00
SPI [1]	result	26.80307437	0.00000512	0x08	0x00
SPI [1]	result	26.80307965	0.00000512	0x20	0x3F
SPI [1]	result	26.80348446	0.00000512	0x08	0xFF
SPI [1]	result	26.80348974	0.00000512	0x10	0xFF
SPI [1]	result	26.80349502	0.00000512	0x80	0xFF
SPI [1]	result	26.80350030	0.00000512	0x22	0xFF
SPI [1]	result	26.80389939	0.00000512	0x00	0xFF
SPI [1]	result	26.80390467	0.00000512	0x00	0xFF
SPI [1]	result	26.80390995	0.00000512	0x09	0xFF
SPI [1]	result	26.80391523	0.00000512	0xA6	0xFF
SPI [1]	result	26.80431682	0.00000512	0x09	0xFF
SPI [1]	result	26.80432210	0.00000512	0x00	0xFF
SPI [1]	result	26.80432738	0.00000512	0x88	0xFF
SPI [1]	result	26.80433266	0.00000512	0x3A	0xFF
SPI [1]	result	26.80473319	0.00000512	0x00	0xFF
SPI [1]	result	26.80473847	0.00000512	0x00	0xFF
SPI [1]	result	26.80474375	0.00000512	0x00	0xFF
SPI [1]	result	26.80474903	0.00000512	0x00	0xFF
SPI [1]	result	26.80515089	0.00000512	0x08	0xFF
SPI [1]	result	26.80515617	0.00000512	0x00	0xFF
SPI [1]	result	26.80516145	0.00000512	0x89	0xFF
SPI [1]	result	26.80516673	0.00000512	0xB8	0xFF
SPI [1]	result	26.84306626	0.00000512	0x00	0x00
SPI [1]	result	26.84307154	0.00000512	0x00	0x00
SPI [1]	result	26.84307682	0.00000512	0x08	0x04
SPI [1]	result	26.84308210	0.00000512	0x20	0x3F
SPI [1]	result	26.84349837	0.00000512	0x0A	0xFF
SPI [1]	result	26.84350365	0.00000512	0x10	0xFF
SPI [1]	result	26.84350893	0.00000512	0x80	0xFF
SPI [1]	result	26.84351421	0.00000512	0x32	0xFF
SPI [1]	result	26.84391517	0.00000512	0x00	0xFF
SPI [1]	result	26.84392045	0.00000512	0x00	0xFF
SPI [1]	result	26.84392573	0.00000512	0x00	0xFF
SPI [1]	result	26.84393101	0.00000512	0x00	0xFF
SPI [1]	result	26.84433234	0.00000512	0x08	0xFF
SPI [1]	result	26.84433762	0.00000512	0x00	0xFF
SPI [1]	result	26.84434290	0.00000512	0x88	0xFF
SPI [1]	result	26.84434818	0.00000512	0x32	0xFF
SPI [1]	result	26.88306191	0.00000512	0x00	0x00
SPI [1]	result	26.88306719	0.00000512	0x00	0x00
SPI [1]	result	26.88307247	0.00000512	0x08	0x00
SPI [1]	result	26.88307775	0.00000512	0x20	0x3F
SPI [1]	result	26.88348293	0.00000512	0x0B	0xFF
SPI [1]	result	26.88348821	0.00000512	0x10	0xFF
SPI [1]	result	26.88349349	0.00000512	0x80	0xFF
SPI [1]	result	26.88349877	0.00000512	0x3A	0xFF
SPI [1]	result	26.88390156	0.00000512	0x00	0xFF
SPI [1]	result	26.88390684	0.00000512	0x00	0xFF
SPI [1]	result	26.88391212	0.00000512	0x00	0xFF
SPI [1]	result	26.88391740	0.00000512	0x00	0xFF
SPI [1]	result	26.88431895	0.00000512	0x08	0xFF
SPI [1]	result	26.88432423	0.00000512	0x00	0xFF
SPI [1]	result	26.88432951	0.00000512	0x88	0xFF
SPI [1]	result	26.88433479	0.00000512	0x32	0xFF
SPI [1]	result	26.92306323	0.00000512	0x00	0x00
SPI [1]	result	26.92306851	0.00000512	0x00	0x00
SPI [1]	result	26.92307379	0.00000512	0x08	0x00
SPI [1]	result	26.92307907	0.00000512	0x20	0x3F
SPI [1]	result	26.92348419	0.00000512	0x0C	0xFF
SPI [1]	result	26.92348947	0.00000512	0x10	0xFF
SPI [1]	result	26.92349475	0.00000512	0x80	0xFF
SPI [1]	result	26.92350003	0.00000512	0x02	0xFF
SPI [1]	result	26.92390232	0.00000512	0x00	0xFF
SPI [1]	result	26.92390760	0.00000512	0x00	0xFF
SPI [1]	result	26.92391288	0.00000512	0x09	0xFF
SPI [1]	result	26.92391816	0.00000512	0xA6	0xFF
SPI [1]	result	26.92431986	0.00000512	0x0D	0xFF
SPI [1]	result	26.92432514	0.00000512	0x00	0xFF
SPI [1]	result	26.92433042	0.00000512	0x88	0xFF
SPI [1]	result	26.92433570	0.00000512	0x1A	0xFF
SPI [1]	result	26.92473509	0.00000512	0x00	0xFF
SPI [1]	result	26.92474037	0.00000512	0x00	0xFF
SPI [1]	result	26.92474565	0.00000512	0x00	0xFF
SPI [1]	result	26.92475093	0.00000512	0x00	0xFF
SPI [1]	result	26.92515207	0.00000512	0x08	0xFF
SPI [1]	result	26.92515735	0.00000512	0x00	0xFF
SPI [1]	result	26.92516263	0.00000512	0x89	0xFF
SPI [1]	result	26.92516791	0.00000512	0xB8	0xFF
SPI [1]	result	26.96306155	0.00000512	0x00	0x00
SPI [1]	result	26.96306683	0.00000512	0x00	0x00
SPI [1]	result	26.96307211	0.00000512	0x08	0x04
SPI [1]	result	26.96307739	0.00000512	0x20	0x3F
SPI [1]	result	26.96348205	0.00000512	0x0E	0xFF
SPI [1]	result	26.96348733	0.00000512	0x10	0xFF
SPI [1]	result	26.96349261	0.00000512	0x80	0xFF
SPI [1]	result	26.96349789	0.00000512	0x12	0xFF
SPI [1]	result	26.96389873	0.00000512	0x00	0xFF
SPI [1]	result	26.96390401	0.00000512	0x00	0xFF
SPI [1]	result	26.96390929	0.00000512	0x00	0xFF
SPI [1]	result	26.96391457	0.00000512	0x00	0xFF
SPI [1]	result	26.96431574	0.00000512	0x08	0xFF
SPI [1]	result	26.96432102	0.00000512	0x00	0xFF
SPI [1]	result	26.96432630	0.00000512	0x88	0xFF
SPI [1]	result	26.96433158	0.00000512	0x32	0xFF
SPI [1]	result	27.00306499	0.00000512	0x00	0x00
SPI [1]	result	27.00307027	0.00000512	0x00	0x00
SPI [1]	result	27.00307555	0.00000512	0x08	0x00
SPI [1]	result	27.00308083	0.00000512	0x20	0x3F
SPI [1]	result	27.00349924	0.00000512	0x0F	0xFF
SPI [1]	result	27.00350452	0.00000512	0x10	0xFF
SPI [1]	result	27.00350980	0.00000512	0x80	0xFF
SPI [1]	result	27.00351508	0.00000512	0x1A	0xFF
SPI [1]	result	27.00391772	0.00000512	0x00	0xFF
SPI [1]	result	27.00392300	0.00000512	0x00	0xFF
SPI [1]	result	27.00392828	0.00000512	0x00	0xFF
SPI [1]	result	27.00393356	0.00000512	0x00	0xFF
SPI [1]	result	27.00433500	0.00000512	0x08	0xFF
SPI [1]	result	27.00434028	0.00000512	0x00	0xFF
SPI [1]	result	27.00434556	0.00000512	0x88	0xFF
SPI [1]	result	27.00435084	0.00000512	0x32	0xFF
SPI [1]	result	27.04306424	0.00000512	0x00	0x00
SPI [1]	result	27.04306952	0.00000512	0x00	0x00
SPI [1]	result	27.04307480	0.00000512	0x08	0x04
SPI [1]	result	27.04308008	0.00000512	0x20	0x3F
SPI [1]	result	27.04348213	0.00000512	0x08	0xFF
SPI [1]	result	27.04348741	0.00000512	0x10	0xFF
SPI [1]	result	27.04349269	0.00000512	0x80	0xFF
SPI [1]	result	27.04349797	0.00000512	0x22	0xFF
SPI [1]	result	27.04389974	0.00000512	0x00	0xFF
SPI [1]	result	27.04390502	0.00000512	0x00	0xFF
SPI [1]	result	27.04391030	0.00000512	0x09	0xFF
SPI [1]	result	27.04391558	0.00000512	0xA6	0xFF
SPI [1]	result	27.04431698	0.00000512	0x09	0xFF
SPI [1]	result	27.04432226	0.00000512	0x00	0xFF
SPI [1]	result	27.04432754	0.00000512	0x88	0xFF
SPI [1]	result	27.04433282	0.00000512	0x3A	0xFF
SPI [1]	result	27.04478891	0.00000512	0x00	0xFF
SPI [1]	result	27.04479419	0.00000512	0x00	0xFF
SPI [1]	result	27.04479947	0.00000512	0x00	0xFF
SPI [1]	result	27.04480475	0.00000512	0x00	0xFF
SPI [1]	result	27.04521234	0.00000512	0x08	0xFF
SPI [1]	result	27.04521762	0.00000512	0x00	0xFF
SPI [1]	result	27.04522290	0.00000512	0x89	0xFF
SPI [1]	result	27.04522818	0.00000512	0xB8	0xFF
SPI [1]	result	27.08307478	0.00000512	0x00	0x00
SPI [1]	result	27.08308006	0.00000512	0x00	0x00
SPI [1]	result	27.08308534	0.00000512	0x08	0x00
SPI [1]	result	27.08309062	0.00000512	0x20	0x3F
SPI [1]	result	27.08353402	0.00000512	0x0A	0xFF
SPI [1]	result	27.08353930	0.00000512	0x10	0xFF
SPI [1]	result	27.08354458	0.00000512	0x80	0xFF
SPI [1]	result	27.08354986	0.00000512	0x32	0xFF
SPI [1]	result	27.08395454	0.00000512	0x00	0xFF
SPI [1]	result	27.08395982	0.00000512	0x00	0xFF
SPI [1]	result	27.08396510	0.00000512	0x00	0xFF
SPI [1]	result	27.08397038	0.00000512	0x00	0xFF
SPI [1]	result	27.08437245	0.00000512	0x08	0xFF
SPI [1]	result	27.08437773	0.00000512	0x00	0xFF
SPI [1]	result	27.08438301	0.00000512	0x88	0xFF
SPI [1]	result	27.08438829	0.00000512	0x32	0xFF
SPI [1]	result	27.12306293	0.00000512	0x00	0x00
SPI [1]	result	27.12306821	0.00000512	0x00	0x00
SPI [1]	result	27.12307349	0.00000512	0x08	0x04
SPI [1]	result	27.12307877	0.00000512	0x20	0x3F
SPI [1]	result	27.12348552	0.00000512	0x0B	0xFF
SPI [1]	result	27.12349080	0.00000512	0x10	0xFF
SPI [1]	result	27.12349608	0.00000512	0x80	0xFF
SPI [1]	result	27.12350136	0.00000512	0x3A	0xFF
SPI [1]	result	27.12390365	0.00000512	0x00	0xFF
SPI [1]	result	27.12390893	0.00000512	0x00	0xFF
SPI [1]	result	27.12391421	0.00000512	0x00	0xFF
SPI [1]	result	27.12391949	0.00000512	0x00	0xFF
SPI [1]	result	27.12432043	0.00000512	0x08	0xFF
SPI [1]	result	27.12432571	0.00000512	0x00	0xFF
SPI [1]	result	27.12433099	0.00000512	0x88	0xFF
SPI [1]	result	27.12433627	0.00000512	0x32	0xFF
SPI [1]	result	27.16307028	0.00000512	0x00	0x00
SPI [1]	result	27.16307556	0.00000512	0x00	0x00
SPI [1]	result	27.16308084	0.00000512	0x08	0x04
SPI [1]	result	27.16308612	0.00000512	0x20	0x3F
SPI [1]	result	27.16350949	0.00000512	0x0C	0xFF
SPI [1]	result	27.16351477	0.00000512	0x10	0xFF
SPI [1]	result	27.16352005	0.00000512	0x80	0xFF
SPI [1]	result	27.16352533	0.00000512	0x02	0xFF
SPI [1]	result	27.16392653	0.00000512	0x00	0xFF
SPI [1]	result	27.16393181	0.00000512	0x00	0xFF
SPI [1]	result	27.16393709	0.00000512	0x09	0xFF
SPI [1]	result	27.16394237	0.00000512	0xA6	0xFF
SPI [1]	result	27.16434447	0.00000512	0x0D	0xFF
SPI [1]	result	27.16434975	0.00000512	0x00	0xFF
SPI [1]	result	27.16435503	0.00000512	0x88	0xFF
SPI [1]	result	27.16436031	0.00000512	0x1A	0xFF
SPI [1]	result	27.16476186	0.00000512	0x00	0xFF
SPI [1]	result	27.16476714	0.00000512	0x00	0xFF
SPI [1]	result	27.16477242	0.00000512	0x00	0xFF
SPI [1]	result	27.16477770	0.00000512	0x00	0xFF
SPI [1]	result	27.16517894	0.00000512	0x08	0xFF
SPI [1]	result	27.16518422	0.00000512	0x00	0xFF
SPI [1]	result	27.16518950	0.00000512	0x89	0xFF
SPI [1]	result	27.16519478	0.00000512	0xB8	0xFF
SPI [1]	result	27.20334171	0.00000512	0x00	0x00
SPI [1]	result	27.20334699	0.00000512	0x00	0x00
SPI [1]	result	27.20335227	0.00000512	0x08	0x00
SPI [1]	result	27.20335755	0.00000512	0x20	0x3F
SPI [1]	result	27.20379510	0.00000512	0x0E	0xFF
SPI [1]	result	27.20380038	0.00000512	0x10	0xFF
SPI [1]	result	27.20380566	0.00000512	0x80	0xFF
SPI [1]	result	27.20381094	0.00000512	0x12	0xFF
SPI [1]	result	27.20423679	0.00000512	0x00	0xFF
SPI [1]	result	27.20424207	0.00000512	0x00	0xFF
SPI [1]	result	27.20424735	0.00000512	0x00	0xFF
SPI [1]	result	27.20425263	0.00000512	0x00	0xFF
SPI [1]	result	27.20472235	0.00000512	0x08	0xFF
SPI [1]	result	27.20472763	0.00000512	0x00	0xFF
SPI [1]	result	27.20473291	0.00000512	0x88	0xFF
SPI [1]	result	27.20473819	0.00000512	0x32	0xFF
SPI [1]	result	27.24306769	0.00000512	0x00	0x00
SPI [1]	result	27.24307297	0.00000512	0x00	0x00
SPI [1]	result	27.24307825	0.00000512	0x08	0x04
SPI [1]	result	27.24308353	0.00000512	0x20	0x3F
SPI [1]	result	27.24350201	0.00000512	0x0F	0xFF
SPI [1]	result	27.24350729	0.00000512	0x10	0xFF
SPI [1]	result	27.24351257	0.00000512	0x80	0xFF
SPI [1]	result	27.24351785	0.00000512	0x1A	0xFF
SPI [1]	result	27.24392079	0.00000512	0x00	0xFF
SPI [1]	result	27.24392607	0.00000512	0x00	0xFF
SPI [1]	result	27.24393135	0.00000512	0x00	0xFF
SPI [1]	result	27.24393663	0.00000512	0x00	0xFF
SPI [1]	result	27.24434042	0.00000512	0x08	0xFF
SPI [1]	result	27.24434570	0.00000512	0x00	0xFF
SPI [1]	result	27.24435098	0.00000512	0x88	0xFF
SPI [1]	result	27.24435626	0.00000512	0x32	0xFF
SPI [1]	result	27.28306466	0.00000512	0x00	0x00
SPI [1]	result	27.28306994	0.00000512	0x00	0x00
SPI [1]	result	27.28307522	0.00000512	0x08	0x00
SPI [1]	result	27.28308050	0.00000512	0x20	0x3F
SPI [1]	result	27.28348588	0.00000512	0x08	0xFF
SPI [1]	result	27.28349116	0.00000512	0x10	0xFF
SPI [1]	result	27.28349644	0.00000512	0x80	0xFF
SPI [1]	result	27.28350172	0.00000512	0x22	0xFF
SPI [1]	result	27.28390350	0.00000512	0x00	0xFF
SPI [1]	result	27.28390878	0.00000512	0x00	0xFF
SPI [1]	result	27.28391406	0.00000512	0x09	0xFF
SPI [1]	result	27.28391934	0.00000512	0xA6	0xFF
SPI [1]	result	27.28431857	0.00000512	0x09	0xFF
SPI [1]	result	27.28432385	0.00000512	0x00	0xFF
SPI [1]	result	27.28432913	0.00000512	0x88	0xFF
SPI [1]	result	27.28433441	0.00000512	0x3A	0xFF
SPI [1]	result	27.28473635	0.00000512	0x00	0xFF
SPI [1]	result	27.28474163	0.00000512	0x00	0xFF
SPI [1]	result	27.28474691	0.00000512	0x00	0xFF
SPI [1]	result	27.28475219	0.00000512	0x00	0xFF
SPI [1]	result	27.28515367	0.00000512	0x08	0xFF
SPI [1]	result	27.28515895	0.00000512	0x00	0xFF
SPI [1]	result	27.28516423	0.00000512	0x89	0xFF
SPI [1]	result	27.28516951	0.00000512	0xB8	0xFF
SPI [1]	result	27.32306116	0.00000512	0x00	0x00
SPI [1]	result	27.32306644	0.00000512	0x00	0x00
SPI [1]	result	27.32307172	0.00000512	0x08	0x04
SPI [1]	result	27.32307700	0.00000512	0x20	0x3F
SPI [1]	result	27.32347829	0.00000512	0x0A	0xFF
SPI [1]	result	27.32348357	0.00000512	0x10	0xFF
SPI [1]	result	27.32348885	0.00000512	0x80	0xFF
SPI [1]	result	27.32349413	0.00000512	0x32	0xFF
SPI [1]	result	27.32389530	0.00000512	0x00	0xFF
SPI [1]	result	27.32390058	0.00000512	0x00	0xFF
SPI [1]	result	27.32390586	0.00000512	0x00	0xFF
SPI [1]	result	27.32391114	0.00000512	0x00	0xFF
SPI [1]	result	27.32431258	0.00000512	0x08	0xFF
SPI [1]	result	27.32431786	0.00000512	0x00	0xFF
SPI [1]	result	27.32432314	0.00000512	0x88	0xFF
SPI [1]	result	27.32432842	0.00000512	0x32	0xFF
SPI [1]	result	27.36306089	0.00000512	0x00	0x00
SPI [1]	result	27.36306617	0.00000512	0x00	0x00
SPI [1]	result	27.36307145	0.00000512	0x08	0x00
SPI [1]	result	27.36307673	0.00000512	0x20	0x3F
SPI [1]	result	27.36347848	0.00000512	0x0B	0xFF
SPI [1]	result	27.36348376	0.00000512	0x10	0xFF
SPI [1]	result	27.36348904	0.00000512	0x80	0xFF
SPI [1]	result	27.36349432	0.00000512	0x3A	0xFF
SPI [1]	result	27.36389602	0.00000512	0x00	0xFF
SPI [1]	result	27.36390130	0.00000512	0x00	0xFF
SPI [1]	result	27.36390658	0.00000512	0x00	0xFF
SPI [1]	result	27.36391186	0.00000512	0x00	0xFF
SPI [1]	result	27.36431354	0.00000512	0x08	0xFF
SPI [1]	result	27.36431882	0.00000512	0x00	0xFF
SPI [1]	result	27.36432410	0.00000512	0x88	0xFF
SPI [1]	result	27.36432938	0.00000512	0x32	0xFF
SPI [1]	result	27.40306478	0.00000512	0x00	0x00
SPI [1]	result	27.40307006	0.00000512	0x00	0x00
SPI [1]	result	27.40307534	0.00000512	0x08	0x00
SPI [1]	result	27.40308062	0.00000512	0x20	0x3F
SPI [1]	result	27.40349067	0.00000512	0x0C	0x7F
SPI [1]	result	27.40349595	0.00000512	0x10	0xFF
SPI [1]	result	27.40350123	0.00000512	0x80	0xFF
SPI [1]	result	27.40350651	0.00000512	0x02	0xFF
SPI [1]	result	27.40390876	0.00000512	0x00	0xFF
SPI [1]	result	27.40391404	0.00000512	0x00	0xFF
SPI [1]	result	27.40391932	0.00000512	0x09	0xFF
SPI [1]	result	27.40392460	0.00000512	0xA6	0xFF
SPI [1]	result	27.40432345	0.00000512	0x0D	0xFF
SPI [1]	result	27.40432873	0.00000512	0x00	0xFF
SPI [1]	result	27.40433401	0.00000512	0x88	0xFF
SPI [1]	result	27.40433929	0.00000512	0x1A	0xFF
SPI [1]	result	27.40480421	0.00000512	0x00	0xFF
SPI [1]	result	27.40480949	0.00000512	0x00	0xFF
SPI [1]	result	27.40481477	0.00000512	0x00	0xFF
SPI [1]	result	27.40482005	0.00000512	0x00	0xFF
SPI [1]	result	27.40522603	0.00000512	0x08	0xFF
SPI [1]	result	27.40523131	0.00000512	0x00	0xFF
SPI [1]	result	27.40523659	0.00000512	0x89	0xFF
SPI [1]	result	27.40524187	0.00000512	0xB8	0xFF
SPI [1]	result	27.44306208	0.00000512	0x00	0x00
SPI [1]	result	27.44306736	0.00000512	0x00	0x00
SPI [1]	result	27.44307264	0.00000512	0x08	0x04
SPI [1]	result	27.44307792	0.00000512	0x20	0x3F
SPI [1]	result	27.44348145	0.00000512	0x0E	0xFF
SPI [1]	result	27.44348673	0.00000512	0x10	0xFF
SPI [1]	result	27.44349201	0.00000512	0x80	0xFF
SPI [1]	result	27.44349729	0.00000512	0x12	0xFF
SPI [1]	result	27.44389725	0.00000512	0x00	0xFF
SPI [1]	result	27.44390253	0.00000512	0x00	0xFF
SPI [1]	result	27.44390781	0.00000512	0x00	0xFF
SPI [1]	result	27.44391309	0.00000512	0x00	0xFF
SPI [1]	result	27.44431403	0.00000512	0x08	0xFF
SPI [1]	result	27.44431931	0.00000512	0x00	0xFF
SPI [1]	result	27.44432459	0.00000512	0x88	0xFF
SPI [1]	result	27.44432987	0.00000512	0x32	0xFF
SPI [1]	result	27.48306504	0.00000512	0x00	0x00
SPI [1]	result	27.48307032	0.00000512	0x00	0x00
SPI [1]	result	27.48307560	0.00000512	0x08	0x00
SPI [1]	result	27.48308088	0.00000512	0x20	0x3F
SPI [1]	result	27.48349812	0.00000512	0x0F	0xFF
SPI [1]	result	27.48350340	0.00000512	0x10	0xFF
SPI [1]	result	27.48350868	0.00000512	0x80	0xFF
SPI [1]	result	27.48351396	0.00000512	0x1A	0xFF
SPI [1]	result	27.48391497	0.00000512	0x00	0xFF
SPI [1]	result	27.48392025	0.00000512	0x00	0xFF
SPI [1]	result	27.48392553	0.00000512	0x00	0xFF
SPI [1]	result	27.48393081	0.00000512	0x00	0xFF
SPI [1]	result	27.48433196	0.00000512	0x08	0xFF
SPI [1]	result	27.48433724	0.00000512	0x00	0xFF
SPI [1]	result	27.48434252	0.00000512	0x88	0xFF
SPI [1]	result	27.48434780	0.00000512	0x32	0xFF
SPI [1]	result	27.52306397	0.00000512	0x00	0x00
SPI [1]	result	27.52306925	0.00000512	0x00	0x00
SPI [1]	result	27.52307453	0.00000512	0x08	0x04
SPI [1]	result	27.52307981	0.00000512	0x20	0x3F
SPI [1]	result	27.52348373	0.00000512	0x08	0xFF
SPI [1]	result	27.52348901	0.00000512	0x10	0xFF
SPI [1]	result	27.52349429	0.00000512	0x80	0xFF
SPI [1]	result	27.52349957	0.00000512	0x22	0xFF
SPI [1]	result	27.52390146	0.00000512	0x00	0xFF
SPI [1]	result	27.52390674	0.00000512	0x00	0xFF
SPI [1]	result	27.52391202	0.00000512	0x09	0xFF
SPI [1]	result	27.52391730	0.00000512	0xA6	0xFF
SPI [1]	result	27.52431935	0.00000512	0x09	0xFF
SPI [1]	result	27.52432463	0.00000512	0x00	0xFF
SPI [1]	result	27.52432991	0.00000512	0x88	0xFF
SPI [1]	result	27.52433519	0.00000512	0x3A	0xFF
SPI [1]	result	27.52473437	0.00000512	0x00	0xFF
SPI [1]	result	27.52473965	0.00000512	0x00	0xFF
SPI [1]	result	27.52474493	0.00000512	0x00	0xFF
SPI [1]	result	27.52475021	0.00000512	0x00	0xFF
SPI [1]	result	27.52515113	0.00000512	0x08	0xFF
SPI [1]	result	27.52515641	0.00000512	0x00	0xFF
SPI [1]	result	27.52516169	0.00000512	0x89	0xFF
SPI [1]	result	27.52516697	0.00000512	0xB8	0xFF
SPI [1]	result	27.56306677	0.00000512	0x00	0x00
SPI [1]	result	27.56307205	0.00000512	0x00	0x00
SPI [1]	result	27.56307733	0.00000512	0x08	0x04
SPI [1]	result	27.56308261	0.00000512	0x20	0x3F
SPI [1]	result	27.56350598	0.00000512	0x0A	0xFF
SPI [1]	result	27.56351126	0.00000512	0x10	0xFF
SPI [1]	result	27.56351654	0.00000512	0x80	0xFF
SPI [1]	result	27.56352182	0.00000512	0x32	0xFF
SPI [1]	result	27.56392065	0.00000512	0x00	0xFF
SPI [1]	result	27.56392593	0.00000512	0x00	0xFF
SPI [1]	result	27.56393121	0.00000512	0x00	0xFF
SPI [1]	result	27.56393649	0.00000512	0x00	0xFF
SPI [1]	result	27.56433972	0.00000512	0x08	0xFF
SPI [1]	result	27.56434500	0.00000512	0x00	0xFF
SPI [1]	result	27.56435028	0.00000512	0x88	0xFF
SPI [1]	result	27.56435556	0.00000512	0x32	0xFF
SPI [1]	result	27.60306159	0.00000512	0x00	0x00
SPI [1]	result	27.60306687	0.00000512	0x00	0x00
SPI [1]	result	27.60307215	0.00000512	0x08	0x00
SPI [1]	result	27.60307743	0.00000512	0x20	0x3F
SPI [1]	result	27.60347959	0.00000512	0x0B	0xFF
SPI [1]	result	27.60348487	0.00000512	0x10	0xFF
SPI [1]	result	27.60349015	0.00000512	0x80	0xFF
SPI [1]	result	27.60349543	0.00000512	0x3A	0xFF
SPI [1]	result	27.60389641	0.00000512	0x00	0xFF
SPI [1]	result	27.60390169	0.00000512	0x00	0xFF
SPI [1]	result	27.60390697	0.00000512	0x00	0xFF
SPI [1]	result	27.60391225	0.00000512	0x00	0xFF
SPI [1]	result	27.60431478	0.00000512	0x08	0xFF
SPI [1]	result	27.60432006	0.00000512	0x00	0xFF
SPI [1]	result	27.60432534	0.00000512	0x88	0xFF
SPI [1]	result	27.60433062	0.00000512	0x32	0xFF
SPI [1]	result	27.64307126	0.00000512	0x00	0x00
SPI [1]	result	27.64307654	0.00000512	0x00	0x00
SPI [1]	result	27.64308182	0.00000512	0x08	0x04
SPI [1]	result	27.64308710	0.00000512	0x20	0x3F
SPI [1]	result	27.64350956	0.00000512	0x0C	0xFF
SPI [1]	result	27.64351484	0.00000512	0x10	0xFF
SPI [1]	result	27.64352012	0.00000512	0x80	0xFF
SPI [1]	result	27.64352540	0.00000512	0x02	0xFF
SPI [1]	result	27.64392947	0.00000512	0x00	0xFF
SPI [1]	result	27.64393475	0.00000512	0x00	0xFF
SPI [1]	result	27.64394003	0.00000512	0x09	0xFF
SPI [1]	result	27.64394531	0.00000512	0xA6	0xFF
SPI [1]	result	27.64434851	0.00000512	0x0D	0xFF
SPI [1]	result	27.64435379	0.00000512	0x00	0xFF
SPI [1]	result	27.64435907	0.00000512	0x88	0xFF
SPI [1]	result	27.64436435	0.00000512	0x1A	0xFF
SPI [1]	result	27.64476545	0.00000512	0x00	0xFF
SPI [1]	result	27.64477073	0.00000512	0x00	0xFF
SPI [1]	result	27.64477601	0.00000512	0x00	0xFF
SPI [1]	result	27.64478129	0.00000512	0x00	0xFF
SPI [1]	result	27.64518323	0.00000512	0x08	0xFF
SPI [1]	result	27.64518851	0.00000512	0x00	0xFF
SPI [1]	result	27.64519379	0.00000512	0x89	0xFF
SPI [1]	result	27.64519907	0.00000512	0xB8	0xFF
SPI [1]	result	27.68306432	0.00000512	0x00	0x00
SPI [1]	result	27.68306960	0.00000512	0x00	0x00
SPI [1]	result	27.68307488	0.00000512	0x08	0x00
SPI [1]	result	27.68308016	0.00000512	0x20	0x3F
SPI [1]	result	27.68349012	0.00000512	0x0E	0xFF
SPI [1]	result	27.68349540	0.00000512	0x10	0xFF
SPI [1]	result	27.68350068	0.00000512	0x80	0xFF
SPI [1]	result	27.68350596	0.00000512	0x12	0xFF
SPI [1]	result	27.68390892	0.00000512	0x00	0xFF
SPI [1]	result	27.68391420	0.00000512	0x00	0xFF
SPI [1]	result	27.68391948	0.00000512	0x00	0xFF
SPI [1]	result	27.68392476	0.00000512	0x00	0xFF
SPI [1]	result	27.68432655	0.00000512	0x08	0xFF
SPI [1]	result	27.68433183	0.00000512	0x00	0xFF
SPI [1]	result	27.68433711	0.00000512	0x88	0xFF
SPI [1]	result	27.68434239	0.00000512	0x32	0xFF
SPI [1]	result	27.72306432	0.00000512	0x00	0x00
SPI [1]	result	27.72306960	0.00000512	0x00	0x00
SPI [1]	result	27.72307488	0.00000512	0x08	0x00
SPI [1]	result	27.72308016	0.00000512	0x20	0x3F
SPI [1]	result	27.72349594	0.00000512	0x0F	0xFF
SPI [1]	result	27.72350122	0.00000512	0x10	0xFF
SPI [1]	result	27.72350650	0.00000512	0x80	0xFF
SPI [1]	result	27.72351178	0.00000512	0x1A	0xFF
SPI [1]	result	27.72391446	0.00000512	0x00	0xFF
SPI [1]	result	27.72391974	0.00000512	0x00	0xFF
SPI [1]	result	27.72392502	0.00000512	0x00	0xFF
SPI [1]	result	27.72393030	0.00000512	0x00	0xFF
SPI [1]	result	27.72433163	0.00000512	0x08	0xFF
SPI [1]	result	27.72433691	0.00000512	0x00	0xFF
SPI [1]	result	27.72434219	0.00000512	0x88	0xFF
SPI [1]	result	27.72434747	0.00000512	0x32	0xFF
SPI [1]	result	27.76306777	0.00000512	0x00	0x00
SPI [1]	result	27.76307305	0.00000512	0x00	0x00
SPI [1]	result	27.76307833	0.00000512	0x08	0x00
SPI [1]	result	27.76308361	0.00000512	0x20	0x3F
SPI [1]	result	27.76349746	0.00000512	0x08	0xFF
SPI [1]	result	27.76350274	0.00000512	0x10	0xFF
SPI [1]	result	27.76350802	0.00000512	0x80	0xFF
SPI [1]	result	27.76351330	0.00000512	0x22	0xFF
SPI [1]	result	27.76391620	0.00000512	0x00	0xFF
SPI [1]	result	27.76392148	0.00000512	0x00	0xFF
SPI [1]	result	27.76392676	0.00000512	0x09	0xFF
SPI [1]	result	27.76393204	0.00000512	0xA6	0xFF
SPI [1]	result	27.76433337	0.00000512	0x09	0xFF
SPI [1]	result	27.76433865	0.00000512	0x00	0xFF
SPI [1]	result	27.76434393	0.00000512	0x88	0xFF
SPI [1]	result	27.76434921	0.00000512	0x3A	0xFF
SPI [1]	result	27.76475052	0.00000512	0x00	0xFF
SPI [1]	result	27.76475580	0.00000512	0x00	0xFF
SPI [1]	result	27.76476108	0.00000512	0x00	0xFF
SPI [1]	result	27.76476636	0.00000512	0x00	0xFF
SPI [1]	result	27.76522136	0.00000512	0x08	0xFF
SPI [1]	result	27.76522664	0.00000512	0x00	0xFF
SPI [1]	result	27.76523192	0.00000512	0x89	0xFF
SPI [1]	result	27.76523720	0.00000512	0xB8	0xFF
SPI [1]	result	27.80306232	0.00000512	0x00	0x00
SPI [1]	result	27.80306760	0.00000512	0x00	0x00
SPI [1]	result	27.80307288	0.00000512	0x08	0x00
SPI [1]	result	27.80307816	0.00000512	0x20	0x3F
SPI [1]	result	27.80348285	0.00000512	0x0A	0xFF
SPI [1]	result	27.80348813	0.00000512	0x10	0xFF
SPI [1]	result	27.80349341	0.00000512	0x80	0xFF
SPI [1]	result	27.80349869	0.00000512	0x32	0xFF
SPI [1]	result	27.80389762	0.00000512	0x00	0xFF
SPI [1]	result	27.80390290	0.00000512	0x00	0xFF
SPI [1]	result	27.80390818	0.00000512	0x00	0xFF
SPI [1]	result	27.80391346	0.00000512	0x00	0xFF
SPI [1]	result	27.80431465	0.00000512	0x08	0xFF
SPI [1]	result	27.80431993	0.00000512	0x00	0xFF
SPI [1]	result	27.80432521	0.00000512	0x88	0xFF
SPI [1]	result	27.80433049	0.00000512	0x32	0xFF
SPI [1]	result	27.84306199	0.00000512	0x00	0x00
SPI [1]	result	27.84306727	0.00000512	0x00	0x00
SPI [1]	result	27.84307255	0.00000512	0x08	0x04
SPI [1]	result	27.84307783	0.00000512	0x20	0x3F
SPI [1]	result	27.84348038	0.00000512	0x0B	0xFF
SPI [1]	result	27.84348566	0.00000512	0x10	0xFF
SPI [1]	result	27.84349094	0.00000512	0x80	0xFF
SPI [1]	result	27.84349622	0.00000512	0x3A	0xFF
SPI [1]	result	27.84389718	0.00000512	0x00	0xFF
SPI [1]	result	27.84390246	0.00000512	0x00	0xFF
SPI [1]	result	27.84390774	0.00000512	0x00	0xFF
SPI [1]	result	27.84391302	0.00000512	0x00	0xFF
SPI [1]	result	27.84431464	0.00000512	0x08	0xFF
SPI [1]	result	27.84431992	0.00000512	0x00	0xFF
SPI [1]	result	27.84432520	0.00000512	0x88	0xFF
SPI [1]	result	27.84433048	0.00000512	0x32	0xFF
SPI [1]	result	27.88306347	0.00000512	0x00	0x00
SPI [1]	result	27.88306875	0.00000512	0x00	0x00
SPI [1]	result	27.88307403	0.00000512	0x08	0x00
SPI [1]	result	27.88307931	0.00000512	0x20	0x3F
SPI [1]	result	27.88348362	0.00000512	0x0C	0xFF
SPI [1]	result	27.88348890	0.00000512	0x10	0xFF
SPI [1]	result	27.88349418	0.00000512	0x80	0xFF
SPI [1]	result	27.88349946	0.00000512	0x02	0xFF
SPI [1]	result	27.88390096	0.00000512	0x00	0xFF
SPI [1]	result	27.88390624	0.00000512	0x00	0xFF
SPI [1]	result	27.88391152	0.00000512	0x09	0xFF
SPI [1]	result	27.88391680	0.00000512	0xA6	0xFF
SPI [1]	result	27.88431563	0.00000512	0x0D	0xFF
SPI [1]	result	27.88432091	0.00000512	0x00	0xFF
SPI [1]	result	27.88432619	0.00000512	0x88	0xFF
SPI [1]	result	27.88433147	0.00000512	0x1A	0xFF
SPI [1]	result	27.88473222	0.00000512	0x00	0xFF
SPI [1]	result	27.88473750	0.00000512	0x00	0xFF
SPI [1]	result	27.88474278	0.00000512	0x00	0xFF
SPI [1]	result	27.88474806	0.00000512	0x00	0xFF
SPI [1]	result	27.88514917	0.00000512	0x08	0xFF
SPI [1]	result	27.88515445	0.00000512	0x00	0xFF
SPI [1]	result	27.88515973	0.00000512	0x89	0xFF
SPI [1]	result	27.88516501	0.00000512	0xB8	0xFF
SPI [1]	result	27.92306576	0.00000512	0x00	0x00
SPI [1]	result	27.92307104	0.00000512	0x00	0x00
SPI [1]	result	27.92307632	0.00000512	0x08	0x07
SPI [1]	result	27.92308160	0.00000512	0x20	0xBF
SPI [1]	result	27.92349783	0.00000512	0x0E	0xFF
SPI [1]	result	27.92350311	0.00000512	0x10	0xFF
SPI [1]	result	27.92350839	0.00000512	0x80	0xFF
SPI [1]	result	27.92351367	0.00000512	0x12	0xFF
SPI [1]	result	27.92391524	0.00000512	0x00	0xFF
SPI [1]	result	27.92392052	0.00000512	0x00	0xFF
SPI [1]	result	27.92392580	0.00000512	0x00	0xFF
SPI [1]	result	27.92393108	0.00000512	0x00	0xFF
SPI [1]	result	27.92433293	0.00000512	0x08	0xFF
SPI [1]	result	27.92433821	0.00000512	0x00	0xFF
SPI [1]	result	27.92434349	0.00000512	0x88	0xFF
SPI [1]	result	27.92434877	0.00000512	0x32	0xFF
SPI [1]	result	27.96306143	0.00000512	0x00	0x00
SPI [1]	result	27.96306671	0.00000512	0x00	0x00
SPI [1]	result	27.96307199	0.00000512	0x08	0x04
SPI [1]	result	27.96307727	0.00000512	0x20	0x3F
SPI [1]	result	27.96348061	0.00000512	0x0F	0xFF
SPI [1]	result	27.96348589	0.00000512	0x10	0xFF
SPI [1]	result	27.96349117	0.00000512	0x80	0xFF
SPI [1]	result	27.96349645	0.00000512	0x1A	0xFF
SPI [1]	result	27.96389786	0.00000512	0x00	0xFF
SPI [1]	result	27.96390314	0.00000512	0x00	0xFF
SPI [1]	result	27.96390842	0.00000512	0x00	0xFF
SPI [1]	result	27.96391370	0.00000512	0x00	0xFF
SPI [1]	result	27.96431573	0.00000512	0x08	0xFF
SPI [1]	result	27.96432101	0.00000512	0x00	0xFF
SPI [1]	result	27.96432629	0.00000512	0x88	0xFF
SPI [1]	result	27.96433157	0.00000512	0x32	0xFF
SPI [1]	result	28.00306921	0.00000512	0x00	0x00
SPI [1]	result	28.00307449	0.00000512	0x00	0x00
SPI [1]	result	28.00307977	0.00000512	0x08	0x00
SPI [1]	result	28.00308505	0.00000512	0x20	0x3F
SPI [1]	result	28.00351108	0.00000512	0x08	0xFF
SPI [1]	result	28.00351636	0.00000512	0x10	0xFF
SPI [1]	result	28.00352164	0.00000512	0x80	0xFF
SPI [1]	result	28.00352692	0.00000512	0x22	0xFF
SPI [1]	result	28.00392786	0.00000512	0x00	0xFF
SPI [1]	result	28.00393314	0.00000512	0x00	0xFF
SPI [1]	result	28.00393842	0.00000512	0x09	0xFF
SPI [1]	result	28.00394370	0.00000512	0xA6	0xFF
SPI [1]	result	28.00434509	0.00000512	0x09	0xFF
SPI [1]	result	28.00435037	0.00000512	0x00	0xFF
SPI [1]	result	28.00435565	0.00000512	0x88	0xFF
SPI [1]	result	28.00436093	0.00000512	0x3A	0xFF
SPI [1]	result	28.00476307	0.00000512	0x00	0xFF
SPI [1]	result	28.00476835	0.00000512	0x00	0xFF
SPI [1]	result	28.00477363	0.00000512	0x00	0xFF
SPI [1]	result	28.00477891	0.00000512	0x00	0xFF
SPI [1]	result	28.00518135	0.00000512	0x08	0xFF
SPI [1]	result	28.00518663	0.00000512	0x00	0xFF
SPI [1]	result	28.00519191	0.00000512	0x89	0xFF
SPI [1]	result	28.00519719	0.00000512	0xB8	0xFF
SPI [1]	result	28.04306207	0.00000512	0x00	0x00
SPI [1]	result	28.04306735	0.00000512	0x00	0x00
SPI [1]	result	28.04307263	0.00000512	0x08	0x06
SPI [1]	result	28.04307791	0.00000512	0x20	0x3F
SPI [1]	result	28.04348031	0.00000512	0x0A	0xFF
SPI [1]	result	28.04348559	0.00000512	0x10	0xFF
SPI [1]	result	28.04349087	0.00000512	0x80	0xFF
SPI [1]	result	28.04349615	0.00000512	0x32	0xFF
SPI [1]	result	28.04389837	0.00000512	0x00	0xFF
SPI [1]	result	28.04390365	0.00000512	0x00	0xFF
SPI [1]	result	28.04390893	0.00000512	0x00	0xFF
SPI [1]	result	28.04391421	0.00000512	0x00	0xFF
SPI [1]	result	28.04431511	0.00000512	0x08	0xFF
SPI [1]	result	28.04432039	0.00000512	0x00	0xFF
SPI [1]	result	28.04432567	0.00000512	0x88	0xFF
SPI [1]	result	28.04433095	0.00000512	0x32	0xFF
SPI [1]	result	28.08307481	0.00000512	0x00	0x00
SPI [1]	result	28.08308009	0.00000512	0x00	0x00
SPI [1]	result	28.08308537	0.00000512	0x08	0x00
SPI [1]	result	28.08309065	0.00000512	0x20	0x3F
SPI [1]	result	28.08353033	0.00000512	0x0B	0xFF
SPI [1]	result	28.08353561	0.00000512	0x10	0xFF
SPI [1]	result	28.08354089	0.00000512	0x80	0xFF
SPI [1]	result	28.08354617	0.00000512	0x3A	0xFF
SPI [1]	result	28.08394918	0.00000512	0x00	0xFF
SPI [1]	result	28.08395446	0.00000512	0x00	0xFF
SPI [1]	result	28.08395974	0.00000512	0x00	0xFF
SPI [1]	result	28.08396502	0.00000512	0x00	0xFF
SPI [1]	result	28.08436691	0.00000512	0x08	0xFF
SPI [1]	result	28.08437219	0.00000512	0x00	0xFF
SPI [1]	result	28.08437747	0.00000512	0x88	0xFF
SPI [1]	result	28.08438275	0.00000512	0x32	0xFF
SPI [1]	result	28.12306830	0.00000512	0x00	0x00
SPI [1]	result	28.12307358	0.00000512	0x00	0x00
SPI [1]	result	28.12307886	0.00000512	0x08	0x00
SPI [1]	result	28.12308414	0.00000512	0x20	0x3F
SPI [1]	result	28.12350685	0.00000512	0x0C	0xFF
SPI [1]	result	28.12351213	0.00000512	0x10	0xFF
SPI [1]	result	28.12351741	0.00000512	0x80	0xFF
SPI [1]	result	28.12352269	0.00000512	0x02	0xFF
SPI [1]	result	28.12393532	0.00000512	0x00	0xFF
SPI [1]	result	28.12394060	0.00000512	0x00	0xFF
SPI [1]	result	28.12394588	0.00000512	0x09	0xFF
SPI [1]	result	28.12395116	0.00000512	0xA6	0xFF
SPI [1]	result	28.12435460	0.00000512	0x0D	0xFF
SPI [1]	result	28.12435988	0.00000512	0x00	0xFF
SPI [1]	result	28.12436516	0.00000512	0x88	0xFF
SPI [1]	result	28.12437044	0.00000512	0x1A	0xFF
SPI [1]	result	28.12477210	0.00000512	0x00	0xFF
SPI [1]	result	28.12477738	0.00000512	0x00	0xFF
SPI [1]	result	28.12478266	0.00000512	0x00	0xFF
SPI [1]	result	28.12478794	0.00000512	0x00	0xFF
SPI [1]	result	28.12525944	0.00000512	0x08	0xFF
SPI [1]	result	28.12526472	0.00000512	0x00	0xFF
SPI [1]	result	28.12527000	0.00000512	0x89	0xFF
SPI [1]	result	28.12527528	0.00000512	0xB8	0xFF
SPI [1]	result	28.16306747	0.00000512	0x00	0x00
SPI [1]	result	28.16307275	0.00000512	0x00	0x00
SPI [1]	result	28.16307803	0.00000512	0x08	0x00
SPI [1]	result	28.16308331	0.00000512	0x20	0x3F
SPI [1]	result	28.16350049	0.00000512	0x0E	0xFF
SPI [1]	result	28.16350577	0.00000512	0x10	0xFF
SPI [1]	result	28.16351105	0.00000512	0x80	0xFF
SPI [1]	result	28.16351633	0.00000512	0x12	0xFF
SPI [1]	result	28.16391931	0.00000512	0x00	0xFF
SPI [1]	result	28.16392459	0.00000512	0x00	0xFF
SPI [1]	result	28.16392987	0.00000512	0x00	0xFF
SPI [1]	result	28.16393515	0.00000512	0x00	0xFF
SPI [1]	result	28.16433725	0.00000512	0x08	0xFF
SPI [1]	result	28.16434253	0.00000512	0x00	0xFF
SPI [1]	result	28.16434781	0.00000512	0x88	0xFF
SPI [1]	result	28.16435309	0.00000512	0x32	0xFF
SPI [1]	result	28.20306358	0.00000512	0x00	0x00
SPI [1]	result	28.20306886	0.00000512	0x00	0x00
SPI [1]	result	28.20307414	0.00000512	0x08	0x00
SPI [1]	result	28.20307942	0.00000512	0x20	0x3F
SPI [1]	result	28.20348594	0.00000512	0x0F	0xFF
SPI [1]	result	28.20349122	0.00000512	0x10	0xFF
SPI [1]	result	28.20349650	0.00000512	0x80	0xFF
SPI [1]	result	28.20350178	0.00000512	0x1A	0xFF
SPI [1]	result	28.20390353	0.00000512	0x00	0xFF
SPI [1]	result	28.20390881	0.00000512	0x00	0xFF
SPI [1]	result	28.20391409	0.00000512	0x00	0xFF
SPI [1]	result	28.20391937	0.00000512	0x00	0xFF
SPI [1]	result	28.20432157	0.00000512	0x08	0xFF
SPI [1]	result	28.20432685	0.00000512	0x00	0xFF
SPI [1]	result	28.20433213	0.00000512	0x88	0xFF
SPI [1]	result	28.20433741	0.00000512	0x32	0xFF
SPI [1]	result	28.24306977	0.00000512	0x00	0x00
SPI [1]	result	28.24307505	0.00000512	0x00	0x00
SPI [1]	result	28.24308033	0.00000512	0x08	0x04
SPI [1]	result	28.24308561	0.00000512	0x20	0x3F
SPI [1]	result	28.24350228	0.00000512	0x08	0xFF
SPI [1]	result	28.24350756	0.00000512	0x10	0xFF
SPI [1]	result	28.24351284	0.00000512	0x80	0xFF
SPI [1]	result	28.24351812	0.00000512	0x22	0xFF
SPI [1]	result	28.24392159	0.00000512	0x00	0xFF
SPI [1]	result	28.24392687	0.00000512	0x00	0xFF
SPI [1]	result	28.24393215	0.00000512	0x09	0xFF
SPI [1]	result	28.24393743	0.00000512	0xA6	0xFF
SPI [1]	result	28.24433882	0.00000512	0x09	0xFF
SPI [1]	result	28.24434410	0.00000512	0x00	0xFF
SPI [1]	result	28.24434938	0.00000512	0x88	0xFF
SPI [1]	result	28.24435466	0.00000512	0x3A	0xFF
SPI [1]	result	28.24475613	0.00000512	0x00	0xFF
SPI [1]	result	28.24476141	0.00000512	0x00	0xFF
SPI [1]	result	28.24476669	0.00000512	0x00	0xFF
SPI [1]	result	28.24477197	0.00000512	0x00	0xFF
SPI [1]	result	28.24517367	0.00000512	0x08	0xFF
SPI [1]	result	28.24517895	0.00000512	0x00	0xFF
SPI [1]	result	28.24518423	0.00000512	0x89	0xFF
SPI [1]	result	28.24518951	0.00000512	0xB8	0xFF
SPI [1]	result	28.28306754	0.00000512	0x00	0x00
SPI [1]	result	28.28307282	0.00000512	0x00	0x00
SPI [1]	result	28.28307810	0.00000512	0x08	0x00
SPI [1]	result	28.28308338	0.00000512	0x20	0x3F
SPI [1]	result	28.28350224	0.00000512	0x0A	0xFF
SPI [1]	result	28.28350752	0.00000512	0x10	0xFF
SPI [1]	result	28.28351280	0.00000512	0x80	0xFF
SPI [1]	result	28.28351808	0.00000512	0x32	0xFF
SPI [1]	result	28.28392101	0.00000512	0x00	0xFF
SPI [1]	result	28.28392629	0.00000512	0x00	0xFF
SPI [1]	result	28.28393157	0.00000512	0x00	0xFF
SPI [1]	result	28.28393685	0.00000512	0x00	0xFF
SPI [1]	result	28.28433539	0.00000512	0x08	0xFF
SPI [1]	result	28.28434067	0.00000512	0x00	0xFF
SPI [1]	result	28.28434595	0.00000512	0x88	0xFF
SPI [1]	result	28.28435123	0.00000512	0x32	0xFF
SPI [1]	result	28.32306245	0.00000512	0x00	0x00
SPI [1]	result	28.32306773	0.00000512	0x00	0x00
SPI [1]	result	28.32307301	0.00000512	0x08	0x07
SPI [1]	result	28.32307829	0.00000512	0x20	0x3F
SPI [1]	result	28.32347988	0.00000512	0x0B	0xFF
SPI [1]	result	28.32348516	0.00000512	0x10	0xFF
SPI [1]	result	28.32349044	0.00000512	0x80	0xFF
SPI [1]	result	28.32349572	0.00000512	0x3A	0xFF
SPI [1]	result	28.32389758	0.00000512	0x00	0xFF
SPI [1]	result	28.32390286	0.00000512	0x00	0xFF
SPI [1]	result	28.32390814	0.00000512	0x00	0xFF
SPI [1]	result	28.32391342	0.00000512	0x00	0xFF
SPI [1]	result	28.32431468	0.00000512	0x08	0xFF
SPI [1]	result	28.32431996	0.00000512	0x00	0xFF
SPI [1]	result	28.32432524	0.00000512	0x88	0xFF
SPI [1]	result	28.32433052	0.00000512	0x32	0xFF
SPI [1]	result	28.36306666	0.00000512	0x00	0x00
SPI [1]	result	28.36307194	0.00000512	0x00	0x00
SPI [1]	result	28.36307722	0.00000512	0x08	0x00
SPI [1]	result	28.36308250	0.00000512	0x20	0x3F
SPI [1]	result	28.36349392	0.00000512	0x0C	0xFF
SPI [1]	result	28.36349920	0.00000512	0x10	0xFF
SPI [1]	result	28.36350448	0.00000512	0x80	0xFF
SPI [1]	result	28.36350976	0.00000512	0x02	0xFF
SPI [1]	result	28.36391170	0.00000512	0x00	0xFF
SPI [1]	result	28.36391698	0.00000512	0x00	0xFF
SPI [1]	result	28.36392226	0.00000512	0x09	0xFF
SPI [1]	result	28.36392754	0.00000512	0xA6	0xFF
SPI [1]	result	28.36432887	0.00000512	0x0D	0xFF
SPI [1]	result	28.36433415	0.00000512	0x00	0xFF
SPI [1]	result	28.36433943	0.00000512	0x88	0xFF
SPI [1]	result	28.36434471	0.00000512	0x1A	0xFF
SPI [1]	result	28.36474718	0.00000512	0x00	0xFF
SPI [1]	result	28.36475246	0.00000512	0x00	0xFF
SPI [1]	result	28.36475774	0.00000512	0x00	0xFF
SPI [1]	result	28.36476302	0.00000512	0x00	0xFF
SPI [1]	result	28.36516424	0.00000512	0x08	0xFF
SPI [1]	result	28.36516952	0.00000512	0x00	0xFF
SPI [1]	result	28.36517480	0.00000512	0x89	0xFF
SPI [1]	result	28.36518008	0.00000512	0xB8	0xFF
SPI [1]	result	28.40306359	0.00000512	0x00	0x00
SPI [1]	result	28.40306887	0.00000512	0x00	0x00
SPI [1]	result	28.40307415	0.00000512	0x08	0x00
SPI [1]	result	28.40307943	0.00000512	0x20	0x3F
SPI [1]	result	28.40348509	0.00000512	0x0E	0xFF
SPI [1]	result	28.40349037	0.00000512	0x10	0xFF
SPI [1]	result	28.40349565	0.00000512	0x80	0xFF
SPI [1]	result	28.40350093	0.00000512	0x12	0xFF
SPI [1]	result	28.40390267	0.00000512	0x00	0xFF
SPI [1]	result	28.40390795	0.00000512	0x00	0xFF
SPI [1]	result	28.40391323	0.00000512	0x00	0xFF
SPI [1]	result	28.40391851	0.00000512	0x00	0xFF
SPI [1]	result	28.40432082	0.00000512	0x08	0xFF
SPI [1]	result	28.40432610	0.00000512	0x00	0xFF
SPI [1]	result	28.40433138	0.00000512	0x88	0xFF
SPI [1]	result	28.40433666	0.00000512	0x32	0xFF
SPI [1]	result	28.44306170	0.00000512	0x00	0x00
SPI [1]	result	28.44306698	0.00000512	0x00	0x00
SPI [1]	result	28.44307226	0.00000512	0x08	0x04
SPI [1]	result	28.44307754	0.00000512	0x20	0x3F
SPI [1]	result	28.44348441	0.00000512	0x0F	0xFF
SPI [1]	result	28.44348969	0.00000512	0x10	0xFF
SPI [1]	result	28.44349497	0.00000512	0x80	0xFF
SPI [1]	result	28.44350025	0.00000512	0x1A	0xFF
SPI [1]	result	28.44390186	0.00000512	0x00	0xFF
SPI [1]	result	28.44390714	0.00000512	0x00	0xFF
SPI [1]	result	28.44391242	0.00000512	0x00	0xFF
SPI [1]	result	28.44391770	0.00000512	0x00	0xFF
SPI [1]	result	28.44431934	0.00000512	0x08	0xFF
SPI [1]	result	28.44432462	0.00000512	0x00	0xFF
SPI [1]	result	28.44432990	0.00000512	0x88	0xFF
SPI [1]	result	28.44433518	0.00000512	0x32	0xFF
SPI [1]	result	28.48306653	0.00000512	0x00	0x00
SPI [1]	result	28.48307181	0.00000512	0x00	0x00
SPI [1]	result	28.48307709	0.00000512	0x08	0x00
SPI [1]	result	28.48308237	0.00000512	0x20	0x3F
SPI [1]	result	28.48349873	0.00000512	0x08	0xFF
SPI [1]	result	28.48350401	0.00000512	0x10	0xFF
SPI [1]	result	28.48350929	0.00000512	0x80	0xFF
SPI [1]	result	28.48351457	0.00000512	0x22	0xFF
SPI [1]	result	28.48391710	0.00000512	0x00	0xFF
SPI [1]	result	28.48392238	0.00000512	0x00	0xFF
SPI [1]	result	28.48392766	0.00000512	0x09	0xFF
SPI [1]	result	28.48393294	0.00000512	0xA6	0xFF
SPI [1]	result	28.48433505	0.00000512	0x09	0xFF
SPI [1]	result	28.48434033	0.00000512	0x00	0xFF
SPI [1]	result	28.48434561	0.00000512	0x88	0xFF
SPI [1]	result	28.48435089	0.00000512	0x3A	0xFF
SPI [1]	result	28.48474942	0.00000512	0x00	0xFF
SPI [1]	result	28.48475470	0.00000512	0x00	0xFF
SPI [1]	result	28.48475998	0.00000512	0x00	0xFF
SPI [1]	result	28.48476526	0.00000512	0x00	0xFF
SPI [1]	result	28.48516676	0.00000512	0x08	0xFF
SPI [1]	result	28.48517204	0.00000512	0x00	0xFF
SPI [1]	result	28.48517732	0.00000512	0x89	0xFF
SPI [1]	result	28.48518260	0.00000512	0xB8	0xFF
SPI [1]	result	28.52306251	0.00000512	0x00	0x00
SPI [1]	result	28.52306779	0.00000512	0x00	0x00
SPI [1]	result	28.52307307	0.00000512	0x08	0x04
SPI [1]	result	28.52307835	0.00000512	0x20	0x3F
SPI [1]	result	28.52348468	0.00000512	0x0A	0xFF
SPI [1]	result	28.52348996	0.00000512	0x10	0xFF
SPI [1]	result	28.52349524	0.00000512	0x80	0xFF
SPI [1]	result	28.52350052	0.00000512	0x32	0xFF
SPI [1]	result	28.52390225	0.00000512	0x00	0xFF
SPI [1]	result	28.52390753	0.00000512	0x00	0xFF
SPI [1]	result	28.52391281	0.00000512	0x00	0xFF
SPI [1]	result	28.52391809	0.00000512	0x00	0xFF
SPI [1]	result	28.52431652	0.00000512	0x08	0xFF
SPI [1]	result	28.52432180	0.00000512	0x00	0xFF
SPI [1]	result	28.52432708	0.00000512	0x88	0xFF
SPI [1]	result	28.52433236	0.00000512	0x32	0xFF
SPI [1]	result	28.56306128	0.00000512	0x00	0x00
SPI [1]	result	28.56306656	0.00000512	0x00	0x00
SPI [1]	result	28.56307184	0.00000512	0x08	0x00
SPI [1]	result	28.56307712	0.00000512	0x20	0x3F
SPI [1]	result	28.56348128	0.00000512	0x0B	0xFF
SPI [1]	result	28.56348656	0.00000512	0x10	0xFF
SPI [1]	result	28.56349184	0.00000512	0x80	0xFF
SPI [1]	result	28.56349712	0.00000512	0x3A	0xFF
SPI [1]	result	28.56389915	0.00000512	0x00	0xFF
SPI [1]	result	28.56390443	0.00000512	0x00	0xFF
SPI [1]	result	28.56390971	0.00000512	0x00	0xFF
SPI [1]	result	28.56391499	0.00000512	0x00	0xFF
SPI [1]	result	28.56431563	0.00000512	0x08	0xFF
SPI [1]	result	28.56432091	0.00000512	0x00	0xFF
SPI [1]	result	28.56432619	0.00000512	0x88	0xFF
SPI [1]	result	28.56433147	0.00000512	0x32	0xFF
SPI [1]	result	28.60306309	0.00000512	0x00	0x00
SPI [1]	result	28.60306837	0.00000512	0x00	0x00
SPI [1]	result	28.60307365	0.00000512	0x08	0x00
SPI [1]	result	28.60307893	0.00000512	0x20	0x3F
SPI [1]	result	28.60348291	0.00000512	0x0C	0xFF
SPI [1]	result	28.60348819	0.00000512	0x10	0xFF
SPI [1]	result	28.60349347	0.00000512	0x80	0xFF
SPI [1]	result	28.60349875	0.00000512	0x02	0xFF
SPI [1]	result	28.60390054	0.00000512	0x00	0xFF
SPI [1]	result	28.60390582	0.00000512	0x00	0xFF
SPI [1]	result	28.60391110	0.00000512	0x09	0xFF
SPI [1]	result	28.60391638	0.00000512	0xA6	0xFF
SPI [1]	result	28.60431782	0.00000512	0x0D	0xFF
SPI [1]	result	28.60432310	0.00000512	0x00	0xFF
SPI [1]	result	28.60432838	0.00000512	0x88	0xFF
SPI [1]	result	28.60433366	0.00000512	0x1A	0xFF
SPI [1]	result	28.60473442	0.00000512	0x00	0xFF
SPI [1]	result	28.60473970	0.00000512	0x00	0xFF
SPI [1]	result	28.60474498	0.00000512	0x00	0xFF
SPI [1]	result	28.60475026	0.00000512	0x00	0xFF
SPI [1]	result	28.60514883	0.00000512	0x08	0xFF
SPI [1]	result	28.60515411	0.00000512	0x00	0xFF
SPI [1]	result	28.60515939	0.00000512	0x89	0xFF
SPI [1]	result	28.60516467	0.00000512	0xB8	0xFF
SPI [1]	result	28.64307086	0.00000512	0x00	0x00
SPI [1]	result	28.64307614	0.00000512	0x00	0x00
SPI [1]	result	28.64308142	0.00000512	0x08	0x00
SPI [1]	result	28.64308670	0.00000512	0x20	0x3F
SPI [1]	result	28.64352042	0.00000512	0x0E	0xFF
SPI [1]	result	28.64352570	0.00000512	0x10	0xFF
SPI [1]	result	28.64353098	0.00000512	0x80	0xFF
SPI [1]	result	28.64353626	0.00000512	0x12	0xFF
SPI [1]	result	28.64394035	0.00000512	0x00	0xFF
SPI [1]	result	28.64394563	0.00000512	0x00	0xFF
SPI [1]	result	28.64395091	0.00000512	0x00	0xFF
SPI [1]	result	28.64395619	0.00000512	0x00	0xFF
SPI [1]	result	28.64435494	0.00000512	0x08	0xFF
SPI [1]	result	28.64436022	0.00000512	0x00	0xFF
SPI [1]	result	28.64436550	0.00000512	0x88	0xFF
SPI [1]	result	28.64437078	0.00000512	0x32	0xFF
SPI [1]	result	28.68306229	0.00000512	0x00	0x00
SPI [1]	result	28.68306757	0.00000512	0x00	0x00
SPI [1]	result	28.68307285	0.00000512	0x08	0x04
SPI [1]	result	28.68307813	0.00000512	0x20	0x3F
SPI [1]	result	28.68348372	0.00000512	0x0F	0xFF
SPI [1]	result	28.68348900	0.00000512	0x10	0xFF
SPI [1]	result	28.68349428	0.00000512	0x80	0xFF
SPI [1]	result	28.68349956	0.00000512	0x1A	0xFF
SPI [1]	result	28.68390070	0.00000512	0x00	0xFF
SPI [1]	result	28.68390598	0.00000512	0x00	0xFF
SPI [1]	result	28.68391126	0.00000512	0x00	0xFF
SPI [1]	result	28.68391654	0.00000512	0x00	0xFF
SPI [1]	result	28.68431839	0.00000512	0x08	0xFF
SPI [1]	result	28.68432367	0.00000512	0x00	0xFF
SPI [1]	result	28.68432895	0.00000512	0x88	0xFF
SPI [1]	result	28.68433423	0.00000512	0x32	0xFF
SPI [1]	result	28.72306372	0.00000512	0x00	0x00
SPI [1]	result	28.72306900	0.00000512	0x00	0x00
SPI [1]	result	28.72307428	0.00000512	0x08	0x04
SPI [1]	result	28.72307956	0.00000512	0x20	0x3F
SPI [1]	result	28.72348610	0.00000512	0x08	0xFF
SPI [1]	result	28.72349138	0.00000512	0x10	0xFF
SPI [1]	result	28.72349666	0.00000512	0x80	0xFF
SPI [1]	result	28.72350194	0.00000512	0x22	0xFF
SPI [1]	result	28.72390371	0.00000512	0x00	0xFF
SPI [1]	result	28.72390899	0.00000512	0x00	0xFF
SPI [1]	result	28.72391427	0.00000512	0x09	0xFF
SPI [1]	result	28.72391955	0.00000512	0xA6	0xFF
SPI [1]	result	28.72432164	0.00000512	0x09	0xFF
SPI [1]	result	28.72432692	0.00000512	0x00	0xFF
SPI [1]	result	28.72433220	0.00000512	0x88	0xFF
SPI [1]	result	28.72433748	0.00000512	0x3A	0xFF
SPI [1]	result	28.72473636	0.00000512	0x00	0xFF
SPI [1]	result	28.72474164	0.00000512	0x00	0xFF
SPI [1]	result	28.72474692	0.00000512	0x00	0xFF
SPI [1]	result	28.72475220	0.00000512	0x00	0xFF
SPI [1]	result	28.72515390	0.00000512	0x08	0xFF
SPI [1]	result	28.72515918	0.00000512	0x00	0xFF
SPI [1]	result	28.72516446	0.00000512	0x89	0xFF
SPI [1]	result	28.72516974	0.00000512	0xB8	0xFF
SPI [1]	result	28.76306740	0.00000512	0x00	0x00
SPI [1]	result	28.76307268	0.00000512	0x00	0x00
SPI [1]	result	28.76307796	0.00000512	0x08	0x00
SPI [1]	result	28.76308324	0.00000512	0x20	0x3F
SPI [1]	result	28.76350334	0.00000512	0x0A	0xFF
SPI [1]	result	28.76350862	0.00000512	0x10	0xFF
SPI [1]	result	28.76351390	0.00000512	0x80	0xFF
SPI [1]	result	28.76351918	0.00000512	0x32	0xFF
SPI [1]	result	28.76392298	0.00000512	0x00	0xFF
SPI [1]	result	28.76392826	0.00000512	0x00	0xFF
SPI [1]	result	28.76393354	0.00000512	0x00	0xFF
SPI [1]	result	28.76393882	0.00000512	0x00	0xFF
SPI [1]	result	28.76434390	0.00000512	0x08	0xFF
SPI [1]	result	28.76434918	0.00000512	0x00	0xFF
SPI [1]	result	28.76435446	0.00000512	0x88	0xFF
SPI [1]	result	28.76435974	0.00000512	0x32	0xFF
SPI [1]	result	28.80306213	0.00000512	0x00	0x00
SPI [1]	result	28.80306741	0.00000512	0x00	0x00
SPI [1]	result	28.80307269	0.00000512	0x08	0x00
SPI [1]	result	28.80307797	0.00000512	0x20	0x3F
SPI [1]	result	28.80348154	0.00000512	0x0B	0xFF
SPI [1]	result	28.80348682	0.00000512	0x10	0xFF
SPI [1]	result	28.80349210	0.00000512	0x80	0xFF
SPI [1]	result	28.80349738	0.00000512	0x3A	0xFF
SPI [1]	result	28.80389900	0.00000512	0x00	0xFF
SPI [1]	result	28.80390428	0.00000512	0x00	0xFF
SPI [1]	result	28.80390956	0.00000512	0x00	0xFF
SPI [1]	result	28.80391484	0.00000512	0x00	0xFF
SPI [1]	result	28.80431587	0.00000512	0x08	0xFF
SPI [1]	result	28.80432115	0.00000512	0x00	0xFF
SPI [1]	result	28.80432643	0.00000512	0x88	0xFF
SPI [1]	result	28.80433171	0.00000512	0x32	0xFF
SPI [1]	result	28.84307126	0.00000512	0x00	0x00
SPI [1]	result	28.84307654	0.00000512	0x00	0x00
SPI [1]	result	28.84308182	0.00000512	0x08	0x04
SPI [1]	result	28.84308710	0.00000512	0x20	0x3F
SPI [1]	result	28.84352086	0.00000512	0x0C	0xFF
SPI [1]	result	28.84352614	0.00000512	0x10	0xFF
SPI [1]	result	28.84353142	0.00000512	0x80	0xFF
SPI [1]	result	28.84353670	0.00000512	0x02	0xFF
SPI [1]	result	28.84393780	0.00000512	0x00	0xFF
SPI [1]	result	28.84394308	0.00000512	0x00	0xFF
SPI [1]	result	28.84394836	0.00000512	0x09	0xFF
SPI [1]	result	28.84395364	0.00000512	0xA6	0xFF
SPI [1]	result	28.84435499	0.00000512	0x0D	0xFF
SPI [1]	result	28.84436027	0.00000512	0x00	0xFF
SPI [1]	result	28.84436555	0.00000512	0x88	0xFF
SPI [1]	result	28.84437083	0.00000512	0x1A	0xFF
SPI [1]	result	28.84477225	0.00000512	0x00	0xFF
SPI [1]	result	28.84477753	0.00000512	0x00	0xFF
SPI [1]	result	28.84478281	0.00000512	0x00	0xFF
SPI [1]	result	28.84478809	0.00000512	0x00	0xFF
SPI [1]	result	28.84518935	0.00000512	0x08	0xFF
SPI [1]	result	28.84519463	0.00000512	0x00	0xFF
SPI [1]	result	28.84519991	0.00000512	0x89	0xFF
SPI [1]	result	28.84520519	0.00000512	0xB8	0xFF
SPI [1]	result	28.88306886	0.00000512	0x00	0x00
SPI [1]	result	28.88307414	0.00000512	0x00	0x00
SPI [1]	result	28.88307942	0.00000512	0x08	0x00
SPI [1]	result	28.88308470	0.00000512	0x20	0x3F
SPI [1]	result	28.88351003	0.00000512	0x0E	0xFF
SPI [1]	result	28.88351531	0.00000512	0x10	0xFF
SPI [1]	result	28.88352059	0.00000512	0x80	0xFF
SPI [1]	result	28.88352587	0.00000512	0x12	0xFF
SPI [1]	result	28.88392638	0.00000512	0x00	0xFF
SPI [1]	result	28.88393166	0.00000512	0x00	0xFF
SPI [1]	result	28.88393694	0.00000512	0x00	0xFF
SPI [1]	result	28.88394222	0.00000512	0x00	0xFF
SPI [1]	result	28.88434361	0.00000512	0x08	0xFF
SPI [1]	result	28.88434889	0.00000512	0x00	0xFF
SPI [1]	result	28.88435417	0.00000512	0x88	0xFF
SPI [1]	result	28.88435945	0.00000512	0x32	0xFF
SPI [1]	result	28.92306887	0.00000512	0x00	0x00
SPI [1]	result	28.92307415	0.00000512	0x00	0x00
SPI [1]	result	28.92307943	0.00000512	0x08	0x00
SPI [1]	result	28.92308471	0.00000512	0x20	0x3F
SPI [1]	result	28.92350837	0.00000512	0x0F	0xFF
SPI [1]	result	28.92351365	0.00000512	0x10	0xFF
SPI [1]	result	28.92351893	0.00000512	0x80	0xFF
SPI [1]	result	28.92352421	0.00000512	0x1A	0xFF
SPI [1]	result	28.92392776	0.00000512	0x00	0xFF
SPI [1]	result	28.92393304	0.00000512	0x00	0xFF
SPI [1]	result	28.92393832	0.00000512	0x00	0xFF
SPI [1]	result	28.92394360	0.00000512	0x00	0xFF
SPI [1]	result	28.92434537	0.00000512	0x08	0xFF
SPI [1]	result	28.92435065	0.00000512	0x00	0xFF
SPI [1]	result	28.92435593	0.00000512	0x88	0xFF
SPI [1]	result	28.92436121	0.00000512	0x32	0xFF
SPI [1]	result	28.96307084	0.00000512	0x00	0x00
SPI [1]	result	28.96307612	0.00000512	0x00	0x00
SPI [1]	result	28.96308140	0.00000512	0x08	0x00
SPI [1]	result	28.96308668	0.00000512	0x20	0x3F
SPI [1]	result	28.96350865	0.00000512	0x08	0xFF
SPI [1]	result	28.96351393	0.00000512	0x10	0xFF
SPI [1]	result	28.96351921	0.00000512	0x80	0xFF
SPI [1]	result	28.96352449	0.00000512	0x22	0xFF
SPI [1]	result	28.96392855	0.00000512	0x00	0xFF
SPI [1]	result	28.96393383	0.00000512	0x00	0xFF
SPI [1]	result	28.96393911	0.00000512	0x09	0xFF
SPI [1]	result	28.96394439	0.00000512	0xA6	0xFF
SPI [1]	result	28.96434675	0.00000512	0x09	0xFF
SPI [1]	result	28.96435203	0.00000512	0x00	0xFF
SPI [1]	result	28.96435731	0.00000512	0x88	0xFF
SPI [1]	result	28.96436259	0.00000512	0x3A	0xFF
SPI [1]	result	28.96476359	0.00000512	0x00	0xFF
SPI [1]	result	28.96476887	0.00000512	0x00	0xFF
SPI [1]	result	28.96477415	0.00000512	0x00	0xFF
SPI [1]	result	28.96477943	0.00000512	0x00	0xFF
SPI [1]	result	28.96518163	0.00000512	0x08	0xFF
SPI [1]	result	28.96518691	0.00000512	0x00	0xFF
SPI [1]	result	28.96519219	0.00000512	0x89	0xFF
SPI [1]	result	28.96519747	0.00000512	0xB8	0xFF
SPI [1]	result	29.00307314	0.00000512	0x00	0x00
SPI [1]	result	29.00307842	0.00000512	0x00	0x00
SPI [1]	result	29.00308370	0.00000512	0x08	0x00
SPI [1]	result	29.00308898	0.00000512	0x20	0x3F
SPI [1]	result	29.00352216	0.00000512	0x0A	0xFF
SPI [1]	result	29.00352744	0.00000512	0x10	0xFF
SPI [1]	result	29.00353272	0.00000512	0x80	0xFF
SPI [1]	result	29.00353800	0.00000512	0x32	0xFF
SPI [1]	result	29.00394261	0.00000512	0x00	0xFF
SPI [1]	result	29.00394789	0.00000512	0x00	0xFF
SPI [1]	result	29.00395317	0.00000512	0x00	0xFF
SPI [1]	result	29.00395845	0.00000512	0x00	0xFF
SPI [1]	result	29.00436024	0.00000512	0x08	0xFF
SPI [1]	result	29.00436552	0.00000512	0x00	0xFF
SPI [1]	result	29.00437080	0.00000512	0x88	0xFF
SPI [1]	result	29.00437608	0.00000512	0x32	0xFF
SPI [1]	result	29.04306691	0.00000512	0x00	0x00
SPI [1]	result	29.04307219	0.00000512	0x00	0x00
SPI [1]	result	29.04307747	0.00000512	0x08	0x04
SPI [1]	result	29.04308275	0.00000512	0x20	0x3F
SPI [1]	result	29.04350391	0.00000512	0x0B	0xFF
SPI [1]	result	29.04350919	0.00000512	0x10	0xFF
SPI [1]	result	29.04351447	0.00000512	0x80	0xFF
SPI [1]	result	29.04351975	0.00000512	0x3A	0xFF
SPI [1]	result	29.04392061	0.00000512	0x00	0xFF
SPI [1]	result	29.04392589	0.00000512	0x00	0xFF
SPI [1]	result	29.04393117	0.00000512	0x00	0xFF
SPI [1]	result	29.04393645	0.00000512	0x00	0xFF
SPI [1]	result	29.04433851	0.00000512	0x08	0xFF
SPI [1]	result	29.04434379	0.00000512	0x00	0xFF
SPI [1]	result	29.04434907	0.00000512	0x88	0xFF
SPI [1]	result	29.04435435	0.00000512	0x32	0xFF
SPI [1]	result	29.08307778	0.00000512	0x00	0x00
SPI [1]	result	29.08308306	0.00000512	0x00	0x00
SPI [1]	result	29.08308834	0.00000512	0x08	0x00
SPI [1]	result	29.08309362	0.00000512	0x20	0x3F
SPI [1]	result	29.08354288	0.00000512	0x0C	0xFF
SPI [1]	result	29.08354816	0.00000512	0x10	0xFF
SPI [1]	result	29.08355344	0.00000512	0x80	0xFF
SPI [1]	result	29.08355872	0.00000512	0x02	0xFF
SPI [1]	result	29.08395920	0.00000512	0x00	0xFF
SPI [1]	result	29.08396448	0.00000512	0x00	0xFF
SPI [1]	result	29.08396976	0.00000512	0x09	0xFF
SPI [1]	result	29.08397504	0.00000512	0xA6	0xFF
SPI [1]	result	29.08437671	0.00000512	0x0D	0xFF
SPI [1]	result	29.08438199	0.00000512	0x00	0xFF
SPI [1]	result	29.08438727	0.00000512	0x88	0xFF
SPI [1]	result	29.08439255	0.00000512	0x1A	0xFF
SPI [1]	result	29.08479450	0.00000512	0x00	0xFF
SPI [1]	result	29.08479978	0.00000512	0x00	0xFF
SPI [1]	result	29.08480506	0.00000512	0x00	0xFF
SPI [1]	result	29.08481034	0.00000512	0x00	0xFF
SPI [1]	result	29.08521318	0.00000512	0x08	0xFF
SPI [1]	result	29.08521846	0.00000512	0x00	0xFF
SPI [1]	result	29.08522374	0.00000512	0x89	0xFF
SPI [1]	result	29.08522902	0.00000512	0xB8	0xFF
SPI [1]	result	29.12306285	0.00000512	0x00	0x00
SPI [1]	result	29.12306813	0.00000512	0x00	0x00
SPI [1]	result	29.12307341	0.00000512	0x08	0x04
SPI [1]	result	29.12307869	0.00000512	0x20	0x3F
SPI [1]	result	29.12348461	0.00000512	0x0E	0xFF
SPI [1]	result	29.12348989	0.00000512	0x10	0xFF
SPI [1]	result	29.12349517	0.00000512	0x80	0xFF
SPI [1]	result	29.12350045	0.00000512	0x12	0xFF
SPI [1]	result	29.12389972	0.00000512	0x00	0xFF
SPI [1]	result	29.12390500	0.00000512	0x00	0xFF
SPI [1]	result	29.12391028	0.00000512	0x00	0xFF
SPI [1]	result	29.12391556	0.00000512	0x00	0xFF
SPI [1]	result	29.12431681	0.00000512	0x08	0xFF
SPI [1]	result	29.12432209	0.00000512	0x00	0xFF
SPI [1]	result	29.12432737	0.00000512	0x88	0xFF
SPI [1]	result	29.12433265	0.00000512	0x32	0xFF
SPI [1]	result	29.16306495	0.00000512	0x00	0x00
SPI [1]	result	29.16307023	0.00000512	0x00	0x00
SPI [1]	result	29.16307551	0.00000512	0x08	0x00
SPI [1]	result	29.16308079	0.00000512	0x20	0x3F
SPI [1]	result	29.16349417	0.00000512	0x0F	0xFF
SPI [1]	result	29.16349945	0.00000512	0x10	0xFF
SPI [1]	result	29.16350473	0.00000512	0x80	0xFF
SPI [1]	result	29.16351001	0.00000512	0x1A	0xFF
SPI [1]	result	29.16391267	0.00000512	0x00	0xFF
SPI [1]	result	29.16391795	0.00000512	0x00	0xFF
SPI [1]	result	29.16392323	0.00000512	0x00	0xFF
SPI [1]	result	29.16392851	0.00000512	0x00	0xFF
SPI [1]	result	29.16433001	0.00000512	0x08	0xFF
SPI [1]	result	29.16433529	0.00000512	0x00	0xFF
SPI [1]	result	29.16434057	0.00000512	0x88	0xFF
SPI [1]	result	29.16434585	0.00000512	0x32	0xFF
SPI [1]	result	29.20307051	0.00000512	0x00	0x00
SPI [1]	result	29.20307579	0.00000512	0x00	0x00
SPI [1]	result	29.20308107	0.00000512	0x08	0x00
SPI [1]	result	29.20308635	0.00000512	0x20	0x3F
SPI [1]	result	29.20351214	0.00000512	0x08	0xFF
SPI [1]	result	29.20351742	0.00000512	0x10	0xFF
SPI [1]	result	29.20352270	0.00000512	0x80	0xFF
SPI [1]	result	29.20352798	0.00000512	0x22	0xFF
SPI [1]	result	29.20393160	0.00000512	0x00	0xFF
SPI [1]	result	29.20393688	0.00000512	0x00	0xFF
SPI [1]	result	29.20394216	0.00000512	0x09	0xFF
SPI [1]	result	29.20394744	0.00000512	0xA6	0xFF
SPI [1]	result	29.20434942	0.00000512	0x09	0xFF
SPI [1]	result	29.20435470	0.00000512	0x00	0xFF
SPI [1]	result	29.20435998	0.00000512	0x88	0xFF
SPI [1]	result	29.20436526	0.00000512	0x3A	0xFF
SPI [1]	result	29.20476433	0.00000512	0x00	0xFF
SPI [1]	result	29.20476961	0.00000512	0x00	0xFF
SPI [1]	result	29.20477489	0.00000512	0x00	0xFF
SPI [1]	result	29.20478017	0.00000512	0x00	0xFF
SPI [1]	result	29.20518157	0.00000512	0x08	0xFF
SPI [1]	result	29.20518685	0.00000512	0x00	0xFF
SPI [1]	result	29.20519213	0.00000512	0x89	0xFF
SPI [1]	result	29.20519741	0.00000512	0xB8	0xFF
SPI [1]	result	29.24306755	0.00000512	0x00	0x00
SPI [1]	result	29.24307283	0.00000512	0x00	0x00
SPI [1]	result	29.24307811	0.00000512	0x08	0x06
SPI [1]	result	29.24308339	0.00000512	0x20	0xBF
SPI [1]	result	29.24355444	0.00000512	0x0A	0xFF
SPI [1]	result	29.24355972	0.00000512	0x10	0xFF
SPI [1]	result	29.24356500	0.00000512	0x80	0xFF
SPI [1]	result	29.24357028	0.00000512	0x32	0xFF
SPI [1]	result	29.24397609	0.00000512	0x00	0xFF
SPI [1]	result	29.24398137	0.00000512	0x00	0xFF
SPI [1]	result	29.24398665	0.00000512	0x00	0xFF
SPI [1]	result	29.24399193	0.00000512	0x00	0xFF
SPI [1]	result	29.24439378	0.00000512	0x08	0xFF
SPI [1]	result	29.24439906	0.00000512	0x00	0xFF
SPI [1]	result	29.24440434	0.00000512	0x88	0xFF
SPI [1]	result	29.24440962	0.00000512	0x32	0xFF
SPI [1]	result	29.28306295	0.00000512	0x00	0x00
SPI [1]	result	29.28306823	0.00000512	0x00	0x00
SPI [1]	result	29.28307351	0.00000512	0x08	0x00
SPI [1]	result	29.28307879	0.00000512	0x20	0x3F
SPI [1]	result	29.28348656	0.00000512	0x0B	0xFF
SPI [1]	result	29.28349184	0.00000512	0x10	0xFF
SPI [1]	result	29.28349712	0.00000512	0x80	0xFF
SPI [1]	result	29.28350240	0.00000512	0x3A	0xFF
SPI [1]	result	29.28390406	0.00000512	0x00	0xFF
SPI [1]	result	29.28390934	0.00000512	0x00	0xFF
SPI [1]	result	29.28391462	0.00000512	0x00	0xFF
SPI [1]	result	29.28391990	0.00000512	0x00	0xFF
SPI [1]	result	29.28432149	0.00000512	0x08	0xFF
SPI [1]	result	29.28432677	0.00000512	0x00	0xFF
SPI [1]	result	29.28433205	0.00000512	0x88	0xFF
SPI [1]	result	29.28433733	0.00000512	0x32	0xFF
SPI [1]	result	29.32306429	0.00000512	0x00	0x00
SPI [1]	result	29.32306957	0.00000512	0x00	0x00
SPI [1]	result	29.32307485	0.00000512	0x08	0x04
SPI [1]	result	29.32308013	0.00000512	0x20	0x3F
SPI [1]	result	29.32348510	0.00000512	0x0C	0xFF
SPI [1]	result	29.32349038	0.00000512	0x10	0xFF
SPI [1]	result	29.32349566	0.00000512	0x80	0xFF
SPI [1]	result	29.32350094	0.00000512	0x02	0xFF
SPI [1]	result	29.32390236	0.00000512	0x00	0xFF
SPI [1]	result	29.32390764	0.00000512	0x00	0xFF
SPI [1]	result	29.32391292	0.00000512	0x09	0xFF
SPI [1]	result	29.32391820	0.00000512	0xA6	0xFF
SPI [1]	result	29.32432107	0.00000512	0x0D	0xFF
SPI [1]	result	29.32432635	0.00000512	0x00	0xFF
SPI [1]	result	29.32433163	0.00000512	0x88	0xFF
SPI [1]	result	29.32433691	0.00000512	0x1A	0xFF
SPI [1]	result	29.32473796	0.00000512	0x00	0xFF
SPI [1]	result	29.32474324	0.00000512	0x00	0xFF
SPI [1]	result	29.32474852	0.00000512	0x00	0xFF
SPI [1]	result	29.32475380	0.00000512	0x00	0xFF
SPI [1]	result	29.32515555	0.00000512	0x08	0xFF
SPI [1]	result	29.32516083	0.00000512	0x00	0xFF
SPI [1]	result	29.32516611	0.00000512	0x89	0xFF
SPI [1]	result	29.32517139	0.00000512	0xB8	0xFF
SPI [1]	result	29.36306107	0.00000512	0x00	0x00
SPI [1]	result	29.36306635	0.00000512	0x00	0x00
SPI [1]	result	29.36307163	0.00000512	0x08	0x00
SPI [1]	result	29.36307691	0.00000512	0x20	0x3F
SPI [1]	result	29.36347844	0.00000512	0x0E	0xFF
SPI [1]	result	29.36348372	0.00000512	0x10	0xFF
SPI [1]	result	29.36348900	0.00000512	0x80	0xFF
SPI [1]	result	29.36349428	0.00000512	0x12	0xFF
SPI [1]	result	29.36389591	0.00000512	0x00	0xFF
SPI [1]	result	29.36390119	0.00000512	0x00	0xFF
SPI [1]	result	29.36390647	0.00000512	0x00	0xFF
SPI [1]	result	29.36391175	0.00000512	0x00	0xFF
SPI [1]	result	29.36431280	0.00000512	0x08	0xFF
SPI [1]	result	29.36431808	0.00000512	0x00	0xFF
SPI [1]	result	29.36432336	0.00000512	0x88	0xFF
SPI [1]	result	29.36432864	0.00000512	0x32	0xFF
SPI [1]	result	29.40306360	0.00000512	0x00	0x00
SPI [1]	result	29.40306888	0.00000512	0x00	0x00
SPI [1]	result	29.40307416	0.00000512	0x08	0x00
SPI [1]	result	29.40307944	0.00000512	0x20	0x3F
SPI [1]	result	29.40348789	0.00000512	0x0F	0xFF
SPI [1]	result	29.40349317	0.00000512	0x10	0xFF
SPI [1]	result	29.40349845	0.00000512	0x80	0xFF
SPI [1]	result	29.40350373	0.00000512	0x1A	0xFF
SPI [1]	result	29.40390754	0.00000512	0x00	0xFF
SPI [1]	result	29.40391282	0.00000512	0x00	0xFF
SPI [1]	result	29.40391810	0.00000512	0x00	0xFF
SPI [1]	result	29.40392338	0.00000512	0x00	0xFF
SPI [1]	result	29.40432431	0.00000512	0x08	0xFF
SPI [1]	result	29.40432959	0.00000512	0x00	0xFF
SPI [1]	result	29.40433487	0.00000512	0x88	0xFF
SPI [1]	result	29.40434015	0.00000512	0x32	0xFF
SPI [1]	result	29.44306277	0.00000512	0x00	0x00
SPI [1]	result	29.44306805	0.00000512	0x00	0x00
SPI [1]	result	29.44307333	0.00000512	0x08	0x04
SPI [1]	result	29.44307861	0.00000512	0x20	0x3F
SPI [1]	result	29.44348129	0.00000512	0x08	0xFF
SPI [1]	result	29.44348657	0.00000512	0x10	0xFF
SPI [1]	result	29.44349185	0.00000512	0x80	0xFF
SPI [1]	result	29.44349713	0.00000512	0x22	0xFF
SPI [1]	result	29.44389981	0.00000512	0x00	0xFF
SPI [1]	result	29.44390509	0.00000512	0x00	0xFF
SPI [1]	result	29.44391037	0.00000512	0x09	0xFF
SPI [1]	result	29.44391565	0.00000512	0xA6	0xFF
SPI [1]	result	29.44431718	0.00000512	0x09	0xFF
SPI [1]	result	29.44432246	0.00000512	0x00	0xFF
SPI [1]	result	29.44432774	0.00000512	0x88	0xFF
SPI [1]	result	29.44433302	0.00000512	0x3A	0xFF
SPI [1]	result	29.44473126	0.00000512	0x00	0xFF
SPI [1]	result	29.44473654	0.00000512	0x00	0xFF
SPI [1]	result	29.44474182	0.00000512	0x00	0xFF
SPI [1]	result	29.44474710	0.00000512	0x00	0xFF
SPI [1]	result	29.44514852	0.00000512	0x08	0xFF
SPI [1]	result	29.44515380	0.00000512	0x00	0xFF
SPI [1]	result	29.44515908	0.00000512	0x89	0xFF
SPI [1]	result	29.44516436	0.00000512	0xB8	0xFF
SPI [1]	result	29.48306448	0.00000512	0x00	0x00
SPI [1]	result	29.48306976	0.00000512	0x00	0x00
SPI [1]	result	29.48307504	0.00000512	0x08	0x00
SPI [1]	result	29.48308032	0.00000512	0x20	0x3F
SPI [1]	result	29.48349361	0.00000512	0x0A	0xFF
SPI [1]	result	29.48349889	0.00000512	0x10	0xFF
SPI [1]	result	29.48350417	0.00000512	0x80	0xFF
SPI [1]	result	29.48350945	0.00000512	0x32	0xFF
SPI [1]	result	29.48391200	0.00000512	0x00	0xFF
SPI [1]	result	29.48391728	0.00000512	0x00	0xFF
SPI [1]	result	29.48392256	0.00000512	0x00	0xFF
SPI [1]	result	29.48392784	0.00000512	0x00	0xFF
SPI [1]	result	29.48432932	0.00000512	0x08	0xFF
SPI [1]	result	29.48433460	0.00000512	0x00	0xFF
SPI [1]	result	29.48433988	0.00000512	0x88	0xFF
SPI [1]	result	29.48434516	0.00000512	0x32	0xFF
SPI [1]	result	29.52306189	0.00000512	0x00	0x00
SPI [1]	result	29.52306717	0.00000512	0x00	0x00
SPI [1]	result	29.52307245	0.00000512	0x08	0x04
SPI [1]	result	29.52307773	0.00000512	0x20	0x3F
SPI [1]	result	29.52348302	0.00000512	0x0B	0xFF
SPI [1]	result	29.52348830	0.00000512	0x10	0xFF
SPI [1]	result	29.52349358	0.00000512	0x80	0xFF
SPI [1]	result	29.52349886	0.00000512	0x3A	0xFF
SPI [1]	result	29.52390029	0.00000512	0x00	0xFF
SPI [1]	result	29.52390557	0.00000512	0x00	0xFF
SPI [1]	result	29.52391085	0.00000512	0x00	0xFF
SPI [1]	result	29.52391613	0.00000512	0x00	0xFF
SPI [1]	result	29.52431779	0.00000512	0x08	0xFF
SPI [1]	result	29.52432307	0.00000512	0x00	0xFF
SPI [1]	result	29.52432835	0.00000512	0x88	0xFF
SPI [1]	result	29.52433363	0.00000512	0x32	0xFF
SPI [1]	result	29.56306323	0.00000512	0x00	0x00
SPI [1]	result	29.56306851	0.00000512	0x00	0x00
SPI [1]	result	29.56307379	0.00000512	0x08	0x00
SPI [1]	result	29.56307907	0.00000512	0x20	0x3F
SPI [1]	result	29.56347996	0.00000512	0x0C	0xFF
SPI [1]	result	29.56348524	0.00000512	0x10	0xFF
SPI [1]	result	29.56349052	0.00000512	0x80	0xFF
SPI [1]	result	29.56349580	0.00000512	0x02	0xFF
SPI [1]	result	29.56389744	0.00000512	0x00	0xFF
SPI [1]	result	29.56390272	0.00000512	0x00	0xFF
SPI [1]	result	29.56390800	0.00000512	0x09	0xFF
SPI [1]	result	29.56391328	0.00000512	0xA6	0xFF
SPI [1]	result	29.56431448	0.00000512	0x0D	0xFF
SPI [1]	result	29.56431976	0.00000512	0x00	0xFF
SPI [1]	result	29.56432504	0.00000512	0x88	0xFF
SPI [1]	result	29.56433032	0.00000512	0x1A	0xFF
SPI [1]	result	29.56473102	0.00000512	0x00	0xFF
SPI [1]	result	29.56473630	0.00000512	0x00	0xFF
SPI [1]	result	29.56474158	0.00000512	0x00	0xFF
SPI [1]	result	29.56474686	0.00000512	0x00	0xFF
SPI [1]	result	29.56514813	0.00000512	0x08	0xFF
SPI [1]	result	29.56515341	0.00000512	0x00	0xFF
SPI [1]	result	29.56515869	0.00000512	0x89	0xFF
SPI [1]	result	29.56516397	0.00000512	0xB8	0xFF
SPI [1]	result	29.60306104	0.00000512	0x00	0x00
SPI [1]	result	29.60306632	0.00000512	0x00	0x00
SPI [1]	result	29.60307160	0.00000512	0x08	0x00
SPI [1]	result	29.60307688	0.00000512	0x20	0x3F
SPI [1]	result	29.60353465	0.00000512	0x0E	0xFF
SPI [1]	result	29.60353993	0.00000512	0x10	0xFF
SPI [1]	result	29.60354521	0.00000512	0x80	0xFF
SPI [1]	result	29.60355049	0.00000512	0x12	0xFF
SPI [1]	result	29.60395661	0.00000512	0x00	0xFF
SPI [1]	result	29.60396189	0.00000512	0x00	0xFF
SPI [1]	result	29.60396717	0.00000512	0x00	0xFF
SPI [1]	result	29.60397245	0.00000512	0x00	0xFF
SPI [1]	result	29.60437332	0.00000512	0x08	0xFF
SPI [1]	result	29.60437860	0.00000512	0x00	0xFF
SPI [1]	result	29.60438388	0.00000512	0x88	0xFF
SPI [1]	result	29.60438916	0.00000512	0x32	0xFF
SPI [1]	result	29.64306391	0.00000512	0x00	0x00
SPI [1]	result	29.64306919	0.00000512	0x00	0x00
SPI [1]	result	29.64307447	0.00000512	0x08	0x04
SPI [1]	result	29.64307975	0.00000512	0x20	0x3F
SPI [1]	result	29.64349332	0.00000512	0x0F	0xFF
SPI [1]	result	29.64349860	0.00000512	0x10	0xFF
SPI [1]	result	29.64350388	0.00000512	0x80	0xFF
SPI [1]	result	29.64350916	0.00000512	0x1A	0xFF
SPI [1]	result	29.64391173	0.00000512	0x00	0xFF
SPI [1]	result	29.64391701	0.00000512	0x00	0xFF
SPI [1]	result	29.64392229	0.00000512	0x00	0xFF
SPI [1]	result	29.64392757	0.00000512	0x00	0xFF
SPI [1]	result	29.64432849	0.00000512	0x08	0xFF
SPI [1]	result	29.64433377	0.00000512	0x00	0xFF
SPI [1]	result	29.64433905	0.00000512	0x88	0xFF
SPI [1]	result	29.64434433	0.00000512	0x32	0xFF
SPI [1]	result	29.68306368	0.00000512	0x00	0x00
SPI [1]	result	29.68306896	0.00000512	0x00	0x00
SPI [1]	result	29.68307424	0.00000512	0x08	0x00
SPI [1]	result	29.68307952	0.00000512	0x20	0x3F
SPI [1]	result	29.68348426	0.00000512	0x08	0xFF
SPI [1]	result	29.68348954	0.00000512	0x10	0xFF
SPI [1]	result	29.68349482	0.00000512	0x80	0xFF
SPI [1]	result	29.68350010	0.00000512	0x22	0xFF
SPI [1]	result	29.68390128	0.00000512	0x00	0xFF
SPI [1]	result	29.68390656	0.00000512	0x00	0xFF
SPI [1]	result	29.68391184	0.00000512	0x09	0xFF
SPI [1]	result	29.68391712	0.00000512	0xA6	0xFF
SPI [1]	result	29.68431871	0.00000512	0x09	0xFF
SPI [1]	result	29.68432399	0.00000512	0x00	0xFF
SPI [1]	result	29.68432927	0.00000512	0x88	0xFF
SPI [1]	result	29.68433455	0.00000512	0x3A	0xFF
SPI [1]	result	29.68473502	0.00000512	0x00	0xFF
SPI [1]	result	29.68474030	0.00000512	0x00	0xFF
SPI [1]	result	29.68474558	0.00000512	0x00	0xFF
SPI [1]	result	29.68475086	0.00000512	0x00	0xFF
SPI [1]	result	29.68515191	0.00000512	0x08	0xFF
SPI [1]	result	29.68515719	0.00000512	0x00	0xFF
SPI [1]	result	29.68516247	0.00000512	0x89	0xFF
SPI [1]	result	29.68516775	0.00000512	0xB8	0xFF
SPI [1]	result	29.72306091	0.00000512	0x00	0x00
SPI [1]	result	29.72306619	0.00000512	0x00	0x00
SPI [1]	result	29.72307147	0.00000512	0x08	0x04
SPI [1]	result	29.72307675	0.00000512	0x20	0x3F
SPI [1]	result	29.72348003	0.00000512	0x0A	0xFF
SPI [1]	result	29.72348531	0.00000512	0x10	0xFF
SPI [1]	result	29.72349059	0.00000512	0x80	0xFF
SPI [1]	result	29.72349587	0.00000512	0x32	0xFF
SPI [1]	result	29.72389656	0.00000512	0x00	0xFF
SPI [1]	result	29.72390184	0.00000512	0x00	0xFF
SPI [1]	result	29.72390712	0.00000512	0x00	0xFF
SPI [1]	result	29.72391240	0.00000512	0x00	0xFF
SPI [1]	result	29.72431399	0.00000512	0x08	0xFF
SPI [1]	result	29.72431927	0.00000512	0x00	0xFF
SPI [1]	result	29.72432455	0.00000512	0x88	0xFF
SPI [1]	result	29.72432983	0.00000512	0x32	0xFF
SPI [1]	result	29.76306935	0.00000512	0x00	0x00
SPI [1]	result	29.76307463	0.00000512	0x00	0x00
SPI [1]	result	29.76307991	0.00000512	0x08	0x00
SPI [1]	result	29.76308519	0.00000512	0x20	0x3F
SPI [1]	result	29.76351740	0.00000512	0x0B	0xFF
SPI [1]	result	29.76352268	0.00000512	0x10	0xFF
SPI [1]	result	29.76352796	0.00000512	0x80	0xFF
SPI [1]	result	29.76353324	0.00000512	0x3A	0xFF
SPI [1]	result	29.76393765	0.00000512	0x00	0xFF
SPI [1]	result	29.76394293	0.00000512	0x00	0xFF
SPI [1]	result	29.76394821	0.00000512	0x00	0xFF
SPI [1]	result	29.76395349	0.00000512	0x00	0xFF
SPI [1]	result	29.76435585	0.00000512	0x08	0xFF
SPI [1]	result	29.76436113	0.00000512	0x00	0xFF
SPI [1]	result	29.76436641	0.00000512	0x88	0xFF
SPI [1]	result	29.76437169	0.00000512	0x32	0xFF
SPI [1]	result	29.80306458	0.00000512	0x00	0x00
SPI [1]	result	29.80306986	0.00000512	0x00	0x00
SPI [1]	result	29.80307514	0.00000512	0x08	0x00
SPI [1]	result	29.80308042	0.00000512	0x20	0x3F
SPI [1]	result	29.80348284	0.00000512	0x0C	0xFF
SPI [1]	result	29.80348812	0.00000512	0x10	0xFF
SPI [1]	result	29.80349340	0.00000512	0x80	0xFF
SPI [1]	result	29.80349868	0.00000512	0x02	0xFF
SPI [1]	result	29.80390147	0.00000512	0x00	0xFF
SPI [1]	result	29.80390675	0.00000512	0x00	0xFF
SPI [1]	result	29.80391203	0.00000512	0x09	0xFF
SPI [1]	result	29.80391731	0.00000512	0xA6	0xFF
SPI [1]	result	29.80431944	0.00000512	0x0D	0xFF
SPI [1]	result	29.80432472	0.00000512	0x00	0xFF
SPI [1]	result	29.80433000	0.00000512	0x88	0xFF
SPI [1]	result	29.80433528	0.00000512	0x1A	0xFF
SPI [1]	result	29.80473927	0.00000512	0x00	0xFF
SPI [1]	result	29.80474455	0.00000512	0x00	0xFF
SPI [1]	result	29.80474983	0.00000512	0x00	0xFF
SPI [1]	result	29.80475511	0.00000512	0x00	0xFF
SPI [1]	result	29.80515685	0.00000512	0x08	0xFF
SPI [1]	result	29.80516213	0.00000512	0x00	0xFF
SPI [1]	result	29.80516741	0.00000512	0x89	0xFF
SPI [1]	result	29.80517269	0.00000512	0xB8	0xFF
SPI [1]	result	29.84306149	0.00000512	0x00	0x00
SPI [1]	result	29.84306677	0.00000512	0x00	0x00
SPI [1]	result	29.84307205	0.00000512	0x08	0x00
SPI [1]	result	29.84307733	0.00000512	0x20	0x3F
SPI [1]	result	29.84347883	0.00000512	0x0E	0xFF
SPI [1]	result	29.84348411	0.00000512	0x10	0xFF
SPI [1]	result	29.84348939	0.00000512	0x80	0xFF
SPI [1]	result	29.84349467	0.00000512	0x12	0xFF
SPI [1]	result	29.84389633	0.00000512	0x00	0xFF
SPI [1]	result	29.84390161	0.00000512	0x00	0xFF
SPI [1]	result	29.84390689	0.00000512	0x00	0xFF
SPI [1]	result	29.84391217	0.00000512	0x00	0xFF
SPI [1]	result	29.84431324	0.00000512	0x08	0xFF
SPI [1]	result	29.84431852	0.00000512	0x00	0xFF
SPI [1]	result	29.84432380	0.00000512	0x88	0xFF
SPI [1]	result	29.84432908	0.00000512	0x32	0xFF
SPI [1]	result	29.88306104	0.00000512	0x00	0x00
SPI [1]	result	29.88306632	0.00000512	0x00	0x00
SPI [1]	result	29.88307160	0.00000512	0x08	0x00
SPI [1]	result	29.88307688	0.00000512	0x20	0x3F
SPI [1]	result	29.88348037	0.00000512	0x0F	0xFF
SPI [1]	result	29.88348565	0.00000512	0x10	0xFF
SPI [1]	result	29.88349093	0.00000512	0x80	0xFF
SPI [1]	result	29.88349621	0.00000512	0x1A	0xFF
SPI [1]	result	29.88389784	0.00000512	0x00	0xFF
SPI [1]	result	29.88390312	0.00000512	0x00	0xFF
SPI [1]	result	29.88390840	0.00000512	0x00	0xFF
SPI [1]	result	29.88391368	0.00000512	0x00	0xFF
SPI [1]	result	29.88431190	0.00000512	0x08	0xFF
SPI [1]	result	29.88431718	0.00000512	0x00	0xFF
SPI [1]	result	29.88432246	0.00000512	0x88	0xFF
SPI [1]	result	29.88432774	0.00000512	0x32	0xFF
SPI [1]	result	29.92306266	0.00000512	0x00	0x00
SPI [1]	result	29.92306794	0.00000512	0x00	0x00
SPI [1]	result	29.92307322	0.00000512	0x08	0x04
SPI [1]	result	29.92307850	0.00000512	0x20	0x3F
SPI [1]	result	29.92348235	0.00000512	0x08	0xFF
SPI [1]	result	29.92348763	0.00000512	0x10	0xFF
SPI [1]	result	29.92349291	0.00000512	0x80	0xFF
SPI [1]	result	29.92349819	0.00000512	0x22	0xFF
SPI [1]	result	29.92389722	0.00000512	0x00	0xFF
SPI [1]	result	29.92390250	0.00000512	0x00	0xFF
SPI [1]	result	29.92390778	0.00000512	0x09	0xFF
SPI [1]	result	29.92391306	0.00000512	0xA6	0xFF
SPI [1]	result	29.92431361	0.00000512	0x09	0xFF
SPI [1]	result	29.92431889	0.00000512	0x00	0xFF
SPI [1]	result	29.92432417	0.00000512	0x88	0xFF
SPI [1]	result	29.92432945	0.00000512	0x3A	0xFF
SPI [1]	result	29.92473028	0.00000512	0x00	0xFF
SPI [1]	result	29.92473556	0.00000512	0x00	0xFF
SPI [1]	result	29.92474084	0.00000512	0x00	0xFF
SPI [1]	result	29.92474612	0.00000512	0x00	0xFF
SPI [1]	result	29.92514672	0.00000512	0x08	0xFF
SPI [1]	result	29.92515200	0.00000512	0x00	0xFF
SPI [1]	result	29.92515728	0.00000512	0x89	0xFF
SPI [1]	result	29.92516256	0.00000512	0xB8	0xFF
SPI [1]	result	29.96306080	0.00000512	0x00	0x00
SPI [1]	result	29.96306608	0.00000512	0x00	0x00
SPI [1]	result	29.96307136	0.00000512	0x08	0x00
SPI [1]	result	29.96307664	0.00000512	0x20	0x3F
SPI [1]	result	29.96347665	0.00000512	0x0A	0xFF
SPI [1]	result	29.96348193	0.00000512	0x10	0xFF
SPI [1]	result	29.96348721	0.00000512	0x80	0xFF
SPI [1]	result	29.96349249	0.00000512	0x32	0xFF
SPI [1]	result	29.96394415	0.00000512	0x00	0xFF
SPI [1]	result	29.96394943	0.00000512	0x00	0xFF
SPI [1]	result	29.96395471	0.00000512	0x00	0xFF
SPI [1]	result	29.96395999	0.00000512	0x00	0xFF
SPI [1]	result	29.96436691	0.00000512	0x08	0xFF
SPI [1]	result	29.96437219	0.00000512	0x00	0xFF
SPI [1]	result	29.96437747	0.00000512	0x88	0xFF
SPI [1]	result	29.96438275	0.00000512	0x32	0xFF
SPI [1]	result	30.00306571	0.00000512	0x00	0x00
SPI [1]	result	30.00307099	0.00000512	0x00	0x00
SPI [1]	result	30.00307627	0.00000512	0x08	0x00
SPI [1]	result	30.00308155	0.00000512	0x20	0x3F
SPI [1]	result	30.00350062	0.00000512	0x0B	0xFF
SPI [1]	result	30.00350590	0.00000512	0x10	0xFF
SPI [1]	result	30.00351118	0.00000512	0x80	0xFF
SPI [1]	result	30.00351646	0.00000512	0x3A	0xFF
SPI [1]	result	30.00391586	0.00000512	0x00	0xFF
SPI [1]	result	30.00392114	0.00000512	0x00	0xFF
SPI [1]	result	30.00392642	0.00000512	0x00	0xFF
SPI [1]	result	30.00393170	0.00000512	0x00	0xFF
SPI [1]	result	30.00433307	0.00000512	0x08	0xFF
SPI [1]	result	30.00433835	0.00000512	0x00	0xFF
SPI [1]	result	30.00434363	0.00000512	0x88	0xFF
SPI [1]	result	30.00434891	0.00000512	0x32	0xFF
SPI [1]	result	30.04306437	0.00000512	0x00	0x00
SPI [1]	result	30.04306965	0.00000512	0x00	0x00
SPI [1]	result	30.04307493	0.00000512	0x08	0x04
SPI [1]	result	30.04308021	0.00000512	0x20	0x3F
SPI [1]	result	30.04348543	0.00000512	0x0C	0xFF
SPI [1]	result	30.04349071	0.00000512	0x10	0xFF
SPI [1]	result	30.04349599	0.00000512	0x80	0xFF
SPI [1]	result	30.04350127	0.00000512	0x02	0xFF
SPI [1]	result	30.04390071	0.00000512	0x00	0xFF
SPI [1]	result	30.04390599	0.00000512	0x00	0xFF
SPI [1]	result	30.04391127	0.00000512	0x09	0xFF
SPI [1]	result	30.04391655	0.00000512	0xA6	0xFF
SPI [1]	result	30.04431791	0.00000512	0x0D	0xFF
SPI [1]	result	30.04432319	0.00000512	0x00	0xFF
SPI [1]	result	30.04432847	0.00000512	0x88	0xFF
SPI [1]	result	30.04433375	0.00000512	0x1A	0xFF
SPI [1]	result	30.04473534	0.00000512	0x00	0xFF
SPI [1]	result	30.04474062	0.00000512	0x00	0xFF
SPI [1]	result	30.04474590	0.00000512	0x00	0xFF
SPI [1]	result	30.04475118	0.00000512	0x00	0xFF
SPI [1]	result	30.04515255	0.00000512	0x08	0xFF
SPI [1]	result	30.04515783	0.00000512	0x00	0xFF
SPI [1]	result	30.04516311	0.00000512	0x89	0xFF
SPI [1]	result	30.04516839	0.00000512	0xB8	0xFF
SPI [1]	result	30.08307353	0.00000512	0x00	0x00
SPI [1]	result	30.08307881	0.00000512	0x00	0x00
SPI [1]	result	30.08308409	0.00000512	0x08	0x00
SPI [1]	result	30.08308937	0.00000512	0x20	0x3F
SPI [1]	result	30.08352766	0.00000512	0x0E	0xFF
SPI [1]	result	30.08353294	0.00000512	0x10	0xFF
SPI [1]	result	30.08353822	0.00000512	0x80	0xFF
SPI [1]	result	30.08354350	0.00000512	0x12	0xFF
SPI [1]	result	30.08394823	0.00000512	0x00	0xFF
SPI [1]	result	30.08395351	0.00000512	0x00	0xFF
SPI [1]	result	30.08395879	0.00000512	0x00	0xFF
SPI [1]	result	30.08396407	0.00000512	0x00	0xFF
SPI [1]	result	30.08436581	0.00000512	0x08	0xFF
SPI [1]	result	30.08437109	0.00000512	0x00	0xFF
SPI [1]	result	30.08437637	0.00000512	0x88	0xFF
SPI [1]	result	30.08438165	0.00000512	0x32	0xFF
SPI [1]	result	30.12306511	0.00000512	0x00	0x00
SPI [1]	result	30.12307039	0.00000512	0x00	0x00
SPI [1]	result	30.12307567	0.00000512	0x08	0x04
SPI [1]	result	30.12308095	0.00000512	0x20	0x3F
SPI [1]	result	30.12349213	0.00000512	0x0F	0xFF
SPI [1]	result	30.12349741	0.00000512	0x10	0xFF
SPI [1]	result	30.12350269	0.00000512	0x80	0xFF
SPI [1]	result	30.12350797	0.00000512	0x1A	0xFF
SPI [1]	result	30.12391011	0.00000512	0x00	0xFF
SPI [1]	result	30.12391539	0.00000512	0x00	0xFF
SPI [1]	result	30.12392067	0.00000512	0x00	0xFF
SPI [1]	result	30.12392595	0.00000512	0x00	0xFF
SPI [1]	result	30.12433004	0.00000512	0x08	0xFF
SPI [1]	result	30.12433532	0.00000512	0x00	0xFF
SPI [1]	result	30.12434060	0.00000512	0x88	0xFF
SPI [1]	result	30.12434588	0.00000512	0x32	0xFF
SPI [1]	result	30.16307017	0.00000512	0x00	0x00
SPI [1]	result	30.16307545	0.00000512	0x00	0x00
SPI [1]	result	30.16308073	0.00000512	0x08	0x00
SPI [1]	result	30.16308601	0.00000512	0x20	0x3F
SPI [1]	result	30.16350623	0.00000512	0x08	0xFF
SPI [1]	result	30.16351151	0.00000512	0x10	0xFF
SPI [1]	result	30.16351679	0.00000512	0x80	0xFF
SPI [1]	result	30.16352207	0.00000512	0x22	0xFF
SPI [1]	result	30.16392490	0.00000512	0x00	0xFF
SPI [1]	result	30.16393018	0.00000512	0x00	0xFF
SPI [1]	result	30.16393546	0.00000512	0x09	0xFF
SPI [1]	result	30.16394074	0.00000512	0xA6	0xFF
SPI [1]	result	30.16434479	0.00000512	0x09	0xFF
SPI [1]	result	30.16435007	0.00000512	0x00	0xFF
SPI [1]	result	30.16435535	0.00000512	0x88	0xFF
SPI [1]	result	30.16436063	0.00000512	0x3A	0xFF
SPI [1]	result	30.16476201	0.00000512	0x00	0xFF
SPI [1]	result	30.16476729	0.00000512	0x00	0xFF
SPI [1]	result	30.16477257	0.00000512	0x00	0xFF
SPI [1]	result	30.16477785	0.00000512	0x00	0xFF
SPI [1]	result	30.16518007	0.00000512	0x08	0xFF
SPI [1]	result	30.16518535	0.00000512	0x00	0xFF
SPI [1]	result	30.16519063	0.00000512	0x89	0xFF
SPI [1]	result	30.16519591	0.00000512	0xB8	0xFF
SPI [1]	result	30.20306183	0.00000512	0x00	0x00
SPI [1]	result	30.20306711	0.00000512	0x00	0x00
SPI [1]	result	30.20307239	0.00000512	0x08	0x00
SPI [1]	result	30.20307767	0.00000512	0x20	0x3F
SPI [1]	result	30.20348224	0.00000512	0x0A	0xFF
SPI [1]	result	30.20348752	0.00000512	0x10	0xFF
SPI [1]	result	30.20349280	0.00000512	0x80	0xFF
SPI [1]	result	30.20349808	0.00000512	0x32	0xFF
SPI [1]	result	30.20389976	0.00000512	0x00	0xFF
SPI [1]	result	30.20390504	0.00000512	0x00	0xFF
SPI [1]	result	30.20391032	0.00000512	0x00	0xFF
SPI [1]	result	30.20391560	0.00000512	0x00	0xFF
SPI [1]	result	30.20431656	0.00000512	0x08	0xFF
SPI [1]	result	30.20432184	0.00000512	0x00	0xFF
SPI [1]	result	30.20432712	0.00000512	0x88	0xFF
SPI [1]	result	30.20433240	0.00000512	0x32	0xFF
SPI [1]	result	30.24306543	0.00000512	0x00	0x00
SPI [1]	result	30.24307071	0.00000512	0x00	0x00
SPI [1]	result	30.24307599	0.00000512	0x08	0x04
SPI [1]	result	30.24308127	0.00000512	0x20	0x3F
SPI [1]	result	30.24349903	0.00000512	0x0B	0xFF
SPI [1]	result	30.24350431	0.00000512	0x10	0xFF
SPI [1]	result	30.24350959	0.00000512	0x80	0xFF
SPI [1]	result	30.24351487	0.00000512	0x3A	0xFF
SPI [1]	result	30.24391830	0.00000512	0x00	0xFF
SPI [1]	result	30.24392358	0.00000512	0x00	0xFF
SPI [1]	result	30.24392886	0.00000512	0x00	0xFF
SPI [1]	result	30.24393414	0.00000512	0x00	0xFF
SPI [1]	result	30.24433573	0.00000512	0x08	0xFF
SPI [1]	result	30.24434101	0.00000512	0x00	0xFF
SPI [1]	result	30.24434629	0.00000512	0x88	0xFF
SPI [1]	result	30.24435157	0.00000512	0x32	0xFF
SPI [1]	result	30.28306451	0.00000512	0x00	0x00
SPI [1]	result	30.28306979	0.00000512	0x00	0x00
SPI [1]	result	30.28307507	0.00000512	0x08	0x00
SPI [1]	result	30.28308035	0.00000512	0x20	0x3F
SPI [1]	result	30.28348613	0.00000512	0x0C	0xFF
SPI [1]	result	30.28349141	0.00000512	0x10	0xFF
SPI [1]	result	30.28349669	0.00000512	0x80	0xFF
SPI [1]	result	30.28350197	0.00000512	0x02	0xFF
SPI [1]	result	30.28390040	0.00000512	0x00	0xFF
SPI [1]	result	30.28390568	0.00000512	0x00	0xFF
SPI [1]	result	30.28391096	0.00000512	0x09	0xFF
SPI [1]	result	30.28391624	0.00000512	0xA6	0xFF
SPI [1]	result	30.28431767	0.00000512	0x0D	0xFF
SPI [1]	result	30.28432295	0.00000512	0x00	0xFF
SPI [1]	result	30.28432823	0.00000512	0x88	0xFF
SPI [1]	result	30.28433351	0.00000512	0x1A	0xFF
SPI [1]	result	30.28473515	0.00000512	0x00	0xFF
SPI [1]	result	30.28474043	0.00000512	0x00	0xFF
SPI [1]	result	30.28474571	0.00000512	0x00	0xFF
SPI [1]	result	30.28475099	0.00000512	0x00	0xFF
SPI [1]	result	30.28515234	0.00000512	0x08	0xFF
SPI [1]	result	30.28515762	0.00000512	0x00	0xFF
SPI [1]	result	30.28516290	0.00000512	0x89	0xFF
SPI [1]	result	30.28516818	0.00000512	0xB8	0xFF
SPI [1]	result	30.32306119	0.00000512	0x00	0x00
SPI [1]	result	30.32306647	0.00000512	0x00	0x00
SPI [1]	result	30.32307175	0.00000512	0x08	0x04
SPI [1]	result	30.32307703	0.00000512	0x20	0x3F
SPI [1]	result	30.32347880	0.00000512	0x0E	0xFF
SPI [1]	result	30.32348408	0.00000512	0x10	0xFF
SPI [1]	result	30.32348936	0.00000512	0x80	0xFF
SPI [1]	result	30.32349464	0.00000512	0x12	0xFF
SPI [1]	result	30.32395808	0.00000512	0x00	0xFF
SPI [1]	result	30.32396336	0.00000512	0x00	0xFF
SPI [1]	result	30.32396864	0.00000512	0x00	0xFF
SPI [1]	result	30.32397392	0.00000512	0x00	0xFF
SPI [1]	result	30.32437984	0.00000512	0x08	0xFF
SPI [1]	result	30.32438512	0.00000512	0x00	0xFF
SPI [1]	result	30.32439040	0.00000512	0x88	0xFF
SPI [1]	result	30.32439568	0.00000512	0x32	0xFF
SPI [1]	result	30.36306231	0.00000512	0x00	0x00
SPI [1]	result	30.36306759	0.00000512	0x00	0x00
SPI [1]	result	30.36307287	0.00000512	0x08	0x04
SPI [1]	result	30.36307815	0.00000512	0x20	0x3F
SPI [1]	result	30.36347955	0.00000512	0x0F	0xFF
SPI [1]	result	30.36348483	0.00000512	0x10	0xFF
SPI [1]	result	30.36349011	0.00000512	0x80	0xFF
SPI [1]	result	30.36349539	0.00000512	0x1A	0xFF
SPI [1]	result	30.36389700	0.00000512	0x00	0xFF
SPI [1]	result	30.36390228	0.00000512	0x00	0xFF
SPI [1]	result	30.36390756	0.00000512	0x00	0xFF
SPI [1]	result	30.36391284	0.00000512	0x00	0xFF
SPI [1]	result	30.36431350	0.00000512	0x08	0xFF
SPI [1]	result	30.36431878	0.00000512	0x00	0xFF
SPI [1]	result	30.36432406	0.00000512	0x88	0xFF
SPI [1]	result	30.36432934	0.00000512	0x32	0xFF
SPI [1]	result	30.40306287	0.00000512	0x00	0x00
SPI [1]	result	30.40306815	0.00000512	0x00	0x00
SPI [1]	result	30.40307343	0.00000512	0x08	0x04
SPI [1]	result	30.40307871	0.00000512	0x20	0x3F
SPI [1]	result	30.40348011	0.00000512	0x08	0xFF
SPI [1]	result	30.40348539	0.00000512	0x10	0xFF
SPI [1]	result	30.40349067	0.00000512	0x80	0xFF
SPI [1]	result	30.40349595	0.00000512	0x22	0xFF
SPI [1]	result	30.40389789	0.00000512	0x00	0xFF
SPI [1]	result	30.40390317	0.00000512	0x00	0xFF
SPI [1]	result	30.40390845	0.00000512	0x09	0xFF
SPI [1]	result	30.40391373	0.00000512	0xA6	0xFF
SPI [1]	result	30.40431540	0.00000512	0x09	0xFF
SPI [1]	result	30.40432068	0.00000512	0x00	0xFF
SPI [1]	result	30.40432596	0.00000512	0x88	0xFF
SPI [1]	result	30.40433124	0.00000512	0x3A	0xFF
SPI [1]	result	30.40473336	0.00000512	0x00	0xFF
SPI [1]	result	30.40473864	0.00000512	0x00	0xFF
SPI [1]	result	30.40474392	0.00000512	0x00	0xFF
SPI [1]	result	30.40474920	0.00000512	0x00	0xFF
SPI [1]	result	30.40515112	0.00000512	0x08	0xFF
SPI [1]	result	30.40515640	0.00000512	0x00	0xFF
SPI [1]	result	30.40516168	0.00000512	0x89	0xFF
SPI [1]	result	30.40516696	0.00000512	0xB8	0xFF
SPI [1]	result	30.44306108	0.00000512	0x00	0x00
SPI [1]	result	30.44306636	0.00000512	0x00	0x00
SPI [1]	result	30.44307164	0.00000512	0x08	0x04
SPI [1]	result	30.44307692	0.00000512	0x20	0x3F
SPI [1]	result	30.44347771	0.00000512	0x0A	0xFF
SPI [1]	result	30.44348299	0.00000512	0x10	0xFF
SPI [1]	result	30.44348827	0.00000512	0x80	0xFF
SPI [1]	result	30.44349355	0.00000512	0x32	0xFF
SPI [1]	result	30.44389764	0.00000512	0x00	0xFF
SPI [1]	result	30.44390292	0.00000512	0x00	0xFF
SPI [1]	result	30.44390820	0.00000512	0x00	0xFF
SPI [1]	result	30.44391348	0.00000512	0x00	0xFF
SPI [1]	result	30.44431415	0.00000512	0x08	0xFF
SPI [1]	result	30.44431943	0.00000512	0x00	0xFF
SPI [1]	result	30.44432471	0.00000512	0x88	0xFF
SPI [1]	result	30.44432999	0.00000512	0x32	0xFF
SPI [1]	result	30.48306752	0.00000512	0x00	0x00
SPI [1]	result	30.48307280	0.00000512	0x00	0x00
SPI [1]	result	30.48307808	0.00000512	0x08	0x00
SPI [1]	result	30.48308336	0.00000512	0x20	0x3F
SPI [1]	result	30.48350376	0.00000512	0x0B	0xFF
SPI [1]	result	30.48350904	0.00000512	0x10	0xFF
SPI [1]	result	30.48351432	0.00000512	0x80	0xFF
SPI [1]	result	30.48351960	0.00000512	0x3A	0xFF
SPI [1]	result	30.48392284	0.00000512	0x00	0xFF
SPI [1]	result	30.48392812	0.00000512	0x00	0xFF
SPI [1]	result	30.48393340	0.00000512	0x00	0xFF
SPI [1]	result	30.48393868	0.00000512	0x00	0xFF
SPI [1]	result	30.48434137	0.00000512	0x08	0xFF
SPI [1]	result	30.48434665	0.00000512	0x00	0xFF
SPI [1]	result	30.48435193	0.00000512	0x88	0xFF
SPI [1]	result	30.48435721	0.00000512	0x32	0xFF
SPI [1]	result	30.52306432	0.00000512	0x00	0x00
SPI [1]	result	30.52306960	0.00000512	0x00	0x00
SPI [1]	result	30.52307488	0.00000512	0x08	0x04
SPI [1]	result	30.52308016	0.00000512	0x20	0x3F
SPI [1]	result	30.52348423	0.00000512	0x0C	0xFF
SPI [1]	result	30.52348951	0.00000512	0x10	0xFF
SPI [1]	result	30.52349479	0.00000512	0x80	0xFF
SPI [1]	result	30.52350007	0.00000512	0x02	0xFF
SPI [1]	result	30.52390196	0.00000512	0x00	0xFF
SPI [1]	result	30.52390724	0.00000512	0x00	0xFF
SPI [1]	result	30.52391252	0.00000512	0x09	0xFF
SPI [1]	result	30.52391780	0.00000512	0xA6	0xFF
SPI [1]	result	30.52432079	0.00000512	0x0D	0xFF
SPI [1]	result	30.52432607	0.00000512	0x00	0xFF
SPI [1]	result	30.52433135	0.00000512	0x88	0xFF
SPI [1]	result	30.52433663	0.00000512	0x1A	0xFF
SPI [1]	result	30.52473857	0.00000512	0x00	0xFF
SPI [1]	result	30.52474385	0.00000512	0x00	0xFF
SPI [1]	result	30.52474913	0.00000512	0x00	0xFF
SPI [1]	result	30.52475441	0.00000512	0x00	0xFF
SPI [1]	result	30.52515291	0.00000512	0x08	0xFF
SPI [1]	result	30.52515819	0.00000512	0x00	0xFF
SPI [1]	result	30.52516347	0.00000512	0x89	0xFF
SPI [1]	result	30.52516875	0.00000512	0xB8	0xFF
SPI [1]	result	30.56306111	0.00000512	0x00	0x00
SPI [1]	result	30.56306639	0.00000512	0x00	0x00
SPI [1]	result	30.56307167	0.00000512	0x08	0x02
SPI [1]	result	30.56307695	0.00000512	0x20	0x3F
SPI [1]	result	30.56348106	0.00000512	0x0E	0xFF
SPI [1]	result	30.56348634	0.00000512	0x10	0xFF
SPI [1]	result	30.56349162	0.00000512	0x80	0xFF
SPI [1]	result	30.56349690	0.00000512	0x12	0xFF
SPI [1]	result	30.56390013	0.00000512	0x00	0xFF
SPI [1]	result	30.56390541	0.00000512	0x00	0xFF
SPI [1]	result	30.56391069	0.00000512	0x00	0xFF
SPI [1]	result	30.56391597	0.00000512	0x00	0xFF
SPI [1]	result	30.56431819	0.00000512	0x08	0xFF
SPI [1]	result	30.56432347	0.00000512	0x00	0xFF
SPI [1]	result	30.56432875	0.00000512	0x88	0xFF
SPI [1]	result	30.56433403	0.00000512	0x32	0xFF
SPI [1]	result	30.60306095	0.00000512	0x00	0x00
SPI [1]	result	30.60306623	0.00000512	0x00	0x00
SPI [1]	result	30.60307151	0.00000512	0x08	0x00
SPI [1]	result	30.60307679	0.00000512	0x20	0x3F
SPI [1]	result	30.60348047	0.00000512	0x0F	0xFF
SPI [1]	result	30.60348575	0.00000512	0x10	0xFF
SPI [1]	result	30.60349103	0.00000512	0x80	0xFF
SPI [1]	result	30.60349631	0.00000512	0x1A	0xFF
SPI [1]	result	30.60389779	0.00000512	0x00	0xFF
SPI [1]	result	30.60390307	0.00000512	0x00	0xFF
SPI [1]	result	30.60390835	0.00000512	0x00	0xFF
SPI [1]	result	30.60391363	0.00000512	0x00	0xFF
SPI [1]	result	30.60431544	0.00000512	0x08	0xFF
SPI [1]	result	30.60432072	0.00000512	0x00	0xFF
SPI [1]	result	30.60432600	0.00000512	0x88	0xFF
SPI [1]	result	30.60433128	0.00000512	0x32	0xFF
SPI [1]	result	30.64306576	0.00000512	0x00	0x00
SPI [1]	result	30.64307104	0.00000512	0x00	0x00
SPI [1]	result	30.64307632	0.00000512	0x08	0x06
SPI [1]	result	30.64308160	0.00000512	0x20	0xBF
SPI [1]	result	30.64349581	0.00000512	0x08	0xFF
SPI [1]	result	30.64350109	0.00000512	0x10	0xFF
SPI [1]	result	30.64350637	0.00000512	0x80	0xFF
SPI [1]	result	30.64351165	0.00000512	0x22	0xFF
SPI [1]	result	30.64391150	0.00000512	0x00	0xFF
SPI [1]	result	30.64391678	0.00000512	0x00	0xFF
SPI [1]	result	30.64392206	0.00000512	0x09	0xFF
SPI [1]	result	30.64392734	0.00000512	0xA6	0xFF
SPI [1]	result	30.64432950	0.00000512	0x09	0xFF
SPI [1]	result	30.64433478	0.00000512	0x00	0xFF
SPI [1]	result	30.64434006	0.00000512	0x88	0xFF
SPI [1]	result	30.64434534	0.00000512	0x3A	0xFF
SPI [1]	result	30.64474600	0.00000512	0x00	0xFF
SPI [1]	result	30.64475128	0.00000512	0x00	0xFF
SPI [1]	result	30.64475656	0.00000512	0x00	0xFF
SPI [1]	result	30.64476184	0.00000512	0x00	0xFF
SPI [1]	result	30.64516360	0.00000512	0x08	0xFF
SPI [1]	result	30.64516888	0.00000512	0x00	0xFF
SPI [1]	result	30.64517416	0.00000512	0x89	0xFF
SPI [1]	result	30.64517944	0.00000512	0xB8	0xFF
SPI [1]	result	30.68306186	0.00000512	0x00	0x00
SPI [1]	result	30.68306714	0.00000512	0x00	0x00
SPI [1]	result	30.68307242	0.00000512	0x08	0x00
SPI [1]	result	30.68307770	0.00000512	0x20	0x3F
SPI [1]	result	30.68348134	0.00000512	0x0A	0xFF
SPI [1]	result	30.68348662	0.00000512	0x10	0xFF
SPI [1]	result	30.68349190	0.00000512	0x80	0xFF
SPI [1]	result	30.68349718	0.00000512	0x32	0xFF
SPI [1]	result	30.68389586	0.00000512	0x00	0xFF
SPI [1]	result	30.68390114	0.00000512	0x00	0xFF
SPI [1]	result	30.68390642	0.00000512	0x00	0xFF
SPI [1]	result	30.68391170	0.00000512	0x00	0xFF
SPI [1]	result	30.68436620	0.00000512	0x08	0xFF
SPI [1]	result	30.68437148	0.00000512	0x00	0xFF
SPI [1]	result	30.68437676	0.00000512	0x88	0xFF
SPI [1]	result	30.68438204	0.00000512	0x32	0xFF
SPI [1]	result	30.72306287	0.00000512	0x00	0x00
SPI [1]	result	30.72306815	0.00000512	0x00	0x00
SPI [1]	result	30.72307343	0.00000512	0x08	0x04
SPI [1]	result	30.72307871	0.00000512	0x20	0x3F
SPI [1]	result	30.72348139	0.00000512	0x0B	0xFF
SPI [1]	result	30.72348667	0.00000512	0x10	0xFF
SPI [1]	result	30.72349195	0.00000512	0x80	0xFF
SPI [1]	result	30.72349723	0.00000512	0x3A	0xFF
SPI [1]	result	30.72389882	0.00000512	0x00	0xFF
SPI [1]	result	30.72390410	0.00000512	0x00	0xFF
SPI [1]	result	30.72390938	0.00000512	0x00	0xFF
SPI [1]	result	30.72391466	0.00000512	0x00	0xFF
SPI [1]	result	30.72431586	0.00000512	0x08	0xFF
SPI [1]	result	30.72432114	0.00000512	0x00	0xFF
SPI [1]	result	30.72432642	0.00000512	0x88	0xFF
SPI [1]	result	30.72433170	0.00000512	0x32	0xFF
SPI [1]	result	30.76306838	0.00000512	0x00	0x00
SPI [1]	result	30.76307366	0.00000512	0x00	0x00
SPI [1]	result	30.76307894	0.00000512	0x08	0x00
SPI [1]	result	30.76308422	0.00000512	0x20	0x3F
SPI [1]	result	30.76350157	0.00000512	0x0C	0xFF
SPI [1]	result	30.76350685	0.00000512	0x10	0xFF
SPI [1]	result	30.76351213	0.00000512	0x80	0xFF
SPI [1]	result	30.76351741	0.00000512	0x02	0xFF
SPI [1]	result	30.76392042	0.00000512	0x00	0xFF
SPI [1]	result	30.76392570	0.00000512	0x00	0xFF
SPI [1]	result	30.76393098	0.00000512	0x09	0xFF
SPI [1]	result	30.76393626	0.00000512	0xA6	0xFF
SPI [1]	result	30.76433826	0.00000512	0x0D	0xFF
SPI [1]	result	30.76434354	0.00000512	0x00	0xFF
SPI [1]	result	30.76434882	0.00000512	0x88	0xFF
SPI [1]	result	30.76435410	0.00000512	0x1A	0xFF
SPI [1]	result	30.76475539	0.00000512	0x00	0xFF
SPI [1]	result	30.76476067	0.00000512	0x00	0xFF
SPI [1]	result	30.76476595	0.00000512	0x00	0xFF
SPI [1]	result	30.76477123	0.00000512	0x00	0xFF
SPI [1]	result	30.76517320	0.00000512	0x08	0xFF
SPI [1]	result	30.76517848	0.00000512	0x00	0xFF
SPI [1]	result	30.76518376	0.00000512	0x89	0xFF
SPI [1]	result	30.76518904	0.00000512	0xB8	0xFF
SPI [1]	result	30.80306241	0.00000512	0x00	0x00
SPI [1]	result	30.80306769	0.00000512	0x00	0x00
SPI [1]	result	30.80307297	0.00000512	0x08	0x00
SPI [1]	result	30.80307825	0.00000512	0x20	0x3F
SPI [1]	result	30.80348289	0.00000512	0x0E	0xFF
SPI [1]	result	30.80348817	0.00000512	0x10	0xFF
SPI [1]	result	30.80349345	0.00000512	0x80	0xFF
SPI [1]	result	30.80349873	0.00000512	0x12	0xFF
SPI [1]	result	30.80390093	0.00000512	0x00	0xFF
SPI [1]	result	30.80390621	0.00000512	0x00	0xFF
SPI [1]	result	30.80391149	0.00000512	0x00	0xFF
SPI [1]	result	30.80391677	0.00000512	0x00	0xFF
SPI [1]	result	30.80431827	0.00000512	0x08	0xFF
SPI [1]	result	30.80432355	0.00000512	0x00	0xFF
SPI [1]	result	30.80432883	0.00000512	0x88	0xFF
SPI [1]	result	30.80433411	0.00000512	0x32	0xFF
SPI [1]	result	30.84306575	0.00000512	0x00	0x00
SPI [1]	result	30.84307103	0.00000512	0x00	0x00
SPI [1]	result	30.84307631	0.00000512	0x08	0x00
SPI [1]	result	30.84308159	0.00000512	0x20	0x3F
SPI [1]	result	30.84349700	0.00000512	0x0F	0xFF
SPI [1]	result	30.84350228	0.00000512	0x10	0xFF
SPI [1]	result	30.84350756	0.00000512	0x80	0xFF
SPI [1]	result	30.84351284	0.00000512	0x1A	0xFF
SPI [1]	result	30.84391379	0.00000512	0x00	0xFF
SPI [1]	result	30.84391907	0.00000512	0x00	0xFF
SPI [1]	result	30.84392435	0.00000512	0x00	0xFF
SPI [1]	result	30.84392963	0.00000512	0x00	0xFF
SPI [1]	result	30.84433076	0.00000512	0x08	0xFF
SPI [1]	result	30.84433604	0.00000512	0x00	0xFF
SPI [1]	result	30.84434132	0.00000512	0x88	0xFF
SPI [1]	result	30.84434660	0.00000512	0x32	0xFF
