name	type	start_time	duration	mosi	miso
SPI [1]	result	0.00052900	0.00000512	0x00	0x00
SPI [1]	result	0.00053428	0.00000512	0x00	0x00
SPI [1]	result	0.00053956	0.00000512	0x3F	0x00
SPI [1]	result	0.00054484	0.00000512	0xC6	0x00
SPI [1]	result	0.00138943	0.00000512	0x08	0x08
SPI [1]	result	0.00139471	0.00000512	0x10	0x00
SPI [1]	result	0.00139999	0.00000512	0x80	0xBF
SPI [1]	result	0.00140527	0.00000512	0x22	0xD8
SPI [1]	result	0.00493400	0.00000512	0x00	0x00
SPI [1]	result	0.00493928	0.00000512	0x00	0x00
SPI [1]	result	0.00494456	0.00000512	0x00	0x3F
SPI [1]	result	0.00494984	0.00000512	0x00	0xC6
SPI [1]	result	0.00558796	0.00000512	0x08	0x08
SPI [1]	result	0.00559324	0.00000512	0x00	0x00
SPI [1]	result	0.00559852	0.00000512	0xBF	0x80
SPI [1]	result	0.00560380	0.00000512	0xD8	0x12
SPI [1]	result	0.00814366	0.00000512	0xB8	0x00
SPI [1]	result	0.00814894	0.00000512	0x01	0x00
SPI [1]	result	0.00815422	0.00000512	0x06	0x00
SPI [1]	result	0.00815950	0.00000512	0x26	0x00
SPI [1]	result	0.00903033	0.00000512	0x09	0x08
SPI [1]	result	0.00903561	0.00000512	0x10	0x00
SPI [1]	result	0.00904089	0.00000512	0x80	0x86
SPI [1]	result	0.00904617	0.00000512	0x2A	0x2A
SPI [1]	result	0.00951748	0.00000512	0x00	0xB8
SPI [1]	result	0.00952276	0.00000512	0x00	0x01
SPI [1]	result	0.00952804	0.00000512	0x05	0x06
SPI [1]	result	0.00953332	0.00000512	0x14	0x26
SPI [1]	result	0.01030469	0.00000512	0x0A	0x09
SPI [1]	result	0.01030997	0.00000512	0x00	0x00
SPI [1]	result	0.01031525	0.00000512	0x86	0x85
SPI [1]	result	0.01032053	0.00000512	0x3A	0x2E
SPI [1]	result	0.01089121	0.00000512	0x00	0x00
SPI [1]	result	0.01089649	0.00000512	0x00	0x00
SPI [1]	result	0.01090177	0.00000512	0x00	0x05
SPI [1]	result	0.01090705	0.00000512	0x00	0x14
SPI [1]	result	0.01145303	0.00000512	0x08	0x0A
SPI [1]	result	0.01145831	0.00000512	0x00	0x00
SPI [1]	result	0.01146359	0.00000512	0x85	0x80
SPI [1]	result	0.01146887	0.00000512	0x26	0x22
SPI [1]	result	0.01454515	0.00000512	0xFF	0x00
SPI [1]	result	0.01455043	0.00000512	0xFF	0x00
SPI [1]	result	0.01455571	0.00000512	0x00	0x4C
SPI [1]	result	0.01456099	0.00000512	0x00	0x52
SPI [1]	result	0.01456627	0.00000512	0x00	0x31
SPI [1]	result	0.01457155	0.00000512	0x00	0x30
SPI [1]	result	0.01457683	0.00000512	0x00	0x37
SPI [1]	result	0.01458211	0.00000512	0x00	0x41
SPI [1]	result	0.01458739	0.00000512	0x00	0x00
SPI [1]	result	0.01459267	0.00000512	0x00	0x00
SPI [1]	result	0.01459795	0.00000512	0x00	0x46
SPI [1]	result	0.01460323	0.00000512	0x00	0x53
SPI [1]	result	0.01460851	0.00000512	0x00	0x53
SPI [1]	result	0.01461379	0.00000512	0x00	0x47
SPI [1]	result	0.01461907	0.00000512	0x00	0x57
SPI [1]	result	0.01462435	0.00000512	0x00	0x35
SPI [1]	result	0.01462963	0.00000512	0x00	0x30
SPI [1]	result	0.01463491	0.00000512	0x00	0x37
SPI [1]	result	0.01464019	0.00000512	0x00	0x47
SPI [1]	result	0.01464547	0.00000512	0x00	0x46
SPI [1]	result	0.01465075	0.00000512	0x00	0x32
SPI [1]	result	0.01465603	0.00000512	0x00	0x35
SPI [1]	result	0.01466131	0.00000512	0x00	0x30
SPI [1]	result	0.01466659	0.00000512	0x00	0x6D
SPI [1]	result	0.01467187	0.00000512	0x00	0x6D
SPI [1]	result	0.01467715	0.00000512	0x00	0x46
SPI [1]	result	0.01468243	0.00000512	0x00	0x34
SPI [1]	result	0.01468771	0.00000512	0x00	0x20
SPI [1]	result	0.01469299	0.00000512	0x00	0x52
SPI [1]	result	0.01469827	0.00000512	0x00	0x20
SPI [1]	result	0.01470355	0.00000512	0x00	0x4C
SPI [1]	result	0.01470883	0.00000512	0x00	0x4D
SPI [1]	result	0.01471411	0.00000512	0x00	0x20
SPI [1]	result	0.01471939	0.00000512	0x00	0x4F
SPI [1]	result	0.01472467	0.00000512	0x00	0x49
SPI [1]	result	0.01472995	0.00000512	0x00	0x53
SPI [1]	result	0.01473523	0.00000512	0x00	0x20
SPI [1]	result	0.01474051	0.00000512	0x00	0x57
SPI [1]	result	0.01474579	0.00000512	0x00	0x52
SPI [1]	result	0.01475107	0.00000512	0x00	0x00
SPI [1]	result	0.01475635	0.00000512	0x00	0x00
SPI [1]	result	0.01476163	0.00000512	0x00	0x00
SPI [1]	result	0.01476691	0.00000512	0x00	0x00
SPI [1]	result	0.01477219	0.00000512	0x00	0x00
SPI [1]	result	0.01477747	0.00000512	0x00	0x00
SPI [1]	result	0.01478275	0.00000512	0x00	0x00
SPI [1]	result	0.01478803	0.00000512	0x00	0x00
SPI [1]	result	0.01479331	0.00000512	0x00	0x00
SPI [1]	result	0.01479859	0.00000512	0x00	0x00
SPI [1]	result	0.01480387	0.00000512	0x00	0x00
SPI [1]	result	0.01480915	0.00000512	0x00	0x00
SPI [1]	result	0.01481443	0.00000512	0x00	0x00
SPI [1]	result	0.01481971	0.00000512	0x00	0x00
SPI [1]	result	0.01482499	0.00000512	0x00	0x00
SPI [1]	result	0.01483027	0.00000512	0x00	0x00
SPI [1]	result	0.01483555	0.00000512	0x00	0x00
SPI [1]	result	0.01484083	0.00000512	0x00	0x00
SPI [1]	result	0.01484611	0.00000512	0x00	0x00
SPI [1]	result	0.01485139	0.00000512	0x00	0x00
SPI [1]	result	0.01485667	0.00000512	0x00	0x00
SPI [1]	result	0.01486195	0.00000512	0x00	0x00
SPI [1]	result	0.01486723	0.00000512	0x00	0x00
SPI [1]	result	0.01487251	0.00000512	0x00	0x00
SPI [1]	result	0.01487779	0.00000512	0x00	0x00
SPI [1]	result	0.01488307	0.00000512	0x00	0x00
SPI [1]	result	0.01488835	0.00000512	0x00	0x00
SPI [1]	result	0.01489363	0.00000512	0x00	0x00
SPI [1]	result	0.01489891	0.00000512	0x00	0x00
SPI [1]	result	0.01490419	0.00000512	0x00	0x00
SPI [1]	result	0.01490947	0.00000512	0x00	0x00
SPI [1]	result	0.01491475	0.00000512	0x00	0x00
SPI [1]	result	0.01492003	0.00000512	0x00	0x00
SPI [1]	result	0.01492531	0.00000512	0x00	0x00
SPI [1]	result	0.01493059	0.00000512	0x00	0x00
SPI [1]	result	0.01493587	0.00000512	0x00	0x00
SPI [1]	result	0.01494115	0.00000512	0x00	0x00
SPI [1]	result	0.01494643	0.00000512	0x00	0x00
SPI [1]	result	0.01495171	0.00000512	0x00	0x00
SPI [1]	result	0.01495699	0.00000512	0x00	0x00
SPI [1]	result	0.01496227	0.00000512	0x00	0x00
SPI [1]	result	0.01496755	0.00000512	0x00	0x00
SPI [1]	result	0.01497283	0.00000512	0x00	0x00
SPI [1]	result	0.01497811	0.00000512	0x00	0x32
SPI [1]	result	0.01498339	0.00000512	0x00	0x37
SPI [1]	result	0.01498867	0.00000512	0x00	0x43
SPI [1]	result	0.01499395	0.00000512	0x00	0x30
SPI [1]	result	0.01499923	0.00000512	0x00	0x30
SPI [1]	result	0.01500451	0.00000512	0x00	0x30
SPI [1]	result	0.01500979	0.00000512	0x00	0x37
SPI [1]	result	0.01501507	0.00000512	0x00	0x35
SPI [1]	result	0.01502035	0.00000512	0x00	0x00
SPI [1]	result	0.01502563	0.00000512	0x00	0x00
SPI [1]	result	0.01503091	0.00000512	0x00	0x01
SPI [1]	result	0.01503619	0.00000512	0x00	0x80
SPI [1]	result	0.01504147	0.00000512	0x00	0x01
SPI [1]	result	0.01504675	0.00000512	0x00	0x11
SPI [1]	result	0.01505203	0.00000512	0x00	0x01
SPI [1]	result	0.01505731	0.00000512	0x00	0x10
SPI [1]	result	0.01506259	0.00000512	0x00	0x01
SPI [1]	result	0.01506787	0.00000512	0x00	0x10
SPI [1]	result	0.01507315	0.00000512	0x00	0x01
SPI [1]	result	0.01507843	0.00000512	0x00	0x10
SPI [1]	result	0.01508371	0.00000512	0x00	0xC8
SPI [1]	result	0.01508899	0.00000512	0x00	0x09
SPI [1]	result	0.01509427	0.00000512	0x00	0x00
SPI [1]	result	0.01509955	0.00000512	0x00	0x00
SPI [1]	result	0.01510483	0.00000512	0x00	0x00
SPI [1]	result	0.01511011	0.00000512	0x00	0x00
SPI [1]	result	0.01511539	0.00000512	0x00	0x00
SPI [1]	result	0.01512067	0.00000512	0x00	0x00
SPI [1]	result	0.01512595	0.00000512	0x00	0x00
SPI [1]	result	0.01513123	0.00000512	0x00	0x00
SPI [1]	result	0.01513651	0.00000512	0x00	0x00
SPI [1]	result	0.01514179	0.00000512	0x00	0x00
SPI [1]	result	0.01514707	0.00000512	0x00	0x00
SPI [1]	result	0.01515235	0.00000512	0x00	0x00
SPI [1]	result	0.01515763	0.00000512	0x00	0x00
SPI [1]	result	0.01516291	0.00000512	0x00	0x00
SPI [1]	result	0.01516819	0.00000512	0x00	0x00
SPI [1]	result	0.01517347	0.00000512	0x00	0x00
SPI [1]	result	0.01517875	0.00000512	0x00	0x00
SPI [1]	result	0.01518403	0.00000512	0x00	0x00
SPI [1]	result	0.01518931	0.00000512	0x00	0x00
SPI [1]	result	0.01519459	0.00000512	0x00	0x00
SPI [1]	result	0.01519987	0.00000512	0x00	0x00
SPI [1]	result	0.01520515	0.00000512	0x00	0x00
SPI [1]	result	0.01521043	0.00000512	0x00	0x00
SPI [1]	result	0.01521571	0.00000512	0x00	0x00
SPI [1]	result	0.01522099	0.00000512	0x00	0x00
SPI [1]	result	0.01522627	0.00000512	0x00	0x00
SPI [1]	result	0.01523155	0.00000512	0x5A	0x53
SPI [1]	result	0.01836139	0.00000512	0xFF	0x00
SPI [1]	result	0.01836667	0.00000512	0x00	0x00
SPI [1]	result	0.01837195	0.00000512	0x00	0x00
SPI [1]	result	0.01837723	0.00000512	0x00	0x00
SPI [1]	result	0.01838251	0.00000512	0x00	0x00
SPI [1]	result	0.01838779	0.00000512	0x00	0x00
SPI [1]	result	0.01839307	0.00000512	0x00	0x00
SPI [1]	result	0.01839835	0.00000512	0x00	0x00
SPI [1]	result	0.01840363	0.00000512	0x00	0x00
SPI [1]	result	0.01840891	0.00000512	0x00	0x00
SPI [1]	result	0.01841419	0.00000512	0x00	0x00
SPI [1]	result	0.01841947	0.00000512	0x00	0x00
SPI [1]	result	0.01842475	0.00000512	0x00	0x00
SPI [1]	result	0.01843003	0.00000512	0x00	0x00
SPI [1]	result	0.01843531	0.00000512	0x00	0x00
SPI [1]	result	0.01844059	0.00000512	0x00	0x00
SPI [1]	result	0.01844587	0.00000512	0x00	0x00
SPI [1]	result	0.01845115	0.00000512	0x00	0x00
SPI [1]	result	0.01845643	0.00000512	0x00	0x00
SPI [1]	result	0.01846171	0.00000512	0x00	0x00
SPI [1]	result	0.01846699	0.00000512	0x00	0x00
SPI [1]	result	0.01847227	0.00000512	0x00	0x00
SPI [1]	result	0.01847755	0.00000512	0x00	0x00
SPI [1]	result	0.01848283	0.00000512	0x00	0x00
SPI [1]	result	0.01848811	0.00000512	0x00	0x00
SPI [1]	result	0.01849339	0.00000512	0x00	0x00
SPI [1]	result	0.01849867	0.00000512	0x00	0x00
SPI [1]	result	0.01850395	0.00000512	0x00	0x00
SPI [1]	result	0.01850923	0.00000512	0x00	0x00
SPI [1]	result	0.01851451	0.00000512	0x00	0x00
SPI [1]	result	0.01851979	0.00000512	0x00	0x00
SPI [1]	result	0.01852507	0.00000512	0x00	0x00
SPI [1]	result	0.01853035	0.00000512	0x00	0x00
SPI [1]	result	0.01853563	0.00000512	0x00	0x00
SPI [1]	result	0.01854091	0.00000512	0x00	0x00
SPI [1]	result	0.01854619	0.00000512	0x00	0x00
SPI [1]	result	0.01855147	0.00000512	0x00	0x00
SPI [1]	result	0.01855675	0.00000512	0x00	0x00
SPI [1]	result	0.01856203	0.00000512	0x00	0x00
SPI [1]	result	0.01856731	0.00000512	0x00	0x00
SPI [1]	result	0.01857259	0.00000512	0x00	0x00
SPI [1]	result	0.01857787	0.00000512	0x00	0x00
SPI [1]	result	0.01858315	0.00000512	0x00	0x00
SPI [1]	result	0.01858843	0.00000512	0x00	0x00
SPI [1]	result	0.01859371	0.00000512	0x00	0x00
SPI [1]	result	0.01859899	0.00000512	0x00	0x00
SPI [1]	result	0.01860427	0.00000512	0x00	0x00
SPI [1]	result	0.01860955	0.00000512	0x00	0x00
SPI [1]	result	0.01861483	0.00000512	0x00	0x00
SPI [1]	result	0.01862011	0.00000512	0x00	0x00
SPI [1]	result	0.01862539	0.00000512	0x00	0x00
SPI [1]	result	0.01863067	0.00000512	0x00	0x00
SPI [1]	result	0.01863595	0.00000512	0x00	0x00
SPI [1]	result	0.01864123	0.00000512	0x00	0x00
SPI [1]	result	0.01864651	0.00000512	0x00	0x00
SPI [1]	result	0.01865179	0.00000512	0x00	0x00
SPI [1]	result	0.01865707	0.00000512	0x00	0x00
SPI [1]	result	0.01866235	0.00000512	0x00	0x00
SPI [1]	result	0.01866763	0.00000512	0x00	0x00
SPI [1]	result	0.01867291	0.00000512	0x00	0x00
SPI [1]	result	0.01867819	0.00000512	0x00	0x00
SPI [1]	result	0.01868347	0.00000512	0x00	0x00
SPI [1]	result	0.01868875	0.00000512	0x00	0x00
SPI [1]	result	0.01869403	0.00000512	0x00	0x00
SPI [1]	result	0.01869931	0.00000512	0x00	0x00
SPI [1]	result	0.01870459	0.00000512	0x00	0x00
SPI [1]	result	0.01870987	0.00000512	0x00	0x00
SPI [1]	result	0.01871515	0.00000512	0x00	0x00
SPI [1]	result	0.01872043	0.00000512	0x00	0x00
SPI [1]	result	0.01872571	0.00000512	0x00	0x00
SPI [1]	result	0.01873099	0.00000512	0x00	0x00
SPI [1]	result	0.01873627	0.00000512	0x00	0x00
SPI [1]	result	0.01874155	0.00000512	0x00	0x00
SPI [1]	result	0.01874683	0.00000512	0x00	0x00
SPI [1]	result	0.01875211	0.00000512	0x00	0x00
SPI [1]	result	0.01875739	0.00000512	0x00	0x00
SPI [1]	result	0.01876267	0.00000512	0x00	0x00
SPI [1]	result	0.01876795	0.00000512	0x00	0x00
SPI [1]	result	0.01877323	0.00000512	0x00	0x00
SPI [1]	result	0.01877851	0.00000512	0x00	0x00
SPI [1]	result	0.01878379	0.00000512	0x00	0x00
SPI [1]	result	0.01878907	0.00000512	0x00	0x00
SPI [1]	result	0.01879435	0.00000512	0x00	0x00
SPI [1]	result	0.01879963	0.00000512	0x00	0x00
SPI [1]	result	0.01880491	0.00000512	0x00	0x00
SPI [1]	result	0.01881019	0.00000512	0x00	0x00
SPI [1]	result	0.01881547	0.00000512	0x00	0x00
SPI [1]	result	0.01882075	0.00000512	0x00	0x00
SPI [1]	result	0.01882603	0.00000512	0x00	0x00
SPI [1]	result	0.01883131	0.00000512	0x00	0x00
SPI [1]	result	0.01883659	0.00000512	0x00	0x00
SPI [1]	result	0.01884187	0.00000512	0x00	0x00
SPI [1]	result	0.01884715	0.00000512	0x00	0x00
SPI [1]	result	0.01885243	0.00000512	0x00	0x00
SPI [1]	result	0.01885771	0.00000512	0x00	0x00
SPI [1]	result	0.01886299	0.00000512	0x00	0x00
SPI [1]	result	0.01886827	0.00000512	0x00	0x00
SPI [1]	result	0.01887355	0.00000512	0x00	0x00
SPI [1]	result	0.01887883	0.00000512	0x00	0x00
SPI [1]	result	0.01888411	0.00000512	0x00	0x00
SPI [1]	result	0.01888939	0.00000512	0x00	0x00
SPI [1]	result	0.01889467	0.00000512	0x00	0x00
SPI [1]	result	0.01889995	0.00000512	0x00	0x00
SPI [1]	result	0.01890523	0.00000512	0x00	0x00
SPI [1]	result	0.01891051	0.00000512	0x00	0x00
SPI [1]	result	0.01891579	0.00000512	0x00	0x00
SPI [1]	result	0.01892107	0.00000512	0x00	0x00
SPI [1]	result	0.01892635	0.00000512	0x00	0x00
SPI [1]	result	0.01893163	0.00000512	0x00	0x00
SPI [1]	result	0.01893691	0.00000512	0x00	0x00
SPI [1]	result	0.01894219	0.00000512	0x00	0x00
SPI [1]	result	0.01894747	0.00000512	0x00	0x00
SPI [1]	result	0.01895275	0.00000512	0x00	0x00
SPI [1]	result	0.01895803	0.00000512	0x00	0x00
SPI [1]	result	0.01896331	0.00000512	0x00	0x00
SPI [1]	result	0.01896859	0.00000512	0x00	0x00
SPI [1]	result	0.01897387	0.00000512	0x00	0x00
SPI [1]	result	0.01897915	0.00000512	0x00	0x00
SPI [1]	result	0.01898443	0.00000512	0x00	0x00
SPI [1]	result	0.01898971	0.00000512	0x00	0x00
SPI [1]	result	0.01899499	0.00000512	0x00	0x00
SPI [1]	result	0.01900027	0.00000512	0x00	0x00
SPI [1]	result	0.01900555	0.00000512	0x00	0x00
SPI [1]	result	0.01901083	0.00000512	0x00	0x00
SPI [1]	result	0.01901611	0.00000512	0x00	0x00
SPI [1]	result	0.01902139	0.00000512	0x00	0x00
SPI [1]	result	0.01902667	0.00000512	0x00	0x00
SPI [1]	result	0.01903195	0.00000512	0x00	0x00
SPI [1]	result	0.01903723	0.00000512	0x00	0x00
SPI [1]	result	0.01904251	0.00000512	0x00	0x00
SPI [1]	result	0.01904779	0.00000512	0x5A	0x03
SPI [1]	result	0.02219719	0.00000512	0xB8	0x00
SPI [1]	result	0.02220247	0.00000512	0x01	0x00
SPI [1]	result	0.02220775	0.00000512	0x06	0x03
SPI [1]	result	0.02221303	0.00000512	0x26	0xFF
SPI [1]	result	0.02299929	0.00000512	0x0B	0x00
SPI [1]	result	0.02300457	0.00000512	0x10	0x08
SPI [1]	result	0.02300985	0.00000512	0x80	0xFF
SPI [1]	result	0.02301513	0.00000512	0x3A	0xFF
SPI [1]	result	0.02356411	0.00000512	0x00	0x00
SPI [1]	result	0.02356939	0.00000512	0x00	0x00
SPI [1]	result	0.02357467	0.00000512	0x05	0x00
SPI [1]	result	0.02357995	0.00000512	0x56	0x7F
SPI [1]	result	0.02435517	0.00000512	0x0C	0x00
SPI [1]	result	0.02436045	0.00000512	0x00	0x00
SPI [1]	result	0.02436573	0.00000512	0x86	0x01
SPI [1]	result	0.02437101	0.00000512	0x0A	0xCF
SPI [1]	result	0.02493941	0.00000512	0x00	0x00
SPI [1]	result	0.02494469	0.00000512	0x00	0x00
SPI [1]	result	0.02494997	0.00000512	0x00	0x00
SPI [1]	result	0.02495525	0.00000512	0x00	0x00
SPI [1]	result	0.02551428	0.00000512	0x08	0x00
SPI [1]	result	0.02551956	0.00000512	0x00	0x00
SPI [1]	result	0.02552484	0.00000512	0x85	0x03
SPI [1]	result	0.02553012	0.00000512	0x68	0xFF
SPI [1]	result	0.02861348	0.00000512	0x00	0x00
SPI [1]	result	0.02861876	0.00000512	0x00	0x00
SPI [1]	result	0.02862404	0.00000512	0x53	0x0B
SPI [1]	result	0.02862932	0.00000512	0x50	0xFF
SPI [1]	result	0.02863460	0.00000512	0x58	0xFF
SPI [1]	result	0.02863988	0.00000512	0x31	0xFF
SPI [1]	result	0.02864516	0.00000512	0x00	0xFF
SPI [1]	result	0.02865044	0.00000512	0x00	0xFF
SPI [1]	result	0.02865572	0.00000512	0x00	0xFF
SPI [1]	result	0.02866100	0.00000512	0x00	0xFF
SPI [1]	result	0.02866628	0.00000512	0x00	0xFF
SPI [1]	result	0.02867156	0.00000512	0x00	0xFF
SPI [1]	result	0.02867684	0.00000512	0x47	0xFF
SPI [1]	result	0.02868212	0.00000512	0x46	0xFF
SPI [1]	result	0.02868740	0.00000512	0x58	0xFF
SPI [1]	result	0.02869268	0.00000512	0x20	0xFF
SPI [1]	result	0.02869796	0.00000512	0x35	0xFF
SPI [1]	result	0.02870324	0.00000512	0x30	0xFF
SPI [1]	result	0.02870852	0.00000512	0x53	0xFF
SPI [1]	result	0.02871380	0.00000512	0x00	0xFF
SPI [1]	result	0.02871908	0.00000512	0x00	0xFF
SPI [1]	result	0.02872436	0.00000512	0x00	0xFF
SPI [1]	result	0.02872964	0.00000512	0x00	0xFF
SPI [1]	result	0.02873492	0.00000512	0x00	0xFF
SPI [1]	result	0.02874020	0.00000512	0x00	0xFF
SPI [1]	result	0.02874548	0.00000512	0x00	0xFF
SPI [1]	result	0.02875076	0.00000512	0x00	0xFF
SPI [1]	result	0.02875604	0.00000512	0x00	0xFF
SPI [1]	result	0.02876132	0.00000512	0x00	0xFF
SPI [1]	result	0.02876660	0.00000512	0x00	0xFF
SPI [1]	result	0.02877188	0.00000512	0x00	0xF8
SPI [1]	result	0.02877716	0.00000512	0x00	0x00
SPI [1]	result	0.02878244	0.00000512	0x47	0x3F
SPI [1]	result	0.02878772	0.00000512	0x46	0xFF
SPI [1]	result	0.02879300	0.00000512	0x58	0xFF
SPI [1]	result	0.02879828	0.00000512	0x20	0xFF
SPI [1]	result	0.02880356	0.00000512	0x35	0xFF
SPI [1]	result	0.02880884	0.00000512	0x30	0xFF
SPI [1]	result	0.02881412	0.00000512	0x53	0xFF
SPI [1]	result	0.02881940	0.00000512	0x00	0xFF
SPI [1]	result	0.02882468	0.00000512	0x00	0xFF
SPI [1]	result	0.02882996	0.00000512	0x00	0xFF
SPI [1]	result	0.02883524	0.00000512	0x00	0xFF
SPI [1]	result	0.02884052	0.00000512	0x00	0xFF
SPI [1]	result	0.02884580	0.00000512	0x00	0xFF
SPI [1]	result	0.02885108	0.00000512	0x00	0xFF
SPI [1]	result	0.02885636	0.00000512	0x00	0xFF
SPI [1]	result	0.02886164	0.00000512	0x35	0xFF
SPI [1]	result	0.02886692	0.00000512	0x39	0xFF
SPI [1]	result	0.02887220	0.00000512	0x33	0xFF
SPI [1]	result	0.02887748	0.00000512	0x35	0xFF
SPI [1]	result	0.02888276	0.00000512	0x33	0xFF
SPI [1]	result	0.02888804	0.00000512	0x33	0xFF
SPI [1]	result	0.02889332	0.00000512	0x33	0xFF
SPI [1]	result	0.02889860	0.00000512	0x31	0xFF
SPI [1]	result	0.02890388	0.00000512	0x33	0xFF
SPI [1]	result	0.02890916	0.00000512	0x36	0xFF
SPI [1]	result	0.02891444	0.00000512	0x33	0xFF
SPI [1]	result	0.02891972	0.00000512	0x31	0xFF
SPI [1]	result	0.02892500	0.00000512	0x31	0xFF
SPI [1]	result	0.02893028	0.00000512	0x37	0xFF
SPI [1]	result	0.02893556	0.00000512	0x30	0xFF
SPI [1]	result	0.02894084	0.00000512	0x32	0xFF
SPI [1]	result	0.02894612	0.00000512	0x31	0xFF
SPI [1]	result	0.02895140	0.00000512	0x36	0xFF
SPI [1]	result	0.02895668	0.00000512	0x37	0xFF
SPI [1]	result	0.02896196	0.00000512	0x30	0xFF
SPI [1]	result	0.02896724	0.00000512	0x32	0xFF
SPI [1]	result	0.02897252	0.00000512	0x30	0xFF
SPI [1]	result	0.02897780	0.00000512	0x31	0xFF
SPI [1]	result	0.02898308	0.00000512	0x30	0xFF
SPI [1]	result	0.02898836	0.00000512	0x31	0xFF
SPI [1]	result	0.02899364	0.00000512	0x31	0xFF
SPI [1]	result	0.02899892	0.00000512	0x30	0xFF
SPI [1]	result	0.02900420	0.00000512	0x36	0xFF
SPI [1]	result	0.02900948	0.00000512	0x39	0xFF
SPI [1]	result	0.02901476	0.00000512	0x41	0xFF
SPI [1]	result	0.02902004	0.00000512	0x04	0xFF
SPI [1]	result	0.02902532	0.00000512	0x20	0xFF
SPI [1]	result	0.02903060	0.00000512	0x02	0xFF
SPI [1]	result	0.02903588	0.00000512	0x16	0xFF
SPI [1]	result	0.02904116	0.00000512	0x01	0xFF
SPI [1]	result	0.02904644	0.00000512	0x00	0xFF
SPI [1]	result	0.02905172	0.00000512	0x01	0xFF
SPI [1]	result	0.02905700	0.00000512	0x00	0xFF
SPI [1]	result	0.02906228	0.00000512	0x01	0xFF
SPI [1]	result	0.02906756	0.00000512	0x00	0xFF
SPI [1]	result	0.02907284	0.00000512	0x00	0xFF
SPI [1]	result	0.02907812	0.00000512	0x00	0xFF
SPI [1]	result	0.02908340	0.00000512	0x00	0xFF
SPI [1]	result	0.02908868	0.00000512	0x00	0xFF
SPI [1]	result	0.02909396	0.00000512	0x00	0xFF
SPI [1]	result	0.02909924	0.00000512	0x00	0xFF
SPI [1]	result	0.02910452	0.00000512	0x00	0xFF
SPI [1]	result	0.02910980	0.00000512	0x00	0xFF
SPI [1]	result	0.02911508	0.00000512	0x00	0xFE
SPI [1]	result	0.02912036	0.00000512	0x00	0x00
SPI [1]	result	0.02912564	0.00000512	0x00	0x00
SPI [1]	result	0.02913092	0.00000512	0x00	0x00
SPI [1]	result	0.02913620	0.00000512	0x00	0x00
SPI [1]	result	0.02914148	0.00000512	0x00	0x00
SPI [1]	result	0.02914676	0.00000512	0x00	0x00
SPI [1]	result	0.02915204	0.00000512	0x00	0x00
SPI [1]	result	0.02915732	0.00000512	0x00	0x00
SPI [1]	result	0.02916260	0.00000512	0x00	0x00
SPI [1]	result	0.02916788	0.00000512	0x00	0x00
SPI [1]	result	0.02917316	0.00000512	0x00	0x00
SPI [1]	result	0.02917844	0.00000512	0x00	0x00
SPI [1]	result	0.02918372	0.00000512	0x00	0x00
SPI [1]	result	0.02918900	0.00000512	0x00	0x00
SPI [1]	result	0.02919428	0.00000512	0x00	0x00
SPI [1]	result	0.02919956	0.00000512	0x00	0x00
SPI [1]	result	0.02920484	0.00000512	0x00	0x00
SPI [1]	result	0.02921012	0.00000512	0x00	0x00
SPI [1]	result	0.02921540	0.00000512	0x00	0x00
SPI [1]	result	0.02922068	0.00000512	0x00	0x00
SPI [1]	result	0.02922596	0.00000512	0x00	0x00
SPI [1]	result	0.02923124	0.00000512	0x00	0x00
SPI [1]	result	0.02923652	0.00000512	0x00	0x00
SPI [1]	result	0.02924180	0.00000512	0x00	0x00
SPI [1]	result	0.02924708	0.00000512	0x00	0x00
SPI [1]	result	0.02925236	0.00000512	0x00	0x00
SPI [1]	result	0.02925764	0.00000512	0x00	0x00
SPI [1]	result	0.02926292	0.00000512	0x00	0x00
SPI [1]	result	0.02926820	0.00000512	0x00	0x00
SPI [1]	result	0.02927348	0.00000512	0x00	0x00
SPI [1]	result	0.02927876	0.00000512	0x00	0x00
SPI [1]	result	0.02928404	0.00000512	0x00	0x00
SPI [1]	result	0.02928932	0.00000512	0x00	0x00
SPI [1]	result	0.02929460	0.00000512	0x00	0x00
SPI [1]	result	0.02929988	0.00000512	0xEF	0x00
SPI [1]	result	0.03242517	0.00000512	0xFF	0x00
SPI [1]	result	0.03243045	0.00000512	0xFF	0x00
SPI [1]	result	0.03243573	0.00000512	0x53	0x0F
SPI [1]	result	0.03244101	0.00000512	0x50	0xFF
SPI [1]	result	0.03244629	0.00000512	0x58	0xFF
SPI [1]	result	0.03245157	0.00000512	0x31	0xFF
SPI [1]	result	0.03245685	0.00000512	0x00	0xFF
SPI [1]	result	0.03246213	0.00000512	0x00	0xFF
SPI [1]	result	0.03246741	0.00000512	0x00	0xFF
SPI [1]	result	0.03247269	0.00000512	0x00	0xFF
SPI [1]	result	0.03247797	0.00000512	0x00	0xFF
SPI [1]	result	0.03248325	0.00000512	0x00	0xFF
SPI [1]	result	0.03248853	0.00000512	0x47	0xFF
SPI [1]	result	0.03249381	0.00000512	0x46	0xFF
SPI [1]	result	0.03249909	0.00000512	0x58	0xFF
SPI [1]	result	0.03250437	0.00000512	0x20	0xFF
SPI [1]	result	0.03250965	0.00000512	0x35	0xFF
SPI [1]	result	0.03251493	0.00000512	0x30	0xFF
SPI [1]	result	0.03252021	0.00000512	0x53	0xFF
SPI [1]	result	0.03252549	0.00000512	0x00	0xFF
SPI [1]	result	0.03253077	0.00000512	0x00	0xFF
SPI [1]	result	0.03253605	0.00000512	0x00	0xFF
SPI [1]	result	0.03254133	0.00000512	0x00	0xFF
SPI [1]	result	0.03254661	0.00000512	0x00	0xFF
SPI [1]	result	0.03255189	0.00000512	0x00	0xFF
SPI [1]	result	0.03255717	0.00000512	0x00	0xFF
SPI [1]	result	0.03256245	0.00000512	0x00	0xFF
SPI [1]	result	0.03256773	0.00000512	0x00	0xFF
SPI [1]	result	0.03257301	0.00000512	0x00	0xFF
SPI [1]	result	0.03257829	0.00000512	0x00	0xFB
SPI [1]	result	0.03258357	0.00000512	0x00	0xC0
SPI [1]	result	0.03258885	0.00000512	0x00	0x00
SPI [1]	result	0.03259413	0.00000512	0x47	0x3F
SPI [1]	result	0.03259941	0.00000512	0x46	0xFF
SPI [1]	result	0.03260469	0.00000512	0x58	0xFF
SPI [1]	result	0.03260997	0.00000512	0x20	0xFF
SPI [1]	result	0.03261525	0.00000512	0x35	0xFF
SPI [1]	result	0.03262053	0.00000512	0x30	0xFF
SPI [1]	result	0.03262581	0.00000512	0x53	0xFF
SPI [1]	result	0.03263109	0.00000512	0x00	0xFF
SPI [1]	result	0.03263637	0.00000512	0x00	0xFF
SPI [1]	result	0.03264165	0.00000512	0x00	0xFF
SPI [1]	result	0.03264693	0.00000512	0x00	0xFF
SPI [1]	result	0.03265221	0.00000512	0x00	0xFF
SPI [1]	result	0.03265749	0.00000512	0x00	0xFF
SPI [1]	result	0.03266277	0.00000512	0x00	0xFF
SPI [1]	result	0.03266805	0.00000512	0x00	0xFF
SPI [1]	result	0.03267333	0.00000512	0x35	0xFF
SPI [1]	result	0.03267861	0.00000512	0x39	0xFF
SPI [1]	result	0.03268389	0.00000512	0x33	0xFF
SPI [1]	result	0.03268917	0.00000512	0x35	0xFF
SPI [1]	result	0.03269445	0.00000512	0x33	0xFF
SPI [1]	result	0.03269973	0.00000512	0x33	0xFF
SPI [1]	result	0.03270501	0.00000512	0x33	0xFF
SPI [1]	result	0.03271029	0.00000512	0x31	0xFF
SPI [1]	result	0.03271557	0.00000512	0x33	0xFF
SPI [1]	result	0.03272085	0.00000512	0x36	0xFF
SPI [1]	result	0.03272613	0.00000512	0x33	0xFF
SPI [1]	result	0.03273141	0.00000512	0x31	0xFF
SPI [1]	result	0.03273669	0.00000512	0x31	0xFF
SPI [1]	result	0.03274197	0.00000512	0x37	0xFF
SPI [1]	result	0.03274725	0.00000512	0x30	0xFF
SPI [1]	result	0.03275253	0.00000512	0x32	0xFF
SPI [1]	result	0.03275781	0.00000512	0x31	0xFF
SPI [1]	result	0.03276309	0.00000512	0x36	0xFF
SPI [1]	result	0.03276837	0.00000512	0x37	0xFF
SPI [1]	result	0.03277365	0.00000512	0x30	0xFF
SPI [1]	result	0.03277893	0.00000512	0x32	0xFF
SPI [1]	result	0.03278421	0.00000512	0x30	0xFF
SPI [1]	result	0.03278949	0.00000512	0x31	0xFF
SPI [1]	result	0.03279477	0.00000512	0x30	0xFF
SPI [1]	result	0.03280005	0.00000512	0x31	0xFF
SPI [1]	result	0.03280533	0.00000512	0x31	0xFF
SPI [1]	result	0.03281061	0.00000512	0x30	0xFF
SPI [1]	result	0.03281589	0.00000512	0x36	0xFF
SPI [1]	result	0.03282117	0.00000512	0x39	0xFF
SPI [1]	result	0.03282645	0.00000512	0x41	0xFF
SPI [1]	result	0.03283173	0.00000512	0x04	0xFF
SPI [1]	result	0.03283701	0.00000512	0x20	0xFF
SPI [1]	result	0.03284229	0.00000512	0x02	0xFF
SPI [1]	result	0.03284757	0.00000512	0x16	0xFF
SPI [1]	result	0.03285285	0.00000512	0x01	0xFF
SPI [1]	result	0.03285813	0.00000512	0x00	0xFF
SPI [1]	result	0.03286341	0.00000512	0x01	0xFF
SPI [1]	result	0.03286869	0.00000512	0x00	0xFF
SPI [1]	result	0.03287397	0.00000512	0x01	0xFF
SPI [1]	result	0.03287925	0.00000512	0x00	0xFF
SPI [1]	result	0.03288453	0.00000512	0x00	0xFF
SPI [1]	result	0.03288981	0.00000512	0x00	0xFF
SPI [1]	result	0.03289509	0.00000512	0x00	0xFF
SPI [1]	result	0.03290037	0.00000512	0x00	0xFF
SPI [1]	result	0.03290565	0.00000512	0x00	0xFF
SPI [1]	result	0.03291093	0.00000512	0x00	0xFF
SPI [1]	result	0.03291621	0.00000512	0x00	0xFF
SPI [1]	result	0.03292149	0.00000512	0x00	0x7F
SPI [1]	result	0.03292677	0.00000512	0x00	0xEC
SPI [1]	result	0.03293205	0.00000512	0x00	0x04
SPI [1]	result	0.03293733	0.00000512	0x00	0x00
SPI [1]	result	0.03294261	0.00000512	0x00	0x00
SPI [1]	result	0.03294789	0.00000512	0x00	0x00
SPI [1]	result	0.03295317	0.00000512	0x00	0x00
SPI [1]	result	0.03295845	0.00000512	0x00	0x00
SPI [1]	result	0.03296373	0.00000512	0x00	0x00
SPI [1]	result	0.03296901	0.00000512	0x00	0x00
SPI [1]	result	0.03297429	0.00000512	0x00	0x00
SPI [1]	result	0.03297957	0.00000512	0x00	0x00
SPI [1]	result	0.03298485	0.00000512	0x00	0x00
SPI [1]	result	0.03299013	0.00000512	0x00	0x00
SPI [1]	result	0.03299541	0.00000512	0x00	0x00
SPI [1]	result	0.03300069	0.00000512	0x00	0x00
SPI [1]	result	0.03300597	0.00000512	0x00	0x00
SPI [1]	result	0.03301125	0.00000512	0x00	0x00
SPI [1]	result	0.03301653	0.00000512	0x00	0x00
SPI [1]	result	0.03302181	0.00000512	0x00	0x00
SPI [1]	result	0.03302709	0.00000512	0x00	0x00
SPI [1]	result	0.03303237	0.00000512	0x00	0x00
SPI [1]	result	0.03303765	0.00000512	0x00	0x00
SPI [1]	result	0.03304293	0.00000512	0x00	0x00
SPI [1]	result	0.03304821	0.00000512	0x00	0x00
SPI [1]	result	0.03305349	0.00000512	0x00	0x00
SPI [1]	result	0.03305877	0.00000512	0x00	0x00
SPI [1]	result	0.03306405	0.00000512	0x00	0x00
SPI [1]	result	0.03306933	0.00000512	0x00	0x00
SPI [1]	result	0.03307461	0.00000512	0x00	0x00
SPI [1]	result	0.03307989	0.00000512	0x00	0x00
SPI [1]	result	0.03308517	0.00000512	0x00	0x00
SPI [1]	result	0.03309045	0.00000512	0x00	0x00
SPI [1]	result	0.03309573	0.00000512	0x00	0x00
SPI [1]	result	0.03310101	0.00000512	0x00	0x00
SPI [1]	result	0.03310629	0.00000512	0x00	0x00
SPI [1]	result	0.03311157	0.00000512	0xED	0x03
SPI [1]	result	0.03626163	0.00000512	0x00	0x00
SPI [1]	result	0.03626691	0.00000512	0x00	0x00
SPI [1]	result	0.03627219	0.00000512	0x05	0x00
SPI [1]	result	0.03627747	0.00000512	0x96	0x3F
SPI [1]	result	0.03704725	0.00000512	0x0D	0x00
SPI [1]	result	0.03705253	0.00000512	0x10	0x0F
SPI [1]	result	0.03705781	0.00000512	0x80	0xFF
SPI [1]	result	0.03706309	0.00000512	0x0A	0xFF
SPI [1]	result	0.03761403	0.00000512	0x00	0x00
SPI [1]	result	0.03761931	0.00000512	0x00	0x00
SPI [1]	result	0.03762459	0.00000512	0x00	0x00
SPI [1]	result	0.03762987	0.00000512	0x00	0x00
SPI [1]	result	0.04023185	0.00000512	0x08	0x00
SPI [1]	result	0.04023713	0.00000512	0x00	0x00
SPI [1]	result	0.04024241	0.00000512	0x85	0x03
SPI [1]	result	0.04024769	0.00000512	0xA8	0xFF
SPI [1]	result	0.04038142	0.00000512	0x00	0x00
SPI [1]	result	0.04038670	0.00000512	0x00	0x00
SPI [1]	result	0.04039198	0.00000512	0x08	0x00
SPI [1]	result	0.04039726	0.00000512	0x20	0x14
SPI [1]	result	0.04050377	0.00000512	0x0E	0x00
SPI [1]	result	0.04050905	0.00000512	0x10	0x08
SPI [1]	result	0.04051433	0.00000512	0x80	0xFF
SPI [1]	result	0.04051961	0.00000512	0x12	0xFF
SPI [1]	result	0.04062323	0.00000512	0x00	0x00
SPI [1]	result	0.04062851	0.00000512	0x00	0x00
SPI [1]	result	0.04063379	0.00000512	0x00	0x00
SPI [1]	result	0.04063907	0.00000512	0x00	0x00
SPI [1]	result	0.04075337	0.00000512	0x08	0x00
SPI [1]	result	0.04075865	0.00000512	0x00	0x00
SPI [1]	result	0.04076393	0.00000512	0x88	0x07
SPI [1]	result	0.04076921	0.00000512	0x32	0xFF
SPI [1]	result	0.04131819	0.00000512	0x00	0x00
SPI [1]	result	0.04132347	0.00000512	0x00	0x00
SPI [1]	result	0.04132875	0.00000512	0x0C	0x00
SPI [1]	result	0.04133403	0.00000512	0x30	0x00
SPI [1]	result	0.04211329	0.00000512	0x0F	0x00
SPI [1]	result	0.04211857	0.00000512	0x10	0x00
SPI [1]	result	0.04212385	0.00000512	0x80	0x7F
SPI [1]	result	0.04212913	0.00000512	0x1A	0x1F
SPI [1]	result	0.04268322	0.00000512	0x00	0x00
SPI [1]	result	0.04268850	0.00000512	0x00	0x00
SPI [1]	result	0.04269378	0.00000512	0x0C	0x00
SPI [1]	result	0.04269906	0.00000512	0x72	0x03
SPI [1]	result	0.04347537	0.00000512	0x08	0x00
SPI [1]	result	0.04348065	0.00000512	0x00	0x00
SPI [1]	result	0.04348593	0.00000512	0x8C	0x03
SPI [1]	result	0.04349121	0.00000512	0x02	0xFB
SPI [1]	result	0.04406819	0.00000512	0x00	0x00
SPI [1]	result	0.04407347	0.00000512	0x00	0x00
SPI [1]	result	0.04407875	0.00000512	0x00	0x00
SPI [1]	result	0.04408403	0.00000512	0x00	0x00
SPI [1]	result	0.04464428	0.00000512	0x08	0x00
SPI [1]	result	0.04464956	0.00000512	0x00	0x00
SPI [1]	result	0.04465484	0.00000512	0x8C	0x03
SPI [1]	result	0.04466012	0.00000512	0x44	0xFF
SPI [1]	result	0.07979106	0.00000512	0x00	0x00
SPI [1]	result	0.07979634	0.00000512	0x00	0x00
SPI [1]	result	0.07980162	0.00000512	0x08	0x00
SPI [1]	result	0.07980690	0.00000512	0x20	0x00
SPI [1]	result	0.08058029	0.00000512	0x09	0x00
SPI [1]	result	0.08058557	0.00000512	0x10	0x0F
SPI [1]	result	0.08059085	0.00000512	0x80	0xFF
SPI [1]	result	0.08059613	0.00000512	0x2A	0xFF
SPI [1]	result	0.08115461	0.00000512	0x00	0x00
SPI [1]	result	0.08115989	0.00000512	0x00	0x00
SPI [1]	result	0.08116517	0.00000512	0x00	0x00
SPI [1]	result	0.08117045	0.00000512	0x00	0x00
SPI [1]	result	0.08171918	0.00000512	0x08	0x00
SPI [1]	result	0.08172446	0.00000512	0x00	0x00
SPI [1]	result	0.08172974	0.00000512	0x88	0x07
SPI [1]	result	0.08173502	0.00000512	0x32	0xBF
SPI [1]	result	0.14230614	0.00000512	0x00	0x00
SPI [1]	result	0.14231142	0.00000512	0x00	0x00
SPI [1]	result	0.14231670	0.00000512	0x08	0x00
SPI [1]	result	0.14232198	0.00000512	0x20	0x00
SPI [1]	result	0.14278299	0.00000512	0x0A	0x00
SPI [1]	result	0.14278827	0.00000512	0x10	0x0F
SPI [1]	result	0.14279355	0.00000512	0x80	0xFF
SPI [1]	result	0.14279883	0.00000512	0x32	0xFF
SPI [1]	result	0.14306720	0.00000512	0x00	0x00
SPI [1]	result	0.14307248	0.00000512	0x00	0x00
SPI [1]	result	0.14307776	0.00000512	0x00	0x00
SPI [1]	result	0.14308304	0.00000512	0x00	0x00
SPI [1]	result	0.14334719	0.00000512	0x08	0x00
SPI [1]	result	0.14335247	0.00000512	0x00	0x00
SPI [1]	result	0.14335775	0.00000512	0x88	0x07
SPI [1]	result	0.14336303	0.00000512	0x32	0xFF
SPI [1]	result	0.15716887	0.00000512	0x00	0x00
SPI [1]	result	0.15717415	0.00000512	0x00	0x00
SPI [1]	result	0.15717943	0.00000512	0x20	0x00
SPI [1]	result	0.15718471	0.00000512	0x04	0x02
SPI [1]	result	0.15766335	0.00000512	0x0B	0x00
SPI [1]	result	0.15766863	0.00000512	0x10	0x0F
SPI [1]	result	0.15767391	0.00000512	0x80	0xFF
SPI [1]	result	0.15767919	0.00000512	0x3A	0xFF
SPI [1]	result	0.15797034	0.00000512	0x00	0x00
SPI [1]	result	0.15797562	0.00000512	0x00	0x00
SPI [1]	result	0.15798090	0.00000512	0x3F	0x00
SPI [1]	result	0.15798618	0.00000512	0xC6	0x00
SPI [1]	result	0.15846416	0.00000512	0x0C	0x00
SPI [1]	result	0.15846944	0.00000512	0x00	0x00
SPI [1]	result	0.15847472	0.00000512	0xA0	0x1F
SPI [1]	result	0.15848000	0.00000512	0x36	0xFF
SPI [1]	result	0.15876611	0.00000512	0x00	0x00
SPI [1]	result	0.15877139	0.00000512	0x00	0x00
SPI [1]	result	0.15877667	0.00000512	0x00	0x00
SPI [1]	result	0.15878195	0.00000512	0x00	0x00
SPI [1]	result	0.15911151	0.00000512	0x08	0x00
SPI [1]	result	0.15911679	0.00000512	0x00	0x00
SPI [1]	result	0.15912207	0.00000512	0xBF	0x00
SPI [1]	result	0.15912735	0.00000512	0xD8	0x3F
SPI [1]	result	0.15933620	0.00000512	0x00	0x00
SPI [1]	result	0.15934148	0.00000512	0x02	0x00
SPI [1]	result	0.15934676	0.00000512	0x2A	0x0F
SPI [1]	result	0.15935204	0.00000512	0x2E	0xFF
SPI [1]	result	0.15979943	0.00000512	0x0D	0x00
SPI [1]	result	0.15980471	0.00000512	0x10	0x0F
SPI [1]	result	0.15980999	0.00000512	0x80	0xFF
SPI [1]	result	0.15981527	0.00000512	0x0A	0xFF
SPI [1]	result	0.16008431	0.00000512	0x00	0x00
SPI [1]	result	0.16008959	0.00000512	0x00	0x00
SPI [1]	result	0.16009487	0.00000512	0x3F	0x00
SPI [1]	result	0.16010015	0.00000512	0xC6	0x00
SPI [1]	result	0.16056538	0.00000512	0x0E	0x00
SPI [1]	result	0.16057066	0.00000512	0x00	0x00
SPI [1]	result	0.16057594	0.00000512	0xAA	0x1F
SPI [1]	result	0.16058122	0.00000512	0x2E	0xFF
SPI [1]	result	0.16086906	0.00000512	0x00	0x00
SPI [1]	result	0.16087434	0.00000512	0x00	0x00
SPI [1]	result	0.16087962	0.00000512	0x00	0x00
SPI [1]	result	0.16088490	0.00000512	0x00	0x00
SPI [1]	result	0.16115531	0.00000512	0x08	0x00
SPI [1]	result	0.16116059	0.00000512	0x00	0x00
SPI [1]	result	0.16116587	0.00000512	0xBF	0x10
SPI [1]	result	0.16117115	0.00000512	0xD8	0x3F
SPI [1]	result	0.18226816	0.00000512	0x00	0x00
SPI [1]	result	0.18227344	0.00000512	0x00	0x00
SPI [1]	result	0.18227872	0.00000512	0x08	0x00
SPI [1]	result	0.18228400	0.00000512	0x20	0x00
SPI [1]	result	0.18274702	0.00000512	0x0F	0x00
SPI [1]	result	0.18275230	0.00000512	0x10	0x00
SPI [1]	result	0.18275758	0.00000512	0x80	0x7F
SPI [1]	result	0.18276286	0.00000512	0x1A	0xDF
SPI [1]	result	0.18303414	0.00000512	0x00	0x00
SPI [1]	result	0.18303942	0.00000512	0x00	0x00
SPI [1]	result	0.18304470	0.00000512	0x00	0x00
SPI [1]	result	0.18304998	0.00000512	0x00	0x00
SPI [1]	result	0.18330928	0.00000512	0x08	0x00
SPI [1]	result	0.18331456	0.00000512	0x00	0x00
SPI [1]	result	0.18331984	0.00000512	0x88	0x07
SPI [1]	result	0.18332512	0.00000512	0x32	0xFF
SPI [1]	result	0.18360618	0.00000512	0x00	0x00
SPI [1]	result	0.18361146	0.00000512	0x00	0x00
SPI [1]	result	0.18361674	0.00000512	0x0C	0x00
SPI [1]	result	0.18362202	0.00000512	0xB2	0x7F
SPI [1]	result	0.18407910	0.00000512	0x08	0x00
SPI [1]	result	0.18408438	0.00000512	0x10	0x00
SPI [1]	result	0.18408966	0.00000512	0x80	0x7F
SPI [1]	result	0.18409494	0.00000512	0x22	0xBF
SPI [1]	result	0.18436417	0.00000512	0x00	0x00
SPI [1]	result	0.18436945	0.00000512	0x00	0x00
SPI [1]	result	0.18437473	0.00000512	0x0C	0x00
SPI [1]	result	0.18438001	0.00000512	0x30	0x00
SPI [1]	result	0.18482132	0.00000512	0x09	0x00
SPI [1]	result	0.18482660	0.00000512	0x00	0x00
SPI [1]	result	0.18483188	0.00000512	0x8C	0x7F
SPI [1]	result	0.18483716	0.00000512	0x8C	0xFF
SPI [1]	result	0.18511331	0.00000512	0x00	0x00
SPI [1]	result	0.18511859	0.00000512	0x00	0x00
SPI [1]	result	0.18512387	0.00000512	0x00	0x00
SPI [1]	result	0.18512915	0.00000512	0x00	0x00
SPI [1]	result	0.18540424	0.00000512	0x08	0x00
SPI [1]	result	0.18540952	0.00000512	0x00	0x00
SPI [1]	result	0.18541480	0.00000512	0x8C	0x03
SPI [1]	result	0.18542008	0.00000512	0x02	0xFF
SPI [1]	result	0.22228452	0.00000512	0x00	0x00
SPI [1]	result	0.22228980	0.00000512	0x00	0x00
SPI [1]	result	0.22229508	0.00000512	0x08	0x00
SPI [1]	result	0.22230036	0.00000512	0x20	0x00
SPI [1]	result	0.22275125	0.00000512	0x0A	0x00
SPI [1]	result	0.22275653	0.00000512	0x10	0x0F
SPI [1]	result	0.22276181	0.00000512	0x80	0xFF
SPI [1]	result	0.22276709	0.00000512	0x32	0xFF
SPI [1]	result	0.22302802	0.00000512	0x00	0x00
SPI [1]	result	0.22303330	0.00000512	0x00	0x00
SPI [1]	result	0.22303858	0.00000512	0x00	0x00
SPI [1]	result	0.22304386	0.00000512	0x00	0x00
SPI [1]	result	0.22330014	0.00000512	0x08	0x00
SPI [1]	result	0.22330542	0.00000512	0x00	0x00
SPI [1]	result	0.22331070	0.00000512	0x88	0x07
SPI [1]	result	0.22331598	0.00000512	0x32	0xFF
SPI [1]	result	0.26226968	0.00000512	0x00	0x00
SPI [1]	result	0.26227496	0.00000512	0x00	0x00
SPI [1]	result	0.26228024	0.00000512	0x08	0x00
SPI [1]	result	0.26228552	0.00000512	0x20	0x00
SPI [1]	result	0.26274002	0.00000512	0x0B	0x00
SPI [1]	result	0.26274530	0.00000512	0x10	0x0F
SPI [1]	result	0.26275058	0.00000512	0x80	0xFF
SPI [1]	result	0.26275586	0.00000512	0x3A	0xFF
SPI [1]	result	0.26301906	0.00000512	0x00	0x00
SPI [1]	result	0.26302434	0.00000512	0x00	0x00
SPI [1]	result	0.26302962	0.00000512	0x00	0x00
SPI [1]	result	0.26303490	0.00000512	0x00	0x00
SPI [1]	result	0.26330429	0.00000512	0x08	0x00
SPI [1]	result	0.26330957	0.00000512	0x00	0x00
SPI [1]	result	0.26331485	0.00000512	0x88	0x07
SPI [1]	result	0.26332013	0.00000512	0x32	0xFF
SPI [1]	result	0.30226769	0.00000512	0x00	0x00
SPI [1]	result	0.30227297	0.00000512	0x00	0x00
SPI [1]	result	0.30227825	0.00000512	0x08	0x00
SPI [1]	result	0.30228353	0.00000512	0x20	0x00
SPI [1]	result	0.30273627	0.00000512	0x0C	0x00
SPI [1]	result	0.30274155	0.00000512	0x10	0x00
SPI [1]	result	0.30274683	0.00000512	0x80	0x7E
SPI [1]	result	0.30275211	0.00000512	0x02	0x83
SPI [1]	result	0.30301420	0.00000512	0x00	0x00
SPI [1]	result	0.30301948	0.00000512	0x00	0x00
SPI [1]	result	0.30302476	0.00000512	0x00	0x00
SPI [1]	result	0.30303004	0.00000512	0x00	0x00
SPI [1]	result	0.30330297	0.00000512	0x08	0x00
SPI [1]	result	0.30330825	0.00000512	0x00	0x00
SPI [1]	result	0.30331353	0.00000512	0x88	0x07
SPI [1]	result	0.30331881	0.00000512	0x32	0xFF
SPI [1]	result	0.34226783	0.00000512	0x00	0x00
SPI [1]	result	0.34227311	0.00000512	0x00	0x00
SPI [1]	result	0.34227839	0.00000512	0x08	0x00
SPI [1]	result	0.34228367	0.00000512	0x20	0x10
SPI [1]	result	0.34273611	0.00000512	0x0D	0x00
SPI [1]	result	0.34274139	0.00000512	0x10	0x0F
SPI [1]	result	0.34274667	0.00000512	0x80	0xFF
SPI [1]	result	0.34275195	0.00000512	0x0A	0xFF
SPI [1]	result	0.34303119	0.00000512	0x00	0x00
SPI [1]	result	0.34303647	0.00000512	0x00	0x00
SPI [1]	result	0.34304175	0.00000512	0x00	0x00
SPI [1]	result	0.34304703	0.00000512	0x00	0x00
SPI [1]	result	0.34331522	0.00000512	0x08	0x00
SPI [1]	result	0.34332050	0.00000512	0x00	0x00
SPI [1]	result	0.34332578	0.00000512	0x88	0x07
SPI [1]	result	0.34333106	0.00000512	0x32	0xFF
SPI [1]	result	0.38226563	0.00000512	0x00	0x00
SPI [1]	result	0.38227091	0.00000512	0x00	0x00
SPI [1]	result	0.38227619	0.00000512	0x08	0x00
SPI [1]	result	0.38228147	0.00000512	0x20	0x00
SPI [1]	result	0.38273406	0.00000512	0x0E	0x00
SPI [1]	result	0.38273934	0.00000512	0x10	0x00
SPI [1]	result	0.38274462	0.00000512	0x80	0x7F
SPI [1]	result	0.38274990	0.00000512	0x12	0x9F
SPI [1]	result	0.38301804	0.00000512	0x00	0x00
SPI [1]	result	0.38302332	0.00000512	0x00	0x00
SPI [1]	result	0.38302860	0.00000512	0x00	0x00
SPI [1]	result	0.38303388	0.00000512	0x00	0x00
SPI [1]	result	0.38330706	0.00000512	0x08	0x00
SPI [1]	result	0.38331234	0.00000512	0x00	0x00
SPI [1]	result	0.38331762	0.00000512	0x88	0x07
SPI [1]	result	0.38332290	0.00000512	0x32	0xFF
SPI [1]	result	0.42227140	0.00000512	0x00	0x00
SPI [1]	result	0.42227668	0.00000512	0x00	0x00
SPI [1]	result	0.42228196	0.00000512	0x08	0x00
SPI [1]	result	0.42228724	0.00000512	0x20	0x00
SPI [1]	result	0.42275394	0.00000512	0x0F	0x00
SPI [1]	result	0.42275922	0.00000512	0x10	0x00
SPI [1]	result	0.42276450	0.00000512	0x80	0x7F
SPI [1]	result	0.42276978	0.00000512	0x1A	0xFF
SPI [1]	result	0.42304205	0.00000512	0x00	0x00
SPI [1]	result	0.42304733	0.00000512	0x00	0x00
SPI [1]	result	0.42305261	0.00000512	0x00	0x00
SPI [1]	result	0.42305789	0.00000512	0x00	0x00
SPI [1]	result	0.42331620	0.00000512	0x08	0x00
SPI [1]	result	0.42332148	0.00000512	0x00	0x00
SPI [1]	result	0.42332676	0.00000512	0x88	0x07
SPI [1]	result	0.42333204	0.00000512	0x32	0xFF
SPI [1]	result	0.46225988	0.00000512	0x00	0x00
SPI [1]	result	0.46226516	0.00000512	0x00	0x00
SPI [1]	result	0.46227044	0.00000512	0x08	0x00
SPI [1]	result	0.46227572	0.00000512	0x20	0x00
SPI [1]	result	0.46272838	0.00000512	0x08	0x00
SPI [1]	result	0.46273366	0.00000512	0x10	0x00
SPI [1]	result	0.46273894	0.00000512	0x80	0x7E
SPI [1]	result	0.46274422	0.00000512	0x22	0x7F
SPI [1]	result	0.46300504	0.00000512	0x00	0x00
SPI [1]	result	0.46301032	0.00000512	0x00	0x00
SPI [1]	result	0.46301560	0.00000512	0x00	0x00
SPI [1]	result	0.46302088	0.00000512	0x00	0x00
SPI [1]	result	0.46327844	0.00000512	0x08	0x00
SPI [1]	result	0.46328372	0.00000512	0x00	0x00
SPI [1]	result	0.46328900	0.00000512	0x88	0x07
SPI [1]	result	0.46329428	0.00000512	0x32	0xFF
SPI [1]	result	0.50224822	0.00000512	0x00	0x00
SPI [1]	result	0.50225350	0.00000512	0x00	0x00
SPI [1]	result	0.50225878	0.00000512	0x08	0x00
SPI [1]	result	0.50226406	0.00000512	0x20	0x00
SPI [1]	result	0.50271200	0.00000512	0x09	0x00
SPI [1]	result	0.50271728	0.00000512	0x10	0x0F
SPI [1]	result	0.50272256	0.00000512	0x80	0xFF
SPI [1]	result	0.50272784	0.00000512	0x2A	0xFF
SPI [1]	result	0.50298696	0.00000512	0x00	0x00
SPI [1]	result	0.50299224	0.00000512	0x00	0x00
SPI [1]	result	0.50299752	0.00000512	0x00	0x00
SPI [1]	result	0.50300280	0.00000512	0x00	0x00
SPI [1]	result	0.50325695	0.00000512	0x08	0x00
SPI [1]	result	0.50326223	0.00000512	0x00	0x00
SPI [1]	result	0.50326751	0.00000512	0x88	0x07
SPI [1]	result	0.50327279	0.00000512	0x32	0xFF
SPI [1]	result	0.54226501	0.00000512	0x00	0x00
SPI [1]	result	0.54227029	0.00000512	0x00	0x00
SPI [1]	result	0.54227557	0.00000512	0x08	0x00
SPI [1]	result	0.54228085	0.00000512	0x20	0x00
SPI [1]	result	0.54273426	0.00000512	0x0A	0x00
SPI [1]	result	0.54273954	0.00000512	0x10	0x0F
SPI [1]	result	0.54274482	0.00000512	0x80	0xFF
SPI [1]	result	0.54275010	0.00000512	0x32	0xFF
SPI [1]	result	0.54301195	0.00000512	0x00	0x00
SPI [1]	result	0.54301723	0.00000512	0x00	0x00
SPI [1]	result	0.54302251	0.00000512	0x00	0x00
SPI [1]	result	0.54302779	0.00000512	0x00	0x00
SPI [1]	result	0.54328203	0.00000512	0x08	0x00
SPI [1]	result	0.54328731	0.00000512	0x00	0x00
SPI [1]	result	0.54329259	0.00000512	0x88	0x07
SPI [1]	result	0.54329787	0.00000512	0x32	0xFF
SPI [1]	result	0.54356795	0.00000512	0x00	0x00
SPI [1]	result	0.54357323	0.00000512	0x00	0x00
SPI [1]	result	0.54357851	0.00000512	0x0C	0x00
SPI [1]	result	0.54358379	0.00000512	0x72	0x03
SPI [1]	result	0.54402105	0.00000512	0x0B	0x00
SPI [1]	result	0.54402633	0.00000512	0x10	0x0F
SPI [1]	result	0.54403161	0.00000512	0x80	0xFF
SPI [1]	result	0.54403689	0.00000512	0x3A	0xFF
SPI [1]	result	0.54429320	0.00000512	0x00	0x00
SPI [1]	result	0.54429848	0.00000512	0x00	0x00
SPI [1]	result	0.54430376	0.00000512	0x00	0x00
SPI [1]	result	0.54430904	0.00000512	0x00	0x00
SPI [1]	result	0.54456292	0.00000512	0x08	0x00
SPI [1]	result	0.54456820	0.00000512	0x00	0x00
SPI [1]	result	0.54457348	0.00000512	0x8C	0x03
SPI [1]	result	0.54457876	0.00000512	0x44	0xFF
SPI [1]	result	0.56468644	0.00000512	0x00	0x00
SPI [1]	result	0.56469172	0.00000512	0x00	0x00
SPI [1]	result	0.56469700	0.00000512	0x0F	0x00
SPI [1]	result	0.56470228	0.00000512	0xC0	0x00
SPI [1]	result	0.56514500	0.00000512	0x0C	0x00
SPI [1]	result	0.56515028	0.00000512	0x10	0x00
SPI [1]	result	0.56515556	0.00000512	0x80	0x7E
SPI [1]	result	0.56516084	0.00000512	0x02	0xC3
SPI [1]	result	0.56541901	0.00000512	0x00	0x00
SPI [1]	result	0.56542429	0.00000512	0x01	0x00
SPI [1]	result	0.56542957	0.00000512	0x09	0x01
SPI [1]	result	0.56543485	0.00000512	0x04	0xFF
SPI [1]	result	0.56587008	0.00000512	0x0D	0x00
SPI [1]	result	0.56587536	0.00000512	0x00	0x00
SPI [1]	result	0.56588064	0.00000512	0x8F	0x7F
SPI [1]	result	0.56588592	0.00000512	0xFA	0xFF
SPI [1]	result	0.56615095	0.00000512	0x00	0x00
SPI [1]	result	0.56615623	0.00000512	0x01	0x00
SPI [1]	result	0.56616151	0.00000512	0x08	0x04
SPI [1]	result	0.56616679	0.00000512	0x42	0x7F
SPI [1]	result	0.56660297	0.00000512	0x0E	0x00
SPI [1]	result	0.56660825	0.00000512	0x00	0x00
SPI [1]	result	0.56661353	0.00000512	0x89	0x07
SPI [1]	result	0.56661881	0.00000512	0x26	0xFF
SPI [1]	result	0.56688290	0.00000512	0x00	0x00
SPI [1]	result	0.56688818	0.00000512	0x01	0x00
SPI [1]	result	0.56689346	0.00000512	0x08	0x00
SPI [1]	result	0.56689874	0.00000512	0x82	0x7F
SPI [1]	result	0.56733815	0.00000512	0x0F	0x00
SPI [1]	result	0.56734343	0.00000512	0x00	0x00
SPI [1]	result	0.56734871	0.00000512	0x88	0x27
SPI [1]	result	0.56735399	0.00000512	0x6C	0xFF
SPI [1]	result	0.56761993	0.00000512	0x00	0x00
SPI [1]	result	0.56762521	0.00000512	0x00	0x00
SPI [1]	result	0.56763049	0.00000512	0x09	0x00
SPI [1]	result	0.56763577	0.00000512	0xE8	0x1F
SPI [1]	result	0.56807222	0.00000512	0x08	0x00
SPI [1]	result	0.56807750	0.00000512	0x00	0x00
SPI [1]	result	0.56808278	0.00000512	0x88	0x07
SPI [1]	result	0.56808806	0.00000512	0xB4	0xFF
SPI [1]	result	0.56835093	0.00000512	0x00	0x00
SPI [1]	result	0.56835621	0.00000512	0x00	0x00
SPI [1]	result	0.56836149	0.00000512	0x00	0x00
SPI [1]	result	0.56836677	0.00000512	0x00	0x00
SPI [1]	result	0.56862201	0.00000512	0x08	0x00
SPI [1]	result	0.56862729	0.00000512	0x00	0x00
SPI [1]	result	0.56863257	0.00000512	0x89	0x07
SPI [1]	result	0.56863785	0.00000512	0xFA	0xFF
SPI [1]	result	0.56891013	0.00000512	0x00	0x00
SPI [1]	result	0.56891541	0.00000512	0x00	0x00
SPI [1]	result	0.56892069	0.00000512	0x09	0x00
SPI [1]	result	0.56892597	0.00000512	0xA6	0x7F
SPI [1]	result	0.56937010	0.00000512	0x09	0x00
SPI [1]	result	0.56937538	0.00000512	0x10	0x0F
SPI [1]	result	0.56938066	0.00000512	0x80	0xFF
SPI [1]	result	0.56938594	0.00000512	0x2A	0xFF
SPI [1]	result	0.56964516	0.00000512	0x00	0x00
SPI [1]	result	0.56965044	0.00000512	0x00	0x00
SPI [1]	result	0.56965572	0.00000512	0x00	0x00
SPI [1]	result	0.56966100	0.00000512	0x00	0x00
SPI [1]	result	0.56992210	0.00000512	0x08	0x00
SPI [1]	result	0.56992738	0.00000512	0x00	0x00
SPI [1]	result	0.56993266	0.00000512	0x89	0x07
SPI [1]	result	0.56993794	0.00000512	0xB8	0xFF
SPI [1]	result	0.57020620	0.00000512	0x80	0x00
SPI [1]	result	0.57021148	0.00000512	0x02	0x00
SPI [1]	result	0.57021676	0.00000512	0x28	0x1F
SPI [1]	result	0.57022204	0.00000512	0x06	0xFF
SPI [1]	result	0.57066004	0.00000512	0x0A	0x00
SPI [1]	result	0.57066532	0.00000512	0x10	0x0F
SPI [1]	result	0.57067060	0.00000512	0x80	0xFF
SPI [1]	result	0.57067588	0.00000512	0x32	0xFF
SPI [1]	result	0.57093397	0.00000512	0x7F	0x00
SPI [1]	result	0.57093925	0.00000512	0xFF	0x00
SPI [1]	result	0.57094453	0.00000512	0x15	0x07
SPI [1]	result	0.57094981	0.00000512	0x10	0xFF
SPI [1]	result	0.57138596	0.00000512	0x0B	0x00
SPI [1]	result	0.57139124	0.00000512	0x00	0x00
SPI [1]	result	0.57139652	0.00000512	0xA8	0x7F
SPI [1]	result	0.57140180	0.00000512	0x0E	0xFF
SPI [1]	result	0.57166508	0.00000512	0x01	0x00
SPI [1]	result	0.57167036	0.00000512	0x23	0x01
SPI [1]	result	0.57167564	0.00000512	0x15	0xFF
SPI [1]	result	0.57168092	0.00000512	0x62	0xFF
SPI [1]	result	0.57211591	0.00000512	0x0C	0x00
SPI [1]	result	0.57212119	0.00000512	0x00	0x00
SPI [1]	result	0.57212647	0.00000512	0x95	0x0F
SPI [1]	result	0.57213175	0.00000512	0x08	0xFF
SPI [1]	result	0.57239398	0.00000512	0x0A	0x00
SPI [1]	result	0.57239926	0.00000512	0x00	0x00
SPI [1]	result	0.57240454	0.00000512	0x15	0x0F
SPI [1]	result	0.57240982	0.00000512	0xAA	0xFF
SPI [1]	result	0.57284622	0.00000512	0x0D	0x00
SPI [1]	result	0.57285150	0.00000512	0x00	0x00
SPI [1]	result	0.57285678	0.00000512	0x95	0x7F
SPI [1]	result	0.57286206	0.00000512	0x52	0xFF
SPI [1]	result	0.57312314	0.00000512	0x00	0x00
SPI [1]	result	0.57312842	0.00000512	0x00	0x00
SPI [1]	result	0.57313370	0.00000512	0x3F	0x00
SPI [1]	result	0.57313898	0.00000512	0xC6	0x01
SPI [1]	result	0.57357413	0.00000512	0x0E	0x00
SPI [1]	result	0.57357941	0.00000512	0x00	0x00
SPI [1]	result	0.57358469	0.00000512	0x95	0x0F
SPI [1]	result	0.57358997	0.00000512	0x9A	0xFF
SPI [1]	result	0.57385197	0.00000512	0x00	0x00
SPI [1]	result	0.57385725	0.00000512	0x00	0x00
SPI [1]	result	0.57386253	0.00000512	0x00	0x00
SPI [1]	result	0.57386781	0.00000512	0x00	0x00
SPI [1]	result	0.57412400	0.00000512	0x08	0x00
SPI [1]	result	0.57412928	0.00000512	0x00	0x00
SPI [1]	result	0.57413456	0.00000512	0xBF	0x00
SPI [1]	result	0.57413984	0.00000512	0xD8	0x3F
SPI [1]	result	0.58221578	0.00000512	0x00	0x00
SPI [1]	result	0.58222106	0.00000512	0x00	0x00
SPI [1]	result	0.58222634	0.00000512	0x08	0x00
SPI [1]	result	0.58223162	0.00000512	0x20	0x00
SPI [1]	result	0.58266810	0.00000512	0x0F	0x00
SPI [1]	result	0.58267338	0.00000512	0x10	0x00
SPI [1]	result	0.58267866	0.00000512	0x80	0x7F
SPI [1]	result	0.58268394	0.00000512	0x1A	0xDF
SPI [1]	result	0.58294041	0.00000512	0x00	0x00
SPI [1]	result	0.58294569	0.00000512	0x00	0x00
SPI [1]	result	0.58295097	0.00000512	0x00	0x00
SPI [1]	result	0.58295625	0.00000512	0x00	0x00
SPI [1]	result	0.58321114	0.00000512	0x08	0x00
SPI [1]	result	0.58321642	0.00000512	0x00	0x00
SPI [1]	result	0.58322170	0.00000512	0x88	0x07
SPI [1]	result	0.58322698	0.00000512	0x32	0xFF
SPI [1]	result	0.60844658	0.00000512	0x00	0x00
SPI [1]	result	0.60845186	0.00000512	0x00	0x00
SPI [1]	result	0.60845714	0.00000512	0x0F	0x00
SPI [1]	result	0.60846242	0.00000512	0xC0	0x00
SPI [1]	result	0.60890122	0.00000512	0x08	0x00
SPI [1]	result	0.60890650	0.00000512	0x10	0x00
SPI [1]	result	0.60891178	0.00000512	0x80	0x7F
SPI [1]	result	0.60891706	0.00000512	0x22	0xFF
SPI [1]	result	0.60917400	0.00000512	0x00	0x00
SPI [1]	result	0.60917928	0.00000512	0x00	0x00
SPI [1]	result	0.60918456	0.00000512	0x00	0x00
SPI [1]	result	0.60918984	0.00000512	0x00	0x00
SPI [1]	result	0.60944403	0.00000512	0x08	0x00
SPI [1]	result	0.60944931	0.00000512	0x00	0x00
SPI [1]	result	0.60945459	0.00000512	0x8F	0x00
SPI [1]	result	0.60945987	0.00000512	0xD2	0x3F
SPI [1]	result	0.60972397	0.00000512	0x00	0x00
SPI [1]	result	0.60972925	0.00000512	0x00	0x00
SPI [1]	result	0.60973453	0.00000512	0x09	0x00
SPI [1]	result	0.60973981	0.00000512	0xE8	0x1F
SPI [1]	result	0.61017592	0.00000512	0x09	0x00
SPI [1]	result	0.61018120	0.00000512	0x10	0x0F
SPI [1]	result	0.61018648	0.00000512	0x80	0xFF
SPI [1]	result	0.61019176	0.00000512	0x2A	0xFF
SPI [1]	result	0.61044820	0.00000512	0x00	0x00
SPI [1]	result	0.61045348	0.00000512	0x00	0x00
SPI [1]	result	0.61045876	0.00000512	0x00	0x00
SPI [1]	result	0.61046404	0.00000512	0x00	0x00
SPI [1]	result	0.61071819	0.00000512	0x08	0x00
SPI [1]	result	0.61072347	0.00000512	0x00	0x00
SPI [1]	result	0.61072875	0.00000512	0x89	0x07
SPI [1]	result	0.61073403	0.00000512	0xFA	0xFF
SPI [1]	result	0.61099604	0.00000512	0x00	0x00
SPI [1]	result	0.61100132	0.00000512	0x01	0x00
SPI [1]	result	0.61100660	0.00000512	0x08	0x04
SPI [1]	result	0.61101188	0.00000512	0x42	0x7F
SPI [1]	result	0.61144813	0.00000512	0x0A	0x00
SPI [1]	result	0.61145341	0.00000512	0x10	0x0F
SPI [1]	result	0.61145869	0.00000512	0x80	0xFF
SPI [1]	result	0.61146397	0.00000512	0x32	0xFF
SPI [1]	result	0.61172020	0.00000512	0x00	0x00
SPI [1]	result	0.61172548	0.00000512	0x00	0x00
SPI [1]	result	0.61173076	0.00000512	0x00	0x00
SPI [1]	result	0.61173604	0.00000512	0x00	0x00
SPI [1]	result	0.61198991	0.00000512	0x08	0x00
SPI [1]	result	0.61199519	0.00000512	0x00	0x00
SPI [1]	result	0.61200047	0.00000512	0x88	0x07
SPI [1]	result	0.61200575	0.00000512	0x74	0xFF
SPI [1]	result	0.61314919	0.00000512	0x00	0x00
SPI [1]	result	0.61315447	0.00000512	0x00	0x00
SPI [1]	result	0.61315975	0.00000512	0x2A	0x07
SPI [1]	result	0.61316503	0.00000512	0x6E	0xFF
SPI [1]	result	0.61362408	0.00000512	0x0B	0x00
SPI [1]	result	0.61362936	0.00000512	0x10	0x0F
SPI [1]	result	0.61363464	0.00000512	0x80	0xFF
SPI [1]	result	0.61363992	0.00000512	0x3A	0xFF
SPI [1]	result	0.61391218	0.00000512	0x00	0x00
SPI [1]	result	0.61391746	0.00000512	0x00	0x00
SPI [1]	result	0.61392274	0.00000512	0x3F	0x00
SPI [1]	result	0.61392802	0.00000512	0xC6	0x01
SPI [1]	result	0.61438298	0.00000512	0x0C	0x00
SPI [1]	result	0.61438826	0.00000512	0x00	0x00
SPI [1]	result	0.61439354	0.00000512	0xAA	0x1F
SPI [1]	result	0.61439882	0.00000512	0x60	0xFF
SPI [1]	result	0.61468797	0.00000512	0x00	0x00
SPI [1]	result	0.61469325	0.00000512	0x00	0x00
SPI [1]	result	0.61469853	0.00000512	0x00	0x00
SPI [1]	result	0.61470381	0.00000512	0x00	0x00
SPI [1]	result	0.61497396	0.00000512	0x08	0x00
SPI [1]	result	0.61497924	0.00000512	0x00	0x00
SPI [1]	result	0.61498452	0.00000512	0xBF	0x10
SPI [1]	result	0.61498980	0.00000512	0xD8	0x3F
SPI [1]	result	0.62225296	0.00000512	0x00	0x00
SPI [1]	result	0.62225824	0.00000512	0x00	0x00
SPI [1]	result	0.62226352	0.00000512	0x08	0x00
SPI [1]	result	0.62226880	0.00000512	0x20	0x00
SPI [1]	result	0.62271707	0.00000512	0x0D	0x00
SPI [1]	result	0.62272235	0.00000512	0x10	0x0F
SPI [1]	result	0.62272763	0.00000512	0x80	0xFF
SPI [1]	result	0.62273291	0.00000512	0x0A	0xFF
SPI [1]	result	0.62299218	0.00000512	0x00	0x00
SPI [1]	result	0.62299746	0.00000512	0x00	0x00
SPI [1]	result	0.62300274	0.00000512	0x00	0x00
SPI [1]	result	0.62300802	0.00000512	0x00	0x00
SPI [1]	result	0.62326209	0.00000512	0x08	0x00
SPI [1]	result	0.62326737	0.00000512	0x00	0x00
SPI [1]	result	0.62327265	0.00000512	0x88	0x07
SPI [1]	result	0.62327793	0.00000512	0x32	0xFF
SPI [1]	result	0.64141586	0.00000512	0x00	0x00
SPI [1]	result	0.64142114	0.00000512	0x04	0x00
SPI [1]	result	0.64142642	0.00000512	0x2A	0x0F
SPI [1]	result	0.64143170	0.00000512	0x72	0xFF
SPI [1]	result	0.64189011	0.00000512	0x0E	0x00
SPI [1]	result	0.64189539	0.00000512	0x10	0x00
SPI [1]	result	0.64190067	0.00000512	0x80	0x7F
SPI [1]	result	0.64190595	0.00000512	0x12	0xFF
SPI [1]	result	0.64217797	0.00000512	0x00	0x00
SPI [1]	result	0.64218325	0.00000512	0x00	0x00
SPI [1]	result	0.64218853	0.00000512	0x3F	0x00
SPI [1]	result	0.64219381	0.00000512	0xC6	0x00
SPI [1]	result	0.64263710	0.00000512	0x0F	0x00
SPI [1]	result	0.64264238	0.00000512	0x00	0x00
SPI [1]	result	0.64264766	0.00000512	0xAA	0x1F
SPI [1]	result	0.64265294	0.00000512	0x78	0xFF
SPI [1]	result	0.64293602	0.00000512	0x00	0x00
SPI [1]	result	0.64294130	0.00000512	0x00	0x00
SPI [1]	result	0.64294658	0.00000512	0x00	0x00
SPI [1]	result	0.64295186	0.00000512	0x00	0x00
SPI [1]	result	0.64322399	0.00000512	0x08	0x00
SPI [1]	result	0.64322927	0.00000512	0x00	0x00
SPI [1]	result	0.64323455	0.00000512	0xBF	0x00
SPI [1]	result	0.64323983	0.00000512	0xD8	0x3F
SPI [1]	result	0.68335990	0.00000512	0x00	0x00
SPI [1]	result	0.68336518	0.00000512	0x00	0x00
SPI [1]	result	0.68337046	0.00000512	0x08	0x00
SPI [1]	result	0.68337574	0.00000512	0x20	0x00
SPI [1]	result	0.68382231	0.00000512	0x08	0x00
SPI [1]	result	0.68382759	0.00000512	0x10	0x00
SPI [1]	result	0.68383287	0.00000512	0x80	0x7E
SPI [1]	result	0.68383815	0.00000512	0x22	0x3F
SPI [1]	result	0.68424028	0.00000512	0x00	0x00
SPI [1]	result	0.68424556	0.00000512	0x00	0x00
SPI [1]	result	0.68425084	0.00000512	0x09	0x00
SPI [1]	result	0.68425612	0.00000512	0xA6	0x3F
SPI [1]	result	0.68465551	0.00000512	0x09	0x00
SPI [1]	result	0.68466079	0.00000512	0x00	0x00
SPI [1]	result	0.68466607	0.00000512	0x88	0x7F
SPI [1]	result	0.68467135	0.00000512	0x3A	0xFF
SPI [1]	result	0.68507016	0.00000512	0x00	0x00
SPI [1]	result	0.68507544	0.00000512	0x00	0x00
SPI [1]	result	0.68508072	0.00000512	0x00	0x00
SPI [1]	result	0.68508600	0.00000512	0x00	0x00
SPI [1]	result	0.68548552	0.00000512	0x08	0x00
SPI [1]	result	0.68549080	0.00000512	0x00	0x00
SPI [1]	result	0.68549608	0.00000512	0x89	0x07
SPI [1]	result	0.68550136	0.00000512	0xB8	0xFF
SPI [1]	result	0.72335475	0.00000512	0x00	0x00
SPI [1]	result	0.72336003	0.00000512	0x00	0x00
SPI [1]	result	0.72336531	0.00000512	0x08	0x00
SPI [1]	result	0.72337059	0.00000512	0x20	0x00
SPI [1]	result	0.72381740	0.00000512	0x0A	0x00
SPI [1]	result	0.72382268	0.00000512	0x10	0x0F
SPI [1]	result	0.72382796	0.00000512	0x80	0xFF
SPI [1]	result	0.72383324	0.00000512	0x32	0xFF
SPI [1]	result	0.72423448	0.00000512	0x00	0x00
SPI [1]	result	0.72423976	0.00000512	0x00	0x00
SPI [1]	result	0.72424504	0.00000512	0x00	0x00
SPI [1]	result	0.72425032	0.00000512	0x00	0x00
SPI [1]	result	0.72464969	0.00000512	0x08	0x00
SPI [1]	result	0.72465497	0.00000512	0x00	0x00
SPI [1]	result	0.72466025	0.00000512	0x88	0x07
SPI [1]	result	0.72466553	0.00000512	0x32	0xBF
SPI [1]	result	0.76333720	0.00000512	0x00	0x00
SPI [1]	result	0.76334248	0.00000512	0x00	0x00
SPI [1]	result	0.76334776	0.00000512	0x08	0x00
SPI [1]	result	0.76335304	0.00000512	0x20	0x00
SPI [1]	result	0.76375504	0.00000512	0x0B	0x00
SPI [1]	result	0.76376032	0.00000512	0x10	0x0F
SPI [1]	result	0.76376560	0.00000512	0x80	0xFF
SPI [1]	result	0.76377088	0.00000512	0x3A	0xFF
SPI [1]	result	0.76417118	0.00000512	0x00	0x00
SPI [1]	result	0.76417646	0.00000512	0x00	0x00
SPI [1]	result	0.76418174	0.00000512	0x00	0x00
SPI [1]	result	0.76418702	0.00000512	0x00	0x00
SPI [1]	result	0.76458629	0.00000512	0x08	0x00
SPI [1]	result	0.76459157	0.00000512	0x00	0x00
SPI [1]	result	0.76459685	0.00000512	0x88	0x06
SPI [1]	result	0.76460213	0.00000512	0x32	0xFF
SPI [1]	result	0.80334164	0.00000512	0x00	0x00
SPI [1]	result	0.80334692	0.00000512	0x00	0x00
SPI [1]	result	0.80335220	0.00000512	0x08	0x00
SPI [1]	result	0.80335748	0.00000512	0x20	0x00
SPI [1]	result	0.80377335	0.00000512	0x0C	0x00
SPI [1]	result	0.80377863	0.00000512	0x10	0x00
SPI [1]	result	0.80378391	0.00000512	0x80	0x7F
SPI [1]	result	0.80378919	0.00000512	0x02	0x83
SPI [1]	result	0.80418730	0.00000512	0x00	0x00
SPI [1]	result	0.80419258	0.00000512	0x00	0x00
SPI [1]	result	0.80419786	0.00000512	0x09	0x00
SPI [1]	result	0.80420314	0.00000512	0xA6	0x3F
SPI [1]	result	0.80460286	0.00000512	0x0D	0x00
SPI [1]	result	0.80460814	0.00000512	0x00	0x00
SPI [1]	result	0.80461342	0.00000512	0x88	0x7F
SPI [1]	result	0.80461870	0.00000512	0x1A	0xFF
SPI [1]	result	0.80501831	0.00000512	0x00	0x00
SPI [1]	result	0.80502359	0.00000512	0x00	0x00
SPI [1]	result	0.80502887	0.00000512	0x00	0x00
SPI [1]	result	0.80503415	0.00000512	0x00	0x00
SPI [1]	result	0.80543370	0.00000512	0x08	0x00
SPI [1]	result	0.80543898	0.00000512	0x00	0x00
SPI [1]	result	0.80544426	0.00000512	0x89	0x07
SPI [1]	result	0.80544954	0.00000512	0xB8	0xFF
SPI [1]	result	0.84333606	0.00000512	0x00	0x00
SPI [1]	result	0.84334134	0.00000512	0x00	0x00
SPI [1]	result	0.84334662	0.00000512	0x08	0x00
SPI [1]	result	0.84335190	0.00000512	0x20	0x00
SPI [1]	result	0.84376255	0.00000512	0x0E	0x00
SPI [1]	result	0.84376783	0.00000512	0x10	0x00
SPI [1]	result	0.84377311	0.00000512	0x80	0x7F
SPI [1]	result	0.84377839	0.00000512	0x12	0xDF
SPI [1]	result	0.84418218	0.00000512	0x00	0x00
SPI [1]	result	0.84418746	0.00000512	0x00	0x00
SPI [1]	result	0.84419274	0.00000512	0x00	0x00
SPI [1]	result	0.84419802	0.00000512	0x00	0x00
SPI [1]	result	0.84459933	0.00000512	0x08	0x00
SPI [1]	result	0.84460461	0.00000512	0x00	0x00
SPI [1]	result	0.84460989	0.00000512	0x88	0x07
SPI [1]	result	0.84461517	0.00000512	0x32	0xFF
SPI [1]	result	0.88333533	0.00000512	0x00	0x00
SPI [1]	result	0.88334061	0.00000512	0x00	0x00
SPI [1]	result	0.88334589	0.00000512	0x08	0x00
SPI [1]	result	0.88335117	0.00000512	0x20	0x10
SPI [1]	result	0.88375530	0.00000512	0x0F	0x00
SPI [1]	result	0.88376058	0.00000512	0x10	0x00
SPI [1]	result	0.88376586	0.00000512	0x80	0x7F
SPI [1]	result	0.88377114	0.00000512	0x1A	0xFF
SPI [1]	result	0.88417225	0.00000512	0x00	0x00
SPI [1]	result	0.88417753	0.00000512	0x00	0x00
SPI [1]	result	0.88418281	0.00000512	0x00	0x00
SPI [1]	result	0.88418809	0.00000512	0x00	0x00
SPI [1]	result	0.88458951	0.00000512	0x08	0x00
SPI [1]	result	0.88459479	0.00000512	0x00	0x00
SPI [1]	result	0.88460007	0.00000512	0x88	0x07
SPI [1]	result	0.88460535	0.00000512	0x32	0xFF
SPI [1]	result	0.92334840	0.00000512	0x00	0x00
SPI [1]	result	0.92335368	0.00000512	0x00	0x00
SPI [1]	result	0.92335896	0.00000512	0x08	0x00
SPI [1]	result	0.92336424	0.00000512	0x20	0x00
SPI [1]	result	0.92380414	0.00000512	0x08	0x00
SPI [1]	result	0.92380942	0.00000512	0x10	0x00
SPI [1]	result	0.92381470	0.00000512	0x80	0x7E
SPI [1]	result	0.92381998	0.00000512	0x22	0xBF
SPI [1]	result	0.92422359	0.00000512	0x00	0x00
SPI [1]	result	0.92422887	0.00000512	0x00	0x00
SPI [1]	result	0.92423415	0.00000512	0x09	0x00
SPI [1]	result	0.92423943	0.00000512	0xA6	0x3F
SPI [1]	result	0.92463852	0.00000512	0x09	0x00
SPI [1]	result	0.92464380	0.00000512	0x00	0x00
SPI [1]	result	0.92464908	0.00000512	0x88	0x7F
SPI [1]	result	0.92465436	0.00000512	0x3A	0xFF
SPI [1]	result	0.92505517	0.00000512	0x00	0x00
SPI [1]	result	0.92506045	0.00000512	0x00	0x00
SPI [1]	result	0.92506573	0.00000512	0x00	0x00
SPI [1]	result	0.92507101	0.00000512	0x00	0x00
SPI [1]	result	0.92547390	0.00000512	0x08	0x00
SPI [1]	result	0.92547918	0.00000512	0x00	0x00
SPI [1]	result	0.92548446	0.00000512	0x89	0x07
SPI [1]	result	0.92548974	0.00000512	0xB8	0xFF
SPI [1]	result	0.96333537	0.00000512	0x00	0x00
SPI [1]	result	0.96334065	0.00000512	0x00	0x00
SPI [1]	result	0.96334593	0.00000512	0x08	0x00
SPI [1]	result	0.96335121	0.00000512	0x20	0x00
SPI [1]	result	0.96375747	0.00000512	0x0A	0x00
SPI [1]	result	0.96376275	0.00000512	0x10	0x0F
SPI [1]	result	0.96376803	0.00000512	0x80	0xFF
SPI [1]	result	0.96377331	0.00000512	0x32	0xFF
SPI [1]	result	0.96417221	0.00000512	0x00	0x00
SPI [1]	result	0.96417749	0.00000512	0x00	0x00
SPI [1]	result	0.96418277	0.00000512	0x00	0x00
SPI [1]	result	0.96418805	0.00000512	0x00	0x00
SPI [1]	result	0.96459022	0.00000512	0x08	0x00
SPI [1]	result	0.96459550	0.00000512	0x00	0x00
SPI [1]	result	0.96460078	0.00000512	0x88	0x07
SPI [1]	result	0.96460606	0.00000512	0x32	0xFF
SPI [1]	result	1.00333177	0.00000512	0x00	0x00
SPI [1]	result	1.00333705	0.00000512	0x00	0x00
SPI [1]	result	1.00334233	0.00000512	0x08	0x00
SPI [1]	result	1.00334761	0.00000512	0x20	0x00
SPI [1]	result	1.00374942	0.00000512	0x0B	0x00
SPI [1]	result	1.00375470	0.00000512	0x10	0x0F
SPI [1]	result	1.00375998	0.00000512	0x80	0xFF
SPI [1]	result	1.00376526	0.00000512	0x3A	0xFF
SPI [1]	result	1.00416723	0.00000512	0x00	0x00
SPI [1]	result	1.00417251	0.00000512	0x00	0x00
SPI [1]	result	1.00417779	0.00000512	0x00	0x00
SPI [1]	result	1.00418307	0.00000512	0x00	0x00
SPI [1]	result	1.00458447	0.00000512	0x08	0x00
SPI [1]	result	1.00458975	0.00000512	0x00	0x00
SPI [1]	result	1.00459503	0.00000512	0x88	0x07
SPI [1]	result	1.00460031	0.00000512	0x32	0xFF
SPI [1]	result	1.04333425	0.00000512	0x00	0x00
SPI [1]	result	1.04333953	0.00000512	0x00	0x00
SPI [1]	result	1.04334481	0.00000512	0x08	0x00
SPI [1]	result	1.04335009	0.00000512	0x20	0x00
SPI [1]	result	1.04375325	0.00000512	0x0C	0x00
SPI [1]	result	1.04375853	0.00000512	0x10	0x00
SPI [1]	result	1.04376381	0.00000512	0x80	0x7F
SPI [1]	result	1.04376909	0.00000512	0x02	0xF3
SPI [1]	result	1.04417077	0.00000512	0x00	0x00
SPI [1]	result	1.04417605	0.00000512	0x00	0x00
SPI [1]	result	1.04418133	0.00000512	0x09	0x00
SPI [1]	result	1.04418661	0.00000512	0xA6	0x3F
SPI [1]	result	1.04458491	0.00000512	0x0D	0x00
SPI [1]	result	1.04459019	0.00000512	0x00	0x00
SPI [1]	result	1.04459547	0.00000512	0x88	0x7F
SPI [1]	result	1.04460075	0.00000512	0x1A	0xFF
SPI [1]	result	1.04500219	0.00000512	0x00	0x00
SPI [1]	result	1.04500747	0.00000512	0x00	0x00
SPI [1]	result	1.04501275	0.00000512	0x00	0x00
SPI [1]	result	1.04501803	0.00000512	0x00	0x00
SPI [1]	result	1.04541905	0.00000512	0x08	0x00
SPI [1]	result	1.04542433	0.00000512	0x00	0x00
SPI [1]	result	1.04542961	0.00000512	0x89	0x07
SPI [1]	result	1.04543489	0.00000512	0xB8	0xFF
SPI [1]	result	1.08333483	0.00000512	0x00	0x00
SPI [1]	result	1.08334011	0.00000512	0x00	0x00
SPI [1]	result	1.08334539	0.00000512	0x08	0x00
SPI [1]	result	1.08335067	0.00000512	0x20	0x10
SPI [1]	result	1.08376593	0.00000512	0x0E	0x00
SPI [1]	result	1.08377121	0.00000512	0x10	0x00
SPI [1]	result	1.08377649	0.00000512	0x80	0x7F
SPI [1]	result	1.08378177	0.00000512	0x12	0xBF
SPI [1]	result	1.08418180	0.00000512	0x00	0x00
SPI [1]	result	1.08418708	0.00000512	0x00	0x00
SPI [1]	result	1.08419236	0.00000512	0x00	0x00
SPI [1]	result	1.08419764	0.00000512	0x00	0x00
SPI [1]	result	1.08459903	0.00000512	0x08	0x00
SPI [1]	result	1.08460431	0.00000512	0x00	0x00
SPI [1]	result	1.08460959	0.00000512	0x88	0x07
SPI [1]	result	1.08461487	0.00000512	0x32	0xFF
SPI [1]	result	1.12333566	0.00000512	0x00	0x00
SPI [1]	result	1.12334094	0.00000512	0x00	0x00
SPI [1]	result	1.12334622	0.00000512	0x08	0x00
SPI [1]	result	1.12335150	0.00000512	0x20	0x00
SPI [1]	result	1.12376242	0.00000512	0x0F	0x00
SPI [1]	result	1.12376770	0.00000512	0x10	0x00
SPI [1]	result	1.12377298	0.00000512	0x80	0x7F
SPI [1]	result	1.12377826	0.00000512	0x1A	0xFF
SPI [1]	result	1.12418033	0.00000512	0x00	0x00
SPI [1]	result	1.12418561	0.00000512	0x00	0x00
SPI [1]	result	1.12419089	0.00000512	0x00	0x00
SPI [1]	result	1.12419617	0.00000512	0x00	0x00
SPI [1]	result	1.12459756	0.00000512	0x08	0x00
SPI [1]	result	1.12460284	0.00000512	0x00	0x00
SPI [1]	result	1.12460812	0.00000512	0x88	0x07
SPI [1]	result	1.12461340	0.00000512	0x32	0xFF
SPI [1]	result	1.16333482	0.00000512	0x00	0x00
SPI [1]	result	1.16334010	0.00000512	0x00	0x00
SPI [1]	result	1.16334538	0.00000512	0x08	0x00
SPI [1]	result	1.16335066	0.00000512	0x20	0x00
SPI [1]	result	1.16389682	0.00000512	0x08	0x00
SPI [1]	result	1.16390210	0.00000512	0x10	0x00
SPI [1]	result	1.16390738	0.00000512	0x80	0x00
SPI [1]	result	1.16391266	0.00000512	0x22	0x03
SPI [1]	result	1.16433060	0.00000512	0x00	0x00
SPI [1]	result	1.16433588	0.00000512	0x00	0x00
SPI [1]	result	1.16434116	0.00000512	0x09	0x00
SPI [1]	result	1.16434644	0.00000512	0xA6	0x07
SPI [1]	result	1.16474914	0.00000512	0x09	0x00
SPI [1]	result	1.16475442	0.00000512	0x00	0x00
SPI [1]	result	1.16475970	0.00000512	0x88	0x00
SPI [1]	result	1.16476498	0.00000512	0x3A	0x3F
SPI [1]	result	1.16516359	0.00000512	0x00	0x00
SPI [1]	result	1.16516887	0.00000512	0x00	0x00
SPI [1]	result	1.16517415	0.00000512	0x00	0x00
SPI [1]	result	1.16517943	0.00000512	0x00	0x00
SPI [1]	result	1.16558045	0.00000512	0x08	0x00
SPI [1]	result	1.16558573	0.00000512	0x00	0x00
SPI [1]	result	1.16559101	0.00000512	0x89	0x00
SPI [1]	result	1.16559629	0.00000512	0xB8	0x3F
SPI [1]	result	1.20333399	0.00000512	0x00	0x00
SPI [1]	result	1.20333927	0.00000512	0x00	0x00
SPI [1]	result	1.20334455	0.00000512	0x08	0x00
SPI [1]	result	1.20334983	0.00000512	0x20	0x00
SPI [1]	result	1.20375435	0.00000512	0x0A	0x00
SPI [1]	result	1.20375963	0.00000512	0x10	0x00
SPI [1]	result	1.20376491	0.00000512	0x80	0x00
SPI [1]	result	1.20377019	0.00000512	0x32	0x00
SPI [1]	result	1.20417099	0.00000512	0x00	0x00
SPI [1]	result	1.20417627	0.00000512	0x00	0x00
SPI [1]	result	1.20418155	0.00000512	0x00	0x00
SPI [1]	result	1.20418683	0.00000512	0x00	0x00
SPI [1]	result	1.20458614	0.00000512	0x08	0x00
SPI [1]	result	1.20459142	0.00000512	0x00	0x00
SPI [1]	result	1.20459670	0.00000512	0x88	0x00
SPI [1]	result	1.20460198	0.00000512	0x32	0x00
SPI [1]	result	1.24333462	0.00000512	0x00	0xFF
SPI [1]	result	1.24333990	0.00000512	0x00	0xFF
SPI [1]	result	1.24334518	0.00000512	0x08	0xFF
SPI [1]	result	1.24335046	0.00000512	0x20	0xFF
SPI [1]	result	1.24376431	0.00000512	0x0B	0xFF
SPI [1]	result	1.24376959	0.00000512	0x10	0xFF
SPI [1]	result	1.24377487	0.00000512	0x80	0xFF
SPI [1]	result	1.24378015	0.00000512	0x3A	0xFF
SPI [1]	result	1.24417929	0.00000512	0x00	0xFF
SPI [1]	result	1.24418457	0.00000512	0x00	0xFF
SPI [1]	result	1.24418985	0.00000512	0x00	0xFF
SPI [1]	result	1.24419513	0.00000512	0x00	0xFF
SPI [1]	result	1.24459600	0.00000512	0x08	0xFF
SPI [1]	result	1.24460128	0.00000512	0x00	0xFF
SPI [1]	result	1.24460656	0.00000512	0x88	0xFF
SPI [1]	result	1.24461184	0.00000512	0x32	0xFF
SPI [1]	result	1.28333498	0.00000512	0x00	0x00
SPI [1]	result	1.28334026	0.00000512	0x00	0x00
SPI [1]	result	1.28334554	0.00000512	0x08	0x00
SPI [1]	result	1.28335082	0.00000512	0x20	0x00
SPI [1]	result	1.28375445	0.00000512	0x0C	0x00
SPI [1]	result	1.28375973	0.00000512	0x10	0x00
SPI [1]	result	1.28376501	0.00000512	0x80	0x00
SPI [1]	result	1.28377029	0.00000512	0x02	0x00
SPI [1]	result	1.28417156	0.00000512	0x00	0x00
SPI [1]	result	1.28417684	0.00000512	0x00	0x00
SPI [1]	result	1.28418212	0.00000512	0x09	0x00
SPI [1]	result	1.28418740	0.00000512	0xA6	0x00
SPI [1]	result	1.28458601	0.00000512	0x0D	0x00
SPI [1]	result	1.28459129	0.00000512	0x00	0x00
SPI [1]	result	1.28459657	0.00000512	0x88	0x00
SPI [1]	result	1.28460185	0.00000512	0x1A	0x00
SPI [1]	result	1.28500250	0.00000512	0x00	0x00
SPI [1]	result	1.28500778	0.00000512	0x00	0x00
SPI [1]	result	1.28501306	0.00000512	0x00	0x00
SPI [1]	result	1.28501834	0.00000512	0x00	0x00
SPI [1]	result	1.28541898	0.00000512	0x08	0x00
SPI [1]	result	1.28542426	0.00000512	0x00	0x00
SPI [1]	result	1.28542954	0.00000512	0x89	0x00
SPI [1]	result	1.28543482	0.00000512	0xB8	0x00
SPI [1]	result	1.32334277	0.00000512	0x00	0x00
SPI [1]	result	1.32334805	0.00000512	0x00	0x00
SPI [1]	result	1.32335333	0.00000512	0x08	0x00
SPI [1]	result	1.32335861	0.00000512	0x20	0x00
SPI [1]	result	1.32379907	0.00000512	0x0E	0x00
SPI [1]	result	1.32380435	0.00000512	0x10	0x00
SPI [1]	result	1.32380963	0.00000512	0x80	0x7F
SPI [1]	result	1.32381491	0.00000512	0x12	0x5F
SPI [1]	result	1.32421405	0.00000512	0x00	0x00
SPI [1]	result	1.32421933	0.00000512	0x00	0x00
SPI [1]	result	1.32422461	0.00000512	0x00	0x00
SPI [1]	result	1.32422989	0.00000512	0x00	0x00
SPI [1]	result	1.32463124	0.00000512	0x08	0x00
SPI [1]	result	1.32463652	0.00000512	0x00	0x00
SPI [1]	result	1.32464180	0.00000512	0x88	0x07
SPI [1]	result	1.32464708	0.00000512	0x32	0xFF
SPI [1]	result	1.36333300	0.00000512	0x00	0x00
SPI [1]	result	1.36333828	0.00000512	0x00	0x00
SPI [1]	result	1.36334356	0.00000512	0x08	0x00
SPI [1]	result	1.36334884	0.00000512	0x20	0x00
SPI [1]	result	1.36375455	0.00000512	0x0F	0x00
SPI [1]	result	1.36375983	0.00000512	0x10	0x00
SPI [1]	result	1.36376511	0.00000512	0x80	0x7F
SPI [1]	result	1.36377039	0.00000512	0x1A	0x5F
SPI [1]	result	1.36417170	0.00000512	0x00	0x00
SPI [1]	result	1.36417698	0.00000512	0x00	0x00
SPI [1]	result	1.36418226	0.00000512	0x00	0x00
SPI [1]	result	1.36418754	0.00000512	0x00	0x00
SPI [1]	result	1.36458581	0.00000512	0x08	0x00
SPI [1]	result	1.36459109	0.00000512	0x00	0x00
SPI [1]	result	1.36459637	0.00000512	0x88	0x07
SPI [1]	result	1.36460165	0.00000512	0x32	0xFF
SPI [1]	result	1.40333520	0.00000512	0x00	0x00
SPI [1]	result	1.40334048	0.00000512	0x00	0x00
SPI [1]	result	1.40334576	0.00000512	0x08	0x00
SPI [1]	result	1.40335104	0.00000512	0x20	0x00
SPI [1]	result	1.40375510	0.00000512	0x08	0x00
SPI [1]	result	1.40376038	0.00000512	0x10	0x00
SPI [1]	result	1.40376566	0.00000512	0x80	0x7F
SPI [1]	result	1.40377094	0.00000512	0x22	0xFF
SPI [1]	result	1.40417275	0.00000512	0x00	0x00
SPI [1]	result	1.40417803	0.00000512	0x00	0x00
SPI [1]	result	1.40418331	0.00000512	0x09	0x00
SPI [1]	result	1.40418859	0.00000512	0xA6	0x3F
SPI [1]	result	1.40459003	0.00000512	0x09	0x00
SPI [1]	result	1.40459531	0.00000512	0x00	0x00
SPI [1]	result	1.40460059	0.00000512	0x88	0x7F
SPI [1]	result	1.40460587	0.00000512	0x3A	0xFF
SPI [1]	result	1.40500407	0.00000512	0x00	0x00
SPI [1]	result	1.40500935	0.00000512	0x00	0x00
SPI [1]	result	1.40501463	0.00000512	0x00	0x00
SPI [1]	result	1.40501991	0.00000512	0x00	0x00
SPI [1]	result	1.40542084	0.00000512	0x08	0x00
SPI [1]	result	1.40542612	0.00000512	0x00	0x00
SPI [1]	result	1.40543140	0.00000512	0x89	0x07
SPI [1]	result	1.40543668	0.00000512	0xB8	0xFF
SPI [1]	result	1.44333172	0.00000512	0x00	0x00
SPI [1]	result	1.44333700	0.00000512	0x00	0x00
SPI [1]	result	1.44334228	0.00000512	0x08	0x00
SPI [1]	result	1.44334756	0.00000512	0x20	0x00
SPI [1]	result	1.44375124	0.00000512	0x0A	0x00
SPI [1]	result	1.44375652	0.00000512	0x10	0x0F
SPI [1]	result	1.44376180	0.00000512	0x80	0xFF
SPI [1]	result	1.44376708	0.00000512	0x32	0xFF
SPI [1]	result	1.44416813	0.00000512	0x00	0x00
SPI [1]	result	1.44417341	0.00000512	0x00	0x00
SPI [1]	result	1.44417869	0.00000512	0x00	0x00
SPI [1]	result	1.44418397	0.00000512	0x00	0x00
SPI [1]	result	1.44458247	0.00000512	0x08	0x00
SPI [1]	result	1.44458775	0.00000512	0x00	0x00
SPI [1]	result	1.44459303	0.00000512	0x88	0x07
SPI [1]	result	1.44459831	0.00000512	0x32	0xFF
SPI [1]	result	1.48333121	0.00000512	0x00	0x00
SPI [1]	result	1.48333649	0.00000512	0x00	0x00
SPI [1]	result	1.48334177	0.00000512	0x08	0x00
SPI [1]	result	1.48334705	0.00000512	0x20	0x00
SPI [1]	result	1.48374966	0.00000512	0x0B	0x00
SPI [1]	result	1.48375494	0.00000512	0x10	0x0F
SPI [1]	result	1.48376022	0.00000512	0x80	0xFF
SPI [1]	result	1.48376550	0.00000512	0x3A	0xFF
SPI [1]	result	1.48416356	0.00000512	0x00	0x00
SPI [1]	result	1.48416884	0.00000512	0x00	0x00
SPI [1]	result	1.48417412	0.00000512	0x00	0x00
SPI [1]	result	1.48417940	0.00000512	0x00	0x00
SPI [1]	result	1.48457997	0.00000512	0x08	0x00
SPI [1]	result	1.48458525	0.00000512	0x00	0x00
SPI [1]	result	1.48459053	0.00000512	0x88	0x07
SPI [1]	result	1.48459581	0.00000512	0x32	0xFF
SPI [1]	result	1.52333451	0.00000512	0x00	0x00
SPI [1]	result	1.52333979	0.00000512	0x00	0x00
SPI [1]	result	1.52334507	0.00000512	0x08	0x00
SPI [1]	result	1.52335035	0.00000512	0x20	0x00
SPI [1]	result	1.52375262	0.00000512	0x0C	0x00
SPI [1]	result	1.52375790	0.00000512	0x10	0x00
SPI [1]	result	1.52376318	0.00000512	0x80	0x7F
SPI [1]	result	1.52376846	0.00000512	0x02	0x03
SPI [1]	result	1.52416966	0.00000512	0x00	0x00
SPI [1]	result	1.52417494	0.00000512	0x00	0x00
SPI [1]	result	1.52418022	0.00000512	0x09	0x00
SPI [1]	result	1.52418550	0.00000512	0xA6	0x3F
SPI [1]	result	1.52473644	0.00000512	0x0D	0x00
SPI [1]	result	1.52474172	0.00000512	0x00	0x00
SPI [1]	result	1.52474700	0.00000512	0x88	0x7F
SPI [1]	result	1.52475228	0.00000512	0x1A	0xFF
SPI [1]	result	1.52516922	0.00000512	0x00	0x00
SPI [1]	result	1.52517450	0.00000512	0x00	0x00
SPI [1]	result	1.52517978	0.00000512	0x00	0x00
SPI [1]	result	1.52518506	0.00000512	0x00	0x00
SPI [1]	result	1.52558747	0.00000512	0x08	0x00
SPI [1]	result	1.52559275	0.00000512	0x00	0x00
SPI [1]	result	1.52559803	0.00000512	0x89	0x07
SPI [1]	result	1.52560331	0.00000512	0xB8	0xFF
SPI [1]	result	1.56333485	0.00000512	0x00	0x00
SPI [1]	result	1.56334013	0.00000512	0x00	0x00
SPI [1]	result	1.56334541	0.00000512	0x08	0x00
SPI [1]	result	1.56335069	0.00000512	0x20	0x10
SPI [1]	result	1.56375415	0.00000512	0x0E	0x00
SPI [1]	result	1.56375943	0.00000512	0x10	0x00
SPI [1]	result	1.56376471	0.00000512	0x80	0x7F
SPI [1]	result	1.56376999	0.00000512	0x12	0x1F
SPI [1]	result	1.56417114	0.00000512	0x00	0x00
SPI [1]	result	1.56417642	0.00000512	0x00	0x00
SPI [1]	result	1.56418170	0.00000512	0x00	0x00
SPI [1]	result	1.56418698	0.00000512	0x00	0x00
SPI [1]	result	1.56458805	0.00000512	0x08	0x00
SPI [1]	result	1.56459333	0.00000512	0x00	0x00
SPI [1]	result	1.56459861	0.00000512	0x88	0x07
SPI [1]	result	1.56460389	0.00000512	0x32	0xFF
SPI [1]	result	1.60334465	0.00000512	0x00	0x00
SPI [1]	result	1.60334993	0.00000512	0x00	0x00
SPI [1]	result	1.60335521	0.00000512	0x08	0x00
SPI [1]	result	1.60336049	0.00000512	0x20	0x00
SPI [1]	result	1.60380828	0.00000512	0x0F	0x00
SPI [1]	result	1.60381356	0.00000512	0x10	0x00
SPI [1]	result	1.60381884	0.00000512	0x80	0x00
SPI [1]	result	1.60382412	0.00000512	0x1A	0x13
SPI [1]	result	1.60422678	0.00000512	0x00	0x00
SPI [1]	result	1.60423206	0.00000512	0x00	0x00
SPI [1]	result	1.60423734	0.00000512	0x00	0x00
SPI [1]	result	1.60424262	0.00000512	0x00	0x00
SPI [1]	result	1.60464438	0.00000512	0x08	0x00
SPI [1]	result	1.60464966	0.00000512	0x00	0x00
SPI [1]	result	1.60465494	0.00000512	0x88	0x00
SPI [1]	result	1.60466022	0.00000512	0x32	0x03
SPI [1]	result	1.64333499	0.00000512	0x00	0x00
SPI [1]	result	1.64334027	0.00000512	0x00	0x00
SPI [1]	result	1.64334555	0.00000512	0x08	0x00
SPI [1]	result	1.64335083	0.00000512	0x20	0x00
SPI [1]	result	1.64375505	0.00000512	0x08	0x00
SPI [1]	result	1.64376033	0.00000512	0x10	0x00
SPI [1]	result	1.64376561	0.00000512	0x80	0x00
SPI [1]	result	1.64377089	0.00000512	0x22	0x00
SPI [1]	result	1.64417243	0.00000512	0x00	0x00
SPI [1]	result	1.64417771	0.00000512	0x00	0x00
SPI [1]	result	1.64418299	0.00000512	0x09	0x00
SPI [1]	result	1.64418827	0.00000512	0xA6	0x00
SPI [1]	result	1.64458936	0.00000512	0x09	0x00
SPI [1]	result	1.64459464	0.00000512	0x00	0x00
SPI [1]	result	1.64459992	0.00000512	0x88	0x00
SPI [1]	result	1.64460520	0.00000512	0x3A	0x00
SPI [1]	result	1.64500612	0.00000512	0x00	0x00
SPI [1]	result	1.64501140	0.00000512	0x00	0x00
SPI [1]	result	1.64501668	0.00000512	0x00	0x00
SPI [1]	result	1.64502196	0.00000512	0x00	0x00
SPI [1]	result	1.64542374	0.00000512	0x08	0x00
SPI [1]	result	1.64542902	0.00000512	0x00	0x00
SPI [1]	result	1.64543430	0.00000512	0x89	0x00
SPI [1]	result	1.64543958	0.00000512	0xB8	0x00
SPI [1]	result	1.68334658	0.00000512	0x00	0xFF
SPI [1]	result	1.68335186	0.00000512	0x00	0xFF
SPI [1]	result	1.68335714	0.00000512	0x08	0xFF
SPI [1]	result	1.68336242	0.00000512	0x20	0xFF
SPI [1]	result	1.68381770	0.00000512	0x0A	0xFF
SPI [1]	result	1.68382298	0.00000512	0x10	0xFF
SPI [1]	result	1.68382826	0.00000512	0x80	0xFF
SPI [1]	result	1.68383354	0.00000512	0x32	0xFF
SPI [1]	result	1.68423637	0.00000512	0x00	0xFF
SPI [1]	result	1.68424165	0.00000512	0x00	0xFF
SPI [1]	result	1.68424693	0.00000512	0x00	0xFF
SPI [1]	result	1.68425221	0.00000512	0x00	0xFF
SPI [1]	result	1.68465367	0.00000512	0x08	0xFF
SPI [1]	result	1.68465895	0.00000512	0x00	0xFF
SPI [1]	result	1.68466423	0.00000512	0x88	0xFF
SPI [1]	result	1.68466951	0.00000512	0x32	0xFF
SPI [1]	result	1.72333339	0.00000512	0x00	0x00
SPI [1]	result	1.72333867	0.00000512	0x00	0x00
SPI [1]	result	1.72334395	0.00000512	0x08	0x00
SPI [1]	result	1.72334923	0.00000512	0x20	0x00
SPI [1]	result	1.72375434	0.00000512	0x0B	0x00
SPI [1]	result	1.72375962	0.00000512	0x10	0x00
SPI [1]	result	1.72376490	0.00000512	0x80	0x00
SPI [1]	result	1.72377018	0.00000512	0x3A	0x00
SPI [1]	result	1.72417318	0.00000512	0x00	0x00
SPI [1]	result	1.72417846	0.00000512	0x00	0x00
SPI [1]	result	1.72418374	0.00000512	0x00	0x00
SPI [1]	result	1.72418902	0.00000512	0x00	0x00
SPI [1]	result	1.72459019	0.00000512	0x08	0x00
SPI [1]	result	1.72459547	0.00000512	0x00	0x00
SPI [1]	result	1.72460075	0.00000512	0x88	0x00
SPI [1]	result	1.72460603	0.00000512	0x32	0x00
SPI [1]	result	1.76334954	0.00000512	0x00	0x00
SPI [1]	result	1.76335482	0.00000512	0x00	0x00
SPI [1]	result	1.76336010	0.00000512	0x08	0x00
SPI [1]	result	1.76336538	0.00000512	0x20	0x00
SPI [1]	result	1.76381378	0.00000512	0x0C	0x00
SPI [1]	result	1.76381906	0.00000512	0x10	0x00
SPI [1]	result	1.76382434	0.00000512	0x80	0x7F
SPI [1]	result	1.76382962	0.00000512	0x02	0x83
SPI [1]	result	1.76423791	0.00000512	0x00	0x00
SPI [1]	result	1.76424319	0.00000512	0x00	0x00
SPI [1]	result	1.76424847	0.00000512	0x09	0x00
SPI [1]	result	1.76425375	0.00000512	0xA6	0x7F
SPI [1]	result	1.76465638	0.00000512	0x0D	0x00
SPI [1]	result	1.76466166	0.00000512	0x00	0x80
SPI [1]	result	1.76466694	0.00000512	0x88	0x7F
SPI [1]	result	1.76467222	0.00000512	0x1A	0xFF
SPI [1]	result	1.76507374	0.00000512	0x00	0x00
SPI [1]	result	1.76507902	0.00000512	0x00	0x00
SPI [1]	result	1.76508430	0.00000512	0x00	0x00
SPI [1]	result	1.76508958	0.00000512	0x00	0x00
SPI [1]	result	1.76549161	0.00000512	0x08	0x00
SPI [1]	result	1.76549689	0.00000512	0x00	0x00
SPI [1]	result	1.76550217	0.00000512	0x89	0x07
SPI [1]	result	1.76550745	0.00000512	0xB8	0xFF
SPI [1]	result	1.80333681	0.00000512	0x00	0x00
SPI [1]	result	1.80334209	0.00000512	0x00	0x00
SPI [1]	result	1.80334737	0.00000512	0x08	0x00
SPI [1]	result	1.80335265	0.00000512	0x20	0x02
SPI [1]	result	1.80376902	0.00000512	0x0E	0x00
SPI [1]	result	1.80377430	0.00000512	0x10	0x00
SPI [1]	result	1.80377958	0.00000512	0x80	0x7F
SPI [1]	result	1.80378486	0.00000512	0x12	0xFF
SPI [1]	result	1.80418813	0.00000512	0x00	0x00
SPI [1]	result	1.80419341	0.00000512	0x00	0x00
SPI [1]	result	1.80419869	0.00000512	0x00	0x00
SPI [1]	result	1.80420397	0.00000512	0x00	0x00
SPI [1]	result	1.80460542	0.00000512	0x08	0x00
SPI [1]	result	1.80461070	0.00000512	0x00	0x00
SPI [1]	result	1.80461598	0.00000512	0x88	0x07
SPI [1]	result	1.80462126	0.00000512	0x32	0xFF
SPI [1]	result	1.84333312	0.00000512	0x00	0x00
SPI [1]	result	1.84333840	0.00000512	0x00	0x00
SPI [1]	result	1.84334368	0.00000512	0x08	0x00
SPI [1]	result	1.84334896	0.00000512	0x20	0x00
SPI [1]	result	1.84375101	0.00000512	0x0F	0x00
SPI [1]	result	1.84375629	0.00000512	0x10	0x00
SPI [1]	result	1.84376157	0.00000512	0x80	0x7F
SPI [1]	result	1.84376685	0.00000512	0x1A	0xDF
SPI [1]	result	1.84416841	0.00000512	0x00	0x00
SPI [1]	result	1.84417369	0.00000512	0x00	0x00
SPI [1]	result	1.84417897	0.00000512	0x00	0x00
SPI [1]	result	1.84418425	0.00000512	0x00	0x00
SPI [1]	result	1.84458514	0.00000512	0x08	0x00
SPI [1]	result	1.84459042	0.00000512	0x00	0x00
SPI [1]	result	1.84459570	0.00000512	0x88	0x07
SPI [1]	result	1.84460098	0.00000512	0x32	0xFF
SPI [1]	result	1.88333732	0.00000512	0x00	0x00
SPI [1]	result	1.88334260	0.00000512	0x00	0x00
SPI [1]	result	1.88334788	0.00000512	0x08	0x00
SPI [1]	result	1.88335316	0.00000512	0x20	0x00
SPI [1]	result	1.88404691	0.00000512	0x08	0x00
SPI [1]	result	1.88405219	0.00000512	0x10	0x00
SPI [1]	result	1.88405747	0.00000512	0x80	0x7F
SPI [1]	result	1.88406275	0.00000512	0x22	0xFF
SPI [1]	result	1.88446717	0.00000512	0x00	0x00
SPI [1]	result	1.88447245	0.00000512	0x00	0x00
SPI [1]	result	1.88447773	0.00000512	0x09	0x00
SPI [1]	result	1.88448301	0.00000512	0xA6	0x7F
SPI [1]	result	1.88488507	0.00000512	0x09	0x00
SPI [1]	result	1.88489035	0.00000512	0x00	0x00
SPI [1]	result	1.88489563	0.00000512	0x88	0x7F
SPI [1]	result	1.88490091	0.00000512	0x3A	0xFF
SPI [1]	result	1.88545970	0.00000512	0x00	0x00
SPI [1]	result	1.88546498	0.00000512	0x00	0x00
SPI [1]	result	1.88547026	0.00000512	0x00	0x00
SPI [1]	result	1.88547554	0.00000512	0x00	0x00
SPI [1]	result	1.88589353	0.00000512	0x08	0x00
SPI [1]	result	1.88589881	0.00000512	0x00	0x00
SPI [1]	result	1.88590409	0.00000512	0x89	0x07
SPI [1]	result	1.88590937	0.00000512	0xB8	0xFF
SPI [1]	result	1.92333367	0.00000512	0x00	0x00
SPI [1]	result	1.92333895	0.00000512	0x00	0x00
SPI [1]	result	1.92334423	0.00000512	0x08	0x00
SPI [1]	result	1.92334951	0.00000512	0x20	0x00
SPI [1]	result	1.92375091	0.00000512	0x0A	0x00
SPI [1]	result	1.92375619	0.00000512	0x10	0x0F
SPI [1]	result	1.92376147	0.00000512	0x80	0xFF
SPI [1]	result	1.92376675	0.00000512	0x32	0xFF
SPI [1]	result	1.92416801	0.00000512	0x00	0x00
SPI [1]	result	1.92417329	0.00000512	0x00	0x00
SPI [1]	result	1.92417857	0.00000512	0x00	0x00
SPI [1]	result	1.92418385	0.00000512	0x00	0x00
SPI [1]	result	1.92458444	0.00000512	0x08	0x00
SPI [1]	result	1.92458972	0.00000512	0x00	0x00
SPI [1]	result	1.92459500	0.00000512	0x88	0x07
SPI [1]	result	1.92460028	0.00000512	0x32	0xFF
SPI [1]	result	1.96333394	0.00000512	0x00	0x00
SPI [1]	result	1.96333922	0.00000512	0x00	0x00
SPI [1]	result	1.96334450	0.00000512	0x08	0x00
SPI [1]	result	1.96334978	0.00000512	0x20	0x00
SPI [1]	result	1.96376174	0.00000512	0x0B	0x00
SPI [1]	result	1.96376702	0.00000512	0x10	0x0F
SPI [1]	result	1.96377230	0.00000512	0x80	0xFF
SPI [1]	result	1.96377758	0.00000512	0x3A	0xFF
SPI [1]	result	1.96417747	0.00000512	0x00	0x00
SPI [1]	result	1.96418275	0.00000512	0x00	0x00
SPI [1]	result	1.96418803	0.00000512	0x00	0x00
SPI [1]	result	1.96419331	0.00000512	0x00	0x00
SPI [1]	result	1.96459462	0.00000512	0x08	0x00
SPI [1]	result	1.96459990	0.00000512	0x00	0x00
SPI [1]	result	1.96460518	0.00000512	0x88	0x07
SPI [1]	result	1.96461046	0.00000512	0x32	0xBF
SPI [1]	result	2.00333662	0.00000512	0x00	0x00
SPI [1]	result	2.00334190	0.00000512	0x00	0x00
SPI [1]	result	2.00334718	0.00000512	0x08	0x00
SPI [1]	result	2.00335246	0.00000512	0x20	0x00
SPI [1]	result	2.00376309	0.00000512	0x0C	0x00
SPI [1]	result	2.00376837	0.00000512	0x10	0x00
SPI [1]	result	2.00377365	0.00000512	0x80	0x00
SPI [1]	result	2.00377893	0.00000512	0x02	0x00
SPI [1]	result	2.00418097	0.00000512	0x00	0x00
SPI [1]	result	2.00418625	0.00000512	0x00	0x00
SPI [1]	result	2.00419153	0.00000512	0x09	0x00
SPI [1]	result	2.00419681	0.00000512	0xA6	0x1F
SPI [1]	result	2.00459853	0.00000512	0x0D	0x00
SPI [1]	result	2.00460381	0.00000512	0x00	0x00
SPI [1]	result	2.00460909	0.00000512	0x88	0x0E
SPI [1]	result	2.00461437	0.00000512	0x1A	0x1F
SPI [1]	result	2.00501522	0.00000512	0x00	0x00
SPI [1]	result	2.00502050	0.00000512	0x00	0x00
SPI [1]	result	2.00502578	0.00000512	0x00	0x00
SPI [1]	result	2.00503106	0.00000512	0x00	0x00
SPI [1]	result	2.00543204	0.00000512	0x08	0x00
SPI [1]	result	2.00543732	0.00000512	0x00	0x00
SPI [1]	result	2.00544260	0.00000512	0x89	0x01
SPI [1]	result	2.00544788	0.00000512	0xB8	0xFF
SPI [1]	result	2.04334210	0.00000512	0x00	0x00
SPI [1]	result	2.04334738	0.00000512	0x00	0x00
SPI [1]	result	2.04335266	0.00000512	0x08	0x00
SPI [1]	result	2.04335794	0.00000512	0x20	0x00
SPI [1]	result	2.04379383	0.00000512	0x0E	0x00
SPI [1]	result	2.04379911	0.00000512	0x10	0x00
SPI [1]	result	2.04380439	0.00000512	0x80	0x00
SPI [1]	result	2.04380967	0.00000512	0x12	0x00
SPI [1]	result	2.04420924	0.00000512	0x00	0x00
SPI [1]	result	2.04421452	0.00000512	0x00	0x00
SPI [1]	result	2.04421980	0.00000512	0x00	0x00
SPI [1]	result	2.04422508	0.00000512	0x00	0x00
SPI [1]	result	2.04462769	0.00000512	0x08	0x00
SPI [1]	result	2.04463297	0.00000512	0x00	0x00
SPI [1]	result	2.04463825	0.00000512	0x88	0x00
SPI [1]	result	2.04464353	0.00000512	0x32	0x00
SPI [1]	result	2.08333313	0.00000512	0x00	0xFF
SPI [1]	result	2.08333841	0.00000512	0x00	0xFF
SPI [1]	result	2.08334369	0.00000512	0x08	0xFF
SPI [1]	result	2.08334897	0.00000512	0x20	0xFF
SPI [1]	result	2.08375314	0.00000512	0x0F	0xFF
SPI [1]	result	2.08375842	0.00000512	0x10	0xFF
SPI [1]	result	2.08376370	0.00000512	0x80	0xFF
SPI [1]	result	2.08376898	0.00000512	0x1A	0xFF
SPI [1]	result	2.08417046	0.00000512	0x00	0xFF
SPI [1]	result	2.08417574	0.00000512	0x00	0xFF
SPI [1]	result	2.08418102	0.00000512	0x00	0xFF
SPI [1]	result	2.08418630	0.00000512	0x00	0xFF
SPI [1]	result	2.08458639	0.00000512	0x08	0xFF
SPI [1]	result	2.08459167	0.00000512	0x00	0xFF
SPI [1]	result	2.08459695	0.00000512	0x88	0xFF
SPI [1]	result	2.08460223	0.00000512	0x32	0xFF
SPI [1]	result	2.12333722	0.00000512	0x00	0x00
SPI [1]	result	2.12334250	0.00000512	0x00	0x00
SPI [1]	result	2.12334778	0.00000512	0x08	0x00
SPI [1]	result	2.12335306	0.00000512	0x20	0x00
SPI [1]	result	2.12376619	0.00000512	0x08	0x00
SPI [1]	result	2.12377147	0.00000512	0x10	0x00
SPI [1]	result	2.12377675	0.00000512	0x80	0x00
SPI [1]	result	2.12378203	0.00000512	0x22	0x00
SPI [1]	result	2.12418167	0.00000512	0x00	0x00
SPI [1]	result	2.12418695	0.00000512	0x00	0x00
SPI [1]	result	2.12419223	0.00000512	0x09	0x00
SPI [1]	result	2.12419751	0.00000512	0xA6	0x00
SPI [1]	result	2.12459916	0.00000512	0x09	0x00
SPI [1]	result	2.12460444	0.00000512	0x00	0x00
SPI [1]	result	2.12460972	0.00000512	0x88	0x00
SPI [1]	result	2.12461500	0.00000512	0x3A	0x00
SPI [1]	result	2.12501637	0.00000512	0x00	0x00
SPI [1]	result	2.12502165	0.00000512	0x00	0x00
SPI [1]	result	2.12502693	0.00000512	0x00	0x00
SPI [1]	result	2.12503221	0.00000512	0x00	0x00
SPI [1]	result	2.12543323	0.00000512	0x08	0x00
SPI [1]	result	2.12543851	0.00000512	0x00	0x00
SPI [1]	result	2.12544379	0.00000512	0x89	0x00
SPI [1]	result	2.12544907	0.00000512	0xB8	0x00
SPI [1]	result	2.16333198	0.00000512	0x00	0x00
SPI [1]	result	2.16333726	0.00000512	0x00	0x00
SPI [1]	result	2.16334254	0.00000512	0x08	0x00
SPI [1]	result	2.16334782	0.00000512	0x20	0x10
SPI [1]	result	2.16374826	0.00000512	0x0A	0x00
SPI [1]	result	2.16375354	0.00000512	0x10	0x0F
SPI [1]	result	2.16375882	0.00000512	0x80	0xFF
SPI [1]	result	2.16376410	0.00000512	0x32	0xFF
SPI [1]	result	2.16416513	0.00000512	0x00	0x00
SPI [1]	result	2.16417041	0.00000512	0x00	0x00
SPI [1]	result	2.16417569	0.00000512	0x00	0x00
SPI [1]	result	2.16418097	0.00000512	0x00	0x00
SPI [1]	result	2.16458156	0.00000512	0x08	0x00
SPI [1]	result	2.16458684	0.00000512	0x00	0x00
SPI [1]	result	2.16459212	0.00000512	0x88	0x07
SPI [1]	result	2.16459740	0.00000512	0x32	0xFF
SPI [1]	result	2.20333649	0.00000512	0x00	0x00
SPI [1]	result	2.20334177	0.00000512	0x00	0x00
SPI [1]	result	2.20334705	0.00000512	0x08	0x00
SPI [1]	result	2.20335233	0.00000512	0x20	0x10
SPI [1]	result	2.20377327	0.00000512	0x0B	0x00
SPI [1]	result	2.20377855	0.00000512	0x10	0x1F
SPI [1]	result	2.20378383	0.00000512	0x80	0xFF
SPI [1]	result	2.20378911	0.00000512	0x3A	0xFF
SPI [1]	result	2.20419059	0.00000512	0x00	0x00
SPI [1]	result	2.20419587	0.00000512	0x00	0x00
SPI [1]	result	2.20420115	0.00000512	0x00	0x00
SPI [1]	result	2.20420643	0.00000512	0x00	0x00
SPI [1]	result	2.20460813	0.00000512	0x08	0x00
SPI [1]	result	2.20461341	0.00000512	0x00	0x00
SPI [1]	result	2.20461869	0.00000512	0x88	0x07
SPI [1]	result	2.20462397	0.00000512	0x32	0xFF
SPI [1]	result	2.24334188	0.00000512	0x00	0x00
SPI [1]	result	2.24334716	0.00000512	0x00	0x00
SPI [1]	result	2.24335244	0.00000512	0x08	0x00
SPI [1]	result	2.24335772	0.00000512	0x20	0x00
SPI [1]	result	2.24378473	0.00000512	0x0C	0x00
SPI [1]	result	2.24379001	0.00000512	0x10	0x00
SPI [1]	result	2.24379529	0.00000512	0x80	0x7F
SPI [1]	result	2.24380057	0.00000512	0x02	0xC3
SPI [1]	result	2.24420398	0.00000512	0x00	0x00
SPI [1]	result	2.24420926	0.00000512	0x00	0x00
SPI [1]	result	2.24421454	0.00000512	0x09	0x00
SPI [1]	result	2.24421982	0.00000512	0xA6	0x7F
SPI [1]	result	2.24461911	0.00000512	0x0D	0x00
SPI [1]	result	2.24462439	0.00000512	0x00	0x00
SPI [1]	result	2.24462967	0.00000512	0x88	0x7F
SPI [1]	result	2.24463495	0.00000512	0x1A	0xFF
SPI [1]	result	2.24503597	0.00000512	0x00	0x00
SPI [1]	result	2.24504125	0.00000512	0x00	0x00
SPI [1]	result	2.24504653	0.00000512	0x00	0x00
SPI [1]	result	2.24505181	0.00000512	0x00	0x00
SPI [1]	result	2.24545347	0.00000512	0x08	0x00
SPI [1]	result	2.24545875	0.00000512	0x00	0x00
SPI [1]	result	2.24546403	0.00000512	0x89	0x07
SPI [1]	result	2.24546931	0.00000512	0xB8	0xFF
SPI [1]	result	2.28333809	0.00000512	0x00	0x00
SPI [1]	result	2.28334337	0.00000512	0x00	0x00
SPI [1]	result	2.28334865	0.00000512	0x08	0x00
SPI [1]	result	2.28335393	0.00000512	0x20	0x10
SPI [1]	result	2.28377771	0.00000512	0x0E	0x00
SPI [1]	result	2.28378299	0.00000512	0x10	0x00
SPI [1]	result	2.28378827	0.00000512	0x80	0xFF
SPI [1]	result	2.28379355	0.00000512	0x12	0xFF
SPI [1]	result	2.28419344	0.00000512	0x00	0x00
SPI [1]	result	2.28419872	0.00000512	0x00	0x00
SPI [1]	result	2.28420400	0.00000512	0x00	0x00
SPI [1]	result	2.28420928	0.00000512	0x00	0x00
SPI [1]	result	2.28461070	0.00000512	0x08	0x00
SPI [1]	result	2.28461598	0.00000512	0x00	0x00
SPI [1]	result	2.28462126	0.00000512	0x88	0x07
SPI [1]	result	2.28462654	0.00000512	0x32	0xFF
SPI [1]	result	2.32333926	0.00000512	0x00	0x00
SPI [1]	result	2.32334454	0.00000512	0x00	0x00
SPI [1]	result	2.32334982	0.00000512	0x08	0x00
SPI [1]	result	2.32335510	0.00000512	0x20	0x10
SPI [1]	result	2.32378089	0.00000512	0x0F	0x00
SPI [1]	result	2.32378617	0.00000512	0x10	0x00
SPI [1]	result	2.32379145	0.00000512	0x80	0xFF
SPI [1]	result	2.32379673	0.00000512	0x1A	0xFF
SPI [1]	result	2.32420090	0.00000512	0x00	0x00
SPI [1]	result	2.32420618	0.00000512	0x00	0x00
SPI [1]	result	2.32421146	0.00000512	0x00	0x00
SPI [1]	result	2.32421674	0.00000512	0x00	0x00
SPI [1]	result	2.32461520	0.00000512	0x08	0x00
SPI [1]	result	2.32462048	0.00000512	0x00	0x00
SPI [1]	result	2.32462576	0.00000512	0x88	0x0F
SPI [1]	result	2.32463104	0.00000512	0x32	0xFF
SPI [1]	result	2.36334018	0.00000512	0x00	0x00
SPI [1]	result	2.36334546	0.00000512	0x00	0x00
SPI [1]	result	2.36335074	0.00000512	0x08	0x00
SPI [1]	result	2.36335602	0.00000512	0x20	0x10
SPI [1]	result	2.36377513	0.00000512	0x08	0x00
SPI [1]	result	2.36378041	0.00000512	0x10	0x00
SPI [1]	result	2.36378569	0.00000512	0x80	0x7F
SPI [1]	result	2.36379097	0.00000512	0x22	0xFF
SPI [1]	result	2.36419439	0.00000512	0x00	0x00
SPI [1]	result	2.36419967	0.00000512	0x00	0x00
SPI [1]	result	2.36420495	0.00000512	0x09	0x00
SPI [1]	result	2.36421023	0.00000512	0xA6	0x7F
SPI [1]	result	2.36461144	0.00000512	0x09	0x00
SPI [1]	result	2.36461672	0.00000512	0x00	0x00
SPI [1]	result	2.36462200	0.00000512	0x88	0x7F
SPI [1]	result	2.36462728	0.00000512	0x3A	0xFF
SPI [1]	result	2.36502618	0.00000512	0x00	0x00
SPI [1]	result	2.36503146	0.00000512	0x00	0x00
SPI [1]	result	2.36503674	0.00000512	0x00	0x00
SPI [1]	result	2.36504202	0.00000512	0x00	0x00
SPI [1]	result	2.36544346	0.00000512	0x08	0x00
SPI [1]	result	2.36544874	0.00000512	0x00	0x00
SPI [1]	result	2.36545402	0.00000512	0x89	0x07
SPI [1]	result	2.36545930	0.00000512	0xB8	0xFF
SPI [1]	result	2.40334861	0.00000512	0x00	0x00
SPI [1]	result	2.40335389	0.00000512	0x00	0x00
SPI [1]	result	2.40335917	0.00000512	0x08	0x00
SPI [1]	result	2.40336445	0.00000512	0x20	0x10
SPI [1]	result	2.40381189	0.00000512	0x0A	0x00
SPI [1]	result	2.40381717	0.00000512	0x10	0x0F
SPI [1]	result	2.40382245	0.00000512	0x80	0xFF
SPI [1]	result	2.40382773	0.00000512	0x32	0xFF
SPI [1]	result	2.40422889	0.00000512	0x00	0x00
SPI [1]	result	2.40423417	0.00000512	0x00	0x00
SPI [1]	result	2.40423945	0.00000512	0x00	0x00
SPI [1]	result	2.40424473	0.00000512	0x00	0x00
SPI [1]	result	2.40464591	0.00000512	0x08	0x00
SPI [1]	result	2.40465119	0.00000512	0x00	0x00
SPI [1]	result	2.40465647	0.00000512	0x88	0x07
SPI [1]	result	2.40466175	0.00000512	0x32	0xFF
SPI [1]	result	2.44333418	0.00000512	0x00	0x00
SPI [1]	result	2.44333946	0.00000512	0x00	0x00
SPI [1]	result	2.44334474	0.00000512	0x08	0x00
SPI [1]	result	2.44335002	0.00000512	0x20	0x00
SPI [1]	result	2.44375652	0.00000512	0x0B	0x00
SPI [1]	result	2.44376180	0.00000512	0x10	0x00
SPI [1]	result	2.44376708	0.00000512	0x80	0x00
SPI [1]	result	2.44377236	0.00000512	0x3A	0x00
SPI [1]	result	2.44417358	0.00000512	0x00	0x00
SPI [1]	result	2.44417886	0.00000512	0x00	0x00
SPI [1]	result	2.44418414	0.00000512	0x00	0x00
SPI [1]	result	2.44418942	0.00000512	0x00	0x00
SPI [1]	result	2.44459040	0.00000512	0x08	0x00
SPI [1]	result	2.44459568	0.00000512	0x00	0x00
SPI [1]	result	2.44460096	0.00000512	0x88	0x00
SPI [1]	result	2.44460624	0.00000512	0x32	0x00
SPI [1]	result	2.48333696	0.00000512	0x00	0xFF
SPI [1]	result	2.48334224	0.00000512	0x00	0xFF
SPI [1]	result	2.48334752	0.00000512	0x08	0xFF
SPI [1]	result	2.48335280	0.00000512	0x20	0xFF
SPI [1]	result	2.48376328	0.00000512	0x0C	0xFF
SPI [1]	result	2.48376856	0.00000512	0x10	0xFF
SPI [1]	result	2.48377384	0.00000512	0x80	0xFF
SPI [1]	result	2.48377912	0.00000512	0x02	0xFF
SPI [1]	result	2.48418413	0.00000512	0x00	0xFF
SPI [1]	result	2.48418941	0.00000512	0x00	0xFF
SPI [1]	result	2.48419469	0.00000512	0x09	0xFF
SPI [1]	result	2.48419997	0.00000512	0xA6	0xFF
SPI [1]	result	2.48460193	0.00000512	0x0D	0xFF
SPI [1]	result	2.48460721	0.00000512	0x00	0xFF
SPI [1]	result	2.48461249	0.00000512	0x88	0xFF
SPI [1]	result	2.48461777	0.00000512	0x1A	0xFF
SPI [1]	result	2.48501868	0.00000512	0x00	0xFF
SPI [1]	result	2.48502396	0.00000512	0x00	0xFF
SPI [1]	result	2.48502924	0.00000512	0x00	0xFF
SPI [1]	result	2.48503452	0.00000512	0x00	0xFF
SPI [1]	result	2.48543600	0.00000512	0x08	0xFF
SPI [1]	result	2.48544128	0.00000512	0x00	0xFF
SPI [1]	result	2.48544656	0.00000512	0x89	0xFF
SPI [1]	result	2.48545184	0.00000512	0xB8	0xFF
SPI [1]	result	2.52333627	0.00000512	0x00	0xFF
SPI [1]	result	2.52334155	0.00000512	0x00	0xFF
SPI [1]	result	2.52334683	0.00000512	0x08	0xFF
SPI [1]	result	2.52335211	0.00000512	0x20	0xFF
SPI [1]	result	2.52377079	0.00000512	0x0E	0xFF
SPI [1]	result	2.52377607	0.00000512	0x10	0xFF
SPI [1]	result	2.52378135	0.00000512	0x80	0xFF
SPI [1]	result	2.52378663	0.00000512	0x12	0xFF
SPI [1]	result	2.52418891	0.00000512	0x00	0x00
SPI [1]	result	2.52419419	0.00000512	0x00	0x00
SPI [1]	result	2.52419947	0.00000512	0x00	0x00
SPI [1]	result	2.52420475	0.00000512	0x00	0x00
SPI [1]	result	2.52460639	0.00000512	0x08	0x00
SPI [1]	result	2.52461167	0.00000512	0x00	0x00
SPI [1]	result	2.52461695	0.00000512	0x88	0x00
SPI [1]	result	2.52462223	0.00000512	0x32	0x00
SPI [1]	result	2.56333251	0.00000512	0x00	0x00
SPI [1]	result	2.56333779	0.00000512	0x00	0x00
SPI [1]	result	2.56334307	0.00000512	0x08	0x00
SPI [1]	result	2.56334835	0.00000512	0x20	0x10
SPI [1]	result	2.56374968	0.00000512	0x0F	0x00
SPI [1]	result	2.56375496	0.00000512	0x10	0x00
SPI [1]	result	2.56376024	0.00000512	0x80	0x7F
SPI [1]	result	2.56376552	0.00000512	0x1A	0xFF
SPI [1]	result	2.56416656	0.00000512	0x00	0x00
SPI [1]	result	2.56417184	0.00000512	0x00	0x00
SPI [1]	result	2.56417712	0.00000512	0x00	0x00
SPI [1]	result	2.56418240	0.00000512	0x00	0x00
SPI [1]	result	2.56458349	0.00000512	0x08	0x00
SPI [1]	result	2.56458877	0.00000512	0x00	0x00
SPI [1]	result	2.56459405	0.00000512	0x88	0x07
SPI [1]	result	2.56459933	0.00000512	0x32	0xFF
SPI [1]	result	2.60334558	0.00000512	0x00	0x00
SPI [1]	result	2.60335086	0.00000512	0x00	0x00
SPI [1]	result	2.60335614	0.00000512	0x08	0x00
SPI [1]	result	2.60336142	0.00000512	0x20	0x10
SPI [1]	result	2.60380873	0.00000512	0x08	0x00
SPI [1]	result	2.60381401	0.00000512	0x10	0x00
SPI [1]	result	2.60381929	0.00000512	0x80	0x7F
SPI [1]	result	2.60382457	0.00000512	0x22	0xFF
SPI [1]	result	2.60422624	0.00000512	0x00	0x00
SPI [1]	result	2.60423152	0.00000512	0x00	0x00
SPI [1]	result	2.60423680	0.00000512	0x09	0x00
SPI [1]	result	2.60424208	0.00000512	0xA6	0x7F
SPI [1]	result	2.60464404	0.00000512	0x09	0x00
SPI [1]	result	2.60464932	0.00000512	0x00	0x00
SPI [1]	result	2.60465460	0.00000512	0x88	0x7F
SPI [1]	result	2.60465988	0.00000512	0x3A	0xFF
SPI [1]	result	2.60506106	0.00000512	0x00	0x00
SPI [1]	result	2.60506634	0.00000512	0x00	0x00
SPI [1]	result	2.60507162	0.00000512	0x00	0x00
SPI [1]	result	2.60507690	0.00000512	0x00	0x00
SPI [1]	result	2.60547853	0.00000512	0x08	0x00
SPI [1]	result	2.60548381	0.00000512	0x00	0x00
SPI [1]	result	2.60548909	0.00000512	0x89	0x07
SPI [1]	result	2.60549437	0.00000512	0xB8	0xFF
SPI [1]	result	2.64333358	0.00000512	0x00	0x00
SPI [1]	result	2.64333886	0.00000512	0x00	0x00
SPI [1]	result	2.64334414	0.00000512	0x08	0x00
SPI [1]	result	2.64334942	0.00000512	0x20	0x00
SPI [1]	result	2.64381821	0.00000512	0x0A	0x00
SPI [1]	result	2.64382349	0.00000512	0x10	0x1F
SPI [1]	result	2.64382877	0.00000512	0x80	0xFF
SPI [1]	result	2.64383405	0.00000512	0x32	0xFF
SPI [1]	result	2.64425007	0.00000512	0x00	0x00
SPI [1]	result	2.64425535	0.00000512	0x00	0x00
SPI [1]	result	2.64426063	0.00000512	0x00	0x00
SPI [1]	result	2.64426591	0.00000512	0x00	0x00
SPI [1]	result	2.64466920	0.00000512	0x08	0x00
SPI [1]	result	2.64467448	0.00000512	0x00	0x00
SPI [1]	result	2.64467976	0.00000512	0x88	0x07
SPI [1]	result	2.64468504	0.00000512	0x32	0xFF
SPI [1]	result	2.68333708	0.00000512	0x00	0x00
SPI [1]	result	2.68334236	0.00000512	0x00	0x00
SPI [1]	result	2.68334764	0.00000512	0x08	0x00
SPI [1]	result	2.68335292	0.00000512	0x20	0x10
SPI [1]	result	2.68376807	0.00000512	0x0B	0x00
SPI [1]	result	2.68377335	0.00000512	0x10	0x1F
SPI [1]	result	2.68377863	0.00000512	0x80	0xFF
SPI [1]	result	2.68378391	0.00000512	0x3A	0xFF
SPI [1]	result	2.68418561	0.00000512	0x00	0x00
SPI [1]	result	2.68419089	0.00000512	0x00	0x00
SPI [1]	result	2.68419617	0.00000512	0x00	0x00
SPI [1]	result	2.68420145	0.00000512	0x00	0x00
SPI [1]	result	2.68460304	0.00000512	0x08	0x00
SPI [1]	result	2.68460832	0.00000512	0x00	0x00
SPI [1]	result	2.68461360	0.00000512	0x88	0x07
SPI [1]	result	2.68461888	0.00000512	0x32	0xFF
SPI [1]	result	2.72334304	0.00000512	0x00	0x00
SPI [1]	result	2.72334832	0.00000512	0x00	0x00
SPI [1]	result	2.72335360	0.00000512	0x08	0x00
SPI [1]	result	2.72335888	0.00000512	0x20	0x00
SPI [1]	result	2.72378258	0.00000512	0x0C	0x00
SPI [1]	result	2.72378786	0.00000512	0x10	0x00
SPI [1]	result	2.72379314	0.00000512	0x80	0x7F
SPI [1]	result	2.72379842	0.00000512	0x02	0xE7
SPI [1]	result	2.72420135	0.00000512	0x00	0x00
SPI [1]	result	2.72420663	0.00000512	0x00	0x00
SPI [1]	result	2.72421191	0.00000512	0x09	0x00
SPI [1]	result	2.72421719	0.00000512	0xA6	0x7F
SPI [1]	result	2.72461907	0.00000512	0x0D	0x00
SPI [1]	result	2.72462435	0.00000512	0x00	0x00
SPI [1]	result	2.72462963	0.00000512	0x88	0x7F
SPI [1]	result	2.72463491	0.00000512	0x1A	0xFF
SPI [1]	result	2.72503649	0.00000512	0x00	0x00
SPI [1]	result	2.72504177	0.00000512	0x00	0x00
SPI [1]	result	2.72504705	0.00000512	0x00	0x00
SPI [1]	result	2.72505233	0.00000512	0x00	0x00
SPI [1]	result	2.72545334	0.00000512	0x08	0x00
SPI [1]	result	2.72545862	0.00000512	0x00	0x00
SPI [1]	result	2.72546390	0.00000512	0x89	0x07
SPI [1]	result	2.72546918	0.00000512	0xB8	0xFF
SPI [1]	result	2.76333873	0.00000512	0x00	0x00
SPI [1]	result	2.76334401	0.00000512	0x00	0x00
SPI [1]	result	2.76334929	0.00000512	0x08	0x00
SPI [1]	result	2.76335457	0.00000512	0x20	0x10
SPI [1]	result	2.76377679	0.00000512	0x0E	0x00
SPI [1]	result	2.76378207	0.00000512	0x10	0x00
SPI [1]	result	2.76378735	0.00000512	0x80	0xFF
SPI [1]	result	2.76379263	0.00000512	0x12	0xFF
SPI [1]	result	2.76419577	0.00000512	0x00	0x00
SPI [1]	result	2.76420105	0.00000512	0x00	0x00
SPI [1]	result	2.76420633	0.00000512	0x00	0x00
SPI [1]	result	2.76421161	0.00000512	0x00	0x00
SPI [1]	result	2.76461400	0.00000512	0x08	0x00
SPI [1]	result	2.76461928	0.00000512	0x00	0x00
SPI [1]	result	2.76462456	0.00000512	0x88	0x07
SPI [1]	result	2.76462984	0.00000512	0x32	0xFF
SPI [1]	result	2.80334806	0.00000512	0x00	0x00
SPI [1]	result	2.80335334	0.00000512	0x00	0x00
SPI [1]	result	2.80335862	0.00000512	0x08	0x00
SPI [1]	result	2.80336390	0.00000512	0x20	0x10
SPI [1]	result	2.80381517	0.00000512	0x0F	0x00
SPI [1]	result	2.80382045	0.00000512	0x10	0x00
SPI [1]	result	2.80382573	0.00000512	0x80	0x7F
SPI [1]	result	2.80383101	0.00000512	0x1A	0xFF
SPI [1]	result	2.80423612	0.00000512	0x00	0x00
SPI [1]	result	2.80424140	0.00000512	0x00	0x00
SPI [1]	result	2.80424668	0.00000512	0x00	0x00
SPI [1]	result	2.80425196	0.00000512	0x00	0x00
SPI [1]	result	2.80465420	0.00000512	0x08	0x00
SPI [1]	result	2.80465948	0.00000512	0x00	0x00
SPI [1]	result	2.80466476	0.00000512	0x88	0x07
SPI [1]	result	2.80467004	0.00000512	0x32	0xFF
SPI [1]	result	2.84333978	0.00000512	0x00	0x00
SPI [1]	result	2.84334506	0.00000512	0x00	0x00
SPI [1]	result	2.84335034	0.00000512	0x08	0x00
SPI [1]	result	2.84335562	0.00000512	0x20	0x10
SPI [1]	result	2.84377504	0.00000512	0x08	0x00
SPI [1]	result	2.84378032	0.00000512	0x10	0x00
SPI [1]	result	2.84378560	0.00000512	0x80	0x7F
SPI [1]	result	2.84379088	0.00000512	0x22	0xFF
SPI [1]	result	2.84419462	0.00000512	0x00	0x00
SPI [1]	result	2.84419990	0.00000512	0x00	0x00
SPI [1]	result	2.84420518	0.00000512	0x09	0x00
SPI [1]	result	2.84421046	0.00000512	0xA6	0x7F
SPI [1]	result	2.84461794	0.00000512	0x09	0x00
SPI [1]	result	2.84462322	0.00000512	0x00	0x00
SPI [1]	result	2.84462850	0.00000512	0x88	0x7F
SPI [1]	result	2.84463378	0.00000512	0x3A	0xFF
SPI [1]	result	2.84503495	0.00000512	0x00	0x00
SPI [1]	result	2.84504023	0.00000512	0x00	0x00
SPI [1]	result	2.84504551	0.00000512	0x00	0x00
SPI [1]	result	2.84505079	0.00000512	0x00	0x00
SPI [1]	result	2.84545260	0.00000512	0x08	0x00
SPI [1]	result	2.84545788	0.00000512	0x00	0x00
SPI [1]	result	2.84546316	0.00000512	0x89	0x0F
SPI [1]	result	2.84546844	0.00000512	0xB8	0xFF
SPI [1]	result	2.88333585	0.00000512	0x00	0x00
SPI [1]	result	2.88334113	0.00000512	0x00	0x00
SPI [1]	result	2.88334641	0.00000512	0x08	0x00
SPI [1]	result	2.88335169	0.00000512	0x20	0x00
SPI [1]	result	2.88376252	0.00000512	0x0A	0x00
SPI [1]	result	2.88376780	0.00000512	0x10	0x0F
SPI [1]	result	2.88377308	0.00000512	0x80	0xFF
SPI [1]	result	2.88377836	0.00000512	0x32	0xFF
SPI [1]	result	2.88418060	0.00000512	0x00	0x00
SPI [1]	result	2.88418588	0.00000512	0x00	0x00
SPI [1]	result	2.88419116	0.00000512	0x00	0x00
SPI [1]	result	2.88419644	0.00000512	0x00	0x00
SPI [1]	result	2.88459752	0.00000512	0x08	0x00
SPI [1]	result	2.88460280	0.00000512	0x00	0x00
SPI [1]	result	2.88460808	0.00000512	0x88	0x03
SPI [1]	result	2.88461336	0.00000512	0x32	0xFF
SPI [1]	result	2.92333202	0.00000512	0x00	0x00
SPI [1]	result	2.92333730	0.00000512	0x00	0x00
SPI [1]	result	2.92334258	0.00000512	0x08	0x00
SPI [1]	result	2.92334786	0.00000512	0x20	0x00
SPI [1]	result	2.92375169	0.00000512	0x0B	0x00
SPI [1]	result	2.92375697	0.00000512	0x10	0x0F
SPI [1]	result	2.92376225	0.00000512	0x80	0xFF
SPI [1]	result	2.92376753	0.00000512	0x3A	0xFF
SPI [1]	result	2.92416914	0.00000512	0x00	0x00
SPI [1]	result	2.92417442	0.00000512	0x00	0x00
SPI [1]	result	2.92417970	0.00000512	0x00	0x00
SPI [1]	result	2.92418498	0.00000512	0x00	0x00
SPI [1]	result	2.92458613	0.00000512	0x08	0x00
SPI [1]	result	2.92459141	0.00000512	0x00	0x00
SPI [1]	result	2.92459669	0.00000512	0x88	0x07
SPI [1]	result	2.92460197	0.00000512	0x32	0xFF
SPI [1]	result	2.96333480	0.00000512	0x00	0x00
SPI [1]	result	2.96334008	0.00000512	0x00	0x00
SPI [1]	result	2.96334536	0.00000512	0x08	0x00
SPI [1]	result	2.96335064	0.00000512	0x20	0x10
SPI [1]	result	2.96375215	0.00000512	0x0C	0x00
SPI [1]	result	2.96375743	0.00000512	0x10	0x00
SPI [1]	result	2.96376271	0.00000512	0x80	0x7F
SPI [1]	result	2.96376799	0.00000512	0x02	0xFF
SPI [1]	result	2.96416936	0.00000512	0x00	0x00
SPI [1]	result	2.96417464	0.00000512	0x00	0x00
SPI [1]	result	2.96417992	0.00000512	0x09	0x00
SPI [1]	result	2.96418520	0.00000512	0xA6	0x7F
SPI [1]	result	2.96458585	0.00000512	0x0D	0x00
SPI [1]	result	2.96459113	0.00000512	0x00	0x00
SPI [1]	result	2.96459641	0.00000512	0x88	0x7F
SPI [1]	result	2.96460169	0.00000512	0x1A	0xFF
SPI [1]	result	2.96500306	0.00000512	0x00	0x00
SPI [1]	result	2.96500834	0.00000512	0x00	0x00
SPI [1]	result	2.96501362	0.00000512	0x00	0x00
SPI [1]	result	2.96501890	0.00000512	0x00	0x00
SPI [1]	result	2.96541976	0.00000512	0x08	0x00
SPI [1]	result	2.96542504	0.00000512	0x00	0x00
SPI [1]	result	2.96543032	0.00000512	0x89	0x07
SPI [1]	result	2.96543560	0.00000512	0xB8	0xFF
SPI [1]	result	3.00334054	0.00000512	0x00	0x00
SPI [1]	result	3.00334582	0.00000512	0x00	0x00
SPI [1]	result	3.00335110	0.00000512	0x08	0x00
SPI [1]	result	3.00335638	0.00000512	0x20	0x00
SPI [1]	result	3.00379728	0.00000512	0x0E	0x00
SPI [1]	result	3.00380256	0.00000512	0x10	0x00
SPI [1]	result	3.00380784	0.00000512	0x80	0x7F
SPI [1]	result	3.00381312	0.00000512	0x12	0xFF
SPI [1]	result	3.00423384	0.00000512	0x00	0x00
SPI [1]	result	3.00423912	0.00000512	0x00	0x00
SPI [1]	result	3.00424440	0.00000512	0x00	0x00
SPI [1]	result	3.00424968	0.00000512	0x00	0x00
SPI [1]	result	3.00475584	0.00000512	0x08	0x00
SPI [1]	result	3.00476112	0.00000512	0x00	0x00
SPI [1]	result	3.00476640	0.00000512	0x88	0x07
SPI [1]	result	3.00477168	0.00000512	0x32	0xFF
SPI [1]	result	3.04334196	0.00000512	0x00	0x00
SPI [1]	result	3.04334724	0.00000512	0x00	0x00
SPI [1]	result	3.04335252	0.00000512	0x08	0x00
SPI [1]	result	3.04335780	0.00000512	0x20	0x00
SPI [1]	result	3.04378908	0.00000512	0x0F	0x00
SPI [1]	result	3.04379436	0.00000512	0x10	0x00
SPI [1]	result	3.04379964	0.00000512	0x80	0xFF
SPI [1]	result	3.04380492	0.00000512	0x1A	0xFF
SPI [1]	result	3.04420743	0.00000512	0x00	0x00
SPI [1]	result	3.04421271	0.00000512	0x00	0x00
SPI [1]	result	3.04421799	0.00000512	0x00	0x00
SPI [1]	result	3.04422327	0.00000512	0x00	0x00
SPI [1]	result	3.04462536	0.00000512	0x08	0x00
SPI [1]	result	3.04463064	0.00000512	0x00	0x00
SPI [1]	result	3.04463592	0.00000512	0x88	0x07
SPI [1]	result	3.04464120	0.00000512	0x32	0xFF
SPI [1]	result	3.08335057	0.00000512	0x00	0x00
SPI [1]	result	3.08335585	0.00000512	0x00	0x00
SPI [1]	result	3.08336113	0.00000512	0x08	0x00
SPI [1]	result	3.08336641	0.00000512	0x20	0x00
SPI [1]	result	3.08382757	0.00000512	0x08	0x00
SPI [1]	result	3.08383285	0.00000512	0x10	0x00
SPI [1]	result	3.08383813	0.00000512	0x80	0x7F
SPI [1]	result	3.08384341	0.00000512	0x22	0xFF
SPI [1]	result	3.08424913	0.00000512	0x00	0x00
SPI [1]	result	3.08425441	0.00000512	0x00	0x00
SPI [1]	result	3.08425969	0.00000512	0x09	0x00
SPI [1]	result	3.08426497	0.00000512	0xA6	0x7F
SPI [1]	result	3.08467975	0.00000512	0x09	0x00
SPI [1]	result	3.08468503	0.00000512	0x00	0x00
SPI [1]	result	3.08469031	0.00000512	0x88	0x7F
SPI [1]	result	3.08469559	0.00000512	0x3A	0xFF
SPI [1]	result	3.08513027	0.00000512	0x00	0x00
SPI [1]	result	3.08513555	0.00000512	0x00	0x00
SPI [1]	result	3.08514083	0.00000512	0x00	0x00
SPI [1]	result	3.08514611	0.00000512	0x00	0x00
SPI [1]	result	3.08556500	0.00000512	0x08	0x00
SPI [1]	result	3.08557028	0.00000512	0x00	0x00
SPI [1]	result	3.08557556	0.00000512	0x89	0x07
SPI [1]	result	3.08558084	0.00000512	0xB8	0xFF
SPI [1]	result	3.12334572	0.00000512	0x00	0x00
SPI [1]	result	3.12335100	0.00000512	0x00	0x00
SPI [1]	result	3.12335628	0.00000512	0x08	0x00
SPI [1]	result	3.12336156	0.00000512	0x20	0x10
SPI [1]	result	3.12379746	0.00000512	0x0A	0x00
SPI [1]	result	3.12380274	0.00000512	0x10	0x0F
SPI [1]	result	3.12380802	0.00000512	0x80	0xFF
SPI [1]	result	3.12381330	0.00000512	0x32	0xFF
SPI [1]	result	3.12421521	0.00000512	0x00	0x00
SPI [1]	result	3.12422049	0.00000512	0x00	0x00
SPI [1]	result	3.12422577	0.00000512	0x00	0x00
SPI [1]	result	3.12423105	0.00000512	0x00	0x00
SPI [1]	result	3.12463090	0.00000512	0x08	0x00
SPI [1]	result	3.12463618	0.00000512	0x00	0x00
SPI [1]	result	3.12464146	0.00000512	0x88	0x07
SPI [1]	result	3.12464674	0.00000512	0x32	0xFF
SPI [1]	result	3.16336124	0.00000512	0x00	0x00
SPI [1]	result	3.16336652	0.00000512	0x00	0x00
SPI [1]	result	3.16337180	0.00000512	0x08	0x00
SPI [1]	result	3.16337708	0.00000512	0x20	0x10
SPI [1]	result	3.16386216	0.00000512	0x0B	0x00
SPI [1]	result	3.16386744	0.00000512	0x10	0x0F
SPI [1]	result	3.16387272	0.00000512	0x80	0xFF
SPI [1]	result	3.16387800	0.00000512	0x3A	0xFF
SPI [1]	result	3.16428113	0.00000512	0x00	0x00
SPI [1]	result	3.16428641	0.00000512	0x00	0x00
SPI [1]	result	3.16429169	0.00000512	0x00	0x00
SPI [1]	result	3.16429697	0.00000512	0x00	0x00
SPI [1]	result	3.16469702	0.00000512	0x08	0x00
SPI [1]	result	3.16470230	0.00000512	0x00	0x00
SPI [1]	result	3.16470758	0.00000512	0x88	0x07
SPI [1]	result	3.16471286	0.00000512	0x32	0xFF
SPI [1]	result	3.20333598	0.00000512	0x00	0x00
SPI [1]	result	3.20334126	0.00000512	0x00	0x00
SPI [1]	result	3.20334654	0.00000512	0x08	0x00
SPI [1]	result	3.20335182	0.00000512	0x20	0x10
SPI [1]	result	3.20375809	0.00000512	0x0C	0x00
SPI [1]	result	3.20376337	0.00000512	0x10	0x00
SPI [1]	result	3.20376865	0.00000512	0x80	0xFF
SPI [1]	result	3.20377393	0.00000512	0x02	0xFF
SPI [1]	result	3.20417387	0.00000512	0x00	0x00
SPI [1]	result	3.20417915	0.00000512	0x00	0x00
SPI [1]	result	3.20418443	0.00000512	0x09	0x00
SPI [1]	result	3.20418971	0.00000512	0xA6	0x7F
SPI [1]	result	3.20458923	0.00000512	0x0D	0x00
SPI [1]	result	3.20459451	0.00000512	0x00	0x00
SPI [1]	result	3.20459979	0.00000512	0x88	0x7F
SPI [1]	result	3.20460507	0.00000512	0x1A	0xFF
SPI [1]	result	3.20500698	0.00000512	0x00	0x00
SPI [1]	result	3.20501226	0.00000512	0x00	0x00
SPI [1]	result	3.20501754	0.00000512	0x00	0x00
SPI [1]	result	3.20502282	0.00000512	0x00	0x00
SPI [1]	result	3.20542043	0.00000512	0x08	0x00
SPI [1]	result	3.20542571	0.00000512	0x00	0x00
SPI [1]	result	3.20543099	0.00000512	0x89	0x07
SPI [1]	result	3.20543627	0.00000512	0xB8	0xFF
SPI [1]	result	3.24333783	0.00000512	0x00	0x00
SPI [1]	result	3.24334311	0.00000512	0x00	0x00
SPI [1]	result	3.24334839	0.00000512	0x08	0x00
SPI [1]	result	3.24335367	0.00000512	0x20	0x10
SPI [1]	result	3.24377157	0.00000512	0x0E	0x00
SPI [1]	result	3.24377685	0.00000512	0x10	0x00
SPI [1]	result	3.24378213	0.00000512	0x80	0xFF
SPI [1]	result	3.24378741	0.00000512	0x12	0xFF
SPI [1]	result	3.24418911	0.00000512	0x00	0x00
SPI [1]	result	3.24419439	0.00000512	0x00	0x00
SPI [1]	result	3.24419967	0.00000512	0x00	0x00
SPI [1]	result	3.24420495	0.00000512	0x00	0x00
SPI [1]	result	3.24460514	0.00000512	0x08	0x00
SPI [1]	result	3.24461042	0.00000512	0x00	0x00
SPI [1]	result	3.24461570	0.00000512	0x88	0x07
SPI [1]	result	3.24462098	0.00000512	0x32	0xFF
SPI [1]	result	3.28334655	0.00000512	0x00	0x00
SPI [1]	result	3.28335183	0.00000512	0x00	0x00
SPI [1]	result	3.28335711	0.00000512	0x08	0x00
SPI [1]	result	3.28336239	0.00000512	0x20	0x10
SPI [1]	result	3.28380185	0.00000512	0x0F	0x00
SPI [1]	result	3.28380713	0.00000512	0x10	0x00
SPI [1]	result	3.28381241	0.00000512	0x80	0xFF
SPI [1]	result	3.28381769	0.00000512	0x1A	0xFF
SPI [1]	result	3.28421911	0.00000512	0x00	0x00
SPI [1]	result	3.28422439	0.00000512	0x00	0x00
SPI [1]	result	3.28422967	0.00000512	0x00	0x00
SPI [1]	result	3.28423495	0.00000512	0x00	0x00
SPI [1]	result	3.28463600	0.00000512	0x08	0x00
SPI [1]	result	3.28464128	0.00000512	0x00	0x00
SPI [1]	result	3.28464656	0.00000512	0x88	0x07
SPI [1]	result	3.28465184	0.00000512	0x32	0xFF
SPI [1]	result	3.32333669	0.00000512	0x00	0x00
SPI [1]	result	3.32334197	0.00000512	0x00	0x00
SPI [1]	result	3.32334725	0.00000512	0x08	0x00
SPI [1]	result	3.32335253	0.00000512	0x20	0x00
SPI [1]	result	3.32375739	0.00000512	0x08	0x00
SPI [1]	result	3.32376267	0.00000512	0x10	0x00
SPI [1]	result	3.32376795	0.00000512	0x80	0x7F
SPI [1]	result	3.32377323	0.00000512	0x22	0xFF
SPI [1]	result	3.32417185	0.00000512	0x00	0x00
SPI [1]	result	3.32417713	0.00000512	0x00	0x00
SPI [1]	result	3.32418241	0.00000512	0x09	0x00
SPI [1]	result	3.32418769	0.00000512	0xA6	0x7F
SPI [1]	result	3.32458919	0.00000512	0x09	0x00
SPI [1]	result	3.32459447	0.00000512	0x00	0x00
SPI [1]	result	3.32459975	0.00000512	0x88	0x7F
SPI [1]	result	3.32460503	0.00000512	0x3A	0xFF
SPI [1]	result	3.32500620	0.00000512	0x00	0x00
SPI [1]	result	3.32501148	0.00000512	0x00	0x00
SPI [1]	result	3.32501676	0.00000512	0x00	0x00
SPI [1]	result	3.32502204	0.00000512	0x00	0x00
SPI [1]	result	3.32542335	0.00000512	0x08	0x00
SPI [1]	result	3.32542863	0.00000512	0x00	0x00
SPI [1]	result	3.32543391	0.00000512	0x89	0x07
SPI [1]	result	3.32543919	0.00000512	0xB8	0xFF
SPI [1]	result	3.36333457	0.00000512	0x00	0x00
SPI [1]	result	3.36333985	0.00000512	0x00	0x00
SPI [1]	result	3.36334513	0.00000512	0x08	0x00
SPI [1]	result	3.36335041	0.00000512	0x20	0x02
SPI [1]	result	3.36376139	0.00000512	0x0A	0x00
SPI [1]	result	3.36376667	0.00000512	0x10	0x0F
SPI [1]	result	3.36377195	0.00000512	0x80	0xFF
SPI [1]	result	3.36377723	0.00000512	0x32	0xFF
SPI [1]	result	3.36417904	0.00000512	0x00	0x00
SPI [1]	result	3.36418432	0.00000512	0x00	0x00
SPI [1]	result	3.36418960	0.00000512	0x00	0x00
SPI [1]	result	3.36419488	0.00000512	0x00	0x00
SPI [1]	result	3.36459651	0.00000512	0x08	0x00
SPI [1]	result	3.36460179	0.00000512	0x00	0x00
SPI [1]	result	3.36460707	0.00000512	0x88	0x07
SPI [1]	result	3.36461235	0.00000512	0x32	0xFF
SPI [1]	result	3.40335383	0.00000512	0x00	0x00
SPI [1]	result	3.40335911	0.00000512	0x00	0x00
SPI [1]	result	3.40336439	0.00000512	0x08	0x00
SPI [1]	result	3.40336967	0.00000512	0x20	0x00
SPI [1]	result	3.40385113	0.00000512	0x0B	0x00
SPI [1]	result	3.40385641	0.00000512	0x10	0x1F
SPI [1]	result	3.40386169	0.00000512	0x80	0xFF
SPI [1]	result	3.40386697	0.00000512	0x3A	0xFF
SPI [1]	result	3.40428617	0.00000512	0x00	0x00
SPI [1]	result	3.40429145	0.00000512	0x00	0x00
SPI [1]	result	3.40429673	0.00000512	0x00	0x00
SPI [1]	result	3.40430201	0.00000512	0x00	0x00
SPI [1]	result	3.40473645	0.00000512	0x08	0x00
SPI [1]	result	3.40474173	0.00000512	0x00	0x00
SPI [1]	result	3.40474701	0.00000512	0x88	0x07
SPI [1]	result	3.40475229	0.00000512	0x32	0xFF
SPI [1]	result	3.44334966	0.00000512	0x00	0x00
SPI [1]	result	3.44335494	0.00000512	0x00	0x00
SPI [1]	result	3.44336022	0.00000512	0x08	0x00
SPI [1]	result	3.44336550	0.00000512	0x20	0x00
SPI [1]	result	3.44381043	0.00000512	0x0C	0x00
SPI [1]	result	3.44381571	0.00000512	0x10	0x00
SPI [1]	result	3.44382099	0.00000512	0x80	0x7F
SPI [1]	result	3.44382627	0.00000512	0x02	0xFF
SPI [1]	result	3.44423051	0.00000512	0x00	0x00
SPI [1]	result	3.44423579	0.00000512	0x00	0x00
SPI [1]	result	3.44424107	0.00000512	0x09	0x00
SPI [1]	result	3.44424635	0.00000512	0xA6	0x7F
SPI [1]	result	3.44464540	0.00000512	0x0D	0x00
SPI [1]	result	3.44465068	0.00000512	0x00	0x00
SPI [1]	result	3.44465596	0.00000512	0x88	0x7F
SPI [1]	result	3.44466124	0.00000512	0x1A	0xFF
SPI [1]	result	3.44506313	0.00000512	0x00	0x00
SPI [1]	result	3.44506841	0.00000512	0x00	0x00
SPI [1]	result	3.44507369	0.00000512	0x00	0x00
SPI [1]	result	3.44507897	0.00000512	0x00	0x00
SPI [1]	result	3.44548022	0.00000512	0x08	0x00
SPI [1]	result	3.44548550	0.00000512	0x00	0x00
SPI [1]	result	3.44549078	0.00000512	0x89	0x07
SPI [1]	result	3.44549606	0.00000512	0xB8	0xFF
SPI [1]	result	3.48334291	0.00000512	0x00	0x00
SPI [1]	result	3.48334819	0.00000512	0x00	0x00
SPI [1]	result	3.48335347	0.00000512	0x08	0x00
SPI [1]	result	3.48335875	0.00000512	0x20	0x10
SPI [1]	result	3.48379202	0.00000512	0x0E	0x00
SPI [1]	result	3.48379730	0.00000512	0x10	0x00
SPI [1]	result	3.48380258	0.00000512	0x80	0x7F
SPI [1]	result	3.48380786	0.00000512	0x12	0xFF
SPI [1]	result	3.48420771	0.00000512	0x00	0x00
SPI [1]	result	3.48421299	0.00000512	0x00	0x00
SPI [1]	result	3.48421827	0.00000512	0x00	0x00
SPI [1]	result	3.48422355	0.00000512	0x00	0x00
SPI [1]	result	3.48462511	0.00000512	0x08	0x00
SPI [1]	result	3.48463039	0.00000512	0x00	0x00
SPI [1]	result	3.48463567	0.00000512	0x88	0x07
SPI [1]	result	3.48464095	0.00000512	0x32	0xFF
SPI [1]	result	3.52334808	0.00000512	0x00	0x00
SPI [1]	result	3.52335336	0.00000512	0x00	0x00
SPI [1]	result	3.52335864	0.00000512	0x08	0x00
SPI [1]	result	3.52336392	0.00000512	0x20	0x10
SPI [1]	result	3.52381286	0.00000512	0x0F	0x00
SPI [1]	result	3.52381814	0.00000512	0x10	0x00
SPI [1]	result	3.52382342	0.00000512	0x80	0xFF
SPI [1]	result	3.52382870	0.00000512	0x1A	0xFF
SPI [1]	result	3.52423169	0.00000512	0x00	0x00
SPI [1]	result	3.52423697	0.00000512	0x00	0x00
SPI [1]	result	3.52424225	0.00000512	0x00	0x00
SPI [1]	result	3.52424753	0.00000512	0x00	0x00
SPI [1]	result	3.52464492	0.00000512	0x08	0x00
SPI [1]	result	3.52465020	0.00000512	0x00	0x00
SPI [1]	result	3.52465548	0.00000512	0x88	0x07
SPI [1]	result	3.52466076	0.00000512	0x32	0xFF
SPI [1]	result	3.56333487	0.00000512	0x00	0x00
SPI [1]	result	3.56334015	0.00000512	0x00	0x00
SPI [1]	result	3.56334543	0.00000512	0x08	0x00
SPI [1]	result	3.56335071	0.00000512	0x20	0x10
SPI [1]	result	3.56375549	0.00000512	0x08	0x00
SPI [1]	result	3.56376077	0.00000512	0x10	0x00
SPI [1]	result	3.56376605	0.00000512	0x80	0x7F
SPI [1]	result	3.56377133	0.00000512	0x22	0xFF
SPI [1]	result	3.56417103	0.00000512	0x00	0x00
SPI [1]	result	3.56417631	0.00000512	0x00	0x00
SPI [1]	result	3.56418159	0.00000512	0x09	0x00
SPI [1]	result	3.56418687	0.00000512	0xA6	0x7F
SPI [1]	result	3.56458665	0.00000512	0x09	0x00
SPI [1]	result	3.56459193	0.00000512	0x00	0x00
SPI [1]	result	3.56459721	0.00000512	0x88	0x7F
SPI [1]	result	3.56460249	0.00000512	0x3A	0xFF
SPI [1]	result	3.56500180	0.00000512	0x00	0x00
SPI [1]	result	3.56500708	0.00000512	0x00	0x00
SPI [1]	result	3.56501236	0.00000512	0x00	0x00
SPI [1]	result	3.56501764	0.00000512	0x00	0x00
SPI [1]	result	3.56541597	0.00000512	0x08	0x00
SPI [1]	result	3.56542125	0.00000512	0x00	0x00
SPI [1]	result	3.56542653	0.00000512	0x89	0x07
SPI [1]	result	3.56543181	0.00000512	0xB8	0xFF
SPI [1]	result	3.60334371	0.00000512	0x00	0x00
SPI [1]	result	3.60334899	0.00000512	0x00	0x00
SPI [1]	result	3.60335427	0.00000512	0x08	0x00
SPI [1]	result	3.60335955	0.00000512	0x20	0x10
SPI [1]	result	3.60380084	0.00000512	0x0A	0x00
SPI [1]	result	3.60380612	0.00000512	0x10	0x0F
SPI [1]	result	3.60381140	0.00000512	0x80	0xFF
SPI [1]	result	3.60381668	0.00000512	0x32	0xFF
SPI [1]	result	3.60421890	0.00000512	0x00	0x00
SPI [1]	result	3.60422418	0.00000512	0x00	0x00
SPI [1]	result	3.60422946	0.00000512	0x00	0x00
SPI [1]	result	3.60423474	0.00000512	0x00	0x00
SPI [1]	result	3.60463587	0.00000512	0x08	0x00
SPI [1]	result	3.60464115	0.00000512	0x00	0x00
SPI [1]	result	3.60464643	0.00000512	0x88	0x07
SPI [1]	result	3.60465171	0.00000512	0x32	0xFF
SPI [1]	result	3.64333247	0.00000512	0x00	0x00
SPI [1]	result	3.64333775	0.00000512	0x00	0x00
SPI [1]	result	3.64334303	0.00000512	0x08	0x00
SPI [1]	result	3.64334831	0.00000512	0x20	0x10
SPI [1]	result	3.64375088	0.00000512	0x0B	0x00
SPI [1]	result	3.64375616	0.00000512	0x10	0x1F
SPI [1]	result	3.64376144	0.00000512	0x80	0xFF
SPI [1]	result	3.64376672	0.00000512	0x3A	0xFF
SPI [1]	result	3.64416654	0.00000512	0x00	0x00
SPI [1]	result	3.64417182	0.00000512	0x00	0x00
SPI [1]	result	3.64417710	0.00000512	0x00	0x00
SPI [1]	result	3.64418238	0.00000512	0x00	0x00
SPI [1]	result	3.64458195	0.00000512	0x08	0x00
SPI [1]	result	3.64458723	0.00000512	0x00	0x00
SPI [1]	result	3.64459251	0.00000512	0x88	0x07
SPI [1]	result	3.64459779	0.00000512	0x32	0xFF
SPI [1]	result	3.68333922	0.00000512	0x00	0x00
SPI [1]	result	3.68334450	0.00000512	0x00	0x00
SPI [1]	result	3.68334978	0.00000512	0x08	0x00
SPI [1]	result	3.68335506	0.00000512	0x20	0x10
SPI [1]	result	3.68377220	0.00000512	0x0C	0x00
SPI [1]	result	3.68377748	0.00000512	0x10	0x00
SPI [1]	result	3.68378276	0.00000512	0x80	0xFF
SPI [1]	result	3.68378804	0.00000512	0x02	0xFF
SPI [1]	result	3.68418689	0.00000512	0x00	0x00
SPI [1]	result	3.68419217	0.00000512	0x00	0x00
SPI [1]	result	3.68419745	0.00000512	0x09	0x00
SPI [1]	result	3.68420273	0.00000512	0xA6	0x7F
SPI [1]	result	3.68460256	0.00000512	0x0D	0x00
SPI [1]	result	3.68460784	0.00000512	0x00	0x00
SPI [1]	result	3.68461312	0.00000512	0x88	0x7F
SPI [1]	result	3.68461840	0.00000512	0x1A	0xFF
SPI [1]	result	3.68501773	0.00000512	0x00	0x00
SPI [1]	result	3.68502301	0.00000512	0x00	0x00
SPI [1]	result	3.68502829	0.00000512	0x00	0x00
SPI [1]	result	3.68503357	0.00000512	0x00	0x00
SPI [1]	result	3.68543424	0.00000512	0x08	0x00
SPI [1]	result	3.68543952	0.00000512	0x00	0x00
SPI [1]	result	3.68544480	0.00000512	0x89	0x07
SPI [1]	result	3.68545008	0.00000512	0xB8	0xFF
SPI [1]	result	3.72333357	0.00000512	0x00	0x00
SPI [1]	result	3.72333885	0.00000512	0x00	0x00
SPI [1]	result	3.72334413	0.00000512	0x08	0x00
SPI [1]	result	3.72334941	0.00000512	0x20	0x00
SPI [1]	result	3.72375944	0.00000512	0x0E	0x00
SPI [1]	result	3.72376472	0.00000512	0x10	0x00
SPI [1]	result	3.72377000	0.00000512	0x80	0x7F
SPI [1]	result	3.72377528	0.00000512	0x12	0xFF
SPI [1]	result	3.72417454	0.00000512	0x00	0x00
SPI [1]	result	3.72417982	0.00000512	0x00	0x00
SPI [1]	result	3.72418510	0.00000512	0x00	0x00
SPI [1]	result	3.72419038	0.00000512	0x00	0x00
SPI [1]	result	3.72459125	0.00000512	0x08	0x00
SPI [1]	result	3.72459653	0.00000512	0x00	0x00
SPI [1]	result	3.72460181	0.00000512	0x88	0x07
SPI [1]	result	3.72460709	0.00000512	0x32	0xFF
SPI [1]	result	3.76333774	0.00000512	0x00	0x00
SPI [1]	result	3.76334302	0.00000512	0x00	0x00
SPI [1]	result	3.76334830	0.00000512	0x08	0x00
SPI [1]	result	3.76335358	0.00000512	0x20	0x10
SPI [1]	result	3.76376900	0.00000512	0x0F	0x00
SPI [1]	result	3.76377428	0.00000512	0x10	0x00
SPI [1]	result	3.76377956	0.00000512	0x80	0xFF
SPI [1]	result	3.76378484	0.00000512	0x1A	0xFF
SPI [1]	result	3.76425556	0.00000512	0x00	0x00
SPI [1]	result	3.76426084	0.00000512	0x00	0x00
SPI [1]	result	3.76426612	0.00000512	0x00	0x00
SPI [1]	result	3.76427140	0.00000512	0x00	0x00
SPI [1]	result	3.76469125	0.00000512	0x08	0x00
SPI [1]	result	3.76469653	0.00000512	0x00	0x00
SPI [1]	result	3.76470181	0.00000512	0x88	0x07
SPI [1]	result	3.76470709	0.00000512	0x32	0xFF
SPI [1]	result	3.80334507	0.00000512	0x00	0x00
SPI [1]	result	3.80335035	0.00000512	0x00	0x00
SPI [1]	result	3.80335563	0.00000512	0x08	0x00
SPI [1]	result	3.80336091	0.00000512	0x20	0x10
SPI [1]	result	3.80379123	0.00000512	0x08	0x00
SPI [1]	result	3.80379651	0.00000512	0x10	0x00
SPI [1]	result	3.80380179	0.00000512	0x80	0xFF
SPI [1]	result	3.80380707	0.00000512	0x22	0xFF
SPI [1]	result	3.80420947	0.00000512	0x00	0x00
SPI [1]	result	3.80421475	0.00000512	0x00	0x00
SPI [1]	result	3.80422003	0.00000512	0x09	0x00
SPI [1]	result	3.80422531	0.00000512	0xA6	0x7F
SPI [1]	result	3.80462524	0.00000512	0x09	0x00
SPI [1]	result	3.80463052	0.00000512	0x00	0x00
SPI [1]	result	3.80463580	0.00000512	0x88	0x7F
SPI [1]	result	3.80464108	0.00000512	0x3A	0xFF
SPI [1]	result	3.80504411	0.00000512	0x00	0x00
SPI [1]	result	3.80504939	0.00000512	0x00	0x00
SPI [1]	result	3.80505467	0.00000512	0x00	0x00
SPI [1]	result	3.80505995	0.00000512	0x00	0x00
SPI [1]	result	3.80545687	0.00000512	0x08	0x00
SPI [1]	result	3.80546215	0.00000512	0x00	0x00
SPI [1]	result	3.80546743	0.00000512	0x89	0x07
SPI [1]	result	3.80547271	0.00000512	0xB8	0xFF
SPI [1]	result	3.84334491	0.00000512	0x00	0x00
SPI [1]	result	3.84335019	0.00000512	0x00	0x00
SPI [1]	result	3.84335547	0.00000512	0x08	0x00
SPI [1]	result	3.84336075	0.00000512	0x20	0x00
SPI [1]	result	3.84380036	0.00000512	0x0A	0x00
SPI [1]	result	3.84380564	0.00000512	0x10	0x1F
SPI [1]	result	3.84381092	0.00000512	0x80	0xFF
SPI [1]	result	3.84381620	0.00000512	0x32	0xFF
SPI [1]	result	3.84421758	0.00000512	0x00	0x00
SPI [1]	result	3.84422286	0.00000512	0x00	0x00
SPI [1]	result	3.84422814	0.00000512	0x00	0x00
SPI [1]	result	3.84423342	0.00000512	0x00	0x00
SPI [1]	result	3.84463381	0.00000512	0x08	0x00
SPI [1]	result	3.84463909	0.00000512	0x00	0x00
SPI [1]	result	3.84464437	0.00000512	0x88	0x07
SPI [1]	result	3.84464965	0.00000512	0x32	0xFF
SPI [1]	result	3.88334308	0.00000512	0x00	0x00
SPI [1]	result	3.88334836	0.00000512	0x00	0x00
SPI [1]	result	3.88335364	0.00000512	0x08	0x00
SPI [1]	result	3.88335892	0.00000512	0x20	0x00
SPI [1]	result	3.88379921	0.00000512	0x0B	0x00
SPI [1]	result	3.88380449	0.00000512	0x10	0x0F
SPI [1]	result	3.88380977	0.00000512	0x80	0xFF
SPI [1]	result	3.88381505	0.00000512	0x3A	0xFF
SPI [1]	result	3.88422079	0.00000512	0x00	0x00
SPI [1]	result	3.88422607	0.00000512	0x00	0x00
SPI [1]	result	3.88423135	0.00000512	0x00	0x00
SPI [1]	result	3.88423663	0.00000512	0x00	0x00
SPI [1]	result	3.88464665	0.00000512	0x08	0x00
SPI [1]	result	3.88465193	0.00000512	0x00	0x00
SPI [1]	result	3.88465721	0.00000512	0x88	0x0F
SPI [1]	result	3.88466249	0.00000512	0x32	0xFF
SPI [1]	result	3.92335080	0.00000512	0x00	0x00
SPI [1]	result	3.92335608	0.00000512	0x00	0x00
SPI [1]	result	3.92336136	0.00000512	0x08	0x00
SPI [1]	result	3.92336664	0.00000512	0x20	0x10
SPI [1]	result	3.92380729	0.00000512	0x0C	0x00
SPI [1]	result	3.92381257	0.00000512	0x10	0x00
SPI [1]	result	3.92381785	0.00000512	0x80	0x7F
SPI [1]	result	3.92382313	0.00000512	0x02	0xFF
SPI [1]	result	3.92422518	0.00000512	0x00	0x00
SPI [1]	result	3.92423046	0.00000512	0x00	0x00
SPI [1]	result	3.92423574	0.00000512	0x09	0x00
SPI [1]	result	3.92424102	0.00000512	0xA6	0x7F
SPI [1]	result	3.92464235	0.00000512	0x0D	0x00
SPI [1]	result	3.92464763	0.00000512	0x00	0x00
SPI [1]	result	3.92465291	0.00000512	0x88	0x7F
SPI [1]	result	3.92465819	0.00000512	0x1A	0xFF
SPI [1]	result	3.92505834	0.00000512	0x00	0x00
SPI [1]	result	3.92506362	0.00000512	0x00	0x00
SPI [1]	result	3.92506890	0.00000512	0x00	0x00
SPI [1]	result	3.92507418	0.00000512	0x00	0x00
SPI [1]	result	3.92547462	0.00000512	0x08	0x00
SPI [1]	result	3.92547990	0.00000512	0x00	0x00
SPI [1]	result	3.92548518	0.00000512	0x89	0x07
SPI [1]	result	3.92549046	0.00000512	0xB8	0xFF
SPI [1]	result	3.96333632	0.00000512	0x00	0x00
SPI [1]	result	3.96334160	0.00000512	0x00	0x00
SPI [1]	result	3.96334688	0.00000512	0x08	0x00
SPI [1]	result	3.96335216	0.00000512	0x20	0x00
SPI [1]	result	3.96376359	0.00000512	0x0E	0x00
SPI [1]	result	3.96376887	0.00000512	0x10	0x00
SPI [1]	result	3.96377415	0.00000512	0x80	0xFF
SPI [1]	result	3.96377943	0.00000512	0x12	0xFF
SPI [1]	result	3.96418026	0.00000512	0x00	0x00
SPI [1]	result	3.96418554	0.00000512	0x00	0x00
SPI [1]	result	3.96419082	0.00000512	0x00	0x00
SPI [1]	result	3.96419610	0.00000512	0x00	0x00
SPI [1]	result	3.96459560	0.00000512	0x08	0x00
SPI [1]	result	3.96460088	0.00000512	0x00	0x00
SPI [1]	result	3.96460616	0.00000512	0x88	0x07
SPI [1]	result	3.96461144	0.00000512	0x32	0xFF
SPI [1]	result	4.00333734	0.00000512	0x00	0x00
SPI [1]	result	4.00334262	0.00000512	0x00	0x00
SPI [1]	result	4.00334790	0.00000512	0x08	0x00
SPI [1]	result	4.00335318	0.00000512	0x20	0x10
SPI [1]	result	4.00377011	0.00000512	0x0F	0x00
SPI [1]	result	4.00377539	0.00000512	0x10	0x00
SPI [1]	result	4.00378067	0.00000512	0x80	0xFF
SPI [1]	result	4.00378595	0.00000512	0x1A	0xFF
SPI [1]	result	4.00418885	0.00000512	0x00	0x00
SPI [1]	result	4.00419413	0.00000512	0x00	0x00
SPI [1]	result	4.00419941	0.00000512	0x00	0x00
SPI [1]	result	4.00420469	0.00000512	0x00	0x00
SPI [1]	result	4.00460571	0.00000512	0x08	0x00
SPI [1]	result	4.00461099	0.00000512	0x00	0x00
SPI [1]	result	4.00461627	0.00000512	0x88	0x07
SPI [1]	result	4.00462155	0.00000512	0x32	0xFF
SPI [1]	result	4.04333496	0.00000512	0x00	0x00
SPI [1]	result	4.04334024	0.00000512	0x00	0x00
SPI [1]	result	4.04334552	0.00000512	0x08	0x00
SPI [1]	result	4.04335080	0.00000512	0x20	0x00
SPI [1]	result	4.04375439	0.00000512	0x08	0x00
SPI [1]	result	4.04375967	0.00000512	0x10	0x00
SPI [1]	result	4.04376495	0.00000512	0x80	0xFF
SPI [1]	result	4.04377023	0.00000512	0x22	0xFF
SPI [1]	result	4.04417156	0.00000512	0x00	0x00
SPI [1]	result	4.04417684	0.00000512	0x00	0x00
SPI [1]	result	4.04418212	0.00000512	0x09	0x00
SPI [1]	result	4.04418740	0.00000512	0xA6	0x7F
SPI [1]	result	4.04458851	0.00000512	0x09	0x00
SPI [1]	result	4.04459379	0.00000512	0x00	0x00
SPI [1]	result	4.04459907	0.00000512	0x88	0x7F
SPI [1]	result	4.04460435	0.00000512	0x3A	0xFF
SPI [1]	result	4.04500546	0.00000512	0x00	0x00
SPI [1]	result	4.04501074	0.00000512	0x00	0x00
SPI [1]	result	4.04501602	0.00000512	0x00	0x00
SPI [1]	result	4.04502130	0.00000512	0x00	0x00
SPI [1]	result	4.04542274	0.00000512	0x08	0x00
SPI [1]	result	4.04542802	0.00000512	0x00	0x00
SPI [1]	result	4.04543330	0.00000512	0x89	0x07
SPI [1]	result	4.04543858	0.00000512	0xB8	0xFF
SPI [1]	result	4.08333224	0.00000512	0x00	0x00
SPI [1]	result	4.08333752	0.00000512	0x00	0x00
SPI [1]	result	4.08334280	0.00000512	0x08	0x00
SPI [1]	result	4.08334808	0.00000512	0x20	0x00
SPI [1]	result	4.08375022	0.00000512	0x0A	0x00
SPI [1]	result	4.08375550	0.00000512	0x10	0x0F
SPI [1]	result	4.08376078	0.00000512	0x80	0xFF
SPI [1]	result	4.08376606	0.00000512	0x32	0xFF
SPI [1]	result	4.08416732	0.00000512	0x00	0x00
SPI [1]	result	4.08417260	0.00000512	0x00	0x00
SPI [1]	result	4.08417788	0.00000512	0x00	0x00
SPI [1]	result	4.08418316	0.00000512	0x00	0x00
SPI [1]	result	4.08458383	0.00000512	0x08	0x00
SPI [1]	result	4.08458911	0.00000512	0x00	0x00
SPI [1]	result	4.08459439	0.00000512	0x88	0x07
SPI [1]	result	4.08459967	0.00000512	0x32	0xFF
SPI [1]	result	4.12333524	0.00000512	0x00	0x00
SPI [1]	result	4.12334052	0.00000512	0x00	0x00
SPI [1]	result	4.12334580	0.00000512	0x08	0x00
SPI [1]	result	4.12335108	0.00000512	0x20	0x10
SPI [1]	result	4.12376685	0.00000512	0x0B	0x00
SPI [1]	result	4.12377213	0.00000512	0x10	0x0F
SPI [1]	result	4.12377741	0.00000512	0x80	0xFF
SPI [1]	result	4.12378269	0.00000512	0x3A	0xFF
SPI [1]	result	4.12418225	0.00000512	0x00	0x00
SPI [1]	result	4.12418753	0.00000512	0x00	0x00
SPI [1]	result	4.12419281	0.00000512	0x00	0x00
SPI [1]	result	4.12419809	0.00000512	0x00	0x00
SPI [1]	result	4.12465636	0.00000512	0x08	0x00
SPI [1]	result	4.12466164	0.00000512	0x00	0x00
SPI [1]	result	4.12466692	0.00000512	0x88	0x07
SPI [1]	result	4.12467220	0.00000512	0x32	0xFF
SPI [1]	result	4.16333872	0.00000512	0x00	0x00
SPI [1]	result	4.16334400	0.00000512	0x00	0x00
SPI [1]	result	4.16334928	0.00000512	0x08	0x00
SPI [1]	result	4.16335456	0.00000512	0x20	0x00
SPI [1]	result	4.16377460	0.00000512	0x0C	0x00
SPI [1]	result	4.16377988	0.00000512	0x10	0x00
SPI [1]	result	4.16378516	0.00000512	0x80	0x7F
SPI [1]	result	4.16379044	0.00000512	0x02	0xDB
SPI [1]	result	4.16418995	0.00000512	0x00	0x00
SPI [1]	result	4.16419523	0.00000512	0x00	0x00
SPI [1]	result	4.16420051	0.00000512	0x09	0x00
SPI [1]	result	4.16420579	0.00000512	0xA6	0x7F
SPI [1]	result	4.16460742	0.00000512	0x0D	0x00
SPI [1]	result	4.16461270	0.00000512	0x00	0x00
SPI [1]	result	4.16461798	0.00000512	0x88	0x7F
SPI [1]	result	4.16462326	0.00000512	0x1A	0xFF
SPI [1]	result	4.16502424	0.00000512	0x00	0x00
SPI [1]	result	4.16502952	0.00000512	0x00	0x00
SPI [1]	result	4.16503480	0.00000512	0x00	0x00
SPI [1]	result	4.16504008	0.00000512	0x00	0x00
SPI [1]	result	4.16544202	0.00000512	0x08	0x00
SPI [1]	result	4.16544730	0.00000512	0x00	0x00
SPI [1]	result	4.16545258	0.00000512	0x89	0x07
SPI [1]	result	4.16545786	0.00000512	0xB8	0xFF
SPI [1]	result	4.20336202	0.00000512	0x00	0x00
SPI [1]	result	4.20336730	0.00000512	0x00	0x00
SPI [1]	result	4.20337258	0.00000512	0x08	0x00
SPI [1]	result	4.20337786	0.00000512	0x20	0x10
SPI [1]	result	4.20388589	0.00000512	0x0E	0x00
SPI [1]	result	4.20389117	0.00000512	0x10	0x00
SPI [1]	result	4.20389645	0.00000512	0x80	0x7F
SPI [1]	result	4.20390173	0.00000512	0x12	0xFF
SPI [1]	result	4.20433817	0.00000512	0x00	0x00
SPI [1]	result	4.20434345	0.00000512	0x00	0x00
SPI [1]	result	4.20434873	0.00000512	0x00	0x00
SPI [1]	result	4.20435401	0.00000512	0x00	0x00
SPI [1]	result	4.20475679	0.00000512	0x08	0x00
SPI [1]	result	4.20476207	0.00000512	0x00	0x00
SPI [1]	result	4.20476735	0.00000512	0x88	0x07
SPI [1]	result	4.20477263	0.00000512	0x32	0xFF
SPI [1]	result	4.24334369	0.00000512	0x00	0x00
SPI [1]	result	4.24334897	0.00000512	0x00	0x00
SPI [1]	result	4.24335425	0.00000512	0x08	0x00
SPI [1]	result	4.24335953	0.00000512	0x20	0x10
SPI [1]	result	4.24378797	0.00000512	0x0F	0x00
SPI [1]	result	4.24379325	0.00000512	0x10	0x00
SPI [1]	result	4.24379853	0.00000512	0x80	0x7F
SPI [1]	result	4.24380381	0.00000512	0x1A	0xFF
SPI [1]	result	4.24420544	0.00000512	0x00	0x00
SPI [1]	result	4.24421072	0.00000512	0x00	0x00
SPI [1]	result	4.24421600	0.00000512	0x00	0x00
SPI [1]	result	4.24422128	0.00000512	0x00	0x00
SPI [1]	result	4.24462135	0.00000512	0x08	0x00
SPI [1]	result	4.24462663	0.00000512	0x00	0x00
SPI [1]	result	4.24463191	0.00000512	0x88	0x07
SPI [1]	result	4.24463719	0.00000512	0x32	0xFF
SPI [1]	result	4.28335097	0.00000512	0x00	0x00
SPI [1]	result	4.28335625	0.00000512	0x00	0x00
SPI [1]	result	4.28336153	0.00000512	0x08	0x00
SPI [1]	result	4.28336681	0.00000512	0x20	0x00
SPI [1]	result	4.28381621	0.00000512	0x08	0x00
SPI [1]	result	4.28382149	0.00000512	0x10	0x00
SPI [1]	result	4.28382677	0.00000512	0x80	0x7F
SPI [1]	result	4.28383205	0.00000512	0x22	0xFF
SPI [1]	result	4.28423418	0.00000512	0x00	0x00
SPI [1]	result	4.28423946	0.00000512	0x00	0x00
SPI [1]	result	4.28424474	0.00000512	0x09	0x00
SPI [1]	result	4.28425002	0.00000512	0xA6	0x7F
SPI [1]	result	4.28465004	0.00000512	0x09	0x00
SPI [1]	result	4.28465532	0.00000512	0x00	0x00
SPI [1]	result	4.28466060	0.00000512	0x88	0x7F
SPI [1]	result	4.28466588	0.00000512	0x3A	0xFF
SPI [1]	result	4.28506677	0.00000512	0x00	0x00
SPI [1]	result	4.28507205	0.00000512	0x00	0x00
SPI [1]	result	4.28507733	0.00000512	0x00	0x00
SPI [1]	result	4.28508261	0.00000512	0x00	0x00
SPI [1]	result	4.28548240	0.00000512	0x08	0x00
SPI [1]	result	4.28548768	0.00000512	0x00	0x00
SPI [1]	result	4.28549296	0.00000512	0x89	0x07
SPI [1]	result	4.28549824	0.00000512	0xB8	0xFF
SPI [1]	result	4.32333890	0.00000512	0x00	0x00
SPI [1]	result	4.32334418	0.00000512	0x00	0x00
SPI [1]	result	4.32334946	0.00000512	0x08	0x00
SPI [1]	result	4.32335474	0.00000512	0x20	0x10
SPI [1]	result	4.32377568	0.00000512	0x0A	0x00
SPI [1]	result	4.32378096	0.00000512	0x10	0x0F
SPI [1]	result	4.32378624	0.00000512	0x80	0xFF
SPI [1]	result	4.32379152	0.00000512	0x32	0xFF
SPI [1]	result	4.32419180	0.00000512	0x00	0x00
SPI [1]	result	4.32419708	0.00000512	0x00	0x00
SPI [1]	result	4.32420236	0.00000512	0x00	0x00
SPI [1]	result	4.32420764	0.00000512	0x00	0x00
SPI [1]	result	4.32460706	0.00000512	0x08	0x00
SPI [1]	result	4.32461234	0.00000512	0x00	0x00
SPI [1]	result	4.32461762	0.00000512	0x88	0x07
SPI [1]	result	4.32462290	0.00000512	0x32	0xFF
SPI [1]	result	4.36333516	0.00000512	0x00	0x00
SPI [1]	result	4.36334044	0.00000512	0x00	0x00
SPI [1]	result	4.36334572	0.00000512	0x08	0x00
SPI [1]	result	4.36335100	0.00000512	0x20	0x00
SPI [1]	result	4.36375887	0.00000512	0x0B	0x00
SPI [1]	result	4.36376415	0.00000512	0x10	0x1F
SPI [1]	result	4.36376943	0.00000512	0x80	0xFF
SPI [1]	result	4.36377471	0.00000512	0x3A	0xFF
SPI [1]	result	4.36417517	0.00000512	0x00	0x00
SPI [1]	result	4.36418045	0.00000512	0x00	0x00
SPI [1]	result	4.36418573	0.00000512	0x00	0x00
SPI [1]	result	4.36419101	0.00000512	0x00	0x00
SPI [1]	result	4.36459129	0.00000512	0x08	0x00
SPI [1]	result	4.36459657	0.00000512	0x00	0x00
SPI [1]	result	4.36460185	0.00000512	0x88	0x07
SPI [1]	result	4.36460713	0.00000512	0x32	0xFF
SPI [1]	result	4.40333417	0.00000512	0x00	0x00
SPI [1]	result	4.40333945	0.00000512	0x00	0x00
SPI [1]	result	4.40334473	0.00000512	0x08	0x00
SPI [1]	result	4.40335001	0.00000512	0x20	0x10
SPI [1]	result	4.40375071	0.00000512	0x0C	0x00
SPI [1]	result	4.40375599	0.00000512	0x10	0x00
SPI [1]	result	4.40376127	0.00000512	0x80	0xFF
SPI [1]	result	4.40376655	0.00000512	0x02	0xFB
SPI [1]	result	4.40416622	0.00000512	0x00	0x00
SPI [1]	result	4.40417150	0.00000512	0x00	0x00
SPI [1]	result	4.40417678	0.00000512	0x09	0x00
SPI [1]	result	4.40418206	0.00000512	0xA6	0x7F
SPI [1]	result	4.40458192	0.00000512	0x0D	0x00
SPI [1]	result	4.40458720	0.00000512	0x00	0x00
SPI [1]	result	4.40459248	0.00000512	0x88	0x7F
SPI [1]	result	4.40459776	0.00000512	0x1A	0xFF
SPI [1]	result	4.40499750	0.00000512	0x00	0x00
SPI [1]	result	4.40500278	0.00000512	0x00	0x00
SPI [1]	result	4.40500806	0.00000512	0x00	0x00
SPI [1]	result	4.40501334	0.00000512	0x00	0x00
SPI [1]	result	4.40541316	0.00000512	0x08	0x00
SPI [1]	result	4.40541844	0.00000512	0x00	0x00
SPI [1]	result	4.40542372	0.00000512	0x89	0x0F
SPI [1]	result	4.40542900	0.00000512	0xB8	0xFF
SPI [1]	result	4.44333271	0.00000512	0x00	0x00
SPI [1]	result	4.44333799	0.00000512	0x00	0x00
SPI [1]	result	4.44334327	0.00000512	0x08	0x00
SPI [1]	result	4.44334855	0.00000512	0x20	0x00
SPI [1]	result	4.44375159	0.00000512	0x0E	0x00
SPI [1]	result	4.44375687	0.00000512	0x10	0x00
SPI [1]	result	4.44376215	0.00000512	0x80	0xFF
SPI [1]	result	4.44376743	0.00000512	0x12	0xFF
SPI [1]	result	4.44416848	0.00000512	0x00	0x00
SPI [1]	result	4.44417376	0.00000512	0x00	0x00
SPI [1]	result	4.44417904	0.00000512	0x00	0x00
SPI [1]	result	4.44418432	0.00000512	0x00	0x00
SPI [1]	result	4.44458552	0.00000512	0x08	0x00
SPI [1]	result	4.44459080	0.00000512	0x00	0x00
SPI [1]	result	4.44459608	0.00000512	0x88	0x07
SPI [1]	result	4.44460136	0.00000512	0x32	0xFF
SPI [1]	result	4.48333537	0.00000512	0x00	0x00
SPI [1]	result	4.48334065	0.00000512	0x00	0x00
SPI [1]	result	4.48334593	0.00000512	0x08	0x00
SPI [1]	result	4.48335121	0.00000512	0x20	0x10
SPI [1]	result	4.48376789	0.00000512	0x0F	0x00
SPI [1]	result	4.48377317	0.00000512	0x10	0x00
SPI [1]	result	4.48377845	0.00000512	0x80	0xFF
SPI [1]	result	4.48378373	0.00000512	0x1A	0xFF
SPI [1]	result	4.48418610	0.00000512	0x00	0x00
SPI [1]	result	4.48419138	0.00000512	0x00	0x00
SPI [1]	result	4.48419666	0.00000512	0x00	0x00
SPI [1]	result	4.48420194	0.00000512	0x00	0x00
SPI [1]	result	4.48460045	0.00000512	0x08	0x00
SPI [1]	result	4.48460573	0.00000512	0x00	0x00
SPI [1]	result	4.48461101	0.00000512	0x88	0x07
SPI [1]	result	4.48461629	0.00000512	0x32	0xFF
SPI [1]	result	4.52333718	0.00000512	0x00	0x00
SPI [1]	result	4.52334246	0.00000512	0x00	0x00
SPI [1]	result	4.52334774	0.00000512	0x08	0x00
SPI [1]	result	4.52335302	0.00000512	0x20	0x00
SPI [1]	result	4.52393998	0.00000512	0x08	0x00
SPI [1]	result	4.52394526	0.00000512	0x10	0x00
SPI [1]	result	4.52395054	0.00000512	0x80	0x7F
SPI [1]	result	4.52395582	0.00000512	0x22	0xFF
SPI [1]	result	4.52436352	0.00000512	0x00	0x00
SPI [1]	result	4.52436880	0.00000512	0x00	0x00
SPI [1]	result	4.52437408	0.00000512	0x09	0x00
SPI [1]	result	4.52437936	0.00000512	0xA6	0x7F
SPI [1]	result	4.52478151	0.00000512	0x09	0x00
SPI [1]	result	4.52478679	0.00000512	0x00	0x00
SPI [1]	result	4.52479207	0.00000512	0x88	0x7F
SPI [1]	result	4.52479735	0.00000512	0x3A	0xFF
SPI [1]	result	4.52519866	0.00000512	0x00	0x00
SPI [1]	result	4.52520394	0.00000512	0x00	0x00
SPI [1]	result	4.52520922	0.00000512	0x00	0x00
SPI [1]	result	4.52521450	0.00000512	0x00	0x00
SPI [1]	result	4.52561561	0.00000512	0x08	0x00
SPI [1]	result	4.52562089	0.00000512	0x00	0x00
SPI [1]	result	4.52562617	0.00000512	0x89	0x07
SPI [1]	result	4.52563145	0.00000512	0xB8	0xFF
SPI [1]	result	4.56333351	0.00000512	0x00	0x00
SPI [1]	result	4.56333879	0.00000512	0x00	0x00
SPI [1]	result	4.56334407	0.00000512	0x08	0x00
SPI [1]	result	4.56334935	0.00000512	0x20	0x10
SPI [1]	result	4.56375397	0.00000512	0x0A	0x00
SPI [1]	result	4.56375925	0.00000512	0x10	0x0F
SPI [1]	result	4.56376453	0.00000512	0x80	0xFF
SPI [1]	result	4.56376981	0.00000512	0x32	0xFF
SPI [1]	result	4.56416905	0.00000512	0x00	0x00
SPI [1]	result	4.56417433	0.00000512	0x00	0x00
SPI [1]	result	4.56417961	0.00000512	0x00	0x00
SPI [1]	result	4.56418489	0.00000512	0x00	0x00
SPI [1]	result	4.56458602	0.00000512	0x08	0x00
SPI [1]	result	4.56459130	0.00000512	0x00	0x00
SPI [1]	result	4.56459658	0.00000512	0x88	0x0F
SPI [1]	result	4.56460186	0.00000512	0x32	0xFF
SPI [1]	result	4.60334038	0.00000512	0x00	0x00
SPI [1]	result	4.60334566	0.00000512	0x00	0x00
SPI [1]	result	4.60335094	0.00000512	0x08	0x00
SPI [1]	result	4.60335622	0.00000512	0x20	0x10
SPI [1]	result	4.60379311	0.00000512	0x0B	0x00
SPI [1]	result	4.60379839	0.00000512	0x10	0x1F
SPI [1]	result	4.60380367	0.00000512	0x80	0xFF
SPI [1]	result	4.60380895	0.00000512	0x3A	0xFF
SPI [1]	result	4.60421245	0.00000512	0x00	0x00
SPI [1]	result	4.60421773	0.00000512	0x00	0x00
SPI [1]	result	4.60422301	0.00000512	0x00	0x00
SPI [1]	result	4.60422829	0.00000512	0x00	0x00
SPI [1]	result	4.60462684	0.00000512	0x08	0x00
SPI [1]	result	4.60463212	0.00000512	0x00	0x00
SPI [1]	result	4.60463740	0.00000512	0x88	0x0F
SPI [1]	result	4.60464268	0.00000512	0x32	0xFF
SPI [1]	result	4.64333555	0.00000512	0x00	0x00
SPI [1]	result	4.64334083	0.00000512	0x00	0x00
SPI [1]	result	4.64334611	0.00000512	0x08	0x00
SPI [1]	result	4.64335139	0.00000512	0x20	0x10
SPI [1]	result	4.64375834	0.00000512	0x0C	0x00
SPI [1]	result	4.64376362	0.00000512	0x10	0x00
SPI [1]	result	4.64376890	0.00000512	0x80	0xFF
SPI [1]	result	4.64377418	0.00000512	0x02	0xDF
SPI [1]	result	4.64417258	0.00000512	0x00	0x00
SPI [1]	result	4.64417786	0.00000512	0x00	0x00
SPI [1]	result	4.64418314	0.00000512	0x09	0x00
SPI [1]	result	4.64418842	0.00000512	0xA6	0x7F
SPI [1]	result	4.64459060	0.00000512	0x0D	0x00
SPI [1]	result	4.64459588	0.00000512	0x00	0x00
SPI [1]	result	4.64460116	0.00000512	0x88	0x7F
SPI [1]	result	4.64460644	0.00000512	0x1A	0xFF
SPI [1]	result	4.64500735	0.00000512	0x00	0x00
SPI [1]	result	4.64501263	0.00000512	0x00	0x00
SPI [1]	result	4.64501791	0.00000512	0x00	0x00
SPI [1]	result	4.64502319	0.00000512	0x00	0x00
SPI [1]	result	4.64542426	0.00000512	0x08	0x00
SPI [1]	result	4.64542954	0.00000512	0x00	0x00
SPI [1]	result	4.64543482	0.00000512	0x89	0x07
SPI [1]	result	4.64544010	0.00000512	0xB8	0xFF
SPI [1]	result	4.68334691	0.00000512	0x00	0x00
SPI [1]	result	4.68335219	0.00000512	0x00	0x00
SPI [1]	result	4.68335747	0.00000512	0x08	0x00
SPI [1]	result	4.68336275	0.00000512	0x20	0x18
SPI [1]	result	4.68380580	0.00000512	0x0E	0x00
SPI [1]	result	4.68381108	0.00000512	0x10	0x00
SPI [1]	result	4.68381636	0.00000512	0x80	0x7F
SPI [1]	result	4.68382164	0.00000512	0x12	0xFF
SPI [1]	result	4.68422434	0.00000512	0x00	0x00
SPI [1]	result	4.68422962	0.00000512	0x00	0x00
SPI [1]	result	4.68423490	0.00000512	0x00	0x00
SPI [1]	result	4.68424018	0.00000512	0x00	0x00
SPI [1]	result	4.68464216	0.00000512	0x08	0x00
SPI [1]	result	4.68464744	0.00000512	0x00	0x00
SPI [1]	result	4.68465272	0.00000512	0x88	0x07
SPI [1]	result	4.68465800	0.00000512	0x32	0xFF
SPI [1]	result	4.72333566	0.00000512	0x00	0x00
SPI [1]	result	4.72334094	0.00000512	0x00	0x00
SPI [1]	result	4.72334622	0.00000512	0x08	0x00
SPI [1]	result	4.72335150	0.00000512	0x20	0x10
SPI [1]	result	4.72376518	0.00000512	0x0F	0x00
SPI [1]	result	4.72377046	0.00000512	0x10	0x00
SPI [1]	result	4.72377574	0.00000512	0x80	0x7F
SPI [1]	result	4.72378102	0.00000512	0x1A	0xFF
SPI [1]	result	4.72418315	0.00000512	0x00	0x00
SPI [1]	result	4.72418843	0.00000512	0x00	0x00
SPI [1]	result	4.72419371	0.00000512	0x00	0x00
SPI [1]	result	4.72419899	0.00000512	0x00	0x00
SPI [1]	result	4.72460063	0.00000512	0x08	0x00
SPI [1]	result	4.72460591	0.00000512	0x00	0x00
SPI [1]	result	4.72461119	0.00000512	0x88	0x07
SPI [1]	result	4.72461647	0.00000512	0x32	0xFF
SPI [1]	result	4.76333775	0.00000512	0x00	0x00
SPI [1]	result	4.76334303	0.00000512	0x00	0x00
SPI [1]	result	4.76334831	0.00000512	0x08	0x00
SPI [1]	result	4.76335359	0.00000512	0x20	0x00
SPI [1]	result	4.76376496	0.00000512	0x08	0x00
SPI [1]	result	4.76377024	0.00000512	0x10	0x00
SPI [1]	result	4.76377552	0.00000512	0x80	0x7F
SPI [1]	result	4.76378080	0.00000512	0x22	0xFF
SPI [1]	result	4.76418315	0.00000512	0x00	0x00
SPI [1]	result	4.76418843	0.00000512	0x00	0x00
SPI [1]	result	4.76419371	0.00000512	0x09	0x00
SPI [1]	result	4.76419899	0.00000512	0xA6	0x7F
SPI [1]	result	4.76460038	0.00000512	0x09	0x00
SPI [1]	result	4.76460566	0.00000512	0x00	0x00
SPI [1]	result	4.76461094	0.00000512	0x88	0x7F
SPI [1]	result	4.76461622	0.00000512	0x3A	0xFF
SPI [1]	result	4.76501729	0.00000512	0x00	0x00
SPI [1]	result	4.76502257	0.00000512	0x00	0x00
SPI [1]	result	4.76502785	0.00000512	0x00	0x00
SPI [1]	result	4.76503313	0.00000512	0x00	0x00
SPI [1]	result	4.76543504	0.00000512	0x08	0x00
SPI [1]	result	4.76544032	0.00000512	0x00	0x00
SPI [1]	result	4.76544560	0.00000512	0x89	0x07
SPI [1]	result	4.76545088	0.00000512	0xB8	0xFF
SPI [1]	result	4.80333235	0.00000512	0x00	0x00
SPI [1]	result	4.80333763	0.00000512	0x00	0x00
SPI [1]	result	4.80334291	0.00000512	0x08	0x00
SPI [1]	result	4.80334819	0.00000512	0x20	0x00
SPI [1]	result	4.80375175	0.00000512	0x0A	0x00
SPI [1]	result	4.80375703	0.00000512	0x10	0x1F
SPI [1]	result	4.80376231	0.00000512	0x80	0xFF
SPI [1]	result	4.80376759	0.00000512	0x32	0xFF
SPI [1]	result	4.80416634	0.00000512	0x00	0x00
SPI [1]	result	4.80417162	0.00000512	0x00	0x00
SPI [1]	result	4.80417690	0.00000512	0x00	0x00
SPI [1]	result	4.80418218	0.00000512	0x00	0x00
SPI [1]	result	4.80457520	0.00000512	0x08	0x00
SPI [1]	result	4.80458048	0.00000512	0x00	0x00
SPI [1]	result	4.80458576	0.00000512	0x88	0x07
SPI [1]	result	4.80459104	0.00000512	0x32	0xFF
SPI [1]	result	4.84333456	0.00000512	0x00	0x00
SPI [1]	result	4.84333984	0.00000512	0x00	0x00
SPI [1]	result	4.84334512	0.00000512	0x08	0x00
SPI [1]	result	4.84335040	0.00000512	0x20	0x00
SPI [1]	result	4.84376605	0.00000512	0x0B	0x00
SPI [1]	result	4.84377133	0.00000512	0x10	0x1F
SPI [1]	result	4.84377661	0.00000512	0x80	0xFF
SPI [1]	result	4.84378189	0.00000512	0x3A	0xFF
SPI [1]	result	4.84418413	0.00000512	0x00	0x00
SPI [1]	result	4.84418941	0.00000512	0x00	0x00
SPI [1]	result	4.84419469	0.00000512	0x00	0x00
SPI [1]	result	4.84419997	0.00000512	0x00	0x00
SPI [1]	result	4.84459832	0.00000512	0x08	0x00
SPI [1]	result	4.84460360	0.00000512	0x00	0x00
SPI [1]	result	4.84460888	0.00000512	0x88	0x07
SPI [1]	result	4.84461416	0.00000512	0x32	0xFF
SPI [1]	result	4.88333507	0.00000512	0x00	0x00
SPI [1]	result	4.88334035	0.00000512	0x00	0x00
SPI [1]	result	4.88334563	0.00000512	0x08	0x00
SPI [1]	result	4.88335091	0.00000512	0x20	0x10
SPI [1]	result	4.88375487	0.00000512	0x0C	0x00
SPI [1]	result	4.88376015	0.00000512	0x10	0x00
SPI [1]	result	4.88376543	0.00000512	0x80	0xFF
SPI [1]	result	4.88377071	0.00000512	0x02	0xFB
SPI [1]	result	4.88422115	0.00000512	0x00	0x00
SPI [1]	result	4.88422643	0.00000512	0x00	0x00
SPI [1]	result	4.88423171	0.00000512	0x09	0x00
SPI [1]	result	4.88423699	0.00000512	0xA6	0x7F
SPI [1]	result	4.88465663	0.00000512	0x0D	0x00
SPI [1]	result	4.88466191	0.00000512	0x00	0x00
SPI [1]	result	4.88466719	0.00000512	0x88	0x7F
SPI [1]	result	4.88467247	0.00000512	0x1A	0xFF
SPI [1]	result	4.88507499	0.00000512	0x00	0x00
SPI [1]	result	4.88508027	0.00000512	0x00	0x00
SPI [1]	result	4.88508555	0.00000512	0x00	0x00
SPI [1]	result	4.88509083	0.00000512	0x00	0x00
SPI [1]	result	4.88549196	0.00000512	0x08	0x00
SPI [1]	result	4.88549724	0.00000512	0x00	0x00
SPI [1]	result	4.88550252	0.00000512	0x89	0x07
SPI [1]	result	4.88550780	0.00000512	0xB8	0xFF
SPI [1]	result	4.92333415	0.00000512	0x00	0x00
SPI [1]	result	4.92333943	0.00000512	0x00	0x00
SPI [1]	result	4.92334471	0.00000512	0x08	0x00
SPI [1]	result	4.92334999	0.00000512	0x20	0x12
SPI [1]	result	4.92375554	0.00000512	0x0E	0x00
SPI [1]	result	4.92376082	0.00000512	0x10	0x00
SPI [1]	result	4.92376610	0.00000512	0x80	0xFF
SPI [1]	result	4.92377138	0.00000512	0x12	0xFF
SPI [1]	result	4.92417312	0.00000512	0x00	0x00
SPI [1]	result	4.92417840	0.00000512	0x00	0x00
SPI [1]	result	4.92418368	0.00000512	0x00	0x00
SPI [1]	result	4.92418896	0.00000512	0x00	0x00
SPI [1]	result	4.92459018	0.00000512	0x08	0x00
SPI [1]	result	4.92459546	0.00000512	0x00	0x00
SPI [1]	result	4.92460074	0.00000512	0x88	0x07
SPI [1]	result	4.92460602	0.00000512	0x32	0xFF
SPI [1]	result	4.96333456	0.00000512	0x00	0x00
SPI [1]	result	4.96333984	0.00000512	0x00	0x00
SPI [1]	result	4.96334512	0.00000512	0x08	0x00
SPI [1]	result	4.96335040	0.00000512	0x20	0x18
SPI [1]	result	4.96376638	0.00000512	0x0F	0x00
SPI [1]	result	4.96377166	0.00000512	0x10	0x08
SPI [1]	result	4.96377694	0.00000512	0x80	0x7F
SPI [1]	result	4.96378222	0.00000512	0x1A	0xFF
SPI [1]	result	4.96418522	0.00000512	0x00	0x00
SPI [1]	result	4.96419050	0.00000512	0x00	0x00
SPI [1]	result	4.96419578	0.00000512	0x00	0x00
SPI [1]	result	4.96420106	0.00000512	0x00	0x00
SPI [1]	result	4.96460265	0.00000512	0x08	0x00
SPI [1]	result	4.96460793	0.00000512	0x00	0x00
SPI [1]	result	4.96461321	0.00000512	0x88	0x07
SPI [1]	result	4.96461849	0.00000512	0x32	0xFF
SPI [1]	result	5.00333406	0.00000512	0x00	0x00
SPI [1]	result	5.00333934	0.00000512	0x00	0x00
SPI [1]	result	5.00334462	0.00000512	0x08	0x00
SPI [1]	result	5.00334990	0.00000512	0x20	0x10
SPI [1]	result	5.00375529	0.00000512	0x08	0x00
SPI [1]	result	5.00376057	0.00000512	0x10	0x00
SPI [1]	result	5.00376585	0.00000512	0x80	0x7F
SPI [1]	result	5.00377113	0.00000512	0x22	0xFF
SPI [1]	result	5.00417224	0.00000512	0x00	0x00
SPI [1]	result	5.00417752	0.00000512	0x00	0x00
SPI [1]	result	5.00418280	0.00000512	0x09	0x00
SPI [1]	result	5.00418808	0.00000512	0xA6	0x7F
SPI [1]	result	5.00458897	0.00000512	0x09	0x00
SPI [1]	result	5.00459425	0.00000512	0x00	0x00
SPI [1]	result	5.00459953	0.00000512	0x88	0x7F
SPI [1]	result	5.00460481	0.00000512	0x3A	0xFF
SPI [1]	result	5.00500605	0.00000512	0x00	0x00
SPI [1]	result	5.00501133	0.00000512	0x00	0x00
SPI [1]	result	5.00501661	0.00000512	0x00	0x00
SPI [1]	result	5.00502189	0.00000512	0x00	0x00
SPI [1]	result	5.00542344	0.00000512	0x08	0x00
SPI [1]	result	5.00542872	0.00000512	0x00	0x00
SPI [1]	result	5.00543400	0.00000512	0x89	0x07
SPI [1]	result	5.00543928	0.00000512	0xB8	0xFF
SPI [1]	result	5.04334570	0.00000512	0x00	0x00
SPI [1]	result	5.04335098	0.00000512	0x00	0x00
SPI [1]	result	5.04335626	0.00000512	0x08	0x00
SPI [1]	result	5.04336154	0.00000512	0x20	0x00
SPI [1]	result	5.04381257	0.00000512	0x0A	0x00
SPI [1]	result	5.04381785	0.00000512	0x10	0x0F
SPI [1]	result	5.04382313	0.00000512	0x80	0xFF
SPI [1]	result	5.04382841	0.00000512	0x32	0xFF
SPI [1]	result	5.04423193	0.00000512	0x00	0x00
SPI [1]	result	5.04423721	0.00000512	0x00	0x00
SPI [1]	result	5.04424249	0.00000512	0x00	0x00
SPI [1]	result	5.04424777	0.00000512	0x00	0x00
SPI [1]	result	5.04464881	0.00000512	0x08	0x00
SPI [1]	result	5.04465409	0.00000512	0x00	0x00
SPI [1]	result	5.04465937	0.00000512	0x88	0x07
SPI [1]	result	5.04466465	0.00000512	0x32	0xFF
SPI [1]	result	5.08333556	0.00000512	0x00	0x00
SPI [1]	result	5.08334084	0.00000512	0x00	0x00
SPI [1]	result	5.08334612	0.00000512	0x08	0x00
SPI [1]	result	5.08335140	0.00000512	0x20	0x00
SPI [1]	result	5.08376541	0.00000512	0x0B	0x00
SPI [1]	result	5.08377069	0.00000512	0x10	0x1F
SPI [1]	result	5.08377597	0.00000512	0x80	0xFF
SPI [1]	result	5.08378125	0.00000512	0x3A	0xFF
SPI [1]	result	5.08418412	0.00000512	0x00	0x00
SPI [1]	result	5.08418940	0.00000512	0x00	0x00
SPI [1]	result	5.08419468	0.00000512	0x00	0x00
SPI [1]	result	5.08419996	0.00000512	0x00	0x00
SPI [1]	result	5.08460114	0.00000512	0x08	0x00
SPI [1]	result	5.08460642	0.00000512	0x00	0x00
SPI [1]	result	5.08461170	0.00000512	0x88	0x07
SPI [1]	result	5.08461698	0.00000512	0x32	0xFF
SPI [1]	result	5.12333495	0.00000512	0x00	0x00
SPI [1]	result	5.12334023	0.00000512	0x00	0x00
SPI [1]	result	5.12334551	0.00000512	0x08	0x00
SPI [1]	result	5.12335079	0.00000512	0x20	0x10
SPI [1]	result	5.12375540	0.00000512	0x0C	0x00
SPI [1]	result	5.12376068	0.00000512	0x10	0x00
SPI [1]	result	5.12376596	0.00000512	0x80	0x7F
SPI [1]	result	5.12377124	0.00000512	0x02	0xFF
SPI [1]	result	5.12417276	0.00000512	0x00	0x00
SPI [1]	result	5.12417804	0.00000512	0x00	0x00
SPI [1]	result	5.12418332	0.00000512	0x09	0x00
SPI [1]	result	5.12418860	0.00000512	0xA6	0x7F
SPI [1]	result	5.12458991	0.00000512	0x0D	0x00
SPI [1]	result	5.12459519	0.00000512	0x00	0x00
SPI [1]	result	5.12460047	0.00000512	0x88	0x7F
SPI [1]	result	5.12460575	0.00000512	0x1A	0xFF
SPI [1]	result	5.12500756	0.00000512	0x00	0x00
SPI [1]	result	5.12501284	0.00000512	0x00	0x00
SPI [1]	result	5.12501812	0.00000512	0x00	0x00
SPI [1]	result	5.12502340	0.00000512	0x00	0x00
SPI [1]	result	5.12542244	0.00000512	0x08	0x00
SPI [1]	result	5.12542772	0.00000512	0x00	0x00
SPI [1]	result	5.12543300	0.00000512	0x89	0x07
SPI [1]	result	5.12543828	0.00000512	0xB8	0xFF
SPI [1]	result	5.16333179	0.00000512	0x00	0x00
SPI [1]	result	5.16333707	0.00000512	0x00	0x00
SPI [1]	result	5.16334235	0.00000512	0x08	0x00
SPI [1]	result	5.16334763	0.00000512	0x20	0x10
SPI [1]	result	5.16375094	0.00000512	0x0E	0x00
SPI [1]	result	5.16375622	0.00000512	0x10	0x00
SPI [1]	result	5.16376150	0.00000512	0x80	0x7F
SPI [1]	result	5.16376678	0.00000512	0x12	0xFF
SPI [1]	result	5.16416795	0.00000512	0x00	0x00
SPI [1]	result	5.16417323	0.00000512	0x00	0x00
SPI [1]	result	5.16417851	0.00000512	0x00	0x00
SPI [1]	result	5.16418379	0.00000512	0x00	0x00
SPI [1]	result	5.16458455	0.00000512	0x08	0x00
SPI [1]	result	5.16458983	0.00000512	0x00	0x00
SPI [1]	result	5.16459511	0.00000512	0x88	0x07
SPI [1]	result	5.16460039	0.00000512	0x32	0xFF
SPI [1]	result	5.20333150	0.00000512	0x00	0x00
SPI [1]	result	5.20333678	0.00000512	0x00	0x00
SPI [1]	result	5.20334206	0.00000512	0x08	0x00
SPI [1]	result	5.20334734	0.00000512	0x20	0x10
SPI [1]	result	5.20374863	0.00000512	0x0F	0x00
SPI [1]	result	5.20375391	0.00000512	0x10	0x00
SPI [1]	result	5.20375919	0.00000512	0x80	0xFF
SPI [1]	result	5.20376447	0.00000512	0x1A	0xFF
SPI [1]	result	5.20416558	0.00000512	0x00	0x00
SPI [1]	result	5.20417086	0.00000512	0x00	0x00
SPI [1]	result	5.20417614	0.00000512	0x00	0x00
SPI [1]	result	5.20418142	0.00000512	0x00	0x00
SPI [1]	result	5.20458311	0.00000512	0x08	0x00
SPI [1]	result	5.20458839	0.00000512	0x00	0x00
SPI [1]	result	5.20459367	0.00000512	0x88	0x07
SPI [1]	result	5.20459895	0.00000512	0x32	0xFF
SPI [1]	result	5.24333295	0.00000512	0x00	0x00
SPI [1]	result	5.24333823	0.00000512	0x00	0x00
SPI [1]	result	5.24334351	0.00000512	0x08	0x00
SPI [1]	result	5.24334879	0.00000512	0x20	0x00
SPI [1]	result	5.24375156	0.00000512	0x08	0x00
SPI [1]	result	5.24375684	0.00000512	0x10	0x00
SPI [1]	result	5.24376212	0.00000512	0x80	0x7F
SPI [1]	result	5.24376740	0.00000512	0x22	0xFF
SPI [1]	result	5.24416824	0.00000512	0x00	0x00
SPI [1]	result	5.24417352	0.00000512	0x00	0x00
SPI [1]	result	5.24417880	0.00000512	0x09	0x00
SPI [1]	result	5.24418408	0.00000512	0xA6	0x7F
SPI [1]	result	5.24458278	0.00000512	0x09	0x00
SPI [1]	result	5.24458806	0.00000512	0x00	0x00
SPI [1]	result	5.24459334	0.00000512	0x88	0x7F
SPI [1]	result	5.24459862	0.00000512	0x3A	0xFF
SPI [1]	result	5.24506419	0.00000512	0x00	0x00
SPI [1]	result	5.24506947	0.00000512	0x00	0x00
SPI [1]	result	5.24507475	0.00000512	0x00	0x00
SPI [1]	result	5.24508003	0.00000512	0x00	0x00
SPI [1]	result	5.24549969	0.00000512	0x08	0x00
SPI [1]	result	5.24550497	0.00000512	0x00	0x00
SPI [1]	result	5.24551025	0.00000512	0x89	0x07
SPI [1]	result	5.24551553	0.00000512	0xB8	0xFF
SPI [1]	result	5.28333371	0.00000512	0x00	0x00
SPI [1]	result	5.28333899	0.00000512	0x00	0x00
SPI [1]	result	5.28334427	0.00000512	0x08	0x00
SPI [1]	result	5.28334955	0.00000512	0x20	0x10
SPI [1]	result	5.28375324	0.00000512	0x0A	0x00
SPI [1]	result	5.28375852	0.00000512	0x10	0x0F
SPI [1]	result	5.28376380	0.00000512	0x80	0xFF
SPI [1]	result	5.28376908	0.00000512	0x32	0xFF
SPI [1]	result	5.28416796	0.00000512	0x00	0x00
SPI [1]	result	5.28417324	0.00000512	0x00	0x00
SPI [1]	result	5.28417852	0.00000512	0x00	0x00
SPI [1]	result	5.28418380	0.00000512	0x00	0x00
SPI [1]	result	5.28458451	0.00000512	0x08	0x00
SPI [1]	result	5.28458979	0.00000512	0x00	0x00
SPI [1]	result	5.28459507	0.00000512	0x88	0x07
SPI [1]	result	5.28460035	0.00000512	0x32	0xFF
SPI [1]	result	5.32333439	0.00000512	0x00	0x00
SPI [1]	result	5.32333967	0.00000512	0x00	0x00
SPI [1]	result	5.32334495	0.00000512	0x08	0x00
SPI [1]	result	5.32335023	0.00000512	0x20	0x00
SPI [1]	result	5.32376422	0.00000512	0x0B	0x00
SPI [1]	result	5.32376950	0.00000512	0x10	0x0F
SPI [1]	result	5.32377478	0.00000512	0x80	0xFF
SPI [1]	result	5.32378006	0.00000512	0x3A	0xFF
SPI [1]	result	5.32418362	0.00000512	0x00	0x00
SPI [1]	result	5.32418890	0.00000512	0x00	0x00
SPI [1]	result	5.32419418	0.00000512	0x00	0x00
SPI [1]	result	5.32419946	0.00000512	0x00	0x00
SPI [1]	result	5.32459771	0.00000512	0x08	0x00
SPI [1]	result	5.32460299	0.00000512	0x00	0x00
SPI [1]	result	5.32460827	0.00000512	0x88	0x07
SPI [1]	result	5.32461355	0.00000512	0x32	0xFF
SPI [1]	result	5.36333471	0.00000512	0x00	0x00
SPI [1]	result	5.36333999	0.00000512	0x00	0x00
SPI [1]	result	5.36334527	0.00000512	0x08	0x00
SPI [1]	result	5.36335055	0.00000512	0x20	0x10
SPI [1]	result	5.36375757	0.00000512	0x0C	0x00
SPI [1]	result	5.36376285	0.00000512	0x10	0x00
SPI [1]	result	5.36376813	0.00000512	0x80	0xFF
SPI [1]	result	5.36377341	0.00000512	0x02	0xFF
SPI [1]	result	5.36417490	0.00000512	0x00	0x00
SPI [1]	result	5.36418018	0.00000512	0x00	0x00
SPI [1]	result	5.36418546	0.00000512	0x09	0x00
SPI [1]	result	5.36419074	0.00000512	0xA6	0x7F
SPI [1]	result	5.36459230	0.00000512	0x0D	0x00
SPI [1]	result	5.36459758	0.00000512	0x00	0x00
SPI [1]	result	5.36460286	0.00000512	0x88	0x7F
SPI [1]	result	5.36460814	0.00000512	0x1A	0xFF
SPI [1]	result	5.36500688	0.00000512	0x00	0x00
SPI [1]	result	5.36501216	0.00000512	0x00	0x00
SPI [1]	result	5.36501744	0.00000512	0x00	0x00
SPI [1]	result	5.36502272	0.00000512	0x00	0x00
SPI [1]	result	5.36542346	0.00000512	0x08	0x00
SPI [1]	result	5.36542874	0.00000512	0x00	0x00
SPI [1]	result	5.36543402	0.00000512	0x89	0x07
SPI [1]	result	5.36543930	0.00000512	0xB8	0xFF
SPI [1]	result	5.40333442	0.00000512	0x00	0x00
SPI [1]	result	5.40333970	0.00000512	0x00	0x00
SPI [1]	result	5.40334498	0.00000512	0x08	0x00
SPI [1]	result	5.40335026	0.00000512	0x20	0x10
SPI [1]	result	5.40376565	0.00000512	0x0E	0x00
SPI [1]	result	5.40377093	0.00000512	0x10	0x00
SPI [1]	result	5.40377621	0.00000512	0x80	0x7F
SPI [1]	result	5.40378149	0.00000512	0x12	0xFF
SPI [1]	result	5.40418269	0.00000512	0x00	0x00
SPI [1]	result	5.40418797	0.00000512	0x00	0x00
SPI [1]	result	5.40419325	0.00000512	0x00	0x00
SPI [1]	result	5.40419853	0.00000512	0x00	0x00
SPI [1]	result	5.40459808	0.00000512	0x08	0x00
SPI [1]	result	5.40460336	0.00000512	0x00	0x00
SPI [1]	result	5.40460864	0.00000512	0x88	0x07
SPI [1]	result	5.40461392	0.00000512	0x32	0xFF
SPI [1]	result	5.44333211	0.00000512	0x00	0x00
SPI [1]	result	5.44333739	0.00000512	0x00	0x00
SPI [1]	result	5.44334267	0.00000512	0x08	0x00
SPI [1]	result	5.44334795	0.00000512	0x20	0x10
SPI [1]	result	5.44375186	0.00000512	0x0F	0x00
SPI [1]	result	5.44375714	0.00000512	0x10	0x00
SPI [1]	result	5.44376242	0.00000512	0x80	0x7F
SPI [1]	result	5.44376770	0.00000512	0x1A	0xFF
SPI [1]	result	5.44416875	0.00000512	0x00	0x00
SPI [1]	result	5.44417403	0.00000512	0x00	0x00
SPI [1]	result	5.44417931	0.00000512	0x00	0x00
SPI [1]	result	5.44418459	0.00000512	0x00	0x00
SPI [1]	result	5.44458731	0.00000512	0x08	0x00
SPI [1]	result	5.44459259	0.00000512	0x00	0x00
SPI [1]	result	5.44459787	0.00000512	0x88	0x07
SPI [1]	result	5.44460315	0.00000512	0x32	0xFF
SPI [1]	result	5.48333377	0.00000512	0x00	0x00
SPI [1]	result	5.48333905	0.00000512	0x00	0x00
SPI [1]	result	5.48334433	0.00000512	0x08	0x00
SPI [1]	result	5.48334961	0.00000512	0x20	0x10
SPI [1]	result	5.48374954	0.00000512	0x08	0x00
SPI [1]	result	5.48375482	0.00000512	0x10	0x00
SPI [1]	result	5.48376010	0.00000512	0x80	0x7F
SPI [1]	result	5.48376538	0.00000512	0x22	0xFF
SPI [1]	result	5.48416617	0.00000512	0x00	0x00
SPI [1]	result	5.48417145	0.00000512	0x00	0x00
SPI [1]	result	5.48417673	0.00000512	0x09	0x00
SPI [1]	result	5.48418201	0.00000512	0xA6	0x7F
SPI [1]	result	5.48458334	0.00000512	0x09	0x00
SPI [1]	result	5.48458862	0.00000512	0x00	0x00
SPI [1]	result	5.48459390	0.00000512	0x88	0x7F
SPI [1]	result	5.48459918	0.00000512	0x3A	0xFF
SPI [1]	result	5.48500013	0.00000512	0x00	0x00
SPI [1]	result	5.48500541	0.00000512	0x00	0x00
SPI [1]	result	5.48501069	0.00000512	0x00	0x00
SPI [1]	result	5.48501597	0.00000512	0x00	0x00
SPI [1]	result	5.48541694	0.00000512	0x08	0x00
SPI [1]	result	5.48542222	0.00000512	0x00	0x00
SPI [1]	result	5.48542750	0.00000512	0x89	0x07
SPI [1]	result	5.48543278	0.00000512	0xB8	0xFF
SPI [1]	result	5.52333148	0.00000512	0x00	0x00
SPI [1]	result	5.52333676	0.00000512	0x00	0x00
SPI [1]	result	5.52334204	0.00000512	0x08	0x00
SPI [1]	result	5.52334732	0.00000512	0x20	0x10
SPI [1]	result	5.52375069	0.00000512	0x0A	0x00
SPI [1]	result	5.52375597	0.00000512	0x10	0x0F
SPI [1]	result	5.52376125	0.00000512	0x80	0xFF
SPI [1]	result	5.52376653	0.00000512	0x32	0xFF
SPI [1]	result	5.52416768	0.00000512	0x00	0x00
SPI [1]	result	5.52417296	0.00000512	0x00	0x00
SPI [1]	result	5.52417824	0.00000512	0x00	0x00
SPI [1]	result	5.52418352	0.00000512	0x00	0x00
SPI [1]	result	5.52458455	0.00000512	0x08	0x00
SPI [1]	result	5.52458983	0.00000512	0x00	0x00
SPI [1]	result	5.52459511	0.00000512	0x88	0x07
SPI [1]	result	5.52460039	0.00000512	0x32	0xFF
SPI [1]	result	5.56333116	0.00000512	0x00	0x00
SPI [1]	result	5.56333644	0.00000512	0x00	0x00
SPI [1]	result	5.56334172	0.00000512	0x08	0x00
SPI [1]	result	5.56334700	0.00000512	0x20	0x00
SPI [1]	result	5.56374918	0.00000512	0x0B	0x00
SPI [1]	result	5.56375446	0.00000512	0x10	0x1F
SPI [1]	result	5.56375974	0.00000512	0x80	0xFF
SPI [1]	result	5.56376502	0.00000512	0x3A	0xFF
SPI [1]	result	5.56416382	0.00000512	0x00	0x00
SPI [1]	result	5.56416910	0.00000512	0x00	0x00
SPI [1]	result	5.56417438	0.00000512	0x00	0x00
SPI [1]	result	5.56417966	0.00000512	0x00	0x00
SPI [1]	result	5.56458088	0.00000512	0x08	0x00
SPI [1]	result	5.56458616	0.00000512	0x00	0x00
SPI [1]	result	5.56459144	0.00000512	0x88	0x07
SPI [1]	result	5.56459672	0.00000512	0x32	0xFF
SPI [1]	result	5.60335011	0.00000512	0x00	0x00
SPI [1]	result	5.60335539	0.00000512	0x00	0x00
SPI [1]	result	5.60336067	0.00000512	0x08	0x00
SPI [1]	result	5.60336595	0.00000512	0x20	0x10
SPI [1]	result	5.60381486	0.00000512	0x0C	0x00
SPI [1]	result	5.60382014	0.00000512	0x10	0x00
SPI [1]	result	5.60382542	0.00000512	0x80	0x7F
SPI [1]	result	5.60383070	0.00000512	0x02	0xFF
SPI [1]	result	5.60423084	0.00000512	0x00	0x00
SPI [1]	result	5.60423612	0.00000512	0x00	0x00
SPI [1]	result	5.60424140	0.00000512	0x09	0x00
SPI [1]	result	5.60424668	0.00000512	0xA6	0x7F
SPI [1]	result	5.60464816	0.00000512	0x0D	0x00
SPI [1]	result	5.60465344	0.00000512	0x00	0x00
SPI [1]	result	5.60465872	0.00000512	0x88	0x7F
SPI [1]	result	5.60466400	0.00000512	0x1A	0xFF
SPI [1]	result	5.60506561	0.00000512	0x00	0x00
SPI [1]	result	5.60507089	0.00000512	0x00	0x00
SPI [1]	result	5.60507617	0.00000512	0x00	0x00
SPI [1]	result	5.60508145	0.00000512	0x00	0x00
SPI [1]	result	5.60554304	0.00000512	0x08	0x00
SPI [1]	result	5.60554832	0.00000512	0x00	0x00
SPI [1]	result	5.60555360	0.00000512	0x89	0x07
SPI [1]	result	5.60555888	0.00000512	0xB8	0xFF
SPI [1]	result	5.64333462	0.00000512	0x00	0x00
SPI [1]	result	5.64333990	0.00000512	0x00	0x00
SPI [1]	result	5.64334518	0.00000512	0x08	0x00
SPI [1]	result	5.64335046	0.00000512	0x20	0x00
SPI [1]	result	5.64375348	0.00000512	0x0E	0x00
SPI [1]	result	5.64375876	0.00000512	0x10	0x00
SPI [1]	result	5.64376404	0.00000512	0x80	0x7F
SPI [1]	result	5.64376932	0.00000512	0x12	0xFF
SPI [1]	result	5.64417130	0.00000512	0x00	0x00
SPI [1]	result	5.64417658	0.00000512	0x00	0x00
SPI [1]	result	5.64418186	0.00000512	0x00	0x00
SPI [1]	result	5.64418714	0.00000512	0x00	0x00
SPI [1]	result	5.64458828	0.00000512	0x08	0x00
SPI [1]	result	5.64459356	0.00000512	0x00	0x00
SPI [1]	result	5.64459884	0.00000512	0x88	0x07
SPI [1]	result	5.64460412	0.00000512	0x32	0xFF
SPI [1]	result	5.68333648	0.00000512	0x00	0x00
SPI [1]	result	5.68334176	0.00000512	0x00	0x00
SPI [1]	result	5.68334704	0.00000512	0x08	0x00
SPI [1]	result	5.68335232	0.00000512	0x20	0x10
SPI [1]	result	5.68377297	0.00000512	0x0F	0x00
SPI [1]	result	5.68377825	0.00000512	0x10	0x00
SPI [1]	result	5.68378353	0.00000512	0x80	0xFF
SPI [1]	result	5.68378881	0.00000512	0x1A	0xFF
SPI [1]	result	5.68419255	0.00000512	0x00	0x00
SPI [1]	result	5.68419783	0.00000512	0x00	0x00
SPI [1]	result	5.68420311	0.00000512	0x00	0x00
SPI [1]	result	5.68420839	0.00000512	0x00	0x00
SPI [1]	result	5.68460762	0.00000512	0x08	0x00
SPI [1]	result	5.68461290	0.00000512	0x00	0x00
SPI [1]	result	5.68461818	0.00000512	0x88	0x07
SPI [1]	result	5.68462346	0.00000512	0x32	0xFF
SPI [1]	result	5.72333510	0.00000512	0x00	0x00
SPI [1]	result	5.72334038	0.00000512	0x00	0x00
SPI [1]	result	5.72334566	0.00000512	0x08	0x00
SPI [1]	result	5.72335094	0.00000512	0x20	0x10
SPI [1]	result	5.72375925	0.00000512	0x08	0x00
SPI [1]	result	5.72376453	0.00000512	0x10	0x00
SPI [1]	result	5.72376981	0.00000512	0x80	0xFF
SPI [1]	result	5.72377509	0.00000512	0x22	0xFF
SPI [1]	result	5.72417644	0.00000512	0x00	0x00
SPI [1]	result	5.72418172	0.00000512	0x00	0x00
SPI [1]	result	5.72418700	0.00000512	0x09	0x00
SPI [1]	result	5.72419228	0.00000512	0xA6	0x7F
SPI [1]	result	5.72459345	0.00000512	0x09	0x00
SPI [1]	result	5.72459873	0.00000512	0x00	0x00
SPI [1]	result	5.72460401	0.00000512	0x88	0x7F
SPI [1]	result	5.72460929	0.00000512	0x3A	0xFF
SPI [1]	result	5.72501057	0.00000512	0x00	0x00
SPI [1]	result	5.72501585	0.00000512	0x00	0x00
SPI [1]	result	5.72502113	0.00000512	0x00	0x00
SPI [1]	result	5.72502641	0.00000512	0x00	0x00
SPI [1]	result	5.72542464	0.00000512	0x08	0x00
SPI [1]	result	5.72542992	0.00000512	0x00	0x00
SPI [1]	result	5.72543520	0.00000512	0x89	0x0F
SPI [1]	result	5.72544048	0.00000512	0xB8	0xFF
SPI [1]	result	5.76333563	0.00000512	0x00	0x00
SPI [1]	result	5.76334091	0.00000512	0x00	0x00
SPI [1]	result	5.76334619	0.00000512	0x08	0x00
SPI [1]	result	5.76335147	0.00000512	0x20	0x00
SPI [1]	result	5.76376587	0.00000512	0x0A	0x00
SPI [1]	result	5.76377115	0.00000512	0x10	0x0F
SPI [1]	result	5.76377643	0.00000512	0x80	0xFF
SPI [1]	result	5.76378171	0.00000512	0x32	0xFF
SPI [1]	result	5.76418255	0.00000512	0x00	0x00
SPI [1]	result	5.76418783	0.00000512	0x00	0x00
SPI [1]	result	5.76419311	0.00000512	0x00	0x00
SPI [1]	result	5.76419839	0.00000512	0x00	0x00
SPI [1]	result	5.76459929	0.00000512	0x08	0x00
SPI [1]	result	5.76460457	0.00000512	0x00	0x00
SPI [1]	result	5.76460985	0.00000512	0x88	0x07
SPI [1]	result	5.76461513	0.00000512	0x32	0xFF
SPI [1]	result	5.80333190	0.00000512	0x00	0x00
SPI [1]	result	5.80333718	0.00000512	0x00	0x00
SPI [1]	result	5.80334246	0.00000512	0x08	0x00
SPI [1]	result	5.80334774	0.00000512	0x20	0x00
SPI [1]	result	5.80375118	0.00000512	0x0B	0x00
SPI [1]	result	5.80375646	0.00000512	0x10	0x1F
SPI [1]	result	5.80376174	0.00000512	0x80	0xFF
SPI [1]	result	5.80376702	0.00000512	0x3A	0xFF
SPI [1]	result	5.80416776	0.00000512	0x00	0x00
SPI [1]	result	5.80417304	0.00000512	0x00	0x00
SPI [1]	result	5.80417832	0.00000512	0x00	0x00
SPI [1]	result	5.80418360	0.00000512	0x00	0x00
SPI [1]	result	5.80458489	0.00000512	0x08	0x00
SPI [1]	result	5.80459017	0.00000512	0x00	0x00
SPI [1]	result	5.80459545	0.00000512	0x88	0x07
SPI [1]	result	5.80460073	0.00000512	0x32	0xFF
SPI [1]	result	5.84333365	0.00000512	0x00	0x00
SPI [1]	result	5.84333893	0.00000512	0x00	0x00
SPI [1]	result	5.84334421	0.00000512	0x08	0x00
SPI [1]	result	5.84334949	0.00000512	0x20	0x00
SPI [1]	result	5.84375191	0.00000512	0x0C	0x00
SPI [1]	result	5.84375719	0.00000512	0x10	0x00
SPI [1]	result	5.84376247	0.00000512	0x80	0x7F
SPI [1]	result	5.84376775	0.00000512	0x02	0xFF
SPI [1]	result	5.84416890	0.00000512	0x00	0x00
SPI [1]	result	5.84417418	0.00000512	0x00	0x00
SPI [1]	result	5.84417946	0.00000512	0x09	0x00
SPI [1]	result	5.84418474	0.00000512	0xA6	0x7F
SPI [1]	result	5.84458559	0.00000512	0x0D	0x00
SPI [1]	result	5.84459087	0.00000512	0x00	0x00
SPI [1]	result	5.84459615	0.00000512	0x88	0x7F
SPI [1]	result	5.84460143	0.00000512	0x1A	0xFF
SPI [1]	result	5.84500257	0.00000512	0x00	0x00
SPI [1]	result	5.84500785	0.00000512	0x00	0x00
SPI [1]	result	5.84501313	0.00000512	0x00	0x00
SPI [1]	result	5.84501841	0.00000512	0x00	0x00
SPI [1]	result	5.84541978	0.00000512	0x08	0x00
SPI [1]	result	5.84542506	0.00000512	0x00	0x00
SPI [1]	result	5.84543034	0.00000512	0x89	0x07
SPI [1]	result	5.84543562	0.00000512	0xB8	0xFF
SPI [1]	result	5.88333151	0.00000512	0x00	0x00
SPI [1]	result	5.88333679	0.00000512	0x00	0x00
SPI [1]	result	5.88334207	0.00000512	0x08	0x00
SPI [1]	result	5.88334735	0.00000512	0x20	0x10
SPI [1]	result	5.88374736	0.00000512	0x0E	0x00
SPI [1]	result	5.88375264	0.00000512	0x10	0x00
SPI [1]	result	5.88375792	0.00000512	0x80	0xFF
SPI [1]	result	5.88376320	0.00000512	0x12	0xFF
SPI [1]	result	5.88416476	0.00000512	0x00	0x00
SPI [1]	result	5.88417004	0.00000512	0x00	0x00
SPI [1]	result	5.88417532	0.00000512	0x00	0x00
SPI [1]	result	5.88418060	0.00000512	0x00	0x00
SPI [1]	result	5.88458172	0.00000512	0x08	0x00
SPI [1]	result	5.88458700	0.00000512	0x00	0x00
SPI [1]	result	5.88459228	0.00000512	0x88	0x07
SPI [1]	result	5.88459756	0.00000512	0x32	0xFF
SPI [1]	result	5.92333572	0.00000512	0x00	0x00
SPI [1]	result	5.92334100	0.00000512	0x00	0x00
SPI [1]	result	5.92334628	0.00000512	0x08	0x00
SPI [1]	result	5.92335156	0.00000512	0x20	0x10
SPI [1]	result	5.92376998	0.00000512	0x0F	0x00
SPI [1]	result	5.92377526	0.00000512	0x10	0x00
SPI [1]	result	5.92378054	0.00000512	0x80	0xFF
SPI [1]	result	5.92378582	0.00000512	0x1A	0xFF
SPI [1]	result	5.92418575	0.00000512	0x00	0x00
SPI [1]	result	5.92419103	0.00000512	0x00	0x00
SPI [1]	result	5.92419631	0.00000512	0x00	0x00
SPI [1]	result	5.92420159	0.00000512	0x00	0x00
SPI [1]	result	5.92460232	0.00000512	0x08	0x00
SPI [1]	result	5.92460760	0.00000512	0x00	0x00
SPI [1]	result	5.92461288	0.00000512	0x88	0x07
SPI [1]	result	5.92461816	0.00000512	0x32	0xFF
SPI [1]	result	5.96333487	0.00000512	0x00	0x00
SPI [1]	result	5.96334015	0.00000512	0x00	0x00
SPI [1]	result	5.96334543	0.00000512	0x08	0x00
SPI [1]	result	5.96335071	0.00000512	0x20	0x00
SPI [1]	result	5.96375858	0.00000512	0x08	0x00
SPI [1]	result	5.96376386	0.00000512	0x10	0x00
SPI [1]	result	5.96376914	0.00000512	0x80	0x7F
SPI [1]	result	5.96377442	0.00000512	0x22	0xFF
SPI [1]	result	5.96417592	0.00000512	0x00	0x00
SPI [1]	result	5.96418120	0.00000512	0x00	0x00
SPI [1]	result	5.96418648	0.00000512	0x09	0x00
SPI [1]	result	5.96419176	0.00000512	0xA6	0x7F
SPI [1]	result	5.96458996	0.00000512	0x09	0x00
SPI [1]	result	5.96459524	0.00000512	0x00	0x00
SPI [1]	result	5.96460052	0.00000512	0x88	0x7F
SPI [1]	result	5.96460580	0.00000512	0x3A	0xFF
SPI [1]	result	5.96500636	0.00000512	0x00	0x00
SPI [1]	result	5.96501164	0.00000512	0x00	0x00
SPI [1]	result	5.96501692	0.00000512	0x00	0x00
SPI [1]	result	5.96502220	0.00000512	0x00	0x00
SPI [1]	result	5.96542301	0.00000512	0x08	0x00
SPI [1]	result	5.96542829	0.00000512	0x00	0x00
SPI [1]	result	5.96543357	0.00000512	0x89	0x0F
SPI [1]	result	5.96543885	0.00000512	0xB8	0xFF
SPI [1]	result	6.00333196	0.00000512	0x00	0x00
SPI [1]	result	6.00333724	0.00000512	0x00	0x00
SPI [1]	result	6.00334252	0.00000512	0x08	0x00
SPI [1]	result	6.00334780	0.00000512	0x20	0x10
SPI [1]	result	6.00381463	0.00000512	0x0A	0x00
SPI [1]	result	6.00381991	0.00000512	0x10	0x1F
SPI [1]	result	6.00382519	0.00000512	0x80	0xFF
SPI [1]	result	6.00383047	0.00000512	0x32	0xFF
SPI [1]	result	6.00424926	0.00000512	0x00	0x00
SPI [1]	result	6.00425454	0.00000512	0x00	0x00
SPI [1]	result	6.00425982	0.00000512	0x00	0x00
SPI [1]	result	6.00426510	0.00000512	0x00	0x00
SPI [1]	result	6.00466838	0.00000512	0x08	0x00
SPI [1]	result	6.00467366	0.00000512	0x00	0x00
SPI [1]	result	6.00467894	0.00000512	0x88	0x07
SPI [1]	result	6.00468422	0.00000512	0x32	0xFF
SPI [1]	result	6.04333367	0.00000512	0x00	0x00
SPI [1]	result	6.04333895	0.00000512	0x00	0x00
SPI [1]	result	6.04334423	0.00000512	0x08	0x00
SPI [1]	result	6.04334951	0.00000512	0x20	0x10
SPI [1]	result	6.04375138	0.00000512	0x0B	0x00
SPI [1]	result	6.04375666	0.00000512	0x10	0x1F
SPI [1]	result	6.04376194	0.00000512	0x80	0xFF
SPI [1]	result	6.04376722	0.00000512	0x3A	0xFF
SPI [1]	result	6.04416868	0.00000512	0x00	0x00
SPI [1]	result	6.04417396	0.00000512	0x00	0x00
SPI [1]	result	6.04417924	0.00000512	0x00	0x00
SPI [1]	result	6.04418452	0.00000512	0x00	0x00
SPI [1]	result	6.04458583	0.00000512	0x08	0x00
SPI [1]	result	6.04459111	0.00000512	0x00	0x00
SPI [1]	result	6.04459639	0.00000512	0x88	0x07
SPI [1]	result	6.04460167	0.00000512	0x32	0xFF
SPI [1]	result	6.08333627	0.00000512	0x00	0x00
SPI [1]	result	6.08334155	0.00000512	0x00	0x00
SPI [1]	result	6.08334683	0.00000512	0x08	0x00
SPI [1]	result	6.08335211	0.00000512	0x20	0x10
SPI [1]	result	6.08376729	0.00000512	0x0C	0x00
SPI [1]	result	6.08377257	0.00000512	0x10	0x00
SPI [1]	result	6.08377785	0.00000512	0x80	0x7F
SPI [1]	result	6.08378313	0.00000512	0x02	0xFF
SPI [1]	result	6.08418261	0.00000512	0x00	0x00
SPI [1]	result	6.08418789	0.00000512	0x00	0x00
SPI [1]	result	6.08419317	0.00000512	0x09	0x00
SPI [1]	result	6.08419845	0.00000512	0xA6	0x7F
SPI [1]	result	6.08460023	0.00000512	0x0D	0x00
SPI [1]	result	6.08460551	0.00000512	0x00	0x10
SPI [1]	result	6.08461079	0.00000512	0x88	0x7F
SPI [1]	result	6.08461607	0.00000512	0x1A	0xFF
SPI [1]	result	6.08501681	0.00000512	0x00	0x00
SPI [1]	result	6.08502209	0.00000512	0x00	0x00
SPI [1]	result	6.08502737	0.00000512	0x00	0x00
SPI [1]	result	6.08503265	0.00000512	0x00	0x00
SPI [1]	result	6.08543391	0.00000512	0x08	0x00
SPI [1]	result	6.08543919	0.00000512	0x00	0x00
SPI [1]	result	6.08544447	0.00000512	0x89	0x07
SPI [1]	result	6.08544975	0.00000512	0xB8	0xFF
SPI [1]	result	6.12333311	0.00000512	0x00	0x00
SPI [1]	result	6.12333839	0.00000512	0x00	0x00
SPI [1]	result	6.12334367	0.00000512	0x08	0x00
SPI [1]	result	6.12334895	0.00000512	0x20	0x10
SPI [1]	result	6.12375112	0.00000512	0x0E	0x00
SPI [1]	result	6.12375640	0.00000512	0x10	0x00
SPI [1]	result	6.12376168	0.00000512	0x80	0xFF
SPI [1]	result	6.12376696	0.00000512	0x12	0xFF
SPI [1]	result	6.12416838	0.00000512	0x00	0x00
SPI [1]	result	6.12417366	0.00000512	0x00	0x00
SPI [1]	result	6.12417894	0.00000512	0x00	0x00
SPI [1]	result	6.12418422	0.00000512	0x00	0x00
SPI [1]	result	6.12458568	0.00000512	0x08	0x00
SPI [1]	result	6.12459096	0.00000512	0x00	0x00
SPI [1]	result	6.12459624	0.00000512	0x88	0x07
SPI [1]	result	6.12460152	0.00000512	0x32	0xFF
SPI [1]	result	6.16333510	0.00000512	0x00	0x00
SPI [1]	result	6.16334038	0.00000512	0x00	0x00
SPI [1]	result	6.16334566	0.00000512	0x08	0x00
SPI [1]	result	6.16335094	0.00000512	0x20	0x10
SPI [1]	result	6.16376694	0.00000512	0x0F	0x00
SPI [1]	result	6.16377222	0.00000512	0x10	0x00
SPI [1]	result	6.16377750	0.00000512	0x80	0xFF
SPI [1]	result	6.16378278	0.00000512	0x1A	0xFF
SPI [1]	result	6.16418306	0.00000512	0x00	0x00
SPI [1]	result	6.16418834	0.00000512	0x00	0x00
SPI [1]	result	6.16419362	0.00000512	0x00	0x00
SPI [1]	result	6.16419890	0.00000512	0x00	0x00
SPI [1]	result	6.16460019	0.00000512	0x08	0x00
SPI [1]	result	6.16460547	0.00000512	0x00	0x00
SPI [1]	result	6.16461075	0.00000512	0x88	0x07
SPI [1]	result	6.16461603	0.00000512	0x32	0xFF
SPI [1]	result	6.20333380	0.00000512	0x00	0x00
SPI [1]	result	6.20333908	0.00000512	0x00	0x00
SPI [1]	result	6.20334436	0.00000512	0x08	0x00
SPI [1]	result	6.20334964	0.00000512	0x20	0x00
SPI [1]	result	6.20375286	0.00000512	0x08	0x00
SPI [1]	result	6.20375814	0.00000512	0x10	0x00
SPI [1]	result	6.20376342	0.00000512	0x80	0x7F
SPI [1]	result	6.20376870	0.00000512	0x22	0xFF
SPI [1]	result	6.20416883	0.00000512	0x00	0x00
SPI [1]	result	6.20417411	0.00000512	0x00	0x00
SPI [1]	result	6.20417939	0.00000512	0x09	0x00
SPI [1]	result	6.20418467	0.00000512	0xA6	0x7F
SPI [1]	result	6.20458572	0.00000512	0x09	0x00
SPI [1]	result	6.20459100	0.00000512	0x00	0x00
SPI [1]	result	6.20459628	0.00000512	0x88	0x7F
SPI [1]	result	6.20460156	0.00000512	0x3A	0xFF
SPI [1]	result	6.20500258	0.00000512	0x00	0x00
SPI [1]	result	6.20500786	0.00000512	0x00	0x00
SPI [1]	result	6.20501314	0.00000512	0x00	0x00
SPI [1]	result	6.20501842	0.00000512	0x00	0x00
SPI [1]	result	6.20541947	0.00000512	0x08	0x00
SPI [1]	result	6.20542475	0.00000512	0x00	0x00
SPI [1]	result	6.20543003	0.00000512	0x89	0x07
SPI [1]	result	6.20543531	0.00000512	0xB8	0xFF
SPI [1]	result	6.24333127	0.00000512	0x00	0x00
SPI [1]	result	6.24333655	0.00000512	0x00	0x00
SPI [1]	result	6.24334183	0.00000512	0x08	0x00
SPI [1]	result	6.24334711	0.00000512	0x20	0x00
SPI [1]	result	6.24375000	0.00000512	0x0A	0x00
SPI [1]	result	6.24375528	0.00000512	0x10	0x1F
SPI [1]	result	6.24376056	0.00000512	0x80	0xFF
SPI [1]	result	6.24376584	0.00000512	0x32	0xFF
SPI [1]	result	6.24416433	0.00000512	0x00	0x00
SPI [1]	result	6.24416961	0.00000512	0x00	0x00
SPI [1]	result	6.24417489	0.00000512	0x00	0x00
SPI [1]	result	6.24418017	0.00000512	0x00	0x00
SPI [1]	result	6.24458121	0.00000512	0x08	0x00
SPI [1]	result	6.24458649	0.00000512	0x00	0x00
SPI [1]	result	6.24459177	0.00000512	0x88	0x07
SPI [1]	result	6.24459705	0.00000512	0x32	0xFF
SPI [1]	result	6.28333102	0.00000512	0x00	0x00
SPI [1]	result	6.28333630	0.00000512	0x00	0x00
SPI [1]	result	6.28334158	0.00000512	0x08	0x00
SPI [1]	result	6.28334686	0.00000512	0x20	0x00
SPI [1]	result	6.28374952	0.00000512	0x0B	0x00
SPI [1]	result	6.28375480	0.00000512	0x10	0x1F
SPI [1]	result	6.28376008	0.00000512	0x80	0xFF
SPI [1]	result	6.28376536	0.00000512	0x3A	0xFF
SPI [1]	result	6.28416662	0.00000512	0x00	0x00
SPI [1]	result	6.28417190	0.00000512	0x00	0x00
SPI [1]	result	6.28417718	0.00000512	0x00	0x00
SPI [1]	result	6.28418246	0.00000512	0x00	0x00
SPI [1]	result	6.28458103	0.00000512	0x08	0x00
SPI [1]	result	6.28458631	0.00000512	0x00	0x00
SPI [1]	result	6.28459159	0.00000512	0x88	0x07
SPI [1]	result	6.28459687	0.00000512	0x32	0xFF
SPI [1]	result	6.32333286	0.00000512	0x00	0x00
SPI [1]	result	6.32333814	0.00000512	0x00	0x00
SPI [1]	result	6.32334342	0.00000512	0x08	0x00
SPI [1]	result	6.32334870	0.00000512	0x20	0x00
SPI [1]	result	6.32375142	0.00000512	0x0C	0x00
SPI [1]	result	6.32375670	0.00000512	0x10	0x00
SPI [1]	result	6.32376198	0.00000512	0x80	0x7F
SPI [1]	result	6.32376726	0.00000512	0x02	0xF3
SPI [1]	result	6.32416946	0.00000512	0x00	0x00
SPI [1]	result	6.32417474	0.00000512	0x00	0x00
SPI [1]	result	6.32418002	0.00000512	0x09	0x00
SPI [1]	result	6.32418530	0.00000512	0xA6	0x7F
SPI [1]	result	6.32458391	0.00000512	0x0D	0x00
SPI [1]	result	6.32458919	0.00000512	0x00	0x00
SPI [1]	result	6.32459447	0.00000512	0x88	0x7F
SPI [1]	result	6.32459975	0.00000512	0x1A	0xFF
SPI [1]	result	6.32500060	0.00000512	0x00	0x00
SPI [1]	result	6.32500588	0.00000512	0x00	0x00
SPI [1]	result	6.32501116	0.00000512	0x00	0x00
SPI [1]	result	6.32501644	0.00000512	0x00	0x00
SPI [1]	result	6.32541737	0.00000512	0x08	0x00
SPI [1]	result	6.32542265	0.00000512	0x00	0x00
SPI [1]	result	6.32542793	0.00000512	0x89	0x0F
SPI [1]	result	6.32543321	0.00000512	0xB8	0xFF
SPI [1]	result	6.36333469	0.00000512	0x00	0x00
SPI [1]	result	6.36333997	0.00000512	0x00	0x00
SPI [1]	result	6.36334525	0.00000512	0x08	0x00
SPI [1]	result	6.36335053	0.00000512	0x20	0x10
SPI [1]	result	6.36376860	0.00000512	0x0E	0x00
SPI [1]	result	6.36377388	0.00000512	0x10	0x00
SPI [1]	result	6.36377916	0.00000512	0x80	0xFF
SPI [1]	result	6.36378444	0.00000512	0x12	0xFF
SPI [1]	result	6.36423779	0.00000512	0x00	0x00
SPI [1]	result	6.36424307	0.00000512	0x00	0x00
SPI [1]	result	6.36424835	0.00000512	0x00	0x00
SPI [1]	result	6.36425363	0.00000512	0x00	0x00
SPI [1]	result	6.36467137	0.00000512	0x08	0x00
SPI [1]	result	6.36467665	0.00000512	0x00	0x00
SPI [1]	result	6.36468193	0.00000512	0x88	0x07
SPI [1]	result	6.36468721	0.00000512	0x32	0xFF
SPI [1]	result	6.40333400	0.00000512	0x00	0x00
SPI [1]	result	6.40333928	0.00000512	0x00	0x00
SPI [1]	result	6.40334456	0.00000512	0x08	0x00
SPI [1]	result	6.40334984	0.00000512	0x20	0x10
SPI [1]	result	6.40375546	0.00000512	0x0F	0x00
SPI [1]	result	6.40376074	0.00000512	0x10	0x00
SPI [1]	result	6.40376602	0.00000512	0x80	0xFF
SPI [1]	result	6.40377130	0.00000512	0x1A	0xFF
SPI [1]	result	6.40417304	0.00000512	0x00	0x00
SPI [1]	result	6.40417832	0.00000512	0x00	0x00
SPI [1]	result	6.40418360	0.00000512	0x00	0x00
SPI [1]	result	6.40418888	0.00000512	0x00	0x00
SPI [1]	result	6.40458966	0.00000512	0x08	0x00
SPI [1]	result	6.40459494	0.00000512	0x00	0x00
SPI [1]	result	6.40460022	0.00000512	0x88	0x0F
SPI [1]	result	6.40460550	0.00000512	0x32	0xFF
SPI [1]	result	6.44333612	0.00000512	0x00	0x00
SPI [1]	result	6.44334140	0.00000512	0x00	0x00
SPI [1]	result	6.44334668	0.00000512	0x08	0x00
SPI [1]	result	6.44335196	0.00000512	0x20	0x11
SPI [1]	result	6.44376577	0.00000512	0x08	0x00
SPI [1]	result	6.44377105	0.00000512	0x10	0x00
SPI [1]	result	6.44377633	0.00000512	0x80	0x7F
SPI [1]	result	6.44378161	0.00000512	0x22	0xFF
SPI [1]	result	6.44418426	0.00000512	0x00	0x00
SPI [1]	result	6.44418954	0.00000512	0x00	0x00
SPI [1]	result	6.44419482	0.00000512	0x09	0x00
SPI [1]	result	6.44420010	0.00000512	0xA6	0x7F
SPI [1]	result	6.44460124	0.00000512	0x09	0x00
SPI [1]	result	6.44460652	0.00000512	0x00	0x00
SPI [1]	result	6.44461180	0.00000512	0x88	0x7F
SPI [1]	result	6.44461708	0.00000512	0x3A	0xFF
SPI [1]	result	6.44501890	0.00000512	0x00	0x00
SPI [1]	result	6.44502418	0.00000512	0x00	0x00
SPI [1]	result	6.44502946	0.00000512	0x00	0x00
SPI [1]	result	6.44503474	0.00000512	0x00	0x00
SPI [1]	result	6.44543575	0.00000512	0x08	0x00
SPI [1]	result	6.44544103	0.00000512	0x00	0x00
SPI [1]	result	6.44544631	0.00000512	0x89	0x07
SPI [1]	result	6.44545159	0.00000512	0xB8	0xFF
SPI [1]	result	6.48333209	0.00000512	0x00	0x00
SPI [1]	result	6.48333737	0.00000512	0x00	0x00
SPI [1]	result	6.48334265	0.00000512	0x08	0x00
SPI [1]	result	6.48334793	0.00000512	0x20	0x18
SPI [1]	result	6.48375452	0.00000512	0x0A	0x00
SPI [1]	result	6.48375980	0.00000512	0x10	0x0F
SPI [1]	result	6.48376508	0.00000512	0x80	0xFF
SPI [1]	result	6.48377036	0.00000512	0x32	0xFF
SPI [1]	result	6.48417127	0.00000512	0x00	0x00
SPI [1]	result	6.48417655	0.00000512	0x00	0x00
SPI [1]	result	6.48418183	0.00000512	0x00	0x00
SPI [1]	result	6.48418711	0.00000512	0x00	0x00
SPI [1]	result	6.48458772	0.00000512	0x08	0x00
SPI [1]	result	6.48459300	0.00000512	0x00	0x00
SPI [1]	result	6.48459828	0.00000512	0x88	0x07
SPI [1]	result	6.48460356	0.00000512	0x32	0xFF
SPI [1]	result	6.52333499	0.00000512	0x00	0x00
SPI [1]	result	6.52334027	0.00000512	0x00	0x00
SPI [1]	result	6.52334555	0.00000512	0x08	0x00
SPI [1]	result	6.52335083	0.00000512	0x20	0x00
SPI [1]	result	6.52376570	0.00000512	0x0B	0x00
SPI [1]	result	6.52377098	0.00000512	0x10	0x1F
SPI [1]	result	6.52377626	0.00000512	0x80	0xFF
SPI [1]	result	6.52378154	0.00000512	0x3A	0xFF
SPI [1]	result	6.52418265	0.00000512	0x00	0x00
SPI [1]	result	6.52418793	0.00000512	0x00	0x00
SPI [1]	result	6.52419321	0.00000512	0x00	0x00
SPI [1]	result	6.52419849	0.00000512	0x00	0x00
SPI [1]	result	6.52460127	0.00000512	0x08	0x00
SPI [1]	result	6.52460655	0.00000512	0x00	0x00
SPI [1]	result	6.52461183	0.00000512	0x88	0x07
SPI [1]	result	6.52461711	0.00000512	0x32	0xFF
SPI [1]	result	6.56333417	0.00000512	0x00	0x00
SPI [1]	result	6.56333945	0.00000512	0x00	0x00
SPI [1]	result	6.56334473	0.00000512	0x08	0x00
SPI [1]	result	6.56335001	0.00000512	0x20	0x10
SPI [1]	result	6.56375360	0.00000512	0x0C	0x00
SPI [1]	result	6.56375888	0.00000512	0x10	0x00
SPI [1]	result	6.56376416	0.00000512	0x80	0xFF
SPI [1]	result	6.56376944	0.00000512	0x02	0xFB
SPI [1]	result	6.56416807	0.00000512	0x00	0x00
SPI [1]	result	6.56417335	0.00000512	0x00	0x00
SPI [1]	result	6.56417863	0.00000512	0x09	0x00
SPI [1]	result	6.56418391	0.00000512	0xA6	0x7F
SPI [1]	result	6.56458657	0.00000512	0x0D	0x00
SPI [1]	result	6.56459185	0.00000512	0x00	0x00
SPI [1]	result	6.56459713	0.00000512	0x88	0x7F
SPI [1]	result	6.56460241	0.00000512	0x1A	0xFF
SPI [1]	result	6.56500351	0.00000512	0x00	0x00
SPI [1]	result	6.56500879	0.00000512	0x00	0x00
SPI [1]	result	6.56501407	0.00000512	0x00	0x00
SPI [1]	result	6.56501935	0.00000512	0x00	0x00
SPI [1]	result	6.56542021	0.00000512	0x08	0x00
SPI [1]	result	6.56542549	0.00000512	0x00	0x00
SPI [1]	result	6.56543077	0.00000512	0x89	0x07
SPI [1]	result	6.56543605	0.00000512	0xB8	0xFF
SPI [1]	result	6.60334498	0.00000512	0x00	0x00
SPI [1]	result	6.60335026	0.00000512	0x00	0x00
SPI [1]	result	6.60335554	0.00000512	0x08	0x00
SPI [1]	result	6.60336082	0.00000512	0x20	0x00
SPI [1]	result	6.60380387	0.00000512	0x0E	0x00
SPI [1]	result	6.60380915	0.00000512	0x10	0x00
SPI [1]	result	6.60381443	0.00000512	0x80	0x7F
SPI [1]	result	6.60381971	0.00000512	0x12	0xFF
SPI [1]	result	6.60422204	0.00000512	0x00	0x00
SPI [1]	result	6.60422732	0.00000512	0x00	0x00
SPI [1]	result	6.60423260	0.00000512	0x00	0x00
SPI [1]	result	6.60423788	0.00000512	0x00	0x00
SPI [1]	result	6.60463940	0.00000512	0x08	0x00
SPI [1]	result	6.60464468	0.00000512	0x00	0x00
SPI [1]	result	6.60464996	0.00000512	0x88	0x07
SPI [1]	result	6.60465524	0.00000512	0x32	0xFF
SPI [1]	result	6.64333329	0.00000512	0x00	0x00
SPI [1]	result	6.64333857	0.00000512	0x00	0x00
SPI [1]	result	6.64334385	0.00000512	0x08	0x00
SPI [1]	result	6.64334913	0.00000512	0x20	0x00
SPI [1]	result	6.64375463	0.00000512	0x0F	0x00
SPI [1]	result	6.64375991	0.00000512	0x10	0x00
SPI [1]	result	6.64376519	0.00000512	0x80	0xFF
SPI [1]	result	6.64377047	0.00000512	0x1A	0xFF
SPI [1]	result	6.64417213	0.00000512	0x00	0x00
SPI [1]	result	6.64417741	0.00000512	0x00	0x00
SPI [1]	result	6.64418269	0.00000512	0x00	0x00
SPI [1]	result	6.64418797	0.00000512	0x00	0x00
SPI [1]	result	6.64458910	0.00000512	0x08	0x00
SPI [1]	result	6.64459438	0.00000512	0x00	0x00
SPI [1]	result	6.64459966	0.00000512	0x88	0x07
SPI [1]	result	6.64460494	0.00000512	0x32	0xFF
SPI [1]	result	6.68333380	0.00000512	0x00	0x00
SPI [1]	result	6.68333908	0.00000512	0x00	0x00
SPI [1]	result	6.68334436	0.00000512	0x08	0x00
SPI [1]	result	6.68334964	0.00000512	0x20	0x18
SPI [1]	result	6.68375319	0.00000512	0x08	0x00
SPI [1]	result	6.68375847	0.00000512	0x10	0x00
SPI [1]	result	6.68376375	0.00000512	0x80	0xFF
SPI [1]	result	6.68376903	0.00000512	0x22	0xFF
SPI [1]	result	6.68417066	0.00000512	0x00	0x00
SPI [1]	result	6.68417594	0.00000512	0x00	0x00
SPI [1]	result	6.68418122	0.00000512	0x09	0x00
SPI [1]	result	6.68418650	0.00000512	0xA6	0x7F
SPI [1]	result	6.68458791	0.00000512	0x09	0x00
SPI [1]	result	6.68459319	0.00000512	0x00	0x00
SPI [1]	result	6.68459847	0.00000512	0x88	0x7F
SPI [1]	result	6.68460375	0.00000512	0x3A	0xFF
SPI [1]	result	6.68500563	0.00000512	0x00	0x00
SPI [1]	result	6.68501091	0.00000512	0x00	0x00
SPI [1]	result	6.68501619	0.00000512	0x00	0x00
SPI [1]	result	6.68502147	0.00000512	0x00	0x00
SPI [1]	result	6.68542030	0.00000512	0x08	0x00
SPI [1]	result	6.68542558	0.00000512	0x00	0x00
SPI [1]	result	6.68543086	0.00000512	0x89	0x0F
SPI [1]	result	6.68543614	0.00000512	0xB8	0xFF
SPI [1]	result	6.72333546	0.00000512	0x00	0x00
SPI [1]	result	6.72334074	0.00000512	0x00	0x00
SPI [1]	result	6.72334602	0.00000512	0x08	0x00
SPI [1]	result	6.72335130	0.00000512	0x20	0x00
SPI [1]	result	6.72376237	0.00000512	0x0A	0x00
SPI [1]	result	6.72376765	0.00000512	0x10	0x0F
SPI [1]	result	6.72377293	0.00000512	0x80	0xFF
SPI [1]	result	6.72377821	0.00000512	0x32	0xFF
SPI [1]	result	6.72418091	0.00000512	0x00	0x00
SPI [1]	result	6.72418619	0.00000512	0x00	0x00
SPI [1]	result	6.72419147	0.00000512	0x00	0x00
SPI [1]	result	6.72419675	0.00000512	0x00	0x00
SPI [1]	result	6.72459799	0.00000512	0x08	0x00
SPI [1]	result	6.72460327	0.00000512	0x00	0x00
SPI [1]	result	6.72460855	0.00000512	0x88	0x0F
SPI [1]	result	6.72461383	0.00000512	0x32	0xFF
SPI [1]	result	6.76333580	0.00000512	0x00	0x00
SPI [1]	result	6.76334108	0.00000512	0x00	0x00
SPI [1]	result	6.76334636	0.00000512	0x08	0x00
SPI [1]	result	6.76335164	0.00000512	0x20	0x10
SPI [1]	result	6.76377053	0.00000512	0x0B	0x00
SPI [1]	result	6.76377581	0.00000512	0x10	0x1F
SPI [1]	result	6.76378109	0.00000512	0x80	0xFF
SPI [1]	result	6.76378637	0.00000512	0x3A	0xFF
SPI [1]	result	6.76418913	0.00000512	0x00	0x00
SPI [1]	result	6.76419441	0.00000512	0x00	0x00
SPI [1]	result	6.76419969	0.00000512	0x00	0x00
SPI [1]	result	6.76420497	0.00000512	0x00	0x00
SPI [1]	result	6.76460652	0.00000512	0x08	0x00
SPI [1]	result	6.76461180	0.00000512	0x00	0x00
SPI [1]	result	6.76461708	0.00000512	0x88	0x07
SPI [1]	result	6.76462236	0.00000512	0x32	0xFF
SPI [1]	result	6.80333763	0.00000512	0x00	0x00
SPI [1]	result	6.80334291	0.00000512	0x00	0x00
SPI [1]	result	6.80334819	0.00000512	0x08	0x00
SPI [1]	result	6.80335347	0.00000512	0x20	0x10
SPI [1]	result	6.80376939	0.00000512	0x0C	0x00
SPI [1]	result	6.80377467	0.00000512	0x10	0x00
SPI [1]	result	6.80377995	0.00000512	0x80	0x7F
SPI [1]	result	6.80378523	0.00000512	0x02	0xC3
SPI [1]	result	6.80418871	0.00000512	0x00	0x00
SPI [1]	result	6.80419399	0.00000512	0x00	0x00
SPI [1]	result	6.80419927	0.00000512	0x09	0x00
SPI [1]	result	6.80420455	0.00000512	0xA6	0x7F
SPI [1]	result	6.80460640	0.00000512	0x0D	0x00
SPI [1]	result	6.80461168	0.00000512	0x00	0x00
SPI [1]	result	6.80461696	0.00000512	0x88	0x7F
SPI [1]	result	6.80462224	0.00000512	0x1A	0xFF
SPI [1]	result	6.80502093	0.00000512	0x00	0x00
SPI [1]	result	6.80502621	0.00000512	0x00	0x00
SPI [1]	result	6.80503149	0.00000512	0x00	0x00
SPI [1]	result	6.80503677	0.00000512	0x00	0x00
SPI [1]	result	6.80543791	0.00000512	0x08	0x00
SPI [1]	result	6.80544319	0.00000512	0x00	0x00
SPI [1]	result	6.80544847	0.00000512	0x89	0x07
SPI [1]	result	6.80545375	0.00000512	0xB8	0xFF
SPI [1]	result	6.84333444	0.00000512	0x00	0x00
SPI [1]	result	6.84333972	0.00000512	0x00	0x00
SPI [1]	result	6.84334500	0.00000512	0x08	0x00
SPI [1]	result	6.84335028	0.00000512	0x20	0x10
SPI [1]	result	6.84376548	0.00000512	0x0E	0x00
SPI [1]	result	6.84377076	0.00000512	0x10	0x00
SPI [1]	result	6.84377604	0.00000512	0x80	0xFF
SPI [1]	result	6.84378132	0.00000512	0x12	0xFF
SPI [1]	result	6.84418384	0.00000512	0x00	0x00
SPI [1]	result	6.84418912	0.00000512	0x00	0x00
SPI [1]	result	6.84419440	0.00000512	0x00	0x00
SPI [1]	result	6.84419968	0.00000512	0x00	0x00
SPI [1]	result	6.84459899	0.00000512	0x08	0x00
SPI [1]	result	6.84460427	0.00000512	0x00	0x00
SPI [1]	result	6.84460955	0.00000512	0x88	0x07
SPI [1]	result	6.84461483	0.00000512	0x32	0xFF
SPI [1]	result	6.88333882	0.00000512	0x00	0x00
SPI [1]	result	6.88334410	0.00000512	0x00	0x00
SPI [1]	result	6.88334938	0.00000512	0x08	0x00
SPI [1]	result	6.88335466	0.00000512	0x20	0x10
SPI [1]	result	6.88378049	0.00000512	0x0F	0x00
SPI [1]	result	6.88378577	0.00000512	0x10	0x00
SPI [1]	result	6.88379105	0.00000512	0x80	0xFF
SPI [1]	result	6.88379633	0.00000512	0x1A	0xFF
SPI [1]	result	6.88419868	0.00000512	0x00	0x00
SPI [1]	result	6.88420396	0.00000512	0x00	0x00
SPI [1]	result	6.88420924	0.00000512	0x00	0x00
SPI [1]	result	6.88421452	0.00000512	0x00	0x00
SPI [1]	result	6.88461604	0.00000512	0x08	0x00
SPI [1]	result	6.88462132	0.00000512	0x00	0x00
SPI [1]	result	6.88462660	0.00000512	0x88	0x07
SPI [1]	result	6.88463188	0.00000512	0x32	0xFF
SPI [1]	result	6.92334204	0.00000512	0x00	0x00
SPI [1]	result	6.92334732	0.00000512	0x00	0x00
SPI [1]	result	6.92335260	0.00000512	0x08	0x00
SPI [1]	result	6.92335788	0.00000512	0x20	0x10
SPI [1]	result	6.92378954	0.00000512	0x08	0x00
SPI [1]	result	6.92379482	0.00000512	0x10	0x00
SPI [1]	result	6.92380010	0.00000512	0x80	0xFF
SPI [1]	result	6.92380538	0.00000512	0x22	0xFF
SPI [1]	result	6.92420866	0.00000512	0x00	0x00
SPI [1]	result	6.92421394	0.00000512	0x00	0x00
SPI [1]	result	6.92421922	0.00000512	0x09	0x00
SPI [1]	result	6.92422450	0.00000512	0xA6	0x7F
SPI [1]	result	6.92462575	0.00000512	0x09	0x00
SPI [1]	result	6.92463103	0.00000512	0x00	0x00
SPI [1]	result	6.92463631	0.00000512	0x88	0x7F
SPI [1]	result	6.92464159	0.00000512	0x3A	0xFF
SPI [1]	result	6.92504278	0.00000512	0x00	0x00
SPI [1]	result	6.92504806	0.00000512	0x00	0x00
SPI [1]	result	6.92505334	0.00000512	0x00	0x00
SPI [1]	result	6.92505862	0.00000512	0x00	0x00
SPI [1]	result	6.92546182	0.00000512	0x08	0x00
SPI [1]	result	6.92546710	0.00000512	0x00	0x00
SPI [1]	result	6.92547238	0.00000512	0x89	0x0F
SPI [1]	result	6.92547766	0.00000512	0xB8	0xFF
SPI [1]	result	6.96333457	0.00000512	0x00	0x00
SPI [1]	result	6.96333985	0.00000512	0x00	0x00
SPI [1]	result	6.96334513	0.00000512	0x08	0x00
SPI [1]	result	6.96335041	0.00000512	0x20	0x00
SPI [1]	result	6.96376068	0.00000512	0x0A	0x00
SPI [1]	result	6.96376596	0.00000512	0x10	0x0F
SPI [1]	result	6.96377124	0.00000512	0x80	0xFF
SPI [1]	result	6.96377652	0.00000512	0x32	0xFF
SPI [1]	result	6.96417843	0.00000512	0x00	0x00
SPI [1]	result	6.96418371	0.00000512	0x00	0x00
SPI [1]	result	6.96418899	0.00000512	0x00	0x00
SPI [1]	result	6.96419427	0.00000512	0x00	0x00
SPI [1]	result	6.96459556	0.00000512	0x08	0x00
SPI [1]	result	6.96460084	0.00000512	0x00	0x00
SPI [1]	result	6.96460612	0.00000512	0x88	0x07
SPI [1]	result	6.96461140	0.00000512	0x32	0xFF
SPI [1]	result	7.00333224	0.00000512	0x00	0x00
SPI [1]	result	7.00333752	0.00000512	0x00	0x00
SPI [1]	result	7.00334280	0.00000512	0x08	0x00
SPI [1]	result	7.00334808	0.00000512	0x20	0x00
SPI [1]	result	7.00375158	0.00000512	0x0B	0x00
SPI [1]	result	7.00375686	0.00000512	0x10	0x1F
SPI [1]	result	7.00376214	0.00000512	0x80	0xFF
SPI [1]	result	7.00376742	0.00000512	0x3A	0xFF
SPI [1]	result	7.00416889	0.00000512	0x00	0x00
SPI [1]	result	7.00417417	0.00000512	0x00	0x00
SPI [1]	result	7.00417945	0.00000512	0x00	0x00
SPI [1]	result	7.00418473	0.00000512	0x00	0x00
SPI [1]	result	7.00458298	0.00000512	0x08	0x00
SPI [1]	result	7.00458826	0.00000512	0x00	0x00
SPI [1]	result	7.00459354	0.00000512	0x88	0x07
SPI [1]	result	7.00459882	0.00000512	0x32	0xFF
SPI [1]	result	7.04333340	0.00000512	0x00	0x00
SPI [1]	result	7.04333868	0.00000512	0x00	0x00
SPI [1]	result	7.04334396	0.00000512	0x08	0x00
SPI [1]	result	7.04334924	0.00000512	0x20	0x18
SPI [1]	result	7.04374978	0.00000512	0x0C	0x00
SPI [1]	result	7.04375506	0.00000512	0x10	0x00
SPI [1]	result	7.04376034	0.00000512	0x80	0xFF
SPI [1]	result	7.04376562	0.00000512	0x02	0xFF
SPI [1]	result	7.04416682	0.00000512	0x00	0x00
SPI [1]	result	7.04417210	0.00000512	0x00	0x00
SPI [1]	result	7.04417738	0.00000512	0x09	0x00
SPI [1]	result	7.04418266	0.00000512	0xA6	0x7F
SPI [1]	result	7.04458383	0.00000512	0x0D	0x00
SPI [1]	result	7.04458911	0.00000512	0x00	0x00
SPI [1]	result	7.04459439	0.00000512	0x88	0x7F
SPI [1]	result	7.04459967	0.00000512	0x1A	0xFF
SPI [1]	result	7.04500046	0.00000512	0x00	0x00
SPI [1]	result	7.04500574	0.00000512	0x00	0x00
SPI [1]	result	7.04501102	0.00000512	0x00	0x00
SPI [1]	result	7.04501630	0.00000512	0x00	0x00
SPI [1]	result	7.04541769	0.00000512	0x08	0x00
SPI [1]	result	7.04542297	0.00000512	0x00	0x00
SPI [1]	result	7.04542825	0.00000512	0x89	0x07
SPI [1]	result	7.04543353	0.00000512	0xB8	0xFF
SPI [1]	result	7.08333199	0.00000512	0x00	0x00
SPI [1]	result	7.08333727	0.00000512	0x00	0x00
SPI [1]	result	7.08334255	0.00000512	0x08	0x00
SPI [1]	result	7.08334783	0.00000512	0x20	0x10
SPI [1]	result	7.08374874	0.00000512	0x0E	0x00
SPI [1]	result	7.08375402	0.00000512	0x10	0x00
SPI [1]	result	7.08375930	0.00000512	0x80	0xFF
SPI [1]	result	7.08376458	0.00000512	0x12	0xFF
SPI [1]	result	7.08416591	0.00000512	0x00	0x00
SPI [1]	result	7.08417119	0.00000512	0x00	0x00
SPI [1]	result	7.08417647	0.00000512	0x00	0x00
SPI [1]	result	7.08418175	0.00000512	0x00	0x00
SPI [1]	result	7.08458349	0.00000512	0x08	0x00
SPI [1]	result	7.08458877	0.00000512	0x00	0x00
SPI [1]	result	7.08459405	0.00000512	0x88	0x07
SPI [1]	result	7.08459933	0.00000512	0x32	0xFF
SPI [1]	result	7.12333189	0.00000512	0x00	0x00
SPI [1]	result	7.12333717	0.00000512	0x00	0x00
SPI [1]	result	7.12334245	0.00000512	0x08	0x00
SPI [1]	result	7.12334773	0.00000512	0x20	0x00
SPI [1]	result	7.12380114	0.00000512	0x0F	0x00
SPI [1]	result	7.12380642	0.00000512	0x10	0x02
SPI [1]	result	7.12381170	0.00000512	0x80	0xFF
SPI [1]	result	7.12381698	0.00000512	0x1A	0xFF
SPI [1]	result	7.12423495	0.00000512	0x00	0x00
SPI [1]	result	7.12424023	0.00000512	0x00	0x00
SPI [1]	result	7.12424551	0.00000512	0x00	0x00
SPI [1]	result	7.12425079	0.00000512	0x00	0x00
SPI [1]	result	7.12465387	0.00000512	0x08	0x00
SPI [1]	result	7.12465915	0.00000512	0x00	0x00
SPI [1]	result	7.12466443	0.00000512	0x88	0x07
SPI [1]	result	7.12466971	0.00000512	0x32	0xFF
SPI [1]	result	7.16333624	0.00000512	0x00	0x00
SPI [1]	result	7.16334152	0.00000512	0x00	0x00
SPI [1]	result	7.16334680	0.00000512	0x08	0x00
SPI [1]	result	7.16335208	0.00000512	0x20	0x00
SPI [1]	result	7.16375644	0.00000512	0x08	0x00
SPI [1]	result	7.16376172	0.00000512	0x10	0x00
SPI [1]	result	7.16376700	0.00000512	0x80	0x7F
SPI [1]	result	7.16377228	0.00000512	0x22	0xFF
SPI [1]	result	7.16417336	0.00000512	0x00	0x00
SPI [1]	result	7.16417864	0.00000512	0x00	0x00
SPI [1]	result	7.16418392	0.00000512	0x09	0x00
SPI [1]	result	7.16418920	0.00000512	0xA6	0x7F
SPI [1]	result	7.16459079	0.00000512	0x09	0x00
SPI [1]	result	7.16459607	0.00000512	0x00	0x00
SPI [1]	result	7.16460135	0.00000512	0x88	0x7F
SPI [1]	result	7.16460663	0.00000512	0x3A	0xFF
SPI [1]	result	7.16500726	0.00000512	0x00	0x00
SPI [1]	result	7.16501254	0.00000512	0x00	0x00
SPI [1]	result	7.16501782	0.00000512	0x00	0x00
SPI [1]	result	7.16502310	0.00000512	0x00	0x00
SPI [1]	result	7.16542502	0.00000512	0x08	0x00
SPI [1]	result	7.16543030	0.00000512	0x00	0x00
SPI [1]	result	7.16543558	0.00000512	0x89	0x07
SPI [1]	result	7.16544086	0.00000512	0xB8	0xFF
SPI [1]	result	7.20333436	0.00000512	0x00	0x00
SPI [1]	result	7.20333964	0.00000512	0x00	0x00
SPI [1]	result	7.20334492	0.00000512	0x08	0x00
SPI [1]	result	7.20335020	0.00000512	0x20	0x00
SPI [1]	result	7.20376590	0.00000512	0x0A	0x00
SPI [1]	result	7.20377118	0.00000512	0x10	0x0F
SPI [1]	result	7.20377646	0.00000512	0x80	0xFF
SPI [1]	result	7.20378174	0.00000512	0x32	0xFF
SPI [1]	result	7.20418452	0.00000512	0x00	0x00
SPI [1]	result	7.20418980	0.00000512	0x00	0x00
SPI [1]	result	7.20419508	0.00000512	0x00	0x00
SPI [1]	result	7.20420036	0.00000512	0x00	0x00
SPI [1]	result	7.20460152	0.00000512	0x08	0x00
SPI [1]	result	7.20460680	0.00000512	0x00	0x00
SPI [1]	result	7.20461208	0.00000512	0x88	0x27
SPI [1]	result	7.20461736	0.00000512	0x32	0xFF
SPI [1]	result	7.24333254	0.00000512	0x00	0x00
SPI [1]	result	7.24333782	0.00000512	0x00	0x00
SPI [1]	result	7.24334310	0.00000512	0x08	0x00
SPI [1]	result	7.24334838	0.00000512	0x20	0x00
SPI [1]	result	7.24375040	0.00000512	0x0B	0x00
SPI [1]	result	7.24375568	0.00000512	0x10	0x1F
SPI [1]	result	7.24376096	0.00000512	0x80	0xFF
SPI [1]	result	7.24376624	0.00000512	0x3A	0xFF
SPI [1]	result	7.24416749	0.00000512	0x00	0x00
SPI [1]	result	7.24417277	0.00000512	0x00	0x00
SPI [1]	result	7.24417805	0.00000512	0x00	0x00
SPI [1]	result	7.24418333	0.00000512	0x00	0x00
SPI [1]	result	7.24458426	0.00000512	0x08	0x00
SPI [1]	result	7.24458954	0.00000512	0x00	0x00
SPI [1]	result	7.24459482	0.00000512	0x88	0x07
SPI [1]	result	7.24460010	0.00000512	0x32	0xFF
SPI [1]	result	7.28333786	0.00000512	0x00	0x00
SPI [1]	result	7.28334314	0.00000512	0x00	0x00
SPI [1]	result	7.28334842	0.00000512	0x08	0x00
SPI [1]	result	7.28335370	0.00000512	0x20	0x00
SPI [1]	result	7.28377213	0.00000512	0x0C	0x00
SPI [1]	result	7.28377741	0.00000512	0x10	0x00
SPI [1]	result	7.28378269	0.00000512	0x80	0xFF
SPI [1]	result	7.28378797	0.00000512	0x02	0xEF
SPI [1]	result	7.28419052	0.00000512	0x00	0x00
SPI [1]	result	7.28419580	0.00000512	0x00	0x00
SPI [1]	result	7.28420108	0.00000512	0x09	0x00
SPI [1]	result	7.28420636	0.00000512	0xA6	0x7F
SPI [1]	result	7.28460473	0.00000512	0x0D	0x00
SPI [1]	result	7.28461001	0.00000512	0x00	0x00
SPI [1]	result	7.28461529	0.00000512	0x88	0x7F
SPI [1]	result	7.28462057	0.00000512	0x1A	0xFF
SPI [1]	result	7.28502164	0.00000512	0x00	0x00
SPI [1]	result	7.28502692	0.00000512	0x00	0x00
SPI [1]	result	7.28503220	0.00000512	0x00	0x00
SPI [1]	result	7.28503748	0.00000512	0x00	0x00
SPI [1]	result	7.28543894	0.00000512	0x08	0x00
SPI [1]	result	7.28544422	0.00000512	0x00	0x00
SPI [1]	result	7.28544950	0.00000512	0x89	0x07
SPI [1]	result	7.28545478	0.00000512	0xB8	0xFF
SPI [1]	result	7.32333193	0.00000512	0x00	0x00
SPI [1]	result	7.32333721	0.00000512	0x00	0x00
SPI [1]	result	7.32334249	0.00000512	0x08	0x00
SPI [1]	result	7.32334777	0.00000512	0x20	0x10
SPI [1]	result	7.32374825	0.00000512	0x0E	0x00
SPI [1]	result	7.32375353	0.00000512	0x10	0x00
SPI [1]	result	7.32375881	0.00000512	0x80	0xFF
SPI [1]	result	7.32376409	0.00000512	0x12	0xDF
SPI [1]	result	7.32416502	0.00000512	0x00	0x00
SPI [1]	result	7.32417030	0.00000512	0x00	0x00
SPI [1]	result	7.32417558	0.00000512	0x00	0x00
SPI [1]	result	7.32418086	0.00000512	0x00	0x00
SPI [1]	result	7.32458148	0.00000512	0x08	0x00
SPI [1]	result	7.32458676	0.00000512	0x00	0x00
SPI [1]	result	7.32459204	0.00000512	0x88	0x07
SPI [1]	result	7.32459732	0.00000512	0x32	0xFF
SPI [1]	result	7.36333122	0.00000512	0x00	0x00
SPI [1]	result	7.36333650	0.00000512	0x00	0x00
SPI [1]	result	7.36334178	0.00000512	0x08	0x00
SPI [1]	result	7.36334706	0.00000512	0x20	0x18
SPI [1]	result	7.36374993	0.00000512	0x0F	0x00
SPI [1]	result	7.36375521	0.00000512	0x10	0x00
SPI [1]	result	7.36376049	0.00000512	0x80	0xFF
SPI [1]	result	7.36376577	0.00000512	0x1A	0xFF
SPI [1]	result	7.36416690	0.00000512	0x00	0x00
SPI [1]	result	7.36417218	0.00000512	0x00	0x00
SPI [1]	result	7.36417746	0.00000512	0x00	0x00
SPI [1]	result	7.36418274	0.00000512	0x00	0x00
SPI [1]	result	7.36458165	0.00000512	0x08	0x00
SPI [1]	result	7.36458693	0.00000512	0x00	0x00
SPI [1]	result	7.36459221	0.00000512	0x88	0x07
SPI [1]	result	7.36459749	0.00000512	0x32	0xFF
SPI [1]	result	7.40333298	0.00000512	0x00	0x00
SPI [1]	result	7.40333826	0.00000512	0x00	0x00
SPI [1]	result	7.40334354	0.00000512	0x08	0x00
SPI [1]	result	7.40334882	0.00000512	0x20	0x00
SPI [1]	result	7.40375154	0.00000512	0x08	0x00
SPI [1]	result	7.40375682	0.00000512	0x10	0x00
SPI [1]	result	7.40376210	0.00000512	0x80	0x7F
SPI [1]	result	7.40376738	0.00000512	0x22	0xFF
SPI [1]	result	7.40416866	0.00000512	0x00	0x00
SPI [1]	result	7.40417394	0.00000512	0x00	0x00
SPI [1]	result	7.40417922	0.00000512	0x09	0x00
SPI [1]	result	7.40418450	0.00000512	0xA6	0x7F
SPI [1]	result	7.40458603	0.00000512	0x09	0x00
SPI [1]	result	7.40459131	0.00000512	0x00	0x00
SPI [1]	result	7.40459659	0.00000512	0x88	0x7F
SPI [1]	result	7.40460187	0.00000512	0x3A	0xFF
SPI [1]	result	7.40500009	0.00000512	0x00	0x00
SPI [1]	result	7.40500537	0.00000512	0x00	0x00
SPI [1]	result	7.40501065	0.00000512	0x00	0x00
SPI [1]	result	7.40501593	0.00000512	0x00	0x00
SPI [1]	result	7.40541739	0.00000512	0x08	0x00
SPI [1]	result	7.40542267	0.00000512	0x00	0x00
SPI [1]	result	7.40542795	0.00000512	0x89	0x07
SPI [1]	result	7.40543323	0.00000512	0xB8	0xFF
SPI [1]	result	7.44333112	0.00000512	0x00	0x00
SPI [1]	result	7.44333640	0.00000512	0x00	0x00
SPI [1]	result	7.44334168	0.00000512	0x08	0x00
SPI [1]	result	7.44334696	0.00000512	0x20	0x10
SPI [1]	result	7.44375002	0.00000512	0x0A	0x00
SPI [1]	result	7.44375530	0.00000512	0x10	0x1F
SPI [1]	result	7.44376058	0.00000512	0x80	0xFF
SPI [1]	result	7.44376586	0.00000512	0x32	0xFF
SPI [1]	result	7.44416765	0.00000512	0x00	0x00
SPI [1]	result	7.44417293	0.00000512	0x00	0x00
SPI [1]	result	7.44417821	0.00000512	0x00	0x00
SPI [1]	result	7.44418349	0.00000512	0x00	0x00
SPI [1]	result	7.44458184	0.00000512	0x08	0x00
SPI [1]	result	7.44458712	0.00000512	0x00	0x00
SPI [1]	result	7.44459240	0.00000512	0x88	0x0F
SPI [1]	result	7.44459768	0.00000512	0x32	0xFF
SPI [1]	result	7.48333184	0.00000512	0x00	0x00
SPI [1]	result	7.48333712	0.00000512	0x00	0x00
SPI [1]	result	7.48334240	0.00000512	0x08	0x00
SPI [1]	result	7.48334768	0.00000512	0x20	0x00
SPI [1]	result	7.48375115	0.00000512	0x0B	0x00
SPI [1]	result	7.48375643	0.00000512	0x10	0x1F
SPI [1]	result	7.48376171	0.00000512	0x80	0xFF
SPI [1]	result	7.48376699	0.00000512	0x3A	0xFF
SPI [1]	result	7.48416861	0.00000512	0x00	0x00
SPI [1]	result	7.48417389	0.00000512	0x00	0x00
SPI [1]	result	7.48417917	0.00000512	0x00	0x00
SPI [1]	result	7.48418445	0.00000512	0x00	0x00
SPI [1]	result	7.48464600	0.00000512	0x08	0x00
SPI [1]	result	7.48465128	0.00000512	0x00	0x00
SPI [1]	result	7.48465656	0.00000512	0x88	0x07
SPI [1]	result	7.48466184	0.00000512	0x32	0xFF
SPI [1]	result	7.52333714	0.00000512	0x00	0x00
SPI [1]	result	7.52334242	0.00000512	0x00	0x00
SPI [1]	result	7.52334770	0.00000512	0x08	0x00
SPI [1]	result	7.52335298	0.00000512	0x20	0x00
SPI [1]	result	7.52376784	0.00000512	0x0C	0x00
SPI [1]	result	7.52377312	0.00000512	0x10	0x00
SPI [1]	result	7.52377840	0.00000512	0x80	0xFF
SPI [1]	result	7.52378368	0.00000512	0x02	0xFF
SPI [1]	result	7.52418587	0.00000512	0x00	0x00
SPI [1]	result	7.52419115	0.00000512	0x00	0x00
SPI [1]	result	7.52419643	0.00000512	0x09	0x00
SPI [1]	result	7.52420171	0.00000512	0xA6	0x7F
SPI [1]	result	7.52460295	0.00000512	0x0D	0x00
SPI [1]	result	7.52460823	0.00000512	0x00	0x00
SPI [1]	result	7.52461351	0.00000512	0x88	0x7F
SPI [1]	result	7.52461879	0.00000512	0x1A	0xFF
SPI [1]	result	7.52502019	0.00000512	0x00	0x00
SPI [1]	result	7.52502547	0.00000512	0x00	0x00
SPI [1]	result	7.52503075	0.00000512	0x00	0x00
SPI [1]	result	7.52503603	0.00000512	0x00	0x00
SPI [1]	result	7.52543760	0.00000512	0x08	0x00
SPI [1]	result	7.52544288	0.00000512	0x00	0x00
SPI [1]	result	7.52544816	0.00000512	0x89	0x0F
SPI [1]	result	7.52545344	0.00000512	0xB8	0xFF
SPI [1]	result	7.56333465	0.00000512	0x00	0x00
SPI [1]	result	7.56333993	0.00000512	0x00	0x00
SPI [1]	result	7.56334521	0.00000512	0x08	0x00
SPI [1]	result	7.56335049	0.00000512	0x20	0x18
SPI [1]	result	7.56376197	0.00000512	0x0E	0x00
SPI [1]	result	7.56376725	0.00000512	0x10	0x00
SPI [1]	result	7.56377253	0.00000512	0x80	0x7F
SPI [1]	result	7.56377781	0.00000512	0x12	0xFF
SPI [1]	result	7.56417973	0.00000512	0x00	0x00
SPI [1]	result	7.56418501	0.00000512	0x00	0x00
SPI [1]	result	7.56419029	0.00000512	0x00	0x00
SPI [1]	result	7.56419557	0.00000512	0x00	0x00
SPI [1]	result	7.56459691	0.00000512	0x08	0x00
SPI [1]	result	7.56460219	0.00000512	0x00	0x00
SPI [1]	result	7.56460747	0.00000512	0x88	0x07
SPI [1]	result	7.56461275	0.00000512	0x32	0xFF
SPI [1]	result	7.60334511	0.00000512	0x00	0x00
SPI [1]	result	7.60335039	0.00000512	0x00	0x00
SPI [1]	result	7.60335567	0.00000512	0x08	0x00
SPI [1]	result	7.60336095	0.00000512	0x20	0x10
SPI [1]	result	7.60380965	0.00000512	0x0F	0x00
SPI [1]	result	7.60381493	0.00000512	0x10	0x00
SPI [1]	result	7.60382021	0.00000512	0x80	0xFF
SPI [1]	result	7.60382549	0.00000512	0x1A	0xFF
SPI [1]	result	7.60422930	0.00000512	0x00	0x00
SPI [1]	result	7.60423458	0.00000512	0x00	0x00
SPI [1]	result	7.60423986	0.00000512	0x00	0x00
SPI [1]	result	7.60424514	0.00000512	0x00	0x00
SPI [1]	result	7.60464451	0.00000512	0x08	0x00
SPI [1]	result	7.60464979	0.00000512	0x00	0x00
SPI [1]	result	7.60465507	0.00000512	0x88	0x07
SPI [1]	result	7.60466035	0.00000512	0x32	0xFF
SPI [1]	result	7.64334222	0.00000512	0x00	0x00
SPI [1]	result	7.64334750	0.00000512	0x00	0x00
SPI [1]	result	7.64335278	0.00000512	0x08	0x00
SPI [1]	result	7.64335806	0.00000512	0x20	0x12
SPI [1]	result	7.64378141	0.00000512	0x08	0x00
SPI [1]	result	7.64378669	0.00000512	0x10	0x00
SPI [1]	result	7.64379197	0.00000512	0x80	0xFF
SPI [1]	result	7.64379725	0.00000512	0x22	0xFF
SPI [1]	result	7.64419895	0.00000512	0x00	0x00
SPI [1]	result	7.64420423	0.00000512	0x00	0x00
SPI [1]	result	7.64420951	0.00000512	0x09	0x00
SPI [1]	result	7.64421479	0.00000512	0xA6	0x7F
SPI [1]	result	7.64461621	0.00000512	0x09	0x00
SPI [1]	result	7.64462149	0.00000512	0x00	0x00
SPI [1]	result	7.64462677	0.00000512	0x88	0x7F
SPI [1]	result	7.64463205	0.00000512	0x3A	0xFF
SPI [1]	result	7.64503492	0.00000512	0x00	0x00
SPI [1]	result	7.64504020	0.00000512	0x00	0x00
SPI [1]	result	7.64504548	0.00000512	0x00	0x00
SPI [1]	result	7.64505076	0.00000512	0x00	0x00
SPI [1]	result	7.64545217	0.00000512	0x08	0x00
SPI [1]	result	7.64545745	0.00000512	0x00	0x00
SPI [1]	result	7.64546273	0.00000512	0x89	0x07
SPI [1]	result	7.64546801	0.00000512	0xB8	0xFF
SPI [1]	result	7.68333218	0.00000512	0x00	0x00
SPI [1]	result	7.68333746	0.00000512	0x00	0x00
SPI [1]	result	7.68334274	0.00000512	0x08	0x00
SPI [1]	result	7.68334802	0.00000512	0x20	0x10
SPI [1]	result	7.68375372	0.00000512	0x0A	0x00
SPI [1]	result	7.68375900	0.00000512	0x10	0x0F
SPI [1]	result	7.68376428	0.00000512	0x80	0xFF
SPI [1]	result	7.68376956	0.00000512	0x32	0xFF
SPI [1]	result	7.68417297	0.00000512	0x00	0x00
SPI [1]	result	7.68417825	0.00000512	0x00	0x00
SPI [1]	result	7.68418353	0.00000512	0x00	0x00
SPI [1]	result	7.68418881	0.00000512	0x00	0x00
SPI [1]	result	7.68459038	0.00000512	0x08	0x00
SPI [1]	result	7.68459566	0.00000512	0x00	0x00
SPI [1]	result	7.68460094	0.00000512	0x88	0x07
SPI [1]	result	7.68460622	0.00000512	0x32	0xFF
SPI [1]	result	7.72333199	0.00000512	0x00	0x00
SPI [1]	result	7.72333727	0.00000512	0x00	0x00
SPI [1]	result	7.72334255	0.00000512	0x08	0x00
SPI [1]	result	7.72334783	0.00000512	0x20	0x10
SPI [1]	result	7.72374905	0.00000512	0x0B	0x00
SPI [1]	result	7.72375433	0.00000512	0x10	0x1F
SPI [1]	result	7.72375961	0.00000512	0x80	0xFF
SPI [1]	result	7.72376489	0.00000512	0x3A	0xFF
SPI [1]	result	7.72416613	0.00000512	0x00	0x00
SPI [1]	result	7.72417141	0.00000512	0x00	0x00
SPI [1]	result	7.72417669	0.00000512	0x00	0x00
SPI [1]	result	7.72418197	0.00000512	0x00	0x00
SPI [1]	result	7.72458263	0.00000512	0x08	0x00
SPI [1]	result	7.72458791	0.00000512	0x00	0x00
SPI [1]	result	7.72459319	0.00000512	0x88	0x07
SPI [1]	result	7.72459847	0.00000512	0x32	0xFF
SPI [1]	result	7.76333374	0.00000512	0x00	0x00
SPI [1]	result	7.76333902	0.00000512	0x00	0x00
SPI [1]	result	7.76334430	0.00000512	0x08	0x00
SPI [1]	result	7.76334958	0.00000512	0x20	0x10
SPI [1]	result	7.76375044	0.00000512	0x0C	0x00
SPI [1]	result	7.76375572	0.00000512	0x10	0x00
SPI [1]	result	7.76376100	0.00000512	0x80	0x7F
SPI [1]	result	7.76376628	0.00000512	0x02	0xF3
SPI [1]	result	7.76416798	0.00000512	0x00	0x00
SPI [1]	result	7.76417326	0.00000512	0x00	0x00
SPI [1]	result	7.76417854	0.00000512	0x09	0x00
SPI [1]	result	7.76418382	0.00000512	0xA6	0x7F
SPI [1]	result	7.76458507	0.00000512	0x0D	0x00
SPI [1]	result	7.76459035	0.00000512	0x00	0x00
SPI [1]	result	7.76459563	0.00000512	0x88	0x7F
SPI [1]	result	7.76460091	0.00000512	0x1A	0xFF
SPI [1]	result	7.76500234	0.00000512	0x00	0x00
SPI [1]	result	7.76500762	0.00000512	0x00	0x00
SPI [1]	result	7.76501290	0.00000512	0x00	0x00
SPI [1]	result	7.76501818	0.00000512	0x00	0x00
SPI [1]	result	7.76541947	0.00000512	0x08	0x00
SPI [1]	result	7.76542475	0.00000512	0x00	0x00
SPI [1]	result	7.76543003	0.00000512	0x89	0x07
SPI [1]	result	7.76543531	0.00000512	0xB8	0xFF
SPI [1]	result	7.80333152	0.00000512	0x00	0x00
SPI [1]	result	7.80333680	0.00000512	0x00	0x00
SPI [1]	result	7.80334208	0.00000512	0x08	0x00
SPI [1]	result	7.80334736	0.00000512	0x20	0x10
SPI [1]	result	7.80374730	0.00000512	0x0E	0x00
SPI [1]	result	7.80375258	0.00000512	0x10	0x00
SPI [1]	result	7.80375786	0.00000512	0x80	0x7F
SPI [1]	result	7.80376314	0.00000512	0x12	0xFF
SPI [1]	result	7.80416496	0.00000512	0x00	0x00
SPI [1]	result	7.80417024	0.00000512	0x00	0x00
SPI [1]	result	7.80417552	0.00000512	0x00	0x00
SPI [1]	result	7.80418080	0.00000512	0x00	0x00
SPI [1]	result	7.80458185	0.00000512	0x08	0x00
SPI [1]	result	7.80458713	0.00000512	0x00	0x00
SPI [1]	result	7.80459241	0.00000512	0x88	0x07
SPI [1]	result	7.80459769	0.00000512	0x32	0xFF
SPI [1]	result	7.84333179	0.00000512	0x00	0x00
SPI [1]	result	7.84333707	0.00000512	0x00	0x00
SPI [1]	result	7.84334235	0.00000512	0x08	0x00
SPI [1]	result	7.84334763	0.00000512	0x20	0x10
SPI [1]	result	7.84375117	0.00000512	0x0F	0x00
SPI [1]	result	7.84375645	0.00000512	0x10	0x00
SPI [1]	result	7.84376173	0.00000512	0x80	0xFF
SPI [1]	result	7.84376701	0.00000512	0x1A	0xFF
SPI [1]	result	7.84416839	0.00000512	0x00	0x00
SPI [1]	result	7.84417367	0.00000512	0x00	0x00
SPI [1]	result	7.84417895	0.00000512	0x00	0x00
SPI [1]	result	7.84418423	0.00000512	0x00	0x00
SPI [1]	result	7.84458529	0.00000512	0x08	0x00
SPI [1]	result	7.84459057	0.00000512	0x00	0x00
SPI [1]	result	7.84459585	0.00000512	0x88	0x07
SPI [1]	result	7.84460113	0.00000512	0x32	0xFF
SPI [1]	result	7.88333866	0.00000512	0x00	0x00
SPI [1]	result	7.88334394	0.00000512	0x00	0x00
SPI [1]	result	7.88334922	0.00000512	0x08	0x00
SPI [1]	result	7.88335450	0.00000512	0x20	0x00
SPI [1]	result	7.88377672	0.00000512	0x08	0x00
SPI [1]	result	7.88378200	0.00000512	0x10	0x00
SPI [1]	result	7.88378728	0.00000512	0x80	0x7F
SPI [1]	result	7.88379256	0.00000512	0x22	0xFF
SPI [1]	result	7.88419474	0.00000512	0x00	0x00
SPI [1]	result	7.88420002	0.00000512	0x00	0x00
SPI [1]	result	7.88420530	0.00000512	0x09	0x00
SPI [1]	result	7.88421058	0.00000512	0xA6	0x7F
SPI [1]	result	7.88461199	0.00000512	0x09	0x00
SPI [1]	result	7.88461727	0.00000512	0x00	0x00
SPI [1]	result	7.88462255	0.00000512	0x88	0x7F
SPI [1]	result	7.88462783	0.00000512	0x3A	0xFF
SPI [1]	result	7.88502918	0.00000512	0x00	0x00
SPI [1]	result	7.88503446	0.00000512	0x00	0x00
SPI [1]	result	7.88503974	0.00000512	0x00	0x00
SPI [1]	result	7.88504502	0.00000512	0x00	0x00
SPI [1]	result	7.88544322	0.00000512	0x08	0x00
SPI [1]	result	7.88544850	0.00000512	0x00	0x00
SPI [1]	result	7.88545378	0.00000512	0x89	0x07
SPI [1]	result	7.88545906	0.00000512	0xB8	0xFF
SPI [1]	result	7.92333538	0.00000512	0x00	0x00
SPI [1]	result	7.92334066	0.00000512	0x00	0x00
SPI [1]	result	7.92334594	0.00000512	0x08	0x00
SPI [1]	result	7.92335122	0.00000512	0x20	0x10
SPI [1]	result	7.92376964	0.00000512	0x0A	0x00
SPI [1]	result	7.92377492	0.00000512	0x10	0x1F
SPI [1]	result	7.92378020	0.00000512	0x80	0xFF
SPI [1]	result	7.92378548	0.00000512	0x32	0xFF
SPI [1]	result	7.92418933	0.00000512	0x00	0x00
SPI [1]	result	7.92419461	0.00000512	0x00	0x00
SPI [1]	result	7.92419989	0.00000512	0x00	0x00
SPI [1]	result	7.92420517	0.00000512	0x00	0x00
SPI [1]	result	7.92460671	0.00000512	0x08	0x00
SPI [1]	result	7.92461199	0.00000512	0x00	0x00
SPI [1]	result	7.92461727	0.00000512	0x88	0x0F
SPI [1]	result	7.92462255	0.00000512	0x32	0xFF
SPI [1]	result	7.96333247	0.00000512	0x00	0x00
SPI [1]	result	7.96333775	0.00000512	0x00	0x00
SPI [1]	result	7.96334303	0.00000512	0x08	0x00
SPI [1]	result	7.96334831	0.00000512	0x20	0x10
SPI [1]	result	7.96375336	0.00000512	0x0B	0x00
SPI [1]	result	7.96375864	0.00000512	0x10	0x1F
SPI [1]	result	7.96376392	0.00000512	0x80	0xFF
SPI [1]	result	7.96376920	0.00000512	0x3A	0xFF
SPI [1]	result	7.96417072	0.00000512	0x00	0x00
SPI [1]	result	7.96417600	0.00000512	0x00	0x00
SPI [1]	result	7.96418128	0.00000512	0x00	0x00
SPI [1]	result	7.96418656	0.00000512	0x00	0x00
SPI [1]	result	7.96458845	0.00000512	0x08	0x00
SPI [1]	result	7.96459373	0.00000512	0x00	0x00
SPI [1]	result	7.96459901	0.00000512	0x88	0x07
SPI [1]	result	7.96460429	0.00000512	0x32	0xFF
SPI [1]	result	8.00333837	0.00000512	0x00	0x00
SPI [1]	result	8.00334365	0.00000512	0x00	0x00
SPI [1]	result	8.00334893	0.00000512	0x08	0x00
SPI [1]	result	8.00335421	0.00000512	0x20	0x10
SPI [1]	result	8.00377310	0.00000512	0x0C	0x00
SPI [1]	result	8.00377838	0.00000512	0x10	0x00
SPI [1]	result	8.00378366	0.00000512	0x80	0x7F
SPI [1]	result	8.00378894	0.00000512	0x02	0xFB
SPI [1]	result	8.00419190	0.00000512	0x00	0x00
SPI [1]	result	8.00419718	0.00000512	0x00	0x00
SPI [1]	result	8.00420246	0.00000512	0x09	0x00
SPI [1]	result	8.00420774	0.00000512	0xA6	0x7F
SPI [1]	result	8.00460679	0.00000512	0x0D	0x00
SPI [1]	result	8.00461207	0.00000512	0x00	0x00
SPI [1]	result	8.00461735	0.00000512	0x88	0x7F
SPI [1]	result	8.00462263	0.00000512	0x1A	0xFF
SPI [1]	result	8.00502356	0.00000512	0x00	0x00
SPI [1]	result	8.00502884	0.00000512	0x00	0x00
SPI [1]	result	8.00503412	0.00000512	0x00	0x00
SPI [1]	result	8.00503940	0.00000512	0x00	0x00
SPI [1]	result	8.00544249	0.00000512	0x08	0x00
SPI [1]	result	8.00544777	0.00000512	0x00	0x00
SPI [1]	result	8.00545305	0.00000512	0x89	0x0F
SPI [1]	result	8.00545833	0.00000512	0xB8	0xFF
SPI [1]	result	8.04333166	0.00000512	0x00	0x00
SPI [1]	result	8.04333694	0.00000512	0x00	0x00
SPI [1]	result	8.04334222	0.00000512	0x08	0x00
SPI [1]	result	8.04334750	0.00000512	0x20	0x10
SPI [1]	result	8.04375032	0.00000512	0x0E	0x00
SPI [1]	result	8.04375560	0.00000512	0x10	0x00
SPI [1]	result	8.04376088	0.00000512	0x80	0xFF
SPI [1]	result	8.04376616	0.00000512	0x12	0xFF
SPI [1]	result	8.04416482	0.00000512	0x00	0x00
SPI [1]	result	8.04417010	0.00000512	0x00	0x00
SPI [1]	result	8.04417538	0.00000512	0x00	0x00
SPI [1]	result	8.04418066	0.00000512	0x00	0x00
SPI [1]	result	8.04458303	0.00000512	0x08	0x00
SPI [1]	result	8.04458831	0.00000512	0x00	0x00
SPI [1]	result	8.04459359	0.00000512	0x88	0x07
SPI [1]	result	8.04459887	0.00000512	0x32	0xFF
SPI [1]	result	8.08333179	0.00000512	0x00	0x00
SPI [1]	result	8.08333707	0.00000512	0x00	0x00
SPI [1]	result	8.08334235	0.00000512	0x08	0x00
SPI [1]	result	8.08334763	0.00000512	0x20	0x10
SPI [1]	result	8.08374835	0.00000512	0x0F	0x00
SPI [1]	result	8.08375363	0.00000512	0x10	0x00
SPI [1]	result	8.08375891	0.00000512	0x80	0xFF
SPI [1]	result	8.08376419	0.00000512	0x1A	0xFF
SPI [1]	result	8.08416513	0.00000512	0x00	0x00
SPI [1]	result	8.08417041	0.00000512	0x00	0x00
SPI [1]	result	8.08417569	0.00000512	0x00	0x00
SPI [1]	result	8.08418097	0.00000512	0x00	0x00
SPI [1]	result	8.08458188	0.00000512	0x08	0x00
SPI [1]	result	8.08458716	0.00000512	0x00	0x00
SPI [1]	result	8.08459244	0.00000512	0x88	0x07
SPI [1]	result	8.08459772	0.00000512	0x32	0xFF
SPI [1]	result	8.12333356	0.00000512	0x00	0x00
SPI [1]	result	8.12333884	0.00000512	0x00	0x00
SPI [1]	result	8.12334412	0.00000512	0x08	0x00
SPI [1]	result	8.12334940	0.00000512	0x20	0x00
SPI [1]	result	8.12375001	0.00000512	0x08	0x00
SPI [1]	result	8.12375529	0.00000512	0x10	0x00
SPI [1]	result	8.12376057	0.00000512	0x80	0x7F
SPI [1]	result	8.12376585	0.00000512	0x22	0xFF
SPI [1]	result	8.12416698	0.00000512	0x00	0x00
SPI [1]	result	8.12417226	0.00000512	0x00	0x00
SPI [1]	result	8.12417754	0.00000512	0x09	0x00
SPI [1]	result	8.12418282	0.00000512	0xA6	0x7F
SPI [1]	result	8.12458345	0.00000512	0x09	0x00
SPI [1]	result	8.12458873	0.00000512	0x00	0x00
SPI [1]	result	8.12459401	0.00000512	0x88	0x7F
SPI [1]	result	8.12459929	0.00000512	0x3A	0xFF
SPI [1]	result	8.12500021	0.00000512	0x00	0x00
SPI [1]	result	8.12500549	0.00000512	0x00	0x00
SPI [1]	result	8.12501077	0.00000512	0x00	0x00
SPI [1]	result	8.12501605	0.00000512	0x00	0x00
SPI [1]	result	8.12541738	0.00000512	0x08	0x00
SPI [1]	result	8.12542266	0.00000512	0x00	0x00
SPI [1]	result	8.12542794	0.00000512	0x89	0x07
SPI [1]	result	8.12543322	0.00000512	0xB8	0xFF
SPI [1]	result	8.16333139	0.00000512	0x00	0x00
SPI [1]	result	8.16333667	0.00000512	0x00	0x00
SPI [1]	result	8.16334195	0.00000512	0x08	0x00
SPI [1]	result	8.16334723	0.00000512	0x20	0x10
SPI [1]	result	8.16374734	0.00000512	0x0A	0x00
SPI [1]	result	8.16375262	0.00000512	0x10	0x0F
SPI [1]	result	8.16375790	0.00000512	0x80	0xFF
SPI [1]	result	8.16376318	0.00000512	0x32	0xFF
SPI [1]	result	8.16416442	0.00000512	0x00	0x00
SPI [1]	result	8.16416970	0.00000512	0x00	0x00
SPI [1]	result	8.16417498	0.00000512	0x00	0x00
SPI [1]	result	8.16418026	0.00000512	0x00	0x00
SPI [1]	result	8.16458172	0.00000512	0x08	0x00
SPI [1]	result	8.16458700	0.00000512	0x00	0x00
SPI [1]	result	8.16459228	0.00000512	0x88	0x0F
SPI [1]	result	8.16459756	0.00000512	0x32	0xFF
SPI [1]	result	8.20333209	0.00000512	0x00	0x00
SPI [1]	result	8.20333737	0.00000512	0x00	0x00
SPI [1]	result	8.20334265	0.00000512	0x08	0x00
SPI [1]	result	8.20334793	0.00000512	0x20	0x10
SPI [1]	result	8.20375489	0.00000512	0x0B	0x00
SPI [1]	result	8.20376017	0.00000512	0x10	0x1F
SPI [1]	result	8.20376545	0.00000512	0x80	0xFF
SPI [1]	result	8.20377073	0.00000512	0x3A	0xFF
SPI [1]	result	8.20416910	0.00000512	0x00	0x00
SPI [1]	result	8.20417438	0.00000512	0x00	0x00
SPI [1]	result	8.20417966	0.00000512	0x00	0x00
SPI [1]	result	8.20418494	0.00000512	0x00	0x00
SPI [1]	result	8.20458594	0.00000512	0x08	0x00
SPI [1]	result	8.20459122	0.00000512	0x00	0x00
SPI [1]	result	8.20459650	0.00000512	0x88	0x07
SPI [1]	result	8.20460178	0.00000512	0x32	0xFF
SPI [1]	result	8.24333324	0.00000512	0x00	0x00
SPI [1]	result	8.24333852	0.00000512	0x00	0x00
SPI [1]	result	8.24334380	0.00000512	0x08	0x00
SPI [1]	result	8.24334908	0.00000512	0x20	0x10
SPI [1]	result	8.24375432	0.00000512	0x0C	0x00
SPI [1]	result	8.24375960	0.00000512	0x10	0x00
SPI [1]	result	8.24376488	0.00000512	0x80	0xFF
SPI [1]	result	8.24377016	0.00000512	0x02	0xFF
SPI [1]	result	8.24423484	0.00000512	0x00	0x00
SPI [1]	result	8.24424012	0.00000512	0x00	0x00
SPI [1]	result	8.24424540	0.00000512	0x09	0x00
SPI [1]	result	8.24425068	0.00000512	0xA6	0x7F
SPI [1]	result	8.24466590	0.00000512	0x0D	0x00
SPI [1]	result	8.24467118	0.00000512	0x00	0x00
SPI [1]	result	8.24467646	0.00000512	0x88	0x7F
SPI [1]	result	8.24468174	0.00000512	0x1A	0xFF
SPI [1]	result	8.24508466	0.00000512	0x00	0x00
SPI [1]	result	8.24508994	0.00000512	0x00	0x00
SPI [1]	result	8.24509522	0.00000512	0x00	0x00
SPI [1]	result	8.24510050	0.00000512	0x00	0x00
SPI [1]	result	8.24550224	0.00000512	0x08	0x00
SPI [1]	result	8.24550752	0.00000512	0x00	0x00
SPI [1]	result	8.24551280	0.00000512	0x89	0x07
SPI [1]	result	8.24551808	0.00000512	0xB8	0xFF
SPI [1]	result	8.28333735	0.00000512	0x00	0x00
SPI [1]	result	8.28334263	0.00000512	0x00	0x00
SPI [1]	result	8.28334791	0.00000512	0x08	0x00
SPI [1]	result	8.28335319	0.00000512	0x20	0x10
SPI [1]	result	8.28376463	0.00000512	0x0E	0x00
SPI [1]	result	8.28376991	0.00000512	0x10	0x00
SPI [1]	result	8.28377519	0.00000512	0x80	0xFF
SPI [1]	result	8.28378047	0.00000512	0x12	0xFF
SPI [1]	result	8.28418013	0.00000512	0x00	0x00
SPI [1]	result	8.28418541	0.00000512	0x00	0x00
SPI [1]	result	8.28419069	0.00000512	0x00	0x00
SPI [1]	result	8.28419597	0.00000512	0x00	0x00
SPI [1]	result	8.28459694	0.00000512	0x08	0x00
SPI [1]	result	8.28460222	0.00000512	0x00	0x00
SPI [1]	result	8.28460750	0.00000512	0x88	0x07
SPI [1]	result	8.28461278	0.00000512	0x32	0xFF
SPI [1]	result	8.32333536	0.00000512	0x00	0x00
SPI [1]	result	8.32334064	0.00000512	0x00	0x00
SPI [1]	result	8.32334592	0.00000512	0x08	0x00
SPI [1]	result	8.32335120	0.00000512	0x20	0x10
SPI [1]	result	8.32376662	0.00000512	0x0F	0x00
SPI [1]	result	8.32377190	0.00000512	0x10	0x00
SPI [1]	result	8.32377718	0.00000512	0x80	0x7F
SPI [1]	result	8.32378246	0.00000512	0x1A	0xFF
SPI [1]	result	8.32418602	0.00000512	0x00	0x00
SPI [1]	result	8.32419130	0.00000512	0x00	0x00
SPI [1]	result	8.32419658	0.00000512	0x00	0x00
SPI [1]	result	8.32420186	0.00000512	0x00	0x00
SPI [1]	result	8.32460034	0.00000512	0x08	0x00
SPI [1]	result	8.32460562	0.00000512	0x00	0x00
SPI [1]	result	8.32461090	0.00000512	0x88	0x07
SPI [1]	result	8.32461618	0.00000512	0x32	0xFF
SPI [1]	result	8.36333482	0.00000512	0x00	0x00
SPI [1]	result	8.36334010	0.00000512	0x00	0x00
SPI [1]	result	8.36334538	0.00000512	0x08	0x00
SPI [1]	result	8.36335066	0.00000512	0x20	0x10
SPI [1]	result	8.36375459	0.00000512	0x08	0x00
SPI [1]	result	8.36375987	0.00000512	0x10	0x00
SPI [1]	result	8.36376515	0.00000512	0x80	0x7F
SPI [1]	result	8.36377043	0.00000512	0x22	0xFF
SPI [1]	result	8.36417132	0.00000512	0x00	0x00
SPI [1]	result	8.36417660	0.00000512	0x00	0x00
SPI [1]	result	8.36418188	0.00000512	0x09	0x00
SPI [1]	result	8.36418716	0.00000512	0xA6	0x7F
SPI [1]	result	8.36458784	0.00000512	0x09	0x00
SPI [1]	result	8.36459312	0.00000512	0x00	0x00
SPI [1]	result	8.36459840	0.00000512	0x88	0x7F
SPI [1]	result	8.36460368	0.00000512	0x3A	0xFF
SPI [1]	result	8.36500234	0.00000512	0x00	0x00
SPI [1]	result	8.36500762	0.00000512	0x00	0x00
SPI [1]	result	8.36501290	0.00000512	0x00	0x00
SPI [1]	result	8.36501818	0.00000512	0x00	0x00
SPI [1]	result	8.36541926	0.00000512	0x08	0x00
SPI [1]	result	8.36542454	0.00000512	0x00	0x00
SPI [1]	result	8.36542982	0.00000512	0x89	0x0F
SPI [1]	result	8.36543510	0.00000512	0xB8	0xFF
SPI [1]	result	8.40333418	0.00000512	0x00	0x00
SPI [1]	result	8.40333946	0.00000512	0x00	0x00
SPI [1]	result	8.40334474	0.00000512	0x08	0x00
SPI [1]	result	8.40335002	0.00000512	0x20	0x10
SPI [1]	result	8.40376268	0.00000512	0x0A	0x00
SPI [1]	result	8.40376796	0.00000512	0x10	0x0F
SPI [1]	result	8.40377324	0.00000512	0x80	0xFF
SPI [1]	result	8.40377852	0.00000512	0x32	0xFF
SPI [1]	result	8.40417948	0.00000512	0x00	0x00
SPI [1]	result	8.40418476	0.00000512	0x00	0x00
SPI [1]	result	8.40419004	0.00000512	0x00	0x00
SPI [1]	result	8.40419532	0.00000512	0x00	0x00
SPI [1]	result	8.40459617	0.00000512	0x08	0x00
SPI [1]	result	8.40460145	0.00000512	0x00	0x00
SPI [1]	result	8.40460673	0.00000512	0x88	0x07
SPI [1]	result	8.40461201	0.00000512	0x32	0xFF
SPI [1]	result	8.44333130	0.00000512	0x00	0x00
SPI [1]	result	8.44333658	0.00000512	0x00	0x00
SPI [1]	result	8.44334186	0.00000512	0x08	0x00
SPI [1]	result	8.44334714	0.00000512	0x20	0x11
SPI [1]	result	8.44375229	0.00000512	0x0B	0x00
SPI [1]	result	8.44375757	0.00000512	0x10	0x1F
SPI [1]	result	8.44376285	0.00000512	0x80	0xFF
SPI [1]	result	8.44376813	0.00000512	0x3A	0xFF
SPI [1]	result	8.44416924	0.00000512	0x00	0x00
SPI [1]	result	8.44417452	0.00000512	0x00	0x00
SPI [1]	result	8.44417980	0.00000512	0x00	0x00
SPI [1]	result	8.44418508	0.00000512	0x00	0x00
SPI [1]	result	8.44458665	0.00000512	0x08	0x00
SPI [1]	result	8.44459193	0.00000512	0x00	0x00
SPI [1]	result	8.44459721	0.00000512	0x88	0x07
SPI [1]	result	8.44460249	0.00000512	0x32	0xFF
SPI [1]	result	8.48333334	0.00000512	0x00	0x00
SPI [1]	result	8.48333862	0.00000512	0x00	0x00
SPI [1]	result	8.48334390	0.00000512	0x08	0x00
SPI [1]	result	8.48334918	0.00000512	0x20	0x14
SPI [1]	result	8.48374914	0.00000512	0x0C	0x00
SPI [1]	result	8.48375442	0.00000512	0x10	0x00
SPI [1]	result	8.48375970	0.00000512	0x80	0x7F
SPI [1]	result	8.48376498	0.00000512	0x02	0xE3
SPI [1]	result	8.48416631	0.00000512	0x00	0x00
SPI [1]	result	8.48417159	0.00000512	0x00	0x00
SPI [1]	result	8.48417687	0.00000512	0x09	0x00
SPI [1]	result	8.48418215	0.00000512	0xA6	0x7F
SPI [1]	result	8.48458334	0.00000512	0x0D	0x00
SPI [1]	result	8.48458862	0.00000512	0x00	0x00
SPI [1]	result	8.48459390	0.00000512	0x88	0x7F
SPI [1]	result	8.48459918	0.00000512	0x1A	0xFF
SPI [1]	result	8.48500021	0.00000512	0x00	0x00
SPI [1]	result	8.48500549	0.00000512	0x00	0x00
SPI [1]	result	8.48501077	0.00000512	0x00	0x00
SPI [1]	result	8.48501605	0.00000512	0x00	0x00
SPI [1]	result	8.48541707	0.00000512	0x08	0x00
SPI [1]	result	8.48542235	0.00000512	0x00	0x00
SPI [1]	result	8.48542763	0.00000512	0x89	0x07
SPI [1]	result	8.48543291	0.00000512	0xB8	0xFF
SPI [1]	result	8.52333175	0.00000512	0x00	0x00
SPI [1]	result	8.52333703	0.00000512	0x00	0x00
SPI [1]	result	8.52334231	0.00000512	0x08	0x00
SPI [1]	result	8.52334759	0.00000512	0x20	0x10
SPI [1]	result	8.52374897	0.00000512	0x0E	0x00
SPI [1]	result	8.52375425	0.00000512	0x10	0x00
SPI [1]	result	8.52375953	0.00000512	0x80	0x7F
SPI [1]	result	8.52376481	0.00000512	0x12	0xFF
SPI [1]	result	8.52416618	0.00000512	0x00	0x00
SPI [1]	result	8.52417146	0.00000512	0x00	0x00
SPI [1]	result	8.52417674	0.00000512	0x00	0x00
SPI [1]	result	8.52418202	0.00000512	0x00	0x00
SPI [1]	result	8.52458276	0.00000512	0x08	0x00
SPI [1]	result	8.52458804	0.00000512	0x00	0x00
SPI [1]	result	8.52459332	0.00000512	0x88	0x07
SPI [1]	result	8.52459860	0.00000512	0x32	0xFF
SPI [1]	result	8.56333178	0.00000512	0x00	0x00
SPI [1]	result	8.56333706	0.00000512	0x00	0x00
SPI [1]	result	8.56334234	0.00000512	0x08	0x00
SPI [1]	result	8.56334762	0.00000512	0x20	0x00
SPI [1]	result	8.56374870	0.00000512	0x0F	0x00
SPI [1]	result	8.56375398	0.00000512	0x10	0x00
SPI [1]	result	8.56375926	0.00000512	0x80	0xFF
SPI [1]	result	8.56376454	0.00000512	0x1A	0xFF
SPI [1]	result	8.56416594	0.00000512	0x00	0x00
SPI [1]	result	8.56417122	0.00000512	0x00	0x00
SPI [1]	result	8.56417650	0.00000512	0x00	0x00
SPI [1]	result	8.56418178	0.00000512	0x00	0x00
SPI [1]	result	8.56458282	0.00000512	0x08	0x00
SPI [1]	result	8.56458810	0.00000512	0x00	0x00
SPI [1]	result	8.56459338	0.00000512	0x88	0x07
SPI [1]	result	8.56459866	0.00000512	0x32	0xFF
SPI [1]	result	8.60334745	0.00000512	0x00	0x00
SPI [1]	result	8.60335273	0.00000512	0x00	0x00
SPI [1]	result	8.60335801	0.00000512	0x08	0x00
SPI [1]	result	8.60336329	0.00000512	0x20	0x10
SPI [1]	result	8.60381090	0.00000512	0x08	0x00
SPI [1]	result	8.60381618	0.00000512	0x10	0x00
SPI [1]	result	8.60382146	0.00000512	0x80	0x7F
SPI [1]	result	8.60382674	0.00000512	0x22	0xFF
SPI [1]	result	8.60422770	0.00000512	0x00	0x00
SPI [1]	result	8.60423298	0.00000512	0x00	0x00
SPI [1]	result	8.60423826	0.00000512	0x09	0x00
SPI [1]	result	8.60424354	0.00000512	0xA6	0x7F
SPI [1]	result	8.60470424	0.00000512	0x09	0x00
SPI [1]	result	8.60470952	0.00000512	0x00	0x00
SPI [1]	result	8.60471480	0.00000512	0x88	0x7F
SPI [1]	result	8.60472008	0.00000512	0x3A	0xFF
SPI [1]	result	8.60514067	0.00000512	0x00	0x00
SPI [1]	result	8.60514595	0.00000512	0x00	0x00
SPI [1]	result	8.60515123	0.00000512	0x00	0x00
SPI [1]	result	8.60515651	0.00000512	0x00	0x00
SPI [1]	result	8.60555960	0.00000512	0x08	0x00
SPI [1]	result	8.60556488	0.00000512	0x00	0x00
SPI [1]	result	8.60557016	0.00000512	0x89	0x07
SPI [1]	result	8.60557544	0.00000512	0xB8	0xFF
SPI [1]	result	8.64333469	0.00000512	0x00	0x00
SPI [1]	result	8.64333997	0.00000512	0x00	0x00
SPI [1]	result	8.64334525	0.00000512	0x08	0x00
SPI [1]	result	8.64335053	0.00000512	0x20	0x00
SPI [1]	result	8.64375273	0.00000512	0x0A	0x00
SPI [1]	result	8.64375801	0.00000512	0x10	0x1F
SPI [1]	result	8.64376329	0.00000512	0x80	0xFF
SPI [1]	result	8.64376857	0.00000512	0x32	0xFF
SPI [1]	result	8.64416950	0.00000512	0x00	0x00
SPI [1]	result	8.64417478	0.00000512	0x00	0x00
SPI [1]	result	8.64418006	0.00000512	0x00	0x00
SPI [1]	result	8.64418534	0.00000512	0x00	0x00
SPI [1]	result	8.64458663	0.00000512	0x08	0x00
SPI [1]	result	8.64459191	0.00000512	0x00	0x00
SPI [1]	result	8.64459719	0.00000512	0x88	0x07
SPI [1]	result	8.64460247	0.00000512	0x32	0xFF
SPI [1]	result	8.68333432	0.00000512	0x00	0x00
SPI [1]	result	8.68333960	0.00000512	0x00	0x00
SPI [1]	result	8.68334488	0.00000512	0x08	0x00
SPI [1]	result	8.68335016	0.00000512	0x20	0x10
SPI [1]	result	8.68376721	0.00000512	0x0B	0x00
SPI [1]	result	8.68377249	0.00000512	0x10	0x1F
SPI [1]	result	8.68377777	0.00000512	0x80	0xFF
SPI [1]	result	8.68378305	0.00000512	0x3A	0xFF
SPI [1]	result	8.68418518	0.00000512	0x00	0x00
SPI [1]	result	8.68419046	0.00000512	0x00	0x00
SPI [1]	result	8.68419574	0.00000512	0x00	0x00
SPI [1]	result	8.68420102	0.00000512	0x00	0x00
SPI [1]	result	8.68459996	0.00000512	0x08	0x00
SPI [1]	result	8.68460524	0.00000512	0x00	0x00
SPI [1]	result	8.68461052	0.00000512	0x88	0x07
SPI [1]	result	8.68461580	0.00000512	0x32	0xFF
SPI [1]	result	8.72333960	0.00000512	0x00	0x00
SPI [1]	result	8.72334488	0.00000512	0x00	0x00
SPI [1]	result	8.72335016	0.00000512	0x08	0x00
SPI [1]	result	8.72335544	0.00000512	0x20	0x10
SPI [1]	result	8.72377225	0.00000512	0x0C	0x00
SPI [1]	result	8.72377753	0.00000512	0x10	0x00
SPI [1]	result	8.72378281	0.00000512	0x80	0xFF
SPI [1]	result	8.72378809	0.00000512	0x02	0xFF
SPI [1]	result	8.72419116	0.00000512	0x00	0x00
SPI [1]	result	8.72419644	0.00000512	0x00	0x00
SPI [1]	result	8.72420172	0.00000512	0x09	0x00
SPI [1]	result	8.72420700	0.00000512	0xA6	0x7F
SPI [1]	result	8.72461428	0.00000512	0x0D	0x00
SPI [1]	result	8.72461956	0.00000512	0x00	0x00
SPI [1]	result	8.72462484	0.00000512	0x88	0x7F
SPI [1]	result	8.72463012	0.00000512	0x1A	0xFF
SPI [1]	result	8.72503141	0.00000512	0x00	0x00
SPI [1]	result	8.72503669	0.00000512	0x00	0x00
SPI [1]	result	8.72504197	0.00000512	0x00	0x00
SPI [1]	result	8.72504725	0.00000512	0x00	0x00
SPI [1]	result	8.72544910	0.00000512	0x08	0x00
SPI [1]	result	8.72545438	0.00000512	0x00	0x00
SPI [1]	result	8.72545966	0.00000512	0x89	0x07
SPI [1]	result	8.72546494	0.00000512	0xB8	0xFF
SPI [1]	result	8.76333745	0.00000512	0x00	0x00
SPI [1]	result	8.76334273	0.00000512	0x00	0x00
SPI [1]	result	8.76334801	0.00000512	0x08	0x00
SPI [1]	result	8.76335329	0.00000512	0x20	0x10
SPI [1]	result	8.76377123	0.00000512	0x0E	0x00
SPI [1]	result	8.76377651	0.00000512	0x10	0x00
SPI [1]	result	8.76378179	0.00000512	0x80	0xFF
SPI [1]	result	8.76378707	0.00000512	0x12	0xFF
SPI [1]	result	8.76418772	0.00000512	0x00	0x00
SPI [1]	result	8.76419300	0.00000512	0x00	0x00
SPI [1]	result	8.76419828	0.00000512	0x00	0x00
SPI [1]	result	8.76420356	0.00000512	0x00	0x00
SPI [1]	result	8.76460476	0.00000512	0x08	0x00
SPI [1]	result	8.76461004	0.00000512	0x00	0x00
SPI [1]	result	8.76461532	0.00000512	0x88	0x07
SPI [1]	result	8.76462060	0.00000512	0x32	0xFF
SPI [1]	result	8.80333199	0.00000512	0x00	0x00
SPI [1]	result	8.80333727	0.00000512	0x00	0x00
SPI [1]	result	8.80334255	0.00000512	0x08	0x00
SPI [1]	result	8.80334783	0.00000512	0x20	0x10
SPI [1]	result	8.80375069	0.00000512	0x0F	0x00
SPI [1]	result	8.80375597	0.00000512	0x10	0x00
SPI [1]	result	8.80376125	0.00000512	0x80	0xFF
SPI [1]	result	8.80376653	0.00000512	0x1A	0xFF
SPI [1]	result	8.80416946	0.00000512	0x00	0x00
SPI [1]	result	8.80417474	0.00000512	0x00	0x00
SPI [1]	result	8.80418002	0.00000512	0x00	0x00
SPI [1]	result	8.80418530	0.00000512	0x00	0x00
SPI [1]	result	8.80458661	0.00000512	0x08	0x00
SPI [1]	result	8.80459189	0.00000512	0x00	0x00
SPI [1]	result	8.80459717	0.00000512	0x88	0x07
SPI [1]	result	8.80460245	0.00000512	0x32	0xFF
SPI [1]	result	8.84333773	0.00000512	0x00	0x00
SPI [1]	result	8.84334301	0.00000512	0x00	0x00
SPI [1]	result	8.84334829	0.00000512	0x08	0x00
SPI [1]	result	8.84335357	0.00000512	0x20	0x10
SPI [1]	result	8.84376925	0.00000512	0x08	0x00
SPI [1]	result	8.84377453	0.00000512	0x10	0x00
SPI [1]	result	8.84377981	0.00000512	0x80	0xFF
SPI [1]	result	8.84378509	0.00000512	0x22	0xFF
SPI [1]	result	8.84418783	0.00000512	0x00	0x00
SPI [1]	result	8.84419311	0.00000512	0x00	0x00
SPI [1]	result	8.84419839	0.00000512	0x09	0x00
SPI [1]	result	8.84420367	0.00000512	0xA6	0x7F
SPI [1]	result	8.84460442	0.00000512	0x09	0x00
SPI [1]	result	8.84460970	0.00000512	0x00	0x00
SPI [1]	result	8.84461498	0.00000512	0x88	0x7F
SPI [1]	result	8.84462026	0.00000512	0x3A	0xFF
SPI [1]	result	8.84502143	0.00000512	0x00	0x00
SPI [1]	result	8.84502671	0.00000512	0x00	0x00
SPI [1]	result	8.84503199	0.00000512	0x00	0x00
SPI [1]	result	8.84503727	0.00000512	0x00	0x00
SPI [1]	result	8.84543836	0.00000512	0x08	0x00
SPI [1]	result	8.84544364	0.00000512	0x00	0x00
SPI [1]	result	8.84544892	0.00000512	0x89	0x07
SPI [1]	result	8.84545420	0.00000512	0xB8	0xFF
SPI [1]	result	8.88333415	0.00000512	0x00	0x00
SPI [1]	result	8.88333943	0.00000512	0x00	0x00
SPI [1]	result	8.88334471	0.00000512	0x08	0x00
SPI [1]	result	8.88334999	0.00000512	0x20	0x10
SPI [1]	result	8.88375771	0.00000512	0x0A	0x00
SPI [1]	result	8.88376299	0.00000512	0x10	0x1F
SPI [1]	result	8.88376827	0.00000512	0x80	0xFF
SPI [1]	result	8.88377355	0.00000512	0x32	0xFF
SPI [1]	result	8.88417540	0.00000512	0x00	0x00
SPI [1]	result	8.88418068	0.00000512	0x00	0x00
SPI [1]	result	8.88418596	0.00000512	0x00	0x00
SPI [1]	result	8.88419124	0.00000512	0x00	0x00
SPI [1]	result	8.88459231	0.00000512	0x08	0x00
SPI [1]	result	8.88459759	0.00000512	0x00	0x00
SPI [1]	result	8.88460287	0.00000512	0x88	0x07
SPI [1]	result	8.88460815	0.00000512	0x32	0xFF
SPI [1]	result	8.92333213	0.00000512	0x00	0x00
SPI [1]	result	8.92333741	0.00000512	0x00	0x00
SPI [1]	result	8.92334269	0.00000512	0x08	0x00
SPI [1]	result	8.92334797	0.00000512	0x20	0x10
SPI [1]	result	8.92375195	0.00000512	0x0B	0x00
SPI [1]	result	8.92375723	0.00000512	0x10	0x1F
SPI [1]	result	8.92376251	0.00000512	0x80	0xFF
SPI [1]	result	8.92376779	0.00000512	0x3A	0xFF
SPI [1]	result	8.92416920	0.00000512	0x00	0x00
SPI [1]	result	8.92417448	0.00000512	0x00	0x00
SPI [1]	result	8.92417976	0.00000512	0x00	0x00
SPI [1]	result	8.92418504	0.00000512	0x00	0x00
SPI [1]	result	8.92458328	0.00000512	0x08	0x00
SPI [1]	result	8.92458856	0.00000512	0x00	0x00
SPI [1]	result	8.92459384	0.00000512	0x88	0x0F
SPI [1]	result	8.92459912	0.00000512	0x32	0xFF
SPI [1]	result	8.96333343	0.00000512	0x00	0x00
SPI [1]	result	8.96333871	0.00000512	0x00	0x00
SPI [1]	result	8.96334399	0.00000512	0x08	0x00
SPI [1]	result	8.96334927	0.00000512	0x20	0x10
SPI [1]	result	8.96374999	0.00000512	0x0C	0x00
SPI [1]	result	8.96375527	0.00000512	0x10	0x00
SPI [1]	result	8.96376055	0.00000512	0x80	0x7F
SPI [1]	result	8.96376583	0.00000512	0x02	0x73
SPI [1]	result	8.96416709	0.00000512	0x00	0x00
SPI [1]	result	8.96417237	0.00000512	0x00	0x00
SPI [1]	result	8.96417765	0.00000512	0x09	0x00
SPI [1]	result	8.96418293	0.00000512	0xA6	0x7F
SPI [1]	result	8.96458385	0.00000512	0x0D	0x00
SPI [1]	result	8.96458913	0.00000512	0x00	0x00
SPI [1]	result	8.96459441	0.00000512	0x88	0x7F
SPI [1]	result	8.96459969	0.00000512	0x1A	0xFF
SPI [1]	result	8.96500050	0.00000512	0x00	0x00
SPI [1]	result	8.96500578	0.00000512	0x00	0x00
SPI [1]	result	8.96501106	0.00000512	0x00	0x00
SPI [1]	result	8.96501634	0.00000512	0x00	0x00
SPI [1]	result	8.96548180	0.00000512	0x08	0x00
SPI [1]	result	8.96548708	0.00000512	0x00	0x00
SPI [1]	result	8.96549236	0.00000512	0x89	0x0F
SPI [1]	result	8.96549764	0.00000512	0xB8	0xFF
SPI [1]	result	9.00333419	0.00000512	0x00	0x00
SPI [1]	result	9.00333947	0.00000512	0x00	0x00
SPI [1]	result	9.00334475	0.00000512	0x08	0x00
SPI [1]	result	9.00335003	0.00000512	0x20	0x00
SPI [1]	result	9.00375282	0.00000512	0x0E	0x00
SPI [1]	result	9.00375810	0.00000512	0x10	0x00
SPI [1]	result	9.00376338	0.00000512	0x80	0xFF
SPI [1]	result	9.00376866	0.00000512	0x12	0xFF
SPI [1]	result	9.00416975	0.00000512	0x00	0x00
SPI [1]	result	9.00417503	0.00000512	0x00	0x00
SPI [1]	result	9.00418031	0.00000512	0x00	0x00
SPI [1]	result	9.00418559	0.00000512	0x00	0x00
SPI [1]	result	9.00458707	0.00000512	0x08	0x00
SPI [1]	result	9.00459235	0.00000512	0x00	0x00
SPI [1]	result	9.00459763	0.00000512	0x88	0x07
SPI [1]	result	9.00460291	0.00000512	0x32	0xFF
SPI [1]	result	9.04333496	0.00000512	0x00	0x00
SPI [1]	result	9.04334024	0.00000512	0x00	0x00
SPI [1]	result	9.04334552	0.00000512	0x08	0x00
SPI [1]	result	9.04335080	0.00000512	0x20	0x10
SPI [1]	result	9.04376323	0.00000512	0x0F	0x00
SPI [1]	result	9.04376851	0.00000512	0x10	0x00
SPI [1]	result	9.04377379	0.00000512	0x80	0xFF
SPI [1]	result	9.04377907	0.00000512	0x1A	0xFF
SPI [1]	result	9.04418129	0.00000512	0x00	0x00
SPI [1]	result	9.04418657	0.00000512	0x00	0x00
SPI [1]	result	9.04419185	0.00000512	0x00	0x00
SPI [1]	result	9.04419713	0.00000512	0x00	0x00
SPI [1]	result	9.04459902	0.00000512	0x08	0x00
SPI [1]	result	9.04460430	0.00000512	0x00	0x00
SPI [1]	result	9.04460958	0.00000512	0x88	0x07
SPI [1]	result	9.04461486	0.00000512	0x32	0xFF
SPI [1]	result	9.08333408	0.00000512	0x00	0x00
SPI [1]	result	9.08333936	0.00000512	0x00	0x00
SPI [1]	result	9.08334464	0.00000512	0x08	0x00
SPI [1]	result	9.08334992	0.00000512	0x20	0x00
SPI [1]	result	9.08375341	0.00000512	0x08	0x00
SPI [1]	result	9.08375869	0.00000512	0x10	0x00
SPI [1]	result	9.08376397	0.00000512	0x80	0xFF
SPI [1]	result	9.08376925	0.00000512	0x22	0xFF
SPI [1]	result	9.08417044	0.00000512	0x00	0x00
SPI [1]	result	9.08417572	0.00000512	0x00	0x00
SPI [1]	result	9.08418100	0.00000512	0x09	0x00
SPI [1]	result	9.08418628	0.00000512	0xA6	0x7F
SPI [1]	result	9.08458698	0.00000512	0x09	0x00
SPI [1]	result	9.08459226	0.00000512	0x00	0x00
SPI [1]	result	9.08459754	0.00000512	0x88	0x7F
SPI [1]	result	9.08460282	0.00000512	0x3A	0xFF
SPI [1]	result	9.08500371	0.00000512	0x00	0x00
SPI [1]	result	9.08500899	0.00000512	0x00	0x00
SPI [1]	result	9.08501427	0.00000512	0x00	0x00
SPI [1]	result	9.08501955	0.00000512	0x00	0x00
SPI [1]	result	9.08541806	0.00000512	0x08	0x00
SPI [1]	result	9.08542334	0.00000512	0x00	0x00
SPI [1]	result	9.08542862	0.00000512	0x89	0x07
SPI [1]	result	9.08543390	0.00000512	0xB8	0xFF
SPI [1]	result	9.12333739	0.00000512	0x00	0x00
SPI [1]	result	9.12334267	0.00000512	0x00	0x00
SPI [1]	result	9.12334795	0.00000512	0x08	0x00
SPI [1]	result	9.12335323	0.00000512	0x20	0x10
SPI [1]	result	9.12377030	0.00000512	0x0A	0x00
SPI [1]	result	9.12377558	0.00000512	0x10	0x0F
SPI [1]	result	9.12378086	0.00000512	0x80	0xFF
SPI [1]	result	9.12378614	0.00000512	0x32	0xFF
SPI [1]	result	9.12418777	0.00000512	0x00	0x00
SPI [1]	result	9.12419305	0.00000512	0x00	0x00
SPI [1]	result	9.12419833	0.00000512	0x00	0x00
SPI [1]	result	9.12420361	0.00000512	0x00	0x00
SPI [1]	result	9.12460429	0.00000512	0x08	0x00
SPI [1]	result	9.12460957	0.00000512	0x00	0x00
SPI [1]	result	9.12461485	0.00000512	0x88	0x07
SPI [1]	result	9.12462013	0.00000512	0x32	0xFF
SPI [1]	result	9.16333844	0.00000512	0x00	0x00
SPI [1]	result	9.16334372	0.00000512	0x00	0x00
SPI [1]	result	9.16334900	0.00000512	0x08	0x00
SPI [1]	result	9.16335428	0.00000512	0x20	0x14
SPI [1]	result	9.16377597	0.00000512	0x0B	0x00
SPI [1]	result	9.16378125	0.00000512	0x10	0x1F
SPI [1]	result	9.16378653	0.00000512	0x80	0xFF
SPI [1]	result	9.16379181	0.00000512	0x3A	0xFF
SPI [1]	result	9.16419431	0.00000512	0x00	0x00
SPI [1]	result	9.16419959	0.00000512	0x00	0x00
SPI [1]	result	9.16420487	0.00000512	0x00	0x00
SPI [1]	result	9.16421015	0.00000512	0x00	0x00
SPI [1]	result	9.16461092	0.00000512	0x08	0x00
SPI [1]	result	9.16461620	0.00000512	0x00	0x00
SPI [1]	result	9.16462148	0.00000512	0x88	0x0F
SPI [1]	result	9.16462676	0.00000512	0x32	0xFF
SPI [1]	result	9.20334007	0.00000512	0x00	0x00
SPI [1]	result	9.20334535	0.00000512	0x00	0x00
SPI [1]	result	9.20335063	0.00000512	0x08	0x00
SPI [1]	result	9.20335591	0.00000512	0x20	0x10
SPI [1]	result	9.20377039	0.00000512	0x0C	0x00
SPI [1]	result	9.20377567	0.00000512	0x10	0x00
SPI [1]	result	9.20378095	0.00000512	0x80	0x7F
SPI [1]	result	9.20378623	0.00000512	0x02	0xFB
SPI [1]	result	9.20418906	0.00000512	0x00	0x00
SPI [1]	result	9.20419434	0.00000512	0x00	0x00
SPI [1]	result	9.20419962	0.00000512	0x09	0x00
SPI [1]	result	9.20420490	0.00000512	0xA6	0x7F
SPI [1]	result	9.20460609	0.00000512	0x0D	0x00
SPI [1]	result	9.20461137	0.00000512	0x00	0x00
SPI [1]	result	9.20461665	0.00000512	0x88	0x7F
SPI [1]	result	9.20462193	0.00000512	0x1A	0xFF
SPI [1]	result	9.20502394	0.00000512	0x00	0x00
SPI [1]	result	9.20502922	0.00000512	0x00	0x00
SPI [1]	result	9.20503450	0.00000512	0x00	0x00
SPI [1]	result	9.20503978	0.00000512	0x00	0x00
SPI [1]	result	9.20544106	0.00000512	0x08	0x00
SPI [1]	result	9.20544634	0.00000512	0x00	0x00
SPI [1]	result	9.20545162	0.00000512	0x89	0x07
SPI [1]	result	9.20545690	0.00000512	0xB8	0xFF
SPI [1]	result	9.24333763	0.00000512	0x00	0x00
SPI [1]	result	9.24334291	0.00000512	0x00	0x00
SPI [1]	result	9.24334819	0.00000512	0x08	0x00
SPI [1]	result	9.24335347	0.00000512	0x20	0x10
SPI [1]	result	9.24377110	0.00000512	0x0E	0x00
SPI [1]	result	9.24377638	0.00000512	0x10	0x00
SPI [1]	result	9.24378166	0.00000512	0x80	0x7F
SPI [1]	result	9.24378694	0.00000512	0x12	0xFF
SPI [1]	result	9.24419229	0.00000512	0x00	0x00
SPI [1]	result	9.24419757	0.00000512	0x00	0x00
SPI [1]	result	9.24420285	0.00000512	0x00	0x00
SPI [1]	result	9.24420813	0.00000512	0x00	0x00
SPI [1]	result	9.24461055	0.00000512	0x08	0x00
SPI [1]	result	9.24461583	0.00000512	0x00	0x00
SPI [1]	result	9.24462111	0.00000512	0x88	0x0F
SPI [1]	result	9.24462639	0.00000512	0x32	0xFF
SPI [1]	result	9.28333691	0.00000512	0x00	0x00
SPI [1]	result	9.28334219	0.00000512	0x00	0x00
SPI [1]	result	9.28334747	0.00000512	0x08	0x00
SPI [1]	result	9.28335275	0.00000512	0x20	0x00
SPI [1]	result	9.28376961	0.00000512	0x0F	0x00
SPI [1]	result	9.28377489	0.00000512	0x10	0x00
SPI [1]	result	9.28378017	0.00000512	0x80	0xFF
SPI [1]	result	9.28378545	0.00000512	0x1A	0xFF
SPI [1]	result	9.28418819	0.00000512	0x00	0x00
SPI [1]	result	9.28419347	0.00000512	0x00	0x00
SPI [1]	result	9.28419875	0.00000512	0x00	0x00
SPI [1]	result	9.28420403	0.00000512	0x00	0x00
SPI [1]	result	9.28460542	0.00000512	0x08	0x00
SPI [1]	result	9.28461070	0.00000512	0x00	0x00
SPI [1]	result	9.28461598	0.00000512	0x88	0x07
SPI [1]	result	9.28462126	0.00000512	0x32	0xFF
SPI [1]	result	9.32333955	0.00000512	0x00	0x00
SPI [1]	result	9.32334483	0.00000512	0x00	0x00
SPI [1]	result	9.32335011	0.00000512	0x08	0x00
SPI [1]	result	9.32335539	0.00000512	0x20	0x1C
SPI [1]	result	9.32376717	0.00000512	0x08	0x00
SPI [1]	result	9.32377245	0.00000512	0x10	0x00
SPI [1]	result	9.32377773	0.00000512	0x80	0x7F
SPI [1]	result	9.32378301	0.00000512	0x22	0xFF
SPI [1]	result	9.32418503	0.00000512	0x00	0x00
SPI [1]	result	9.32419031	0.00000512	0x00	0x00
SPI [1]	result	9.32419559	0.00000512	0x09	0x00
SPI [1]	result	9.32420087	0.00000512	0xA6	0x7F
SPI [1]	result	9.32460209	0.00000512	0x09	0x00
SPI [1]	result	9.32460737	0.00000512	0x00	0x00
SPI [1]	result	9.32461265	0.00000512	0x88	0x7F
SPI [1]	result	9.32461793	0.00000512	0x3A	0xFF
SPI [1]	result	9.32501878	0.00000512	0x00	0x00
SPI [1]	result	9.32502406	0.00000512	0x00	0x00
SPI [1]	result	9.32502934	0.00000512	0x00	0x00
SPI [1]	result	9.32503462	0.00000512	0x00	0x00
SPI [1]	result	9.32543589	0.00000512	0x08	0x00
SPI [1]	result	9.32544117	0.00000512	0x00	0x00
SPI [1]	result	9.32544645	0.00000512	0x89	0x07
SPI [1]	result	9.32545173	0.00000512	0xB8	0xFF
SPI [1]	result	9.36333778	0.00000512	0x00	0x00
SPI [1]	result	9.36334306	0.00000512	0x00	0x00
SPI [1]	result	9.36334834	0.00000512	0x08	0x00
SPI [1]	result	9.36335362	0.00000512	0x20	0x10
SPI [1]	result	9.36377610	0.00000512	0x0A	0x00
SPI [1]	result	9.36378138	0.00000512	0x10	0x1F
SPI [1]	result	9.36378666	0.00000512	0x80	0xFF
SPI [1]	result	9.36379194	0.00000512	0x32	0xFF
SPI [1]	result	9.36419245	0.00000512	0x00	0x00
SPI [1]	result	9.36419773	0.00000512	0x00	0x00
SPI [1]	result	9.36420301	0.00000512	0x00	0x00
SPI [1]	result	9.36420829	0.00000512	0x00	0x00
SPI [1]	result	9.36460976	0.00000512	0x08	0x00
SPI [1]	result	9.36461504	0.00000512	0x00	0x00
SPI [1]	result	9.36462032	0.00000512	0x88	0x07
SPI [1]	result	9.36462560	0.00000512	0x32	0xFF
SPI [1]	result	9.40333839	0.00000512	0x00	0x00
SPI [1]	result	9.40334367	0.00000512	0x00	0x00
SPI [1]	result	9.40334895	0.00000512	0x08	0x00
SPI [1]	result	9.40335423	0.00000512	0x20	0x00
SPI [1]	result	9.40377569	0.00000512	0x0B	0x00
SPI [1]	result	9.40378097	0.00000512	0x10	0x1F
SPI [1]	result	9.40378625	0.00000512	0x80	0xFF
SPI [1]	result	9.40379153	0.00000512	0x3A	0xFF
SPI [1]	result	9.40419512	0.00000512	0x00	0x00
SPI [1]	result	9.40420040	0.00000512	0x00	0x00
SPI [1]	result	9.40420568	0.00000512	0x00	0x00
SPI [1]	result	9.40421096	0.00000512	0x00	0x00
SPI [1]	result	9.40460948	0.00000512	0x08	0x00
SPI [1]	result	9.40461476	0.00000512	0x00	0x00
SPI [1]	result	9.40462004	0.00000512	0x88	0x07
SPI [1]	result	9.40462532	0.00000512	0x32	0xFF
SPI [1]	result	9.44333928	0.00000512	0x00	0x00
SPI [1]	result	9.44334456	0.00000512	0x00	0x00
SPI [1]	result	9.44334984	0.00000512	0x08	0x00
SPI [1]	result	9.44335512	0.00000512	0x20	0x10
SPI [1]	result	9.44377114	0.00000512	0x0C	0x00
SPI [1]	result	9.44377642	0.00000512	0x10	0x00
SPI [1]	result	9.44378170	0.00000512	0x80	0xFF
SPI [1]	result	9.44378698	0.00000512	0x02	0xFF
SPI [1]	result	9.44419039	0.00000512	0x00	0x00
SPI [1]	result	9.44419567	0.00000512	0x00	0x00
SPI [1]	result	9.44420095	0.00000512	0x09	0x00
SPI [1]	result	9.44420623	0.00000512	0xA6	0x7F
SPI [1]	result	9.44460735	0.00000512	0x0D	0x00
SPI [1]	result	9.44461263	0.00000512	0x00	0x00
SPI [1]	result	9.44461791	0.00000512	0x88	0x7F
SPI [1]	result	9.44462319	0.00000512	0x1A	0xFF
SPI [1]	result	9.44502819	0.00000512	0x00	0x00
SPI [1]	result	9.44503347	0.00000512	0x00	0x00
SPI [1]	result	9.44503875	0.00000512	0x00	0x00
SPI [1]	result	9.44504403	0.00000512	0x00	0x00
SPI [1]	result	9.44544570	0.00000512	0x08	0x00
SPI [1]	result	9.44545098	0.00000512	0x00	0x00
SPI [1]	result	9.44545626	0.00000512	0x89	0x07
SPI [1]	result	9.44546154	0.00000512	0xB8	0xFF
SPI [1]	result	9.48335395	0.00000512	0x00	0x00
SPI [1]	result	9.48335923	0.00000512	0x00	0x00
SPI [1]	result	9.48336451	0.00000512	0x08	0x00
SPI [1]	result	9.48336979	0.00000512	0x20	0x10
SPI [1]	result	9.48386316	0.00000512	0x0E	0x00
SPI [1]	result	9.48386844	0.00000512	0x10	0x00
SPI [1]	result	9.48387372	0.00000512	0x80	0xFF
SPI [1]	result	9.48387900	0.00000512	0x12	0xFF
SPI [1]	result	9.48429753	0.00000512	0x00	0x00
SPI [1]	result	9.48430281	0.00000512	0x00	0x00
SPI [1]	result	9.48430809	0.00000512	0x00	0x00
SPI [1]	result	9.48431337	0.00000512	0x00	0x00
SPI [1]	result	9.48472441	0.00000512	0x08	0x00
SPI [1]	result	9.48472969	0.00000512	0x00	0x00
SPI [1]	result	9.48473497	0.00000512	0x88	0x07
SPI [1]	result	9.48474025	0.00000512	0x32	0xFF
SPI [1]	result	9.52334477	0.00000512	0x00	0x00
SPI [1]	result	9.52335005	0.00000512	0x00	0x00
SPI [1]	result	9.52335533	0.00000512	0x08	0x00
SPI [1]	result	9.52336061	0.00000512	0x20	0x10
SPI [1]	result	9.52380029	0.00000512	0x0F	0x00
SPI [1]	result	9.52380557	0.00000512	0x10	0x00
SPI [1]	result	9.52381085	0.00000512	0x80	0x7F
SPI [1]	result	9.52381613	0.00000512	0x1A	0xFF
SPI [1]	result	9.52421832	0.00000512	0x00	0x00
SPI [1]	result	9.52422360	0.00000512	0x00	0x00
SPI [1]	result	9.52422888	0.00000512	0x00	0x00
SPI [1]	result	9.52423416	0.00000512	0x00	0x00
SPI [1]	result	9.52463564	0.00000512	0x08	0x00
SPI [1]	result	9.52464092	0.00000512	0x00	0x00
SPI [1]	result	9.52464620	0.00000512	0x88	0x07
SPI [1]	result	9.52465148	0.00000512	0x32	0xFF
SPI [1]	result	9.56335098	0.00000512	0x00	0x00
SPI [1]	result	9.56335626	0.00000512	0x00	0x00
SPI [1]	result	9.56336154	0.00000512	0x08	0x00
SPI [1]	result	9.56336682	0.00000512	0x20	0x10
SPI [1]	result	9.56381187	0.00000512	0x08	0x00
SPI [1]	result	9.56381715	0.00000512	0x10	0x00
SPI [1]	result	9.56382243	0.00000512	0x80	0xFF
SPI [1]	result	9.56382771	0.00000512	0x22	0xFF
SPI [1]	result	9.56422889	0.00000512	0x00	0x00
SPI [1]	result	9.56423417	0.00000512	0x00	0x00
SPI [1]	result	9.56423945	0.00000512	0x09	0x00
SPI [1]	result	9.56424473	0.00000512	0xA6	0x7F
SPI [1]	result	9.56464547	0.00000512	0x09	0x00
SPI [1]	result	9.56465075	0.00000512	0x00	0x00
SPI [1]	result	9.56465603	0.00000512	0x88	0x7F
SPI [1]	result	9.56466131	0.00000512	0x3A	0xFF
SPI [1]	result	9.56506137	0.00000512	0x00	0x00
SPI [1]	result	9.56506665	0.00000512	0x00	0x00
SPI [1]	result	9.56507193	0.00000512	0x00	0x00
SPI [1]	result	9.56507721	0.00000512	0x00	0x00
SPI [1]	result	9.56547735	0.00000512	0x08	0x00
SPI [1]	result	9.56548263	0.00000512	0x00	0x00
SPI [1]	result	9.56548791	0.00000512	0x89	0x07
SPI [1]	result	9.56549319	0.00000512	0xB8	0xFF
SPI [1]	result	9.60334418	0.00000512	0x00	0x00
SPI [1]	result	9.60334946	0.00000512	0x00	0x00
SPI [1]	result	9.60335474	0.00000512	0x08	0x00
SPI [1]	result	9.60336002	0.00000512	0x20	0x10
SPI [1]	result	9.60380398	0.00000512	0x0A	0x00
SPI [1]	result	9.60380926	0.00000512	0x10	0x1F
SPI [1]	result	9.60381454	0.00000512	0x80	0xFF
SPI [1]	result	9.60381982	0.00000512	0x32	0xFF
SPI [1]	result	9.60422116	0.00000512	0x00	0x00
SPI [1]	result	9.60422644	0.00000512	0x00	0x00
SPI [1]	result	9.60423172	0.00000512	0x00	0x00
SPI [1]	result	9.60423700	0.00000512	0x00	0x00
SPI [1]	result	9.60463714	0.00000512	0x08	0x00
SPI [1]	result	9.60464242	0.00000512	0x00	0x00
SPI [1]	result	9.60464770	0.00000512	0x88	0x07
SPI [1]	result	9.60465298	0.00000512	0x32	0xFF
SPI [1]	result	9.64333243	0.00000512	0x00	0x00
SPI [1]	result	9.64333771	0.00000512	0x00	0x00
SPI [1]	result	9.64334299	0.00000512	0x08	0x00
SPI [1]	result	9.64334827	0.00000512	0x20	0x10
SPI [1]	result	9.64375165	0.00000512	0x0B	0x00
SPI [1]	result	9.64375693	0.00000512	0x10	0x1F
SPI [1]	result	9.64376221	0.00000512	0x80	0xFF
SPI [1]	result	9.64376749	0.00000512	0x3A	0xFF
SPI [1]	result	9.64416753	0.00000512	0x00	0x00
SPI [1]	result	9.64417281	0.00000512	0x00	0x00
SPI [1]	result	9.64417809	0.00000512	0x00	0x00
SPI [1]	result	9.64418337	0.00000512	0x00	0x00
SPI [1]	result	9.64458274	0.00000512	0x08	0x00
SPI [1]	result	9.64458802	0.00000512	0x00	0x00
SPI [1]	result	9.64459330	0.00000512	0x88	0x07
SPI [1]	result	9.64459858	0.00000512	0x32	0xFF
SPI [1]	result	9.68334286	0.00000512	0x00	0x00
SPI [1]	result	9.68334814	0.00000512	0x00	0x00
SPI [1]	result	9.68335342	0.00000512	0x08	0x00
SPI [1]	result	9.68335870	0.00000512	0x20	0x10
SPI [1]	result	9.68378275	0.00000512	0x0C	0x00
SPI [1]	result	9.68378803	0.00000512	0x10	0x00
SPI [1]	result	9.68379331	0.00000512	0x80	0xFF
SPI [1]	result	9.68379859	0.00000512	0x02	0xFF
SPI [1]	result	9.68420018	0.00000512	0x00	0x00
SPI [1]	result	9.68420546	0.00000512	0x00	0x00
SPI [1]	result	9.68421074	0.00000512	0x09	0x00
SPI [1]	result	9.68421602	0.00000512	0xA6	0x7F
SPI [1]	result	9.68461582	0.00000512	0x0D	0x00
SPI [1]	result	9.68462110	0.00000512	0x00	0x00
SPI [1]	result	9.68462638	0.00000512	0x88	0x7F
SPI [1]	result	9.68463166	0.00000512	0x1A	0xFF
SPI [1]	result	9.68503130	0.00000512	0x00	0x00
SPI [1]	result	9.68503658	0.00000512	0x00	0x00
SPI [1]	result	9.68504186	0.00000512	0x00	0x00
SPI [1]	result	9.68504714	0.00000512	0x00	0x00
SPI [1]	result	9.68544668	0.00000512	0x08	0x00
SPI [1]	result	9.68545196	0.00000512	0x00	0x00
SPI [1]	result	9.68545724	0.00000512	0x89	0x07
SPI [1]	result	9.68546252	0.00000512	0xB8	0xFF
SPI [1]	result	9.72333808	0.00000512	0x00	0x00
SPI [1]	result	9.72334336	0.00000512	0x00	0x00
SPI [1]	result	9.72334864	0.00000512	0x08	0x00
SPI [1]	result	9.72335392	0.00000512	0x20	0x00
SPI [1]	result	9.72377190	0.00000512	0x0E	0x00
SPI [1]	result	9.72377718	0.00000512	0x10	0x00
SPI [1]	result	9.72378246	0.00000512	0x80	0x7F
SPI [1]	result	9.72378774	0.00000512	0x12	0xFF
SPI [1]	result	9.72426151	0.00000512	0x00	0x00
SPI [1]	result	9.72426679	0.00000512	0x00	0x00
SPI [1]	result	9.72427207	0.00000512	0x00	0x00
SPI [1]	result	9.72427735	0.00000512	0x00	0x00
SPI [1]	result	9.72469539	0.00000512	0x08	0x00
SPI [1]	result	9.72470067	0.00000512	0x00	0x00
SPI [1]	result	9.72470595	0.00000512	0x88	0x07
SPI [1]	result	9.72471123	0.00000512	0x32	0xFF
SPI [1]	result	9.76333455	0.00000512	0x00	0x00
SPI [1]	result	9.76333983	0.00000512	0x00	0x00
SPI [1]	result	9.76334511	0.00000512	0x08	0x00
SPI [1]	result	9.76335039	0.00000512	0x20	0x00
SPI [1]	result	9.76375059	0.00000512	0x0F	0x00
SPI [1]	result	9.76375587	0.00000512	0x10	0x00
SPI [1]	result	9.76376115	0.00000512	0x80	0xFF
SPI [1]	result	9.76376643	0.00000512	0x1A	0xFF
SPI [1]	result	9.76416595	0.00000512	0x00	0x00
SPI [1]	result	9.76417123	0.00000512	0x00	0x00
SPI [1]	result	9.76417651	0.00000512	0x00	0x00
SPI [1]	result	9.76418179	0.00000512	0x00	0x00
SPI [1]	result	9.76458140	0.00000512	0x08	0x00
SPI [1]	result	9.76458668	0.00000512	0x00	0x00
SPI [1]	result	9.76459196	0.00000512	0x88	0x07
SPI [1]	result	9.76459724	0.00000512	0x32	0xFF
SPI [1]	result	9.80333727	0.00000512	0x00	0x00
SPI [1]	result	9.80334255	0.00000512	0x00	0x00
SPI [1]	result	9.80334783	0.00000512	0x08	0x00
SPI [1]	result	9.80335311	0.00000512	0x20	0x00
SPI [1]	result	9.80376691	0.00000512	0x08	0x00
SPI [1]	result	9.80377219	0.00000512	0x10	0x00
SPI [1]	result	9.80377747	0.00000512	0x80	0x7F
SPI [1]	result	9.80378275	0.00000512	0x22	0xFF
SPI [1]	result	9.80418293	0.00000512	0x00	0x00
SPI [1]	result	9.80418821	0.00000512	0x00	0x00
SPI [1]	result	9.80419349	0.00000512	0x09	0x00
SPI [1]	result	9.80419877	0.00000512	0xA6	0x7F
SPI [1]	result	9.80459992	0.00000512	0x09	0x00
SPI [1]	result	9.80460520	0.00000512	0x00	0x00
SPI [1]	result	9.80461048	0.00000512	0x88	0x7F
SPI [1]	result	9.80461576	0.00000512	0x3A	0xFF
SPI [1]	result	9.80501709	0.00000512	0x00	0x00
SPI [1]	result	9.80502237	0.00000512	0x00	0x00
SPI [1]	result	9.80502765	0.00000512	0x00	0x00
SPI [1]	result	9.80503293	0.00000512	0x00	0x00
SPI [1]	result	9.80543370	0.00000512	0x08	0x00
SPI [1]	result	9.80543898	0.00000512	0x00	0x00
SPI [1]	result	9.80544426	0.00000512	0x89	0x0F
SPI [1]	result	9.80544954	0.00000512	0xB8	0xFF
SPI [1]	result	9.84334187	0.00000512	0x00	0x00
SPI [1]	result	9.84334715	0.00000512	0x00	0x00
SPI [1]	result	9.84335243	0.00000512	0x08	0x00
SPI [1]	result	9.84335771	0.00000512	0x20	0x10
SPI [1]	result	9.84379052	0.00000512	0x0A	0x00
SPI [1]	result	9.84379580	0.00000512	0x10	0x0F
SPI [1]	result	9.84380108	0.00000512	0x80	0xFF
SPI [1]	result	9.84380636	0.00000512	0x32	0xFF
SPI [1]	result	9.84420778	0.00000512	0x00	0x00
SPI [1]	result	9.84421306	0.00000512	0x00	0x00
SPI [1]	result	9.84421834	0.00000512	0x00	0x00
SPI [1]	result	9.84422362	0.00000512	0x00	0x00
SPI [1]	result	9.84462971	0.00000512	0x08	0x00
SPI [1]	result	9.84463499	0.00000512	0x00	0x00
SPI [1]	result	9.84464027	0.00000512	0x88	0x0F
SPI [1]	result	9.84464555	0.00000512	0x32	0xFF
SPI [1]	result	9.88335389	0.00000512	0x00	0x00
SPI [1]	result	9.88335917	0.00000512	0x00	0x00
SPI [1]	result	9.88336445	0.00000512	0x08	0x00
SPI [1]	result	9.88336973	0.00000512	0x20	0x10
SPI [1]	result	9.88383041	0.00000512	0x0B	0x00
SPI [1]	result	9.88383569	0.00000512	0x10	0x1F
SPI [1]	result	9.88384097	0.00000512	0x80	0xFF
SPI [1]	result	9.88384625	0.00000512	0x3A	0xFF
SPI [1]	result	9.88424580	0.00000512	0x00	0x00
SPI [1]	result	9.88425108	0.00000512	0x00	0x00
SPI [1]	result	9.88425636	0.00000512	0x00	0x00
SPI [1]	result	9.88426164	0.00000512	0x00	0x00
SPI [1]	result	9.88466416	0.00000512	0x08	0x00
SPI [1]	result	9.88466944	0.00000512	0x00	0x00
SPI [1]	result	9.88467472	0.00000512	0x88	0x0F
SPI [1]	result	9.88468000	0.00000512	0x32	0xFF
SPI [1]	result	9.92334650	0.00000512	0x00	0x00
SPI [1]	result	9.92335178	0.00000512	0x00	0x00
SPI [1]	result	9.92335706	0.00000512	0x08	0x00
SPI [1]	result	9.92336234	0.00000512	0x20	0x10
SPI [1]	result	9.92380088	0.00000512	0x0C	0x00
SPI [1]	result	9.92380616	0.00000512	0x10	0x00
SPI [1]	result	9.92381144	0.00000512	0x80	0x7F
SPI [1]	result	9.92381672	0.00000512	0x02	0xC3
SPI [1]	result	9.92421868	0.00000512	0x00	0x00
SPI [1]	result	9.92422396	0.00000512	0x00	0x00
SPI [1]	result	9.92422924	0.00000512	0x09	0x00
SPI [1]	result	9.92423452	0.00000512	0xA6	0x7F
SPI [1]	result	9.92463653	0.00000512	0x0D	0x00
SPI [1]	result	9.92464181	0.00000512	0x00	0x00
SPI [1]	result	9.92464709	0.00000512	0x88	0x7F
SPI [1]	result	9.92465237	0.00000512	0x1A	0xFF
SPI [1]	result	9.92505043	0.00000512	0x00	0x00
SPI [1]	result	9.92505571	0.00000512	0x00	0x00
SPI [1]	result	9.92506099	0.00000512	0x00	0x00
SPI [1]	result	9.92506627	0.00000512	0x00	0x00
SPI [1]	result	9.92546612	0.00000512	0x08	0x00
SPI [1]	result	9.92547140	0.00000512	0x00	0x00
SPI [1]	result	9.92547668	0.00000512	0x89	0x07
SPI [1]	result	9.92548196	0.00000512	0xB8	0xFF
SPI [1]	result	9.96334225	0.00000512	0x00	0x00
SPI [1]	result	9.96334753	0.00000512	0x00	0x00
SPI [1]	result	9.96335281	0.00000512	0x08	0x00
SPI [1]	result	9.96335809	0.00000512	0x20	0x10
SPI [1]	result	9.96379334	0.00000512	0x0E	0x00
SPI [1]	result	9.96379862	0.00000512	0x10	0x00
SPI [1]	result	9.96380390	0.00000512	0x80	0x7F
SPI [1]	result	9.96380918	0.00000512	0x12	0xFF
SPI [1]	result	9.96421074	0.00000512	0x00	0x00
SPI [1]	result	9.96421602	0.00000512	0x00	0x00
SPI [1]	result	9.96422130	0.00000512	0x00	0x00
SPI [1]	result	9.96422658	0.00000512	0x00	0x00
SPI [1]	result	9.96462402	0.00000512	0x08	0x00
SPI [1]	result	9.96462930	0.00000512	0x00	0x00
SPI [1]	result	9.96463458	0.00000512	0x88	0x07
SPI [1]	result	9.96463986	0.00000512	0x32	0xFF
SPI [1]	result	10.00333395	0.00000512	0x00	0x00
SPI [1]	result	10.00333923	0.00000512	0x00	0x00
SPI [1]	result	10.00334451	0.00000512	0x08	0x00
SPI [1]	result	10.00334979	0.00000512	0x20	0x10
SPI [1]	result	10.00375890	0.00000512	0x0F	0x00
SPI [1]	result	10.00376418	0.00000512	0x10	0x00
SPI [1]	result	10.00376946	0.00000512	0x80	0x7F
SPI [1]	result	10.00377474	0.00000512	0x1A	0xFF
SPI [1]	result	10.00417441	0.00000512	0x00	0x00
SPI [1]	result	10.00417969	0.00000512	0x00	0x00
SPI [1]	result	10.00418497	0.00000512	0x00	0x00
SPI [1]	result	10.00419025	0.00000512	0x00	0x00
SPI [1]	result	10.00458841	0.00000512	0x08	0x00
SPI [1]	result	10.00459369	0.00000512	0x00	0x00
SPI [1]	result	10.00459897	0.00000512	0x88	0x0F
SPI [1]	result	10.00460425	0.00000512	0x32	0xFF
SPI [1]	result	10.04333873	0.00000512	0x00	0x00
SPI [1]	result	10.04334401	0.00000512	0x00	0x00
SPI [1]	result	10.04334929	0.00000512	0x08	0x00
SPI [1]	result	10.04335457	0.00000512	0x20	0x10
SPI [1]	result	10.04376790	0.00000512	0x08	0x00
SPI [1]	result	10.04377318	0.00000512	0x10	0x00
SPI [1]	result	10.04377846	0.00000512	0x80	0x7F
SPI [1]	result	10.04378374	0.00000512	0x22	0xFF
SPI [1]	result	10.04418576	0.00000512	0x00	0x00
SPI [1]	result	10.04419104	0.00000512	0x00	0x00
SPI [1]	result	10.04419632	0.00000512	0x09	0x00
SPI [1]	result	10.04420160	0.00000512	0xA6	0x7F
SPI [1]	result	10.04460406	0.00000512	0x09	0x00
SPI [1]	result	10.04460934	0.00000512	0x00	0x80
SPI [1]	result	10.04461462	0.00000512	0x88	0x7F
SPI [1]	result	10.04461990	0.00000512	0x3A	0xFF
SPI [1]	result	10.04501825	0.00000512	0x00	0x00
SPI [1]	result	10.04502353	0.00000512	0x00	0x00
SPI [1]	result	10.04502881	0.00000512	0x00	0x00
SPI [1]	result	10.04503409	0.00000512	0x00	0x00
SPI [1]	result	10.04543246	0.00000512	0x08	0x00
SPI [1]	result	10.04543774	0.00000512	0x00	0x00
SPI [1]	result	10.04544302	0.00000512	0x89	0x0F
SPI [1]	result	10.04544830	0.00000512	0xB8	0xFF
SPI [1]	result	10.08333622	0.00000512	0x00	0x00
SPI [1]	result	10.08334150	0.00000512	0x00	0x00
SPI [1]	result	10.08334678	0.00000512	0x08	0x00
SPI [1]	result	10.08335206	0.00000512	0x20	0x18
SPI [1]	result	10.08378196	0.00000512	0x0A	0x00
SPI [1]	result	10.08378724	0.00000512	0x10	0x0F
SPI [1]	result	10.08379252	0.00000512	0x80	0xFF
SPI [1]	result	10.08379780	0.00000512	0x32	0xFF
SPI [1]	result	10.08420078	0.00000512	0x00	0x00
SPI [1]	result	10.08420606	0.00000512	0x00	0x00
SPI [1]	result	10.08421134	0.00000512	0x00	0x00
SPI [1]	result	10.08421662	0.00000512	0x00	0x00
SPI [1]	result	10.08467425	0.00000512	0x08	0x00
SPI [1]	result	10.08467953	0.00000512	0x00	0x00
SPI [1]	result	10.08468481	0.00000512	0x88	0x07
SPI [1]	result	10.08469009	0.00000512	0x32	0xFF
SPI [1]	result	10.12333544	0.00000512	0x00	0x00
SPI [1]	result	10.12334072	0.00000512	0x00	0x00
SPI [1]	result	10.12334600	0.00000512	0x08	0x00
SPI [1]	result	10.12335128	0.00000512	0x20	0x00
SPI [1]	result	10.12375919	0.00000512	0x0B	0x00
SPI [1]	result	10.12376447	0.00000512	0x10	0x1F
SPI [1]	result	10.12376975	0.00000512	0x80	0xFF
SPI [1]	result	10.12377503	0.00000512	0x3A	0xFF
SPI [1]	result	10.12417653	0.00000512	0x00	0x00
SPI [1]	result	10.12418181	0.00000512	0x00	0x00
SPI [1]	result	10.12418709	0.00000512	0x00	0x00
SPI [1]	result	10.12419237	0.00000512	0x00	0x00
SPI [1]	result	10.12459399	0.00000512	0x08	0x00
SPI [1]	result	10.12459927	0.00000512	0x00	0x00
SPI [1]	result	10.12460455	0.00000512	0x88	0x07
SPI [1]	result	10.12460983	0.00000512	0x32	0xFF
SPI [1]	result	10.16333896	0.00000512	0x00	0x00
SPI [1]	result	10.16334424	0.00000512	0x00	0x00
SPI [1]	result	10.16334952	0.00000512	0x08	0x00
SPI [1]	result	10.16335480	0.00000512	0x20	0x10
SPI [1]	result	10.16376917	0.00000512	0x0C	0x00
SPI [1]	result	10.16377445	0.00000512	0x10	0x00
SPI [1]	result	10.16377973	0.00000512	0x80	0x7F
SPI [1]	result	10.16378501	0.00000512	0x02	0xFF
SPI [1]	result	10.16418734	0.00000512	0x00	0x00
SPI [1]	result	10.16419262	0.00000512	0x00	0x00
SPI [1]	result	10.16419790	0.00000512	0x09	0x00
SPI [1]	result	10.16420318	0.00000512	0xA6	0x7F
SPI [1]	result	10.16460516	0.00000512	0x0D	0x00
SPI [1]	result	10.16461044	0.00000512	0x00	0x00
SPI [1]	result	10.16461572	0.00000512	0x88	0x7F
SPI [1]	result	10.16462100	0.00000512	0x1A	0xFF
SPI [1]	result	10.16502222	0.00000512	0x00	0x00
SPI [1]	result	10.16502750	0.00000512	0x00	0x00
SPI [1]	result	10.16503278	0.00000512	0x00	0x00
SPI [1]	result	10.16503806	0.00000512	0x00	0x00
SPI [1]	result	10.16544030	0.00000512	0x08	0x00
SPI [1]	result	10.16544558	0.00000512	0x00	0x00
SPI [1]	result	10.16545086	0.00000512	0x89	0x0F
SPI [1]	result	10.16545614	0.00000512	0xB8	0xFF
SPI [1]	result	10.20335384	0.00000512	0x00	0x00
SPI [1]	result	10.20335912	0.00000512	0x00	0x00
SPI [1]	result	10.20336440	0.00000512	0x08	0x00
SPI [1]	result	10.20336968	0.00000512	0x20	0x00
SPI [1]	result	10.20384002	0.00000512	0x0E	0x00
SPI [1]	result	10.20384530	0.00000512	0x10	0x00
SPI [1]	result	10.20385058	0.00000512	0x80	0xFF
SPI [1]	result	10.20385586	0.00000512	0x12	0xFF
SPI [1]	result	10.20428020	0.00000512	0x00	0x00
SPI [1]	result	10.20428548	0.00000512	0x00	0x00
SPI [1]	result	10.20429076	0.00000512	0x00	0x00
SPI [1]	result	10.20429604	0.00000512	0x00	0x00
SPI [1]	result	10.20471005	0.00000512	0x08	0x00
SPI [1]	result	10.20471533	0.00000512	0x00	0x00
SPI [1]	result	10.20472061	0.00000512	0x88	0x07
SPI [1]	result	10.20472589	0.00000512	0x32	0xFF
SPI [1]	result	10.24334452	0.00000512	0x00	0x00
SPI [1]	result	10.24334980	0.00000512	0x00	0x00
SPI [1]	result	10.24335508	0.00000512	0x08	0x00
SPI [1]	result	10.24336036	0.00000512	0x20	0x10
SPI [1]	result	10.24379981	0.00000512	0x0F	0x00
SPI [1]	result	10.24380509	0.00000512	0x10	0x00
SPI [1]	result	10.24381037	0.00000512	0x80	0xFF
SPI [1]	result	10.24381565	0.00000512	0x1A	0xFF
SPI [1]	result	10.24421861	0.00000512	0x00	0x00
SPI [1]	result	10.24422389	0.00000512	0x00	0x00
SPI [1]	result	10.24422917	0.00000512	0x00	0x00
SPI [1]	result	10.24423445	0.00000512	0x00	0x00
SPI [1]	result	10.24463593	0.00000512	0x08	0x00
SPI [1]	result	10.24464121	0.00000512	0x00	0x00
SPI [1]	result	10.24464649	0.00000512	0x88	0x07
SPI [1]	result	10.24465177	0.00000512	0x32	0xFF
SPI [1]	result	10.28334366	0.00000512	0x00	0x00
SPI [1]	result	10.28334894	0.00000512	0x00	0x00
SPI [1]	result	10.28335422	0.00000512	0x08	0x00
SPI [1]	result	10.28335950	0.00000512	0x20	0x00
SPI [1]	result	10.28378903	0.00000512	0x08	0x00
SPI [1]	result	10.28379431	0.00000512	0x10	0x00
SPI [1]	result	10.28379959	0.00000512	0x80	0xFF
SPI [1]	result	10.28380487	0.00000512	0x22	0xFF
SPI [1]	result	10.28420520	0.00000512	0x00	0x00
SPI [1]	result	10.28421048	0.00000512	0x00	0x00
SPI [1]	result	10.28421576	0.00000512	0x09	0x00
SPI [1]	result	10.28422104	0.00000512	0xA6	0x7F
SPI [1]	result	10.28462091	0.00000512	0x09	0x00
SPI [1]	result	10.28462619	0.00000512	0x00	0x00
SPI [1]	result	10.28463147	0.00000512	0x88	0x7F
SPI [1]	result	10.28463675	0.00000512	0x3A	0xFF
SPI [1]	result	10.28503603	0.00000512	0x00	0x00
SPI [1]	result	10.28504131	0.00000512	0x00	0x00
SPI [1]	result	10.28504659	0.00000512	0x00	0x00
SPI [1]	result	10.28505187	0.00000512	0x00	0x00
SPI [1]	result	10.28545196	0.00000512	0x08	0x00
SPI [1]	result	10.28545724	0.00000512	0x00	0x00
SPI [1]	result	10.28546252	0.00000512	0x89	0x07
SPI [1]	result	10.28546780	0.00000512	0xB8	0xFF
SPI [1]	result	10.32333240	0.00000512	0x00	0x00
SPI [1]	result	10.32333768	0.00000512	0x00	0x00
SPI [1]	result	10.32334296	0.00000512	0x08	0x00
SPI [1]	result	10.32334824	0.00000512	0x20	0x10
SPI [1]	result	10.32375048	0.00000512	0x0A	0x00
SPI [1]	result	10.32375576	0.00000512	0x10	0x0F
SPI [1]	result	10.32376104	0.00000512	0x80	0xFF
SPI [1]	result	10.32376632	0.00000512	0x32	0xFF
SPI [1]	result	10.32416626	0.00000512	0x00	0x00
SPI [1]	result	10.32417154	0.00000512	0x00	0x00
SPI [1]	result	10.32417682	0.00000512	0x00	0x00
SPI [1]	result	10.32418210	0.00000512	0x00	0x00
SPI [1]	result	10.32458186	0.00000512	0x08	0x00
SPI [1]	result	10.32458714	0.00000512	0x00	0x00
SPI [1]	result	10.32459242	0.00000512	0x88	0x07
SPI [1]	result	10.32459770	0.00000512	0x32	0xFF
SPI [1]	result	10.36333152	0.00000512	0x00	0x00
SPI [1]	result	10.36333680	0.00000512	0x00	0x00
SPI [1]	result	10.36334208	0.00000512	0x08	0x00
SPI [1]	result	10.36334736	0.00000512	0x20	0x00
SPI [1]	result	10.36374617	0.00000512	0x0B	0x00
SPI [1]	result	10.36375145	0.00000512	0x10	0x1F
SPI [1]	result	10.36375673	0.00000512	0x80	0xFF
SPI [1]	result	10.36376201	0.00000512	0x3A	0xFF
SPI [1]	result	10.36416147	0.00000512	0x00	0x00
SPI [1]	result	10.36416675	0.00000512	0x00	0x00
SPI [1]	result	10.36417203	0.00000512	0x00	0x00
SPI [1]	result	10.36417731	0.00000512	0x00	0x00
SPI [1]	result	10.36457718	0.00000512	0x08	0x00
SPI [1]	result	10.36458246	0.00000512	0x00	0x00
SPI [1]	result	10.36458774	0.00000512	0x88	0x07
SPI [1]	result	10.36459302	0.00000512	0x32	0xFF
SPI [1]	result	10.40333458	0.00000512	0x00	0x00
SPI [1]	result	10.40333986	0.00000512	0x00	0x00
SPI [1]	result	10.40334514	0.00000512	0x08	0x00
SPI [1]	result	10.40335042	0.00000512	0x20	0x10
SPI [1]	result	10.40375236	0.00000512	0x0C	0x00
SPI [1]	result	10.40375764	0.00000512	0x10	0x00
SPI [1]	result	10.40376292	0.00000512	0x80	0xFF
SPI [1]	result	10.40376820	0.00000512	0x02	0xFF
SPI [1]	result	10.40416972	0.00000512	0x00	0x00
SPI [1]	result	10.40417500	0.00000512	0x00	0x00
SPI [1]	result	10.40418028	0.00000512	0x09	0x00
SPI [1]	result	10.40418556	0.00000512	0xA6	0x7F
SPI [1]	result	10.40458676	0.00000512	0x0D	0x00
SPI [1]	result	10.40459204	0.00000512	0x00	0x00
SPI [1]	result	10.40459732	0.00000512	0x88	0x7F
SPI [1]	result	10.40460260	0.00000512	0x1A	0xFF
SPI [1]	result	10.40500375	0.00000512	0x00	0x00
SPI [1]	result	10.40500903	0.00000512	0x00	0x00
SPI [1]	result	10.40501431	0.00000512	0x00	0x00
SPI [1]	result	10.40501959	0.00000512	0x00	0x00
SPI [1]	result	10.40542090	0.00000512	0x08	0x00
SPI [1]	result	10.40542618	0.00000512	0x00	0x00
SPI [1]	result	10.40543146	0.00000512	0x89	0x07
SPI [1]	result	10.40543674	0.00000512	0xB8	0xFF
SPI [1]	result	10.44333201	0.00000512	0x00	0x00
SPI [1]	result	10.44333729	0.00000512	0x00	0x00
SPI [1]	result	10.44334257	0.00000512	0x08	0x00
SPI [1]	result	10.44334785	0.00000512	0x20	0x08
SPI [1]	result	10.44374840	0.00000512	0x0E	0x00
SPI [1]	result	10.44375368	0.00000512	0x10	0x00
SPI [1]	result	10.44375896	0.00000512	0x80	0xFF
SPI [1]	result	10.44376424	0.00000512	0x12	0xFF
SPI [1]	result	10.44416552	0.00000512	0x00	0x00
SPI [1]	result	10.44417080	0.00000512	0x00	0x00
SPI [1]	result	10.44417608	0.00000512	0x00	0x00
SPI [1]	result	10.44418136	0.00000512	0x00	0x00
SPI [1]	result	10.44458217	0.00000512	0x08	0x00
SPI [1]	result	10.44458745	0.00000512	0x00	0x00
SPI [1]	result	10.44459273	0.00000512	0x88	0x07
SPI [1]	result	10.44459801	0.00000512	0x32	0xFF
SPI [1]	result	10.48333654	0.00000512	0x00	0x00
SPI [1]	result	10.48334182	0.00000512	0x00	0x00
SPI [1]	result	10.48334710	0.00000512	0x08	0x00
SPI [1]	result	10.48335238	0.00000512	0x20	0x10
SPI [1]	result	10.48376765	0.00000512	0x0F	0x00
SPI [1]	result	10.48377293	0.00000512	0x10	0x01
SPI [1]	result	10.48377821	0.00000512	0x80	0xFF
SPI [1]	result	10.48378349	0.00000512	0x1A	0xFF
SPI [1]	result	10.48418701	0.00000512	0x00	0x00
SPI [1]	result	10.48419229	0.00000512	0x00	0x00
SPI [1]	result	10.48419757	0.00000512	0x00	0x00
SPI [1]	result	10.48420285	0.00000512	0x00	0x00
SPI [1]	result	10.48460424	0.00000512	0x08	0x00
SPI [1]	result	10.48460952	0.00000512	0x00	0x00
SPI [1]	result	10.48461480	0.00000512	0x88	0x07
SPI [1]	result	10.48462008	0.00000512	0x32	0xFF
SPI [1]	result	10.52334015	0.00000512	0x00	0x00
SPI [1]	result	10.52334543	0.00000512	0x00	0x00
SPI [1]	result	10.52335071	0.00000512	0x08	0x00
SPI [1]	result	10.52335599	0.00000512	0x20	0x10
SPI [1]	result	10.52378147	0.00000512	0x08	0x00
SPI [1]	result	10.52378675	0.00000512	0x10	0x00
SPI [1]	result	10.52379203	0.00000512	0x80	0x7F
SPI [1]	result	10.52379731	0.00000512	0x22	0xFF
SPI [1]	result	10.52420085	0.00000512	0x00	0x00
SPI [1]	result	10.52420613	0.00000512	0x00	0x00
SPI [1]	result	10.52421141	0.00000512	0x09	0x00
SPI [1]	result	10.52421669	0.00000512	0xA6	0x3F
SPI [1]	result	10.52461807	0.00000512	0x09	0x00
SPI [1]	result	10.52462335	0.00000512	0x00	0x00
SPI [1]	result	10.52462863	0.00000512	0x88	0x7F
SPI [1]	result	10.52463391	0.00000512	0x3A	0xFF
SPI [1]	result	10.52503295	0.00000512	0x00	0x00
SPI [1]	result	10.52503823	0.00000512	0x00	0x00
SPI [1]	result	10.52504351	0.00000512	0x00	0x00
SPI [1]	result	10.52504879	0.00000512	0x00	0x00
SPI [1]	result	10.52544988	0.00000512	0x08	0x00
SPI [1]	result	10.52545516	0.00000512	0x00	0x00
SPI [1]	result	10.52546044	0.00000512	0x89	0x07
SPI [1]	result	10.52546572	0.00000512	0xB8	0xFF
SPI [1]	result	10.56334340	0.00000512	0x00	0x00
SPI [1]	result	10.56334868	0.00000512	0x00	0x00
SPI [1]	result	10.56335396	0.00000512	0x08	0x00
SPI [1]	result	10.56335924	0.00000512	0x20	0x10
SPI [1]	result	10.56379446	0.00000512	0x0A	0x00
SPI [1]	result	10.56379974	0.00000512	0x10	0x1F
SPI [1]	result	10.56380502	0.00000512	0x80	0xFF
SPI [1]	result	10.56381030	0.00000512	0x32	0xFF
SPI [1]	result	10.56421067	0.00000512	0x00	0x00
SPI [1]	result	10.56421595	0.00000512	0x00	0x00
SPI [1]	result	10.56422123	0.00000512	0x00	0x00
SPI [1]	result	10.56422651	0.00000512	0x00	0x00
SPI [1]	result	10.56462865	0.00000512	0x08	0x00
SPI [1]	result	10.56463393	0.00000512	0x00	0x00
SPI [1]	result	10.56463921	0.00000512	0x88	0x07
SPI [1]	result	10.56464449	0.00000512	0x32	0xFF
SPI [1]	result	10.60335038	0.00000512	0x00	0x00
SPI [1]	result	10.60335566	0.00000512	0x00	0x00
SPI [1]	result	10.60336094	0.00000512	0x08	0x00
SPI [1]	result	10.60336622	0.00000512	0x20	0x00
SPI [1]	result	10.60383167	0.00000512	0x0B	0x00
SPI [1]	result	10.60383695	0.00000512	0x10	0x1F
SPI [1]	result	10.60384223	0.00000512	0x80	0xFF
SPI [1]	result	10.60384751	0.00000512	0x3A	0xFF
SPI [1]	result	10.60425215	0.00000512	0x00	0x00
SPI [1]	result	10.60425743	0.00000512	0x00	0x00
SPI [1]	result	10.60426271	0.00000512	0x00	0x00
SPI [1]	result	10.60426799	0.00000512	0x00	0x00
SPI [1]	result	10.60467218	0.00000512	0x08	0x00
SPI [1]	result	10.60467746	0.00000512	0x00	0x00
SPI [1]	result	10.60468274	0.00000512	0x88	0x07
SPI [1]	result	10.60468802	0.00000512	0x32	0xFF
SPI [1]	result	10.64333947	0.00000512	0x00	0x00
SPI [1]	result	10.64334475	0.00000512	0x00	0x00
SPI [1]	result	10.64335003	0.00000512	0x08	0x00
SPI [1]	result	10.64335531	0.00000512	0x20	0x10
SPI [1]	result	10.64377449	0.00000512	0x0C	0x00
SPI [1]	result	10.64377977	0.00000512	0x10	0x00
SPI [1]	result	10.64378505	0.00000512	0x80	0x7F
SPI [1]	result	10.64379033	0.00000512	0x02	0xFF
SPI [1]	result	10.64419092	0.00000512	0x00	0x00
SPI [1]	result	10.64419620	0.00000512	0x00	0x00
SPI [1]	result	10.64420148	0.00000512	0x09	0x00
SPI [1]	result	10.64420676	0.00000512	0xA6	0x7F
SPI [1]	result	10.64460672	0.00000512	0x0D	0x00
SPI [1]	result	10.64461200	0.00000512	0x00	0x00
SPI [1]	result	10.64461728	0.00000512	0x88	0x7F
SPI [1]	result	10.64462256	0.00000512	0x1A	0xFF
SPI [1]	result	10.64502206	0.00000512	0x00	0x00
SPI [1]	result	10.64502734	0.00000512	0x00	0x00
SPI [1]	result	10.64503262	0.00000512	0x00	0x00
SPI [1]	result	10.64503790	0.00000512	0x00	0x00
SPI [1]	result	10.64543907	0.00000512	0x08	0x00
SPI [1]	result	10.64544435	0.00000512	0x00	0x00
SPI [1]	result	10.64544963	0.00000512	0x89	0x07
SPI [1]	result	10.64545491	0.00000512	0xB8	0xFF
SPI [1]	result	10.68333238	0.00000512	0x00	0x00
SPI [1]	result	10.68333766	0.00000512	0x00	0x00
SPI [1]	result	10.68334294	0.00000512	0x08	0x00
SPI [1]	result	10.68334822	0.00000512	0x20	0x10
SPI [1]	result	10.68374953	0.00000512	0x0E	0x00
SPI [1]	result	10.68375481	0.00000512	0x10	0x00
SPI [1]	result	10.68376009	0.00000512	0x80	0x7F
SPI [1]	result	10.68376537	0.00000512	0x12	0xFF
SPI [1]	result	10.68416556	0.00000512	0x00	0x00
SPI [1]	result	10.68417084	0.00000512	0x00	0x00
SPI [1]	result	10.68417612	0.00000512	0x00	0x00
SPI [1]	result	10.68418140	0.00000512	0x00	0x00
SPI [1]	result	10.68458075	0.00000512	0x08	0x00
SPI [1]	result	10.68458603	0.00000512	0x00	0x00
SPI [1]	result	10.68459131	0.00000512	0x88	0x0F
SPI [1]	result	10.68459659	0.00000512	0x32	0xFF
SPI [1]	result	10.72333287	0.00000512	0x00	0x00
SPI [1]	result	10.72333815	0.00000512	0x00	0x00
SPI [1]	result	10.72334343	0.00000512	0x08	0x00
SPI [1]	result	10.72334871	0.00000512	0x20	0x00
SPI [1]	result	10.72375915	0.00000512	0x0F	0x00
SPI [1]	result	10.72376443	0.00000512	0x10	0x00
SPI [1]	result	10.72376971	0.00000512	0x80	0xFF
SPI [1]	result	10.72377499	0.00000512	0x1A	0xFF
SPI [1]	result	10.72417834	0.00000512	0x00	0x00
SPI [1]	result	10.72418362	0.00000512	0x00	0x00
SPI [1]	result	10.72418890	0.00000512	0x00	0x00
SPI [1]	result	10.72419418	0.00000512	0x00	0x00
SPI [1]	result	10.72459429	0.00000512	0x08	0x00
SPI [1]	result	10.72459957	0.00000512	0x00	0x00
SPI [1]	result	10.72460485	0.00000512	0x88	0x07
SPI [1]	result	10.72461013	0.00000512	0x32	0xFF
SPI [1]	result	10.76333519	0.00000512	0x00	0x00
SPI [1]	result	10.76334047	0.00000512	0x00	0x00
SPI [1]	result	10.76334575	0.00000512	0x08	0x00
SPI [1]	result	10.76335103	0.00000512	0x20	0x01
SPI [1]	result	10.76375330	0.00000512	0x08	0x00
SPI [1]	result	10.76375858	0.00000512	0x10	0x00
SPI [1]	result	10.76376386	0.00000512	0x80	0x7F
SPI [1]	result	10.76376914	0.00000512	0x22	0xFF
SPI [1]	result	10.76416914	0.00000512	0x00	0x00
SPI [1]	result	10.76417442	0.00000512	0x00	0x00
SPI [1]	result	10.76417970	0.00000512	0x09	0x00
SPI [1]	result	10.76418498	0.00000512	0xA6	0x7F
SPI [1]	result	10.76458439	0.00000512	0x09	0x00
SPI [1]	result	10.76458967	0.00000512	0x00	0x00
SPI [1]	result	10.76459495	0.00000512	0x88	0x7F
SPI [1]	result	10.76460023	0.00000512	0x3A	0xFF
SPI [1]	result	10.76499976	0.00000512	0x00	0x00
SPI [1]	result	10.76500504	0.00000512	0x00	0x00
SPI [1]	result	10.76501032	0.00000512	0x00	0x00
SPI [1]	result	10.76501560	0.00000512	0x00	0x00
SPI [1]	result	10.76541255	0.00000512	0x08	0x00
SPI [1]	result	10.76541783	0.00000512	0x00	0x00
SPI [1]	result	10.76542311	0.00000512	0x89	0x07
SPI [1]	result	10.76542839	0.00000512	0xB8	0xFF
SPI [1]	result	10.80333199	0.00000512	0x00	0x00
SPI [1]	result	10.80333727	0.00000512	0x00	0x00
SPI [1]	result	10.80334255	0.00000512	0x08	0x00
SPI [1]	result	10.80334783	0.00000512	0x20	0x01
SPI [1]	result	10.80374888	0.00000512	0x0A	0x00
SPI [1]	result	10.80375416	0.00000512	0x10	0x1F
SPI [1]	result	10.80375944	0.00000512	0x80	0xFF
SPI [1]	result	10.80376472	0.00000512	0x32	0xFF
SPI [1]	result	10.80416437	0.00000512	0x00	0x00
SPI [1]	result	10.80416965	0.00000512	0x00	0x00
SPI [1]	result	10.80417493	0.00000512	0x00	0x00
SPI [1]	result	10.80418021	0.00000512	0x00	0x00
SPI [1]	result	10.80457971	0.00000512	0x08	0x00
SPI [1]	result	10.80458499	0.00000512	0x00	0x00
SPI [1]	result	10.80459027	0.00000512	0x88	0x07
SPI [1]	result	10.80459555	0.00000512	0x32	0xFF
SPI [1]	result	10.84333487	0.00000512	0x00	0x00
SPI [1]	result	10.84334015	0.00000512	0x00	0x00
SPI [1]	result	10.84334543	0.00000512	0x08	0x00
SPI [1]	result	10.84335071	0.00000512	0x20	0x10
SPI [1]	result	10.84376187	0.00000512	0x0B	0x00
SPI [1]	result	10.84376715	0.00000512	0x10	0x1F
SPI [1]	result	10.84377243	0.00000512	0x80	0xFF
SPI [1]	result	10.84377771	0.00000512	0x3A	0xFF
SPI [1]	result	10.84417973	0.00000512	0x00	0x00
SPI [1]	result	10.84418501	0.00000512	0x00	0x00
SPI [1]	result	10.84419029	0.00000512	0x00	0x00
SPI [1]	result	10.84419557	0.00000512	0x00	0x00
SPI [1]	result	10.84459703	0.00000512	0x08	0x00
SPI [1]	result	10.84460231	0.00000512	0x00	0x00
SPI [1]	result	10.84460759	0.00000512	0x88	0x07
SPI [1]	result	10.84461287	0.00000512	0x32	0xFF
SPI [1]	result	10.88333674	0.00000512	0x00	0x00
SPI [1]	result	10.88334202	0.00000512	0x00	0x00
SPI [1]	result	10.88334730	0.00000512	0x08	0x00
SPI [1]	result	10.88335258	0.00000512	0x20	0x10
SPI [1]	result	10.88376938	0.00000512	0x0C	0x00
SPI [1]	result	10.88377466	0.00000512	0x10	0x00
SPI [1]	result	10.88377994	0.00000512	0x80	0x7F
SPI [1]	result	10.88378522	0.00000512	0x02	0xF7
SPI [1]	result	10.88418814	0.00000512	0x00	0x00
SPI [1]	result	10.88419342	0.00000512	0x00	0x00
SPI [1]	result	10.88419870	0.00000512	0x09	0x00
SPI [1]	result	10.88420398	0.00000512	0xA6	0x7F
SPI [1]	result	10.88460300	0.00000512	0x0D	0x00
SPI [1]	result	10.88460828	0.00000512	0x00	0x00
SPI [1]	result	10.88461356	0.00000512	0x88	0x7F
SPI [1]	result	10.88461884	0.00000512	0x1A	0xFF
SPI [1]	result	10.88502052	0.00000512	0x00	0x00
SPI [1]	result	10.88502580	0.00000512	0x00	0x00
SPI [1]	result	10.88503108	0.00000512	0x00	0x00
SPI [1]	result	10.88503636	0.00000512	0x00	0x00
SPI [1]	result	10.88543727	0.00000512	0x08	0x00
SPI [1]	result	10.88544255	0.00000512	0x00	0x00
SPI [1]	result	10.88544783	0.00000512	0x89	0x07
SPI [1]	result	10.88545311	0.00000512	0xB8	0xFF
SPI [1]	result	10.92333954	0.00000512	0x00	0x00
SPI [1]	result	10.92334482	0.00000512	0x00	0x00
SPI [1]	result	10.92335010	0.00000512	0x08	0x00
SPI [1]	result	10.92335538	0.00000512	0x20	0x11
SPI [1]	result	10.92378320	0.00000512	0x0E	0x00
SPI [1]	result	10.92378848	0.00000512	0x10	0x00
SPI [1]	result	10.92379376	0.00000512	0x80	0xFF
SPI [1]	result	10.92379904	0.00000512	0x12	0xFF
SPI [1]	result	10.92420013	0.00000512	0x00	0x00
SPI [1]	result	10.92420541	0.00000512	0x00	0x00
SPI [1]	result	10.92421069	0.00000512	0x00	0x00
SPI [1]	result	10.92421597	0.00000512	0x00	0x00
SPI [1]	result	10.92461815	0.00000512	0x08	0x00
SPI [1]	result	10.92462343	0.00000512	0x00	0x00
SPI [1]	result	10.92462871	0.00000512	0x88	0x07
SPI [1]	result	10.92463399	0.00000512	0x32	0xFF
SPI [1]	result	10.96334270	0.00000512	0x00	0x00
SPI [1]	result	10.96334798	0.00000512	0x00	0x00
SPI [1]	result	10.96335326	0.00000512	0x08	0x00
SPI [1]	result	10.96335854	0.00000512	0x20	0x10
SPI [1]	result	10.96378796	0.00000512	0x0F	0x00
SPI [1]	result	10.96379324	0.00000512	0x10	0x00
SPI [1]	result	10.96379852	0.00000512	0x80	0xFF
SPI [1]	result	10.96380380	0.00000512	0x1A	0xFF
SPI [1]	result	10.96420797	0.00000512	0x00	0x00
SPI [1]	result	10.96421325	0.00000512	0x00	0x00
SPI [1]	result	10.96421853	0.00000512	0x00	0x00
SPI [1]	result	10.96422381	0.00000512	0x00	0x00
SPI [1]	result	10.96462543	0.00000512	0x08	0x00
SPI [1]	result	10.96463071	0.00000512	0x00	0x00
SPI [1]	result	10.96463599	0.00000512	0x88	0x07
SPI [1]	result	10.96464127	0.00000512	0x32	0xFF
SPI [1]	result	11.00333883	0.00000512	0x00	0x00
SPI [1]	result	11.00334411	0.00000512	0x00	0x00
SPI [1]	result	11.00334939	0.00000512	0x08	0x00
SPI [1]	result	11.00335467	0.00000512	0x20	0x10
SPI [1]	result	11.00376923	0.00000512	0x08	0x00
SPI [1]	result	11.00377451	0.00000512	0x10	0x00
SPI [1]	result	11.00377979	0.00000512	0x80	0x7F
SPI [1]	result	11.00378507	0.00000512	0x22	0xFF
SPI [1]	result	11.00418736	0.00000512	0x00	0x00
SPI [1]	result	11.00419264	0.00000512	0x00	0x00
SPI [1]	result	11.00419792	0.00000512	0x09	0x00
SPI [1]	result	11.00420320	0.00000512	0xA6	0x7F
SPI [1]	result	11.00460440	0.00000512	0x09	0x00
SPI [1]	result	11.00460968	0.00000512	0x00	0x00
SPI [1]	result	11.00461496	0.00000512	0x88	0x7F
SPI [1]	result	11.00462024	0.00000512	0x3A	0xFF
SPI [1]	result	11.00502170	0.00000512	0x00	0x00
SPI [1]	result	11.00502698	0.00000512	0x00	0x00
SPI [1]	result	11.00503226	0.00000512	0x00	0x00
SPI [1]	result	11.00503754	0.00000512	0x00	0x00
SPI [1]	result	11.00543990	0.00000512	0x08	0x00
SPI [1]	result	11.00544518	0.00000512	0x00	0x00
SPI [1]	result	11.00545046	0.00000512	0x89	0x07
SPI [1]	result	11.00545574	0.00000512	0xB8	0xFF
SPI [1]	result	11.04333562	0.00000512	0x00	0x00
SPI [1]	result	11.04334090	0.00000512	0x00	0x00
SPI [1]	result	11.04334618	0.00000512	0x08	0x00
SPI [1]	result	11.04335146	0.00000512	0x20	0x10
SPI [1]	result	11.04375973	0.00000512	0x0A	0x01
SPI [1]	result	11.04376501	0.00000512	0x10	0x1F
SPI [1]	result	11.04377029	0.00000512	0x80	0xFF
SPI [1]	result	11.04377557	0.00000512	0x32	0xFF
SPI [1]	result	11.04417624	0.00000512	0x00	0x00
SPI [1]	result	11.04418152	0.00000512	0x00	0x00
SPI [1]	result	11.04418680	0.00000512	0x00	0x00
SPI [1]	result	11.04419208	0.00000512	0x00	0x00
SPI [1]	result	11.04459234	0.00000512	0x08	0x00
SPI [1]	result	11.04459762	0.00000512	0x00	0x00
SPI [1]	result	11.04460290	0.00000512	0x88	0x47
SPI [1]	result	11.04460818	0.00000512	0x32	0xFF
SPI [1]	result	11.08333464	0.00000512	0x00	0x00
SPI [1]	result	11.08333992	0.00000512	0x00	0x00
SPI [1]	result	11.08334520	0.00000512	0x08	0x00
SPI [1]	result	11.08335048	0.00000512	0x20	0x00
SPI [1]	result	11.08376059	0.00000512	0x0B	0x00
SPI [1]	result	11.08376587	0.00000512	0x10	0x1F
SPI [1]	result	11.08377115	0.00000512	0x80	0xFF
SPI [1]	result	11.08377643	0.00000512	0x3A	0xFF
SPI [1]	result	11.08417617	0.00000512	0x00	0x00
SPI [1]	result	11.08418145	0.00000512	0x00	0x00
SPI [1]	result	11.08418673	0.00000512	0x00	0x00
SPI [1]	result	11.08419201	0.00000512	0x00	0x00
SPI [1]	result	11.08459099	0.00000512	0x08	0x00
SPI [1]	result	11.08459627	0.00000512	0x00	0x00
SPI [1]	result	11.08460155	0.00000512	0x88	0x07
SPI [1]	result	11.08460683	0.00000512	0x32	0xFF
SPI [1]	result	11.12333528	0.00000512	0x00	0x00
SPI [1]	result	11.12334056	0.00000512	0x00	0x00
SPI [1]	result	11.12334584	0.00000512	0x08	0x00
SPI [1]	result	11.12335112	0.00000512	0x20	0x10
SPI [1]	result	11.12375404	0.00000512	0x0C	0x00
SPI [1]	result	11.12375932	0.00000512	0x10	0x00
SPI [1]	result	11.12376460	0.00000512	0x80	0xFF
SPI [1]	result	11.12376988	0.00000512	0x02	0xFF
SPI [1]	result	11.12417086	0.00000512	0x00	0x00
SPI [1]	result	11.12417614	0.00000512	0x00	0x00
SPI [1]	result	11.12418142	0.00000512	0x09	0x00
SPI [1]	result	11.12418670	0.00000512	0xA6	0x7F
SPI [1]	result	11.12458788	0.00000512	0x0D	0x00
SPI [1]	result	11.12459316	0.00000512	0x00	0x00
SPI [1]	result	11.12459844	0.00000512	0x88	0x7F
SPI [1]	result	11.12460372	0.00000512	0x1A	0xFF
SPI [1]	result	11.12500806	0.00000512	0x00	0x00
SPI [1]	result	11.12501334	0.00000512	0x00	0x00
SPI [1]	result	11.12501862	0.00000512	0x00	0x00
SPI [1]	result	11.12502390	0.00000512	0x00	0x00
SPI [1]	result	11.12542497	0.00000512	0x08	0x00
SPI [1]	result	11.12543025	0.00000512	0x00	0x00
SPI [1]	result	11.12543553	0.00000512	0x89	0x07
SPI [1]	result	11.12544081	0.00000512	0xB8	0xFF
SPI [1]	result	11.16333232	0.00000512	0x00	0x00
SPI [1]	result	11.16333760	0.00000512	0x00	0x00
SPI [1]	result	11.16334288	0.00000512	0x08	0x00
SPI [1]	result	11.16334816	0.00000512	0x20	0x00
SPI [1]	result	11.16374859	0.00000512	0x0E	0x00
SPI [1]	result	11.16375387	0.00000512	0x10	0x00
SPI [1]	result	11.16375915	0.00000512	0x80	0xFF
SPI [1]	result	11.16376443	0.00000512	0x12	0xFF
SPI [1]	result	11.16416516	0.00000512	0x00	0x00
SPI [1]	result	11.16417044	0.00000512	0x00	0x00
SPI [1]	result	11.16417572	0.00000512	0x00	0x00
SPI [1]	result	11.16418100	0.00000512	0x00	0x00
SPI [1]	result	11.16458208	0.00000512	0x08	0x00
SPI [1]	result	11.16458736	0.00000512	0x00	0x00
SPI [1]	result	11.16459264	0.00000512	0x88	0x07
SPI [1]	result	11.16459792	0.00000512	0x32	0xFF
SPI [1]	result	11.20333133	0.00000512	0x00	0x00
SPI [1]	result	11.20333661	0.00000512	0x00	0x00
SPI [1]	result	11.20334189	0.00000512	0x08	0x00
SPI [1]	result	11.20334717	0.00000512	0x20	0x10
SPI [1]	result	11.20382059	0.00000512	0x0F	0x00
SPI [1]	result	11.20382587	0.00000512	0x10	0x00
SPI [1]	result	11.20383115	0.00000512	0x80	0xFF
SPI [1]	result	11.20383643	0.00000512	0x1A	0xFF
SPI [1]	result	11.20425200	0.00000512	0x00	0x00
SPI [1]	result	11.20425728	0.00000512	0x00	0x00
SPI [1]	result	11.20426256	0.00000512	0x00	0x00
SPI [1]	result	11.20426784	0.00000512	0x00	0x00
SPI [1]	result	11.20467028	0.00000512	0x08	0x00
SPI [1]	result	11.20467556	0.00000512	0x00	0x00
SPI [1]	result	11.20468084	0.00000512	0x88	0x07
SPI [1]	result	11.20468612	0.00000512	0x32	0xFF
SPI [1]	result	11.24333602	0.00000512	0x00	0x00
SPI [1]	result	11.24334130	0.00000512	0x00	0x00
SPI [1]	result	11.24334658	0.00000512	0x08	0x00
SPI [1]	result	11.24335186	0.00000512	0x20	0x10
SPI [1]	result	11.24375760	0.00000512	0x08	0x00
SPI [1]	result	11.24376288	0.00000512	0x10	0x00
SPI [1]	result	11.24376816	0.00000512	0x80	0xFF
SPI [1]	result	11.24377344	0.00000512	0x22	0xFF
SPI [1]	result	11.24417486	0.00000512	0x00	0x00
SPI [1]	result	11.24418014	0.00000512	0x00	0x00
SPI [1]	result	11.24418542	0.00000512	0x09	0x00
SPI [1]	result	11.24419070	0.00000512	0xA6	0x7F
SPI [1]	result	11.24459190	0.00000512	0x09	0x00
SPI [1]	result	11.24459718	0.00000512	0x00	0x00
SPI [1]	result	11.24460246	0.00000512	0x88	0x7F
SPI [1]	result	11.24460774	0.00000512	0x3A	0xFF
SPI [1]	result	11.24500837	0.00000512	0x00	0x00
SPI [1]	result	11.24501365	0.00000512	0x00	0x00
SPI [1]	result	11.24501893	0.00000512	0x00	0x00
SPI [1]	result	11.24502421	0.00000512	0x00	0x00
SPI [1]	result	11.24542599	0.00000512	0x08	0x00
SPI [1]	result	11.24543127	0.00000512	0x00	0x00
SPI [1]	result	11.24543655	0.00000512	0x89	0x07
SPI [1]	result	11.24544183	0.00000512	0xB8	0xFF
SPI [1]	result	11.28333462	0.00000512	0x00	0x00
SPI [1]	result	11.28333990	0.00000512	0x00	0x00
SPI [1]	result	11.28334518	0.00000512	0x08	0x00
SPI [1]	result	11.28335046	0.00000512	0x20	0x10
SPI [1]	result	11.28376549	0.00000512	0x0A	0x00
SPI [1]	result	11.28377077	0.00000512	0x10	0x1F
SPI [1]	result	11.28377605	0.00000512	0x80	0xFF
SPI [1]	result	11.28378133	0.00000512	0x32	0xFF
SPI [1]	result	11.28418370	0.00000512	0x00	0x00
SPI [1]	result	11.28418898	0.00000512	0x00	0x00
SPI [1]	result	11.28419426	0.00000512	0x00	0x00
SPI [1]	result	11.28419954	0.00000512	0x00	0x00
SPI [1]	result	11.28460037	0.00000512	0x08	0x00
SPI [1]	result	11.28460565	0.00000512	0x00	0x00
SPI [1]	result	11.28461093	0.00000512	0x88	0x07
SPI [1]	result	11.28461621	0.00000512	0x32	0xFF
SPI [1]	result	11.32333247	0.00000512	0x00	0x00
SPI [1]	result	11.32333775	0.00000512	0x00	0x00
SPI [1]	result	11.32334303	0.00000512	0x08	0x00
SPI [1]	result	11.32334831	0.00000512	0x20	0x00
SPI [1]	result	11.32375087	0.00000512	0x0B	0x00
SPI [1]	result	11.32375615	0.00000512	0x10	0x0F
SPI [1]	result	11.32376143	0.00000512	0x80	0xFF
SPI [1]	result	11.32376671	0.00000512	0x3A	0xFF
SPI [1]	result	11.32416761	0.00000512	0x00	0x00
SPI [1]	result	11.32417289	0.00000512	0x00	0x00
SPI [1]	result	11.32417817	0.00000512	0x00	0x00
SPI [1]	result	11.32418345	0.00000512	0x00	0x00
SPI [1]	result	11.32458488	0.00000512	0x08	0x00
SPI [1]	result	11.32459016	0.00000512	0x00	0x00
SPI [1]	result	11.32459544	0.00000512	0x88	0x07
SPI [1]	result	11.32460072	0.00000512	0x32	0xFF
SPI [1]	result	11.36333482	0.00000512	0x00	0x00
SPI [1]	result	11.36334010	0.00000512	0x00	0x00
SPI [1]	result	11.36334538	0.00000512	0x08	0x00
SPI [1]	result	11.36335066	0.00000512	0x20	0x00
SPI [1]	result	11.36376139	0.00000512	0x0C	0x00
SPI [1]	result	11.36376667	0.00000512	0x10	0x00
SPI [1]	result	11.36377195	0.00000512	0x80	0xFF
SPI [1]	result	11.36377723	0.00000512	0x02	0xFF
SPI [1]	result	11.36418309	0.00000512	0x00	0x00
SPI [1]	result	11.36418837	0.00000512	0x00	0x00
SPI [1]	result	11.36419365	0.00000512	0x09	0x00
SPI [1]	result	11.36419893	0.00000512	0xA6	0x7F
SPI [1]	result	11.36459757	0.00000512	0x0D	0x00
SPI [1]	result	11.36460285	0.00000512	0x00	0x00
SPI [1]	result	11.36460813	0.00000512	0x88	0x7F
SPI [1]	result	11.36461341	0.00000512	0x1A	0xFF
SPI [1]	result	11.36501447	0.00000512	0x00	0x00
SPI [1]	result	11.36501975	0.00000512	0x00	0x00
SPI [1]	result	11.36502503	0.00000512	0x00	0x00
SPI [1]	result	11.36503031	0.00000512	0x00	0x00
SPI [1]	result	11.36543095	0.00000512	0x08	0x00
SPI [1]	result	11.36543623	0.00000512	0x00	0x00
SPI [1]	result	11.36544151	0.00000512	0x89	0x07
SPI [1]	result	11.36544679	0.00000512	0xB8	0xFF
SPI [1]	result	11.40333184	0.00000512	0x00	0x00
SPI [1]	result	11.40333712	0.00000512	0x00	0x00
SPI [1]	result	11.40334240	0.00000512	0x08	0x00
SPI [1]	result	11.40334768	0.00000512	0x20	0x00
SPI [1]	result	11.40375261	0.00000512	0x0E	0x00
SPI [1]	result	11.40375789	0.00000512	0x10	0x00
SPI [1]	result	11.40376317	0.00000512	0x80	0xFF
SPI [1]	result	11.40376845	0.00000512	0x12	0xFF
SPI [1]	result	11.40416658	0.00000512	0x00	0x00
SPI [1]	result	11.40417186	0.00000512	0x00	0x00
SPI [1]	result	11.40417714	0.00000512	0x00	0x00
SPI [1]	result	11.40418242	0.00000512	0x00	0x00
SPI [1]	result	11.40458317	0.00000512	0x08	0x00
SPI [1]	result	11.40458845	0.00000512	0x00	0x00
SPI [1]	result	11.40459373	0.00000512	0x88	0x07
SPI [1]	result	11.40459901	0.00000512	0x32	0xFF
SPI [1]	result	11.44333141	0.00000512	0x00	0x00
SPI [1]	result	11.44333669	0.00000512	0x00	0x00
SPI [1]	result	11.44334197	0.00000512	0x08	0x00
SPI [1]	result	11.44334725	0.00000512	0x20	0x10
SPI [1]	result	11.44375191	0.00000512	0x0F	0x00
SPI [1]	result	11.44375719	0.00000512	0x10	0x00
SPI [1]	result	11.44376247	0.00000512	0x80	0xFF
SPI [1]	result	11.44376775	0.00000512	0x1A	0xFF
SPI [1]	result	11.44416829	0.00000512	0x00	0x00
SPI [1]	result	11.44417357	0.00000512	0x00	0x00
SPI [1]	result	11.44417885	0.00000512	0x00	0x00
SPI [1]	result	11.44418413	0.00000512	0x00	0x00
SPI [1]	result	11.44458253	0.00000512	0x08	0x00
SPI [1]	result	11.44458781	0.00000512	0x00	0x00
SPI [1]	result	11.44459309	0.00000512	0x88	0x07
SPI [1]	result	11.44459837	0.00000512	0x32	0xFF
SPI [1]	result	11.48333353	0.00000512	0x00	0x00
SPI [1]	result	11.48333881	0.00000512	0x00	0x00
SPI [1]	result	11.48334409	0.00000512	0x08	0x00
SPI [1]	result	11.48334937	0.00000512	0x20	0x10
SPI [1]	result	11.48375487	0.00000512	0x08	0x00
SPI [1]	result	11.48376015	0.00000512	0x10	0x00
SPI [1]	result	11.48376543	0.00000512	0x80	0x7F
SPI [1]	result	11.48377071	0.00000512	0x22	0xFF
SPI [1]	result	11.48417169	0.00000512	0x00	0x00
SPI [1]	result	11.48417697	0.00000512	0x00	0x00
SPI [1]	result	11.48418225	0.00000512	0x09	0x00
SPI [1]	result	11.48418753	0.00000512	0xA6	0x7F
SPI [1]	result	11.48458806	0.00000512	0x09	0x00
SPI [1]	result	11.48459334	0.00000512	0x00	0x00
SPI [1]	result	11.48459862	0.00000512	0x88	0x7F
SPI [1]	result	11.48460390	0.00000512	0x3A	0xFF
SPI [1]	result	11.48500192	0.00000512	0x00	0x00
SPI [1]	result	11.48500720	0.00000512	0x00	0x00
SPI [1]	result	11.48501248	0.00000512	0x00	0x00
SPI [1]	result	11.48501776	0.00000512	0x00	0x00
SPI [1]	result	11.48541857	0.00000512	0x08	0x00
SPI [1]	result	11.48542385	0.00000512	0x00	0x00
SPI [1]	result	11.48542913	0.00000512	0x89	0x07
SPI [1]	result	11.48543441	0.00000512	0xB8	0xFF
SPI [1]	result	11.52333152	0.00000512	0x00	0x00
SPI [1]	result	11.52333680	0.00000512	0x00	0x00
SPI [1]	result	11.52334208	0.00000512	0x08	0x00
SPI [1]	result	11.52334736	0.00000512	0x20	0x00
SPI [1]	result	11.52375065	0.00000512	0x0A	0x00
SPI [1]	result	11.52375593	0.00000512	0x10	0x1F
SPI [1]	result	11.52376121	0.00000512	0x80	0xFF
SPI [1]	result	11.52376649	0.00000512	0x32	0xFF
SPI [1]	result	11.52416794	0.00000512	0x00	0x00
SPI [1]	result	11.52417322	0.00000512	0x00	0x00
SPI [1]	result	11.52417850	0.00000512	0x00	0x00
SPI [1]	result	11.52418378	0.00000512	0x00	0x00
SPI [1]	result	11.52458176	0.00000512	0x08	0x00
SPI [1]	result	11.52458704	0.00000512	0x00	0x00
SPI [1]	result	11.52459232	0.00000512	0x88	0x07
SPI [1]	result	11.52459760	0.00000512	0x32	0xFF
SPI [1]	result	11.56333155	0.00000512	0x00	0x00
SPI [1]	result	11.56333683	0.00000512	0x00	0x00
SPI [1]	result	11.56334211	0.00000512	0x08	0x00
SPI [1]	result	11.56334739	0.00000512	0x20	0x10
SPI [1]	result	11.56380105	0.00000512	0x0B	0x00
SPI [1]	result	11.56380633	0.00000512	0x10	0x1F
SPI [1]	result	11.56381161	0.00000512	0x80	0xFF
SPI [1]	result	11.56381689	0.00000512	0x3A	0xFF
SPI [1]	result	11.56423598	0.00000512	0x00	0x00
SPI [1]	result	11.56424126	0.00000512	0x00	0x00
SPI [1]	result	11.56424654	0.00000512	0x00	0x00
SPI [1]	result	11.56425182	0.00000512	0x00	0x00
SPI [1]	result	11.56465152	0.00000512	0x08	0x00
SPI [1]	result	11.56465680	0.00000512	0x00	0x00
SPI [1]	result	11.56466208	0.00000512	0x88	0x07
SPI [1]	result	11.56466736	0.00000512	0x32	0xFF
SPI [1]	result	11.60334789	0.00000512	0x00	0x00
SPI [1]	result	11.60335317	0.00000512	0x00	0x00
SPI [1]	result	11.60335845	0.00000512	0x08	0x00
SPI [1]	result	11.60336373	0.00000512	0x20	0x00
SPI [1]	result	11.60380782	0.00000512	0x0C	0x00
SPI [1]	result	11.60381310	0.00000512	0x10	0x00
SPI [1]	result	11.60381838	0.00000512	0x80	0x7F
SPI [1]	result	11.60382366	0.00000512	0x02	0xFB
SPI [1]	result	11.60422664	0.00000512	0x00	0x00
SPI [1]	result	11.60423192	0.00000512	0x00	0x00
SPI [1]	result	11.60423720	0.00000512	0x09	0x00
SPI [1]	result	11.60424248	0.00000512	0xA6	0x7F
SPI [1]	result	11.60464150	0.00000512	0x0D	0x00
SPI [1]	result	11.60464678	0.00000512	0x00	0x00
SPI [1]	result	11.60465206	0.00000512	0x88	0x7F
SPI [1]	result	11.60465734	0.00000512	0x1A	0xFF
SPI [1]	result	11.60505907	0.00000512	0x00	0x00
SPI [1]	result	11.60506435	0.00000512	0x00	0x00
SPI [1]	result	11.60506963	0.00000512	0x00	0x00
SPI [1]	result	11.60507491	0.00000512	0x00	0x00
SPI [1]	result	11.60547658	0.00000512	0x08	0x00
SPI [1]	result	11.60548186	0.00000512	0x00	0x00
SPI [1]	result	11.60548714	0.00000512	0x89	0x07
SPI [1]	result	11.60549242	0.00000512	0xB8	0xFF
SPI [1]	result	11.64333621	0.00000512	0x00	0x00
SPI [1]	result	11.64334149	0.00000512	0x00	0x00
SPI [1]	result	11.64334677	0.00000512	0x08	0x00
SPI [1]	result	11.64335205	0.00000512	0x20	0x14
SPI [1]	result	11.64377103	0.00000512	0x0E	0x00
SPI [1]	result	11.64377631	0.00000512	0x10	0x00
SPI [1]	result	11.64378159	0.00000512	0x80	0x7F
SPI [1]	result	11.64378687	0.00000512	0x12	0xFF
SPI [1]	result	11.64418654	0.00000512	0x00	0x00
SPI [1]	result	11.64419182	0.00000512	0x00	0x00
SPI [1]	result	11.64419710	0.00000512	0x00	0x00
SPI [1]	result	11.64420238	0.00000512	0x00	0x00
SPI [1]	result	11.64460406	0.00000512	0x08	0x00
SPI [1]	result	11.64460934	0.00000512	0x00	0x00
SPI [1]	result	11.64461462	0.00000512	0x88	0x07
SPI [1]	result	11.64461990	0.00000512	0x32	0xFF
SPI [1]	result	11.68333313	0.00000512	0x00	0x00
SPI [1]	result	11.68333841	0.00000512	0x00	0x00
SPI [1]	result	11.68334369	0.00000512	0x08	0x00
SPI [1]	result	11.68334897	0.00000512	0x20	0x10
SPI [1]	result	11.68375313	0.00000512	0x0F	0x00
SPI [1]	result	11.68375841	0.00000512	0x10	0x00
SPI [1]	result	11.68376369	0.00000512	0x80	0x7F
SPI [1]	result	11.68376897	0.00000512	0x1A	0xFF
SPI [1]	result	11.68417047	0.00000512	0x00	0x00
SPI [1]	result	11.68417575	0.00000512	0x00	0x00
SPI [1]	result	11.68418103	0.00000512	0x00	0x00
SPI [1]	result	11.68418631	0.00000512	0x00	0x00
SPI [1]	result	11.68458898	0.00000512	0x08	0x00
SPI [1]	result	11.68459426	0.00000512	0x00	0x00
SPI [1]	result	11.68459954	0.00000512	0x88	0x07
SPI [1]	result	11.68460482	0.00000512	0x32	0xFF
SPI [1]	result	11.72333773	0.00000512	0x00	0x00
SPI [1]	result	11.72334301	0.00000512	0x00	0x00
SPI [1]	result	11.72334829	0.00000512	0x08	0x00
SPI [1]	result	11.72335357	0.00000512	0x20	0x00
SPI [1]	result	11.72376851	0.00000512	0x08	0x00
SPI [1]	result	11.72377379	0.00000512	0x10	0x00
SPI [1]	result	11.72377907	0.00000512	0x80	0x7F
SPI [1]	result	11.72378435	0.00000512	0x22	0xFF
SPI [1]	result	11.72418798	0.00000512	0x00	0x00
SPI [1]	result	11.72419326	0.00000512	0x00	0x00
SPI [1]	result	11.72419854	0.00000512	0x09	0x00
SPI [1]	result	11.72420382	0.00000512	0xA6	0x7F
SPI [1]	result	11.72460569	0.00000512	0x09	0x00
SPI [1]	result	11.72461097	0.00000512	0x00	0x00
SPI [1]	result	11.72461625	0.00000512	0x88	0x7F
SPI [1]	result	11.72462153	0.00000512	0x3A	0xFF
SPI [1]	result	11.72502221	0.00000512	0x00	0x00
SPI [1]	result	11.72502749	0.00000512	0x00	0x00
SPI [1]	result	11.72503277	0.00000512	0x00	0x00
SPI [1]	result	11.72503805	0.00000512	0x00	0x00
SPI [1]	result	11.72543933	0.00000512	0x08	0x00
SPI [1]	result	11.72544461	0.00000512	0x00	0x00
SPI [1]	result	11.72544989	0.00000512	0x89	0x07
SPI [1]	result	11.72545517	0.00000512	0xB8	0xFF
SPI [1]	result	11.76333244	0.00000512	0x00	0x00
SPI [1]	result	11.76333772	0.00000512	0x00	0x00
SPI [1]	result	11.76334300	0.00000512	0x08	0x00
SPI [1]	result	11.76334828	0.00000512	0x20	0x12
SPI [1]	result	11.76375052	0.00000512	0x0A	0x00
SPI [1]	result	11.76375580	0.00000512	0x10	0x0F
SPI [1]	result	11.76376108	0.00000512	0x80	0xFF
SPI [1]	result	11.76376636	0.00000512	0x32	0xFF
SPI [1]	result	11.76416747	0.00000512	0x00	0x00
SPI [1]	result	11.76417275	0.00000512	0x00	0x00
SPI [1]	result	11.76417803	0.00000512	0x00	0x00
SPI [1]	result	11.76418331	0.00000512	0x00	0x00
SPI [1]	result	11.76458392	0.00000512	0x08	0x00
SPI [1]	result	11.76458920	0.00000512	0x00	0x00
SPI [1]	result	11.76459448	0.00000512	0x88	0x07
SPI [1]	result	11.76459976	0.00000512	0x32	0xFF
SPI [1]	result	11.80333488	0.00000512	0x00	0x00
SPI [1]	result	11.80334016	0.00000512	0x00	0x00
SPI [1]	result	11.80334544	0.00000512	0x08	0x00
SPI [1]	result	11.80335072	0.00000512	0x20	0x00
SPI [1]	result	11.80376190	0.00000512	0x0B	0x00
SPI [1]	result	11.80376718	0.00000512	0x10	0x1F
SPI [1]	result	11.80377246	0.00000512	0x80	0xFF
SPI [1]	result	11.80377774	0.00000512	0x3A	0xFF
SPI [1]	result	11.80418037	0.00000512	0x00	0x00
SPI [1]	result	11.80418565	0.00000512	0x00	0x00
SPI [1]	result	11.80419093	0.00000512	0x00	0x00
SPI [1]	result	11.80419621	0.00000512	0x00	0x00
SPI [1]	result	11.80459710	0.00000512	0x08	0x00
SPI [1]	result	11.80460238	0.00000512	0x00	0x00
SPI [1]	result	11.80460766	0.00000512	0x88	0x0F
SPI [1]	result	11.80461294	0.00000512	0x32	0xFF
SPI [1]	result	11.84333476	0.00000512	0x00	0x00
SPI [1]	result	11.84334004	0.00000512	0x00	0x00
SPI [1]	result	11.84334532	0.00000512	0x08	0x00
SPI [1]	result	11.84335060	0.00000512	0x20	0x10
SPI [1]	result	11.84375932	0.00000512	0x0C	0x00
SPI [1]	result	11.84376460	0.00000512	0x10	0x00
SPI [1]	result	11.84376988	0.00000512	0x80	0x7F
SPI [1]	result	11.84377516	0.00000512	0x02	0xCB
SPI [1]	result	11.84417760	0.00000512	0x00	0x00
SPI [1]	result	11.84418288	0.00000512	0x00	0x00
SPI [1]	result	11.84418816	0.00000512	0x09	0x00
SPI [1]	result	11.84419344	0.00000512	0xA6	0x7F
SPI [1]	result	11.84459464	0.00000512	0x0D	0x00
SPI [1]	result	11.84459992	0.00000512	0x00	0x00
SPI [1]	result	11.84460520	0.00000512	0x88	0x7F
SPI [1]	result	11.84461048	0.00000512	0x1A	0xFF
SPI [1]	result	11.84501163	0.00000512	0x00	0x00
SPI [1]	result	11.84501691	0.00000512	0x00	0x00
SPI [1]	result	11.84502219	0.00000512	0x00	0x00
SPI [1]	result	11.84502747	0.00000512	0x00	0x00
SPI [1]	result	11.84542549	0.00000512	0x08	0x00
SPI [1]	result	11.84543077	0.00000512	0x00	0x00
SPI [1]	result	11.84543605	0.00000512	0x89	0x07
SPI [1]	result	11.84544133	0.00000512	0xB8	0xFF
SPI [1]	result	11.88333314	0.00000512	0x00	0x00
SPI [1]	result	11.88333842	0.00000512	0x00	0x00
SPI [1]	result	11.88334370	0.00000512	0x08	0x00
SPI [1]	result	11.88334898	0.00000512	0x20	0x10
SPI [1]	result	11.88375212	0.00000512	0x0E	0x00
SPI [1]	result	11.88375740	0.00000512	0x10	0x00
SPI [1]	result	11.88376268	0.00000512	0x80	0x7F
SPI [1]	result	11.88376796	0.00000512	0x12	0xFF
SPI [1]	result	11.88416931	0.00000512	0x00	0x00
SPI [1]	result	11.88417459	0.00000512	0x00	0x00
SPI [1]	result	11.88417987	0.00000512	0x00	0x00
SPI [1]	result	11.88418515	0.00000512	0x00	0x00
SPI [1]	result	11.88458569	0.00000512	0x08	0x00
SPI [1]	result	11.88459097	0.00000512	0x00	0x00
SPI [1]	result	11.88459625	0.00000512	0x88	0x07
SPI [1]	result	11.88460153	0.00000512	0x32	0xFF
SPI [1]	result	11.92333459	0.00000512	0x00	0x00
SPI [1]	result	11.92333987	0.00000512	0x00	0x00
SPI [1]	result	11.92334515	0.00000512	0x08	0x00
SPI [1]	result	11.92335043	0.00000512	0x20	0x00
SPI [1]	result	11.92376547	0.00000512	0x0F	0x00
SPI [1]	result	11.92377075	0.00000512	0x10	0x00
SPI [1]	result	11.92377603	0.00000512	0x80	0x7F
SPI [1]	result	11.92378131	0.00000512	0x1A	0xFF
SPI [1]	result	11.92424765	0.00000512	0x00	0x00
SPI [1]	result	11.92425293	0.00000512	0x00	0x00
SPI [1]	result	11.92425821	0.00000512	0x00	0x00
SPI [1]	result	11.92426349	0.00000512	0x00	0x00
SPI [1]	result	11.92467705	0.00000512	0x08	0x00
SPI [1]	result	11.92468233	0.00000512	0x00	0x00
SPI [1]	result	11.92468761	0.00000512	0x88	0x07
SPI [1]	result	11.92469289	0.00000512	0x32	0xFF
SPI [1]	result	11.96333604	0.00000512	0x00	0x00
SPI [1]	result	11.96334132	0.00000512	0x00	0x00
SPI [1]	result	11.96334660	0.00000512	0x08	0x00
SPI [1]	result	11.96335188	0.00000512	0x20	0x10
SPI [1]	result	11.96375753	0.00000512	0x08	0x00
SPI [1]	result	11.96376281	0.00000512	0x10	0x00
SPI [1]	result	11.96376809	0.00000512	0x80	0xFF
SPI [1]	result	11.96377337	0.00000512	0x22	0xFF
SPI [1]	result	11.96417459	0.00000512	0x00	0x00
SPI [1]	result	11.96417987	0.00000512	0x00	0x00
SPI [1]	result	11.96418515	0.00000512	0x09	0x00
SPI [1]	result	11.96419043	0.00000512	0xA6	0x7F
SPI [1]	result	11.96459189	0.00000512	0x09	0x00
SPI [1]	result	11.96459717	0.00000512	0x00	0x00
SPI [1]	result	11.96460245	0.00000512	0x88	0x7F
SPI [1]	result	11.96460773	0.00000512	0x3A	0xFF
SPI [1]	result	11.96500916	0.00000512	0x00	0x00
SPI [1]	result	11.96501444	0.00000512	0x00	0x00
SPI [1]	result	11.96501972	0.00000512	0x00	0x00
SPI [1]	result	11.96502500	0.00000512	0x00	0x00
SPI [1]	result	11.96542579	0.00000512	0x08	0x00
SPI [1]	result	11.96543107	0.00000512	0x00	0x00
SPI [1]	result	11.96543635	0.00000512	0x89	0x0F
SPI [1]	result	11.96544163	0.00000512	0xB8	0xFF
SPI [1]	result	12.00333455	0.00000512	0x00	0x00
SPI [1]	result	12.00333983	0.00000512	0x00	0x00
SPI [1]	result	12.00334511	0.00000512	0x08	0x00
SPI [1]	result	12.00335039	0.00000512	0x20	0x00
SPI [1]	result	12.00376746	0.00000512	0x0A	0x00
SPI [1]	result	12.00377274	0.00000512	0x10	0x0F
SPI [1]	result	12.00377802	0.00000512	0x80	0xFF
SPI [1]	result	12.00378330	0.00000512	0x32	0xFF
SPI [1]	result	12.00418656	0.00000512	0x00	0x00
SPI [1]	result	12.00419184	0.00000512	0x00	0x00
SPI [1]	result	12.00419712	0.00000512	0x00	0x00
SPI [1]	result	12.00420240	0.00000512	0x00	0x00
SPI [1]	result	12.00460351	0.00000512	0x08	0x00
SPI [1]	result	12.00460879	0.00000512	0x00	0x00
SPI [1]	result	12.00461407	0.00000512	0x88	0x07
SPI [1]	result	12.00461935	0.00000512	0x32	0xFF
SPI [1]	result	12.04333730	0.00000512	0x00	0x00
SPI [1]	result	12.04334258	0.00000512	0x00	0x00
SPI [1]	result	12.04334786	0.00000512	0x08	0x00
SPI [1]	result	12.04335314	0.00000512	0x20	0x10
SPI [1]	result	12.04377157	0.00000512	0x0B	0x00
SPI [1]	result	12.04377685	0.00000512	0x10	0x1F
SPI [1]	result	12.04378213	0.00000512	0x80	0xFF
SPI [1]	result	12.04378741	0.00000512	0x3A	0xFF
SPI [1]	result	12.04419229	0.00000512	0x00	0x00
SPI [1]	result	12.04419757	0.00000512	0x00	0x00
SPI [1]	result	12.04420285	0.00000512	0x00	0x00
SPI [1]	result	12.04420813	0.00000512	0x00	0x00
SPI [1]	result	12.04460947	0.00000512	0x08	0x00
SPI [1]	result	12.04461475	0.00000512	0x00	0x00
SPI [1]	result	12.04462003	0.00000512	0x88	0x07
SPI [1]	result	12.04462531	0.00000512	0x32	0xFF
SPI [1]	result	12.08334401	0.00000512	0x00	0x00
SPI [1]	result	12.08334929	0.00000512	0x00	0x00
SPI [1]	result	12.08335457	0.00000512	0x08	0x00
SPI [1]	result	12.08335985	0.00000512	0x20	0x10
SPI [1]	result	12.08378987	0.00000512	0x0C	0x00
SPI [1]	result	12.08379515	0.00000512	0x10	0x00
SPI [1]	result	12.08380043	0.00000512	0x80	0xFF
SPI [1]	result	12.08380571	0.00000512	0x02	0xF3
SPI [1]	result	12.08420795	0.00000512	0x00	0x00
SPI [1]	result	12.08421323	0.00000512	0x00	0x00
SPI [1]	result	12.08421851	0.00000512	0x09	0x00
SPI [1]	result	12.08422379	0.00000512	0xA6	0x7F
SPI [1]	result	12.08462668	0.00000512	0x0D	0x00
SPI [1]	result	12.08463196	0.00000512	0x00	0x04
SPI [1]	result	12.08463724	0.00000512	0x88	0x7F
SPI [1]	result	12.08464252	0.00000512	0x1A	0xFF
SPI [1]	result	12.08504416	0.00000512	0x00	0x00
SPI [1]	result	12.08504944	0.00000512	0x00	0x00
SPI [1]	result	12.08505472	0.00000512	0x00	0x00
SPI [1]	result	12.08506000	0.00000512	0x00	0x00
SPI [1]	result	12.08545841	0.00000512	0x08	0x00
SPI [1]	result	12.08546369	0.00000512	0x00	0x00
SPI [1]	result	12.08546897	0.00000512	0x89	0x07
SPI [1]	result	12.08547425	0.00000512	0xB8	0xFF
SPI [1]	result	12.12333984	0.00000512	0x00	0x00
SPI [1]	result	12.12334512	0.00000512	0x00	0x00
SPI [1]	result	12.12335040	0.00000512	0x08	0x00
SPI [1]	result	12.12335568	0.00000512	0x20	0x14
SPI [1]	result	12.12378331	0.00000512	0x0E	0x00
SPI [1]	result	12.12378859	0.00000512	0x10	0x00
SPI [1]	result	12.12379387	0.00000512	0x80	0xFF
SPI [1]	result	12.12379915	0.00000512	0x12	0xFF
SPI [1]	result	12.12420187	0.00000512	0x00	0x00
SPI [1]	result	12.12420715	0.00000512	0x00	0x00
SPI [1]	result	12.12421243	0.00000512	0x00	0x00
SPI [1]	result	12.12421771	0.00000512	0x00	0x00
SPI [1]	result	12.12461893	0.00000512	0x08	0x00
SPI [1]	result	12.12462421	0.00000512	0x00	0x00
SPI [1]	result	12.12462949	0.00000512	0x88	0x07
SPI [1]	result	12.12463477	0.00000512	0x32	0xFF
SPI [1]	result	12.16333676	0.00000512	0x00	0x00
SPI [1]	result	12.16334204	0.00000512	0x00	0x00
SPI [1]	result	12.16334732	0.00000512	0x08	0x00
SPI [1]	result	12.16335260	0.00000512	0x20	0x10
SPI [1]	result	12.16376565	0.00000512	0x0F	0x00
SPI [1]	result	12.16377093	0.00000512	0x10	0x00
SPI [1]	result	12.16377621	0.00000512	0x80	0xFF
SPI [1]	result	12.16378149	0.00000512	0x1A	0xFF
SPI [1]	result	12.16418345	0.00000512	0x00	0x00
SPI [1]	result	12.16418873	0.00000512	0x00	0x00
SPI [1]	result	12.16419401	0.00000512	0x00	0x00
SPI [1]	result	12.16419929	0.00000512	0x00	0x00
SPI [1]	result	12.16460049	0.00000512	0x08	0x00
SPI [1]	result	12.16460577	0.00000512	0x00	0x00
SPI [1]	result	12.16461105	0.00000512	0x88	0x07
SPI [1]	result	12.16461633	0.00000512	0x32	0xFF
SPI [1]	result	12.20333543	0.00000512	0x00	0x00
SPI [1]	result	12.20334071	0.00000512	0x00	0x00
SPI [1]	result	12.20334599	0.00000512	0x08	0x00
SPI [1]	result	12.20335127	0.00000512	0x20	0x10
SPI [1]	result	12.20375621	0.00000512	0x08	0x00
SPI [1]	result	12.20376149	0.00000512	0x10	0x00
SPI [1]	result	12.20376677	0.00000512	0x80	0x7F
SPI [1]	result	12.20377205	0.00000512	0x22	0xFF
SPI [1]	result	12.20417305	0.00000512	0x00	0x00
SPI [1]	result	12.20417833	0.00000512	0x00	0x00
SPI [1]	result	12.20418361	0.00000512	0x09	0x00
SPI [1]	result	12.20418889	0.00000512	0xA6	0x7F
SPI [1]	result	12.20459028	0.00000512	0x09	0x00
SPI [1]	result	12.20459556	0.00000512	0x00	0x00
SPI [1]	result	12.20460084	0.00000512	0x88	0xFF
SPI [1]	result	12.20460612	0.00000512	0x3A	0xFF
SPI [1]	result	12.20500693	0.00000512	0x00	0x00
SPI [1]	result	12.20501221	0.00000512	0x00	0x00
SPI [1]	result	12.20501749	0.00000512	0x00	0x00
SPI [1]	result	12.20502277	0.00000512	0x00	0x00
SPI [1]	result	12.20542099	0.00000512	0x08	0x00
SPI [1]	result	12.20542627	0.00000512	0x00	0x00
SPI [1]	result	12.20543155	0.00000512	0x89	0x07
SPI [1]	result	12.20543683	0.00000512	0xB8	0xFF
SPI [1]	result	12.24333520	0.00000512	0x00	0x00
SPI [1]	result	12.24334048	0.00000512	0x00	0x00
SPI [1]	result	12.24334576	0.00000512	0x08	0x00
SPI [1]	result	12.24335104	0.00000512	0x20	0x00
SPI [1]	result	12.24376581	0.00000512	0x0A	0x00
SPI [1]	result	12.24377109	0.00000512	0x10	0x0F
SPI [1]	result	12.24377637	0.00000512	0x80	0xFF
SPI [1]	result	12.24378165	0.00000512	0x32	0xFF
SPI [1]	result	12.24418343	0.00000512	0x00	0x00
SPI [1]	result	12.24418871	0.00000512	0x00	0x00
SPI [1]	result	12.24419399	0.00000512	0x00	0x00
SPI [1]	result	12.24419927	0.00000512	0x00	0x00
SPI [1]	result	12.24460045	0.00000512	0x08	0x00
SPI [1]	result	12.24460573	0.00000512	0x00	0x00
SPI [1]	result	12.24461101	0.00000512	0x88	0x0F
SPI [1]	result	12.24461629	0.00000512	0x32	0xFF
SPI [1]	result	12.28333195	0.00000512	0x00	0x00
SPI [1]	result	12.28333723	0.00000512	0x00	0x00
SPI [1]	result	12.28334251	0.00000512	0x08	0x00
SPI [1]	result	12.28334779	0.00000512	0x20	0x00
SPI [1]	result	12.28375099	0.00000512	0x0B	0x00
SPI [1]	result	12.28375627	0.00000512	0x10	0x1F
SPI [1]	result	12.28376155	0.00000512	0x80	0xFF
SPI [1]	result	12.28376683	0.00000512	0x3A	0xFF
SPI [1]	result	12.28422929	0.00000512	0x00	0x00
SPI [1]	result	12.28423457	0.00000512	0x00	0x00
SPI [1]	result	12.28423985	0.00000512	0x00	0x00
SPI [1]	result	12.28424513	0.00000512	0x00	0x00
SPI [1]	result	12.28466441	0.00000512	0x08	0x00
SPI [1]	result	12.28466969	0.00000512	0x00	0x00
SPI [1]	result	12.28467497	0.00000512	0x88	0x07
SPI [1]	result	12.28468025	0.00000512	0x32	0xFF
SPI [1]	result	12.32333637	0.00000512	0x00	0x00
SPI [1]	result	12.32334165	0.00000512	0x00	0x00
SPI [1]	result	12.32334693	0.00000512	0x08	0x00
SPI [1]	result	12.32335221	0.00000512	0x20	0x10
SPI [1]	result	12.32375630	0.00000512	0x0C	0x00
SPI [1]	result	12.32376158	0.00000512	0x10	0x00
SPI [1]	result	12.32376686	0.00000512	0x80	0x7F
SPI [1]	result	12.32377214	0.00000512	0x02	0xFF
SPI [1]	result	12.32417132	0.00000512	0x00	0x00
SPI [1]	result	12.32417660	0.00000512	0x00	0x00
SPI [1]	result	12.32418188	0.00000512	0x09	0x00
SPI [1]	result	12.32418716	0.00000512	0xA6	0x7F
SPI [1]	result	12.32458814	0.00000512	0x0D	0x00
SPI [1]	result	12.32459342	0.00000512	0x00	0x00
SPI [1]	result	12.32459870	0.00000512	0x88	0x7F
SPI [1]	result	12.32460398	0.00000512	0x1A	0xFF
SPI [1]	result	12.32500526	0.00000512	0x00	0x00
SPI [1]	result	12.32501054	0.00000512	0x00	0x00
SPI [1]	result	12.32501582	0.00000512	0x00	0x00
SPI [1]	result	12.32502110	0.00000512	0x00	0x00
SPI [1]	result	12.32542241	0.00000512	0x08	0x00
SPI [1]	result	12.32542769	0.00000512	0x00	0x00
SPI [1]	result	12.32543297	0.00000512	0x89	0x0F
SPI [1]	result	12.32543825	0.00000512	0xB8	0xFF
SPI [1]	result	12.36333516	0.00000512	0x00	0x00
SPI [1]	result	12.36334044	0.00000512	0x00	0x00
SPI [1]	result	12.36334572	0.00000512	0x08	0x00
SPI [1]	result	12.36335100	0.00000512	0x20	0x10
SPI [1]	result	12.36377138	0.00000512	0x0E	0x00
SPI [1]	result	12.36377666	0.00000512	0x10	0x00
SPI [1]	result	12.36378194	0.00000512	0x80	0xFF
SPI [1]	result	12.36378722	0.00000512	0x12	0xFF
SPI [1]	result	12.36418785	0.00000512	0x00	0x00
SPI [1]	result	12.36419313	0.00000512	0x00	0x00
SPI [1]	result	12.36419841	0.00000512	0x00	0x00
SPI [1]	result	12.36420369	0.00000512	0x00	0x00
SPI [1]	result	12.36460445	0.00000512	0x08	0x00
SPI [1]	result	12.36460973	0.00000512	0x00	0x00
SPI [1]	result	12.36461501	0.00000512	0x88	0x07
SPI [1]	result	12.36462029	0.00000512	0x32	0xFF
SPI [1]	result	12.40333241	0.00000512	0x00	0x00
SPI [1]	result	12.40333769	0.00000512	0x00	0x00
SPI [1]	result	12.40334297	0.00000512	0x08	0x00
SPI [1]	result	12.40334825	0.00000512	0x20	0x10
SPI [1]	result	12.40375240	0.00000512	0x0F	0x00
SPI [1]	result	12.40375768	0.00000512	0x10	0x00
SPI [1]	result	12.40376296	0.00000512	0x80	0xFF
SPI [1]	result	12.40376824	0.00000512	0x1A	0xFF
SPI [1]	result	12.40416907	0.00000512	0x00	0x00
SPI [1]	result	12.40417435	0.00000512	0x00	0x00
SPI [1]	result	12.40417963	0.00000512	0x00	0x00
SPI [1]	result	12.40418491	0.00000512	0x00	0x00
SPI [1]	result	12.40458576	0.00000512	0x08	0x00
SPI [1]	result	12.40459104	0.00000512	0x00	0x00
SPI [1]	result	12.40459632	0.00000512	0x88	0x07
SPI [1]	result	12.40460160	0.00000512	0x32	0xFF
SPI [1]	result	12.44333724	0.00000512	0x00	0x00
SPI [1]	result	12.44334252	0.00000512	0x00	0x00
SPI [1]	result	12.44334780	0.00000512	0x08	0x00
SPI [1]	result	12.44335308	0.00000512	0x20	0x00
SPI [1]	result	12.44376759	0.00000512	0x08	0x00
SPI [1]	result	12.44377287	0.00000512	0x10	0x00
SPI [1]	result	12.44377815	0.00000512	0x80	0xFF
SPI [1]	result	12.44378343	0.00000512	0x22	0xFF
SPI [1]	result	12.44418462	0.00000512	0x00	0x00
SPI [1]	result	12.44418990	0.00000512	0x00	0x00
SPI [1]	result	12.44419518	0.00000512	0x09	0x00
SPI [1]	result	12.44420046	0.00000512	0xA6	0x7F
SPI [1]	result	12.44460282	0.00000512	0x09	0x00
SPI [1]	result	12.44460810	0.00000512	0x00	0x00
SPI [1]	result	12.44461338	0.00000512	0x88	0x7F
SPI [1]	result	12.44461866	0.00000512	0x3A	0xFF
SPI [1]	result	12.44502052	0.00000512	0x00	0x00
SPI [1]	result	12.44502580	0.00000512	0x00	0x00
SPI [1]	result	12.44503108	0.00000512	0x00	0x00
SPI [1]	result	12.44503636	0.00000512	0x00	0x00
SPI [1]	result	12.44543756	0.00000512	0x08	0x00
SPI [1]	result	12.44544284	0.00000512	0x00	0x00
SPI [1]	result	12.44544812	0.00000512	0x89	0x07
SPI [1]	result	12.44545340	0.00000512	0xB8	0xFF
SPI [1]	result	12.48333134	0.00000512	0x00	0x00
SPI [1]	result	12.48333662	0.00000512	0x00	0x00
SPI [1]	result	12.48334190	0.00000512	0x08	0x00
SPI [1]	result	12.48334718	0.00000512	0x20	0x10
SPI [1]	result	12.48374901	0.00000512	0x0A	0x00
SPI [1]	result	12.48375429	0.00000512	0x10	0x0F
SPI [1]	result	12.48375957	0.00000512	0x80	0xFF
SPI [1]	result	12.48376485	0.00000512	0x32	0xFF
SPI [1]	result	12.48416618	0.00000512	0x00	0x00
SPI [1]	result	12.48417146	0.00000512	0x00	0x00
SPI [1]	result	12.48417674	0.00000512	0x00	0x00
SPI [1]	result	12.48418202	0.00000512	0x00	0x00
SPI [1]	result	12.48458295	0.00000512	0x08	0x00
SPI [1]	result	12.48458823	0.00000512	0x00	0x00
SPI [1]	result	12.48459351	0.00000512	0x88	0x07
SPI [1]	result	12.48459879	0.00000512	0x32	0xFF
SPI [1]	result	12.52333111	0.00000512	0x00	0x00
SPI [1]	result	12.52333639	0.00000512	0x00	0x00
SPI [1]	result	12.52334167	0.00000512	0x08	0x00
SPI [1]	result	12.52334695	0.00000512	0x20	0x00
SPI [1]	result	12.52374969	0.00000512	0x0B	0x00
SPI [1]	result	12.52375497	0.00000512	0x10	0x1F
SPI [1]	result	12.52376025	0.00000512	0x80	0xFF
SPI [1]	result	12.52376553	0.00000512	0x3A	0xFF
SPI [1]	result	12.52416660	0.00000512	0x00	0x00
SPI [1]	result	12.52417188	0.00000512	0x00	0x00
SPI [1]	result	12.52417716	0.00000512	0x00	0x00
SPI [1]	result	12.52418244	0.00000512	0x00	0x00
SPI [1]	result	12.52458072	0.00000512	0x08	0x00
SPI [1]	result	12.52458600	0.00000512	0x00	0x00
SPI [1]	result	12.52459128	0.00000512	0x88	0x07
SPI [1]	result	12.52459656	0.00000512	0x32	0xFF
SPI [1]	result	12.56333314	0.00000512	0x00	0x00
SPI [1]	result	12.56333842	0.00000512	0x00	0x00
SPI [1]	result	12.56334370	0.00000512	0x08	0x00
SPI [1]	result	12.56334898	0.00000512	0x20	0x10
SPI [1]	result	12.56375202	0.00000512	0x0C	0x00
SPI [1]	result	12.56375730	0.00000512	0x10	0x00
SPI [1]	result	12.56376258	0.00000512	0x80	0xFF
SPI [1]	result	12.56376786	0.00000512	0x02	0xFB
SPI [1]	result	12.56416656	0.00000512	0x00	0x00
SPI [1]	result	12.56417184	0.00000512	0x00	0x00
SPI [1]	result	12.56417712	0.00000512	0x09	0x00
SPI [1]	result	12.56418240	0.00000512	0xA6	0x7F
SPI [1]	result	12.56458297	0.00000512	0x0D	0x00
SPI [1]	result	12.56458825	0.00000512	0x00	0x00
SPI [1]	result	12.56459353	0.00000512	0x88	0x7F
SPI [1]	result	12.56459881	0.00000512	0x1A	0xFF
SPI [1]	result	12.56499938	0.00000512	0x00	0x00
SPI [1]	result	12.56500466	0.00000512	0x00	0x00
SPI [1]	result	12.56500994	0.00000512	0x00	0x00
SPI [1]	result	12.56501522	0.00000512	0x00	0x00
SPI [1]	result	12.56541619	0.00000512	0x08	0x00
SPI [1]	result	12.56542147	0.00000512	0x00	0x00
SPI [1]	result	12.56542675	0.00000512	0x89	0x07
SPI [1]	result	12.56543203	0.00000512	0xB8	0xFF
SPI [1]	result	12.60334502	0.00000512	0x00	0x00
SPI [1]	result	12.60335030	0.00000512	0x00	0x00
SPI [1]	result	12.60335558	0.00000512	0x08	0x00
SPI [1]	result	12.60336086	0.00000512	0x20	0x10
SPI [1]	result	12.60381068	0.00000512	0x0E	0x00
SPI [1]	result	12.60381596	0.00000512	0x10	0x00
SPI [1]	result	12.60382124	0.00000512	0x80	0xFF
SPI [1]	result	12.60382652	0.00000512	0x12	0xFF
SPI [1]	result	12.60422720	0.00000512	0x00	0x00
SPI [1]	result	12.60423248	0.00000512	0x00	0x00
SPI [1]	result	12.60423776	0.00000512	0x00	0x00
SPI [1]	result	12.60424304	0.00000512	0x00	0x00
SPI [1]	result	12.60464430	0.00000512	0x08	0x00
SPI [1]	result	12.60464958	0.00000512	0x00	0x00
SPI [1]	result	12.60465486	0.00000512	0x88	0x07
SPI [1]	result	12.60466014	0.00000512	0x32	0xFF
SPI [1]	result	12.64333317	0.00000512	0x00	0x00
SPI [1]	result	12.64333845	0.00000512	0x00	0x00
SPI [1]	result	12.64334373	0.00000512	0x08	0x00
SPI [1]	result	12.64334901	0.00000512	0x20	0x10
SPI [1]	result	12.64375267	0.00000512	0x0F	0x00
SPI [1]	result	12.64375795	0.00000512	0x10	0x00
SPI [1]	result	12.64376323	0.00000512	0x80	0xFF
SPI [1]	result	12.64376851	0.00000512	0x1A	0xFF
SPI [1]	result	12.64416992	0.00000512	0x00	0x00
SPI [1]	result	12.64417520	0.00000512	0x00	0x00
SPI [1]	result	12.64418048	0.00000512	0x00	0x00
SPI [1]	result	12.64418576	0.00000512	0x00	0x00
SPI [1]	result	12.64465727	0.00000512	0x08	0x00
SPI [1]	result	12.64466255	0.00000512	0x00	0x00
SPI [1]	result	12.64466783	0.00000512	0x88	0x07
SPI [1]	result	12.64467311	0.00000512	0x32	0xFF
SPI [1]	result	12.68333764	0.00000512	0x00	0x00
SPI [1]	result	12.68334292	0.00000512	0x00	0x00
SPI [1]	result	12.68334820	0.00000512	0x08	0x00
SPI [1]	result	12.68335348	0.00000512	0x20	0x10
SPI [1]	result	12.68376392	0.00000512	0x08	0x00
SPI [1]	result	12.68376920	0.00000512	0x10	0x00
SPI [1]	result	12.68377448	0.00000512	0x80	0xFF
SPI [1]	result	12.68377976	0.00000512	0x22	0xFF
SPI [1]	result	12.68418154	0.00000512	0x00	0x00
SPI [1]	result	12.68418682	0.00000512	0x00	0x00
SPI [1]	result	12.68419210	0.00000512	0x09	0x00
SPI [1]	result	12.68419738	0.00000512	0xA6	0x7F
SPI [1]	result	12.68459842	0.00000512	0x09	0x00
SPI [1]	result	12.68460370	0.00000512	0x00	0x00
SPI [1]	result	12.68460898	0.00000512	0x88	0x7F
SPI [1]	result	12.68461426	0.00000512	0x3A	0xFF
SPI [1]	result	12.68501548	0.00000512	0x00	0x00
SPI [1]	result	12.68502076	0.00000512	0x00	0x00
SPI [1]	result	12.68502604	0.00000512	0x00	0x00
SPI [1]	result	12.68503132	0.00000512	0x00	0x00
SPI [1]	result	12.68543254	0.00000512	0x08	0x00
SPI [1]	result	12.68543782	0.00000512	0x00	0x00
SPI [1]	result	12.68544310	0.00000512	0x89	0x07
SPI [1]	result	12.68544838	0.00000512	0xB8	0xFF
SPI [1]	result	12.72333417	0.00000512	0x00	0x00
SPI [1]	result	12.72333945	0.00000512	0x00	0x00
SPI [1]	result	12.72334473	0.00000512	0x08	0x00
SPI [1]	result	12.72335001	0.00000512	0x20	0x10
SPI [1]	result	12.72376597	0.00000512	0x0A	0x00
SPI [1]	result	12.72377125	0.00000512	0x10	0x9F
SPI [1]	result	12.72377653	0.00000512	0x80	0xFF
SPI [1]	result	12.72378181	0.00000512	0x32	0xFF
SPI [1]	result	12.72418415	0.00000512	0x00	0x00
SPI [1]	result	12.72418943	0.00000512	0x00	0x00
SPI [1]	result	12.72419471	0.00000512	0x00	0x00
SPI [1]	result	12.72419999	0.00000512	0x00	0x00
SPI [1]	result	12.72459930	0.00000512	0x08	0x00
SPI [1]	result	12.72460458	0.00000512	0x00	0x00
SPI [1]	result	12.72460986	0.00000512	0x88	0x07
SPI [1]	result	12.72461514	0.00000512	0x32	0xFF
SPI [1]	result	12.76333441	0.00000512	0x00	0x00
SPI [1]	result	12.76333969	0.00000512	0x00	0x00
SPI [1]	result	12.76334497	0.00000512	0x08	0x00
SPI [1]	result	12.76335025	0.00000512	0x20	0x10
SPI [1]	result	12.76376273	0.00000512	0x0B	0x00
SPI [1]	result	12.76376801	0.00000512	0x10	0x1F
SPI [1]	result	12.76377329	0.00000512	0x80	0xFF
SPI [1]	result	12.76377857	0.00000512	0x3A	0xFF
SPI [1]	result	12.76418153	0.00000512	0x00	0x00
SPI [1]	result	12.76418681	0.00000512	0x00	0x00
SPI [1]	result	12.76419209	0.00000512	0x00	0x00
SPI [1]	result	12.76419737	0.00000512	0x00	0x00
SPI [1]	result	12.76459896	0.00000512	0x08	0x00
SPI [1]	result	12.76460424	0.00000512	0x00	0x00
SPI [1]	result	12.76460952	0.00000512	0x88	0x07
SPI [1]	result	12.76461480	0.00000512	0x32	0xFF
SPI [1]	result	12.80333744	0.00000512	0x00	0x00
SPI [1]	result	12.80334272	0.00000512	0x00	0x00
SPI [1]	result	12.80334800	0.00000512	0x08	0x00
SPI [1]	result	12.80335328	0.00000512	0x20	0x10
SPI [1]	result	12.80377116	0.00000512	0x0C	0x00
SPI [1]	result	12.80377644	0.00000512	0x10	0x00
SPI [1]	result	12.80378172	0.00000512	0x80	0x7F
SPI [1]	result	12.80378700	0.00000512	0x02	0xFB
SPI [1]	result	12.80418595	0.00000512	0x00	0x00
SPI [1]	result	12.80419123	0.00000512	0x00	0x00
SPI [1]	result	12.80419651	0.00000512	0x09	0x00
SPI [1]	result	12.80420179	0.00000512	0xA6	0x7F
SPI [1]	result	12.80460319	0.00000512	0x0D	0x00
SPI [1]	result	12.80460847	0.00000512	0x00	0x00
SPI [1]	result	12.80461375	0.00000512	0x88	0x7F
SPI [1]	result	12.80461903	0.00000512	0x1A	0xFF
SPI [1]	result	12.80502149	0.00000512	0x00	0x00
SPI [1]	result	12.80502677	0.00000512	0x00	0x00
SPI [1]	result	12.80503205	0.00000512	0x00	0x00
SPI [1]	result	12.80503733	0.00000512	0x00	0x00
SPI [1]	result	12.80543889	0.00000512	0x08	0x00
SPI [1]	result	12.80544417	0.00000512	0x00	0x00
SPI [1]	result	12.80544945	0.00000512	0x89	0x07
SPI [1]	result	12.80545473	0.00000512	0xB8	0xFF
SPI [1]	result	12.84333491	0.00000512	0x00	0x00
SPI [1]	result	12.84334019	0.00000512	0x00	0x00
SPI [1]	result	12.84334547	0.00000512	0x08	0x00
SPI [1]	result	12.84335075	0.00000512	0x20	0x10
SPI [1]	result	12.84376668	0.00000512	0x0E	0x00
SPI [1]	result	12.84377196	0.00000512	0x10	0x00
SPI [1]	result	12.84377724	0.00000512	0x80	0x7F
SPI [1]	result	12.84378252	0.00000512	0x12	0xFF
SPI [1]	result	12.84418440	0.00000512	0x00	0x00
SPI [1]	result	12.84418968	0.00000512	0x00	0x00
SPI [1]	result	12.84419496	0.00000512	0x00	0x00
SPI [1]	result	12.84420024	0.00000512	0x00	0x00
SPI [1]	result	12.84460176	0.00000512	0x08	0x00
SPI [1]	result	12.84460704	0.00000512	0x00	0x00
SPI [1]	result	12.84461232	0.00000512	0x88	0x07
SPI [1]	result	12.84461760	0.00000512	0x32	0xFF
SPI [1]	result	12.88333244	0.00000512	0x00	0x00
SPI [1]	result	12.88333772	0.00000512	0x00	0x00
SPI [1]	result	12.88334300	0.00000512	0x08	0x00
SPI [1]	result	12.88334828	0.00000512	0x20	0x10
SPI [1]	result	12.88375149	0.00000512	0x0F	0x00
SPI [1]	result	12.88375677	0.00000512	0x10	0x00
SPI [1]	result	12.88376205	0.00000512	0x80	0xFF
SPI [1]	result	12.88376733	0.00000512	0x1A	0xFF
SPI [1]	result	12.88416871	0.00000512	0x00	0x00
SPI [1]	result	12.88417399	0.00000512	0x00	0x00
SPI [1]	result	12.88417927	0.00000512	0x00	0x00
SPI [1]	result	12.88418455	0.00000512	0x00	0x00
SPI [1]	result	12.88458535	0.00000512	0x08	0x00
SPI [1]	result	12.88459063	0.00000512	0x00	0x00
SPI [1]	result	12.88459591	0.00000512	0x88	0x0F
SPI [1]	result	12.88460119	0.00000512	0x32	0xFF
SPI [1]	result	12.92333660	0.00000512	0x00	0x00
SPI [1]	result	12.92334188	0.00000512	0x00	0x00
SPI [1]	result	12.92334716	0.00000512	0x08	0x00
SPI [1]	result	12.92335244	0.00000512	0x20	0x00
SPI [1]	result	12.92376374	0.00000512	0x08	0x00
SPI [1]	result	12.92376902	0.00000512	0x10	0x00
SPI [1]	result	12.92377430	0.00000512	0x80	0x7F
SPI [1]	result	12.92377958	0.00000512	0x22	0xFF
SPI [1]	result	12.92418154	0.00000512	0x00	0x00
SPI [1]	result	12.92418682	0.00000512	0x00	0x00
SPI [1]	result	12.92419210	0.00000512	0x09	0x00
SPI [1]	result	12.92419738	0.00000512	0xA6	0x7F
SPI [1]	result	12.92459884	0.00000512	0x09	0x00
SPI [1]	result	12.92460412	0.00000512	0x00	0x00
SPI [1]	result	12.92460940	0.00000512	0x88	0x7F
SPI [1]	result	12.92461468	0.00000512	0x3A	0xFF
SPI [1]	result	12.92501592	0.00000512	0x00	0x00
SPI [1]	result	12.92502120	0.00000512	0x00	0x00
SPI [1]	result	12.92502648	0.00000512	0x00	0x00
SPI [1]	result	12.92503176	0.00000512	0x00	0x00
SPI [1]	result	12.92543291	0.00000512	0x08	0x00
SPI [1]	result	12.92543819	0.00000512	0x00	0x00
SPI [1]	result	12.92544347	0.00000512	0x89	0x0F
SPI [1]	result	12.92544875	0.00000512	0xB8	0xFF
SPI [1]	result	12.96333210	0.00000512	0x00	0x00
SPI [1]	result	12.96333738	0.00000512	0x00	0x00
SPI [1]	result	12.96334266	0.00000512	0x08	0x00
SPI [1]	result	12.96334794	0.00000512	0x20	0x10
SPI [1]	result	12.96375221	0.00000512	0x0A	0x00
SPI [1]	result	12.96375749	0.00000512	0x10	0x0F
SPI [1]	result	12.96376277	0.00000512	0x80	0xFF
SPI [1]	result	12.96376805	0.00000512	0x32	0xFF
SPI [1]	result	12.96416916	0.00000512	0x00	0x00
SPI [1]	result	12.96417444	0.00000512	0x00	0x00
SPI [1]	result	12.96417972	0.00000512	0x00	0x00
SPI [1]	result	12.96418500	0.00000512	0x00	0x00
SPI [1]	result	12.96458580	0.00000512	0x08	0x00
SPI [1]	result	12.96459108	0.00000512	0x00	0x00
SPI [1]	result	12.96459636	0.00000512	0x88	0x07
SPI [1]	result	12.96460164	0.00000512	0x32	0xFF
SPI [1]	result	13.00333131	0.00000512	0x00	0x00
SPI [1]	result	13.00333659	0.00000512	0x00	0x00
SPI [1]	result	13.00334187	0.00000512	0x08	0x00
SPI [1]	result	13.00334715	0.00000512	0x20	0x02
SPI [1]	result	13.00374986	0.00000512	0x0B	0x00
SPI [1]	result	13.00375514	0.00000512	0x10	0x1F
SPI [1]	result	13.00376042	0.00000512	0x80	0xFF
SPI [1]	result	13.00376570	0.00000512	0x3A	0xFF
SPI [1]	result	13.00416653	0.00000512	0x00	0x00
SPI [1]	result	13.00417181	0.00000512	0x00	0x00
SPI [1]	result	13.00417709	0.00000512	0x00	0x00
SPI [1]	result	13.00418237	0.00000512	0x00	0x00
SPI [1]	result	13.00463633	0.00000512	0x08	0x00
SPI [1]	result	13.00464161	0.00000512	0x00	0x00
SPI [1]	result	13.00464689	0.00000512	0x88	0x07
SPI [1]	result	13.00465217	0.00000512	0x32	0xFF
SPI [1]	result	13.04333640	0.00000512	0x00	0x00
SPI [1]	result	13.04334168	0.00000512	0x00	0x00
SPI [1]	result	13.04334696	0.00000512	0x08	0x00
SPI [1]	result	13.04335224	0.00000512	0x20	0x00
SPI [1]	result	13.04375820	0.00000512	0x0C	0x00
SPI [1]	result	13.04376348	0.00000512	0x10	0x00
SPI [1]	result	13.04376876	0.00000512	0x80	0xFF
SPI [1]	result	13.04377404	0.00000512	0x02	0xFF
SPI [1]	result	13.04417552	0.00000512	0x00	0x00
SPI [1]	result	13.04418080	0.00000512	0x00	0x00
SPI [1]	result	13.04418608	0.00000512	0x09	0x00
SPI [1]	result	13.04419136	0.00000512	0xA6	0x7F
SPI [1]	result	13.04459299	0.00000512	0x0D	0x00
SPI [1]	result	13.04459827	0.00000512	0x00	0x00
SPI [1]	result	13.04460355	0.00000512	0x88	0x7F
SPI [1]	result	13.04460883	0.00000512	0x1A	0xFF
SPI [1]	result	13.04500977	0.00000512	0x00	0x00
SPI [1]	result	13.04501505	0.00000512	0x00	0x00
SPI [1]	result	13.04502033	0.00000512	0x00	0x00
SPI [1]	result	13.04502561	0.00000512	0x00	0x00
SPI [1]	result	13.04542702	0.00000512	0x08	0x00
SPI [1]	result	13.04543230	0.00000512	0x00	0x00
SPI [1]	result	13.04543758	0.00000512	0x89	0x0F
SPI [1]	result	13.04544286	0.00000512	0xB8	0xFF
SPI [1]	result	13.08333474	0.00000512	0x00	0x00
SPI [1]	result	13.08334002	0.00000512	0x00	0x00
SPI [1]	result	13.08334530	0.00000512	0x08	0x00
SPI [1]	result	13.08335058	0.00000512	0x20	0x00
SPI [1]	result	13.08376681	0.00000512	0x0E	0x00
SPI [1]	result	13.08377209	0.00000512	0x10	0x00
SPI [1]	result	13.08377737	0.00000512	0x80	0xFF
SPI [1]	result	13.08378265	0.00000512	0x12	0xFF
SPI [1]	result	13.08418277	0.00000512	0x00	0x00
SPI [1]	result	13.08418805	0.00000512	0x00	0x00
SPI [1]	result	13.08419333	0.00000512	0x00	0x00
SPI [1]	result	13.08419861	0.00000512	0x00	0x00
SPI [1]	result	13.08460061	0.00000512	0x08	0x00
SPI [1]	result	13.08460589	0.00000512	0x00	0x00
SPI [1]	result	13.08461117	0.00000512	0x88	0x0F
SPI [1]	result	13.08461645	0.00000512	0x32	0xFF
SPI [1]	result	13.12333276	0.00000512	0x00	0x00
SPI [1]	result	13.12333804	0.00000512	0x00	0x00
SPI [1]	result	13.12334332	0.00000512	0x08	0x00
SPI [1]	result	13.12334860	0.00000512	0x20	0x10
SPI [1]	result	13.12375521	0.00000512	0x0F	0x00
SPI [1]	result	13.12376049	0.00000512	0x10	0x00
SPI [1]	result	13.12376577	0.00000512	0x80	0xFF
SPI [1]	result	13.12377105	0.00000512	0x1A	0xFF
SPI [1]	result	13.12417331	0.00000512	0x00	0x00
SPI [1]	result	13.12417859	0.00000512	0x00	0x00
SPI [1]	result	13.12418387	0.00000512	0x00	0x00
SPI [1]	result	13.12418915	0.00000512	0x00	0x00
SPI [1]	result	13.12458722	0.00000512	0x08	0x00
SPI [1]	result	13.12459250	0.00000512	0x00	0x00
SPI [1]	result	13.12459778	0.00000512	0x88	0x07
SPI [1]	result	13.12460306	0.00000512	0x32	0xFF
SPI [1]	result	13.16333716	0.00000512	0x00	0x00
SPI [1]	result	13.16334244	0.00000512	0x00	0x00
SPI [1]	result	13.16334772	0.00000512	0x08	0x00
SPI [1]	result	13.16335300	0.00000512	0x20	0x10
SPI [1]	result	13.16376994	0.00000512	0x08	0x00
SPI [1]	result	13.16377522	0.00000512	0x10	0x00
SPI [1]	result	13.16378050	0.00000512	0x80	0x7F
SPI [1]	result	13.16378578	0.00000512	0x22	0xFF
SPI [1]	result	13.16418732	0.00000512	0x00	0x00
SPI [1]	result	13.16419260	0.00000512	0x00	0x00
SPI [1]	result	13.16419788	0.00000512	0x09	0x00
SPI [1]	result	13.16420316	0.00000512	0xA6	0x7F
SPI [1]	result	13.16460427	0.00000512	0x09	0x00
SPI [1]	result	13.16460955	0.00000512	0x00	0x00
SPI [1]	result	13.16461483	0.00000512	0x88	0x7F
SPI [1]	result	13.16462011	0.00000512	0x3A	0xFF
SPI [1]	result	13.16501986	0.00000512	0x00	0x00
SPI [1]	result	13.16502514	0.00000512	0x00	0x00
SPI [1]	result	13.16503042	0.00000512	0x00	0x00
SPI [1]	result	13.16503570	0.00000512	0x00	0x00
SPI [1]	result	13.16543676	0.00000512	0x08	0x00
SPI [1]	result	13.16544204	0.00000512	0x00	0x00
SPI [1]	result	13.16544732	0.00000512	0x89	0x07
SPI [1]	result	13.16545260	0.00000512	0xB8	0xFF
SPI [1]	result	13.20333176	0.00000512	0x00	0x00
SPI [1]	result	13.20333704	0.00000512	0x00	0x00
SPI [1]	result	13.20334232	0.00000512	0x08	0x00
SPI [1]	result	13.20334760	0.00000512	0x20	0x18
SPI [1]	result	13.20375075	0.00000512	0x0A	0x00
SPI [1]	result	13.20375603	0.00000512	0x10	0x1F
SPI [1]	result	13.20376131	0.00000512	0x80	0xFF
SPI [1]	result	13.20376659	0.00000512	0x32	0xFF
SPI [1]	result	13.20416955	0.00000512	0x00	0x00
SPI [1]	result	13.20417483	0.00000512	0x00	0x00
SPI [1]	result	13.20418011	0.00000512	0x00	0x00
SPI [1]	result	13.20418539	0.00000512	0x00	0x00
SPI [1]	result	13.20458643	0.00000512	0x08	0x00
SPI [1]	result	13.20459171	0.00000512	0x00	0x00
SPI [1]	result	13.20459699	0.00000512	0x88	0x07
SPI [1]	result	13.20460227	0.00000512	0x32	0xFF
SPI [1]	result	13.24333129	0.00000512	0x00	0x00
SPI [1]	result	13.24333657	0.00000512	0x00	0x00
SPI [1]	result	13.24334185	0.00000512	0x08	0x00
SPI [1]	result	13.24334713	0.00000512	0x20	0x00
SPI [1]	result	13.24374758	0.00000512	0x0B	0x00
SPI [1]	result	13.24375286	0.00000512	0x10	0x0F
SPI [1]	result	13.24375814	0.00000512	0x80	0xFF
SPI [1]	result	13.24376342	0.00000512	0x3A	0xFF
SPI [1]	result	13.24416447	0.00000512	0x00	0x00
SPI [1]	result	13.24416975	0.00000512	0x00	0x00
SPI [1]	result	13.24417503	0.00000512	0x00	0x00
SPI [1]	result	13.24418031	0.00000512	0x00	0x00
SPI [1]	result	13.24458111	0.00000512	0x08	0x00
SPI [1]	result	13.24458639	0.00000512	0x00	0x00
SPI [1]	result	13.24459167	0.00000512	0x88	0x07
SPI [1]	result	13.24459695	0.00000512	0x32	0xFF
SPI [1]	result	13.28333597	0.00000512	0x00	0x00
SPI [1]	result	13.28334125	0.00000512	0x00	0x00
SPI [1]	result	13.28334653	0.00000512	0x08	0x00
SPI [1]	result	13.28335181	0.00000512	0x20	0x10
SPI [1]	result	13.28376168	0.00000512	0x0C	0x00
SPI [1]	result	13.28376696	0.00000512	0x10	0x00
SPI [1]	result	13.28377224	0.00000512	0x80	0x7F
SPI [1]	result	13.28377752	0.00000512	0x02	0xE3
SPI [1]	result	13.28417907	0.00000512	0x00	0x00
SPI [1]	result	13.28418435	0.00000512	0x00	0x00
SPI [1]	result	13.28418963	0.00000512	0x09	0x00
SPI [1]	result	13.28419491	0.00000512	0xA6	0x7F
SPI [1]	result	13.28459628	0.00000512	0x0D	0x00
SPI [1]	result	13.28460156	0.00000512	0x00	0x00
SPI [1]	result	13.28460684	0.00000512	0x88	0x7F
SPI [1]	result	13.28461212	0.00000512	0x1A	0xFF
SPI [1]	result	13.28501288	0.00000512	0x00	0x00
SPI [1]	result	13.28501816	0.00000512	0x00	0x00
SPI [1]	result	13.28502344	0.00000512	0x00	0x00
SPI [1]	result	13.28502872	0.00000512	0x00	0x00
SPI [1]	result	13.28542950	0.00000512	0x08	0x00
SPI [1]	result	13.28543478	0.00000512	0x00	0x00
SPI [1]	result	13.28544006	0.00000512	0x89	0x07
SPI [1]	result	13.28544534	0.00000512	0xB8	0xFF
SPI [1]	result	13.32333169	0.00000512	0x00	0x00
SPI [1]	result	13.32333697	0.00000512	0x00	0x00
SPI [1]	result	13.32334225	0.00000512	0x08	0x00
SPI [1]	result	13.32334753	0.00000512	0x20	0x10
SPI [1]	result	13.32375536	0.00000512	0x0E	0x00
SPI [1]	result	13.32376064	0.00000512	0x10	0x00
SPI [1]	result	13.32376592	0.00000512	0x80	0xFF
SPI [1]	result	13.32377120	0.00000512	0x12	0xFF
SPI [1]	result	13.32416937	0.00000512	0x00	0x00
SPI [1]	result	13.32417465	0.00000512	0x00	0x00
SPI [1]	result	13.32417993	0.00000512	0x00	0x00
SPI [1]	result	13.32418521	0.00000512	0x00	0x00
SPI [1]	result	13.32458613	0.00000512	0x08	0x00
SPI [1]	result	13.32459141	0.00000512	0x00	0x00
SPI [1]	result	13.32459669	0.00000512	0x88	0x07
SPI [1]	result	13.32460197	0.00000512	0x32	0xFF
SPI [1]	result	13.36333222	0.00000512	0x00	0x00
SPI [1]	result	13.36333750	0.00000512	0x00	0x00
SPI [1]	result	13.36334278	0.00000512	0x08	0x00
SPI [1]	result	13.36334806	0.00000512	0x20	0x10
SPI [1]	result	13.36375189	0.00000512	0x0F	0x00
SPI [1]	result	13.36375717	0.00000512	0x10	0x00
SPI [1]	result	13.36376245	0.00000512	0x80	0xFF
SPI [1]	result	13.36376773	0.00000512	0x1A	0xFF
SPI [1]	result	13.36416892	0.00000512	0x00	0x00
SPI [1]	result	13.36417420	0.00000512	0x00	0x00
SPI [1]	result	13.36417948	0.00000512	0x00	0x00
SPI [1]	result	13.36418476	0.00000512	0x00	0x00
SPI [1]	result	13.36458346	0.00000512	0x08	0x00
SPI [1]	result	13.36458874	0.00000512	0x00	0x00
SPI [1]	result	13.36459402	0.00000512	0x88	0x0F
SPI [1]	result	13.36459930	0.00000512	0x32	0xFF
SPI [1]	result	13.40333833	0.00000512	0x00	0x00
SPI [1]	result	13.40334361	0.00000512	0x00	0x00
SPI [1]	result	13.40334889	0.00000512	0x08	0x00
SPI [1]	result	13.40335417	0.00000512	0x20	0x00
SPI [1]	result	13.40377052	0.00000512	0x08	0x00
SPI [1]	result	13.40377580	0.00000512	0x10	0x00
SPI [1]	result	13.40378108	0.00000512	0x80	0x7F
SPI [1]	result	13.40378636	0.00000512	0x22	0xFF
SPI [1]	result	13.40418932	0.00000512	0x00	0x00
SPI [1]	result	13.40419460	0.00000512	0x00	0x00
SPI [1]	result	13.40419988	0.00000512	0x09	0x00
SPI [1]	result	13.40420516	0.00000512	0xA6	0x7F
SPI [1]	result	13.40460614	0.00000512	0x09	0x00
SPI [1]	result	13.40461142	0.00000512	0x00	0x00
SPI [1]	result	13.40461670	0.00000512	0x88	0x7F
SPI [1]	result	13.40462198	0.00000512	0x3A	0xFF
SPI [1]	result	13.40502015	0.00000512	0x00	0x00
SPI [1]	result	13.40502543	0.00000512	0x00	0x00
SPI [1]	result	13.40503071	0.00000512	0x00	0x00
SPI [1]	result	13.40503599	0.00000512	0x00	0x00
SPI [1]	result	13.40543752	0.00000512	0x08	0x00
SPI [1]	result	13.40544280	0.00000512	0x00	0x00
SPI [1]	result	13.40544808	0.00000512	0x89	0x07
SPI [1]	result	13.40545336	0.00000512	0xB8	0xFF
SPI [1]	result	13.44333436	0.00000512	0x00	0x00
SPI [1]	result	13.44333964	0.00000512	0x00	0x00
SPI [1]	result	13.44334492	0.00000512	0x08	0x00
SPI [1]	result	13.44335020	0.00000512	0x20	0x10
SPI [1]	result	13.44376629	0.00000512	0x0A	0x00
SPI [1]	result	13.44377157	0.00000512	0x10	0x1F
SPI [1]	result	13.44377685	0.00000512	0x80	0xFF
SPI [1]	result	13.44378213	0.00000512	0x32	0xFF
SPI [1]	result	13.44418510	0.00000512	0x00	0x00
SPI [1]	result	13.44419038	0.00000512	0x00	0x00
SPI [1]	result	13.44419566	0.00000512	0x00	0x00
SPI [1]	result	13.44420094	0.00000512	0x00	0x00
SPI [1]	result	13.44459942	0.00000512	0x08	0x00
SPI [1]	result	13.44460470	0.00000512	0x00	0x00
SPI [1]	result	13.44460998	0.00000512	0x88	0x07
SPI [1]	result	13.44461526	0.00000512	0x32	0xFF
SPI [1]	result	13.48333227	0.00000512	0x00	0x00
SPI [1]	result	13.48333755	0.00000512	0x00	0x00
SPI [1]	result	13.48334283	0.00000512	0x08	0x00
SPI [1]	result	13.48334811	0.00000512	0x20	0x08
SPI [1]	result	13.48375127	0.00000512	0x0B	0x00
SPI [1]	result	13.48375655	0.00000512	0x10	0x1F
SPI [1]	result	13.48376183	0.00000512	0x80	0xFF
SPI [1]	result	13.48376711	0.00000512	0x3A	0xFF
SPI [1]	result	13.48416798	0.00000512	0x00	0x00
SPI [1]	result	13.48417326	0.00000512	0x00	0x00
SPI [1]	result	13.48417854	0.00000512	0x00	0x00
SPI [1]	result	13.48418382	0.00000512	0x00	0x00
SPI [1]	result	13.48458510	0.00000512	0x08	0x00
SPI [1]	result	13.48459038	0.00000512	0x00	0x00
SPI [1]	result	13.48459566	0.00000512	0x88	0x0F
SPI [1]	result	13.48460094	0.00000512	0x32	0xFF
SPI [1]	result	13.52333762	0.00000512	0x00	0x00
SPI [1]	result	13.52334290	0.00000512	0x00	0x00
SPI [1]	result	13.52334818	0.00000512	0x08	0x00
SPI [1]	result	13.52335346	0.00000512	0x20	0x00
SPI [1]	result	13.52376840	0.00000512	0x0C	0x00
SPI [1]	result	13.52377368	0.00000512	0x10	0x00
SPI [1]	result	13.52377896	0.00000512	0x80	0x7F
SPI [1]	result	13.52378424	0.00000512	0x02	0xF3
SPI [1]	result	13.52418585	0.00000512	0x00	0x00
SPI [1]	result	13.52419113	0.00000512	0x00	0x00
SPI [1]	result	13.52419641	0.00000512	0x09	0x00
SPI [1]	result	13.52420169	0.00000512	0xA6	0x7F
SPI [1]	result	13.52460278	0.00000512	0x0D	0x00
SPI [1]	result	13.52460806	0.00000512	0x00	0x00
SPI [1]	result	13.52461334	0.00000512	0x88	0x7F
SPI [1]	result	13.52461862	0.00000512	0x1A	0xFF
SPI [1]	result	13.52501723	0.00000512	0x00	0x00
SPI [1]	result	13.52502251	0.00000512	0x00	0x00
SPI [1]	result	13.52502779	0.00000512	0x00	0x00
SPI [1]	result	13.52503307	0.00000512	0x00	0x00
SPI [1]	result	13.52543523	0.00000512	0x08	0x00
SPI [1]	result	13.52544051	0.00000512	0x00	0x00
SPI [1]	result	13.52544579	0.00000512	0x89	0x07
SPI [1]	result	13.52545107	0.00000512	0xB8	0xFF
SPI [1]	result	13.56333193	0.00000512	0x00	0x00
SPI [1]	result	13.56333721	0.00000512	0x00	0x00
SPI [1]	result	13.56334249	0.00000512	0x08	0x00
SPI [1]	result	13.56334777	0.00000512	0x20	0x10
SPI [1]	result	13.56375421	0.00000512	0x0E	0x00
SPI [1]	result	13.56375949	0.00000512	0x10	0x00
SPI [1]	result	13.56376477	0.00000512	0x80	0xFF
SPI [1]	result	13.56377005	0.00000512	0x12	0xFF
SPI [1]	result	13.56417131	0.00000512	0x00	0x00
SPI [1]	result	13.56417659	0.00000512	0x00	0x00
SPI [1]	result	13.56418187	0.00000512	0x00	0x00
SPI [1]	result	13.56418715	0.00000512	0x00	0x00
SPI [1]	result	13.56458717	0.00000512	0x08	0x00
SPI [1]	result	13.56459245	0.00000512	0x00	0x00
SPI [1]	result	13.56459773	0.00000512	0x88	0x07
SPI [1]	result	13.56460301	0.00000512	0x32	0xFF
SPI [1]	result	13.60334567	0.00000512	0x00	0x00
SPI [1]	result	13.60335095	0.00000512	0x00	0x00
SPI [1]	result	13.60335623	0.00000512	0x08	0x00
SPI [1]	result	13.60336151	0.00000512	0x20	0x10
SPI [1]	result	13.60381176	0.00000512	0x0F	0x00
SPI [1]	result	13.60381704	0.00000512	0x10	0x00
SPI [1]	result	13.60382232	0.00000512	0x80	0xFF
SPI [1]	result	13.60382760	0.00000512	0x1A	0xFF
SPI [1]	result	13.60423064	0.00000512	0x00	0x00
SPI [1]	result	13.60423592	0.00000512	0x00	0x00
SPI [1]	result	13.60424120	0.00000512	0x00	0x00
SPI [1]	result	13.60424648	0.00000512	0x00	0x00
SPI [1]	result	13.60464651	0.00000512	0x08	0x00
SPI [1]	result	13.60465179	0.00000512	0x00	0x00
SPI [1]	result	13.60465707	0.00000512	0x88	0x0F
SPI [1]	result	13.60466235	0.00000512	0x32	0xFF
SPI [1]	result	13.64333681	0.00000512	0x00	0x00
SPI [1]	result	13.64334209	0.00000512	0x00	0x00
SPI [1]	result	13.64334737	0.00000512	0x08	0x00
SPI [1]	result	13.64335265	0.00000512	0x20	0x10
SPI [1]	result	13.64376232	0.00000512	0x08	0x00
SPI [1]	result	13.64376760	0.00000512	0x10	0x00
SPI [1]	result	13.64377288	0.00000512	0x80	0xFF
SPI [1]	result	13.64377816	0.00000512	0x22	0xFF
SPI [1]	result	13.64417980	0.00000512	0x00	0x00
SPI [1]	result	13.64418508	0.00000512	0x00	0x00
SPI [1]	result	13.64419036	0.00000512	0x09	0x00
SPI [1]	result	13.64419564	0.00000512	0xA6	0x7F
SPI [1]	result	13.64459679	0.00000512	0x09	0x00
SPI [1]	result	13.64460207	0.00000512	0x00	0x00
SPI [1]	result	13.64460735	0.00000512	0x88	0x7F
SPI [1]	result	13.64461263	0.00000512	0x3A	0xFF
SPI [1]	result	13.64501372	0.00000512	0x00	0x00
SPI [1]	result	13.64501900	0.00000512	0x00	0x00
SPI [1]	result	13.64502428	0.00000512	0x00	0x00
SPI [1]	result	13.64502956	0.00000512	0x00	0x00
SPI [1]	result	13.64542860	0.00000512	0x08	0x00
SPI [1]	result	13.64543388	0.00000512	0x00	0x00
SPI [1]	result	13.64543916	0.00000512	0x89	0x07
SPI [1]	result	13.64544444	0.00000512	0xB8	0xFF
SPI [1]	result	13.68333607	0.00000512	0x00	0x00
SPI [1]	result	13.68334135	0.00000512	0x00	0x00
SPI [1]	result	13.68334663	0.00000512	0x08	0x00
SPI [1]	result	13.68335191	0.00000512	0x20	0x04
SPI [1]	result	13.68376841	0.00000512	0x0A	0x00
SPI [1]	result	13.68377369	0.00000512	0x10	0x0F
SPI [1]	result	13.68377897	0.00000512	0x80	0xFF
SPI [1]	result	13.68378425	0.00000512	0x32	0xFF
SPI [1]	result	13.68418687	0.00000512	0x00	0x00
SPI [1]	result	13.68419215	0.00000512	0x00	0x00
SPI [1]	result	13.68419743	0.00000512	0x00	0x00
SPI [1]	result	13.68420271	0.00000512	0x00	0x00
SPI [1]	result	13.68460418	0.00000512	0x08	0x00
SPI [1]	result	13.68460946	0.00000512	0x00	0x00
SPI [1]	result	13.68461474	0.00000512	0x88	0x07
SPI [1]	result	13.68462002	0.00000512	0x32	0xFF
SPI [1]	result	13.72333595	0.00000512	0x00	0x00
SPI [1]	result	13.72334123	0.00000512	0x00	0x00
SPI [1]	result	13.72334651	0.00000512	0x08	0x00
SPI [1]	result	13.72335179	0.00000512	0x20	0x10
SPI [1]	result	13.72376363	0.00000512	0x0B	0x00
SPI [1]	result	13.72376891	0.00000512	0x10	0x1F
SPI [1]	result	13.72377419	0.00000512	0x80	0xFF
SPI [1]	result	13.72377947	0.00000512	0x3A	0xFF
SPI [1]	result	13.72418256	0.00000512	0x00	0x00
SPI [1]	result	13.72418784	0.00000512	0x00	0x00
SPI [1]	result	13.72419312	0.00000512	0x00	0x00
SPI [1]	result	13.72419840	0.00000512	0x00	0x00
SPI [1]	result	13.72460032	0.00000512	0x08	0x00
SPI [1]	result	13.72460560	0.00000512	0x00	0x00
SPI [1]	result	13.72461088	0.00000512	0x88	0x07
SPI [1]	result	13.72461616	0.00000512	0x32	0xFF
SPI [1]	result	13.76333914	0.00000512	0x00	0x00
SPI [1]	result	13.76334442	0.00000512	0x00	0x00
SPI [1]	result	13.76334970	0.00000512	0x08	0x00
SPI [1]	result	13.76335498	0.00000512	0x20	0x10
SPI [1]	result	13.76377364	0.00000512	0x0C	0x00
SPI [1]	result	13.76377892	0.00000512	0x10	0x00
SPI [1]	result	13.76378420	0.00000512	0x80	0xFF
SPI [1]	result	13.76378948	0.00000512	0x02	0xFB
SPI [1]	result	13.76419287	0.00000512	0x00	0x00
SPI [1]	result	13.76419815	0.00000512	0x00	0x00
SPI [1]	result	13.76420343	0.00000512	0x09	0x00
SPI [1]	result	13.76420871	0.00000512	0xA6	0x7F
SPI [1]	result	13.76461022	0.00000512	0x0D	0x00
SPI [1]	result	13.76461550	0.00000512	0x00	0x00
SPI [1]	result	13.76462078	0.00000512	0x88	0x7F
SPI [1]	result	13.76462606	0.00000512	0x1A	0xFF
SPI [1]	result	13.76502477	0.00000512	0x00	0x00
SPI [1]	result	13.76503005	0.00000512	0x00	0x00
SPI [1]	result	13.76503533	0.00000512	0x00	0x00
SPI [1]	result	13.76504061	0.00000512	0x00	0x00
SPI [1]	result	13.76544181	0.00000512	0x08	0x00
SPI [1]	result	13.76544709	0.00000512	0x00	0x00
SPI [1]	result	13.76545237	0.00000512	0x89	0x07
SPI [1]	result	13.76545765	0.00000512	0xB8	0xFF
SPI [1]	result	13.80333513	0.00000512	0x00	0x00
SPI [1]	result	13.80334041	0.00000512	0x00	0x00
SPI [1]	result	13.80334569	0.00000512	0x08	0x00
SPI [1]	result	13.80335097	0.00000512	0x20	0x10
SPI [1]	result	13.80376528	0.00000512	0x0E	0x00
SPI [1]	result	13.80377056	0.00000512	0x10	0x00
SPI [1]	result	13.80377584	0.00000512	0x80	0xFF
SPI [1]	result	13.80378112	0.00000512	0x12	0xFF
SPI [1]	result	13.80418336	0.00000512	0x00	0x00
SPI [1]	result	13.80418864	0.00000512	0x00	0x00
SPI [1]	result	13.80419392	0.00000512	0x00	0x00
SPI [1]	result	13.80419920	0.00000512	0x00	0x00
SPI [1]	result	13.80459770	0.00000512	0x08	0x00
SPI [1]	result	13.80460298	0.00000512	0x00	0x00
SPI [1]	result	13.80460826	0.00000512	0x88	0x07
SPI [1]	result	13.80461354	0.00000512	0x32	0xFF
SPI [1]	result	13.84333233	0.00000512	0x00	0x00
SPI [1]	result	13.84333761	0.00000512	0x00	0x00
SPI [1]	result	13.84334289	0.00000512	0x08	0x00
SPI [1]	result	13.84334817	0.00000512	0x20	0x10
SPI [1]	result	13.84375378	0.00000512	0x0F	0x00
SPI [1]	result	13.84375906	0.00000512	0x10	0x00
SPI [1]	result	13.84376434	0.00000512	0x80	0xFF
SPI [1]	result	13.84376962	0.00000512	0x1A	0xFF
SPI [1]	result	13.84417042	0.00000512	0x00	0x00
SPI [1]	result	13.84417570	0.00000512	0x00	0x00
SPI [1]	result	13.84418098	0.00000512	0x00	0x00
SPI [1]	result	13.84418626	0.00000512	0x00	0x00
SPI [1]	result	13.84458803	0.00000512	0x08	0x00
SPI [1]	result	13.84459331	0.00000512	0x00	0x00
SPI [1]	result	13.84459859	0.00000512	0x88	0x07
SPI [1]	result	13.84460387	0.00000512	0x32	0xFF
SPI [1]	result	13.88334559	0.00000512	0x00	0x00
SPI [1]	result	13.88335087	0.00000512	0x00	0x00
SPI [1]	result	13.88335615	0.00000512	0x08	0x00
SPI [1]	result	13.88336143	0.00000512	0x20	0x10
SPI [1]	result	13.88380687	0.00000512	0x08	0x00
SPI [1]	result	13.88381215	0.00000512	0x10	0x00
SPI [1]	result	13.88381743	0.00000512	0x80	0xFF
SPI [1]	result	13.88382271	0.00000512	0x22	0xFF
SPI [1]	result	13.88422613	0.00000512	0x00	0x00
SPI [1]	result	13.88423141	0.00000512	0x00	0x00
SPI [1]	result	13.88423669	0.00000512	0x09	0x00
SPI [1]	result	13.88424197	0.00000512	0xA6	0x7F
SPI [1]	result	13.88464318	0.00000512	0x09	0x00
SPI [1]	result	13.88464846	0.00000512	0x00	0x00
SPI [1]	result	13.88465374	0.00000512	0x88	0x7F
SPI [1]	result	13.88465902	0.00000512	0x3A	0xFF
SPI [1]	result	13.88506011	0.00000512	0x00	0x00
SPI [1]	result	13.88506539	0.00000512	0x00	0x00
SPI [1]	result	13.88507067	0.00000512	0x00	0x00
SPI [1]	result	13.88507595	0.00000512	0x00	0x00
SPI [1]	result	13.88547628	0.00000512	0x08	0x00
SPI [1]	result	13.88548156	0.00000512	0x00	0x00
SPI [1]	result	13.88548684	0.00000512	0x89	0x07
SPI [1]	result	13.88549212	0.00000512	0xB8	0xFF
SPI [1]	result	13.92333547	0.00000512	0x00	0x00
SPI [1]	result	13.92334075	0.00000512	0x00	0x00
SPI [1]	result	13.92334603	0.00000512	0x08	0x00
SPI [1]	result	13.92335131	0.00000512	0x20	0x10
SPI [1]	result	13.92376802	0.00000512	0x0A	0x00
SPI [1]	result	13.92377330	0.00000512	0x10	0x1F
SPI [1]	result	13.92377858	0.00000512	0x80	0xFF
SPI [1]	result	13.92378386	0.00000512	0x32	0xFF
SPI [1]	result	13.92418682	0.00000512	0x00	0x00
SPI [1]	result	13.92419210	0.00000512	0x00	0x00
SPI [1]	result	13.92419738	0.00000512	0x00	0x00
SPI [1]	result	13.92420266	0.00000512	0x00	0x00
SPI [1]	result	13.92460612	0.00000512	0x08	0x00
SPI [1]	result	13.92461140	0.00000512	0x00	0x00
SPI [1]	result	13.92461668	0.00000512	0x88	0x0F
SPI [1]	result	13.92462196	0.00000512	0x32	0xFF
SPI [1]	result	13.96333279	0.00000512	0x00	0x00
SPI [1]	result	13.96333807	0.00000512	0x00	0x00
SPI [1]	result	13.96334335	0.00000512	0x08	0x00
SPI [1]	result	13.96334863	0.00000512	0x20	0x10
SPI [1]	result	13.96375509	0.00000512	0x0B	0x00
SPI [1]	result	13.96376037	0.00000512	0x10	0x1F
SPI [1]	result	13.96376565	0.00000512	0x80	0xFF
SPI [1]	result	13.96377093	0.00000512	0x3A	0xFF
SPI [1]	result	13.96417224	0.00000512	0x00	0x00
SPI [1]	result	13.96417752	0.00000512	0x00	0x00
SPI [1]	result	13.96418280	0.00000512	0x00	0x00
SPI [1]	result	13.96418808	0.00000512	0x00	0x00
SPI [1]	result	13.96458897	0.00000512	0x08	0x00
SPI [1]	result	13.96459425	0.00000512	0x00	0x00
SPI [1]	result	13.96459953	0.00000512	0x88	0x0F
SPI [1]	result	13.96460481	0.00000512	0x32	0xFF
SPI [1]	result	14.00333363	0.00000512	0x00	0x00
SPI [1]	result	14.00333891	0.00000512	0x00	0x00
SPI [1]	result	14.00334419	0.00000512	0x08	0x00
SPI [1]	result	14.00334947	0.00000512	0x20	0x10
SPI [1]	result	14.00375320	0.00000512	0x0C	0x00
SPI [1]	result	14.00375848	0.00000512	0x10	0x00
SPI [1]	result	14.00376376	0.00000512	0x80	0x7F
SPI [1]	result	14.00376904	0.00000512	0x02	0xFF
SPI [1]	result	14.00417052	0.00000512	0x00	0x00
SPI [1]	result	14.00417580	0.00000512	0x00	0x00
SPI [1]	result	14.00418108	0.00000512	0x09	0x00
SPI [1]	result	14.00418636	0.00000512	0xA6	0x7F
SPI [1]	result	14.00458445	0.00000512	0x0D	0x00
SPI [1]	result	14.00458973	0.00000512	0x00	0x00
SPI [1]	result	14.00459501	0.00000512	0x88	0x7F
SPI [1]	result	14.00460029	0.00000512	0x1A	0xFF
SPI [1]	result	14.00500141	0.00000512	0x00	0x00
SPI [1]	result	14.00500669	0.00000512	0x00	0x00
SPI [1]	result	14.00501197	0.00000512	0x00	0x00
SPI [1]	result	14.00501725	0.00000512	0x00	0x00
SPI [1]	result	14.00541834	0.00000512	0x08	0x00
SPI [1]	result	14.00542362	0.00000512	0x00	0x00
SPI [1]	result	14.00542890	0.00000512	0x89	0x07
SPI [1]	result	14.00543418	0.00000512	0xB8	0xFF
SPI [1]	result	14.04333150	0.00000512	0x00	0x00
SPI [1]	result	14.04333678	0.00000512	0x00	0x00
SPI [1]	result	14.04334206	0.00000512	0x08	0x00
SPI [1]	result	14.04334734	0.00000512	0x20	0x18
SPI [1]	result	14.04374908	0.00000512	0x0E	0x00
SPI [1]	result	14.04375436	0.00000512	0x10	0x00
SPI [1]	result	14.04375964	0.00000512	0x80	0xFF
SPI [1]	result	14.04376492	0.00000512	0x12	0xFF
SPI [1]	result	14.04416566	0.00000512	0x00	0x00
SPI [1]	result	14.04417094	0.00000512	0x00	0x00
SPI [1]	result	14.04417622	0.00000512	0x00	0x00
SPI [1]	result	14.04418150	0.00000512	0x00	0x00
SPI [1]	result	14.04458218	0.00000512	0x08	0x00
SPI [1]	result	14.04458746	0.00000512	0x00	0x00
SPI [1]	result	14.04459274	0.00000512	0x88	0x07
SPI [1]	result	14.04459802	0.00000512	0x32	0xFF
SPI [1]	result	14.08333122	0.00000512	0x00	0x00
SPI [1]	result	14.08333650	0.00000512	0x00	0x00
SPI [1]	result	14.08334178	0.00000512	0x08	0x00
SPI [1]	result	14.08334706	0.00000512	0x20	0x10
SPI [1]	result	14.08375030	0.00000512	0x0F	0x00
SPI [1]	result	14.08375558	0.00000512	0x10	0x00
SPI [1]	result	14.08376086	0.00000512	0x80	0xFF
SPI [1]	result	14.08376614	0.00000512	0x1A	0xFF
SPI [1]	result	14.08416706	0.00000512	0x00	0x00
SPI [1]	result	14.08417234	0.00000512	0x00	0x00
SPI [1]	result	14.08417762	0.00000512	0x00	0x00
SPI [1]	result	14.08418290	0.00000512	0x00	0x00
SPI [1]	result	14.08458122	0.00000512	0x08	0x00
SPI [1]	result	14.08458650	0.00000512	0x00	0x00
SPI [1]	result	14.08459178	0.00000512	0x88	0x0F
SPI [1]	result	14.08459706	0.00000512	0x32	0xFF
SPI [1]	result	14.12333311	0.00000512	0x00	0x00
SPI [1]	result	14.12333839	0.00000512	0x00	0x00
SPI [1]	result	14.12334367	0.00000512	0x08	0x00
SPI [1]	result	14.12334895	0.00000512	0x20	0x10
SPI [1]	result	14.12381805	0.00000512	0x08	0x00
SPI [1]	result	14.12382333	0.00000512	0x10	0x00
SPI [1]	result	14.12382861	0.00000512	0x80	0x7F
SPI [1]	result	14.12383389	0.00000512	0x22	0xBF
SPI [1]	result	14.12425148	0.00000512	0x00	0x00
SPI [1]	result	14.12425676	0.00000512	0x00	0x00
SPI [1]	result	14.12426204	0.00000512	0x09	0x00
SPI [1]	result	14.12426732	0.00000512	0xA6	0x7F
SPI [1]	result	14.12467003	0.00000512	0x09	0x00
SPI [1]	result	14.12467531	0.00000512	0x00	0x00
SPI [1]	result	14.12468059	0.00000512	0x88	0x7F
SPI [1]	result	14.12468587	0.00000512	0x3A	0xFF
SPI [1]	result	14.12508446	0.00000512	0x00	0x00
SPI [1]	result	14.12508974	0.00000512	0x00	0x00
SPI [1]	result	14.12509502	0.00000512	0x00	0x00
SPI [1]	result	14.12510030	0.00000512	0x00	0x00
SPI [1]	result	14.12550146	0.00000512	0x08	0x00
SPI [1]	result	14.12550674	0.00000512	0x00	0x00
SPI [1]	result	14.12551202	0.00000512	0x89	0x07
SPI [1]	result	14.12551730	0.00000512	0xB8	0xFF
SPI [1]	result	14.16333473	0.00000512	0x00	0x00
SPI [1]	result	14.16334001	0.00000512	0x00	0x00
SPI [1]	result	14.16334529	0.00000512	0x08	0x00
SPI [1]	result	14.16335057	0.00000512	0x20	0x10
SPI [1]	result	14.16375914	0.00000512	0x0A	0x00
SPI [1]	result	14.16376442	0.00000512	0x10	0x1F
SPI [1]	result	14.16376970	0.00000512	0x80	0xFF
SPI [1]	result	14.16377498	0.00000512	0x32	0xFF
SPI [1]	result	14.16417652	0.00000512	0x00	0x00
SPI [1]	result	14.16418180	0.00000512	0x00	0x00
SPI [1]	result	14.16418708	0.00000512	0x00	0x00
SPI [1]	result	14.16419236	0.00000512	0x00	0x00
SPI [1]	result	14.16459427	0.00000512	0x08	0x00
SPI [1]	result	14.16459955	0.00000512	0x00	0x00
SPI [1]	result	14.16460483	0.00000512	0x88	0x07
SPI [1]	result	14.16461011	0.00000512	0x32	0xFF
SPI [1]	result	14.20333438	0.00000512	0x00	0x00
SPI [1]	result	14.20333966	0.00000512	0x00	0x00
SPI [1]	result	14.20334494	0.00000512	0x08	0x00
SPI [1]	result	14.20335022	0.00000512	0x20	0x10
SPI [1]	result	14.20376501	0.00000512	0x0B	0x00
SPI [1]	result	14.20377029	0.00000512	0x10	0x1F
SPI [1]	result	14.20377557	0.00000512	0x80	0xFF
SPI [1]	result	14.20378085	0.00000512	0x3A	0xFF
SPI [1]	result	14.20418476	0.00000512	0x00	0x00
SPI [1]	result	14.20419004	0.00000512	0x00	0x00
SPI [1]	result	14.20419532	0.00000512	0x00	0x00
SPI [1]	result	14.20420060	0.00000512	0x00	0x00
SPI [1]	result	14.20460165	0.00000512	0x08	0x00
SPI [1]	result	14.20460693	0.00000512	0x00	0x00
SPI [1]	result	14.20461221	0.00000512	0x88	0x0F
SPI [1]	result	14.20461749	0.00000512	0x32	0xFF
SPI [1]	result	14.24333437	0.00000512	0x00	0x00
SPI [1]	result	14.24333965	0.00000512	0x00	0x00
SPI [1]	result	14.24334493	0.00000512	0x08	0x00
SPI [1]	result	14.24335021	0.00000512	0x20	0x10
SPI [1]	result	14.24375499	0.00000512	0x0C	0x00
SPI [1]	result	14.24376027	0.00000512	0x10	0x00
SPI [1]	result	14.24376555	0.00000512	0x80	0xFF
SPI [1]	result	14.24377083	0.00000512	0x02	0xE3
SPI [1]	result	14.24417225	0.00000512	0x00	0x00
SPI [1]	result	14.24417753	0.00000512	0x00	0x00
SPI [1]	result	14.24418281	0.00000512	0x09	0x00
SPI [1]	result	14.24418809	0.00000512	0xA6	0x7F
SPI [1]	result	14.24458926	0.00000512	0x0D	0x00
SPI [1]	result	14.24459454	0.00000512	0x00	0x00
SPI [1]	result	14.24459982	0.00000512	0x88	0x7F
SPI [1]	result	14.24460510	0.00000512	0x1A	0xFF
SPI [1]	result	14.24500647	0.00000512	0x00	0x00
SPI [1]	result	14.24501175	0.00000512	0x00	0x00
SPI [1]	result	14.24501703	0.00000512	0x00	0x00
SPI [1]	result	14.24502231	0.00000512	0x00	0x00
SPI [1]	result	14.24542303	0.00000512	0x08	0x00
SPI [1]	result	14.24542831	0.00000512	0x00	0x00
SPI [1]	result	14.24543359	0.00000512	0x89	0x07
SPI [1]	result	14.24543887	0.00000512	0xB8	0xFF
SPI [1]	result	14.28333593	0.00000512	0x00	0x00
SPI [1]	result	14.28334121	0.00000512	0x00	0x00
SPI [1]	result	14.28334649	0.00000512	0x08	0x00
SPI [1]	result	14.28335177	0.00000512	0x20	0x10
SPI [1]	result	14.28376315	0.00000512	0x0E	0x00
SPI [1]	result	14.28376843	0.00000512	0x10	0x00
SPI [1]	result	14.28377371	0.00000512	0x80	0xFF
SPI [1]	result	14.28377899	0.00000512	0x12	0xFF
SPI [1]	result	14.28418081	0.00000512	0x00	0x00
SPI [1]	result	14.28418609	0.00000512	0x00	0x00
SPI [1]	result	14.28419137	0.00000512	0x00	0x00
SPI [1]	result	14.28419665	0.00000512	0x00	0x00
SPI [1]	result	14.28459761	0.00000512	0x08	0x00
SPI [1]	result	14.28460289	0.00000512	0x00	0x00
SPI [1]	result	14.28460817	0.00000512	0x88	0x07
SPI [1]	result	14.28461345	0.00000512	0x32	0xFF
SPI [1]	result	14.32333204	0.00000512	0x00	0x00
SPI [1]	result	14.32333732	0.00000512	0x00	0x00
SPI [1]	result	14.32334260	0.00000512	0x08	0x00
SPI [1]	result	14.32334788	0.00000512	0x20	0x10
SPI [1]	result	14.32375152	0.00000512	0x0F	0x00
SPI [1]	result	14.32375680	0.00000512	0x10	0x00
SPI [1]	result	14.32376208	0.00000512	0x80	0xFF
SPI [1]	result	14.32376736	0.00000512	0x1A	0xFF
SPI [1]	result	14.32416840	0.00000512	0x00	0x00
SPI [1]	result	14.32417368	0.00000512	0x00	0x00
SPI [1]	result	14.32417896	0.00000512	0x00	0x00
SPI [1]	result	14.32418424	0.00000512	0x00	0x00
SPI [1]	result	14.32458488	0.00000512	0x08	0x00
SPI [1]	result	14.32459016	0.00000512	0x00	0x00
SPI [1]	result	14.32459544	0.00000512	0x88	0x07
SPI [1]	result	14.32460072	0.00000512	0x32	0xFF
SPI [1]	result	14.36333379	0.00000512	0x00	0x00
SPI [1]	result	14.36333907	0.00000512	0x00	0x00
SPI [1]	result	14.36334435	0.00000512	0x08	0x00
SPI [1]	result	14.36334963	0.00000512	0x20	0x00
SPI [1]	result	14.36375521	0.00000512	0x08	0x00
SPI [1]	result	14.36376049	0.00000512	0x10	0x00
SPI [1]	result	14.36376577	0.00000512	0x80	0x7F
SPI [1]	result	14.36377105	0.00000512	0x22	0xFF
SPI [1]	result	14.36417216	0.00000512	0x00	0x00
SPI [1]	result	14.36417744	0.00000512	0x00	0x00
SPI [1]	result	14.36418272	0.00000512	0x09	0x00
SPI [1]	result	14.36418800	0.00000512	0xA6	0x7F
SPI [1]	result	14.36458937	0.00000512	0x09	0x00
SPI [1]	result	14.36459465	0.00000512	0x00	0x00
SPI [1]	result	14.36459993	0.00000512	0x88	0x7F
SPI [1]	result	14.36460521	0.00000512	0x3A	0xFF
SPI [1]	result	14.36500337	0.00000512	0x00	0x00
SPI [1]	result	14.36500865	0.00000512	0x00	0x00
SPI [1]	result	14.36501393	0.00000512	0x00	0x00
SPI [1]	result	14.36501921	0.00000512	0x00	0x00
SPI [1]	result	14.36542060	0.00000512	0x08	0x00
SPI [1]	result	14.36542588	0.00000512	0x00	0x00
SPI [1]	result	14.36543116	0.00000512	0x89	0x07
SPI [1]	result	14.36543644	0.00000512	0xB8	0xFF
SPI [1]	result	14.40333172	0.00000512	0x00	0x00
SPI [1]	result	14.40333700	0.00000512	0x00	0x00
SPI [1]	result	14.40334228	0.00000512	0x08	0x00
SPI [1]	result	14.40334756	0.00000512	0x20	0x10
SPI [1]	result	14.40374848	0.00000512	0x0A	0x00
SPI [1]	result	14.40375376	0.00000512	0x10	0x1F
SPI [1]	result	14.40375904	0.00000512	0x80	0xFF
SPI [1]	result	14.40376432	0.00000512	0x32	0xFF
SPI [1]	result	14.40416538	0.00000512	0x00	0x00
SPI [1]	result	14.40417066	0.00000512	0x00	0x00
SPI [1]	result	14.40417594	0.00000512	0x00	0x00
SPI [1]	result	14.40418122	0.00000512	0x00	0x00
SPI [1]	result	14.40458222	0.00000512	0x08	0x00
SPI [1]	result	14.40458750	0.00000512	0x00	0x00
SPI [1]	result	14.40459278	0.00000512	0x88	0x07
SPI [1]	result	14.40459806	0.00000512	0x32	0xFF
SPI [1]	result	14.44333103	0.00000512	0x00	0x00
SPI [1]	result	14.44333631	0.00000512	0x00	0x00
SPI [1]	result	14.44334159	0.00000512	0x08	0x00
SPI [1]	result	14.44334687	0.00000512	0x20	0x10
SPI [1]	result	14.44374954	0.00000512	0x0B	0x00
SPI [1]	result	14.44375482	0.00000512	0x10	0x1F
SPI [1]	result	14.44376010	0.00000512	0x80	0xFF
SPI [1]	result	14.44376538	0.00000512	0x3A	0xFF
SPI [1]	result	14.44416623	0.00000512	0x00	0x00
SPI [1]	result	14.44417151	0.00000512	0x00	0x00
SPI [1]	result	14.44417679	0.00000512	0x00	0x00
SPI [1]	result	14.44418207	0.00000512	0x00	0x00
SPI [1]	result	14.44458077	0.00000512	0x08	0x00
SPI [1]	result	14.44458605	0.00000512	0x00	0x00
SPI [1]	result	14.44459133	0.00000512	0x88	0x07
SPI [1]	result	14.44459661	0.00000512	0x32	0xFF
SPI [1]	result	14.48333302	0.00000512	0x00	0x00
SPI [1]	result	14.48333830	0.00000512	0x00	0x00
SPI [1]	result	14.48334358	0.00000512	0x08	0x00
SPI [1]	result	14.48334886	0.00000512	0x20	0x10
SPI [1]	result	14.48380489	0.00000512	0x0C	0x00
SPI [1]	result	14.48381017	0.00000512	0x10	0x00
SPI [1]	result	14.48381545	0.00000512	0x80	0xFF
SPI [1]	result	14.48382073	0.00000512	0x02	0xFF
SPI [1]	result	14.48423971	0.00000512	0x00	0x00
SPI [1]	result	14.48424499	0.00000512	0x00	0x00
SPI [1]	result	14.48425027	0.00000512	0x09	0x00
SPI [1]	result	14.48425555	0.00000512	0xA6	0x7F
SPI [1]	result	14.48465779	0.00000512	0x0D	0x00
SPI [1]	result	14.48466307	0.00000512	0x00	0x00
SPI [1]	result	14.48466835	0.00000512	0x88	0x7F
SPI [1]	result	14.48467363	0.00000512	0x1A	0xFF
SPI [1]	result	14.48507207	0.00000512	0x00	0x00
SPI [1]	result	14.48507735	0.00000512	0x00	0x00
SPI [1]	result	14.48508263	0.00000512	0x00	0x00
SPI [1]	result	14.48508791	0.00000512	0x00	0x00
SPI [1]	result	14.48548946	0.00000512	0x08	0x00
SPI [1]	result	14.48549474	0.00000512	0x00	0x00
SPI [1]	result	14.48550002	0.00000512	0x89	0x0F
SPI [1]	result	14.48550530	0.00000512	0xB8	0xFF
SPI [1]	result	14.52333416	0.00000512	0x00	0x00
SPI [1]	result	14.52333944	0.00000512	0x00	0x00
SPI [1]	result	14.52334472	0.00000512	0x08	0x00
SPI [1]	result	14.52335000	0.00000512	0x20	0x10
SPI [1]	result	14.52375567	0.00000512	0x0E	0x00
SPI [1]	result	14.52376095	0.00000512	0x10	0x08
SPI [1]	result	14.52376623	0.00000512	0x80	0xFF
SPI [1]	result	14.52377151	0.00000512	0x12	0xFF
SPI [1]	result	14.52417288	0.00000512	0x00	0x00
SPI [1]	result	14.52417816	0.00000512	0x00	0x00
SPI [1]	result	14.52418344	0.00000512	0x00	0x00
SPI [1]	result	14.52418872	0.00000512	0x00	0x00
SPI [1]	result	14.52458696	0.00000512	0x08	0x00
SPI [1]	result	14.52459224	0.00000512	0x00	0x00
SPI [1]	result	14.52459752	0.00000512	0x88	0x07
SPI [1]	result	14.52460280	0.00000512	0x32	0xFF
SPI [1]	result	14.56333429	0.00000512	0x00	0x00
SPI [1]	result	14.56333957	0.00000512	0x00	0x00
SPI [1]	result	14.56334485	0.00000512	0x08	0x00
SPI [1]	result	14.56335013	0.00000512	0x20	0x12
SPI [1]	result	14.56376571	0.00000512	0x0F	0x00
SPI [1]	result	14.56377099	0.00000512	0x10	0x00
SPI [1]	result	14.56377627	0.00000512	0x80	0xFF
SPI [1]	result	14.56378155	0.00000512	0x1A	0xFF
SPI [1]	result	14.56418356	0.00000512	0x00	0x00
SPI [1]	result	14.56418884	0.00000512	0x00	0x00
SPI [1]	result	14.56419412	0.00000512	0x00	0x00
SPI [1]	result	14.56419940	0.00000512	0x00	0x00
SPI [1]	result	14.56460049	0.00000512	0x08	0x00
SPI [1]	result	14.56460577	0.00000512	0x00	0x00
SPI [1]	result	14.56461105	0.00000512	0x88	0x07
SPI [1]	result	14.56461633	0.00000512	0x32	0xFF
SPI [1]	result	14.60334609	0.00000512	0x00	0x00
SPI [1]	result	14.60335137	0.00000512	0x00	0x00
SPI [1]	result	14.60335665	0.00000512	0x08	0x00
SPI [1]	result	14.60336193	0.00000512	0x20	0x00
SPI [1]	result	14.60380657	0.00000512	0x08	0x00
SPI [1]	result	14.60381185	0.00000512	0x10	0x00
SPI [1]	result	14.60381713	0.00000512	0x80	0xFF
SPI [1]	result	14.60382241	0.00000512	0x22	0xFF
SPI [1]	result	14.60422549	0.00000512	0x00	0x00
SPI [1]	result	14.60423077	0.00000512	0x00	0x00
SPI [1]	result	14.60423605	0.00000512	0x09	0x00
SPI [1]	result	14.60424133	0.00000512	0xA6	0x7F
SPI [1]	result	14.60464425	0.00000512	0x09	0x00
SPI [1]	result	14.60464953	0.00000512	0x00	0x00
SPI [1]	result	14.60465481	0.00000512	0x88	0x7F
SPI [1]	result	14.60466009	0.00000512	0x3A	0xFF
SPI [1]	result	14.60506152	0.00000512	0x00	0x00
SPI [1]	result	14.60506680	0.00000512	0x00	0x00
SPI [1]	result	14.60507208	0.00000512	0x00	0x00
SPI [1]	result	14.60507736	0.00000512	0x00	0x00
SPI [1]	result	14.60547902	0.00000512	0x08	0x00
SPI [1]	result	14.60548430	0.00000512	0x00	0x00
SPI [1]	result	14.60548958	0.00000512	0x89	0x07
SPI [1]	result	14.60549486	0.00000512	0xB8	0xFF
SPI [1]	result	14.64333768	0.00000512	0x00	0x00
SPI [1]	result	14.64334296	0.00000512	0x00	0x00
SPI [1]	result	14.64334824	0.00000512	0x08	0x00
SPI [1]	result	14.64335352	0.00000512	0x20	0x10
SPI [1]	result	14.64377430	0.00000512	0x0A	0x00
SPI [1]	result	14.64377958	0.00000512	0x10	0x0F
SPI [1]	result	14.64378486	0.00000512	0x80	0xFF
SPI [1]	result	14.64379014	0.00000512	0x32	0xFF
SPI [1]	result	14.64419189	0.00000512	0x00	0x00
SPI [1]	result	14.64419717	0.00000512	0x00	0x00
SPI [1]	result	14.64420245	0.00000512	0x00	0x00
SPI [1]	result	14.64420773	0.00000512	0x00	0x00
SPI [1]	result	14.64460949	0.00000512	0x08	0x00
SPI [1]	result	14.64461477	0.00000512	0x00	0x00
SPI [1]	result	14.64462005	0.00000512	0x88	0x07
SPI [1]	result	14.64462533	0.00000512	0x32	0xFF
SPI [1]	result	14.68333300	0.00000512	0x00	0x00
SPI [1]	result	14.68333828	0.00000512	0x00	0x00
SPI [1]	result	14.68334356	0.00000512	0x08	0x00
SPI [1]	result	14.68334884	0.00000512	0x20	0x10
SPI [1]	result	14.68375180	0.00000512	0x0B	0x00
SPI [1]	result	14.68375708	0.00000512	0x10	0x1F
SPI [1]	result	14.68376236	0.00000512	0x80	0xFF
SPI [1]	result	14.68376764	0.00000512	0x3A	0xFF
SPI [1]	result	14.68416864	0.00000512	0x00	0x00
SPI [1]	result	14.68417392	0.00000512	0x00	0x00
SPI [1]	result	14.68417920	0.00000512	0x00	0x00
SPI [1]	result	14.68418448	0.00000512	0x00	0x00
SPI [1]	result	14.68458542	0.00000512	0x08	0x00
SPI [1]	result	14.68459070	0.00000512	0x00	0x00
SPI [1]	result	14.68459598	0.00000512	0x88	0x07
SPI [1]	result	14.68460126	0.00000512	0x32	0xFF
SPI [1]	result	14.72333402	0.00000512	0x00	0x00
SPI [1]	result	14.72333930	0.00000512	0x00	0x00
SPI [1]	result	14.72334458	0.00000512	0x08	0x00
SPI [1]	result	14.72334986	0.00000512	0x20	0x10
SPI [1]	result	14.72375022	0.00000512	0x0C	0x00
SPI [1]	result	14.72375550	0.00000512	0x10	0x00
SPI [1]	result	14.72376078	0.00000512	0x80	0xFF
SPI [1]	result	14.72376606	0.00000512	0x02	0xFB
SPI [1]	result	14.72416727	0.00000512	0x00	0x00
SPI [1]	result	14.72417255	0.00000512	0x00	0x00
SPI [1]	result	14.72417783	0.00000512	0x09	0x00
SPI [1]	result	14.72418311	0.00000512	0xA6	0x7F
SPI [1]	result	14.72458386	0.00000512	0x0D	0x00
SPI [1]	result	14.72458914	0.00000512	0x00	0x00
SPI [1]	result	14.72459442	0.00000512	0x88	0x7F
SPI [1]	result	14.72459970	0.00000512	0x1A	0xFF
SPI [1]	result	14.72500039	0.00000512	0x00	0x00
SPI [1]	result	14.72500567	0.00000512	0x00	0x00
SPI [1]	result	14.72501095	0.00000512	0x00	0x00
SPI [1]	result	14.72501623	0.00000512	0x00	0x00
SPI [1]	result	14.72541817	0.00000512	0x08	0x00
SPI [1]	result	14.72542345	0.00000512	0x00	0x00
SPI [1]	result	14.72542873	0.00000512	0x89	0x0F
SPI [1]	result	14.72543401	0.00000512	0xB8	0xFF
SPI [1]	result	14.76333520	0.00000512	0x00	0x00
SPI [1]	result	14.76334048	0.00000512	0x00	0x00
SPI [1]	result	14.76334576	0.00000512	0x08	0x00
SPI [1]	result	14.76335104	0.00000512	0x20	0x10
SPI [1]	result	14.76376472	0.00000512	0x0E	0x00
SPI [1]	result	14.76377000	0.00000512	0x10	0x00
SPI [1]	result	14.76377528	0.00000512	0x80	0xFF
SPI [1]	result	14.76378056	0.00000512	0x12	0xFF
SPI [1]	result	14.76418301	0.00000512	0x00	0x00
SPI [1]	result	14.76418829	0.00000512	0x00	0x00
SPI [1]	result	14.76419357	0.00000512	0x00	0x00
SPI [1]	result	14.76419885	0.00000512	0x00	0x00
SPI [1]	result	14.76459996	0.00000512	0x08	0x00
SPI [1]	result	14.76460524	0.00000512	0x00	0x00
SPI [1]	result	14.76461052	0.00000512	0x88	0x07
SPI [1]	result	14.76461580	0.00000512	0x32	0xFF
SPI [1]	result	14.80333479	0.00000512	0x00	0x00
SPI [1]	result	14.80334007	0.00000512	0x00	0x00
SPI [1]	result	14.80334535	0.00000512	0x08	0x00
SPI [1]	result	14.80335063	0.00000512	0x20	0x10
SPI [1]	result	14.80375848	0.00000512	0x0F	0x00
SPI [1]	result	14.80376376	0.00000512	0x10	0x00
SPI [1]	result	14.80376904	0.00000512	0x80	0xFF
SPI [1]	result	14.80377432	0.00000512	0x1A	0xFF
SPI [1]	result	14.80417608	0.00000512	0x00	0x00
SPI [1]	result	14.80418136	0.00000512	0x00	0x00
SPI [1]	result	14.80418664	0.00000512	0x00	0x00
SPI [1]	result	14.80419192	0.00000512	0x00	0x00
SPI [1]	result	14.80459268	0.00000512	0x08	0x00
SPI [1]	result	14.80459796	0.00000512	0x00	0x00
SPI [1]	result	14.80460324	0.00000512	0x88	0x07
SPI [1]	result	14.80460852	0.00000512	0x32	0xFF
SPI [1]	result	14.84333687	0.00000512	0x00	0x00
SPI [1]	result	14.84334215	0.00000512	0x00	0x00
SPI [1]	result	14.84334743	0.00000512	0x08	0x00
SPI [1]	result	14.84335271	0.00000512	0x20	0x10
SPI [1]	result	14.84376437	0.00000512	0x08	0x00
SPI [1]	result	14.84376965	0.00000512	0x10	0x00
SPI [1]	result	14.84377493	0.00000512	0x80	0x7F
SPI [1]	result	14.84378021	0.00000512	0x22	0xFF
SPI [1]	result	14.84425250	0.00000512	0x00	0x00
SPI [1]	result	14.84425778	0.00000512	0x00	0x00
SPI [1]	result	14.84426306	0.00000512	0x09	0x00
SPI [1]	result	14.84426834	0.00000512	0xA6	0x7F
SPI [1]	result	14.84469012	0.00000512	0x09	0x00
SPI [1]	result	14.84469540	0.00000512	0x00	0x00
SPI [1]	result	14.84470068	0.00000512	0x88	0x7F
SPI [1]	result	14.84470596	0.00000512	0x3A	0xFF
SPI [1]	result	14.84510898	0.00000512	0x00	0x00
SPI [1]	result	14.84511426	0.00000512	0x00	0x00
SPI [1]	result	14.84511954	0.00000512	0x00	0x00
SPI [1]	result	14.84512482	0.00000512	0x00	0x00
SPI [1]	result	14.84552641	0.00000512	0x08	0x00
SPI [1]	result	14.84553169	0.00000512	0x00	0x00
SPI [1]	result	14.84553697	0.00000512	0x89	0x07
SPI [1]	result	14.84554225	0.00000512	0xB8	0xFF
SPI [1]	result	14.88333439	0.00000512	0x00	0x00
SPI [1]	result	14.88333967	0.00000512	0x00	0x00
SPI [1]	result	14.88334495	0.00000512	0x08	0x00
SPI [1]	result	14.88335023	0.00000512	0x20	0x14
SPI [1]	result	14.88375567	0.00000512	0x0A	0x00
SPI [1]	result	14.88376095	0.00000512	0x10	0x1F
SPI [1]	result	14.88376623	0.00000512	0x80	0xFF
SPI [1]	result	14.88377151	0.00000512	0x32	0xFF
SPI [1]	result	14.88417034	0.00000512	0x00	0x00
SPI [1]	result	14.88417562	0.00000512	0x00	0x00
SPI [1]	result	14.88418090	0.00000512	0x00	0x00
SPI [1]	result	14.88418618	0.00000512	0x00	0x00
SPI [1]	result	14.88458683	0.00000512	0x08	0x00
SPI [1]	result	14.88459211	0.00000512	0x00	0x00
SPI [1]	result	14.88459739	0.00000512	0x88	0x07
SPI [1]	result	14.88460267	0.00000512	0x32	0xFF
SPI [1]	result	14.92333472	0.00000512	0x00	0x00
SPI [1]	result	14.92334000	0.00000512	0x00	0x00
SPI [1]	result	14.92334528	0.00000512	0x08	0x00
SPI [1]	result	14.92335056	0.00000512	0x20	0x00
SPI [1]	result	14.92376671	0.00000512	0x0B	0x00
SPI [1]	result	14.92377199	0.00000512	0x10	0x1F
SPI [1]	result	14.92377727	0.00000512	0x80	0xFF
SPI [1]	result	14.92378255	0.00000512	0x3A	0xFF
SPI [1]	result	14.92418515	0.00000512	0x00	0x00
SPI [1]	result	14.92419043	0.00000512	0x00	0x00
SPI [1]	result	14.92419571	0.00000512	0x00	0x00
SPI [1]	result	14.92420099	0.00000512	0x00	0x00
SPI [1]	result	14.92459960	0.00000512	0x08	0x00
SPI [1]	result	14.92460488	0.00000512	0x00	0x00
SPI [1]	result	14.92461016	0.00000512	0x88	0x0F
SPI [1]	result	14.92461544	0.00000512	0x32	0xFF
SPI [1]	result	14.96333700	0.00000512	0x00	0x00
SPI [1]	result	14.96334228	0.00000512	0x00	0x00
SPI [1]	result	14.96334756	0.00000512	0x08	0x00
SPI [1]	result	14.96335284	0.00000512	0x20	0x00
SPI [1]	result	14.96376965	0.00000512	0x0C	0x00
SPI [1]	result	14.96377493	0.00000512	0x10	0x00
SPI [1]	result	14.96378021	0.00000512	0x80	0x7F
SPI [1]	result	14.96378549	0.00000512	0x02	0xFF
SPI [1]	result	14.96418834	0.00000512	0x00	0x00
SPI [1]	result	14.96419362	0.00000512	0x00	0x00
SPI [1]	result	14.96419890	0.00000512	0x09	0x00
SPI [1]	result	14.96420418	0.00000512	0xA6	0x7F
SPI [1]	result	14.96460564	0.00000512	0x0D	0x00
SPI [1]	result	14.96461092	0.00000512	0x00	0x00
SPI [1]	result	14.96461620	0.00000512	0x88	0x7F
SPI [1]	result	14.96462148	0.00000512	0x1A	0xFF
SPI [1]	result	14.96502005	0.00000512	0x00	0x00
SPI [1]	result	14.96502533	0.00000512	0x00	0x00
SPI [1]	result	14.96503061	0.00000512	0x00	0x00
SPI [1]	result	14.96503589	0.00000512	0x00	0x00
SPI [1]	result	14.96543747	0.00000512	0x08	0x00
SPI [1]	result	14.96544275	0.00000512	0x00	0x00
SPI [1]	result	14.96544803	0.00000512	0x89	0x07
SPI [1]	result	14.96545331	0.00000512	0xB8	0xFF
SPI [1]	result	15.00333801	0.00000512	0x00	0x00
SPI [1]	result	15.00334329	0.00000512	0x00	0x00
SPI [1]	result	15.00334857	0.00000512	0x08	0x00
SPI [1]	result	15.00335385	0.00000512	0x20	0x10
SPI [1]	result	15.00377507	0.00000512	0x0E	0x00
SPI [1]	result	15.00378035	0.00000512	0x10	0x00
SPI [1]	result	15.00378563	0.00000512	0x80	0xFF
SPI [1]	result	15.00379091	0.00000512	0x12	0xFF
SPI [1]	result	15.00419382	0.00000512	0x00	0x00
SPI [1]	result	15.00419910	0.00000512	0x00	0x00
SPI [1]	result	15.00420438	0.00000512	0x00	0x00
SPI [1]	result	15.00420966	0.00000512	0x00	0x00
SPI [1]	result	15.00460825	0.00000512	0x08	0x00
SPI [1]	result	15.00461353	0.00000512	0x00	0x00
SPI [1]	result	15.00461881	0.00000512	0x88	0x0F
SPI [1]	result	15.00462409	0.00000512	0x32	0xFF
SPI [1]	result	15.04333285	0.00000512	0x00	0x00
SPI [1]	result	15.04333813	0.00000512	0x00	0x00
SPI [1]	result	15.04334341	0.00000512	0x08	0x00
SPI [1]	result	15.04334869	0.00000512	0x20	0x10
SPI [1]	result	15.04375556	0.00000512	0x0F	0x00
SPI [1]	result	15.04376084	0.00000512	0x10	0x00
SPI [1]	result	15.04376612	0.00000512	0x80	0xFF
SPI [1]	result	15.04377140	0.00000512	0x1A	0xFF
SPI [1]	result	15.04416967	0.00000512	0x00	0x00
SPI [1]	result	15.04417495	0.00000512	0x00	0x00
SPI [1]	result	15.04418023	0.00000512	0x00	0x00
SPI [1]	result	15.04418551	0.00000512	0x00	0x00
SPI [1]	result	15.04458601	0.00000512	0x08	0x00
SPI [1]	result	15.04459129	0.00000512	0x00	0x00
SPI [1]	result	15.04459657	0.00000512	0x88	0x07
SPI [1]	result	15.04460185	0.00000512	0x32	0xFF
SPI [1]	result	15.08333374	0.00000512	0x00	0x00
SPI [1]	result	15.08333902	0.00000512	0x00	0x00
SPI [1]	result	15.08334430	0.00000512	0x08	0x00
SPI [1]	result	15.08334958	0.00000512	0x20	0x10
SPI [1]	result	15.08375387	0.00000512	0x08	0x00
SPI [1]	result	15.08375915	0.00000512	0x10	0x00
SPI [1]	result	15.08376443	0.00000512	0x80	0x7F
SPI [1]	result	15.08376971	0.00000512	0x22	0xFF
SPI [1]	result	15.08417088	0.00000512	0x00	0x00
SPI [1]	result	15.08417616	0.00000512	0x00	0x00
SPI [1]	result	15.08418144	0.00000512	0x09	0x00
SPI [1]	result	15.08418672	0.00000512	0xA6	0x7F
SPI [1]	result	15.08458466	0.00000512	0x09	0x00
SPI [1]	result	15.08458994	0.00000512	0x00	0x00
SPI [1]	result	15.08459522	0.00000512	0x88	0x7F
SPI [1]	result	15.08460050	0.00000512	0x3A	0xFF
SPI [1]	result	15.08500141	0.00000512	0x00	0x00
SPI [1]	result	15.08500669	0.00000512	0x00	0x00
SPI [1]	result	15.08501197	0.00000512	0x00	0x00
SPI [1]	result	15.08501725	0.00000512	0x00	0x00
SPI [1]	result	15.08541797	0.00000512	0x08	0x00
SPI [1]	result	15.08542325	0.00000512	0x00	0x00
SPI [1]	result	15.08542853	0.00000512	0x89	0x07
SPI [1]	result	15.08543381	0.00000512	0xB8	0xFF
SPI [1]	result	15.12333107	0.00000512	0x00	0x00
SPI [1]	result	15.12333635	0.00000512	0x00	0x00
SPI [1]	result	15.12334163	0.00000512	0x08	0x00
SPI [1]	result	15.12334691	0.00000512	0x20	0x00
SPI [1]	result	15.12375100	0.00000512	0x0A	0x00
SPI [1]	result	15.12375628	0.00000512	0x10	0x0F
SPI [1]	result	15.12376156	0.00000512	0x80	0xFF
SPI [1]	result	15.12376684	0.00000512	0x32	0xFF
SPI [1]	result	15.12416499	0.00000512	0x00	0x00
SPI [1]	result	15.12417027	0.00000512	0x00	0x00
SPI [1]	result	15.12417555	0.00000512	0x00	0x00
SPI [1]	result	15.12418083	0.00000512	0x00	0x00
SPI [1]	result	15.12458135	0.00000512	0x08	0x00
SPI [1]	result	15.12458663	0.00000512	0x00	0x00
SPI [1]	result	15.12459191	0.00000512	0x88	0x07
SPI [1]	result	15.12459719	0.00000512	0x32	0xFF
SPI [1]	result	15.16333164	0.00000512	0x00	0x00
SPI [1]	result	15.16333692	0.00000512	0x00	0x00
SPI [1]	result	15.16334220	0.00000512	0x08	0x00
SPI [1]	result	15.16334748	0.00000512	0x20	0x01
SPI [1]	result	15.16375121	0.00000512	0x0B	0x00
SPI [1]	result	15.16375649	0.00000512	0x10	0x0F
SPI [1]	result	15.16376177	0.00000512	0x80	0xFF
SPI [1]	result	15.16376705	0.00000512	0x3A	0xFF
SPI [1]	result	15.16416788	0.00000512	0x00	0x00
SPI [1]	result	15.16417316	0.00000512	0x00	0x00
SPI [1]	result	15.16417844	0.00000512	0x00	0x00
SPI [1]	result	15.16418372	0.00000512	0x00	0x00
SPI [1]	result	15.16458194	0.00000512	0x08	0x00
SPI [1]	result	15.16458722	0.00000512	0x00	0x00
SPI [1]	result	15.16459250	0.00000512	0x88	0x0F
SPI [1]	result	15.16459778	0.00000512	0x32	0xFF
SPI [1]	result	15.20333294	0.00000512	0x00	0x00
SPI [1]	result	15.20333822	0.00000512	0x00	0x00
SPI [1]	result	15.20334350	0.00000512	0x08	0x00
SPI [1]	result	15.20334878	0.00000512	0x20	0x10
SPI [1]	result	15.20375169	0.00000512	0x0C	0x00
SPI [1]	result	15.20375697	0.00000512	0x10	0x00
SPI [1]	result	15.20376225	0.00000512	0x80	0xFF
SPI [1]	result	15.20376753	0.00000512	0x02	0xE3
SPI [1]	result	15.20422526	0.00000512	0x00	0x00
SPI [1]	result	15.20423054	0.00000512	0x00	0x00
SPI [1]	result	15.20423582	0.00000512	0x09	0x00
SPI [1]	result	15.20424110	0.00000512	0xA6	0x7F
SPI [1]	result	15.20465999	0.00000512	0x0D	0x00
SPI [1]	result	15.20466527	0.00000512	0x00	0x00
SPI [1]	result	15.20467055	0.00000512	0x88	0x7F
SPI [1]	result	15.20467583	0.00000512	0x1A	0xFF
SPI [1]	result	15.20507533	0.00000512	0x00	0x00
SPI [1]	result	15.20508061	0.00000512	0x00	0x00
SPI [1]	result	15.20508589	0.00000512	0x00	0x00
SPI [1]	result	15.20509117	0.00000512	0x00	0x00
SPI [1]	result	15.20549248	0.00000512	0x08	0x00
SPI [1]	result	15.20549776	0.00000512	0x00	0x00
SPI [1]	result	15.20550304	0.00000512	0x89	0x07
SPI [1]	result	15.20550832	0.00000512	0xB8	0xFF
SPI [1]	result	15.24333368	0.00000512	0x00	0x00
SPI [1]	result	15.24333896	0.00000512	0x00	0x00
SPI [1]	result	15.24334424	0.00000512	0x08	0x00
SPI [1]	result	15.24334952	0.00000512	0x20	0x10
SPI [1]	result	15.24375339	0.00000512	0x0E	0x00
SPI [1]	result	15.24375867	0.00000512	0x10	0x00
SPI [1]	result	15.24376395	0.00000512	0x80	0xFF
SPI [1]	result	15.24376923	0.00000512	0x12	0xFF
SPI [1]	result	15.24417043	0.00000512	0x00	0x00
SPI [1]	result	15.24417571	0.00000512	0x00	0x00
SPI [1]	result	15.24418099	0.00000512	0x00	0x00
SPI [1]	result	15.24418627	0.00000512	0x00	0x00
SPI [1]	result	15.24458477	0.00000512	0x08	0x00
SPI [1]	result	15.24459005	0.00000512	0x00	0x00
SPI [1]	result	15.24459533	0.00000512	0x88	0x0F
SPI [1]	result	15.24460061	0.00000512	0x32	0xFF
SPI [1]	result	15.28333492	0.00000512	0x00	0x00
SPI [1]	result	15.28334020	0.00000512	0x00	0x00
SPI [1]	result	15.28334548	0.00000512	0x08	0x00
SPI [1]	result	15.28335076	0.00000512	0x20	0x10
SPI [1]	result	15.28376546	0.00000512	0x0F	0x00
SPI [1]	result	15.28377074	0.00000512	0x10	0x00
SPI [1]	result	15.28377602	0.00000512	0x80	0xFF
SPI [1]	result	15.28378130	0.00000512	0x1A	0xFF
SPI [1]	result	15.28418151	0.00000512	0x00	0x00
SPI [1]	result	15.28418679	0.00000512	0x00	0x00
SPI [1]	result	15.28419207	0.00000512	0x00	0x00
SPI [1]	result	15.28419735	0.00000512	0x00	0x00
SPI [1]	result	15.28459836	0.00000512	0x08	0x00
SPI [1]	result	15.28460364	0.00000512	0x00	0x00
SPI [1]	result	15.28460892	0.00000512	0x88	0x0F
SPI [1]	result	15.28461420	0.00000512	0x32	0xFF
SPI [1]	result	15.32333414	0.00000512	0x00	0x00
SPI [1]	result	15.32333942	0.00000512	0x00	0x00
SPI [1]	result	15.32334470	0.00000512	0x08	0x00
SPI [1]	result	15.32334998	0.00000512	0x20	0x10
SPI [1]	result	15.32375148	0.00000512	0x08	0x00
SPI [1]	result	15.32375676	0.00000512	0x10	0x00
SPI [1]	result	15.32376204	0.00000512	0x80	0x7F
SPI [1]	result	15.32376732	0.00000512	0x22	0x7F
SPI [1]	result	15.32416863	0.00000512	0x00	0x00
SPI [1]	result	15.32417391	0.00000512	0x00	0x00
SPI [1]	result	15.32417919	0.00000512	0x09	0x00
SPI [1]	result	15.32418447	0.00000512	0xA6	0x7F
SPI [1]	result	15.32458525	0.00000512	0x09	0x00
SPI [1]	result	15.32459053	0.00000512	0x00	0x00
SPI [1]	result	15.32459581	0.00000512	0x88	0x7F
SPI [1]	result	15.32460109	0.00000512	0x3A	0xFF
SPI [1]	result	15.32500248	0.00000512	0x00	0x00
SPI [1]	result	15.32500776	0.00000512	0x00	0x00
SPI [1]	result	15.32501304	0.00000512	0x00	0x00
SPI [1]	result	15.32501832	0.00000512	0x00	0x00
SPI [1]	result	15.32541910	0.00000512	0x08	0x00
SPI [1]	result	15.32542438	0.00000512	0x00	0x00
SPI [1]	result	15.32542966	0.00000512	0x89	0x07
SPI [1]	result	15.32543494	0.00000512	0xB8	0xFF
SPI [1]	result	15.36333824	0.00000512	0x00	0x00
SPI [1]	result	15.36334352	0.00000512	0x00	0x00
SPI [1]	result	15.36334880	0.00000512	0x08	0x00
SPI [1]	result	15.36335408	0.00000512	0x20	0x10
SPI [1]	result	15.36377841	0.00000512	0x0A	0x00
SPI [1]	result	15.36378369	0.00000512	0x10	0x1F
SPI [1]	result	15.36378897	0.00000512	0x80	0xFF
SPI [1]	result	15.36379425	0.00000512	0x32	0xFF
SPI [1]	result	15.36419725	0.00000512	0x00	0x00
SPI [1]	result	15.36420253	0.00000512	0x00	0x00
SPI [1]	result	15.36420781	0.00000512	0x00	0x00
SPI [1]	result	15.36421309	0.00000512	0x00	0x00
SPI [1]	result	15.36461464	0.00000512	0x08	0x00
SPI [1]	result	15.36461992	0.00000512	0x00	0x00
SPI [1]	result	15.36462520	0.00000512	0x88	0x0F
SPI [1]	result	15.36463048	0.00000512	0x32	0xFF
SPI [1]	result	15.40333219	0.00000512	0x00	0x00
SPI [1]	result	15.40333747	0.00000512	0x00	0x00
SPI [1]	result	15.40334275	0.00000512	0x08	0x00
SPI [1]	result	15.40334803	0.00000512	0x20	0x14
SPI [1]	result	15.40375297	0.00000512	0x0B	0x00
SPI [1]	result	15.40375825	0.00000512	0x10	0x1F
SPI [1]	result	15.40376353	0.00000512	0x80	0xFF
SPI [1]	result	15.40376881	0.00000512	0x3A	0xFF
SPI [1]	result	15.40416964	0.00000512	0x00	0x00
SPI [1]	result	15.40417492	0.00000512	0x00	0x00
SPI [1]	result	15.40418020	0.00000512	0x00	0x00
SPI [1]	result	15.40418548	0.00000512	0x00	0x00
SPI [1]	result	15.40458615	0.00000512	0x08	0x00
SPI [1]	result	15.40459143	0.00000512	0x00	0x00
SPI [1]	result	15.40459671	0.00000512	0x88	0x07
SPI [1]	result	15.40460199	0.00000512	0x32	0xFF
SPI [1]	result	15.44333382	0.00000512	0x00	0x00
SPI [1]	result	15.44333910	0.00000512	0x00	0x00
SPI [1]	result	15.44334438	0.00000512	0x08	0x00
SPI [1]	result	15.44334966	0.00000512	0x20	0x10
SPI [1]	result	15.44375347	0.00000512	0x0C	0x00
SPI [1]	result	15.44375875	0.00000512	0x10	0x00
SPI [1]	result	15.44376403	0.00000512	0x80	0x7F
SPI [1]	result	15.44376931	0.00000512	0x02	0xFF
SPI [1]	result	15.44417035	0.00000512	0x00	0x00
SPI [1]	result	15.44417563	0.00000512	0x00	0x00
SPI [1]	result	15.44418091	0.00000512	0x09	0x00
SPI [1]	result	15.44418619	0.00000512	0xA6	0x7F
SPI [1]	result	15.44458441	0.00000512	0x0D	0x00
SPI [1]	result	15.44458969	0.00000512	0x00	0x00
SPI [1]	result	15.44459497	0.00000512	0x88	0xFF
SPI [1]	result	15.44460025	0.00000512	0x1A	0xFF
SPI [1]	result	15.44500056	0.00000512	0x00	0x00
SPI [1]	result	15.44500584	0.00000512	0x00	0x00
SPI [1]	result	15.44501112	0.00000512	0x00	0x00
SPI [1]	result	15.44501640	0.00000512	0x00	0x00
SPI [1]	result	15.44541736	0.00000512	0x08	0x00
SPI [1]	result	15.44542264	0.00000512	0x00	0x00
SPI [1]	result	15.44542792	0.00000512	0x89	0x0F
SPI [1]	result	15.44543320	0.00000512	0xB8	0xFF
SPI [1]	result	15.48333180	0.00000512	0x00	0x00
SPI [1]	result	15.48333708	0.00000512	0x00	0x00
SPI [1]	result	15.48334236	0.00000512	0x08	0x00
SPI [1]	result	15.48334764	0.00000512	0x20	0x10
SPI [1]	result	15.48374935	0.00000512	0x0E	0x00
SPI [1]	result	15.48375463	0.00000512	0x10	0x00
SPI [1]	result	15.48375991	0.00000512	0x80	0xFF
SPI [1]	result	15.48376519	0.00000512	0x12	0xFF
SPI [1]	result	15.48416598	0.00000512	0x00	0x00
SPI [1]	result	15.48417126	0.00000512	0x00	0x00
SPI [1]	result	15.48417654	0.00000512	0x00	0x00
SPI [1]	result	15.48418182	0.00000512	0x00	0x00
SPI [1]	result	15.48458271	0.00000512	0x08	0x00
SPI [1]	result	15.48458799	0.00000512	0x00	0x00
SPI [1]	result	15.48459327	0.00000512	0x88	0x07
SPI [1]	result	15.48459855	0.00000512	0x32	0xFF
SPI [1]	result	15.52333155	0.00000512	0x00	0x00
SPI [1]	result	15.52333683	0.00000512	0x00	0x00
SPI [1]	result	15.52334211	0.00000512	0x08	0x00
SPI [1]	result	15.52334739	0.00000512	0x20	0x11
SPI [1]	result	15.52374964	0.00000512	0x0F	0x00
SPI [1]	result	15.52375492	0.00000512	0x10	0x00
SPI [1]	result	15.52376020	0.00000512	0x80	0xFF
SPI [1]	result	15.52376548	0.00000512	0x1A	0xBF
SPI [1]	result	15.52416645	0.00000512	0x00	0x00
SPI [1]	result	15.52417173	0.00000512	0x00	0x00
SPI [1]	result	15.52417701	0.00000512	0x00	0x00
SPI [1]	result	15.52418229	0.00000512	0x00	0x00
SPI [1]	result	15.52458051	0.00000512	0x08	0x00
SPI [1]	result	15.52458579	0.00000512	0x00	0x00
SPI [1]	result	15.52459107	0.00000512	0x88	0x07
SPI [1]	result	15.52459635	0.00000512	0x32	0xFF
SPI [1]	result	15.56333344	0.00000512	0x00	0x00
SPI [1]	result	15.56333872	0.00000512	0x00	0x00
SPI [1]	result	15.56334400	0.00000512	0x08	0x00
SPI [1]	result	15.56334928	0.00000512	0x20	0x10
SPI [1]	result	15.56375113	0.00000512	0x08	0x00
SPI [1]	result	15.56375641	0.00000512	0x10	0x00
SPI [1]	result	15.56376169	0.00000512	0x80	0xFF
SPI [1]	result	15.56376697	0.00000512	0x22	0xFF
SPI [1]	result	15.56416832	0.00000512	0x00	0x00
SPI [1]	result	15.56417360	0.00000512	0x00	0x00
SPI [1]	result	15.56417888	0.00000512	0x09	0x00
SPI [1]	result	15.56418416	0.00000512	0xA6	0x7F
SPI [1]	result	15.56464621	0.00000512	0x09	0x00
SPI [1]	result	15.56465149	0.00000512	0x00	0x00
SPI [1]	result	15.56465677	0.00000512	0x88	0x7F
SPI [1]	result	15.56466205	0.00000512	0x3A	0xFF
SPI [1]	result	15.56507638	0.00000512	0x00	0x00
SPI [1]	result	15.56508166	0.00000512	0x00	0x00
SPI [1]	result	15.56508694	0.00000512	0x00	0x00
SPI [1]	result	15.56509222	0.00000512	0x00	0x00
SPI [1]	result	15.56549550	0.00000512	0x08	0x00
SPI [1]	result	15.56550078	0.00000512	0x00	0x00
SPI [1]	result	15.56550606	0.00000512	0x89	0x07
SPI [1]	result	15.56551134	0.00000512	0xB8	0xFF
SPI [1]	result	15.60334516	0.00000512	0x00	0x00
SPI [1]	result	15.60335044	0.00000512	0x00	0x00
SPI [1]	result	15.60335572	0.00000512	0x08	0x00
SPI [1]	result	15.60336100	0.00000512	0x20	0x10
SPI [1]	result	15.60381039	0.00000512	0x0A	0x00
SPI [1]	result	15.60381567	0.00000512	0x10	0x1F
SPI [1]	result	15.60382095	0.00000512	0x80	0xFF
SPI [1]	result	15.60382623	0.00000512	0x32	0xFF
SPI [1]	result	15.60422993	0.00000512	0x00	0x00
SPI [1]	result	15.60423521	0.00000512	0x00	0x00
SPI [1]	result	15.60424049	0.00000512	0x00	0x00
SPI [1]	result	15.60424577	0.00000512	0x00	0x00
SPI [1]	result	15.60464753	0.00000512	0x08	0x00
SPI [1]	result	15.60465281	0.00000512	0x00	0x00
SPI [1]	result	15.60465809	0.00000512	0x88	0x07
SPI [1]	result	15.60466337	0.00000512	0x32	0xFF
SPI [1]	result	15.64333659	0.00000512	0x00	0x00
SPI [1]	result	15.64334187	0.00000512	0x00	0x00
SPI [1]	result	15.64334715	0.00000512	0x08	0x00
SPI [1]	result	15.64335243	0.00000512	0x20	0x10
SPI [1]	result	15.64377539	0.00000512	0x0B	0x00
SPI [1]	result	15.64378067	0.00000512	0x10	0x1F
SPI [1]	result	15.64378595	0.00000512	0x80	0xFF
SPI [1]	result	15.64379123	0.00000512	0x3A	0xFF
SPI [1]	result	15.64419344	0.00000512	0x00	0x00
SPI [1]	result	15.64419872	0.00000512	0x00	0x00
SPI [1]	result	15.64420400	0.00000512	0x00	0x00
SPI [1]	result	15.64420928	0.00000512	0x00	0x00
SPI [1]	result	15.64461191	0.00000512	0x08	0x00
SPI [1]	result	15.64461719	0.00000512	0x00	0x00
SPI [1]	result	15.64462247	0.00000512	0x88	0x07
SPI [1]	result	15.64462775	0.00000512	0x32	0xFF
SPI [1]	result	15.68333543	0.00000512	0x00	0x00
SPI [1]	result	15.68334071	0.00000512	0x00	0x00
SPI [1]	result	15.68334599	0.00000512	0x08	0x00
SPI [1]	result	15.68335127	0.00000512	0x20	0x10
SPI [1]	result	15.68375599	0.00000512	0x0C	0x00
SPI [1]	result	15.68376127	0.00000512	0x10	0x04
SPI [1]	result	15.68376655	0.00000512	0x80	0x7F
SPI [1]	result	15.68377183	0.00000512	0x02	0xDB
SPI [1]	result	15.68417348	0.00000512	0x00	0x00
SPI [1]	result	15.68417876	0.00000512	0x00	0x00
SPI [1]	result	15.68418404	0.00000512	0x09	0x00
SPI [1]	result	15.68418932	0.00000512	0xA6	0x7F
SPI [1]	result	15.68458778	0.00000512	0x0D	0x00
SPI [1]	result	15.68459306	0.00000512	0x00	0x00
SPI [1]	result	15.68459834	0.00000512	0x88	0x7F
SPI [1]	result	15.68460362	0.00000512	0x1A	0xFF
SPI [1]	result	15.68500515	0.00000512	0x00	0x00
SPI [1]	result	15.68501043	0.00000512	0x00	0x00
SPI [1]	result	15.68501571	0.00000512	0x00	0x00
SPI [1]	result	15.68502099	0.00000512	0x00	0x00
SPI [1]	result	15.68542640	0.00000512	0x08	0x00
SPI [1]	result	15.68543168	0.00000512	0x00	0x00
SPI [1]	result	15.68543696	0.00000512	0x89	0x07
SPI [1]	result	15.68544224	0.00000512	0xB8	0xFF
SPI [1]	result	15.72333541	0.00000512	0x00	0x00
SPI [1]	result	15.72334069	0.00000512	0x00	0x00
SPI [1]	result	15.72334597	0.00000512	0x08	0x00
SPI [1]	result	15.72335125	0.00000512	0x20	0x12
SPI [1]	result	15.72376407	0.00000512	0x0E	0x00
SPI [1]	result	15.72376935	0.00000512	0x10	0x00
SPI [1]	result	15.72377463	0.00000512	0x80	0xFF
SPI [1]	result	15.72377991	0.00000512	0x12	0xFF
SPI [1]	result	15.72418342	0.00000512	0x00	0x00
SPI [1]	result	15.72418870	0.00000512	0x00	0x00
SPI [1]	result	15.72419398	0.00000512	0x00	0x00
SPI [1]	result	15.72419926	0.00000512	0x00	0x00
SPI [1]	result	15.72460110	0.00000512	0x08	0x00
SPI [1]	result	15.72460638	0.00000512	0x00	0x00
SPI [1]	result	15.72461166	0.00000512	0x88	0x07
SPI [1]	result	15.72461694	0.00000512	0x32	0xFF
SPI [1]	result	15.76333207	0.00000512	0x00	0x00
SPI [1]	result	15.76333735	0.00000512	0x00	0x00
SPI [1]	result	15.76334263	0.00000512	0x08	0x00
SPI [1]	result	15.76334791	0.00000512	0x20	0x10
SPI [1]	result	15.76375166	0.00000512	0x0F	0x00
SPI [1]	result	15.76375694	0.00000512	0x10	0x00
SPI [1]	result	15.76376222	0.00000512	0x80	0xFF
SPI [1]	result	15.76376750	0.00000512	0x1A	0xFF
SPI [1]	result	15.76417017	0.00000512	0x00	0x00
SPI [1]	result	15.76417545	0.00000512	0x00	0x00
SPI [1]	result	15.76418073	0.00000512	0x00	0x00
SPI [1]	result	15.76418601	0.00000512	0x00	0x00
SPI [1]	result	15.76458688	0.00000512	0x08	0x00
SPI [1]	result	15.76459216	0.00000512	0x00	0x00
SPI [1]	result	15.76459744	0.00000512	0x88	0x07
SPI [1]	result	15.76460272	0.00000512	0x32	0xFF
SPI [1]	result	15.80333362	0.00000512	0x00	0x00
SPI [1]	result	15.80333890	0.00000512	0x00	0x00
SPI [1]	result	15.80334418	0.00000512	0x08	0x00
SPI [1]	result	15.80334946	0.00000512	0x20	0x10
SPI [1]	result	15.80375241	0.00000512	0x08	0x00
SPI [1]	result	15.80375769	0.00000512	0x10	0x00
SPI [1]	result	15.80376297	0.00000512	0x80	0xFF
SPI [1]	result	15.80376825	0.00000512	0x22	0xFF
SPI [1]	result	15.80416684	0.00000512	0x00	0x00
SPI [1]	result	15.80417212	0.00000512	0x00	0x00
SPI [1]	result	15.80417740	0.00000512	0x09	0x00
SPI [1]	result	15.80418268	0.00000512	0xA6	0x7F
SPI [1]	result	15.80458325	0.00000512	0x09	0x00
SPI [1]	result	15.80458853	0.00000512	0x00	0x00
SPI [1]	result	15.80459381	0.00000512	0x88	0x7F
SPI [1]	result	15.80459909	0.00000512	0x3A	0xFF
SPI [1]	result	15.80499968	0.00000512	0x00	0x00
SPI [1]	result	15.80500496	0.00000512	0x00	0x00
SPI [1]	result	15.80501024	0.00000512	0x00	0x00
SPI [1]	result	15.80501552	0.00000512	0x00	0x00
SPI [1]	result	15.80541661	0.00000512	0x08	0x00
SPI [1]	result	15.80542189	0.00000512	0x00	0x00
SPI [1]	result	15.80542717	0.00000512	0x89	0x07
SPI [1]	result	15.80543245	0.00000512	0xB8	0xFF
SPI [1]	result	15.84333270	0.00000512	0x00	0x00
SPI [1]	result	15.84333798	0.00000512	0x00	0x00
SPI [1]	result	15.84334326	0.00000512	0x08	0x00
SPI [1]	result	15.84334854	0.00000512	0x20	0x00
SPI [1]	result	15.84375097	0.00000512	0x0A	0x00
SPI [1]	result	15.84375625	0.00000512	0x10	0x1F
SPI [1]	result	15.84376153	0.00000512	0x80	0xFF
SPI [1]	result	15.84376681	0.00000512	0x32	0xFF
SPI [1]	result	15.84416847	0.00000512	0x00	0x00
SPI [1]	result	15.84417375	0.00000512	0x00	0x00
SPI [1]	result	15.84417903	0.00000512	0x00	0x00
SPI [1]	result	15.84418431	0.00000512	0x00	0x00
SPI [1]	result	15.84458512	0.00000512	0x08	0x00
SPI [1]	result	15.84459040	0.00000512	0x00	0x00
SPI [1]	result	15.84459568	0.00000512	0x88	0x07
SPI [1]	result	15.84460096	0.00000512	0x32	0xFF
SPI [1]	result	15.88333106	0.00000512	0x00	0x00
SPI [1]	result	15.88333634	0.00000512	0x00	0x00
SPI [1]	result	15.88334162	0.00000512	0x08	0x00
SPI [1]	result	15.88334690	0.00000512	0x20	0x10
SPI [1]	result	15.88374923	0.00000512	0x0B	0x00
SPI [1]	result	15.88375451	0.00000512	0x10	0x1F
SPI [1]	result	15.88375979	0.00000512	0x80	0xFF
SPI [1]	result	15.88376507	0.00000512	0x3A	0xFF
SPI [1]	result	15.88416618	0.00000512	0x00	0x00
SPI [1]	result	15.88417146	0.00000512	0x00	0x00
SPI [1]	result	15.88417674	0.00000512	0x00	0x00
SPI [1]	result	15.88418202	0.00000512	0x00	0x00
SPI [1]	result	15.88457994	0.00000512	0x08	0x00
SPI [1]	result	15.88458522	0.00000512	0x00	0x00
SPI [1]	result	15.88459050	0.00000512	0x88	0x07
SPI [1]	result	15.88459578	0.00000512	0x32	0xFF
SPI [1]	result	15.92333649	0.00000512	0x00	0x00
SPI [1]	result	15.92334177	0.00000512	0x00	0x00
SPI [1]	result	15.92334705	0.00000512	0x08	0x00
SPI [1]	result	15.92335233	0.00000512	0x20	0x00
SPI [1]	result	15.92376116	0.00000512	0x0C	0x00
SPI [1]	result	15.92376644	0.00000512	0x10	0x00
SPI [1]	result	15.92377172	0.00000512	0x80	0xFF
SPI [1]	result	15.92377700	0.00000512	0x02	0xFF
SPI [1]	result	15.92417879	0.00000512	0x00	0x00
SPI [1]	result	15.92418407	0.00000512	0x00	0x00
SPI [1]	result	15.92418935	0.00000512	0x09	0x00
SPI [1]	result	15.92419463	0.00000512	0xA6	0x7F
SPI [1]	result	15.92465229	0.00000512	0x0D	0x00
SPI [1]	result	15.92465757	0.00000512	0x00	0x00
SPI [1]	result	15.92466285	0.00000512	0x88	0x7F
SPI [1]	result	15.92466813	0.00000512	0x1A	0xFF
SPI [1]	result	15.92508710	0.00000512	0x00	0x00
SPI [1]	result	15.92509238	0.00000512	0x00	0x00
SPI [1]	result	15.92509766	0.00000512	0x00	0x00
SPI [1]	result	15.92510294	0.00000512	0x00	0x00
SPI [1]	result	15.92550555	0.00000512	0x08	0x00
SPI [1]	result	15.92551083	0.00000512	0x00	0x00
SPI [1]	result	15.92551611	0.00000512	0x89	0x07
SPI [1]	result	15.92552139	0.00000512	0xB8	0xFF
SPI [1]	result	15.96333462	0.00000512	0x00	0x00
SPI [1]	result	15.96333990	0.00000512	0x00	0x00
SPI [1]	result	15.96334518	0.00000512	0x08	0x00
SPI [1]	result	15.96335046	0.00000512	0x20	0x10
SPI [1]	result	15.96375849	0.00000512	0x0E	0x00
SPI [1]	result	15.96376377	0.00000512	0x10	0x00
SPI [1]	result	15.96376905	0.00000512	0x80	0xFF
SPI [1]	result	15.96377433	0.00000512	0x12	0xFF
SPI [1]	result	15.96417257	0.00000512	0x00	0x00
SPI [1]	result	15.96417785	0.00000512	0x00	0x00
SPI [1]	result	15.96418313	0.00000512	0x00	0x00
SPI [1]	result	15.96418841	0.00000512	0x00	0x00
SPI [1]	result	15.96458958	0.00000512	0x08	0x00
SPI [1]	result	15.96459486	0.00000512	0x00	0x00
SPI [1]	result	15.96460014	0.00000512	0x88	0x07
SPI [1]	result	15.96460542	0.00000512	0x32	0xFF
SPI [1]	result	16.00333458	0.00000512	0x00	0x00
SPI [1]	result	16.00333986	0.00000512	0x00	0x00
SPI [1]	result	16.00334514	0.00000512	0x08	0x00
SPI [1]	result	16.00335042	0.00000512	0x20	0x10
SPI [1]	result	16.00376739	0.00000512	0x0F	0x00
SPI [1]	result	16.00377267	0.00000512	0x10	0x00
SPI [1]	result	16.00377795	0.00000512	0x80	0xFF
SPI [1]	result	16.00378323	0.00000512	0x1A	0xFF
SPI [1]	result	16.00418539	0.00000512	0x00	0x00
SPI [1]	result	16.00419067	0.00000512	0x00	0x00
SPI [1]	result	16.00419595	0.00000512	0x00	0x00
SPI [1]	result	16.00420123	0.00000512	0x00	0x00
SPI [1]	result	16.00460053	0.00000512	0x08	0x00
SPI [1]	result	16.00460581	0.00000512	0x00	0x00
SPI [1]	result	16.00461109	0.00000512	0x88	0x07
SPI [1]	result	16.00461637	0.00000512	0x32	0xFF
SPI [1]	result	16.04333420	0.00000512	0x00	0x00
SPI [1]	result	16.04333948	0.00000512	0x00	0x00
SPI [1]	result	16.04334476	0.00000512	0x08	0x00
SPI [1]	result	16.04335004	0.00000512	0x20	0x00
SPI [1]	result	16.04375548	0.00000512	0x08	0x00
SPI [1]	result	16.04376076	0.00000512	0x10	0x00
SPI [1]	result	16.04376604	0.00000512	0x80	0xFF
SPI [1]	result	16.04377132	0.00000512	0x22	0xBF
SPI [1]	result	16.04417008	0.00000512	0x00	0x00
SPI [1]	result	16.04417536	0.00000512	0x00	0x00
SPI [1]	result	16.04418064	0.00000512	0x09	0x00
SPI [1]	result	16.04418592	0.00000512	0xA6	0x7F
SPI [1]	result	16.04458712	0.00000512	0x09	0x00
SPI [1]	result	16.04459240	0.00000512	0x00	0x00
SPI [1]	result	16.04459768	0.00000512	0x88	0x7F
SPI [1]	result	16.04460296	0.00000512	0x3A	0xFF
SPI [1]	result	16.04500381	0.00000512	0x00	0x00
SPI [1]	result	16.04500909	0.00000512	0x00	0x00
SPI [1]	result	16.04501437	0.00000512	0x00	0x00
SPI [1]	result	16.04501965	0.00000512	0x00	0x00
SPI [1]	result	16.04542128	0.00000512	0x08	0x00
SPI [1]	result	16.04542656	0.00000512	0x00	0x00
SPI [1]	result	16.04543184	0.00000512	0x89	0x07
SPI [1]	result	16.04543712	0.00000512	0xB8	0xFF
SPI [1]	result	16.08334346	0.00000512	0x00	0x00
SPI [1]	result	16.08334874	0.00000512	0x00	0x00
SPI [1]	result	16.08335402	0.00000512	0x08	0x00
SPI [1]	result	16.08335930	0.00000512	0x20	0x10
SPI [1]	result	16.08379989	0.00000512	0x0A	0x00
SPI [1]	result	16.08380517	0.00000512	0x10	0x1F
SPI [1]	result	16.08381045	0.00000512	0x80	0xFF
SPI [1]	result	16.08381573	0.00000512	0x32	0xFF
SPI [1]	result	16.08421823	0.00000512	0x00	0x00
SPI [1]	result	16.08422351	0.00000512	0x00	0x00
SPI [1]	result	16.08422879	0.00000512	0x00	0x00
SPI [1]	result	16.08423407	0.00000512	0x00	0x00
SPI [1]	result	16.08463581	0.00000512	0x08	0x00
SPI [1]	result	16.08464109	0.00000512	0x00	0x00
SPI [1]	result	16.08464637	0.00000512	0x88	0x07
SPI [1]	result	16.08465165	0.00000512	0x32	0xFF
SPI [1]	result	16.12333280	0.00000512	0x00	0x00
SPI [1]	result	16.12333808	0.00000512	0x00	0x00
SPI [1]	result	16.12334336	0.00000512	0x08	0x00
SPI [1]	result	16.12334864	0.00000512	0x20	0x00
SPI [1]	result	16.12375363	0.00000512	0x0B	0x00
SPI [1]	result	16.12375891	0.00000512	0x10	0x1F
SPI [1]	result	16.12376419	0.00000512	0x80	0xFF
SPI [1]	result	16.12376947	0.00000512	0x3A	0xFF
SPI [1]	result	16.12416997	0.00000512	0x00	0x00
SPI [1]	result	16.12417525	0.00000512	0x00	0x00
SPI [1]	result	16.12418053	0.00000512	0x00	0x00
SPI [1]	result	16.12418581	0.00000512	0x00	0x00
SPI [1]	result	16.12458668	0.00000512	0x08	0x00
SPI [1]	result	16.12459196	0.00000512	0x00	0x00
SPI [1]	result	16.12459724	0.00000512	0x88	0x0F
SPI [1]	result	16.12460252	0.00000512	0x32	0xFF
SPI [1]	result	16.16333400	0.00000512	0x00	0x00
SPI [1]	result	16.16333928	0.00000512	0x00	0x00
SPI [1]	result	16.16334456	0.00000512	0x08	0x00
SPI [1]	result	16.16334984	0.00000512	0x20	0x10
SPI [1]	result	16.16375288	0.00000512	0x0C	0x00
SPI [1]	result	16.16375816	0.00000512	0x10	0x00
SPI [1]	result	16.16376344	0.00000512	0x80	0xFF
SPI [1]	result	16.16376872	0.00000512	0x02	0xFB
SPI [1]	result	16.16417068	0.00000512	0x00	0x00
SPI [1]	result	16.16417596	0.00000512	0x00	0x00
SPI [1]	result	16.16418124	0.00000512	0x09	0x00
SPI [1]	result	16.16418652	0.00000512	0xA6	0x7F
SPI [1]	result	16.16458752	0.00000512	0x0D	0x00
SPI [1]	result	16.16459280	0.00000512	0x00	0x00
SPI [1]	result	16.16459808	0.00000512	0x88	0xFF
SPI [1]	result	16.16460336	0.00000512	0x1A	0xFF
SPI [1]	result	16.16500186	0.00000512	0x00	0x00
SPI [1]	result	16.16500714	0.00000512	0x00	0x00
SPI [1]	result	16.16501242	0.00000512	0x00	0x00
SPI [1]	result	16.16501770	0.00000512	0x00	0x00
SPI [1]	result	16.16541896	0.00000512	0x08	0x00
SPI [1]	result	16.16542424	0.00000512	0x00	0x00
SPI [1]	result	16.16542952	0.00000512	0x89	0x0F
SPI [1]	result	16.16543480	0.00000512	0xB8	0xFF
SPI [1]	result	16.20333214	0.00000512	0x00	0x00
SPI [1]	result	16.20333742	0.00000512	0x00	0x00
SPI [1]	result	16.20334270	0.00000512	0x08	0x00
SPI [1]	result	16.20334798	0.00000512	0x20	0x18
SPI [1]	result	16.20375051	0.00000512	0x0E	0x00
SPI [1]	result	16.20375579	0.00000512	0x10	0x00
SPI [1]	result	16.20376107	0.00000512	0x80	0xFF
SPI [1]	result	16.20376635	0.00000512	0x12	0xFF
SPI [1]	result	16.20416774	0.00000512	0x00	0x00
SPI [1]	result	16.20417302	0.00000512	0x00	0x00
SPI [1]	result	16.20417830	0.00000512	0x00	0x00
SPI [1]	result	16.20418358	0.00000512	0x00	0x00
SPI [1]	result	16.20458426	0.00000512	0x08	0x00
SPI [1]	result	16.20458954	0.00000512	0x00	0x00
SPI [1]	result	16.20459482	0.00000512	0x88	0x07
SPI [1]	result	16.20460010	0.00000512	0x32	0xFF
SPI [1]	result	16.24333218	0.00000512	0x00	0x00
SPI [1]	result	16.24333746	0.00000512	0x00	0x00
SPI [1]	result	16.24334274	0.00000512	0x08	0x00
SPI [1]	result	16.24334802	0.00000512	0x20	0x10
SPI [1]	result	16.24374816	0.00000512	0x0F	0x00
SPI [1]	result	16.24375344	0.00000512	0x10	0x01
SPI [1]	result	16.24375872	0.00000512	0x80	0xFF
SPI [1]	result	16.24376400	0.00000512	0x1A	0xFF
SPI [1]	result	16.24416459	0.00000512	0x00	0x00
SPI [1]	result	16.24416987	0.00000512	0x00	0x00
SPI [1]	result	16.24417515	0.00000512	0x00	0x00
SPI [1]	result	16.24418043	0.00000512	0x00	0x00
SPI [1]	result	16.24458132	0.00000512	0x08	0x00
SPI [1]	result	16.24458660	0.00000512	0x00	0x00
SPI [1]	result	16.24459188	0.00000512	0x88	0x07
SPI [1]	result	16.24459716	0.00000512	0x32	0xFF
SPI [1]	result	16.28333318	0.00000512	0x00	0x00
SPI [1]	result	16.28333846	0.00000512	0x00	0x00
SPI [1]	result	16.28334374	0.00000512	0x08	0x00
SPI [1]	result	16.28334902	0.00000512	0x20	0x10
SPI [1]	result	16.28374941	0.00000512	0x08	0x00
SPI [1]	result	16.28375469	0.00000512	0x10	0x00
SPI [1]	result	16.28375997	0.00000512	0x80	0x7F
SPI [1]	result	16.28376525	0.00000512	0x22	0xFF
SPI [1]	result	16.28416569	0.00000512	0x00	0x00
SPI [1]	result	16.28417097	0.00000512	0x00	0x00
SPI [1]	result	16.28417625	0.00000512	0x09	0x00
SPI [1]	result	16.28418153	0.00000512	0xA6	0x7F
SPI [1]	result	16.28458255	0.00000512	0x09	0x00
SPI [1]	result	16.28458783	0.00000512	0x00	0x00
SPI [1]	result	16.28459311	0.00000512	0x88	0x7F
SPI [1]	result	16.28459839	0.00000512	0x3A	0xFF
SPI [1]	result	16.28506827	0.00000512	0x00	0x00
SPI [1]	result	16.28507355	0.00000512	0x00	0x00
SPI [1]	result	16.28507883	0.00000512	0x00	0x00
SPI [1]	result	16.28508411	0.00000512	0x00	0x00
SPI [1]	result	16.28550246	0.00000512	0x08	0x00
SPI [1]	result	16.28550774	0.00000512	0x00	0x00
SPI [1]	result	16.28551302	0.00000512	0x89	0x07
SPI [1]	result	16.28551830	0.00000512	0xB8	0xFF
SPI [1]	result	16.32333359	0.00000512	0x00	0x00
SPI [1]	result	16.32333887	0.00000512	0x00	0x00
SPI [1]	result	16.32334415	0.00000512	0x08	0x00
SPI [1]	result	16.32334943	0.00000512	0x20	0x00
SPI [1]	result	16.32375367	0.00000512	0x0A	0x00
SPI [1]	result	16.32375895	0.00000512	0x10	0x1F
SPI [1]	result	16.32376423	0.00000512	0x80	0xFF
SPI [1]	result	16.32376951	0.00000512	0x32	0xFF
SPI [1]	result	16.32417029	0.00000512	0x00	0x00
SPI [1]	result	16.32417557	0.00000512	0x00	0x00
SPI [1]	result	16.32418085	0.00000512	0x00	0x00
SPI [1]	result	16.32418613	0.00000512	0x00	0x00
SPI [1]	result	16.32458681	0.00000512	0x08	0x00
SPI [1]	result	16.32459209	0.00000512	0x00	0x00
SPI [1]	result	16.32459737	0.00000512	0x88	0x07
SPI [1]	result	16.32460265	0.00000512	0x32	0xFF
SPI [1]	result	16.36333423	0.00000512	0x00	0x00
SPI [1]	result	16.36333951	0.00000512	0x00	0x00
SPI [1]	result	16.36334479	0.00000512	0x08	0x00
SPI [1]	result	16.36335007	0.00000512	0x20	0x10
SPI [1]	result	16.36376467	0.00000512	0x0B	0x00
SPI [1]	result	16.36376995	0.00000512	0x10	0x1F
SPI [1]	result	16.36377523	0.00000512	0x80	0xFF
SPI [1]	result	16.36378051	0.00000512	0x3A	0xFF
SPI [1]	result	16.36418390	0.00000512	0x00	0x00
SPI [1]	result	16.36418918	0.00000512	0x00	0x00
SPI [1]	result	16.36419446	0.00000512	0x00	0x00
SPI [1]	result	16.36419974	0.00000512	0x00	0x00
SPI [1]	result	16.36459809	0.00000512	0x08	0x00
SPI [1]	result	16.36460337	0.00000512	0x00	0x00
SPI [1]	result	16.36460865	0.00000512	0x88	0x0F
SPI [1]	result	16.36461393	0.00000512	0x32	0xFF
SPI [1]	result	16.40333645	0.00000512	0x00	0x00
SPI [1]	result	16.40334173	0.00000512	0x00	0x00
SPI [1]	result	16.40334701	0.00000512	0x08	0x00
SPI [1]	result	16.40335229	0.00000512	0x20	0x14
SPI [1]	result	16.40376414	0.00000512	0x0C	0x00
SPI [1]	result	16.40376942	0.00000512	0x10	0x00
SPI [1]	result	16.40377470	0.00000512	0x80	0xFF
SPI [1]	result	16.40377998	0.00000512	0x02	0xFF
SPI [1]	result	16.40418202	0.00000512	0x00	0x00
SPI [1]	result	16.40418730	0.00000512	0x00	0x00
SPI [1]	result	16.40419258	0.00000512	0x09	0x00
SPI [1]	result	16.40419786	0.00000512	0xA6	0x7F
SPI [1]	result	16.40459945	0.00000512	0x0D	0x00
SPI [1]	result	16.40460473	0.00000512	0x00	0x00
SPI [1]	result	16.40461001	0.00000512	0x88	0x7F
SPI [1]	result	16.40461529	0.00000512	0x1A	0xFF
SPI [1]	result	16.40501407	0.00000512	0x00	0x00
SPI [1]	result	16.40501935	0.00000512	0x00	0x00
SPI [1]	result	16.40502463	0.00000512	0x00	0x00
SPI [1]	result	16.40502991	0.00000512	0x00	0x00
SPI [1]	result	16.40543080	0.00000512	0x08	0x00
SPI [1]	result	16.40543608	0.00000512	0x00	0x00
SPI [1]	result	16.40544136	0.00000512	0x89	0x07
SPI [1]	result	16.40544664	0.00000512	0xB8	0xFF
SPI [1]	result	16.44333564	0.00000512	0x00	0x00
SPI [1]	result	16.44334092	0.00000512	0x00	0x00
SPI [1]	result	16.44334620	0.00000512	0x08	0x00
SPI [1]	result	16.44335148	0.00000512	0x20	0x10
SPI [1]	result	16.44376983	0.00000512	0x0E	0x00
SPI [1]	result	16.44377511	0.00000512	0x10	0x00
SPI [1]	result	16.44378039	0.00000512	0x80	0x7F
SPI [1]	result	16.44378567	0.00000512	0x12	0xFF
SPI [1]	result	16.44418749	0.00000512	0x00	0x00
SPI [1]	result	16.44419277	0.00000512	0x00	0x00
SPI [1]	result	16.44419805	0.00000512	0x00	0x00
SPI [1]	result	16.44420333	0.00000512	0x00	0x00
SPI [1]	result	16.44460353	0.00000512	0x08	0x00
SPI [1]	result	16.44460881	0.00000512	0x00	0x00
SPI [1]	result	16.44461409	0.00000512	0x88	0x07
SPI [1]	result	16.44461937	0.00000512	0x32	0xFF
SPI [1]	result	16.48333228	0.00000512	0x00	0x00
SPI [1]	result	16.48333756	0.00000512	0x00	0x00
SPI [1]	result	16.48334284	0.00000512	0x08	0x00
SPI [1]	result	16.48334812	0.00000512	0x20	0x10
SPI [1]	result	16.48375190	0.00000512	0x0F	0x00
SPI [1]	result	16.48375718	0.00000512	0x10	0x00
SPI [1]	result	16.48376246	0.00000512	0x80	0xFF
SPI [1]	result	16.48376774	0.00000512	0x1A	0xFF
SPI [1]	result	16.48416948	0.00000512	0x00	0x00
SPI [1]	result	16.48417476	0.00000512	0x00	0x00
SPI [1]	result	16.48418004	0.00000512	0x00	0x00
SPI [1]	result	16.48418532	0.00000512	0x00	0x00
SPI [1]	result	16.48458491	0.00000512	0x08	0x00
SPI [1]	result	16.48459019	0.00000512	0x00	0x00
SPI [1]	result	16.48459547	0.00000512	0x88	0x27
SPI [1]	result	16.48460075	0.00000512	0x32	0xFF
SPI [1]	result	16.52333342	0.00000512	0x00	0x00
SPI [1]	result	16.52333870	0.00000512	0x00	0x00
SPI [1]	result	16.52334398	0.00000512	0x08	0x00
SPI [1]	result	16.52334926	0.00000512	0x20	0x10
SPI [1]	result	16.52375325	0.00000512	0x08	0x00
SPI [1]	result	16.52375853	0.00000512	0x10	0x00
SPI [1]	result	16.52376381	0.00000512	0x80	0x7F
SPI [1]	result	16.52376909	0.00000512	0x22	0xFF
SPI [1]	result	16.52417009	0.00000512	0x00	0x00
SPI [1]	result	16.52417537	0.00000512	0x00	0x00
SPI [1]	result	16.52418065	0.00000512	0x09	0x00
SPI [1]	result	16.52418593	0.00000512	0xA6	0x7F
SPI [1]	result	16.52458723	0.00000512	0x09	0x00
SPI [1]	result	16.52459251	0.00000512	0x00	0x00
SPI [1]	result	16.52459779	0.00000512	0x88	0x7F
SPI [1]	result	16.52460307	0.00000512	0x3A	0xFF
SPI [1]	result	16.52500366	0.00000512	0x00	0x00
SPI [1]	result	16.52500894	0.00000512	0x00	0x00
SPI [1]	result	16.52501422	0.00000512	0x00	0x00
SPI [1]	result	16.52501950	0.00000512	0x00	0x00
SPI [1]	result	16.52541778	0.00000512	0x08	0x00
SPI [1]	result	16.52542306	0.00000512	0x00	0x00
SPI [1]	result	16.52542834	0.00000512	0x89	0x07
SPI [1]	result	16.52543362	0.00000512	0xB8	0xFF
SPI [1]	result	16.56333115	0.00000512	0x00	0x00
SPI [1]	result	16.56333643	0.00000512	0x00	0x00
SPI [1]	result	16.56334171	0.00000512	0x08	0x00
SPI [1]	result	16.56334699	0.00000512	0x20	0x10
SPI [1]	result	16.56375115	0.00000512	0x0A	0x00
SPI [1]	result	16.56375643	0.00000512	0x10	0x1F
SPI [1]	result	16.56376171	0.00000512	0x80	0xFF
SPI [1]	result	16.56376699	0.00000512	0x32	0xFF
SPI [1]	result	16.56416778	0.00000512	0x00	0x00
SPI [1]	result	16.56417306	0.00000512	0x00	0x00
SPI [1]	result	16.56417834	0.00000512	0x00	0x00
SPI [1]	result	16.56418362	0.00000512	0x00	0x00
SPI [1]	result	16.56458466	0.00000512	0x08	0x00
SPI [1]	result	16.56458994	0.00000512	0x00	0x00
SPI [1]	result	16.56459522	0.00000512	0x88	0x07
SPI [1]	result	16.56460050	0.00000512	0x32	0xFF
SPI [1]	result	16.60334456	0.00000512	0x00	0x00
SPI [1]	result	16.60334984	0.00000512	0x00	0x00
SPI [1]	result	16.60335512	0.00000512	0x08	0x00
SPI [1]	result	16.60336040	0.00000512	0x20	0x10
SPI [1]	result	16.60380625	0.00000512	0x0B	0x00
SPI [1]	result	16.60381153	0.00000512	0x10	0x1F
SPI [1]	result	16.60381681	0.00000512	0x80	0xFF
SPI [1]	result	16.60382209	0.00000512	0x3A	0xFF
SPI [1]	result	16.60422527	0.00000512	0x00	0x00
SPI [1]	result	16.60423055	0.00000512	0x00	0x00
SPI [1]	result	16.60423583	0.00000512	0x00	0x00
SPI [1]	result	16.60424111	0.00000512	0x00	0x00
SPI [1]	result	16.60464322	0.00000512	0x08	0x00
SPI [1]	result	16.60464850	0.00000512	0x00	0x00
SPI [1]	result	16.60465378	0.00000512	0x88	0x07
SPI [1]	result	16.60465906	0.00000512	0x32	0xFF
SPI [1]	result	16.64333627	0.00000512	0x00	0x00
SPI [1]	result	16.64334155	0.00000512	0x00	0x00
SPI [1]	result	16.64334683	0.00000512	0x08	0x00
SPI [1]	result	16.64335211	0.00000512	0x20	0x10
SPI [1]	result	16.64375442	0.00000512	0x0C	0x00
SPI [1]	result	16.64375970	0.00000512	0x10	0x00
SPI [1]	result	16.64376498	0.00000512	0x80	0x7F
SPI [1]	result	16.64377026	0.00000512	0x02	0xC3
SPI [1]	result	16.64417202	0.00000512	0x00	0x00
SPI [1]	result	16.64417730	0.00000512	0x00	0x00
SPI [1]	result	16.64418258	0.00000512	0x09	0x00
SPI [1]	result	16.64418786	0.00000512	0xA6	0x7F
SPI [1]	result	16.64458938	0.00000512	0x0D	0x00
SPI [1]	result	16.64459466	0.00000512	0x00	0x00
SPI [1]	result	16.64459994	0.00000512	0x88	0x7F
SPI [1]	result	16.64460522	0.00000512	0x1A	0xFF
SPI [1]	result	16.64506603	0.00000512	0x00	0x00
SPI [1]	result	16.64507131	0.00000512	0x00	0x00
SPI [1]	result	16.64507659	0.00000512	0x00	0x00
SPI [1]	result	16.64508187	0.00000512	0x00	0x00
SPI [1]	result	16.64550218	0.00000512	0x08	0x00
SPI [1]	result	16.64550746	0.00000512	0x00	0x00
SPI [1]	result	16.64551274	0.00000512	0x89	0x07
SPI [1]	result	16.64551802	0.00000512	0xB8	0xFF
SPI [1]	result	16.68333463	0.00000512	0x00	0x00
SPI [1]	result	16.68333991	0.00000512	0x00	0x00
SPI [1]	result	16.68334519	0.00000512	0x08	0x00
SPI [1]	result	16.68335047	0.00000512	0x20	0x10
SPI [1]	result	16.68375491	0.00000512	0x0E	0x00
SPI [1]	result	16.68376019	0.00000512	0x10	0x00
SPI [1]	result	16.68376547	0.00000512	0x80	0xFF
SPI [1]	result	16.68377075	0.00000512	0x12	0xFF
SPI [1]	result	16.68417245	0.00000512	0x00	0x00
SPI [1]	result	16.68417773	0.00000512	0x00	0x00
SPI [1]	result	16.68418301	0.00000512	0x00	0x00
SPI [1]	result	16.68418829	0.00000512	0x00	0x00
SPI [1]	result	16.68458903	0.00000512	0x08	0x00
SPI [1]	result	16.68459431	0.00000512	0x00	0x00
SPI [1]	result	16.68459959	0.00000512	0x88	0x07
SPI [1]	result	16.68460487	0.00000512	0x32	0xFF
SPI [1]	result	16.72333626	0.00000512	0x00	0x00
SPI [1]	result	16.72334154	0.00000512	0x00	0x00
SPI [1]	result	16.72334682	0.00000512	0x08	0x00
SPI [1]	result	16.72335210	0.00000512	0x20	0x00
SPI [1]	result	16.72376580	0.00000512	0x0F	0x00
SPI [1]	result	16.72377108	0.00000512	0x10	0x00
SPI [1]	result	16.72377636	0.00000512	0x80	0xFF
SPI [1]	result	16.72378164	0.00000512	0x1A	0xFF
SPI [1]	result	16.72418475	0.00000512	0x00	0x00
SPI [1]	result	16.72419003	0.00000512	0x00	0x00
SPI [1]	result	16.72419531	0.00000512	0x00	0x00
SPI [1]	result	16.72420059	0.00000512	0x00	0x00
SPI [1]	result	16.72460207	0.00000512	0x08	0x00
SPI [1]	result	16.72460735	0.00000512	0x00	0x00
SPI [1]	result	16.72461263	0.00000512	0x88	0x07
SPI [1]	result	16.72461791	0.00000512	0x32	0xFF
SPI [1]	result	16.76333801	0.00000512	0x00	0x00
SPI [1]	result	16.76334329	0.00000512	0x00	0x00
SPI [1]	result	16.76334857	0.00000512	0x08	0x00
SPI [1]	result	16.76335385	0.00000512	0x20	0x14
SPI [1]	result	16.76377153	0.00000512	0x08	0x00
SPI [1]	result	16.76377681	0.00000512	0x10	0x00
SPI [1]	result	16.76378209	0.00000512	0x80	0x7F
SPI [1]	result	16.76378737	0.00000512	0x22	0xFF
SPI [1]	result	16.76418941	0.00000512	0x00	0x00
SPI [1]	result	16.76419469	0.00000512	0x00	0x00
SPI [1]	result	16.76419997	0.00000512	0x09	0x00
SPI [1]	result	16.76420525	0.00000512	0xA6	0x7F
SPI [1]	result	16.76460732	0.00000512	0x09	0x00
SPI [1]	result	16.76461260	0.00000512	0x00	0x00
SPI [1]	result	16.76461788	0.00000512	0x88	0x7F
SPI [1]	result	16.76462316	0.00000512	0x3A	0xFF
SPI [1]	result	16.76502231	0.00000512	0x00	0x00
SPI [1]	result	16.76502759	0.00000512	0x00	0x00
SPI [1]	result	16.76503287	0.00000512	0x00	0x00
SPI [1]	result	16.76503815	0.00000512	0x00	0x00
SPI [1]	result	16.76543902	0.00000512	0x08	0x00
SPI [1]	result	16.76544430	0.00000512	0x00	0x00
SPI [1]	result	16.76544958	0.00000512	0x89	0x07
SPI [1]	result	16.76545486	0.00000512	0xB8	0xFF
SPI [1]	result	16.80334001	0.00000512	0x00	0x00
SPI [1]	result	16.80334529	0.00000512	0x00	0x00
SPI [1]	result	16.80335057	0.00000512	0x08	0x00
SPI [1]	result	16.80335585	0.00000512	0x20	0x10
SPI [1]	result	16.80378583	0.00000512	0x0A	0x00
SPI [1]	result	16.80379111	0.00000512	0x10	0x0F
SPI [1]	result	16.80379639	0.00000512	0x80	0xFF
SPI [1]	result	16.80380167	0.00000512	0x32	0xFF
SPI [1]	result	16.80420460	0.00000512	0x00	0x00
SPI [1]	result	16.80420988	0.00000512	0x00	0x00
SPI [1]	result	16.80421516	0.00000512	0x00	0x00
SPI [1]	result	16.80422044	0.00000512	0x00	0x00
SPI [1]	result	16.80462392	0.00000512	0x08	0x00
SPI [1]	result	16.80462920	0.00000512	0x00	0x00
SPI [1]	result	16.80463448	0.00000512	0x88	0x07
SPI [1]	result	16.80463976	0.00000512	0x32	0xFF
SPI [1]	result	16.84333560	0.00000512	0x00	0x00
SPI [1]	result	16.84334088	0.00000512	0x00	0x00
SPI [1]	result	16.84334616	0.00000512	0x08	0x00
SPI [1]	result	16.84335144	0.00000512	0x20	0x10
SPI [1]	result	16.84376621	0.00000512	0x0B	0x00
SPI [1]	result	16.84377149	0.00000512	0x10	0x1F
SPI [1]	result	16.84377677	0.00000512	0x80	0xFF
SPI [1]	result	16.84378205	0.00000512	0x3A	0xFF
SPI [1]	result	16.84418435	0.00000512	0x00	0x00
SPI [1]	result	16.84418963	0.00000512	0x00	0x00
SPI [1]	result	16.84419491	0.00000512	0x00	0x00
SPI [1]	result	16.84420019	0.00000512	0x00	0x00
SPI [1]	result	16.84460320	0.00000512	0x08	0x00
SPI [1]	result	16.84460848	0.00000512	0x00	0x00
SPI [1]	result	16.84461376	0.00000512	0x88	0x07
SPI [1]	result	16.84461904	0.00000512	0x32	0xFF
SPI [1]	result	16.88333421	0.00000512	0x00	0x00
SPI [1]	result	16.88333949	0.00000512	0x00	0x00
SPI [1]	result	16.88334477	0.00000512	0x08	0x00
SPI [1]	result	16.88335005	0.00000512	0x20	0x00
SPI [1]	result	16.88375405	0.00000512	0x0C	0x00
SPI [1]	result	16.88375933	0.00000512	0x10	0x00
SPI [1]	result	16.88376461	0.00000512	0x80	0x7F
SPI [1]	result	16.88376989	0.00000512	0x02	0xF7
SPI [1]	result	16.88417170	0.00000512	0x00	0x00
SPI [1]	result	16.88417698	0.00000512	0x00	0x00
SPI [1]	result	16.88418226	0.00000512	0x09	0x00
SPI [1]	result	16.88418754	0.00000512	0xA6	0x7F
SPI [1]	result	16.88458645	0.00000512	0x0D	0x00
SPI [1]	result	16.88459173	0.00000512	0x00	0x80
SPI [1]	result	16.88459701	0.00000512	0x88	0x7F
SPI [1]	result	16.88460229	0.00000512	0x1A	0xFF
SPI [1]	result	16.88500296	0.00000512	0x00	0x00
SPI [1]	result	16.88500824	0.00000512	0x00	0x00
SPI [1]	result	16.88501352	0.00000512	0x00	0x00
SPI [1]	result	16.88501880	0.00000512	0x00	0x00
SPI [1]	result	16.88542031	0.00000512	0x08	0x00
SPI [1]	result	16.88542559	0.00000512	0x00	0x00
SPI [1]	result	16.88543087	0.00000512	0x89	0x0F
SPI [1]	result	16.88543615	0.00000512	0xB8	0xFF
SPI [1]	result	16.92333409	0.00000512	0x00	0x00
SPI [1]	result	16.92333937	0.00000512	0x00	0x00
SPI [1]	result	16.92334465	0.00000512	0x08	0x00
SPI [1]	result	16.92334993	0.00000512	0x20	0x00
SPI [1]	result	16.92376165	0.00000512	0x0E	0x00
SPI [1]	result	16.92376693	0.00000512	0x10	0x00
SPI [1]	result	16.92377221	0.00000512	0x80	0xFF
SPI [1]	result	16.92377749	0.00000512	0x12	0xFF
SPI [1]	result	16.92417738	0.00000512	0x00	0x00
SPI [1]	result	16.92418266	0.00000512	0x00	0x00
SPI [1]	result	16.92418794	0.00000512	0x00	0x00
SPI [1]	result	16.92419322	0.00000512	0x00	0x00
SPI [1]	result	16.92459401	0.00000512	0x08	0x00
SPI [1]	result	16.92459929	0.00000512	0x00	0x00
SPI [1]	result	16.92460457	0.00000512	0x88	0x07
SPI [1]	result	16.92460985	0.00000512	0x32	0xFF
SPI [1]	result	16.96333261	0.00000512	0x00	0x00
SPI [1]	result	16.96333789	0.00000512	0x00	0x00
SPI [1]	result	16.96334317	0.00000512	0x08	0x00
SPI [1]	result	16.96334845	0.00000512	0x20	0x10
SPI [1]	result	16.96375267	0.00000512	0x0F	0x00
SPI [1]	result	16.96375795	0.00000512	0x10	0x00
SPI [1]	result	16.96376323	0.00000512	0x80	0xFF
SPI [1]	result	16.96376851	0.00000512	0x1A	0xFF
SPI [1]	result	16.96416972	0.00000512	0x00	0x00
SPI [1]	result	16.96417500	0.00000512	0x00	0x00
SPI [1]	result	16.96418028	0.00000512	0x00	0x00
SPI [1]	result	16.96418556	0.00000512	0x00	0x00
SPI [1]	result	16.96458406	0.00000512	0x08	0x00
SPI [1]	result	16.96458934	0.00000512	0x00	0x00
SPI [1]	result	16.96459462	0.00000512	0x88	0x07
SPI [1]	result	16.96459990	0.00000512	0x32	0xFF
SPI [1]	result	17.00333345	0.00000512	0x00	0x00
SPI [1]	result	17.00333873	0.00000512	0x00	0x00
SPI [1]	result	17.00334401	0.00000512	0x08	0x00
SPI [1]	result	17.00334929	0.00000512	0x20	0x00
SPI [1]	result	17.00375201	0.00000512	0x08	0x00
SPI [1]	result	17.00375729	0.00000512	0x10	0x00
SPI [1]	result	17.00376257	0.00000512	0x80	0x7F
SPI [1]	result	17.00376785	0.00000512	0x22	0xFF
SPI [1]	result	17.00416870	0.00000512	0x00	0x00
SPI [1]	result	17.00417398	0.00000512	0x00	0x00
SPI [1]	result	17.00417926	0.00000512	0x09	0x00
SPI [1]	result	17.00418454	0.00000512	0xA6	0x7F
SPI [1]	result	17.00458517	0.00000512	0x09	0x00
SPI [1]	result	17.00459045	0.00000512	0x00	0x00
SPI [1]	result	17.00459573	0.00000512	0x88	0x7F
SPI [1]	result	17.00460101	0.00000512	0x3A	0xFF
SPI [1]	result	17.00499947	0.00000512	0x00	0x00
SPI [1]	result	17.00500475	0.00000512	0x00	0x00
SPI [1]	result	17.00501003	0.00000512	0x00	0x00
SPI [1]	result	17.00501531	0.00000512	0x00	0x00
SPI [1]	result	17.00548118	0.00000512	0x08	0x00
SPI [1]	result	17.00548646	0.00000512	0x00	0x00
SPI [1]	result	17.00549174	0.00000512	0x89	0x07
SPI [1]	result	17.00549702	0.00000512	0xB8	0xFF
SPI [1]	result	17.04333407	0.00000512	0x00	0x00
SPI [1]	result	17.04333935	0.00000512	0x00	0x00
SPI [1]	result	17.04334463	0.00000512	0x08	0x00
SPI [1]	result	17.04334991	0.00000512	0x20	0x10
SPI [1]	result	17.04375669	0.00000512	0x0A	0x00
SPI [1]	result	17.04376197	0.00000512	0x10	0x0F
SPI [1]	result	17.04376725	0.00000512	0x80	0xFF
SPI [1]	result	17.04377253	0.00000512	0x32	0xFF
SPI [1]	result	17.04417419	0.00000512	0x00	0x00
SPI [1]	result	17.04417947	0.00000512	0x00	0x00
SPI [1]	result	17.04418475	0.00000512	0x00	0x00
SPI [1]	result	17.04419003	0.00000512	0x00	0x00
SPI [1]	result	17.04458823	0.00000512	0x08	0x00
SPI [1]	result	17.04459351	0.00000512	0x00	0x00
SPI [1]	result	17.04459879	0.00000512	0x88	0x07
SPI [1]	result	17.04460407	0.00000512	0x32	0xFF
SPI [1]	result	17.08333426	0.00000512	0x00	0x00
SPI [1]	result	17.08333954	0.00000512	0x00	0x00
SPI [1]	result	17.08334482	0.00000512	0x08	0x00
SPI [1]	result	17.08335010	0.00000512	0x20	0x10
SPI [1]	result	17.08376327	0.00000512	0x0B	0x00
SPI [1]	result	17.08376855	0.00000512	0x10	0x1F
SPI [1]	result	17.08377383	0.00000512	0x80	0xFF
SPI [1]	result	17.08377911	0.00000512	0x3A	0xFF
SPI [1]	result	17.08418140	0.00000512	0x00	0x00
SPI [1]	result	17.08418668	0.00000512	0x00	0x00
SPI [1]	result	17.08419196	0.00000512	0x00	0x00
SPI [1]	result	17.08419724	0.00000512	0x00	0x00
SPI [1]	result	17.08459904	0.00000512	0x08	0x00
SPI [1]	result	17.08460432	0.00000512	0x00	0x00
SPI [1]	result	17.08460960	0.00000512	0x88	0x07
SPI [1]	result	17.08461488	0.00000512	0x32	0xFF
SPI [1]	result	17.12333408	0.00000512	0x00	0x00
SPI [1]	result	17.12333936	0.00000512	0x00	0x00
SPI [1]	result	17.12334464	0.00000512	0x08	0x00
SPI [1]	result	17.12334992	0.00000512	0x20	0x10
SPI [1]	result	17.12375683	0.00000512	0x0C	0x00
SPI [1]	result	17.12376211	0.00000512	0x10	0x00
SPI [1]	result	17.12376739	0.00000512	0x80	0xFF
SPI [1]	result	17.12377267	0.00000512	0x02	0xFB
SPI [1]	result	17.12417406	0.00000512	0x00	0x00
SPI [1]	result	17.12417934	0.00000512	0x00	0x00
SPI [1]	result	17.12418462	0.00000512	0x09	0x00
SPI [1]	result	17.12418990	0.00000512	0xA6	0x7F
SPI [1]	result	17.12459106	0.00000512	0x0D	0x00
SPI [1]	result	17.12459634	0.00000512	0x00	0x00
SPI [1]	result	17.12460162	0.00000512	0x88	0x7F
SPI [1]	result	17.12460690	0.00000512	0x1A	0xFF
SPI [1]	result	17.12500594	0.00000512	0x00	0x00
SPI [1]	result	17.12501122	0.00000512	0x00	0x00
SPI [1]	result	17.12501650	0.00000512	0x00	0x00
SPI [1]	result	17.12502178	0.00000512	0x00	0x00
SPI [1]	result	17.12542281	0.00000512	0x08	0x00
SPI [1]	result	17.12542809	0.00000512	0x00	0x00
SPI [1]	result	17.12543337	0.00000512	0x89	0x07
SPI [1]	result	17.12543865	0.00000512	0xB8	0xFF
SPI [1]	result	17.16333577	0.00000512	0x00	0x00
SPI [1]	result	17.16334105	0.00000512	0x00	0x00
SPI [1]	result	17.16334633	0.00000512	0x08	0x00
SPI [1]	result	17.16335161	0.00000512	0x20	0x10
SPI [1]	result	17.16376909	0.00000512	0x0E	0x00
SPI [1]	result	17.16377437	0.00000512	0x10	0x00
SPI [1]	result	17.16377965	0.00000512	0x80	0xFF
SPI [1]	result	17.16378493	0.00000512	0x12	0xFF
SPI [1]	result	17.16418682	0.00000512	0x00	0x00
SPI [1]	result	17.16419210	0.00000512	0x00	0x00
SPI [1]	result	17.16419738	0.00000512	0x00	0x00
SPI [1]	result	17.16420266	0.00000512	0x00	0x00
SPI [1]	result	17.16460077	0.00000512	0x08	0x00
SPI [1]	result	17.16460605	0.00000512	0x00	0x00
SPI [1]	result	17.16461133	0.00000512	0x88	0x07
SPI [1]	result	17.16461661	0.00000512	0x32	0xFF
SPI [1]	result	17.20333334	0.00000512	0x00	0x00
SPI [1]	result	17.20333862	0.00000512	0x00	0x00
SPI [1]	result	17.20334390	0.00000512	0x08	0x00
SPI [1]	result	17.20334918	0.00000512	0x20	0x10
SPI [1]	result	17.20375458	0.00000512	0x0F	0x00
SPI [1]	result	17.20375986	0.00000512	0x10	0x00
SPI [1]	result	17.20376514	0.00000512	0x80	0xFF
SPI [1]	result	17.20377042	0.00000512	0x1A	0xFF
SPI [1]	result	17.20417168	0.00000512	0x00	0x00
SPI [1]	result	17.20417696	0.00000512	0x00	0x00
SPI [1]	result	17.20418224	0.00000512	0x00	0x00
SPI [1]	result	17.20418752	0.00000512	0x00	0x00
SPI [1]	result	17.20458857	0.00000512	0x08	0x00
SPI [1]	result	17.20459385	0.00000512	0x00	0x00
SPI [1]	result	17.20459913	0.00000512	0x88	0x0F
SPI [1]	result	17.20460441	0.00000512	0x32	0xFF
SPI [1]	result	17.24333603	0.00000512	0x00	0x00
SPI [1]	result	17.24334131	0.00000512	0x00	0x00
SPI [1]	result	17.24334659	0.00000512	0x08	0x00
SPI [1]	result	17.24335187	0.00000512	0x20	0x10
SPI [1]	result	17.24376268	0.00000512	0x08	0x00
SPI [1]	result	17.24376796	0.00000512	0x10	0x00
SPI [1]	result	17.24377324	0.00000512	0x80	0xFF
SPI [1]	result	17.24377852	0.00000512	0x22	0xFF
SPI [1]	result	17.24418137	0.00000512	0x00	0x00
SPI [1]	result	17.24418665	0.00000512	0x00	0x00
SPI [1]	result	17.24419193	0.00000512	0x09	0x00
SPI [1]	result	17.24419721	0.00000512	0xA6	0x7F
SPI [1]	result	17.24459795	0.00000512	0x09	0x00
SPI [1]	result	17.24460323	0.00000512	0x00	0x00
SPI [1]	result	17.24460851	0.00000512	0x88	0x7F
SPI [1]	result	17.24461379	0.00000512	0x3A	0xFF
SPI [1]	result	17.24501501	0.00000512	0x00	0x00
SPI [1]	result	17.24502029	0.00000512	0x00	0x00
SPI [1]	result	17.24502557	0.00000512	0x00	0x00
SPI [1]	result	17.24503085	0.00000512	0x00	0x00
SPI [1]	result	17.24542905	0.00000512	0x08	0x00
SPI [1]	result	17.24543433	0.00000512	0x00	0x00
SPI [1]	result	17.24543961	0.00000512	0x89	0x07
SPI [1]	result	17.24544489	0.00000512	0xB8	0xFF
SPI [1]	result	17.28333237	0.00000512	0x00	0x00
SPI [1]	result	17.28333765	0.00000512	0x00	0x00
SPI [1]	result	17.28334293	0.00000512	0x08	0x00
SPI [1]	result	17.28334821	0.00000512	0x20	0x10
SPI [1]	result	17.28375346	0.00000512	0x0A	0x00
SPI [1]	result	17.28375874	0.00000512	0x10	0x1F
SPI [1]	result	17.28376402	0.00000512	0x80	0xFF
SPI [1]	result	17.28376930	0.00000512	0x32	0xFF
SPI [1]	result	17.28417021	0.00000512	0x00	0x00
SPI [1]	result	17.28417549	0.00000512	0x00	0x00
SPI [1]	result	17.28418077	0.00000512	0x00	0x00
SPI [1]	result	17.28418605	0.00000512	0x00	0x00
SPI [1]	result	17.28458677	0.00000512	0x08	0x00
SPI [1]	result	17.28459205	0.00000512	0x00	0x00
SPI [1]	result	17.28459733	0.00000512	0x88	0x07
SPI [1]	result	17.28460261	0.00000512	0x32	0xFF
SPI [1]	result	17.32333208	0.00000512	0x00	0x00
SPI [1]	result	17.32333736	0.00000512	0x00	0x00
SPI [1]	result	17.32334264	0.00000512	0x08	0x00
SPI [1]	result	17.32334792	0.00000512	0x20	0x10
SPI [1]	result	17.32374921	0.00000512	0x0B	0x00
SPI [1]	result	17.32375449	0.00000512	0x10	0x0F
SPI [1]	result	17.32375977	0.00000512	0x80	0xFF
SPI [1]	result	17.32376505	0.00000512	0x3A	0xFF
SPI [1]	result	17.32416342	0.00000512	0x00	0x00
SPI [1]	result	17.32416870	0.00000512	0x00	0x00
SPI [1]	result	17.32417398	0.00000512	0x00	0x00
SPI [1]	result	17.32417926	0.00000512	0x00	0x00
SPI [1]	result	17.32458028	0.00000512	0x08	0x00
SPI [1]	result	17.32458556	0.00000512	0x00	0x00
SPI [1]	result	17.32459084	0.00000512	0x88	0x07
SPI [1]	result	17.32459612	0.00000512	0x32	0xFF
SPI [1]	result	17.36333336	0.00000512	0x00	0x00
SPI [1]	result	17.36333864	0.00000512	0x00	0x00
SPI [1]	result	17.36334392	0.00000512	0x08	0x00
SPI [1]	result	17.36334920	0.00000512	0x20	0x10
SPI [1]	result	17.36375013	0.00000512	0x0C	0x00
SPI [1]	result	17.36375541	0.00000512	0x10	0x00
SPI [1]	result	17.36376069	0.00000512	0x80	0xFF
SPI [1]	result	17.36376597	0.00000512	0x02	0xFF
SPI [1]	result	17.36416665	0.00000512	0x00	0x00
SPI [1]	result	17.36417193	0.00000512	0x00	0x00
SPI [1]	result	17.36417721	0.00000512	0x09	0x00
SPI [1]	result	17.36418249	0.00000512	0xA6	0x7F
SPI [1]	result	17.36458360	0.00000512	0x0D	0x00
SPI [1]	result	17.36458888	0.00000512	0x00	0x00
SPI [1]	result	17.36459416	0.00000512	0x88	0x7F
SPI [1]	result	17.36459944	0.00000512	0x1A	0xFF
SPI [1]	result	17.36500024	0.00000512	0x00	0x00
SPI [1]	result	17.36500552	0.00000512	0x00	0x00
SPI [1]	result	17.36501080	0.00000512	0x00	0x00
SPI [1]	result	17.36501608	0.00000512	0x00	0x00
SPI [1]	result	17.36547055	0.00000512	0x08	0x00
SPI [1]	result	17.36547583	0.00000512	0x00	0x00
SPI [1]	result	17.36548111	0.00000512	0x89	0x07
SPI [1]	result	17.36548639	0.00000512	0xB8	0xFF
SPI [1]	result	17.40333382	0.00000512	0x00	0x00
SPI [1]	result	17.40333910	0.00000512	0x00	0x00
SPI [1]	result	17.40334438	0.00000512	0x08	0x00
SPI [1]	result	17.40334966	0.00000512	0x20	0x10
SPI [1]	result	17.40375212	0.00000512	0x0E	0x00
SPI [1]	result	17.40375740	0.00000512	0x10	0x00
SPI [1]	result	17.40376268	0.00000512	0x80	0xFF
SPI [1]	result	17.40376796	0.00000512	0x12	0xFF
SPI [1]	result	17.40416894	0.00000512	0x00	0x00
SPI [1]	result	17.40417422	0.00000512	0x00	0x00
SPI [1]	result	17.40417950	0.00000512	0x00	0x00
SPI [1]	result	17.40418478	0.00000512	0x00	0x00
SPI [1]	result	17.40458589	0.00000512	0x08	0x00
SPI [1]	result	17.40459117	0.00000512	0x00	0x00
SPI [1]	result	17.40459645	0.00000512	0x88	0x07
SPI [1]	result	17.40460173	0.00000512	0x32	0xFF
SPI [1]	result	17.44333536	0.00000512	0x00	0x00
SPI [1]	result	17.44334064	0.00000512	0x00	0x00
SPI [1]	result	17.44334592	0.00000512	0x08	0x00
SPI [1]	result	17.44335120	0.00000512	0x20	0x10
SPI [1]	result	17.44376431	0.00000512	0x0F	0x00
SPI [1]	result	17.44376959	0.00000512	0x10	0x00
SPI [1]	result	17.44377487	0.00000512	0x80	0xFF
SPI [1]	result	17.44378015	0.00000512	0x1A	0xFF
SPI [1]	result	17.44418291	0.00000512	0x00	0x00
SPI [1]	result	17.44418819	0.00000512	0x00	0x00
SPI [1]	result	17.44419347	0.00000512	0x00	0x00
SPI [1]	result	17.44419875	0.00000512	0x00	0x00
SPI [1]	result	17.44460030	0.00000512	0x08	0x00
SPI [1]	result	17.44460558	0.00000512	0x00	0x00
SPI [1]	result	17.44461086	0.00000512	0x88	0x07
SPI [1]	result	17.44461614	0.00000512	0x32	0xFF
SPI [1]	result	17.48333404	0.00000512	0x00	0x00
SPI [1]	result	17.48333932	0.00000512	0x00	0x00
SPI [1]	result	17.48334460	0.00000512	0x08	0x00
SPI [1]	result	17.48334988	0.00000512	0x20	0x00
SPI [1]	result	17.48375538	0.00000512	0x08	0x00
SPI [1]	result	17.48376066	0.00000512	0x10	0x00
SPI [1]	result	17.48376594	0.00000512	0x80	0x7F
SPI [1]	result	17.48377122	0.00000512	0x22	0xFF
SPI [1]	result	17.48417329	0.00000512	0x00	0x00
SPI [1]	result	17.48417857	0.00000512	0x00	0x00
SPI [1]	result	17.48418385	0.00000512	0x09	0x00
SPI [1]	result	17.48418913	0.00000512	0xA6	0x7F
SPI [1]	result	17.48459015	0.00000512	0x09	0x00
SPI [1]	result	17.48459543	0.00000512	0x00	0x00
SPI [1]	result	17.48460071	0.00000512	0x88	0x7F
SPI [1]	result	17.48460599	0.00000512	0x3A	0xFF
SPI [1]	result	17.48500797	0.00000512	0x00	0x00
SPI [1]	result	17.48501325	0.00000512	0x00	0x00
SPI [1]	result	17.48501853	0.00000512	0x00	0x00
SPI [1]	result	17.48502381	0.00000512	0x00	0x00
SPI [1]	result	17.48542194	0.00000512	0x08	0x00
SPI [1]	result	17.48542722	0.00000512	0x00	0x00
SPI [1]	result	17.48543250	0.00000512	0x89	0x07
SPI [1]	result	17.48543778	0.00000512	0xB8	0xFF
SPI [1]	result	17.52333559	0.00000512	0x00	0x00
SPI [1]	result	17.52334087	0.00000512	0x00	0x00
SPI [1]	result	17.52334615	0.00000512	0x08	0x00
SPI [1]	result	17.52335143	0.00000512	0x20	0x08
SPI [1]	result	17.52376866	0.00000512	0x0A	0x00
SPI [1]	result	17.52377394	0.00000512	0x10	0x1F
SPI [1]	result	17.52377922	0.00000512	0x80	0xFF
SPI [1]	result	17.52378450	0.00000512	0x32	0xFF
SPI [1]	result	17.52418576	0.00000512	0x00	0x00
SPI [1]	result	17.52419104	0.00000512	0x00	0x00
SPI [1]	result	17.52419632	0.00000512	0x00	0x00
SPI [1]	result	17.52420160	0.00000512	0x00	0x00
SPI [1]	result	17.52460262	0.00000512	0x08	0x00
SPI [1]	result	17.52460790	0.00000512	0x00	0x00
SPI [1]	result	17.52461318	0.00000512	0x88	0x07
SPI [1]	result	17.52461846	0.00000512	0x32	0xFF
SPI [1]	result	17.56333154	0.00000512	0x00	0x00
SPI [1]	result	17.56333682	0.00000512	0x00	0x00
SPI [1]	result	17.56334210	0.00000512	0x08	0x00
SPI [1]	result	17.56334738	0.00000512	0x20	0x10
SPI [1]	result	17.56375073	0.00000512	0x0B	0x00
SPI [1]	result	17.56375601	0.00000512	0x10	0x1F
SPI [1]	result	17.56376129	0.00000512	0x80	0xFF
SPI [1]	result	17.56376657	0.00000512	0x3A	0xFF
SPI [1]	result	17.56416777	0.00000512	0x00	0x00
SPI [1]	result	17.56417305	0.00000512	0x00	0x00
SPI [1]	result	17.56417833	0.00000512	0x00	0x00
SPI [1]	result	17.56418361	0.00000512	0x00	0x00
SPI [1]	result	17.56458463	0.00000512	0x08	0x00
SPI [1]	result	17.56458991	0.00000512	0x00	0x00
SPI [1]	result	17.56459519	0.00000512	0x88	0x07
SPI [1]	result	17.56460047	0.00000512	0x32	0xFF
SPI [1]	result	17.60334884	0.00000512	0x00	0x00
SPI [1]	result	17.60335412	0.00000512	0x00	0x00
SPI [1]	result	17.60335940	0.00000512	0x08	0x00
SPI [1]	result	17.60336468	0.00000512	0x20	0x10
SPI [1]	result	17.60381387	0.00000512	0x0C	0x00
SPI [1]	result	17.60381915	0.00000512	0x10	0x00
SPI [1]	result	17.60382443	0.00000512	0x80	0x7F
SPI [1]	result	17.60382971	0.00000512	0x02	0xE3
SPI [1]	result	17.60423287	0.00000512	0x00	0x00
SPI [1]	result	17.60423815	0.00000512	0x00	0x00
SPI [1]	result	17.60424343	0.00000512	0x09	0x00
SPI [1]	result	17.60424871	0.00000512	0xA6	0x7F
SPI [1]	result	17.60465032	0.00000512	0x0D	0x00
SPI [1]	result	17.60465560	0.00000512	0x00	0x00
SPI [1]	result	17.60466088	0.00000512	0x88	0x7F
SPI [1]	result	17.60466616	0.00000512	0x1A	0xFF
SPI [1]	result	17.60506866	0.00000512	0x00	0x00
SPI [1]	result	17.60507394	0.00000512	0x00	0x00
SPI [1]	result	17.60507922	0.00000512	0x00	0x00
SPI [1]	result	17.60508450	0.00000512	0x00	0x00
SPI [1]	result	17.60548598	0.00000512	0x08	0x00
SPI [1]	result	17.60549126	0.00000512	0x00	0x00
SPI [1]	result	17.60549654	0.00000512	0x89	0x07
SPI [1]	result	17.60550182	0.00000512	0xB8	0xFF
SPI [1]	result	17.64333289	0.00000512	0x00	0x00
SPI [1]	result	17.64333817	0.00000512	0x00	0x00
SPI [1]	result	17.64334345	0.00000512	0x08	0x00
SPI [1]	result	17.64334873	0.00000512	0x20	0x10
SPI [1]	result	17.64375273	0.00000512	0x0E	0x00
SPI [1]	result	17.64375801	0.00000512	0x10	0x00
SPI [1]	result	17.64376329	0.00000512	0x80	0xFF
SPI [1]	result	17.64376857	0.00000512	0x12	0xFF
SPI [1]	result	17.64416998	0.00000512	0x00	0x00
SPI [1]	result	17.64417526	0.00000512	0x00	0x00
SPI [1]	result	17.64418054	0.00000512	0x00	0x00
SPI [1]	result	17.64418582	0.00000512	0x00	0x00
SPI [1]	result	17.64458732	0.00000512	0x08	0x00
SPI [1]	result	17.64459260	0.00000512	0x00	0x00
SPI [1]	result	17.64459788	0.00000512	0x88	0x07
SPI [1]	result	17.64460316	0.00000512	0x32	0xFF
SPI [1]	result	17.68333635	0.00000512	0x00	0x00
SPI [1]	result	17.68334163	0.00000512	0x00	0x00
SPI [1]	result	17.68334691	0.00000512	0x08	0x00
SPI [1]	result	17.68335219	0.00000512	0x20	0x10
SPI [1]	result	17.68376992	0.00000512	0x0F	0x00
SPI [1]	result	17.68377520	0.00000512	0x10	0x00
SPI [1]	result	17.68378048	0.00000512	0x80	0xFF
SPI [1]	result	17.68378576	0.00000512	0x1A	0xFF
SPI [1]	result	17.68418495	0.00000512	0x00	0x00
SPI [1]	result	17.68419023	0.00000512	0x00	0x00
SPI [1]	result	17.68419551	0.00000512	0x00	0x00
SPI [1]	result	17.68420079	0.00000512	0x00	0x00
SPI [1]	result	17.68460232	0.00000512	0x08	0x00
SPI [1]	result	17.68460760	0.00000512	0x00	0x00
SPI [1]	result	17.68461288	0.00000512	0x88	0x0F
SPI [1]	result	17.68461816	0.00000512	0x32	0xFF
SPI [1]	result	17.72333502	0.00000512	0x00	0x00
SPI [1]	result	17.72334030	0.00000512	0x00	0x00
SPI [1]	result	17.72334558	0.00000512	0x08	0x00
SPI [1]	result	17.72335086	0.00000512	0x20	0x10
SPI [1]	result	17.72375392	0.00000512	0x08	0x00
SPI [1]	result	17.72375920	0.00000512	0x10	0x00
SPI [1]	result	17.72376448	0.00000512	0x80	0x7F
SPI [1]	result	17.72376976	0.00000512	0x22	0xFF
SPI [1]	result	17.72417124	0.00000512	0x00	0x00
SPI [1]	result	17.72417652	0.00000512	0x00	0x00
SPI [1]	result	17.72418180	0.00000512	0x09	0x00
SPI [1]	result	17.72418708	0.00000512	0xA6	0x7F
SPI [1]	result	17.72458794	0.00000512	0x09	0x00
SPI [1]	result	17.72459322	0.00000512	0x00	0x00
SPI [1]	result	17.72459850	0.00000512	0x88	0x7F
SPI [1]	result	17.72460378	0.00000512	0x3A	0xFF
SPI [1]	result	17.72500456	0.00000512	0x00	0x00
SPI [1]	result	17.72500984	0.00000512	0x00	0x00
SPI [1]	result	17.72501512	0.00000512	0x00	0x00
SPI [1]	result	17.72502040	0.00000512	0x00	0x00
SPI [1]	result	17.72542188	0.00000512	0x08	0x00
SPI [1]	result	17.72542716	0.00000512	0x00	0x00
SPI [1]	result	17.72543244	0.00000512	0x89	0x0F
SPI [1]	result	17.72543772	0.00000512	0xB8	0xFF
SPI [1]	result	17.76333540	0.00000512	0x00	0x00
SPI [1]	result	17.76334068	0.00000512	0x00	0x00
SPI [1]	result	17.76334596	0.00000512	0x08	0x00
SPI [1]	result	17.76335124	0.00000512	0x20	0x10
SPI [1]	result	17.76376355	0.00000512	0x0A	0x00
SPI [1]	result	17.76376883	0.00000512	0x10	0x1F
SPI [1]	result	17.76377411	0.00000512	0x80	0xFF
SPI [1]	result	17.76377939	0.00000512	0x32	0xFF
SPI [1]	result	17.76418234	0.00000512	0x00	0x00
SPI [1]	result	17.76418762	0.00000512	0x00	0x00
SPI [1]	result	17.76419290	0.00000512	0x00	0x00
SPI [1]	result	17.76419818	0.00000512	0x00	0x00
SPI [1]	result	17.76459918	0.00000512	0x08	0x00
SPI [1]	result	17.76460446	0.00000512	0x00	0x00
SPI [1]	result	17.76460974	0.00000512	0x88	0x0F
SPI [1]	result	17.76461502	0.00000512	0x32	0xFF
SPI [1]	result	17.80333493	0.00000512	0x00	0x00
SPI [1]	result	17.80334021	0.00000512	0x00	0x00
SPI [1]	result	17.80334549	0.00000512	0x08	0x00
SPI [1]	result	17.80335077	0.00000512	0x20	0x10
SPI [1]	result	17.80376784	0.00000512	0x0B	0x00
SPI [1]	result	17.80377312	0.00000512	0x10	0x1F
SPI [1]	result	17.80377840	0.00000512	0x80	0xFF
SPI [1]	result	17.80378368	0.00000512	0x3A	0xFF
SPI [1]	result	17.80418399	0.00000512	0x00	0x00
SPI [1]	result	17.80418927	0.00000512	0x00	0x00
SPI [1]	result	17.80419455	0.00000512	0x00	0x00
SPI [1]	result	17.80419983	0.00000512	0x00	0x00
SPI [1]	result	17.80460098	0.00000512	0x08	0x00
SPI [1]	result	17.80460626	0.00000512	0x00	0x00
SPI [1]	result	17.80461154	0.00000512	0x88	0x07
SPI [1]	result	17.80461682	0.00000512	0x32	0xFF
SPI [1]	result	17.84333405	0.00000512	0x00	0x00
SPI [1]	result	17.84333933	0.00000512	0x00	0x00
SPI [1]	result	17.84334461	0.00000512	0x08	0x00
SPI [1]	result	17.84334989	0.00000512	0x20	0x12
SPI [1]	result	17.84375539	0.00000512	0x0C	0x00
SPI [1]	result	17.84376067	0.00000512	0x10	0x00
SPI [1]	result	17.84376595	0.00000512	0x80	0xFF
SPI [1]	result	17.84377123	0.00000512	0x02	0xD3
SPI [1]	result	17.84417312	0.00000512	0x00	0x00
SPI [1]	result	17.84417840	0.00000512	0x00	0x00
SPI [1]	result	17.84418368	0.00000512	0x09	0x00
SPI [1]	result	17.84418896	0.00000512	0xA6	0x7F
SPI [1]	result	17.84459001	0.00000512	0x0D	0x00
SPI [1]	result	17.84459529	0.00000512	0x00	0x00
SPI [1]	result	17.84460057	0.00000512	0x88	0x7F
SPI [1]	result	17.84460585	0.00000512	0x1A	0xFF
SPI [1]	result	17.84500440	0.00000512	0x00	0x00
SPI [1]	result	17.84500968	0.00000512	0x00	0x00
SPI [1]	result	17.84501496	0.00000512	0x00	0x00
SPI [1]	result	17.84502024	0.00000512	0x00	0x00
SPI [1]	result	17.84542157	0.00000512	0x08	0x00
SPI [1]	result	17.84542685	0.00000512	0x00	0x00
SPI [1]	result	17.84543213	0.00000512	0x89	0x0B
SPI [1]	result	17.84543741	0.00000512	0xB8	0xFF
SPI [1]	result	17.88333569	0.00000512	0x00	0x00
SPI [1]	result	17.88334097	0.00000512	0x00	0x00
SPI [1]	result	17.88334625	0.00000512	0x08	0x00
SPI [1]	result	17.88335153	0.00000512	0x20	0x10
SPI [1]	result	17.88376593	0.00000512	0x0E	0x00
SPI [1]	result	17.88377121	0.00000512	0x10	0x00
SPI [1]	result	17.88377649	0.00000512	0x80	0xFF
SPI [1]	result	17.88378177	0.00000512	0x12	0xFF
SPI [1]	result	17.88418344	0.00000512	0x00	0x00
SPI [1]	result	17.88418872	0.00000512	0x00	0x00
SPI [1]	result	17.88419400	0.00000512	0x00	0x00
SPI [1]	result	17.88419928	0.00000512	0x00	0x00
SPI [1]	result	17.88460083	0.00000512	0x08	0x00
SPI [1]	result	17.88460611	0.00000512	0x00	0x00
SPI [1]	result	17.88461139	0.00000512	0x88	0x07
SPI [1]	result	17.88461667	0.00000512	0x32	0xFF
SPI [1]	result	17.92333707	0.00000512	0x00	0x00
SPI [1]	result	17.92334235	0.00000512	0x00	0x00
SPI [1]	result	17.92334763	0.00000512	0x08	0x00
SPI [1]	result	17.92335291	0.00000512	0x20	0x10
SPI [1]	result	17.92377568	0.00000512	0x0F	0x00
SPI [1]	result	17.92378096	0.00000512	0x10	0x00
SPI [1]	result	17.92378624	0.00000512	0x80	0x7F
SPI [1]	result	17.92379152	0.00000512	0x1A	0xFF
SPI [1]	result	17.92419400	0.00000512	0x00	0x00
SPI [1]	result	17.92419928	0.00000512	0x00	0x00
SPI [1]	result	17.92420456	0.00000512	0x00	0x00
SPI [1]	result	17.92420984	0.00000512	0x00	0x00
SPI [1]	result	17.92461171	0.00000512	0x08	0x00
SPI [1]	result	17.92461699	0.00000512	0x00	0x00
SPI [1]	result	17.92462227	0.00000512	0x88	0x07
SPI [1]	result	17.92462755	0.00000512	0x32	0xFF
SPI [1]	result	17.96333447	0.00000512	0x00	0x00
SPI [1]	result	17.96333975	0.00000512	0x00	0x00
SPI [1]	result	17.96334503	0.00000512	0x08	0x00
SPI [1]	result	17.96335031	0.00000512	0x20	0x10
SPI [1]	result	17.96375643	0.00000512	0x08	0x00
SPI [1]	result	17.96376171	0.00000512	0x10	0x00
SPI [1]	result	17.96376699	0.00000512	0x80	0x7F
SPI [1]	result	17.96377227	0.00000512	0x22	0xFF
SPI [1]	result	17.96417429	0.00000512	0x00	0x00
SPI [1]	result	17.96417957	0.00000512	0x00	0x00
SPI [1]	result	17.96418485	0.00000512	0x09	0x00
SPI [1]	result	17.96419013	0.00000512	0xA6	0x7F
SPI [1]	result	17.96459105	0.00000512	0x09	0x00
SPI [1]	result	17.96459633	0.00000512	0x00	0x80
SPI [1]	result	17.96460161	0.00000512	0x88	0x7F
SPI [1]	result	17.96460689	0.00000512	0x3A	0xFF
SPI [1]	result	17.96500797	0.00000512	0x00	0x00
SPI [1]	result	17.96501325	0.00000512	0x00	0x00
SPI [1]	result	17.96501853	0.00000512	0x00	0x00
SPI [1]	result	17.96502381	0.00000512	0x00	0x00
SPI [1]	result	17.96542588	0.00000512	0x08	0x00
SPI [1]	result	17.96543116	0.00000512	0x00	0x00
SPI [1]	result	17.96543644	0.00000512	0x89	0x07
SPI [1]	result	17.96544172	0.00000512	0xB8	0xFF
SPI [1]	result	18.00333142	0.00000512	0x00	0x00
SPI [1]	result	18.00333670	0.00000512	0x00	0x00
SPI [1]	result	18.00334198	0.00000512	0x08	0x00
SPI [1]	result	18.00334726	0.00000512	0x20	0x10
SPI [1]	result	18.00374866	0.00000512	0x0A	0x00
SPI [1]	result	18.00375394	0.00000512	0x10	0x1F
SPI [1]	result	18.00375922	0.00000512	0x80	0xFF
SPI [1]	result	18.00376450	0.00000512	0x32	0xFF
SPI [1]	result	18.00416576	0.00000512	0x00	0x00
SPI [1]	result	18.00417104	0.00000512	0x00	0x00
SPI [1]	result	18.00417632	0.00000512	0x00	0x00
SPI [1]	result	18.00418160	0.00000512	0x00	0x00
SPI [1]	result	18.00458225	0.00000512	0x08	0x00
SPI [1]	result	18.00458753	0.00000512	0x00	0x00
SPI [1]	result	18.00459281	0.00000512	0x88	0x07
SPI [1]	result	18.00459809	0.00000512	0x32	0xFF
SPI [1]	result	18.04333134	0.00000512	0x00	0x00
SPI [1]	result	18.04333662	0.00000512	0x00	0x00
SPI [1]	result	18.04334190	0.00000512	0x08	0x00
SPI [1]	result	18.04334718	0.00000512	0x20	0x10
SPI [1]	result	18.04374929	0.00000512	0x0B	0x00
SPI [1]	result	18.04375457	0.00000512	0x10	0x1F
SPI [1]	result	18.04375985	0.00000512	0x80	0xFF
SPI [1]	result	18.04376513	0.00000512	0x3A	0xFF
SPI [1]	result	18.04416666	0.00000512	0x00	0x00
SPI [1]	result	18.04417194	0.00000512	0x00	0x00
SPI [1]	result	18.04417722	0.00000512	0x00	0x00
SPI [1]	result	18.04418250	0.00000512	0x00	0x00
SPI [1]	result	18.04458050	0.00000512	0x08	0x00
SPI [1]	result	18.04458578	0.00000512	0x00	0x00
SPI [1]	result	18.04459106	0.00000512	0x88	0x07
SPI [1]	result	18.04459634	0.00000512	0x32	0xFF
SPI [1]	result	18.08333303	0.00000512	0x00	0x00
SPI [1]	result	18.08333831	0.00000512	0x00	0x00
SPI [1]	result	18.08334359	0.00000512	0x08	0x00
SPI [1]	result	18.08334887	0.00000512	0x20	0x10
SPI [1]	result	18.08375165	0.00000512	0x0C	0x00
SPI [1]	result	18.08375693	0.00000512	0x10	0x00
SPI [1]	result	18.08376221	0.00000512	0x80	0x7F
SPI [1]	result	18.08376749	0.00000512	0x02	0xFF
SPI [1]	result	18.08416826	0.00000512	0x00	0x00
SPI [1]	result	18.08417354	0.00000512	0x00	0x00
SPI [1]	result	18.08417882	0.00000512	0x09	0x00
SPI [1]	result	18.08418410	0.00000512	0xA6	0x7F
SPI [1]	result	18.08458482	0.00000512	0x0D	0x00
SPI [1]	result	18.08459010	0.00000512	0x00	0x00
SPI [1]	result	18.08459538	0.00000512	0x88	0x7F
SPI [1]	result	18.08460066	0.00000512	0x1A	0xFF
SPI [1]	result	18.08499896	0.00000512	0x00	0x00
SPI [1]	result	18.08500424	0.00000512	0x00	0x00
SPI [1]	result	18.08500952	0.00000512	0x00	0x00
SPI [1]	result	18.08501480	0.00000512	0x00	0x00
SPI [1]	result	18.08541557	0.00000512	0x08	0x00
SPI [1]	result	18.08542085	0.00000512	0x00	0x00
SPI [1]	result	18.08542613	0.00000512	0x89	0x07
SPI [1]	result	18.08543141	0.00000512	0xB8	0xFF
SPI [1]	result	18.12333485	0.00000512	0x00	0x00
SPI [1]	result	18.12334013	0.00000512	0x00	0x00
SPI [1]	result	18.12334541	0.00000512	0x08	0x00
SPI [1]	result	18.12335069	0.00000512	0x20	0x10
SPI [1]	result	18.12376343	0.00000512	0x0E	0x00
SPI [1]	result	18.12376871	0.00000512	0x10	0x08
SPI [1]	result	18.12377399	0.00000512	0x80	0xFF
SPI [1]	result	18.12377927	0.00000512	0x12	0xFF
SPI [1]	result	18.12418172	0.00000512	0x00	0x00
SPI [1]	result	18.12418700	0.00000512	0x00	0x00
SPI [1]	result	18.12419228	0.00000512	0x00	0x00
SPI [1]	result	18.12419756	0.00000512	0x00	0x00
SPI [1]	result	18.12459891	0.00000512	0x08	0x00
SPI [1]	result	18.12460419	0.00000512	0x00	0x00
SPI [1]	result	18.12460947	0.00000512	0x88	0x0F
SPI [1]	result	18.12461475	0.00000512	0x32	0xFF
SPI [1]	result	18.16333447	0.00000512	0x00	0x00
SPI [1]	result	18.16333975	0.00000512	0x00	0x00
SPI [1]	result	18.16334503	0.00000512	0x08	0x00
SPI [1]	result	18.16335031	0.00000512	0x20	0x10
SPI [1]	result	18.16376340	0.00000512	0x0F	0x00
SPI [1]	result	18.16376868	0.00000512	0x10	0x00
SPI [1]	result	18.16377396	0.00000512	0x80	0xFF
SPI [1]	result	18.16377924	0.00000512	0x1A	0xFF
SPI [1]	result	18.16418187	0.00000512	0x00	0x00
SPI [1]	result	18.16418715	0.00000512	0x00	0x00
SPI [1]	result	18.16419243	0.00000512	0x00	0x00
SPI [1]	result	18.16419771	0.00000512	0x00	0x00
SPI [1]	result	18.16459903	0.00000512	0x08	0x00
SPI [1]	result	18.16460431	0.00000512	0x00	0x00
SPI [1]	result	18.16460959	0.00000512	0x88	0x07
SPI [1]	result	18.16461487	0.00000512	0x32	0xFF
SPI [1]	result	18.20333482	0.00000512	0x00	0x00
SPI [1]	result	18.20334010	0.00000512	0x00	0x00
SPI [1]	result	18.20334538	0.00000512	0x08	0x00
SPI [1]	result	18.20335066	0.00000512	0x20	0x10
SPI [1]	result	18.20375247	0.00000512	0x08	0x00
SPI [1]	result	18.20375775	0.00000512	0x10	0x00
SPI [1]	result	18.20376303	0.00000512	0x80	0x7F
SPI [1]	result	18.20376831	0.00000512	0x22	0xFF
SPI [1]	result	18.20417010	0.00000512	0x00	0x00
SPI [1]	result	18.20417538	0.00000512	0x00	0x00
SPI [1]	result	18.20418066	0.00000512	0x09	0x00
SPI [1]	result	18.20418594	0.00000512	0xA6	0x7F
SPI [1]	result	18.20458735	0.00000512	0x09	0x00
SPI [1]	result	18.20459263	0.00000512	0x00	0x00
SPI [1]	result	18.20459791	0.00000512	0x88	0x7F
SPI [1]	result	18.20460319	0.00000512	0x3A	0xFF
SPI [1]	result	18.20500426	0.00000512	0x00	0x00
SPI [1]	result	18.20500954	0.00000512	0x00	0x00
SPI [1]	result	18.20501482	0.00000512	0x00	0x00
SPI [1]	result	18.20502010	0.00000512	0x00	0x00
SPI [1]	result	18.20542164	0.00000512	0x08	0x00
SPI [1]	result	18.20542692	0.00000512	0x00	0x00
SPI [1]	result	18.20543220	0.00000512	0x89	0x0F
SPI [1]	result	18.20543748	0.00000512	0xB8	0xFF
SPI [1]	result	18.24333405	0.00000512	0x00	0x00
SPI [1]	result	18.24333933	0.00000512	0x00	0x00
SPI [1]	result	18.24334461	0.00000512	0x08	0x00
SPI [1]	result	18.24334989	0.00000512	0x20	0x10
SPI [1]	result	18.24376305	0.00000512	0x0A	0x00
SPI [1]	result	18.24376833	0.00000512	0x10	0x1F
SPI [1]	result	18.24377361	0.00000512	0x80	0xFF
SPI [1]	result	18.24377889	0.00000512	0x32	0xFF
SPI [1]	result	18.24418124	0.00000512	0x00	0x00
SPI [1]	result	18.24418652	0.00000512	0x00	0x00
SPI [1]	result	18.24419180	0.00000512	0x00	0x00
SPI [1]	result	18.24419708	0.00000512	0x00	0x00
SPI [1]	result	18.24459803	0.00000512	0x08	0x00
SPI [1]	result	18.24460331	0.00000512	0x00	0x00
SPI [1]	result	18.24460859	0.00000512	0x88	0x0F
SPI [1]	result	18.24461387	0.00000512	0x32	0xFF
SPI [1]	result	18.28333371	0.00000512	0x00	0x00
SPI [1]	result	18.28333899	0.00000512	0x00	0x00
SPI [1]	result	18.28334427	0.00000512	0x08	0x00
SPI [1]	result	18.28334955	0.00000512	0x20	0x10
SPI [1]	result	18.28376399	0.00000512	0x0B	0x00
SPI [1]	result	18.28376927	0.00000512	0x10	0x1F
SPI [1]	result	18.28377455	0.00000512	0x80	0xFF
SPI [1]	result	18.28377983	0.00000512	0x3A	0xFF
SPI [1]	result	18.28418157	0.00000512	0x00	0x00
SPI [1]	result	18.28418685	0.00000512	0x00	0x00
SPI [1]	result	18.28419213	0.00000512	0x00	0x00
SPI [1]	result	18.28419741	0.00000512	0x00	0x00
SPI [1]	result	18.28459820	0.00000512	0x08	0x00
SPI [1]	result	18.28460348	0.00000512	0x00	0x00
SPI [1]	result	18.28460876	0.00000512	0x88	0x07
SPI [1]	result	18.28461404	0.00000512	0x32	0xFF
SPI [1]	result	18.32333359	0.00000512	0x00	0x00
SPI [1]	result	18.32333887	0.00000512	0x00	0x00
SPI [1]	result	18.32334415	0.00000512	0x08	0x00
SPI [1]	result	18.32334943	0.00000512	0x20	0x10
SPI [1]	result	18.32375148	0.00000512	0x0C	0x00
SPI [1]	result	18.32375676	0.00000512	0x10	0x00
SPI [1]	result	18.32376204	0.00000512	0x80	0xFF
SPI [1]	result	18.32376732	0.00000512	0x02	0xFF
SPI [1]	result	18.32416897	0.00000512	0x00	0x00
SPI [1]	result	18.32417425	0.00000512	0x00	0x00
SPI [1]	result	18.32417953	0.00000512	0x09	0x00
SPI [1]	result	18.32418481	0.00000512	0xA6	0x7F
SPI [1]	result	18.32458590	0.00000512	0x0D	0x00
SPI [1]	result	18.32459118	0.00000512	0x00	0x00
SPI [1]	result	18.32459646	0.00000512	0x88	0x7F
SPI [1]	result	18.32460174	0.00000512	0x1A	0xFF
SPI [1]	result	18.32500285	0.00000512	0x00	0x00
SPI [1]	result	18.32500813	0.00000512	0x00	0x00
SPI [1]	result	18.32501341	0.00000512	0x00	0x00
SPI [1]	result	18.32501869	0.00000512	0x00	0x00
SPI [1]	result	18.32541972	0.00000512	0x08	0x00
SPI [1]	result	18.32542500	0.00000512	0x00	0x00
SPI [1]	result	18.32543028	0.00000512	0x89	0x07
SPI [1]	result	18.32543556	0.00000512	0xB8	0xFF
SPI [1]	result	18.36333508	0.00000512	0x00	0x00
SPI [1]	result	18.36334036	0.00000512	0x00	0x00
SPI [1]	result	18.36334564	0.00000512	0x08	0x00
SPI [1]	result	18.36335092	0.00000512	0x20	0x00
SPI [1]	result	18.36376210	0.00000512	0x0E	0x00
SPI [1]	result	18.36376738	0.00000512	0x10	0x00
SPI [1]	result	18.36377266	0.00000512	0x80	0xFF
SPI [1]	result	18.36377794	0.00000512	0x12	0xFF
SPI [1]	result	18.36417983	0.00000512	0x00	0x00
SPI [1]	result	18.36418511	0.00000512	0x00	0x00
SPI [1]	result	18.36419039	0.00000512	0x00	0x00
SPI [1]	result	18.36419567	0.00000512	0x00	0x00
SPI [1]	result	18.36459639	0.00000512	0x08	0x00
SPI [1]	result	18.36460167	0.00000512	0x00	0x00
SPI [1]	result	18.36460695	0.00000512	0x88	0x07
SPI [1]	result	18.36461223	0.00000512	0x32	0xFF
SPI [1]	result	18.40333252	0.00000512	0x00	0x00
SPI [1]	result	18.40333780	0.00000512	0x00	0x00
SPI [1]	result	18.40334308	0.00000512	0x08	0x00
SPI [1]	result	18.40334836	0.00000512	0x20	0x00
SPI [1]	result	18.40374989	0.00000512	0x0F	0x00
SPI [1]	result	18.40375517	0.00000512	0x10	0x00
SPI [1]	result	18.40376045	0.00000512	0x80	0xFF
SPI [1]	result	18.40376573	0.00000512	0x1A	0xFF
SPI [1]	result	18.40416657	0.00000512	0x00	0x00
SPI [1]	result	18.40417185	0.00000512	0x00	0x00
SPI [1]	result	18.40417713	0.00000512	0x00	0x00
SPI [1]	result	18.40418241	0.00000512	0x00	0x00
SPI [1]	result	18.40458350	0.00000512	0x08	0x00
SPI [1]	result	18.40458878	0.00000512	0x00	0x00
SPI [1]	result	18.40459406	0.00000512	0x88	0x07
SPI [1]	result	18.40459934	0.00000512	0x32	0xFF
SPI [1]	result	18.44333410	0.00000512	0x00	0x00
SPI [1]	result	18.44333938	0.00000512	0x00	0x00
SPI [1]	result	18.44334466	0.00000512	0x08	0x00
SPI [1]	result	18.44334994	0.00000512	0x20	0x10
SPI [1]	result	18.44375128	0.00000512	0x08	0x00
SPI [1]	result	18.44375656	0.00000512	0x10	0x00
SPI [1]	result	18.44376184	0.00000512	0x80	0xFF
SPI [1]	result	18.44376712	0.00000512	0x22	0xFF
SPI [1]	result	18.44416793	0.00000512	0x00	0x00
SPI [1]	result	18.44417321	0.00000512	0x00	0x00
SPI [1]	result	18.44417849	0.00000512	0x09	0x00
SPI [1]	result	18.44418377	0.00000512	0xA6	0x7F
SPI [1]	result	18.44458497	0.00000512	0x09	0x00
SPI [1]	result	18.44459025	0.00000512	0x00	0x00
SPI [1]	result	18.44459553	0.00000512	0x88	0x7F
SPI [1]	result	18.44460081	0.00000512	0x3A	0xFF
SPI [1]	result	18.44500148	0.00000512	0x00	0x00
SPI [1]	result	18.44500676	0.00000512	0x00	0x00
SPI [1]	result	18.44501204	0.00000512	0x00	0x00
SPI [1]	result	18.44501732	0.00000512	0x00	0x00
SPI [1]	result	18.44541787	0.00000512	0x08	0x00
SPI [1]	result	18.44542315	0.00000512	0x00	0x00
SPI [1]	result	18.44542843	0.00000512	0x89	0x07
SPI [1]	result	18.44543371	0.00000512	0xB8	0xFF
SPI [1]	result	18.48333125	0.00000512	0x00	0x00
SPI [1]	result	18.48333653	0.00000512	0x00	0x00
SPI [1]	result	18.48334181	0.00000512	0x08	0x00
SPI [1]	result	18.48334709	0.00000512	0x20	0x10
SPI [1]	result	18.48381134	0.00000512	0x0A	0x00
SPI [1]	result	18.48381662	0.00000512	0x10	0x0F
SPI [1]	result	18.48382190	0.00000512	0x80	0xFF
SPI [1]	result	18.48382718	0.00000512	0x32	0xFF
SPI [1]	result	18.48424529	0.00000512	0x00	0x00
SPI [1]	result	18.48425057	0.00000512	0x00	0x00
SPI [1]	result	18.48425585	0.00000512	0x00	0x00
SPI [1]	result	18.48426113	0.00000512	0x00	0x00
SPI [1]	result	18.48466350	0.00000512	0x08	0x00
SPI [1]	result	18.48466878	0.00000512	0x00	0x00
SPI [1]	result	18.48467406	0.00000512	0x88	0x07
SPI [1]	result	18.48467934	0.00000512	0x32	0xFF
SPI [1]	result	18.52333381	0.00000512	0x00	0x00
SPI [1]	result	18.52333909	0.00000512	0x00	0x00
SPI [1]	result	18.52334437	0.00000512	0x08	0x00
SPI [1]	result	18.52334965	0.00000512	0x20	0x10
SPI [1]	result	18.52375349	0.00000512	0x0B	0x00
SPI [1]	result	18.52375877	0.00000512	0x10	0x1F
SPI [1]	result	18.52376405	0.00000512	0x80	0xFF
SPI [1]	result	18.52376933	0.00000512	0x3A	0xFF
SPI [1]	result	18.52417068	0.00000512	0x00	0x00
SPI [1]	result	18.52417596	0.00000512	0x00	0x00
SPI [1]	result	18.52418124	0.00000512	0x00	0x00
SPI [1]	result	18.52418652	0.00000512	0x00	0x00
SPI [1]	result	18.52458763	0.00000512	0x08	0x00
SPI [1]	result	18.52459291	0.00000512	0x00	0x00
SPI [1]	result	18.52459819	0.00000512	0x88	0x07
SPI [1]	result	18.52460347	0.00000512	0x32	0xFF
SPI [1]	result	18.56333599	0.00000512	0x00	0x00
SPI [1]	result	18.56334127	0.00000512	0x00	0x00
SPI [1]	result	18.56334655	0.00000512	0x08	0x00
SPI [1]	result	18.56335183	0.00000512	0x20	0x10
SPI [1]	result	18.56376498	0.00000512	0x0C	0x00
SPI [1]	result	18.56377026	0.00000512	0x10	0x00
SPI [1]	result	18.56377554	0.00000512	0x80	0x7F
SPI [1]	result	18.56378082	0.00000512	0x02	0xC3
SPI [1]	result	18.56418341	0.00000512	0x00	0x00
SPI [1]	result	18.56418869	0.00000512	0x00	0x00
SPI [1]	result	18.56419397	0.00000512	0x09	0x00
SPI [1]	result	18.56419925	0.00000512	0xA6	0x7F
SPI [1]	result	18.56460103	0.00000512	0x0D	0x00
SPI [1]	result	18.56460631	0.00000512	0x00	0x00
SPI [1]	result	18.56461159	0.00000512	0x88	0xFF
SPI [1]	result	18.56461687	0.00000512	0x1A	0xFF
SPI [1]	result	18.56501812	0.00000512	0x00	0x00
SPI [1]	result	18.56502340	0.00000512	0x00	0x00
SPI [1]	result	18.56502868	0.00000512	0x00	0x00
SPI [1]	result	18.56503396	0.00000512	0x00	0x00
SPI [1]	result	18.56543493	0.00000512	0x08	0x00
SPI [1]	result	18.56544021	0.00000512	0x00	0x00
SPI [1]	result	18.56544549	0.00000512	0x89	0x07
SPI [1]	result	18.56545077	0.00000512	0xB8	0xFF
SPI [1]	result	18.60334532	0.00000512	0x00	0x00
SPI [1]	result	18.60335060	0.00000512	0x00	0x00
SPI [1]	result	18.60335588	0.00000512	0x08	0x00
SPI [1]	result	18.60336116	0.00000512	0x20	0x10
SPI [1]	result	18.60381143	0.00000512	0x0E	0x00
SPI [1]	result	18.60381671	0.00000512	0x10	0x00
SPI [1]	result	18.60382199	0.00000512	0x80	0xFF
SPI [1]	result	18.60382727	0.00000512	0x12	0xFF
SPI [1]	result	18.60422992	0.00000512	0x00	0x00
SPI [1]	result	18.60423520	0.00000512	0x00	0x00
SPI [1]	result	18.60424048	0.00000512	0x00	0x00
SPI [1]	result	18.60424576	0.00000512	0x00	0x00
SPI [1]	result	18.60464839	0.00000512	0x08	0x00
SPI [1]	result	18.60465367	0.00000512	0x00	0x00
SPI [1]	result	18.60465895	0.00000512	0x88	0x07
SPI [1]	result	18.60466423	0.00000512	0x32	0xFF
SPI [1]	result	18.64333824	0.00000512	0x00	0x00
SPI [1]	result	18.64334352	0.00000512	0x00	0x00
SPI [1]	result	18.64334880	0.00000512	0x08	0x00
SPI [1]	result	18.64335408	0.00000512	0x20	0x10
SPI [1]	result	18.64377286	0.00000512	0x0F	0x00
SPI [1]	result	18.64377814	0.00000512	0x10	0x00
SPI [1]	result	18.64378342	0.00000512	0x80	0xFF
SPI [1]	result	18.64378870	0.00000512	0x1A	0xFF
SPI [1]	result	18.64419223	0.00000512	0x00	0x00
SPI [1]	result	18.64419751	0.00000512	0x00	0x00
SPI [1]	result	18.64420279	0.00000512	0x00	0x00
SPI [1]	result	18.64420807	0.00000512	0x00	0x00
SPI [1]	result	18.64460938	0.00000512	0x08	0x00
SPI [1]	result	18.64461466	0.00000512	0x00	0x00
SPI [1]	result	18.64461994	0.00000512	0x88	0x0F
SPI [1]	result	18.64462522	0.00000512	0x32	0xFF
SPI [1]	result	18.68334729	0.00000512	0x00	0x00
SPI [1]	result	18.68335257	0.00000512	0x00	0x00
SPI [1]	result	18.68335785	0.00000512	0x08	0x00
SPI [1]	result	18.68336313	0.00000512	0x20	0x10
SPI [1]	result	18.68380568	0.00000512	0x08	0x00
SPI [1]	result	18.68381096	0.00000512	0x10	0x00
SPI [1]	result	18.68381624	0.00000512	0x80	0x7F
SPI [1]	result	18.68382152	0.00000512	0x22	0xFF
SPI [1]	result	18.68422682	0.00000512	0x00	0x00
SPI [1]	result	18.68423210	0.00000512	0x00	0x00
SPI [1]	result	18.68423738	0.00000512	0x09	0x00
SPI [1]	result	18.68424266	0.00000512	0xA6	0x7F
SPI [1]	result	18.68464536	0.00000512	0x09	0x00
SPI [1]	result	18.68465064	0.00000512	0x00	0x00
SPI [1]	result	18.68465592	0.00000512	0x88	0x7F
SPI [1]	result	18.68466120	0.00000512	0x3A	0xFF
SPI [1]	result	18.68505988	0.00000512	0x00	0x00
SPI [1]	result	18.68506516	0.00000512	0x00	0x00
SPI [1]	result	18.68507044	0.00000512	0x00	0x00
SPI [1]	result	18.68507572	0.00000512	0x00	0x00
SPI [1]	result	18.68547717	0.00000512	0x08	0x00
SPI [1]	result	18.68548245	0.00000512	0x00	0x00
SPI [1]	result	18.68548773	0.00000512	0x89	0x0F
SPI [1]	result	18.68549301	0.00000512	0xB8	0xFF
SPI [1]	result	18.72333719	0.00000512	0x00	0x00
SPI [1]	result	18.72334247	0.00000512	0x00	0x00
SPI [1]	result	18.72334775	0.00000512	0x08	0x00
SPI [1]	result	18.72335303	0.00000512	0x20	0x00
SPI [1]	result	18.72377014	0.00000512	0x0A	0x00
SPI [1]	result	18.72377542	0.00000512	0x10	0x9F
SPI [1]	result	18.72378070	0.00000512	0x80	0xFF
SPI [1]	result	18.72378598	0.00000512	0x32	0xFF
SPI [1]	result	18.72418946	0.00000512	0x00	0x00
SPI [1]	result	18.72419474	0.00000512	0x00	0x00
SPI [1]	result	18.72420002	0.00000512	0x00	0x00
SPI [1]	result	18.72420530	0.00000512	0x00	0x00
SPI [1]	result	18.72460665	0.00000512	0x08	0x00
SPI [1]	result	18.72461193	0.00000512	0x00	0x00
SPI [1]	result	18.72461721	0.00000512	0x88	0x07
SPI [1]	result	18.72462249	0.00000512	0x32	0xFF
SPI [1]	result	18.76333459	0.00000512	0x00	0x00
SPI [1]	result	18.76333987	0.00000512	0x00	0x00
SPI [1]	result	18.76334515	0.00000512	0x08	0x00
SPI [1]	result	18.76335043	0.00000512	0x20	0x10
SPI [1]	result	18.76376374	0.00000512	0x0B	0x00
SPI [1]	result	18.76376902	0.00000512	0x10	0x1F
SPI [1]	result	18.76377430	0.00000512	0x80	0xFF
SPI [1]	result	18.76377958	0.00000512	0x3A	0xFF
SPI [1]	result	18.76418142	0.00000512	0x00	0x00
SPI [1]	result	18.76418670	0.00000512	0x00	0x00
SPI [1]	result	18.76419198	0.00000512	0x00	0x00
SPI [1]	result	18.76419726	0.00000512	0x00	0x00
SPI [1]	result	18.76459903	0.00000512	0x08	0x00
SPI [1]	result	18.76460431	0.00000512	0x00	0x00
SPI [1]	result	18.76460959	0.00000512	0x88	0x0F
SPI [1]	result	18.76461487	0.00000512	0x32	0xFF
SPI [1]	result	18.80333440	0.00000512	0x00	0x00
SPI [1]	result	18.80333968	0.00000512	0x00	0x00
SPI [1]	result	18.80334496	0.00000512	0x08	0x00
SPI [1]	result	18.80335024	0.00000512	0x20	0x10
SPI [1]	result	18.80375176	0.00000512	0x0C	0x00
SPI [1]	result	18.80375704	0.00000512	0x10	0x00
SPI [1]	result	18.80376232	0.00000512	0x80	0x7F
SPI [1]	result	18.80376760	0.00000512	0x02	0xF3
SPI [1]	result	18.80416943	0.00000512	0x00	0x00
SPI [1]	result	18.80417471	0.00000512	0x00	0x00
SPI [1]	result	18.80417999	0.00000512	0x09	0x00
SPI [1]	result	18.80418527	0.00000512	0xA6	0x7F
SPI [1]	result	18.80458627	0.00000512	0x0D	0x00
SPI [1]	result	18.80459155	0.00000512	0x00	0x00
SPI [1]	result	18.80459683	0.00000512	0x88	0x7F
SPI [1]	result	18.80460211	0.00000512	0x1A	0xFF
SPI [1]	result	18.80500290	0.00000512	0x00	0x00
SPI [1]	result	18.80500818	0.00000512	0x00	0x00
SPI [1]	result	18.80501346	0.00000512	0x00	0x00
SPI [1]	result	18.80501874	0.00000512	0x00	0x00
SPI [1]	result	18.80542046	0.00000512	0x08	0x00
SPI [1]	result	18.80542574	0.00000512	0x00	0x00
SPI [1]	result	18.80543102	0.00000512	0x89	0x07
SPI [1]	result	18.80543630	0.00000512	0xB8	0xFF
SPI [1]	result	18.84333154	0.00000512	0x00	0x00
SPI [1]	result	18.84333682	0.00000512	0x00	0x00
SPI [1]	result	18.84334210	0.00000512	0x08	0x00
SPI [1]	result	18.84334738	0.00000512	0x20	0x10
SPI [1]	result	18.84380836	0.00000512	0x0E	0x00
SPI [1]	result	18.84381364	0.00000512	0x10	0x00
SPI [1]	result	18.84381892	0.00000512	0x80	0xFF
SPI [1]	result	18.84382420	0.00000512	0x12	0xFF
SPI [1]	result	18.84424226	0.00000512	0x00	0x00
SPI [1]	result	18.84424754	0.00000512	0x00	0x00
SPI [1]	result	18.84425282	0.00000512	0x00	0x00
SPI [1]	result	18.84425810	0.00000512	0x00	0x00
SPI [1]	result	18.84466059	0.00000512	0x08	0x00
SPI [1]	result	18.84466587	0.00000512	0x00	0x00
SPI [1]	result	18.84467115	0.00000512	0x88	0x0F
SPI [1]	result	18.84467643	0.00000512	0x32	0xFF
SPI [1]	result	18.88333546	0.00000512	0x00	0x00
SPI [1]	result	18.88334074	0.00000512	0x00	0x00
SPI [1]	result	18.88334602	0.00000512	0x08	0x00
SPI [1]	result	18.88335130	0.00000512	0x20	0x00
SPI [1]	result	18.88376797	0.00000512	0x0F	0x00
SPI [1]	result	18.88377325	0.00000512	0x10	0x00
SPI [1]	result	18.88377853	0.00000512	0x80	0xFF
SPI [1]	result	18.88378381	0.00000512	0x1A	0xFF
SPI [1]	result	18.88418619	0.00000512	0x00	0x00
SPI [1]	result	18.88419147	0.00000512	0x00	0x00
SPI [1]	result	18.88419675	0.00000512	0x00	0x00
SPI [1]	result	18.88420203	0.00000512	0x00	0x00
SPI [1]	result	18.88460674	0.00000512	0x08	0x00
SPI [1]	result	18.88461202	0.00000512	0x00	0x00
SPI [1]	result	18.88461730	0.00000512	0x88	0x07
SPI [1]	result	18.88462258	0.00000512	0x32	0xFF
SPI [1]	result	18.92333673	0.00000512	0x00	0x00
SPI [1]	result	18.92334201	0.00000512	0x00	0x00
SPI [1]	result	18.92334729	0.00000512	0x08	0x00
SPI [1]	result	18.92335257	0.00000512	0x20	0x10
SPI [1]	result	18.92376874	0.00000512	0x08	0x00
SPI [1]	result	18.92377402	0.00000512	0x10	0x00
SPI [1]	result	18.92377930	0.00000512	0x80	0x7F
SPI [1]	result	18.92378458	0.00000512	0x22	0xBF
SPI [1]	result	18.92418676	0.00000512	0x00	0x00
SPI [1]	result	18.92419204	0.00000512	0x00	0x00
SPI [1]	result	18.92419732	0.00000512	0x09	0x00
SPI [1]	result	18.92420260	0.00000512	0xA6	0x7F
SPI [1]	result	18.92460403	0.00000512	0x09	0x00
SPI [1]	result	18.92460931	0.00000512	0x00	0x80
SPI [1]	result	18.92461459	0.00000512	0x88	0x7F
SPI [1]	result	18.92461987	0.00000512	0x3A	0xFF
SPI [1]	result	18.92502142	0.00000512	0x00	0x00
SPI [1]	result	18.92502670	0.00000512	0x00	0x00
SPI [1]	result	18.92503198	0.00000512	0x00	0x00
SPI [1]	result	18.92503726	0.00000512	0x00	0x00
SPI [1]	result	18.92543848	0.00000512	0x08	0x00
SPI [1]	result	18.92544376	0.00000512	0x00	0x00
SPI [1]	result	18.92544904	0.00000512	0x89	0x07
SPI [1]	result	18.92545432	0.00000512	0xB8	0xFF
SPI [1]	result	18.96333276	0.00000512	0x00	0x00
SPI [1]	result	18.96333804	0.00000512	0x00	0x00
SPI [1]	result	18.96334332	0.00000512	0x08	0x00
SPI [1]	result	18.96334860	0.00000512	0x20	0x12
SPI [1]	result	18.96375570	0.00000512	0x0A	0x00
SPI [1]	result	18.96376098	0.00000512	0x10	0x1F
SPI [1]	result	18.96376626	0.00000512	0x80	0xFF
SPI [1]	result	18.96377154	0.00000512	0x32	0xFF
SPI [1]	result	18.96417289	0.00000512	0x00	0x00
SPI [1]	result	18.96417817	0.00000512	0x00	0x00
SPI [1]	result	18.96418345	0.00000512	0x00	0x00
SPI [1]	result	18.96418873	0.00000512	0x00	0x00
SPI [1]	result	18.96459035	0.00000512	0x08	0x00
SPI [1]	result	18.96459563	0.00000512	0x00	0x00
SPI [1]	result	18.96460091	0.00000512	0x88	0x0F
SPI [1]	result	18.96460619	0.00000512	0x32	0xFF
SPI [1]	result	19.00333505	0.00000512	0x00	0x00
SPI [1]	result	19.00334033	0.00000512	0x00	0x00
SPI [1]	result	19.00334561	0.00000512	0x08	0x00
SPI [1]	result	19.00335089	0.00000512	0x20	0x10
SPI [1]	result	19.00376436	0.00000512	0x0B	0x00
SPI [1]	result	19.00376964	0.00000512	0x10	0x1F
SPI [1]	result	19.00377492	0.00000512	0x80	0xFF
SPI [1]	result	19.00378020	0.00000512	0x3A	0xFF
SPI [1]	result	19.00418382	0.00000512	0x00	0x00
SPI [1]	result	19.00418910	0.00000512	0x00	0x00
SPI [1]	result	19.00419438	0.00000512	0x00	0x00
SPI [1]	result	19.00419966	0.00000512	0x00	0x00
SPI [1]	result	19.00460118	0.00000512	0x08	0x00
SPI [1]	result	19.00460646	0.00000512	0x00	0x00
SPI [1]	result	19.00461174	0.00000512	0x88	0x07
SPI [1]	result	19.00461702	0.00000512	0x32	0xFF
SPI [1]	result	19.04333348	0.00000512	0x00	0x00
SPI [1]	result	19.04333876	0.00000512	0x00	0x00
SPI [1]	result	19.04334404	0.00000512	0x08	0x00
SPI [1]	result	19.04334932	0.00000512	0x20	0x10
SPI [1]	result	19.04375265	0.00000512	0x0C	0x00
SPI [1]	result	19.04375793	0.00000512	0x10	0x00
SPI [1]	result	19.04376321	0.00000512	0x80	0x7F
SPI [1]	result	19.04376849	0.00000512	0x02	0xF3
SPI [1]	result	19.04417160	0.00000512	0x00	0x00
SPI [1]	result	19.04417688	0.00000512	0x00	0x00
SPI [1]	result	19.04418216	0.00000512	0x09	0x00
SPI [1]	result	19.04418744	0.00000512	0xA6	0x7F
SPI [1]	result	19.04458906	0.00000512	0x0D	0x00
SPI [1]	result	19.04459434	0.00000512	0x00	0x00
SPI [1]	result	19.04459962	0.00000512	0x88	0x7F
SPI [1]	result	19.04460490	0.00000512	0x1A	0xFF
SPI [1]	result	19.04500374	0.00000512	0x00	0x00
SPI [1]	result	19.04500902	0.00000512	0x00	0x00
SPI [1]	result	19.04501430	0.00000512	0x00	0x00
SPI [1]	result	19.04501958	0.00000512	0x00	0x00
SPI [1]	result	19.04542098	0.00000512	0x08	0x00
SPI [1]	result	19.04542626	0.00000512	0x00	0x00
SPI [1]	result	19.04543154	0.00000512	0x89	0x0F
SPI [1]	result	19.04543682	0.00000512	0xB8	0xFF
SPI [1]	result	19.08333186	0.00000512	0x00	0x00
SPI [1]	result	19.08333714	0.00000512	0x00	0x00
SPI [1]	result	19.08334242	0.00000512	0x08	0x00
SPI [1]	result	19.08334770	0.00000512	0x20	0x10
SPI [1]	result	19.08375055	0.00000512	0x0E	0x00
SPI [1]	result	19.08375583	0.00000512	0x10	0x00
SPI [1]	result	19.08376111	0.00000512	0x80	0x7F
SPI [1]	result	19.08376639	0.00000512	0x12	0xFF
SPI [1]	result	19.08416505	0.00000512	0x00	0x00
SPI [1]	result	19.08417033	0.00000512	0x00	0x00
SPI [1]	result	19.08417561	0.00000512	0x00	0x00
SPI [1]	result	19.08418089	0.00000512	0x00	0x00
SPI [1]	result	19.08458147	0.00000512	0x08	0x00
SPI [1]	result	19.08458675	0.00000512	0x00	0x00
SPI [1]	result	19.08459203	0.00000512	0x88	0x0F
SPI [1]	result	19.08459731	0.00000512	0x32	0xFF
SPI [1]	result	19.12333187	0.00000512	0x00	0x00
SPI [1]	result	19.12333715	0.00000512	0x00	0x00
SPI [1]	result	19.12334243	0.00000512	0x08	0x00
SPI [1]	result	19.12334771	0.00000512	0x20	0x10
SPI [1]	result	19.12375184	0.00000512	0x0F	0x00
SPI [1]	result	19.12375712	0.00000512	0x10	0x00
SPI [1]	result	19.12376240	0.00000512	0x80	0xFF
SPI [1]	result	19.12376768	0.00000512	0x1A	0xFF
SPI [1]	result	19.12416916	0.00000512	0x00	0x00
SPI [1]	result	19.12417444	0.00000512	0x00	0x00
SPI [1]	result	19.12417972	0.00000512	0x00	0x00
SPI [1]	result	19.12418500	0.00000512	0x00	0x00
SPI [1]	result	19.12458307	0.00000512	0x08	0x00
SPI [1]	result	19.12458835	0.00000512	0x00	0x00
SPI [1]	result	19.12459363	0.00000512	0x88	0x07
SPI [1]	result	19.12459891	0.00000512	0x32	0xFF
SPI [1]	result	19.16333286	0.00000512	0x00	0x00
SPI [1]	result	19.16333814	0.00000512	0x00	0x00
SPI [1]	result	19.16334342	0.00000512	0x08	0x00
SPI [1]	result	19.16334870	0.00000512	0x20	0x10
SPI [1]	result	19.16375268	0.00000512	0x08	0x00
SPI [1]	result	19.16375796	0.00000512	0x10	0x00
SPI [1]	result	19.16376324	0.00000512	0x80	0xFF
SPI [1]	result	19.16376852	0.00000512	0x22	0xFF
SPI [1]	result	19.16416945	0.00000512	0x00	0x00
SPI [1]	result	19.16417473	0.00000512	0x00	0x00
SPI [1]	result	19.16418001	0.00000512	0x09	0x00
SPI [1]	result	19.16418529	0.00000512	0xA6	0x7F
SPI [1]	result	19.16458601	0.00000512	0x09	0x00
SPI [1]	result	19.16459129	0.00000512	0x00	0x00
SPI [1]	result	19.16459657	0.00000512	0x88	0x7F
SPI [1]	result	19.16460185	0.00000512	0x3A	0xFF
SPI [1]	result	19.16500020	0.00000512	0x00	0x00
SPI [1]	result	19.16500548	0.00000512	0x00	0x00
SPI [1]	result	19.16501076	0.00000512	0x00	0x00
SPI [1]	result	19.16501604	0.00000512	0x00	0x00
SPI [1]	result	19.16541672	0.00000512	0x08	0x00
SPI [1]	result	19.16542200	0.00000512	0x00	0x00
SPI [1]	result	19.16542728	0.00000512	0x89	0x07
SPI [1]	result	19.16543256	0.00000512	0xB8	0xFF
SPI [1]	result	19.20333128	0.00000512	0x00	0x00
SPI [1]	result	19.20333656	0.00000512	0x00	0x00
SPI [1]	result	19.20334184	0.00000512	0x08	0x00
SPI [1]	result	19.20334712	0.00000512	0x20	0x10
SPI [1]	result	19.20375023	0.00000512	0x0A	0x00
SPI [1]	result	19.20375551	0.00000512	0x10	0x1F
SPI [1]	result	19.20376079	0.00000512	0x80	0xFF
SPI [1]	result	19.20376607	0.00000512	0x32	0xFF
SPI [1]	result	19.20423468	0.00000512	0x00	0x00
SPI [1]	result	19.20423996	0.00000512	0x00	0x00
SPI [1]	result	19.20424524	0.00000512	0x00	0x00
SPI [1]	result	19.20425052	0.00000512	0x00	0x00
SPI [1]	result	19.20467007	0.00000512	0x08	0x00
SPI [1]	result	19.20467535	0.00000512	0x00	0x00
SPI [1]	result	19.20468063	0.00000512	0x88	0x07
SPI [1]	result	19.20468591	0.00000512	0x32	0xFF
SPI [1]	result	19.24333398	0.00000512	0x00	0x00
SPI [1]	result	19.24333926	0.00000512	0x00	0x00
SPI [1]	result	19.24334454	0.00000512	0x08	0x00
SPI [1]	result	19.24334982	0.00000512	0x20	0x00
SPI [1]	result	19.24375413	0.00000512	0x0B	0x00
SPI [1]	result	19.24375941	0.00000512	0x10	0x1F
SPI [1]	result	19.24376469	0.00000512	0x80	0xFF
SPI [1]	result	19.24376997	0.00000512	0x3A	0xFF
SPI [1]	result	19.24417105	0.00000512	0x00	0x00
SPI [1]	result	19.24417633	0.00000512	0x00	0x00
SPI [1]	result	19.24418161	0.00000512	0x00	0x00
SPI [1]	result	19.24418689	0.00000512	0x00	0x00
SPI [1]	result	19.24458790	0.00000512	0x08	0x00
SPI [1]	result	19.24459318	0.00000512	0x00	0x00
SPI [1]	result	19.24459846	0.00000512	0x88	0x07
SPI [1]	result	19.24460374	0.00000512	0x32	0xFF
SPI [1]	result	19.28333673	0.00000512	0x00	0x00
SPI [1]	result	19.28334201	0.00000512	0x00	0x00
SPI [1]	result	19.28334729	0.00000512	0x08	0x00
SPI [1]	result	19.28335257	0.00000512	0x20	0x00
SPI [1]	result	19.28376955	0.00000512	0x0C	0x00
SPI [1]	result	19.28377483	0.00000512	0x10	0x00
SPI [1]	result	19.28378011	0.00000512	0x80	0xFF
SPI [1]	result	19.28378539	0.00000512	0x02	0xFB
SPI [1]	result	19.28418780	0.00000512	0x00	0x00
SPI [1]	result	19.28419308	0.00000512	0x00	0x00
SPI [1]	result	19.28419836	0.00000512	0x09	0x00
SPI [1]	result	19.28420364	0.00000512	0xA6	0x7F
SPI [1]	result	19.28460521	0.00000512	0x0D	0x00
SPI [1]	result	19.28461049	0.00000512	0x00	0x00
SPI [1]	result	19.28461577	0.00000512	0x88	0x7F
SPI [1]	result	19.28462105	0.00000512	0x1A	0xFF
SPI [1]	result	19.28502316	0.00000512	0x00	0x00
SPI [1]	result	19.28502844	0.00000512	0x00	0x00
SPI [1]	result	19.28503372	0.00000512	0x00	0x00
SPI [1]	result	19.28503900	0.00000512	0x00	0x00
SPI [1]	result	19.28544070	0.00000512	0x08	0x00
SPI [1]	result	19.28544598	0.00000512	0x00	0x00
SPI [1]	result	19.28545126	0.00000512	0x89	0x07
SPI [1]	result	19.28545654	0.00000512	0xB8	0xFF
SPI [1]	result	19.32333234	0.00000512	0x00	0x00
SPI [1]	result	19.32333762	0.00000512	0x00	0x00
SPI [1]	result	19.32334290	0.00000512	0x08	0x00
SPI [1]	result	19.32334818	0.00000512	0x20	0x10
SPI [1]	result	19.32375044	0.00000512	0x0E	0x00
SPI [1]	result	19.32375572	0.00000512	0x10	0x00
SPI [1]	result	19.32376100	0.00000512	0x80	0xFF
SPI [1]	result	19.32376628	0.00000512	0x12	0xFF
SPI [1]	result	19.32416776	0.00000512	0x00	0x00
SPI [1]	result	19.32417304	0.00000512	0x00	0x00
SPI [1]	result	19.32417832	0.00000512	0x00	0x00
SPI [1]	result	19.32418360	0.00000512	0x00	0x00
SPI [1]	result	19.32458456	0.00000512	0x08	0x00
SPI [1]	result	19.32458984	0.00000512	0x00	0x00
SPI [1]	result	19.32459512	0.00000512	0x88	0x07
SPI [1]	result	19.32460040	0.00000512	0x32	0xFF
SPI [1]	result	19.36333672	0.00000512	0x00	0x00
SPI [1]	result	19.36334200	0.00000512	0x00	0x00
SPI [1]	result	19.36334728	0.00000512	0x08	0x00
SPI [1]	result	19.36335256	0.00000512	0x20	0x00
SPI [1]	result	19.36376567	0.00000512	0x0F	0x00
SPI [1]	result	19.36377095	0.00000512	0x10	0x00
SPI [1]	result	19.36377623	0.00000512	0x80	0xFF
SPI [1]	result	19.36378151	0.00000512	0x1A	0xFF
SPI [1]	result	19.36418288	0.00000512	0x00	0x00
SPI [1]	result	19.36418816	0.00000512	0x00	0x00
SPI [1]	result	19.36419344	0.00000512	0x00	0x00
SPI [1]	result	19.36419872	0.00000512	0x00	0x00
SPI [1]	result	19.36460120	0.00000512	0x08	0x00
SPI [1]	result	19.36460648	0.00000512	0x00	0x00
SPI [1]	result	19.36461176	0.00000512	0x88	0x07
SPI [1]	result	19.36461704	0.00000512	0x32	0xFF
SPI [1]	result	19.40333370	0.00000512	0x00	0x00
SPI [1]	result	19.40333898	0.00000512	0x00	0x00
SPI [1]	result	19.40334426	0.00000512	0x08	0x00
SPI [1]	result	19.40334954	0.00000512	0x20	0x10
SPI [1]	result	19.40375254	0.00000512	0x08	0x00
SPI [1]	result	19.40375782	0.00000512	0x10	0x00
SPI [1]	result	19.40376310	0.00000512	0x80	0x7F
SPI [1]	result	19.40376838	0.00000512	0x22	0xFF
SPI [1]	result	19.40416975	0.00000512	0x00	0x00
SPI [1]	result	19.40417503	0.00000512	0x00	0x00
SPI [1]	result	19.40418031	0.00000512	0x09	0x00
SPI [1]	result	19.40418559	0.00000512	0xA6	0x7F
SPI [1]	result	19.40458807	0.00000512	0x09	0x00
SPI [1]	result	19.40459335	0.00000512	0x00	0x00
SPI [1]	result	19.40459863	0.00000512	0x88	0x7F
SPI [1]	result	19.40460391	0.00000512	0x3A	0xFF
SPI [1]	result	19.40500532	0.00000512	0x00	0x00
SPI [1]	result	19.40501060	0.00000512	0x00	0x00
SPI [1]	result	19.40501588	0.00000512	0x00	0x00
SPI [1]	result	19.40502116	0.00000512	0x00	0x00
SPI [1]	result	19.40541982	0.00000512	0x08	0x00
SPI [1]	result	19.40542510	0.00000512	0x00	0x00
SPI [1]	result	19.40543038	0.00000512	0x89	0x07
SPI [1]	result	19.40543566	0.00000512	0xB8	0xFF
SPI [1]	result	19.44333235	0.00000512	0x00	0x00
SPI [1]	result	19.44333763	0.00000512	0x00	0x00
SPI [1]	result	19.44334291	0.00000512	0x08	0x00
SPI [1]	result	19.44334819	0.00000512	0x20	0x10
SPI [1]	result	19.44375056	0.00000512	0x0A	0x00
SPI [1]	result	19.44375584	0.00000512	0x10	0x1F
SPI [1]	result	19.44376112	0.00000512	0x80	0xFF
SPI [1]	result	19.44376640	0.00000512	0x32	0xFF
SPI [1]	result	19.44416771	0.00000512	0x00	0x00
SPI [1]	result	19.44417299	0.00000512	0x00	0x00
SPI [1]	result	19.44417827	0.00000512	0x00	0x00
SPI [1]	result	19.44418355	0.00000512	0x00	0x00
SPI [1]	result	19.44458429	0.00000512	0x08	0x00
SPI [1]	result	19.44458957	0.00000512	0x00	0x00
SPI [1]	result	19.44459485	0.00000512	0x88	0x0F
SPI [1]	result	19.44460013	0.00000512	0x32	0xFF
SPI [1]	result	19.48333479	0.00000512	0x00	0x00
SPI [1]	result	19.48334007	0.00000512	0x00	0x00
SPI [1]	result	19.48334535	0.00000512	0x08	0x00
SPI [1]	result	19.48335063	0.00000512	0x20	0x10
SPI [1]	result	19.48376850	0.00000512	0x0B	0x00
SPI [1]	result	19.48377378	0.00000512	0x10	0x1F
SPI [1]	result	19.48377906	0.00000512	0x80	0xFF
SPI [1]	result	19.48378434	0.00000512	0x3A	0xFF
SPI [1]	result	19.48418513	0.00000512	0x00	0x00
SPI [1]	result	19.48419041	0.00000512	0x00	0x00
SPI [1]	result	19.48419569	0.00000512	0x00	0x00
SPI [1]	result	19.48420097	0.00000512	0x00	0x00
SPI [1]	result	19.48460229	0.00000512	0x08	0x00
SPI [1]	result	19.48460757	0.00000512	0x00	0x00
SPI [1]	result	19.48461285	0.00000512	0x88	0x07
SPI [1]	result	19.48461813	0.00000512	0x32	0xFF
SPI [1]	result	19.52333469	0.00000512	0x00	0x00
SPI [1]	result	19.52333997	0.00000512	0x00	0x00
SPI [1]	result	19.52334525	0.00000512	0x08	0x00
SPI [1]	result	19.52335053	0.00000512	0x20	0x10
SPI [1]	result	19.52375659	0.00000512	0x0C	0x00
SPI [1]	result	19.52376187	0.00000512	0x10	0x00
SPI [1]	result	19.52376715	0.00000512	0x80	0xFF
SPI [1]	result	19.52377243	0.00000512	0x02	0xFF
SPI [1]	result	19.52417404	0.00000512	0x00	0x00
SPI [1]	result	19.52417932	0.00000512	0x00	0x00
SPI [1]	result	19.52418460	0.00000512	0x09	0x00
SPI [1]	result	19.52418988	0.00000512	0xA6	0x7F
SPI [1]	result	19.52459191	0.00000512	0x0D	0x00
SPI [1]	result	19.52459719	0.00000512	0x00	0x00
SPI [1]	result	19.52460247	0.00000512	0x88	0x7F
SPI [1]	result	19.52460775	0.00000512	0x1A	0xFF
SPI [1]	result	19.52500598	0.00000512	0x00	0x00
SPI [1]	result	19.52501126	0.00000512	0x00	0x00
SPI [1]	result	19.52501654	0.00000512	0x00	0x00
SPI [1]	result	19.52502182	0.00000512	0x00	0x00
SPI [1]	result	19.52542241	0.00000512	0x08	0x00
SPI [1]	result	19.52542769	0.00000512	0x00	0x00
SPI [1]	result	19.52543297	0.00000512	0x89	0x07
SPI [1]	result	19.52543825	0.00000512	0xB8	0xFF
SPI [1]	result	19.56333180	0.00000512	0x00	0x00
SPI [1]	result	19.56333708	0.00000512	0x00	0x00
SPI [1]	result	19.56334236	0.00000512	0x08	0x00
SPI [1]	result	19.56334764	0.00000512	0x20	0x10
SPI [1]	result	19.56375196	0.00000512	0x0E	0x00
SPI [1]	result	19.56375724	0.00000512	0x10	0x00
SPI [1]	result	19.56376252	0.00000512	0x80	0xFF
SPI [1]	result	19.56376780	0.00000512	0x12	0xFF
SPI [1]	result	19.56422348	0.00000512	0x00	0x00
SPI [1]	result	19.56422876	0.00000512	0x00	0x00
SPI [1]	result	19.56423404	0.00000512	0x00	0x00
SPI [1]	result	19.56423932	0.00000512	0x00	0x00
SPI [1]	result	19.56465419	0.00000512	0x08	0x00
SPI [1]	result	19.56465947	0.00000512	0x00	0x00
SPI [1]	result	19.56466475	0.00000512	0x88	0x07
SPI [1]	result	19.56467003	0.00000512	0x32	0xFF
SPI [1]	result	19.60334556	0.00000512	0x00	0x00
SPI [1]	result	19.60335084	0.00000512	0x00	0x00
SPI [1]	result	19.60335612	0.00000512	0x08	0x00
SPI [1]	result	19.60336140	0.00000512	0x20	0x00
SPI [1]	result	19.60381043	0.00000512	0x0F	0x00
SPI [1]	result	19.60381571	0.00000512	0x10	0x00
SPI [1]	result	19.60382099	0.00000512	0x80	0x7F
SPI [1]	result	19.60382627	0.00000512	0x1A	0xFF
SPI [1]	result	19.60423101	0.00000512	0x00	0x00
SPI [1]	result	19.60423629	0.00000512	0x00	0x00
SPI [1]	result	19.60424157	0.00000512	0x00	0x00
SPI [1]	result	19.60424685	0.00000512	0x00	0x00
SPI [1]	result	19.60464792	0.00000512	0x08	0x00
SPI [1]	result	19.60465320	0.00000512	0x00	0x00
SPI [1]	result	19.60465848	0.00000512	0x88	0x0F
SPI [1]	result	19.60466376	0.00000512	0x32	0xFF
SPI [1]	result	19.64333843	0.00000512	0x00	0x00
SPI [1]	result	19.64334371	0.00000512	0x00	0x00
SPI [1]	result	19.64334899	0.00000512	0x08	0x00
SPI [1]	result	19.64335427	0.00000512	0x20	0x00
SPI [1]	result	19.64377136	0.00000512	0x08	0x00
SPI [1]	result	19.64377664	0.00000512	0x10	0x00
SPI [1]	result	19.64378192	0.00000512	0x80	0x7F
SPI [1]	result	19.64378720	0.00000512	0x22	0xFF
SPI [1]	result	19.64418721	0.00000512	0x00	0x00
SPI [1]	result	19.64419249	0.00000512	0x00	0x00
SPI [1]	result	19.64419777	0.00000512	0x09	0x00
SPI [1]	result	19.64420305	0.00000512	0xA6	0x7F
SPI [1]	result	19.64460457	0.00000512	0x09	0x00
SPI [1]	result	19.64460985	0.00000512	0x00	0x00
SPI [1]	result	19.64461513	0.00000512	0x88	0x7F
SPI [1]	result	19.64462041	0.00000512	0x3A	0xFF
SPI [1]	result	19.64502230	0.00000512	0x00	0x00
SPI [1]	result	19.64502758	0.00000512	0x00	0x00
SPI [1]	result	19.64503286	0.00000512	0x00	0x00
SPI [1]	result	19.64503814	0.00000512	0x00	0x00
SPI [1]	result	19.64543978	0.00000512	0x08	0x00
SPI [1]	result	19.64544506	0.00000512	0x00	0x00
SPI [1]	result	19.64545034	0.00000512	0x89	0x07
SPI [1]	result	19.64545562	0.00000512	0xB8	0xFF
SPI [1]	result	19.68333805	0.00000512	0x00	0x00
SPI [1]	result	19.68334333	0.00000512	0x00	0x00
SPI [1]	result	19.68334861	0.00000512	0x08	0x00
SPI [1]	result	19.68335389	0.00000512	0x20	0x00
SPI [1]	result	19.68377908	0.00000512	0x0A	0x00
SPI [1]	result	19.68378436	0.00000512	0x10	0x0F
SPI [1]	result	19.68378964	0.00000512	0x80	0xFF
SPI [1]	result	19.68379492	0.00000512	0x32	0xFF
SPI [1]	result	19.68419515	0.00000512	0x00	0x00
SPI [1]	result	19.68420043	0.00000512	0x00	0x00
SPI [1]	result	19.68420571	0.00000512	0x00	0x00
SPI [1]	result	19.68421099	0.00000512	0x00	0x00
SPI [1]	result	19.68461503	0.00000512	0x08	0x00
SPI [1]	result	19.68462031	0.00000512	0x00	0x00
SPI [1]	result	19.68462559	0.00000512	0x88	0x07
SPI [1]	result	19.68463087	0.00000512	0x32	0xFF
SPI [1]	result	19.72334112	0.00000512	0x00	0x00
SPI [1]	result	19.72334640	0.00000512	0x00	0x00
SPI [1]	result	19.72335168	0.00000512	0x08	0x00
SPI [1]	result	19.72335696	0.00000512	0x20	0x00
SPI [1]	result	19.72378631	0.00000512	0x0B	0x00
SPI [1]	result	19.72379159	0.00000512	0x10	0x1F
SPI [1]	result	19.72379687	0.00000512	0x80	0xFF
SPI [1]	result	19.72380215	0.00000512	0x3A	0xFF
SPI [1]	result	19.72420519	0.00000512	0x00	0x00
SPI [1]	result	19.72421047	0.00000512	0x00	0x00
SPI [1]	result	19.72421575	0.00000512	0x00	0x00
SPI [1]	result	19.72422103	0.00000512	0x00	0x00
SPI [1]	result	19.72462449	0.00000512	0x08	0x00
SPI [1]	result	19.72462977	0.00000512	0x00	0x00
SPI [1]	result	19.72463505	0.00000512	0x88	0x07
SPI [1]	result	19.72464033	0.00000512	0x32	0xFF
SPI [1]	result	19.76333699	0.00000512	0x00	0x00
SPI [1]	result	19.76334227	0.00000512	0x00	0x00
SPI [1]	result	19.76334755	0.00000512	0x08	0x00
SPI [1]	result	19.76335283	0.00000512	0x20	0x10
SPI [1]	result	19.76375974	0.00000512	0x0C	0x00
SPI [1]	result	19.76376502	0.00000512	0x10	0x00
SPI [1]	result	19.76377030	0.00000512	0x80	0xFF
SPI [1]	result	19.76377558	0.00000512	0x02	0xEB
SPI [1]	result	19.76417739	0.00000512	0x00	0x00
SPI [1]	result	19.76418267	0.00000512	0x00	0x00
SPI [1]	result	19.76418795	0.00000512	0x09	0x00
SPI [1]	result	19.76419323	0.00000512	0xA6	0x7F
SPI [1]	result	19.76459682	0.00000512	0x0D	0x00
SPI [1]	result	19.76460210	0.00000512	0x00	0x00
SPI [1]	result	19.76460738	0.00000512	0x88	0x7F
SPI [1]	result	19.76461266	0.00000512	0x1A	0xFF
SPI [1]	result	19.76501420	0.00000512	0x00	0x00
SPI [1]	result	19.76501948	0.00000512	0x00	0x00
SPI [1]	result	19.76502476	0.00000512	0x00	0x00
SPI [1]	result	19.76503004	0.00000512	0x00	0x00
SPI [1]	result	19.76543161	0.00000512	0x08	0x00
SPI [1]	result	19.76543689	0.00000512	0x00	0x00
SPI [1]	result	19.76544217	0.00000512	0x89	0x07
SPI [1]	result	19.76544745	0.00000512	0xB8	0xFF
SPI [1]	result	19.80333265	0.00000512	0x00	0x00
SPI [1]	result	19.80333793	0.00000512	0x00	0x00
SPI [1]	result	19.80334321	0.00000512	0x08	0x00
SPI [1]	result	19.80334849	0.00000512	0x20	0x10
SPI [1]	result	19.80375136	0.00000512	0x0E	0x00
SPI [1]	result	19.80375664	0.00000512	0x10	0x00
SPI [1]	result	19.80376192	0.00000512	0x80	0x7F
SPI [1]	result	19.80376720	0.00000512	0x12	0xFF
SPI [1]	result	19.80416809	0.00000512	0x00	0x00
SPI [1]	result	19.80417337	0.00000512	0x00	0x00
SPI [1]	result	19.80417865	0.00000512	0x00	0x00
SPI [1]	result	19.80418393	0.00000512	0x00	0x00
SPI [1]	result	19.80458484	0.00000512	0x08	0x00
SPI [1]	result	19.80459012	0.00000512	0x00	0x00
SPI [1]	result	19.80459540	0.00000512	0x88	0x07
SPI [1]	result	19.80460068	0.00000512	0x32	0xFF
SPI [1]	result	19.84333211	0.00000512	0x00	0x00
SPI [1]	result	19.84333739	0.00000512	0x00	0x00
SPI [1]	result	19.84334267	0.00000512	0x08	0x00
SPI [1]	result	19.84334795	0.00000512	0x20	0x10
SPI [1]	result	19.84375301	0.00000512	0x0F	0x00
SPI [1]	result	19.84375829	0.00000512	0x10	0x00
SPI [1]	result	19.84376357	0.00000512	0x80	0xFF
SPI [1]	result	19.84376885	0.00000512	0x1A	0xFF
SPI [1]	result	19.84417007	0.00000512	0x00	0x00
SPI [1]	result	19.84417535	0.00000512	0x00	0x00
SPI [1]	result	19.84418063	0.00000512	0x00	0x00
SPI [1]	result	19.84418591	0.00000512	0x00	0x00
SPI [1]	result	19.84458441	0.00000512	0x08	0x00
SPI [1]	result	19.84458969	0.00000512	0x00	0x00
SPI [1]	result	19.84459497	0.00000512	0x88	0x07
SPI [1]	result	19.84460025	0.00000512	0x32	0xFF
SPI [1]	result	19.88333380	0.00000512	0x00	0x00
SPI [1]	result	19.88333908	0.00000512	0x00	0x00
SPI [1]	result	19.88334436	0.00000512	0x08	0x00
SPI [1]	result	19.88334964	0.00000512	0x20	0x10
SPI [1]	result	19.88375625	0.00000512	0x08	0x00
SPI [1]	result	19.88376153	0.00000512	0x10	0x00
SPI [1]	result	19.88376681	0.00000512	0x80	0x7F
SPI [1]	result	19.88377209	0.00000512	0x22	0xFF
SPI [1]	result	19.88417334	0.00000512	0x00	0x00
SPI [1]	result	19.88417862	0.00000512	0x00	0x00
SPI [1]	result	19.88418390	0.00000512	0x09	0x00
SPI [1]	result	19.88418918	0.00000512	0xA6	0x7F
SPI [1]	result	19.88459016	0.00000512	0x09	0x00
SPI [1]	result	19.88459544	0.00000512	0x00	0x80
SPI [1]	result	19.88460072	0.00000512	0x88	0x7F
SPI [1]	result	19.88460600	0.00000512	0x3A	0xFF
SPI [1]	result	19.88500421	0.00000512	0x00	0x00
SPI [1]	result	19.88500949	0.00000512	0x00	0x00
SPI [1]	result	19.88501477	0.00000512	0x00	0x00
SPI [1]	result	19.88502005	0.00000512	0x00	0x00
SPI [1]	result	19.88542171	0.00000512	0x08	0x00
SPI [1]	result	19.88542699	0.00000512	0x00	0x00
SPI [1]	result	19.88543227	0.00000512	0x89	0x07
SPI [1]	result	19.88543755	0.00000512	0xB8	0xFF
SPI [1]	result	19.92333570	0.00000512	0x00	0x00
SPI [1]	result	19.92334098	0.00000512	0x00	0x00
SPI [1]	result	19.92334626	0.00000512	0x08	0x00
SPI [1]	result	19.92335154	0.00000512	0x20	0x10
SPI [1]	result	19.92376569	0.00000512	0x0A	0x00
SPI [1]	result	19.92377097	0.00000512	0x10	0x0F
SPI [1]	result	19.92377625	0.00000512	0x80	0xFF
SPI [1]	result	19.92378153	0.00000512	0x32	0xFF
SPI [1]	result	19.92418436	0.00000512	0x00	0x00
SPI [1]	result	19.92418964	0.00000512	0x00	0x00
SPI [1]	result	19.92419492	0.00000512	0x00	0x00
SPI [1]	result	19.92420020	0.00000512	0x00	0x00
SPI [1]	result	19.92466623	0.00000512	0x08	0x00
SPI [1]	result	19.92467151	0.00000512	0x00	0x00
SPI [1]	result	19.92467679	0.00000512	0x88	0x07
SPI [1]	result	19.92468207	0.00000512	0x32	0xFF
SPI [1]	result	19.96333688	0.00000512	0x00	0x00
SPI [1]	result	19.96334216	0.00000512	0x00	0x00
SPI [1]	result	19.96334744	0.00000512	0x08	0x00
SPI [1]	result	19.96335272	0.00000512	0x20	0x04
SPI [1]	result	19.96377098	0.00000512	0x0B	0x00
SPI [1]	result	19.96377626	0.00000512	0x10	0x1F
SPI [1]	result	19.96378154	0.00000512	0x80	0xFF
SPI [1]	result	19.96378682	0.00000512	0x3A	0xFF
SPI [1]	result	19.96418902	0.00000512	0x00	0x00
SPI [1]	result	19.96419430	0.00000512	0x00	0x00
SPI [1]	result	19.96419958	0.00000512	0x00	0x00
SPI [1]	result	19.96420486	0.00000512	0x00	0x00
SPI [1]	result	19.96460610	0.00000512	0x08	0x00
SPI [1]	result	19.96461138	0.00000512	0x00	0x00
SPI [1]	result	19.96461666	0.00000512	0x88	0x07
SPI [1]	result	19.96462194	0.00000512	0x32	0xFF
SPI [1]	result	20.00333671	0.00000512	0x00	0x00
SPI [1]	result	20.00334199	0.00000512	0x00	0x00
SPI [1]	result	20.00334727	0.00000512	0x08	0x00
SPI [1]	result	20.00335255	0.00000512	0x20	0x10
SPI [1]	result	20.00376766	0.00000512	0x0C	0x00
SPI [1]	result	20.00377294	0.00000512	0x10	0x00
SPI [1]	result	20.00377822	0.00000512	0x80	0xFF
SPI [1]	result	20.00378350	0.00000512	0x02	0xFB
SPI [1]	result	20.00418569	0.00000512	0x00	0x00
SPI [1]	result	20.00419097	0.00000512	0x00	0x00
SPI [1]	result	20.00419625	0.00000512	0x09	0x00
SPI [1]	result	20.00420153	0.00000512	0xA6	0x7F
SPI [1]	result	20.00460323	0.00000512	0x0D	0x00
SPI [1]	result	20.00460851	0.00000512	0x00	0x00
SPI [1]	result	20.00461379	0.00000512	0x88	0x7F
SPI [1]	result	20.00461907	0.00000512	0x1A	0xFF
SPI [1]	result	20.00502033	0.00000512	0x00	0x00
SPI [1]	result	20.00502561	0.00000512	0x00	0x00
SPI [1]	result	20.00503089	0.00000512	0x00	0x00
SPI [1]	result	20.00503617	0.00000512	0x00	0x00
SPI [1]	result	20.00543768	0.00000512	0x08	0x00
SPI [1]	result	20.00544296	0.00000512	0x00	0x00
SPI [1]	result	20.00544824	0.00000512	0x89	0x07
SPI [1]	result	20.00545352	0.00000512	0xB8	0xFF
SPI [1]	result	20.04333512	0.00000512	0x00	0x00
SPI [1]	result	20.04334040	0.00000512	0x00	0x00
SPI [1]	result	20.04334568	0.00000512	0x08	0x00
SPI [1]	result	20.04335096	0.00000512	0x20	0x10
SPI [1]	result	20.04376440	0.00000512	0x0E	0x00
SPI [1]	result	20.04376968	0.00000512	0x10	0x00
SPI [1]	result	20.04377496	0.00000512	0x80	0xFF
SPI [1]	result	20.04378024	0.00000512	0x12	0xFF
SPI [1]	result	20.04418257	0.00000512	0x00	0x00
SPI [1]	result	20.04418785	0.00000512	0x00	0x00
SPI [1]	result	20.04419313	0.00000512	0x00	0x00
SPI [1]	result	20.04419841	0.00000512	0x00	0x00
SPI [1]	result	20.04459963	0.00000512	0x08	0x00
SPI [1]	result	20.04460491	0.00000512	0x00	0x00
SPI [1]	result	20.04461019	0.00000512	0x88	0x07
SPI [1]	result	20.04461547	0.00000512	0x32	0xFF
SPI [1]	result	20.08333478	0.00000512	0x00	0x00
SPI [1]	result	20.08334006	0.00000512	0x00	0x00
SPI [1]	result	20.08334534	0.00000512	0x08	0x00
SPI [1]	result	20.08335062	0.00000512	0x20	0x10
SPI [1]	result	20.08376749	0.00000512	0x0F	0x00
SPI [1]	result	20.08377277	0.00000512	0x10	0x00
SPI [1]	result	20.08377805	0.00000512	0x80	0xFF
SPI [1]	result	20.08378333	0.00000512	0x1A	0xFF
SPI [1]	result	20.08418527	0.00000512	0x00	0x00
SPI [1]	result	20.08419055	0.00000512	0x00	0x00
SPI [1]	result	20.08419583	0.00000512	0x00	0x00
SPI [1]	result	20.08420111	0.00000512	0x00	0x00
SPI [1]	result	20.08460228	0.00000512	0x08	0x00
SPI [1]	result	20.08460756	0.00000512	0x00	0x00
SPI [1]	result	20.08461284	0.00000512	0x88	0x0F
SPI [1]	result	20.08461812	0.00000512	0x32	0xFF
SPI [1]	result	20.12333433	0.00000512	0x00	0x00
SPI [1]	result	20.12333961	0.00000512	0x00	0x00
SPI [1]	result	20.12334489	0.00000512	0x08	0x00
SPI [1]	result	20.12335017	0.00000512	0x20	0x10
SPI [1]	result	20.12375519	0.00000512	0x08	0x00
SPI [1]	result	20.12376047	0.00000512	0x10	0x00
SPI [1]	result	20.12376575	0.00000512	0x80	0x7F
SPI [1]	result	20.12377103	0.00000512	0x22	0xFF
SPI [1]	result	20.12417257	0.00000512	0x00	0x00
SPI [1]	result	20.12417785	0.00000512	0x00	0x00
SPI [1]	result	20.12418313	0.00000512	0x09	0x00
SPI [1]	result	20.12418841	0.00000512	0xA6	0x7F
SPI [1]	result	20.12458963	0.00000512	0x09	0x00
SPI [1]	result	20.12459491	0.00000512	0x00	0x00
SPI [1]	result	20.12460019	0.00000512	0x88	0x7F
SPI [1]	result	20.12460547	0.00000512	0x3A	0xFF
SPI [1]	result	20.12500765	0.00000512	0x00	0x00
SPI [1]	result	20.12501293	0.00000512	0x00	0x00
SPI [1]	result	20.12501821	0.00000512	0x00	0x00
SPI [1]	result	20.12502349	0.00000512	0x00	0x00
SPI [1]	result	20.12542492	0.00000512	0x08	0x00
SPI [1]	result	20.12543020	0.00000512	0x00	0x00
SPI [1]	result	20.12543548	0.00000512	0x89	0x07
SPI [1]	result	20.12544076	0.00000512	0xB8	0xFF
SPI [1]	result	20.16333163	0.00000512	0x00	0x00
SPI [1]	result	20.16333691	0.00000512	0x00	0x00
SPI [1]	result	20.16334219	0.00000512	0x08	0x00
SPI [1]	result	20.16334747	0.00000512	0x20	0x10
SPI [1]	result	20.16374761	0.00000512	0x0A	0x00
SPI [1]	result	20.16375289	0.00000512	0x10	0x0F
SPI [1]	result	20.16375817	0.00000512	0x80	0xFF
SPI [1]	result	20.16376345	0.00000512	0x32	0xFF
SPI [1]	result	20.16416492	0.00000512	0x00	0x00
SPI [1]	result	20.16417020	0.00000512	0x00	0x00
SPI [1]	result	20.16417548	0.00000512	0x00	0x00
SPI [1]	result	20.16418076	0.00000512	0x00	0x00
SPI [1]	result	20.16458159	0.00000512	0x08	0x00
SPI [1]	result	20.16458687	0.00000512	0x00	0x00
SPI [1]	result	20.16459215	0.00000512	0x88	0x07
SPI [1]	result	20.16459743	0.00000512	0x32	0xFF
SPI [1]	result	20.20333512	0.00000512	0x00	0x00
SPI [1]	result	20.20334040	0.00000512	0x00	0x00
SPI [1]	result	20.20334568	0.00000512	0x08	0x00
SPI [1]	result	20.20335096	0.00000512	0x20	0x10
SPI [1]	result	20.20376804	0.00000512	0x0B	0x00
SPI [1]	result	20.20377332	0.00000512	0x10	0x1F
SPI [1]	result	20.20377860	0.00000512	0x80	0xFF
SPI [1]	result	20.20378388	0.00000512	0x3A	0xFF
SPI [1]	result	20.20418397	0.00000512	0x00	0x00
SPI [1]	result	20.20418925	0.00000512	0x00	0x00
SPI [1]	result	20.20419453	0.00000512	0x00	0x00
SPI [1]	result	20.20419981	0.00000512	0x00	0x00
SPI [1]	result	20.20460116	0.00000512	0x08	0x00
SPI [1]	result	20.20460644	0.00000512	0x00	0x00
SPI [1]	result	20.20461172	0.00000512	0x88	0x07
SPI [1]	result	20.20461700	0.00000512	0x32	0xFF
SPI [1]	result	20.24333432	0.00000512	0x00	0x00
SPI [1]	result	20.24333960	0.00000512	0x00	0x00
SPI [1]	result	20.24334488	0.00000512	0x08	0x00
SPI [1]	result	20.24335016	0.00000512	0x20	0x00
SPI [1]	result	20.24375211	0.00000512	0x0C	0x00
SPI [1]	result	20.24375739	0.00000512	0x10	0x00
SPI [1]	result	20.24376267	0.00000512	0x80	0xFF
SPI [1]	result	20.24376795	0.00000512	0x02	0xD3
SPI [1]	result	20.24416902	0.00000512	0x00	0x00
SPI [1]	result	20.24417430	0.00000512	0x00	0x00
SPI [1]	result	20.24417958	0.00000512	0x09	0x00
SPI [1]	result	20.24418486	0.00000512	0xA6	0x7F
SPI [1]	result	20.24458560	0.00000512	0x0D	0x00
SPI [1]	result	20.24459088	0.00000512	0x00	0x08
SPI [1]	result	20.24459616	0.00000512	0x88	0x7F
SPI [1]	result	20.24460144	0.00000512	0x1A	0xFF
SPI [1]	result	20.24500283	0.00000512	0x00	0x00
SPI [1]	result	20.24500811	0.00000512	0x00	0x00
SPI [1]	result	20.24501339	0.00000512	0x00	0x00
SPI [1]	result	20.24501867	0.00000512	0x00	0x00
SPI [1]	result	20.24541955	0.00000512	0x08	0x00
SPI [1]	result	20.24542483	0.00000512	0x00	0x00
SPI [1]	result	20.24543011	0.00000512	0x89	0x07
SPI [1]	result	20.24543539	0.00000512	0xB8	0xFF
SPI [1]	result	20.28333251	0.00000512	0x00	0x00
SPI [1]	result	20.28333779	0.00000512	0x00	0x00
SPI [1]	result	20.28334307	0.00000512	0x08	0x00
SPI [1]	result	20.28334835	0.00000512	0x20	0x10
SPI [1]	result	20.28375601	0.00000512	0x0E	0x00
SPI [1]	result	20.28376129	0.00000512	0x10	0x00
SPI [1]	result	20.28376657	0.00000512	0x80	0x7F
SPI [1]	result	20.28377185	0.00000512	0x12	0xDF
SPI [1]	result	20.28417394	0.00000512	0x00	0x00
SPI [1]	result	20.28417922	0.00000512	0x00	0x00
SPI [1]	result	20.28418450	0.00000512	0x00	0x00
SPI [1]	result	20.28418978	0.00000512	0x00	0x00
SPI [1]	result	20.28482748	0.00000512	0x08	0x00
SPI [1]	result	20.28483276	0.00000512	0x00	0x00
SPI [1]	result	20.28483804	0.00000512	0x88	0x07
SPI [1]	result	20.28484332	0.00000512	0x32	0xFF
SPI [1]	result	20.32333398	0.00000512	0x00	0x00
SPI [1]	result	20.32333926	0.00000512	0x00	0x00
SPI [1]	result	20.32334454	0.00000512	0x08	0x00
SPI [1]	result	20.32334982	0.00000512	0x20	0x10
SPI [1]	result	20.32375508	0.00000512	0x0F	0x00
SPI [1]	result	20.32376036	0.00000512	0x10	0x00
SPI [1]	result	20.32376564	0.00000512	0x80	0xFF
SPI [1]	result	20.32377092	0.00000512	0x1A	0xFF
SPI [1]	result	20.32417233	0.00000512	0x00	0x00
SPI [1]	result	20.32417761	0.00000512	0x00	0x00
SPI [1]	result	20.32418289	0.00000512	0x00	0x00
SPI [1]	result	20.32418817	0.00000512	0x00	0x00
SPI [1]	result	20.32458693	0.00000512	0x08	0x00
SPI [1]	result	20.32459221	0.00000512	0x00	0x00
SPI [1]	result	20.32459749	0.00000512	0x88	0x07
SPI [1]	result	20.32460277	0.00000512	0x32	0xFF
SPI [1]	result	20.36333693	0.00000512	0x00	0x00
SPI [1]	result	20.36334221	0.00000512	0x00	0x00
SPI [1]	result	20.36334749	0.00000512	0x08	0x00
SPI [1]	result	20.36335277	0.00000512	0x20	0x10
SPI [1]	result	20.36376719	0.00000512	0x08	0x00
SPI [1]	result	20.36377247	0.00000512	0x10	0x00
SPI [1]	result	20.36377775	0.00000512	0x80	0x7F
SPI [1]	result	20.36378303	0.00000512	0x22	0xFF
SPI [1]	result	20.36418525	0.00000512	0x00	0x00
SPI [1]	result	20.36419053	0.00000512	0x00	0x00
SPI [1]	result	20.36419581	0.00000512	0x09	0x00
SPI [1]	result	20.36420109	0.00000512	0xA6	0x7F
SPI [1]	result	20.36460335	0.00000512	0x09	0x00
SPI [1]	result	20.36460863	0.00000512	0x00	0x00
SPI [1]	result	20.36461391	0.00000512	0x88	0x7F
SPI [1]	result	20.36461919	0.00000512	0x3A	0xFF
SPI [1]	result	20.36501743	0.00000512	0x00	0x00
SPI [1]	result	20.36502271	0.00000512	0x00	0x00
SPI [1]	result	20.36502799	0.00000512	0x00	0x00
SPI [1]	result	20.36503327	0.00000512	0x00	0x00
SPI [1]	result	20.36543497	0.00000512	0x08	0x00
SPI [1]	result	20.36544025	0.00000512	0x00	0x00
SPI [1]	result	20.36544553	0.00000512	0x89	0x07
SPI [1]	result	20.36545081	0.00000512	0xB8	0xFF
SPI [1]	result	20.40333284	0.00000512	0x00	0x00
SPI [1]	result	20.40333812	0.00000512	0x00	0x00
SPI [1]	result	20.40334340	0.00000512	0x08	0x00
SPI [1]	result	20.40334868	0.00000512	0x20	0x10
SPI [1]	result	20.40375147	0.00000512	0x0A	0x00
SPI [1]	result	20.40375675	0.00000512	0x10	0x1F
SPI [1]	result	20.40376203	0.00000512	0x80	0xFF
SPI [1]	result	20.40376731	0.00000512	0x32	0xFF
SPI [1]	result	20.40416901	0.00000512	0x00	0x00
SPI [1]	result	20.40417429	0.00000512	0x00	0x00
SPI [1]	result	20.40417957	0.00000512	0x00	0x00
SPI [1]	result	20.40418485	0.00000512	0x00	0x00
SPI [1]	result	20.40458548	0.00000512	0x08	0x00
SPI [1]	result	20.40459076	0.00000512	0x00	0x00
SPI [1]	result	20.40459604	0.00000512	0x88	0x0F
SPI [1]	result	20.40460132	0.00000512	0x32	0xFF
SPI [1]	result	20.44333685	0.00000512	0x00	0x00
SPI [1]	result	20.44334213	0.00000512	0x00	0x00
SPI [1]	result	20.44334741	0.00000512	0x08	0x00
SPI [1]	result	20.44335269	0.00000512	0x20	0x02
SPI [1]	result	20.44377006	0.00000512	0x0B	0x00
SPI [1]	result	20.44377534	0.00000512	0x10	0x0F
SPI [1]	result	20.44378062	0.00000512	0x80	0xFF
SPI [1]	result	20.44378590	0.00000512	0x3A	0xFF
SPI [1]	result	20.44418837	0.00000512	0x00	0x00
SPI [1]	result	20.44419365	0.00000512	0x00	0x00
SPI [1]	result	20.44419893	0.00000512	0x00	0x00
SPI [1]	result	20.44420421	0.00000512	0x00	0x00
SPI [1]	result	20.44460530	0.00000512	0x08	0x00
SPI [1]	result	20.44461058	0.00000512	0x00	0x00
SPI [1]	result	20.44461586	0.00000512	0x88	0x07
SPI [1]	result	20.44462114	0.00000512	0x32	0xFF
SPI [1]	result	20.48333487	0.00000512	0x00	0x00
SPI [1]	result	20.48334015	0.00000512	0x00	0x00
SPI [1]	result	20.48334543	0.00000512	0x08	0x00
SPI [1]	result	20.48335071	0.00000512	0x20	0x00
SPI [1]	result	20.48375486	0.00000512	0x0C	0x00
SPI [1]	result	20.48376014	0.00000512	0x10	0x00
SPI [1]	result	20.48376542	0.00000512	0x80	0x7F
SPI [1]	result	20.48377070	0.00000512	0x02	0xE3
SPI [1]	result	20.48417246	0.00000512	0x00	0x00
SPI [1]	result	20.48417774	0.00000512	0x00	0x00
SPI [1]	result	20.48418302	0.00000512	0x09	0x00
SPI [1]	result	20.48418830	0.00000512	0xA6	0x7F
SPI [1]	result	20.48458961	0.00000512	0x0D	0x00
SPI [1]	result	20.48459489	0.00000512	0x00	0x00
SPI [1]	result	20.48460017	0.00000512	0x88	0x7F
SPI [1]	result	20.48460545	0.00000512	0x1A	0xFF
SPI [1]	result	20.48500569	0.00000512	0x00	0x00
SPI [1]	result	20.48501097	0.00000512	0x00	0x00
SPI [1]	result	20.48501625	0.00000512	0x00	0x00
SPI [1]	result	20.48502153	0.00000512	0x00	0x00
SPI [1]	result	20.48542273	0.00000512	0x08	0x00
SPI [1]	result	20.48542801	0.00000512	0x00	0x00
SPI [1]	result	20.48543329	0.00000512	0x89	0x0F
SPI [1]	result	20.48543857	0.00000512	0xB8	0xFF
SPI [1]	result	20.52333145	0.00000512	0x00	0x00
SPI [1]	result	20.52333673	0.00000512	0x00	0x00
SPI [1]	result	20.52334201	0.00000512	0x08	0x00
SPI [1]	result	20.52334729	0.00000512	0x20	0x12
SPI [1]	result	20.52375060	0.00000512	0x0E	0x00
SPI [1]	result	20.52375588	0.00000512	0x10	0x00
SPI [1]	result	20.52376116	0.00000512	0x80	0xFF
SPI [1]	result	20.52376644	0.00000512	0x12	0xFF
SPI [1]	result	20.52416781	0.00000512	0x00	0x00
SPI [1]	result	20.52417309	0.00000512	0x00	0x00
SPI [1]	result	20.52417837	0.00000512	0x00	0x00
SPI [1]	result	20.52418365	0.00000512	0x00	0x00
SPI [1]	result	20.52458433	0.00000512	0x08	0x00
SPI [1]	result	20.52458961	0.00000512	0x00	0x00
SPI [1]	result	20.52459489	0.00000512	0x88	0x07
SPI [1]	result	20.52460017	0.00000512	0x32	0xFF
SPI [1]	result	20.56333150	0.00000512	0x00	0x00
SPI [1]	result	20.56333678	0.00000512	0x00	0x00
SPI [1]	result	20.56334206	0.00000512	0x08	0x00
SPI [1]	result	20.56334734	0.00000512	0x20	0x00
SPI [1]	result	20.56374995	0.00000512	0x0F	0x00
SPI [1]	result	20.56375523	0.00000512	0x10	0x00
SPI [1]	result	20.56376051	0.00000512	0x80	0xFF
SPI [1]	result	20.56376579	0.00000512	0x1A	0xFF
SPI [1]	result	20.56416655	0.00000512	0x00	0x00
SPI [1]	result	20.56417183	0.00000512	0x00	0x00
SPI [1]	result	20.56417711	0.00000512	0x00	0x00
SPI [1]	result	20.56418239	0.00000512	0x00	0x00
SPI [1]	result	20.56458335	0.00000512	0x08	0x00
SPI [1]	result	20.56458863	0.00000512	0x00	0x00
SPI [1]	result	20.56459391	0.00000512	0x88	0x07
SPI [1]	result	20.56459919	0.00000512	0x32	0xFF
SPI [1]	result	20.60334602	0.00000512	0x00	0x00
SPI [1]	result	20.60335130	0.00000512	0x00	0x00
SPI [1]	result	20.60335658	0.00000512	0x08	0x00
SPI [1]	result	20.60336186	0.00000512	0x20	0x10
SPI [1]	result	20.60380730	0.00000512	0x08	0x00
SPI [1]	result	20.60381258	0.00000512	0x10	0x00
SPI [1]	result	20.60381786	0.00000512	0x80	0x7F
SPI [1]	result	20.60382314	0.00000512	0x22	0xFF
SPI [1]	result	20.60422312	0.00000512	0x00	0x00
SPI [1]	result	20.60422840	0.00000512	0x00	0x00
SPI [1]	result	20.60423368	0.00000512	0x09	0x00
SPI [1]	result	20.60423896	0.00000512	0xA6	0x7F
SPI [1]	result	20.60464063	0.00000512	0x09	0x00
SPI [1]	result	20.60464591	0.00000512	0x00	0x00
SPI [1]	result	20.60465119	0.00000512	0x88	0x7F
SPI [1]	result	20.60465647	0.00000512	0x3A	0xFF
SPI [1]	result	20.60505874	0.00000512	0x00	0x00
SPI [1]	result	20.60506402	0.00000512	0x00	0x00
SPI [1]	result	20.60506930	0.00000512	0x00	0x00
SPI [1]	result	20.60507458	0.00000512	0x00	0x00
SPI [1]	result	20.60547616	0.00000512	0x08	0x00
SPI [1]	result	20.60548144	0.00000512	0x00	0x00
SPI [1]	result	20.60548672	0.00000512	0x89	0x0F
SPI [1]	result	20.60549200	0.00000512	0xB8	0xFF
SPI [1]	result	20.64333265	0.00000512	0x00	0x00
SPI [1]	result	20.64333793	0.00000512	0x00	0x00
SPI [1]	result	20.64334321	0.00000512	0x08	0x00
SPI [1]	result	20.64334849	0.00000512	0x20	0x10
SPI [1]	result	20.64375217	0.00000512	0x0A	0x00
SPI [1]	result	20.64375745	0.00000512	0x10	0x1F
SPI [1]	result	20.64376273	0.00000512	0x80	0xFF
SPI [1]	result	20.64376801	0.00000512	0x32	0xFF
SPI [1]	result	20.64416639	0.00000512	0x00	0x00
SPI [1]	result	20.64417167	0.00000512	0x00	0x00
SPI [1]	result	20.64417695	0.00000512	0x00	0x00
SPI [1]	result	20.64418223	0.00000512	0x00	0x00
SPI [1]	result	20.64458335	0.00000512	0x08	0x00
SPI [1]	result	20.64458863	0.00000512	0x00	0x00
SPI [1]	result	20.64459391	0.00000512	0x88	0x07
SPI [1]	result	20.64459919	0.00000512	0x32	0xFF
SPI [1]	result	20.68333532	0.00000512	0x00	0x00
SPI [1]	result	20.68334060	0.00000512	0x00	0x00
SPI [1]	result	20.68334588	0.00000512	0x08	0x00
SPI [1]	result	20.68335116	0.00000512	0x20	0x12
SPI [1]	result	20.68377175	0.00000512	0x0B	0x00
SPI [1]	result	20.68377703	0.00000512	0x10	0x1F
SPI [1]	result	20.68378231	0.00000512	0x80	0xFF
SPI [1]	result	20.68378759	0.00000512	0x3A	0xFF
SPI [1]	result	20.68418807	0.00000512	0x00	0x00
SPI [1]	result	20.68419335	0.00000512	0x00	0x00
SPI [1]	result	20.68419863	0.00000512	0x00	0x00
SPI [1]	result	20.68420391	0.00000512	0x00	0x00
SPI [1]	result	20.68460480	0.00000512	0x08	0x00
SPI [1]	result	20.68461008	0.00000512	0x00	0x00
SPI [1]	result	20.68461536	0.00000512	0x88	0x07
SPI [1]	result	20.68462064	0.00000512	0x32	0xFF
SPI [1]	result	20.72333654	0.00000512	0x00	0x00
SPI [1]	result	20.72334182	0.00000512	0x00	0x00
SPI [1]	result	20.72334710	0.00000512	0x08	0x00
SPI [1]	result	20.72335238	0.00000512	0x20	0x10
SPI [1]	result	20.72376153	0.00000512	0x0C	0x00
SPI [1]	result	20.72376681	0.00000512	0x10	0x00
SPI [1]	result	20.72377209	0.00000512	0x80	0xFF
SPI [1]	result	20.72377737	0.00000512	0x02	0xF3
SPI [1]	result	20.72418037	0.00000512	0x00	0x00
SPI [1]	result	20.72418565	0.00000512	0x00	0x00
SPI [1]	result	20.72419093	0.00000512	0x09	0x00
SPI [1]	result	20.72419621	0.00000512	0xA6	0x7F
SPI [1]	result	20.72459708	0.00000512	0x0D	0x00
SPI [1]	result	20.72460236	0.00000512	0x00	0x00
SPI [1]	result	20.72460764	0.00000512	0x88	0x7F
SPI [1]	result	20.72461292	0.00000512	0x1A	0xFF
SPI [1]	result	20.72501814	0.00000512	0x00	0x00
SPI [1]	result	20.72502342	0.00000512	0x00	0x00
SPI [1]	result	20.72502870	0.00000512	0x00	0x00
SPI [1]	result	20.72503398	0.00000512	0x00	0x00
SPI [1]	result	20.72543507	0.00000512	0x08	0x00
SPI [1]	result	20.72544035	0.00000512	0x00	0x00
SPI [1]	result	20.72544563	0.00000512	0x89	0x07
SPI [1]	result	20.72545091	0.00000512	0xB8	0xFF
SPI [1]	result	20.76333517	0.00000512	0x00	0x00
SPI [1]	result	20.76334045	0.00000512	0x00	0x00
SPI [1]	result	20.76334573	0.00000512	0x08	0x00
SPI [1]	result	20.76335101	0.00000512	0x20	0x10
SPI [1]	result	20.76376143	0.00000512	0x0E	0x00
SPI [1]	result	20.76376671	0.00000512	0x10	0x00
SPI [1]	result	20.76377199	0.00000512	0x80	0xFF
SPI [1]	result	20.76377727	0.00000512	0x12	0xFF
SPI [1]	result	20.76418011	0.00000512	0x00	0x00
SPI [1]	result	20.76418539	0.00000512	0x00	0x00
SPI [1]	result	20.76419067	0.00000512	0x00	0x00
SPI [1]	result	20.76419595	0.00000512	0x00	0x00
SPI [1]	result	20.76459778	0.00000512	0x08	0x00
SPI [1]	result	20.76460306	0.00000512	0x00	0x00
SPI [1]	result	20.76460834	0.00000512	0x88	0x07
SPI [1]	result	20.76461362	0.00000512	0x32	0xFF
SPI [1]	result	20.80333671	0.00000512	0x00	0x00
SPI [1]	result	20.80334199	0.00000512	0x00	0x00
SPI [1]	result	20.80334727	0.00000512	0x08	0x00
SPI [1]	result	20.80335255	0.00000512	0x20	0x10
SPI [1]	result	20.80376962	0.00000512	0x0F	0x00
SPI [1]	result	20.80377490	0.00000512	0x10	0x00
SPI [1]	result	20.80378018	0.00000512	0x80	0xFF
SPI [1]	result	20.80378546	0.00000512	0x1A	0xFF
SPI [1]	result	20.80418718	0.00000512	0x00	0x00
SPI [1]	result	20.80419246	0.00000512	0x00	0x00
SPI [1]	result	20.80419774	0.00000512	0x00	0x00
SPI [1]	result	20.80420302	0.00000512	0x00	0x00
SPI [1]	result	20.80460431	0.00000512	0x08	0x00
SPI [1]	result	20.80460959	0.00000512	0x00	0x00
SPI [1]	result	20.80461487	0.00000512	0x88	0x07
SPI [1]	result	20.80462015	0.00000512	0x32	0xFF
SPI [1]	result	20.84333534	0.00000512	0x00	0x00
SPI [1]	result	20.84334062	0.00000512	0x00	0x00
SPI [1]	result	20.84334590	0.00000512	0x08	0x00
SPI [1]	result	20.84335118	0.00000512	0x20	0x00
SPI [1]	result	20.84375525	0.00000512	0x08	0x00
SPI [1]	result	20.84376053	0.00000512	0x10	0x00
SPI [1]	result	20.84376581	0.00000512	0x80	0x7F
SPI [1]	result	20.84377109	0.00000512	0x22	0xFF
SPI [1]	result	20.84417248	0.00000512	0x00	0x00
SPI [1]	result	20.84417776	0.00000512	0x00	0x00
SPI [1]	result	20.84418304	0.00000512	0x09	0x00
SPI [1]	result	20.84418832	0.00000512	0xA6	0x7F
SPI [1]	result	20.84458961	0.00000512	0x09	0x00
SPI [1]	result	20.84459489	0.00000512	0x00	0x00
SPI [1]	result	20.84460017	0.00000512	0x88	0x7F
SPI [1]	result	20.84460545	0.00000512	0x3A	0xFF
SPI [1]	result	20.84500617	0.00000512	0x00	0x00
SPI [1]	result	20.84501145	0.00000512	0x00	0x00
SPI [1]	result	20.84501673	0.00000512	0x00	0x00
SPI [1]	result	20.84502201	0.00000512	0x00	0x00
SPI [1]	result	20.84542460	0.00000512	0x08	0x00
SPI [1]	result	20.84542988	0.00000512	0x00	0x00
SPI [1]	result	20.84543516	0.00000512	0x89	0x07
SPI [1]	result	20.84544044	0.00000512	0xB8	0xFF
SPI [1]	result	20.88333521	0.00000512	0x00	0x00
SPI [1]	result	20.88334049	0.00000512	0x00	0x00
SPI [1]	result	20.88334577	0.00000512	0x08	0x00
SPI [1]	result	20.88335105	0.00000512	0x20	0x10
SPI [1]	result	20.88376960	0.00000512	0x0A	0x00
SPI [1]	result	20.88377488	0.00000512	0x10	0x1F
SPI [1]	result	20.88378016	0.00000512	0x80	0xFF
SPI [1]	result	20.88378544	0.00000512	0x32	0xFF
SPI [1]	result	20.88418537	0.00000512	0x00	0x00
SPI [1]	result	20.88419065	0.00000512	0x00	0x00
SPI [1]	result	20.88419593	0.00000512	0x00	0x00
SPI [1]	result	20.88420121	0.00000512	0x00	0x00
SPI [1]	result	20.88460311	0.00000512	0x08	0x00
SPI [1]	result	20.88460839	0.00000512	0x00	0x00
SPI [1]	result	20.88461367	0.00000512	0x88	0x07
SPI [1]	result	20.88461895	0.00000512	0x32	0xFF
SPI [1]	result	20.92333385	0.00000512	0x00	0x00
SPI [1]	result	20.92333913	0.00000512	0x00	0x00
SPI [1]	result	20.92334441	0.00000512	0x08	0x00
SPI [1]	result	20.92334969	0.00000512	0x20	0x10
SPI [1]	result	20.92375929	0.00000512	0x0B	0x00
SPI [1]	result	20.92376457	0.00000512	0x10	0x1F
SPI [1]	result	20.92376985	0.00000512	0x80	0xFF
SPI [1]	result	20.92377513	0.00000512	0x3A	0xFF
SPI [1]	result	20.92417685	0.00000512	0x00	0x00
SPI [1]	result	20.92418213	0.00000512	0x00	0x00
SPI [1]	result	20.92418741	0.00000512	0x00	0x00
SPI [1]	result	20.92419269	0.00000512	0x00	0x00
SPI [1]	result	20.92459378	0.00000512	0x08	0x00
SPI [1]	result	20.92459906	0.00000512	0x00	0x00
SPI [1]	result	20.92460434	0.00000512	0x88	0x0F
SPI [1]	result	20.92460962	0.00000512	0x32	0xFF
SPI [1]	result	20.96333441	0.00000512	0x00	0x00
SPI [1]	result	20.96333969	0.00000512	0x00	0x00
SPI [1]	result	20.96334497	0.00000512	0x08	0x00
SPI [1]	result	20.96335025	0.00000512	0x20	0x10
SPI [1]	result	20.96375475	0.00000512	0x0C	0x00
SPI [1]	result	20.96376003	0.00000512	0x10	0x00
SPI [1]	result	20.96376531	0.00000512	0x80	0xFF
SPI [1]	result	20.96377059	0.00000512	0x02	0xFF
SPI [1]	result	20.96417218	0.00000512	0x00	0x00
SPI [1]	result	20.96417746	0.00000512	0x00	0x00
SPI [1]	result	20.96418274	0.00000512	0x09	0x00
SPI [1]	result	20.96418802	0.00000512	0xA6	0x7F
SPI [1]	result	20.96458930	0.00000512	0x0D	0x00
SPI [1]	result	20.96459458	0.00000512	0x00	0x00
SPI [1]	result	20.96459986	0.00000512	0x88	0x7F
SPI [1]	result	20.96460514	0.00000512	0x1A	0xFF
SPI [1]	result	20.96500332	0.00000512	0x00	0x00
SPI [1]	result	20.96500860	0.00000512	0x00	0x00
SPI [1]	result	20.96501388	0.00000512	0x00	0x00
SPI [1]	result	20.96501916	0.00000512	0x00	0x00
SPI [1]	result	20.96542057	0.00000512	0x08	0x00
SPI [1]	result	20.96542585	0.00000512	0x00	0x00
SPI [1]	result	20.96543113	0.00000512	0x89	0x07
SPI [1]	result	20.96543641	0.00000512	0xB8	0xFF
SPI [1]	result	21.00335284	0.00000512	0x00	0x00
SPI [1]	result	21.00335812	0.00000512	0x00	0x00
SPI [1]	result	21.00336340	0.00000512	0x08	0x00
SPI [1]	result	21.00336868	0.00000512	0x20	0x10
SPI [1]	result	21.00630465	0.00000512	0x0E	0x00
SPI [1]	result	21.00630993	0.00000512	0x10	0x00
SPI [1]	result	21.00631521	0.00000512	0x80	0xFF
SPI [1]	result	21.00632049	0.00000512	0x12	0xDF
SPI [1]	result	21.00676673	0.00000512	0x00	0x00
SPI [1]	result	21.00677201	0.00000512	0x00	0x00
SPI [1]	result	21.00677729	0.00000512	0x00	0x00
SPI [1]	result	21.00678257	0.00000512	0x00	0x00
SPI [1]	result	21.00721581	0.00000512	0x08	0x00
SPI [1]	result	21.00722109	0.00000512	0x00	0x00
SPI [1]	result	21.00722637	0.00000512	0x88	0x07
SPI [1]	result	21.00723165	0.00000512	0x32	0xFF
SPI [1]	result	21.04334808	0.00000512	0x00	0x00
SPI [1]	result	21.04335336	0.00000512	0x00	0x00
SPI [1]	result	21.04335864	0.00000512	0x08	0x00
SPI [1]	result	21.04336392	0.00000512	0x20	0x10
SPI [1]	result	21.04382171	0.00000512	0x0F	0x00
SPI [1]	result	21.04382699	0.00000512	0x10	0x00
SPI [1]	result	21.04383227	0.00000512	0x80	0xFF
SPI [1]	result	21.04383755	0.00000512	0x1A	0xFF
SPI [1]	result	21.04424183	0.00000512	0x00	0x00
SPI [1]	result	21.04424711	0.00000512	0x00	0x00
SPI [1]	result	21.04425239	0.00000512	0x00	0x00
SPI [1]	result	21.04425767	0.00000512	0x00	0x00
SPI [1]	result	21.04466170	0.00000512	0x08	0x00
SPI [1]	result	21.04466698	0.00000512	0x00	0x00
SPI [1]	result	21.04467226	0.00000512	0x88	0x07
SPI [1]	result	21.04467754	0.00000512	0x32	0xFF
SPI [1]	result	21.08333765	0.00000512	0x00	0x00
SPI [1]	result	21.08334293	0.00000512	0x00	0x00
SPI [1]	result	21.08334821	0.00000512	0x08	0x00
SPI [1]	result	21.08335349	0.00000512	0x20	0x00
SPI [1]	result	21.08376590	0.00000512	0x08	0x00
SPI [1]	result	21.08377118	0.00000512	0x10	0x00
SPI [1]	result	21.08377646	0.00000512	0x80	0x7F
SPI [1]	result	21.08378174	0.00000512	0x22	0xFF
SPI [1]	result	21.08418031	0.00000512	0x00	0x00
SPI [1]	result	21.08418559	0.00000512	0x00	0x00
SPI [1]	result	21.08419087	0.00000512	0x09	0x00
SPI [1]	result	21.08419615	0.00000512	0xA6	0x7F
SPI [1]	result	21.08459343	0.00000512	0x09	0x00
SPI [1]	result	21.08459871	0.00000512	0x00	0x00
SPI [1]	result	21.08460399	0.00000512	0x88	0x7F
SPI [1]	result	21.08460927	0.00000512	0x3A	0xFF
SPI [1]	result	21.08500512	0.00000512	0x00	0x00
SPI [1]	result	21.08501040	0.00000512	0x00	0x00
SPI [1]	result	21.08501568	0.00000512	0x00	0x00
SPI [1]	result	21.08502096	0.00000512	0x00	0x00
SPI [1]	result	21.08541792	0.00000512	0x08	0x00
SPI [1]	result	21.08542320	0.00000512	0x00	0x00
SPI [1]	result	21.08542848	0.00000512	0x89	0x07
SPI [1]	result	21.08543376	0.00000512	0xB8	0xFF
SPI [1]	result	21.12333189	0.00000512	0x00	0x00
SPI [1]	result	21.12333717	0.00000512	0x00	0x00
SPI [1]	result	21.12334245	0.00000512	0x08	0x00
SPI [1]	result	21.12334773	0.00000512	0x20	0x00
SPI [1]	result	21.12374842	0.00000512	0x0A	0x00
SPI [1]	result	21.12375370	0.00000512	0x10	0x1F
SPI [1]	result	21.12375898	0.00000512	0x80	0xFF
SPI [1]	result	21.12376426	0.00000512	0x32	0xFF
SPI [1]	result	21.12416124	0.00000512	0x00	0x00
SPI [1]	result	21.12416652	0.00000512	0x00	0x00
SPI [1]	result	21.12417180	0.00000512	0x00	0x00
SPI [1]	result	21.12417708	0.00000512	0x00	0x00
SPI [1]	result	21.12457476	0.00000512	0x08	0x00
SPI [1]	result	21.12458004	0.00000512	0x00	0x00
SPI [1]	result	21.12458532	0.00000512	0x88	0x07
SPI [1]	result	21.12459060	0.00000512	0x32	0xFF
SPI [1]	result	21.16333406	0.00000512	0x00	0x00
SPI [1]	result	21.16333934	0.00000512	0x00	0x00
SPI [1]	result	21.16334462	0.00000512	0x08	0x00
SPI [1]	result	21.16334990	0.00000512	0x20	0x10
SPI [1]	result	21.16375812	0.00000512	0x0B	0x00
SPI [1]	result	21.16376340	0.00000512	0x10	0x1F
SPI [1]	result	21.16376868	0.00000512	0x80	0xFF
SPI [1]	result	21.16377396	0.00000512	0x3A	0xFF
SPI [1]	result	21.16417133	0.00000512	0x00	0x00
SPI [1]	result	21.16417661	0.00000512	0x00	0x00
SPI [1]	result	21.16418189	0.00000512	0x00	0x00
SPI [1]	result	21.16418717	0.00000512	0x00	0x00
SPI [1]	result	21.16458435	0.00000512	0x08	0x00
SPI [1]	result	21.16458963	0.00000512	0x00	0x00
SPI [1]	result	21.16459491	0.00000512	0x88	0x07
SPI [1]	result	21.16460019	0.00000512	0x32	0xFF
SPI [1]	result	21.20333289	0.00000512	0x00	0x00
SPI [1]	result	21.20333817	0.00000512	0x00	0x00
SPI [1]	result	21.20334345	0.00000512	0x08	0x00
SPI [1]	result	21.20334873	0.00000512	0x20	0x00
SPI [1]	result	21.20375019	0.00000512	0x0C	0x00
SPI [1]	result	21.20375547	0.00000512	0x10	0x00
SPI [1]	result	21.20376075	0.00000512	0x80	0xFF
SPI [1]	result	21.20376603	0.00000512	0x02	0xFF
SPI [1]	result	21.20416376	0.00000512	0x00	0x00
SPI [1]	result	21.20416904	0.00000512	0x00	0x00
SPI [1]	result	21.20417432	0.00000512	0x09	0x00
SPI [1]	result	21.20417960	0.00000512	0xA6	0x7F
SPI [1]	result	21.20457683	0.00000512	0x0D	0x00
SPI [1]	result	21.20458211	0.00000512	0x00	0x00
SPI [1]	result	21.20458739	0.00000512	0x88	0x7F
SPI [1]	result	21.20459267	0.00000512	0x1A	0xFF
SPI [1]	result	21.20498964	0.00000512	0x00	0x00
SPI [1]	result	21.20499492	0.00000512	0x00	0x00
SPI [1]	result	21.20500020	0.00000512	0x00	0x00
SPI [1]	result	21.20500548	0.00000512	0x00	0x00
SPI [1]	result	21.20540183	0.00000512	0x08	0x00
SPI [1]	result	21.20540711	0.00000512	0x00	0x00
SPI [1]	result	21.20541239	0.00000512	0x89	0x07
SPI [1]	result	21.20541767	0.00000512	0xB8	0xFF
SPI [1]	result	21.24333095	0.00000512	0x00	0x00
SPI [1]	result	21.24333623	0.00000512	0x00	0x00
SPI [1]	result	21.24334151	0.00000512	0x08	0x00
SPI [1]	result	21.24334679	0.00000512	0x20	0x10
SPI [1]	result	21.24374506	0.00000512	0x0E	0x00
SPI [1]	result	21.24375034	0.00000512	0x10	0x00
SPI [1]	result	21.24375562	0.00000512	0x80	0x7F
SPI [1]	result	21.24376090	0.00000512	0x12	0xFF
SPI [1]	result	21.24416183	0.00000512	0x00	0x00
SPI [1]	result	21.24416711	0.00000512	0x00	0x00
SPI [1]	result	21.24417239	0.00000512	0x00	0x00
SPI [1]	result	21.24417767	0.00000512	0x00	0x00
SPI [1]	result	21.24457517	0.00000512	0x08	0x00
SPI [1]	result	21.24458045	0.00000512	0x00	0x00
SPI [1]	result	21.24458573	0.00000512	0x88	0x07
SPI [1]	result	21.24459101	0.00000512	0x32	0xFF
SPI [1]	result	21.28333076	0.00000512	0x00	0x00
SPI [1]	result	21.28333604	0.00000512	0x00	0x00
SPI [1]	result	21.28334132	0.00000512	0x08	0x00
SPI [1]	result	21.28334660	0.00000512	0x20	0x00
SPI [1]	result	21.28374240	0.00000512	0x0F	0x00
SPI [1]	result	21.28374768	0.00000512	0x10	0x00
SPI [1]	result	21.28375296	0.00000512	0x80	0xFF
SPI [1]	result	21.28375824	0.00000512	0x1A	0xFF
SPI [1]	result	21.28415551	0.00000512	0x00	0x00
SPI [1]	result	21.28416079	0.00000512	0x00	0x00
SPI [1]	result	21.28416607	0.00000512	0x00	0x00
SPI [1]	result	21.28417135	0.00000512	0x00	0x00
SPI [1]	result	21.28456795	0.00000512	0x08	0x00
SPI [1]	result	21.28457323	0.00000512	0x00	0x00
SPI [1]	result	21.28457851	0.00000512	0x88	0x07
SPI [1]	result	21.28458379	0.00000512	0x32	0xFF
SPI [1]	result	21.32333393	0.00000512	0x00	0x00
SPI [1]	result	21.32333921	0.00000512	0x00	0x00
SPI [1]	result	21.32334449	0.00000512	0x08	0x00
SPI [1]	result	21.32334977	0.00000512	0x20	0x00
SPI [1]	result	21.32375301	0.00000512	0x08	0x00
SPI [1]	result	21.32375829	0.00000512	0x10	0x00
SPI [1]	result	21.32376357	0.00000512	0x80	0x7F
SPI [1]	result	21.32376885	0.00000512	0x22	0xFF
SPI [1]	result	21.32416970	0.00000512	0x00	0x00
SPI [1]	result	21.32417498	0.00000512	0x00	0x00
SPI [1]	result	21.32418026	0.00000512	0x09	0x00
SPI [1]	result	21.32418554	0.00000512	0xA6	0x7F
SPI [1]	result	21.32458622	0.00000512	0x09	0x00
SPI [1]	result	21.32459150	0.00000512	0x00	0x00
SPI [1]	result	21.32459678	0.00000512	0x88	0x7F
SPI [1]	result	21.32460206	0.00000512	0x3A	0xFF
SPI [1]	result	21.32500332	0.00000512	0x00	0x00
SPI [1]	result	21.32500860	0.00000512	0x00	0x00
SPI [1]	result	21.32501388	0.00000512	0x00	0x00
SPI [1]	result	21.32501916	0.00000512	0x00	0x00
SPI [1]	result	21.32542033	0.00000512	0x08	0x00
SPI [1]	result	21.32542561	0.00000512	0x00	0x00
SPI [1]	result	21.32543089	0.00000512	0x89	0x07
SPI [1]	result	21.32543617	0.00000512	0xB8	0xFF
SPI [1]	result	21.36333601	0.00000512	0x00	0x00
SPI [1]	result	21.36334129	0.00000512	0x00	0x00
SPI [1]	result	21.36334657	0.00000512	0x08	0x00
SPI [1]	result	21.36335185	0.00000512	0x20	0x10
SPI [1]	result	21.36376396	0.00000512	0x0A	0x00
SPI [1]	result	21.36376924	0.00000512	0x10	0x0F
SPI [1]	result	21.36377452	0.00000512	0x80	0xFF
SPI [1]	result	21.36377980	0.00000512	0x32	0xFF
SPI [1]	result	21.36418176	0.00000512	0x00	0x00
SPI [1]	result	21.36418704	0.00000512	0x00	0x00
SPI [1]	result	21.36419232	0.00000512	0x00	0x00
SPI [1]	result	21.36419760	0.00000512	0x00	0x00
SPI [1]	result	21.36459874	0.00000512	0x08	0x00
SPI [1]	result	21.36460402	0.00000512	0x00	0x00
SPI [1]	result	21.36460930	0.00000512	0x88	0x07
SPI [1]	result	21.36461458	0.00000512	0x32	0xFF
SPI [1]	result	21.40333214	0.00000512	0x00	0x00
SPI [1]	result	21.40333742	0.00000512	0x00	0x00
SPI [1]	result	21.40334270	0.00000512	0x08	0x00
SPI [1]	result	21.40334798	0.00000512	0x20	0x10
SPI [1]	result	21.40382212	0.00000512	0x0B	0x00
SPI [1]	result	21.40382740	0.00000512	0x10	0x1F
SPI [1]	result	21.40383268	0.00000512	0x80	0xFF
SPI [1]	result	21.40383796	0.00000512	0x3A	0xFF
SPI [1]	result	21.40425591	0.00000512	0x00	0x00
SPI [1]	result	21.40426119	0.00000512	0x00	0x00
SPI [1]	result	21.40426647	0.00000512	0x00	0x00
SPI [1]	result	21.40427175	0.00000512	0x00	0x00
SPI [1]	result	21.40467480	0.00000512	0x08	0x00
SPI [1]	result	21.40468008	0.00000512	0x00	0x00
SPI [1]	result	21.40468536	0.00000512	0x88	0x07
SPI [1]	result	21.40469064	0.00000512	0x32	0xFF
SPI [1]	result	21.44333598	0.00000512	0x00	0x00
SPI [1]	result	21.44334126	0.00000512	0x00	0x00
SPI [1]	result	21.44334654	0.00000512	0x08	0x00
SPI [1]	result	21.44335182	0.00000512	0x20	0x10
SPI [1]	result	21.44375682	0.00000512	0x0C	0x00
SPI [1]	result	21.44376210	0.00000512	0x10	0x00
SPI [1]	result	21.44376738	0.00000512	0x80	0x7F
SPI [1]	result	21.44377266	0.00000512	0x02	0xFB
SPI [1]	result	21.44417393	0.00000512	0x00	0x00
SPI [1]	result	21.44417921	0.00000512	0x00	0x00
SPI [1]	result	21.44418449	0.00000512	0x09	0x00
SPI [1]	result	21.44418977	0.00000512	0xA6	0x7F
SPI [1]	result	21.44459133	0.00000512	0x0D	0x00
SPI [1]	result	21.44459661	0.00000512	0x00	0x00
SPI [1]	result	21.44460189	0.00000512	0x88	0x7F
SPI [1]	result	21.44460717	0.00000512	0x1A	0xFF
SPI [1]	result	21.44500798	0.00000512	0x00	0x00
SPI [1]	result	21.44501326	0.00000512	0x00	0x00
SPI [1]	result	21.44501854	0.00000512	0x00	0x00
SPI [1]	result	21.44502382	0.00000512	0x00	0x00
SPI [1]	result	21.44542558	0.00000512	0x08	0x00
SPI [1]	result	21.44543086	0.00000512	0x00	0x00
SPI [1]	result	21.44543614	0.00000512	0x89	0x07
SPI [1]	result	21.44544142	0.00000512	0xB8	0xFF
SPI [1]	result	21.48333455	0.00000512	0x00	0x00
SPI [1]	result	21.48333983	0.00000512	0x00	0x00
SPI [1]	result	21.48334511	0.00000512	0x08	0x00
SPI [1]	result	21.48335039	0.00000512	0x20	0x10
SPI [1]	result	21.48375971	0.00000512	0x0E	0x00
SPI [1]	result	21.48376499	0.00000512	0x10	0x00
SPI [1]	result	21.48377027	0.00000512	0x80	0x7F
SPI [1]	result	21.48377555	0.00000512	0x12	0xFF
SPI [1]	result	21.48417779	0.00000512	0x00	0x00
SPI [1]	result	21.48418307	0.00000512	0x00	0x00
SPI [1]	result	21.48418835	0.00000512	0x00	0x00
SPI [1]	result	21.48419363	0.00000512	0x00	0x00
SPI [1]	result	21.48459457	0.00000512	0x08	0x00
SPI [1]	result	21.48459985	0.00000512	0x00	0x00
SPI [1]	result	21.48460513	0.00000512	0x88	0x07
SPI [1]	result	21.48461041	0.00000512	0x32	0xFF
SPI [1]	result	21.52333237	0.00000512	0x00	0x00
SPI [1]	result	21.52333765	0.00000512	0x00	0x00
SPI [1]	result	21.52334293	0.00000512	0x08	0x00
SPI [1]	result	21.52334821	0.00000512	0x20	0x10
SPI [1]	result	21.52375195	0.00000512	0x0F	0x00
SPI [1]	result	21.52375723	0.00000512	0x10	0x00
SPI [1]	result	21.52376251	0.00000512	0x80	0xFF
SPI [1]	result	21.52376779	0.00000512	0x1A	0xFF
SPI [1]	result	21.52416697	0.00000512	0x00	0x00
SPI [1]	result	21.52417225	0.00000512	0x00	0x00
SPI [1]	result	21.52417753	0.00000512	0x00	0x00
SPI [1]	result	21.52418281	0.00000512	0x00	0x00
SPI [1]	result	21.52458409	0.00000512	0x08	0x00
SPI [1]	result	21.52458937	0.00000512	0x00	0x00
SPI [1]	result	21.52459465	0.00000512	0x88	0x07
SPI [1]	result	21.52459993	0.00000512	0x32	0xFF
SPI [1]	result	21.56333680	0.00000512	0x00	0x00
SPI [1]	result	21.56334208	0.00000512	0x00	0x00
SPI [1]	result	21.56334736	0.00000512	0x08	0x00
SPI [1]	result	21.56335264	0.00000512	0x20	0x10
SPI [1]	result	21.56377256	0.00000512	0x08	0x00
SPI [1]	result	21.56377784	0.00000512	0x10	0x00
SPI [1]	result	21.56378312	0.00000512	0x80	0x7F
SPI [1]	result	21.56378840	0.00000512	0x22	0xFF
SPI [1]	result	21.56419209	0.00000512	0x00	0x00
SPI [1]	result	21.56419737	0.00000512	0x00	0x00
SPI [1]	result	21.56420265	0.00000512	0x09	0x00
SPI [1]	result	21.56420793	0.00000512	0xA6	0x7F
SPI [1]	result	21.56460654	0.00000512	0x09	0x00
SPI [1]	result	21.56461182	0.00000512	0x00	0x00
SPI [1]	result	21.56461710	0.00000512	0x88	0x7F
SPI [1]	result	21.56462238	0.00000512	0x3A	0xFF
SPI [1]	result	21.56502356	0.00000512	0x00	0x00
SPI [1]	result	21.56502884	0.00000512	0x00	0x00
SPI [1]	result	21.56503412	0.00000512	0x00	0x00
SPI [1]	result	21.56503940	0.00000512	0x00	0x00
SPI [1]	result	21.56544042	0.00000512	0x08	0x00
SPI [1]	result	21.56544570	0.00000512	0x00	0x00
SPI [1]	result	21.56545098	0.00000512	0x89	0x07
SPI [1]	result	21.56545626	0.00000512	0xB8	0xFF
SPI [1]	result	21.60334110	0.00000512	0x00	0x00
SPI [1]	result	21.60334638	0.00000512	0x00	0x00
SPI [1]	result	21.60335166	0.00000512	0x08	0x00
SPI [1]	result	21.60335694	0.00000512	0x20	0x10
SPI [1]	result	21.60380797	0.00000512	0x0A	0x00
SPI [1]	result	21.60381325	0.00000512	0x10	0x0F
SPI [1]	result	21.60381853	0.00000512	0x80	0xFF
SPI [1]	result	21.60382381	0.00000512	0x32	0xFF
SPI [1]	result	21.60422644	0.00000512	0x00	0x00
SPI [1]	result	21.60423172	0.00000512	0x00	0x00
SPI [1]	result	21.60423700	0.00000512	0x00	0x00
SPI [1]	result	21.60424228	0.00000512	0x00	0x00
SPI [1]	result	21.60464450	0.00000512	0x08	0x00
SPI [1]	result	21.60464978	0.00000512	0x00	0x00
SPI [1]	result	21.60465506	0.00000512	0x88	0x07
SPI [1]	result	21.60466034	0.00000512	0x32	0xFF
SPI [1]	result	21.64333447	0.00000512	0x00	0x00
SPI [1]	result	21.64333975	0.00000512	0x00	0x00
SPI [1]	result	21.64334503	0.00000512	0x08	0x00
SPI [1]	result	21.64335031	0.00000512	0x20	0x10
SPI [1]	result	21.64376731	0.00000512	0x0B	0x00
SPI [1]	result	21.64377259	0.00000512	0x10	0x1F
SPI [1]	result	21.64377787	0.00000512	0x80	0xFF
SPI [1]	result	21.64378315	0.00000512	0x3A	0xFF
SPI [1]	result	21.64418093	0.00000512	0x00	0x00
SPI [1]	result	21.64418621	0.00000512	0x00	0x00
SPI [1]	result	21.64419149	0.00000512	0x00	0x00
SPI [1]	result	21.64419677	0.00000512	0x00	0x00
SPI [1]	result	21.64459491	0.00000512	0x08	0x00
SPI [1]	result	21.64460019	0.00000512	0x00	0x00
SPI [1]	result	21.64460547	0.00000512	0x88	0x07
SPI [1]	result	21.64461075	0.00000512	0x32	0xFF
SPI [1]	result	21.68333803	0.00000512	0x00	0x00
SPI [1]	result	21.68334331	0.00000512	0x00	0x00
SPI [1]	result	21.68334859	0.00000512	0x08	0x00
SPI [1]	result	21.68335387	0.00000512	0x20	0x10
SPI [1]	result	21.68376372	0.00000512	0x0C	0x00
SPI [1]	result	21.68376900	0.00000512	0x10	0x00
SPI [1]	result	21.68377428	0.00000512	0x80	0xFF
SPI [1]	result	21.68377956	0.00000512	0x02	0xFF
SPI [1]	result	21.68417867	0.00000512	0x00	0x00
SPI [1]	result	21.68418395	0.00000512	0x00	0x00
SPI [1]	result	21.68418923	0.00000512	0x09	0x00
SPI [1]	result	21.68419451	0.00000512	0xA6	0x7F
SPI [1]	result	21.68459294	0.00000512	0x0D	0x00
SPI [1]	result	21.68459822	0.00000512	0x00	0x00
SPI [1]	result	21.68460350	0.00000512	0x88	0x7F
SPI [1]	result	21.68460878	0.00000512	0x1A	0xFF
SPI [1]	result	21.68500707	0.00000512	0x00	0x00
SPI [1]	result	21.68501235	0.00000512	0x00	0x00
SPI [1]	result	21.68501763	0.00000512	0x00	0x00
SPI [1]	result	21.68502291	0.00000512	0x00	0x00
SPI [1]	result	21.68542141	0.00000512	0x08	0x00
SPI [1]	result	21.68542669	0.00000512	0x00	0x00
SPI [1]	result	21.68543197	0.00000512	0x89	0x07
SPI [1]	result	21.68543725	0.00000512	0xB8	0xFF
SPI [1]	result	21.72334402	0.00000512	0x00	0x00
SPI [1]	result	21.72334930	0.00000512	0x00	0x00
SPI [1]	result	21.72335458	0.00000512	0x08	0x00
SPI [1]	result	21.72335986	0.00000512	0x20	0x10
SPI [1]	result	21.72381443	0.00000512	0x0E	0x00
SPI [1]	result	21.72381971	0.00000512	0x10	0x00
SPI [1]	result	21.72382499	0.00000512	0x80	0x7F
SPI [1]	result	21.72383027	0.00000512	0x12	0xFF
SPI [1]	result	21.72423327	0.00000512	0x00	0x00
SPI [1]	result	21.72423855	0.00000512	0x00	0x00
SPI [1]	result	21.72424383	0.00000512	0x00	0x00
SPI [1]	result	21.72424911	0.00000512	0x00	0x00
SPI [1]	result	21.72465483	0.00000512	0x08	0x00
SPI [1]	result	21.72466011	0.00000512	0x00	0x00
SPI [1]	result	21.72466539	0.00000512	0x88	0x07
SPI [1]	result	21.72467067	0.00000512	0x32	0xFF
SPI [1]	result	21.76333837	0.00000512	0x00	0x00
SPI [1]	result	21.76334365	0.00000512	0x00	0x00
SPI [1]	result	21.76334893	0.00000512	0x08	0x00
SPI [1]	result	21.76335421	0.00000512	0x20	0x08
SPI [1]	result	21.76382513	0.00000512	0x0F	0x00
SPI [1]	result	21.76383041	0.00000512	0x10	0x00
SPI [1]	result	21.76383569	0.00000512	0x80	0x7F
SPI [1]	result	21.76384097	0.00000512	0x1A	0xFF
SPI [1]	result	21.76425940	0.00000512	0x00	0x00
SPI [1]	result	21.76426468	0.00000512	0x00	0x00
SPI [1]	result	21.76426996	0.00000512	0x00	0x00
SPI [1]	result	21.76427524	0.00000512	0x00	0x00
SPI [1]	result	21.76467642	0.00000512	0x08	0x00
SPI [1]	result	21.76468170	0.00000512	0x00	0x00
SPI [1]	result	21.76468698	0.00000512	0x88	0x07
SPI [1]	result	21.76469226	0.00000512	0x32	0xFF
SPI [1]	result	21.80333606	0.00000512	0x00	0x00
SPI [1]	result	21.80334134	0.00000512	0x00	0x00
SPI [1]	result	21.80334662	0.00000512	0x08	0x00
SPI [1]	result	21.80335190	0.00000512	0x20	0x10
SPI [1]	result	21.80375469	0.00000512	0x08	0x00
SPI [1]	result	21.80375997	0.00000512	0x10	0x00
SPI [1]	result	21.80376525	0.00000512	0x80	0x7F
SPI [1]	result	21.80377053	0.00000512	0x22	0xFF
SPI [1]	result	21.80417066	0.00000512	0x00	0x00
SPI [1]	result	21.80417594	0.00000512	0x00	0x00
SPI [1]	result	21.80418122	0.00000512	0x09	0x00
SPI [1]	result	21.80418650	0.00000512	0xA6	0x7F
SPI [1]	result	21.80458626	0.00000512	0x09	0x00
SPI [1]	result	21.80459154	0.00000512	0x00	0x00
SPI [1]	result	21.80459682	0.00000512	0x88	0x7F
SPI [1]	result	21.80460210	0.00000512	0x3A	0xFF
SPI [1]	result	21.80500153	0.00000512	0x00	0x00
SPI [1]	result	21.80500681	0.00000512	0x00	0x00
SPI [1]	result	21.80501209	0.00000512	0x00	0x00
SPI [1]	result	21.80501737	0.00000512	0x00	0x00
SPI [1]	result	21.80541770	0.00000512	0x08	0x00
SPI [1]	result	21.80542298	0.00000512	0x00	0x00
SPI [1]	result	21.80542826	0.00000512	0x89	0x0F
SPI [1]	result	21.80543354	0.00000512	0xB8	0xFF
SPI [1]	result	21.84333401	0.00000512	0x00	0x00
SPI [1]	result	21.84333929	0.00000512	0x00	0x00
SPI [1]	result	21.84334457	0.00000512	0x08	0x00
SPI [1]	result	21.84334985	0.00000512	0x20	0x10
SPI [1]	result	21.84376296	0.00000512	0x0A	0x00
SPI [1]	result	21.84376824	0.00000512	0x10	0x1F
SPI [1]	result	21.84377352	0.00000512	0x80	0xFF
SPI [1]	result	21.84377880	0.00000512	0x32	0xFF
SPI [1]	result	21.84417955	0.00000512	0x00	0x00
SPI [1]	result	21.84418483	0.00000512	0x00	0x00
SPI [1]	result	21.84419011	0.00000512	0x00	0x00
SPI [1]	result	21.84419539	0.00000512	0x00	0x00
SPI [1]	result	21.84459495	0.00000512	0x08	0x00
SPI [1]	result	21.84460023	0.00000512	0x00	0x00
SPI [1]	result	21.84460551	0.00000512	0x88	0x07
SPI [1]	result	21.84461079	0.00000512	0x32	0xFF
SPI [1]	result	21.88333240	0.00000512	0x00	0x00
SPI [1]	result	21.88333768	0.00000512	0x00	0x00
SPI [1]	result	21.88334296	0.00000512	0x08	0x00
SPI [1]	result	21.88334824	0.00000512	0x20	0x10
SPI [1]	result	21.88375109	0.00000512	0x0B	0x00
SPI [1]	result	21.88375637	0.00000512	0x10	0x0F
SPI [1]	result	21.88376165	0.00000512	0x80	0xFF
SPI [1]	result	21.88376693	0.00000512	0x3A	0xFF
SPI [1]	result	21.88416624	0.00000512	0x00	0x00
SPI [1]	result	21.88417152	0.00000512	0x00	0x00
SPI [1]	result	21.88417680	0.00000512	0x00	0x00
SPI [1]	result	21.88418208	0.00000512	0x00	0x00
SPI [1]	result	21.88458195	0.00000512	0x08	0x00
SPI [1]	result	21.88458723	0.00000512	0x00	0x00
SPI [1]	result	21.88459251	0.00000512	0x88	0x07
SPI [1]	result	21.88459779	0.00000512	0x32	0xFF
SPI [1]	result	21.92334079	0.00000512	0x00	0x00
SPI [1]	result	21.92334607	0.00000512	0x00	0x00
SPI [1]	result	21.92335135	0.00000512	0x08	0x00
SPI [1]	result	21.92335663	0.00000512	0x20	0x10
SPI [1]	result	21.92378502	0.00000512	0x0C	0x00
SPI [1]	result	21.92379030	0.00000512	0x10	0x00
SPI [1]	result	21.92379558	0.00000512	0x80	0xFF
SPI [1]	result	21.92380086	0.00000512	0x02	0xFF
SPI [1]	result	21.92420389	0.00000512	0x00	0x00
SPI [1]	result	21.92420917	0.00000512	0x00	0x00
SPI [1]	result	21.92421445	0.00000512	0x09	0x00
SPI [1]	result	21.92421973	0.00000512	0xA6	0x7F
SPI [1]	result	21.92462029	0.00000512	0x0D	0x00
SPI [1]	result	21.92462557	0.00000512	0x00	0x00
SPI [1]	result	21.92463085	0.00000512	0x88	0x7F
SPI [1]	result	21.92463613	0.00000512	0x1A	0xFF
SPI [1]	result	21.92503592	0.00000512	0x00	0x00
SPI [1]	result	21.92504120	0.00000512	0x00	0x00
SPI [1]	result	21.92504648	0.00000512	0x00	0x00
SPI [1]	result	21.92505176	0.00000512	0x00	0x00
SPI [1]	result	21.92545137	0.00000512	0x08	0x00
SPI [1]	result	21.92545665	0.00000512	0x00	0x00
SPI [1]	result	21.92546193	0.00000512	0x89	0x07
SPI [1]	result	21.92546721	0.00000512	0xB8	0xFF
SPI [1]	result	21.96333316	0.00000512	0x00	0x00
SPI [1]	result	21.96333844	0.00000512	0x00	0x00
SPI [1]	result	21.96334372	0.00000512	0x08	0x00
SPI [1]	result	21.96334900	0.00000512	0x20	0x10
SPI [1]	result	21.96375435	0.00000512	0x0E	0x00
SPI [1]	result	21.96375963	0.00000512	0x10	0x00
SPI [1]	result	21.96376491	0.00000512	0x80	0xFF
SPI [1]	result	21.96377019	0.00000512	0x12	0xFF
SPI [1]	result	21.96417199	0.00000512	0x00	0x00
SPI [1]	result	21.96417727	0.00000512	0x00	0x00
SPI [1]	result	21.96418255	0.00000512	0x00	0x00
SPI [1]	result	21.96418783	0.00000512	0x00	0x00
SPI [1]	result	21.96458949	0.00000512	0x08	0x00
SPI [1]	result	21.96459477	0.00000512	0x00	0x00
SPI [1]	result	21.96460005	0.00000512	0x88	0x07
SPI [1]	result	21.96460533	0.00000512	0x32	0xFF
SPI [1]	result	22.00333198	0.00000512	0x00	0x00
SPI [1]	result	22.00333726	0.00000512	0x00	0x00
SPI [1]	result	22.00334254	0.00000512	0x08	0x00
SPI [1]	result	22.00334782	0.00000512	0x20	0x10
SPI [1]	result	22.00375119	0.00000512	0x0F	0x00
SPI [1]	result	22.00375647	0.00000512	0x10	0x00
SPI [1]	result	22.00376175	0.00000512	0x80	0xFF
SPI [1]	result	22.00376703	0.00000512	0x1A	0xFF
SPI [1]	result	22.00416829	0.00000512	0x00	0x00
SPI [1]	result	22.00417357	0.00000512	0x00	0x00
SPI [1]	result	22.00417885	0.00000512	0x00	0x00
SPI [1]	result	22.00418413	0.00000512	0x00	0x00
SPI [1]	result	22.00458529	0.00000512	0x08	0x00
SPI [1]	result	22.00459057	0.00000512	0x00	0x00
SPI [1]	result	22.00459585	0.00000512	0x88	0x07
SPI [1]	result	22.00460113	0.00000512	0x32	0xFF
SPI [1]	result	22.04333339	0.00000512	0x00	0x00
SPI [1]	result	22.04333867	0.00000512	0x00	0x00
SPI [1]	result	22.04334395	0.00000512	0x08	0x00
SPI [1]	result	22.04334923	0.00000512	0x20	0x10
SPI [1]	result	22.04375225	0.00000512	0x08	0x00
SPI [1]	result	22.04375753	0.00000512	0x10	0x00
SPI [1]	result	22.04376281	0.00000512	0x80	0x7F
SPI [1]	result	22.04376809	0.00000512	0x22	0xFF
SPI [1]	result	22.04416950	0.00000512	0x00	0x00
SPI [1]	result	22.04417478	0.00000512	0x00	0x00
SPI [1]	result	22.04418006	0.00000512	0x09	0x00
SPI [1]	result	22.04418534	0.00000512	0xA6	0x7F
SPI [1]	result	22.04458630	0.00000512	0x09	0x00
SPI [1]	result	22.04459158	0.00000512	0x00	0x00
SPI [1]	result	22.04459686	0.00000512	0x88	0x7F
SPI [1]	result	22.04460214	0.00000512	0x3A	0xFF
SPI [1]	result	22.04500273	0.00000512	0x00	0x00
SPI [1]	result	22.04500801	0.00000512	0x00	0x00
SPI [1]	result	22.04501329	0.00000512	0x00	0x00
SPI [1]	result	22.04501857	0.00000512	0x00	0x00
SPI [1]	result	22.04541999	0.00000512	0x08	0x00
SPI [1]	result	22.04542527	0.00000512	0x00	0x00
SPI [1]	result	22.04543055	0.00000512	0x89	0x07
SPI [1]	result	22.04543583	0.00000512	0xB8	0xFF
SPI [1]	result	22.08333119	0.00000512	0x00	0x00
SPI [1]	result	22.08333647	0.00000512	0x00	0x00
SPI [1]	result	22.08334175	0.00000512	0x08	0x00
SPI [1]	result	22.08334703	0.00000512	0x20	0x10
SPI [1]	result	22.08374907	0.00000512	0x0A	0x00
SPI [1]	result	22.08375435	0.00000512	0x10	0x0F
SPI [1]	result	22.08375963	0.00000512	0x80	0xFF
SPI [1]	result	22.08376491	0.00000512	0x32	0xFF
SPI [1]	result	22.08416615	0.00000512	0x00	0x00
SPI [1]	result	22.08417143	0.00000512	0x00	0x00
SPI [1]	result	22.08417671	0.00000512	0x00	0x00
SPI [1]	result	22.08418199	0.00000512	0x00	0x00
SPI [1]	result	22.08458271	0.00000512	0x08	0x00
SPI [1]	result	22.08458799	0.00000512	0x00	0x00
SPI [1]	result	22.08459327	0.00000512	0x88	0x07
SPI [1]	result	22.08459855	0.00000512	0x32	0xFF
SPI [1]	result	22.12333171	0.00000512	0x00	0x00
SPI [1]	result	22.12333699	0.00000512	0x00	0x00
SPI [1]	result	22.12334227	0.00000512	0x08	0x00
SPI [1]	result	22.12334755	0.00000512	0x20	0x10
SPI [1]	result	22.12374889	0.00000512	0x0B	0x00
SPI [1]	result	22.12375417	0.00000512	0x10	0x1F
SPI [1]	result	22.12375945	0.00000512	0x80	0xFF
SPI [1]	result	22.12376473	0.00000512	0x3A	0xFF
SPI [1]	result	22.12422926	0.00000512	0x00	0x00
SPI [1]	result	22.12423454	0.00000512	0x00	0x00
SPI [1]	result	22.12423982	0.00000512	0x00	0x00
SPI [1]	result	22.12424510	0.00000512	0x00	0x00
SPI [1]	result	22.12466267	0.00000512	0x08	0x00
SPI [1]	result	22.12466795	0.00000512	0x00	0x00
SPI [1]	result	22.12467323	0.00000512	0x88	0x07
SPI [1]	result	22.12467851	0.00000512	0x32	0xFF
SPI [1]	result	22.16333688	0.00000512	0x00	0x00
SPI [1]	result	22.16334216	0.00000512	0x00	0x00
SPI [1]	result	22.16334744	0.00000512	0x08	0x00
SPI [1]	result	22.16335272	0.00000512	0x20	0x10
SPI [1]	result	22.16376489	0.00000512	0x0C	0x00
SPI [1]	result	22.16377017	0.00000512	0x10	0x00
SPI [1]	result	22.16377545	0.00000512	0x80	0xFF
SPI [1]	result	22.16378073	0.00000512	0x02	0xEB
SPI [1]	result	22.16418023	0.00000512	0x00	0x00
SPI [1]	result	22.16418551	0.00000512	0x00	0x00
SPI [1]	result	22.16419079	0.00000512	0x09	0x00
SPI [1]	result	22.16419607	0.00000512	0xA6	0x7F
SPI [1]	result	22.16459662	0.00000512	0x0D	0x00
SPI [1]	result	22.16460190	0.00000512	0x00	0x00
SPI [1]	result	22.16460718	0.00000512	0x88	0x7F
SPI [1]	result	22.16461246	0.00000512	0x1A	0xFF
SPI [1]	result	22.16501396	0.00000512	0x00	0x00
SPI [1]	result	22.16501924	0.00000512	0x00	0x00
SPI [1]	result	22.16502452	0.00000512	0x00	0x00
SPI [1]	result	22.16502980	0.00000512	0x00	0x00
SPI [1]	result	22.16543056	0.00000512	0x08	0x00
SPI [1]	result	22.16543584	0.00000512	0x00	0x00
SPI [1]	result	22.16544112	0.00000512	0x89	0x07
SPI [1]	result	22.16544640	0.00000512	0xB8	0xFF
SPI [1]	result	22.20333437	0.00000512	0x00	0x00
SPI [1]	result	22.20333965	0.00000512	0x00	0x00
SPI [1]	result	22.20334493	0.00000512	0x08	0x00
SPI [1]	result	22.20335021	0.00000512	0x20	0x14
SPI [1]	result	22.20375837	0.00000512	0x0E	0x00
SPI [1]	result	22.20376365	0.00000512	0x10	0x00
SPI [1]	result	22.20376893	0.00000512	0x80	0xFF
SPI [1]	result	22.20377421	0.00000512	0x12	0xFF
SPI [1]	result	22.20417682	0.00000512	0x00	0x00
SPI [1]	result	22.20418210	0.00000512	0x00	0x00
SPI [1]	result	22.20418738	0.00000512	0x00	0x00
SPI [1]	result	22.20419266	0.00000512	0x00	0x00
SPI [1]	result	22.20459401	0.00000512	0x08	0x00
SPI [1]	result	22.20459929	0.00000512	0x00	0x00
SPI [1]	result	22.20460457	0.00000512	0x88	0x07
SPI [1]	result	22.20460985	0.00000512	0x32	0xFF
SPI [1]	result	22.24333409	0.00000512	0x00	0x00
SPI [1]	result	22.24333937	0.00000512	0x00	0x00
SPI [1]	result	22.24334465	0.00000512	0x08	0x00
SPI [1]	result	22.24334993	0.00000512	0x20	0x00
SPI [1]	result	22.24375986	0.00000512	0x0F	0x00
SPI [1]	result	22.24376514	0.00000512	0x10	0x00
SPI [1]	result	22.24377042	0.00000512	0x80	0xFF
SPI [1]	result	22.24377570	0.00000512	0x1A	0xFF
SPI [1]	result	22.24417749	0.00000512	0x00	0x00
SPI [1]	result	22.24418277	0.00000512	0x00	0x00
SPI [1]	result	22.24418805	0.00000512	0x00	0x00
SPI [1]	result	22.24419333	0.00000512	0x00	0x00
SPI [1]	result	22.24459459	0.00000512	0x08	0x00
SPI [1]	result	22.24459987	0.00000512	0x00	0x00
SPI [1]	result	22.24460515	0.00000512	0x88	0x07
SPI [1]	result	22.24461043	0.00000512	0x32	0xFF
SPI [1]	result	22.28333810	0.00000512	0x00	0x00
SPI [1]	result	22.28334338	0.00000512	0x00	0x00
SPI [1]	result	22.28334866	0.00000512	0x08	0x00
SPI [1]	result	22.28335394	0.00000512	0x20	0x10
SPI [1]	result	22.28376969	0.00000512	0x08	0x00
SPI [1]	result	22.28377497	0.00000512	0x10	0x00
SPI [1]	result	22.28378025	0.00000512	0x80	0x7F
SPI [1]	result	22.28378553	0.00000512	0x22	0xFF
SPI [1]	result	22.28418714	0.00000512	0x00	0x00
SPI [1]	result	22.28419242	0.00000512	0x00	0x00
SPI [1]	result	22.28419770	0.00000512	0x09	0x00
SPI [1]	result	22.28420298	0.00000512	0xA6	0x7F
SPI [1]	result	22.28460593	0.00000512	0x09	0x00
SPI [1]	result	22.28461121	0.00000512	0x00	0x00
SPI [1]	result	22.28461649	0.00000512	0x88	0x7F
SPI [1]	result	22.28462177	0.00000512	0x3A	0xFF
SPI [1]	result	22.28502025	0.00000512	0x00	0x00
SPI [1]	result	22.28502553	0.00000512	0x00	0x00
SPI [1]	result	22.28503081	0.00000512	0x00	0x00
SPI [1]	result	22.28503609	0.00000512	0x00	0x00
SPI [1]	result	22.28543764	0.00000512	0x08	0x00
SPI [1]	result	22.28544292	0.00000512	0x00	0x00
SPI [1]	result	22.28544820	0.00000512	0x89	0x07
SPI [1]	result	22.28545348	0.00000512	0xB8	0xFF
SPI [1]	result	22.32333206	0.00000512	0x00	0x00
SPI [1]	result	22.32333734	0.00000512	0x00	0x00
SPI [1]	result	22.32334262	0.00000512	0x08	0x00
SPI [1]	result	22.32334790	0.00000512	0x20	0x10
SPI [1]	result	22.32375107	0.00000512	0x0A	0x00
SPI [1]	result	22.32375635	0.00000512	0x10	0x1F
SPI [1]	result	22.32376163	0.00000512	0x80	0xFF
SPI [1]	result	22.32376691	0.00000512	0x32	0xFF
SPI [1]	result	22.32416872	0.00000512	0x00	0x00
SPI [1]	result	22.32417400	0.00000512	0x00	0x00
SPI [1]	result	22.32417928	0.00000512	0x00	0x00
SPI [1]	result	22.32418456	0.00000512	0x00	0x00
SPI [1]	result	22.32458552	0.00000512	0x08	0x00
SPI [1]	result	22.32459080	0.00000512	0x00	0x00
SPI [1]	result	22.32459608	0.00000512	0x88	0x07
SPI [1]	result	22.32460136	0.00000512	0x32	0xFF
SPI [1]	result	22.36333146	0.00000512	0x00	0x00
SPI [1]	result	22.36333674	0.00000512	0x00	0x00
SPI [1]	result	22.36334202	0.00000512	0x08	0x00
SPI [1]	result	22.36334730	0.00000512	0x20	0x10
SPI [1]	result	22.36375057	0.00000512	0x0B	0x00
SPI [1]	result	22.36375585	0.00000512	0x10	0x1F
SPI [1]	result	22.36376113	0.00000512	0x80	0xFF
SPI [1]	result	22.36376641	0.00000512	0x3A	0xFF
SPI [1]	result	22.36416767	0.00000512	0x00	0x00
SPI [1]	result	22.36417295	0.00000512	0x00	0x00
SPI [1]	result	22.36417823	0.00000512	0x00	0x00
SPI [1]	result	22.36418351	0.00000512	0x00	0x00
SPI [1]	result	22.36458440	0.00000512	0x08	0x00
SPI [1]	result	22.36458968	0.00000512	0x00	0x00
SPI [1]	result	22.36459496	0.00000512	0x88	0x0F
SPI [1]	result	22.36460024	0.00000512	0x32	0xFF
SPI [1]	result	22.40333335	0.00000512	0x00	0x00
SPI [1]	result	22.40333863	0.00000512	0x00	0x00
SPI [1]	result	22.40334391	0.00000512	0x08	0x00
SPI [1]	result	22.40334919	0.00000512	0x20	0x10
SPI [1]	result	22.40375354	0.00000512	0x0C	0x00
SPI [1]	result	22.40375882	0.00000512	0x10	0x00
SPI [1]	result	22.40376410	0.00000512	0x80	0xFF
SPI [1]	result	22.40376938	0.00000512	0x02	0xFF
SPI [1]	result	22.40417044	0.00000512	0x00	0x00
SPI [1]	result	22.40417572	0.00000512	0x00	0x00
SPI [1]	result	22.40418100	0.00000512	0x09	0x00
SPI [1]	result	22.40418628	0.00000512	0xA6	0x7F
SPI [1]	result	22.40458709	0.00000512	0x0D	0x00
SPI [1]	result	22.40459237	0.00000512	0x00	0x00
SPI [1]	result	22.40459765	0.00000512	0x88	0xFF
SPI [1]	result	22.40460293	0.00000512	0x1A	0xFF
SPI [1]	result	22.40500389	0.00000512	0x00	0x00
SPI [1]	result	22.40500917	0.00000512	0x00	0x00
SPI [1]	result	22.40501445	0.00000512	0x00	0x00
SPI [1]	result	22.40501973	0.00000512	0x00	0x00
SPI [1]	result	22.40542058	0.00000512	0x08	0x00
SPI [1]	result	22.40542586	0.00000512	0x00	0x00
SPI [1]	result	22.40543114	0.00000512	0x89	0x07
SPI [1]	result	22.40543642	0.00000512	0xB8	0xFF
SPI [1]	result	22.44333171	0.00000512	0x00	0x00
SPI [1]	result	22.44333699	0.00000512	0x00	0x00
SPI [1]	result	22.44334227	0.00000512	0x08	0x00
SPI [1]	result	22.44334755	0.00000512	0x20	0x08
SPI [1]	result	22.44375122	0.00000512	0x0E	0x00
SPI [1]	result	22.44375650	0.00000512	0x10	0x00
SPI [1]	result	22.44376178	0.00000512	0x80	0xFF
SPI [1]	result	22.44376706	0.00000512	0x12	0xFF
SPI [1]	result	22.44416806	0.00000512	0x00	0x00
SPI [1]	result	22.44417334	0.00000512	0x00	0x00
SPI [1]	result	22.44417862	0.00000512	0x00	0x00
SPI [1]	result	22.44418390	0.00000512	0x00	0x00
SPI [1]	result	22.44458467	0.00000512	0x08	0x00
SPI [1]	result	22.44458995	0.00000512	0x00	0x00
SPI [1]	result	22.44459523	0.00000512	0x88	0x07
SPI [1]	result	22.44460051	0.00000512	0x32	0xFF
SPI [1]	result	22.48333188	0.00000512	0x00	0x00
SPI [1]	result	22.48333716	0.00000512	0x00	0x00
SPI [1]	result	22.48334244	0.00000512	0x08	0x00
SPI [1]	result	22.48334772	0.00000512	0x20	0x10
SPI [1]	result	22.48374807	0.00000512	0x0F	0x00
SPI [1]	result	22.48375335	0.00000512	0x10	0x00
SPI [1]	result	22.48375863	0.00000512	0x80	0xFF
SPI [1]	result	22.48376391	0.00000512	0x1A	0xFF
SPI [1]	result	22.48421593	0.00000512	0x00	0x00
SPI [1]	result	22.48422121	0.00000512	0x00	0x00
SPI [1]	result	22.48422649	0.00000512	0x00	0x00
SPI [1]	result	22.48423177	0.00000512	0x00	0x00
SPI [1]	result	22.48465218	0.00000512	0x08	0x00
SPI [1]	result	22.48465746	0.00000512	0x00	0x00
SPI [1]	result	22.48466274	0.00000512	0x88	0x07
SPI [1]	result	22.48466802	0.00000512	0x32	0xFF
SPI [1]	result	22.52333565	0.00000512	0x00	0x00
SPI [1]	result	22.52334093	0.00000512	0x00	0x00
SPI [1]	result	22.52334621	0.00000512	0x08	0x00
SPI [1]	result	22.52335149	0.00000512	0x20	0x10
SPI [1]	result	22.52375597	0.00000512	0x08	0x00
SPI [1]	result	22.52376125	0.00000512	0x10	0x00
SPI [1]	result	22.52376653	0.00000512	0x80	0x7F
SPI [1]	result	22.52377181	0.00000512	0x22	0xFF
SPI [1]	result	22.52417068	0.00000512	0x00	0x00
SPI [1]	result	22.52417596	0.00000512	0x00	0x00
SPI [1]	result	22.52418124	0.00000512	0x09	0x00
SPI [1]	result	22.52418652	0.00000512	0xA6	0x7F
SPI [1]	result	22.52458754	0.00000512	0x09	0x00
SPI [1]	result	22.52459282	0.00000512	0x00	0x00
SPI [1]	result	22.52459810	0.00000512	0x88	0x7F
SPI [1]	result	22.52460338	0.00000512	0x3A	0xFF
SPI [1]	result	22.52500452	0.00000512	0x00	0x00
SPI [1]	result	22.52500980	0.00000512	0x00	0x00
SPI [1]	result	22.52501508	0.00000512	0x00	0x00
SPI [1]	result	22.52502036	0.00000512	0x00	0x00
SPI [1]	result	22.52542133	0.00000512	0x08	0x00
SPI [1]	result	22.52542661	0.00000512	0x00	0x00
SPI [1]	result	22.52543189	0.00000512	0x89	0x07
SPI [1]	result	22.52543717	0.00000512	0xB8	0xFF
SPI [1]	result	22.56333447	0.00000512	0x00	0x00
SPI [1]	result	22.56333975	0.00000512	0x00	0x00
SPI [1]	result	22.56334503	0.00000512	0x08	0x00
SPI [1]	result	22.56335031	0.00000512	0x20	0x10
SPI [1]	result	22.56376288	0.00000512	0x0A	0x00
SPI [1]	result	22.56376816	0.00000512	0x10	0x1F
SPI [1]	result	22.56377344	0.00000512	0x80	0xFF
SPI [1]	result	22.56377872	0.00000512	0x32	0xFF
SPI [1]	result	22.56417918	0.00000512	0x00	0x00
SPI [1]	result	22.56418446	0.00000512	0x00	0x00
SPI [1]	result	22.56418974	0.00000512	0x00	0x00
SPI [1]	result	22.56419502	0.00000512	0x00	0x00
SPI [1]	result	22.56459617	0.00000512	0x08	0x00
SPI [1]	result	22.56460145	0.00000512	0x00	0x00
SPI [1]	result	22.56460673	0.00000512	0x88	0x07
SPI [1]	result	22.56461201	0.00000512	0x32	0xFF
SPI [1]	result	22.60334000	0.00000512	0x00	0x00
SPI [1]	result	22.60334528	0.00000512	0x00	0x00
SPI [1]	result	22.60335056	0.00000512	0x08	0x00
SPI [1]	result	22.60335584	0.00000512	0x20	0x10
SPI [1]	result	22.60379131	0.00000512	0x0B	0x00
SPI [1]	result	22.60379659	0.00000512	0x10	0x1F
SPI [1]	result	22.60380187	0.00000512	0x80	0xFF
SPI [1]	result	22.60380715	0.00000512	0x3A	0xFF
SPI [1]	result	22.60421226	0.00000512	0x00	0x00
SPI [1]	result	22.60421754	0.00000512	0x00	0x00
SPI [1]	result	22.60422282	0.00000512	0x00	0x00
SPI [1]	result	22.60422810	0.00000512	0x00	0x00
SPI [1]	result	22.60462659	0.00000512	0x08	0x00
SPI [1]	result	22.60463187	0.00000512	0x00	0x00
SPI [1]	result	22.60463715	0.00000512	0x88	0x07
SPI [1]	result	22.60464243	0.00000512	0x32	0xFF
SPI [1]	result	22.64333824	0.00000512	0x00	0x00
SPI [1]	result	22.64334352	0.00000512	0x00	0x00
SPI [1]	result	22.64334880	0.00000512	0x08	0x00
SPI [1]	result	22.64335408	0.00000512	0x20	0x00
SPI [1]	result	22.64376954	0.00000512	0x0C	0x00
SPI [1]	result	22.64377482	0.00000512	0x10	0x00
SPI [1]	result	22.64378010	0.00000512	0x80	0xFF
SPI [1]	result	22.64378538	0.00000512	0x02	0xFB
SPI [1]	result	22.64418675	0.00000512	0x00	0x00
SPI [1]	result	22.64419203	0.00000512	0x00	0x00
SPI [1]	result	22.64419731	0.00000512	0x09	0x00
SPI [1]	result	22.64420259	0.00000512	0xA6	0x7F
SPI [1]	result	22.64460609	0.00000512	0x0D	0x00
SPI [1]	result	22.64461137	0.00000512	0x00	0x00
SPI [1]	result	22.64461665	0.00000512	0x88	0x7F
SPI [1]	result	22.64462193	0.00000512	0x1A	0xFF
SPI [1]	result	22.64502102	0.00000512	0x00	0x00
SPI [1]	result	22.64502630	0.00000512	0x00	0x00
SPI [1]	result	22.64503158	0.00000512	0x00	0x00
SPI [1]	result	22.64503686	0.00000512	0x00	0x00
SPI [1]	result	22.64543827	0.00000512	0x08	0x00
SPI [1]	result	22.64544355	0.00000512	0x00	0x00
SPI [1]	result	22.64544883	0.00000512	0x89	0x0F
SPI [1]	result	22.64545411	0.00000512	0xB8	0xFF
SPI [1]	result	22.68333171	0.00000512	0x00	0x00
SPI [1]	result	22.68333699	0.00000512	0x00	0x00
SPI [1]	result	22.68334227	0.00000512	0x08	0x00
SPI [1]	result	22.68334755	0.00000512	0x20	0x10
SPI [1]	result	22.68375311	0.00000512	0x0E	0x00
SPI [1]	result	22.68375839	0.00000512	0x10	0x00
SPI [1]	result	22.68376367	0.00000512	0x80	0xFF
SPI [1]	result	22.68376895	0.00000512	0x12	0xFF
SPI [1]	result	22.68416980	0.00000512	0x00	0x00
SPI [1]	result	22.68417508	0.00000512	0x00	0x00
SPI [1]	result	22.68418036	0.00000512	0x00	0x00
SPI [1]	result	22.68418564	0.00000512	0x00	0x00
SPI [1]	result	22.68458684	0.00000512	0x08	0x00
SPI [1]	result	22.68459212	0.00000512	0x00	0x00
SPI [1]	result	22.68459740	0.00000512	0x88	0x07
SPI [1]	result	22.68460268	0.00000512	0x32	0xFF
SPI [1]	result	22.72333144	0.00000512	0x00	0x00
SPI [1]	result	22.72333672	0.00000512	0x00	0x00
SPI [1]	result	22.72334200	0.00000512	0x08	0x00
SPI [1]	result	22.72334728	0.00000512	0x20	0x12
SPI [1]	result	22.72375143	0.00000512	0x0F	0x00
SPI [1]	result	22.72375671	0.00000512	0x10	0x00
SPI [1]	result	22.72376199	0.00000512	0x80	0xFF
SPI [1]	result	22.72376727	0.00000512	0x1A	0xFF
SPI [1]	result	22.72416847	0.00000512	0x00	0x00
SPI [1]	result	22.72417375	0.00000512	0x00	0x00
SPI [1]	result	22.72417903	0.00000512	0x00	0x00
SPI [1]	result	22.72418431	0.00000512	0x00	0x00
SPI [1]	result	22.72458533	0.00000512	0x08	0x00
SPI [1]	result	22.72459061	0.00000512	0x00	0x00
SPI [1]	result	22.72459589	0.00000512	0x88	0x0F
SPI [1]	result	22.72460117	0.00000512	0x32	0xFF
SPI [1]	result	22.76333709	0.00000512	0x00	0x00
SPI [1]	result	22.76334237	0.00000512	0x00	0x00
SPI [1]	result	22.76334765	0.00000512	0x08	0x00
SPI [1]	result	22.76335293	0.00000512	0x20	0x10
SPI [1]	result	22.76376762	0.00000512	0x08	0x00
SPI [1]	result	22.76377290	0.00000512	0x10	0x00
SPI [1]	result	22.76377818	0.00000512	0x80	0xFF
SPI [1]	result	22.76378346	0.00000512	0x22	0xFF
SPI [1]	result	22.76418605	0.00000512	0x00	0x00
SPI [1]	result	22.76419133	0.00000512	0x00	0x00
SPI [1]	result	22.76419661	0.00000512	0x09	0x00
SPI [1]	result	22.76420189	0.00000512	0xA6	0x7F
SPI [1]	result	22.76460346	0.00000512	0x09	0x00
SPI [1]	result	22.76460874	0.00000512	0x00	0x00
SPI [1]	result	22.76461402	0.00000512	0x88	0x7F
SPI [1]	result	22.76461930	0.00000512	0x3A	0xFF
SPI [1]	result	22.76502004	0.00000512	0x00	0x00
SPI [1]	result	22.76502532	0.00000512	0x00	0x00
SPI [1]	result	22.76503060	0.00000512	0x00	0x00
SPI [1]	result	22.76503588	0.00000512	0x00	0x00
SPI [1]	result	22.76543677	0.00000512	0x08	0x00
SPI [1]	result	22.76544205	0.00000512	0x00	0x00
SPI [1]	result	22.76544733	0.00000512	0x89	0x07
SPI [1]	result	22.76545261	0.00000512	0xB8	0xFF
SPI [1]	result	22.80333399	0.00000512	0x00	0x00
SPI [1]	result	22.80333927	0.00000512	0x00	0x00
SPI [1]	result	22.80334455	0.00000512	0x08	0x00
SPI [1]	result	22.80334983	0.00000512	0x20	0x10
SPI [1]	result	22.80375848	0.00000512	0x0A	0x00
SPI [1]	result	22.80376376	0.00000512	0x10	0x1F
SPI [1]	result	22.80376904	0.00000512	0x80	0xFF
SPI [1]	result	22.80377432	0.00000512	0x32	0xFF
SPI [1]	result	22.80417761	0.00000512	0x00	0x00
SPI [1]	result	22.80418289	0.00000512	0x00	0x00
SPI [1]	result	22.80418817	0.00000512	0x00	0x00
SPI [1]	result	22.80419345	0.00000512	0x00	0x00
SPI [1]	result	22.80459193	0.00000512	0x08	0x00
SPI [1]	result	22.80459721	0.00000512	0x00	0x00
SPI [1]	result	22.80460249	0.00000512	0x88	0x07
SPI [1]	result	22.80460777	0.00000512	0x32	0xFF
SPI [1]	result	22.84333290	0.00000512	0x00	0x00
SPI [1]	result	22.84333818	0.00000512	0x00	0x00
SPI [1]	result	22.84334346	0.00000512	0x08	0x00
SPI [1]	result	22.84334874	0.00000512	0x20	0x00
SPI [1]	result	22.84375465	0.00000512	0x0B	0x00
SPI [1]	result	22.84375993	0.00000512	0x10	0x1F
SPI [1]	result	22.84376521	0.00000512	0x80	0xFF
SPI [1]	result	22.84377049	0.00000512	0x3A	0xFF
SPI [1]	result	22.84417212	0.00000512	0x00	0x00
SPI [1]	result	22.84417740	0.00000512	0x00	0x00
SPI [1]	result	22.84418268	0.00000512	0x00	0x00
SPI [1]	result	22.84418796	0.00000512	0x00	0x00
SPI [1]	result	22.84465399	0.00000512	0x08	0x00
SPI [1]	result	22.84465927	0.00000512	0x00	0x00
SPI [1]	result	22.84466455	0.00000512	0x88	0x07
SPI [1]	result	22.84466983	0.00000512	0x32	0xFF
SPI [1]	result	22.88333839	0.00000512	0x00	0x00
SPI [1]	result	22.88334367	0.00000512	0x00	0x00
SPI [1]	result	22.88334895	0.00000512	0x08	0x00
SPI [1]	result	22.88335423	0.00000512	0x20	0x10
SPI [1]	result	22.88377356	0.00000512	0x0C	0x00
SPI [1]	result	22.88377884	0.00000512	0x10	0x08
SPI [1]	result	22.88378412	0.00000512	0x80	0xFF
SPI [1]	result	22.88378940	0.00000512	0x02	0xFB
SPI [1]	result	22.88419255	0.00000512	0x00	0x00
SPI [1]	result	22.88419783	0.00000512	0x00	0x00
SPI [1]	result	22.88420311	0.00000512	0x09	0x00
SPI [1]	result	22.88420839	0.00000512	0xA6	0x7F
SPI [1]	result	22.88460983	0.00000512	0x0D	0x00
SPI [1]	result	22.88461511	0.00000512	0x00	0x00
SPI [1]	result	22.88462039	0.00000512	0x88	0x7F
SPI [1]	result	22.88462567	0.00000512	0x1A	0xFF
SPI [1]	result	22.88502678	0.00000512	0x00	0x00
SPI [1]	result	22.88503206	0.00000512	0x00	0x00
SPI [1]	result	22.88503734	0.00000512	0x00	0x00
SPI [1]	result	22.88504262	0.00000512	0x00	0x00
SPI [1]	result	22.88544429	0.00000512	0x08	0x00
SPI [1]	result	22.88544957	0.00000512	0x00	0x00
SPI [1]	result	22.88545485	0.00000512	0x89	0x07
SPI [1]	result	22.88546013	0.00000512	0xB8	0xFF
SPI [1]	result	22.92333743	0.00000512	0x00	0x00
SPI [1]	result	22.92334271	0.00000512	0x00	0x00
SPI [1]	result	22.92334799	0.00000512	0x08	0x00
SPI [1]	result	22.92335327	0.00000512	0x20	0x10
SPI [1]	result	22.92377818	0.00000512	0x0E	0x00
SPI [1]	result	22.92378346	0.00000512	0x10	0x00
SPI [1]	result	22.92378874	0.00000512	0x80	0xFF
SPI [1]	result	22.92379402	0.00000512	0x12	0xFF
SPI [1]	result	22.92419363	0.00000512	0x00	0x00
SPI [1]	result	22.92419891	0.00000512	0x00	0x00
SPI [1]	result	22.92420419	0.00000512	0x00	0x00
SPI [1]	result	22.92420947	0.00000512	0x00	0x00
SPI [1]	result	22.92461115	0.00000512	0x08	0x00
SPI [1]	result	22.92461643	0.00000512	0x00	0x00
SPI [1]	result	22.92462171	0.00000512	0x88	0x07
SPI [1]	result	22.92462699	0.00000512	0x32	0xFF
SPI [1]	result	22.96333344	0.00000512	0x00	0x00
SPI [1]	result	22.96333872	0.00000512	0x00	0x00
SPI [1]	result	22.96334400	0.00000512	0x08	0x00
SPI [1]	result	22.96334928	0.00000512	0x20	0x10
SPI [1]	result	22.96375737	0.00000512	0x0F	0x00
SPI [1]	result	22.96376265	0.00000512	0x10	0x00
SPI [1]	result	22.96376793	0.00000512	0x80	0xFF
SPI [1]	result	22.96377321	0.00000512	0x1A	0xFF
SPI [1]	result	22.96417493	0.00000512	0x00	0x00
SPI [1]	result	22.96418021	0.00000512	0x00	0x00
SPI [1]	result	22.96418549	0.00000512	0x00	0x00
SPI [1]	result	22.96419077	0.00000512	0x00	0x00
SPI [1]	result	22.96458918	0.00000512	0x08	0x00
SPI [1]	result	22.96459446	0.00000512	0x00	0x00
SPI [1]	result	22.96459974	0.00000512	0x88	0x07
SPI [1]	result	22.96460502	0.00000512	0x32	0xFF
SPI [1]	result	23.00333756	0.00000512	0x00	0x00
SPI [1]	result	23.00334284	0.00000512	0x00	0x00
SPI [1]	result	23.00334812	0.00000512	0x08	0x00
SPI [1]	result	23.00335340	0.00000512	0x20	0x00
SPI [1]	result	23.00377115	0.00000512	0x08	0x00
SPI [1]	result	23.00377643	0.00000512	0x10	0x00
SPI [1]	result	23.00378171	0.00000512	0x80	0x7F
SPI [1]	result	23.00378699	0.00000512	0x22	0xFF
SPI [1]	result	23.00418855	0.00000512	0x00	0x00
SPI [1]	result	23.00419383	0.00000512	0x00	0x00
SPI [1]	result	23.00419911	0.00000512	0x09	0x00
SPI [1]	result	23.00420439	0.00000512	0xA6	0x7F
SPI [1]	result	23.00460589	0.00000512	0x09	0x00
SPI [1]	result	23.00461117	0.00000512	0x00	0x00
SPI [1]	result	23.00461645	0.00000512	0x88	0x7F
SPI [1]	result	23.00462173	0.00000512	0x3A	0xFF
SPI [1]	result	23.00502202	0.00000512	0x00	0x00
SPI [1]	result	23.00502730	0.00000512	0x00	0x00
SPI [1]	result	23.00503258	0.00000512	0x00	0x00
SPI [1]	result	23.00503786	0.00000512	0x00	0x00
SPI [1]	result	23.00543956	0.00000512	0x08	0x00
SPI [1]	result	23.00544484	0.00000512	0x00	0x00
SPI [1]	result	23.00545012	0.00000512	0x89	0x07
SPI [1]	result	23.00545540	0.00000512	0xB8	0xFF
SPI [1]	result	23.04333171	0.00000512	0x00	0x00
SPI [1]	result	23.04333699	0.00000512	0x00	0x00
SPI [1]	result	23.04334227	0.00000512	0x08	0x00
SPI [1]	result	23.04334755	0.00000512	0x20	0x10
SPI [1]	result	23.04375103	0.00000512	0x0A	0x00
SPI [1]	result	23.04375631	0.00000512	0x10	0x1F
SPI [1]	result	23.04376159	0.00000512	0x80	0xFF
SPI [1]	result	23.04376687	0.00000512	0x32	0xFF
SPI [1]	result	23.04416948	0.00000512	0x00	0x00
SPI [1]	result	23.04417476	0.00000512	0x00	0x00
SPI [1]	result	23.04418004	0.00000512	0x00	0x00
SPI [1]	result	23.04418532	0.00000512	0x00	0x00
SPI [1]	result	23.04459319	0.00000512	0x08	0x00
SPI [1]	result	23.04459847	0.00000512	0x00	0x00
SPI [1]	result	23.04460375	0.00000512	0x88	0x07
SPI [1]	result	23.04460903	0.00000512	0x32	0xFF
SPI [1]	result	23.08333155	0.00000512	0x00	0x00
SPI [1]	result	23.08333683	0.00000512	0x00	0x00
SPI [1]	result	23.08334211	0.00000512	0x08	0x00
SPI [1]	result	23.08334739	0.00000512	0x20	0x10
SPI [1]	result	23.08375215	0.00000512	0x0B	0x00
SPI [1]	result	23.08375743	0.00000512	0x10	0x1F
SPI [1]	result	23.08376271	0.00000512	0x80	0xFF
SPI [1]	result	23.08376799	0.00000512	0x3A	0xFF
SPI [1]	result	23.08416956	0.00000512	0x00	0x00
SPI [1]	result	23.08417484	0.00000512	0x00	0x00
SPI [1]	result	23.08418012	0.00000512	0x00	0x00
SPI [1]	result	23.08418540	0.00000512	0x00	0x00
SPI [1]	result	23.08458692	0.00000512	0x08	0x00
SPI [1]	result	23.08459220	0.00000512	0x00	0x00
SPI [1]	result	23.08459748	0.00000512	0x88	0x0F
SPI [1]	result	23.08460276	0.00000512	0x32	0xFF
SPI [1]	result	23.12333319	0.00000512	0x00	0x00
SPI [1]	result	23.12333847	0.00000512	0x00	0x00
SPI [1]	result	23.12334375	0.00000512	0x08	0x00
SPI [1]	result	23.12334903	0.00000512	0x20	0x10
SPI [1]	result	23.12375343	0.00000512	0x0C	0x00
SPI [1]	result	23.12375871	0.00000512	0x10	0x00
SPI [1]	result	23.12376399	0.00000512	0x80	0x7F
SPI [1]	result	23.12376927	0.00000512	0x02	0xFF
SPI [1]	result	23.12416816	0.00000512	0x00	0x00
SPI [1]	result	23.12417344	0.00000512	0x00	0x00
SPI [1]	result	23.12417872	0.00000512	0x09	0x00
SPI [1]	result	23.12418400	0.00000512	0xA6	0x7F
SPI [1]	result	23.12458509	0.00000512	0x0D	0x00
SPI [1]	result	23.12459037	0.00000512	0x00	0x00
SPI [1]	result	23.12459565	0.00000512	0x88	0x7F
SPI [1]	result	23.12460093	0.00000512	0x1A	0xFF
SPI [1]	result	23.12500147	0.00000512	0x00	0x00
SPI [1]	result	23.12500675	0.00000512	0x00	0x00
SPI [1]	result	23.12501203	0.00000512	0x00	0x00
SPI [1]	result	23.12501731	0.00000512	0x00	0x00
SPI [1]	result	23.12541871	0.00000512	0x08	0x00
SPI [1]	result	23.12542399	0.00000512	0x00	0x00
SPI [1]	result	23.12542927	0.00000512	0x89	0x07
SPI [1]	result	23.12543455	0.00000512	0xB8	0xFF
SPI [1]	result	23.16333140	0.00000512	0x00	0x00
SPI [1]	result	23.16333668	0.00000512	0x00	0x00
SPI [1]	result	23.16334196	0.00000512	0x08	0x00
SPI [1]	result	23.16334724	0.00000512	0x20	0x00
SPI [1]	result	23.16374916	0.00000512	0x0E	0x00
SPI [1]	result	23.16375444	0.00000512	0x10	0x00
SPI [1]	result	23.16375972	0.00000512	0x80	0xFF
SPI [1]	result	23.16376500	0.00000512	0x12	0xFF
SPI [1]	result	23.16416659	0.00000512	0x00	0x00
SPI [1]	result	23.16417187	0.00000512	0x00	0x00
SPI [1]	result	23.16417715	0.00000512	0x00	0x00
SPI [1]	result	23.16418243	0.00000512	0x00	0x00
SPI [1]	result	23.16458288	0.00000512	0x08	0x00
SPI [1]	result	23.16458816	0.00000512	0x00	0x00
SPI [1]	result	23.16459344	0.00000512	0x88	0x07
SPI [1]	result	23.16459872	0.00000512	0x32	0xFF
SPI [1]	result	23.20333185	0.00000512	0x00	0x00
SPI [1]	result	23.20333713	0.00000512	0x00	0x00
SPI [1]	result	23.20334241	0.00000512	0x08	0x00
SPI [1]	result	23.20334769	0.00000512	0x20	0x10
SPI [1]	result	23.20375272	0.00000512	0x0F	0x00
SPI [1]	result	23.20375800	0.00000512	0x10	0x00
SPI [1]	result	23.20376328	0.00000512	0x80	0xFF
SPI [1]	result	23.20376856	0.00000512	0x1A	0xFF
SPI [1]	result	23.20416980	0.00000512	0x00	0x00
SPI [1]	result	23.20417508	0.00000512	0x00	0x00
SPI [1]	result	23.20418036	0.00000512	0x00	0x00
SPI [1]	result	23.20418564	0.00000512	0x00	0x00
SPI [1]	result	23.20463912	0.00000512	0x08	0x00
SPI [1]	result	23.20464440	0.00000512	0x00	0x00
SPI [1]	result	23.20464968	0.00000512	0x88	0x07
SPI [1]	result	23.20465496	0.00000512	0x32	0xFF
SPI [1]	result	23.24333621	0.00000512	0x00	0x00
SPI [1]	result	23.24334149	0.00000512	0x00	0x00
SPI [1]	result	23.24334677	0.00000512	0x08	0x00
SPI [1]	result	23.24335205	0.00000512	0x20	0x00
SPI [1]	result	23.24375791	0.00000512	0x08	0x00
SPI [1]	result	23.24376319	0.00000512	0x10	0x00
SPI [1]	result	23.24376847	0.00000512	0x80	0xFF
SPI [1]	result	23.24377375	0.00000512	0x22	0xFF
SPI [1]	result	23.24417464	0.00000512	0x00	0x00
SPI [1]	result	23.24417992	0.00000512	0x00	0x00
SPI [1]	result	23.24418520	0.00000512	0x09	0x00
SPI [1]	result	23.24419048	0.00000512	0xA6	0x7F
SPI [1]	result	23.24459172	0.00000512	0x09	0x00
SPI [1]	result	23.24459700	0.00000512	0x00	0x00
SPI [1]	result	23.24460228	0.00000512	0x88	0x7F
SPI [1]	result	23.24460756	0.00000512	0x3A	0xFF
SPI [1]	result	23.24500869	0.00000512	0x00	0x00
SPI [1]	result	23.24501397	0.00000512	0x00	0x00
SPI [1]	result	23.24501925	0.00000512	0x00	0x00
SPI [1]	result	23.24502453	0.00000512	0x00	0x00
SPI [1]	result	23.24542629	0.00000512	0x08	0x00
SPI [1]	result	23.24543157	0.00000512	0x00	0x00
SPI [1]	result	23.24543685	0.00000512	0x89	0x07
SPI [1]	result	23.24544213	0.00000512	0xB8	0xFF
SPI [1]	result	23.28333788	0.00000512	0x00	0x00
SPI [1]	result	23.28334316	0.00000512	0x00	0x00
SPI [1]	result	23.28334844	0.00000512	0x08	0x00
SPI [1]	result	23.28335372	0.00000512	0x20	0x00
SPI [1]	result	23.28377655	0.00000512	0x0A	0x00
SPI [1]	result	23.28378183	0.00000512	0x10	0x1F
SPI [1]	result	23.28378711	0.00000512	0x80	0xFF
SPI [1]	result	23.28379239	0.00000512	0x32	0xFF
SPI [1]	result	23.28419442	0.00000512	0x00	0x00
SPI [1]	result	23.28419970	0.00000512	0x00	0x00
SPI [1]	result	23.28420498	0.00000512	0x00	0x00
SPI [1]	result	23.28421026	0.00000512	0x00	0x00
SPI [1]	result	23.28461252	0.00000512	0x08	0x00
SPI [1]	result	23.28461780	0.00000512	0x00	0x00
SPI [1]	result	23.28462308	0.00000512	0x88	0x07
SPI [1]	result	23.28462836	0.00000512	0x32	0xFF
SPI [1]	result	23.32333264	0.00000512	0x00	0x00
SPI [1]	result	23.32333792	0.00000512	0x00	0x00
SPI [1]	result	23.32334320	0.00000512	0x08	0x00
SPI [1]	result	23.32334848	0.00000512	0x20	0x18
SPI [1]	result	23.32375269	0.00000512	0x0B	0x00
SPI [1]	result	23.32375797	0.00000512	0x10	0x1F
SPI [1]	result	23.32376325	0.00000512	0x80	0xFF
SPI [1]	result	23.32376853	0.00000512	0x3A	0xFF
SPI [1]	result	23.32417027	0.00000512	0x00	0x00
SPI [1]	result	23.32417555	0.00000512	0x00	0x00
SPI [1]	result	23.32418083	0.00000512	0x00	0x00
SPI [1]	result	23.32418611	0.00000512	0x00	0x00
SPI [1]	result	23.32458740	0.00000512	0x08	0x00
SPI [1]	result	23.32459268	0.00000512	0x00	0x00
SPI [1]	result	23.32459796	0.00000512	0x88	0x07
SPI [1]	result	23.32460324	0.00000512	0x32	0xFF
SPI [1]	result	23.36334550	0.00000512	0x00	0x00
SPI [1]	result	23.36335078	0.00000512	0x00	0x00
SPI [1]	result	23.36335606	0.00000512	0x08	0x00
SPI [1]	result	23.36336134	0.00000512	0x20	0x10
SPI [1]	result	23.36379929	0.00000512	0x0C	0x00
SPI [1]	result	23.36380457	0.00000512	0x10	0x08
SPI [1]	result	23.36380985	0.00000512	0x80	0xFF
SPI [1]	result	23.36381513	0.00000512	0x02	0xFF
SPI [1]	result	23.36421831	0.00000512	0x00	0x00
SPI [1]	result	23.36422359	0.00000512	0x00	0x00
SPI [1]	result	23.36422887	0.00000512	0x09	0x00
SPI [1]	result	23.36423415	0.00000512	0xA6	0x7F
SPI [1]	result	23.36463537	0.00000512	0x0D	0x00
SPI [1]	result	23.36464065	0.00000512	0x00	0x00
SPI [1]	result	23.36464593	0.00000512	0x88	0x7F
SPI [1]	result	23.36465121	0.00000512	0x1A	0xFF
SPI [1]	result	23.36505403	0.00000512	0x00	0x00
SPI [1]	result	23.36505931	0.00000512	0x00	0x00
SPI [1]	result	23.36506459	0.00000512	0x00	0x00
SPI [1]	result	23.36506987	0.00000512	0x00	0x00
SPI [1]	result	23.36547168	0.00000512	0x08	0x00
SPI [1]	result	23.36547696	0.00000512	0x00	0x00
SPI [1]	result	23.36548224	0.00000512	0x89	0x07
SPI [1]	result	23.36548752	0.00000512	0xB8	0xFF
SPI [1]	result	23.40333311	0.00000512	0x00	0x00
SPI [1]	result	23.40333839	0.00000512	0x00	0x00
SPI [1]	result	23.40334367	0.00000512	0x08	0x00
SPI [1]	result	23.40334895	0.00000512	0x20	0x12
SPI [1]	result	23.40374959	0.00000512	0x0E	0x00
SPI [1]	result	23.40375487	0.00000512	0x10	0x00
SPI [1]	result	23.40376015	0.00000512	0x80	0xFF
SPI [1]	result	23.40376543	0.00000512	0x12	0xFF
SPI [1]	result	23.40416847	0.00000512	0x00	0x00
SPI [1]	result	23.40417375	0.00000512	0x00	0x00
SPI [1]	result	23.40417903	0.00000512	0x00	0x00
SPI [1]	result	23.40418431	0.00000512	0x00	0x00
SPI [1]	result	23.40458542	0.00000512	0x08	0x00
SPI [1]	result	23.40459070	0.00000512	0x00	0x00
SPI [1]	result	23.40459598	0.00000512	0x88	0x07
SPI [1]	result	23.40460126	0.00000512	0x32	0xFF
SPI [1]	result	23.44333199	0.00000512	0x00	0x00
SPI [1]	result	23.44333727	0.00000512	0x00	0x00
SPI [1]	result	23.44334255	0.00000512	0x08	0x00
SPI [1]	result	23.44334783	0.00000512	0x20	0x10
SPI [1]	result	23.44375125	0.00000512	0x0F	0x00
SPI [1]	result	23.44375653	0.00000512	0x10	0x00
SPI [1]	result	23.44376181	0.00000512	0x80	0xFF
SPI [1]	result	23.44376709	0.00000512	0x1A	0xFF
SPI [1]	result	23.44416896	0.00000512	0x00	0x00
SPI [1]	result	23.44417424	0.00000512	0x00	0x00
SPI [1]	result	23.44417952	0.00000512	0x00	0x00
SPI [1]	result	23.44418480	0.00000512	0x00	0x00
SPI [1]	result	23.44458335	0.00000512	0x08	0x00
SPI [1]	result	23.44458863	0.00000512	0x00	0x00
SPI [1]	result	23.44459391	0.00000512	0x88	0x07
SPI [1]	result	23.44459919	0.00000512	0x32	0xFF
SPI [1]	result	23.48333344	0.00000512	0x00	0x00
SPI [1]	result	23.48333872	0.00000512	0x00	0x00
SPI [1]	result	23.48334400	0.00000512	0x08	0x00
SPI [1]	result	23.48334928	0.00000512	0x20	0x00
SPI [1]	result	23.48375432	0.00000512	0x08	0x00
SPI [1]	result	23.48375960	0.00000512	0x10	0x00
SPI [1]	result	23.48376488	0.00000512	0x80	0xFF
SPI [1]	result	23.48377016	0.00000512	0x22	0xFF
SPI [1]	result	23.48416843	0.00000512	0x00	0x00
SPI [1]	result	23.48417371	0.00000512	0x00	0x00
SPI [1]	result	23.48417899	0.00000512	0x09	0x00
SPI [1]	result	23.48418427	0.00000512	0xA6	0x7F
SPI [1]	result	23.48458525	0.00000512	0x09	0x00
SPI [1]	result	23.48459053	0.00000512	0x00	0x00
SPI [1]	result	23.48459581	0.00000512	0x88	0x7F
SPI [1]	result	23.48460109	0.00000512	0x3A	0xFF
SPI [1]	result	23.48500254	0.00000512	0x00	0x00
SPI [1]	result	23.48500782	0.00000512	0x00	0x00
SPI [1]	result	23.48501310	0.00000512	0x00	0x00
SPI [1]	result	23.48501838	0.00000512	0x00	0x00
SPI [1]	result	23.48541908	0.00000512	0x08	0x00
SPI [1]	result	23.48542436	0.00000512	0x00	0x00
SPI [1]	result	23.48542964	0.00000512	0x89	0x07
SPI [1]	result	23.48543492	0.00000512	0xB8	0xFF
SPI [1]	result	23.52333180	0.00000512	0x00	0x00
SPI [1]	result	23.52333708	0.00000512	0x00	0x00
SPI [1]	result	23.52334236	0.00000512	0x08	0x00
SPI [1]	result	23.52334764	0.00000512	0x20	0x10
SPI [1]	result	23.52374825	0.00000512	0x0A	0x00
SPI [1]	result	23.52375353	0.00000512	0x10	0x1F
SPI [1]	result	23.52375881	0.00000512	0x80	0xFF
SPI [1]	result	23.52376409	0.00000512	0x32	0xFF
SPI [1]	result	23.52416502	0.00000512	0x00	0x00
SPI [1]	result	23.52417030	0.00000512	0x00	0x00
SPI [1]	result	23.52417558	0.00000512	0x00	0x00
SPI [1]	result	23.52418086	0.00000512	0x00	0x00
SPI [1]	result	23.52458182	0.00000512	0x08	0x00
SPI [1]	result	23.52458710	0.00000512	0x00	0x00
SPI [1]	result	23.52459238	0.00000512	0x88	0x0F
SPI [1]	result	23.52459766	0.00000512	0x32	0xFF
SPI [1]	result	23.56333124	0.00000512	0x00	0x00
SPI [1]	result	23.56333652	0.00000512	0x00	0x00
SPI [1]	result	23.56334180	0.00000512	0x08	0x00
SPI [1]	result	23.56334708	0.00000512	0x20	0x10
SPI [1]	result	23.56374972	0.00000512	0x0B	0x00
SPI [1]	result	23.56375500	0.00000512	0x10	0x5F
SPI [1]	result	23.56376028	0.00000512	0x80	0xFF
SPI [1]	result	23.56376556	0.00000512	0x3A	0xFF
SPI [1]	result	23.56416666	0.00000512	0x00	0x00
SPI [1]	result	23.56417194	0.00000512	0x00	0x00
SPI [1]	result	23.56417722	0.00000512	0x00	0x00
SPI [1]	result	23.56418250	0.00000512	0x00	0x00
SPI [1]	result	23.56458492	0.00000512	0x08	0x00
SPI [1]	result	23.56459020	0.00000512	0x00	0x00
SPI [1]	result	23.56459548	0.00000512	0x88	0x07
SPI [1]	result	23.56460076	0.00000512	0x32	0xFF
SPI [1]	result	23.60334604	0.00000512	0x00	0x00
SPI [1]	result	23.60335132	0.00000512	0x00	0x00
SPI [1]	result	23.60335660	0.00000512	0x08	0x00
SPI [1]	result	23.60336188	0.00000512	0x20	0x10
SPI [1]	result	23.60381475	0.00000512	0x0C	0x00
SPI [1]	result	23.60382003	0.00000512	0x10	0x00
SPI [1]	result	23.60382531	0.00000512	0x80	0x7F
SPI [1]	result	23.60383059	0.00000512	0x02	0xE3
SPI [1]	result	23.60424481	0.00000512	0x00	0x00
SPI [1]	result	23.60425009	0.00000512	0x00	0x00
SPI [1]	result	23.60425537	0.00000512	0x09	0x00
SPI [1]	result	23.60426065	0.00000512	0xA6	0x7F
SPI [1]	result	23.60466635	0.00000512	0x0D	0x00
SPI [1]	result	23.60467163	0.00000512	0x00	0x00
SPI [1]	result	23.60467691	0.00000512	0x88	0x7F
SPI [1]	result	23.60468219	0.00000512	0x1A	0xFF
SPI [1]	result	23.60508269	0.00000512	0x00	0x00
SPI [1]	result	23.60508797	0.00000512	0x00	0x00
SPI [1]	result	23.60509325	0.00000512	0x00	0x00
SPI [1]	result	23.60509853	0.00000512	0x00	0x00
SPI [1]	result	23.60550064	0.00000512	0x08	0x00
SPI [1]	result	23.60550592	0.00000512	0x00	0x00
SPI [1]	result	23.60551120	0.00000512	0x89	0x07
SPI [1]	result	23.60551648	0.00000512	0xB8	0xFF
SPI [1]	result	23.64333924	0.00000512	0x00	0x00
SPI [1]	result	23.64334452	0.00000512	0x00	0x00
SPI [1]	result	23.64334980	0.00000512	0x08	0x00
SPI [1]	result	23.64335508	0.00000512	0x20	0x10
SPI [1]	result	23.64376978	0.00000512	0x0E	0x00
SPI [1]	result	23.64377506	0.00000512	0x10	0x00
SPI [1]	result	23.64378034	0.00000512	0x80	0xFF
SPI [1]	result	23.64378562	0.00000512	0x12	0xFF
SPI [1]	result	23.64418901	0.00000512	0x00	0x00
SPI [1]	result	23.64419429	0.00000512	0x00	0x00
SPI [1]	result	23.64419957	0.00000512	0x00	0x00
SPI [1]	result	23.64420485	0.00000512	0x00	0x00
SPI [1]	result	23.64460573	0.00000512	0x08	0x00
SPI [1]	result	23.64461101	0.00000512	0x00	0x00
SPI [1]	result	23.64461629	0.00000512	0x88	0x07
SPI [1]	result	23.64462157	0.00000512	0x32	0xFF
SPI [1]	result	23.68333321	0.00000512	0x00	0x00
SPI [1]	result	23.68333849	0.00000512	0x00	0x00
SPI [1]	result	23.68334377	0.00000512	0x08	0x00
SPI [1]	result	23.68334905	0.00000512	0x20	0x10
SPI [1]	result	23.68375544	0.00000512	0x0F	0x00
SPI [1]	result	23.68376072	0.00000512	0x10	0x00
SPI [1]	result	23.68376600	0.00000512	0x80	0xFF
SPI [1]	result	23.68377128	0.00000512	0x1A	0xFF
SPI [1]	result	23.68417264	0.00000512	0x00	0x00
SPI [1]	result	23.68417792	0.00000512	0x00	0x00
SPI [1]	result	23.68418320	0.00000512	0x00	0x00
SPI [1]	result	23.68418848	0.00000512	0x00	0x00
SPI [1]	result	23.68458998	0.00000512	0x08	0x00
SPI [1]	result	23.68459526	0.00000512	0x00	0x00
SPI [1]	result	23.68460054	0.00000512	0x88	0x07
SPI [1]	result	23.68460582	0.00000512	0x32	0xFF
SPI [1]	result	23.72333977	0.00000512	0x00	0x00
SPI [1]	result	23.72334505	0.00000512	0x00	0x00
SPI [1]	result	23.72335033	0.00000512	0x08	0x00
SPI [1]	result	23.72335561	0.00000512	0x20	0x00
SPI [1]	result	23.72377643	0.00000512	0x08	0x00
SPI [1]	result	23.72378171	0.00000512	0x10	0x00
SPI [1]	result	23.72378699	0.00000512	0x80	0xFF
SPI [1]	result	23.72379227	0.00000512	0x22	0xFF
SPI [1]	result	23.72419663	0.00000512	0x00	0x00
SPI [1]	result	23.72420191	0.00000512	0x00	0x00
SPI [1]	result	23.72420719	0.00000512	0x09	0x00
SPI [1]	result	23.72421247	0.00000512	0xA6	0x7F
SPI [1]	result	23.72461342	0.00000512	0x09	0x00
SPI [1]	result	23.72461870	0.00000512	0x00	0x00
SPI [1]	result	23.72462398	0.00000512	0x88	0x7F
SPI [1]	result	23.72462926	0.00000512	0x3A	0xFF
SPI [1]	result	23.72503066	0.00000512	0x00	0x00
SPI [1]	result	23.72503594	0.00000512	0x00	0x00
SPI [1]	result	23.72504122	0.00000512	0x00	0x00
SPI [1]	result	23.72504650	0.00000512	0x00	0x00
SPI [1]	result	23.72544947	0.00000512	0x08	0x00
SPI [1]	result	23.72545475	0.00000512	0x00	0x00
SPI [1]	result	23.72546003	0.00000512	0x89	0x0F
SPI [1]	result	23.72546531	0.00000512	0xB8	0xFF
SPI [1]	result	23.76333765	0.00000512	0x00	0x00
SPI [1]	result	23.76334293	0.00000512	0x00	0x00
SPI [1]	result	23.76334821	0.00000512	0x08	0x00
SPI [1]	result	23.76335349	0.00000512	0x20	0x18
SPI [1]	result	23.76377168	0.00000512	0x0A	0x00
SPI [1]	result	23.76377696	0.00000512	0x10	0x1F
SPI [1]	result	23.76378224	0.00000512	0x80	0xFF
SPI [1]	result	23.76378752	0.00000512	0x32	0xFF
SPI [1]	result	23.76419107	0.00000512	0x00	0x00
SPI [1]	result	23.76419635	0.00000512	0x00	0x00
SPI [1]	result	23.76420163	0.00000512	0x00	0x00
SPI [1]	result	23.76420691	0.00000512	0x00	0x00
SPI [1]	result	23.76461026	0.00000512	0x08	0x00
SPI [1]	result	23.76461554	0.00000512	0x00	0x00
SPI [1]	result	23.76462082	0.00000512	0x88	0x07
SPI [1]	result	23.76462610	0.00000512	0x32	0xFF
SPI [1]	result	23.80333324	0.00000512	0x00	0x00
SPI [1]	result	23.80333852	0.00000512	0x00	0x00
SPI [1]	result	23.80334380	0.00000512	0x08	0x00
SPI [1]	result	23.80334908	0.00000512	0x20	0x10
SPI [1]	result	23.80375659	0.00000512	0x0B	0x00
SPI [1]	result	23.80376187	0.00000512	0x10	0x1F
SPI [1]	result	23.80376715	0.00000512	0x80	0xFF
SPI [1]	result	23.80377243	0.00000512	0x3A	0xFF
SPI [1]	result	23.80417428	0.00000512	0x00	0x00
SPI [1]	result	23.80417956	0.00000512	0x00	0x00
SPI [1]	result	23.80418484	0.00000512	0x00	0x00
SPI [1]	result	23.80419012	0.00000512	0x00	0x00
SPI [1]	result	23.80459186	0.00000512	0x08	0x00
SPI [1]	result	23.80459714	0.00000512	0x00	0x00
SPI [1]	result	23.80460242	0.00000512	0x88	0x07
SPI [1]	result	23.80460770	0.00000512	0x32	0xFF
SPI [1]	result	23.84333528	0.00000512	0x00	0x00
SPI [1]	result	23.84334056	0.00000512	0x00	0x00
SPI [1]	result	23.84334584	0.00000512	0x08	0x00
SPI [1]	result	23.84335112	0.00000512	0x20	0x10
SPI [1]	result	23.84375492	0.00000512	0x0C	0x00
SPI [1]	result	23.84376020	0.00000512	0x10	0x00
SPI [1]	result	23.84376548	0.00000512	0x80	0x7F
SPI [1]	result	23.84377076	0.00000512	0x02	0xFF
SPI [1]	result	23.84417166	0.00000512	0x00	0x00
SPI [1]	result	23.84417694	0.00000512	0x00	0x00
SPI [1]	result	23.84418222	0.00000512	0x09	0x00
SPI [1]	result	23.84418750	0.00000512	0xA6	0x7F
SPI [1]	result	23.84458863	0.00000512	0x0D	0x00
SPI [1]	result	23.84459391	0.00000512	0x00	0x00
SPI [1]	result	23.84459919	0.00000512	0x88	0x7F
SPI [1]	result	23.84460447	0.00000512	0x1A	0xFF
SPI [1]	result	23.84500543	0.00000512	0x00	0x00
SPI [1]	result	23.84501071	0.00000512	0x00	0x00
SPI [1]	result	23.84501599	0.00000512	0x00	0x00
SPI [1]	result	23.84502127	0.00000512	0x00	0x00
SPI [1]	result	23.84542214	0.00000512	0x08	0x00
SPI [1]	result	23.84542742	0.00000512	0x00	0x00
SPI [1]	result	23.84543270	0.00000512	0x89	0x07
SPI [1]	result	23.84543798	0.00000512	0xB8	0xFF
SPI [1]	result	23.88333687	0.00000512	0x00	0x00
SPI [1]	result	23.88334215	0.00000512	0x00	0x00
SPI [1]	result	23.88334743	0.00000512	0x08	0x00
SPI [1]	result	23.88335271	0.00000512	0x20	0x10
SPI [1]	result	23.88377491	0.00000512	0x0E	0x00
SPI [1]	result	23.88378019	0.00000512	0x10	0x00
SPI [1]	result	23.88378547	0.00000512	0x80	0xFF
SPI [1]	result	23.88379075	0.00000512	0x12	0xFF
SPI [1]	result	23.88419251	0.00000512	0x00	0x00
SPI [1]	result	23.88419779	0.00000512	0x00	0x00
SPI [1]	result	23.88420307	0.00000512	0x00	0x00
SPI [1]	result	23.88420835	0.00000512	0x00	0x00
SPI [1]	result	23.88461025	0.00000512	0x08	0x00
SPI [1]	result	23.88461553	0.00000512	0x00	0x00
SPI [1]	result	23.88462081	0.00000512	0x88	0x0F
SPI [1]	result	23.88462609	0.00000512	0x32	0xFF
SPI [1]	result	23.92333487	0.00000512	0x00	0x00
SPI [1]	result	23.92334015	0.00000512	0x00	0x00
SPI [1]	result	23.92334543	0.00000512	0x08	0x00
SPI [1]	result	23.92335071	0.00000512	0x20	0x00
SPI [1]	result	23.92376092	0.00000512	0x0F	0x00
SPI [1]	result	23.92376620	0.00000512	0x10	0x00
SPI [1]	result	23.92377148	0.00000512	0x80	0xFF
SPI [1]	result	23.92377676	0.00000512	0x1A	0xFF
SPI [1]	result	23.92417939	0.00000512	0x00	0x00
SPI [1]	result	23.92418467	0.00000512	0x00	0x00
SPI [1]	result	23.92418995	0.00000512	0x00	0x00
SPI [1]	result	23.92419523	0.00000512	0x00	0x00
SPI [1]	result	23.92459624	0.00000512	0x08	0x00
SPI [1]	result	23.92460152	0.00000512	0x00	0x00
SPI [1]	result	23.92460680	0.00000512	0x88	0x0F
SPI [1]	result	23.92461208	0.00000512	0x32	0xFF
SPI [1]	result	23.96333712	0.00000512	0x00	0x00
SPI [1]	result	23.96334240	0.00000512	0x00	0x00
SPI [1]	result	23.96334768	0.00000512	0x08	0x00
SPI [1]	result	23.96335296	0.00000512	0x20	0x10
SPI [1]	result	23.96376835	0.00000512	0x08	0x00
SPI [1]	result	23.96377363	0.00000512	0x10	0x00
SPI [1]	result	23.96377891	0.00000512	0x80	0xFF
SPI [1]	result	23.96378419	0.00000512	0x22	0xFF
SPI [1]	result	23.96418549	0.00000512	0x00	0x00
SPI [1]	result	23.96419077	0.00000512	0x00	0x00
SPI [1]	result	23.96419605	0.00000512	0x09	0x00
SPI [1]	result	23.96420133	0.00000512	0xA6	0x7F
SPI [1]	result	23.96460123	0.00000512	0x09	0x00
SPI [1]	result	23.96460651	0.00000512	0x00	0x40
SPI [1]	result	23.96461179	0.00000512	0x88	0x7F
SPI [1]	result	23.96461707	0.00000512	0x3A	0xFF
SPI [1]	result	23.96501494	0.00000512	0x00	0x00
SPI [1]	result	23.96502022	0.00000512	0x00	0x00
SPI [1]	result	23.96502550	0.00000512	0x00	0x00
SPI [1]	result	23.96503078	0.00000512	0x00	0x00
SPI [1]	result	23.96543036	0.00000512	0x08	0x00
SPI [1]	result	23.96543564	0.00000512	0x00	0x00
SPI [1]	result	23.96544092	0.00000512	0x89	0x0F
SPI [1]	result	23.96544620	0.00000512	0xB8	0xFF
SPI [1]	result	24.00333489	0.00000512	0x00	0x00
SPI [1]	result	24.00334017	0.00000512	0x00	0x00
SPI [1]	result	24.00334545	0.00000512	0x08	0x00
SPI [1]	result	24.00335073	0.00000512	0x20	0x10
SPI [1]	result	24.00376581	0.00000512	0x0A	0x00
SPI [1]	result	24.00377109	0.00000512	0x10	0x0F
SPI [1]	result	24.00377637	0.00000512	0x80	0xFF
SPI [1]	result	24.00378165	0.00000512	0x32	0xFF
SPI [1]	result	24.00418326	0.00000512	0x00	0x00
SPI [1]	result	24.00418854	0.00000512	0x00	0x00
SPI [1]	result	24.00419382	0.00000512	0x00	0x00
SPI [1]	result	24.00419910	0.00000512	0x00	0x00
SPI [1]	result	24.00459622	0.00000512	0x08	0x00
SPI [1]	result	24.00460150	0.00000512	0x00	0x00
SPI [1]	result	24.00460678	0.00000512	0x88	0x0F
SPI [1]	result	24.00461206	0.00000512	0x32	0xFF
SPI [1]	result	24.04333229	0.00000512	0x00	0x00
SPI [1]	result	24.04333757	0.00000512	0x00	0x00
SPI [1]	result	24.04334285	0.00000512	0x08	0x00
SPI [1]	result	24.04334813	0.00000512	0x20	0x10
SPI [1]	result	24.04374944	0.00000512	0x0B	0x00
SPI [1]	result	24.04375472	0.00000512	0x10	0x1F
SPI [1]	result	24.04376000	0.00000512	0x80	0xFF
SPI [1]	result	24.04376528	0.00000512	0x3A	0xFF
SPI [1]	result	24.04416530	0.00000512	0x00	0x00
SPI [1]	result	24.04417058	0.00000512	0x00	0x00
SPI [1]	result	24.04417586	0.00000512	0x00	0x00
SPI [1]	result	24.04418114	0.00000512	0x00	0x00
SPI [1]	result	24.04458136	0.00000512	0x08	0x00
SPI [1]	result	24.04458664	0.00000512	0x00	0x00
SPI [1]	result	24.04459192	0.00000512	0x88	0x07
SPI [1]	result	24.04459720	0.00000512	0x32	0xFF
SPI [1]	result	24.08333862	0.00000512	0x00	0x00
SPI [1]	result	24.08334390	0.00000512	0x00	0x00
SPI [1]	result	24.08334918	0.00000512	0x08	0x00
SPI [1]	result	24.08335446	0.00000512	0x20	0x10
SPI [1]	result	24.08377062	0.00000512	0x0C	0x00
SPI [1]	result	24.08377590	0.00000512	0x10	0x00
SPI [1]	result	24.08378118	0.00000512	0x80	0xFF
SPI [1]	result	24.08378646	0.00000512	0x02	0xFF
SPI [1]	result	24.08418853	0.00000512	0x00	0x00
SPI [1]	result	24.08419381	0.00000512	0x00	0x00
SPI [1]	result	24.08419909	0.00000512	0x09	0x00
SPI [1]	result	24.08420437	0.00000512	0xA6	0x7F
SPI [1]	result	24.08460643	0.00000512	0x0D	0x00
SPI [1]	result	24.08461171	0.00000512	0x00	0x00
SPI [1]	result	24.08461699	0.00000512	0x88	0x7F
SPI [1]	result	24.08462227	0.00000512	0x1A	0xFF
SPI [1]	result	24.08502328	0.00000512	0x00	0x00
SPI [1]	result	24.08502856	0.00000512	0x00	0x00
SPI [1]	result	24.08503384	0.00000512	0x00	0x00
SPI [1]	result	24.08503912	0.00000512	0x00	0x00
SPI [1]	result	24.08544210	0.00000512	0x08	0x00
SPI [1]	result	24.08544738	0.00000512	0x00	0x00
SPI [1]	result	24.08545266	0.00000512	0x89	0x07
SPI [1]	result	24.08545794	0.00000512	0xB8	0xFF
SPI [1]	result	24.12333185	0.00000512	0x00	0x00
SPI [1]	result	24.12333713	0.00000512	0x00	0x00
SPI [1]	result	24.12334241	0.00000512	0x08	0x00
SPI [1]	result	24.12334769	0.00000512	0x20	0x10
SPI [1]	result	24.12375333	0.00000512	0x0E	0x00
SPI [1]	result	24.12375861	0.00000512	0x10	0x00
SPI [1]	result	24.12376389	0.00000512	0x80	0x7F
SPI [1]	result	24.12376917	0.00000512	0x12	0xFF
SPI [1]	result	24.12417049	0.00000512	0x00	0x00
SPI [1]	result	24.12417577	0.00000512	0x00	0x00
SPI [1]	result	24.12418105	0.00000512	0x00	0x00
SPI [1]	result	24.12418633	0.00000512	0x00	0x00
SPI [1]	result	24.12458651	0.00000512	0x08	0x00
SPI [1]	result	24.12459179	0.00000512	0x00	0x00
SPI [1]	result	24.12459707	0.00000512	0x88	0x07
SPI [1]	result	24.12460235	0.00000512	0x32	0xFF
SPI [1]	result	24.16333132	0.00000512	0x00	0x00
SPI [1]	result	24.16333660	0.00000512	0x00	0x00
SPI [1]	result	24.16334188	0.00000512	0x08	0x00
SPI [1]	result	24.16334716	0.00000512	0x20	0x10
SPI [1]	result	24.16375042	0.00000512	0x0F	0x00
SPI [1]	result	24.16375570	0.00000512	0x10	0x00
SPI [1]	result	24.16376098	0.00000512	0x80	0xFF
SPI [1]	result	24.16376626	0.00000512	0x1A	0xFF
SPI [1]	result	24.16416772	0.00000512	0x00	0x00
SPI [1]	result	24.16417300	0.00000512	0x00	0x00
SPI [1]	result	24.16417828	0.00000512	0x00	0x00
SPI [1]	result	24.16418356	0.00000512	0x00	0x00
SPI [1]	result	24.16458254	0.00000512	0x08	0x00
SPI [1]	result	24.16458782	0.00000512	0x00	0x00
SPI [1]	result	24.16459310	0.00000512	0x88	0x07
SPI [1]	result	24.16459838	0.00000512	0x32	0xFF
SPI [1]	result	24.20333307	0.00000512	0x00	0x00
SPI [1]	result	24.20333835	0.00000512	0x00	0x00
SPI [1]	result	24.20334363	0.00000512	0x08	0x00
SPI [1]	result	24.20334891	0.00000512	0x20	0x10
SPI [1]	result	24.20375204	0.00000512	0x08	0x00
SPI [1]	result	24.20375732	0.00000512	0x10	0x00
SPI [1]	result	24.20376260	0.00000512	0x80	0x7F
SPI [1]	result	24.20376788	0.00000512	0x22	0xFF
SPI [1]	result	24.20416925	0.00000512	0x00	0x00
SPI [1]	result	24.20417453	0.00000512	0x00	0x00
SPI [1]	result	24.20417981	0.00000512	0x09	0x00
SPI [1]	result	24.20418509	0.00000512	0xA6	0x7F
SPI [1]	result	24.20458570	0.00000512	0x09	0x00
SPI [1]	result	24.20459098	0.00000512	0x00	0x00
SPI [1]	result	24.20459626	0.00000512	0x88	0x7F
SPI [1]	result	24.20460154	0.00000512	0x3A	0xFF
SPI [1]	result	24.20499954	0.00000512	0x00	0x00
SPI [1]	result	24.20500482	0.00000512	0x00	0x00
SPI [1]	result	24.20501010	0.00000512	0x00	0x00
SPI [1]	result	24.20501538	0.00000512	0x00	0x00
SPI [1]	result	24.20541628	0.00000512	0x08	0x00
SPI [1]	result	24.20542156	0.00000512	0x00	0x00
SPI [1]	result	24.20542684	0.00000512	0x89	0x0F
SPI [1]	result	24.20543212	0.00000512	0xB8	0xFF
SPI [1]	result	24.24333163	0.00000512	0x00	0x00
SPI [1]	result	24.24333691	0.00000512	0x00	0x00
SPI [1]	result	24.24334219	0.00000512	0x08	0x00
SPI [1]	result	24.24334747	0.00000512	0x20	0x10
SPI [1]	result	24.24374753	0.00000512	0x0A	0x00
SPI [1]	result	24.24375281	0.00000512	0x10	0x1F
SPI [1]	result	24.24375809	0.00000512	0x80	0xFF
SPI [1]	result	24.24376337	0.00000512	0x32	0xFF
SPI [1]	result	24.24416442	0.00000512	0x00	0x00
SPI [1]	result	24.24416970	0.00000512	0x00	0x00
SPI [1]	result	24.24417498	0.00000512	0x00	0x00
SPI [1]	result	24.24418026	0.00000512	0x00	0x00
SPI [1]	result	24.24458109	0.00000512	0x08	0x00
SPI [1]	result	24.24458637	0.00000512	0x00	0x00
SPI [1]	result	24.24459165	0.00000512	0x88	0x07
SPI [1]	result	24.24459693	0.00000512	0x32	0xFF
SPI [1]	result	24.28333435	0.00000512	0x00	0x00
SPI [1]	result	24.28333963	0.00000512	0x00	0x00
SPI [1]	result	24.28334491	0.00000512	0x08	0x00
SPI [1]	result	24.28335019	0.00000512	0x20	0x18
SPI [1]	result	24.28376169	0.00000512	0x0B	0x00
SPI [1]	result	24.28376697	0.00000512	0x10	0x1F
SPI [1]	result	24.28377225	0.00000512	0x80	0xFF
SPI [1]	result	24.28377753	0.00000512	0x3A	0xFF
SPI [1]	result	24.28417936	0.00000512	0x00	0x00
SPI [1]	result	24.28418464	0.00000512	0x00	0x00
SPI [1]	result	24.28418992	0.00000512	0x00	0x00
SPI [1]	result	24.28419520	0.00000512	0x00	0x00
SPI [1]	result	24.28459644	0.00000512	0x08	0x00
SPI [1]	result	24.28460172	0.00000512	0x00	0x00
SPI [1]	result	24.28460700	0.00000512	0x88	0x0F
SPI [1]	result	24.28461228	0.00000512	0x32	0xFF
SPI [1]	result	24.32333404	0.00000512	0x00	0x00
SPI [1]	result	24.32333932	0.00000512	0x00	0x00
SPI [1]	result	24.32334460	0.00000512	0x08	0x00
SPI [1]	result	24.32334988	0.00000512	0x20	0x00
SPI [1]	result	24.32381680	0.00000512	0x0C	0x00
SPI [1]	result	24.32382208	0.00000512	0x10	0x00
SPI [1]	result	24.32382736	0.00000512	0x80	0x7F
SPI [1]	result	24.32383264	0.00000512	0x02	0xE3
SPI [1]	result	24.32425087	0.00000512	0x00	0x00
SPI [1]	result	24.32425615	0.00000512	0x00	0x00
SPI [1]	result	24.32426143	0.00000512	0x09	0x00
SPI [1]	result	24.32426671	0.00000512	0xA6	0x7F
SPI [1]	result	24.32466969	0.00000512	0x0D	0x00
SPI [1]	result	24.32467497	0.00000512	0x00	0x00
SPI [1]	result	24.32468025	0.00000512	0x88	0x7F
SPI [1]	result	24.32468553	0.00000512	0x1A	0xFF
SPI [1]	result	24.32508421	0.00000512	0x00	0x00
SPI [1]	result	24.32508949	0.00000512	0x00	0x00
SPI [1]	result	24.32509477	0.00000512	0x00	0x00
SPI [1]	result	24.32510005	0.00000512	0x00	0x00
SPI [1]	result	24.32550083	0.00000512	0x08	0x00
SPI [1]	result	24.32550611	0.00000512	0x00	0x00
SPI [1]	result	24.32551139	0.00000512	0x89	0x07
SPI [1]	result	24.32551667	0.00000512	0xB8	0xFF
SPI [1]	result	24.36333494	0.00000512	0x00	0x00
SPI [1]	result	24.36334022	0.00000512	0x00	0x00
SPI [1]	result	24.36334550	0.00000512	0x08	0x00
SPI [1]	result	24.36335078	0.00000512	0x20	0x10
SPI [1]	result	24.36376817	0.00000512	0x0E	0x00
SPI [1]	result	24.36377345	0.00000512	0x10	0x00
SPI [1]	result	24.36377873	0.00000512	0x80	0xFF
SPI [1]	result	24.36378401	0.00000512	0x12	0xFF
SPI [1]	result	24.36418595	0.00000512	0x00	0x00
SPI [1]	result	24.36419123	0.00000512	0x00	0x00
SPI [1]	result	24.36419651	0.00000512	0x00	0x00
SPI [1]	result	24.36420179	0.00000512	0x00	0x00
SPI [1]	result	24.36460103	0.00000512	0x08	0x00
SPI [1]	result	24.36460631	0.00000512	0x00	0x00
SPI [1]	result	24.36461159	0.00000512	0x88	0x07
SPI [1]	result	24.36461687	0.00000512	0x32	0xFF
SPI [1]	result	24.40333508	0.00000512	0x00	0x00
SPI [1]	result	24.40334036	0.00000512	0x00	0x00
SPI [1]	result	24.40334564	0.00000512	0x08	0x00
SPI [1]	result	24.40335092	0.00000512	0x20	0x10
SPI [1]	result	24.40377348	0.00000512	0x0F	0x00
SPI [1]	result	24.40377876	0.00000512	0x10	0x00
SPI [1]	result	24.40378404	0.00000512	0x80	0xFF
SPI [1]	result	24.40378932	0.00000512	0x1A	0xFF
SPI [1]	result	24.40419161	0.00000512	0x00	0x00
SPI [1]	result	24.40419689	0.00000512	0x00	0x00
SPI [1]	result	24.40420217	0.00000512	0x00	0x00
SPI [1]	result	24.40420745	0.00000512	0x00	0x00
SPI [1]	result	24.40460895	0.00000512	0x08	0x00
SPI [1]	result	24.40461423	0.00000512	0x00	0x00
SPI [1]	result	24.40461951	0.00000512	0x88	0x07
SPI [1]	result	24.40462479	0.00000512	0x32	0xFF
SPI [1]	result	24.44333480	0.00000512	0x00	0x00
SPI [1]	result	24.44334008	0.00000512	0x00	0x00
SPI [1]	result	24.44334536	0.00000512	0x08	0x00
SPI [1]	result	24.44335064	0.00000512	0x20	0x10
SPI [1]	result	24.44375623	0.00000512	0x08	0x00
SPI [1]	result	24.44376151	0.00000512	0x10	0x00
SPI [1]	result	24.44376679	0.00000512	0x80	0x7F
SPI [1]	result	24.44377207	0.00000512	0x22	0xFF
SPI [1]	result	24.44417448	0.00000512	0x00	0x00
SPI [1]	result	24.44417976	0.00000512	0x00	0x00
SPI [1]	result	24.44418504	0.00000512	0x09	0x00
SPI [1]	result	24.44419032	0.00000512	0xA6	0x7F
SPI [1]	result	24.44459189	0.00000512	0x09	0x00
SPI [1]	result	24.44459717	0.00000512	0x00	0x00
SPI [1]	result	24.44460245	0.00000512	0x88	0x7F
SPI [1]	result	24.44460773	0.00000512	0x3A	0xFF
SPI [1]	result	24.44500875	0.00000512	0x00	0x00
SPI [1]	result	24.44501403	0.00000512	0x00	0x00
SPI [1]	result	24.44501931	0.00000512	0x00	0x00
SPI [1]	result	24.44502459	0.00000512	0x00	0x00
SPI [1]	result	24.44542594	0.00000512	0x08	0x00
SPI [1]	result	24.44543122	0.00000512	0x00	0x00
SPI [1]	result	24.44543650	0.00000512	0x89	0x07
SPI [1]	result	24.44544178	0.00000512	0xB8	0xFF
SPI [1]	result	24.48333531	0.00000512	0x00	0x00
SPI [1]	result	24.48334059	0.00000512	0x00	0x00
SPI [1]	result	24.48334587	0.00000512	0x08	0x00
SPI [1]	result	24.48335115	0.00000512	0x20	0x00
SPI [1]	result	24.48376493	0.00000512	0x0A	0x00
SPI [1]	result	24.48377021	0.00000512	0x10	0x1F
SPI [1]	result	24.48377549	0.00000512	0x80	0xFF
SPI [1]	result	24.48378077	0.00000512	0x32	0xFF
SPI [1]	result	24.48418244	0.00000512	0x00	0x00
SPI [1]	result	24.48418772	0.00000512	0x00	0x00
SPI [1]	result	24.48419300	0.00000512	0x00	0x00
SPI [1]	result	24.48419828	0.00000512	0x00	0x00
SPI [1]	result	24.48459933	0.00000512	0x08	0x00
SPI [1]	result	24.48460461	0.00000512	0x00	0x00
SPI [1]	result	24.48460989	0.00000512	0x88	0x07
SPI [1]	result	24.48461517	0.00000512	0x32	0xFF
SPI [1]	result	24.52333186	0.00000512	0x00	0x00
SPI [1]	result	24.52333714	0.00000512	0x00	0x00
SPI [1]	result	24.52334242	0.00000512	0x08	0x00
SPI [1]	result	24.52334770	0.00000512	0x20	0x11
SPI [1]	result	24.52374848	0.00000512	0x0B	0x00
SPI [1]	result	24.52375376	0.00000512	0x10	0x1F
SPI [1]	result	24.52375904	0.00000512	0x80	0xFF
SPI [1]	result	24.52376432	0.00000512	0x3A	0xFF
SPI [1]	result	24.52416600	0.00000512	0x00	0x00
SPI [1]	result	24.52417128	0.00000512	0x00	0x00
SPI [1]	result	24.52417656	0.00000512	0x00	0x00
SPI [1]	result	24.52418184	0.00000512	0x00	0x00
SPI [1]	result	24.52458295	0.00000512	0x08	0x00
SPI [1]	result	24.52458823	0.00000512	0x00	0x00
SPI [1]	result	24.52459351	0.00000512	0x88	0x07
SPI [1]	result	24.52459879	0.00000512	0x32	0xFF
SPI [1]	result	24.56333363	0.00000512	0x00	0x00
SPI [1]	result	24.56333891	0.00000512	0x00	0x00
SPI [1]	result	24.56334419	0.00000512	0x08	0x00
SPI [1]	result	24.56334947	0.00000512	0x20	0x10
SPI [1]	result	24.56375171	0.00000512	0x0C	0x00
SPI [1]	result	24.56375699	0.00000512	0x10	0x00
SPI [1]	result	24.56376227	0.00000512	0x80	0x7F
SPI [1]	result	24.56376755	0.00000512	0x02	0xE3
SPI [1]	result	24.56416861	0.00000512	0x00	0x00
SPI [1]	result	24.56417389	0.00000512	0x00	0x00
SPI [1]	result	24.56417917	0.00000512	0x09	0x00
SPI [1]	result	24.56418445	0.00000512	0xA6	0x7F
SPI [1]	result	24.56458522	0.00000512	0x0D	0x00
SPI [1]	result	24.56459050	0.00000512	0x00	0x00
SPI [1]	result	24.56459578	0.00000512	0x88	0x7F
SPI [1]	result	24.56460106	0.00000512	0x1A	0xFF
SPI [1]	result	24.56500406	0.00000512	0x00	0x00
SPI [1]	result	24.56500934	0.00000512	0x00	0x00
SPI [1]	result	24.56501462	0.00000512	0x00	0x00
SPI [1]	result	24.56501990	0.00000512	0x00	0x00
SPI [1]	result	24.56542094	0.00000512	0x08	0x00
SPI [1]	result	24.56542622	0.00000512	0x00	0x00
SPI [1]	result	24.56543150	0.00000512	0x89	0x0F
SPI [1]	result	24.56543678	0.00000512	0xB8	0xFF
SPI [1]	result	24.60333641	0.00000512	0x00	0x00
SPI [1]	result	24.60334169	0.00000512	0x00	0x00
SPI [1]	result	24.60334697	0.00000512	0x08	0x00
SPI [1]	result	24.60335225	0.00000512	0x20	0x10
SPI [1]	result	24.60377308	0.00000512	0x0E	0x00
SPI [1]	result	24.60377836	0.00000512	0x10	0x00
SPI [1]	result	24.60378364	0.00000512	0x80	0xFF
SPI [1]	result	24.60378892	0.00000512	0x12	0xFF
SPI [1]	result	24.60419434	0.00000512	0x00	0x00
SPI [1]	result	24.60419962	0.00000512	0x00	0x00
SPI [1]	result	24.60420490	0.00000512	0x00	0x00
SPI [1]	result	24.60421018	0.00000512	0x00	0x00
SPI [1]	result	24.60461616	0.00000512	0x08	0x00
SPI [1]	result	24.60462144	0.00000512	0x00	0x00
SPI [1]	result	24.60462672	0.00000512	0x88	0x07
SPI [1]	result	24.60463200	0.00000512	0x32	0xFF
SPI [1]	result	24.64333408	0.00000512	0x00	0x00
SPI [1]	result	24.64333936	0.00000512	0x00	0x00
SPI [1]	result	24.64334464	0.00000512	0x08	0x00
SPI [1]	result	24.64334992	0.00000512	0x20	0x10
SPI [1]	result	24.64375653	0.00000512	0x0F	0x00
SPI [1]	result	24.64376181	0.00000512	0x10	0x00
SPI [1]	result	24.64376709	0.00000512	0x80	0xFF
SPI [1]	result	24.64377237	0.00000512	0x1A	0xFF
SPI [1]	result	24.64417315	0.00000512	0x00	0x00
SPI [1]	result	24.64417843	0.00000512	0x00	0x00
SPI [1]	result	24.64418371	0.00000512	0x00	0x00
SPI [1]	result	24.64418899	0.00000512	0x00	0x00
SPI [1]	result	24.64458984	0.00000512	0x08	0x00
SPI [1]	result	24.64459512	0.00000512	0x00	0x00
SPI [1]	result	24.64460040	0.00000512	0x88	0x07
SPI [1]	result	24.64460568	0.00000512	0x32	0xFF
SPI [1]	result	24.68333450	0.00000512	0x00	0x00
SPI [1]	result	24.68333978	0.00000512	0x00	0x00
SPI [1]	result	24.68334506	0.00000512	0x08	0x00
SPI [1]	result	24.68335034	0.00000512	0x20	0x10
SPI [1]	result	24.68381382	0.00000512	0x08	0x00
SPI [1]	result	24.68381910	0.00000512	0x10	0x00
SPI [1]	result	24.68382438	0.00000512	0x80	0x7F
SPI [1]	result	24.68382966	0.00000512	0x22	0xFF
SPI [1]	result	24.68425099	0.00000512	0x00	0x00
SPI [1]	result	24.68425627	0.00000512	0x00	0x00
SPI [1]	result	24.68426155	0.00000512	0x09	0x00
SPI [1]	result	24.68426683	0.00000512	0xA6	0x7F
SPI [1]	result	24.68467022	0.00000512	0x09	0x00
SPI [1]	result	24.68467550	0.00000512	0x00	0x00
SPI [1]	result	24.68468078	0.00000512	0x88	0x7F
SPI [1]	result	24.68468606	0.00000512	0x3A	0xFF
SPI [1]	result	24.68508734	0.00000512	0x00	0x00
SPI [1]	result	24.68509262	0.00000512	0x00	0x00
SPI [1]	result	24.68509790	0.00000512	0x00	0x00
SPI [1]	result	24.68510318	0.00000512	0x00	0x00
SPI [1]	result	24.68550495	0.00000512	0x08	0x00
SPI [1]	result	24.68551023	0.00000512	0x00	0x00
SPI [1]	result	24.68551551	0.00000512	0x89	0x07
SPI [1]	result	24.68552079	0.00000512	0xB8	0xFF
SPI [1]	result	24.72333413	0.00000512	0x00	0x00
SPI [1]	result	24.72333941	0.00000512	0x00	0x00
SPI [1]	result	24.72334469	0.00000512	0x08	0x00
SPI [1]	result	24.72334997	0.00000512	0x20	0x14
SPI [1]	result	24.72375502	0.00000512	0x0A	0x00
SPI [1]	result	24.72376030	0.00000512	0x10	0x1F
SPI [1]	result	24.72376558	0.00000512	0x80	0xFF
SPI [1]	result	24.72377086	0.00000512	0x32	0xFF
SPI [1]	result	24.72417212	0.00000512	0x00	0x00
SPI [1]	result	24.72417740	0.00000512	0x00	0x00
SPI [1]	result	24.72418268	0.00000512	0x00	0x00
SPI [1]	result	24.72418796	0.00000512	0x00	0x00
SPI [1]	result	24.72458992	0.00000512	0x08	0x00
SPI [1]	result	24.72459520	0.00000512	0x00	0x00
SPI [1]	result	24.72460048	0.00000512	0x88	0x0F
SPI [1]	result	24.72460576	0.00000512	0x32	0xFF
SPI [1]	result	24.76333418	0.00000512	0x00	0x00
SPI [1]	result	24.76333946	0.00000512	0x00	0x00
SPI [1]	result	24.76334474	0.00000512	0x08	0x00
SPI [1]	result	24.76335002	0.00000512	0x20	0x10
SPI [1]	result	24.76375983	0.00000512	0x0B	0x00
SPI [1]	result	24.76376511	0.00000512	0x10	0x1F
SPI [1]	result	24.76377039	0.00000512	0x80	0xFF
SPI [1]	result	24.76377567	0.00000512	0x3A	0xFF
SPI [1]	result	24.76418135	0.00000512	0x00	0x00
SPI [1]	result	24.76418663	0.00000512	0x00	0x00
SPI [1]	result	24.76419191	0.00000512	0x00	0x00
SPI [1]	result	24.76419719	0.00000512	0x00	0x00
SPI [1]	result	24.76460910	0.00000512	0x08	0x00
SPI [1]	result	24.76461438	0.00000512	0x00	0x00
SPI [1]	result	24.76461966	0.00000512	0x88	0x07
SPI [1]	result	24.76462494	0.00000512	0x32	0xFF
SPI [1]	result	24.80333587	0.00000512	0x00	0x00
SPI [1]	result	24.80334115	0.00000512	0x00	0x00
SPI [1]	result	24.80334643	0.00000512	0x08	0x00
SPI [1]	result	24.80335171	0.00000512	0x20	0x10
SPI [1]	result	24.80375920	0.00000512	0x0C	0x00
SPI [1]	result	24.80376448	0.00000512	0x10	0x00
SPI [1]	result	24.80376976	0.00000512	0x80	0xFF
SPI [1]	result	24.80377504	0.00000512	0x02	0xFF
SPI [1]	result	24.80417663	0.00000512	0x00	0x00
SPI [1]	result	24.80418191	0.00000512	0x00	0x00
SPI [1]	result	24.80418719	0.00000512	0x09	0x00
SPI [1]	result	24.80419247	0.00000512	0xA6	0x7F
SPI [1]	result	24.80459422	0.00000512	0x0D	0x00
SPI [1]	result	24.80459950	0.00000512	0x00	0x00
SPI [1]	result	24.80460478	0.00000512	0x88	0x7F
SPI [1]	result	24.80461006	0.00000512	0x1A	0xFF
SPI [1]	result	24.80500901	0.00000512	0x00	0x00
SPI [1]	result	24.80501429	0.00000512	0x00	0x00
SPI [1]	result	24.80501957	0.00000512	0x00	0x00
SPI [1]	result	24.80502485	0.00000512	0x00	0x00
SPI [1]	result	24.80542577	0.00000512	0x08	0x00
SPI [1]	result	24.80543105	0.00000512	0x00	0x00
SPI [1]	result	24.80543633	0.00000512	0x89	0x07
SPI [1]	result	24.80544161	0.00000512	0xB8	0xFF
SPI [1]	result	24.84333616	0.00000512	0x00	0x00
SPI [1]	result	24.84334144	0.00000512	0x00	0x00
SPI [1]	result	24.84334672	0.00000512	0x08	0x00
SPI [1]	result	24.84335200	0.00000512	0x20	0x10
SPI [1]	result	24.84376630	0.00000512	0x0E	0x00
SPI [1]	result	24.84377158	0.00000512	0x10	0x00
SPI [1]	result	24.84377686	0.00000512	0x80	0x7F
SPI [1]	result	24.84378214	0.00000512	0x12	0xFF
SPI [1]	result	24.84418362	0.00000512	0x00	0x00
SPI [1]	result	24.84418890	0.00000512	0x00	0x00
SPI [1]	result	24.84419418	0.00000512	0x00	0x00
SPI [1]	result	24.84419946	0.00000512	0x00	0x00
SPI [1]	result	24.84460040	0.00000512	0x08	0x00
SPI [1]	result	24.84460568	0.00000512	0x00	0x00
SPI [1]	result	24.84461096	0.00000512	0x88	0x06
SPI [1]	result	24.84461624	0.00000512	0x32	0xFF
SPI [1]	result	24.88333640	0.00000512	0x00	0x00
SPI [1]	result	24.88334168	0.00000512	0x00	0x00
SPI [1]	result	24.88334696	0.00000512	0x08	0x00
SPI [1]	result	24.88335224	0.00000512	0x20	0x10
SPI [1]	result	24.88377022	0.00000512	0x0F	0x00
SPI [1]	result	24.88377550	0.00000512	0x10	0x00
SPI [1]	result	24.88378078	0.00000512	0x80	0xFF
SPI [1]	result	24.88378606	0.00000512	0x1A	0xFF
SPI [1]	result	24.88418871	0.00000512	0x00	0x00
SPI [1]	result	24.88419399	0.00000512	0x00	0x00
SPI [1]	result	24.88419927	0.00000512	0x00	0x00
SPI [1]	result	24.88420455	0.00000512	0x00	0x00
SPI [1]	result	24.88460621	0.00000512	0x08	0x00
SPI [1]	result	24.88461149	0.00000512	0x00	0x00
SPI [1]	result	24.88461677	0.00000512	0x88	0x07
SPI [1]	result	24.88462205	0.00000512	0x32	0xFF
SPI [1]	result	24.92334095	0.00000512	0x00	0x00
SPI [1]	result	24.92334623	0.00000512	0x00	0x00
SPI [1]	result	24.92335151	0.00000512	0x08	0x00
SPI [1]	result	24.92335679	0.00000512	0x20	0x10
SPI [1]	result	24.92377736	0.00000512	0x08	0x00
SPI [1]	result	24.92378264	0.00000512	0x10	0x00
SPI [1]	result	24.92378792	0.00000512	0x80	0x7F
SPI [1]	result	24.92379320	0.00000512	0x22	0xFF
SPI [1]	result	24.92419600	0.00000512	0x00	0x00
SPI [1]	result	24.92420128	0.00000512	0x00	0x00
SPI [1]	result	24.92420656	0.00000512	0x09	0x00
SPI [1]	result	24.92421184	0.00000512	0xA6	0x7F
SPI [1]	result	24.92461393	0.00000512	0x09	0x00
SPI [1]	result	24.92461921	0.00000512	0x00	0x00
SPI [1]	result	24.92462449	0.00000512	0x88	0x7F
SPI [1]	result	24.92462977	0.00000512	0x3A	0xFF
SPI [1]	result	24.92503141	0.00000512	0x00	0x00
SPI [1]	result	24.92503669	0.00000512	0x00	0x00
SPI [1]	result	24.92504197	0.00000512	0x00	0x00
SPI [1]	result	24.92504725	0.00000512	0x00	0x00
SPI [1]	result	24.92544931	0.00000512	0x08	0x00
SPI [1]	result	24.92545459	0.00000512	0x00	0x00
SPI [1]	result	24.92545987	0.00000512	0x89	0x07
SPI [1]	result	24.92546515	0.00000512	0xB8	0xFF
SPI [1]	result	24.96333546	0.00000512	0x00	0x00
SPI [1]	result	24.96334074	0.00000512	0x00	0x00
SPI [1]	result	24.96334602	0.00000512	0x08	0x00
SPI [1]	result	24.96335130	0.00000512	0x20	0x10
SPI [1]	result	24.96376632	0.00000512	0x0A	0x00
SPI [1]	result	24.96377160	0.00000512	0x10	0x1F
SPI [1]	result	24.96377688	0.00000512	0x80	0xFF
SPI [1]	result	24.96378216	0.00000512	0x32	0xFF
SPI [1]	result	24.96418434	0.00000512	0x00	0x00
SPI [1]	result	24.96418962	0.00000512	0x00	0x00
SPI [1]	result	24.96419490	0.00000512	0x00	0x00
SPI [1]	result	24.96420018	0.00000512	0x00	0x00
SPI [1]	result	24.96459894	0.00000512	0x08	0x00
SPI [1]	result	24.96460422	0.00000512	0x00	0x00
SPI [1]	result	24.96460950	0.00000512	0x88	0x07
SPI [1]	result	24.96461478	0.00000512	0x32	0xFF
SPI [1]	result	25.00333194	0.00000512	0x00	0x00
SPI [1]	result	25.00333722	0.00000512	0x00	0x00
SPI [1]	result	25.00334250	0.00000512	0x08	0x00
SPI [1]	result	25.00334778	0.00000512	0x20	0x10
SPI [1]	result	25.00375296	0.00000512	0x0B	0x00
SPI [1]	result	25.00375824	0.00000512	0x10	0x1F
SPI [1]	result	25.00376352	0.00000512	0x80	0xFF
SPI [1]	result	25.00376880	0.00000512	0x3A	0xFF
SPI [1]	result	25.00417021	0.00000512	0x00	0x00
SPI [1]	result	25.00417549	0.00000512	0x00	0x00
SPI [1]	result	25.00418077	0.00000512	0x00	0x00
SPI [1]	result	25.00418605	0.00000512	0x00	0x00
SPI [1]	result	25.00458677	0.00000512	0x08	0x00
SPI [1]	result	25.00459205	0.00000512	0x00	0x00
SPI [1]	result	25.00459733	0.00000512	0x88	0x0F
SPI [1]	result	25.00460261	0.00000512	0x32	0xFF
SPI [1]	result	25.04333630	0.00000512	0x00	0x00
SPI [1]	result	25.04334158	0.00000512	0x00	0x00
SPI [1]	result	25.04334686	0.00000512	0x08	0x00
SPI [1]	result	25.04335214	0.00000512	0x20	0x10
SPI [1]	result	25.04376701	0.00000512	0x0C	0x00
SPI [1]	result	25.04377229	0.00000512	0x10	0x00
SPI [1]	result	25.04377757	0.00000512	0x80	0xFF
SPI [1]	result	25.04378285	0.00000512	0x02	0xFB
SPI [1]	result	25.04425214	0.00000512	0x00	0x00
SPI [1]	result	25.04425742	0.00000512	0x00	0x00
SPI [1]	result	25.04426270	0.00000512	0x09	0x00
SPI [1]	result	25.04426798	0.00000512	0xA6	0x7F
SPI [1]	result	25.04468568	0.00000512	0x0D	0x00
SPI [1]	result	25.04469096	0.00000512	0x00	0x00
SPI [1]	result	25.04469624	0.00000512	0x88	0x7F
SPI [1]	result	25.04470152	0.00000512	0x1A	0xFF
SPI [1]	result	25.04510482	0.00000512	0x00	0x00
SPI [1]	result	25.04511010	0.00000512	0x00	0x00
SPI [1]	result	25.04511538	0.00000512	0x00	0x00
SPI [1]	result	25.04512066	0.00000512	0x00	0x00
SPI [1]	result	25.04551929	0.00000512	0x08	0x00
SPI [1]	result	25.04552457	0.00000512	0x00	0x00
SPI [1]	result	25.04552985	0.00000512	0x89	0x07
SPI [1]	result	25.04553513	0.00000512	0xB8	0xFF
SPI [1]	result	25.08333376	0.00000512	0x00	0x00
SPI [1]	result	25.08333904	0.00000512	0x00	0x00
SPI [1]	result	25.08334432	0.00000512	0x08	0x00
SPI [1]	result	25.08334960	0.00000512	0x20	0x00
SPI [1]	result	25.08375363	0.00000512	0x0E	0x00
SPI [1]	result	25.08375891	0.00000512	0x10	0x00
SPI [1]	result	25.08376419	0.00000512	0x80	0xFF
SPI [1]	result	25.08376947	0.00000512	0x12	0xFF
SPI [1]	result	25.08417153	0.00000512	0x00	0x00
SPI [1]	result	25.08417681	0.00000512	0x00	0x00
SPI [1]	result	25.08418209	0.00000512	0x00	0x00
SPI [1]	result	25.08418737	0.00000512	0x00	0x00
SPI [1]	result	25.08458850	0.00000512	0x08	0x00
SPI [1]	result	25.08459378	0.00000512	0x00	0x00
SPI [1]	result	25.08459906	0.00000512	0x88	0x0F
SPI [1]	result	25.08460434	0.00000512	0x32	0xFF
SPI [1]	result	25.12333497	0.00000512	0x00	0x00
SPI [1]	result	25.12334025	0.00000512	0x00	0x00
SPI [1]	result	25.12334553	0.00000512	0x08	0x00
SPI [1]	result	25.12335081	0.00000512	0x20	0x10
SPI [1]	result	25.12376481	0.00000512	0x0F	0x00
SPI [1]	result	25.12377009	0.00000512	0x10	0x00
SPI [1]	result	25.12377537	0.00000512	0x80	0x7F
SPI [1]	result	25.12378065	0.00000512	0x1A	0xFF
SPI [1]	result	25.12418306	0.00000512	0x00	0x00
SPI [1]	result	25.12418834	0.00000512	0x00	0x00
SPI [1]	result	25.12419362	0.00000512	0x00	0x00
SPI [1]	result	25.12419890	0.00000512	0x00	0x00
SPI [1]	result	25.12459979	0.00000512	0x08	0x00
SPI [1]	result	25.12460507	0.00000512	0x00	0x00
SPI [1]	result	25.12461035	0.00000512	0x88	0x07
SPI [1]	result	25.12461563	0.00000512	0x32	0xFF
SPI [1]	result	25.16333424	0.00000512	0x00	0x00
SPI [1]	result	25.16333952	0.00000512	0x00	0x00
SPI [1]	result	25.16334480	0.00000512	0x08	0x00
SPI [1]	result	25.16335008	0.00000512	0x20	0x00
SPI [1]	result	25.16375536	0.00000512	0x08	0x00
SPI [1]	result	25.16376064	0.00000512	0x10	0x00
SPI [1]	result	25.16376592	0.00000512	0x80	0x7F
SPI [1]	result	25.16377120	0.00000512	0x22	0xFF
SPI [1]	result	25.16417207	0.00000512	0x00	0x00
SPI [1]	result	25.16417735	0.00000512	0x00	0x00
SPI [1]	result	25.16418263	0.00000512	0x09	0x00
SPI [1]	result	25.16418791	0.00000512	0xA6	0x3F
SPI [1]	result	25.16458904	0.00000512	0x09	0x00
SPI [1]	result	25.16459432	0.00000512	0x00	0x00
SPI [1]	result	25.16459960	0.00000512	0x88	0x7F
SPI [1]	result	25.16460488	0.00000512	0x3A	0xFF
SPI [1]	result	25.16500627	0.00000512	0x00	0x00
SPI [1]	result	25.16501155	0.00000512	0x00	0x00
SPI [1]	result	25.16501683	0.00000512	0x00	0x00
SPI [1]	result	25.16502211	0.00000512	0x00	0x00
SPI [1]	result	25.16542275	0.00000512	0x08	0x00
SPI [1]	result	25.16542803	0.00000512	0x00	0x00
SPI [1]	result	25.16543331	0.00000512	0x89	0x0F
SPI [1]	result	25.16543859	0.00000512	0xB8	0xFF
SPI [1]	result	25.20333474	0.00000512	0x00	0x00
SPI [1]	result	25.20334002	0.00000512	0x00	0x00
SPI [1]	result	25.20334530	0.00000512	0x08	0x00
SPI [1]	result	25.20335058	0.00000512	0x20	0x00
SPI [1]	result	25.20376780	0.00000512	0x0A	0x00
SPI [1]	result	25.20377308	0.00000512	0x10	0x1F
SPI [1]	result	25.20377836	0.00000512	0x80	0xFF
SPI [1]	result	25.20378364	0.00000512	0x32	0xFF
SPI [1]	result	25.20418266	0.00000512	0x00	0x00
SPI [1]	result	25.20418794	0.00000512	0x00	0x00
SPI [1]	result	25.20419322	0.00000512	0x00	0x00
SPI [1]	result	25.20419850	0.00000512	0x00	0x00
SPI [1]	result	25.20459975	0.00000512	0x08	0x00
SPI [1]	result	25.20460503	0.00000512	0x00	0x00
SPI [1]	result	25.20461031	0.00000512	0x88	0x07
SPI [1]	result	25.20461559	0.00000512	0x32	0xFF
SPI [1]	result	25.24333232	0.00000512	0x00	0x00
SPI [1]	result	25.24333760	0.00000512	0x00	0x00
SPI [1]	result	25.24334288	0.00000512	0x08	0x00
SPI [1]	result	25.24334816	0.00000512	0x20	0x00
SPI [1]	result	25.24375563	0.00000512	0x0B	0x00
SPI [1]	result	25.24376091	0.00000512	0x10	0x1F
SPI [1]	result	25.24376619	0.00000512	0x80	0xFF
SPI [1]	result	25.24377147	0.00000512	0x3A	0xFF
SPI [1]	result	25.24417317	0.00000512	0x00	0x00
SPI [1]	result	25.24417845	0.00000512	0x00	0x00
SPI [1]	result	25.24418373	0.00000512	0x00	0x00
SPI [1]	result	25.24418901	0.00000512	0x00	0x00
SPI [1]	result	25.24458864	0.00000512	0x08	0x00
SPI [1]	result	25.24459392	0.00000512	0x00	0x00
SPI [1]	result	25.24459920	0.00000512	0x88	0x0F
SPI [1]	result	25.24460448	0.00000512	0x32	0xFF
SPI [1]	result	25.28333376	0.00000512	0x00	0x00
SPI [1]	result	25.28333904	0.00000512	0x00	0x00
SPI [1]	result	25.28334432	0.00000512	0x08	0x00
SPI [1]	result	25.28334960	0.00000512	0x20	0x10
SPI [1]	result	25.28375349	0.00000512	0x0C	0x00
SPI [1]	result	25.28375877	0.00000512	0x10	0x00
SPI [1]	result	25.28376405	0.00000512	0x80	0xFF
SPI [1]	result	25.28376933	0.00000512	0x02	0xF7
SPI [1]	result	25.28416866	0.00000512	0x00	0x00
SPI [1]	result	25.28417394	0.00000512	0x00	0x00
SPI [1]	result	25.28417922	0.00000512	0x09	0x00
SPI [1]	result	25.28418450	0.00000512	0xA6	0x7F
SPI [1]	result	25.28458565	0.00000512	0x0D	0x00
SPI [1]	result	25.28459093	0.00000512	0x00	0x00
SPI [1]	result	25.28459621	0.00000512	0x88	0x7F
SPI [1]	result	25.28460149	0.00000512	0x1A	0xFF
SPI [1]	result	25.28500236	0.00000512	0x00	0x00
SPI [1]	result	25.28500764	0.00000512	0x00	0x00
SPI [1]	result	25.28501292	0.00000512	0x00	0x00
SPI [1]	result	25.28501820	0.00000512	0x00	0x00
SPI [1]	result	25.28541951	0.00000512	0x08	0x00
SPI [1]	result	25.28542479	0.00000512	0x00	0x00
SPI [1]	result	25.28543007	0.00000512	0x89	0x0F
SPI [1]	result	25.28543535	0.00000512	0xB8	0xFF
SPI [1]	result	25.32333174	0.00000512	0x00	0x00
SPI [1]	result	25.32333702	0.00000512	0x00	0x00
SPI [1]	result	25.32334230	0.00000512	0x08	0x00
SPI [1]	result	25.32334758	0.00000512	0x20	0x10
SPI [1]	result	25.32375161	0.00000512	0x0E	0x00
SPI [1]	result	25.32375689	0.00000512	0x10	0x01
SPI [1]	result	25.32376217	0.00000512	0x80	0xFF
SPI [1]	result	25.32376745	0.00000512	0x12	0xFF
SPI [1]	result	25.32416912	0.00000512	0x00	0x00
SPI [1]	result	25.32417440	0.00000512	0x00	0x00
SPI [1]	result	25.32417968	0.00000512	0x00	0x00
SPI [1]	result	25.32418496	0.00000512	0x00	0x00
SPI [1]	result	25.32458574	0.00000512	0x08	0x00
SPI [1]	result	25.32459102	0.00000512	0x00	0x00
SPI [1]	result	25.32459630	0.00000512	0x88	0x07
SPI [1]	result	25.32460158	0.00000512	0x32	0xFF
SPI [1]	result	25.36333159	0.00000512	0x00	0x00
SPI [1]	result	25.36333687	0.00000512	0x00	0x00
SPI [1]	result	25.36334215	0.00000512	0x08	0x00
SPI [1]	result	25.36334743	0.00000512	0x20	0x10
SPI [1]	result	25.36375213	0.00000512	0x0F	0x00
SPI [1]	result	25.36375741	0.00000512	0x10	0x00
SPI [1]	result	25.36376269	0.00000512	0x80	0xFF
SPI [1]	result	25.36376797	0.00000512	0x1A	0xFF
SPI [1]	result	25.36416912	0.00000512	0x00	0x00
SPI [1]	result	25.36417440	0.00000512	0x00	0x00
SPI [1]	result	25.36417968	0.00000512	0x00	0x00
SPI [1]	result	25.36418496	0.00000512	0x00	0x00
SPI [1]	result	25.36458290	0.00000512	0x08	0x00
SPI [1]	result	25.36458818	0.00000512	0x00	0x00
SPI [1]	result	25.36459346	0.00000512	0x88	0x07
SPI [1]	result	25.36459874	0.00000512	0x32	0xFF
SPI [1]	result	25.40333353	0.00000512	0x00	0x00
SPI [1]	result	25.40333881	0.00000512	0x00	0x00
SPI [1]	result	25.40334409	0.00000512	0x08	0x00
SPI [1]	result	25.40334937	0.00000512	0x20	0x10
SPI [1]	result	25.40375227	0.00000512	0x08	0x00
SPI [1]	result	25.40375755	0.00000512	0x10	0x00
SPI [1]	result	25.40376283	0.00000512	0x80	0x7F
SPI [1]	result	25.40376811	0.00000512	0x22	0xFF
SPI [1]	result	25.40423157	0.00000512	0x00	0x00
SPI [1]	result	25.40423685	0.00000512	0x00	0x00
SPI [1]	result	25.40424213	0.00000512	0x09	0x00
SPI [1]	result	25.40424741	0.00000512	0xA6	0x7F
SPI [1]	result	25.40467015	0.00000512	0x09	0x00
SPI [1]	result	25.40467543	0.00000512	0x00	0x00
SPI [1]	result	25.40468071	0.00000512	0x88	0x7F
SPI [1]	result	25.40468599	0.00000512	0x3A	0xFF
SPI [1]	result	25.40509003	0.00000512	0x00	0x00
SPI [1]	result	25.40509531	0.00000512	0x00	0x00
SPI [1]	result	25.40510059	0.00000512	0x00	0x00
SPI [1]	result	25.40510587	0.00000512	0x00	0x00
SPI [1]	result	25.40550894	0.00000512	0x08	0x00
SPI [1]	result	25.40551422	0.00000512	0x00	0x00
SPI [1]	result	25.40551950	0.00000512	0x89	0x07
SPI [1]	result	25.40552478	0.00000512	0xB8	0xFF
SPI [1]	result	25.44333477	0.00000512	0x00	0x00
SPI [1]	result	25.44334005	0.00000512	0x00	0x00
SPI [1]	result	25.44334533	0.00000512	0x08	0x00
SPI [1]	result	25.44335061	0.00000512	0x20	0x00
SPI [1]	result	25.44376012	0.00000512	0x0A	0x00
SPI [1]	result	25.44376540	0.00000512	0x10	0x1F
SPI [1]	result	25.44377068	0.00000512	0x80	0xFF
SPI [1]	result	25.44377596	0.00000512	0x32	0xFF
SPI [1]	result	25.44417835	0.00000512	0x00	0x00
SPI [1]	result	25.44418363	0.00000512	0x00	0x00
SPI [1]	result	25.44418891	0.00000512	0x00	0x00
SPI [1]	result	25.44419419	0.00000512	0x00	0x00
SPI [1]	result	25.44459534	0.00000512	0x08	0x00
SPI [1]	result	25.44460062	0.00000512	0x00	0x00
SPI [1]	result	25.44460590	0.00000512	0x88	0x07
SPI [1]	result	25.44461118	0.00000512	0x32	0xFF
SPI [1]	result	25.48333439	0.00000512	0x00	0x00
SPI [1]	result	25.48333967	0.00000512	0x00	0x00
SPI [1]	result	25.48334495	0.00000512	0x08	0x00
SPI [1]	result	25.48335023	0.00000512	0x20	0x10
SPI [1]	result	25.48376558	0.00000512	0x0B	0x00
SPI [1]	result	25.48377086	0.00000512	0x10	0x1F
SPI [1]	result	25.48377614	0.00000512	0x80	0xFF
SPI [1]	result	25.48378142	0.00000512	0x3A	0xFF
SPI [1]	result	25.48418405	0.00000512	0x00	0x00
SPI [1]	result	25.48418933	0.00000512	0x00	0x00
SPI [1]	result	25.48419461	0.00000512	0x00	0x00
SPI [1]	result	25.48419989	0.00000512	0x00	0x00
SPI [1]	result	25.48459924	0.00000512	0x08	0x00
SPI [1]	result	25.48460452	0.00000512	0x00	0x00
SPI [1]	result	25.48460980	0.00000512	0x88	0x07
SPI [1]	result	25.48461508	0.00000512	0x32	0xFF
SPI [1]	result	25.52333441	0.00000512	0x00	0x00
SPI [1]	result	25.52333969	0.00000512	0x00	0x00
SPI [1]	result	25.52334497	0.00000512	0x08	0x00
SPI [1]	result	25.52335025	0.00000512	0x20	0x18
SPI [1]	result	25.52375562	0.00000512	0x0C	0x00
SPI [1]	result	25.52376090	0.00000512	0x10	0x00
SPI [1]	result	25.52376618	0.00000512	0x80	0x7F
SPI [1]	result	25.52377146	0.00000512	0x02	0xFF
SPI [1]	result	25.52417272	0.00000512	0x00	0x00
SPI [1]	result	25.52417800	0.00000512	0x00	0x00
SPI [1]	result	25.52418328	0.00000512	0x09	0x00
SPI [1]	result	25.52418856	0.00000512	0xA6	0x7F
SPI [1]	result	25.52458942	0.00000512	0x0D	0x00
SPI [1]	result	25.52459470	0.00000512	0x00	0x00
SPI [1]	result	25.52459998	0.00000512	0x88	0x7F
SPI [1]	result	25.52460526	0.00000512	0x1A	0xFF
SPI [1]	result	25.52500397	0.00000512	0x00	0x00
SPI [1]	result	25.52500925	0.00000512	0x00	0x00
SPI [1]	result	25.52501453	0.00000512	0x00	0x00
SPI [1]	result	25.52501981	0.00000512	0x00	0x00
SPI [1]	result	25.52542092	0.00000512	0x08	0x00
SPI [1]	result	25.52542620	0.00000512	0x00	0x00
SPI [1]	result	25.52543148	0.00000512	0x89	0x07
SPI [1]	result	25.52543676	0.00000512	0xB8	0xFF
SPI [1]	result	25.56333629	0.00000512	0x00	0x00
SPI [1]	result	25.56334157	0.00000512	0x00	0x00
SPI [1]	result	25.56334685	0.00000512	0x08	0x00
SPI [1]	result	25.56335213	0.00000512	0x20	0x12
SPI [1]	result	25.56376684	0.00000512	0x0E	0x00
SPI [1]	result	25.56377212	0.00000512	0x10	0x00
SPI [1]	result	25.56377740	0.00000512	0x80	0x7F
SPI [1]	result	25.56378268	0.00000512	0x12	0xFF
SPI [1]	result	25.56418451	0.00000512	0x00	0x00
SPI [1]	result	25.56418979	0.00000512	0x00	0x00
SPI [1]	result	25.56419507	0.00000512	0x00	0x00
SPI [1]	result	25.56420035	0.00000512	0x00	0x00
SPI [1]	result	25.56460155	0.00000512	0x08	0x00
SPI [1]	result	25.56460683	0.00000512	0x00	0x00
SPI [1]	result	25.56461211	0.00000512	0x88	0x07
SPI [1]	result	25.56461739	0.00000512	0x32	0xFF
SPI [1]	result	25.60333386	0.00000512	0x00	0x00
SPI [1]	result	25.60333914	0.00000512	0x00	0x00
SPI [1]	result	25.60334442	0.00000512	0x08	0x00
SPI [1]	result	25.60334970	0.00000512	0x20	0x00
SPI [1]	result	25.60376318	0.00000512	0x0F	0x00
SPI [1]	result	25.60376846	0.00000512	0x10	0x00
SPI [1]	result	25.60377374	0.00000512	0x80	0xFF
SPI [1]	result	25.60377902	0.00000512	0x1A	0xFF
SPI [1]	result	25.60419662	0.00000512	0x00	0x00
SPI [1]	result	25.60420190	0.00000512	0x00	0x00
SPI [1]	result	25.60420718	0.00000512	0x00	0x00
SPI [1]	result	25.60421246	0.00000512	0x00	0x00
SPI [1]	result	25.60461782	0.00000512	0x08	0x00
SPI [1]	result	25.60462310	0.00000512	0x00	0x00
SPI [1]	result	25.60462838	0.00000512	0x88	0x07
SPI [1]	result	25.60463366	0.00000512	0x32	0xFF
SPI [1]	result	25.64333849	0.00000512	0x00	0x00
SPI [1]	result	25.64334377	0.00000512	0x00	0x00
SPI [1]	result	25.64334905	0.00000512	0x08	0x00
SPI [1]	result	25.64335433	0.00000512	0x20	0x00
SPI [1]	result	25.64377007	0.00000512	0x08	0x00
SPI [1]	result	25.64377535	0.00000512	0x10	0x00
SPI [1]	result	25.64378063	0.00000512	0x80	0xFF
SPI [1]	result	25.64378591	0.00000512	0x22	0xFF
SPI [1]	result	25.64418774	0.00000512	0x00	0x00
SPI [1]	result	25.64419302	0.00000512	0x00	0x00
SPI [1]	result	25.64419830	0.00000512	0x09	0x00
SPI [1]	result	25.64420358	0.00000512	0xA6	0x7F
SPI [1]	result	25.64460482	0.00000512	0x09	0x00
SPI [1]	result	25.64461010	0.00000512	0x00	0x00
SPI [1]	result	25.64461538	0.00000512	0x88	0x7F
SPI [1]	result	25.64462066	0.00000512	0x3A	0xFF
SPI [1]	result	25.64502257	0.00000512	0x00	0x00
SPI [1]	result	25.64502785	0.00000512	0x00	0x00
SPI [1]	result	25.64503313	0.00000512	0x00	0x00
SPI [1]	result	25.64503841	0.00000512	0x00	0x00
SPI [1]	result	25.64543983	0.00000512	0x08	0x00
SPI [1]	result	25.64544511	0.00000512	0x00	0x00
SPI [1]	result	25.64545039	0.00000512	0x89	0x07
SPI [1]	result	25.64545567	0.00000512	0xB8	0xFF
SPI [1]	result	25.68333593	0.00000512	0x00	0x00
SPI [1]	result	25.68334121	0.00000512	0x00	0x00
SPI [1]	result	25.68334649	0.00000512	0x08	0x00
SPI [1]	result	25.68335177	0.00000512	0x20	0x10
SPI [1]	result	25.68377110	0.00000512	0x0A	0x00
SPI [1]	result	25.68377638	0.00000512	0x10	0x0F
SPI [1]	result	25.68378166	0.00000512	0x80	0xFF
SPI [1]	result	25.68378694	0.00000512	0x32	0xFF
SPI [1]	result	25.68418631	0.00000512	0x00	0x00
SPI [1]	result	25.68419159	0.00000512	0x00	0x00
SPI [1]	result	25.68419687	0.00000512	0x00	0x00
SPI [1]	result	25.68420215	0.00000512	0x00	0x00
SPI [1]	result	25.68460337	0.00000512	0x08	0x00
SPI [1]	result	25.68460865	0.00000512	0x00	0x00
SPI [1]	result	25.68461393	0.00000512	0x88	0x0F
SPI [1]	result	25.68461921	0.00000512	0x32	0xFF
SPI [1]	result	25.72333273	0.00000512	0x00	0x00
SPI [1]	result	25.72333801	0.00000512	0x00	0x00
SPI [1]	result	25.72334329	0.00000512	0x08	0x00
SPI [1]	result	25.72334857	0.00000512	0x20	0x00
SPI [1]	result	25.72375303	0.00000512	0x0B	0x00
SPI [1]	result	25.72375831	0.00000512	0x10	0x1F
SPI [1]	result	25.72376359	0.00000512	0x80	0xFF
SPI [1]	result	25.72376887	0.00000512	0x3A	0xFF
SPI [1]	result	25.72417001	0.00000512	0x00	0x00
SPI [1]	result	25.72417529	0.00000512	0x00	0x00
SPI [1]	result	25.72418057	0.00000512	0x00	0x00
SPI [1]	result	25.72418585	0.00000512	0x00	0x00
SPI [1]	result	25.72458435	0.00000512	0x08	0x00
SPI [1]	result	25.72458963	0.00000512	0x00	0x00
SPI [1]	result	25.72459491	0.00000512	0x88	0x07
SPI [1]	result	25.72460019	0.00000512	0x32	0xFF
SPI [1]	result	25.76333393	0.00000512	0x00	0x00
SPI [1]	result	25.76333921	0.00000512	0x00	0x00
SPI [1]	result	25.76334449	0.00000512	0x08	0x00
SPI [1]	result	25.76334977	0.00000512	0x20	0x00
SPI [1]	result	25.76375034	0.00000512	0x0C	0x00
SPI [1]	result	25.76375562	0.00000512	0x10	0x00
SPI [1]	result	25.76376090	0.00000512	0x80	0x7F
SPI [1]	result	25.76376618	0.00000512	0x02	0xFB
SPI [1]	result	25.76416729	0.00000512	0x00	0x00
SPI [1]	result	25.76417257	0.00000512	0x00	0x00
SPI [1]	result	25.76417785	0.00000512	0x09	0x00
SPI [1]	result	25.76418313	0.00000512	0xA6	0x7F
SPI [1]	result	25.76465525	0.00000512	0x0D	0x00
SPI [1]	result	25.76466053	0.00000512	0x00	0x00
SPI [1]	result	25.76466581	0.00000512	0x88	0x7F
SPI [1]	result	25.76467109	0.00000512	0x1A	0xFF
SPI [1]	result	25.76509419	0.00000512	0x00	0x00
SPI [1]	result	25.76509947	0.00000512	0x00	0x00
SPI [1]	result	25.76510475	0.00000512	0x00	0x00
SPI [1]	result	25.76511003	0.00000512	0x00	0x00
SPI [1]	result	25.76551364	0.00000512	0x08	0x00
SPI [1]	result	25.76551892	0.00000512	0x00	0x00
SPI [1]	result	25.76552420	0.00000512	0x89	0x07
SPI [1]	result	25.76552948	0.00000512	0xB8	0xFF
SPI [1]	result	25.80333520	0.00000512	0x00	0x00
SPI [1]	result	25.80334048	0.00000512	0x00	0x00
SPI [1]	result	25.80334576	0.00000512	0x08	0x00
SPI [1]	result	25.80335104	0.00000512	0x20	0x00
SPI [1]	result	25.80376393	0.00000512	0x0E	0x00
SPI [1]	result	25.80376921	0.00000512	0x10	0x00
SPI [1]	result	25.80377449	0.00000512	0x80	0x7F
SPI [1]	result	25.80377977	0.00000512	0x12	0xFF
SPI [1]	result	25.80418214	0.00000512	0x00	0x00
SPI [1]	result	25.80418742	0.00000512	0x00	0x00
SPI [1]	result	25.80419270	0.00000512	0x00	0x00
SPI [1]	result	25.80419798	0.00000512	0x00	0x00
SPI [1]	result	25.80459936	0.00000512	0x08	0x00
SPI [1]	result	25.80460464	0.00000512	0x00	0x00
SPI [1]	result	25.80460992	0.00000512	0x88	0x0F
SPI [1]	result	25.80461520	0.00000512	0x32	0xFF
SPI [1]	result	25.84333468	0.00000512	0x00	0x00
SPI [1]	result	25.84333996	0.00000512	0x00	0x00
SPI [1]	result	25.84334524	0.00000512	0x08	0x00
SPI [1]	result	25.84335052	0.00000512	0x20	0x10
SPI [1]	result	25.84376094	0.00000512	0x0F	0x00
SPI [1]	result	25.84376622	0.00000512	0x10	0x00
SPI [1]	result	25.84377150	0.00000512	0x80	0xFF
SPI [1]	result	25.84377678	0.00000512	0x1A	0xFF
SPI [1]	result	25.84417897	0.00000512	0x00	0x00
SPI [1]	result	25.84418425	0.00000512	0x00	0x00
SPI [1]	result	25.84418953	0.00000512	0x00	0x00
SPI [1]	result	25.84419481	0.00000512	0x00	0x00
SPI [1]	result	25.84459660	0.00000512	0x08	0x00
SPI [1]	result	25.84460188	0.00000512	0x00	0x00
SPI [1]	result	25.84460716	0.00000512	0x88	0x07
SPI [1]	result	25.84461244	0.00000512	0x32	0xFF
SPI [1]	result	25.88333632	0.00000512	0x00	0x00
SPI [1]	result	25.88334160	0.00000512	0x00	0x00
SPI [1]	result	25.88334688	0.00000512	0x08	0x00
SPI [1]	result	25.88335216	0.00000512	0x20	0x10
SPI [1]	result	25.88376490	0.00000512	0x08	0x00
SPI [1]	result	25.88377018	0.00000512	0x10	0x00
SPI [1]	result	25.88377546	0.00000512	0x80	0x7F
SPI [1]	result	25.88378074	0.00000512	0x22	0xFF
SPI [1]	result	25.88418391	0.00000512	0x00	0x00
SPI [1]	result	25.88418919	0.00000512	0x00	0x00
SPI [1]	result	25.88419447	0.00000512	0x09	0x00
SPI [1]	result	25.88419975	0.00000512	0xA6	0x7F
SPI [1]	result	25.88460077	0.00000512	0x09	0x00
SPI [1]	result	25.88460605	0.00000512	0x00	0x00
SPI [1]	result	25.88461133	0.00000512	0x88	0x7F
SPI [1]	result	25.88461661	0.00000512	0x3A	0xFF
SPI [1]	result	25.88501529	0.00000512	0x00	0x00
SPI [1]	result	25.88502057	0.00000512	0x00	0x00
SPI [1]	result	25.88502585	0.00000512	0x00	0x00
SPI [1]	result	25.88503113	0.00000512	0x00	0x00
SPI [1]	result	25.88543235	0.00000512	0x08	0x00
SPI [1]	result	25.88543763	0.00000512	0x00	0x00
SPI [1]	result	25.88544291	0.00000512	0x89	0x07
SPI [1]	result	25.88544819	0.00000512	0xB8	0xFF
SPI [1]	result	25.92333910	0.00000512	0x00	0x00
SPI [1]	result	25.92334438	0.00000512	0x00	0x00
SPI [1]	result	25.92334966	0.00000512	0x08	0x00
SPI [1]	result	25.92335494	0.00000512	0x20	0x00
SPI [1]	result	25.92377810	0.00000512	0x0A	0x00
SPI [1]	result	25.92378338	0.00000512	0x10	0x1F
SPI [1]	result	25.92378866	0.00000512	0x80	0xFF
SPI [1]	result	25.92379394	0.00000512	0x32	0xFF
SPI [1]	result	25.92419731	0.00000512	0x00	0x00
SPI [1]	result	25.92420259	0.00000512	0x00	0x00
SPI [1]	result	25.92420787	0.00000512	0x00	0x00
SPI [1]	result	25.92421315	0.00000512	0x00	0x00
SPI [1]	result	25.92461441	0.00000512	0x08	0x00
SPI [1]	result	25.92461969	0.00000512	0x00	0x00
SPI [1]	result	25.92462497	0.00000512	0x88	0x07
SPI [1]	result	25.92463025	0.00000512	0x32	0xFF
SPI [1]	result	25.96333306	0.00000512	0x00	0x00
SPI [1]	result	25.96333834	0.00000512	0x00	0x00
SPI [1]	result	25.96334362	0.00000512	0x08	0x00
SPI [1]	result	25.96334890	0.00000512	0x20	0x10
SPI [1]	result	25.96375242	0.00000512	0x0B	0x00
SPI [1]	result	25.96375770	0.00000512	0x10	0x1F
SPI [1]	result	25.96376298	0.00000512	0x80	0xFF
SPI [1]	result	25.96376826	0.00000512	0x3A	0xFF
SPI [1]	result	25.96417083	0.00000512	0x00	0x00
SPI [1]	result	25.96417611	0.00000512	0x00	0x00
SPI [1]	result	25.96418139	0.00000512	0x00	0x00
SPI [1]	result	25.96418667	0.00000512	0x00	0x00
SPI [1]	result	25.96458846	0.00000512	0x08	0x00
SPI [1]	result	25.96459374	0.00000512	0x00	0x00
SPI [1]	result	25.96459902	0.00000512	0x88	0x07
SPI [1]	result	25.96460430	0.00000512	0x32	0xFF
SPI [1]	result	26.00333409	0.00000512	0x00	0x00
SPI [1]	result	26.00333937	0.00000512	0x00	0x00
SPI [1]	result	26.00334465	0.00000512	0x08	0x00
SPI [1]	result	26.00334993	0.00000512	0x20	0x10
SPI [1]	result	26.00375395	0.00000512	0x0C	0x00
SPI [1]	result	26.00375923	0.00000512	0x10	0x00
SPI [1]	result	26.00376451	0.00000512	0x80	0xFF
SPI [1]	result	26.00376979	0.00000512	0x02	0xFF
SPI [1]	result	26.00417155	0.00000512	0x00	0x00
SPI [1]	result	26.00417683	0.00000512	0x00	0x00
SPI [1]	result	26.00418211	0.00000512	0x09	0x00
SPI [1]	result	26.00418739	0.00000512	0xA6	0x7F
SPI [1]	result	26.00458617	0.00000512	0x0D	0x00
SPI [1]	result	26.00459145	0.00000512	0x00	0x00
SPI [1]	result	26.00459673	0.00000512	0x88	0x7F
SPI [1]	result	26.00460201	0.00000512	0x1A	0xFF
SPI [1]	result	26.00500304	0.00000512	0x00	0x00
SPI [1]	result	26.00500832	0.00000512	0x00	0x00
SPI [1]	result	26.00501360	0.00000512	0x00	0x00
SPI [1]	result	26.00501888	0.00000512	0x00	0x00
SPI [1]	result	26.00542029	0.00000512	0x08	0x00
SPI [1]	result	26.00542557	0.00000512	0x00	0x00
SPI [1]	result	26.00543085	0.00000512	0x89	0x0F
SPI [1]	result	26.00543613	0.00000512	0xB8	0xFF
SPI [1]	result	26.04333231	0.00000512	0x00	0x00
SPI [1]	result	26.04333759	0.00000512	0x00	0x00
SPI [1]	result	26.04334287	0.00000512	0x08	0x00
SPI [1]	result	26.04334815	0.00000512	0x20	0x18
SPI [1]	result	26.04375556	0.00000512	0x0E	0x00
SPI [1]	result	26.04376084	0.00000512	0x10	0x00
SPI [1]	result	26.04376612	0.00000512	0x80	0xFF
SPI [1]	result	26.04377140	0.00000512	0x12	0xFF
SPI [1]	result	26.04416969	0.00000512	0x00	0x00
SPI [1]	result	26.04417497	0.00000512	0x00	0x00
SPI [1]	result	26.04418025	0.00000512	0x00	0x00
SPI [1]	result	26.04418553	0.00000512	0x00	0x00
SPI [1]	result	26.04458659	0.00000512	0x08	0x00
SPI [1]	result	26.04459187	0.00000512	0x00	0x00
SPI [1]	result	26.04459715	0.00000512	0x88	0x07
SPI [1]	result	26.04460243	0.00000512	0x32	0xFF
SPI [1]	result	26.08333179	0.00000512	0x00	0x00
SPI [1]	result	26.08333707	0.00000512	0x00	0x00
SPI [1]	result	26.08334235	0.00000512	0x08	0x00
SPI [1]	result	26.08334763	0.00000512	0x20	0x00
SPI [1]	result	26.08375105	0.00000512	0x0F	0x00
SPI [1]	result	26.08375633	0.00000512	0x10	0x00
SPI [1]	result	26.08376161	0.00000512	0x80	0xFF
SPI [1]	result	26.08376689	0.00000512	0x1A	0xDF
SPI [1]	result	26.08417221	0.00000512	0x00	0x00
SPI [1]	result	26.08417749	0.00000512	0x00	0x00
SPI [1]	result	26.08418277	0.00000512	0x00	0x00
SPI [1]	result	26.08418805	0.00000512	0x00	0x00
SPI [1]	result	26.08458625	0.00000512	0x08	0x00
SPI [1]	result	26.08459153	0.00000512	0x00	0x00
SPI [1]	result	26.08459681	0.00000512	0x88	0x07
SPI [1]	result	26.08460209	0.00000512	0x32	0xFF
SPI [1]	result	26.12333323	0.00000512	0x00	0x00
SPI [1]	result	26.12333851	0.00000512	0x00	0x00
SPI [1]	result	26.12334379	0.00000512	0x08	0x00
SPI [1]	result	26.12334907	0.00000512	0x20	0x10
SPI [1]	result	26.12375233	0.00000512	0x08	0x00
SPI [1]	result	26.12375761	0.00000512	0x10	0x00
SPI [1]	result	26.12376289	0.00000512	0x80	0x7F
SPI [1]	result	26.12376817	0.00000512	0x22	0xFF
SPI [1]	result	26.12416939	0.00000512	0x00	0x00
SPI [1]	result	26.12417467	0.00000512	0x00	0x00
SPI [1]	result	26.12417995	0.00000512	0x09	0x00
SPI [1]	result	26.12418523	0.00000512	0xA6	0x7F
SPI [1]	result	26.12464265	0.00000512	0x09	0x00
SPI [1]	result	26.12464793	0.00000512	0x00	0x00
SPI [1]	result	26.12465321	0.00000512	0x88	0x7F
SPI [1]	result	26.12465849	0.00000512	0x3A	0xFF
SPI [1]	result	26.12507321	0.00000512	0x00	0x00
SPI [1]	result	26.12507849	0.00000512	0x00	0x00
SPI [1]	result	26.12508377	0.00000512	0x00	0x00
SPI [1]	result	26.12508905	0.00000512	0x00	0x00
SPI [1]	result	26.12549133	0.00000512	0x08	0x00
SPI [1]	result	26.12549661	0.00000512	0x00	0x00
SPI [1]	result	26.12550189	0.00000512	0x89	0x07
SPI [1]	result	26.12550717	0.00000512	0xB8	0xFF
SPI [1]	result	26.16333371	0.00000512	0x00	0x00
SPI [1]	result	26.16333899	0.00000512	0x00	0x00
SPI [1]	result	26.16334427	0.00000512	0x08	0x00
SPI [1]	result	26.16334955	0.00000512	0x20	0x10
SPI [1]	result	26.16375347	0.00000512	0x0A	0x00
SPI [1]	result	26.16375875	0.00000512	0x10	0x1F
SPI [1]	result	26.16376403	0.00000512	0x80	0xFF
SPI [1]	result	26.16376931	0.00000512	0x32	0xFF
SPI [1]	result	26.16417042	0.00000512	0x00	0x00
SPI [1]	result	26.16417570	0.00000512	0x00	0x00
SPI [1]	result	26.16418098	0.00000512	0x00	0x00
SPI [1]	result	26.16418626	0.00000512	0x00	0x00
SPI [1]	result	26.16458765	0.00000512	0x08	0x00
SPI [1]	result	26.16459293	0.00000512	0x00	0x00
SPI [1]	result	26.16459821	0.00000512	0x88	0x07
SPI [1]	result	26.16460349	0.00000512	0x32	0xFF
SPI [1]	result	26.20333430	0.00000512	0x00	0x00
SPI [1]	result	26.20333958	0.00000512	0x00	0x00
SPI [1]	result	26.20334486	0.00000512	0x08	0x00
SPI [1]	result	26.20335014	0.00000512	0x20	0x00
SPI [1]	result	26.20376449	0.00000512	0x0B	0x00
SPI [1]	result	26.20376977	0.00000512	0x10	0x1F
SPI [1]	result	26.20377505	0.00000512	0x80	0xFF
SPI [1]	result	26.20378033	0.00000512	0x3A	0xFF
SPI [1]	result	26.20418251	0.00000512	0x00	0x00
SPI [1]	result	26.20418779	0.00000512	0x00	0x00
SPI [1]	result	26.20419307	0.00000512	0x00	0x00
SPI [1]	result	26.20419835	0.00000512	0x00	0x00
SPI [1]	result	26.20460052	0.00000512	0x08	0x00
SPI [1]	result	26.20460580	0.00000512	0x00	0x00
SPI [1]	result	26.20461108	0.00000512	0x88	0x07
SPI [1]	result	26.20461636	0.00000512	0x32	0xFF
SPI [1]	result	26.24333437	0.00000512	0x00	0x00
SPI [1]	result	26.24333965	0.00000512	0x00	0x00
SPI [1]	result	26.24334493	0.00000512	0x08	0x00
SPI [1]	result	26.24335021	0.00000512	0x20	0x10
SPI [1]	result	26.24375410	0.00000512	0x0C	0x00
SPI [1]	result	26.24375938	0.00000512	0x10	0x00
SPI [1]	result	26.24376466	0.00000512	0x80	0xFF
SPI [1]	result	26.24376994	0.00000512	0x02	0xFB
SPI [1]	result	26.24416879	0.00000512	0x00	0x00
SPI [1]	result	26.24417407	0.00000512	0x00	0x00
SPI [1]	result	26.24417935	0.00000512	0x09	0x00
SPI [1]	result	26.24418463	0.00000512	0xA6	0x7F
SPI [1]	result	26.24458594	0.00000512	0x0D	0x00
SPI [1]	result	26.24459122	0.00000512	0x00	0x08
SPI [1]	result	26.24459650	0.00000512	0x88	0x7F
SPI [1]	result	26.24460178	0.00000512	0x1A	0xFF
SPI [1]	result	26.24500243	0.00000512	0x00	0x00
SPI [1]	result	26.24500771	0.00000512	0x00	0x00
SPI [1]	result	26.24501299	0.00000512	0x00	0x00
SPI [1]	result	26.24501827	0.00000512	0x00	0x00
SPI [1]	result	26.24541917	0.00000512	0x08	0x00
SPI [1]	result	26.24542445	0.00000512	0x00	0x00
SPI [1]	result	26.24542973	0.00000512	0x89	0x07
SPI [1]	result	26.24543501	0.00000512	0xB8	0xFF
SPI [1]	result	26.28333477	0.00000512	0x00	0x00
SPI [1]	result	26.28334005	0.00000512	0x00	0x00
SPI [1]	result	26.28334533	0.00000512	0x08	0x00
SPI [1]	result	26.28335061	0.00000512	0x20	0x10
SPI [1]	result	26.28376230	0.00000512	0x0E	0x00
SPI [1]	result	26.28376758	0.00000512	0x10	0x00
SPI [1]	result	26.28377286	0.00000512	0x80	0xFF
SPI [1]	result	26.28377814	0.00000512	0x12	0xFF
SPI [1]	result	26.28418069	0.00000512	0x00	0x00
SPI [1]	result	26.28418597	0.00000512	0x00	0x00
SPI [1]	result	26.28419125	0.00000512	0x00	0x00
SPI [1]	result	26.28419653	0.00000512	0x00	0x00
SPI [1]	result	26.28459790	0.00000512	0x08	0x00
SPI [1]	result	26.28460318	0.00000512	0x00	0x00
SPI [1]	result	26.28460846	0.00000512	0x88	0x07
SPI [1]	result	26.28461374	0.00000512	0x32	0xFF
SPI [1]	result	26.32333201	0.00000512	0x00	0x00
SPI [1]	result	26.32333729	0.00000512	0x00	0x00
SPI [1]	result	26.32334257	0.00000512	0x08	0x00
SPI [1]	result	26.32334785	0.00000512	0x20	0x10
SPI [1]	result	26.32375085	0.00000512	0x0F	0x00
SPI [1]	result	26.32375613	0.00000512	0x10	0x00
SPI [1]	result	26.32376141	0.00000512	0x80	0xFF
SPI [1]	result	26.32376669	0.00000512	0x1A	0xFF
SPI [1]	result	26.32416886	0.00000512	0x00	0x00
SPI [1]	result	26.32417414	0.00000512	0x00	0x00
SPI [1]	result	26.32417942	0.00000512	0x00	0x00
SPI [1]	result	26.32418470	0.00000512	0x00	0x00
SPI [1]	result	26.32458621	0.00000512	0x08	0x00
SPI [1]	result	26.32459149	0.00000512	0x00	0x00
SPI [1]	result	26.32459677	0.00000512	0x88	0x07
SPI [1]	result	26.32460205	0.00000512	0x32	0xFF
SPI [1]	result	26.36333325	0.00000512	0x00	0x00
SPI [1]	result	26.36333853	0.00000512	0x00	0x00
SPI [1]	result	26.36334381	0.00000512	0x08	0x00
SPI [1]	result	26.36334909	0.00000512	0x20	0x10
SPI [1]	result	26.36374918	0.00000512	0x08	0x00
SPI [1]	result	26.36375446	0.00000512	0x10	0x00
SPI [1]	result	26.36375974	0.00000512	0x80	0xFF
SPI [1]	result	26.36376502	0.00000512	0x22	0xFF
SPI [1]	result	26.36416658	0.00000512	0x00	0x00
SPI [1]	result	26.36417186	0.00000512	0x00	0x00
SPI [1]	result	26.36417714	0.00000512	0x09	0x00
SPI [1]	result	26.36418242	0.00000512	0xA6	0x7F
SPI [1]	result	26.36458329	0.00000512	0x09	0x00
SPI [1]	result	26.36458857	0.00000512	0x00	0x00
SPI [1]	result	26.36459385	0.00000512	0x88	0x7F
SPI [1]	result	26.36459913	0.00000512	0x3A	0xFF
SPI [1]	result	26.36500002	0.00000512	0x00	0x00
SPI [1]	result	26.36500530	0.00000512	0x00	0x00
SPI [1]	result	26.36501058	0.00000512	0x00	0x00
SPI [1]	result	26.36501586	0.00000512	0x00	0x00
SPI [1]	result	26.36541747	0.00000512	0x08	0x00
SPI [1]	result	26.36542275	0.00000512	0x00	0x00
SPI [1]	result	26.36542803	0.00000512	0x89	0x07
SPI [1]	result	26.36543331	0.00000512	0xB8	0xFF
SPI [1]	result	26.40333138	0.00000512	0x00	0x00
SPI [1]	result	26.40333666	0.00000512	0x00	0x00
SPI [1]	result	26.40334194	0.00000512	0x08	0x00
SPI [1]	result	26.40334722	0.00000512	0x20	0x00
SPI [1]	result	26.40374829	0.00000512	0x0A	0x00
SPI [1]	result	26.40375357	0.00000512	0x10	0x1F
SPI [1]	result	26.40375885	0.00000512	0x80	0xFF
SPI [1]	result	26.40376413	0.00000512	0x32	0xFF
SPI [1]	result	26.40416519	0.00000512	0x00	0x00
SPI [1]	result	26.40417047	0.00000512	0x00	0x00
SPI [1]	result	26.40417575	0.00000512	0x00	0x00
SPI [1]	result	26.40418103	0.00000512	0x00	0x00
SPI [1]	result	26.40458173	0.00000512	0x08	0x00
SPI [1]	result	26.40458701	0.00000512	0x00	0x00
SPI [1]	result	26.40459229	0.00000512	0x88	0x07
SPI [1]	result	26.40459757	0.00000512	0x32	0xFF
SPI [1]	result	26.44333223	0.00000512	0x00	0x00
SPI [1]	result	26.44333751	0.00000512	0x00	0x00
SPI [1]	result	26.44334279	0.00000512	0x08	0x00
SPI [1]	result	26.44334807	0.00000512	0x20	0x10
SPI [1]	result	26.44375574	0.00000512	0x0B	0x00
SPI [1]	result	26.44376102	0.00000512	0x10	0x1F
SPI [1]	result	26.44376630	0.00000512	0x80	0xFF
SPI [1]	result	26.44377158	0.00000512	0x3A	0xFF
SPI [1]	result	26.44417304	0.00000512	0x00	0x00
SPI [1]	result	26.44417832	0.00000512	0x00	0x00
SPI [1]	result	26.44418360	0.00000512	0x00	0x00
SPI [1]	result	26.44418888	0.00000512	0x00	0x00
SPI [1]	result	26.44458714	0.00000512	0x08	0x00
SPI [1]	result	26.44459242	0.00000512	0x00	0x00
SPI [1]	result	26.44459770	0.00000512	0x88	0x07
SPI [1]	result	26.44460298	0.00000512	0x32	0xFF
SPI [1]	result	26.48333338	0.00000512	0x00	0x00
SPI [1]	result	26.48333866	0.00000512	0x00	0x00
SPI [1]	result	26.48334394	0.00000512	0x08	0x00
SPI [1]	result	26.48334922	0.00000512	0x20	0x10
SPI [1]	result	26.48375444	0.00000512	0x0C	0x00
SPI [1]	result	26.48375972	0.00000512	0x10	0x00
SPI [1]	result	26.48376500	0.00000512	0x80	0x7F
SPI [1]	result	26.48377028	0.00000512	0x02	0xF7
SPI [1]	result	26.48417165	0.00000512	0x00	0x00
SPI [1]	result	26.48417693	0.00000512	0x00	0x00
SPI [1]	result	26.48418221	0.00000512	0x09	0x00
SPI [1]	result	26.48418749	0.00000512	0xA6	0x7F
SPI [1]	result	26.48458827	0.00000512	0x0D	0x00
SPI [1]	result	26.48459355	0.00000512	0x00	0x00
SPI [1]	result	26.48459883	0.00000512	0x88	0x7F
SPI [1]	result	26.48460411	0.00000512	0x1A	0xFF
SPI [1]	result	26.48506516	0.00000512	0x00	0x00
SPI [1]	result	26.48507044	0.00000512	0x00	0x00
SPI [1]	result	26.48507572	0.00000512	0x00	0x00
SPI [1]	result	26.48508100	0.00000512	0x00	0x00
SPI [1]	result	26.48549928	0.00000512	0x08	0x00
SPI [1]	result	26.48550456	0.00000512	0x00	0x00
SPI [1]	result	26.48550984	0.00000512	0x89	0x0F
SPI [1]	result	26.48551512	0.00000512	0xB8	0xFF
SPI [1]	result	26.52333418	0.00000512	0x00	0x00
SPI [1]	result	26.52333946	0.00000512	0x00	0x00
SPI [1]	result	26.52334474	0.00000512	0x08	0x00
SPI [1]	result	26.52335002	0.00000512	0x20	0x10
SPI [1]	result	26.52375196	0.00000512	0x0E	0x00
SPI [1]	result	26.52375724	0.00000512	0x10	0x00
SPI [1]	result	26.52376252	0.00000512	0x80	0xFF
SPI [1]	result	26.52376780	0.00000512	0x12	0xFF
SPI [1]	result	26.52416910	0.00000512	0x00	0x00
SPI [1]	result	26.52417438	0.00000512	0x00	0x00
SPI [1]	result	26.52417966	0.00000512	0x00	0x00
SPI [1]	result	26.52418494	0.00000512	0x00	0x00
SPI [1]	result	26.52458612	0.00000512	0x08	0x00
SPI [1]	result	26.52459140	0.00000512	0x00	0x00
SPI [1]	result	26.52459668	0.00000512	0x88	0x07
SPI [1]	result	26.52460196	0.00000512	0x32	0xFF
SPI [1]	result	26.56333468	0.00000512	0x00	0x00
SPI [1]	result	26.56333996	0.00000512	0x00	0x00
SPI [1]	result	26.56334524	0.00000512	0x08	0x00
SPI [1]	result	26.56335052	0.00000512	0x20	0x10
SPI [1]	result	26.56376700	0.00000512	0x0F	0x00
SPI [1]	result	26.56377228	0.00000512	0x10	0x08
SPI [1]	result	26.56377756	0.00000512	0x80	0xFF
SPI [1]	result	26.56378284	0.00000512	0x1A	0xFF
SPI [1]	result	26.56418280	0.00000512	0x00	0x00
SPI [1]	result	26.56418808	0.00000512	0x00	0x00
SPI [1]	result	26.56419336	0.00000512	0x00	0x00
SPI [1]	result	26.56419864	0.00000512	0x00	0x00
SPI [1]	result	26.56460014	0.00000512	0x08	0x00
SPI [1]	result	26.56460542	0.00000512	0x00	0x00
SPI [1]	result	26.56461070	0.00000512	0x88	0x0F
SPI [1]	result	26.56461598	0.00000512	0x32	0xFF
SPI [1]	result	26.60333416	0.00000512	0x00	0x00
SPI [1]	result	26.60333944	0.00000512	0x00	0x00
SPI [1]	result	26.60334472	0.00000512	0x08	0x00
SPI [1]	result	26.60335000	0.00000512	0x20	0x10
SPI [1]	result	26.60375159	0.00000512	0x08	0x00
SPI [1]	result	26.60375687	0.00000512	0x10	0x00
SPI [1]	result	26.60376215	0.00000512	0x80	0xFF
SPI [1]	result	26.60376743	0.00000512	0x22	0xFF
SPI [1]	result	26.60417156	0.00000512	0x00	0x00
SPI [1]	result	26.60417684	0.00000512	0x00	0x00
SPI [1]	result	26.60418212	0.00000512	0x09	0x00
SPI [1]	result	26.60418740	0.00000512	0xA6	0x3F
SPI [1]	result	26.60459312	0.00000512	0x09	0x00
SPI [1]	result	26.60459840	0.00000512	0x00	0x00
SPI [1]	result	26.60460368	0.00000512	0x88	0x7F
SPI [1]	result	26.60460896	0.00000512	0x3A	0xFF
SPI [1]	result	26.60502737	0.00000512	0x00	0x00
SPI [1]	result	26.60503265	0.00000512	0x00	0x00
SPI [1]	result	26.60503793	0.00000512	0x00	0x00
SPI [1]	result	26.60504321	0.00000512	0x00	0x00
SPI [1]	result	26.60544989	0.00000512	0x08	0x00
SPI [1]	result	26.60545517	0.00000512	0x00	0x00
SPI [1]	result	26.60546045	0.00000512	0x89	0x0F
SPI [1]	result	26.60546573	0.00000512	0xB8	0xFF
SPI [1]	result	26.64333694	0.00000512	0x00	0x00
SPI [1]	result	26.64334222	0.00000512	0x00	0x00
SPI [1]	result	26.64334750	0.00000512	0x08	0x00
SPI [1]	result	26.64335278	0.00000512	0x20	0x00
SPI [1]	result	26.64377492	0.00000512	0x0A	0x00
SPI [1]	result	26.64378020	0.00000512	0x10	0x0F
SPI [1]	result	26.64378548	0.00000512	0x80	0xFF
SPI [1]	result	26.64379076	0.00000512	0x32	0xFF
SPI [1]	result	26.64419282	0.00000512	0x00	0x00
SPI [1]	result	26.64419810	0.00000512	0x00	0x00
SPI [1]	result	26.64420338	0.00000512	0x00	0x00
SPI [1]	result	26.64420866	0.00000512	0x00	0x00
SPI [1]	result	26.64461147	0.00000512	0x08	0x00
SPI [1]	result	26.64461675	0.00000512	0x00	0x00
SPI [1]	result	26.64462203	0.00000512	0x88	0x0F
SPI [1]	result	26.64462731	0.00000512	0x32	0xFF
SPI [1]	result	26.68333268	0.00000512	0x00	0x00
SPI [1]	result	26.68333796	0.00000512	0x00	0x00
SPI [1]	result	26.68334324	0.00000512	0x08	0x00
SPI [1]	result	26.68334852	0.00000512	0x20	0x10
SPI [1]	result	26.68375363	0.00000512	0x0B	0x00
SPI [1]	result	26.68375891	0.00000512	0x10	0x1F
SPI [1]	result	26.68376419	0.00000512	0x80	0xFF
SPI [1]	result	26.68376947	0.00000512	0x3A	0xFF
SPI [1]	result	26.68417121	0.00000512	0x00	0x00
SPI [1]	result	26.68417649	0.00000512	0x00	0x00
SPI [1]	result	26.68418177	0.00000512	0x00	0x00
SPI [1]	result	26.68418705	0.00000512	0x00	0x00
SPI [1]	result	26.68458997	0.00000512	0x08	0x00
SPI [1]	result	26.68459525	0.00000512	0x00	0x00
SPI [1]	result	26.68460053	0.00000512	0x88	0x0F
SPI [1]	result	26.68460581	0.00000512	0x32	0xFF
SPI [1]	result	26.72333375	0.00000512	0x00	0x00
SPI [1]	result	26.72333903	0.00000512	0x00	0x00
SPI [1]	result	26.72334431	0.00000512	0x08	0x00
SPI [1]	result	26.72334959	0.00000512	0x20	0x10
SPI [1]	result	26.72375307	0.00000512	0x0C	0x00
SPI [1]	result	26.72375835	0.00000512	0x10	0x00
SPI [1]	result	26.72376363	0.00000512	0x80	0xFF
SPI [1]	result	26.72376891	0.00000512	0x02	0xFF
SPI [1]	result	26.72417010	0.00000512	0x00	0x00
SPI [1]	result	26.72417538	0.00000512	0x00	0x00
SPI [1]	result	26.72418066	0.00000512	0x09	0x00
SPI [1]	result	26.72418594	0.00000512	0xA6	0x7F
SPI [1]	result	26.72458749	0.00000512	0x0D	0x00
SPI [1]	result	26.72459277	0.00000512	0x00	0x00
SPI [1]	result	26.72459805	0.00000512	0x88	0x7F
SPI [1]	result	26.72460333	0.00000512	0x1A	0xFF
SPI [1]	result	26.72500185	0.00000512	0x00	0x00
SPI [1]	result	26.72500713	0.00000512	0x00	0x00
SPI [1]	result	26.72501241	0.00000512	0x00	0x00
SPI [1]	result	26.72501769	0.00000512	0x00	0x00
SPI [1]	result	26.72541876	0.00000512	0x08	0x00
SPI [1]	result	26.72542404	0.00000512	0x00	0x00
SPI [1]	result	26.72542932	0.00000512	0x89	0x07
SPI [1]	result	26.72543460	0.00000512	0xB8	0xFF
SPI [1]	result	26.76333221	0.00000512	0x00	0x00
SPI [1]	result	26.76333749	0.00000512	0x00	0x00
SPI [1]	result	26.76334277	0.00000512	0x08	0x00
SPI [1]	result	26.76334805	0.00000512	0x20	0x10
SPI [1]	result	26.76375305	0.00000512	0x0E	0x00
SPI [1]	result	26.76375833	0.00000512	0x10	0x00
SPI [1]	result	26.76376361	0.00000512	0x80	0xFF
SPI [1]	result	26.76376889	0.00000512	0x12	0xFF
SPI [1]	result	26.76417012	0.00000512	0x00	0x00
SPI [1]	result	26.76417540	0.00000512	0x00	0x00
SPI [1]	result	26.76418068	0.00000512	0x00	0x00
SPI [1]	result	26.76418596	0.00000512	0x00	0x00
SPI [1]	result	26.76458721	0.00000512	0x08	0x00
SPI [1]	result	26.76459249	0.00000512	0x00	0x00
SPI [1]	result	26.76459777	0.00000512	0x88	0x07
SPI [1]	result	26.76460305	0.00000512	0x32	0xFF
SPI [1]	result	26.80333499	0.00000512	0x00	0x00
SPI [1]	result	26.80334027	0.00000512	0x00	0x00
SPI [1]	result	26.80334555	0.00000512	0x08	0x00
SPI [1]	result	26.80335083	0.00000512	0x20	0x10
SPI [1]	result	26.80376868	0.00000512	0x0F	0x00
SPI [1]	result	26.80377396	0.00000512	0x10	0x00
SPI [1]	result	26.80377924	0.00000512	0x80	0xFF
SPI [1]	result	26.80378452	0.00000512	0x1A	0xFF
SPI [1]	result	26.80418680	0.00000512	0x00	0x00
SPI [1]	result	26.80419208	0.00000512	0x00	0x00
SPI [1]	result	26.80419736	0.00000512	0x00	0x00
SPI [1]	result	26.80420264	0.00000512	0x00	0x00
SPI [1]	result	26.80460171	0.00000512	0x08	0x00
SPI [1]	result	26.80460699	0.00000512	0x00	0x00
SPI [1]	result	26.80461227	0.00000512	0x88	0x07
SPI [1]	result	26.80461755	0.00000512	0x32	0xFF
SPI [1]	result	26.84333708	0.00000512	0x00	0x00
SPI [1]	result	26.84334236	0.00000512	0x00	0x00
SPI [1]	result	26.84334764	0.00000512	0x08	0x00
SPI [1]	result	26.84335292	0.00000512	0x20	0x10
SPI [1]	result	26.84376909	0.00000512	0x08	0x00
SPI [1]	result	26.84377437	0.00000512	0x10	0x00
SPI [1]	result	26.84377965	0.00000512	0x80	0x7F
SPI [1]	result	26.84378493	0.00000512	0x22	0xFF
SPI [1]	result	26.84418467	0.00000512	0x00	0x00
SPI [1]	result	26.84418995	0.00000512	0x00	0x00
SPI [1]	result	26.84419523	0.00000512	0x09	0x00
SPI [1]	result	26.84420051	0.00000512	0xA6	0x7F
SPI [1]	result	26.84460179	0.00000512	0x09	0x00
SPI [1]	result	26.84460707	0.00000512	0x00	0x00
SPI [1]	result	26.84461235	0.00000512	0x88	0x7F
SPI [1]	result	26.84461763	0.00000512	0x3A	0xFF
SPI [1]	result	26.84507668	0.00000512	0x00	0x00
SPI [1]	result	26.84508196	0.00000512	0x00	0x00
SPI [1]	result	26.84508724	0.00000512	0x00	0x00
SPI [1]	result	26.84509252	0.00000512	0x00	0x00
SPI [1]	result	26.84551172	0.00000512	0x08	0x00
SPI [1]	result	26.84551700	0.00000512	0x00	0x00
SPI [1]	result	26.84552228	0.00000512	0x89	0x07
SPI [1]	result	26.84552756	0.00000512	0xB8	0xFF
SPI [1]	result	26.88333466	0.00000512	0x00	0x00
SPI [1]	result	26.88333994	0.00000512	0x00	0x00
SPI [1]	result	26.88334522	0.00000512	0x08	0x00
SPI [1]	result	26.88335050	0.00000512	0x20	0x10
SPI [1]	result	26.88375974	0.00000512	0x0A	0x00
SPI [1]	result	26.88376502	0.00000512	0x10	0x1F
SPI [1]	result	26.88377030	0.00000512	0x80	0xFF
SPI [1]	result	26.88377558	0.00000512	0x32	0xFF
SPI [1]	result	26.88417869	0.00000512	0x00	0x00
SPI [1]	result	26.88418397	0.00000512	0x00	0x00
SPI [1]	result	26.88418925	0.00000512	0x00	0x00
SPI [1]	result	26.88419453	0.00000512	0x00	0x00
SPI [1]	result	26.88459553	0.00000512	0x08	0x00
SPI [1]	result	26.88460081	0.00000512	0x00	0x00
SPI [1]	result	26.88460609	0.00000512	0x88	0x07
SPI [1]	result	26.88461137	0.00000512	0x32	0xFF
SPI [1]	result	26.92333444	0.00000512	0x00	0x00
SPI [1]	result	26.92333972	0.00000512	0x00	0x00
SPI [1]	result	26.92334500	0.00000512	0x08	0x00
SPI [1]	result	26.92335028	0.00000512	0x20	0x10
SPI [1]	result	26.92376479	0.00000512	0x0B	0x00
SPI [1]	result	26.92377007	0.00000512	0x10	0x1F
SPI [1]	result	26.92377535	0.00000512	0x80	0xFF
SPI [1]	result	26.92378063	0.00000512	0x3A	0xFF
SPI [1]	result	26.92418358	0.00000512	0x00	0x00
SPI [1]	result	26.92418886	0.00000512	0x00	0x00
SPI [1]	result	26.92419414	0.00000512	0x00	0x00
SPI [1]	result	26.92419942	0.00000512	0x00	0x00
SPI [1]	result	26.92460064	0.00000512	0x08	0x00
SPI [1]	result	26.92460592	0.00000512	0x00	0x00
SPI [1]	result	26.92461120	0.00000512	0x88	0x07
SPI [1]	result	26.92461648	0.00000512	0x32	0xFF
SPI [1]	result	26.96333470	0.00000512	0x00	0x00
SPI [1]	result	26.96333998	0.00000512	0x00	0x00
SPI [1]	result	26.96334526	0.00000512	0x08	0x00
SPI [1]	result	26.96335054	0.00000512	0x20	0x00
SPI [1]	result	26.96375665	0.00000512	0x0C	0x00
SPI [1]	result	26.96376193	0.00000512	0x10	0x00
SPI [1]	result	26.96376721	0.00000512	0x80	0xFF
SPI [1]	result	26.96377249	0.00000512	0x02	0xFB
SPI [1]	result	26.96417415	0.00000512	0x00	0x00
SPI [1]	result	26.96417943	0.00000512	0x00	0x00
SPI [1]	result	26.96418471	0.00000512	0x09	0x00
SPI [1]	result	26.96418999	0.00000512	0xA6	0x7F
SPI [1]	result	26.96459142	0.00000512	0x0D	0x00
SPI [1]	result	26.96459670	0.00000512	0x00	0x00
SPI [1]	result	26.96460198	0.00000512	0x88	0x7F
SPI [1]	result	26.96460726	0.00000512	0x1A	0xFF
SPI [1]	result	26.96500840	0.00000512	0x00	0x00
SPI [1]	result	26.96501368	0.00000512	0x00	0x00
SPI [1]	result	26.96501896	0.00000512	0x00	0x00
SPI [1]	result	26.96502424	0.00000512	0x00	0x00
SPI [1]	result	26.96542519	0.00000512	0x08	0x00
SPI [1]	result	26.96543047	0.00000512	0x00	0x00
SPI [1]	result	26.96543575	0.00000512	0x89	0x07
SPI [1]	result	26.96544103	0.00000512	0xB8	0xFF
SPI [1]	result	27.00333527	0.00000512	0x00	0x00
SPI [1]	result	27.00334055	0.00000512	0x00	0x00
SPI [1]	result	27.00334583	0.00000512	0x08	0x00
SPI [1]	result	27.00335111	0.00000512	0x20	0x00
SPI [1]	result	27.00376396	0.00000512	0x0E	0x00
SPI [1]	result	27.00376924	0.00000512	0x10	0x00
SPI [1]	result	27.00377452	0.00000512	0x80	0xFF
SPI [1]	result	27.00377980	0.00000512	0x12	0xFF
SPI [1]	result	27.00418174	0.00000512	0x00	0x00
SPI [1]	result	27.00418702	0.00000512	0x00	0x00
SPI [1]	result	27.00419230	0.00000512	0x00	0x00
SPI [1]	result	27.00419758	0.00000512	0x00	0x00
SPI [1]	result	27.00460018	0.00000512	0x08	0x00
SPI [1]	result	27.00460546	0.00000512	0x00	0x00
SPI [1]	result	27.00461074	0.00000512	0x88	0x07
SPI [1]	result	27.00461602	0.00000512	0x32	0xFF
SPI [1]	result	27.04333199	0.00000512	0x00	0x00
SPI [1]	result	27.04333727	0.00000512	0x00	0x00
SPI [1]	result	27.04334255	0.00000512	0x08	0x00
SPI [1]	result	27.04334783	0.00000512	0x20	0x14
SPI [1]	result	27.04375142	0.00000512	0x0F	0x00
SPI [1]	result	27.04375670	0.00000512	0x10	0x00
SPI [1]	result	27.04376198	0.00000512	0x80	0xFF
SPI [1]	result	27.04376726	0.00000512	0x1A	0xFF
SPI [1]	result	27.04416578	0.00000512	0x00	0x00
SPI [1]	result	27.04417106	0.00000512	0x00	0x00
SPI [1]	result	27.04417634	0.00000512	0x00	0x00
SPI [1]	result	27.04418162	0.00000512	0x00	0x00
SPI [1]	result	27.04458373	0.00000512	0x08	0x00
SPI [1]	result	27.04458901	0.00000512	0x00	0x00
SPI [1]	result	27.04459429	0.00000512	0x88	0x07
SPI [1]	result	27.04459957	0.00000512	0x32	0xFF
SPI [1]	result	27.08333325	0.00000512	0x00	0x00
SPI [1]	result	27.08333853	0.00000512	0x00	0x00
SPI [1]	result	27.08334381	0.00000512	0x08	0x00
SPI [1]	result	27.08334909	0.00000512	0x20	0x10
SPI [1]	result	27.08375211	0.00000512	0x08	0x00
SPI [1]	result	27.08375739	0.00000512	0x10	0x00
SPI [1]	result	27.08376267	0.00000512	0x80	0x7F
SPI [1]	result	27.08376795	0.00000512	0x22	0xFF
SPI [1]	result	27.08416924	0.00000512	0x00	0x00
SPI [1]	result	27.08417452	0.00000512	0x00	0x00
SPI [1]	result	27.08417980	0.00000512	0x09	0x00
SPI [1]	result	27.08418508	0.00000512	0xA6	0x7F
SPI [1]	result	27.08458379	0.00000512	0x09	0x00
SPI [1]	result	27.08458907	0.00000512	0x00	0x00
SPI [1]	result	27.08459435	0.00000512	0x88	0x7F
SPI [1]	result	27.08459963	0.00000512	0x3A	0xFF
SPI [1]	result	27.08500044	0.00000512	0x00	0x00
SPI [1]	result	27.08500572	0.00000512	0x00	0x00
SPI [1]	result	27.08501100	0.00000512	0x00	0x00
SPI [1]	result	27.08501628	0.00000512	0x00	0x00
SPI [1]	result	27.08541706	0.00000512	0x08	0x00
SPI [1]	result	27.08542234	0.00000512	0x00	0x00
SPI [1]	result	27.08542762	0.00000512	0x89	0x0F
SPI [1]	result	27.08543290	0.00000512	0xB8	0xFF
SPI [1]	result	27.12333142	0.00000512	0x00	0x00
SPI [1]	result	27.12333670	0.00000512	0x00	0x00
SPI [1]	result	27.12334198	0.00000512	0x08	0x00
SPI [1]	result	27.12334726	0.00000512	0x20	0x10
SPI [1]	result	27.12375161	0.00000512	0x0A	0x00
SPI [1]	result	27.12375689	0.00000512	0x10	0x1F
SPI [1]	result	27.12376217	0.00000512	0x80	0xFF
SPI [1]	result	27.12376745	0.00000512	0x32	0xFF
SPI [1]	result	27.12416591	0.00000512	0x00	0x00
SPI [1]	result	27.12417119	0.00000512	0x00	0x00
SPI [1]	result	27.12417647	0.00000512	0x00	0x00
SPI [1]	result	27.12418175	0.00000512	0x00	0x00
SPI [1]	result	27.12458262	0.00000512	0x08	0x00
SPI [1]	result	27.12458790	0.00000512	0x00	0x00
SPI [1]	result	27.12459318	0.00000512	0x88	0x07
SPI [1]	result	27.12459846	0.00000512	0x32	0xFF
SPI [1]	result	27.16333123	0.00000512	0x00	0x00
SPI [1]	result	27.16333651	0.00000512	0x00	0x00
SPI [1]	result	27.16334179	0.00000512	0x08	0x00
SPI [1]	result	27.16334707	0.00000512	0x20	0x10
SPI [1]	result	27.16375033	0.00000512	0x0B	0x00
SPI [1]	result	27.16375561	0.00000512	0x10	0x1F
SPI [1]	result	27.16376089	0.00000512	0x80	0xFF
SPI [1]	result	27.16376617	0.00000512	0x3A	0xFF
SPI [1]	result	27.16416469	0.00000512	0x00	0x00
SPI [1]	result	27.16416997	0.00000512	0x00	0x00
SPI [1]	result	27.16417525	0.00000512	0x00	0x00
SPI [1]	result	27.16418053	0.00000512	0x00	0x00
SPI [1]	result	27.16458114	0.00000512	0x08	0x00
SPI [1]	result	27.16458642	0.00000512	0x00	0x00
SPI [1]	result	27.16459170	0.00000512	0x88	0x07
SPI [1]	result	27.16459698	0.00000512	0x32	0xFF
SPI [1]	result	27.20333290	0.00000512	0x00	0x00
SPI [1]	result	27.20333818	0.00000512	0x00	0x00
SPI [1]	result	27.20334346	0.00000512	0x08	0x00
SPI [1]	result	27.20334874	0.00000512	0x20	0x10
SPI [1]	result	27.20375126	0.00000512	0x0C	0x00
SPI [1]	result	27.20375654	0.00000512	0x10	0x00
SPI [1]	result	27.20376182	0.00000512	0x80	0xFF
SPI [1]	result	27.20376710	0.00000512	0x02	0xFF
SPI [1]	result	27.20416854	0.00000512	0x00	0x00
SPI [1]	result	27.20417382	0.00000512	0x00	0x00
SPI [1]	result	27.20417910	0.00000512	0x09	0x00
SPI [1]	result	27.20418438	0.00000512	0xA6	0x7F
SPI [1]	result	27.20458292	0.00000512	0x0D	0x00
SPI [1]	result	27.20458820	0.00000512	0x00	0x00
SPI [1]	result	27.20459348	0.00000512	0x88	0x7F
SPI [1]	result	27.20459876	0.00000512	0x1A	0xFF
SPI [1]	result	27.20499972	0.00000512	0x00	0x00
SPI [1]	result	27.20500500	0.00000512	0x00	0x00
SPI [1]	result	27.20501028	0.00000512	0x00	0x00
SPI [1]	result	27.20501556	0.00000512	0x00	0x00
SPI [1]	result	27.20548541	0.00000512	0x08	0x00
SPI [1]	result	27.20549069	0.00000512	0x00	0x00
SPI [1]	result	27.20549597	0.00000512	0x89	0x0F
SPI [1]	result	27.20550125	0.00000512	0xB8	0xFF
SPI [1]	result	27.24333460	0.00000512	0x00	0x00
SPI [1]	result	27.24333988	0.00000512	0x00	0x00
SPI [1]	result	27.24334516	0.00000512	0x08	0x00
SPI [1]	result	27.24335044	0.00000512	0x20	0x04
SPI [1]	result	27.24376242	0.00000512	0x0E	0x00
SPI [1]	result	27.24376770	0.00000512	0x10	0x00
SPI [1]	result	27.24377298	0.00000512	0x80	0xFF
SPI [1]	result	27.24377826	0.00000512	0x12	0xFF
SPI [1]	result	27.24417722	0.00000512	0x00	0x00
SPI [1]	result	27.24418250	0.00000512	0x00	0x00
SPI [1]	result	27.24418778	0.00000512	0x00	0x00
SPI [1]	result	27.24419306	0.00000512	0x00	0x00
SPI [1]	result	27.24459367	0.00000512	0x08	0x00
SPI [1]	result	27.24459895	0.00000512	0x00	0x00
SPI [1]	result	27.24460423	0.00000512	0x88	0x07
SPI [1]	result	27.24460951	0.00000512	0x32	0xFF
SPI [1]	result	27.28333444	0.00000512	0x00	0x00
SPI [1]	result	27.28333972	0.00000512	0x00	0x00
SPI [1]	result	27.28334500	0.00000512	0x08	0x00
SPI [1]	result	27.28335028	0.00000512	0x20	0x10
SPI [1]	result	27.28376020	0.00000512	0x0F	0x00
SPI [1]	result	27.28376548	0.00000512	0x10	0x00
SPI [1]	result	27.28377076	0.00000512	0x80	0xFF
SPI [1]	result	27.28377604	0.00000512	0x1A	0xFF
SPI [1]	result	27.28417804	0.00000512	0x00	0x00
SPI [1]	result	27.28418332	0.00000512	0x00	0x00
SPI [1]	result	27.28418860	0.00000512	0x00	0x00
SPI [1]	result	27.28419388	0.00000512	0x00	0x00
SPI [1]	result	27.28459530	0.00000512	0x08	0x00
SPI [1]	result	27.28460058	0.00000512	0x00	0x00
SPI [1]	result	27.28460586	0.00000512	0x88	0x07
SPI [1]	result	27.28461114	0.00000512	0x32	0xFF
SPI [1]	result	27.32333369	0.00000512	0x00	0x00
SPI [1]	result	27.32333897	0.00000512	0x00	0x00
SPI [1]	result	27.32334425	0.00000512	0x08	0x00
SPI [1]	result	27.32334953	0.00000512	0x20	0x10
SPI [1]	result	27.32375379	0.00000512	0x08	0x00
SPI [1]	result	27.32375907	0.00000512	0x10	0x00
SPI [1]	result	27.32376435	0.00000512	0x80	0xFF
SPI [1]	result	27.32376963	0.00000512	0x22	0xFF
SPI [1]	result	27.32417059	0.00000512	0x00	0x00
SPI [1]	result	27.32417587	0.00000512	0x00	0x00
SPI [1]	result	27.32418115	0.00000512	0x09	0x00
SPI [1]	result	27.32418643	0.00000512	0xA6	0x7F
SPI [1]	result	27.32458754	0.00000512	0x09	0x00
SPI [1]	result	27.32459282	0.00000512	0x00	0x00
SPI [1]	result	27.32459810	0.00000512	0x88	0x7F
SPI [1]	result	27.32460338	0.00000512	0x3A	0xFF
SPI [1]	result	27.32500166	0.00000512	0x00	0x00
SPI [1]	result	27.32500694	0.00000512	0x00	0x00
SPI [1]	result	27.32501222	0.00000512	0x00	0x00
SPI [1]	result	27.32501750	0.00000512	0x00	0x00
SPI [1]	result	27.32541796	0.00000512	0x08	0x00
SPI [1]	result	27.32542324	0.00000512	0x00	0x00
SPI [1]	result	27.32542852	0.00000512	0x89	0x07
SPI [1]	result	27.32543380	0.00000512	0xB8	0xFF
SPI [1]	result	27.36333766	0.00000512	0x00	0x00
SPI [1]	result	27.36334294	0.00000512	0x00	0x00
SPI [1]	result	27.36334822	0.00000512	0x08	0x00
SPI [1]	result	27.36335350	0.00000512	0x20	0x10
SPI [1]	result	27.36378152	0.00000512	0x0A	0x00
SPI [1]	result	27.36378680	0.00000512	0x10	0x1F
SPI [1]	result	27.36379208	0.00000512	0x80	0xFF
SPI [1]	result	27.36379736	0.00000512	0x32	0xFF
SPI [1]	result	27.36419989	0.00000512	0x00	0x00
SPI [1]	result	27.36420517	0.00000512	0x00	0x00
SPI [1]	result	27.36421045	0.00000512	0x00	0x00
SPI [1]	result	27.36421573	0.00000512	0x00	0x00
SPI [1]	result	27.36461458	0.00000512	0x08	0x00
SPI [1]	result	27.36461986	0.00000512	0x00	0x00
SPI [1]	result	27.36462514	0.00000512	0x88	0x0F
SPI [1]	result	27.36463042	0.00000512	0x32	0xFF
SPI [1]	result	27.40333285	0.00000512	0x00	0x00
SPI [1]	result	27.40333813	0.00000512	0x00	0x00
SPI [1]	result	27.40334341	0.00000512	0x08	0x00
SPI [1]	result	27.40334869	0.00000512	0x20	0x10
SPI [1]	result	27.40375304	0.00000512	0x0B	0x00
SPI [1]	result	27.40375832	0.00000512	0x10	0x1F
SPI [1]	result	27.40376360	0.00000512	0x80	0xFF
SPI [1]	result	27.40376888	0.00000512	0x3A	0xFF
SPI [1]	result	27.40416712	0.00000512	0x00	0x00
SPI [1]	result	27.40417240	0.00000512	0x00	0x00
SPI [1]	result	27.40417768	0.00000512	0x00	0x00
SPI [1]	result	27.40418296	0.00000512	0x00	0x00
SPI [1]	result	27.40458437	0.00000512	0x08	0x00
SPI [1]	result	27.40458965	0.00000512	0x00	0x00
SPI [1]	result	27.40459493	0.00000512	0x88	0x07
SPI [1]	result	27.40460021	0.00000512	0x32	0xFF
SPI [1]	result	27.44333485	0.00000512	0x00	0x00
SPI [1]	result	27.44334013	0.00000512	0x00	0x00
SPI [1]	result	27.44334541	0.00000512	0x08	0x00
SPI [1]	result	27.44335069	0.00000512	0x20	0x10
SPI [1]	result	27.44375586	0.00000512	0x0C	0x00
SPI [1]	result	27.44376114	0.00000512	0x10	0x00
SPI [1]	result	27.44376642	0.00000512	0x80	0xFF
SPI [1]	result	27.44377170	0.00000512	0x02	0xF7
SPI [1]	result	27.44417340	0.00000512	0x00	0x00
SPI [1]	result	27.44417868	0.00000512	0x00	0x00
SPI [1]	result	27.44418396	0.00000512	0x09	0x00
SPI [1]	result	27.44418924	0.00000512	0xA6	0x7F
SPI [1]	result	27.44458757	0.00000512	0x0D	0x00
SPI [1]	result	27.44459285	0.00000512	0x00	0x00
SPI [1]	result	27.44459813	0.00000512	0x88	0xFF
SPI [1]	result	27.44460341	0.00000512	0x1A	0xFF
SPI [1]	result	27.44500437	0.00000512	0x00	0x00
SPI [1]	result	27.44500965	0.00000512	0x00	0x00
SPI [1]	result	27.44501493	0.00000512	0x00	0x00
SPI [1]	result	27.44502021	0.00000512	0x00	0x00
SPI [1]	result	27.44542177	0.00000512	0x08	0x00
SPI [1]	result	27.44542705	0.00000512	0x00	0x00
SPI [1]	result	27.44543233	0.00000512	0x89	0x07
SPI [1]	result	27.44543761	0.00000512	0xB8	0xFF
SPI [1]	result	27.48333430	0.00000512	0x00	0x00
SPI [1]	result	27.48333958	0.00000512	0x00	0x00
SPI [1]	result	27.48334486	0.00000512	0x08	0x00
SPI [1]	result	27.48335014	0.00000512	0x20	0x00
SPI [1]	result	27.48376031	0.00000512	0x0E	0x00
SPI [1]	result	27.48376559	0.00000512	0x10	0x00
SPI [1]	result	27.48377087	0.00000512	0x80	0xFF
SPI [1]	result	27.48377615	0.00000512	0x12	0xFF
SPI [1]	result	27.48417551	0.00000512	0x00	0x00
SPI [1]	result	27.48418079	0.00000512	0x00	0x00
SPI [1]	result	27.48418607	0.00000512	0x00	0x00
SPI [1]	result	27.48419135	0.00000512	0x00	0x00
SPI [1]	result	27.48459248	0.00000512	0x08	0x00
SPI [1]	result	27.48459776	0.00000512	0x00	0x00
SPI [1]	result	27.48460304	0.00000512	0x88	0x07
SPI [1]	result	27.48460832	0.00000512	0x32	0xFF
SPI [1]	result	27.52333262	0.00000512	0x00	0x00
SPI [1]	result	27.52333790	0.00000512	0x00	0x00
SPI [1]	result	27.52334318	0.00000512	0x08	0x00
SPI [1]	result	27.52334846	0.00000512	0x20	0x00
SPI [1]	result	27.52375175	0.00000512	0x0F	0x00
SPI [1]	result	27.52375703	0.00000512	0x10	0x00
SPI [1]	result	27.52376231	0.00000512	0x80	0xFF
SPI [1]	result	27.52376759	0.00000512	0x1A	0xFF
SPI [1]	result	27.52416583	0.00000512	0x00	0x00
SPI [1]	result	27.52417111	0.00000512	0x00	0x00
SPI [1]	result	27.52417639	0.00000512	0x00	0x00
SPI [1]	result	27.52418167	0.00000512	0x00	0x00
SPI [1]	result	27.52458212	0.00000512	0x08	0x00
SPI [1]	result	27.52458740	0.00000512	0x00	0x00
SPI [1]	result	27.52459268	0.00000512	0x88	0x07
SPI [1]	result	27.52459796	0.00000512	0x32	0xFF
SPI [1]	result	27.56333362	0.00000512	0x00	0x00
SPI [1]	result	27.56333890	0.00000512	0x00	0x00
SPI [1]	result	27.56334418	0.00000512	0x08	0x00
SPI [1]	result	27.56334946	0.00000512	0x20	0x10
SPI [1]	result	27.56375037	0.00000512	0x08	0x00
SPI [1]	result	27.56375565	0.00000512	0x10	0x00
SPI [1]	result	27.56376093	0.00000512	0x80	0xFF
SPI [1]	result	27.56376621	0.00000512	0x22	0xFF
SPI [1]	result	27.56416693	0.00000512	0x00	0x00
SPI [1]	result	27.56417221	0.00000512	0x00	0x00
SPI [1]	result	27.56417749	0.00000512	0x09	0x00
SPI [1]	result	27.56418277	0.00000512	0xA6	0x7F
SPI [1]	result	27.56458354	0.00000512	0x09	0x00
SPI [1]	result	27.56458882	0.00000512	0x00	0x00
SPI [1]	result	27.56459410	0.00000512	0x88	0x7F
SPI [1]	result	27.56459938	0.00000512	0x3A	0xFF
SPI [1]	result	27.56500051	0.00000512	0x00	0x00
SPI [1]	result	27.56500579	0.00000512	0x00	0x00
SPI [1]	result	27.56501107	0.00000512	0x00	0x00
SPI [1]	result	27.56501635	0.00000512	0x00	0x00
SPI [1]	result	27.56547052	0.00000512	0x08	0x00
SPI [1]	result	27.56547580	0.00000512	0x00	0x00
SPI [1]	result	27.56548108	0.00000512	0x89	0x0F
SPI [1]	result	27.56548636	0.00000512	0xB8	0xFF
SPI [1]	result	27.60333379	0.00000512	0x00	0x00
SPI [1]	result	27.60333907	0.00000512	0x00	0x00
SPI [1]	result	27.60334435	0.00000512	0x08	0x00
SPI [1]	result	27.60334963	0.00000512	0x20	0x08
SPI [1]	result	27.60375278	0.00000512	0x0A	0x00
SPI [1]	result	27.60375806	0.00000512	0x10	0x1F
SPI [1]	result	27.60376334	0.00000512	0x80	0xFF
SPI [1]	result	27.60376862	0.00000512	0x32	0xFF
SPI [1]	result	27.60417004	0.00000512	0x00	0x00
SPI [1]	result	27.60417532	0.00000512	0x00	0x00
SPI [1]	result	27.60418060	0.00000512	0x00	0x00
SPI [1]	result	27.60418588	0.00000512	0x00	0x00
SPI [1]	result	27.60458755	0.00000512	0x08	0x00
SPI [1]	result	27.60459283	0.00000512	0x00	0x00
SPI [1]	result	27.60459811	0.00000512	0x88	0x07
SPI [1]	result	27.60460339	0.00000512	0x32	0xFF
SPI [1]	result	27.64334029	0.00000512	0x00	0x00
SPI [1]	result	27.64334557	0.00000512	0x00	0x00
SPI [1]	result	27.64335085	0.00000512	0x08	0x00
SPI [1]	result	27.64335613	0.00000512	0x20	0x10
SPI [1]	result	27.64378693	0.00000512	0x0B	0x00
SPI [1]	result	27.64379221	0.00000512	0x10	0x1F
SPI [1]	result	27.64379749	0.00000512	0x80	0xFF
SPI [1]	result	27.64380277	0.00000512	0x3A	0xFF
SPI [1]	result	27.64420527	0.00000512	0x00	0x00
SPI [1]	result	27.64421055	0.00000512	0x00	0x00
SPI [1]	result	27.64421583	0.00000512	0x00	0x00
SPI [1]	result	27.64422111	0.00000512	0x00	0x00
SPI [1]	result	27.64462290	0.00000512	0x08	0x00
SPI [1]	result	27.64462818	0.00000512	0x00	0x00
SPI [1]	result	27.64463346	0.00000512	0x88	0x07
SPI [1]	result	27.64463874	0.00000512	0x32	0xFF
SPI [1]	result	27.68333513	0.00000512	0x00	0x00
SPI [1]	result	27.68334041	0.00000512	0x00	0x00
SPI [1]	result	27.68334569	0.00000512	0x08	0x00
SPI [1]	result	27.68335097	0.00000512	0x20	0x10
SPI [1]	result	27.68375628	0.00000512	0x0C	0x00
SPI [1]	result	27.68376156	0.00000512	0x10	0x00
SPI [1]	result	27.68376684	0.00000512	0x80	0xFF
SPI [1]	result	27.68377212	0.00000512	0x02	0xF7
SPI [1]	result	27.68417425	0.00000512	0x00	0x00
SPI [1]	result	27.68417953	0.00000512	0x00	0x00
SPI [1]	result	27.68418481	0.00000512	0x09	0x00
SPI [1]	result	27.68419009	0.00000512	0xA6	0x7F
SPI [1]	result	27.68459150	0.00000512	0x0D	0x00
SPI [1]	result	27.68459678	0.00000512	0x00	0x00
SPI [1]	result	27.68460206	0.00000512	0x88	0x7F
SPI [1]	result	27.68460734	0.00000512	0x1A	0xFF
SPI [1]	result	27.68500854	0.00000512	0x00	0x00
SPI [1]	result	27.68501382	0.00000512	0x00	0x00
SPI [1]	result	27.68501910	0.00000512	0x00	0x00
SPI [1]	result	27.68502438	0.00000512	0x00	0x00
SPI [1]	result	27.68542590	0.00000512	0x08	0x00
SPI [1]	result	27.68543118	0.00000512	0x00	0x00
SPI [1]	result	27.68543646	0.00000512	0x89	0x07
SPI [1]	result	27.68544174	0.00000512	0xB8	0xFF
SPI [1]	result	27.72333743	0.00000512	0x00	0x00
SPI [1]	result	27.72334271	0.00000512	0x00	0x00
SPI [1]	result	27.72334799	0.00000512	0x08	0x00
SPI [1]	result	27.72335327	0.00000512	0x20	0x10
SPI [1]	result	27.72378071	0.00000512	0x0E	0x00
SPI [1]	result	27.72378599	0.00000512	0x10	0x00
SPI [1]	result	27.72379127	0.00000512	0x80	0xFF
SPI [1]	result	27.72379655	0.00000512	0x12	0xDF
SPI [1]	result	27.72419655	0.00000512	0x00	0x00
SPI [1]	result	27.72420183	0.00000512	0x00	0x00
SPI [1]	result	27.72420711	0.00000512	0x00	0x00
SPI [1]	result	27.72421239	0.00000512	0x00	0x00
SPI [1]	result	27.72461341	0.00000512	0x08	0x00
SPI [1]	result	27.72461869	0.00000512	0x00	0x00
SPI [1]	result	27.72462397	0.00000512	0x88	0x07
SPI [1]	result	27.72462925	0.00000512	0x32	0xFF
SPI [1]	result	27.76333310	0.00000512	0x00	0x00
SPI [1]	result	27.76333838	0.00000512	0x00	0x00
SPI [1]	result	27.76334366	0.00000512	0x08	0x00
SPI [1]	result	27.76334894	0.00000512	0x20	0x00
SPI [1]	result	27.76375094	0.00000512	0x0F	0x00
SPI [1]	result	27.76375622	0.00000512	0x10	0x08
SPI [1]	result	27.76376150	0.00000512	0x80	0xFF
SPI [1]	result	27.76376678	0.00000512	0x1A	0xFF
SPI [1]	result	27.76416815	0.00000512	0x00	0x00
SPI [1]	result	27.76417343	0.00000512	0x00	0x00
SPI [1]	result	27.76417871	0.00000512	0x00	0x00
SPI [1]	result	27.76418399	0.00000512	0x00	0x00
SPI [1]	result	27.76458471	0.00000512	0x08	0x00
SPI [1]	result	27.76458999	0.00000512	0x00	0x00
SPI [1]	result	27.76459527	0.00000512	0x88	0x0F
SPI [1]	result	27.76460055	0.00000512	0x32	0xFF
SPI [1]	result	27.80333673	0.00000512	0x00	0x00
SPI [1]	result	27.80334201	0.00000512	0x00	0x00
SPI [1]	result	27.80334729	0.00000512	0x08	0x00
SPI [1]	result	27.80335257	0.00000512	0x20	0x10
SPI [1]	result	27.80376740	0.00000512	0x08	0x00
SPI [1]	result	27.80377268	0.00000512	0x10	0x00
SPI [1]	result	27.80377796	0.00000512	0x80	0x7F
SPI [1]	result	27.80378324	0.00000512	0x22	0xFF
SPI [1]	result	27.80418261	0.00000512	0x00	0x00
SPI [1]	result	27.80418789	0.00000512	0x00	0x00
SPI [1]	result	27.80419317	0.00000512	0x09	0x00
SPI [1]	result	27.80419845	0.00000512	0xA6	0x7F
SPI [1]	result	27.80459977	0.00000512	0x09	0x00
SPI [1]	result	27.80460505	0.00000512	0x00	0x00
SPI [1]	result	27.80461033	0.00000512	0x88	0x7F
SPI [1]	result	27.80461561	0.00000512	0x3A	0xFF
SPI [1]	result	27.80501781	0.00000512	0x00	0x00
SPI [1]	result	27.80502309	0.00000512	0x00	0x00
SPI [1]	result	27.80502837	0.00000512	0x00	0x00
SPI [1]	result	27.80503365	0.00000512	0x00	0x00
SPI [1]	result	27.80543505	0.00000512	0x08	0x00
SPI [1]	result	27.80544033	0.00000512	0x00	0x00
SPI [1]	result	27.80544561	0.00000512	0x89	0x07
SPI [1]	result	27.80545089	0.00000512	0xB8	0xFF
SPI [1]	result	27.84333255	0.00000512	0x00	0x00
SPI [1]	result	27.84333783	0.00000512	0x00	0x00
SPI [1]	result	27.84334311	0.00000512	0x08	0x00
SPI [1]	result	27.84334839	0.00000512	0x20	0x12
SPI [1]	result	27.84375342	0.00000512	0x0A	0x00
SPI [1]	result	27.84375870	0.00000512	0x10	0x1F
SPI [1]	result	27.84376398	0.00000512	0x80	0xFF
SPI [1]	result	27.84376926	0.00000512	0x32	0xFF
SPI [1]	result	27.84416813	0.00000512	0x00	0x00
SPI [1]	result	27.84417341	0.00000512	0x00	0x00
SPI [1]	result	27.84417869	0.00000512	0x00	0x00
SPI [1]	result	27.84418397	0.00000512	0x00	0x00
SPI [1]	result	27.84458553	0.00000512	0x08	0x00
SPI [1]	result	27.84459081	0.00000512	0x00	0x00
SPI [1]	result	27.84459609	0.00000512	0x88	0x07
SPI [1]	result	27.84460137	0.00000512	0x32	0xFF
SPI [1]	result	27.88333426	0.00000512	0x00	0x00
SPI [1]	result	27.88333954	0.00000512	0x00	0x00
SPI [1]	result	27.88334482	0.00000512	0x08	0x00
SPI [1]	result	27.88335010	0.00000512	0x20	0x10
SPI [1]	result	27.88376415	0.00000512	0x0B	0x00
SPI [1]	result	27.88376943	0.00000512	0x10	0x1F
SPI [1]	result	27.88377471	0.00000512	0x80	0xFF
SPI [1]	result	27.88377999	0.00000512	0x3A	0xFF
SPI [1]	result	27.88418212	0.00000512	0x00	0x00
SPI [1]	result	27.88418740	0.00000512	0x00	0x00
SPI [1]	result	27.88419268	0.00000512	0x00	0x00
SPI [1]	result	27.88419796	0.00000512	0x00	0x00
SPI [1]	result	27.88459670	0.00000512	0x08	0x00
SPI [1]	result	27.88460198	0.00000512	0x00	0x00
SPI [1]	result	27.88460726	0.00000512	0x88	0x07
SPI [1]	result	27.88461254	0.00000512	0x32	0xFF
SPI [1]	result	27.92333668	0.00000512	0x00	0x00
SPI [1]	result	27.92334196	0.00000512	0x00	0x00
SPI [1]	result	27.92334724	0.00000512	0x08	0x00
SPI [1]	result	27.92335252	0.00000512	0x20	0x10
SPI [1]	result	27.92376945	0.00000512	0x0C	0x00
SPI [1]	result	27.92377473	0.00000512	0x10	0x00
SPI [1]	result	27.92378001	0.00000512	0x80	0xFF
SPI [1]	result	27.92378529	0.00000512	0x02	0xF3
SPI [1]	result	27.92418758	0.00000512	0x00	0x00
SPI [1]	result	27.92419286	0.00000512	0x00	0x00
SPI [1]	result	27.92419814	0.00000512	0x09	0x00
SPI [1]	result	27.92420342	0.00000512	0xA6	0x7F
SPI [1]	result	27.92460507	0.00000512	0x0D	0x00
SPI [1]	result	27.92461035	0.00000512	0x00	0x00
SPI [1]	result	27.92461563	0.00000512	0x88	0x7F
SPI [1]	result	27.92462091	0.00000512	0x1A	0xFF
SPI [1]	result	27.92501954	0.00000512	0x00	0x00
SPI [1]	result	27.92502482	0.00000512	0x00	0x00
SPI [1]	result	27.92503010	0.00000512	0x00	0x00
SPI [1]	result	27.92503538	0.00000512	0x00	0x00
SPI [1]	result	27.92543686	0.00000512	0x08	0x00
SPI [1]	result	27.92544214	0.00000512	0x00	0x00
SPI [1]	result	27.92544742	0.00000512	0x89	0x0F
SPI [1]	result	27.92545270	0.00000512	0xB8	0xFF
SPI [1]	result	27.96333624	0.00000512	0x00	0x00
SPI [1]	result	27.96334152	0.00000512	0x00	0x00
SPI [1]	result	27.96334680	0.00000512	0x08	0x00
SPI [1]	result	27.96335208	0.00000512	0x20	0x10
SPI [1]	result	27.96377078	0.00000512	0x0E	0x00
SPI [1]	result	27.96377606	0.00000512	0x10	0x00
SPI [1]	result	27.96378134	0.00000512	0x80	0xFF
SPI [1]	result	27.96378662	0.00000512	0x12	0xFF
SPI [1]	result	27.96419068	0.00000512	0x00	0x00
SPI [1]	result	27.96419596	0.00000512	0x00	0x00
SPI [1]	result	27.96420124	0.00000512	0x00	0x00
SPI [1]	result	27.96420652	0.00000512	0x00	0x00
SPI [1]	result	27.96460498	0.00000512	0x08	0x00
SPI [1]	result	27.96461026	0.00000512	0x00	0x00
SPI [1]	result	27.96461554	0.00000512	0x88	0x0F
SPI [1]	result	27.96462082	0.00000512	0x32	0xFF
SPI [1]	result	28.00333473	0.00000512	0x00	0x00
SPI [1]	result	28.00334001	0.00000512	0x00	0x00
SPI [1]	result	28.00334529	0.00000512	0x08	0x00
SPI [1]	result	28.00335057	0.00000512	0x20	0x10
SPI [1]	result	28.00376362	0.00000512	0x0F	0x00
SPI [1]	result	28.00376890	0.00000512	0x10	0x00
SPI [1]	result	28.00377418	0.00000512	0x80	0xFF
SPI [1]	result	28.00377946	0.00000512	0x1A	0xFF
SPI [1]	result	28.00418003	0.00000512	0x00	0x00
SPI [1]	result	28.00418531	0.00000512	0x00	0x00
SPI [1]	result	28.00419059	0.00000512	0x00	0x00
SPI [1]	result	28.00419587	0.00000512	0x00	0x00
SPI [1]	result	28.00459684	0.00000512	0x08	0x00
SPI [1]	result	28.00460212	0.00000512	0x00	0x00
SPI [1]	result	28.00460740	0.00000512	0x88	0x07
SPI [1]	result	28.00461268	0.00000512	0x32	0xFF
SPI [1]	result	28.04333423	0.00000512	0x00	0x00
SPI [1]	result	28.04333951	0.00000512	0x00	0x00
SPI [1]	result	28.04334479	0.00000512	0x08	0x00
SPI [1]	result	28.04335007	0.00000512	0x20	0x10
SPI [1]	result	28.04375307	0.00000512	0x08	0x00
SPI [1]	result	28.04375835	0.00000512	0x10	0x00
SPI [1]	result	28.04376363	0.00000512	0x80	0x7F
SPI [1]	result	28.04376891	0.00000512	0x22	0xFF
SPI [1]	result	28.04417046	0.00000512	0x00	0x00
SPI [1]	result	28.04417574	0.00000512	0x00	0x00
SPI [1]	result	28.04418102	0.00000512	0x09	0x00
SPI [1]	result	28.04418630	0.00000512	0xA6	0x7F
SPI [1]	result	28.04458725	0.00000512	0x09	0x00
SPI [1]	result	28.04459253	0.00000512	0x00	0x00
SPI [1]	result	28.04459781	0.00000512	0x88	0x7F
SPI [1]	result	28.04460309	0.00000512	0x3A	0xFF
SPI [1]	result	28.04500153	0.00000512	0x00	0x00
SPI [1]	result	28.04500681	0.00000512	0x00	0x00
SPI [1]	result	28.04501209	0.00000512	0x00	0x00
SPI [1]	result	28.04501737	0.00000512	0x00	0x00
SPI [1]	result	28.04541835	0.00000512	0x08	0x00
SPI [1]	result	28.04542363	0.00000512	0x00	0x00
SPI [1]	result	28.04542891	0.00000512	0x89	0x07
SPI [1]	result	28.04543419	0.00000512	0xB8	0xFF
SPI [1]	result	28.08333557	0.00000512	0x00	0x00
SPI [1]	result	28.08334085	0.00000512	0x00	0x00
SPI [1]	result	28.08334613	0.00000512	0x08	0x00
SPI [1]	result	28.08335141	0.00000512	0x20	0x10
SPI [1]	result	28.08376346	0.00000512	0x0A	0x00
SPI [1]	result	28.08376874	0.00000512	0x10	0x0F
SPI [1]	result	28.08377402	0.00000512	0x80	0xFF
SPI [1]	result	28.08377930	0.00000512	0x32	0xFF
SPI [1]	result	28.08418111	0.00000512	0x00	0x00
SPI [1]	result	28.08418639	0.00000512	0x00	0x00
SPI [1]	result	28.08419167	0.00000512	0x00	0x00
SPI [1]	result	28.08419695	0.00000512	0x00	0x00
SPI [1]	result	28.08459847	0.00000512	0x08	0x00
SPI [1]	result	28.08460375	0.00000512	0x00	0x00
SPI [1]	result	28.08460903	0.00000512	0x88	0x07
SPI [1]	result	28.08461431	0.00000512	0x32	0xFF
SPI [1]	result	28.12333133	0.00000512	0x00	0x00
SPI [1]	result	28.12333661	0.00000512	0x00	0x00
SPI [1]	result	28.12334189	0.00000512	0x08	0x00
SPI [1]	result	28.12334717	0.00000512	0x20	0x10
SPI [1]	result	28.12375339	0.00000512	0x0B	0x00
SPI [1]	result	28.12375867	0.00000512	0x10	0x0F
SPI [1]	result	28.12376395	0.00000512	0x80	0xFF
SPI [1]	result	28.12376923	0.00000512	0x3A	0xFF
SPI [1]	result	28.12417032	0.00000512	0x00	0x00
SPI [1]	result	28.12417560	0.00000512	0x00	0x00
SPI [1]	result	28.12418088	0.00000512	0x00	0x00
SPI [1]	result	28.12418616	0.00000512	0x00	0x00
SPI [1]	result	28.12458731	0.00000512	0x08	0x00
SPI [1]	result	28.12459259	0.00000512	0x00	0x00
SPI [1]	result	28.12459787	0.00000512	0x88	0x07
SPI [1]	result	28.12460315	0.00000512	0x32	0xFF
SPI [1]	result	28.16333318	0.00000512	0x00	0x00
SPI [1]	result	28.16333846	0.00000512	0x00	0x00
SPI [1]	result	28.16334374	0.00000512	0x08	0x00
SPI [1]	result	28.16334902	0.00000512	0x20	0x10
SPI [1]	result	28.16375067	0.00000512	0x0C	0x00
SPI [1]	result	28.16375595	0.00000512	0x10	0x00
SPI [1]	result	28.16376123	0.00000512	0x80	0x7F
SPI [1]	result	28.16376651	0.00000512	0x02	0xE3
SPI [1]	result	28.16416777	0.00000512	0x00	0x00
SPI [1]	result	28.16417305	0.00000512	0x00	0x00
SPI [1]	result	28.16417833	0.00000512	0x09	0x00
SPI [1]	result	28.16418361	0.00000512	0xA6	0x7F
SPI [1]	result	28.16458524	0.00000512	0x0D	0x00
SPI [1]	result	28.16459052	0.00000512	0x00	0x00
SPI [1]	result	28.16459580	0.00000512	0x88	0x7F
SPI [1]	result	28.16460108	0.00000512	0x1A	0xFF
SPI [1]	result	28.16500235	0.00000512	0x00	0x00
SPI [1]	result	28.16500763	0.00000512	0x00	0x00
SPI [1]	result	28.16501291	0.00000512	0x00	0x00
SPI [1]	result	28.16501819	0.00000512	0x00	0x00
SPI [1]	result	28.16541954	0.00000512	0x08	0x00
SPI [1]	result	28.16542482	0.00000512	0x00	0x00
SPI [1]	result	28.16543010	0.00000512	0x89	0x07
SPI [1]	result	28.16543538	0.00000512	0xB8	0xFF
SPI [1]	result	28.20333143	0.00000512	0x00	0x00
SPI [1]	result	28.20333671	0.00000512	0x00	0x00
SPI [1]	result	28.20334199	0.00000512	0x08	0x00
SPI [1]	result	28.20334727	0.00000512	0x20	0x10
SPI [1]	result	28.20374910	0.00000512	0x0E	0x00
SPI [1]	result	28.20375438	0.00000512	0x10	0x00
SPI [1]	result	28.20375966	0.00000512	0x80	0xFF
SPI [1]	result	28.20376494	0.00000512	0x12	0xFF
SPI [1]	result	28.20416583	0.00000512	0x00	0x00
SPI [1]	result	28.20417111	0.00000512	0x00	0x00
SPI [1]	result	28.20417639	0.00000512	0x00	0x00
SPI [1]	result	28.20418167	0.00000512	0x00	0x00
SPI [1]	result	28.20458304	0.00000512	0x08	0x00
SPI [1]	result	28.20458832	0.00000512	0x00	0x00
SPI [1]	result	28.20459360	0.00000512	0x88	0x07
SPI [1]	result	28.20459888	0.00000512	0x32	0xFF
SPI [1]	result	28.24333111	0.00000512	0x00	0x00
SPI [1]	result	28.24333639	0.00000512	0x00	0x00
SPI [1]	result	28.24334167	0.00000512	0x08	0x00
SPI [1]	result	28.24334695	0.00000512	0x20	0x11
SPI [1]	result	28.24374903	0.00000512	0x0F	0x00
SPI [1]	result	28.24375431	0.00000512	0x10	0x00
SPI [1]	result	28.24375959	0.00000512	0x80	0xFF
SPI [1]	result	28.24376487	0.00000512	0x1A	0xFF
SPI [1]	result	28.24416663	0.00000512	0x00	0x00
SPI [1]	result	28.24417191	0.00000512	0x00	0x00
SPI [1]	result	28.24417719	0.00000512	0x00	0x00
SPI [1]	result	28.24418247	0.00000512	0x00	0x00
SPI [1]	result	28.24458058	0.00000512	0x08	0x00
SPI [1]	result	28.24458586	0.00000512	0x00	0x00
SPI [1]	result	28.24459114	0.00000512	0x88	0x07
SPI [1]	result	28.24459642	0.00000512	0x32	0xFF
SPI [1]	result	28.28333484	0.00000512	0x00	0x00
SPI [1]	result	28.28334012	0.00000512	0x00	0x00
SPI [1]	result	28.28334540	0.00000512	0x08	0x00
SPI [1]	result	28.28335068	0.00000512	0x20	0x10
SPI [1]	result	28.28375936	0.00000512	0x08	0x00
SPI [1]	result	28.28376464	0.00000512	0x10	0x00
SPI [1]	result	28.28376992	0.00000512	0x80	0x7F
SPI [1]	result	28.28377520	0.00000512	0x22	0xFF
SPI [1]	result	28.28417659	0.00000512	0x00	0x00
SPI [1]	result	28.28418187	0.00000512	0x00	0x00
SPI [1]	result	28.28418715	0.00000512	0x09	0x00
SPI [1]	result	28.28419243	0.00000512	0xA6	0x7F
SPI [1]	result	28.28459326	0.00000512	0x09	0x00
SPI [1]	result	28.28459854	0.00000512	0x00	0x00
SPI [1]	result	28.28460382	0.00000512	0x88	0x7F
SPI [1]	result	28.28460910	0.00000512	0x3A	0xFF
SPI [1]	result	28.28501029	0.00000512	0x00	0x00
SPI [1]	result	28.28501557	0.00000512	0x00	0x00
SPI [1]	result	28.28502085	0.00000512	0x00	0x00
SPI [1]	result	28.28502613	0.00000512	0x00	0x00
SPI [1]	result	28.28542774	0.00000512	0x08	0x00
SPI [1]	result	28.28543302	0.00000512	0x00	0x00
SPI [1]	result	28.28543830	0.00000512	0x89	0x0F
SPI [1]	result	28.28544358	0.00000512	0xB8	0xFF
SPI [1]	result	28.32333608	0.00000512	0x00	0x00
SPI [1]	result	28.32334136	0.00000512	0x00	0x00
SPI [1]	result	28.32334664	0.00000512	0x08	0x00
SPI [1]	result	28.32335192	0.00000512	0x20	0x10
SPI [1]	result	28.32376727	0.00000512	0x0A	0x00
SPI [1]	result	28.32377255	0.00000512	0x10	0x1F
SPI [1]	result	28.32377783	0.00000512	0x80	0xFF
SPI [1]	result	28.32378311	0.00000512	0x32	0xFF
SPI [1]	result	28.32418550	0.00000512	0x00	0x00
SPI [1]	result	28.32419078	0.00000512	0x00	0x00
SPI [1]	result	28.32419606	0.00000512	0x00	0x00
SPI [1]	result	28.32420134	0.00000512	0x00	0x00
SPI [1]	result	28.32460280	0.00000512	0x08	0x00
SPI [1]	result	28.32460808	0.00000512	0x00	0x00
SPI [1]	result	28.32461336	0.00000512	0x88	0x07
SPI [1]	result	28.32461864	0.00000512	0x32	0xFF
SPI [1]	result	28.36333457	0.00000512	0x00	0x00
SPI [1]	result	28.36333985	0.00000512	0x00	0x00
SPI [1]	result	28.36334513	0.00000512	0x08	0x00
SPI [1]	result	28.36335041	0.00000512	0x20	0x10
SPI [1]	result	28.36376602	0.00000512	0x0B	0x00
SPI [1]	result	28.36377130	0.00000512	0x10	0x1F
SPI [1]	result	28.36377658	0.00000512	0x80	0xFF
SPI [1]	result	28.36378186	0.00000512	0x3A	0xFF
SPI [1]	result	28.36418536	0.00000512	0x00	0x00
SPI [1]	result	28.36419064	0.00000512	0x00	0x00
SPI [1]	result	28.36419592	0.00000512	0x00	0x00
SPI [1]	result	28.36420120	0.00000512	0x00	0x00
SPI [1]	result	28.36460207	0.00000512	0x08	0x00
SPI [1]	result	28.36460735	0.00000512	0x00	0x00
SPI [1]	result	28.36461263	0.00000512	0x88	0x07
SPI [1]	result	28.36461791	0.00000512	0x32	0xFF
SPI [1]	result	28.40333465	0.00000512	0x00	0x00
SPI [1]	result	28.40333993	0.00000512	0x00	0x00
SPI [1]	result	28.40334521	0.00000512	0x08	0x00
SPI [1]	result	28.40335049	0.00000512	0x20	0x10
SPI [1]	result	28.40375564	0.00000512	0x0C	0x00
SPI [1]	result	28.40376092	0.00000512	0x10	0x00
SPI [1]	result	28.40376620	0.00000512	0x80	0x7F
SPI [1]	result	28.40377148	0.00000512	0x02	0xF3
SPI [1]	result	28.40417338	0.00000512	0x00	0x00
SPI [1]	result	28.40417866	0.00000512	0x00	0x00
SPI [1]	result	28.40418394	0.00000512	0x09	0x00
SPI [1]	result	28.40418922	0.00000512	0xA6	0x7F
SPI [1]	result	28.40459078	0.00000512	0x0D	0x00
SPI [1]	result	28.40459606	0.00000512	0x00	0x00
SPI [1]	result	28.40460134	0.00000512	0x88	0x7F
SPI [1]	result	28.40460662	0.00000512	0x1A	0xFF
SPI [1]	result	28.40500743	0.00000512	0x00	0x00
SPI [1]	result	28.40501271	0.00000512	0x00	0x00
SPI [1]	result	28.40501799	0.00000512	0x00	0x00
SPI [1]	result	28.40502327	0.00000512	0x00	0x00
SPI [1]	result	28.40542192	0.00000512	0x08	0x00
SPI [1]	result	28.40542720	0.00000512	0x00	0x00
SPI [1]	result	28.40543248	0.00000512	0x89	0x07
SPI [1]	result	28.40543776	0.00000512	0xB8	0xFF
SPI [1]	result	28.44333512	0.00000512	0x00	0x00
SPI [1]	result	28.44334040	0.00000512	0x00	0x00
SPI [1]	result	28.44334568	0.00000512	0x08	0x00
SPI [1]	result	28.44335096	0.00000512	0x20	0x00
SPI [1]	result	28.44376846	0.00000512	0x0E	0x00
SPI [1]	result	28.44377374	0.00000512	0x10	0x00
SPI [1]	result	28.44377902	0.00000512	0x80	0xFF
SPI [1]	result	28.44378430	0.00000512	0x12	0xFF
SPI [1]	result	28.44418652	0.00000512	0x00	0x00
SPI [1]	result	28.44419180	0.00000512	0x00	0x00
SPI [1]	result	28.44419708	0.00000512	0x00	0x00
SPI [1]	result	28.44420236	0.00000512	0x00	0x00
SPI [1]	result	28.44460375	0.00000512	0x08	0x00
SPI [1]	result	28.44460903	0.00000512	0x00	0x00
SPI [1]	result	28.44461431	0.00000512	0x88	0x07
SPI [1]	result	28.44461959	0.00000512	0x32	0xFF
SPI [1]	result	28.48333274	0.00000512	0x00	0x00
SPI [1]	result	28.48333802	0.00000512	0x00	0x00
SPI [1]	result	28.48334330	0.00000512	0x08	0x00
SPI [1]	result	28.48334858	0.00000512	0x20	0x00
SPI [1]	result	28.48375832	0.00000512	0x0F	0x00
SPI [1]	result	28.48376360	0.00000512	0x10	0x00
SPI [1]	result	28.48376888	0.00000512	0x80	0xFF
SPI [1]	result	28.48377416	0.00000512	0x1A	0xFF
SPI [1]	result	28.48417536	0.00000512	0x00	0x00
SPI [1]	result	28.48418064	0.00000512	0x00	0x00
SPI [1]	result	28.48418592	0.00000512	0x00	0x00
SPI [1]	result	28.48419120	0.00000512	0x00	0x00
SPI [1]	result	28.48459216	0.00000512	0x08	0x00
SPI [1]	result	28.48459744	0.00000512	0x00	0x00
SPI [1]	result	28.48460272	0.00000512	0x88	0x07
SPI [1]	result	28.48460800	0.00000512	0x32	0xFF
SPI [1]	result	28.52333408	0.00000512	0x00	0x00
SPI [1]	result	28.52333936	0.00000512	0x00	0x00
SPI [1]	result	28.52334464	0.00000512	0x08	0x00
SPI [1]	result	28.52334992	0.00000512	0x20	0x10
SPI [1]	result	28.52375325	0.00000512	0x08	0x00
SPI [1]	result	28.52375853	0.00000512	0x10	0x00
SPI [1]	result	28.52376381	0.00000512	0x80	0x7F
SPI [1]	result	28.52376909	0.00000512	0x22	0xFF
SPI [1]	result	28.52417105	0.00000512	0x00	0x00
SPI [1]	result	28.52417633	0.00000512	0x00	0x00
SPI [1]	result	28.52418161	0.00000512	0x09	0x00
SPI [1]	result	28.52418689	0.00000512	0xA6	0x7F
SPI [1]	result	28.52458804	0.00000512	0x09	0x00
SPI [1]	result	28.52459332	0.00000512	0x00	0x00
SPI [1]	result	28.52459860	0.00000512	0x88	0x7F
SPI [1]	result	28.52460388	0.00000512	0x3A	0xFF
SPI [1]	result	28.52500538	0.00000512	0x00	0x00
SPI [1]	result	28.52501066	0.00000512	0x00	0x00
SPI [1]	result	28.52501594	0.00000512	0x00	0x00
SPI [1]	result	28.52502122	0.00000512	0x00	0x00
SPI [1]	result	28.52542320	0.00000512	0x08	0x00
SPI [1]	result	28.52542848	0.00000512	0x00	0x00
SPI [1]	result	28.52543376	0.00000512	0x89	0x07
SPI [1]	result	28.52543904	0.00000512	0xB8	0xFF
SPI [1]	result	28.56333155	0.00000512	0x00	0x00
SPI [1]	result	28.56333683	0.00000512	0x00	0x00
SPI [1]	result	28.56334211	0.00000512	0x08	0x00
SPI [1]	result	28.56334739	0.00000512	0x20	0x10
SPI [1]	result	28.56374748	0.00000512	0x0A	0x00
SPI [1]	result	28.56375276	0.00000512	0x10	0x1F
SPI [1]	result	28.56375804	0.00000512	0x80	0xFF
SPI [1]	result	28.56376332	0.00000512	0x32	0xFF
SPI [1]	result	28.56416480	0.00000512	0x00	0x00
SPI [1]	result	28.56417008	0.00000512	0x00	0x00
SPI [1]	result	28.56417536	0.00000512	0x00	0x00
SPI [1]	result	28.56418064	0.00000512	0x00	0x00
SPI [1]	result	28.56458151	0.00000512	0x08	0x00
SPI [1]	result	28.56458679	0.00000512	0x00	0x00
SPI [1]	result	28.56459207	0.00000512	0x88	0x0F
SPI [1]	result	28.56459735	0.00000512	0x32	0xFF
SPI [1]	result	28.60333113	0.00000512	0x00	0x00
SPI [1]	result	28.60333641	0.00000512	0x00	0x00
SPI [1]	result	28.60334169	0.00000512	0x08	0x00
SPI [1]	result	28.60334697	0.00000512	0x20	0x10
SPI [1]	result	28.60374935	0.00000512	0x0B	0x00
SPI [1]	result	28.60375463	0.00000512	0x10	0x1F
SPI [1]	result	28.60375991	0.00000512	0x80	0xFF
SPI [1]	result	28.60376519	0.00000512	0x3A	0xFF
SPI [1]	result	28.60416580	0.00000512	0x00	0x00
SPI [1]	result	28.60417108	0.00000512	0x00	0x00
SPI [1]	result	28.60417636	0.00000512	0x00	0x00
SPI [1]	result	28.60418164	0.00000512	0x00	0x00
SPI [1]	result	28.60457972	0.00000512	0x08	0x00
SPI [1]	result	28.60458500	0.00000512	0x00	0x00
SPI [1]	result	28.60459028	0.00000512	0x88	0x0F
SPI [1]	result	28.60459556	0.00000512	0x32	0xFF
SPI [1]	result	28.64333943	0.00000512	0x00	0x00
SPI [1]	result	28.64334471	0.00000512	0x00	0x00
SPI [1]	result	28.64334999	0.00000512	0x08	0x00
SPI [1]	result	28.64335527	0.00000512	0x20	0x00
SPI [1]	result	28.64377678	0.00000512	0x0C	0x00
SPI [1]	result	28.64378206	0.00000512	0x10	0x00
SPI [1]	result	28.64378734	0.00000512	0x80	0x7F
SPI [1]	result	28.64379262	0.00000512	0x02	0xFB
SPI [1]	result	28.64419457	0.00000512	0x00	0x00
SPI [1]	result	28.64419985	0.00000512	0x00	0x00
SPI [1]	result	28.64420513	0.00000512	0x09	0x00
SPI [1]	result	28.64421041	0.00000512	0xA6	0x7F
SPI [1]	result	28.64461206	0.00000512	0x0D	0x00
SPI [1]	result	28.64461734	0.00000512	0x00	0x00
SPI [1]	result	28.64462262	0.00000512	0x88	0x7F
SPI [1]	result	28.64462790	0.00000512	0x1A	0xFF
SPI [1]	result	28.64502954	0.00000512	0x00	0x00
SPI [1]	result	28.64503482	0.00000512	0x00	0x00
SPI [1]	result	28.64504010	0.00000512	0x00	0x00
SPI [1]	result	28.64504538	0.00000512	0x00	0x00
SPI [1]	result	28.64544673	0.00000512	0x08	0x00
SPI [1]	result	28.64545201	0.00000512	0x00	0x00
SPI [1]	result	28.64545729	0.00000512	0x89	0x07
SPI [1]	result	28.64546257	0.00000512	0xB8	0xFF
SPI [1]	result	28.68333232	0.00000512	0x00	0x00
SPI [1]	result	28.68333760	0.00000512	0x00	0x00
SPI [1]	result	28.68334288	0.00000512	0x08	0x00
SPI [1]	result	28.68334816	0.00000512	0x20	0x10
SPI [1]	result	28.68382479	0.00000512	0x0E	0x00
SPI [1]	result	28.68383007	0.00000512	0x10	0x00
SPI [1]	result	28.68383535	0.00000512	0x80	0xFF
SPI [1]	result	28.68384063	0.00000512	0x12	0xFF
SPI [1]	result	28.68426128	0.00000512	0x00	0x00
SPI [1]	result	28.68426656	0.00000512	0x00	0x00
SPI [1]	result	28.68427184	0.00000512	0x00	0x00
SPI [1]	result	28.68427712	0.00000512	0x00	0x00
SPI [1]	result	28.68467819	0.00000512	0x08	0x00
SPI [1]	result	28.68468347	0.00000512	0x00	0x00
SPI [1]	result	28.68468875	0.00000512	0x88	0x07
SPI [1]	result	28.68469403	0.00000512	0x32	0xFF
SPI [1]	result	28.72333539	0.00000512	0x00	0x00
SPI [1]	result	28.72334067	0.00000512	0x00	0x00
SPI [1]	result	28.72334595	0.00000512	0x08	0x00
SPI [1]	result	28.72335123	0.00000512	0x20	0x18
SPI [1]	result	28.72376287	0.00000512	0x0F	0x00
SPI [1]	result	28.72376815	0.00000512	0x10	0x00
SPI [1]	result	28.72377343	0.00000512	0x80	0xFF
SPI [1]	result	28.72377871	0.00000512	0x1A	0xFF
SPI [1]	result	28.72417782	0.00000512	0x00	0x00
SPI [1]	result	28.72418310	0.00000512	0x00	0x00
SPI [1]	result	28.72418838	0.00000512	0x00	0x00
SPI [1]	result	28.72419366	0.00000512	0x00	0x00
SPI [1]	result	28.72459510	0.00000512	0x08	0x00
SPI [1]	result	28.72460038	0.00000512	0x00	0x00
SPI [1]	result	28.72460566	0.00000512	0x88	0x07
SPI [1]	result	28.72461094	0.00000512	0x32	0xFF
SPI [1]	result	28.76333882	0.00000512	0x00	0x00
SPI [1]	result	28.76334410	0.00000512	0x00	0x00
SPI [1]	result	28.76334938	0.00000512	0x08	0x00
SPI [1]	result	28.76335466	0.00000512	0x20	0x10
SPI [1]	result	28.76377034	0.00000512	0x08	0x00
SPI [1]	result	28.76377562	0.00000512	0x10	0x00
SPI [1]	result	28.76378090	0.00000512	0x80	0xFF
SPI [1]	result	28.76378618	0.00000512	0x22	0xFF
SPI [1]	result	28.76418920	0.00000512	0x00	0x00
SPI [1]	result	28.76419448	0.00000512	0x00	0x00
SPI [1]	result	28.76419976	0.00000512	0x09	0x00
SPI [1]	result	28.76420504	0.00000512	0xA6	0x7F
SPI [1]	result	28.76460696	0.00000512	0x09	0x00
SPI [1]	result	28.76461224	0.00000512	0x00	0x00
SPI [1]	result	28.76461752	0.00000512	0x88	0x7F
SPI [1]	result	28.76462280	0.00000512	0x3A	0xFF
SPI [1]	result	28.76502388	0.00000512	0x00	0x00
SPI [1]	result	28.76502916	0.00000512	0x00	0x00
SPI [1]	result	28.76503444	0.00000512	0x00	0x00
SPI [1]	result	28.76503972	0.00000512	0x00	0x00
SPI [1]	result	28.76544110	0.00000512	0x08	0x00
SPI [1]	result	28.76544638	0.00000512	0x00	0x00
SPI [1]	result	28.76545166	0.00000512	0x89	0x07
SPI [1]	result	28.76545694	0.00000512	0xB8	0xFF
SPI [1]	result	28.80333451	0.00000512	0x00	0x00
SPI [1]	result	28.80333979	0.00000512	0x00	0x00
SPI [1]	result	28.80334507	0.00000512	0x08	0x00
SPI [1]	result	28.80335035	0.00000512	0x20	0x10
SPI [1]	result	28.80376296	0.00000512	0x0A	0x00
SPI [1]	result	28.80376824	0.00000512	0x10	0x1F
SPI [1]	result	28.80377352	0.00000512	0x80	0xFF
SPI [1]	result	28.80377880	0.00000512	0x32	0xFF
SPI [1]	result	28.80418122	0.00000512	0x00	0x00
SPI [1]	result	28.80418650	0.00000512	0x00	0x00
SPI [1]	result	28.80419178	0.00000512	0x00	0x00
SPI [1]	result	28.80419706	0.00000512	0x00	0x00
SPI [1]	result	28.80459634	0.00000512	0x08	0x00
SPI [1]	result	28.80460162	0.00000512	0x00	0x00
SPI [1]	result	28.80460690	0.00000512	0x88	0x07
SPI [1]	result	28.80461218	0.00000512	0x32	0xFF
SPI [1]	result	28.84333648	0.00000512	0x00	0x00
SPI [1]	result	28.84334176	0.00000512	0x00	0x00
SPI [1]	result	28.84334704	0.00000512	0x08	0x00
SPI [1]	result	28.84335232	0.00000512	0x20	0x14
SPI [1]	result	28.84377306	0.00000512	0x0B	0x00
SPI [1]	result	28.84377834	0.00000512	0x10	0x1F
SPI [1]	result	28.84378362	0.00000512	0x80	0xFF
SPI [1]	result	28.84378890	0.00000512	0x3A	0xFF
SPI [1]	result	28.84419326	0.00000512	0x00	0x00
SPI [1]	result	28.84419854	0.00000512	0x00	0x00
SPI [1]	result	28.84420382	0.00000512	0x00	0x00
SPI [1]	result	28.84420910	0.00000512	0x00	0x00
SPI [1]	result	28.84461086	0.00000512	0x08	0x00
SPI [1]	result	28.84461614	0.00000512	0x00	0x00
SPI [1]	result	28.84462142	0.00000512	0x88	0x07
SPI [1]	result	28.84462670	0.00000512	0x32	0xFF
SPI [1]	result	28.88333713	0.00000512	0x00	0x00
SPI [1]	result	28.88334241	0.00000512	0x00	0x00
SPI [1]	result	28.88334769	0.00000512	0x08	0x00
SPI [1]	result	28.88335297	0.00000512	0x20	0x14
SPI [1]	result	28.88376777	0.00000512	0x0C	0x00
SPI [1]	result	28.88377305	0.00000512	0x10	0x00
SPI [1]	result	28.88377833	0.00000512	0x80	0x7F
SPI [1]	result	28.88378361	0.00000512	0x02	0xE3
SPI [1]	result	28.88418761	0.00000512	0x00	0x00
SPI [1]	result	28.88419289	0.00000512	0x00	0x00
SPI [1]	result	28.88419817	0.00000512	0x09	0x00
SPI [1]	result	28.88420345	0.00000512	0xA6	0x7F
SPI [1]	result	28.88460546	0.00000512	0x0D	0x00
SPI [1]	result	28.88461074	0.00000512	0x00	0x00
SPI [1]	result	28.88461602	0.00000512	0x88	0x7F
SPI [1]	result	28.88462130	0.00000512	0x1A	0xFF
SPI [1]	result	28.88502306	0.00000512	0x00	0x00
SPI [1]	result	28.88502834	0.00000512	0x00	0x00
SPI [1]	result	28.88503362	0.00000512	0x00	0x00
SPI [1]	result	28.88503890	0.00000512	0x00	0x00
SPI [1]	result	28.88544053	0.00000512	0x08	0x00
SPI [1]	result	28.88544581	0.00000512	0x00	0x00
SPI [1]	result	28.88545109	0.00000512	0x89	0x0F
SPI [1]	result	28.88545637	0.00000512	0xB8	0xFF
SPI [1]	result	28.92333284	0.00000512	0x00	0x00
SPI [1]	result	28.92333812	0.00000512	0x00	0x00
SPI [1]	result	28.92334340	0.00000512	0x08	0x00
SPI [1]	result	28.92334868	0.00000512	0x20	0x10
SPI [1]	result	28.92375188	0.00000512	0x0E	0x00
SPI [1]	result	28.92375716	0.00000512	0x10	0x00
SPI [1]	result	28.92376244	0.00000512	0x80	0xFF
SPI [1]	result	28.92376772	0.00000512	0x12	0xFF
SPI [1]	result	28.92416898	0.00000512	0x00	0x00
SPI [1]	result	28.92417426	0.00000512	0x00	0x00
SPI [1]	result	28.92417954	0.00000512	0x00	0x00
SPI [1]	result	28.92418482	0.00000512	0x00	0x00
SPI [1]	result	28.92458586	0.00000512	0x08	0x00
SPI [1]	result	28.92459114	0.00000512	0x00	0x00
SPI [1]	result	28.92459642	0.00000512	0x88	0x07
SPI [1]	result	28.92460170	0.00000512	0x32	0xFF
SPI [1]	result	28.96333170	0.00000512	0x00	0x00
SPI [1]	result	28.96333698	0.00000512	0x00	0x00
SPI [1]	result	28.96334226	0.00000512	0x08	0x00
SPI [1]	result	28.96334754	0.00000512	0x20	0x00
SPI [1]	result	28.96375135	0.00000512	0x0F	0x00
SPI [1]	result	28.96375663	0.00000512	0x10	0x00
SPI [1]	result	28.96376191	0.00000512	0x80	0xFF
SPI [1]	result	28.96376719	0.00000512	0x1A	0xFF
SPI [1]	result	28.96416856	0.00000512	0x00	0x00
SPI [1]	result	28.96417384	0.00000512	0x00	0x00
SPI [1]	result	28.96417912	0.00000512	0x00	0x00
SPI [1]	result	28.96418440	0.00000512	0x00	0x00
SPI [1]	result	28.96458294	0.00000512	0x08	0x00
SPI [1]	result	28.96458822	0.00000512	0x00	0x00
SPI [1]	result	28.96459350	0.00000512	0x88	0x07
SPI [1]	result	28.96459878	0.00000512	0x32	0xFF
SPI [1]	result	29.00333365	0.00000512	0x00	0x00
SPI [1]	result	29.00333893	0.00000512	0x00	0x00
SPI [1]	result	29.00334421	0.00000512	0x08	0x00
SPI [1]	result	29.00334949	0.00000512	0x20	0x10
SPI [1]	result	29.00375508	0.00000512	0x08	0x00
SPI [1]	result	29.00376036	0.00000512	0x10	0x00
SPI [1]	result	29.00376564	0.00000512	0x80	0x7F
SPI [1]	result	29.00377092	0.00000512	0x22	0xFF
SPI [1]	result	29.00417222	0.00000512	0x00	0x00
SPI [1]	result	29.00417750	0.00000512	0x00	0x00
SPI [1]	result	29.00418278	0.00000512	0x09	0x00
SPI [1]	result	29.00418806	0.00000512	0xA6	0x7F
SPI [1]	result	29.00458931	0.00000512	0x09	0x00
SPI [1]	result	29.00459459	0.00000512	0x00	0x00
SPI [1]	result	29.00459987	0.00000512	0x88	0x7F
SPI [1]	result	29.00460515	0.00000512	0x3A	0xFF
SPI [1]	result	29.00500314	0.00000512	0x00	0x00
SPI [1]	result	29.00500842	0.00000512	0x00	0x00
SPI [1]	result	29.00501370	0.00000512	0x00	0x00
SPI [1]	result	29.00501898	0.00000512	0x00	0x00
SPI [1]	result	29.00542007	0.00000512	0x08	0x00
SPI [1]	result	29.00542535	0.00000512	0x00	0x00
SPI [1]	result	29.00543063	0.00000512	0x89	0x07
SPI [1]	result	29.00543591	0.00000512	0xB8	0xFF
SPI [1]	result	29.04333193	0.00000512	0x00	0x00
SPI [1]	result	29.04333721	0.00000512	0x00	0x00
SPI [1]	result	29.04334249	0.00000512	0x08	0x00
SPI [1]	result	29.04334777	0.00000512	0x20	0x10
SPI [1]	result	29.04380333	0.00000512	0x0A	0x00
SPI [1]	result	29.04380861	0.00000512	0x10	0x1F
SPI [1]	result	29.04381389	0.00000512	0x80	0xFF
SPI [1]	result	29.04381917	0.00000512	0x32	0xFF
SPI [1]	result	29.04423998	0.00000512	0x00	0x00
SPI [1]	result	29.04424526	0.00000512	0x00	0x00
SPI [1]	result	29.04425054	0.00000512	0x00	0x00
SPI [1]	result	29.04425582	0.00000512	0x00	0x00
SPI [1]	result	29.04465836	0.00000512	0x08	0x00
SPI [1]	result	29.04466364	0.00000512	0x00	0x00
SPI [1]	result	29.04466892	0.00000512	0x88	0x07
SPI [1]	result	29.04467420	0.00000512	0x32	0xFF
SPI [1]	result	29.08333416	0.00000512	0x00	0x00
SPI [1]	result	29.08333944	0.00000512	0x00	0x00
SPI [1]	result	29.08334472	0.00000512	0x08	0x00
SPI [1]	result	29.08335000	0.00000512	0x20	0x10
SPI [1]	result	29.08375454	0.00000512	0x0B	0x00
SPI [1]	result	29.08375982	0.00000512	0x10	0x0F
SPI [1]	result	29.08376510	0.00000512	0x80	0xFF
SPI [1]	result	29.08377038	0.00000512	0x3A	0xFF
SPI [1]	result	29.08417184	0.00000512	0x00	0x00
SPI [1]	result	29.08417712	0.00000512	0x00	0x00
SPI [1]	result	29.08418240	0.00000512	0x00	0x00
SPI [1]	result	29.08418768	0.00000512	0x00	0x00
SPI [1]	result	29.08458890	0.00000512	0x08	0x00
SPI [1]	result	29.08459418	0.00000512	0x00	0x00
SPI [1]	result	29.08459946	0.00000512	0x88	0x07
SPI [1]	result	29.08460474	0.00000512	0x32	0xFF
SPI [1]	result	29.12333733	0.00000512	0x00	0x00
SPI [1]	result	29.12334261	0.00000512	0x00	0x00
SPI [1]	result	29.12334789	0.00000512	0x08	0x00
SPI [1]	result	29.12335317	0.00000512	0x20	0x10
SPI [1]	result	29.12377027	0.00000512	0x0C	0x00
SPI [1]	result	29.12377555	0.00000512	0x10	0x00
SPI [1]	result	29.12378083	0.00000512	0x80	0x7F
SPI [1]	result	29.12378611	0.00000512	0x02	0xE3
SPI [1]	result	29.12418884	0.00000512	0x00	0x00
SPI [1]	result	29.12419412	0.00000512	0x00	0x00
SPI [1]	result	29.12419940	0.00000512	0x09	0x00
SPI [1]	result	29.12420468	0.00000512	0xA6	0x7F
SPI [1]	result	29.12460635	0.00000512	0x0D	0x00
SPI [1]	result	29.12461163	0.00000512	0x00	0x00
SPI [1]	result	29.12461691	0.00000512	0x88	0x7F
SPI [1]	result	29.12462219	0.00000512	0x1A	0xFF
SPI [1]	result	29.12502347	0.00000512	0x00	0x00
SPI [1]	result	29.12502875	0.00000512	0x00	0x00
SPI [1]	result	29.12503403	0.00000512	0x00	0x00
SPI [1]	result	29.12503931	0.00000512	0x00	0x00
SPI [1]	result	29.12544020	0.00000512	0x08	0x00
SPI [1]	result	29.12544548	0.00000512	0x00	0x00
SPI [1]	result	29.12545076	0.00000512	0x89	0x0F
SPI [1]	result	29.12545604	0.00000512	0xB8	0xFF
SPI [1]	result	29.16333245	0.00000512	0x00	0x00
SPI [1]	result	29.16333773	0.00000512	0x00	0x00
SPI [1]	result	29.16334301	0.00000512	0x08	0x00
SPI [1]	result	29.16334829	0.00000512	0x20	0x00
SPI [1]	result	29.16375366	0.00000512	0x0E	0x00
SPI [1]	result	29.16375894	0.00000512	0x10	0x00
SPI [1]	result	29.16376422	0.00000512	0x80	0xFF
SPI [1]	result	29.16376950	0.00000512	0x12	0xFF
SPI [1]	result	29.16417054	0.00000512	0x00	0x00
SPI [1]	result	29.16417582	0.00000512	0x00	0x00
SPI [1]	result	29.16418110	0.00000512	0x00	0x00
SPI [1]	result	29.16418638	0.00000512	0x00	0x00
SPI [1]	result	29.16458793	0.00000512	0x08	0x00
SPI [1]	result	29.16459321	0.00000512	0x00	0x00
SPI [1]	result	29.16459849	0.00000512	0x88	0x07
SPI [1]	result	29.16460377	0.00000512	0x32	0xFF
SPI [1]	result	29.20333497	0.00000512	0x00	0x00
SPI [1]	result	29.20334025	0.00000512	0x00	0x00
SPI [1]	result	29.20334553	0.00000512	0x08	0x00
SPI [1]	result	29.20335081	0.00000512	0x20	0x10
SPI [1]	result	29.20376652	0.00000512	0x0F	0x00
SPI [1]	result	29.20377180	0.00000512	0x10	0x00
SPI [1]	result	29.20377708	0.00000512	0x80	0xFF
SPI [1]	result	29.20378236	0.00000512	0x1A	0xFF
SPI [1]	result	29.20418532	0.00000512	0x00	0x00
SPI [1]	result	29.20419060	0.00000512	0x00	0x00
SPI [1]	result	29.20419588	0.00000512	0x00	0x00
SPI [1]	result	29.20420116	0.00000512	0x00	0x00
SPI [1]	result	29.20460251	0.00000512	0x08	0x00
SPI [1]	result	29.20460779	0.00000512	0x00	0x00
SPI [1]	result	29.20461307	0.00000512	0x88	0x07
SPI [1]	result	29.20461835	0.00000512	0x32	0xFF
SPI [1]	result	29.24333352	0.00000512	0x00	0x00
SPI [1]	result	29.24333880	0.00000512	0x00	0x00
SPI [1]	result	29.24334408	0.00000512	0x08	0x00
SPI [1]	result	29.24334936	0.00000512	0x20	0x10
SPI [1]	result	29.24374986	0.00000512	0x08	0x00
SPI [1]	result	29.24375514	0.00000512	0x10	0x00
SPI [1]	result	29.24376042	0.00000512	0x80	0x7F
SPI [1]	result	29.24376570	0.00000512	0x22	0xFF
SPI [1]	result	29.24416797	0.00000512	0x00	0x00
SPI [1]	result	29.24417325	0.00000512	0x00	0x00
SPI [1]	result	29.24417853	0.00000512	0x09	0x00
SPI [1]	result	29.24418381	0.00000512	0xA6	0x7F
SPI [1]	result	29.24458557	0.00000512	0x09	0x00
SPI [1]	result	29.24459085	0.00000512	0x00	0x00
SPI [1]	result	29.24459613	0.00000512	0x88	0x7F
SPI [1]	result	29.24460141	0.00000512	0x3A	0xFF
SPI [1]	result	29.24500265	0.00000512	0x00	0x00
SPI [1]	result	29.24500793	0.00000512	0x00	0x00
SPI [1]	result	29.24501321	0.00000512	0x00	0x00
SPI [1]	result	29.24501849	0.00000512	0x00	0x00
SPI [1]	result	29.24541956	0.00000512	0x08	0x00
SPI [1]	result	29.24542484	0.00000512	0x00	0x00
SPI [1]	result	29.24543012	0.00000512	0x89	0x07
SPI [1]	result	29.24543540	0.00000512	0xB8	0xFF
SPI [1]	result	29.28333138	0.00000512	0x00	0x00
SPI [1]	result	29.28333666	0.00000512	0x00	0x00
SPI [1]	result	29.28334194	0.00000512	0x08	0x00
SPI [1]	result	29.28334722	0.00000512	0x20	0x10
SPI [1]	result	29.28374766	0.00000512	0x0A	0x00
SPI [1]	result	29.28375294	0.00000512	0x10	0x1F
SPI [1]	result	29.28375822	0.00000512	0x80	0xFF
SPI [1]	result	29.28376350	0.00000512	0x32	0xFF
SPI [1]	result	29.28416565	0.00000512	0x00	0x00
SPI [1]	result	29.28417093	0.00000512	0x00	0x00
SPI [1]	result	29.28417621	0.00000512	0x00	0x00
SPI [1]	result	29.28418149	0.00000512	0x00	0x00
SPI [1]	result	29.28458302	0.00000512	0x08	0x00
SPI [1]	result	29.28458830	0.00000512	0x00	0x00
SPI [1]	result	29.28459358	0.00000512	0x88	0x07
SPI [1]	result	29.28459886	0.00000512	0x32	0xFF
SPI [1]	result	29.32333192	0.00000512	0x00	0x00
SPI [1]	result	29.32333720	0.00000512	0x00	0x00
SPI [1]	result	29.32334248	0.00000512	0x08	0x00
SPI [1]	result	29.32334776	0.00000512	0x20	0x10
SPI [1]	result	29.32375067	0.00000512	0x0B	0x00
SPI [1]	result	29.32375595	0.00000512	0x10	0x1F
SPI [1]	result	29.32376123	0.00000512	0x80	0xFF
SPI [1]	result	29.32376651	0.00000512	0x3A	0xFF
SPI [1]	result	29.32416819	0.00000512	0x00	0x00
SPI [1]	result	29.32417347	0.00000512	0x00	0x00
SPI [1]	result	29.32417875	0.00000512	0x00	0x00
SPI [1]	result	29.32418403	0.00000512	0x00	0x00
SPI [1]	result	29.32458194	0.00000512	0x08	0x00
SPI [1]	result	29.32458722	0.00000512	0x00	0x00
SPI [1]	result	29.32459250	0.00000512	0x88	0x07
SPI [1]	result	29.32459778	0.00000512	0x32	0xFF
SPI [1]	result	29.36333285	0.00000512	0x00	0x00
SPI [1]	result	29.36333813	0.00000512	0x00	0x00
SPI [1]	result	29.36334341	0.00000512	0x08	0x00
SPI [1]	result	29.36334869	0.00000512	0x20	0x00
SPI [1]	result	29.36375123	0.00000512	0x0C	0x00
SPI [1]	result	29.36375651	0.00000512	0x10	0x00
SPI [1]	result	29.36376179	0.00000512	0x80	0x7F
SPI [1]	result	29.36376707	0.00000512	0x02	0xF3
SPI [1]	result	29.36416579	0.00000512	0x00	0x00
SPI [1]	result	29.36417107	0.00000512	0x00	0x00
SPI [1]	result	29.36417635	0.00000512	0x09	0x00
SPI [1]	result	29.36418163	0.00000512	0xA6	0x7F
SPI [1]	result	29.36458226	0.00000512	0x0D	0x00
SPI [1]	result	29.36458754	0.00000512	0x00	0x00
SPI [1]	result	29.36459282	0.00000512	0x88	0x7F
SPI [1]	result	29.36459810	0.00000512	0x1A	0xFF
SPI [1]	result	29.36499927	0.00000512	0x00	0x00
SPI [1]	result	29.36500455	0.00000512	0x00	0x00
SPI [1]	result	29.36500983	0.00000512	0x00	0x00
SPI [1]	result	29.36501511	0.00000512	0x00	0x00
SPI [1]	result	29.36541592	0.00000512	0x08	0x00
SPI [1]	result	29.36542120	0.00000512	0x00	0x00
SPI [1]	result	29.36542648	0.00000512	0x89	0x07
SPI [1]	result	29.36543176	0.00000512	0xB8	0xFF
SPI [1]	result	29.40333138	0.00000512	0x00	0x00
SPI [1]	result	29.40333666	0.00000512	0x00	0x00
SPI [1]	result	29.40334194	0.00000512	0x08	0x00
SPI [1]	result	29.40334722	0.00000512	0x20	0x10
SPI [1]	result	29.40374733	0.00000512	0x0E	0x00
SPI [1]	result	29.40375261	0.00000512	0x10	0x00
SPI [1]	result	29.40375789	0.00000512	0x80	0xFF
SPI [1]	result	29.40376317	0.00000512	0x12	0xFF
SPI [1]	result	29.40422659	0.00000512	0x00	0x00
SPI [1]	result	29.40423187	0.00000512	0x00	0x00
SPI [1]	result	29.40423715	0.00000512	0x00	0x00
SPI [1]	result	29.40424243	0.00000512	0x00	0x00
SPI [1]	result	29.40466188	0.00000512	0x08	0x00
SPI [1]	result	29.40466716	0.00000512	0x00	0x00
SPI [1]	result	29.40467244	0.00000512	0x88	0x07
SPI [1]	result	29.40467772	0.00000512	0x32	0xFF
SPI [1]	result	29.44333467	0.00000512	0x00	0x00
SPI [1]	result	29.44333995	0.00000512	0x00	0x00
SPI [1]	result	29.44334523	0.00000512	0x08	0x00
SPI [1]	result	29.44335051	0.00000512	0x20	0x10
SPI [1]	result	29.44375571	0.00000512	0x0F	0x00
SPI [1]	result	29.44376099	0.00000512	0x10	0x00
SPI [1]	result	29.44376627	0.00000512	0x80	0xFF
SPI [1]	result	29.44377155	0.00000512	0x1A	0xDF
SPI [1]	result	29.44417016	0.00000512	0x00	0x00
SPI [1]	result	29.44417544	0.00000512	0x00	0x00
SPI [1]	result	29.44418072	0.00000512	0x00	0x00
SPI [1]	result	29.44418600	0.00000512	0x00	0x00
SPI [1]	result	29.44458637	0.00000512	0x08	0x00
SPI [1]	result	29.44459165	0.00000512	0x00	0x00
SPI [1]	result	29.44459693	0.00000512	0x88	0x07
SPI [1]	result	29.44460221	0.00000512	0x32	0xFF
SPI [1]	result	29.48333651	0.00000512	0x00	0x00
SPI [1]	result	29.48334179	0.00000512	0x00	0x00
SPI [1]	result	29.48334707	0.00000512	0x08	0x00
SPI [1]	result	29.48335235	0.00000512	0x20	0x10
SPI [1]	result	29.48376161	0.00000512	0x08	0x00
SPI [1]	result	29.48376689	0.00000512	0x10	0x00
SPI [1]	result	29.48377217	0.00000512	0x80	0xFF
SPI [1]	result	29.48377745	0.00000512	0x22	0xFF
SPI [1]	result	29.48418006	0.00000512	0x00	0x00
SPI [1]	result	29.48418534	0.00000512	0x00	0x00
SPI [1]	result	29.48419062	0.00000512	0x09	0x00
SPI [1]	result	29.48419590	0.00000512	0xA6	0x7F
SPI [1]	result	29.48459753	0.00000512	0x09	0x00
SPI [1]	result	29.48460281	0.00000512	0x00	0x00
SPI [1]	result	29.48460809	0.00000512	0x88	0x7F
SPI [1]	result	29.48461337	0.00000512	0x3A	0xFF
SPI [1]	result	29.48501505	0.00000512	0x00	0x00
SPI [1]	result	29.48502033	0.00000512	0x00	0x00
SPI [1]	result	29.48502561	0.00000512	0x00	0x00
SPI [1]	result	29.48503089	0.00000512	0x00	0x00
SPI [1]	result	29.48543202	0.00000512	0x08	0x00
SPI [1]	result	29.48543730	0.00000512	0x00	0x00
SPI [1]	result	29.48544258	0.00000512	0x89	0x07
SPI [1]	result	29.48544786	0.00000512	0xB8	0xFF
SPI [1]	result	29.52333298	0.00000512	0x00	0x00
SPI [1]	result	29.52333826	0.00000512	0x00	0x00
SPI [1]	result	29.52334354	0.00000512	0x08	0x00
SPI [1]	result	29.52334882	0.00000512	0x20	0x18
SPI [1]	result	29.52375449	0.00000512	0x0A	0x00
SPI [1]	result	29.52375977	0.00000512	0x10	0x1F
SPI [1]	result	29.52376505	0.00000512	0x80	0xFF
SPI [1]	result	29.52377033	0.00000512	0x32	0xFF
SPI [1]	result	29.52416860	0.00000512	0x00	0x00
SPI [1]	result	29.52417388	0.00000512	0x00	0x00
SPI [1]	result	29.52417916	0.00000512	0x00	0x00
SPI [1]	result	29.52418444	0.00000512	0x00	0x00
SPI [1]	result	29.52458533	0.00000512	0x08	0x00
SPI [1]	result	29.52459061	0.00000512	0x00	0x00
SPI [1]	result	29.52459589	0.00000512	0x88	0x07
SPI [1]	result	29.52460117	0.00000512	0x32	0xFF
SPI [1]	result	29.56333523	0.00000512	0x00	0x00
SPI [1]	result	29.56334051	0.00000512	0x00	0x00
SPI [1]	result	29.56334579	0.00000512	0x08	0x00
SPI [1]	result	29.56335107	0.00000512	0x20	0x10
SPI [1]	result	29.56376629	0.00000512	0x0B	0x00
SPI [1]	result	29.56377157	0.00000512	0x10	0x1F
SPI [1]	result	29.56377685	0.00000512	0x80	0xFF
SPI [1]	result	29.56378213	0.00000512	0x3A	0xFF
SPI [1]	result	29.56418328	0.00000512	0x00	0x00
SPI [1]	result	29.56418856	0.00000512	0x00	0x00
SPI [1]	result	29.56419384	0.00000512	0x00	0x00
SPI [1]	result	29.56419912	0.00000512	0x00	0x00
SPI [1]	result	29.56459886	0.00000512	0x08	0x00
SPI [1]	result	29.56460414	0.00000512	0x00	0x00
SPI [1]	result	29.56460942	0.00000512	0x88	0x07
SPI [1]	result	29.56461470	0.00000512	0x32	0xFF
SPI [1]	result	29.60333411	0.00000512	0x00	0x00
SPI [1]	result	29.60333939	0.00000512	0x00	0x00
SPI [1]	result	29.60334467	0.00000512	0x08	0x00
SPI [1]	result	29.60334995	0.00000512	0x20	0x10
SPI [1]	result	29.60375230	0.00000512	0x0C	0x00
SPI [1]	result	29.60375758	0.00000512	0x10	0x00
SPI [1]	result	29.60376286	0.00000512	0x80	0xFF
SPI [1]	result	29.60376814	0.00000512	0x02	0xFF
SPI [1]	result	29.60416927	0.00000512	0x00	0x00
SPI [1]	result	29.60417455	0.00000512	0x00	0x00
SPI [1]	result	29.60417983	0.00000512	0x09	0x00
SPI [1]	result	29.60418511	0.00000512	0xA6	0x7F
SPI [1]	result	29.60458719	0.00000512	0x0D	0x00
SPI [1]	result	29.60459247	0.00000512	0x00	0x00
SPI [1]	result	29.60459775	0.00000512	0x88	0x7F
SPI [1]	result	29.60460303	0.00000512	0x1A	0xFF
SPI [1]	result	29.60500389	0.00000512	0x00	0x00
SPI [1]	result	29.60500917	0.00000512	0x00	0x00
SPI [1]	result	29.60501445	0.00000512	0x00	0x00
SPI [1]	result	29.60501973	0.00000512	0x00	0x00
SPI [1]	result	29.60542097	0.00000512	0x08	0x00
SPI [1]	result	29.60542625	0.00000512	0x00	0x00
SPI [1]	result	29.60543153	0.00000512	0x89	0x07
SPI [1]	result	29.60543681	0.00000512	0xB8	0xFF
SPI [1]	result	29.64333768	0.00000512	0x00	0x00
SPI [1]	result	29.64334296	0.00000512	0x00	0x00
SPI [1]	result	29.64334824	0.00000512	0x08	0x00
SPI [1]	result	29.64335352	0.00000512	0x20	0x10
SPI [1]	result	29.64377488	0.00000512	0x0E	0x00
SPI [1]	result	29.64378016	0.00000512	0x10	0x00
SPI [1]	result	29.64378544	0.00000512	0x80	0x7F
SPI [1]	result	29.64379072	0.00000512	0x12	0xFF
SPI [1]	result	29.64419400	0.00000512	0x00	0x00
SPI [1]	result	29.64419928	0.00000512	0x00	0x00
SPI [1]	result	29.64420456	0.00000512	0x00	0x00
SPI [1]	result	29.64420984	0.00000512	0x00	0x00
SPI [1]	result	29.64461119	0.00000512	0x08	0x00
SPI [1]	result	29.64461647	0.00000512	0x00	0x00
SPI [1]	result	29.64462175	0.00000512	0x88	0x07
SPI [1]	result	29.64462703	0.00000512	0x32	0xFF
SPI [1]	result	29.68333661	0.00000512	0x00	0x00
SPI [1]	result	29.68334189	0.00000512	0x00	0x00
SPI [1]	result	29.68334717	0.00000512	0x08	0x00
SPI [1]	result	29.68335245	0.00000512	0x20	0x10
SPI [1]	result	29.68377410	0.00000512	0x0F	0x00
SPI [1]	result	29.68377938	0.00000512	0x10	0x00
SPI [1]	result	29.68378466	0.00000512	0x80	0x7F
SPI [1]	result	29.68378994	0.00000512	0x1A	0xFF
SPI [1]	result	29.68419377	0.00000512	0x00	0x00
SPI [1]	result	29.68419905	0.00000512	0x00	0x00
SPI [1]	result	29.68420433	0.00000512	0x00	0x00
SPI [1]	result	29.68420961	0.00000512	0x00	0x00
SPI [1]	result	29.68461083	0.00000512	0x08	0x00
SPI [1]	result	29.68461611	0.00000512	0x00	0x00
SPI [1]	result	29.68462139	0.00000512	0x88	0x0F
SPI [1]	result	29.68462667	0.00000512	0x32	0xFF
SPI [1]	result	29.72333464	0.00000512	0x00	0x00
SPI [1]	result	29.72333992	0.00000512	0x00	0x00
SPI [1]	result	29.72334520	0.00000512	0x08	0x00
SPI [1]	result	29.72335048	0.00000512	0x20	0x18
SPI [1]	result	29.72375159	0.00000512	0x08	0x00
SPI [1]	result	29.72375687	0.00000512	0x10	0x00
SPI [1]	result	29.72376215	0.00000512	0x80	0x7F
SPI [1]	result	29.72376743	0.00000512	0x22	0xFF
SPI [1]	result	29.72416824	0.00000512	0x00	0x00
SPI [1]	result	29.72417352	0.00000512	0x00	0x00
SPI [1]	result	29.72417880	0.00000512	0x09	0x00
SPI [1]	result	29.72418408	0.00000512	0xA6	0x7F
SPI [1]	result	29.72458543	0.00000512	0x09	0x00
SPI [1]	result	29.72459071	0.00000512	0x00	0x00
SPI [1]	result	29.72459599	0.00000512	0x88	0x7F
SPI [1]	result	29.72460127	0.00000512	0x3A	0xFF
SPI [1]	result	29.72500262	0.00000512	0x00	0x00
SPI [1]	result	29.72500790	0.00000512	0x00	0x00
SPI [1]	result	29.72501318	0.00000512	0x00	0x00
SPI [1]	result	29.72501846	0.00000512	0x00	0x00
SPI [1]	result	29.72541996	0.00000512	0x08	0x00
SPI [1]	result	29.72542524	0.00000512	0x00	0x00
SPI [1]	result	29.72543052	0.00000512	0x89	0x07
SPI [1]	result	29.72543580	0.00000512	0xB8	0xFF
SPI [1]	result	29.76333150	0.00000512	0x00	0x00
SPI [1]	result	29.76333678	0.00000512	0x00	0x00
SPI [1]	result	29.76334206	0.00000512	0x08	0x00
SPI [1]	result	29.76334734	0.00000512	0x20	0x10
SPI [1]	result	29.76374852	0.00000512	0x0A	0x00
SPI [1]	result	29.76375380	0.00000512	0x10	0x1F
SPI [1]	result	29.76375908	0.00000512	0x80	0xFF
SPI [1]	result	29.76376436	0.00000512	0x32	0xFF
SPI [1]	result	29.76422497	0.00000512	0x00	0x00
SPI [1]	result	29.76423025	0.00000512	0x00	0x00
SPI [1]	result	29.76423553	0.00000512	0x00	0x00
SPI [1]	result	29.76424081	0.00000512	0x00	0x00
SPI [1]	result	29.76465974	0.00000512	0x08	0x00
SPI [1]	result	29.76466502	0.00000512	0x00	0x00
SPI [1]	result	29.76467030	0.00000512	0x88	0x0F
SPI [1]	result	29.76467558	0.00000512	0x32	0xFF
SPI [1]	result	29.80333462	0.00000512	0x00	0x00
SPI [1]	result	29.80333990	0.00000512	0x00	0x00
SPI [1]	result	29.80334518	0.00000512	0x08	0x00
SPI [1]	result	29.80335046	0.00000512	0x20	0x10
SPI [1]	result	29.80376390	0.00000512	0x0B	0x00
SPI [1]	result	29.80376918	0.00000512	0x10	0x1F
SPI [1]	result	29.80377446	0.00000512	0x80	0xFF
SPI [1]	result	29.80377974	0.00000512	0x3A	0xFF
SPI [1]	result	29.80417915	0.00000512	0x00	0x00
SPI [1]	result	29.80418443	0.00000512	0x00	0x00
SPI [1]	result	29.80418971	0.00000512	0x00	0x00
SPI [1]	result	29.80419499	0.00000512	0x00	0x00
SPI [1]	result	29.80459617	0.00000512	0x08	0x00
SPI [1]	result	29.80460145	0.00000512	0x00	0x00
SPI [1]	result	29.80460673	0.00000512	0x88	0x07
SPI [1]	result	29.80461201	0.00000512	0x32	0xFF
SPI [1]	result	29.84333670	0.00000512	0x00	0x00
SPI [1]	result	29.84334198	0.00000512	0x00	0x00
SPI [1]	result	29.84334726	0.00000512	0x08	0x00
SPI [1]	result	29.84335254	0.00000512	0x20	0x14
SPI [1]	result	29.84376839	0.00000512	0x0C	0x00
SPI [1]	result	29.84377367	0.00000512	0x10	0x00
SPI [1]	result	29.84377895	0.00000512	0x80	0x7F
SPI [1]	result	29.84378423	0.00000512	0x02	0xFB
SPI [1]	result	29.84418764	0.00000512	0x00	0x00
SPI [1]	result	29.84419292	0.00000512	0x00	0x00
SPI [1]	result	29.84419820	0.00000512	0x09	0x00
SPI [1]	result	29.84420348	0.00000512	0xA6	0x7F
SPI [1]	result	29.84460209	0.00000512	0x0D	0x00
SPI [1]	result	29.84460737	0.00000512	0x00	0x00
SPI [1]	result	29.84461265	0.00000512	0x88	0x7F
SPI [1]	result	29.84461793	0.00000512	0x1A	0xFF
SPI [1]	result	29.84501954	0.00000512	0x00	0x00
SPI [1]	result	29.84502482	0.00000512	0x00	0x00
SPI [1]	result	29.84503010	0.00000512	0x00	0x00
SPI [1]	result	29.84503538	0.00000512	0x00	0x00
SPI [1]	result	29.84543727	0.00000512	0x08	0x00
SPI [1]	result	29.84544255	0.00000512	0x00	0x00
SPI [1]	result	29.84544783	0.00000512	0x89	0x07
SPI [1]	result	29.84545311	0.00000512	0xB8	0xFF
SPI [1]	result	29.88333442	0.00000512	0x00	0x00
SPI [1]	result	29.88333970	0.00000512	0x00	0x00
SPI [1]	result	29.88334498	0.00000512	0x08	0x00
SPI [1]	result	29.88335026	0.00000512	0x20	0x10
SPI [1]	result	29.88376309	0.00000512	0x0E	0x00
SPI [1]	result	29.88376837	0.00000512	0x10	0x00
SPI [1]	result	29.88377365	0.00000512	0x80	0xFF
SPI [1]	result	29.88377893	0.00000512	0x12	0xFF
SPI [1]	result	29.88417906	0.00000512	0x00	0x00
SPI [1]	result	29.88418434	0.00000512	0x00	0x00
SPI [1]	result	29.88418962	0.00000512	0x00	0x00
SPI [1]	result	29.88419490	0.00000512	0x00	0x00
SPI [1]	result	29.88459645	0.00000512	0x08	0x00
SPI [1]	result	29.88460173	0.00000512	0x00	0x00
SPI [1]	result	29.88460701	0.00000512	0x88	0x07
SPI [1]	result	29.88461229	0.00000512	0x32	0xFF
SPI [1]	result	29.92334083	0.00000512	0x00	0x00
SPI [1]	result	29.92334611	0.00000512	0x00	0x00
SPI [1]	result	29.92335139	0.00000512	0x08	0x00
SPI [1]	result	29.92335667	0.00000512	0x20	0x10
SPI [1]	result	29.92379376	0.00000512	0x0F	0x00
SPI [1]	result	29.92379904	0.00000512	0x10	0x00
SPI [1]	result	29.92380432	0.00000512	0x80	0xFF
SPI [1]	result	29.92380960	0.00000512	0x1A	0xFF
SPI [1]	result	29.92420973	0.00000512	0x00	0x00
SPI [1]	result	29.92421501	0.00000512	0x00	0x00
SPI [1]	result	29.92422029	0.00000512	0x00	0x00
SPI [1]	result	29.92422557	0.00000512	0x00	0x00
SPI [1]	result	29.92462892	0.00000512	0x08	0x00
SPI [1]	result	29.92463420	0.00000512	0x00	0x00
SPI [1]	result	29.92463948	0.00000512	0x88	0x0F
SPI [1]	result	29.92464476	0.00000512	0x32	0xFF
SPI [1]	result	29.96333592	0.00000512	0x00	0x00
SPI [1]	result	29.96334120	0.00000512	0x00	0x00
SPI [1]	result	29.96334648	0.00000512	0x08	0x00
SPI [1]	result	29.96335176	0.00000512	0x20	0x10
SPI [1]	result	29.96375383	0.00000512	0x08	0x00
SPI [1]	result	29.96375911	0.00000512	0x10	0x00
SPI [1]	result	29.96376439	0.00000512	0x80	0xFF
SPI [1]	result	29.96376967	0.00000512	0x22	0xFF
SPI [1]	result	29.96417056	0.00000512	0x00	0x00
SPI [1]	result	29.96417584	0.00000512	0x00	0x00
SPI [1]	result	29.96418112	0.00000512	0x09	0x00
SPI [1]	result	29.96418640	0.00000512	0xA6	0x7F
SPI [1]	result	29.96458841	0.00000512	0x09	0x00
SPI [1]	result	29.96459369	0.00000512	0x00	0x00
SPI [1]	result	29.96459897	0.00000512	0x88	0x7F
SPI [1]	result	29.96460425	0.00000512	0x3A	0xFF
SPI [1]	result	29.96500785	0.00000512	0x00	0x00
SPI [1]	result	29.96501313	0.00000512	0x00	0x00
SPI [1]	result	29.96501841	0.00000512	0x00	0x00
SPI [1]	result	29.96502369	0.00000512	0x00	0x00
SPI [1]	result	29.96543794	0.00000512	0x08	0x00
SPI [1]	result	29.96544322	0.00000512	0x00	0x00
SPI [1]	result	29.96544850	0.00000512	0x89	0x07
SPI [1]	result	29.96545378	0.00000512	0xB8	0xFF
SPI [1]	result	30.00333381	0.00000512	0x00	0x00
SPI [1]	result	30.00333909	0.00000512	0x00	0x00
SPI [1]	result	30.00334437	0.00000512	0x08	0x00
SPI [1]	result	30.00334965	0.00000512	0x20	0x10
SPI [1]	result	30.00375291	0.00000512	0x0A	0x00
SPI [1]	result	30.00375819	0.00000512	0x10	0x1F
SPI [1]	result	30.00376347	0.00000512	0x80	0xFF
SPI [1]	result	30.00376875	0.00000512	0x32	0xFF
SPI [1]	result	30.00417010	0.00000512	0x00	0x00
SPI [1]	result	30.00417538	0.00000512	0x00	0x00
SPI [1]	result	30.00418066	0.00000512	0x00	0x00
SPI [1]	result	30.00418594	0.00000512	0x00	0x00
SPI [1]	result	30.00458770	0.00000512	0x08	0x00
SPI [1]	result	30.00459298	0.00000512	0x00	0x00
SPI [1]	result	30.00459826	0.00000512	0x88	0x07
SPI [1]	result	30.00460354	0.00000512	0x32	0xFF
SPI [1]	result	30.04333225	0.00000512	0x00	0x00
SPI [1]	result	30.04333753	0.00000512	0x00	0x00
SPI [1]	result	30.04334281	0.00000512	0x08	0x00
SPI [1]	result	30.04334809	0.00000512	0x20	0x10
SPI [1]	result	30.04374888	0.00000512	0x0B	0x00
SPI [1]	result	30.04375416	0.00000512	0x10	0x1F
SPI [1]	result	30.04375944	0.00000512	0x80	0xFF
SPI [1]	result	30.04376472	0.00000512	0x3A	0xFF
SPI [1]	result	30.04416635	0.00000512	0x00	0x00
SPI [1]	result	30.04417163	0.00000512	0x00	0x00
SPI [1]	result	30.04417691	0.00000512	0x00	0x00
SPI [1]	result	30.04418219	0.00000512	0x00	0x00
SPI [1]	result	30.04458102	0.00000512	0x08	0x00
SPI [1]	result	30.04458630	0.00000512	0x00	0x00
SPI [1]	result	30.04459158	0.00000512	0x88	0x0F
SPI [1]	result	30.04459686	0.00000512	0x32	0xFF
SPI [1]	result	30.08333426	0.00000512	0x00	0x00
SPI [1]	result	30.08333954	0.00000512	0x00	0x00
SPI [1]	result	30.08334482	0.00000512	0x08	0x00
SPI [1]	result	30.08335010	0.00000512	0x20	0x10
SPI [1]	result	30.08375347	0.00000512	0x0C	0x00
SPI [1]	result	30.08375875	0.00000512	0x10	0x00
SPI [1]	result	30.08376403	0.00000512	0x80	0x7F
SPI [1]	result	30.08376931	0.00000512	0x02	0xFF
SPI [1]	result	30.08416756	0.00000512	0x00	0x00
SPI [1]	result	30.08417284	0.00000512	0x00	0x00
SPI [1]	result	30.08417812	0.00000512	0x09	0x00
SPI [1]	result	30.08418340	0.00000512	0xA6	0x7F
SPI [1]	result	30.08458455	0.00000512	0x0D	0x00
SPI [1]	result	30.08458983	0.00000512	0x00	0x00
SPI [1]	result	30.08459511	0.00000512	0x88	0x7F
SPI [1]	result	30.08460039	0.00000512	0x1A	0xFF
SPI [1]	result	30.08500109	0.00000512	0x00	0x00
SPI [1]	result	30.08500637	0.00000512	0x00	0x00
SPI [1]	result	30.08501165	0.00000512	0x00	0x00
SPI [1]	result	30.08501693	0.00000512	0x00	0x00
SPI [1]	result	30.08541799	0.00000512	0x08	0x00
SPI [1]	result	30.08542327	0.00000512	0x00	0x00
SPI [1]	result	30.08542855	0.00000512	0x89	0x07
SPI [1]	result	30.08543383	0.00000512	0xB8	0xFF
SPI [1]	result	30.12333171	0.00000512	0x00	0x00
SPI [1]	result	30.12333699	0.00000512	0x00	0x00
SPI [1]	result	30.12334227	0.00000512	0x08	0x00
SPI [1]	result	30.12334755	0.00000512	0x20	0x11
SPI [1]	result	30.12374470	0.00000512	0x0E	0x00
SPI [1]	result	30.12374998	0.00000512	0x10	0x00
SPI [1]	result	30.12375526	0.00000512	0x80	0xFF
SPI [1]	result	30.12376054	0.00000512	0x12	0xFF
SPI [1]	result	30.12416181	0.00000512	0x00	0x00
SPI [1]	result	30.12416709	0.00000512	0x00	0x00
SPI [1]	result	30.12417237	0.00000512	0x00	0x00
SPI [1]	result	30.12417765	0.00000512	0x00	0x00
SPI [1]	result	30.12465019	0.00000512	0x08	0x00
SPI [1]	result	30.12465547	0.00000512	0x00	0x00
SPI [1]	result	30.12466075	0.00000512	0x88	0x07
SPI [1]	result	30.12466603	0.00000512	0x32	0xFF
SPI [1]	result	30.16333381	0.00000512	0x00	0x00
SPI [1]	result	30.16333909	0.00000512	0x00	0x00
SPI [1]	result	30.16334437	0.00000512	0x08	0x00
SPI [1]	result	30.16334965	0.00000512	0x20	0x10
SPI [1]	result	30.16375571	0.00000512	0x0F	0x00
SPI [1]	result	30.16376099	0.00000512	0x10	0x00
SPI [1]	result	30.16376627	0.00000512	0x80	0xFF
SPI [1]	result	30.16377155	0.00000512	0x1A	0xFF
SPI [1]	result	30.16417060	0.00000512	0x00	0x00
SPI [1]	result	30.16417588	0.00000512	0x00	0x00
SPI [1]	result	30.16418116	0.00000512	0x00	0x00
SPI [1]	result	30.16418644	0.00000512	0x00	0x00
SPI [1]	result	30.16458768	0.00000512	0x08	0x00
SPI [1]	result	30.16459296	0.00000512	0x00	0x00
SPI [1]	result	30.16459824	0.00000512	0x88	0x07
SPI [1]	result	30.16460352	0.00000512	0x32	0xFF
SPI [1]	result	30.20333647	0.00000512	0x00	0x00
SPI [1]	result	30.20334175	0.00000512	0x00	0x00
SPI [1]	result	30.20334703	0.00000512	0x08	0x00
SPI [1]	result	30.20335231	0.00000512	0x20	0x10
SPI [1]	result	30.20376475	0.00000512	0x08	0x00
SPI [1]	result	30.20377003	0.00000512	0x10	0x00
SPI [1]	result	30.20377531	0.00000512	0x80	0x7F
SPI [1]	result	30.20378059	0.00000512	0x22	0xFF
SPI [1]	result	30.20418302	0.00000512	0x00	0x00
SPI [1]	result	30.20418830	0.00000512	0x00	0x00
SPI [1]	result	30.20419358	0.00000512	0x09	0x00
SPI [1]	result	30.20419886	0.00000512	0xA6	0x7F
SPI [1]	result	30.20460062	0.00000512	0x09	0x00
SPI [1]	result	30.20460590	0.00000512	0x00	0x00
SPI [1]	result	30.20461118	0.00000512	0x88	0x7F
SPI [1]	result	30.20461646	0.00000512	0x3A	0xFF
SPI [1]	result	30.20501788	0.00000512	0x00	0x00
SPI [1]	result	30.20502316	0.00000512	0x00	0x00
SPI [1]	result	30.20502844	0.00000512	0x00	0x00
SPI [1]	result	30.20503372	0.00000512	0x00	0x00
SPI [1]	result	30.20543522	0.00000512	0x08	0x00
SPI [1]	result	30.20544050	0.00000512	0x00	0x00
SPI [1]	result	30.20544578	0.00000512	0x89	0x07
SPI [1]	result	30.20545106	0.00000512	0xB8	0xFF
SPI [1]	result	30.24333253	0.00000512	0x00	0x00
SPI [1]	result	30.24333781	0.00000512	0x00	0x00
SPI [1]	result	30.24334309	0.00000512	0x08	0x00
SPI [1]	result	30.24334837	0.00000512	0x20	0x10
SPI [1]	result	30.24375171	0.00000512	0x0A	0x00
SPI [1]	result	30.24375699	0.00000512	0x10	0x1F
SPI [1]	result	30.24376227	0.00000512	0x80	0xFF
SPI [1]	result	30.24376755	0.00000512	0x32	0xFF
SPI [1]	result	30.24416730	0.00000512	0x00	0x00
SPI [1]	result	30.24417258	0.00000512	0x00	0x00
SPI [1]	result	30.24417786	0.00000512	0x00	0x00
SPI [1]	result	30.24418314	0.00000512	0x00	0x00
SPI [1]	result	30.24458379	0.00000512	0x08	0x00
SPI [1]	result	30.24458907	0.00000512	0x00	0x00
SPI [1]	result	30.24459435	0.00000512	0x88	0x07
SPI [1]	result	30.24459963	0.00000512	0x32	0xFF
SPI [1]	result	30.28333525	0.00000512	0x00	0x00
SPI [1]	result	30.28334053	0.00000512	0x00	0x00
SPI [1]	result	30.28334581	0.00000512	0x08	0x00
SPI [1]	result	30.28335109	0.00000512	0x20	0x00
SPI [1]	result	30.28377368	0.00000512	0x0B	0x00
SPI [1]	result	30.28377896	0.00000512	0x10	0x1F
SPI [1]	result	30.28378424	0.00000512	0x80	0xFF
SPI [1]	result	30.28378952	0.00000512	0x3A	0xFF
SPI [1]	result	30.28419085	0.00000512	0x00	0x00
SPI [1]	result	30.28419613	0.00000512	0x00	0x00
SPI [1]	result	30.28420141	0.00000512	0x00	0x00
SPI [1]	result	30.28420669	0.00000512	0x00	0x00
SPI [1]	result	30.28460526	0.00000512	0x08	0x00
SPI [1]	result	30.28461054	0.00000512	0x00	0x00
SPI [1]	result	30.28461582	0.00000512	0x88	0x07
SPI [1]	result	30.28462110	0.00000512	0x32	0xFF
SPI [1]	result	30.32333414	0.00000512	0x00	0x00
SPI [1]	result	30.32333942	0.00000512	0x00	0x00
SPI [1]	result	30.32334470	0.00000512	0x08	0x00
SPI [1]	result	30.32334998	0.00000512	0x20	0x10
SPI [1]	result	30.32375471	0.00000512	0x0C	0x00
SPI [1]	result	30.32375999	0.00000512	0x10	0x00
SPI [1]	result	30.32376527	0.00000512	0x80	0xFF
SPI [1]	result	30.32377055	0.00000512	0x02	0xFB
SPI [1]	result	30.32417180	0.00000512	0x00	0x00
SPI [1]	result	30.32417708	0.00000512	0x00	0x00
SPI [1]	result	30.32418236	0.00000512	0x09	0x00
SPI [1]	result	30.32418764	0.00000512	0xA6	0x7F
SPI [1]	result	30.32458896	0.00000512	0x0D	0x00
SPI [1]	result	30.32459424	0.00000512	0x00	0x00
SPI [1]	result	30.32459952	0.00000512	0x88	0x7F
SPI [1]	result	30.32460480	0.00000512	0x1A	0xFF
SPI [1]	result	30.32500717	0.00000512	0x00	0x00
SPI [1]	result	30.32501245	0.00000512	0x00	0x00
SPI [1]	result	30.32501773	0.00000512	0x00	0x00
SPI [1]	result	30.32502301	0.00000512	0x00	0x00
SPI [1]	result	30.32542475	0.00000512	0x08	0x00
SPI [1]	result	30.32543003	0.00000512	0x00	0x00
SPI [1]	result	30.32543531	0.00000512	0x89	0x07
SPI [1]	result	30.32544059	0.00000512	0xB8	0xFF
SPI [1]	result	30.36333679	0.00000512	0x00	0x00
SPI [1]	result	30.36334207	0.00000512	0x00	0x00
SPI [1]	result	30.36334735	0.00000512	0x08	0x00
SPI [1]	result	30.36335263	0.00000512	0x20	0x10
SPI [1]	result	30.36376518	0.00000512	0x0E	0x00
SPI [1]	result	30.36377046	0.00000512	0x10	0x00
SPI [1]	result	30.36377574	0.00000512	0x80	0xFF
SPI [1]	result	30.36378102	0.00000512	0x12	0xFF
SPI [1]	result	30.36418124	0.00000512	0x00	0x00
SPI [1]	result	30.36418652	0.00000512	0x00	0x00
SPI [1]	result	30.36419180	0.00000512	0x00	0x00
SPI [1]	result	30.36419708	0.00000512	0x00	0x00
SPI [1]	result	30.36459841	0.00000512	0x08	0x00
SPI [1]	result	30.36460369	0.00000512	0x00	0x00
SPI [1]	result	30.36460897	0.00000512	0x88	0x07
SPI [1]	result	30.36461425	0.00000512	0x32	0xFF
SPI [1]	result	30.40333258	0.00000512	0x00	0x00
SPI [1]	result	30.40333786	0.00000512	0x00	0x00
SPI [1]	result	30.40334314	0.00000512	0x08	0x00
SPI [1]	result	30.40334842	0.00000512	0x20	0x10
SPI [1]	result	30.40375392	0.00000512	0x0F	0x00
SPI [1]	result	30.40375920	0.00000512	0x10	0x00
SPI [1]	result	30.40376448	0.00000512	0x80	0xFF
SPI [1]	result	30.40376976	0.00000512	0x1A	0xFF
SPI [1]	result	30.40417162	0.00000512	0x00	0x00
SPI [1]	result	30.40417690	0.00000512	0x00	0x00
SPI [1]	result	30.40418218	0.00000512	0x00	0x00
SPI [1]	result	30.40418746	0.00000512	0x00	0x00
SPI [1]	result	30.40458887	0.00000512	0x08	0x00
SPI [1]	result	30.40459415	0.00000512	0x00	0x00
SPI [1]	result	30.40459943	0.00000512	0x88	0x07
SPI [1]	result	30.40460471	0.00000512	0x32	0xFF
SPI [1]	result	30.44333359	0.00000512	0x00	0x00
SPI [1]	result	30.44333887	0.00000512	0x00	0x00
SPI [1]	result	30.44334415	0.00000512	0x08	0x00
SPI [1]	result	30.44334943	0.00000512	0x20	0x00
SPI [1]	result	30.44374810	0.00000512	0x08	0x00
SPI [1]	result	30.44375338	0.00000512	0x10	0x00
SPI [1]	result	30.44375866	0.00000512	0x80	0x7F
SPI [1]	result	30.44376394	0.00000512	0x22	0xFF
SPI [1]	result	30.44416540	0.00000512	0x00	0x00
SPI [1]	result	30.44417068	0.00000512	0x00	0x00
SPI [1]	result	30.44417596	0.00000512	0x09	0x00
SPI [1]	result	30.44418124	0.00000512	0xA6	0x7F
SPI [1]	result	30.44458211	0.00000512	0x09	0x00
SPI [1]	result	30.44458739	0.00000512	0x00	0x00
SPI [1]	result	30.44459267	0.00000512	0x88	0x7F
SPI [1]	result	30.44459795	0.00000512	0x3A	0xFF
SPI [1]	result	30.44499907	0.00000512	0x00	0x00
SPI [1]	result	30.44500435	0.00000512	0x00	0x00
SPI [1]	result	30.44500963	0.00000512	0x00	0x00
SPI [1]	result	30.44501491	0.00000512	0x00	0x00
SPI [1]	result	30.44541617	0.00000512	0x08	0x00
SPI [1]	result	30.44542145	0.00000512	0x00	0x00
SPI [1]	result	30.44542673	0.00000512	0x89	0x0F
SPI [1]	result	30.44543201	0.00000512	0xB8	0xFF
SPI [1]	result	30.48333112	0.00000512	0x00	0x00
SPI [1]	result	30.48333640	0.00000512	0x00	0x00
SPI [1]	result	30.48334168	0.00000512	0x08	0x00
SPI [1]	result	30.48334696	0.00000512	0x20	0x10
SPI [1]	result	30.48374909	0.00000512	0x0A	0x00
SPI [1]	result	30.48375437	0.00000512	0x10	0x1F
SPI [1]	result	30.48375965	0.00000512	0x80	0xFF
SPI [1]	result	30.48376493	0.00000512	0x32	0xFF
SPI [1]	result	30.48416622	0.00000512	0x00	0x00
SPI [1]	result	30.48417150	0.00000512	0x00	0x00
SPI [1]	result	30.48417678	0.00000512	0x00	0x00
SPI [1]	result	30.48418206	0.00000512	0x00	0x00
SPI [1]	result	30.48463669	0.00000512	0x08	0x00
SPI [1]	result	30.48464197	0.00000512	0x00	0x00
SPI [1]	result	30.48464725	0.00000512	0x88	0x07
SPI [1]	result	30.48465253	0.00000512	0x32	0xFF
SPI [1]	result	30.52333430	0.00000512	0x00	0x00
SPI [1]	result	30.52333958	0.00000512	0x00	0x00
SPI [1]	result	30.52334486	0.00000512	0x08	0x00
SPI [1]	result	30.52335014	0.00000512	0x20	0x10
SPI [1]	result	30.52375377	0.00000512	0x0B	0x00
SPI [1]	result	30.52375905	0.00000512	0x10	0x1F
SPI [1]	result	30.52376433	0.00000512	0x80	0xFF
SPI [1]	result	30.52376961	0.00000512	0x3A	0xFF
SPI [1]	result	30.52416822	0.00000512	0x00	0x00
SPI [1]	result	30.52417350	0.00000512	0x00	0x00
SPI [1]	result	30.52417878	0.00000512	0x00	0x00
SPI [1]	result	30.52418406	0.00000512	0x00	0x00
SPI [1]	result	30.52458480	0.00000512	0x08	0x00
SPI [1]	result	30.52459008	0.00000512	0x00	0x00
SPI [1]	result	30.52459536	0.00000512	0x88	0x0F
SPI [1]	result	30.52460064	0.00000512	0x32	0xFF
SPI [1]	result	30.56333616	0.00000512	0x00	0x00
SPI [1]	result	30.56334144	0.00000512	0x00	0x00
SPI [1]	result	30.56334672	0.00000512	0x08	0x00
SPI [1]	result	30.56335200	0.00000512	0x20	0x10
SPI [1]	result	30.56376678	0.00000512	0x0C	0x00
SPI [1]	result	30.56377206	0.00000512	0x10	0x00
SPI [1]	result	30.56377734	0.00000512	0x80	0x7F
SPI [1]	result	30.56378262	0.00000512	0x02	0xC7
SPI [1]	result	30.56418499	0.00000512	0x00	0x00
SPI [1]	result	30.56419027	0.00000512	0x00	0x00
SPI [1]	result	30.56419555	0.00000512	0x09	0x00
SPI [1]	result	30.56420083	0.00000512	0xA6	0x7F
SPI [1]	result	30.56459986	0.00000512	0x0D	0x00
SPI [1]	result	30.56460514	0.00000512	0x00	0x00
SPI [1]	result	30.56461042	0.00000512	0x88	0x7F
SPI [1]	result	30.56461570	0.00000512	0x1A	0xFF
SPI [1]	result	30.56501648	0.00000512	0x00	0x00
SPI [1]	result	30.56502176	0.00000512	0x00	0x00
SPI [1]	result	30.56502704	0.00000512	0x00	0x00
SPI [1]	result	30.56503232	0.00000512	0x00	0x00
SPI [1]	result	30.56543349	0.00000512	0x08	0x00
SPI [1]	result	30.56543877	0.00000512	0x00	0x00
SPI [1]	result	30.56544405	0.00000512	0x89	0x07
SPI [1]	result	30.56544933	0.00000512	0xB8	0xFF
SPI [1]	result	30.60333228	0.00000512	0x00	0x00
SPI [1]	result	30.60333756	0.00000512	0x00	0x00
SPI [1]	result	30.60334284	0.00000512	0x08	0x00
SPI [1]	result	30.60334812	0.00000512	0x20	0x10
SPI [1]	result	30.60374783	0.00000512	0x0E	0x00
SPI [1]	result	30.60375311	0.00000512	0x10	0x00
SPI [1]	result	30.60375839	0.00000512	0x80	0xFF
SPI [1]	result	30.60376367	0.00000512	0x12	0xFF
SPI [1]	result	30.60416200	0.00000512	0x00	0x00
SPI [1]	result	30.60416728	0.00000512	0x00	0x00
SPI [1]	result	30.60417256	0.00000512	0x00	0x00
SPI [1]	result	30.60417784	0.00000512	0x00	0x00
SPI [1]	result	30.60457888	0.00000512	0x08	0x00
SPI [1]	result	30.60458416	0.00000512	0x00	0x00
SPI [1]	result	30.60458944	0.00000512	0x88	0x07
SPI [1]	result	30.60459472	0.00000512	0x32	0xFF
SPI [1]	result	30.64334009	0.00000512	0x00	0x00
SPI [1]	result	30.64334537	0.00000512	0x00	0x00
SPI [1]	result	30.64335065	0.00000512	0x08	0x00
SPI [1]	result	30.64335593	0.00000512	0x20	0x10
SPI [1]	result	30.64378334	0.00000512	0x0F	0x00
SPI [1]	result	30.64378862	0.00000512	0x10	0x00
SPI [1]	result	30.64379390	0.00000512	0x80	0xFF
SPI [1]	result	30.64379918	0.00000512	0x1A	0xFF
SPI [1]	result	30.64420142	0.00000512	0x00	0x00
SPI [1]	result	30.64420670	0.00000512	0x00	0x00
SPI [1]	result	30.64421198	0.00000512	0x00	0x00
SPI [1]	result	30.64421726	0.00000512	0x00	0x00
SPI [1]	result	30.64461800	0.00000512	0x08	0x00
SPI [1]	result	30.64462328	0.00000512	0x00	0x00
SPI [1]	result	30.64462856	0.00000512	0x88	0x07
SPI [1]	result	30.64463384	0.00000512	0x32	0xFF
