name	type	start_time	duration	mosi	miso
SPI [1]	result	0.00040109	0.00000512	0x00	0x00
SPI [1]	result	0.00040637	0.00000512	0x00	0x00
SPI [1]	result	0.00041165	0.00000512	0x3F	0x00
SPI [1]	result	0.00041693	0.00000512	0xC6	0x00
SPI [1]	result	0.00126144	0.00000512	0x08	0x00
SPI [1]	result	0.00126672	0.00000512	0x10	0x00
SPI [1]	result	0.00127200	0.00000512	0x80	0x00
SPI [1]	result	0.00127728	0.00000512	0x22	0x00
SPI [1]	result	0.00461410	0.00000512	0x00	0x00
SPI [1]	result	0.00461938	0.00000512	0x00	0x00
SPI [1]	result	0.00462466	0.00000512	0x00	0x3F
SPI [1]	result	0.00462994	0.00000512	0x00	0xC6
SPI [1]	result	0.00545978	0.00000512	0x08	0x08
SPI [1]	result	0.00546506	0.00000512	0x00	0x00
SPI [1]	result	0.00547034	0.00000512	0xBF	0x80
SPI [1]	result	0.00547562	0.00000512	0xD8	0x12
SPI [1]	result	0.00801347	0.00000512	0xB8	0x00
SPI [1]	result	0.00801875	0.00000512	0x01	0x00
SPI [1]	result	0.00802403	0.00000512	0x06	0x00
SPI [1]	result	0.00802931	0.00000512	0x26	0x00
SPI [1]	result	0.00881006	0.00000512	0x09	0x08
SPI [1]	result	0.00881534	0.00000512	0x10	0x00
SPI [1]	result	0.00882062	0.00000512	0x80	0x86
SPI [1]	result	0.00882590	0.00000512	0x2A	0x2A
SPI [1]	result	0.00939006	0.00000512	0x00	0xB8
SPI [1]	result	0.00939534	0.00000512	0x00	0x01
SPI [1]	result	0.00940062	0.00000512	0x05	0x06
SPI [1]	result	0.00940590	0.00000512	0x14	0x26
SPI [1]	result	0.01017722	0.00000512	0x0A	0x09
SPI [1]	result	0.01018250	0.00000512	0x00	0x00
SPI [1]	result	0.01018778	0.00000512	0x86	0x85
SPI [1]	result	0.01019306	0.00000512	0x3A	0x2E
SPI [1]	result	0.01076338	0.00000512	0x00	0x00
SPI [1]	result	0.01076866	0.00000512	0x00	0x00
SPI [1]	result	0.01077394	0.00000512	0x00	0x05
SPI [1]	result	0.01077922	0.00000512	0x00	0x14
SPI [1]	result	0.01132514	0.00000512	0x08	0x0A
SPI [1]	result	0.01133042	0.00000512	0x00	0x00
SPI [1]	result	0.01133570	0.00000512	0x85	0x80
SPI [1]	result	0.01134098	0.00000512	0x26	0x22
SPI [1]	result	0.01441712	0.00000512	0xFF	0x00
SPI [1]	result	0.01442240	0.00000512	0xFF	0x00
SPI [1]	result	0.01442768	0.00000512	0x00	0x4C
SPI [1]	result	0.01443296	0.00000512	0x00	0x52
SPI [1]	result	0.01443824	0.00000512	0x00	0x31
SPI [1]	result	0.01444352	0.00000512	0x00	0x30
SPI [1]	result	0.01444880	0.00000512	0x00	0x37
SPI [1]	result	0.01445408	0.00000512	0x00	0x41
SPI [1]	result	0.01445936	0.00000512	0x00	0x00
SPI [1]	result	0.01446464	0.00000512	0x00	0x00
SPI [1]	result	0.01446992	0.00000512	0x00	0x46
SPI [1]	result	0.01447520	0.00000512	0x00	0x53
SPI [1]	result	0.01448048	0.00000512	0x00	0x53
SPI [1]	result	0.01448576	0.00000512	0x00	0x47
SPI [1]	result	0.01449104	0.00000512	0x00	0x57
SPI [1]	result	0.01449632	0.00000512	0x00	0x35
SPI [1]	result	0.01450160	0.00000512	0x00	0x30
SPI [1]	result	0.01450688	0.00000512	0x00	0x37
SPI [1]	result	0.01451216	0.00000512	0x00	0x47
SPI [1]	result	0.01451744	0.00000512	0x00	0x46
SPI [1]	result	0.01452272	0.00000512	0x00	0x32
SPI [1]	result	0.01452800	0.00000512	0x00	0x35
SPI [1]	result	0.01453328	0.00000512	0x00	0x30
SPI [1]	result	0.01453856	0.00000512	0x00	0x6D
SPI [1]	result	0.01454384	0.00000512	0x00	0x6D
SPI [1]	result	0.01454912	0.00000512	0x00	0x46
SPI [1]	result	0.01455440	0.00000512	0x00	0x34
SPI [1]	result	0.01455968	0.00000512	0x00	0x20
SPI [1]	result	0.01456496	0.00000512	0x00	0x52
SPI [1]	result	0.01457024	0.00000512	0x00	0x20
SPI [1]	result	0.01457552	0.00000512	0x00	0x4C
SPI [1]	result	0.01458080	0.00000512	0x00	0x4D
SPI [1]	result	0.01458608	0.00000512	0x00	0x20
SPI [1]	result	0.01459136	0.00000512	0x00	0x4F
SPI [1]	result	0.01459664	0.00000512	0x00	0x49
SPI [1]	result	0.01460192	0.00000512	0x00	0x53
SPI [1]	result	0.01460720	0.00000512	0x00	0x20
SPI [1]	result	0.01461248	0.00000512	0x00	0x57
SPI [1]	result	0.01461776	0.00000512	0x00	0x52
SPI [1]	result	0.01462304	0.00000512	0x00	0x00
SPI [1]	result	0.01462832	0.00000512	0x00	0x00
SPI [1]	result	0.01463360	0.00000512	0x00	0x00
SPI [1]	result	0.01463888	0.00000512	0x00	0x00
SPI [1]	result	0.01464416	0.00000512	0x00	0x00
SPI [1]	result	0.01464944	0.00000512	0x00	0x00
SPI [1]	result	0.01465472	0.00000512	0x00	0x00
SPI [1]	result	0.01466000	0.00000512	0x00	0x00
SPI [1]	result	0.01466528	0.00000512	0x00	0x00
SPI [1]	result	0.01467056	0.00000512	0x00	0x00
SPI [1]	result	0.01467584	0.00000512	0x00	0x00
SPI [1]	result	0.01468112	0.00000512	0x00	0x00
SPI [1]	result	0.01468640	0.00000512	0x00	0x00
SPI [1]	result	0.01469168	0.00000512	0x00	0x00
SPI [1]	result	0.01469696	0.00000512	0x00	0x00
SPI [1]	result	0.01470224	0.00000512	0x00	0x00
SPI [1]	result	0.01470752	0.00000512	0x00	0x00
SPI [1]	result	0.01471280	0.00000512	0x00	0x00
SPI [1]	result	0.01471808	0.00000512	0x00	0x00
SPI [1]	result	0.01472336	0.00000512	0x00	0x00
SPI [1]	result	0.01472864	0.00000512	0x00	0x00
SPI [1]	result	0.01473392	0.00000512	0x00	0x00
SPI [1]	result	0.01473920	0.00000512	0x00	0x00
SPI [1]	result	0.01474448	0.00000512	0x00	0x00
SPI [1]	result	0.01474976	0.00000512	0x00	0x00
SPI [1]	result	0.01475504	0.00000512	0x00	0x00
SPI [1]	result	0.01476032	0.00000512	0x00	0x00
SPI [1]	result	0.01476560	0.00000512	0x00	0x00
SPI [1]	result	0.01477088	0.00000512	0x00	0x00
SPI [1]	result	0.01477616	0.00000512	0x00	0x00
SPI [1]	result	0.01478144	0.00000512	0x00	0x00
SPI [1]	result	0.01478672	0.00000512	0x00	0x00
SPI [1]	result	0.01479200	0.00000512	0x00	0x00
SPI [1]	result	0.01479728	0.00000512	0x00	0x00
SPI [1]	result	0.01480256	0.00000512	0x00	0x00
SPI [1]	result	0.01480784	0.00000512	0x00	0x00
SPI [1]	result	0.01481312	0.00000512	0x00	0x00
SPI [1]	result	0.01481840	0.00000512	0x00	0x00
SPI [1]	result	0.01482368	0.00000512	0x00	0x00
SPI [1]	result	0.01482896	0.00000512	0x00	0x00
SPI [1]	result	0.01483424	0.00000512	0x00	0x00
SPI [1]	result	0.01483952	0.00000512	0x00	0x00
SPI [1]	result	0.01484480	0.00000512	0x00	0x00
SPI [1]	result	0.01485008	0.00000512	0x00	0x32
SPI [1]	result	0.01485536	0.00000512	0x00	0x37
SPI [1]	result	0.01486064	0.00000512	0x00	0x43
SPI [1]	result	0.01486592	0.00000512	0x00	0x30
SPI [1]	result	0.01487120	0.00000512	0x00	0x30
SPI [1]	result	0.01487648	0.00000512	0x00	0x30
SPI [1]	result	0.01488176	0.00000512	0x00	0x37
SPI [1]	result	0.01488704	0.00000512	0x00	0x35
SPI [1]	result	0.01489232	0.00000512	0x00	0x00
SPI [1]	result	0.01489760	0.00000512	0x00	0x00
SPI [1]	result	0.01490288	0.00000512	0x00	0x01
SPI [1]	result	0.01490816	0.00000512	0x00	0x80
SPI [1]	result	0.01491344	0.00000512	0x00	0x01
SPI [1]	result	0.01491872	0.00000512	0x00	0x11
SPI [1]	result	0.01492400	0.00000512	0x00	0x01
SPI [1]	result	0.01492928	0.00000512	0x00	0x10
SPI [1]	result	0.01493456	0.00000512	0x00	0x01
SPI [1]	result	0.01493984	0.00000512	0x00	0x10
SPI [1]	result	0.01494512	0.00000512	0x00	0x01
SPI [1]	result	0.01495040	0.00000512	0x00	0x10
SPI [1]	result	0.01495568	0.00000512	0x00	0xC8
SPI [1]	result	0.01496096	0.00000512	0x00	0x09
SPI [1]	result	0.01496624	0.00000512	0x00	0x00
SPI [1]	result	0.01497152	0.00000512	0x00	0x00
SPI [1]	result	0.01497680	0.00000512	0x00	0x00
SPI [1]	result	0.01498208	0.00000512	0x00	0x00
SPI [1]	result	0.01498736	0.00000512	0x00	0x00
SPI [1]	result	0.01499264	0.00000512	0x00	0x00
SPI [1]	result	0.01499792	0.00000512	0x00	0x00
SPI [1]	result	0.01500320	0.00000512	0x00	0x00
SPI [1]	result	0.01500848	0.00000512	0x00	0x00
SPI [1]	result	0.01501376	0.00000512	0x00	0x00
SPI [1]	result	0.01501904	0.00000512	0x00	0x00
SPI [1]	result	0.01502432	0.00000512	0x00	0x00
SPI [1]	result	0.01502960	0.00000512	0x00	0x00
SPI [1]	result	0.01503488	0.00000512	0x00	0x00
SPI [1]	result	0.01504016	0.00000512	0x00	0x00
SPI [1]	result	0.01504544	0.00000512	0x00	0x00
SPI [1]	result	0.01505072	0.00000512	0x00	0x00
SPI [1]	result	0.01505600	0.00000512	0x00	0x00
SPI [1]	result	0.01506128	0.00000512	0x00	0x00
SPI [1]	result	0.01506656	0.00000512	0x00	0x00
SPI [1]	result	0.01507184	0.00000512	0x00	0x00
SPI [1]	result	0.01507712	0.00000512	0x00	0x00
SPI [1]	result	0.01508240	0.00000512	0x00	0x00
SPI [1]	result	0.01508768	0.00000512	0x00	0x00
SPI [1]	result	0.01509296	0.00000512	0x00	0x00
SPI [1]	result	0.01509824	0.00000512	0x00	0x00
SPI [1]	result	0.01510352	0.00000512	0x5A	0x53
SPI [1]	result	0.01823325	0.00000512	0xFF	0xFF
SPI [1]	result	0.01823853	0.00000512	0x00	0xFF
SPI [1]	result	0.01824381	0.00000512	0x00	0x4C
SPI [1]	result	0.01824909	0.00000512	0x00	0x52
SPI [1]	result	0.01825437	0.00000512	0x00	0x31
SPI [1]	result	0.01825965	0.00000512	0x00	0x30
SPI [1]	result	0.01826493	0.00000512	0x00	0x37
SPI [1]	result	0.01827021	0.00000512	0x00	0x41
SPI [1]	result	0.01827549	0.00000512	0x00	0x00
SPI [1]	result	0.01828077	0.00000512	0x00	0x00
SPI [1]	result	0.01828605	0.00000512	0x00	0x46
SPI [1]	result	0.01829133	0.00000512	0x00	0x53
SPI [1]	result	0.01829661	0.00000512	0x00	0x53
SPI [1]	result	0.01830189	0.00000512	0x00	0x47
SPI [1]	result	0.01830717	0.00000512	0x00	0x57
SPI [1]	result	0.01831245	0.00000512	0x00	0x35
SPI [1]	result	0.01831773	0.00000512	0x00	0x30
SPI [1]	result	0.01832301	0.00000512	0x00	0x37
SPI [1]	result	0.01832829	0.00000512	0x00	0x47
SPI [1]	result	0.01833357	0.00000512	0x00	0x46
SPI [1]	result	0.01833885	0.00000512	0x00	0x32
SPI [1]	result	0.01834413	0.00000512	0x00	0x35
SPI [1]	result	0.01834941	0.00000512	0x00	0x30
SPI [1]	result	0.01835469	0.00000512	0x00	0x6D
SPI [1]	result	0.01835997	0.00000512	0x00	0x6D
SPI [1]	result	0.01836525	0.00000512	0x00	0x46
SPI [1]	result	0.01837053	0.00000512	0x00	0x34
SPI [1]	result	0.01837581	0.00000512	0x00	0x20
SPI [1]	result	0.01838109	0.00000512	0x00	0x52
SPI [1]	result	0.01838637	0.00000512	0x00	0x20
SPI [1]	result	0.01839165	0.00000512	0x00	0x4C
SPI [1]	result	0.01839693	0.00000512	0x00	0x4D
SPI [1]	result	0.01840221	0.00000512	0x00	0x20
SPI [1]	result	0.01840749	0.00000512	0x00	0x4F
SPI [1]	result	0.01841277	0.00000512	0x00	0x49
SPI [1]	result	0.01841805	0.00000512	0x00	0x53
SPI [1]	result	0.01842333	0.00000512	0x00	0x20
SPI [1]	result	0.01842861	0.00000512	0x00	0x57
SPI [1]	result	0.01843389	0.00000512	0x00	0x52
SPI [1]	result	0.01843917	0.00000512	0x00	0x00
SPI [1]	result	0.01844445	0.00000512	0x00	0x00
SPI [1]	result	0.01844973	0.00000512	0x00	0x00
SPI [1]	result	0.01845501	0.00000512	0x00	0x00
SPI [1]	result	0.01846029	0.00000512	0x00	0x00
SPI [1]	result	0.01846557	0.00000512	0x00	0x00
SPI [1]	result	0.01847085	0.00000512	0x00	0x00
SPI [1]	result	0.01847613	0.00000512	0x00	0x00
SPI [1]	result	0.01848141	0.00000512	0x00	0x00
SPI [1]	result	0.01848669	0.00000512	0x00	0x00
SPI [1]	result	0.01849197	0.00000512	0x00	0x00
SPI [1]	result	0.01849725	0.00000512	0x00	0x00
SPI [1]	result	0.01850253	0.00000512	0x00	0x00
SPI [1]	result	0.01850781	0.00000512	0x00	0x00
SPI [1]	result	0.01851309	0.00000512	0x00	0x00
SPI [1]	result	0.01851837	0.00000512	0x00	0x00
SPI [1]	result	0.01852365	0.00000512	0x00	0x00
SPI [1]	result	0.01852893	0.00000512	0x00	0x00
SPI [1]	result	0.01853421	0.00000512	0x00	0x00
SPI [1]	result	0.01853949	0.00000512	0x00	0x00
SPI [1]	result	0.01854477	0.00000512	0x00	0x00
SPI [1]	result	0.01855005	0.00000512	0x00	0x00
SPI [1]	result	0.01855533	0.00000512	0x00	0x00
SPI [1]	result	0.01856061	0.00000512	0x00	0x00
SPI [1]	result	0.01856589	0.00000512	0x00	0x00
SPI [1]	result	0.01857117	0.00000512	0x00	0x00
SPI [1]	result	0.01857645	0.00000512	0x00	0x00
SPI [1]	result	0.01858173	0.00000512	0x00	0x00
SPI [1]	result	0.01858701	0.00000512	0x00	0x00
SPI [1]	result	0.01859229	0.00000512	0x00	0x00
SPI [1]	result	0.01859757	0.00000512	0x00	0x00
SPI [1]	result	0.01860285	0.00000512	0x00	0x00
SPI [1]	result	0.01860813	0.00000512	0x00	0x00
SPI [1]	result	0.01861341	0.00000512	0x00	0x00
SPI [1]	result	0.01861869	0.00000512	0x00	0x00
SPI [1]	result	0.01862397	0.00000512	0x00	0x00
SPI [1]	result	0.01862925	0.00000512	0x00	0x00
SPI [1]	result	0.01863453	0.00000512	0x00	0x00
SPI [1]	result	0.01863981	0.00000512	0x00	0x00
SPI [1]	result	0.01864509	0.00000512	0x00	0x00
SPI [1]	result	0.01865037	0.00000512	0x00	0x00
SPI [1]	result	0.01865565	0.00000512	0x00	0x00
SPI [1]	result	0.01866093	0.00000512	0x00	0x00
SPI [1]	result	0.01866621	0.00000512	0x00	0x32
SPI [1]	result	0.01867149	0.00000512	0x00	0x37
SPI [1]	result	0.01867677	0.00000512	0x00	0x43
SPI [1]	result	0.01868205	0.00000512	0x00	0x30
SPI [1]	result	0.01868733	0.00000512	0x00	0x30
SPI [1]	result	0.01869261	0.00000512	0x00	0x30
SPI [1]	result	0.01869789	0.00000512	0x00	0x37
SPI [1]	result	0.01870317	0.00000512	0x00	0x35
SPI [1]	result	0.01870845	0.00000512	0x00	0x00
SPI [1]	result	0.01871373	0.00000512	0x00	0x00
SPI [1]	result	0.01871901	0.00000512	0x00	0x01
SPI [1]	result	0.01872429	0.00000512	0x00	0x80
SPI [1]	result	0.01872957	0.00000512	0x00	0x01
SPI [1]	result	0.01873485	0.00000512	0x00	0x11
SPI [1]	result	0.01874013	0.00000512	0x00	0x01
SPI [1]	result	0.01874541	0.00000512	0x00	0x10
SPI [1]	result	0.01875069	0.00000512	0x00	0x01
SPI [1]	result	0.01875597	0.00000512	0x00	0x10
SPI [1]	result	0.01876125	0.00000512	0x00	0x01
SPI [1]	result	0.01876653	0.00000512	0x00	0x10
SPI [1]	result	0.01877181	0.00000512	0x00	0xC8
SPI [1]	result	0.01877709	0.00000512	0x00	0x09
SPI [1]	result	0.01878237	0.00000512	0x00	0x00
SPI [1]	result	0.01878765	0.00000512	0x00	0x00
SPI [1]	result	0.01879293	0.00000512	0x00	0x00
SPI [1]	result	0.01879821	0.00000512	0x00	0x00
SPI [1]	result	0.01880349	0.00000512	0x00	0x00
SPI [1]	result	0.01880877	0.00000512	0x00	0x00
SPI [1]	result	0.01881405	0.00000512	0x00	0x00
SPI [1]	result	0.01881933	0.00000512	0x00	0x00
SPI [1]	result	0.01882461	0.00000512	0x00	0x00
SPI [1]	result	0.01882989	0.00000512	0x00	0x00
SPI [1]	result	0.01883517	0.00000512	0x00	0x00
SPI [1]	result	0.01884045	0.00000512	0x00	0x00
SPI [1]	result	0.01884573	0.00000512	0x00	0x00
SPI [1]	result	0.01885101	0.00000512	0x00	0x00
SPI [1]	result	0.01885629	0.00000512	0x00	0x00
SPI [1]	result	0.01886157	0.00000512	0x00	0x00
SPI [1]	result	0.01886685	0.00000512	0x00	0x00
SPI [1]	result	0.01887213	0.00000512	0x00	0x00
SPI [1]	result	0.01887741	0.00000512	0x00	0x00
SPI [1]	result	0.01888269	0.00000512	0x00	0x00
SPI [1]	result	0.01888797	0.00000512	0x00	0x00
SPI [1]	result	0.01889325	0.00000512	0x00	0x00
SPI [1]	result	0.01889853	0.00000512	0x00	0x00
SPI [1]	result	0.01890381	0.00000512	0x00	0x00
SPI [1]	result	0.01890909	0.00000512	0x00	0x00
SPI [1]	result	0.01891437	0.00000512	0x00	0x00
SPI [1]	result	0.01891965	0.00000512	0x5A	0x51
SPI [1]	result	0.02206956	0.00000512	0xB8	0x00
SPI [1]	result	0.02207484	0.00000512	0x01	0x00
SPI [1]	result	0.02208012	0.00000512	0x06	0x00
SPI [1]	result	0.02208540	0.00000512	0x26	0x00
SPI [1]	result	0.02287133	0.00000512	0x0B	0x08
SPI [1]	result	0.02287661	0.00000512	0x10	0x00
SPI [1]	result	0.02288189	0.00000512	0x80	0x86
SPI [1]	result	0.02288717	0.00000512	0x3A	0x2A
SPI [1]	result	0.02343609	0.00000512	0x00	0xB8
SPI [1]	result	0.02344137	0.00000512	0x00	0x01
SPI [1]	result	0.02344665	0.00000512	0x05	0x06
SPI [1]	result	0.02345193	0.00000512	0x56	0x26
SPI [1]	result	0.02422703	0.00000512	0x0C	0x0B
SPI [1]	result	0.02423231	0.00000512	0x00	0x00
SPI [1]	result	0.02423759	0.00000512	0x86	0x85
SPI [1]	result	0.02424287	0.00000512	0x0A	0x40
SPI [1]	result	0.02481112	0.00000512	0x00	0x00
SPI [1]	result	0.02481640	0.00000512	0x00	0x00
SPI [1]	result	0.02482168	0.00000512	0x00	0x05
SPI [1]	result	0.02482696	0.00000512	0x00	0x56
SPI [1]	result	0.02538617	0.00000512	0x08	0x0C
SPI [1]	result	0.02539145	0.00000512	0x00	0x00
SPI [1]	result	0.02539673	0.00000512	0x85	0x80
SPI [1]	result	0.02540201	0.00000512	0x68	0x32
SPI [1]	result	0.02848511	0.00000512	0x00	0xFF
SPI [1]	result	0.02849039	0.00000512	0x00	0xFF
SPI [1]	result	0.02849567	0.00000512	0x53	0x00
SPI [1]	result	0.02850095	0.00000512	0x50	0x00
SPI [1]	result	0.02850623	0.00000512	0x58	0x00
SPI [1]	result	0.02851151	0.00000512	0x31	0x00
SPI [1]	result	0.02851679	0.00000512	0x00	0x00
SPI [1]	result	0.02852207	0.00000512	0x00	0x00
SPI [1]	result	0.02852735	0.00000512	0x00	0x00
SPI [1]	result	0.02853263	0.00000512	0x00	0x00
SPI [1]	result	0.02853791	0.00000512	0x00	0x00
SPI [1]	result	0.02854319	0.00000512	0x00	0x00
SPI [1]	result	0.02854847	0.00000512	0x47	0x00
SPI [1]	result	0.02855375	0.00000512	0x46	0x00
SPI [1]	result	0.02855903	0.00000512	0x58	0x00
SPI [1]	result	0.02856431	0.00000512	0x20	0x00
SPI [1]	result	0.02856959	0.00000512	0x35	0x00
SPI [1]	result	0.02857487	0.00000512	0x30	0x00
SPI [1]	result	0.02858015	0.00000512	0x53	0x00
SPI [1]	result	0.02858543	0.00000512	0x00	0x00
SPI [1]	result	0.02859071	0.00000512	0x00	0x00
SPI [1]	result	0.02859599	0.00000512	0x00	0x00
SPI [1]	result	0.02860127	0.00000512	0x00	0x00
SPI [1]	result	0.02860655	0.00000512	0x00	0x00
SPI [1]	result	0.02861183	0.00000512	0x00	0x00
SPI [1]	result	0.02861711	0.00000512	0x00	0x00
SPI [1]	result	0.02862239	0.00000512	0x00	0x00
SPI [1]	result	0.02862767	0.00000512	0x00	0x00
SPI [1]	result	0.02863295	0.00000512	0x00	0x00
SPI [1]	result	0.02863823	0.00000512	0x00	0x00
SPI [1]	result	0.02864351	0.00000512	0x00	0x00
SPI [1]	result	0.02864879	0.00000512	0x00	0x00
SPI [1]	result	0.02865407	0.00000512	0x47	0x00
SPI [1]	result	0.02865935	0.00000512	0x46	0x00
SPI [1]	result	0.02866463	0.00000512	0x58	0x00
SPI [1]	result	0.02866991	0.00000512	0x20	0x00
SPI [1]	result	0.02867519	0.00000512	0x35	0x00
SPI [1]	result	0.02868047	0.00000512	0x30	0x00
SPI [1]	result	0.02868575	0.00000512	0x53	0x00
SPI [1]	result	0.02869103	0.00000512	0x00	0x00
SPI [1]	result	0.02869631	0.00000512	0x00	0x00
SPI [1]	result	0.02870159	0.00000512	0x00	0x00
SPI [1]	result	0.02870687	0.00000512	0x00	0x00
SPI [1]	result	0.02871215	0.00000512	0x00	0x00
SPI [1]	result	0.02871743	0.00000512	0x00	0x00
SPI [1]	result	0.02872271	0.00000512	0x00	0x00
SPI [1]	result	0.02872799	0.00000512	0x00	0x00
SPI [1]	result	0.02873327	0.00000512	0x35	0x00
SPI [1]	result	0.02873855	0.00000512	0x39	0x00
SPI [1]	result	0.02874383	0.00000512	0x33	0x00
SPI [1]	result	0.02874911	0.00000512	0x35	0x00
SPI [1]	result	0.02875439	0.00000512	0x33	0x00
SPI [1]	result	0.02875967	0.00000512	0x33	0x00
SPI [1]	result	0.02876495	0.00000512	0x33	0x00
SPI [1]	result	0.02877023	0.00000512	0x31	0x00
SPI [1]	result	0.02877551	0.00000512	0x33	0x00
SPI [1]	result	0.02878079	0.00000512	0x36	0x00
SPI [1]	result	0.02878607	0.00000512	0x33	0x00
SPI [1]	result	0.02879135	0.00000512	0x31	0x00
SPI [1]	result	0.02879663	0.00000512	0x31	0x00
SPI [1]	result	0.02880191	0.00000512	0x37	0x00
SPI [1]	result	0.02880719	0.00000512	0x30	0x00
SPI [1]	result	0.02881247	0.00000512	0x32	0x00
SPI [1]	result	0.02881775	0.00000512	0x31	0x00
SPI [1]	result	0.02882303	0.00000512	0x36	0x00
SPI [1]	result	0.02882831	0.00000512	0x37	0x00
SPI [1]	result	0.02883359	0.00000512	0x30	0x00
SPI [1]	result	0.02883887	0.00000512	0x32	0x00
SPI [1]	result	0.02884415	0.00000512	0x30	0x00
SPI [1]	result	0.02884943	0.00000512	0x31	0x00
SPI [1]	result	0.02885471	0.00000512	0x30	0x00
SPI [1]	result	0.02885999	0.00000512	0x31	0x00
SPI [1]	result	0.02886527	0.00000512	0x31	0x00
SPI [1]	result	0.02887055	0.00000512	0x30	0x00
SPI [1]	result	0.02887583	0.00000512	0x36	0x00
SPI [1]	result	0.02888111	0.00000512	0x39	0x00
SPI [1]	result	0.02888639	0.00000512	0x41	0x00
SPI [1]	result	0.02889167	0.00000512	0x04	0x00
SPI [1]	result	0.02889695	0.00000512	0x20	0x00
SPI [1]	result	0.02890223	0.00000512	0x02	0x00
SPI [1]	result	0.02890751	0.00000512	0x16	0x00
SPI [1]	result	0.02891279	0.00000512	0x01	0x00
SPI [1]	result	0.02891807	0.00000512	0x00	0x00
SPI [1]	result	0.02892335	0.00000512	0x01	0x00
SPI [1]	result	0.02892863	0.00000512	0x00	0x00
SPI [1]	result	0.02893391	0.00000512	0x01	0x00
SPI [1]	result	0.02893919	0.00000512	0x00	0x00
SPI [1]	result	0.02894447	0.00000512	0x00	0x00
SPI [1]	result	0.02894975	0.00000512	0x00	0x00
SPI [1]	result	0.02895503	0.00000512	0x00	0x00
SPI [1]	result	0.02896031	0.00000512	0x00	0x00
SPI [1]	result	0.02896559	0.00000512	0x00	0x00
SPI [1]	result	0.02897087	0.00000512	0x00	0x00
SPI [1]	result	0.02897615	0.00000512	0x00	0x00
SPI [1]	result	0.02898143	0.00000512	0x00	0x00
SPI [1]	result	0.02898671	0.00000512	0x00	0x00
SPI [1]	result	0.02899199	0.00000512	0x00	0x00
SPI [1]	result	0.02899727	0.00000512	0x00	0x00
SPI [1]	result	0.02900255	0.00000512	0x00	0x00
SPI [1]	result	0.02900783	0.00000512	0x00	0x00
SPI [1]	result	0.02901311	0.00000512	0x00	0x00
SPI [1]	result	0.02901839	0.00000512	0x00	0x00
SPI [1]	result	0.02902367	0.00000512	0x00	0x00
SPI [1]	result	0.02902895	0.00000512	0x00	0x00
SPI [1]	result	0.02903423	0.00000512	0x00	0x00
SPI [1]	result	0.02903951	0.00000512	0x00	0x00
SPI [1]	result	0.02904479	0.00000512	0x00	0x00
SPI [1]	result	0.02905007	0.00000512	0x00	0x00
SPI [1]	result	0.02905535	0.00000512	0x00	0x00
SPI [1]	result	0.02906063	0.00000512	0x00	0x00
SPI [1]	result	0.02906591	0.00000512	0x00	0x00
SPI [1]	result	0.02907119	0.00000512	0x00	0x00
SPI [1]	result	0.02907647	0.00000512	0x00	0x00
SPI [1]	result	0.02908175	0.00000512	0x00	0x00
SPI [1]	result	0.02908703	0.00000512	0x00	0x00
SPI [1]	result	0.02909231	0.00000512	0x00	0x00
SPI [1]	result	0.02909759	0.00000512	0x00	0x00
SPI [1]	result	0.02910287	0.00000512	0x00	0x00
SPI [1]	result	0.02910815	0.00000512	0x00	0x00
SPI [1]	result	0.02911343	0.00000512	0x00	0x00
SPI [1]	result	0.02911871	0.00000512	0x00	0x00
SPI [1]	result	0.02912399	0.00000512	0x00	0x00
SPI [1]	result	0.02912927	0.00000512	0x00	0x00
SPI [1]	result	0.02913455	0.00000512	0x00	0x00
SPI [1]	result	0.02913983	0.00000512	0x00	0x00
SPI [1]	result	0.02914511	0.00000512	0x00	0x00
SPI [1]	result	0.02915039	0.00000512	0x00	0x00
SPI [1]	result	0.02915567	0.00000512	0x00	0x00
SPI [1]	result	0.02916095	0.00000512	0x00	0x00
SPI [1]	result	0.02916623	0.00000512	0x00	0x00
SPI [1]	result	0.02917151	0.00000512	0xEF	0x5A
SPI [1]	result	0.03229729	0.00000512	0xFF	0xFF
SPI [1]	result	0.03230257	0.00000512	0xFF	0x00
SPI [1]	result	0.03230785	0.00000512	0x53	0x00
SPI [1]	result	0.03231313	0.00000512	0x50	0x00
SPI [1]	result	0.03231841	0.00000512	0x58	0x00
SPI [1]	result	0.03232369	0.00000512	0x31	0x00
SPI [1]	result	0.03232897	0.00000512	0x00	0x00
SPI [1]	result	0.03233425	0.00000512	0x00	0x00
SPI [1]	result	0.03233953	0.00000512	0x00	0x00
SPI [1]	result	0.03234481	0.00000512	0x00	0x00
SPI [1]	result	0.03235009	0.00000512	0x00	0x00
SPI [1]	result	0.03235537	0.00000512	0x00	0x00
SPI [1]	result	0.03236065	0.00000512	0x47	0x00
SPI [1]	result	0.03236593	0.00000512	0x46	0x00
SPI [1]	result	0.03237121	0.00000512	0x58	0x00
SPI [1]	result	0.03237649	0.00000512	0x20	0x00
SPI [1]	result	0.03238177	0.00000512	0x35	0x00
SPI [1]	result	0.03238705	0.00000512	0x30	0x00
SPI [1]	result	0.03239233	0.00000512	0x53	0x00
SPI [1]	result	0.03239761	0.00000512	0x00	0x00
SPI [1]	result	0.03240289	0.00000512	0x00	0x00
SPI [1]	result	0.03240817	0.00000512	0x00	0x00
SPI [1]	result	0.03241345	0.00000512	0x00	0x00
SPI [1]	result	0.03241873	0.00000512	0x00	0x00
SPI [1]	result	0.03242401	0.00000512	0x00	0x00
SPI [1]	result	0.03242929	0.00000512	0x00	0x00
SPI [1]	result	0.03243457	0.00000512	0x00	0x00
SPI [1]	result	0.03243985	0.00000512	0x00	0x00
SPI [1]	result	0.03244513	0.00000512	0x00	0x00
SPI [1]	result	0.03245041	0.00000512	0x00	0x00
SPI [1]	result	0.03245569	0.00000512	0x00	0x00
SPI [1]	result	0.03246097	0.00000512	0x00	0x00
SPI [1]	result	0.03246625	0.00000512	0x47	0x00
SPI [1]	result	0.03247153	0.00000512	0x46	0x00
SPI [1]	result	0.03247681	0.00000512	0x58	0x00
SPI [1]	result	0.03248209	0.00000512	0x20	0x00
SPI [1]	result	0.03248737	0.00000512	0x35	0x00
SPI [1]	result	0.03249265	0.00000512	0x30	0x00
SPI [1]	result	0.03249793	0.00000512	0x53	0x00
SPI [1]	result	0.03250321	0.00000512	0x00	0x00
SPI [1]	result	0.03250849	0.00000512	0x00	0x00
SPI [1]	result	0.03251377	0.00000512	0x00	0x00
SPI [1]	result	0.03251905	0.00000512	0x00	0x00
SPI [1]	result	0.03252433	0.00000512	0x00	0x00
SPI [1]	result	0.03252961	0.00000512	0x00	0x00
SPI [1]	result	0.03253489	0.00000512	0x00	0x00
SPI [1]	result	0.03254017	0.00000512	0x00	0x00
SPI [1]	result	0.03254545	0.00000512	0x35	0x00
SPI [1]	result	0.03255073	0.00000512	0x39	0x00
SPI [1]	result	0.03255601	0.00000512	0x33	0x00
SPI [1]	result	0.03256129	0.00000512	0x35	0x00
SPI [1]	result	0.03256657	0.00000512	0x33	0x00
SPI [1]	result	0.03257185	0.00000512	0x33	0x00
SPI [1]	result	0.03257713	0.00000512	0x33	0x00
SPI [1]	result	0.03258241	0.00000512	0x31	0x00
SPI [1]	result	0.03258769	0.00000512	0x33	0x00
SPI [1]	result	0.03259297	0.00000512	0x36	0x00
SPI [1]	result	0.03259825	0.00000512	0x33	0x00
SPI [1]	result	0.03260353	0.00000512	0x31	0x00
SPI [1]	result	0.03260881	0.00000512	0x31	0x00
SPI [1]	result	0.03261409	0.00000512	0x37	0x00
SPI [1]	result	0.03261937	0.00000512	0x30	0x00
SPI [1]	result	0.03262465	0.00000512	0x32	0x00
SPI [1]	result	0.03262993	0.00000512	0x31	0x00
SPI [1]	result	0.03263521	0.00000512	0x36	0x00
SPI [1]	result	0.03264049	0.00000512	0x37	0x00
SPI [1]	result	0.03264577	0.00000512	0x30	0x00
SPI [1]	result	0.03265105	0.00000512	0x32	0x00
SPI [1]	result	0.03265633	0.00000512	0x30	0x00
SPI [1]	result	0.03266161	0.00000512	0x31	0x00
SPI [1]	result	0.03266689	0.00000512	0x30	0x00
SPI [1]	result	0.03267217	0.00000512	0x31	0x00
SPI [1]	result	0.03267745	0.00000512	0x31	0x00
SPI [1]	result	0.03268273	0.00000512	0x30	0x00
SPI [1]	result	0.03268801	0.00000512	0x36	0x00
SPI [1]	result	0.03269329	0.00000512	0x39	0x00
SPI [1]	result	0.03269857	0.00000512	0x41	0x00
SPI [1]	result	0.03270385	0.00000512	0x04	0x00
SPI [1]	result	0.03270913	0.00000512	0x20	0x00
SPI [1]	result	0.03271441	0.00000512	0x02	0x00
SPI [1]	result	0.03271969	0.00000512	0x16	0x00
SPI [1]	result	0.03272497	0.00000512	0x01	0x00
SPI [1]	result	0.03273025	0.00000512	0x00	0x00
SPI [1]	result	0.03273553	0.00000512	0x01	0x00
SPI [1]	result	0.03274081	0.00000512	0x00	0x00
SPI [1]	result	0.03274609	0.00000512	0x01	0x00
SPI [1]	result	0.03275137	0.00000512	0x00	0x00
SPI [1]	result	0.03275665	0.00000512	0x00	0x00
SPI [1]	result	0.03276193	0.00000512	0x00	0x00
SPI [1]	result	0.03276721	0.00000512	0x00	0x00
SPI [1]	result	0.03277249	0.00000512	0x00	0x00
SPI [1]	result	0.03277777	0.00000512	0x00	0x00
SPI [1]	result	0.03278305	0.00000512	0x00	0x00
SPI [1]	result	0.03278833	0.00000512	0x00	0x00
SPI [1]	result	0.03279361	0.00000512	0x00	0x00
SPI [1]	result	0.03279889	0.00000512	0x00	0x00
SPI [1]	result	0.03280417	0.00000512	0x00	0x00
SPI [1]	result	0.03280945	0.00000512	0x00	0x00
SPI [1]	result	0.03281473	0.00000512	0x00	0x00
SPI [1]	result	0.03282001	0.00000512	0x00	0x00
SPI [1]	result	0.03282529	0.00000512	0x00	0x00
SPI [1]	result	0.03283057	0.00000512	0x00	0x00
SPI [1]	result	0.03283585	0.00000512	0x00	0x00
SPI [1]	result	0.03284113	0.00000512	0x00	0x00
SPI [1]	result	0.03284641	0.00000512	0x00	0x00
SPI [1]	result	0.03285169	0.00000512	0x00	0x00
SPI [1]	result	0.03285697	0.00000512	0x00	0x00
SPI [1]	result	0.03286225	0.00000512	0x00	0x00
SPI [1]	result	0.03286753	0.00000512	0x00	0x00
SPI [1]	result	0.03287281	0.00000512	0x00	0x00
SPI [1]	result	0.03287809	0.00000512	0x00	0x00
SPI [1]	result	0.03288337	0.00000512	0x00	0x00
SPI [1]	result	0.03288865	0.00000512	0x00	0x00
SPI [1]	result	0.03289393	0.00000512	0x00	0x00
SPI [1]	result	0.03289921	0.00000512	0x00	0x00
SPI [1]	result	0.03290449	0.00000512	0x00	0x00
SPI [1]	result	0.03290977	0.00000512	0x00	0x00
SPI [1]	result	0.03291505	0.00000512	0x00	0x00
SPI [1]	result	0.03292033	0.00000512	0x00	0x00
SPI [1]	result	0.03292561	0.00000512	0x00	0x00
SPI [1]	result	0.03293089	0.00000512	0x00	0x00
SPI [1]	result	0.03293617	0.00000512	0x00	0x00
SPI [1]	result	0.03294145	0.00000512	0x00	0x00
SPI [1]	result	0.03294673	0.00000512	0x00	0x00
SPI [1]	result	0.03295201	0.00000512	0x00	0x00
SPI [1]	result	0.03295729	0.00000512	0x00	0x00
SPI [1]	result	0.03296257	0.00000512	0x00	0x00
SPI [1]	result	0.03296785	0.00000512	0x00	0x00
SPI [1]	result	0.03297313	0.00000512	0x00	0x00
SPI [1]	result	0.03297841	0.00000512	0x00	0x00
SPI [1]	result	0.03298369	0.00000512	0xED	0x5A
SPI [1]	result	0.03611251	0.00000512	0x00	0x00
SPI [1]	result	0.03611779	0.00000512	0x00	0x00
SPI [1]	result	0.03612307	0.00000512	0x05	0x00
SPI [1]	result	0.03612835	0.00000512	0x96	0x1F
SPI [1]	result	0.03691938	0.00000512	0x0D	0x00
SPI [1]	result	0.03692466	0.00000512	0x10	0x00
SPI [1]	result	0.03692994	0.00000512	0x80	0xF0
SPI [1]	result	0.03693522	0.00000512	0x0A	0x0F
SPI [1]	result	0.03748734	0.00000512	0x00	0x00
SPI [1]	result	0.03749262	0.00000512	0x00	0x00
SPI [1]	result	0.03749790	0.00000512	0x00	0x00
SPI [1]	result	0.03750318	0.00000512	0x00	0x00
SPI [1]	result	0.03806324	0.00000512	0x08	0x00
SPI [1]	result	0.03806852	0.00000512	0x00	0x00
SPI [1]	result	0.03807380	0.00000512	0x85	0x01
SPI [1]	result	0.03807908	0.00000512	0xA8	0xFF
SPI [1]	result	0.03865326	0.00000512	0x00	0x00
SPI [1]	result	0.03865854	0.00000512	0x00	0x00
SPI [1]	result	0.03866382	0.00000512	0x08	0x00
SPI [1]	result	0.03866910	0.00000512	0x20	0x00
SPI [1]	result	0.03944820	0.00000512	0x0E	0x00
SPI [1]	result	0.03945348	0.00000512	0x10	0x00
SPI [1]	result	0.03945876	0.00000512	0x80	0x40
SPI [1]	result	0.03946404	0.00000512	0x12	0x1F
SPI [1]	result	0.04001988	0.00000512	0x00	0x00
SPI [1]	result	0.04002516	0.00000512	0x00	0x00
SPI [1]	result	0.04003044	0.00000512	0x00	0x00
SPI [1]	result	0.04003572	0.00000512	0x00	0x00
SPI [1]	result	0.04059236	0.00000512	0x08	0x00
SPI [1]	result	0.04059764	0.00000512	0x00	0x00
SPI [1]	result	0.04060292	0.00000512	0x88	0x04
SPI [1]	result	0.04060820	0.00000512	0x32	0x3F
SPI [1]	result	0.04119019	0.00000512	0x00	0x00
SPI [1]	result	0.04119547	0.00000512	0x00	0x00
SPI [1]	result	0.04120075	0.00000512	0x0C	0x00
SPI [1]	result	0.04120603	0.00000512	0x30	0x00
SPI [1]	result	0.04198516	0.00000512	0x0F	0x00
SPI [1]	result	0.04199044	0.00000512	0x10	0x00
SPI [1]	result	0.04199572	0.00000512	0x80	0x78
SPI [1]	result	0.04200100	0.00000512	0x1A	0x1F
SPI [1]	result	0.04255522	0.00000512	0x00	0x00
SPI [1]	result	0.04256050	0.00000512	0x00	0x00
SPI [1]	result	0.04256578	0.00000512	0x0C	0x00
SPI [1]	result	0.04257106	0.00000512	0x72	0x03
SPI [1]	result	0.04334727	0.00000512	0x08	0x00
SPI [1]	result	0.04335255	0.00000512	0x00	0x00
SPI [1]	result	0.04335783	0.00000512	0x8C	0x03
SPI [1]	result	0.04336311	0.00000512	0x02	0xA3
SPI [1]	result	0.04394002	0.00000512	0x00	0x00
SPI [1]	result	0.04394530	0.00000512	0x00	0x00
SPI [1]	result	0.04395058	0.00000512	0x00	0x00
SPI [1]	result	0.04395586	0.00000512	0x00	0x00
SPI [1]	result	0.04451630	0.00000512	0x08	0x00
SPI [1]	result	0.04452158	0.00000512	0x00	0x00
SPI [1]	result	0.04452686	0.00000512	0x8C	0x03
SPI [1]	result	0.04453214	0.00000512	0x44	0x7F
SPI [1]	result	0.07966322	0.00000512	0x00	0x00
SPI [1]	result	0.07966850	0.00000512	0x00	0x00
SPI [1]	result	0.07967378	0.00000512	0x08	0x00
SPI [1]	result	0.07967906	0.00000512	0x20	0x00
SPI [1]	result	0.08045233	0.00000512	0x09	0x00
SPI [1]	result	0.08045761	0.00000512	0x10	0x0F
SPI [1]	result	0.08046289	0.00000512	0x80	0xFF
SPI [1]	result	0.08046817	0.00000512	0x2A	0xFF
SPI [1]	result	0.08102622	0.00000512	0x00	0x00
SPI [1]	result	0.08103150	0.00000512	0x00	0x00
SPI [1]	result	0.08103678	0.00000512	0x00	0x00
SPI [1]	result	0.08104206	0.00000512	0x00	0x00
SPI [1]	result	0.08159120	0.00000512	0x08	0x00
SPI [1]	result	0.08159648	0.00000512	0x00	0x00
SPI [1]	result	0.08160176	0.00000512	0x88	0x07
SPI [1]	result	0.08160704	0.00000512	0x32	0xFF
SPI [1]	result	0.14217764	0.00000512	0x00	0x00
SPI [1]	result	0.14218292	0.00000512	0x00	0x00
SPI [1]	result	0.14218820	0.00000512	0x08	0x00
SPI [1]	result	0.14219348	0.00000512	0x20	0x00
SPI [1]	result	0.14265527	0.00000512	0x0A	0x00
SPI [1]	result	0.14266055	0.00000512	0x10	0x0F
SPI [1]	result	0.14266583	0.00000512	0x80	0xFF
SPI [1]	result	0.14267111	0.00000512	0x32	0xFF
SPI [1]	result	0.14293927	0.00000512	0x00	0x00
SPI [1]	result	0.14294455	0.00000512	0x00	0x00
SPI [1]	result	0.14294983	0.00000512	0x00	0x00
SPI [1]	result	0.14295511	0.00000512	0x00	0x00
SPI [1]	result	0.14321906	0.00000512	0x08	0x00
SPI [1]	result	0.14322434	0.00000512	0x00	0x00
SPI [1]	result	0.14322962	0.00000512	0x88	0x07
SPI [1]	result	0.14323490	0.00000512	0x32	0xFF
SPI [1]	result	0.15704041	0.00000512	0x00	0x00
SPI [1]	result	0.15704569	0.00000512	0x00	0x00
SPI [1]	result	0.15705097	0.00000512	0x20	0x00
SPI [1]	result	0.15705625	0.00000512	0x04	0x00
SPI [1]	result	0.15753522	0.00000512	0x0B	0x00
SPI [1]	result	0.15754050	0.00000512	0x10	0x0F
SPI [1]	result	0.15754578	0.00000512	0x80	0xFF
SPI [1]	result	0.15755106	0.00000512	0x3A	0xFF
SPI [1]	result	0.15784227	0.00000512	0x00	0x00
SPI [1]	result	0.15784755	0.00000512	0x00	0x00
SPI [1]	result	0.15785283	0.00000512	0x3F	0x00
SPI [1]	result	0.15785811	0.00000512	0xC6	0x01
SPI [1]	result	0.15833607	0.00000512	0x0C	0x00
SPI [1]	result	0.15834135	0.00000512	0x00	0x00
SPI [1]	result	0.15834663	0.00000512	0xA0	0x1F
SPI [1]	result	0.15835191	0.00000512	0x36	0xFF
SPI [1]	result	0.15863827	0.00000512	0x00	0x00
SPI [1]	result	0.15864355	0.00000512	0x00	0x00
SPI [1]	result	0.15864883	0.00000512	0x00	0x00
SPI [1]	result	0.15865411	0.00000512	0x00	0x00
SPI [1]	result	0.15891956	0.00000512	0x08	0x00
SPI [1]	result	0.15892484	0.00000512	0x00	0x00
SPI [1]	result	0.15893012	0.00000512	0xBF	0x10
SPI [1]	result	0.15893540	0.00000512	0xD8	0x3F
SPI [1]	result	0.15920828	0.00000512	0x00	0x00
SPI [1]	result	0.15921356	0.00000512	0x02	0x00
SPI [1]	result	0.15921884	0.00000512	0x2A	0x1F
SPI [1]	result	0.15922412	0.00000512	0x2E	0xFF
SPI [1]	result	0.15967134	0.00000512	0x0D	0x00
SPI [1]	result	0.15967662	0.00000512	0x10	0x0F
SPI [1]	result	0.15968190	0.00000512	0x80	0xFF
SPI [1]	result	0.15968718	0.00000512	0x0A	0xFF
SPI [1]	result	0.15995630	0.00000512	0x00	0x00
SPI [1]	result	0.15996158	0.00000512	0x00	0x00
SPI [1]	result	0.15996686	0.00000512	0x3F	0x00
SPI [1]	result	0.15997214	0.00000512	0xC6	0x00
SPI [1]	result	0.16043711	0.00000512	0x0E	0x00
SPI [1]	result	0.16044239	0.00000512	0x00	0x00
SPI [1]	result	0.16044767	0.00000512	0xAA	0x1F
SPI [1]	result	0.16045295	0.00000512	0x2E	0xFF
SPI [1]	result	0.16074122	0.00000512	0x00	0x00
SPI [1]	result	0.16074650	0.00000512	0x00	0x00
SPI [1]	result	0.16075178	0.00000512	0x00	0x00
SPI [1]	result	0.16075706	0.00000512	0x00	0x00
SPI [1]	result	0.16102722	0.00000512	0x08	0x00
SPI [1]	result	0.16103250	0.00000512	0x00	0x00
SPI [1]	result	0.16103778	0.00000512	0xBF	0x00
SPI [1]	result	0.16104306	0.00000512	0xD8	0x3F
SPI [1]	result	0.18213950	0.00000512	0x00	0x00
SPI [1]	result	0.18214478	0.00000512	0x00	0x00
SPI [1]	result	0.18215006	0.00000512	0x08	0x00
SPI [1]	result	0.18215534	0.00000512	0x20	0x00
SPI [1]	result	0.18261920	0.00000512	0x0F	0x00
SPI [1]	result	0.18262448	0.00000512	0x10	0x00
SPI [1]	result	0.18262976	0.00000512	0x80	0xFF
SPI [1]	result	0.18263504	0.00000512	0x1A	0xFF
SPI [1]	result	0.18290620	0.00000512	0x00	0x00
SPI [1]	result	0.18291148	0.00000512	0x00	0x00
SPI [1]	result	0.18291676	0.00000512	0x00	0x00
SPI [1]	result	0.18292204	0.00000512	0x00	0x00
SPI [1]	result	0.18318126	0.00000512	0x08	0x00
SPI [1]	result	0.18318654	0.00000512	0x00	0x00
SPI [1]	result	0.18319182	0.00000512	0x88	0x07
SPI [1]	result	0.18319710	0.00000512	0x32	0xFF
SPI [1]	result	0.18347820	0.00000512	0x00	0x00
SPI [1]	result	0.18348348	0.00000512	0x00	0x00
SPI [1]	result	0.18348876	0.00000512	0x0C	0x00
SPI [1]	result	0.18349404	0.00000512	0xB2	0x7F
SPI [1]	result	0.18395109	0.00000512	0x08	0x00
SPI [1]	result	0.18395637	0.00000512	0x10	0x00
SPI [1]	result	0.18396165	0.00000512	0x80	0x7F
SPI [1]	result	0.18396693	0.00000512	0x22	0x3F
SPI [1]	result	0.18423607	0.00000512	0x00	0x00
SPI [1]	result	0.18424135	0.00000512	0x00	0x00
SPI [1]	result	0.18424663	0.00000512	0x0C	0x00
SPI [1]	result	0.18425191	0.00000512	0x30	0x00
SPI [1]	result	0.18469329	0.00000512	0x09	0x00
SPI [1]	result	0.18469857	0.00000512	0x00	0x00
SPI [1]	result	0.18470385	0.00000512	0x8C	0x5F
SPI [1]	result	0.18470913	0.00000512	0x8C	0xFF
SPI [1]	result	0.18498525	0.00000512	0x00	0x00
SPI [1]	result	0.18499053	0.00000512	0x00	0x00
SPI [1]	result	0.18499581	0.00000512	0x00	0x00
SPI [1]	result	0.18500109	0.00000512	0x00	0x00
SPI [1]	result	0.18527621	0.00000512	0x08	0x00
SPI [1]	result	0.18528149	0.00000512	0x00	0x00
SPI [1]	result	0.18528677	0.00000512	0x8C	0x03
SPI [1]	result	0.18529205	0.00000512	0x02	0xF3
SPI [1]	result	0.22215561	0.00000512	0x00	0x00
SPI [1]	result	0.22216089	0.00000512	0x00	0x00
SPI [1]	result	0.22216617	0.00000512	0x08	0x00
SPI [1]	result	0.22217145	0.00000512	0x20	0x00
SPI [1]	result	0.22262316	0.00000512	0x0A	0x00
SPI [1]	result	0.22262844	0.00000512	0x10	0x0F
SPI [1]	result	0.22263372	0.00000512	0x80	0xFF
SPI [1]	result	0.22263900	0.00000512	0x32	0xFF
SPI [1]	result	0.22290025	0.00000512	0x00	0x00
SPI [1]	result	0.22290553	0.00000512	0x00	0x00
SPI [1]	result	0.22291081	0.00000512	0x00	0x00
SPI [1]	result	0.22291609	0.00000512	0x00	0x00
SPI [1]	result	0.22317216	0.00000512	0x08	0x00
SPI [1]	result	0.22317744	0.00000512	0x00	0x00
SPI [1]	result	0.22318272	0.00000512	0x88	0x07
SPI [1]	result	0.22318800	0.00000512	0x32	0xFF
SPI [1]	result	0.26214086	0.00000512	0x00	0x00
SPI [1]	result	0.26214614	0.00000512	0x00	0x00
SPI [1]	result	0.26215142	0.00000512	0x08	0x00
SPI [1]	result	0.26215670	0.00000512	0x20	0x10
SPI [1]	result	0.26261215	0.00000512	0x0B	0x00
SPI [1]	result	0.26261743	0.00000512	0x10	0x0F
SPI [1]	result	0.26262271	0.00000512	0x80	0xFF
SPI [1]	result	0.26262799	0.00000512	0x3A	0xFF
SPI [1]	result	0.26289137	0.00000512	0x00	0x00
SPI [1]	result	0.26289665	0.00000512	0x00	0x00
SPI [1]	result	0.26290193	0.00000512	0x00	0x00
SPI [1]	result	0.26290721	0.00000512	0x00	0x00
SPI [1]	result	0.26317617	0.00000512	0x08	0x00
SPI [1]	result	0.26318145	0.00000512	0x00	0x00
SPI [1]	result	0.26318673	0.00000512	0x88	0x07
SPI [1]	result	0.26319201	0.00000512	0x32	0xFF
SPI [1]	result	0.30214002	0.00000512	0x00	0x00
SPI [1]	result	0.30214530	0.00000512	0x00	0x00
SPI [1]	result	0.30215058	0.00000512	0x08	0x00
SPI [1]	result	0.30215586	0.00000512	0x20	0x00
SPI [1]	result	0.30260840	0.00000512	0x0C	0x00
SPI [1]	result	0.30261368	0.00000512	0x10	0x00
SPI [1]	result	0.30261896	0.00000512	0x80	0x7F
SPI [1]	result	0.30262424	0.00000512	0x02	0xE3
SPI [1]	result	0.30288638	0.00000512	0x00	0x00
SPI [1]	result	0.30289166	0.00000512	0x00	0x00
SPI [1]	result	0.30289694	0.00000512	0x00	0x00
SPI [1]	result	0.30290222	0.00000512	0x00	0x00
SPI [1]	result	0.30317536	0.00000512	0x08	0x00
SPI [1]	result	0.30318064	0.00000512	0x00	0x00
SPI [1]	result	0.30318592	0.00000512	0x88	0x07
SPI [1]	result	0.30319120	0.00000512	0x32	0xFF
SPI [1]	result	0.34214043	0.00000512	0x00	0x00
SPI [1]	result	0.34214571	0.00000512	0x00	0x00
SPI [1]	result	0.34215099	0.00000512	0x08	0x00
SPI [1]	result	0.34215627	0.00000512	0x20	0x00
SPI [1]	result	0.34260832	0.00000512	0x0D	0x00
SPI [1]	result	0.34261360	0.00000512	0x10	0x0F
SPI [1]	result	0.34261888	0.00000512	0x80	0xFF
SPI [1]	result	0.34262416	0.00000512	0x0A	0xFF
SPI [1]	result	0.34290330	0.00000512	0x00	0x00
SPI [1]	result	0.34290858	0.00000512	0x00	0x00
SPI [1]	result	0.34291386	0.00000512	0x00	0x00
SPI [1]	result	0.34291914	0.00000512	0x00	0x00
SPI [1]	result	0.34318739	0.00000512	0x08	0x00
SPI [1]	result	0.34319267	0.00000512	0x00	0x00
SPI [1]	result	0.34319795	0.00000512	0x88	0x07
SPI [1]	result	0.34320323	0.00000512	0x32	0xFF
SPI [1]	result	0.38213717	0.00000512	0x00	0x00
SPI [1]	result	0.38214245	0.00000512	0x00	0x00
SPI [1]	result	0.38214773	0.00000512	0x08	0x00
SPI [1]	result	0.38215301	0.00000512	0x20	0x00
SPI [1]	result	0.38260627	0.00000512	0x0E	0x00
SPI [1]	result	0.38261155	0.00000512	0x10	0x00
SPI [1]	result	0.38261683	0.00000512	0x80	0x7F
SPI [1]	result	0.38262211	0.00000512	0x12	0xFF
SPI [1]	result	0.38289029	0.00000512	0x00	0x00
SPI [1]	result	0.38289557	0.00000512	0x00	0x00
SPI [1]	result	0.38290085	0.00000512	0x00	0x00
SPI [1]	result	0.38290613	0.00000512	0x00	0x00
SPI [1]	result	0.38317938	0.00000512	0x08	0x00
SPI [1]	result	0.38318466	0.00000512	0x00	0x00
SPI [1]	result	0.38318994	0.00000512	0x88	0x07
SPI [1]	result	0.38319522	0.00000512	0x32	0xFF
SPI [1]	result	0.42214272	0.00000512	0x00	0x00
SPI [1]	result	0.42214800	0.00000512	0x00	0x00
SPI [1]	result	0.42215328	0.00000512	0x08	0x00
SPI [1]	result	0.42215856	0.00000512	0x20	0x10
SPI [1]	result	0.42262638	0.00000512	0x0F	0x00
SPI [1]	result	0.42263166	0.00000512	0x10	0x00
SPI [1]	result	0.42263694	0.00000512	0x80	0x5F
SPI [1]	result	0.42264222	0.00000512	0x1A	0x9F
SPI [1]	result	0.42291434	0.00000512	0x00	0x00
SPI [1]	result	0.42291962	0.00000512	0x00	0x00
SPI [1]	result	0.42292490	0.00000512	0x00	0x00
SPI [1]	result	0.42293018	0.00000512	0x00	0x00
SPI [1]	result	0.42318826	0.00000512	0x08	0x00
SPI [1]	result	0.42319354	0.00000512	0x00	0x00
SPI [1]	result	0.42319882	0.00000512	0x88	0x07
SPI [1]	result	0.42320410	0.00000512	0x32	0xFF
SPI [1]	result	0.46213117	0.00000512	0x00	0x00
SPI [1]	result	0.46213645	0.00000512	0x00	0x00
SPI [1]	result	0.46214173	0.00000512	0x08	0x00
SPI [1]	result	0.46214701	0.00000512	0x20	0x00
SPI [1]	result	0.46260017	0.00000512	0x08	0x00
SPI [1]	result	0.46260545	0.00000512	0x10	0x08
SPI [1]	result	0.46261073	0.00000512	0x80	0x7F
SPI [1]	result	0.46261601	0.00000512	0x22	0xFF
SPI [1]	result	0.46287731	0.00000512	0x00	0x00
SPI [1]	result	0.46288259	0.00000512	0x00	0x00
SPI [1]	result	0.46288787	0.00000512	0x00	0x00
SPI [1]	result	0.46289315	0.00000512	0x00	0x00
SPI [1]	result	0.46315046	0.00000512	0x08	0x00
SPI [1]	result	0.46315574	0.00000512	0x00	0x00
SPI [1]	result	0.46316102	0.00000512	0x88	0x07
SPI [1]	result	0.46316630	0.00000512	0x32	0xFF
SPI [1]	result	0.50211896	0.00000512	0x00	0x00
SPI [1]	result	0.50212424	0.00000512	0x00	0x00
SPI [1]	result	0.50212952	0.00000512	0x08	0x00
SPI [1]	result	0.50213480	0.00000512	0x20	0x00
SPI [1]	result	0.50258429	0.00000512	0x09	0x00
SPI [1]	result	0.50258957	0.00000512	0x10	0x0F
SPI [1]	result	0.50259485	0.00000512	0x80	0xFF
SPI [1]	result	0.50260013	0.00000512	0x2A	0xFF
SPI [1]	result	0.50285931	0.00000512	0x00	0x00
SPI [1]	result	0.50286459	0.00000512	0x00	0x00
SPI [1]	result	0.50286987	0.00000512	0x00	0x00
SPI [1]	result	0.50287515	0.00000512	0x00	0x00
SPI [1]	result	0.50312927	0.00000512	0x08	0x00
SPI [1]	result	0.50313455	0.00000512	0x00	0x00
SPI [1]	result	0.50313983	0.00000512	0x88	0x07
SPI [1]	result	0.50314511	0.00000512	0x32	0xFF
SPI [1]	result	0.54213630	0.00000512	0x00	0x00
SPI [1]	result	0.54214158	0.00000512	0x00	0x00
SPI [1]	result	0.54214686	0.00000512	0x08	0x00
SPI [1]	result	0.54215214	0.00000512	0x20	0x00
SPI [1]	result	0.54260636	0.00000512	0x0A	0x00
SPI [1]	result	0.54261164	0.00000512	0x10	0x0F
SPI [1]	result	0.54261692	0.00000512	0x80	0xFF
SPI [1]	result	0.54262220	0.00000512	0x32	0xFF
SPI [1]	result	0.54288437	0.00000512	0x00	0x00
SPI [1]	result	0.54288965	0.00000512	0x00	0x00
SPI [1]	result	0.54289493	0.00000512	0x00	0x00
SPI [1]	result	0.54290021	0.00000512	0x00	0x00
SPI [1]	result	0.54315434	0.00000512	0x08	0x00
SPI [1]	result	0.54315962	0.00000512	0x00	0x00
SPI [1]	result	0.54316490	0.00000512	0x88	0x07
SPI [1]	result	0.54317018	0.00000512	0x32	0xFF
SPI [1]	result	0.54344035	0.00000512	0x00	0x00
SPI [1]	result	0.54344563	0.00000512	0x00	0x00
SPI [1]	result	0.54345091	0.00000512	0x0C	0x00
SPI [1]	result	0.54345619	0.00000512	0x72	0x03
SPI [1]	result	0.54389324	0.00000512	0x0B	0x00
SPI [1]	result	0.54389852	0.00000512	0x10	0x0F
SPI [1]	result	0.54390380	0.00000512	0x80	0xFF
SPI [1]	result	0.54390908	0.00000512	0x3A	0xFF
SPI [1]	result	0.54416520	0.00000512	0x00	0x00
SPI [1]	result	0.54417048	0.00000512	0x00	0x00
SPI [1]	result	0.54417576	0.00000512	0x00	0x00
SPI [1]	result	0.54418104	0.00000512	0x00	0x00
SPI [1]	result	0.54443525	0.00000512	0x08	0x00
SPI [1]	result	0.54444053	0.00000512	0x00	0x00
SPI [1]	result	0.54444581	0.00000512	0x8C	0x03
SPI [1]	result	0.54445109	0.00000512	0x44	0xFF
SPI [1]	result	0.56455703	0.00000512	0x00	0x00
SPI [1]	result	0.56456231	0.00000512	0x00	0x00
SPI [1]	result	0.56456759	0.00000512	0x0F	0x00
SPI [1]	result	0.56457287	0.00000512	0xC0	0x00
SPI [1]	result	0.56501712	0.00000512	0x0C	0x00
SPI [1]	result	0.56502240	0.00000512	0x10	0x00
SPI [1]	result	0.56502768	0.00000512	0x80	0x7F
SPI [1]	result	0.56503296	0.00000512	0x02	0xE3
SPI [1]	result	0.56529126	0.00000512	0x00	0x00
SPI [1]	result	0.56529654	0.00000512	0x01	0x00
SPI [1]	result	0.56530182	0.00000512	0x09	0x05
SPI [1]	result	0.56530710	0.00000512	0x04	0xFF
SPI [1]	result	0.56574230	0.00000512	0x0D	0x00
SPI [1]	result	0.56574758	0.00000512	0x00	0x00
SPI [1]	result	0.56575286	0.00000512	0x8F	0x7F
SPI [1]	result	0.56575814	0.00000512	0xFA	0xFF
SPI [1]	result	0.56602311	0.00000512	0x00	0x00
SPI [1]	result	0.56602839	0.00000512	0x01	0x00
SPI [1]	result	0.56603367	0.00000512	0x08	0x04
SPI [1]	result	0.56603895	0.00000512	0x42	0x7F
SPI [1]	result	0.56647507	0.00000512	0x0E	0x00
SPI [1]	result	0.56648035	0.00000512	0x00	0x00
SPI [1]	result	0.56648563	0.00000512	0x89	0x07
SPI [1]	result	0.56649091	0.00000512	0x26	0xFF
SPI [1]	result	0.56675525	0.00000512	0x00	0x00
SPI [1]	result	0.56676053	0.00000512	0x01	0x00
SPI [1]	result	0.56676581	0.00000512	0x08	0x04
SPI [1]	result	0.56677109	0.00000512	0x82	0xFF
SPI [1]	result	0.56721033	0.00000512	0x0F	0x00
SPI [1]	result	0.56721561	0.00000512	0x00	0x00
SPI [1]	result	0.56722089	0.00000512	0x88	0x07
SPI [1]	result	0.56722617	0.00000512	0x6C	0xFF
SPI [1]	result	0.56749223	0.00000512	0x00	0x00
SPI [1]	result	0.56749751	0.00000512	0x00	0x00
SPI [1]	result	0.56750279	0.00000512	0x09	0x00
SPI [1]	result	0.56750807	0.00000512	0xE8	0x0F
SPI [1]	result	0.56794427	0.00000512	0x08	0x00
SPI [1]	result	0.56794955	0.00000512	0x00	0x00
SPI [1]	result	0.56795483	0.00000512	0x88	0x07
SPI [1]	result	0.56796011	0.00000512	0xB4	0xFF
SPI [1]	result	0.56822308	0.00000512	0x00	0x00
SPI [1]	result	0.56822836	0.00000512	0x00	0x00
SPI [1]	result	0.56823364	0.00000512	0x00	0x00
SPI [1]	result	0.56823892	0.00000512	0x00	0x00
SPI [1]	result	0.56849421	0.00000512	0x08	0x00
SPI [1]	result	0.56849949	0.00000512	0x00	0x00
SPI [1]	result	0.56850477	0.00000512	0x89	0x07
SPI [1]	result	0.56851005	0.00000512	0xFA	0xFF
SPI [1]	result	0.56878208	0.00000512	0x00	0x00
SPI [1]	result	0.56878736	0.00000512	0x00	0x00
SPI [1]	result	0.56879264	0.00000512	0x09	0x00
SPI [1]	result	0.56879792	0.00000512	0xA6	0x7F
SPI [1]	result	0.56924226	0.00000512	0x09	0x00
SPI [1]	result	0.56924754	0.00000512	0x10	0x0F
SPI [1]	result	0.56925282	0.00000512	0x80	0xFF
SPI [1]	result	0.56925810	0.00000512	0x2A	0xFF
SPI [1]	result	0.56951731	0.00000512	0x00	0x00
SPI [1]	result	0.56952259	0.00000512	0x00	0x00
SPI [1]	result	0.56952787	0.00000512	0x00	0x00
SPI [1]	result	0.56953315	0.00000512	0x00	0x00
SPI [1]	result	0.56979411	0.00000512	0x08	0x00
SPI [1]	result	0.56979939	0.00000512	0x00	0x00
SPI [1]	result	0.56980467	0.00000512	0x89	0x07
SPI [1]	result	0.56980995	0.00000512	0xB8	0xFF
SPI [1]	result	0.57007809	0.00000512	0x80	0x00
SPI [1]	result	0.57008337	0.00000512	0x02	0x00
SPI [1]	result	0.57008865	0.00000512	0x28	0x1F
SPI [1]	result	0.57009393	0.00000512	0x06	0xFF
SPI [1]	result	0.57053234	0.00000512	0x0A	0x00
SPI [1]	result	0.57053762	0.00000512	0x10	0x0F
SPI [1]	result	0.57054290	0.00000512	0x80	0xFF
SPI [1]	result	0.57054818	0.00000512	0x32	0xFF
SPI [1]	result	0.57080614	0.00000512	0x7F	0x00
SPI [1]	result	0.57081142	0.00000512	0xFF	0x00
SPI [1]	result	0.57081670	0.00000512	0x15	0x07
SPI [1]	result	0.57082198	0.00000512	0x10	0xFF
SPI [1]	result	0.57125819	0.00000512	0x0B	0x00
SPI [1]	result	0.57126347	0.00000512	0x00	0x00
SPI [1]	result	0.57126875	0.00000512	0xA8	0x7F
SPI [1]	result	0.57127403	0.00000512	0x0E	0xFF
SPI [1]	result	0.57153732	0.00000512	0x01	0x00
SPI [1]	result	0.57154260	0.00000512	0x23	0x01
SPI [1]	result	0.57154788	0.00000512	0x15	0xFF
SPI [1]	result	0.57155316	0.00000512	0x62	0xFF
SPI [1]	result	0.57198806	0.00000512	0x0C	0x00
SPI [1]	result	0.57199334	0.00000512	0x00	0x00
SPI [1]	result	0.57199862	0.00000512	0x95	0x0F
SPI [1]	result	0.57200390	0.00000512	0x08	0xFF
SPI [1]	result	0.57226609	0.00000512	0x0A	0x00
SPI [1]	result	0.57227137	0.00000512	0x00	0x00
SPI [1]	result	0.57227665	0.00000512	0x15	0x0F
SPI [1]	result	0.57228193	0.00000512	0xAA	0xFF
SPI [1]	result	0.57271820	0.00000512	0x0D	0x00
SPI [1]	result	0.57272348	0.00000512	0x00	0x00
SPI [1]	result	0.57272876	0.00000512	0x95	0x7F
SPI [1]	result	0.57273404	0.00000512	0x52	0xFF
SPI [1]	result	0.57299514	0.00000512	0x00	0x00
SPI [1]	result	0.57300042	0.00000512	0x00	0x00
SPI [1]	result	0.57300570	0.00000512	0x3F	0x00
SPI [1]	result	0.57301098	0.00000512	0xC6	0x00
SPI [1]	result	0.57344609	0.00000512	0x0E	0x00
SPI [1]	result	0.57345137	0.00000512	0x00	0x00
SPI [1]	result	0.57345665	0.00000512	0x95	0x0F
SPI [1]	result	0.57346193	0.00000512	0x9A	0xFF
SPI [1]	result	0.57372425	0.00000512	0x00	0x00
SPI [1]	result	0.57372953	0.00000512	0x00	0x00
SPI [1]	result	0.57373481	0.00000512	0x00	0x00
SPI [1]	result	0.57374009	0.00000512	0x00	0x00
SPI [1]	result	0.57399629	0.00000512	0x08	0x00
SPI [1]	result	0.57400157	0.00000512	0x00	0x00
SPI [1]	result	0.57400685	0.00000512	0xBF	0x00
SPI [1]	result	0.57401213	0.00000512	0xD8	0x3F
SPI [1]	result	0.58208630	0.00000512	0x00	0x00
SPI [1]	result	0.58209158	0.00000512	0x00	0x00
SPI [1]	result	0.58209686	0.00000512	0x08	0x00
SPI [1]	result	0.58210214	0.00000512	0x20	0x00
SPI [1]	result	0.58254037	0.00000512	0x0F	0x00
SPI [1]	result	0.58254565	0.00000512	0x10	0x00
SPI [1]	result	0.58255093	0.00000512	0x80	0x7E
SPI [1]	result	0.58255621	0.00000512	0x1A	0xDF
SPI [1]	result	0.58281237	0.00000512	0x00	0x00
SPI [1]	result	0.58281765	0.00000512	0x00	0x00
SPI [1]	result	0.58282293	0.00000512	0x00	0x00
SPI [1]	result	0.58282821	0.00000512	0x00	0x00
SPI [1]	result	0.58308314	0.00000512	0x08	0x00
SPI [1]	result	0.58308842	0.00000512	0x00	0x00
SPI [1]	result	0.58309370	0.00000512	0x88	0x07
SPI [1]	result	0.58309898	0.00000512	0x32	0xFF
SPI [1]	result	0.60831746	0.00000512	0x00	0x00
SPI [1]	result	0.60832274	0.00000512	0x00	0x00
SPI [1]	result	0.60832802	0.00000512	0x0F	0x00
SPI [1]	result	0.60833330	0.00000512	0xC0	0x00
SPI [1]	result	0.60877335	0.00000512	0x08	0x00
SPI [1]	result	0.60877863	0.00000512	0x10	0x00
SPI [1]	result	0.60878391	0.00000512	0x80	0x7C
SPI [1]	result	0.60878919	0.00000512	0x22	0x3F
SPI [1]	result	0.60904635	0.00000512	0x00	0x00
SPI [1]	result	0.60905163	0.00000512	0x00	0x00
SPI [1]	result	0.60905691	0.00000512	0x00	0x00
SPI [1]	result	0.60906219	0.00000512	0x00	0x00
SPI [1]	result	0.60931623	0.00000512	0x08	0x00
SPI [1]	result	0.60932151	0.00000512	0x00	0x00
SPI [1]	result	0.60932679	0.00000512	0x8F	0x00
SPI [1]	result	0.60933207	0.00000512	0xD2	0x3F
SPI [1]	result	0.60959606	0.00000512	0x00	0x00
SPI [1]	result	0.60960134	0.00000512	0x00	0x00
SPI [1]	result	0.60960662	0.00000512	0x09	0x00
SPI [1]	result	0.60961190	0.00000512	0xE8	0x1F
SPI [1]	result	0.61004825	0.00000512	0x09	0x00
SPI [1]	result	0.61005353	0.00000512	0x10	0x0F
SPI [1]	result	0.61005881	0.00000512	0x80	0xFF
SPI [1]	result	0.61006409	0.00000512	0x2A	0xFF
SPI [1]	result	0.61032024	0.00000512	0x00	0x00
SPI [1]	result	0.61032552	0.00000512	0x00	0x00
SPI [1]	result	0.61033080	0.00000512	0x00	0x00
SPI [1]	result	0.61033608	0.00000512	0x00	0x00
SPI [1]	result	0.61059021	0.00000512	0x08	0x00
SPI [1]	result	0.61059549	0.00000512	0x00	0x00
SPI [1]	result	0.61060077	0.00000512	0x89	0x07
SPI [1]	result	0.61060605	0.00000512	0xFA	0xFF
SPI [1]	result	0.61086809	0.00000512	0x00	0x00
SPI [1]	result	0.61087337	0.00000512	0x01	0x00
SPI [1]	result	0.61087865	0.00000512	0x08	0x04
SPI [1]	result	0.61088393	0.00000512	0x42	0x7F
SPI [1]	result	0.61132011	0.00000512	0x0A	0x00
SPI [1]	result	0.61132539	0.00000512	0x10	0x0F
SPI [1]	result	0.61133067	0.00000512	0x80	0xFF
SPI [1]	result	0.61133595	0.00000512	0x32	0xFF
SPI [1]	result	0.61159231	0.00000512	0x00	0x00
SPI [1]	result	0.61159759	0.00000512	0x00	0x00
SPI [1]	result	0.61160287	0.00000512	0x00	0x00
SPI [1]	result	0.61160815	0.00000512	0x00	0x00
SPI [1]	result	0.61186216	0.00000512	0x08	0x00
SPI [1]	result	0.61186744	0.00000512	0x00	0x00
SPI [1]	result	0.61187272	0.00000512	0x88	0x07
SPI [1]	result	0.61187800	0.00000512	0x74	0xFF
SPI [1]	result	0.61302130	0.00000512	0x00	0x00
SPI [1]	result	0.61302658	0.00000512	0x00	0x00
SPI [1]	result	0.61303186	0.00000512	0x2A	0x07
SPI [1]	result	0.61303714	0.00000512	0x6E	0xFF
SPI [1]	result	0.61349608	0.00000512	0x0B	0x00
SPI [1]	result	0.61350136	0.00000512	0x10	0x0F
SPI [1]	result	0.61350664	0.00000512	0x80	0xFF
SPI [1]	result	0.61351192	0.00000512	0x3A	0xFF
SPI [1]	result	0.61378428	0.00000512	0x00	0x00
SPI [1]	result	0.61378956	0.00000512	0x00	0x00
SPI [1]	result	0.61379484	0.00000512	0x3F	0x00
SPI [1]	result	0.61380012	0.00000512	0xC6	0x01
SPI [1]	result	0.61425509	0.00000512	0x0C	0x00
SPI [1]	result	0.61426037	0.00000512	0x00	0x00
SPI [1]	result	0.61426565	0.00000512	0xAA	0x1F
SPI [1]	result	0.61427093	0.00000512	0x60	0xFF
SPI [1]	result	0.61456061	0.00000512	0x00	0x00
SPI [1]	result	0.61456589	0.00000512	0x00	0x00
SPI [1]	result	0.61457117	0.00000512	0x00	0x00
SPI [1]	result	0.61457645	0.00000512	0x00	0x00
SPI [1]	result	0.61484637	0.00000512	0x08	0x00
SPI [1]	result	0.61485165	0.00000512	0x00	0x00
SPI [1]	result	0.61485693	0.00000512	0xBF	0x10
SPI [1]	result	0.61486221	0.00000512	0xD8	0x3F
SPI [1]	result	0.62212414	0.00000512	0x00	0x00
SPI [1]	result	0.62212942	0.00000512	0x00	0x00
SPI [1]	result	0.62213470	0.00000512	0x08	0x00
SPI [1]	result	0.62213998	0.00000512	0x20	0x10
SPI [1]	result	0.62258941	0.00000512	0x0D	0x00
SPI [1]	result	0.62259469	0.00000512	0x10	0x0F
SPI [1]	result	0.62259997	0.00000512	0x80	0xFF
SPI [1]	result	0.62260525	0.00000512	0x0A	0xFF
SPI [1]	result	0.62286438	0.00000512	0x00	0x00
SPI [1]	result	0.62286966	0.00000512	0x00	0x00
SPI [1]	result	0.62287494	0.00000512	0x00	0x00
SPI [1]	result	0.62288022	0.00000512	0x00	0x00
SPI [1]	result	0.62313413	0.00000512	0x08	0x00
SPI [1]	result	0.62313941	0.00000512	0x00	0x00
SPI [1]	result	0.62314469	0.00000512	0x88	0x07
SPI [1]	result	0.62314997	0.00000512	0x32	0xFF
SPI [1]	result	0.64128729	0.00000512	0x00	0x00
SPI [1]	result	0.64129257	0.00000512	0x04	0x00
SPI [1]	result	0.64129785	0.00000512	0x2A	0x07
SPI [1]	result	0.64130313	0.00000512	0x72	0xFF
SPI [1]	result	0.64176225	0.00000512	0x0E	0x00
SPI [1]	result	0.64176753	0.00000512	0x10	0x00
SPI [1]	result	0.64177281	0.00000512	0x80	0x7F
SPI [1]	result	0.64177809	0.00000512	0x12	0x1F
SPI [1]	result	0.64205021	0.00000512	0x00	0x00
SPI [1]	result	0.64205549	0.00000512	0x00	0x00
SPI [1]	result	0.64206077	0.00000512	0x3F	0x00
SPI [1]	result	0.64206605	0.00000512	0xC6	0x01
SPI [1]	result	0.64250936	0.00000512	0x0F	0x00
SPI [1]	result	0.64251464	0.00000512	0x00	0x00
SPI [1]	result	0.64251992	0.00000512	0xAA	0x1F
SPI [1]	result	0.64252520	0.00000512	0x78	0xFF
SPI [1]	result	0.64280830	0.00000512	0x00	0x00
SPI [1]	result	0.64281358	0.00000512	0x00	0x00
SPI [1]	result	0.64281886	0.00000512	0x00	0x00
SPI [1]	result	0.64282414	0.00000512	0x00	0x00
SPI [1]	result	0.64309615	0.00000512	0x08	0x00
SPI [1]	result	0.64310143	0.00000512	0x00	0x00
SPI [1]	result	0.64310671	0.00000512	0xBF	0x10
SPI [1]	result	0.64311199	0.00000512	0xD8	0x3F
SPI [1]	result	0.68323112	0.00000512	0x00	0x00
SPI [1]	result	0.68323640	0.00000512	0x00	0x00
SPI [1]	result	0.68324168	0.00000512	0x08	0x00
SPI [1]	result	0.68324696	0.00000512	0x20	0x00
SPI [1]	result	0.68367875	0.00000512	0x08	0x00
SPI [1]	result	0.68368403	0.00000512	0x10	0x00
SPI [1]	result	0.68368931	0.00000512	0x80	0x5E
SPI [1]	result	0.68369459	0.00000512	0x22	0x3F
SPI [1]	result	0.68409654	0.00000512	0x00	0x00
SPI [1]	result	0.68410182	0.00000512	0x00	0x00
SPI [1]	result	0.68410710	0.00000512	0x09	0x00
SPI [1]	result	0.68411238	0.00000512	0xA6	0x3F
SPI [1]	result	0.68451343	0.00000512	0x09	0x00
SPI [1]	result	0.68451871	0.00000512	0x00	0x00
SPI [1]	result	0.68452399	0.00000512	0x88	0x7F
SPI [1]	result	0.68452927	0.00000512	0x3A	0xFF
SPI [1]	result	0.68493015	0.00000512	0x00	0x00
SPI [1]	result	0.68493543	0.00000512	0x00	0x00
SPI [1]	result	0.68494071	0.00000512	0x00	0x00
SPI [1]	result	0.68494599	0.00000512	0x00	0x00
SPI [1]	result	0.68534661	0.00000512	0x08	0x00
SPI [1]	result	0.68535189	0.00000512	0x00	0x00
SPI [1]	result	0.68535717	0.00000512	0x89	0x07
SPI [1]	result	0.68536245	0.00000512	0xB8	0xFF
SPI [1]	result	0.72321749	0.00000512	0x00	0x00
SPI [1]	result	0.72322277	0.00000512	0x00	0x00
SPI [1]	result	0.72322805	0.00000512	0x08	0x00
SPI [1]	result	0.72323333	0.00000512	0x20	0x00
SPI [1]	result	0.72365100	0.00000512	0x0A	0x00
SPI [1]	result	0.72365628	0.00000512	0x10	0x0F
SPI [1]	result	0.72366156	0.00000512	0x80	0xFF
SPI [1]	result	0.72366684	0.00000512	0x32	0xFF
SPI [1]	result	0.72406481	0.00000512	0x00	0x00
SPI [1]	result	0.72407009	0.00000512	0x00	0x00
SPI [1]	result	0.72407537	0.00000512	0x00	0x00
SPI [1]	result	0.72408065	0.00000512	0x00	0x00
SPI [1]	result	0.72448031	0.00000512	0x08	0x00
SPI [1]	result	0.72448559	0.00000512	0x00	0x00
SPI [1]	result	0.72449087	0.00000512	0x88	0x07
SPI [1]	result	0.72449615	0.00000512	0x32	0xFF
SPI [1]	result	0.76321105	0.00000512	0x00	0x00
SPI [1]	result	0.76321633	0.00000512	0x00	0x00
SPI [1]	result	0.76322161	0.00000512	0x08	0x00
SPI [1]	result	0.76322689	0.00000512	0x20	0x00
SPI [1]	result	0.76362660	0.00000512	0x0B	0x00
SPI [1]	result	0.76363188	0.00000512	0x10	0x0F
SPI [1]	result	0.76363716	0.00000512	0x80	0xFF
SPI [1]	result	0.76364244	0.00000512	0x3A	0xFF
SPI [1]	result	0.76404166	0.00000512	0x00	0x00
SPI [1]	result	0.76404694	0.00000512	0x00	0x00
SPI [1]	result	0.76405222	0.00000512	0x00	0x00
SPI [1]	result	0.76405750	0.00000512	0x00	0x00
SPI [1]	result	0.76445743	0.00000512	0x08	0x00
SPI [1]	result	0.76446271	0.00000512	0x00	0x00
SPI [1]	result	0.76446799	0.00000512	0x88	0x07
SPI [1]	result	0.76447327	0.00000512	0x32	0xFF
SPI [1]	result	0.80321730	0.00000512	0x00	0x00
SPI [1]	result	0.80322258	0.00000512	0x00	0x00
SPI [1]	result	0.80322786	0.00000512	0x08	0x00
SPI [1]	result	0.80323314	0.00000512	0x20	0x10
SPI [1]	result	0.80365280	0.00000512	0x0C	0x00
SPI [1]	result	0.80365808	0.00000512	0x10	0x00
SPI [1]	result	0.80366336	0.00000512	0x80	0x7F
SPI [1]	result	0.80366864	0.00000512	0x02	0x83
SPI [1]	result	0.80407004	0.00000512	0x00	0x00
SPI [1]	result	0.80407532	0.00000512	0x00	0x00
SPI [1]	result	0.80408060	0.00000512	0x09	0x00
SPI [1]	result	0.80408588	0.00000512	0xA6	0x7F
SPI [1]	result	0.80448717	0.00000512	0x0D	0x00
SPI [1]	result	0.80449245	0.00000512	0x00	0x00
SPI [1]	result	0.80449773	0.00000512	0x88	0x7F
SPI [1]	result	0.80450301	0.00000512	0x1A	0xFF
SPI [1]	result	0.80490581	0.00000512	0x00	0x00
SPI [1]	result	0.80491109	0.00000512	0x00	0x00
SPI [1]	result	0.80491637	0.00000512	0x00	0x00
SPI [1]	result	0.80492165	0.00000512	0x00	0x00
SPI [1]	result	0.80532057	0.00000512	0x08	0x00
SPI [1]	result	0.80532585	0.00000512	0x00	0x00
SPI [1]	result	0.80533113	0.00000512	0x89	0x07
SPI [1]	result	0.80533641	0.00000512	0xB8	0xFF
SPI [1]	result	0.84321248	0.00000512	0x00	0x00
SPI [1]	result	0.84321776	0.00000512	0x00	0x00
SPI [1]	result	0.84322304	0.00000512	0x08	0x00
SPI [1]	result	0.84322832	0.00000512	0x20	0x00
SPI [1]	result	0.84364570	0.00000512	0x0E	0x00
SPI [1]	result	0.84365098	0.00000512	0x10	0x00
SPI [1]	result	0.84365626	0.00000512	0x80	0x7F
SPI [1]	result	0.84366154	0.00000512	0x12	0xFF
SPI [1]	result	0.84406190	0.00000512	0x00	0x00
SPI [1]	result	0.84406718	0.00000512	0x00	0x00
SPI [1]	result	0.84407246	0.00000512	0x00	0x00
SPI [1]	result	0.84407774	0.00000512	0x00	0x00
SPI [1]	result	0.84447855	0.00000512	0x08	0x00
SPI [1]	result	0.84448383	0.00000512	0x00	0x00
SPI [1]	result	0.84448911	0.00000512	0x88	0x07
SPI [1]	result	0.84449439	0.00000512	0x32	0xBF
SPI [1]	result	0.88321047	0.00000512	0x00	0x00
SPI [1]	result	0.88321575	0.00000512	0x00	0x00
SPI [1]	result	0.88322103	0.00000512	0x08	0x00
SPI [1]	result	0.88322631	0.00000512	0x20	0x00
SPI [1]	result	0.88362995	0.00000512	0x0F	0x00
SPI [1]	result	0.88363523	0.00000512	0x10	0x00
SPI [1]	result	0.88364051	0.00000512	0x80	0x7F
SPI [1]	result	0.88364579	0.00000512	0x1A	0xFF
SPI [1]	result	0.88404717	0.00000512	0x00	0x00
SPI [1]	result	0.88405245	0.00000512	0x00	0x00
SPI [1]	result	0.88405773	0.00000512	0x00	0x00
SPI [1]	result	0.88406301	0.00000512	0x00	0x00
SPI [1]	result	0.88446163	0.00000512	0x08	0x00
SPI [1]	result	0.88446691	0.00000512	0x00	0x00
SPI [1]	result	0.88447219	0.00000512	0x88	0x07
SPI [1]	result	0.88447747	0.00000512	0x32	0xFF
SPI [1]	result	0.92321482	0.00000512	0x00	0x00
SPI [1]	result	0.92322010	0.00000512	0x00	0x00
SPI [1]	result	0.92322538	0.00000512	0x08	0x00
SPI [1]	result	0.92323066	0.00000512	0x20	0x00
SPI [1]	result	0.92364815	0.00000512	0x08	0x00
SPI [1]	result	0.92365343	0.00000512	0x10	0x00
SPI [1]	result	0.92365871	0.00000512	0x80	0x7F
SPI [1]	result	0.92366399	0.00000512	0x22	0xBF
SPI [1]	result	0.92406629	0.00000512	0x00	0x00
SPI [1]	result	0.92407157	0.00000512	0x00	0x00
SPI [1]	result	0.92407685	0.00000512	0x09	0x00
SPI [1]	result	0.92408213	0.00000512	0xA6	0x7F
SPI [1]	result	0.92448340	0.00000512	0x09	0x00
SPI [1]	result	0.92448868	0.00000512	0x00	0x00
SPI [1]	result	0.92449396	0.00000512	0x88	0x5F
SPI [1]	result	0.92449924	0.00000512	0x3A	0xFF
SPI [1]	result	0.92489836	0.00000512	0x00	0x00
SPI [1]	result	0.92490364	0.00000512	0x00	0x00
SPI [1]	result	0.92490892	0.00000512	0x00	0x00
SPI [1]	result	0.92491420	0.00000512	0x00	0x00
SPI [1]	result	0.92531666	0.00000512	0x08	0x00
SPI [1]	result	0.92532194	0.00000512	0x00	0x00
SPI [1]	result	0.92532722	0.00000512	0x89	0x07
SPI [1]	result	0.92533250	0.00000512	0xB8	0xFF
SPI [1]	result	0.96321177	0.00000512	0x00	0x00
SPI [1]	result	0.96321705	0.00000512	0x00	0x00
SPI [1]	result	0.96322233	0.00000512	0x08	0x00
SPI [1]	result	0.96322761	0.00000512	0x20	0x10
SPI [1]	result	0.96364247	0.00000512	0x0A	0x00
SPI [1]	result	0.96364775	0.00000512	0x10	0x0F
SPI [1]	result	0.96365303	0.00000512	0x80	0xFF
SPI [1]	result	0.96365831	0.00000512	0x32	0xFF
SPI [1]	result	0.96406064	0.00000512	0x00	0x00
SPI [1]	result	0.96406592	0.00000512	0x00	0x00
SPI [1]	result	0.96407120	0.00000512	0x00	0x00
SPI [1]	result	0.96407648	0.00000512	0x00	0x00
SPI [1]	result	0.96447678	0.00000512	0x08	0x00
SPI [1]	result	0.96448206	0.00000512	0x00	0x00
SPI [1]	result	0.96448734	0.00000512	0x88	0x07
SPI [1]	result	0.96449262	0.00000512	0x32	0xFF
SPI [1]	result	1.00320975	0.00000512	0x00	0x00
SPI [1]	result	1.00321503	0.00000512	0x00	0x00
SPI [1]	result	1.00322031	0.00000512	0x08	0x00
SPI [1]	result	1.00322559	0.00000512	0x20	0x10
SPI [1]	result	1.00363511	0.00000512	0x0B	0x00
SPI [1]	result	1.00364039	0.00000512	0x10	0x0F
SPI [1]	result	1.00364567	0.00000512	0x80	0xFF
SPI [1]	result	1.00365095	0.00000512	0x3A	0xFF
SPI [1]	result	1.00405346	0.00000512	0x00	0x00
SPI [1]	result	1.00405874	0.00000512	0x00	0x00
SPI [1]	result	1.00406402	0.00000512	0x00	0x00
SPI [1]	result	1.00406930	0.00000512	0x00	0x00
SPI [1]	result	1.00446863	0.00000512	0x08	0x00
SPI [1]	result	1.00447391	0.00000512	0x00	0x00
SPI [1]	result	1.00447919	0.00000512	0x88	0x07
SPI [1]	result	1.00448447	0.00000512	0x32	0xFF
SPI [1]	result	1.04321109	0.00000512	0x00	0x00
SPI [1]	result	1.04321637	0.00000512	0x00	0x00
SPI [1]	result	1.04322165	0.00000512	0x08	0x00
SPI [1]	result	1.04322693	0.00000512	0x20	0x10
SPI [1]	result	1.04362955	0.00000512	0x0C	0x00
SPI [1]	result	1.04363483	0.00000512	0x10	0x00
SPI [1]	result	1.04364011	0.00000512	0x80	0x7E
SPI [1]	result	1.04364539	0.00000512	0x02	0xE3
SPI [1]	result	1.04404681	0.00000512	0x00	0x00
SPI [1]	result	1.04405209	0.00000512	0x00	0x00
SPI [1]	result	1.04405737	0.00000512	0x09	0x00
SPI [1]	result	1.04406265	0.00000512	0xA6	0x7F
SPI [1]	result	1.04446432	0.00000512	0x0D	0x00
SPI [1]	result	1.04446960	0.00000512	0x00	0x00
SPI [1]	result	1.04447488	0.00000512	0x88	0x7F
SPI [1]	result	1.04448016	0.00000512	0x1A	0xFF
SPI [1]	result	1.04488177	0.00000512	0x00	0x00
SPI [1]	result	1.04488705	0.00000512	0x00	0x00
SPI [1]	result	1.04489233	0.00000512	0x00	0x00
SPI [1]	result	1.04489761	0.00000512	0x00	0x00
SPI [1]	result	1.04529945	0.00000512	0x08	0x00
SPI [1]	result	1.04530473	0.00000512	0x00	0x00
SPI [1]	result	1.04531001	0.00000512	0x89	0x07
SPI [1]	result	1.04531529	0.00000512	0xB8	0xFF
SPI [1]	result	1.08322471	0.00000512	0x00	0x00
SPI [1]	result	1.08322999	0.00000512	0x00	0x00
SPI [1]	result	1.08323527	0.00000512	0x08	0x00
SPI [1]	result	1.08324055	0.00000512	0x20	0x10
SPI [1]	result	1.08369008	0.00000512	0x0E	0x00
SPI [1]	result	1.08369536	0.00000512	0x10	0x00
SPI [1]	result	1.08370064	0.00000512	0x80	0x7F
SPI [1]	result	1.08370592	0.00000512	0x12	0x7F
SPI [1]	result	1.08410978	0.00000512	0x00	0x00
SPI [1]	result	1.08411506	0.00000512	0x00	0x00
SPI [1]	result	1.08412034	0.00000512	0x00	0x00
SPI [1]	result	1.08412562	0.00000512	0x00	0x00
SPI [1]	result	1.08452858	0.00000512	0x08	0x00
SPI [1]	result	1.08453386	0.00000512	0x00	0x00
SPI [1]	result	1.08453914	0.00000512	0x88	0x07
SPI [1]	result	1.08454442	0.00000512	0x32	0xFF
SPI [1]	result	1.12320945	0.00000512	0x00	0x00
SPI [1]	result	1.12321473	0.00000512	0x00	0x00
SPI [1]	result	1.12322001	0.00000512	0x08	0x00
SPI [1]	result	1.12322529	0.00000512	0x20	0x10
SPI [1]	result	1.12363417	0.00000512	0x0F	0x00
SPI [1]	result	1.12363945	0.00000512	0x10	0x00
SPI [1]	result	1.12364473	0.00000512	0x80	0x7F
SPI [1]	result	1.12365001	0.00000512	0x1A	0xFF
SPI [1]	result	1.12405418	0.00000512	0x00	0x00
SPI [1]	result	1.12405946	0.00000512	0x00	0x00
SPI [1]	result	1.12406474	0.00000512	0x00	0x00
SPI [1]	result	1.12407002	0.00000512	0x00	0x00
SPI [1]	result	1.12447148	0.00000512	0x08	0x00
SPI [1]	result	1.12447676	0.00000512	0x00	0x00
SPI [1]	result	1.12448204	0.00000512	0x88	0x07
SPI [1]	result	1.12448732	0.00000512	0x32	0xFF
SPI [1]	result	1.16321225	0.00000512	0x00	0x00
SPI [1]	result	1.16321753	0.00000512	0x00	0x00
SPI [1]	result	1.16322281	0.00000512	0x08	0x00
SPI [1]	result	1.16322809	0.00000512	0x20	0x00
SPI [1]	result	1.16369401	0.00000512	0x08	0x00
SPI [1]	result	1.16369929	0.00000512	0x10	0x00
SPI [1]	result	1.16370457	0.00000512	0x80	0x7E
SPI [1]	result	1.16370985	0.00000512	0x22	0x3F
SPI [1]	result	1.16413127	0.00000512	0x00	0x00
SPI [1]	result	1.16413655	0.00000512	0x00	0x00
SPI [1]	result	1.16414183	0.00000512	0x09	0x00
SPI [1]	result	1.16414711	0.00000512	0xA6	0x7F
SPI [1]	result	1.16454765	0.00000512	0x09	0x00
SPI [1]	result	1.16455293	0.00000512	0x00	0x00
SPI [1]	result	1.16455821	0.00000512	0x88	0x7F
SPI [1]	result	1.16456349	0.00000512	0x3A	0xFF
SPI [1]	result	1.16496526	0.00000512	0x00	0x00
SPI [1]	result	1.16497054	0.00000512	0x00	0x00
SPI [1]	result	1.16497582	0.00000512	0x00	0x00
SPI [1]	result	1.16498110	0.00000512	0x00	0x00
SPI [1]	result	1.16538267	0.00000512	0x08	0x00
SPI [1]	result	1.16538795	0.00000512	0x00	0x00
SPI [1]	result	1.16539323	0.00000512	0x89	0x07
SPI [1]	result	1.16539851	0.00000512	0xB8	0xFF
SPI [1]	result	1.20320912	0.00000512	0x00	0x00
SPI [1]	result	1.20321440	0.00000512	0x00	0x00
SPI [1]	result	1.20321968	0.00000512	0x08	0x00
SPI [1]	result	1.20322496	0.00000512	0x20	0x00
SPI [1]	result	1.20363021	0.00000512	0x0A	0x00
SPI [1]	result	1.20363549	0.00000512	0x10	0x0F
SPI [1]	result	1.20364077	0.00000512	0x80	0xFF
SPI [1]	result	1.20364605	0.00000512	0x32	0xFF
SPI [1]	result	1.20404724	0.00000512	0x00	0x00
SPI [1]	result	1.20405252	0.00000512	0x00	0x00
SPI [1]	result	1.20405780	0.00000512	0x00	0x00
SPI [1]	result	1.20406308	0.00000512	0x00	0x00
SPI [1]	result	1.20446157	0.00000512	0x08	0x00
SPI [1]	result	1.20446685	0.00000512	0x00	0x00
SPI [1]	result	1.20447213	0.00000512	0x88	0x07
SPI [1]	result	1.20447741	0.00000512	0x32	0xFF
SPI [1]	result	1.24320753	0.00000512	0x00	0x00
SPI [1]	result	1.24321281	0.00000512	0x00	0x00
SPI [1]	result	1.24321809	0.00000512	0x08	0x00
SPI [1]	result	1.24322337	0.00000512	0x20	0x00
SPI [1]	result	1.24362879	0.00000512	0x0B	0x00
SPI [1]	result	1.24363407	0.00000512	0x10	0x00
SPI [1]	result	1.24363935	0.00000512	0x80	0x00
SPI [1]	result	1.24364463	0.00000512	0x3A	0x00
SPI [1]	result	1.24404564	0.00000512	0x00	0x00
SPI [1]	result	1.24405092	0.00000512	0x00	0x00
SPI [1]	result	1.24405620	0.00000512	0x00	0x00
SPI [1]	result	1.24406148	0.00000512	0x00	0x00
SPI [1]	result	1.24446227	0.00000512	0x08	0x00
SPI [1]	result	1.24446755	0.00000512	0x00	0x00
SPI [1]	result	1.24447283	0.00000512	0x88	0x00
SPI [1]	result	1.24447811	0.00000512	0x32	0x00
SPI [1]	result	1.28321358	0.00000512	0x00	0xFF
SPI [1]	result	1.28321886	0.00000512	0x00	0xFF
SPI [1]	result	1.28322414	0.00000512	0x08	0xFF
SPI [1]	result	1.28322942	0.00000512	0x20	0xFF
SPI [1]	result	1.28364645	0.00000512	0x0C	0xFF
SPI [1]	result	1.28365173	0.00000512	0x10	0xFF
SPI [1]	result	1.28365701	0.00000512	0x80	0xFF
SPI [1]	result	1.28366229	0.00000512	0x02	0xFF
SPI [1]	result	1.28406471	0.00000512	0x00	0xFF
SPI [1]	result	1.28406999	0.00000512	0x00	0xFF
SPI [1]	result	1.28407527	0.00000512	0x09	0xFF
SPI [1]	result	1.28408055	0.00000512	0xA6	0xFF
SPI [1]	result	1.28448276	0.00000512	0x0D	0xFF
SPI [1]	result	1.28448804	0.00000512	0x00	0xFF
SPI [1]	result	1.28449332	0.00000512	0x88	0xFF
SPI [1]	result	1.28449860	0.00000512	0x1A	0xFF
SPI [1]	result	1.28489983	0.00000512	0x00	0xFF
SPI [1]	result	1.28490511	0.00000512	0x00	0xFF
SPI [1]	result	1.28491039	0.00000512	0x00	0xFF
SPI [1]	result	1.28491567	0.00000512	0x00	0xFF
SPI [1]	result	1.28531411	0.00000512	0x08	0xFF
SPI [1]	result	1.28531939	0.00000512	0x00	0xFF
SPI [1]	result	1.28532467	0.00000512	0x89	0xFF
SPI [1]	result	1.28532995	0.00000512	0xB8	0xFF
SPI [1]	result	1.32321285	0.00000512	0x00	0xFF
SPI [1]	result	1.32321813	0.00000512	0x00	0xFF
SPI [1]	result	1.32322341	0.00000512	0x08	0xFF
SPI [1]	result	1.32322869	0.00000512	0x20	0xFF
SPI [1]	result	1.32364907	0.00000512	0x0E	0xFF
SPI [1]	result	1.32365435	0.00000512	0x10	0xFF
SPI [1]	result	1.32365963	0.00000512	0x80	0xFF
SPI [1]	result	1.32366491	0.00000512	0x12	0xFF
SPI [1]	result	1.32406594	0.00000512	0x00	0xFF
SPI [1]	result	1.32407122	0.00000512	0x00	0xFF
SPI [1]	result	1.32407650	0.00000512	0x00	0xFF
SPI [1]	result	1.32408178	0.00000512	0x00	0xFF
SPI [1]	result	1.32448303	0.00000512	0x08	0xFF
SPI [1]	result	1.32448831	0.00000512	0x00	0xFF
SPI [1]	result	1.32449359	0.00000512	0x88	0xFF
SPI [1]	result	1.32449887	0.00000512	0x32	0xFF
SPI [1]	result	1.36320748	0.00000512	0x00	0x00
SPI [1]	result	1.36321276	0.00000512	0x00	0x00
SPI [1]	result	1.36321804	0.00000512	0x08	0x00
SPI [1]	result	1.36322332	0.00000512	0x20	0x00
SPI [1]	result	1.36363136	0.00000512	0x0F	0x08
SPI [1]	result	1.36363664	0.00000512	0x10	0x00
SPI [1]	result	1.36364192	0.00000512	0x80	0x88
SPI [1]	result	1.36364720	0.00000512	0x1A	0x32
SPI [1]	result	1.36405155	0.00000512	0x00	0x91
SPI [1]	result	1.36405683	0.00000512	0x00	0x81
SPI [1]	result	1.36406211	0.00000512	0x00	0x08
SPI [1]	result	1.36406739	0.00000512	0x00	0x30
SPI [1]	result	1.36446851	0.00000512	0x08	0x0F
SPI [1]	result	1.36447379	0.00000512	0x00	0x00
SPI [1]	result	1.36447907	0.00000512	0x88	0x80
SPI [1]	result	1.36448435	0.00000512	0x32	0x0A
SPI [1]	result	1.40322295	0.00000512	0x00	0x00
SPI [1]	result	1.40322823	0.00000512	0x00	0x00
SPI [1]	result	1.40323351	0.00000512	0x08	0x00
SPI [1]	result	1.40323879	0.00000512	0x20	0x00
SPI [1]	result	1.40367124	0.00000512	0x08	0x00
SPI [1]	result	1.40367652	0.00000512	0x10	0x00
SPI [1]	result	1.40368180	0.00000512	0x80	0x7E
SPI [1]	result	1.40368708	0.00000512	0x22	0x3F
SPI [1]	result	1.40408996	0.00000512	0x00	0x00
SPI [1]	result	1.40409524	0.00000512	0x00	0x00
SPI [1]	result	1.40410052	0.00000512	0x09	0x00
SPI [1]	result	1.40410580	0.00000512	0xA6	0x7F
SPI [1]	result	1.40450780	0.00000512	0x09	0x00
SPI [1]	result	1.40451308	0.00000512	0x00	0x00
SPI [1]	result	1.40451836	0.00000512	0x88	0x7F
SPI [1]	result	1.40452364	0.00000512	0x3A	0xFF
SPI [1]	result	1.40492555	0.00000512	0x00	0x00
SPI [1]	result	1.40493083	0.00000512	0x00	0x00
SPI [1]	result	1.40493611	0.00000512	0x00	0x00
SPI [1]	result	1.40494139	0.00000512	0x00	0x00
SPI [1]	result	1.40534342	0.00000512	0x08	0x00
SPI [1]	result	1.40534870	0.00000512	0x00	0x00
SPI [1]	result	1.40535398	0.00000512	0x89	0x07
SPI [1]	result	1.40535926	0.00000512	0xB8	0xFF
SPI [1]	result	1.44320846	0.00000512	0x00	0x00
SPI [1]	result	1.44321374	0.00000512	0x00	0x00
SPI [1]	result	1.44321902	0.00000512	0x08	0x00
SPI [1]	result	1.44322430	0.00000512	0x20	0x10
SPI [1]	result	1.44363166	0.00000512	0x0A	0x00
SPI [1]	result	1.44363694	0.00000512	0x10	0x0D
SPI [1]	result	1.44364222	0.00000512	0x80	0xFF
SPI [1]	result	1.44364750	0.00000512	0x32	0xFF
SPI [1]	result	1.44404905	0.00000512	0x00	0x00
SPI [1]	result	1.44405433	0.00000512	0x00	0x00
SPI [1]	result	1.44405961	0.00000512	0x00	0x00
SPI [1]	result	1.44406489	0.00000512	0x00	0x00
SPI [1]	result	1.44446566	0.00000512	0x08	0x00
SPI [1]	result	1.44447094	0.00000512	0x00	0x00
SPI [1]	result	1.44447622	0.00000512	0x88	0x07
SPI [1]	result	1.44448150	0.00000512	0x32	0xFF
SPI [1]	result	1.48320716	0.00000512	0x00	0x00
SPI [1]	result	1.48321244	0.00000512	0x00	0x00
SPI [1]	result	1.48321772	0.00000512	0x08	0x00
SPI [1]	result	1.48322300	0.00000512	0x20	0x00
SPI [1]	result	1.48362758	0.00000512	0x0B	0x00
SPI [1]	result	1.48363286	0.00000512	0x10	0x0F
SPI [1]	result	1.48363814	0.00000512	0x80	0xFF
SPI [1]	result	1.48364342	0.00000512	0x3A	0xFF
SPI [1]	result	1.48404690	0.00000512	0x00	0x00
SPI [1]	result	1.48405218	0.00000512	0x00	0x00
SPI [1]	result	1.48405746	0.00000512	0x00	0x00
SPI [1]	result	1.48406274	0.00000512	0x00	0x00
SPI [1]	result	1.48447497	0.00000512	0x08	0x00
SPI [1]	result	1.48448025	0.00000512	0x00	0x00
SPI [1]	result	1.48448553	0.00000512	0x88	0x07
SPI [1]	result	1.48449081	0.00000512	0x32	0xFF
SPI [1]	result	1.52321725	0.00000512	0x00	0x00
SPI [1]	result	1.52322253	0.00000512	0x00	0x00
SPI [1]	result	1.52322781	0.00000512	0x08	0x00
SPI [1]	result	1.52323309	0.00000512	0x20	0x10
SPI [1]	result	1.52365186	0.00000512	0x0C	0x00
SPI [1]	result	1.52365714	0.00000512	0x10	0x00
SPI [1]	result	1.52366242	0.00000512	0x80	0x7F
SPI [1]	result	1.52366770	0.00000512	0x02	0x23
SPI [1]	result	1.52407041	0.00000512	0x00	0x00
SPI [1]	result	1.52407569	0.00000512	0x00	0x00
SPI [1]	result	1.52408097	0.00000512	0x09	0x00
SPI [1]	result	1.52408625	0.00000512	0xA6	0x7F
SPI [1]	result	1.52455496	0.00000512	0x0D	0x00
SPI [1]	result	1.52456024	0.00000512	0x00	0x00
SPI [1]	result	1.52456552	0.00000512	0x88	0x7F
SPI [1]	result	1.52457080	0.00000512	0x1A	0xFF
SPI [1]	result	1.52498961	0.00000512	0x00	0x00
SPI [1]	result	1.52499489	0.00000512	0x00	0x00
SPI [1]	result	1.52500017	0.00000512	0x00	0x00
SPI [1]	result	1.52500545	0.00000512	0x00	0x00
SPI [1]	result	1.52540849	0.00000512	0x08	0x00
SPI [1]	result	1.52541377	0.00000512	0x00	0x00
SPI [1]	result	1.52541905	0.00000512	0x89	0x07
SPI [1]	result	1.52542433	0.00000512	0xB8	0xFF
SPI [1]	result	1.56321328	0.00000512	0x00	0x00
SPI [1]	result	1.56321856	0.00000512	0x00	0x00
SPI [1]	result	1.56322384	0.00000512	0x08	0x00
SPI [1]	result	1.56322912	0.00000512	0x20	0x10
SPI [1]	result	1.56365802	0.00000512	0x0E	0x00
SPI [1]	result	1.56366330	0.00000512	0x10	0x00
SPI [1]	result	1.56366858	0.00000512	0x80	0x7F
SPI [1]	result	1.56367386	0.00000512	0x12	0xFF
SPI [1]	result	1.56408046	0.00000512	0x00	0x00
SPI [1]	result	1.56408574	0.00000512	0x00	0x00
SPI [1]	result	1.56409102	0.00000512	0x00	0x00
SPI [1]	result	1.56409630	0.00000512	0x00	0x00
SPI [1]	result	1.56449844	0.00000512	0x08	0x00
SPI [1]	result	1.56450372	0.00000512	0x00	0x00
SPI [1]	result	1.56450900	0.00000512	0x88	0x07
SPI [1]	result	1.56451428	0.00000512	0x32	0xFF
SPI [1]	result	1.60321057	0.00000512	0x00	0x00
SPI [1]	result	1.60321585	0.00000512	0x00	0x00
SPI [1]	result	1.60322113	0.00000512	0x08	0x00
SPI [1]	result	1.60322641	0.00000512	0x20	0x10
SPI [1]	result	1.60364206	0.00000512	0x0F	0x00
SPI [1]	result	1.60364734	0.00000512	0x10	0x00
SPI [1]	result	1.60365262	0.00000512	0x80	0x7F
SPI [1]	result	1.60365790	0.00000512	0x1A	0xFF
SPI [1]	result	1.60406030	0.00000512	0x00	0x00
SPI [1]	result	1.60406558	0.00000512	0x00	0x00
SPI [1]	result	1.60407086	0.00000512	0x00	0x00
SPI [1]	result	1.60407614	0.00000512	0x00	0x00
SPI [1]	result	1.60447895	0.00000512	0x08	0x00
SPI [1]	result	1.60448423	0.00000512	0x00	0x00
SPI [1]	result	1.60448951	0.00000512	0x88	0x07
SPI [1]	result	1.60449479	0.00000512	0x32	0xFF
SPI [1]	result	1.64321254	0.00000512	0x00	0x00
SPI [1]	result	1.64321782	0.00000512	0x00	0x00
SPI [1]	result	1.64322310	0.00000512	0x08	0x00
SPI [1]	result	1.64322838	0.00000512	0x20	0x10
SPI [1]	result	1.64363550	0.00000512	0x08	0x00
SPI [1]	result	1.64364078	0.00000512	0x10	0x00
SPI [1]	result	1.64364606	0.00000512	0x80	0x7E
SPI [1]	result	1.64365134	0.00000512	0x22	0x3F
SPI [1]	result	1.64405450	0.00000512	0x00	0x00
SPI [1]	result	1.64405978	0.00000512	0x00	0x00
SPI [1]	result	1.64406506	0.00000512	0x09	0x00
SPI [1]	result	1.64407034	0.00000512	0xA6	0x7F
SPI [1]	result	1.64447116	0.00000512	0x09	0x00
SPI [1]	result	1.64447644	0.00000512	0x00	0x00
SPI [1]	result	1.64448172	0.00000512	0x88	0x7F
SPI [1]	result	1.64448700	0.00000512	0x3A	0xFF
SPI [1]	result	1.64488759	0.00000512	0x00	0x00
SPI [1]	result	1.64489287	0.00000512	0x00	0x00
SPI [1]	result	1.64489815	0.00000512	0x00	0x00
SPI [1]	result	1.64490343	0.00000512	0x00	0x00
SPI [1]	result	1.64530583	0.00000512	0x08	0x00
SPI [1]	result	1.64531111	0.00000512	0x00	0x00
SPI [1]	result	1.64531639	0.00000512	0x89	0x00
SPI [1]	result	1.64532167	0.00000512	0xB8	0xFF
SPI [1]	result	1.68322111	0.00000512	0x00	0x00
SPI [1]	result	1.68322639	0.00000512	0x00	0x00
SPI [1]	result	1.68323167	0.00000512	0x08	0x00
SPI [1]	result	1.68323695	0.00000512	0x20	0x00
SPI [1]	result	1.68367838	0.00000512	0x0A	0x00
SPI [1]	result	1.68368366	0.00000512	0x10	0x00
SPI [1]	result	1.68368894	0.00000512	0x80	0x00
SPI [1]	result	1.68369422	0.00000512	0x32	0x00
SPI [1]	result	1.68409909	0.00000512	0x00	0x00
SPI [1]	result	1.68410437	0.00000512	0x00	0x00
SPI [1]	result	1.68410965	0.00000512	0x00	0x00
SPI [1]	result	1.68411493	0.00000512	0x00	0x00
SPI [1]	result	1.68451616	0.00000512	0x08	0x00
SPI [1]	result	1.68452144	0.00000512	0x00	0x00
SPI [1]	result	1.68452672	0.00000512	0x88	0x00
SPI [1]	result	1.68453200	0.00000512	0x32	0x00
SPI [1]	result	1.72321014	0.00000512	0x00	0xFF
SPI [1]	result	1.72321542	0.00000512	0x00	0xFF
SPI [1]	result	1.72322070	0.00000512	0x08	0xFF
SPI [1]	result	1.72322598	0.00000512	0x20	0xFF
SPI [1]	result	1.72363882	0.00000512	0x0B	0xFF
SPI [1]	result	1.72364410	0.00000512	0x10	0xFF
SPI [1]	result	1.72364938	0.00000512	0x80	0xFF
SPI [1]	result	1.72365466	0.00000512	0x3A	0xFF
SPI [1]	result	1.72406171	0.00000512	0x00	0xFF
SPI [1]	result	1.72406699	0.00000512	0x00	0xFF
SPI [1]	result	1.72407227	0.00000512	0x00	0xFF
SPI [1]	result	1.72407755	0.00000512	0x00	0xFF
SPI [1]	result	1.72447956	0.00000512	0x08	0xFF
SPI [1]	result	1.72448484	0.00000512	0x00	0xFF
SPI [1]	result	1.72449012	0.00000512	0x88	0xFF
SPI [1]	result	1.72449540	0.00000512	0x32	0xFF
SPI [1]	result	1.76321130	0.00000512	0x00	0xFF
SPI [1]	result	1.76321658	0.00000512	0x00	0xFF
SPI [1]	result	1.76322186	0.00000512	0x08	0xFF
SPI [1]	result	1.76322714	0.00000512	0x20	0xFF
SPI [1]	result	1.76363324	0.00000512	0x0C	0xFF
SPI [1]	result	1.76363852	0.00000512	0x10	0xFF
SPI [1]	result	1.76364380	0.00000512	0x80	0xFF
SPI [1]	result	1.76364908	0.00000512	0x02	0xFF
SPI [1]	result	1.76405070	0.00000512	0x00	0x00
SPI [1]	result	1.76405598	0.00000512	0x00	0x00
SPI [1]	result	1.76406126	0.00000512	0x09	0x00
SPI [1]	result	1.76406654	0.00000512	0xA6	0x00
SPI [1]	result	1.76446796	0.00000512	0x0D	0x00
SPI [1]	result	1.76447324	0.00000512	0x00	0x00
SPI [1]	result	1.76447852	0.00000512	0x88	0x00
SPI [1]	result	1.76448380	0.00000512	0x1A	0x00
SPI [1]	result	1.76488559	0.00000512	0x00	0x00
SPI [1]	result	1.76489087	0.00000512	0x00	0x00
SPI [1]	result	1.76489615	0.00000512	0x00	0x00
SPI [1]	result	1.76490143	0.00000512	0x00	0x00
SPI [1]	result	1.76530397	0.00000512	0x08	0x00
SPI [1]	result	1.76530925	0.00000512	0x00	0x00
SPI [1]	result	1.76531453	0.00000512	0x89	0x00
SPI [1]	result	1.76531981	0.00000512	0xB8	0x00
SPI [1]	result	1.80321768	0.00000512	0x00	0x00
SPI [1]	result	1.80322296	0.00000512	0x00	0x00
SPI [1]	result	1.80322824	0.00000512	0x08	0x00
SPI [1]	result	1.80323352	0.00000512	0x20	0x10
SPI [1]	result	1.80367283	0.00000512	0x0E	0x00
SPI [1]	result	1.80367811	0.00000512	0x10	0x00
SPI [1]	result	1.80368339	0.00000512	0x80	0x7F
SPI [1]	result	1.80368867	0.00000512	0x12	0xDF
SPI [1]	result	1.80408866	0.00000512	0x00	0x00
SPI [1]	result	1.80409394	0.00000512	0x00	0x00
SPI [1]	result	1.80409922	0.00000512	0x00	0x00
SPI [1]	result	1.80410450	0.00000512	0x00	0x00
SPI [1]	result	1.80450601	0.00000512	0x08	0x00
SPI [1]	result	1.80451129	0.00000512	0x00	0x00
SPI [1]	result	1.80451657	0.00000512	0x88	0x07
SPI [1]	result	1.80452185	0.00000512	0x32	0xFF
SPI [1]	result	1.84321151	0.00000512	0x00	0x00
SPI [1]	result	1.84321679	0.00000512	0x00	0x00
SPI [1]	result	1.84322207	0.00000512	0x08	0x00
SPI [1]	result	1.84322735	0.00000512	0x20	0x10
SPI [1]	result	1.84364597	0.00000512	0x0F	0x00
SPI [1]	result	1.84365125	0.00000512	0x10	0x00
SPI [1]	result	1.84365653	0.00000512	0x80	0x7F
SPI [1]	result	1.84366181	0.00000512	0x1A	0xDF
SPI [1]	result	1.84406474	0.00000512	0x00	0x00
SPI [1]	result	1.84407002	0.00000512	0x00	0x00
SPI [1]	result	1.84407530	0.00000512	0x00	0x00
SPI [1]	result	1.84408058	0.00000512	0x00	0x00
SPI [1]	result	1.84447913	0.00000512	0x08	0x00
SPI [1]	result	1.84448441	0.00000512	0x00	0x00
SPI [1]	result	1.84448969	0.00000512	0x88	0x07
SPI [1]	result	1.84449497	0.00000512	0x32	0xFF
SPI [1]	result	1.88321017	0.00000512	0x00	0x00
SPI [1]	result	1.88321545	0.00000512	0x00	0x00
SPI [1]	result	1.88322073	0.00000512	0x08	0x00
SPI [1]	result	1.88322601	0.00000512	0x20	0x10
SPI [1]	result	1.88362980	0.00000512	0x08	0x00
SPI [1]	result	1.88363508	0.00000512	0x10	0x00
SPI [1]	result	1.88364036	0.00000512	0x80	0x7F
SPI [1]	result	1.88364564	0.00000512	0x22	0x3F
SPI [1]	result	1.88404676	0.00000512	0x00	0x00
SPI [1]	result	1.88405204	0.00000512	0x00	0x00
SPI [1]	result	1.88405732	0.00000512	0x09	0x00
SPI [1]	result	1.88406260	0.00000512	0xA6	0x7F
SPI [1]	result	1.88446381	0.00000512	0x09	0x00
SPI [1]	result	1.88446909	0.00000512	0x00	0x00
SPI [1]	result	1.88447437	0.00000512	0x88	0x7F
SPI [1]	result	1.88447965	0.00000512	0x3A	0xFF
SPI [1]	result	1.88493762	0.00000512	0x00	0x00
SPI [1]	result	1.88494290	0.00000512	0x00	0x00
SPI [1]	result	1.88494818	0.00000512	0x00	0x00
SPI [1]	result	1.88495346	0.00000512	0x00	0x00
SPI [1]	result	1.88537214	0.00000512	0x08	0x00
SPI [1]	result	1.88537742	0.00000512	0x00	0x00
SPI [1]	result	1.88538270	0.00000512	0x89	0x07
SPI [1]	result	1.88538798	0.00000512	0xB8	0xFF
SPI [1]	result	1.92321116	0.00000512	0x00	0x00
SPI [1]	result	1.92321644	0.00000512	0x00	0x00
SPI [1]	result	1.92322172	0.00000512	0x08	0x00
SPI [1]	result	1.92322700	0.00000512	0x20	0x10
SPI [1]	result	1.92364124	0.00000512	0x0A	0x00
SPI [1]	result	1.92364652	0.00000512	0x10	0x0F
SPI [1]	result	1.92365180	0.00000512	0x80	0xFF
SPI [1]	result	1.92365708	0.00000512	0x32	0xFF
SPI [1]	result	1.92406014	0.00000512	0x00	0x00
SPI [1]	result	1.92406542	0.00000512	0x00	0x00
SPI [1]	result	1.92407070	0.00000512	0x00	0x00
SPI [1]	result	1.92407598	0.00000512	0x00	0x00
SPI [1]	result	1.92447710	0.00000512	0x08	0x00
SPI [1]	result	1.92448238	0.00000512	0x00	0x00
SPI [1]	result	1.92448766	0.00000512	0x88	0x07
SPI [1]	result	1.92449294	0.00000512	0x32	0xFF
SPI [1]	result	1.96320818	0.00000512	0x00	0x00
SPI [1]	result	1.96321346	0.00000512	0x00	0x00
SPI [1]	result	1.96321874	0.00000512	0x08	0x00
SPI [1]	result	1.96322402	0.00000512	0x20	0x10
SPI [1]	result	1.96362954	0.00000512	0x0B	0x00
SPI [1]	result	1.96363482	0.00000512	0x10	0x0F
SPI [1]	result	1.96364010	0.00000512	0x80	0xFF
SPI [1]	result	1.96364538	0.00000512	0x3A	0xFF
SPI [1]	result	1.96404710	0.00000512	0x00	0x00
SPI [1]	result	1.96405238	0.00000512	0x00	0x00
SPI [1]	result	1.96405766	0.00000512	0x00	0x00
SPI [1]	result	1.96406294	0.00000512	0x00	0x00
SPI [1]	result	1.96446371	0.00000512	0x08	0x00
SPI [1]	result	1.96446899	0.00000512	0x00	0x00
SPI [1]	result	1.96447427	0.00000512	0x88	0x07
SPI [1]	result	1.96447955	0.00000512	0x32	0xFF
SPI [1]	result	2.00320952	0.00000512	0x00	0x00
SPI [1]	result	2.00321480	0.00000512	0x00	0x00
SPI [1]	result	2.00322008	0.00000512	0x08	0x00
SPI [1]	result	2.00322536	0.00000512	0x20	0x10
SPI [1]	result	2.00362861	0.00000512	0x0C	0x00
SPI [1]	result	2.00363389	0.00000512	0x10	0x00
SPI [1]	result	2.00363917	0.00000512	0x80	0x7F
SPI [1]	result	2.00364445	0.00000512	0x02	0xC3
SPI [1]	result	2.00404609	0.00000512	0x00	0x00
SPI [1]	result	2.00405137	0.00000512	0x00	0x00
SPI [1]	result	2.00405665	0.00000512	0x09	0x00
SPI [1]	result	2.00406193	0.00000512	0xA6	0x7F
SPI [1]	result	2.00446340	0.00000512	0x0D	0x00
SPI [1]	result	2.00446868	0.00000512	0x00	0x00
SPI [1]	result	2.00447396	0.00000512	0x88	0x7F
SPI [1]	result	2.00447924	0.00000512	0x1A	0xFF
SPI [1]	result	2.00488031	0.00000512	0x00	0x00
SPI [1]	result	2.00488559	0.00000512	0x00	0x00
SPI [1]	result	2.00489087	0.00000512	0x00	0x00
SPI [1]	result	2.00489615	0.00000512	0x00	0x00
SPI [1]	result	2.00529693	0.00000512	0x08	0x00
SPI [1]	result	2.00530221	0.00000512	0x00	0x00
SPI [1]	result	2.00530749	0.00000512	0x89	0x07
SPI [1]	result	2.00531277	0.00000512	0xB8	0xFF
SPI [1]	result	2.04321057	0.00000512	0x00	0x00
SPI [1]	result	2.04321585	0.00000512	0x00	0x00
SPI [1]	result	2.04322113	0.00000512	0x08	0x00
SPI [1]	result	2.04322641	0.00000512	0x20	0x10
SPI [1]	result	2.04363884	0.00000512	0x0E	0x00
SPI [1]	result	2.04364412	0.00000512	0x10	0x00
SPI [1]	result	2.04364940	0.00000512	0x80	0x7F
SPI [1]	result	2.04365468	0.00000512	0x12	0xFF
SPI [1]	result	2.04405612	0.00000512	0x00	0x00
SPI [1]	result	2.04406140	0.00000512	0x00	0x00
SPI [1]	result	2.04406668	0.00000512	0x00	0x00
SPI [1]	result	2.04407196	0.00000512	0x00	0x00
SPI [1]	result	2.04447451	0.00000512	0x08	0x00
SPI [1]	result	2.04447979	0.00000512	0x00	0x00
SPI [1]	result	2.04448507	0.00000512	0x88	0x07
SPI [1]	result	2.04449035	0.00000512	0x32	0xFF
SPI [1]	result	2.08322408	0.00000512	0x00	0x00
SPI [1]	result	2.08322936	0.00000512	0x00	0x00
SPI [1]	result	2.08323464	0.00000512	0x08	0x00
SPI [1]	result	2.08323992	0.00000512	0x20	0x00
SPI [1]	result	2.08369921	0.00000512	0x0F	0x00
SPI [1]	result	2.08370449	0.00000512	0x10	0x00
SPI [1]	result	2.08370977	0.00000512	0x80	0x00
SPI [1]	result	2.08371505	0.00000512	0x1A	0x00
SPI [1]	result	2.08411772	0.00000512	0x00	0x00
SPI [1]	result	2.08412300	0.00000512	0x00	0x00
SPI [1]	result	2.08412828	0.00000512	0x00	0x00
SPI [1]	result	2.08413356	0.00000512	0x00	0x00
SPI [1]	result	2.08453911	0.00000512	0x08	0x00
SPI [1]	result	2.08454439	0.00000512	0x00	0x00
SPI [1]	result	2.08454967	0.00000512	0x88	0x00
SPI [1]	result	2.08455495	0.00000512	0x32	0x00
SPI [1]	result	2.12321098	0.00000512	0x00	0xFF
SPI [1]	result	2.12321626	0.00000512	0x00	0xFF
SPI [1]	result	2.12322154	0.00000512	0x08	0xFF
SPI [1]	result	2.12322682	0.00000512	0x20	0xFF
SPI [1]	result	2.12362913	0.00000512	0x08	0xFF
SPI [1]	result	2.12363441	0.00000512	0x10	0xFF
SPI [1]	result	2.12363969	0.00000512	0x80	0xFF
SPI [1]	result	2.12364497	0.00000512	0x22	0xFF
SPI [1]	result	2.12404618	0.00000512	0x00	0xFF
SPI [1]	result	2.12405146	0.00000512	0x00	0xFF
SPI [1]	result	2.12405674	0.00000512	0x09	0xFF
SPI [1]	result	2.12406202	0.00000512	0xA6	0xFF
SPI [1]	result	2.12446338	0.00000512	0x09	0xFF
SPI [1]	result	2.12446866	0.00000512	0x00	0xFF
SPI [1]	result	2.12447394	0.00000512	0x88	0xFF
SPI [1]	result	2.12447922	0.00000512	0x3A	0xFF
SPI [1]	result	2.12487995	0.00000512	0x00	0xF8
SPI [1]	result	2.12488523	0.00000512	0x00	0x01
SPI [1]	result	2.12489051	0.00000512	0x00	0xFF
SPI [1]	result	2.12489579	0.00000512	0x00	0xFF
SPI [1]	result	2.12529766	0.00000512	0x08	0xFF
SPI [1]	result	2.12530294	0.00000512	0x00	0xFF
SPI [1]	result	2.12530822	0.00000512	0x89	0xFF
SPI [1]	result	2.12531350	0.00000512	0xB8	0xFF
SPI [1]	result	2.16321129	0.00000512	0x00	0xFF
SPI [1]	result	2.16321657	0.00000512	0x00	0xFF
SPI [1]	result	2.16322185	0.00000512	0x08	0xFF
SPI [1]	result	2.16322713	0.00000512	0x20	0xFF
SPI [1]	result	2.16363995	0.00000512	0x0A	0xFF
SPI [1]	result	2.16364523	0.00000512	0x10	0xFF
SPI [1]	result	2.16365051	0.00000512	0x80	0xFF
SPI [1]	result	2.16365579	0.00000512	0x32	0xFF
SPI [1]	result	2.16405880	0.00000512	0x00	0x00
SPI [1]	result	2.16406408	0.00000512	0x00	0x00
SPI [1]	result	2.16406936	0.00000512	0x00	0x00
SPI [1]	result	2.16407464	0.00000512	0x00	0x00
SPI [1]	result	2.16447656	0.00000512	0x08	0x00
SPI [1]	result	2.16448184	0.00000512	0x00	0x00
SPI [1]	result	2.16448712	0.00000512	0x88	0x00
SPI [1]	result	2.16449240	0.00000512	0x32	0x00
SPI [1]	result	2.20320790	0.00000512	0x00	0x00
SPI [1]	result	2.20321318	0.00000512	0x00	0x00
SPI [1]	result	2.20321846	0.00000512	0x08	0x00
SPI [1]	result	2.20322374	0.00000512	0x20	0x00
SPI [1]	result	2.20362763	0.00000512	0x0B	0x00
SPI [1]	result	2.20363291	0.00000512	0x10	0x0F
SPI [1]	result	2.20363819	0.00000512	0x80	0xFF
SPI [1]	result	2.20364347	0.00000512	0x3A	0xFF
SPI [1]	result	2.20404506	0.00000512	0x00	0x00
SPI [1]	result	2.20405034	0.00000512	0x00	0x00
SPI [1]	result	2.20405562	0.00000512	0x00	0x00
SPI [1]	result	2.20406090	0.00000512	0x00	0x00
SPI [1]	result	2.20446206	0.00000512	0x08	0x00
SPI [1]	result	2.20446734	0.00000512	0x00	0x00
SPI [1]	result	2.20447262	0.00000512	0x88	0x07
SPI [1]	result	2.20447790	0.00000512	0x32	0xFF
SPI [1]	result	2.24320924	0.00000512	0x00	0x00
SPI [1]	result	2.24321452	0.00000512	0x00	0x00
SPI [1]	result	2.24321980	0.00000512	0x08	0x00
SPI [1]	result	2.24322508	0.00000512	0x20	0x10
SPI [1]	result	2.24362528	0.00000512	0x0C	0x00
SPI [1]	result	2.24363056	0.00000512	0x10	0x00
SPI [1]	result	2.24363584	0.00000512	0x80	0x7D
SPI [1]	result	2.24364112	0.00000512	0x02	0x83
SPI [1]	result	2.24404277	0.00000512	0x00	0x00
SPI [1]	result	2.24404805	0.00000512	0x00	0x00
SPI [1]	result	2.24405333	0.00000512	0x09	0x00
SPI [1]	result	2.24405861	0.00000512	0xA6	0x7F
SPI [1]	result	2.24445929	0.00000512	0x0D	0x00
SPI [1]	result	2.24446457	0.00000512	0x00	0x80
SPI [1]	result	2.24446985	0.00000512	0x88	0x7F
SPI [1]	result	2.24447513	0.00000512	0x1A	0xFF
SPI [1]	result	2.24487606	0.00000512	0x00	0x00
SPI [1]	result	2.24488134	0.00000512	0x00	0x00
SPI [1]	result	2.24488662	0.00000512	0x00	0x00
SPI [1]	result	2.24489190	0.00000512	0x00	0x00
SPI [1]	result	2.24529293	0.00000512	0x08	0x00
SPI [1]	result	2.24529821	0.00000512	0x00	0x00
SPI [1]	result	2.24530349	0.00000512	0x89	0x07
SPI [1]	result	2.24530877	0.00000512	0xB8	0xFF
SPI [1]	result	2.28321092	0.00000512	0x00	0x00
SPI [1]	result	2.28321620	0.00000512	0x00	0x00
SPI [1]	result	2.28322148	0.00000512	0x08	0x00
SPI [1]	result	2.28322676	0.00000512	0x20	0x00
SPI [1]	result	2.28374251	0.00000512	0x0E	0x00
SPI [1]	result	2.28374779	0.00000512	0x10	0x00
SPI [1]	result	2.28375307	0.00000512	0x80	0x7F
SPI [1]	result	2.28375835	0.00000512	0x12	0x9F
SPI [1]	result	2.28417667	0.00000512	0x00	0x00
SPI [1]	result	2.28418195	0.00000512	0x00	0x00
SPI [1]	result	2.28418723	0.00000512	0x00	0x00
SPI [1]	result	2.28419251	0.00000512	0x00	0x00
SPI [1]	result	2.28459513	0.00000512	0x08	0x00
SPI [1]	result	2.28460041	0.00000512	0x00	0x00
SPI [1]	result	2.28460569	0.00000512	0x88	0x07
SPI [1]	result	2.28461097	0.00000512	0x32	0xFF
SPI [1]	result	2.32320980	0.00000512	0x00	0x00
SPI [1]	result	2.32321508	0.00000512	0x00	0x00
SPI [1]	result	2.32322036	0.00000512	0x08	0x00
SPI [1]	result	2.32322564	0.00000512	0x20	0x12
SPI [1]	result	2.32363169	0.00000512	0x0F	0x00
SPI [1]	result	2.32363697	0.00000512	0x10	0x00
SPI [1]	result	2.32364225	0.00000512	0x80	0x7F
SPI [1]	result	2.32364753	0.00000512	0x1A	0xFF
SPI [1]	result	2.32405011	0.00000512	0x00	0x00
SPI [1]	result	2.32405539	0.00000512	0x00	0x00
SPI [1]	result	2.32406067	0.00000512	0x00	0x00
SPI [1]	result	2.32406595	0.00000512	0x00	0x00
SPI [1]	result	2.32446704	0.00000512	0x08	0x00
SPI [1]	result	2.32447232	0.00000512	0x00	0x00
SPI [1]	result	2.32447760	0.00000512	0x88	0x07
SPI [1]	result	2.32448288	0.00000512	0x32	0xFF
SPI [1]	result	2.36320963	0.00000512	0x00	0x00
SPI [1]	result	2.36321491	0.00000512	0x00	0x00
SPI [1]	result	2.36322019	0.00000512	0x08	0x00
SPI [1]	result	2.36322547	0.00000512	0x20	0x00
SPI [1]	result	2.36362892	0.00000512	0x08	0x00
SPI [1]	result	2.36363420	0.00000512	0x10	0x00
SPI [1]	result	2.36363948	0.00000512	0x80	0x7F
SPI [1]	result	2.36364476	0.00000512	0x22	0xFF
SPI [1]	result	2.36404622	0.00000512	0x00	0x00
SPI [1]	result	2.36405150	0.00000512	0x00	0x00
SPI [1]	result	2.36405678	0.00000512	0x09	0x00
SPI [1]	result	2.36406206	0.00000512	0xA6	0x7F
SPI [1]	result	2.36446327	0.00000512	0x09	0x00
SPI [1]	result	2.36446855	0.00000512	0x00	0x00
SPI [1]	result	2.36447383	0.00000512	0x88	0x7F
SPI [1]	result	2.36447911	0.00000512	0x3A	0xFF
SPI [1]	result	2.36487619	0.00000512	0x00	0x00
SPI [1]	result	2.36488147	0.00000512	0x00	0x00
SPI [1]	result	2.36488675	0.00000512	0x00	0x00
SPI [1]	result	2.36489203	0.00000512	0x00	0x00
SPI [1]	result	2.36529028	0.00000512	0x08	0x00
SPI [1]	result	2.36529556	0.00000512	0x00	0x00
SPI [1]	result	2.36530084	0.00000512	0x89	0x07
SPI [1]	result	2.36530612	0.00000512	0xB8	0xFF
SPI [1]	result	2.40321183	0.00000512	0x00	0x00
SPI [1]	result	2.40321711	0.00000512	0x00	0x00
SPI [1]	result	2.40322239	0.00000512	0x08	0x00
SPI [1]	result	2.40322767	0.00000512	0x20	0x10
SPI [1]	result	2.40364434	0.00000512	0x0A	0x00
SPI [1]	result	2.40364962	0.00000512	0x10	0x0F
SPI [1]	result	2.40365490	0.00000512	0x80	0xFF
SPI [1]	result	2.40366018	0.00000512	0x32	0xFF
SPI [1]	result	2.40406186	0.00000512	0x00	0x00
SPI [1]	result	2.40406714	0.00000512	0x00	0x00
SPI [1]	result	2.40407242	0.00000512	0x00	0x00
SPI [1]	result	2.40407770	0.00000512	0x00	0x00
SPI [1]	result	2.40447897	0.00000512	0x08	0x00
SPI [1]	result	2.40448425	0.00000512	0x00	0x00
SPI [1]	result	2.40448953	0.00000512	0x88	0x07
SPI [1]	result	2.40449481	0.00000512	0x32	0xFF
SPI [1]	result	2.44320697	0.00000512	0x00	0x00
SPI [1]	result	2.44321225	0.00000512	0x00	0x00
SPI [1]	result	2.44321753	0.00000512	0x08	0x00
SPI [1]	result	2.44322281	0.00000512	0x20	0x10
SPI [1]	result	2.44362760	0.00000512	0x0B	0x00
SPI [1]	result	2.44363288	0.00000512	0x10	0x0F
SPI [1]	result	2.44363816	0.00000512	0x80	0xFF
SPI [1]	result	2.44364344	0.00000512	0x3A	0xFF
SPI [1]	result	2.44404489	0.00000512	0x00	0x00
SPI [1]	result	2.44405017	0.00000512	0x00	0x00
SPI [1]	result	2.44405545	0.00000512	0x00	0x00
SPI [1]	result	2.44406073	0.00000512	0x00	0x00
SPI [1]	result	2.44446145	0.00000512	0x08	0x00
SPI [1]	result	2.44446673	0.00000512	0x00	0x00
SPI [1]	result	2.44447201	0.00000512	0x88	0x07
SPI [1]	result	2.44447729	0.00000512	0x32	0xFF
SPI [1]	result	2.48320924	0.00000512	0x00	0x00
SPI [1]	result	2.48321452	0.00000512	0x00	0x00
SPI [1]	result	2.48321980	0.00000512	0x08	0x00
SPI [1]	result	2.48322508	0.00000512	0x20	0x00
SPI [1]	result	2.48362937	0.00000512	0x0C	0x00
SPI [1]	result	2.48363465	0.00000512	0x10	0x00
SPI [1]	result	2.48363993	0.00000512	0x80	0x00
SPI [1]	result	2.48364521	0.00000512	0x02	0x00
SPI [1]	result	2.48404666	0.00000512	0x00	0x00
SPI [1]	result	2.48405194	0.00000512	0x00	0x00
SPI [1]	result	2.48405722	0.00000512	0x09	0x00
SPI [1]	result	2.48406250	0.00000512	0xA6	0x00
SPI [1]	result	2.48446387	0.00000512	0x0D	0x00
SPI [1]	result	2.48446915	0.00000512	0x00	0x00
SPI [1]	result	2.48447443	0.00000512	0x88	0x00
SPI [1]	result	2.48447971	0.00000512	0x1A	0x00
SPI [1]	result	2.48488051	0.00000512	0x00	0x00
SPI [1]	result	2.48488579	0.00000512	0x00	0x00
SPI [1]	result	2.48489107	0.00000512	0x00	0x00
SPI [1]	result	2.48489635	0.00000512	0x00	0x00
SPI [1]	result	2.48529844	0.00000512	0x08	0x00
SPI [1]	result	2.48530372	0.00000512	0x00	0x00
SPI [1]	result	2.48530900	0.00000512	0x89	0x00
SPI [1]	result	2.48531428	0.00000512	0xB8	0x00
SPI [1]	result	2.52321042	0.00000512	0x00	0xFF
SPI [1]	result	2.52321570	0.00000512	0x00	0xFF
SPI [1]	result	2.52322098	0.00000512	0x08	0xFF
SPI [1]	result	2.52322626	0.00000512	0x20	0xFF
SPI [1]	result	2.52363672	0.00000512	0x0E	0xFF
SPI [1]	result	2.52364200	0.00000512	0x10	0xFF
SPI [1]	result	2.52364728	0.00000512	0x80	0xFF
SPI [1]	result	2.52365256	0.00000512	0x12	0xFF
SPI [1]	result	2.52405531	0.00000512	0x00	0xFF
SPI [1]	result	2.52406059	0.00000512	0x00	0xFF
SPI [1]	result	2.52406587	0.00000512	0x00	0xFF
SPI [1]	result	2.52407115	0.00000512	0x00	0xFF
SPI [1]	result	2.52447219	0.00000512	0x08	0xFF
SPI [1]	result	2.52447747	0.00000512	0x00	0xFF
SPI [1]	result	2.52448275	0.00000512	0x88	0xFF
SPI [1]	result	2.52448803	0.00000512	0x32	0xFF
SPI [1]	result	2.56320788	0.00000512	0x00	0xFF
SPI [1]	result	2.56321316	0.00000512	0x00	0xFF
SPI [1]	result	2.56321844	0.00000512	0x08	0xFF
SPI [1]	result	2.56322372	0.00000512	0x20	0xFF
SPI [1]	result	2.56362723	0.00000512	0x0F	0xFF
SPI [1]	result	2.56363251	0.00000512	0x10	0xFF
SPI [1]	result	2.56363779	0.00000512	0x80	0xFF
SPI [1]	result	2.56364307	0.00000512	0x1A	0xFF
SPI [1]	result	2.56404402	0.00000512	0x00	0x00
SPI [1]	result	2.56404930	0.00000512	0x00	0x00
SPI [1]	result	2.56405458	0.00000512	0x00	0x00
SPI [1]	result	2.56405986	0.00000512	0x00	0x00
SPI [1]	result	2.56446095	0.00000512	0x08	0x00
SPI [1]	result	2.56446623	0.00000512	0x00	0x00
SPI [1]	result	2.56447151	0.00000512	0x88	0x00
SPI [1]	result	2.56447679	0.00000512	0x32	0x00
SPI [1]	result	2.60320925	0.00000512	0x00	0x00
SPI [1]	result	2.60321453	0.00000512	0x00	0x00
SPI [1]	result	2.60321981	0.00000512	0x08	0x00
SPI [1]	result	2.60322509	0.00000512	0x20	0x10
SPI [1]	result	2.60362874	0.00000512	0x08	0x00
SPI [1]	result	2.60363402	0.00000512	0x10	0x00
SPI [1]	result	2.60363930	0.00000512	0x80	0x7F
SPI [1]	result	2.60364458	0.00000512	0x22	0x7F
SPI [1]	result	2.60404570	0.00000512	0x00	0x00
SPI [1]	result	2.60405098	0.00000512	0x00	0x00
SPI [1]	result	2.60405626	0.00000512	0x09	0x00
SPI [1]	result	2.60406154	0.00000512	0xA6	0x7F
SPI [1]	result	2.60446228	0.00000512	0x09	0x00
SPI [1]	result	2.60446756	0.00000512	0x00	0x40
SPI [1]	result	2.60447284	0.00000512	0x88	0x7F
SPI [1]	result	2.60447812	0.00000512	0x3A	0xFF
SPI [1]	result	2.60487507	0.00000512	0x00	0x00
SPI [1]	result	2.60488035	0.00000512	0x00	0x00
SPI [1]	result	2.60488563	0.00000512	0x00	0x00
SPI [1]	result	2.60489091	0.00000512	0x00	0x00
SPI [1]	result	2.60528901	0.00000512	0x08	0x00
SPI [1]	result	2.60529429	0.00000512	0x00	0x00
SPI [1]	result	2.60529957	0.00000512	0x89	0x07
SPI [1]	result	2.60530485	0.00000512	0xB8	0xFF
SPI [1]	result	2.64320681	0.00000512	0x00	0x00
SPI [1]	result	2.64321209	0.00000512	0x00	0x00
SPI [1]	result	2.64321737	0.00000512	0x08	0x00
SPI [1]	result	2.64322265	0.00000512	0x20	0x10
SPI [1]	result	2.64368279	0.00000512	0x0A	0x00
SPI [1]	result	2.64368807	0.00000512	0x10	0x0F
SPI [1]	result	2.64369335	0.00000512	0x80	0xFF
SPI [1]	result	2.64369863	0.00000512	0x32	0xFF
SPI [1]	result	2.64411764	0.00000512	0x00	0x00
SPI [1]	result	2.64412292	0.00000512	0x00	0x00
SPI [1]	result	2.64412820	0.00000512	0x00	0x00
SPI [1]	result	2.64413348	0.00000512	0x00	0x00
SPI [1]	result	2.64453664	0.00000512	0x08	0x00
SPI [1]	result	2.64454192	0.00000512	0x00	0x00
SPI [1]	result	2.64454720	0.00000512	0x88	0x07
SPI [1]	result	2.64455248	0.00000512	0x32	0xFF
SPI [1]	result	2.68320988	0.00000512	0x00	0x00
SPI [1]	result	2.68321516	0.00000512	0x00	0x00
SPI [1]	result	2.68322044	0.00000512	0x08	0x00
SPI [1]	result	2.68322572	0.00000512	0x20	0x10
SPI [1]	result	2.68363507	0.00000512	0x0B	0x00
SPI [1]	result	2.68364035	0.00000512	0x10	0x0F
SPI [1]	result	2.68364563	0.00000512	0x80	0xFF
SPI [1]	result	2.68365091	0.00000512	0x3A	0xFF
SPI [1]	result	2.68405241	0.00000512	0x00	0x00
SPI [1]	result	2.68405769	0.00000512	0x00	0x00
SPI [1]	result	2.68406297	0.00000512	0x00	0x00
SPI [1]	result	2.68406825	0.00000512	0x00	0x00
SPI [1]	result	2.68447008	0.00000512	0x08	0x00
SPI [1]	result	2.68447536	0.00000512	0x00	0x00
SPI [1]	result	2.68448064	0.00000512	0x88	0x07
SPI [1]	result	2.68448592	0.00000512	0x32	0xFF
SPI [1]	result	2.72321023	0.00000512	0x00	0x00
SPI [1]	result	2.72321551	0.00000512	0x00	0x00
SPI [1]	result	2.72322079	0.00000512	0x08	0x00
SPI [1]	result	2.72322607	0.00000512	0x20	0x00
SPI [1]	result	2.72362834	0.00000512	0x0C	0x00
SPI [1]	result	2.72363362	0.00000512	0x10	0x00
SPI [1]	result	2.72363890	0.00000512	0x80	0x7F
SPI [1]	result	2.72364418	0.00000512	0x02	0xEB
SPI [1]	result	2.72404561	0.00000512	0x00	0x00
SPI [1]	result	2.72405089	0.00000512	0x00	0x00
SPI [1]	result	2.72405617	0.00000512	0x09	0x00
SPI [1]	result	2.72406145	0.00000512	0xA6	0x7F
SPI [1]	result	2.72446331	0.00000512	0x0D	0x00
SPI [1]	result	2.72446859	0.00000512	0x00	0x00
SPI [1]	result	2.72447387	0.00000512	0x88	0x7F
SPI [1]	result	2.72447915	0.00000512	0x1A	0xFF
SPI [1]	result	2.72488029	0.00000512	0x00	0x00
SPI [1]	result	2.72488557	0.00000512	0x00	0x00
SPI [1]	result	2.72489085	0.00000512	0x00	0x00
SPI [1]	result	2.72489613	0.00000512	0x00	0x00
SPI [1]	result	2.72529735	0.00000512	0x08	0x00
SPI [1]	result	2.72530263	0.00000512	0x00	0x00
SPI [1]	result	2.72530791	0.00000512	0x89	0x07
SPI [1]	result	2.72531319	0.00000512	0xB8	0xFF
SPI [1]	result	2.76321524	0.00000512	0x00	0x00
SPI [1]	result	2.76322052	0.00000512	0x00	0x00
SPI [1]	result	2.76322580	0.00000512	0x08	0x00
SPI [1]	result	2.76323108	0.00000512	0x20	0x10
SPI [1]	result	2.76365800	0.00000512	0x0E	0x00
SPI [1]	result	2.76366328	0.00000512	0x10	0x00
SPI [1]	result	2.76366856	0.00000512	0x80	0x7F
SPI [1]	result	2.76367384	0.00000512	0x12	0xFF
SPI [1]	result	2.76407681	0.00000512	0x00	0x00
SPI [1]	result	2.76408209	0.00000512	0x00	0x00
SPI [1]	result	2.76408737	0.00000512	0x00	0x00
SPI [1]	result	2.76409265	0.00000512	0x00	0x00
SPI [1]	result	2.76449448	0.00000512	0x08	0x00
SPI [1]	result	2.76449976	0.00000512	0x00	0x00
SPI [1]	result	2.76450504	0.00000512	0x88	0x07
SPI [1]	result	2.76451032	0.00000512	0x32	0xFF
SPI [1]	result	2.80321457	0.00000512	0x00	0x00
SPI [1]	result	2.80321985	0.00000512	0x00	0x00
SPI [1]	result	2.80322513	0.00000512	0x08	0x00
SPI [1]	result	2.80323041	0.00000512	0x20	0x00
SPI [1]	result	2.80365903	0.00000512	0x0F	0x00
SPI [1]	result	2.80366431	0.00000512	0x10	0x00
SPI [1]	result	2.80366959	0.00000512	0x80	0x7F
SPI [1]	result	2.80367487	0.00000512	0x1A	0xFF
SPI [1]	result	2.80407947	0.00000512	0x00	0x00
SPI [1]	result	2.80408475	0.00000512	0x00	0x00
SPI [1]	result	2.80409003	0.00000512	0x00	0x00
SPI [1]	result	2.80409531	0.00000512	0x00	0x00
SPI [1]	result	2.80449649	0.00000512	0x08	0x00
SPI [1]	result	2.80450177	0.00000512	0x00	0x00
SPI [1]	result	2.80450705	0.00000512	0x88	0x07
SPI [1]	result	2.80451233	0.00000512	0x32	0xFF
SPI [1]	result	2.84321373	0.00000512	0x00	0x00
SPI [1]	result	2.84321901	0.00000512	0x00	0x00
SPI [1]	result	2.84322429	0.00000512	0x08	0x00
SPI [1]	result	2.84322957	0.00000512	0x20	0x00
SPI [1]	result	2.84364273	0.00000512	0x08	0x00
SPI [1]	result	2.84364801	0.00000512	0x10	0x00
SPI [1]	result	2.84365329	0.00000512	0x80	0x7F
SPI [1]	result	2.84365857	0.00000512	0x22	0x7F
SPI [1]	result	2.84406254	0.00000512	0x00	0x00
SPI [1]	result	2.84406782	0.00000512	0x00	0x00
SPI [1]	result	2.84407310	0.00000512	0x09	0x00
SPI [1]	result	2.84407838	0.00000512	0xA6	0x7F
SPI [1]	result	2.84448035	0.00000512	0x09	0x00
SPI [1]	result	2.84448563	0.00000512	0x00	0x00
SPI [1]	result	2.84449091	0.00000512	0x88	0x7F
SPI [1]	result	2.84449619	0.00000512	0x3A	0xFF
SPI [1]	result	2.84489378	0.00000512	0x00	0x00
SPI [1]	result	2.84489906	0.00000512	0x00	0x00
SPI [1]	result	2.84490434	0.00000512	0x00	0x00
SPI [1]	result	2.84490962	0.00000512	0x00	0x00
SPI [1]	result	2.84531129	0.00000512	0x08	0x00
SPI [1]	result	2.84531657	0.00000512	0x00	0x00
SPI [1]	result	2.84532185	0.00000512	0x89	0x07
SPI [1]	result	2.84532713	0.00000512	0xB8	0xFF
SPI [1]	result	2.88321013	0.00000512	0x00	0x00
SPI [1]	result	2.88321541	0.00000512	0x00	0x00
SPI [1]	result	2.88322069	0.00000512	0x08	0x00
SPI [1]	result	2.88322597	0.00000512	0x20	0x10
SPI [1]	result	2.88364039	0.00000512	0x0A	0x00
SPI [1]	result	2.88364567	0.00000512	0x10	0x0F
SPI [1]	result	2.88365095	0.00000512	0x80	0xFF
SPI [1]	result	2.88365623	0.00000512	0x32	0xFF
SPI [1]	result	2.88405568	0.00000512	0x00	0x00
SPI [1]	result	2.88406096	0.00000512	0x00	0x00
SPI [1]	result	2.88406624	0.00000512	0x00	0x00
SPI [1]	result	2.88407152	0.00000512	0x00	0x00
SPI [1]	result	2.88447274	0.00000512	0x08	0x00
SPI [1]	result	2.88447802	0.00000512	0x00	0x00
SPI [1]	result	2.88448330	0.00000512	0x88	0x07
SPI [1]	result	2.88448858	0.00000512	0x32	0xFF
SPI [1]	result	2.92320778	0.00000512	0x00	0x00
SPI [1]	result	2.92321306	0.00000512	0x00	0x00
SPI [1]	result	2.92321834	0.00000512	0x08	0x00
SPI [1]	result	2.92322362	0.00000512	0x20	0x10
SPI [1]	result	2.92362779	0.00000512	0x0B	0x00
SPI [1]	result	2.92363307	0.00000512	0x10	0x0F
SPI [1]	result	2.92363835	0.00000512	0x80	0xFF
SPI [1]	result	2.92364363	0.00000512	0x3A	0xFF
SPI [1]	result	2.92404494	0.00000512	0x00	0x00
SPI [1]	result	2.92405022	0.00000512	0x00	0x00
SPI [1]	result	2.92405550	0.00000512	0x00	0x00
SPI [1]	result	2.92406078	0.00000512	0x00	0x00
SPI [1]	result	2.92445973	0.00000512	0x08	0x00
SPI [1]	result	2.92446501	0.00000512	0x00	0x00
SPI [1]	result	2.92447029	0.00000512	0x88	0x07
SPI [1]	result	2.92447557	0.00000512	0x32	0xFF
SPI [1]	result	2.96320929	0.00000512	0x00	0x00
SPI [1]	result	2.96321457	0.00000512	0x00	0x00
SPI [1]	result	2.96321985	0.00000512	0x08	0x00
SPI [1]	result	2.96322513	0.00000512	0x20	0x10
SPI [1]	result	2.96362836	0.00000512	0x0C	0x00
SPI [1]	result	2.96363364	0.00000512	0x10	0x00
SPI [1]	result	2.96363892	0.00000512	0x80	0x7F
SPI [1]	result	2.96364420	0.00000512	0x02	0xC3
SPI [1]	result	2.96404312	0.00000512	0x00	0x00
SPI [1]	result	2.96404840	0.00000512	0x00	0x00
SPI [1]	result	2.96405368	0.00000512	0x09	0x00
SPI [1]	result	2.96405896	0.00000512	0xA6	0x7F
SPI [1]	result	2.96446039	0.00000512	0x0D	0x00
SPI [1]	result	2.96446567	0.00000512	0x00	0x00
SPI [1]	result	2.96447095	0.00000512	0x88	0x7F
SPI [1]	result	2.96447623	0.00000512	0x1A	0xFF
SPI [1]	result	2.96487721	0.00000512	0x00	0x00
SPI [1]	result	2.96488249	0.00000512	0x00	0x00
SPI [1]	result	2.96488777	0.00000512	0x00	0x00
SPI [1]	result	2.96489305	0.00000512	0x00	0x00
SPI [1]	result	2.96529433	0.00000512	0x08	0x00
SPI [1]	result	2.96529961	0.00000512	0x00	0x00
SPI [1]	result	2.96530489	0.00000512	0x89	0x07
SPI [1]	result	2.96531017	0.00000512	0xB8	0xFF
SPI [1]	result	3.00321017	0.00000512	0x00	0x00
SPI [1]	result	3.00321545	0.00000512	0x00	0x00
SPI [1]	result	3.00322073	0.00000512	0x08	0x00
SPI [1]	result	3.00322601	0.00000512	0x20	0x10
SPI [1]	result	3.00363986	0.00000512	0x0E	0x00
SPI [1]	result	3.00364514	0.00000512	0x10	0x00
SPI [1]	result	3.00365042	0.00000512	0x80	0x7F
SPI [1]	result	3.00365570	0.00000512	0x12	0xFF
SPI [1]	result	3.00405608	0.00000512	0x00	0x00
SPI [1]	result	3.00406136	0.00000512	0x00	0x00
SPI [1]	result	3.00406664	0.00000512	0x00	0x00
SPI [1]	result	3.00407192	0.00000512	0x00	0x00
SPI [1]	result	3.00454039	0.00000512	0x08	0x00
SPI [1]	result	3.00454567	0.00000512	0x00	0x00
SPI [1]	result	3.00455095	0.00000512	0x88	0x07
SPI [1]	result	3.00455623	0.00000512	0x32	0xFF
SPI [1]	result	3.04320908	0.00000512	0x00	0x00
SPI [1]	result	3.04321436	0.00000512	0x00	0x00
SPI [1]	result	3.04321964	0.00000512	0x08	0x00
SPI [1]	result	3.04322492	0.00000512	0x20	0x14
SPI [1]	result	3.04363091	0.00000512	0x0F	0x00
SPI [1]	result	3.04363619	0.00000512	0x10	0x00
SPI [1]	result	3.04364147	0.00000512	0x80	0x7F
SPI [1]	result	3.04364675	0.00000512	0x1A	0xBF
SPI [1]	result	3.04404883	0.00000512	0x00	0x00
SPI [1]	result	3.04405411	0.00000512	0x00	0x00
SPI [1]	result	3.04405939	0.00000512	0x00	0x00
SPI [1]	result	3.04406467	0.00000512	0x00	0x00
SPI [1]	result	3.04446296	0.00000512	0x08	0x00
SPI [1]	result	3.04446824	0.00000512	0x00	0x00
SPI [1]	result	3.04447352	0.00000512	0x88	0x07
SPI [1]	result	3.04447880	0.00000512	0x32	0xFF
SPI [1]	result	3.08322794	0.00000512	0x00	0x00
SPI [1]	result	3.08323322	0.00000512	0x00	0x00
SPI [1]	result	3.08323850	0.00000512	0x08	0x00
SPI [1]	result	3.08324378	0.00000512	0x20	0x10
SPI [1]	result	3.08370055	0.00000512	0x08	0x00
SPI [1]	result	3.08370583	0.00000512	0x10	0x00
SPI [1]	result	3.08371111	0.00000512	0x80	0x7F
SPI [1]	result	3.08371639	0.00000512	0x22	0x3F
SPI [1]	result	3.08411925	0.00000512	0x00	0x00
SPI [1]	result	3.08412453	0.00000512	0x00	0x00
SPI [1]	result	3.08412981	0.00000512	0x09	0x00
SPI [1]	result	3.08413509	0.00000512	0xA6	0x7F
SPI [1]	result	3.08453415	0.00000512	0x09	0x00
SPI [1]	result	3.08453943	0.00000512	0x00	0x00
SPI [1]	result	3.08454471	0.00000512	0x88	0x7F
SPI [1]	result	3.08454999	0.00000512	0x3A	0xFF
SPI [1]	result	3.08495165	0.00000512	0x00	0x00
SPI [1]	result	3.08495693	0.00000512	0x00	0x00
SPI [1]	result	3.08496221	0.00000512	0x00	0x00
SPI [1]	result	3.08496749	0.00000512	0x00	0x00
SPI [1]	result	3.08536919	0.00000512	0x08	0x00
SPI [1]	result	3.08537447	0.00000512	0x00	0x00
SPI [1]	result	3.08537975	0.00000512	0x89	0x07
SPI [1]	result	3.08538503	0.00000512	0xB8	0xFF
SPI [1]	result	3.12320814	0.00000512	0x00	0x00
SPI [1]	result	3.12321342	0.00000512	0x00	0x00
SPI [1]	result	3.12321870	0.00000512	0x08	0x00
SPI [1]	result	3.12322398	0.00000512	0x20	0x00
SPI [1]	result	3.12362806	0.00000512	0x0A	0x00
SPI [1]	result	3.12363334	0.00000512	0x10	0x0F
SPI [1]	result	3.12363862	0.00000512	0x80	0xFF
SPI [1]	result	3.12364390	0.00000512	0x32	0xFF
SPI [1]	result	3.12404291	0.00000512	0x00	0x00
SPI [1]	result	3.12404819	0.00000512	0x00	0x00
SPI [1]	result	3.12405347	0.00000512	0x00	0x00
SPI [1]	result	3.12405875	0.00000512	0x00	0x00
SPI [1]	result	3.12445989	0.00000512	0x08	0x00
SPI [1]	result	3.12446517	0.00000512	0x00	0x00
SPI [1]	result	3.12447045	0.00000512	0x88	0x07
SPI [1]	result	3.12447573	0.00000512	0x32	0xFF
SPI [1]	result	3.16321615	0.00000512	0x00	0x00
SPI [1]	result	3.16322143	0.00000512	0x00	0x00
SPI [1]	result	3.16322671	0.00000512	0x08	0x00
SPI [1]	result	3.16323199	0.00000512	0x20	0x10
SPI [1]	result	3.16365952	0.00000512	0x0B	0x00
SPI [1]	result	3.16366480	0.00000512	0x10	0x0F
SPI [1]	result	3.16367008	0.00000512	0x80	0xFF
SPI [1]	result	3.16367536	0.00000512	0x3A	0xFF
SPI [1]	result	3.16407757	0.00000512	0x00	0x00
SPI [1]	result	3.16408285	0.00000512	0x00	0x00
SPI [1]	result	3.16408813	0.00000512	0x00	0x00
SPI [1]	result	3.16409341	0.00000512	0x00	0x00
SPI [1]	result	3.16449477	0.00000512	0x08	0x00
SPI [1]	result	3.16450005	0.00000512	0x00	0x00
SPI [1]	result	3.16450533	0.00000512	0x88	0x07
SPI [1]	result	3.16451061	0.00000512	0x32	0xFF
SPI [1]	result	3.20321098	0.00000512	0x00	0x00
SPI [1]	result	3.20321626	0.00000512	0x00	0x00
SPI [1]	result	3.20322154	0.00000512	0x08	0x00
SPI [1]	result	3.20322682	0.00000512	0x20	0x00
SPI [1]	result	3.20363150	0.00000512	0x0C	0x00
SPI [1]	result	3.20363678	0.00000512	0x10	0x00
SPI [1]	result	3.20364206	0.00000512	0x80	0x7F
SPI [1]	result	3.20364734	0.00000512	0x02	0x83
SPI [1]	result	3.20404801	0.00000512	0x00	0x00
SPI [1]	result	3.20405329	0.00000512	0x00	0x00
SPI [1]	result	3.20405857	0.00000512	0x09	0x00
SPI [1]	result	3.20406385	0.00000512	0xA6	0x3F
SPI [1]	result	3.20446373	0.00000512	0x0D	0x00
SPI [1]	result	3.20446901	0.00000512	0x00	0x00
SPI [1]	result	3.20447429	0.00000512	0x88	0x7F
SPI [1]	result	3.20447957	0.00000512	0x1A	0xFF
SPI [1]	result	3.20488084	0.00000512	0x00	0x00
SPI [1]	result	3.20488612	0.00000512	0x00	0x00
SPI [1]	result	3.20489140	0.00000512	0x00	0x00
SPI [1]	result	3.20489668	0.00000512	0x00	0x00
SPI [1]	result	3.20529656	0.00000512	0x08	0x00
SPI [1]	result	3.20530184	0.00000512	0x00	0x00
SPI [1]	result	3.20530712	0.00000512	0x89	0x07
SPI [1]	result	3.20531240	0.00000512	0xB8	0xFF
SPI [1]	result	3.24320988	0.00000512	0x00	0x00
SPI [1]	result	3.24321516	0.00000512	0x00	0x00
SPI [1]	result	3.24322044	0.00000512	0x08	0x00
SPI [1]	result	3.24322572	0.00000512	0x20	0x00
SPI [1]	result	3.24363019	0.00000512	0x0E	0x00
SPI [1]	result	3.24363547	0.00000512	0x10	0x00
SPI [1]	result	3.24364075	0.00000512	0x80	0x7F
SPI [1]	result	3.24364603	0.00000512	0x12	0xFF
SPI [1]	result	3.24404606	0.00000512	0x00	0x00
SPI [1]	result	3.24405134	0.00000512	0x00	0x00
SPI [1]	result	3.24405662	0.00000512	0x00	0x00
SPI [1]	result	3.24406190	0.00000512	0x00	0x00
SPI [1]	result	3.24446178	0.00000512	0x08	0x00
SPI [1]	result	3.24446706	0.00000512	0x00	0x00
SPI [1]	result	3.24447234	0.00000512	0x88	0x07
SPI [1]	result	3.24447762	0.00000512	0x32	0xFF
SPI [1]	result	3.28320880	0.00000512	0x00	0x00
SPI [1]	result	3.28321408	0.00000512	0x00	0x00
SPI [1]	result	3.28321936	0.00000512	0x08	0x00
SPI [1]	result	3.28322464	0.00000512	0x20	0x00
SPI [1]	result	3.28363067	0.00000512	0x0F	0x00
SPI [1]	result	3.28363595	0.00000512	0x10	0x00
SPI [1]	result	3.28364123	0.00000512	0x80	0x7F
SPI [1]	result	3.28364651	0.00000512	0x1A	0xDF
SPI [1]	result	3.28404813	0.00000512	0x00	0x00
SPI [1]	result	3.28405341	0.00000512	0x00	0x00
SPI [1]	result	3.28405869	0.00000512	0x00	0x00
SPI [1]	result	3.28406397	0.00000512	0x00	0x00
SPI [1]	result	3.28446270	0.00000512	0x08	0x00
SPI [1]	result	3.28446798	0.00000512	0x00	0x00
SPI [1]	result	3.28447326	0.00000512	0x88	0x07
SPI [1]	result	3.28447854	0.00000512	0x32	0xFF
SPI [1]	result	3.32321446	0.00000512	0x00	0x00
SPI [1]	result	3.32321974	0.00000512	0x00	0x00
SPI [1]	result	3.32322502	0.00000512	0x08	0x00
SPI [1]	result	3.32323030	0.00000512	0x20	0x00
SPI [1]	result	3.32364916	0.00000512	0x08	0x00
SPI [1]	result	3.32365444	0.00000512	0x10	0x00
SPI [1]	result	3.32365972	0.00000512	0x80	0x7F
SPI [1]	result	3.32366500	0.00000512	0x22	0xBF
SPI [1]	result	3.32406775	0.00000512	0x00	0x00
SPI [1]	result	3.32407303	0.00000512	0x00	0x00
SPI [1]	result	3.32407831	0.00000512	0x09	0x00
SPI [1]	result	3.32408359	0.00000512	0xA6	0x7F
SPI [1]	result	3.32448486	0.00000512	0x09	0x00
SPI [1]	result	3.32449014	0.00000512	0x00	0x00
SPI [1]	result	3.32449542	0.00000512	0x88	0x7F
SPI [1]	result	3.32450070	0.00000512	0x3A	0xFF
SPI [1]	result	3.32489805	0.00000512	0x00	0x00
SPI [1]	result	3.32490333	0.00000512	0x00	0x00
SPI [1]	result	3.32490861	0.00000512	0x00	0x00
SPI [1]	result	3.32491389	0.00000512	0x00	0x00
SPI [1]	result	3.32531519	0.00000512	0x08	0x00
SPI [1]	result	3.32532047	0.00000512	0x00	0x00
SPI [1]	result	3.32532575	0.00000512	0x89	0x07
SPI [1]	result	3.32533103	0.00000512	0xB8	0xFF
SPI [1]	result	3.36321018	0.00000512	0x00	0x00
SPI [1]	result	3.36321546	0.00000512	0x00	0x00
SPI [1]	result	3.36322074	0.00000512	0x08	0x00
SPI [1]	result	3.36322602	0.00000512	0x20	0x10
SPI [1]	result	3.36363566	0.00000512	0x0A	0x00
SPI [1]	result	3.36364094	0.00000512	0x10	0x0F
SPI [1]	result	3.36364622	0.00000512	0x80	0xFF
SPI [1]	result	3.36365150	0.00000512	0x32	0xFF
SPI [1]	result	3.36405255	0.00000512	0x00	0x00
SPI [1]	result	3.36405783	0.00000512	0x00	0x00
SPI [1]	result	3.36406311	0.00000512	0x00	0x00
SPI [1]	result	3.36406839	0.00000512	0x00	0x00
SPI [1]	result	3.36446638	0.00000512	0x08	0x00
SPI [1]	result	3.36447166	0.00000512	0x00	0x00
SPI [1]	result	3.36447694	0.00000512	0x88	0x07
SPI [1]	result	3.36448222	0.00000512	0x32	0xFF
SPI [1]	result	3.40321140	0.00000512	0x00	0x00
SPI [1]	result	3.40321668	0.00000512	0x00	0x00
SPI [1]	result	3.40322196	0.00000512	0x08	0x00
SPI [1]	result	3.40322724	0.00000512	0x20	0x10
SPI [1]	result	3.40364708	0.00000512	0x0B	0x00
SPI [1]	result	3.40365236	0.00000512	0x10	0x0F
SPI [1]	result	3.40365764	0.00000512	0x80	0xFF
SPI [1]	result	3.40366292	0.00000512	0x3A	0xFF
SPI [1]	result	3.40406612	0.00000512	0x00	0x00
SPI [1]	result	3.40407140	0.00000512	0x00	0x00
SPI [1]	result	3.40407668	0.00000512	0x00	0x00
SPI [1]	result	3.40408196	0.00000512	0x00	0x00
SPI [1]	result	3.40448369	0.00000512	0x08	0x00
SPI [1]	result	3.40448897	0.00000512	0x00	0x00
SPI [1]	result	3.40449425	0.00000512	0x88	0x07
SPI [1]	result	3.40449953	0.00000512	0x32	0xFF
SPI [1]	result	3.44321202	0.00000512	0x00	0x00
SPI [1]	result	3.44321730	0.00000512	0x00	0x00
SPI [1]	result	3.44322258	0.00000512	0x08	0x00
SPI [1]	result	3.44322786	0.00000512	0x20	0x00
SPI [1]	result	3.44364095	0.00000512	0x0C	0x00
SPI [1]	result	3.44364623	0.00000512	0x10	0x00
SPI [1]	result	3.44365151	0.00000512	0x80	0x7B
SPI [1]	result	3.44365679	0.00000512	0x02	0x83
SPI [1]	result	3.44405883	0.00000512	0x00	0x00
SPI [1]	result	3.44406411	0.00000512	0x00	0x00
SPI [1]	result	3.44406939	0.00000512	0x09	0x00
SPI [1]	result	3.44407467	0.00000512	0xA6	0x7F
SPI [1]	result	3.44447613	0.00000512	0x0D	0x00
SPI [1]	result	3.44448141	0.00000512	0x00	0x00
SPI [1]	result	3.44448669	0.00000512	0x88	0x7F
SPI [1]	result	3.44449197	0.00000512	0x1A	0xFF
SPI [1]	result	3.44489350	0.00000512	0x00	0x00
SPI [1]	result	3.44489878	0.00000512	0x00	0x00
SPI [1]	result	3.44490406	0.00000512	0x00	0x00
SPI [1]	result	3.44490934	0.00000512	0x00	0x00
SPI [1]	result	3.44531094	0.00000512	0x08	0x00
SPI [1]	result	3.44531622	0.00000512	0x00	0x00
SPI [1]	result	3.44532150	0.00000512	0x89	0x07
SPI [1]	result	3.44532678	0.00000512	0xB8	0xFF
SPI [1]	result	3.48320867	0.00000512	0x00	0x00
SPI [1]	result	3.48321395	0.00000512	0x00	0x00
SPI [1]	result	3.48321923	0.00000512	0x08	0x00
SPI [1]	result	3.48322451	0.00000512	0x20	0x18
SPI [1]	result	3.48363181	0.00000512	0x0E	0x00
SPI [1]	result	3.48363709	0.00000512	0x10	0x00
SPI [1]	result	3.48364237	0.00000512	0x80	0x7F
SPI [1]	result	3.48364765	0.00000512	0x12	0xFF
SPI [1]	result	3.48405020	0.00000512	0x00	0x00
SPI [1]	result	3.48405548	0.00000512	0x00	0x00
SPI [1]	result	3.48406076	0.00000512	0x00	0x00
SPI [1]	result	3.48406604	0.00000512	0x00	0x00
SPI [1]	result	3.48447249	0.00000512	0x08	0x00
SPI [1]	result	3.48447777	0.00000512	0x00	0x00
SPI [1]	result	3.48448305	0.00000512	0x88	0x07
SPI [1]	result	3.48448833	0.00000512	0x32	0xFF
SPI [1]	result	3.52322207	0.00000512	0x00	0x00
SPI [1]	result	3.52322735	0.00000512	0x00	0x00
SPI [1]	result	3.52323263	0.00000512	0x08	0x00
SPI [1]	result	3.52323791	0.00000512	0x20	0x10
SPI [1]	result	3.52368099	0.00000512	0x0F	0x00
SPI [1]	result	3.52368627	0.00000512	0x10	0x00
SPI [1]	result	3.52369155	0.00000512	0x80	0x7F
SPI [1]	result	3.52369683	0.00000512	0x1A	0x9F
SPI [1]	result	3.52409916	0.00000512	0x00	0x00
SPI [1]	result	3.52410444	0.00000512	0x00	0x00
SPI [1]	result	3.52410972	0.00000512	0x00	0x00
SPI [1]	result	3.52411500	0.00000512	0x00	0x00
SPI [1]	result	3.52451678	0.00000512	0x08	0x00
SPI [1]	result	3.52452206	0.00000512	0x00	0x00
SPI [1]	result	3.52452734	0.00000512	0x88	0x07
SPI [1]	result	3.52453262	0.00000512	0x32	0xFF
SPI [1]	result	3.56321640	0.00000512	0x00	0x00
SPI [1]	result	3.56322168	0.00000512	0x00	0x00
SPI [1]	result	3.56322696	0.00000512	0x08	0x00
SPI [1]	result	3.56323224	0.00000512	0x20	0x10
SPI [1]	result	3.56365660	0.00000512	0x08	0x00
SPI [1]	result	3.56366188	0.00000512	0x10	0x00
SPI [1]	result	3.56366716	0.00000512	0x80	0x7F
SPI [1]	result	3.56367244	0.00000512	0x22	0xFF
SPI [1]	result	3.56407608	0.00000512	0x00	0x00
SPI [1]	result	3.56408136	0.00000512	0x00	0x00
SPI [1]	result	3.56408664	0.00000512	0x09	0x00
SPI [1]	result	3.56409192	0.00000512	0xA6	0x7F
SPI [1]	result	3.56449098	0.00000512	0x09	0x00
SPI [1]	result	3.56449626	0.00000512	0x00	0x00
SPI [1]	result	3.56450154	0.00000512	0x88	0x7F
SPI [1]	result	3.56450682	0.00000512	0x3A	0xFF
SPI [1]	result	3.56490809	0.00000512	0x00	0x00
SPI [1]	result	3.56491337	0.00000512	0x00	0x00
SPI [1]	result	3.56491865	0.00000512	0x00	0x00
SPI [1]	result	3.56492393	0.00000512	0x00	0x00
SPI [1]	result	3.56532778	0.00000512	0x08	0x00
SPI [1]	result	3.56533306	0.00000512	0x00	0x00
SPI [1]	result	3.56533834	0.00000512	0x89	0x07
SPI [1]	result	3.56534362	0.00000512	0xB8	0xFF
SPI [1]	result	3.60320978	0.00000512	0x00	0x00
SPI [1]	result	3.60321506	0.00000512	0x00	0x00
SPI [1]	result	3.60322034	0.00000512	0x08	0x00
SPI [1]	result	3.60322562	0.00000512	0x20	0x10
SPI [1]	result	3.60363591	0.00000512	0x0A	0x00
SPI [1]	result	3.60364119	0.00000512	0x10	0x0F
SPI [1]	result	3.60364647	0.00000512	0x80	0xFF
SPI [1]	result	3.60365175	0.00000512	0x32	0xFF
SPI [1]	result	3.60405093	0.00000512	0x00	0x00
SPI [1]	result	3.60405621	0.00000512	0x00	0x00
SPI [1]	result	3.60406149	0.00000512	0x00	0x00
SPI [1]	result	3.60406677	0.00000512	0x00	0x00
SPI [1]	result	3.60446848	0.00000512	0x08	0x00
SPI [1]	result	3.60447376	0.00000512	0x00	0x00
SPI [1]	result	3.60447904	0.00000512	0x88	0x07
SPI [1]	result	3.60448432	0.00000512	0x32	0xFF
SPI [1]	result	3.64320834	0.00000512	0x00	0x00
SPI [1]	result	3.64321362	0.00000512	0x00	0x00
SPI [1]	result	3.64321890	0.00000512	0x08	0x00
SPI [1]	result	3.64322418	0.00000512	0x20	0x14
SPI [1]	result	3.64363133	0.00000512	0x0B	0x00
SPI [1]	result	3.64363661	0.00000512	0x10	0x0F
SPI [1]	result	3.64364189	0.00000512	0x80	0xFF
SPI [1]	result	3.64364717	0.00000512	0x3A	0xFF
SPI [1]	result	3.64404814	0.00000512	0x00	0x00
SPI [1]	result	3.64405342	0.00000512	0x00	0x00
SPI [1]	result	3.64405870	0.00000512	0x00	0x00
SPI [1]	result	3.64406398	0.00000512	0x00	0x00
SPI [1]	result	3.64446294	0.00000512	0x08	0x00
SPI [1]	result	3.64446822	0.00000512	0x00	0x00
SPI [1]	result	3.64447350	0.00000512	0x88	0x07
SPI [1]	result	3.64447878	0.00000512	0x32	0xFF
SPI [1]	result	3.68321159	0.00000512	0x00	0x00
SPI [1]	result	3.68321687	0.00000512	0x00	0x00
SPI [1]	result	3.68322215	0.00000512	0x08	0x00
SPI [1]	result	3.68322743	0.00000512	0x20	0x10
SPI [1]	result	3.68363862	0.00000512	0x0C	0x00
SPI [1]	result	3.68364390	0.00000512	0x10	0x00
SPI [1]	result	3.68364918	0.00000512	0x80	0x7F
SPI [1]	result	3.68365446	0.00000512	0x02	0xE3
SPI [1]	result	3.68405557	0.00000512	0x00	0x00
SPI [1]	result	3.68406085	0.00000512	0x00	0x00
SPI [1]	result	3.68406613	0.00000512	0x09	0x00
SPI [1]	result	3.68407141	0.00000512	0xA6	0x7F
SPI [1]	result	3.68447268	0.00000512	0x0D	0x00
SPI [1]	result	3.68447796	0.00000512	0x00	0x00
SPI [1]	result	3.68448324	0.00000512	0x88	0x7F
SPI [1]	result	3.68448852	0.00000512	0x1A	0xFF
SPI [1]	result	3.68488741	0.00000512	0x00	0x00
SPI [1]	result	3.68489269	0.00000512	0x00	0x00
SPI [1]	result	3.68489797	0.00000512	0x00	0x00
SPI [1]	result	3.68490325	0.00000512	0x00	0x00
SPI [1]	result	3.68530443	0.00000512	0x08	0x00
SPI [1]	result	3.68530971	0.00000512	0x00	0x00
SPI [1]	result	3.68531499	0.00000512	0x89	0x07
SPI [1]	result	3.68532027	0.00000512	0xB8	0xFF
SPI [1]	result	3.72320722	0.00000512	0x00	0x00
SPI [1]	result	3.72321250	0.00000512	0x00	0x00
SPI [1]	result	3.72321778	0.00000512	0x08	0x00
SPI [1]	result	3.72322306	0.00000512	0x20	0x10
SPI [1]	result	3.72362938	0.00000512	0x0E	0x00
SPI [1]	result	3.72363466	0.00000512	0x10	0x00
SPI [1]	result	3.72363994	0.00000512	0x80	0x7F
SPI [1]	result	3.72364522	0.00000512	0x12	0xFF
SPI [1]	result	3.72404686	0.00000512	0x00	0x00
SPI [1]	result	3.72405214	0.00000512	0x00	0x00
SPI [1]	result	3.72405742	0.00000512	0x00	0x00
SPI [1]	result	3.72406270	0.00000512	0x00	0x00
SPI [1]	result	3.72446926	0.00000512	0x08	0x00
SPI [1]	result	3.72447454	0.00000512	0x00	0x00
SPI [1]	result	3.72447982	0.00000512	0x88	0x07
SPI [1]	result	3.72448510	0.00000512	0x32	0xFF
SPI [1]	result	3.76320932	0.00000512	0x00	0x00
SPI [1]	result	3.76321460	0.00000512	0x00	0x00
SPI [1]	result	3.76321988	0.00000512	0x08	0x00
SPI [1]	result	3.76322516	0.00000512	0x20	0x10
SPI [1]	result	3.76363115	0.00000512	0x0F	0x00
SPI [1]	result	3.76363643	0.00000512	0x10	0x00
SPI [1]	result	3.76364171	0.00000512	0x80	0x7F
SPI [1]	result	3.76364699	0.00000512	0x1A	0xFF
SPI [1]	result	3.76411771	0.00000512	0x00	0x00
SPI [1]	result	3.76412299	0.00000512	0x00	0x00
SPI [1]	result	3.76412827	0.00000512	0x00	0x00
SPI [1]	result	3.76413355	0.00000512	0x00	0x00
SPI [1]	result	3.76455356	0.00000512	0x08	0x00
SPI [1]	result	3.76455884	0.00000512	0x00	0x00
SPI [1]	result	3.76456412	0.00000512	0x88	0x07
SPI [1]	result	3.76456940	0.00000512	0x32	0xFF
SPI [1]	result	3.80321363	0.00000512	0x00	0x00
SPI [1]	result	3.80321891	0.00000512	0x00	0x00
SPI [1]	result	3.80322419	0.00000512	0x08	0x00
SPI [1]	result	3.80322947	0.00000512	0x20	0x00
SPI [1]	result	3.80363981	0.00000512	0x08	0x00
SPI [1]	result	3.80364509	0.00000512	0x10	0x00
SPI [1]	result	3.80365037	0.00000512	0x80	0x7F
SPI [1]	result	3.80365565	0.00000512	0x22	0xFF
SPI [1]	result	3.80405363	0.00000512	0x00	0x00
SPI [1]	result	3.80405891	0.00000512	0x00	0x00
SPI [1]	result	3.80406419	0.00000512	0x09	0x00
SPI [1]	result	3.80406947	0.00000512	0xA6	0x7F
SPI [1]	result	3.80447596	0.00000512	0x09	0x00
SPI [1]	result	3.80448124	0.00000512	0x00	0x00
SPI [1]	result	3.80448652	0.00000512	0x88	0x7F
SPI [1]	result	3.80449180	0.00000512	0x3A	0xFF
SPI [1]	result	3.80489331	0.00000512	0x00	0x00
SPI [1]	result	3.80489859	0.00000512	0x00	0x00
SPI [1]	result	3.80490387	0.00000512	0x00	0x00
SPI [1]	result	3.80490915	0.00000512	0x00	0x00
SPI [1]	result	3.80531121	0.00000512	0x08	0x00
SPI [1]	result	3.80531649	0.00000512	0x00	0x00
SPI [1]	result	3.80532177	0.00000512	0x89	0x07
SPI [1]	result	3.80532705	0.00000512	0xB8	0xFF
SPI [1]	result	3.84321157	0.00000512	0x00	0x00
SPI [1]	result	3.84321685	0.00000512	0x00	0x00
SPI [1]	result	3.84322213	0.00000512	0x08	0x00
SPI [1]	result	3.84322741	0.00000512	0x20	0x00
SPI [1]	result	3.84364814	0.00000512	0x0A	0x00
SPI [1]	result	3.84365342	0.00000512	0x10	0x0F
SPI [1]	result	3.84365870	0.00000512	0x80	0xFF
SPI [1]	result	3.84366398	0.00000512	0x32	0xFF
SPI [1]	result	3.84406453	0.00000512	0x00	0x00
SPI [1]	result	3.84406981	0.00000512	0x00	0x00
SPI [1]	result	3.84407509	0.00000512	0x00	0x00
SPI [1]	result	3.84408037	0.00000512	0x00	0x00
SPI [1]	result	3.84448114	0.00000512	0x08	0x00
SPI [1]	result	3.84448642	0.00000512	0x00	0x00
SPI [1]	result	3.84449170	0.00000512	0x88	0x07
SPI [1]	result	3.84449698	0.00000512	0x32	0xFF
SPI [1]	result	3.88321062	0.00000512	0x00	0x00
SPI [1]	result	3.88321590	0.00000512	0x00	0x00
SPI [1]	result	3.88322118	0.00000512	0x08	0x00
SPI [1]	result	3.88322646	0.00000512	0x20	0x10
SPI [1]	result	3.88364190	0.00000512	0x0B	0x00
SPI [1]	result	3.88364718	0.00000512	0x10	0x0F
SPI [1]	result	3.88365246	0.00000512	0x80	0xFF
SPI [1]	result	3.88365774	0.00000512	0x3A	0xFF
SPI [1]	result	3.88406047	0.00000512	0x00	0x00
SPI [1]	result	3.88406575	0.00000512	0x00	0x00
SPI [1]	result	3.88407103	0.00000512	0x00	0x00
SPI [1]	result	3.88407631	0.00000512	0x00	0x00
SPI [1]	result	3.88447465	0.00000512	0x08	0x00
SPI [1]	result	3.88447993	0.00000512	0x00	0x00
SPI [1]	result	3.88448521	0.00000512	0x88	0x07
SPI [1]	result	3.88449049	0.00000512	0x32	0xFF
SPI [1]	result	3.92321992	0.00000512	0x00	0x00
SPI [1]	result	3.92322520	0.00000512	0x00	0x00
SPI [1]	result	3.92323048	0.00000512	0x08	0x00
SPI [1]	result	3.92323576	0.00000512	0x20	0x10
SPI [1]	result	3.92367117	0.00000512	0x0C	0x00
SPI [1]	result	3.92367645	0.00000512	0x10	0x00
SPI [1]	result	3.92368173	0.00000512	0x80	0x7F
SPI [1]	result	3.92368701	0.00000512	0x02	0xA3
SPI [1]	result	3.92409015	0.00000512	0x00	0x00
SPI [1]	result	3.92409543	0.00000512	0x00	0x00
SPI [1]	result	3.92410071	0.00000512	0x09	0x00
SPI [1]	result	3.92410599	0.00000512	0xA6	0x3F
SPI [1]	result	3.92450741	0.00000512	0x0D	0x00
SPI [1]	result	3.92451269	0.00000512	0x00	0x00
SPI [1]	result	3.92451797	0.00000512	0x88	0x7F
SPI [1]	result	3.92452325	0.00000512	0x1A	0xFF
SPI [1]	result	3.92492465	0.00000512	0x00	0x00
SPI [1]	result	3.92492993	0.00000512	0x00	0x00
SPI [1]	result	3.92493521	0.00000512	0x00	0x00
SPI [1]	result	3.92494049	0.00000512	0x00	0x00
SPI [1]	result	3.92534155	0.00000512	0x08	0x00
SPI [1]	result	3.92534683	0.00000512	0x00	0x00
SPI [1]	result	3.92535211	0.00000512	0x89	0x07
SPI [1]	result	3.92535739	0.00000512	0xB8	0xFF
SPI [1]	result	3.96320891	0.00000512	0x00	0x00
SPI [1]	result	3.96321419	0.00000512	0x00	0x00
SPI [1]	result	3.96321947	0.00000512	0x08	0x00
SPI [1]	result	3.96322475	0.00000512	0x20	0x10
SPI [1]	result	3.96363096	0.00000512	0x0E	0x00
SPI [1]	result	3.96363624	0.00000512	0x10	0x00
SPI [1]	result	3.96364152	0.00000512	0x80	0x7F
SPI [1]	result	3.96364680	0.00000512	0x12	0xDF
SPI [1]	result	3.96404805	0.00000512	0x00	0x00
SPI [1]	result	3.96405333	0.00000512	0x00	0x00
SPI [1]	result	3.96405861	0.00000512	0x00	0x00
SPI [1]	result	3.96406389	0.00000512	0x00	0x00
SPI [1]	result	3.96446477	0.00000512	0x08	0x00
SPI [1]	result	3.96447005	0.00000512	0x00	0x00
SPI [1]	result	3.96447533	0.00000512	0x88	0x07
SPI [1]	result	3.96448061	0.00000512	0x32	0xFF
SPI [1]	result	4.00320885	0.00000512	0x00	0x00
SPI [1]	result	4.00321413	0.00000512	0x00	0x00
SPI [1]	result	4.00321941	0.00000512	0x08	0x00
SPI [1]	result	4.00322469	0.00000512	0x20	0x10
SPI [1]	result	4.00363178	0.00000512	0x0F	0x00
SPI [1]	result	4.00363706	0.00000512	0x10	0x00
SPI [1]	result	4.00364234	0.00000512	0x80	0x7F
SPI [1]	result	4.00364762	0.00000512	0x1A	0xFF
SPI [1]	result	4.00404868	0.00000512	0x00	0x00
SPI [1]	result	4.00405396	0.00000512	0x00	0x00
SPI [1]	result	4.00405924	0.00000512	0x00	0x00
SPI [1]	result	4.00406452	0.00000512	0x00	0x00
SPI [1]	result	4.00446571	0.00000512	0x08	0x00
SPI [1]	result	4.00447099	0.00000512	0x00	0x00
SPI [1]	result	4.00447627	0.00000512	0x88	0x07
SPI [1]	result	4.00448155	0.00000512	0x32	0xFF
SPI [1]	result	4.04320886	0.00000512	0x00	0x00
SPI [1]	result	4.04321414	0.00000512	0x00	0x00
SPI [1]	result	4.04321942	0.00000512	0x08	0x00
SPI [1]	result	4.04322470	0.00000512	0x20	0x10
SPI [1]	result	4.04363060	0.00000512	0x08	0x00
SPI [1]	result	4.04363588	0.00000512	0x10	0x00
SPI [1]	result	4.04364116	0.00000512	0x80	0x7B
SPI [1]	result	4.04364644	0.00000512	0x22	0xBF
SPI [1]	result	4.04404542	0.00000512	0x00	0x00
SPI [1]	result	4.04405070	0.00000512	0x00	0x00
SPI [1]	result	4.04405598	0.00000512	0x09	0x00
SPI [1]	result	4.04406126	0.00000512	0xA6	0x7F
SPI [1]	result	4.04446277	0.00000512	0x09	0x00
SPI [1]	result	4.04446805	0.00000512	0x00	0x00
SPI [1]	result	4.04447333	0.00000512	0x88	0x7F
SPI [1]	result	4.04447861	0.00000512	0x3A	0xFF
SPI [1]	result	4.04487930	0.00000512	0x00	0x00
SPI [1]	result	4.04488458	0.00000512	0x00	0x00
SPI [1]	result	4.04488986	0.00000512	0x00	0x00
SPI [1]	result	4.04489514	0.00000512	0x00	0x00
SPI [1]	result	4.04529667	0.00000512	0x08	0x00
SPI [1]	result	4.04530195	0.00000512	0x00	0x00
SPI [1]	result	4.04530723	0.00000512	0x89	0x07
SPI [1]	result	4.04531251	0.00000512	0xB8	0xFF
SPI [1]	result	4.08322542	0.00000512	0x00	0x00
SPI [1]	result	4.08323070	0.00000512	0x00	0x00
SPI [1]	result	4.08323598	0.00000512	0x08	0x00
SPI [1]	result	4.08324126	0.00000512	0x20	0x10
SPI [1]	result	4.08370178	0.00000512	0x0A	0x00
SPI [1]	result	4.08370706	0.00000512	0x10	0x0F
SPI [1]	result	4.08371234	0.00000512	0x80	0xFF
SPI [1]	result	4.08371762	0.00000512	0x32	0xFF
SPI [1]	result	4.08411958	0.00000512	0x00	0x00
SPI [1]	result	4.08412486	0.00000512	0x00	0x00
SPI [1]	result	4.08413014	0.00000512	0x00	0x00
SPI [1]	result	4.08413542	0.00000512	0x00	0x00
SPI [1]	result	4.08453745	0.00000512	0x08	0x00
SPI [1]	result	4.08454273	0.00000512	0x00	0x00
SPI [1]	result	4.08454801	0.00000512	0x88	0x07
SPI [1]	result	4.08455329	0.00000512	0x32	0xFF
SPI [1]	result	4.12321517	0.00000512	0x00	0x00
SPI [1]	result	4.12322045	0.00000512	0x00	0x00
SPI [1]	result	4.12322573	0.00000512	0x08	0x00
SPI [1]	result	4.12323101	0.00000512	0x20	0x00
SPI [1]	result	4.12365504	0.00000512	0x0B	0x00
SPI [1]	result	4.12366032	0.00000512	0x10	0x0F
SPI [1]	result	4.12366560	0.00000512	0x80	0xFF
SPI [1]	result	4.12367088	0.00000512	0x3A	0xFF
SPI [1]	result	4.12407365	0.00000512	0x00	0x00
SPI [1]	result	4.12407893	0.00000512	0x00	0x00
SPI [1]	result	4.12408421	0.00000512	0x00	0x00
SPI [1]	result	4.12408949	0.00000512	0x00	0x00
SPI [1]	result	4.12455203	0.00000512	0x08	0x00
SPI [1]	result	4.12455731	0.00000512	0x00	0x00
SPI [1]	result	4.12456259	0.00000512	0x88	0x07
SPI [1]	result	4.12456787	0.00000512	0x32	0xFF
SPI [1]	result	4.16322209	0.00000512	0x00	0x00
SPI [1]	result	4.16322737	0.00000512	0x00	0x00
SPI [1]	result	4.16323265	0.00000512	0x08	0x00
SPI [1]	result	4.16323793	0.00000512	0x20	0x00
SPI [1]	result	4.16366270	0.00000512	0x0C	0x00
SPI [1]	result	4.16366798	0.00000512	0x10	0x00
SPI [1]	result	4.16367326	0.00000512	0x80	0x7F
SPI [1]	result	4.16367854	0.00000512	0x02	0xEB
SPI [1]	result	4.16408090	0.00000512	0x00	0x00
SPI [1]	result	4.16408618	0.00000512	0x00	0x00
SPI [1]	result	4.16409146	0.00000512	0x09	0x00
SPI [1]	result	4.16409674	0.00000512	0xA6	0x7F
SPI [1]	result	4.16449879	0.00000512	0x0D	0x00
SPI [1]	result	4.16450407	0.00000512	0x00	0x00
SPI [1]	result	4.16450935	0.00000512	0x88	0x7F
SPI [1]	result	4.16451463	0.00000512	0x1A	0xFF
SPI [1]	result	4.16491701	0.00000512	0x00	0x00
SPI [1]	result	4.16492229	0.00000512	0x00	0x00
SPI [1]	result	4.16492757	0.00000512	0x00	0x00
SPI [1]	result	4.16493285	0.00000512	0x00	0x00
SPI [1]	result	4.16533595	0.00000512	0x08	0x00
SPI [1]	result	4.16534123	0.00000512	0x00	0x00
SPI [1]	result	4.16534651	0.00000512	0x89	0x07
SPI [1]	result	4.16535179	0.00000512	0xB8	0xFF
SPI [1]	result	4.20320900	0.00000512	0x00	0x00
SPI [1]	result	4.20321428	0.00000512	0x00	0x00
SPI [1]	result	4.20321956	0.00000512	0x08	0x00
SPI [1]	result	4.20322484	0.00000512	0x20	0x00
SPI [1]	result	4.20362942	0.00000512	0x0E	0x00
SPI [1]	result	4.20363470	0.00000512	0x10	0x00
SPI [1]	result	4.20363998	0.00000512	0x80	0x7F
SPI [1]	result	4.20364526	0.00000512	0x12	0xFF
SPI [1]	result	4.20404469	0.00000512	0x00	0x00
SPI [1]	result	4.20404997	0.00000512	0x00	0x00
SPI [1]	result	4.20405525	0.00000512	0x00	0x00
SPI [1]	result	4.20406053	0.00000512	0x00	0x00
SPI [1]	result	4.20446030	0.00000512	0x08	0x00
SPI [1]	result	4.20446558	0.00000512	0x00	0x00
SPI [1]	result	4.20447086	0.00000512	0x88	0x07
SPI [1]	result	4.20447614	0.00000512	0x32	0xFF
SPI [1]	result	4.24321310	0.00000512	0x00	0x00
SPI [1]	result	4.24321838	0.00000512	0x00	0x00
SPI [1]	result	4.24322366	0.00000512	0x08	0x00
SPI [1]	result	4.24322894	0.00000512	0x20	0x10
SPI [1]	result	4.24364403	0.00000512	0x0F	0x00
SPI [1]	result	4.24364931	0.00000512	0x10	0x00
SPI [1]	result	4.24365459	0.00000512	0x80	0x7F
SPI [1]	result	4.24365987	0.00000512	0x1A	0xDF
SPI [1]	result	4.24406073	0.00000512	0x00	0x00
SPI [1]	result	4.24406601	0.00000512	0x00	0x00
SPI [1]	result	4.24407129	0.00000512	0x00	0x00
SPI [1]	result	4.24407657	0.00000512	0x00	0x00
SPI [1]	result	4.24447647	0.00000512	0x08	0x00
SPI [1]	result	4.24448175	0.00000512	0x00	0x00
SPI [1]	result	4.24448703	0.00000512	0x88	0x07
SPI [1]	result	4.24449231	0.00000512	0x32	0xFF
SPI [1]	result	4.28321215	0.00000512	0x00	0x00
SPI [1]	result	4.28321743	0.00000512	0x00	0x00
SPI [1]	result	4.28322271	0.00000512	0x08	0x00
SPI [1]	result	4.28322799	0.00000512	0x20	0x00
SPI [1]	result	4.28364421	0.00000512	0x08	0x00
SPI [1]	result	4.28364949	0.00000512	0x10	0x00
SPI [1]	result	4.28365477	0.00000512	0x80	0x7E
SPI [1]	result	4.28366005	0.00000512	0x22	0xFF
SPI [1]	result	4.28405965	0.00000512	0x00	0x00
SPI [1]	result	4.28406493	0.00000512	0x00	0x00
SPI [1]	result	4.28407021	0.00000512	0x09	0x00
SPI [1]	result	4.28407549	0.00000512	0xA6	0x7F
SPI [1]	result	4.28447511	0.00000512	0x09	0x00
SPI [1]	result	4.28448039	0.00000512	0x00	0x00
SPI [1]	result	4.28448567	0.00000512	0x88	0x7F
SPI [1]	result	4.28449095	0.00000512	0x3A	0xFF
SPI [1]	result	4.28489190	0.00000512	0x00	0x00
SPI [1]	result	4.28489718	0.00000512	0x00	0x00
SPI [1]	result	4.28490246	0.00000512	0x00	0x00
SPI [1]	result	4.28490774	0.00000512	0x00	0x00
SPI [1]	result	4.28530746	0.00000512	0x08	0x00
SPI [1]	result	4.28531274	0.00000512	0x00	0x00
SPI [1]	result	4.28531802	0.00000512	0x89	0x07
SPI [1]	result	4.28532330	0.00000512	0xB8	0xFF
SPI [1]	result	4.32323043	0.00000512	0x00	0x00
SPI [1]	result	4.32323571	0.00000512	0x00	0x00
SPI [1]	result	4.32324099	0.00000512	0x08	0x00
SPI [1]	result	4.32324627	0.00000512	0x20	0x10
SPI [1]	result	4.32369809	0.00000512	0x0A	0x00
SPI [1]	result	4.32370337	0.00000512	0x10	0x07
SPI [1]	result	4.32370865	0.00000512	0x80	0xFF
SPI [1]	result	4.32371393	0.00000512	0x32	0xFF
SPI [1]	result	4.32411844	0.00000512	0x00	0x00
SPI [1]	result	4.32412372	0.00000512	0x00	0x00
SPI [1]	result	4.32412900	0.00000512	0x00	0x00
SPI [1]	result	4.32413428	0.00000512	0x00	0x00
SPI [1]	result	4.32453592	0.00000512	0x08	0x00
SPI [1]	result	4.32454120	0.00000512	0x00	0x00
SPI [1]	result	4.32454648	0.00000512	0x88	0x07
SPI [1]	result	4.32455176	0.00000512	0x32	0xFF
SPI [1]	result	4.36320961	0.00000512	0x00	0x00
SPI [1]	result	4.36321489	0.00000512	0x00	0x00
SPI [1]	result	4.36322017	0.00000512	0x08	0x00
SPI [1]	result	4.36322545	0.00000512	0x20	0x00
SPI [1]	result	4.36363107	0.00000512	0x0B	0x00
SPI [1]	result	4.36363635	0.00000512	0x10	0x0F
SPI [1]	result	4.36364163	0.00000512	0x80	0xFF
SPI [1]	result	4.36364691	0.00000512	0x3A	0xFF
SPI [1]	result	4.36404598	0.00000512	0x00	0x00
SPI [1]	result	4.36405126	0.00000512	0x00	0x00
SPI [1]	result	4.36405654	0.00000512	0x00	0x00
SPI [1]	result	4.36406182	0.00000512	0x00	0x00
SPI [1]	result	4.36446258	0.00000512	0x08	0x00
SPI [1]	result	4.36446786	0.00000512	0x00	0x00
SPI [1]	result	4.36447314	0.00000512	0x88	0x07
SPI [1]	result	4.36447842	0.00000512	0x32	0xFF
SPI [1]	result	4.40320988	0.00000512	0x00	0x00
SPI [1]	result	4.40321516	0.00000512	0x00	0x00
SPI [1]	result	4.40322044	0.00000512	0x08	0x00
SPI [1]	result	4.40322572	0.00000512	0x20	0x00
SPI [1]	result	4.40362848	0.00000512	0x0C	0x00
SPI [1]	result	4.40363376	0.00000512	0x10	0x00
SPI [1]	result	4.40363904	0.00000512	0x80	0x7F
SPI [1]	result	4.40364432	0.00000512	0x02	0xC3
SPI [1]	result	4.40404606	0.00000512	0x00	0x00
SPI [1]	result	4.40405134	0.00000512	0x00	0x00
SPI [1]	result	4.40405662	0.00000512	0x09	0x00
SPI [1]	result	4.40406190	0.00000512	0xA6	0x3F
SPI [1]	result	4.40446343	0.00000512	0x0D	0x00
SPI [1]	result	4.40446871	0.00000512	0x00	0x00
SPI [1]	result	4.40447399	0.00000512	0x88	0x7F
SPI [1]	result	4.40447927	0.00000512	0x1A	0xFF
SPI [1]	result	4.40488063	0.00000512	0x00	0x00
SPI [1]	result	4.40488591	0.00000512	0x00	0x00
SPI [1]	result	4.40489119	0.00000512	0x00	0x00
SPI [1]	result	4.40489647	0.00000512	0x00	0x00
SPI [1]	result	4.40529789	0.00000512	0x08	0x00
SPI [1]	result	4.40530317	0.00000512	0x00	0x00
SPI [1]	result	4.40530845	0.00000512	0x89	0x07
SPI [1]	result	4.40531373	0.00000512	0xB8	0xFF
SPI [1]	result	4.44321003	0.00000512	0x00	0x00
SPI [1]	result	4.44321531	0.00000512	0x00	0x00
SPI [1]	result	4.44322059	0.00000512	0x08	0x00
SPI [1]	result	4.44322587	0.00000512	0x20	0x00
SPI [1]	result	4.44363247	0.00000512	0x0E	0x00
SPI [1]	result	4.44363775	0.00000512	0x10	0x00
SPI [1]	result	4.44364303	0.00000512	0x80	0x7F
SPI [1]	result	4.44364831	0.00000512	0x12	0xFF
SPI [1]	result	4.44405097	0.00000512	0x00	0x00
SPI [1]	result	4.44405625	0.00000512	0x00	0x00
SPI [1]	result	4.44406153	0.00000512	0x00	0x00
SPI [1]	result	4.44406681	0.00000512	0x00	0x00
SPI [1]	result	4.44446782	0.00000512	0x08	0x00
SPI [1]	result	4.44447310	0.00000512	0x00	0x00
SPI [1]	result	4.44447838	0.00000512	0x88	0x07
SPI [1]	result	4.44448366	0.00000512	0x32	0xFF
SPI [1]	result	4.48321053	0.00000512	0x00	0x00
SPI [1]	result	4.48321581	0.00000512	0x00	0x00
SPI [1]	result	4.48322109	0.00000512	0x08	0x00
SPI [1]	result	4.48322637	0.00000512	0x20	0x00
SPI [1]	result	4.48364097	0.00000512	0x0F	0x00
SPI [1]	result	4.48364625	0.00000512	0x10	0x00
SPI [1]	result	4.48365153	0.00000512	0x80	0x7F
SPI [1]	result	4.48365681	0.00000512	0x1A	0x9F
SPI [1]	result	4.48405774	0.00000512	0x00	0x00
SPI [1]	result	4.48406302	0.00000512	0x00	0x00
SPI [1]	result	4.48406830	0.00000512	0x00	0x00
SPI [1]	result	4.48407358	0.00000512	0x00	0x00
SPI [1]	result	4.48447454	0.00000512	0x08	0x00
SPI [1]	result	4.48447982	0.00000512	0x00	0x00
SPI [1]	result	4.48448510	0.00000512	0x88	0x07
SPI [1]	result	4.48449038	0.00000512	0x32	0xFF
SPI [1]	result	4.52321519	0.00000512	0x00	0x00
SPI [1]	result	4.52322047	0.00000512	0x00	0x00
SPI [1]	result	4.52322575	0.00000512	0x08	0x00
SPI [1]	result	4.52323103	0.00000512	0x20	0x00
SPI [1]	result	4.52372404	0.00000512	0x08	0x00
SPI [1]	result	4.52372932	0.00000512	0x10	0x00
SPI [1]	result	4.52373460	0.00000512	0x80	0x7C
SPI [1]	result	4.52373988	0.00000512	0x22	0xBF
SPI [1]	result	4.52416235	0.00000512	0x00	0x00
SPI [1]	result	4.52416763	0.00000512	0x00	0x00
SPI [1]	result	4.52417291	0.00000512	0x09	0x00
SPI [1]	result	4.52417819	0.00000512	0xA6	0x7F
SPI [1]	result	4.52458109	0.00000512	0x09	0x00
SPI [1]	result	4.52458637	0.00000512	0x00	0x00
SPI [1]	result	4.52459165	0.00000512	0x88	0x7F
SPI [1]	result	4.52459693	0.00000512	0x3A	0xFF
SPI [1]	result	4.52500038	0.00000512	0x00	0x00
SPI [1]	result	4.52500566	0.00000512	0x00	0x00
SPI [1]	result	4.52501094	0.00000512	0x00	0x00
SPI [1]	result	4.52501622	0.00000512	0x00	0x00
SPI [1]	result	4.52541481	0.00000512	0x08	0x00
SPI [1]	result	4.52542009	0.00000512	0x00	0x00
SPI [1]	result	4.52542537	0.00000512	0x89	0x07
SPI [1]	result	4.52543065	0.00000512	0xB8	0xFF
SPI [1]	result	4.56321333	0.00000512	0x00	0x00
SPI [1]	result	4.56321861	0.00000512	0x00	0x00
SPI [1]	result	4.56322389	0.00000512	0x08	0x00
SPI [1]	result	4.56322917	0.00000512	0x20	0x00
SPI [1]	result	4.56363915	0.00000512	0x0A	0x00
SPI [1]	result	4.56364443	0.00000512	0x10	0x0F
SPI [1]	result	4.56364971	0.00000512	0x80	0xFF
SPI [1]	result	4.56365499	0.00000512	0x32	0xFF
SPI [1]	result	4.56405596	0.00000512	0x00	0x00
SPI [1]	result	4.56406124	0.00000512	0x00	0x00
SPI [1]	result	4.56406652	0.00000512	0x00	0x00
SPI [1]	result	4.56407180	0.00000512	0x00	0x00
SPI [1]	result	4.56447411	0.00000512	0x08	0x00
SPI [1]	result	4.56447939	0.00000512	0x00	0x00
SPI [1]	result	4.56448467	0.00000512	0x88	0x07
SPI [1]	result	4.56448995	0.00000512	0x32	0xFF
SPI [1]	result	4.60320913	0.00000512	0x00	0x00
SPI [1]	result	4.60321441	0.00000512	0x00	0x00
SPI [1]	result	4.60321969	0.00000512	0x08	0x00
SPI [1]	result	4.60322497	0.00000512	0x20	0x10
SPI [1]	result	4.60363577	0.00000512	0x0B	0x00
SPI [1]	result	4.60364105	0.00000512	0x10	0x0F
SPI [1]	result	4.60364633	0.00000512	0x80	0xFF
SPI [1]	result	4.60365161	0.00000512	0x3A	0xFF
SPI [1]	result	4.60405849	0.00000512	0x00	0x00
SPI [1]	result	4.60406377	0.00000512	0x00	0x00
SPI [1]	result	4.60406905	0.00000512	0x00	0x00
SPI [1]	result	4.60407433	0.00000512	0x00	0x00
SPI [1]	result	4.60447973	0.00000512	0x08	0x00
SPI [1]	result	4.60448501	0.00000512	0x00	0x00
SPI [1]	result	4.60449029	0.00000512	0x88	0x07
SPI [1]	result	4.60449557	0.00000512	0x32	0xFF
SPI [1]	result	4.64322514	0.00000512	0x00	0x00
SPI [1]	result	4.64323042	0.00000512	0x00	0x00
SPI [1]	result	4.64323570	0.00000512	0x08	0x00
SPI [1]	result	4.64324098	0.00000512	0x20	0x10
SPI [1]	result	4.64367849	0.00000512	0x0C	0x00
SPI [1]	result	4.64368377	0.00000512	0x10	0x00
SPI [1]	result	4.64368905	0.00000512	0x80	0x7F
SPI [1]	result	4.64369433	0.00000512	0x02	0x83
SPI [1]	result	4.64409701	0.00000512	0x00	0x00
SPI [1]	result	4.64410229	0.00000512	0x00	0x00
SPI [1]	result	4.64410757	0.00000512	0x09	0x00
SPI [1]	result	4.64411285	0.00000512	0xA6	0x7F
SPI [1]	result	4.64451582	0.00000512	0x0D	0x00
SPI [1]	result	4.64452110	0.00000512	0x00	0x00
SPI [1]	result	4.64452638	0.00000512	0x88	0x7F
SPI [1]	result	4.64453166	0.00000512	0x1A	0xFF
SPI [1]	result	4.64493241	0.00000512	0x00	0x00
SPI [1]	result	4.64493769	0.00000512	0x00	0x00
SPI [1]	result	4.64494297	0.00000512	0x00	0x00
SPI [1]	result	4.64494825	0.00000512	0x00	0x00
SPI [1]	result	4.64534996	0.00000512	0x08	0x00
SPI [1]	result	4.64535524	0.00000512	0x00	0x00
SPI [1]	result	4.64536052	0.00000512	0x89	0x07
SPI [1]	result	4.64536580	0.00000512	0xB8	0xFF
SPI [1]	result	4.68321542	0.00000512	0x00	0x00
SPI [1]	result	4.68322070	0.00000512	0x00	0x00
SPI [1]	result	4.68322598	0.00000512	0x08	0x00
SPI [1]	result	4.68323126	0.00000512	0x20	0x04
SPI [1]	result	4.68366151	0.00000512	0x0E	0x00
SPI [1]	result	4.68366679	0.00000512	0x10	0x00
SPI [1]	result	4.68367207	0.00000512	0x80	0x7F
SPI [1]	result	4.68367735	0.00000512	0x12	0xDF
SPI [1]	result	4.68407849	0.00000512	0x00	0x00
SPI [1]	result	4.68408377	0.00000512	0x00	0x00
SPI [1]	result	4.68408905	0.00000512	0x00	0x00
SPI [1]	result	4.68409433	0.00000512	0x00	0x00
SPI [1]	result	4.68449508	0.00000512	0x08	0x00
SPI [1]	result	4.68450036	0.00000512	0x00	0x00
SPI [1]	result	4.68450564	0.00000512	0x88	0x07
SPI [1]	result	4.68451092	0.00000512	0x32	0xFF
SPI [1]	result	4.72321288	0.00000512	0x00	0x00
SPI [1]	result	4.72321816	0.00000512	0x00	0x00
SPI [1]	result	4.72322344	0.00000512	0x08	0x00
SPI [1]	result	4.72322872	0.00000512	0x20	0x00
SPI [1]	result	4.72364530	0.00000512	0x0F	0x00
SPI [1]	result	4.72365058	0.00000512	0x10	0x00
SPI [1]	result	4.72365586	0.00000512	0x80	0x7F
SPI [1]	result	4.72366114	0.00000512	0x1A	0xFF
SPI [1]	result	4.72405987	0.00000512	0x00	0x00
SPI [1]	result	4.72406515	0.00000512	0x00	0x00
SPI [1]	result	4.72407043	0.00000512	0x00	0x00
SPI [1]	result	4.72407571	0.00000512	0x00	0x00
SPI [1]	result	4.72447379	0.00000512	0x08	0x00
SPI [1]	result	4.72447907	0.00000512	0x00	0x00
SPI [1]	result	4.72448435	0.00000512	0x88	0x07
SPI [1]	result	4.72448963	0.00000512	0x32	0xFF
SPI [1]	result	4.76320985	0.00000512	0x00	0x00
SPI [1]	result	4.76321513	0.00000512	0x00	0x00
SPI [1]	result	4.76322041	0.00000512	0x08	0x00
SPI [1]	result	4.76322569	0.00000512	0x20	0x10
SPI [1]	result	4.76362481	0.00000512	0x08	0x00
SPI [1]	result	4.76363009	0.00000512	0x10	0x00
SPI [1]	result	4.76363537	0.00000512	0x80	0x7F
SPI [1]	result	4.76364065	0.00000512	0x22	0x3F
SPI [1]	result	4.76403911	0.00000512	0x00	0x00
SPI [1]	result	4.76404439	0.00000512	0x00	0x00
SPI [1]	result	4.76404967	0.00000512	0x09	0x00
SPI [1]	result	4.76405495	0.00000512	0xA6	0x3F
SPI [1]	result	4.76445305	0.00000512	0x09	0x00
SPI [1]	result	4.76445833	0.00000512	0x00	0x00
SPI [1]	result	4.76446361	0.00000512	0x88	0x7F
SPI [1]	result	4.76446889	0.00000512	0x3A	0xFF
SPI [1]	result	4.76486764	0.00000512	0x00	0x00
SPI [1]	result	4.76487292	0.00000512	0x00	0x00
SPI [1]	result	4.76487820	0.00000512	0x00	0x00
SPI [1]	result	4.76488348	0.00000512	0x00	0x00
SPI [1]	result	4.76528207	0.00000512	0x08	0x00
SPI [1]	result	4.76528735	0.00000512	0x00	0x00
SPI [1]	result	4.76529263	0.00000512	0x89	0x07
SPI [1]	result	4.76529791	0.00000512	0xB8	0xFF
SPI [1]	result	4.80320669	0.00000512	0x00	0x00
SPI [1]	result	4.80321197	0.00000512	0x00	0x00
SPI [1]	result	4.80321725	0.00000512	0x08	0x00
SPI [1]	result	4.80322253	0.00000512	0x20	0x10
SPI [1]	result	4.80362005	0.00000512	0x0A	0x00
SPI [1]	result	4.80362533	0.00000512	0x10	0x0D
SPI [1]	result	4.80363061	0.00000512	0x80	0xFF
SPI [1]	result	4.80363589	0.00000512	0x32	0xFF
SPI [1]	result	4.80403422	0.00000512	0x00	0x00
SPI [1]	result	4.80403950	0.00000512	0x00	0x00
SPI [1]	result	4.80404478	0.00000512	0x00	0x00
SPI [1]	result	4.80405006	0.00000512	0x00	0x00
SPI [1]	result	4.80444818	0.00000512	0x08	0x00
SPI [1]	result	4.80445346	0.00000512	0x00	0x00
SPI [1]	result	4.80445874	0.00000512	0x88	0x07
SPI [1]	result	4.80446402	0.00000512	0x32	0xFF
SPI [1]	result	4.84321181	0.00000512	0x00	0x00
SPI [1]	result	4.84321709	0.00000512	0x00	0x00
SPI [1]	result	4.84322237	0.00000512	0x08	0x00
SPI [1]	result	4.84322765	0.00000512	0x20	0x10
SPI [1]	result	4.84364975	0.00000512	0x0B	0x00
SPI [1]	result	4.84365503	0.00000512	0x10	0x0F
SPI [1]	result	4.84366031	0.00000512	0x80	0xFF
SPI [1]	result	4.84366559	0.00000512	0x3A	0xFF
SPI [1]	result	4.84406506	0.00000512	0x00	0x00
SPI [1]	result	4.84407034	0.00000512	0x00	0x00
SPI [1]	result	4.84407562	0.00000512	0x00	0x00
SPI [1]	result	4.84408090	0.00000512	0x00	0x00
SPI [1]	result	4.84448227	0.00000512	0x08	0x00
SPI [1]	result	4.84448755	0.00000512	0x00	0x00
SPI [1]	result	4.84449283	0.00000512	0x88	0x07
SPI [1]	result	4.84449811	0.00000512	0x32	0xFF
SPI [1]	result	4.88320988	0.00000512	0x00	0x00
SPI [1]	result	4.88321516	0.00000512	0x00	0x00
SPI [1]	result	4.88322044	0.00000512	0x08	0x00
SPI [1]	result	4.88322572	0.00000512	0x20	0x10
SPI [1]	result	4.88362968	0.00000512	0x0C	0x00
SPI [1]	result	4.88363496	0.00000512	0x10	0x00
SPI [1]	result	4.88364024	0.00000512	0x80	0x7F
SPI [1]	result	4.88364552	0.00000512	0x02	0xE3
SPI [1]	result	4.88411038	0.00000512	0x00	0x00
SPI [1]	result	4.88411566	0.00000512	0x00	0x00
SPI [1]	result	4.88412094	0.00000512	0x09	0x00
SPI [1]	result	4.88412622	0.00000512	0xA6	0x7F
SPI [1]	result	4.88454173	0.00000512	0x0D	0x00
SPI [1]	result	4.88454701	0.00000512	0x00	0x00
SPI [1]	result	4.88455229	0.00000512	0x88	0x7F
SPI [1]	result	4.88455757	0.00000512	0x1A	0xFF
SPI [1]	result	4.88496269	0.00000512	0x00	0x00
SPI [1]	result	4.88496797	0.00000512	0x00	0x00
SPI [1]	result	4.88497325	0.00000512	0x00	0x00
SPI [1]	result	4.88497853	0.00000512	0x00	0x00
SPI [1]	result	4.88538065	0.00000512	0x08	0x00
SPI [1]	result	4.88538593	0.00000512	0x00	0x00
SPI [1]	result	4.88539121	0.00000512	0x89	0x07
SPI [1]	result	4.88539649	0.00000512	0xB8	0xFF
SPI [1]	result	4.92321366	0.00000512	0x00	0x00
SPI [1]	result	4.92321894	0.00000512	0x00	0x00
SPI [1]	result	4.92322422	0.00000512	0x08	0x00
SPI [1]	result	4.92322950	0.00000512	0x20	0x10
SPI [1]	result	4.92364889	0.00000512	0x0E	0x00
SPI [1]	result	4.92365417	0.00000512	0x10	0x00
SPI [1]	result	4.92365945	0.00000512	0x80	0x7F
SPI [1]	result	4.92366473	0.00000512	0x12	0x5F
SPI [1]	result	4.92406822	0.00000512	0x00	0x00
SPI [1]	result	4.92407350	0.00000512	0x00	0x00
SPI [1]	result	4.92407878	0.00000512	0x00	0x00
SPI [1]	result	4.92408406	0.00000512	0x00	0x00
SPI [1]	result	4.92448517	0.00000512	0x08	0x00
SPI [1]	result	4.92449045	0.00000512	0x00	0x00
SPI [1]	result	4.92449573	0.00000512	0x88	0x07
SPI [1]	result	4.92450101	0.00000512	0x32	0xFF
SPI [1]	result	4.96321112	0.00000512	0x00	0x00
SPI [1]	result	4.96321640	0.00000512	0x00	0x00
SPI [1]	result	4.96322168	0.00000512	0x08	0x00
SPI [1]	result	4.96322696	0.00000512	0x20	0x10
SPI [1]	result	4.96363854	0.00000512	0x0F	0x00
SPI [1]	result	4.96364382	0.00000512	0x10	0x00
SPI [1]	result	4.96364910	0.00000512	0x80	0x7F
SPI [1]	result	4.96365438	0.00000512	0x1A	0xFF
SPI [1]	result	4.96405750	0.00000512	0x00	0x00
SPI [1]	result	4.96406278	0.00000512	0x00	0x00
SPI [1]	result	4.96406806	0.00000512	0x00	0x00
SPI [1]	result	4.96407334	0.00000512	0x00	0x00
SPI [1]	result	4.96447431	0.00000512	0x08	0x00
SPI [1]	result	4.96447959	0.00000512	0x00	0x00
SPI [1]	result	4.96448487	0.00000512	0x88	0x07
SPI [1]	result	4.96449015	0.00000512	0x32	0xFF
SPI [1]	result	5.00321932	0.00000512	0x00	0x00
SPI [1]	result	5.00322460	0.00000512	0x00	0x00
SPI [1]	result	5.00322988	0.00000512	0x08	0x00
SPI [1]	result	5.00323516	0.00000512	0x20	0x10
SPI [1]	result	5.00366683	0.00000512	0x08	0x00
SPI [1]	result	5.00367211	0.00000512	0x10	0x00
SPI [1]	result	5.00367739	0.00000512	0x80	0x7B
SPI [1]	result	5.00368267	0.00000512	0x22	0x3F
SPI [1]	result	5.00408681	0.00000512	0x00	0x00
SPI [1]	result	5.00409209	0.00000512	0x00	0x00
SPI [1]	result	5.00409737	0.00000512	0x09	0x00
SPI [1]	result	5.00410265	0.00000512	0xA6	0x7F
SPI [1]	result	5.00451220	0.00000512	0x09	0x00
SPI [1]	result	5.00451748	0.00000512	0x00	0x00
SPI [1]	result	5.00452276	0.00000512	0x88	0x6F
SPI [1]	result	5.00452804	0.00000512	0x3A	0xFF
SPI [1]	result	5.00492934	0.00000512	0x00	0x00
SPI [1]	result	5.00493462	0.00000512	0x00	0x00
SPI [1]	result	5.00493990	0.00000512	0x00	0x00
SPI [1]	result	5.00494518	0.00000512	0x00	0x00
SPI [1]	result	5.00534642	0.00000512	0x08	0x00
SPI [1]	result	5.00535170	0.00000512	0x00	0x00
SPI [1]	result	5.00535698	0.00000512	0x89	0x07
SPI [1]	result	5.00536226	0.00000512	0xB8	0xFF
SPI [1]	result	5.04321622	0.00000512	0x00	0x00
SPI [1]	result	5.04322150	0.00000512	0x00	0x00
SPI [1]	result	5.04322678	0.00000512	0x08	0x00
SPI [1]	result	5.04323206	0.00000512	0x20	0x00
SPI [1]	result	5.04366533	0.00000512	0x0A	0x00
SPI [1]	result	5.04367061	0.00000512	0x10	0x0F
SPI [1]	result	5.04367589	0.00000512	0x80	0xFF
SPI [1]	result	5.04368117	0.00000512	0x32	0xFF
SPI [1]	result	5.04408160	0.00000512	0x00	0x00
SPI [1]	result	5.04408688	0.00000512	0x00	0x00
SPI [1]	result	5.04409216	0.00000512	0x00	0x00
SPI [1]	result	5.04409744	0.00000512	0x00	0x00
SPI [1]	result	5.04449699	0.00000512	0x08	0x00
SPI [1]	result	5.04450227	0.00000512	0x00	0x00
SPI [1]	result	5.04450755	0.00000512	0x88	0x07
SPI [1]	result	5.04451283	0.00000512	0x32	0xFF
SPI [1]	result	5.08322466	0.00000512	0x00	0x00
SPI [1]	result	5.08322994	0.00000512	0x00	0x00
SPI [1]	result	5.08323522	0.00000512	0x08	0x00
SPI [1]	result	5.08324050	0.00000512	0x20	0x00
SPI [1]	result	5.08371368	0.00000512	0x0B	0x00
SPI [1]	result	5.08371896	0.00000512	0x10	0x0F
SPI [1]	result	5.08372424	0.00000512	0x80	0xFF
SPI [1]	result	5.08372952	0.00000512	0x3A	0xFF
SPI [1]	result	5.08415762	0.00000512	0x00	0x00
SPI [1]	result	5.08416290	0.00000512	0x00	0x00
SPI [1]	result	5.08416818	0.00000512	0x00	0x00
SPI [1]	result	5.08417346	0.00000512	0x00	0x00
SPI [1]	result	5.08458245	0.00000512	0x08	0x00
SPI [1]	result	5.08458773	0.00000512	0x00	0x00
SPI [1]	result	5.08459301	0.00000512	0x88	0x07
SPI [1]	result	5.08459829	0.00000512	0x32	0xFF
SPI [1]	result	5.12321814	0.00000512	0x00	0x00
SPI [1]	result	5.12322342	0.00000512	0x00	0x00
SPI [1]	result	5.12322870	0.00000512	0x08	0x00
SPI [1]	result	5.12323398	0.00000512	0x20	0x00
SPI [1]	result	5.12366228	0.00000512	0x0C	0x00
SPI [1]	result	5.12366756	0.00000512	0x10	0x00
SPI [1]	result	5.12367284	0.00000512	0x80	0x7F
SPI [1]	result	5.12367812	0.00000512	0x02	0x27
SPI [1]	result	5.12407715	0.00000512	0x00	0x00
SPI [1]	result	5.12408243	0.00000512	0x00	0x00
SPI [1]	result	5.12408771	0.00000512	0x09	0x00
SPI [1]	result	5.12409299	0.00000512	0xA6	0x7F
SPI [1]	result	5.12449335	0.00000512	0x0D	0x00
SPI [1]	result	5.12449863	0.00000512	0x00	0x00
SPI [1]	result	5.12450391	0.00000512	0x88	0x7F
SPI [1]	result	5.12450919	0.00000512	0x1A	0xFF
SPI [1]	result	5.12490872	0.00000512	0x00	0x00
SPI [1]	result	5.12491400	0.00000512	0x00	0x00
SPI [1]	result	5.12491928	0.00000512	0x00	0x00
SPI [1]	result	5.12492456	0.00000512	0x00	0x00
SPI [1]	result	5.12532468	0.00000512	0x08	0x00
SPI [1]	result	5.12532996	0.00000512	0x00	0x00
SPI [1]	result	5.12533524	0.00000512	0x89	0x07
SPI [1]	result	5.12534052	0.00000512	0xB8	0xFF
SPI [1]	result	5.16320928	0.00000512	0x00	0x00
SPI [1]	result	5.16321456	0.00000512	0x00	0x00
SPI [1]	result	5.16321984	0.00000512	0x08	0x00
SPI [1]	result	5.16322512	0.00000512	0x20	0x00
SPI [1]	result	5.16362939	0.00000512	0x0E	0x00
SPI [1]	result	5.16363467	0.00000512	0x10	0x00
SPI [1]	result	5.16363995	0.00000512	0x80	0x7F
SPI [1]	result	5.16364523	0.00000512	0x12	0xDF
SPI [1]	result	5.16404278	0.00000512	0x00	0x00
SPI [1]	result	5.16404806	0.00000512	0x00	0x00
SPI [1]	result	5.16405334	0.00000512	0x00	0x00
SPI [1]	result	5.16405862	0.00000512	0x00	0x00
SPI [1]	result	5.16445828	0.00000512	0x08	0x00
SPI [1]	result	5.16446356	0.00000512	0x00	0x00
SPI [1]	result	5.16446884	0.00000512	0x88	0x07
SPI [1]	result	5.16447412	0.00000512	0x32	0xFF
SPI [1]	result	5.20320806	0.00000512	0x00	0x00
SPI [1]	result	5.20321334	0.00000512	0x00	0x00
SPI [1]	result	5.20321862	0.00000512	0x08	0x00
SPI [1]	result	5.20322390	0.00000512	0x20	0x10
SPI [1]	result	5.20362569	0.00000512	0x0F	0x00
SPI [1]	result	5.20363097	0.00000512	0x10	0x00
SPI [1]	result	5.20363625	0.00000512	0x80	0x7F
SPI [1]	result	5.20364153	0.00000512	0x1A	0xFF
SPI [1]	result	5.20404198	0.00000512	0x00	0x00
SPI [1]	result	5.20404726	0.00000512	0x00	0x00
SPI [1]	result	5.20405254	0.00000512	0x00	0x00
SPI [1]	result	5.20405782	0.00000512	0x00	0x00
SPI [1]	result	5.20445724	0.00000512	0x08	0x00
SPI [1]	result	5.20446252	0.00000512	0x00	0x00
SPI [1]	result	5.20446780	0.00000512	0x88	0x07
SPI [1]	result	5.20447308	0.00000512	0x32	0xFF
SPI [1]	result	5.24321122	0.00000512	0x00	0x00
SPI [1]	result	5.24321650	0.00000512	0x00	0x00
SPI [1]	result	5.24322178	0.00000512	0x08	0x00
SPI [1]	result	5.24322706	0.00000512	0x20	0x10
SPI [1]	result	5.24363422	0.00000512	0x08	0x00
SPI [1]	result	5.24363950	0.00000512	0x10	0x00
SPI [1]	result	5.24364478	0.00000512	0x80	0x7E
SPI [1]	result	5.24365006	0.00000512	0x22	0x7F
SPI [1]	result	5.24405192	0.00000512	0x00	0x00
SPI [1]	result	5.24405720	0.00000512	0x00	0x00
SPI [1]	result	5.24406248	0.00000512	0x09	0x00
SPI [1]	result	5.24406776	0.00000512	0xA6	0x7F
SPI [1]	result	5.24446664	0.00000512	0x09	0x00
SPI [1]	result	5.24447192	0.00000512	0x00	0x00
SPI [1]	result	5.24447720	0.00000512	0x88	0x7F
SPI [1]	result	5.24448248	0.00000512	0x3A	0xFF
SPI [1]	result	5.24496155	0.00000512	0x00	0x00
SPI [1]	result	5.24496683	0.00000512	0x00	0x00
SPI [1]	result	5.24497211	0.00000512	0x00	0x00
SPI [1]	result	5.24497739	0.00000512	0x00	0x00
SPI [1]	result	5.24541295	0.00000512	0x08	0x00
SPI [1]	result	5.24541823	0.00000512	0x00	0x00
SPI [1]	result	5.24542351	0.00000512	0x89	0x07
SPI [1]	result	5.24542879	0.00000512	0xB8	0xFF
SPI [1]	result	5.28321257	0.00000512	0x00	0x00
SPI [1]	result	5.28321785	0.00000512	0x00	0x00
SPI [1]	result	5.28322313	0.00000512	0x08	0x00
SPI [1]	result	5.28322841	0.00000512	0x20	0x10
SPI [1]	result	5.28363731	0.00000512	0x0A	0x00
SPI [1]	result	5.28364259	0.00000512	0x10	0x0F
SPI [1]	result	5.28364787	0.00000512	0x80	0xFF
SPI [1]	result	5.28365315	0.00000512	0x32	0xFF
SPI [1]	result	5.28405516	0.00000512	0x00	0x00
SPI [1]	result	5.28406044	0.00000512	0x00	0x00
SPI [1]	result	5.28406572	0.00000512	0x00	0x00
SPI [1]	result	5.28407100	0.00000512	0x00	0x00
SPI [1]	result	5.28447238	0.00000512	0x08	0x00
SPI [1]	result	5.28447766	0.00000512	0x00	0x00
SPI [1]	result	5.28448294	0.00000512	0x88	0x07
SPI [1]	result	5.28448822	0.00000512	0x32	0xFF
SPI [1]	result	5.32321468	0.00000512	0x00	0x00
SPI [1]	result	5.32321996	0.00000512	0x00	0x00
SPI [1]	result	5.32322524	0.00000512	0x08	0x00
SPI [1]	result	5.32323052	0.00000512	0x20	0x10
SPI [1]	result	5.32364851	0.00000512	0x0B	0x00
SPI [1]	result	5.32365379	0.00000512	0x10	0x0F
SPI [1]	result	5.32365907	0.00000512	0x80	0xFF
SPI [1]	result	5.32366435	0.00000512	0x3A	0xFF
SPI [1]	result	5.32407304	0.00000512	0x00	0x00
SPI [1]	result	5.32407832	0.00000512	0x00	0x00
SPI [1]	result	5.32408360	0.00000512	0x00	0x00
SPI [1]	result	5.32408888	0.00000512	0x00	0x00
SPI [1]	result	5.32451582	0.00000512	0x08	0x00
SPI [1]	result	5.32452110	0.00000512	0x00	0x00
SPI [1]	result	5.32452638	0.00000512	0x88	0x07
SPI [1]	result	5.32453166	0.00000512	0x32	0x7F
SPI [1]	result	5.36322883	0.00000512	0x00	0x00
SPI [1]	result	5.36323411	0.00000512	0x00	0x00
SPI [1]	result	5.36323939	0.00000512	0x08	0x00
SPI [1]	result	5.36324467	0.00000512	0x20	0x10
SPI [1]	result	5.36370821	0.00000512	0x0C	0x00
SPI [1]	result	5.36371349	0.00000512	0x10	0x00
SPI [1]	result	5.36371877	0.00000512	0x80	0x7F
SPI [1]	result	5.36372405	0.00000512	0x02	0x03
SPI [1]	result	5.36412758	0.00000512	0x00	0x00
SPI [1]	result	5.36413286	0.00000512	0x00	0x00
SPI [1]	result	5.36413814	0.00000512	0x09	0x00
SPI [1]	result	5.36414342	0.00000512	0xA6	0x7F
SPI [1]	result	5.36454697	0.00000512	0x0D	0x00
SPI [1]	result	5.36455225	0.00000512	0x00	0x00
SPI [1]	result	5.36455753	0.00000512	0x88	0x7F
SPI [1]	result	5.36456281	0.00000512	0x1A	0xFF
SPI [1]	result	5.36504717	0.00000512	0x00	0x00
SPI [1]	result	5.36505245	0.00000512	0x00	0x00
SPI [1]	result	5.36505773	0.00000512	0x00	0x00
SPI [1]	result	5.36506301	0.00000512	0x00	0x00
SPI [1]	result	5.36552665	0.00000512	0x08	0x00
SPI [1]	result	5.36553193	0.00000512	0x00	0x00
SPI [1]	result	5.36553721	0.00000512	0x89	0x07
SPI [1]	result	5.36554249	0.00000512	0xB8	0xFF
SPI [1]	result	5.40322580	0.00000512	0x00	0x00
SPI [1]	result	5.40323108	0.00000512	0x00	0x00
SPI [1]	result	5.40323636	0.00000512	0x08	0x00
SPI [1]	result	5.40324164	0.00000512	0x20	0x10
SPI [1]	result	5.40369675	0.00000512	0x0E	0x00
SPI [1]	result	5.40370203	0.00000512	0x10	0x00
SPI [1]	result	5.40370731	0.00000512	0x80	0x7F
SPI [1]	result	5.40371259	0.00000512	0x12	0xBF
SPI [1]	result	5.40415572	0.00000512	0x00	0x00
SPI [1]	result	5.40416100	0.00000512	0x00	0x00
SPI [1]	result	5.40416628	0.00000512	0x00	0x00
SPI [1]	result	5.40417156	0.00000512	0x00	0x00
SPI [1]	result	5.40458307	0.00000512	0x08	0x00
SPI [1]	result	5.40458835	0.00000512	0x00	0x00
SPI [1]	result	5.40459363	0.00000512	0x88	0x03
SPI [1]	result	5.40459891	0.00000512	0x32	0xFF
SPI [1]	result	5.44322367	0.00000512	0x00	0x00
SPI [1]	result	5.44322895	0.00000512	0x00	0x00
SPI [1]	result	5.44323423	0.00000512	0x08	0x00
SPI [1]	result	5.44323951	0.00000512	0x20	0x00
SPI [1]	result	5.44368008	0.00000512	0x0F	0x00
SPI [1]	result	5.44368536	0.00000512	0x10	0x00
SPI [1]	result	5.44369064	0.00000512	0x80	0x7F
SPI [1]	result	5.44369592	0.00000512	0x1A	0xDF
SPI [1]	result	5.44409593	0.00000512	0x00	0x00
SPI [1]	result	5.44410121	0.00000512	0x00	0x00
SPI [1]	result	5.44410649	0.00000512	0x00	0x00
SPI [1]	result	5.44411177	0.00000512	0x00	0x00
SPI [1]	result	5.44451311	0.00000512	0x08	0x00
SPI [1]	result	5.44451839	0.00000512	0x00	0x00
SPI [1]	result	5.44452367	0.00000512	0x88	0x07
SPI [1]	result	5.44452895	0.00000512	0x32	0xFF
SPI [1]	result	5.48322387	0.00000512	0x00	0x00
SPI [1]	result	5.48322915	0.00000512	0x00	0x00
SPI [1]	result	5.48323443	0.00000512	0x08	0x00
SPI [1]	result	5.48323971	0.00000512	0x20	0x00
SPI [1]	result	5.48368395	0.00000512	0x08	0x00
SPI [1]	result	5.48368923	0.00000512	0x10	0x00
SPI [1]	result	5.48369451	0.00000512	0x80	0x7F
SPI [1]	result	5.48369979	0.00000512	0x22	0xFF
SPI [1]	result	5.48448607	0.00000512	0x00	0x00
SPI [1]	result	5.48449135	0.00000512	0x00	0x00
SPI [1]	result	5.48449663	0.00000512	0x09	0x00
SPI [1]	result	5.48450191	0.00000512	0xA6	0x7F
SPI [1]	result	5.48491744	0.00000512	0x09	0x00
SPI [1]	result	5.48492272	0.00000512	0x00	0x00
SPI [1]	result	5.48492800	0.00000512	0x88	0x7F
SPI [1]	result	5.48493328	0.00000512	0x3A	0xFF
SPI [1]	result	5.48533368	0.00000512	0x00	0x00
SPI [1]	result	5.48533896	0.00000512	0x00	0x00
SPI [1]	result	5.48534424	0.00000512	0x00	0x00
SPI [1]	result	5.48534952	0.00000512	0x00	0x00
SPI [1]	result	5.48574932	0.00000512	0x08	0x00
SPI [1]	result	5.48575460	0.00000512	0x00	0x00
SPI [1]	result	5.48575988	0.00000512	0x89	0x07
SPI [1]	result	5.48576516	0.00000512	0xB8	0xFF
SPI [1]	result	5.52321532	0.00000512	0x00	0x00
SPI [1]	result	5.52322060	0.00000512	0x00	0x00
SPI [1]	result	5.52322588	0.00000512	0x08	0x00
SPI [1]	result	5.52323116	0.00000512	0x20	0x00
SPI [1]	result	5.52365042	0.00000512	0x0A	0x00
SPI [1]	result	5.52365570	0.00000512	0x10	0x0F
SPI [1]	result	5.52366098	0.00000512	0x80	0xFF
SPI [1]	result	5.52366626	0.00000512	0x32	0xFF
SPI [1]	result	5.52407031	0.00000512	0x00	0x00
SPI [1]	result	5.52407559	0.00000512	0x00	0x00
SPI [1]	result	5.52408087	0.00000512	0x00	0x00
SPI [1]	result	5.52408615	0.00000512	0x00	0x00
SPI [1]	result	5.52448470	0.00000512	0x08	0x00
SPI [1]	result	5.52448998	0.00000512	0x00	0x00
SPI [1]	result	5.52449526	0.00000512	0x88	0x07
SPI [1]	result	5.52450054	0.00000512	0x32	0xFF
SPI [1]	result	5.56321246	0.00000512	0x00	0x00
SPI [1]	result	5.56321774	0.00000512	0x00	0x00
SPI [1]	result	5.56322302	0.00000512	0x08	0x00
SPI [1]	result	5.56322830	0.00000512	0x20	0x00
SPI [1]	result	5.56364155	0.00000512	0x0B	0x00
SPI [1]	result	5.56364683	0.00000512	0x10	0x0F
SPI [1]	result	5.56365211	0.00000512	0x80	0xFF
SPI [1]	result	5.56365739	0.00000512	0x3A	0xFF
SPI [1]	result	5.56405801	0.00000512	0x00	0x00
SPI [1]	result	5.56406329	0.00000512	0x00	0x00
SPI [1]	result	5.56406857	0.00000512	0x00	0x00
SPI [1]	result	5.56407385	0.00000512	0x00	0x00
SPI [1]	result	5.56447382	0.00000512	0x08	0x00
SPI [1]	result	5.56447910	0.00000512	0x00	0x00
SPI [1]	result	5.56448438	0.00000512	0x88	0x07
SPI [1]	result	5.56448966	0.00000512	0x32	0xFF
SPI [1]	result	5.60321059	0.00000512	0x00	0x00
SPI [1]	result	5.60321587	0.00000512	0x00	0x00
SPI [1]	result	5.60322115	0.00000512	0x08	0x00
SPI [1]	result	5.60322643	0.00000512	0x20	0x10
SPI [1]	result	5.60362749	0.00000512	0x0C	0x00
SPI [1]	result	5.60363277	0.00000512	0x10	0x08
SPI [1]	result	5.60363805	0.00000512	0x80	0x7F
SPI [1]	result	5.60364333	0.00000512	0x02	0xF3
SPI [1]	result	5.60404310	0.00000512	0x00	0x00
SPI [1]	result	5.60404838	0.00000512	0x00	0x00
SPI [1]	result	5.60405366	0.00000512	0x09	0x00
SPI [1]	result	5.60405894	0.00000512	0xA6	0x7F
SPI [1]	result	5.60445879	0.00000512	0x0D	0x00
SPI [1]	result	5.60446407	0.00000512	0x00	0x00
SPI [1]	result	5.60446935	0.00000512	0x88	0x7F
SPI [1]	result	5.60447463	0.00000512	0x1A	0xFF
SPI [1]	result	5.60487419	0.00000512	0x00	0x00
SPI [1]	result	5.60487947	0.00000512	0x00	0x00
SPI [1]	result	5.60488475	0.00000512	0x00	0x00
SPI [1]	result	5.60489003	0.00000512	0x00	0x00
SPI [1]	result	5.60535065	0.00000512	0x08	0x00
SPI [1]	result	5.60535593	0.00000512	0x00	0x00
SPI [1]	result	5.60536121	0.00000512	0x89	0x07
SPI [1]	result	5.60536649	0.00000512	0xB8	0xFF
SPI [1]	result	5.64320998	0.00000512	0x00	0x00
SPI [1]	result	5.64321526	0.00000512	0x00	0x00
SPI [1]	result	5.64322054	0.00000512	0x08	0x00
SPI [1]	result	5.64322582	0.00000512	0x20	0x10
SPI [1]	result	5.64363303	0.00000512	0x0E	0x00
SPI [1]	result	5.64363831	0.00000512	0x10	0x00
SPI [1]	result	5.64364359	0.00000512	0x80	0x7F
SPI [1]	result	5.64364887	0.00000512	0x12	0xFF
SPI [1]	result	5.64404621	0.00000512	0x00	0x00
SPI [1]	result	5.64405149	0.00000512	0x00	0x00
SPI [1]	result	5.64405677	0.00000512	0x00	0x00
SPI [1]	result	5.64406205	0.00000512	0x00	0x00
SPI [1]	result	5.64446214	0.00000512	0x08	0x00
SPI [1]	result	5.64446742	0.00000512	0x00	0x00
SPI [1]	result	5.64447270	0.00000512	0x88	0x07
SPI [1]	result	5.64447798	0.00000512	0x32	0xFF
SPI [1]	result	5.68321160	0.00000512	0x00	0x00
SPI [1]	result	5.68321688	0.00000512	0x00	0x00
SPI [1]	result	5.68322216	0.00000512	0x08	0x00
SPI [1]	result	5.68322744	0.00000512	0x20	0x00
SPI [1]	result	5.68364129	0.00000512	0x0F	0x00
SPI [1]	result	5.68364657	0.00000512	0x10	0x00
SPI [1]	result	5.68365185	0.00000512	0x80	0x7E
SPI [1]	result	5.68365713	0.00000512	0x1A	0xFF
SPI [1]	result	5.68405953	0.00000512	0x00	0x00
SPI [1]	result	5.68406481	0.00000512	0x00	0x00
SPI [1]	result	5.68407009	0.00000512	0x00	0x00
SPI [1]	result	5.68407537	0.00000512	0x00	0x00
SPI [1]	result	5.68447723	0.00000512	0x08	0x00
SPI [1]	result	5.68448251	0.00000512	0x00	0x00
SPI [1]	result	5.68448779	0.00000512	0x88	0x07
SPI [1]	result	5.68449307	0.00000512	0x32	0xFF
SPI [1]	result	5.72321027	0.00000512	0x00	0x00
SPI [1]	result	5.72321555	0.00000512	0x00	0x00
SPI [1]	result	5.72322083	0.00000512	0x08	0x00
SPI [1]	result	5.72322611	0.00000512	0x20	0x10
SPI [1]	result	5.72363095	0.00000512	0x08	0x00
SPI [1]	result	5.72363623	0.00000512	0x10	0x00
SPI [1]	result	5.72364151	0.00000512	0x80	0x7F
SPI [1]	result	5.72364679	0.00000512	0x22	0xFF
SPI [1]	result	5.72404850	0.00000512	0x00	0x00
SPI [1]	result	5.72405378	0.00000512	0x00	0x00
SPI [1]	result	5.72405906	0.00000512	0x09	0x00
SPI [1]	result	5.72406434	0.00000512	0xA6	0x7F
SPI [1]	result	5.72446558	0.00000512	0x09	0x00
SPI [1]	result	5.72447086	0.00000512	0x00	0x00
SPI [1]	result	5.72447614	0.00000512	0x88	0x7F
SPI [1]	result	5.72448142	0.00000512	0x3A	0xFF
SPI [1]	result	5.72488015	0.00000512	0x00	0x00
SPI [1]	result	5.72488543	0.00000512	0x00	0x00
SPI [1]	result	5.72489071	0.00000512	0x00	0x00
SPI [1]	result	5.72489599	0.00000512	0x00	0x00
SPI [1]	result	5.72529716	0.00000512	0x08	0x00
SPI [1]	result	5.72530244	0.00000512	0x00	0x00
SPI [1]	result	5.72530772	0.00000512	0x89	0x07
SPI [1]	result	5.72531300	0.00000512	0xB8	0xFF
SPI [1]	result	5.76322073	0.00000512	0x00	0x00
SPI [1]	result	5.76322601	0.00000512	0x00	0x00
SPI [1]	result	5.76323129	0.00000512	0x08	0x00
SPI [1]	result	5.76323657	0.00000512	0x20	0x10
SPI [1]	result	5.76367700	0.00000512	0x0A	0x00
SPI [1]	result	5.76368228	0.00000512	0x10	0x0F
SPI [1]	result	5.76368756	0.00000512	0x80	0xFF
SPI [1]	result	5.76369284	0.00000512	0x32	0xFF
SPI [1]	result	5.76409691	0.00000512	0x00	0x00
SPI [1]	result	5.76410219	0.00000512	0x00	0x00
SPI [1]	result	5.76410747	0.00000512	0x00	0x00
SPI [1]	result	5.76411275	0.00000512	0x00	0x00
SPI [1]	result	5.76451409	0.00000512	0x08	0x00
SPI [1]	result	5.76451937	0.00000512	0x00	0x00
SPI [1]	result	5.76452465	0.00000512	0x88	0x07
SPI [1]	result	5.76452993	0.00000512	0x32	0xFF
SPI [1]	result	5.80320795	0.00000512	0x00	0x00
SPI [1]	result	5.80321323	0.00000512	0x00	0x00
SPI [1]	result	5.80321851	0.00000512	0x08	0x00
SPI [1]	result	5.80322379	0.00000512	0x20	0x10
SPI [1]	result	5.80362789	0.00000512	0x0B	0x00
SPI [1]	result	5.80363317	0.00000512	0x10	0x0F
SPI [1]	result	5.80363845	0.00000512	0x80	0xFF
SPI [1]	result	5.80364373	0.00000512	0x3A	0xFF
SPI [1]	result	5.80404552	0.00000512	0x00	0x00
SPI [1]	result	5.80405080	0.00000512	0x00	0x00
SPI [1]	result	5.80405608	0.00000512	0x00	0x00
SPI [1]	result	5.80406136	0.00000512	0x00	0x00
SPI [1]	result	5.80446239	0.00000512	0x08	0x00
SPI [1]	result	5.80446767	0.00000512	0x00	0x00
SPI [1]	result	5.80447295	0.00000512	0x88	0x07
SPI [1]	result	5.80447823	0.00000512	0x32	0xFF
SPI [1]	result	5.84321387	0.00000512	0x00	0x00
SPI [1]	result	5.84321915	0.00000512	0x00	0x00
SPI [1]	result	5.84322443	0.00000512	0x08	0x00
SPI [1]	result	5.84322971	0.00000512	0x20	0x18
SPI [1]	result	5.84364707	0.00000512	0x0C	0x00
SPI [1]	result	5.84365235	0.00000512	0x10	0x00
SPI [1]	result	5.84365763	0.00000512	0x80	0x7F
SPI [1]	result	5.84366291	0.00000512	0x02	0xC3
SPI [1]	result	5.84406529	0.00000512	0x00	0x00
SPI [1]	result	5.84407057	0.00000512	0x00	0x00
SPI [1]	result	5.84407585	0.00000512	0x09	0x00
SPI [1]	result	5.84408113	0.00000512	0xA6	0x7F
SPI [1]	result	5.84448281	0.00000512	0x0D	0x00
SPI [1]	result	5.84448809	0.00000512	0x00	0x00
SPI [1]	result	5.84449337	0.00000512	0x88	0x7F
SPI [1]	result	5.84449865	0.00000512	0x1A	0xFF
SPI [1]	result	5.84490088	0.00000512	0x00	0x00
SPI [1]	result	5.84490616	0.00000512	0x00	0x00
SPI [1]	result	5.84491144	0.00000512	0x00	0x00
SPI [1]	result	5.84491672	0.00000512	0x00	0x00
SPI [1]	result	5.84531555	0.00000512	0x08	0x00
SPI [1]	result	5.84532083	0.00000512	0x00	0x00
SPI [1]	result	5.84532611	0.00000512	0x89	0x07
SPI [1]	result	5.84533139	0.00000512	0xB8	0xFF
SPI [1]	result	5.88320806	0.00000512	0x00	0x00
SPI [1]	result	5.88321334	0.00000512	0x00	0x00
SPI [1]	result	5.88321862	0.00000512	0x08	0x00
SPI [1]	result	5.88322390	0.00000512	0x20	0x00
SPI [1]	result	5.88362826	0.00000512	0x0E	0x00
SPI [1]	result	5.88363354	0.00000512	0x10	0x00
SPI [1]	result	5.88363882	0.00000512	0x80	0x7F
SPI [1]	result	5.88364410	0.00000512	0x12	0xBF
SPI [1]	result	5.88404338	0.00000512	0x00	0x00
SPI [1]	result	5.88404866	0.00000512	0x00	0x00
SPI [1]	result	5.88405394	0.00000512	0x00	0x00
SPI [1]	result	5.88405922	0.00000512	0x00	0x00
SPI [1]	result	5.88446096	0.00000512	0x08	0x00
SPI [1]	result	5.88446624	0.00000512	0x00	0x00
SPI [1]	result	5.88447152	0.00000512	0x88	0x07
SPI [1]	result	5.88447680	0.00000512	0x32	0xFF
SPI [1]	result	5.92320766	0.00000512	0x00	0x00
SPI [1]	result	5.92321294	0.00000512	0x00	0x00
SPI [1]	result	5.92321822	0.00000512	0x08	0x00
SPI [1]	result	5.92322350	0.00000512	0x20	0x12
SPI [1]	result	5.92362764	0.00000512	0x0F	0x00
SPI [1]	result	5.92363292	0.00000512	0x10	0x00
SPI [1]	result	5.92363820	0.00000512	0x80	0x7F
SPI [1]	result	5.92364348	0.00000512	0x1A	0xFF
SPI [1]	result	5.92404486	0.00000512	0x00	0x00
SPI [1]	result	5.92405014	0.00000512	0x00	0x00
SPI [1]	result	5.92405542	0.00000512	0x00	0x00
SPI [1]	result	5.92406070	0.00000512	0x00	0x00
SPI [1]	result	5.92445923	0.00000512	0x08	0x00
SPI [1]	result	5.92446451	0.00000512	0x00	0x00
SPI [1]	result	5.92446979	0.00000512	0x88	0x07
SPI [1]	result	5.92447507	0.00000512	0x32	0xFF
SPI [1]	result	5.96321246	0.00000512	0x00	0x00
SPI [1]	result	5.96321774	0.00000512	0x00	0x00
SPI [1]	result	5.96322302	0.00000512	0x08	0x00
SPI [1]	result	5.96322830	0.00000512	0x20	0x00
SPI [1]	result	5.96364557	0.00000512	0x08	0x00
SPI [1]	result	5.96365085	0.00000512	0x10	0x00
SPI [1]	result	5.96365613	0.00000512	0x80	0x7F
SPI [1]	result	5.96366141	0.00000512	0x22	0xBF
SPI [1]	result	5.96406386	0.00000512	0x00	0x00
SPI [1]	result	5.96406914	0.00000512	0x00	0x00
SPI [1]	result	5.96407442	0.00000512	0x09	0x00
SPI [1]	result	5.96407970	0.00000512	0xA6	0x7F
SPI [1]	result	5.96448140	0.00000512	0x09	0x00
SPI [1]	result	5.96448668	0.00000512	0x00	0x00
SPI [1]	result	5.96449196	0.00000512	0x88	0x7F
SPI [1]	result	5.96449724	0.00000512	0x3A	0xFF
SPI [1]	result	5.96489586	0.00000512	0x00	0x00
SPI [1]	result	5.96490114	0.00000512	0x00	0x00
SPI [1]	result	5.96490642	0.00000512	0x00	0x00
SPI [1]	result	5.96491170	0.00000512	0x00	0x00
SPI [1]	result	5.96531291	0.00000512	0x08	0x00
SPI [1]	result	5.96531819	0.00000512	0x00	0x00
SPI [1]	result	5.96532347	0.00000512	0x89	0x07
SPI [1]	result	5.96532875	0.00000512	0xB8	0xFF
SPI [1]	result	6.00320799	0.00000512	0x00	0x00
SPI [1]	result	6.00321327	0.00000512	0x00	0x00
SPI [1]	result	6.00321855	0.00000512	0x08	0x00
SPI [1]	result	6.00322383	0.00000512	0x20	0x10
SPI [1]	result	6.00369055	0.00000512	0x0A	0x00
SPI [1]	result	6.00369583	0.00000512	0x10	0x0F
SPI [1]	result	6.00370111	0.00000512	0x80	0xFF
SPI [1]	result	6.00370639	0.00000512	0x32	0xFF
SPI [1]	result	6.00412449	0.00000512	0x00	0x00
SPI [1]	result	6.00412977	0.00000512	0x00	0x00
SPI [1]	result	6.00413505	0.00000512	0x00	0x00
SPI [1]	result	6.00414033	0.00000512	0x00	0x00
SPI [1]	result	6.00454282	0.00000512	0x08	0x00
SPI [1]	result	6.00454810	0.00000512	0x00	0x00
SPI [1]	result	6.00455338	0.00000512	0x88	0x07
SPI [1]	result	6.00455866	0.00000512	0x32	0xFF
SPI [1]	result	6.04320953	0.00000512	0x00	0x00
SPI [1]	result	6.04321481	0.00000512	0x00	0x00
SPI [1]	result	6.04322009	0.00000512	0x08	0x00
SPI [1]	result	6.04322537	0.00000512	0x20	0x10
SPI [1]	result	6.04363352	0.00000512	0x0B	0x00
SPI [1]	result	6.04363880	0.00000512	0x10	0x0F
SPI [1]	result	6.04364408	0.00000512	0x80	0xFF
SPI [1]	result	6.04364936	0.00000512	0x3A	0xFF
SPI [1]	result	6.04405360	0.00000512	0x00	0x00
SPI [1]	result	6.04405888	0.00000512	0x00	0x00
SPI [1]	result	6.04406416	0.00000512	0x00	0x00
SPI [1]	result	6.04406944	0.00000512	0x00	0x00
SPI [1]	result	6.04447098	0.00000512	0x08	0x00
SPI [1]	result	6.04447626	0.00000512	0x00	0x00
SPI [1]	result	6.04448154	0.00000512	0x88	0x07
SPI [1]	result	6.04448682	0.00000512	0x32	0xBF
SPI [1]	result	6.08322753	0.00000512	0x00	0x00
SPI [1]	result	6.08323281	0.00000512	0x00	0x00
SPI [1]	result	6.08323809	0.00000512	0x08	0x00
SPI [1]	result	6.08324337	0.00000512	0x20	0x10
SPI [1]	result	6.08370161	0.00000512	0x0C	0x00
SPI [1]	result	6.08370689	0.00000512	0x10	0x00
SPI [1]	result	6.08371217	0.00000512	0x80	0x7F
SPI [1]	result	6.08371745	0.00000512	0x02	0xFB
SPI [1]	result	6.08412041	0.00000512	0x00	0x00
SPI [1]	result	6.08412569	0.00000512	0x00	0x00
SPI [1]	result	6.08413097	0.00000512	0x09	0x00
SPI [1]	result	6.08413625	0.00000512	0xA6	0x7F
SPI [1]	result	6.08453822	0.00000512	0x0D	0x00
SPI [1]	result	6.08454350	0.00000512	0x00	0x00
SPI [1]	result	6.08454878	0.00000512	0x88	0x7F
SPI [1]	result	6.08455406	0.00000512	0x1A	0xFF
SPI [1]	result	6.08495574	0.00000512	0x00	0x00
SPI [1]	result	6.08496102	0.00000512	0x00	0x00
SPI [1]	result	6.08496630	0.00000512	0x00	0x00
SPI [1]	result	6.08497158	0.00000512	0x00	0x00
SPI [1]	result	6.08537296	0.00000512	0x08	0x00
SPI [1]	result	6.08537824	0.00000512	0x00	0x00
SPI [1]	result	6.08538352	0.00000512	0x89	0x07
SPI [1]	result	6.08538880	0.00000512	0xB8	0xFF
SPI [1]	result	6.12320823	0.00000512	0x00	0x00
SPI [1]	result	6.12321351	0.00000512	0x00	0x00
SPI [1]	result	6.12321879	0.00000512	0x08	0x00
SPI [1]	result	6.12322407	0.00000512	0x20	0x10
SPI [1]	result	6.12362821	0.00000512	0x0E	0x00
SPI [1]	result	6.12363349	0.00000512	0x10	0x00
SPI [1]	result	6.12363877	0.00000512	0x80	0x7B
SPI [1]	result	6.12364405	0.00000512	0x12	0x9F
SPI [1]	result	6.12404152	0.00000512	0x00	0x00
SPI [1]	result	6.12404680	0.00000512	0x00	0x00
SPI [1]	result	6.12405208	0.00000512	0x00	0x00
SPI [1]	result	6.12405736	0.00000512	0x00	0x00
SPI [1]	result	6.12445898	0.00000512	0x08	0x00
SPI [1]	result	6.12446426	0.00000512	0x00	0x00
SPI [1]	result	6.12446954	0.00000512	0x88	0x07
SPI [1]	result	6.12447482	0.00000512	0x32	0xFF
SPI [1]	result	6.16321035	0.00000512	0x00	0x00
SPI [1]	result	6.16321563	0.00000512	0x00	0x00
SPI [1]	result	6.16322091	0.00000512	0x08	0x00
SPI [1]	result	6.16322619	0.00000512	0x20	0x10
SPI [1]	result	6.16364243	0.00000512	0x0F	0x00
SPI [1]	result	6.16364771	0.00000512	0x10	0x00
SPI [1]	result	6.16365299	0.00000512	0x80	0x6F
SPI [1]	result	6.16365827	0.00000512	0x1A	0xDF
SPI [1]	result	6.16406152	0.00000512	0x00	0x00
SPI [1]	result	6.16406680	0.00000512	0x00	0x00
SPI [1]	result	6.16407208	0.00000512	0x00	0x00
SPI [1]	result	6.16407736	0.00000512	0x00	0x00
SPI [1]	result	6.16447909	0.00000512	0x08	0x00
SPI [1]	result	6.16448437	0.00000512	0x00	0x00
SPI [1]	result	6.16448965	0.00000512	0x88	0x07
SPI [1]	result	6.16449493	0.00000512	0x32	0x7F
SPI [1]	result	6.20320904	0.00000512	0x00	0x00
SPI [1]	result	6.20321432	0.00000512	0x00	0x00
SPI [1]	result	6.20321960	0.00000512	0x08	0x00
SPI [1]	result	6.20322488	0.00000512	0x20	0x10
SPI [1]	result	6.20362953	0.00000512	0x08	0x00
SPI [1]	result	6.20363481	0.00000512	0x10	0x00
SPI [1]	result	6.20364009	0.00000512	0x80	0x7F
SPI [1]	result	6.20364537	0.00000512	0x22	0xFF
SPI [1]	result	6.20404625	0.00000512	0x00	0x00
SPI [1]	result	6.20405153	0.00000512	0x00	0x00
SPI [1]	result	6.20405681	0.00000512	0x09	0x00
SPI [1]	result	6.20406209	0.00000512	0xA6	0x7F
SPI [1]	result	6.20446433	0.00000512	0x09	0x00
SPI [1]	result	6.20446961	0.00000512	0x00	0x00
SPI [1]	result	6.20447489	0.00000512	0x88	0x7F
SPI [1]	result	6.20448017	0.00000512	0x3A	0xFF
SPI [1]	result	6.20488121	0.00000512	0x00	0x00
SPI [1]	result	6.20488649	0.00000512	0x00	0x00
SPI [1]	result	6.20489177	0.00000512	0x00	0x00
SPI [1]	result	6.20489705	0.00000512	0x00	0x00
SPI [1]	result	6.20529877	0.00000512	0x08	0x00
SPI [1]	result	6.20530405	0.00000512	0x00	0x00
SPI [1]	result	6.20530933	0.00000512	0x89	0x07
SPI [1]	result	6.20531461	0.00000512	0xB8	0xFF
SPI [1]	result	6.24320889	0.00000512	0x00	0x00
SPI [1]	result	6.24321417	0.00000512	0x00	0x00
SPI [1]	result	6.24321945	0.00000512	0x08	0x00
SPI [1]	result	6.24322473	0.00000512	0x20	0x10
SPI [1]	result	6.24363009	0.00000512	0x0A	0x00
SPI [1]	result	6.24363537	0.00000512	0x10	0x0F
SPI [1]	result	6.24364065	0.00000512	0x80	0xFF
SPI [1]	result	6.24364593	0.00000512	0x32	0xFF
SPI [1]	result	6.24404440	0.00000512	0x00	0x00
SPI [1]	result	6.24404968	0.00000512	0x00	0x00
SPI [1]	result	6.24405496	0.00000512	0x00	0x00
SPI [1]	result	6.24406024	0.00000512	0x00	0x00
SPI [1]	result	6.24446175	0.00000512	0x08	0x00
SPI [1]	result	6.24446703	0.00000512	0x00	0x00
SPI [1]	result	6.24447231	0.00000512	0x88	0x07
SPI [1]	result	6.24447759	0.00000512	0x32	0xFF
SPI [1]	result	6.28320724	0.00000512	0x00	0x00
SPI [1]	result	6.28321252	0.00000512	0x00	0x00
SPI [1]	result	6.28321780	0.00000512	0x08	0x00
SPI [1]	result	6.28322308	0.00000512	0x20	0x00
SPI [1]	result	6.28362599	0.00000512	0x0B	0x00
SPI [1]	result	6.28363127	0.00000512	0x10	0x0F
SPI [1]	result	6.28363655	0.00000512	0x80	0xFF
SPI [1]	result	6.28364183	0.00000512	0x3A	0xFF
SPI [1]	result	6.28403958	0.00000512	0x00	0x00
SPI [1]	result	6.28404486	0.00000512	0x00	0x00
SPI [1]	result	6.28405014	0.00000512	0x00	0x00
SPI [1]	result	6.28405542	0.00000512	0x00	0x00
SPI [1]	result	6.28445371	0.00000512	0x08	0x00
SPI [1]	result	6.28445899	0.00000512	0x00	0x00
SPI [1]	result	6.28446427	0.00000512	0x88	0x07
SPI [1]	result	6.28446955	0.00000512	0x32	0xFF
SPI [1]	result	6.32321357	0.00000512	0x00	0x00
SPI [1]	result	6.32321885	0.00000512	0x00	0x00
SPI [1]	result	6.32322413	0.00000512	0x08	0x00
SPI [1]	result	6.32322941	0.00000512	0x20	0x10
SPI [1]	result	6.32364788	0.00000512	0x0C	0x00
SPI [1]	result	6.32365316	0.00000512	0x10	0x00
SPI [1]	result	6.32365844	0.00000512	0x80	0x7F
SPI [1]	result	6.32366372	0.00000512	0x02	0xE3
SPI [1]	result	6.32406775	0.00000512	0x00	0x00
SPI [1]	result	6.32407303	0.00000512	0x00	0x00
SPI [1]	result	6.32407831	0.00000512	0x09	0x00
SPI [1]	result	6.32408359	0.00000512	0xA6	0x7F
SPI [1]	result	6.32448528	0.00000512	0x0D	0x00
SPI [1]	result	6.32449056	0.00000512	0x00	0x00
SPI [1]	result	6.32449584	0.00000512	0x88	0x7F
SPI [1]	result	6.32450112	0.00000512	0x1A	0xFF
SPI [1]	result	6.32490019	0.00000512	0x00	0x00
SPI [1]	result	6.32490547	0.00000512	0x00	0x00
SPI [1]	result	6.32491075	0.00000512	0x00	0x00
SPI [1]	result	6.32491603	0.00000512	0x00	0x00
SPI [1]	result	6.32531680	0.00000512	0x08	0x00
SPI [1]	result	6.32532208	0.00000512	0x00	0x00
SPI [1]	result	6.32532736	0.00000512	0x89	0x07
SPI [1]	result	6.32533264	0.00000512	0xB8	0xFF
SPI [1]	result	6.36320964	0.00000512	0x00	0x00
SPI [1]	result	6.36321492	0.00000512	0x00	0x00
SPI [1]	result	6.36322020	0.00000512	0x08	0x00
SPI [1]	result	6.36322548	0.00000512	0x20	0x00
SPI [1]	result	6.36363427	0.00000512	0x0E	0x00
SPI [1]	result	6.36363955	0.00000512	0x10	0x00
SPI [1]	result	6.36364483	0.00000512	0x80	0x7F
SPI [1]	result	6.36365011	0.00000512	0x12	0xDF
SPI [1]	result	6.36410652	0.00000512	0x00	0x00
SPI [1]	result	6.36411180	0.00000512	0x00	0x00
SPI [1]	result	6.36411708	0.00000512	0x00	0x00
SPI [1]	result	6.36412236	0.00000512	0x00	0x00
SPI [1]	result	6.36453665	0.00000512	0x08	0x00
SPI [1]	result	6.36454193	0.00000512	0x00	0x00
SPI [1]	result	6.36454721	0.00000512	0x88	0x07
SPI [1]	result	6.36455249	0.00000512	0x32	0xFF
SPI [1]	result	6.40320945	0.00000512	0x00	0x00
SPI [1]	result	6.40321473	0.00000512	0x00	0x00
SPI [1]	result	6.40322001	0.00000512	0x08	0x00
SPI [1]	result	6.40322529	0.00000512	0x20	0x10
SPI [1]	result	6.40363058	0.00000512	0x0F	0x00
SPI [1]	result	6.40363586	0.00000512	0x10	0x00
SPI [1]	result	6.40364114	0.00000512	0x80	0x7F
SPI [1]	result	6.40364642	0.00000512	0x1A	0xFF
SPI [1]	result	6.40404810	0.00000512	0x00	0x00
SPI [1]	result	6.40405338	0.00000512	0x00	0x00
SPI [1]	result	6.40405866	0.00000512	0x00	0x00
SPI [1]	result	6.40406394	0.00000512	0x00	0x00
SPI [1]	result	6.40446454	0.00000512	0x08	0x00
SPI [1]	result	6.40446982	0.00000512	0x00	0x00
SPI [1]	result	6.40447510	0.00000512	0x88	0x07
SPI [1]	result	6.40448038	0.00000512	0x32	0xFF
SPI [1]	result	6.44321131	0.00000512	0x00	0x00
SPI [1]	result	6.44321659	0.00000512	0x00	0x00
SPI [1]	result	6.44322187	0.00000512	0x08	0x00
SPI [1]	result	6.44322715	0.00000512	0x20	0x10
SPI [1]	result	6.44363114	0.00000512	0x08	0x00
SPI [1]	result	6.44363642	0.00000512	0x10	0x00
SPI [1]	result	6.44364170	0.00000512	0x80	0x7F
SPI [1]	result	6.44364698	0.00000512	0x22	0xFF
SPI [1]	result	6.44404554	0.00000512	0x00	0x00
SPI [1]	result	6.44405082	0.00000512	0x00	0x00
SPI [1]	result	6.44405610	0.00000512	0x09	0x00
SPI [1]	result	6.44406138	0.00000512	0xA6	0x7F
SPI [1]	result	6.44446271	0.00000512	0x09	0x00
SPI [1]	result	6.44446799	0.00000512	0x00	0x00
SPI [1]	result	6.44447327	0.00000512	0x88	0x7F
SPI [1]	result	6.44447855	0.00000512	0x3A	0xFF
SPI [1]	result	6.44487987	0.00000512	0x00	0x00
SPI [1]	result	6.44488515	0.00000512	0x00	0x00
SPI [1]	result	6.44489043	0.00000512	0x00	0x00
SPI [1]	result	6.44489571	0.00000512	0x00	0x00
SPI [1]	result	6.44529657	0.00000512	0x08	0x00
SPI [1]	result	6.44530185	0.00000512	0x00	0x00
SPI [1]	result	6.44530713	0.00000512	0x89	0x07
SPI [1]	result	6.44531241	0.00000512	0xB8	0xFF
SPI [1]	result	6.48320834	0.00000512	0x00	0x00
SPI [1]	result	6.48321362	0.00000512	0x00	0x00
SPI [1]	result	6.48321890	0.00000512	0x08	0x00
SPI [1]	result	6.48322418	0.00000512	0x20	0x00
SPI [1]	result	6.48362810	0.00000512	0x0A	0x00
SPI [1]	result	6.48363338	0.00000512	0x10	0x0F
SPI [1]	result	6.48363866	0.00000512	0x80	0xFF
SPI [1]	result	6.48364394	0.00000512	0x32	0xFF
SPI [1]	result	6.48404489	0.00000512	0x00	0x00
SPI [1]	result	6.48405017	0.00000512	0x00	0x00
SPI [1]	result	6.48405545	0.00000512	0x00	0x00
SPI [1]	result	6.48406073	0.00000512	0x00	0x00
SPI [1]	result	6.48446180	0.00000512	0x08	0x00
SPI [1]	result	6.48446708	0.00000512	0x00	0x00
SPI [1]	result	6.48447236	0.00000512	0x88	0x07
SPI [1]	result	6.48447764	0.00000512	0x32	0xFF
SPI [1]	result	6.52322366	0.00000512	0x00	0x00
SPI [1]	result	6.52322894	0.00000512	0x00	0x00
SPI [1]	result	6.52323422	0.00000512	0x08	0x00
SPI [1]	result	6.52323950	0.00000512	0x20	0x00
SPI [1]	result	6.52369839	0.00000512	0x0B	0x00
SPI [1]	result	6.52370367	0.00000512	0x10	0x0F
SPI [1]	result	6.52370895	0.00000512	0x80	0xFF
SPI [1]	result	6.52371423	0.00000512	0x3A	0xFF
SPI [1]	result	6.52411459	0.00000512	0x00	0x00
SPI [1]	result	6.52411987	0.00000512	0x00	0x00
SPI [1]	result	6.52412515	0.00000512	0x00	0x00
SPI [1]	result	6.52413043	0.00000512	0x00	0x00
SPI [1]	result	6.52453478	0.00000512	0x08	0x00
SPI [1]	result	6.52454006	0.00000512	0x00	0x00
SPI [1]	result	6.52454534	0.00000512	0x88	0x06
SPI [1]	result	6.52455062	0.00000512	0x32	0xFF
SPI [1]	result	6.56321138	0.00000512	0x00	0x00
SPI [1]	result	6.56321666	0.00000512	0x00	0x00
SPI [1]	result	6.56322194	0.00000512	0x08	0x00
SPI [1]	result	6.56322722	0.00000512	0x20	0x00
SPI [1]	result	6.56363347	0.00000512	0x0C	0x00
SPI [1]	result	6.56363875	0.00000512	0x10	0x00
SPI [1]	result	6.56364403	0.00000512	0x80	0x7F
SPI [1]	result	6.56364931	0.00000512	0x02	0xE3
SPI [1]	result	6.56405087	0.00000512	0x00	0x00
SPI [1]	result	6.56405615	0.00000512	0x00	0x00
SPI [1]	result	6.56406143	0.00000512	0x09	0x00
SPI [1]	result	6.56406671	0.00000512	0xA6	0x7F
SPI [1]	result	6.56447000	0.00000512	0x0D	0x00
SPI [1]	result	6.56447528	0.00000512	0x00	0x00
SPI [1]	result	6.56448056	0.00000512	0x88	0x7F
SPI [1]	result	6.56448584	0.00000512	0x1A	0xFF
SPI [1]	result	6.56488438	0.00000512	0x00	0x00
SPI [1]	result	6.56488966	0.00000512	0x00	0x00
SPI [1]	result	6.56489494	0.00000512	0x00	0x00
SPI [1]	result	6.56490022	0.00000512	0x00	0x00
SPI [1]	result	6.56530198	0.00000512	0x08	0x00
SPI [1]	result	6.56530726	0.00000512	0x00	0x00
SPI [1]	result	6.56531254	0.00000512	0x89	0x07
SPI [1]	result	6.56531782	0.00000512	0xB8	0xFF
SPI [1]	result	6.60320762	0.00000512	0x00	0x00
SPI [1]	result	6.60321290	0.00000512	0x00	0x00
SPI [1]	result	6.60321818	0.00000512	0x08	0x00
SPI [1]	result	6.60322346	0.00000512	0x20	0x10
SPI [1]	result	6.60362635	0.00000512	0x0E	0x00
SPI [1]	result	6.60363163	0.00000512	0x10	0x00
SPI [1]	result	6.60363691	0.00000512	0x80	0x7F
SPI [1]	result	6.60364219	0.00000512	0x12	0xFF
SPI [1]	result	6.60404154	0.00000512	0x00	0x00
SPI [1]	result	6.60404682	0.00000512	0x00	0x00
SPI [1]	result	6.60405210	0.00000512	0x00	0x00
SPI [1]	result	6.60405738	0.00000512	0x00	0x00
SPI [1]	result	6.60445581	0.00000512	0x08	0x00
SPI [1]	result	6.60446109	0.00000512	0x00	0x00
SPI [1]	result	6.60446637	0.00000512	0x88	0x07
SPI [1]	result	6.60447165	0.00000512	0x32	0xFF
SPI [1]	result	6.64320724	0.00000512	0x00	0x00
SPI [1]	result	6.64321252	0.00000512	0x00	0x00
SPI [1]	result	6.64321780	0.00000512	0x08	0x00
SPI [1]	result	6.64322308	0.00000512	0x20	0x10
SPI [1]	result	6.64362632	0.00000512	0x0F	0x00
SPI [1]	result	6.64363160	0.00000512	0x10	0x00
SPI [1]	result	6.64363688	0.00000512	0x80	0x7F
SPI [1]	result	6.64364216	0.00000512	0x1A	0x5F
SPI [1]	result	6.64404359	0.00000512	0x00	0x00
SPI [1]	result	6.64404887	0.00000512	0x00	0x00
SPI [1]	result	6.64405415	0.00000512	0x00	0x00
SPI [1]	result	6.64405943	0.00000512	0x00	0x00
SPI [1]	result	6.64446098	0.00000512	0x08	0x00
SPI [1]	result	6.64446626	0.00000512	0x00	0x00
SPI [1]	result	6.64447154	0.00000512	0x88	0x07
SPI [1]	result	6.64447682	0.00000512	0x32	0xFF
SPI [1]	result	6.68320854	0.00000512	0x00	0x00
SPI [1]	result	6.68321382	0.00000512	0x00	0x00
SPI [1]	result	6.68321910	0.00000512	0x08	0x00
SPI [1]	result	6.68322438	0.00000512	0x20	0x10
SPI [1]	result	6.68362909	0.00000512	0x08	0x00
SPI [1]	result	6.68363437	0.00000512	0x10	0x00
SPI [1]	result	6.68363965	0.00000512	0x80	0x7F
SPI [1]	result	6.68364493	0.00000512	0x22	0xBF
SPI [1]	result	6.68404509	0.00000512	0x00	0x00
SPI [1]	result	6.68405037	0.00000512	0x00	0x00
SPI [1]	result	6.68405565	0.00000512	0x09	0x00
SPI [1]	result	6.68406093	0.00000512	0xA6	0x7F
SPI [1]	result	6.68446248	0.00000512	0x09	0x00
SPI [1]	result	6.68446776	0.00000512	0x00	0x00
SPI [1]	result	6.68447304	0.00000512	0x88	0x7F
SPI [1]	result	6.68447832	0.00000512	0x3A	0xFF
SPI [1]	result	6.68487929	0.00000512	0x00	0x00
SPI [1]	result	6.68488457	0.00000512	0x00	0x00
SPI [1]	result	6.68488985	0.00000512	0x00	0x00
SPI [1]	result	6.68489513	0.00000512	0x00	0x00
SPI [1]	result	6.68529614	0.00000512	0x08	0x00
SPI [1]	result	6.68530142	0.00000512	0x00	0x00
SPI [1]	result	6.68530670	0.00000512	0x89	0x07
SPI [1]	result	6.68531198	0.00000512	0xB8	0xFF
SPI [1]	result	6.72320706	0.00000512	0x00	0x00
SPI [1]	result	6.72321234	0.00000512	0x00	0x00
SPI [1]	result	6.72321762	0.00000512	0x08	0x00
SPI [1]	result	6.72322290	0.00000512	0x20	0x10
SPI [1]	result	6.72362337	0.00000512	0x0A	0x00
SPI [1]	result	6.72362865	0.00000512	0x10	0x0F
SPI [1]	result	6.72363393	0.00000512	0x80	0xFF
SPI [1]	result	6.72363921	0.00000512	0x32	0xFF
SPI [1]	result	6.72403994	0.00000512	0x00	0x00
SPI [1]	result	6.72404522	0.00000512	0x00	0x00
SPI [1]	result	6.72405050	0.00000512	0x00	0x00
SPI [1]	result	6.72405578	0.00000512	0x00	0x00
SPI [1]	result	6.72445672	0.00000512	0x08	0x00
SPI [1]	result	6.72446200	0.00000512	0x00	0x00
SPI [1]	result	6.72446728	0.00000512	0x88	0x07
SPI [1]	result	6.72447256	0.00000512	0x32	0xFF
SPI [1]	result	6.76321137	0.00000512	0x00	0x00
SPI [1]	result	6.76321665	0.00000512	0x00	0x00
SPI [1]	result	6.76322193	0.00000512	0x08	0x00
SPI [1]	result	6.76322721	0.00000512	0x20	0x10
SPI [1]	result	6.76364105	0.00000512	0x0B	0x00
SPI [1]	result	6.76364633	0.00000512	0x10	0x0F
SPI [1]	result	6.76365161	0.00000512	0x80	0xFF
SPI [1]	result	6.76365689	0.00000512	0x3A	0xFF
SPI [1]	result	6.76405561	0.00000512	0x00	0x00
SPI [1]	result	6.76406089	0.00000512	0x00	0x00
SPI [1]	result	6.76406617	0.00000512	0x00	0x00
SPI [1]	result	6.76407145	0.00000512	0x00	0x00
SPI [1]	result	6.76447338	0.00000512	0x08	0x00
SPI [1]	result	6.76447866	0.00000512	0x00	0x00
SPI [1]	result	6.76448394	0.00000512	0x88	0x07
SPI [1]	result	6.76448922	0.00000512	0x32	0xFF
SPI [1]	result	6.80321030	0.00000512	0x00	0x00
SPI [1]	result	6.80321558	0.00000512	0x00	0x00
SPI [1]	result	6.80322086	0.00000512	0x08	0x00
SPI [1]	result	6.80322614	0.00000512	0x20	0x00
SPI [1]	result	6.80363433	0.00000512	0x0C	0x00
SPI [1]	result	6.80363961	0.00000512	0x10	0x00
SPI [1]	result	6.80364489	0.00000512	0x80	0x7F
SPI [1]	result	6.80365017	0.00000512	0x02	0xC3
SPI [1]	result	6.80405433	0.00000512	0x00	0x00
SPI [1]	result	6.80405961	0.00000512	0x00	0x00
SPI [1]	result	6.80406489	0.00000512	0x09	0x00
SPI [1]	result	6.80407017	0.00000512	0xA6	0x7F
SPI [1]	result	6.80447195	0.00000512	0x0D	0x00
SPI [1]	result	6.80447723	0.00000512	0x00	0x00
SPI [1]	result	6.80448251	0.00000512	0x88	0x7F
SPI [1]	result	6.80448779	0.00000512	0x1A	0xFF
SPI [1]	result	6.80488656	0.00000512	0x00	0x00
SPI [1]	result	6.80489184	0.00000512	0x00	0x00
SPI [1]	result	6.80489712	0.00000512	0x00	0x00
SPI [1]	result	6.80490240	0.00000512	0x00	0x00
SPI [1]	result	6.80530389	0.00000512	0x08	0x00
SPI [1]	result	6.80530917	0.00000512	0x00	0x00
SPI [1]	result	6.80531445	0.00000512	0x89	0x07
SPI [1]	result	6.80531973	0.00000512	0xB8	0xFF
SPI [1]	result	6.84321087	0.00000512	0x00	0x00
SPI [1]	result	6.84321615	0.00000512	0x00	0x00
SPI [1]	result	6.84322143	0.00000512	0x08	0x00
SPI [1]	result	6.84322671	0.00000512	0x20	0x00
SPI [1]	result	6.84364157	0.00000512	0x0E	0x00
SPI [1]	result	6.84364685	0.00000512	0x10	0x00
SPI [1]	result	6.84365213	0.00000512	0x80	0x7F
SPI [1]	result	6.84365741	0.00000512	0x12	0xBF
SPI [1]	result	6.84405636	0.00000512	0x00	0x00
SPI [1]	result	6.84406164	0.00000512	0x00	0x00
SPI [1]	result	6.84406692	0.00000512	0x00	0x00
SPI [1]	result	6.84407220	0.00000512	0x00	0x00
SPI [1]	result	6.84447105	0.00000512	0x08	0x00
SPI [1]	result	6.84447633	0.00000512	0x00	0x00
SPI [1]	result	6.84448161	0.00000512	0x88	0x07
SPI [1]	result	6.84448689	0.00000512	0x32	0xFF
SPI [1]	result	6.88321472	0.00000512	0x00	0x00
SPI [1]	result	6.88322000	0.00000512	0x00	0x00
SPI [1]	result	6.88322528	0.00000512	0x08	0x00
SPI [1]	result	6.88323056	0.00000512	0x20	0x00
SPI [1]	result	6.88365548	0.00000512	0x0F	0x00
SPI [1]	result	6.88366076	0.00000512	0x10	0x00
SPI [1]	result	6.88366604	0.00000512	0x80	0x7F
SPI [1]	result	6.88367132	0.00000512	0x1A	0xDF
SPI [1]	result	6.88407588	0.00000512	0x00	0x00
SPI [1]	result	6.88408116	0.00000512	0x00	0x00
SPI [1]	result	6.88408644	0.00000512	0x00	0x00
SPI [1]	result	6.88409172	0.00000512	0x00	0x00
SPI [1]	result	6.88449001	0.00000512	0x08	0x00
SPI [1]	result	6.88449529	0.00000512	0x00	0x00
SPI [1]	result	6.88450057	0.00000512	0x88	0x07
SPI [1]	result	6.88450585	0.00000512	0x32	0xFF
SPI [1]	result	6.92321851	0.00000512	0x00	0x00
SPI [1]	result	6.92322379	0.00000512	0x00	0x00
SPI [1]	result	6.92322907	0.00000512	0x08	0x00
SPI [1]	result	6.92323435	0.00000512	0x20	0x00
SPI [1]	result	6.92366388	0.00000512	0x08	0x00
SPI [1]	result	6.92366916	0.00000512	0x10	0x00
SPI [1]	result	6.92367444	0.00000512	0x80	0x7F
SPI [1]	result	6.92367972	0.00000512	0x22	0xFF
SPI [1]	result	6.92408647	0.00000512	0x00	0x00
SPI [1]	result	6.92409175	0.00000512	0x00	0x00
SPI [1]	result	6.92409703	0.00000512	0x09	0x00
SPI [1]	result	6.92410231	0.00000512	0xA6	0x7F
SPI [1]	result	6.92452438	0.00000512	0x09	0x00
SPI [1]	result	6.92452966	0.00000512	0x00	0x00
SPI [1]	result	6.92453494	0.00000512	0x88	0x7F
SPI [1]	result	6.92454022	0.00000512	0x3A	0xFF
SPI [1]	result	6.92494524	0.00000512	0x00	0x00
SPI [1]	result	6.92495052	0.00000512	0x00	0x00
SPI [1]	result	6.92495580	0.00000512	0x00	0x00
SPI [1]	result	6.92496108	0.00000512	0x00	0x00
SPI [1]	result	6.92536543	0.00000512	0x08	0x00
SPI [1]	result	6.92537071	0.00000512	0x00	0x00
SPI [1]	result	6.92537599	0.00000512	0x89	0x07
SPI [1]	result	6.92538127	0.00000512	0xB8	0xFF
SPI [1]	result	6.96321268	0.00000512	0x00	0x00
SPI [1]	result	6.96321796	0.00000512	0x00	0x00
SPI [1]	result	6.96322324	0.00000512	0x08	0x00
SPI [1]	result	6.96322852	0.00000512	0x20	0x00
SPI [1]	result	6.96364901	0.00000512	0x0A	0x00
SPI [1]	result	6.96365429	0.00000512	0x10	0x0F
SPI [1]	result	6.96365957	0.00000512	0x80	0xFF
SPI [1]	result	6.96366485	0.00000512	0x32	0xFF
SPI [1]	result	6.96406584	0.00000512	0x00	0x00
SPI [1]	result	6.96407112	0.00000512	0x00	0x00
SPI [1]	result	6.96407640	0.00000512	0x00	0x00
SPI [1]	result	6.96408168	0.00000512	0x00	0x00
SPI [1]	result	6.96448349	0.00000512	0x08	0x00
SPI [1]	result	6.96448877	0.00000512	0x00	0x00
SPI [1]	result	6.96449405	0.00000512	0x88	0x07
SPI [1]	result	6.96449933	0.00000512	0x32	0xFF
SPI [1]	result	7.00321184	0.00000512	0x00	0x00
SPI [1]	result	7.00321712	0.00000512	0x00	0x00
SPI [1]	result	7.00322240	0.00000512	0x08	0x00
SPI [1]	result	7.00322768	0.00000512	0x20	0x00
SPI [1]	result	7.00364956	0.00000512	0x0B	0x00
SPI [1]	result	7.00365484	0.00000512	0x10	0x0D
SPI [1]	result	7.00366012	0.00000512	0x80	0xFF
SPI [1]	result	7.00366540	0.00000512	0x3A	0xFF
SPI [1]	result	7.00407116	0.00000512	0x00	0x00
SPI [1]	result	7.00407644	0.00000512	0x00	0x00
SPI [1]	result	7.00408172	0.00000512	0x00	0x00
SPI [1]	result	7.00408700	0.00000512	0x00	0x00
SPI [1]	result	7.00450947	0.00000512	0x08	0x00
SPI [1]	result	7.00451475	0.00000512	0x00	0x00
SPI [1]	result	7.00452003	0.00000512	0x88	0x07
SPI [1]	result	7.00452531	0.00000512	0x32	0xFF
SPI [1]	result	7.04321494	0.00000512	0x00	0x00
SPI [1]	result	7.04322022	0.00000512	0x00	0x00
SPI [1]	result	7.04322550	0.00000512	0x08	0x00
SPI [1]	result	7.04323078	0.00000512	0x20	0x10
SPI [1]	result	7.04365175	0.00000512	0x0C	0x00
SPI [1]	result	7.04365703	0.00000512	0x10	0x00
SPI [1]	result	7.04366231	0.00000512	0x80	0x7F
SPI [1]	result	7.04366759	0.00000512	0x02	0x83
SPI [1]	result	7.04407015	0.00000512	0x00	0x00
SPI [1]	result	7.04407543	0.00000512	0x00	0x00
SPI [1]	result	7.04408071	0.00000512	0x09	0x00
SPI [1]	result	7.04408599	0.00000512	0xA6	0x7F
SPI [1]	result	7.04448815	0.00000512	0x0D	0x00
SPI [1]	result	7.04449343	0.00000512	0x00	0x00
SPI [1]	result	7.04449871	0.00000512	0x88	0x7F
SPI [1]	result	7.04450399	0.00000512	0x1A	0xFF
SPI [1]	result	7.04490570	0.00000512	0x00	0x00
SPI [1]	result	7.04491098	0.00000512	0x00	0x00
SPI [1]	result	7.04491626	0.00000512	0x00	0x00
SPI [1]	result	7.04492154	0.00000512	0x00	0x00
SPI [1]	result	7.04532437	0.00000512	0x08	0x00
SPI [1]	result	7.04532965	0.00000512	0x00	0x00
SPI [1]	result	7.04533493	0.00000512	0x89	0x07
SPI [1]	result	7.04534021	0.00000512	0xB8	0xFF
SPI [1]	result	7.08322562	0.00000512	0x00	0x00
SPI [1]	result	7.08323090	0.00000512	0x00	0x00
SPI [1]	result	7.08323618	0.00000512	0x08	0x00
SPI [1]	result	7.08324146	0.00000512	0x20	0x00
SPI [1]	result	7.08369810	0.00000512	0x0E	0x00
SPI [1]	result	7.08370338	0.00000512	0x10	0x00
SPI [1]	result	7.08370866	0.00000512	0x80	0x7D
SPI [1]	result	7.08371394	0.00000512	0x12	0xFF
SPI [1]	result	7.08412306	0.00000512	0x00	0x00
SPI [1]	result	7.08412834	0.00000512	0x00	0x00
SPI [1]	result	7.08413362	0.00000512	0x00	0x00
SPI [1]	result	7.08413890	0.00000512	0x00	0x00
SPI [1]	result	7.08456869	0.00000512	0x08	0x00
SPI [1]	result	7.08457397	0.00000512	0x00	0x00
SPI [1]	result	7.08457925	0.00000512	0x88	0x07
SPI [1]	result	7.08458453	0.00000512	0x32	0xFF
SPI [1]	result	7.12321451	0.00000512	0x00	0x00
SPI [1]	result	7.12321979	0.00000512	0x00	0x00
SPI [1]	result	7.12322507	0.00000512	0x08	0x00
SPI [1]	result	7.12323035	0.00000512	0x20	0x10
SPI [1]	result	7.12371175	0.00000512	0x0F	0x00
SPI [1]	result	7.12371703	0.00000512	0x10	0x00
SPI [1]	result	7.12372231	0.00000512	0x80	0x7F
SPI [1]	result	7.12372759	0.00000512	0x1A	0xFF
SPI [1]	result	7.12414532	0.00000512	0x00	0x00
SPI [1]	result	7.12415060	0.00000512	0x00	0x00
SPI [1]	result	7.12415588	0.00000512	0x00	0x00
SPI [1]	result	7.12416116	0.00000512	0x00	0x00
SPI [1]	result	7.12456432	0.00000512	0x08	0x00
SPI [1]	result	7.12456960	0.00000512	0x00	0x00
SPI [1]	result	7.12457488	0.00000512	0x88	0x07
SPI [1]	result	7.12458016	0.00000512	0x32	0xFF
SPI [1]	result	7.16321584	0.00000512	0x00	0x00
SPI [1]	result	7.16322112	0.00000512	0x00	0x00
SPI [1]	result	7.16322640	0.00000512	0x08	0x00
SPI [1]	result	7.16323168	0.00000512	0x20	0x10
SPI [1]	result	7.16365224	0.00000512	0x08	0x00
SPI [1]	result	7.16365752	0.00000512	0x10	0x00
SPI [1]	result	7.16366280	0.00000512	0x80	0x7E
SPI [1]	result	7.16366808	0.00000512	0x22	0x3F
SPI [1]	result	7.16407667	0.00000512	0x00	0x00
SPI [1]	result	7.16408195	0.00000512	0x00	0x00
SPI [1]	result	7.16408723	0.00000512	0x09	0x00
SPI [1]	result	7.16409251	0.00000512	0xA6	0x7F
SPI [1]	result	7.16451722	0.00000512	0x09	0x00
SPI [1]	result	7.16452250	0.00000512	0x00	0x00
SPI [1]	result	7.16452778	0.00000512	0x88	0x7F
SPI [1]	result	7.16453306	0.00000512	0x3A	0xFF
SPI [1]	result	7.16494251	0.00000512	0x00	0x00
SPI [1]	result	7.16494779	0.00000512	0x00	0x00
SPI [1]	result	7.16495307	0.00000512	0x00	0x00
SPI [1]	result	7.16495835	0.00000512	0x00	0x00
SPI [1]	result	7.16538016	0.00000512	0x08	0x00
SPI [1]	result	7.16538544	0.00000512	0x00	0x00
SPI [1]	result	7.16539072	0.00000512	0x89	0x07
SPI [1]	result	7.16539600	0.00000512	0xB8	0xFF
SPI [1]	result	7.20321373	0.00000512	0x00	0x00
SPI [1]	result	7.20321901	0.00000512	0x00	0x00
SPI [1]	result	7.20322429	0.00000512	0x08	0x00
SPI [1]	result	7.20322957	0.00000512	0x20	0x00
SPI [1]	result	7.20365072	0.00000512	0x0A	0x00
SPI [1]	result	7.20365600	0.00000512	0x10	0x0F
SPI [1]	result	7.20366128	0.00000512	0x80	0xFF
SPI [1]	result	7.20366656	0.00000512	0x32	0xFF
SPI [1]	result	7.20406491	0.00000512	0x00	0x00
SPI [1]	result	7.20407019	0.00000512	0x00	0x00
SPI [1]	result	7.20407547	0.00000512	0x00	0x00
SPI [1]	result	7.20408075	0.00000512	0x00	0x00
SPI [1]	result	7.20448022	0.00000512	0x08	0x00
SPI [1]	result	7.20448550	0.00000512	0x00	0x00
SPI [1]	result	7.20449078	0.00000512	0x88	0x07
SPI [1]	result	7.20449606	0.00000512	0x32	0xFF
SPI [1]	result	7.24321184	0.00000512	0x00	0x00
SPI [1]	result	7.24321712	0.00000512	0x00	0x00
SPI [1]	result	7.24322240	0.00000512	0x08	0x00
SPI [1]	result	7.24322768	0.00000512	0x20	0x10
SPI [1]	result	7.24364161	0.00000512	0x0B	0x00
SPI [1]	result	7.24364689	0.00000512	0x10	0x0F
SPI [1]	result	7.24365217	0.00000512	0x80	0xFF
SPI [1]	result	7.24365745	0.00000512	0x3A	0xFF
SPI [1]	result	7.24406291	0.00000512	0x00	0x00
SPI [1]	result	7.24406819	0.00000512	0x00	0x00
SPI [1]	result	7.24407347	0.00000512	0x00	0x00
SPI [1]	result	7.24407875	0.00000512	0x00	0x00
SPI [1]	result	7.24449613	0.00000512	0x08	0x00
SPI [1]	result	7.24450141	0.00000512	0x00	0x00
SPI [1]	result	7.24450669	0.00000512	0x88	0x07
SPI [1]	result	7.24451197	0.00000512	0x32	0xFF
SPI [1]	result	7.28322582	0.00000512	0x00	0x00
SPI [1]	result	7.28323110	0.00000512	0x00	0x00
SPI [1]	result	7.28323638	0.00000512	0x08	0x00
SPI [1]	result	7.28324166	0.00000512	0x20	0x10
SPI [1]	result	7.28368891	0.00000512	0x0C	0x00
SPI [1]	result	7.28369419	0.00000512	0x10	0x00
SPI [1]	result	7.28369947	0.00000512	0x80	0x7F
SPI [1]	result	7.28370475	0.00000512	0x02	0x83
SPI [1]	result	7.28410928	0.00000512	0x00	0x00
SPI [1]	result	7.28411456	0.00000512	0x00	0x00
SPI [1]	result	7.28411984	0.00000512	0x09	0x00
SPI [1]	result	7.28412512	0.00000512	0xA6	0x7F
SPI [1]	result	7.28452442	0.00000512	0x0D	0x00
SPI [1]	result	7.28452970	0.00000512	0x00	0x00
SPI [1]	result	7.28453498	0.00000512	0x88	0x7F
SPI [1]	result	7.28454026	0.00000512	0x1A	0xFF
SPI [1]	result	7.28494246	0.00000512	0x00	0x00
SPI [1]	result	7.28494774	0.00000512	0x00	0x00
SPI [1]	result	7.28495302	0.00000512	0x00	0x00
SPI [1]	result	7.28495830	0.00000512	0x00	0x00
SPI [1]	result	7.28535994	0.00000512	0x08	0x00
SPI [1]	result	7.28536522	0.00000512	0x00	0x00
SPI [1]	result	7.28537050	0.00000512	0x89	0x07
SPI [1]	result	7.28537578	0.00000512	0xB8	0xFF
SPI [1]	result	7.32321845	0.00000512	0x00	0x00
SPI [1]	result	7.32322373	0.00000512	0x00	0x00
SPI [1]	result	7.32322901	0.00000512	0x08	0x00
SPI [1]	result	7.32323429	0.00000512	0x20	0x00
SPI [1]	result	7.32367128	0.00000512	0x0E	0x00
SPI [1]	result	7.32367656	0.00000512	0x10	0x00
SPI [1]	result	7.32368184	0.00000512	0x80	0x7F
SPI [1]	result	7.32368712	0.00000512	0x12	0xDF
SPI [1]	result	7.32408877	0.00000512	0x00	0x00
SPI [1]	result	7.32409405	0.00000512	0x00	0x00
SPI [1]	result	7.32409933	0.00000512	0x00	0x00
SPI [1]	result	7.32410461	0.00000512	0x00	0x00
SPI [1]	result	7.32452385	0.00000512	0x08	0x00
SPI [1]	result	7.32452913	0.00000512	0x00	0x00
SPI [1]	result	7.32453441	0.00000512	0x88	0x07
SPI [1]	result	7.32453969	0.00000512	0x32	0xFF
SPI [1]	result	7.36321363	0.00000512	0x00	0x00
SPI [1]	result	7.36321891	0.00000512	0x00	0x00
SPI [1]	result	7.36322419	0.00000512	0x08	0x00
SPI [1]	result	7.36322947	0.00000512	0x20	0x10
SPI [1]	result	7.36365117	0.00000512	0x0F	0x00
SPI [1]	result	7.36365645	0.00000512	0x10	0x00
SPI [1]	result	7.36366173	0.00000512	0x80	0x7F
SPI [1]	result	7.36366701	0.00000512	0x1A	0xFF
SPI [1]	result	7.36406685	0.00000512	0x00	0x00
SPI [1]	result	7.36407213	0.00000512	0x00	0x00
SPI [1]	result	7.36407741	0.00000512	0x00	0x00
SPI [1]	result	7.36408269	0.00000512	0x00	0x00
SPI [1]	result	7.36448385	0.00000512	0x08	0x00
SPI [1]	result	7.36448913	0.00000512	0x00	0x00
SPI [1]	result	7.36449441	0.00000512	0x88	0x07
SPI [1]	result	7.36449969	0.00000512	0x32	0xFF
SPI [1]	result	7.40321309	0.00000512	0x00	0x00
SPI [1]	result	7.40321837	0.00000512	0x00	0x00
SPI [1]	result	7.40322365	0.00000512	0x08	0x00
SPI [1]	result	7.40322893	0.00000512	0x20	0x10
SPI [1]	result	7.40364280	0.00000512	0x08	0x00
SPI [1]	result	7.40364808	0.00000512	0x10	0x00
SPI [1]	result	7.40365336	0.00000512	0x80	0x7F
SPI [1]	result	7.40365864	0.00000512	0x22	0xFF
SPI [1]	result	7.40406835	0.00000512	0x00	0x00
SPI [1]	result	7.40407363	0.00000512	0x00	0x00
SPI [1]	result	7.40407891	0.00000512	0x09	0x00
SPI [1]	result	7.40408419	0.00000512	0xA6	0x7F
SPI [1]	result	7.40450759	0.00000512	0x09	0x00
SPI [1]	result	7.40451287	0.00000512	0x00	0x00
SPI [1]	result	7.40451815	0.00000512	0x88	0x7F
SPI [1]	result	7.40452343	0.00000512	0x3A	0xFF
SPI [1]	result	7.40493259	0.00000512	0x00	0x00
SPI [1]	result	7.40493787	0.00000512	0x00	0x00
SPI [1]	result	7.40494315	0.00000512	0x00	0x00
SPI [1]	result	7.40494843	0.00000512	0x00	0x00
SPI [1]	result	7.40535158	0.00000512	0x08	0x00
SPI [1]	result	7.40535686	0.00000512	0x00	0x00
SPI [1]	result	7.40536214	0.00000512	0x89	0x07
SPI [1]	result	7.40536742	0.00000512	0xB8	0xFF
SPI [1]	result	7.44322243	0.00000512	0x00	0x00
SPI [1]	result	7.44322771	0.00000512	0x00	0x00
SPI [1]	result	7.44323299	0.00000512	0x08	0x00
SPI [1]	result	7.44323827	0.00000512	0x20	0x00
SPI [1]	result	7.44368533	0.00000512	0x0A	0x00
SPI [1]	result	7.44369061	0.00000512	0x10	0x0F
SPI [1]	result	7.44369589	0.00000512	0x80	0xFF
SPI [1]	result	7.44370117	0.00000512	0x32	0xFF
SPI [1]	result	7.44410381	0.00000512	0x00	0x00
SPI [1]	result	7.44410909	0.00000512	0x00	0x00
SPI [1]	result	7.44411437	0.00000512	0x00	0x00
SPI [1]	result	7.44411965	0.00000512	0x00	0x00
SPI [1]	result	7.44452072	0.00000512	0x08	0x00
SPI [1]	result	7.44452600	0.00000512	0x00	0x00
SPI [1]	result	7.44453128	0.00000512	0x88	0x07
SPI [1]	result	7.44453656	0.00000512	0x32	0xFF
SPI [1]	result	7.48323580	0.00000512	0x00	0x00
SPI [1]	result	7.48324108	0.00000512	0x00	0x00
SPI [1]	result	7.48324636	0.00000512	0x08	0x00
SPI [1]	result	7.48325164	0.00000512	0x20	0x10
SPI [1]	result	7.48372909	0.00000512	0x0B	0x00
SPI [1]	result	7.48373437	0.00000512	0x10	0x0F
SPI [1]	result	7.48373965	0.00000512	0x80	0xFF
SPI [1]	result	7.48374493	0.00000512	0x3A	0xFF
SPI [1]	result	7.48415500	0.00000512	0x00	0x00
SPI [1]	result	7.48416028	0.00000512	0x00	0x00
SPI [1]	result	7.48416556	0.00000512	0x00	0x00
SPI [1]	result	7.48417084	0.00000512	0x00	0x00
SPI [1]	result	7.48465648	0.00000512	0x08	0x00
SPI [1]	result	7.48466176	0.00000512	0x00	0x00
SPI [1]	result	7.48466704	0.00000512	0x88	0x07
SPI [1]	result	7.48467232	0.00000512	0x32	0xFF
SPI [1]	result	7.52322789	0.00000512	0x00	0x00
SPI [1]	result	7.52323317	0.00000512	0x00	0x00
SPI [1]	result	7.52323845	0.00000512	0x08	0x00
SPI [1]	result	7.52324373	0.00000512	0x20	0x10
SPI [1]	result	7.52369426	0.00000512	0x0C	0x00
SPI [1]	result	7.52369954	0.00000512	0x10	0x00
SPI [1]	result	7.52370482	0.00000512	0x80	0x7F
SPI [1]	result	7.52371010	0.00000512	0x02	0x83
SPI [1]	result	7.52411146	0.00000512	0x00	0x00
SPI [1]	result	7.52411674	0.00000512	0x00	0x00
SPI [1]	result	7.52412202	0.00000512	0x09	0x00
SPI [1]	result	7.52412730	0.00000512	0xA6	0x7F
SPI [1]	result	7.52452840	0.00000512	0x0D	0x00
SPI [1]	result	7.52453368	0.00000512	0x00	0x00
SPI [1]	result	7.52453896	0.00000512	0x88	0x7F
SPI [1]	result	7.52454424	0.00000512	0x1A	0xFF
SPI [1]	result	7.52494390	0.00000512	0x00	0x00
SPI [1]	result	7.52494918	0.00000512	0x00	0x00
SPI [1]	result	7.52495446	0.00000512	0x00	0x00
SPI [1]	result	7.52495974	0.00000512	0x00	0x00
SPI [1]	result	7.52536036	0.00000512	0x08	0x00
SPI [1]	result	7.52536564	0.00000512	0x00	0x00
SPI [1]	result	7.52537092	0.00000512	0x89	0x07
SPI [1]	result	7.52537620	0.00000512	0xB8	0xFF
SPI [1]	result	7.56322239	0.00000512	0x00	0x00
SPI [1]	result	7.56322767	0.00000512	0x00	0x00
SPI [1]	result	7.56323295	0.00000512	0x08	0x00
SPI [1]	result	7.56323823	0.00000512	0x20	0x00
SPI [1]	result	7.56368461	0.00000512	0x0E	0x00
SPI [1]	result	7.56368989	0.00000512	0x10	0x00
SPI [1]	result	7.56369517	0.00000512	0x80	0x7F
SPI [1]	result	7.56370045	0.00000512	0x12	0x1F
SPI [1]	result	7.56409809	0.00000512	0x00	0x00
SPI [1]	result	7.56410337	0.00000512	0x00	0x00
SPI [1]	result	7.56410865	0.00000512	0x00	0x00
SPI [1]	result	7.56411393	0.00000512	0x00	0x00
SPI [1]	result	7.56451453	0.00000512	0x08	0x00
SPI [1]	result	7.56451981	0.00000512	0x00	0x00
SPI [1]	result	7.56452509	0.00000512	0x88	0x07
SPI [1]	result	7.56453037	0.00000512	0x32	0xFF
SPI [1]	result	7.60321143	0.00000512	0x00	0x00
SPI [1]	result	7.60321671	0.00000512	0x00	0x00
SPI [1]	result	7.60322199	0.00000512	0x08	0x00
SPI [1]	result	7.60322727	0.00000512	0x20	0x10
SPI [1]	result	7.60364115	0.00000512	0x0F	0x00
SPI [1]	result	7.60364643	0.00000512	0x10	0x00
SPI [1]	result	7.60365171	0.00000512	0x80	0x7F
SPI [1]	result	7.60365699	0.00000512	0x1A	0x7F
SPI [1]	result	7.60405650	0.00000512	0x00	0x00
SPI [1]	result	7.60406178	0.00000512	0x00	0x00
SPI [1]	result	7.60406706	0.00000512	0x00	0x00
SPI [1]	result	7.60407234	0.00000512	0x00	0x00
SPI [1]	result	7.60447214	0.00000512	0x08	0x00
SPI [1]	result	7.60447742	0.00000512	0x00	0x00
SPI [1]	result	7.60448270	0.00000512	0x88	0x07
SPI [1]	result	7.60448798	0.00000512	0x32	0xFF
SPI [1]	result	7.64321498	0.00000512	0x00	0x00
SPI [1]	result	7.64322026	0.00000512	0x00	0x00
SPI [1]	result	7.64322554	0.00000512	0x08	0x00
SPI [1]	result	7.64323082	0.00000512	0x20	0x10
SPI [1]	result	7.64364781	0.00000512	0x08	0x00
SPI [1]	result	7.64365309	0.00000512	0x10	0x00
SPI [1]	result	7.64365837	0.00000512	0x80	0x7B
SPI [1]	result	7.64366365	0.00000512	0x22	0xBF
SPI [1]	result	7.64406405	0.00000512	0x00	0x00
SPI [1]	result	7.64406933	0.00000512	0x00	0x00
SPI [1]	result	7.64407461	0.00000512	0x09	0x00
SPI [1]	result	7.64407989	0.00000512	0xA6	0x7F
SPI [1]	result	7.64447735	0.00000512	0x09	0x00
SPI [1]	result	7.64448263	0.00000512	0x00	0x00
SPI [1]	result	7.64448791	0.00000512	0x88	0x7F
SPI [1]	result	7.64449319	0.00000512	0x3A	0xFF
SPI [1]	result	7.64489436	0.00000512	0x00	0x00
SPI [1]	result	7.64489964	0.00000512	0x00	0x00
SPI [1]	result	7.64490492	0.00000512	0x00	0x00
SPI [1]	result	7.64491020	0.00000512	0x00	0x00
SPI [1]	result	7.64531086	0.00000512	0x08	0x00
SPI [1]	result	7.64531614	0.00000512	0x00	0x00
SPI [1]	result	7.64532142	0.00000512	0x89	0x07
SPI [1]	result	7.64532670	0.00000512	0xB8	0xFF
SPI [1]	result	7.68320767	0.00000512	0x00	0x00
SPI [1]	result	7.68321295	0.00000512	0x00	0x00
SPI [1]	result	7.68321823	0.00000512	0x08	0x00
SPI [1]	result	7.68322351	0.00000512	0x20	0x00
SPI [1]	result	7.68363043	0.00000512	0x0A	0x00
SPI [1]	result	7.68363571	0.00000512	0x10	0x0F
SPI [1]	result	7.68364099	0.00000512	0x80	0xFF
SPI [1]	result	7.68364627	0.00000512	0x32	0xFF
SPI [1]	result	7.68404920	0.00000512	0x00	0x00
SPI [1]	result	7.68405448	0.00000512	0x00	0x00
SPI [1]	result	7.68405976	0.00000512	0x00	0x00
SPI [1]	result	7.68406504	0.00000512	0x00	0x00
SPI [1]	result	7.68446235	0.00000512	0x08	0x00
SPI [1]	result	7.68446763	0.00000512	0x00	0x00
SPI [1]	result	7.68447291	0.00000512	0x88	0x07
SPI [1]	result	7.68447819	0.00000512	0x32	0xFF
SPI [1]	result	7.72320761	0.00000512	0x00	0x00
SPI [1]	result	7.72321289	0.00000512	0x00	0x00
SPI [1]	result	7.72321817	0.00000512	0x08	0x00
SPI [1]	result	7.72322345	0.00000512	0x20	0x00
SPI [1]	result	7.72362504	0.00000512	0x0B	0x00
SPI [1]	result	7.72363032	0.00000512	0x10	0x0F
SPI [1]	result	7.72363560	0.00000512	0x80	0xFF
SPI [1]	result	7.72364088	0.00000512	0x3A	0xFF
SPI [1]	result	7.72404290	0.00000512	0x00	0x00
SPI [1]	result	7.72404818	0.00000512	0x00	0x00
SPI [1]	result	7.72405346	0.00000512	0x00	0x00
SPI [1]	result	7.72405874	0.00000512	0x00	0x00
SPI [1]	result	7.72445955	0.00000512	0x08	0x00
SPI [1]	result	7.72446483	0.00000512	0x00	0x00
SPI [1]	result	7.72447011	0.00000512	0x88	0x07
SPI [1]	result	7.72447539	0.00000512	0x32	0xFF
SPI [1]	result	7.76320983	0.00000512	0x00	0x00
SPI [1]	result	7.76321511	0.00000512	0x00	0x00
SPI [1]	result	7.76322039	0.00000512	0x08	0x00
SPI [1]	result	7.76322567	0.00000512	0x20	0x00
SPI [1]	result	7.76362818	0.00000512	0x0C	0x00
SPI [1]	result	7.76363346	0.00000512	0x10	0x00
SPI [1]	result	7.76363874	0.00000512	0x80	0x7F
SPI [1]	result	7.76364402	0.00000512	0x02	0x93
SPI [1]	result	7.76404574	0.00000512	0x00	0x00
SPI [1]	result	7.76405102	0.00000512	0x00	0x00
SPI [1]	result	7.76405630	0.00000512	0x09	0x00
SPI [1]	result	7.76406158	0.00000512	0xA6	0x7F
SPI [1]	result	7.76446287	0.00000512	0x0D	0x00
SPI [1]	result	7.76446815	0.00000512	0x00	0x00
SPI [1]	result	7.76447343	0.00000512	0x88	0x7F
SPI [1]	result	7.76447871	0.00000512	0x1A	0xFF
SPI [1]	result	7.76488005	0.00000512	0x00	0x00
SPI [1]	result	7.76488533	0.00000512	0x00	0x00
SPI [1]	result	7.76489061	0.00000512	0x00	0x00
SPI [1]	result	7.76489589	0.00000512	0x00	0x00
SPI [1]	result	7.76529693	0.00000512	0x08	0x00
SPI [1]	result	7.76530221	0.00000512	0x00	0x00
SPI [1]	result	7.76530749	0.00000512	0x89	0x07
SPI [1]	result	7.76531277	0.00000512	0xB8	0xFF
SPI [1]	result	7.80320721	0.00000512	0x00	0x00
SPI [1]	result	7.80321249	0.00000512	0x00	0x00
SPI [1]	result	7.80321777	0.00000512	0x08	0x00
SPI [1]	result	7.80322305	0.00000512	0x20	0x10
SPI [1]	result	7.80362352	0.00000512	0x0E	0x00
SPI [1]	result	7.80362880	0.00000512	0x10	0x00
SPI [1]	result	7.80363408	0.00000512	0x80	0x7F
SPI [1]	result	7.80363936	0.00000512	0x12	0x5F
SPI [1]	result	7.80404068	0.00000512	0x00	0x00
SPI [1]	result	7.80404596	0.00000512	0x00	0x00
SPI [1]	result	7.80405124	0.00000512	0x00	0x00
SPI [1]	result	7.80405652	0.00000512	0x00	0x00
SPI [1]	result	7.80445788	0.00000512	0x08	0x00
SPI [1]	result	7.80446316	0.00000512	0x00	0x00
SPI [1]	result	7.80446844	0.00000512	0x88	0x07
SPI [1]	result	7.80447372	0.00000512	0x32	0xFF
SPI [1]	result	7.84321098	0.00000512	0x00	0x00
SPI [1]	result	7.84321626	0.00000512	0x00	0x00
SPI [1]	result	7.84322154	0.00000512	0x08	0x00
SPI [1]	result	7.84322682	0.00000512	0x20	0x00
SPI [1]	result	7.84364366	0.00000512	0x0F	0x00
SPI [1]	result	7.84364894	0.00000512	0x10	0x00
SPI [1]	result	7.84365422	0.00000512	0x80	0x7F
SPI [1]	result	7.84365950	0.00000512	0x1A	0xFF
SPI [1]	result	7.84405918	0.00000512	0x00	0x00
SPI [1]	result	7.84406446	0.00000512	0x00	0x00
SPI [1]	result	7.84406974	0.00000512	0x00	0x00
SPI [1]	result	7.84407502	0.00000512	0x00	0x00
SPI [1]	result	7.84447647	0.00000512	0x08	0x00
SPI [1]	result	7.84448175	0.00000512	0x00	0x00
SPI [1]	result	7.84448703	0.00000512	0x88	0x07
SPI [1]	result	7.84449231	0.00000512	0x32	0xFF
SPI [1]	result	7.88321552	0.00000512	0x00	0x00
SPI [1]	result	7.88322080	0.00000512	0x00	0x00
SPI [1]	result	7.88322608	0.00000512	0x08	0x00
SPI [1]	result	7.88323136	0.00000512	0x20	0x10
SPI [1]	result	7.88365359	0.00000512	0x08	0x00
SPI [1]	result	7.88365887	0.00000512	0x10	0x00
SPI [1]	result	7.88366415	0.00000512	0x80	0x7F
SPI [1]	result	7.88366943	0.00000512	0x22	0x3F
SPI [1]	result	7.88407422	0.00000512	0x00	0x00
SPI [1]	result	7.88407950	0.00000512	0x00	0x00
SPI [1]	result	7.88408478	0.00000512	0x09	0x00
SPI [1]	result	7.88409006	0.00000512	0xA6	0x7F
SPI [1]	result	7.88448929	0.00000512	0x09	0x00
SPI [1]	result	7.88449457	0.00000512	0x00	0x00
SPI [1]	result	7.88449985	0.00000512	0x88	0x7F
SPI [1]	result	7.88450513	0.00000512	0x3A	0xFF
SPI [1]	result	7.88490855	0.00000512	0x00	0x00
SPI [1]	result	7.88491383	0.00000512	0x00	0x00
SPI [1]	result	7.88491911	0.00000512	0x00	0x00
SPI [1]	result	7.88492439	0.00000512	0x00	0x00
SPI [1]	result	7.88533208	0.00000512	0x08	0x00
SPI [1]	result	7.88533736	0.00000512	0x00	0x00
SPI [1]	result	7.88534264	0.00000512	0x89	0x07
SPI [1]	result	7.88534792	0.00000512	0xB8	0xFF
SPI [1]	result	7.92323783	0.00000512	0x00	0x00
SPI [1]	result	7.92324311	0.00000512	0x00	0x00
SPI [1]	result	7.92324839	0.00000512	0x08	0x00
SPI [1]	result	7.92325367	0.00000512	0x20	0x10
SPI [1]	result	7.92374292	0.00000512	0x0A	0x00
SPI [1]	result	7.92374820	0.00000512	0x10	0x0F
SPI [1]	result	7.92375348	0.00000512	0x80	0xFF
SPI [1]	result	7.92375876	0.00000512	0x32	0xFF
SPI [1]	result	7.92416033	0.00000512	0x00	0x00
SPI [1]	result	7.92416561	0.00000512	0x00	0x00
SPI [1]	result	7.92417089	0.00000512	0x00	0x00
SPI [1]	result	7.92417617	0.00000512	0x00	0x00
SPI [1]	result	7.92457683	0.00000512	0x08	0x00
SPI [1]	result	7.92458211	0.00000512	0x00	0x00
SPI [1]	result	7.92458739	0.00000512	0x88	0x07
SPI [1]	result	7.92459267	0.00000512	0x32	0xFF
SPI [1]	result	7.96322215	0.00000512	0x00	0x00
SPI [1]	result	7.96322743	0.00000512	0x00	0x00
SPI [1]	result	7.96323271	0.00000512	0x08	0x00
SPI [1]	result	7.96323799	0.00000512	0x20	0x00
SPI [1]	result	7.96368476	0.00000512	0x0B	0x00
SPI [1]	result	7.96369004	0.00000512	0x10	0x07
SPI [1]	result	7.96369532	0.00000512	0x80	0xFF
SPI [1]	result	7.96370060	0.00000512	0x3A	0xFF
SPI [1]	result	7.96410733	0.00000512	0x00	0x00
SPI [1]	result	7.96411261	0.00000512	0x00	0x00
SPI [1]	result	7.96411789	0.00000512	0x00	0x00
SPI [1]	result	7.96412317	0.00000512	0x00	0x00
SPI [1]	result	7.96453975	0.00000512	0x08	0x00
SPI [1]	result	7.96454503	0.00000512	0x00	0x00
SPI [1]	result	7.96455031	0.00000512	0x88	0x07
SPI [1]	result	7.96455559	0.00000512	0x32	0xFF
SPI [1]	result	8.00322670	0.00000512	0x00	0x00
SPI [1]	result	8.00323198	0.00000512	0x00	0x00
SPI [1]	result	8.00323726	0.00000512	0x08	0x00
SPI [1]	result	8.00324254	0.00000512	0x20	0x00
SPI [1]	result	8.00369028	0.00000512	0x0C	0x00
SPI [1]	result	8.00369556	0.00000512	0x10	0x00
SPI [1]	result	8.00370084	0.00000512	0x80	0x7F
SPI [1]	result	8.00370612	0.00000512	0x02	0x43
SPI [1]	result	8.00410848	0.00000512	0x00	0x00
SPI [1]	result	8.00411376	0.00000512	0x00	0x00
SPI [1]	result	8.00411904	0.00000512	0x09	0x00
SPI [1]	result	8.00412432	0.00000512	0xA6	0x7F
SPI [1]	result	8.00452516	0.00000512	0x0D	0x00
SPI [1]	result	8.00453044	0.00000512	0x00	0x00
SPI [1]	result	8.00453572	0.00000512	0x88	0x7F
SPI [1]	result	8.00454100	0.00000512	0x1A	0xFF
SPI [1]	result	8.00494110	0.00000512	0x00	0x00
SPI [1]	result	8.00494638	0.00000512	0x00	0x00
SPI [1]	result	8.00495166	0.00000512	0x00	0x00
SPI [1]	result	8.00495694	0.00000512	0x00	0x00
SPI [1]	result	8.00535801	0.00000512	0x08	0x00
SPI [1]	result	8.00536329	0.00000512	0x00	0x00
SPI [1]	result	8.00536857	0.00000512	0x89	0x07
SPI [1]	result	8.00537385	0.00000512	0xB8	0xFF
SPI [1]	result	8.04321672	0.00000512	0x00	0x00
SPI [1]	result	8.04322200	0.00000512	0x00	0x00
SPI [1]	result	8.04322728	0.00000512	0x08	0x00
SPI [1]	result	8.04323256	0.00000512	0x20	0x10
SPI [1]	result	8.04365772	0.00000512	0x0E	0x00
SPI [1]	result	8.04366300	0.00000512	0x10	0x00
SPI [1]	result	8.04366828	0.00000512	0x80	0x7F
SPI [1]	result	8.04367356	0.00000512	0x12	0xDF
SPI [1]	result	8.04407931	0.00000512	0x00	0x00
SPI [1]	result	8.04408459	0.00000512	0x00	0x00
SPI [1]	result	8.04408987	0.00000512	0x00	0x00
SPI [1]	result	8.04409515	0.00000512	0x00	0x00
SPI [1]	result	8.04451305	0.00000512	0x08	0x00
SPI [1]	result	8.04451833	0.00000512	0x00	0x00
SPI [1]	result	8.04452361	0.00000512	0x88	0x07
SPI [1]	result	8.04452889	0.00000512	0x32	0xFF
SPI [1]	result	8.08322481	0.00000512	0x00	0x00
SPI [1]	result	8.08323009	0.00000512	0x00	0x00
SPI [1]	result	8.08323537	0.00000512	0x08	0x00
SPI [1]	result	8.08324065	0.00000512	0x20	0x00
SPI [1]	result	8.08369357	0.00000512	0x0F	0x00
SPI [1]	result	8.08369885	0.00000512	0x10	0x00
SPI [1]	result	8.08370413	0.00000512	0x80	0x7F
SPI [1]	result	8.08370941	0.00000512	0x1A	0x9F
SPI [1]	result	8.08411068	0.00000512	0x00	0x00
SPI [1]	result	8.08411596	0.00000512	0x00	0x00
SPI [1]	result	8.08412124	0.00000512	0x00	0x00
SPI [1]	result	8.08412652	0.00000512	0x00	0x00
SPI [1]	result	8.08452777	0.00000512	0x08	0x00
SPI [1]	result	8.08453305	0.00000512	0x00	0x00
SPI [1]	result	8.08453833	0.00000512	0x88	0x07
SPI [1]	result	8.08454361	0.00000512	0x32	0xFF
SPI [1]	result	8.12321130	0.00000512	0x00	0x00
SPI [1]	result	8.12321658	0.00000512	0x00	0x00
SPI [1]	result	8.12322186	0.00000512	0x08	0x00
SPI [1]	result	8.12322714	0.00000512	0x20	0x00
SPI [1]	result	8.12363100	0.00000512	0x08	0x00
SPI [1]	result	8.12363628	0.00000512	0x10	0x00
SPI [1]	result	8.12364156	0.00000512	0x80	0x7E
SPI [1]	result	8.12364684	0.00000512	0x22	0x3F
SPI [1]	result	8.12404572	0.00000512	0x00	0x00
SPI [1]	result	8.12405100	0.00000512	0x00	0x00
SPI [1]	result	8.12405628	0.00000512	0x09	0x00
SPI [1]	result	8.12406156	0.00000512	0xA6	0x7F
SPI [1]	result	8.12446162	0.00000512	0x09	0x00
SPI [1]	result	8.12446690	0.00000512	0x00	0x00
SPI [1]	result	8.12447218	0.00000512	0x88	0x7F
SPI [1]	result	8.12447746	0.00000512	0x3A	0xFF
SPI [1]	result	8.12487703	0.00000512	0x00	0x00
SPI [1]	result	8.12488231	0.00000512	0x00	0x00
SPI [1]	result	8.12488759	0.00000512	0x00	0x00
SPI [1]	result	8.12489287	0.00000512	0x00	0x00
SPI [1]	result	8.12529297	0.00000512	0x08	0x00
SPI [1]	result	8.12529825	0.00000512	0x00	0x00
SPI [1]	result	8.12530353	0.00000512	0x89	0x07
SPI [1]	result	8.12530881	0.00000512	0xB8	0xFF
SPI [1]	result	8.16321457	0.00000512	0x00	0x00
SPI [1]	result	8.16321985	0.00000512	0x00	0x00
SPI [1]	result	8.16322513	0.00000512	0x08	0x00
SPI [1]	result	8.16323041	0.00000512	0x20	0x00
SPI [1]	result	8.16365152	0.00000512	0x0A	0x00
SPI [1]	result	8.16365680	0.00000512	0x10	0x0F
SPI [1]	result	8.16366208	0.00000512	0x80	0xFF
SPI [1]	result	8.16366736	0.00000512	0x32	0xFF
SPI [1]	result	8.16407336	0.00000512	0x00	0x00
SPI [1]	result	8.16407864	0.00000512	0x00	0x00
SPI [1]	result	8.16408392	0.00000512	0x00	0x00
SPI [1]	result	8.16408920	0.00000512	0x00	0x00
SPI [1]	result	8.16449103	0.00000512	0x08	0x00
SPI [1]	result	8.16449631	0.00000512	0x00	0x00
SPI [1]	result	8.16450159	0.00000512	0x88	0x07
SPI [1]	result	8.16450687	0.00000512	0x32	0xFF
SPI [1]	result	8.20321196	0.00000512	0x00	0x00
SPI [1]	result	8.20321724	0.00000512	0x00	0x00
SPI [1]	result	8.20322252	0.00000512	0x08	0x00
SPI [1]	result	8.20322780	0.00000512	0x20	0x10
SPI [1]	result	8.20364159	0.00000512	0x0B	0x00
SPI [1]	result	8.20364687	0.00000512	0x10	0x0F
SPI [1]	result	8.20365215	0.00000512	0x80	0xFF
SPI [1]	result	8.20365743	0.00000512	0x3A	0xFF
SPI [1]	result	8.20405883	0.00000512	0x00	0x00
SPI [1]	result	8.20406411	0.00000512	0x00	0x00
SPI [1]	result	8.20406939	0.00000512	0x00	0x00
SPI [1]	result	8.20407467	0.00000512	0x00	0x00
SPI [1]	result	8.20447457	0.00000512	0x08	0x00
SPI [1]	result	8.20447985	0.00000512	0x00	0x00
SPI [1]	result	8.20448513	0.00000512	0x88	0x07
SPI [1]	result	8.20449041	0.00000512	0x32	0xFF
SPI [1]	result	8.24321133	0.00000512	0x00	0x00
SPI [1]	result	8.24321661	0.00000512	0x00	0x00
SPI [1]	result	8.24322189	0.00000512	0x08	0x00
SPI [1]	result	8.24322717	0.00000512	0x20	0x00
SPI [1]	result	8.24363128	0.00000512	0x0C	0x00
SPI [1]	result	8.24363656	0.00000512	0x10	0x00
SPI [1]	result	8.24364184	0.00000512	0x80	0x7F
SPI [1]	result	8.24364712	0.00000512	0x02	0x73
SPI [1]	result	8.24411866	0.00000512	0x00	0x00
SPI [1]	result	8.24412394	0.00000512	0x00	0x00
SPI [1]	result	8.24412922	0.00000512	0x09	0x00
SPI [1]	result	8.24413450	0.00000512	0xA6	0x7F
SPI [1]	result	8.24455257	0.00000512	0x0D	0x00
SPI [1]	result	8.24455785	0.00000512	0x00	0x00
SPI [1]	result	8.24456313	0.00000512	0x88	0x7F
SPI [1]	result	8.24456841	0.00000512	0x1A	0xFF
SPI [1]	result	8.24496877	0.00000512	0x00	0x00
SPI [1]	result	8.24497405	0.00000512	0x00	0x00
SPI [1]	result	8.24497933	0.00000512	0x00	0x00
SPI [1]	result	8.24498461	0.00000512	0x00	0x00
SPI [1]	result	8.24538589	0.00000512	0x08	0x00
SPI [1]	result	8.24539117	0.00000512	0x00	0x00
SPI [1]	result	8.24539645	0.00000512	0x89	0x07
SPI [1]	result	8.24540173	0.00000512	0xB8	0xFF
SPI [1]	result	8.28321257	0.00000512	0x00	0x00
SPI [1]	result	8.28321785	0.00000512	0x00	0x00
SPI [1]	result	8.28322313	0.00000512	0x08	0x00
SPI [1]	result	8.28322841	0.00000512	0x20	0x00
SPI [1]	result	8.28364318	0.00000512	0x0E	0x00
SPI [1]	result	8.28364846	0.00000512	0x10	0x00
SPI [1]	result	8.28365374	0.00000512	0x80	0x7F
SPI [1]	result	8.28365902	0.00000512	0x12	0xFF
SPI [1]	result	8.28406886	0.00000512	0x00	0x00
SPI [1]	result	8.28407414	0.00000512	0x00	0x00
SPI [1]	result	8.28407942	0.00000512	0x00	0x00
SPI [1]	result	8.28408470	0.00000512	0x00	0x00
SPI [1]	result	8.28450155	0.00000512	0x08	0x00
SPI [1]	result	8.28450683	0.00000512	0x00	0x00
SPI [1]	result	8.28451211	0.00000512	0x88	0x07
SPI [1]	result	8.28451739	0.00000512	0x32	0xFF
SPI [1]	result	8.32323972	0.00000512	0x00	0x00
SPI [1]	result	8.32324500	0.00000512	0x00	0x00
SPI [1]	result	8.32325028	0.00000512	0x08	0x00
SPI [1]	result	8.32325556	0.00000512	0x20	0x10
SPI [1]	result	8.32373605	0.00000512	0x0F	0x00
SPI [1]	result	8.32374133	0.00000512	0x10	0x00
SPI [1]	result	8.32374661	0.00000512	0x80	0x7F
SPI [1]	result	8.32375189	0.00000512	0x1A	0xDF
SPI [1]	result	8.32415451	0.00000512	0x00	0x00
SPI [1]	result	8.32415979	0.00000512	0x00	0x00
SPI [1]	result	8.32416507	0.00000512	0x00	0x00
SPI [1]	result	8.32417035	0.00000512	0x00	0x00
SPI [1]	result	8.32456894	0.00000512	0x08	0x00
SPI [1]	result	8.32457422	0.00000512	0x00	0x00
SPI [1]	result	8.32457950	0.00000512	0x88	0x07
SPI [1]	result	8.32458478	0.00000512	0x32	0xFF
SPI [1]	result	8.36321867	0.00000512	0x00	0x00
SPI [1]	result	8.36322395	0.00000512	0x00	0x00
SPI [1]	result	8.36322923	0.00000512	0x08	0x00
SPI [1]	result	8.36323451	0.00000512	0x20	0x00
SPI [1]	result	8.36366646	0.00000512	0x08	0x00
SPI [1]	result	8.36367174	0.00000512	0x10	0x00
SPI [1]	result	8.36367702	0.00000512	0x80	0x7F
SPI [1]	result	8.36368230	0.00000512	0x22	0xFF
SPI [1]	result	8.36408357	0.00000512	0x00	0x00
SPI [1]	result	8.36408885	0.00000512	0x00	0x00
SPI [1]	result	8.36409413	0.00000512	0x09	0x00
SPI [1]	result	8.36409941	0.00000512	0xA6	0x7F
SPI [1]	result	8.36450475	0.00000512	0x09	0x00
SPI [1]	result	8.36451003	0.00000512	0x00	0x00
SPI [1]	result	8.36451531	0.00000512	0x88	0x7F
SPI [1]	result	8.36452059	0.00000512	0x3A	0xFF
SPI [1]	result	8.36492640	0.00000512	0x00	0x00
SPI [1]	result	8.36493168	0.00000512	0x00	0x00
SPI [1]	result	8.36493696	0.00000512	0x00	0x00
SPI [1]	result	8.36494224	0.00000512	0x00	0x00
SPI [1]	result	8.36534827	0.00000512	0x08	0x00
SPI [1]	result	8.36535355	0.00000512	0x00	0x00
SPI [1]	result	8.36535883	0.00000512	0x89	0x07
SPI [1]	result	8.36536411	0.00000512	0xB8	0xFF
SPI [1]	result	8.40321593	0.00000512	0x00	0x00
SPI [1]	result	8.40322121	0.00000512	0x00	0x00
SPI [1]	result	8.40322649	0.00000512	0x08	0x00
SPI [1]	result	8.40323177	0.00000512	0x20	0x00
SPI [1]	result	8.40366413	0.00000512	0x0A	0x00
SPI [1]	result	8.40366941	0.00000512	0x10	0x0F
SPI [1]	result	8.40367469	0.00000512	0x80	0xFF
SPI [1]	result	8.40367997	0.00000512	0x32	0xFF
SPI [1]	result	8.40407787	0.00000512	0x00	0x00
SPI [1]	result	8.40408315	0.00000512	0x00	0x00
SPI [1]	result	8.40408843	0.00000512	0x00	0x00
SPI [1]	result	8.40409371	0.00000512	0x00	0x00
SPI [1]	result	8.40449322	0.00000512	0x08	0x00
SPI [1]	result	8.40449850	0.00000512	0x00	0x00
SPI [1]	result	8.40450378	0.00000512	0x88	0x07
SPI [1]	result	8.40450906	0.00000512	0x32	0xFF
SPI [1]	result	8.44320917	0.00000512	0x00	0x00
SPI [1]	result	8.44321445	0.00000512	0x00	0x00
SPI [1]	result	8.44321973	0.00000512	0x08	0x00
SPI [1]	result	8.44322501	0.00000512	0x20	0x10
SPI [1]	result	8.44363595	0.00000512	0x0B	0x00
SPI [1]	result	8.44364123	0.00000512	0x10	0x0F
SPI [1]	result	8.44364651	0.00000512	0x80	0xFF
SPI [1]	result	8.44365179	0.00000512	0x3A	0xFF
SPI [1]	result	8.44405374	0.00000512	0x00	0x00
SPI [1]	result	8.44405902	0.00000512	0x00	0x00
SPI [1]	result	8.44406430	0.00000512	0x00	0x00
SPI [1]	result	8.44406958	0.00000512	0x00	0x00
SPI [1]	result	8.44447809	0.00000512	0x08	0x00
SPI [1]	result	8.44448337	0.00000512	0x00	0x00
SPI [1]	result	8.44448865	0.00000512	0x88	0x07
SPI [1]	result	8.44449393	0.00000512	0x32	0xFF
SPI [1]	result	8.48321256	0.00000512	0x00	0x00
SPI [1]	result	8.48321784	0.00000512	0x00	0x00
SPI [1]	result	8.48322312	0.00000512	0x08	0x00
SPI [1]	result	8.48322840	0.00000512	0x20	0x10
SPI [1]	result	8.48363739	0.00000512	0x0C	0x00
SPI [1]	result	8.48364267	0.00000512	0x10	0x00
SPI [1]	result	8.48364795	0.00000512	0x80	0x7F
SPI [1]	result	8.48365323	0.00000512	0x02	0x01
SPI [1]	result	8.48405320	0.00000512	0x00	0x00
SPI [1]	result	8.48405848	0.00000512	0x00	0x00
SPI [1]	result	8.48406376	0.00000512	0x09	0x00
SPI [1]	result	8.48406904	0.00000512	0xA6	0x3F
SPI [1]	result	8.48446868	0.00000512	0x0D	0x00
SPI [1]	result	8.48447396	0.00000512	0x00	0x00
SPI [1]	result	8.48447924	0.00000512	0x88	0x7F
SPI [1]	result	8.48448452	0.00000512	0x1A	0xFF
SPI [1]	result	8.48488473	0.00000512	0x00	0x00
SPI [1]	result	8.48489001	0.00000512	0x00	0x00
SPI [1]	result	8.48489529	0.00000512	0x00	0x00
SPI [1]	result	8.48490057	0.00000512	0x00	0x00
SPI [1]	result	8.48530031	0.00000512	0x08	0x00
SPI [1]	result	8.48530559	0.00000512	0x00	0x00
SPI [1]	result	8.48531087	0.00000512	0x89	0x07
SPI [1]	result	8.48531615	0.00000512	0xB8	0xFF
SPI [1]	result	8.52321184	0.00000512	0x00	0x00
SPI [1]	result	8.52321712	0.00000512	0x00	0x00
SPI [1]	result	8.52322240	0.00000512	0x08	0x00
SPI [1]	result	8.52322768	0.00000512	0x20	0x10
SPI [1]	result	8.52364432	0.00000512	0x0E	0x00
SPI [1]	result	8.52364960	0.00000512	0x10	0x00
SPI [1]	result	8.52365488	0.00000512	0x80	0x6F
SPI [1]	result	8.52366016	0.00000512	0x12	0x1F
SPI [1]	result	8.52406074	0.00000512	0x00	0x00
SPI [1]	result	8.52406602	0.00000512	0x00	0x00
SPI [1]	result	8.52407130	0.00000512	0x00	0x00
SPI [1]	result	8.52407658	0.00000512	0x00	0x00
SPI [1]	result	8.52447616	0.00000512	0x08	0x00
SPI [1]	result	8.52448144	0.00000512	0x00	0x00
SPI [1]	result	8.52448672	0.00000512	0x88	0x07
SPI [1]	result	8.52449200	0.00000512	0x32	0xFF
SPI [1]	result	8.56320969	0.00000512	0x00	0x00
SPI [1]	result	8.56321497	0.00000512	0x00	0x00
SPI [1]	result	8.56322025	0.00000512	0x08	0x00
SPI [1]	result	8.56322553	0.00000512	0x20	0x00
SPI [1]	result	8.56362915	0.00000512	0x0F	0x00
SPI [1]	result	8.56363443	0.00000512	0x10	0x00
SPI [1]	result	8.56363971	0.00000512	0x80	0x7F
SPI [1]	result	8.56364499	0.00000512	0x1A	0xFF
SPI [1]	result	8.56404622	0.00000512	0x00	0x00
SPI [1]	result	8.56405150	0.00000512	0x00	0x00
SPI [1]	result	8.56405678	0.00000512	0x00	0x00
SPI [1]	result	8.56406206	0.00000512	0x00	0x00
SPI [1]	result	8.56446274	0.00000512	0x08	0x00
SPI [1]	result	8.56446802	0.00000512	0x00	0x00
SPI [1]	result	8.56447330	0.00000512	0x88	0x07
SPI [1]	result	8.56447858	0.00000512	0x32	0xFF
SPI [1]	result	8.60321038	0.00000512	0x00	0x00
SPI [1]	result	8.60321566	0.00000512	0x00	0x00
SPI [1]	result	8.60322094	0.00000512	0x08	0x00
SPI [1]	result	8.60322622	0.00000512	0x20	0x00
SPI [1]	result	8.60363189	0.00000512	0x08	0x00
SPI [1]	result	8.60363717	0.00000512	0x10	0x00
SPI [1]	result	8.60364245	0.00000512	0x80	0x7F
SPI [1]	result	8.60364773	0.00000512	0x22	0xBF
SPI [1]	result	8.60404961	0.00000512	0x00	0x00
SPI [1]	result	8.60405489	0.00000512	0x00	0x00
SPI [1]	result	8.60406017	0.00000512	0x09	0x00
SPI [1]	result	8.60406545	0.00000512	0xA6	0x7F
SPI [1]	result	8.60452568	0.00000512	0x09	0x00
SPI [1]	result	8.60453096	0.00000512	0x00	0x00
SPI [1]	result	8.60453624	0.00000512	0x88	0x7F
SPI [1]	result	8.60454152	0.00000512	0x3A	0xFF
SPI [1]	result	8.60496270	0.00000512	0x00	0x00
SPI [1]	result	8.60496798	0.00000512	0x00	0x00
SPI [1]	result	8.60497326	0.00000512	0x00	0x00
SPI [1]	result	8.60497854	0.00000512	0x00	0x00
SPI [1]	result	8.60538144	0.00000512	0x08	0x00
SPI [1]	result	8.60538672	0.00000512	0x00	0x00
SPI [1]	result	8.60539200	0.00000512	0x89	0x07
SPI [1]	result	8.60539728	0.00000512	0xB8	0xFF
SPI [1]	result	8.64321892	0.00000512	0x00	0x00
SPI [1]	result	8.64322420	0.00000512	0x00	0x00
SPI [1]	result	8.64322948	0.00000512	0x08	0x00
SPI [1]	result	8.64323476	0.00000512	0x20	0x00
SPI [1]	result	8.64366147	0.00000512	0x0A	0x00
SPI [1]	result	8.64366675	0.00000512	0x10	0x0F
SPI [1]	result	8.64367203	0.00000512	0x80	0xFF
SPI [1]	result	8.64367731	0.00000512	0x32	0xFF
SPI [1]	result	8.64407913	0.00000512	0x00	0x00
SPI [1]	result	8.64408441	0.00000512	0x00	0x00
SPI [1]	result	8.64408969	0.00000512	0x00	0x00
SPI [1]	result	8.64409497	0.00000512	0x00	0x00
SPI [1]	result	8.64449720	0.00000512	0x08	0x00
SPI [1]	result	8.64450248	0.00000512	0x00	0x00
SPI [1]	result	8.64450776	0.00000512	0x88	0x07
SPI [1]	result	8.64451304	0.00000512	0x32	0xFF
SPI [1]	result	8.68321519	0.00000512	0x00	0x00
SPI [1]	result	8.68322047	0.00000512	0x00	0x00
SPI [1]	result	8.68322575	0.00000512	0x08	0x00
SPI [1]	result	8.68323103	0.00000512	0x20	0x10
SPI [1]	result	8.68365952	0.00000512	0x0B	0x00
SPI [1]	result	8.68366480	0.00000512	0x10	0x0F
SPI [1]	result	8.68367008	0.00000512	0x80	0xFF
SPI [1]	result	8.68367536	0.00000512	0x3A	0xFF
SPI [1]	result	8.68407919	0.00000512	0x00	0x00
SPI [1]	result	8.68408447	0.00000512	0x00	0x00
SPI [1]	result	8.68408975	0.00000512	0x00	0x00
SPI [1]	result	8.68409503	0.00000512	0x00	0x00
SPI [1]	result	8.68450263	0.00000512	0x08	0x00
SPI [1]	result	8.68450791	0.00000512	0x00	0x00
SPI [1]	result	8.68451319	0.00000512	0x88	0x07
SPI [1]	result	8.68451847	0.00000512	0x32	0xFF
SPI [1]	result	8.72321749	0.00000512	0x00	0x00
SPI [1]	result	8.72322277	0.00000512	0x00	0x00
SPI [1]	result	8.72322805	0.00000512	0x08	0x00
SPI [1]	result	8.72323333	0.00000512	0x20	0x10
SPI [1]	result	8.72365556	0.00000512	0x0C	0x00
SPI [1]	result	8.72366084	0.00000512	0x10	0x00
SPI [1]	result	8.72366612	0.00000512	0x80	0x7F
SPI [1]	result	8.72367140	0.00000512	0x02	0x83
SPI [1]	result	8.72407374	0.00000512	0x00	0x00
SPI [1]	result	8.72407902	0.00000512	0x00	0x00
SPI [1]	result	8.72408430	0.00000512	0x09	0x00
SPI [1]	result	8.72408958	0.00000512	0xA6	0x7F
SPI [1]	result	8.72449117	0.00000512	0x0D	0x00
SPI [1]	result	8.72449645	0.00000512	0x00	0x00
SPI [1]	result	8.72450173	0.00000512	0x88	0x7F
SPI [1]	result	8.72450701	0.00000512	0x1A	0xFF
SPI [1]	result	8.72490802	0.00000512	0x00	0x00
SPI [1]	result	8.72491330	0.00000512	0x00	0x00
SPI [1]	result	8.72491858	0.00000512	0x00	0x00
SPI [1]	result	8.72492386	0.00000512	0x00	0x00
SPI [1]	result	8.72532628	0.00000512	0x08	0x00
SPI [1]	result	8.72533156	0.00000512	0x00	0x00
SPI [1]	result	8.72533684	0.00000512	0x89	0x07
SPI [1]	result	8.72534212	0.00000512	0xB8	0xFF
SPI [1]	result	8.76321670	0.00000512	0x00	0x00
SPI [1]	result	8.76322198	0.00000512	0x00	0x00
SPI [1]	result	8.76322726	0.00000512	0x08	0x00
SPI [1]	result	8.76323254	0.00000512	0x20	0x00
SPI [1]	result	8.76366288	0.00000512	0x0E	0x00
SPI [1]	result	8.76366816	0.00000512	0x10	0x00
SPI [1]	result	8.76367344	0.00000512	0x80	0x7F
SPI [1]	result	8.76367872	0.00000512	0x12	0x9F
SPI [1]	result	8.76407969	0.00000512	0x00	0x00
SPI [1]	result	8.76408497	0.00000512	0x00	0x00
SPI [1]	result	8.76409025	0.00000512	0x00	0x00
SPI [1]	result	8.76409553	0.00000512	0x00	0x00
SPI [1]	result	8.76449695	0.00000512	0x08	0x00
SPI [1]	result	8.76450223	0.00000512	0x00	0x00
SPI [1]	result	8.76450751	0.00000512	0x88	0x07
SPI [1]	result	8.76451279	0.00000512	0x32	0xFF
SPI [1]	result	8.80320762	0.00000512	0x00	0x00
SPI [1]	result	8.80321290	0.00000512	0x00	0x00
SPI [1]	result	8.80321818	0.00000512	0x08	0x00
SPI [1]	result	8.80322346	0.00000512	0x20	0x00
SPI [1]	result	8.80362297	0.00000512	0x0F	0x00
SPI [1]	result	8.80362825	0.00000512	0x10	0x00
SPI [1]	result	8.80363353	0.00000512	0x80	0x7F
SPI [1]	result	8.80363881	0.00000512	0x1A	0xFF
SPI [1]	result	8.80403804	0.00000512	0x00	0x00
SPI [1]	result	8.80404332	0.00000512	0x00	0x00
SPI [1]	result	8.80404860	0.00000512	0x00	0x00
SPI [1]	result	8.80405388	0.00000512	0x00	0x00
SPI [1]	result	8.80445202	0.00000512	0x08	0x00
SPI [1]	result	8.80445730	0.00000512	0x00	0x00
SPI [1]	result	8.80446258	0.00000512	0x88	0x07
SPI [1]	result	8.80446786	0.00000512	0x32	0xFF
SPI [1]	result	8.84321594	0.00000512	0x00	0x00
SPI [1]	result	8.84322122	0.00000512	0x00	0x00
SPI [1]	result	8.84322650	0.00000512	0x08	0x00
SPI [1]	result	8.84323178	0.00000512	0x20	0x10
SPI [1]	result	8.84365466	0.00000512	0x08	0x00
SPI [1]	result	8.84365994	0.00000512	0x10	0x00
SPI [1]	result	8.84366522	0.00000512	0x80	0x7E
SPI [1]	result	8.84367050	0.00000512	0x22	0x3F
SPI [1]	result	8.84406897	0.00000512	0x00	0x00
SPI [1]	result	8.84407425	0.00000512	0x00	0x00
SPI [1]	result	8.84407953	0.00000512	0x09	0x00
SPI [1]	result	8.84408481	0.00000512	0xA6	0x7F
SPI [1]	result	8.84448826	0.00000512	0x09	0x00
SPI [1]	result	8.84449354	0.00000512	0x00	0x00
SPI [1]	result	8.84449882	0.00000512	0x88	0x7F
SPI [1]	result	8.84450410	0.00000512	0x3A	0xFF
SPI [1]	result	8.84490361	0.00000512	0x00	0x00
SPI [1]	result	8.84490889	0.00000512	0x00	0x00
SPI [1]	result	8.84491417	0.00000512	0x00	0x00
SPI [1]	result	8.84491945	0.00000512	0x00	0x00
SPI [1]	result	8.84531787	0.00000512	0x08	0x00
SPI [1]	result	8.84532315	0.00000512	0x00	0x00
SPI [1]	result	8.84532843	0.00000512	0x89	0x07
SPI [1]	result	8.84533371	0.00000512	0xB8	0xFF
SPI [1]	result	8.88320862	0.00000512	0x00	0x00
SPI [1]	result	8.88321390	0.00000512	0x00	0x00
SPI [1]	result	8.88321918	0.00000512	0x08	0x00
SPI [1]	result	8.88322446	0.00000512	0x20	0x10
SPI [1]	result	8.88362975	0.00000512	0x0A	0x00
SPI [1]	result	8.88363503	0.00000512	0x10	0x0F
SPI [1]	result	8.88364031	0.00000512	0x80	0xFF
SPI [1]	result	8.88364559	0.00000512	0x32	0xFF
SPI [1]	result	8.88404145	0.00000512	0x00	0x00
SPI [1]	result	8.88404673	0.00000512	0x00	0x00
SPI [1]	result	8.88405201	0.00000512	0x00	0x00
SPI [1]	result	8.88405729	0.00000512	0x00	0x00
SPI [1]	result	8.88445567	0.00000512	0x08	0x00
SPI [1]	result	8.88446095	0.00000512	0x00	0x00
SPI [1]	result	8.88446623	0.00000512	0x88	0x07
SPI [1]	result	8.88447151	0.00000512	0x32	0xFF
SPI [1]	result	8.92320677	0.00000512	0x00	0x00
SPI [1]	result	8.92321205	0.00000512	0x00	0x00
SPI [1]	result	8.92321733	0.00000512	0x08	0x00
SPI [1]	result	8.92322261	0.00000512	0x20	0x00
SPI [1]	result	8.92362479	0.00000512	0x0B	0x00
SPI [1]	result	8.92363007	0.00000512	0x10	0x0F
SPI [1]	result	8.92363535	0.00000512	0x80	0xFF
SPI [1]	result	8.92364063	0.00000512	0x3A	0xFF
SPI [1]	result	8.92403918	0.00000512	0x00	0x00
SPI [1]	result	8.92404446	0.00000512	0x00	0x00
SPI [1]	result	8.92404974	0.00000512	0x00	0x00
SPI [1]	result	8.92405502	0.00000512	0x00	0x00
SPI [1]	result	8.92445116	0.00000512	0x08	0x00
SPI [1]	result	8.92445644	0.00000512	0x00	0x00
SPI [1]	result	8.92446172	0.00000512	0x88	0x07
SPI [1]	result	8.92446700	0.00000512	0x32	0xFF
SPI [1]	result	8.96320918	0.00000512	0x00	0x00
SPI [1]	result	8.96321446	0.00000512	0x00	0x00
SPI [1]	result	8.96321974	0.00000512	0x08	0x00
SPI [1]	result	8.96322502	0.00000512	0x20	0x10
SPI [1]	result	8.96362798	0.00000512	0x0C	0x00
SPI [1]	result	8.96363326	0.00000512	0x10	0x00
SPI [1]	result	8.96363854	0.00000512	0x80	0x7F
SPI [1]	result	8.96364382	0.00000512	0x02	0xC3
SPI [1]	result	8.96404581	0.00000512	0x00	0x00
SPI [1]	result	8.96405109	0.00000512	0x00	0x00
SPI [1]	result	8.96405637	0.00000512	0x09	0x00
SPI [1]	result	8.96406165	0.00000512	0xA6	0x7F
SPI [1]	result	8.96446373	0.00000512	0x0D	0x00
SPI [1]	result	8.96446901	0.00000512	0x00	0x00
SPI [1]	result	8.96447429	0.00000512	0x88	0x7F
SPI [1]	result	8.96447957	0.00000512	0x1A	0xFF
SPI [1]	result	8.96487782	0.00000512	0x00	0x00
SPI [1]	result	8.96488310	0.00000512	0x00	0x00
SPI [1]	result	8.96488838	0.00000512	0x00	0x00
SPI [1]	result	8.96489366	0.00000512	0x00	0x00
SPI [1]	result	8.96536419	0.00000512	0x08	0x00
SPI [1]	result	8.96536947	0.00000512	0x00	0x00
SPI [1]	result	8.96537475	0.00000512	0x89	0x07
SPI [1]	result	8.96538003	0.00000512	0xB8	0xFF
SPI [1]	result	9.00321948	0.00000512	0x00	0x00
SPI [1]	result	9.00322476	0.00000512	0x00	0x00
SPI [1]	result	9.00323004	0.00000512	0x08	0x00
SPI [1]	result	9.00323532	0.00000512	0x20	0x00
SPI [1]	result	9.00366494	0.00000512	0x0E	0x00
SPI [1]	result	9.00367022	0.00000512	0x10	0x00
SPI [1]	result	9.00367550	0.00000512	0x80	0x7F
SPI [1]	result	9.00368078	0.00000512	0x12	0xFF
SPI [1]	result	9.00408123	0.00000512	0x00	0x00
SPI [1]	result	9.00408651	0.00000512	0x00	0x00
SPI [1]	result	9.00409179	0.00000512	0x00	0x00
SPI [1]	result	9.00409707	0.00000512	0x00	0x00
SPI [1]	result	9.00449838	0.00000512	0x08	0x00
SPI [1]	result	9.00450366	0.00000512	0x00	0x00
SPI [1]	result	9.00450894	0.00000512	0x88	0x07
SPI [1]	result	9.00451422	0.00000512	0x32	0xFF
SPI [1]	result	9.04320911	0.00000512	0x00	0x00
SPI [1]	result	9.04321439	0.00000512	0x00	0x00
SPI [1]	result	9.04321967	0.00000512	0x08	0x00
SPI [1]	result	9.04322495	0.00000512	0x20	0x10
SPI [1]	result	9.04363079	0.00000512	0x0F	0x00
SPI [1]	result	9.04363607	0.00000512	0x10	0x00
SPI [1]	result	9.04364135	0.00000512	0x80	0x7F
SPI [1]	result	9.04364663	0.00000512	0x1A	0x7F
SPI [1]	result	9.04404814	0.00000512	0x00	0x00
SPI [1]	result	9.04405342	0.00000512	0x00	0x00
SPI [1]	result	9.04405870	0.00000512	0x00	0x00
SPI [1]	result	9.04406398	0.00000512	0x00	0x00
SPI [1]	result	9.04446542	0.00000512	0x08	0x00
SPI [1]	result	9.04447070	0.00000512	0x00	0x00
SPI [1]	result	9.04447598	0.00000512	0x88	0x07
SPI [1]	result	9.04448126	0.00000512	0x32	0xFF
SPI [1]	result	9.08322817	0.00000512	0x00	0x00
SPI [1]	result	9.08323345	0.00000512	0x00	0x00
SPI [1]	result	9.08323873	0.00000512	0x08	0x00
SPI [1]	result	9.08324401	0.00000512	0x20	0x00
SPI [1]	result	9.08370470	0.00000512	0x08	0x00
SPI [1]	result	9.08370998	0.00000512	0x10	0x00
SPI [1]	result	9.08371526	0.00000512	0x80	0x7C
SPI [1]	result	9.08372054	0.00000512	0x22	0x3F
SPI [1]	result	9.08412129	0.00000512	0x00	0x00
SPI [1]	result	9.08412657	0.00000512	0x00	0x00
SPI [1]	result	9.08413185	0.00000512	0x09	0x00
SPI [1]	result	9.08413713	0.00000512	0xA6	0x7F
SPI [1]	result	9.08453895	0.00000512	0x09	0x00
SPI [1]	result	9.08454423	0.00000512	0x00	0x00
SPI [1]	result	9.08454951	0.00000512	0x88	0x7F
SPI [1]	result	9.08455479	0.00000512	0x3A	0xFF
SPI [1]	result	9.08495690	0.00000512	0x00	0x00
SPI [1]	result	9.08496218	0.00000512	0x00	0x00
SPI [1]	result	9.08496746	0.00000512	0x00	0x00
SPI [1]	result	9.08497274	0.00000512	0x00	0x00
SPI [1]	result	9.08537421	0.00000512	0x08	0x00
SPI [1]	result	9.08537949	0.00000512	0x00	0x00
SPI [1]	result	9.08538477	0.00000512	0x89	0x07
SPI [1]	result	9.08539005	0.00000512	0xB8	0xFF
SPI [1]	result	9.12321328	0.00000512	0x00	0x00
SPI [1]	result	9.12321856	0.00000512	0x00	0x00
SPI [1]	result	9.12322384	0.00000512	0x08	0x00
SPI [1]	result	9.12322912	0.00000512	0x20	0x10
SPI [1]	result	9.12365109	0.00000512	0x0A	0x00
SPI [1]	result	9.12365637	0.00000512	0x10	0x0F
SPI [1]	result	9.12366165	0.00000512	0x80	0xFF
SPI [1]	result	9.12366693	0.00000512	0x32	0xFF
SPI [1]	result	9.12406592	0.00000512	0x00	0x00
SPI [1]	result	9.12407120	0.00000512	0x00	0x00
SPI [1]	result	9.12407648	0.00000512	0x00	0x00
SPI [1]	result	9.12408176	0.00000512	0x00	0x00
SPI [1]	result	9.12448327	0.00000512	0x08	0x00
SPI [1]	result	9.12448855	0.00000512	0x00	0x00
SPI [1]	result	9.12449383	0.00000512	0x88	0x07
SPI [1]	result	9.12449911	0.00000512	0x32	0xFF
SPI [1]	result	9.16320759	0.00000512	0x00	0x00
SPI [1]	result	9.16321287	0.00000512	0x00	0x00
SPI [1]	result	9.16321815	0.00000512	0x08	0x00
SPI [1]	result	9.16322343	0.00000512	0x20	0x10
SPI [1]	result	9.16363392	0.00000512	0x0B	0x00
SPI [1]	result	9.16363920	0.00000512	0x10	0x0F
SPI [1]	result	9.16364448	0.00000512	0x80	0xFF
SPI [1]	result	9.16364976	0.00000512	0x3A	0xFF
SPI [1]	result	9.16405255	0.00000512	0x00	0x00
SPI [1]	result	9.16405783	0.00000512	0x00	0x00
SPI [1]	result	9.16406311	0.00000512	0x00	0x00
SPI [1]	result	9.16406839	0.00000512	0x00	0x00
SPI [1]	result	9.16446996	0.00000512	0x08	0x00
SPI [1]	result	9.16447524	0.00000512	0x00	0x00
SPI [1]	result	9.16448052	0.00000512	0x88	0x07
SPI [1]	result	9.16448580	0.00000512	0x32	0xBF
SPI [1]	result	9.20321245	0.00000512	0x00	0x00
SPI [1]	result	9.20321773	0.00000512	0x00	0x00
SPI [1]	result	9.20322301	0.00000512	0x08	0x00
SPI [1]	result	9.20322829	0.00000512	0x20	0x00
SPI [1]	result	9.20363737	0.00000512	0x0C	0x00
SPI [1]	result	9.20364265	0.00000512	0x10	0x00
SPI [1]	result	9.20364793	0.00000512	0x80	0x7F
SPI [1]	result	9.20365321	0.00000512	0x02	0xCB
SPI [1]	result	9.20405496	0.00000512	0x00	0x00
SPI [1]	result	9.20406024	0.00000512	0x00	0x00
SPI [1]	result	9.20406552	0.00000512	0x09	0x00
SPI [1]	result	9.20407080	0.00000512	0xA6	0x7F
SPI [1]	result	9.20447229	0.00000512	0x0D	0x00
SPI [1]	result	9.20447757	0.00000512	0x00	0x00
SPI [1]	result	9.20448285	0.00000512	0x88	0x7F
SPI [1]	result	9.20448813	0.00000512	0x1A	0xFF
SPI [1]	result	9.20488933	0.00000512	0x00	0x00
SPI [1]	result	9.20489461	0.00000512	0x00	0x00
SPI [1]	result	9.20489989	0.00000512	0x00	0x00
SPI [1]	result	9.20490517	0.00000512	0x00	0x00
SPI [1]	result	9.20530762	0.00000512	0x08	0x00
SPI [1]	result	9.20531290	0.00000512	0x00	0x00
SPI [1]	result	9.20531818	0.00000512	0x89	0x07
SPI [1]	result	9.20532346	0.00000512	0xB8	0xFF
SPI [1]	result	9.24321102	0.00000512	0x00	0x00
SPI [1]	result	9.24321630	0.00000512	0x00	0x00
SPI [1]	result	9.24322158	0.00000512	0x08	0x00
SPI [1]	result	9.24322686	0.00000512	0x20	0x00
SPI [1]	result	9.24363854	0.00000512	0x0E	0x00
SPI [1]	result	9.24364382	0.00000512	0x10	0x00
SPI [1]	result	9.24364910	0.00000512	0x80	0x7F
SPI [1]	result	9.24365438	0.00000512	0x12	0xFF
SPI [1]	result	9.24405748	0.00000512	0x00	0x00
SPI [1]	result	9.24406276	0.00000512	0x00	0x00
SPI [1]	result	9.24406804	0.00000512	0x00	0x00
SPI [1]	result	9.24407332	0.00000512	0x00	0x00
SPI [1]	result	9.24447898	0.00000512	0x08	0x00
SPI [1]	result	9.24448426	0.00000512	0x00	0x00
SPI [1]	result	9.24448954	0.00000512	0x88	0x07
SPI [1]	result	9.24449482	0.00000512	0x32	0xFF
SPI [1]	result	9.28320980	0.00000512	0x00	0x00
SPI [1]	result	9.28321508	0.00000512	0x00	0x00
SPI [1]	result	9.28322036	0.00000512	0x08	0x00
SPI [1]	result	9.28322564	0.00000512	0x20	0x00
SPI [1]	result	9.28363089	0.00000512	0x0F	0x00
SPI [1]	result	9.28363617	0.00000512	0x10	0x00
SPI [1]	result	9.28364145	0.00000512	0x80	0x7F
SPI [1]	result	9.28364673	0.00000512	0x1A	0xFF
SPI [1]	result	9.28404839	0.00000512	0x00	0x00
SPI [1]	result	9.28405367	0.00000512	0x00	0x00
SPI [1]	result	9.28405895	0.00000512	0x00	0x00
SPI [1]	result	9.28406423	0.00000512	0x00	0x00
SPI [1]	result	9.28446513	0.00000512	0x08	0x00
SPI [1]	result	9.28447041	0.00000512	0x00	0x00
SPI [1]	result	9.28447569	0.00000512	0x88	0x07
SPI [1]	result	9.28448097	0.00000512	0x32	0xFF
SPI [1]	result	9.32321702	0.00000512	0x00	0x00
SPI [1]	result	9.32322230	0.00000512	0x00	0x00
SPI [1]	result	9.32322758	0.00000512	0x08	0x00
SPI [1]	result	9.32323286	0.00000512	0x20	0x00
SPI [1]	result	9.32365700	0.00000512	0x08	0x00
SPI [1]	result	9.32366228	0.00000512	0x10	0x00
SPI [1]	result	9.32366756	0.00000512	0x80	0x7F
SPI [1]	result	9.32367284	0.00000512	0x22	0xBF
SPI [1]	result	9.32407665	0.00000512	0x00	0x00
SPI [1]	result	9.32408193	0.00000512	0x00	0x00
SPI [1]	result	9.32408721	0.00000512	0x09	0x00
SPI [1]	result	9.32409249	0.00000512	0xA6	0x7F
SPI [1]	result	9.32449109	0.00000512	0x09	0x00
SPI [1]	result	9.32449637	0.00000512	0x00	0x00
SPI [1]	result	9.32450165	0.00000512	0x88	0x7F
SPI [1]	result	9.32450693	0.00000512	0x3A	0xFF
SPI [1]	result	9.32490829	0.00000512	0x00	0x00
SPI [1]	result	9.32491357	0.00000512	0x00	0x00
SPI [1]	result	9.32491885	0.00000512	0x00	0x00
SPI [1]	result	9.32492413	0.00000512	0x00	0x00
SPI [1]	result	9.32532566	0.00000512	0x08	0x00
SPI [1]	result	9.32533094	0.00000512	0x00	0x00
SPI [1]	result	9.32533622	0.00000512	0x89	0x07
SPI [1]	result	9.32534150	0.00000512	0xB8	0xFF
SPI [1]	result	9.36321225	0.00000512	0x00	0x00
SPI [1]	result	9.36321753	0.00000512	0x00	0x00
SPI [1]	result	9.36322281	0.00000512	0x08	0x00
SPI [1]	result	9.36322809	0.00000512	0x20	0x00
SPI [1]	result	9.36364991	0.00000512	0x0A	0x00
SPI [1]	result	9.36365519	0.00000512	0x10	0x0F
SPI [1]	result	9.36366047	0.00000512	0x80	0xFF
SPI [1]	result	9.36366575	0.00000512	0x32	0xFF
SPI [1]	result	9.36406602	0.00000512	0x00	0x00
SPI [1]	result	9.36407130	0.00000512	0x00	0x00
SPI [1]	result	9.36407658	0.00000512	0x00	0x00
SPI [1]	result	9.36408186	0.00000512	0x00	0x00
SPI [1]	result	9.36448285	0.00000512	0x08	0x00
SPI [1]	result	9.36448813	0.00000512	0x00	0x00
SPI [1]	result	9.36449341	0.00000512	0x88	0x07
SPI [1]	result	9.36449869	0.00000512	0x32	0xFF
SPI [1]	result	9.40320995	0.00000512	0x00	0x00
SPI [1]	result	9.40321523	0.00000512	0x00	0x00
SPI [1]	result	9.40322051	0.00000512	0x08	0x00
SPI [1]	result	9.40322579	0.00000512	0x20	0x00
SPI [1]	result	9.40363699	0.00000512	0x0B	0x00
SPI [1]	result	9.40364227	0.00000512	0x10	0x0F
SPI [1]	result	9.40364755	0.00000512	0x80	0xFF
SPI [1]	result	9.40365283	0.00000512	0x3A	0xFF
SPI [1]	result	9.40405499	0.00000512	0x00	0x00
SPI [1]	result	9.40406027	0.00000512	0x00	0x00
SPI [1]	result	9.40406555	0.00000512	0x00	0x00
SPI [1]	result	9.40407083	0.00000512	0x00	0x00
SPI [1]	result	9.40446922	0.00000512	0x08	0x00
SPI [1]	result	9.40447450	0.00000512	0x00	0x00
SPI [1]	result	9.40447978	0.00000512	0x88	0x07
SPI [1]	result	9.40448506	0.00000512	0x32	0xFF
SPI [1]	result	9.44320977	0.00000512	0x00	0x00
SPI [1]	result	9.44321505	0.00000512	0x00	0x00
SPI [1]	result	9.44322033	0.00000512	0x08	0x00
SPI [1]	result	9.44322561	0.00000512	0x20	0x10
SPI [1]	result	9.44363155	0.00000512	0x0C	0x00
SPI [1]	result	9.44363683	0.00000512	0x10	0x00
SPI [1]	result	9.44364211	0.00000512	0x80	0x7F
SPI [1]	result	9.44364739	0.00000512	0x02	0x03
SPI [1]	result	9.44404890	0.00000512	0x00	0x00
SPI [1]	result	9.44405418	0.00000512	0x00	0x00
SPI [1]	result	9.44405946	0.00000512	0x09	0x00
SPI [1]	result	9.44406474	0.00000512	0xA6	0x7F
SPI [1]	result	9.44446625	0.00000512	0x0D	0x00
SPI [1]	result	9.44447153	0.00000512	0x00	0x00
SPI [1]	result	9.44447681	0.00000512	0x88	0x7F
SPI [1]	result	9.44448209	0.00000512	0x1A	0xFF
SPI [1]	result	9.44488017	0.00000512	0x00	0x00
SPI [1]	result	9.44488545	0.00000512	0x00	0x00
SPI [1]	result	9.44489073	0.00000512	0x00	0x00
SPI [1]	result	9.44489601	0.00000512	0x00	0x00
SPI [1]	result	9.44529748	0.00000512	0x08	0x00
SPI [1]	result	9.44530276	0.00000512	0x00	0x00
SPI [1]	result	9.44530804	0.00000512	0x89	0x07
SPI [1]	result	9.44531332	0.00000512	0xB8	0xFF
SPI [1]	result	9.48321088	0.00000512	0x00	0x00
SPI [1]	result	9.48321616	0.00000512	0x00	0x00
SPI [1]	result	9.48322144	0.00000512	0x08	0x00
SPI [1]	result	9.48322672	0.00000512	0x20	0x00
SPI [1]	result	9.48364514	0.00000512	0x0E	0x00
SPI [1]	result	9.48365042	0.00000512	0x10	0x00
SPI [1]	result	9.48365570	0.00000512	0x80	0x7F
SPI [1]	result	9.48366098	0.00000512	0x12	0xDF
SPI [1]	result	9.48406364	0.00000512	0x00	0x00
SPI [1]	result	9.48406892	0.00000512	0x00	0x00
SPI [1]	result	9.48407420	0.00000512	0x00	0x00
SPI [1]	result	9.48407948	0.00000512	0x00	0x00
SPI [1]	result	9.48448173	0.00000512	0x08	0x00
SPI [1]	result	9.48448701	0.00000512	0x00	0x00
SPI [1]	result	9.48449229	0.00000512	0x88	0x07
SPI [1]	result	9.48449757	0.00000512	0x32	0xFF
SPI [1]	result	9.52321439	0.00000512	0x00	0x00
SPI [1]	result	9.52321967	0.00000512	0x00	0x00
SPI [1]	result	9.52322495	0.00000512	0x08	0x00
SPI [1]	result	9.52323023	0.00000512	0x20	0x00
SPI [1]	result	9.52365368	0.00000512	0x0F	0x00
SPI [1]	result	9.52365896	0.00000512	0x10	0x00
SPI [1]	result	9.52366424	0.00000512	0x80	0x7F
SPI [1]	result	9.52366952	0.00000512	0x1A	0xDF
SPI [1]	result	9.52407240	0.00000512	0x00	0x00
SPI [1]	result	9.52407768	0.00000512	0x00	0x00
SPI [1]	result	9.52408296	0.00000512	0x00	0x00
SPI [1]	result	9.52408824	0.00000512	0x00	0x00
SPI [1]	result	9.52448940	0.00000512	0x08	0x00
SPI [1]	result	9.52449468	0.00000512	0x00	0x00
SPI [1]	result	9.52449996	0.00000512	0x88	0x07
SPI [1]	result	9.52450524	0.00000512	0x32	0xFF
SPI [1]	result	9.56321348	0.00000512	0x00	0x00
SPI [1]	result	9.56321876	0.00000512	0x00	0x00
SPI [1]	result	9.56322404	0.00000512	0x08	0x00
SPI [1]	result	9.56322932	0.00000512	0x20	0x00
SPI [1]	result	9.56364744	0.00000512	0x08	0x00
SPI [1]	result	9.56365272	0.00000512	0x10	0x00
SPI [1]	result	9.56365800	0.00000512	0x80	0x7F
SPI [1]	result	9.56366328	0.00000512	0x22	0xFF
SPI [1]	result	9.56406616	0.00000512	0x00	0x00
SPI [1]	result	9.56407144	0.00000512	0x00	0x00
SPI [1]	result	9.56407672	0.00000512	0x09	0x00
SPI [1]	result	9.56408200	0.00000512	0xA6	0x7F
SPI [1]	result	9.56448299	0.00000512	0x09	0x00
SPI [1]	result	9.56448827	0.00000512	0x00	0x00
SPI [1]	result	9.56449355	0.00000512	0x88	0x7F
SPI [1]	result	9.56449883	0.00000512	0x3A	0xFF
SPI [1]	result	9.56490132	0.00000512	0x00	0x00
SPI [1]	result	9.56490660	0.00000512	0x00	0x00
SPI [1]	result	9.56491188	0.00000512	0x00	0x00
SPI [1]	result	9.56491716	0.00000512	0x00	0x00
SPI [1]	result	9.56531836	0.00000512	0x08	0x00
SPI [1]	result	9.56532364	0.00000512	0x00	0x00
SPI [1]	result	9.56532892	0.00000512	0x89	0x07
SPI [1]	result	9.56533420	0.00000512	0xB8	0xFF
SPI [1]	result	9.60320774	0.00000512	0x00	0x00
SPI [1]	result	9.60321302	0.00000512	0x00	0x00
SPI [1]	result	9.60321830	0.00000512	0x08	0x00
SPI [1]	result	9.60322358	0.00000512	0x20	0x10
SPI [1]	result	9.60362420	0.00000512	0x0A	0x00
SPI [1]	result	9.60362948	0.00000512	0x10	0x0F
SPI [1]	result	9.60363476	0.00000512	0x80	0xFF
SPI [1]	result	9.60364004	0.00000512	0x32	0xFF
SPI [1]	result	9.60404168	0.00000512	0x00	0x00
SPI [1]	result	9.60404696	0.00000512	0x00	0x00
SPI [1]	result	9.60405224	0.00000512	0x00	0x00
SPI [1]	result	9.60405752	0.00000512	0x00	0x00
SPI [1]	result	9.60445842	0.00000512	0x08	0x00
SPI [1]	result	9.60446370	0.00000512	0x00	0x00
SPI [1]	result	9.60446898	0.00000512	0x88	0x07
SPI [1]	result	9.60447426	0.00000512	0x32	0xFF
SPI [1]	result	9.64320947	0.00000512	0x00	0x00
SPI [1]	result	9.64321475	0.00000512	0x00	0x00
SPI [1]	result	9.64322003	0.00000512	0x08	0x00
SPI [1]	result	9.64322531	0.00000512	0x20	0x00
SPI [1]	result	9.64363802	0.00000512	0x0B	0x00
SPI [1]	result	9.64364330	0.00000512	0x10	0x0F
SPI [1]	result	9.64364858	0.00000512	0x80	0xFF
SPI [1]	result	9.64365386	0.00000512	0x3A	0xFF
SPI [1]	result	9.64405242	0.00000512	0x00	0x00
SPI [1]	result	9.64405770	0.00000512	0x00	0x00
SPI [1]	result	9.64406298	0.00000512	0x00	0x00
SPI [1]	result	9.64406826	0.00000512	0x00	0x00
SPI [1]	result	9.64446935	0.00000512	0x08	0x00
SPI [1]	result	9.64447463	0.00000512	0x00	0x00
SPI [1]	result	9.64447991	0.00000512	0x88	0x07
SPI [1]	result	9.64448519	0.00000512	0x32	0xFF
SPI [1]	result	9.68321536	0.00000512	0x00	0x00
SPI [1]	result	9.68322064	0.00000512	0x00	0x00
SPI [1]	result	9.68322592	0.00000512	0x08	0x00
SPI [1]	result	9.68323120	0.00000512	0x20	0x10
SPI [1]	result	9.68365247	0.00000512	0x0C	0x00
SPI [1]	result	9.68365775	0.00000512	0x10	0x00
SPI [1]	result	9.68366303	0.00000512	0x80	0x7F
SPI [1]	result	9.68366831	0.00000512	0x02	0xC3
SPI [1]	result	9.68407259	0.00000512	0x00	0x00
SPI [1]	result	9.68407787	0.00000512	0x00	0x00
SPI [1]	result	9.68408315	0.00000512	0x09	0x00
SPI [1]	result	9.68408843	0.00000512	0xA6	0x7F
SPI [1]	result	9.68448785	0.00000512	0x0D	0x00
SPI [1]	result	9.68449313	0.00000512	0x00	0x40
SPI [1]	result	9.68449841	0.00000512	0x88	0x7F
SPI [1]	result	9.68450369	0.00000512	0x1A	0xFF
SPI [1]	result	9.68490514	0.00000512	0x00	0x00
SPI [1]	result	9.68491042	0.00000512	0x00	0x00
SPI [1]	result	9.68491570	0.00000512	0x00	0x00
SPI [1]	result	9.68492098	0.00000512	0x00	0x00
SPI [1]	result	9.68532264	0.00000512	0x08	0x00
SPI [1]	result	9.68532792	0.00000512	0x00	0x00
SPI [1]	result	9.68533320	0.00000512	0x89	0x07
SPI [1]	result	9.68533848	0.00000512	0xB8	0xFF
SPI [1]	result	9.72321069	0.00000512	0x00	0x00
SPI [1]	result	9.72321597	0.00000512	0x00	0x00
SPI [1]	result	9.72322125	0.00000512	0x08	0x00
SPI [1]	result	9.72322653	0.00000512	0x20	0x00
SPI [1]	result	9.72363891	0.00000512	0x0E	0x00
SPI [1]	result	9.72364419	0.00000512	0x10	0x00
SPI [1]	result	9.72364947	0.00000512	0x80	0x7F
SPI [1]	result	9.72365475	0.00000512	0x12	0xFF
SPI [1]	result	9.72412428	0.00000512	0x00	0x00
SPI [1]	result	9.72412956	0.00000512	0x00	0x00
SPI [1]	result	9.72413484	0.00000512	0x00	0x00
SPI [1]	result	9.72414012	0.00000512	0x00	0x00
SPI [1]	result	9.72455931	0.00000512	0x08	0x00
SPI [1]	result	9.72456459	0.00000512	0x00	0x00
SPI [1]	result	9.72456987	0.00000512	0x88	0x07
SPI [1]	result	9.72457515	0.00000512	0x32	0xFF
SPI [1]	result	9.76321069	0.00000512	0x00	0x00
SPI [1]	result	9.76321597	0.00000512	0x00	0x00
SPI [1]	result	9.76322125	0.00000512	0x08	0x00
SPI [1]	result	9.76322653	0.00000512	0x20	0x10
SPI [1]	result	9.76363386	0.00000512	0x0F	0x00
SPI [1]	result	9.76363914	0.00000512	0x10	0x00
SPI [1]	result	9.76364442	0.00000512	0x80	0x7F
SPI [1]	result	9.76364970	0.00000512	0x1A	0xFF
SPI [1]	result	9.76405160	0.00000512	0x00	0x00
SPI [1]	result	9.76405688	0.00000512	0x00	0x00
SPI [1]	result	9.76406216	0.00000512	0x00	0x00
SPI [1]	result	9.76406744	0.00000512	0x00	0x00
SPI [1]	result	9.76446852	0.00000512	0x08	0x00
SPI [1]	result	9.76447380	0.00000512	0x00	0x00
SPI [1]	result	9.76447908	0.00000512	0x88	0x07
SPI [1]	result	9.76448436	0.00000512	0x32	0xFF
SPI [1]	result	9.80321009	0.00000512	0x00	0x00
SPI [1]	result	9.80321537	0.00000512	0x00	0x00
SPI [1]	result	9.80322065	0.00000512	0x08	0x00
SPI [1]	result	9.80322593	0.00000512	0x20	0x00
SPI [1]	result	9.80362855	0.00000512	0x08	0x00
SPI [1]	result	9.80363383	0.00000512	0x10	0x00
SPI [1]	result	9.80363911	0.00000512	0x80	0x7F
SPI [1]	result	9.80364439	0.00000512	0x22	0xFF
SPI [1]	result	9.80404608	0.00000512	0x00	0x00
SPI [1]	result	9.80405136	0.00000512	0x00	0x00
SPI [1]	result	9.80405664	0.00000512	0x09	0x00
SPI [1]	result	9.80406192	0.00000512	0xA6	0x7F
SPI [1]	result	9.80446287	0.00000512	0x09	0x00
SPI [1]	result	9.80446815	0.00000512	0x00	0x00
SPI [1]	result	9.80447343	0.00000512	0x88	0x7F
SPI [1]	result	9.80447871	0.00000512	0x3A	0xFF
SPI [1]	result	9.80488006	0.00000512	0x00	0x00
SPI [1]	result	9.80488534	0.00000512	0x00	0x00
SPI [1]	result	9.80489062	0.00000512	0x00	0x00
SPI [1]	result	9.80489590	0.00000512	0x00	0x00
SPI [1]	result	9.80529713	0.00000512	0x08	0x00
SPI [1]	result	9.80530241	0.00000512	0x00	0x00
SPI [1]	result	9.80530769	0.00000512	0x89	0x07
SPI [1]	result	9.80531297	0.00000512	0xB8	0xFF
SPI [1]	result	9.84321075	0.00000512	0x00	0x00
SPI [1]	result	9.84321603	0.00000512	0x00	0x00
SPI [1]	result	9.84322131	0.00000512	0x08	0x00
SPI [1]	result	9.84322659	0.00000512	0x20	0x14
SPI [1]	result	9.84363851	0.00000512	0x0A	0x00
SPI [1]	result	9.84364379	0.00000512	0x10	0x0F
SPI [1]	result	9.84364907	0.00000512	0x80	0xFF
SPI [1]	result	9.84365435	0.00000512	0x32	0xFF
SPI [1]	result	9.84405686	0.00000512	0x00	0x00
SPI [1]	result	9.84406214	0.00000512	0x00	0x00
SPI [1]	result	9.84406742	0.00000512	0x00	0x00
SPI [1]	result	9.84407270	0.00000512	0x00	0x00
SPI [1]	result	9.84447378	0.00000512	0x08	0x00
SPI [1]	result	9.84447906	0.00000512	0x00	0x00
SPI [1]	result	9.84448434	0.00000512	0x88	0x07
SPI [1]	result	9.84448962	0.00000512	0x32	0xFF
SPI [1]	result	9.88321416	0.00000512	0x00	0x00
SPI [1]	result	9.88321944	0.00000512	0x00	0x00
SPI [1]	result	9.88322472	0.00000512	0x08	0x00
SPI [1]	result	9.88323000	0.00000512	0x20	0x10
SPI [1]	result	9.88365166	0.00000512	0x0B	0x00
SPI [1]	result	9.88365694	0.00000512	0x10	0x0F
SPI [1]	result	9.88366222	0.00000512	0x80	0xFF
SPI [1]	result	9.88366750	0.00000512	0x3A	0xFF
SPI [1]	result	9.88406970	0.00000512	0x00	0x00
SPI [1]	result	9.88407498	0.00000512	0x00	0x00
SPI [1]	result	9.88408026	0.00000512	0x00	0x00
SPI [1]	result	9.88408554	0.00000512	0x00	0x00
SPI [1]	result	9.88448943	0.00000512	0x08	0x00
SPI [1]	result	9.88449471	0.00000512	0x00	0x00
SPI [1]	result	9.88449999	0.00000512	0x88	0x07
SPI [1]	result	9.88450527	0.00000512	0x32	0xFF
SPI [1]	result	9.92321218	0.00000512	0x00	0x00
SPI [1]	result	9.92321746	0.00000512	0x00	0x00
SPI [1]	result	9.92322274	0.00000512	0x08	0x00
SPI [1]	result	9.92322802	0.00000512	0x20	0x14
SPI [1]	result	9.92363931	0.00000512	0x0C	0x00
SPI [1]	result	9.92364459	0.00000512	0x10	0x00
SPI [1]	result	9.92364987	0.00000512	0x80	0xFF
SPI [1]	result	9.92365515	0.00000512	0x02	0xFF
SPI [1]	result	9.92405733	0.00000512	0x00	0x00
SPI [1]	result	9.92406261	0.00000512	0x00	0x00
SPI [1]	result	9.92406789	0.00000512	0x09	0x00
SPI [1]	result	9.92407317	0.00000512	0xA6	0x7F
SPI [1]	result	9.92447662	0.00000512	0x0D	0x00
SPI [1]	result	9.92448190	0.00000512	0x00	0x00
SPI [1]	result	9.92448718	0.00000512	0x88	0x7F
SPI [1]	result	9.92449246	0.00000512	0x1A	0xFF
SPI [1]	result	9.92489382	0.00000512	0x00	0x00
SPI [1]	result	9.92489910	0.00000512	0x00	0x00
SPI [1]	result	9.92490438	0.00000512	0x00	0x00
SPI [1]	result	9.92490966	0.00000512	0x00	0x00
SPI [1]	result	9.92531104	0.00000512	0x08	0x00
SPI [1]	result	9.92531632	0.00000512	0x00	0x00
SPI [1]	result	9.92532160	0.00000512	0x89	0x07
SPI [1]	result	9.92532688	0.00000512	0xB8	0xFF
SPI [1]	result	9.96320800	0.00000512	0x00	0x00
SPI [1]	result	9.96321328	0.00000512	0x00	0x00
SPI [1]	result	9.96321856	0.00000512	0x08	0x00
SPI [1]	result	9.96322384	0.00000512	0x20	0x10
SPI [1]	result	9.96362789	0.00000512	0x0E	0x00
SPI [1]	result	9.96363317	0.00000512	0x10	0x00
SPI [1]	result	9.96363845	0.00000512	0x80	0x7F
SPI [1]	result	9.96364373	0.00000512	0x12	0xFF
SPI [1]	result	9.96404483	0.00000512	0x00	0x00
SPI [1]	result	9.96405011	0.00000512	0x00	0x00
SPI [1]	result	9.96405539	0.00000512	0x00	0x00
SPI [1]	result	9.96406067	0.00000512	0x00	0x00
SPI [1]	result	9.96446179	0.00000512	0x08	0x00
SPI [1]	result	9.96446707	0.00000512	0x00	0x00
SPI [1]	result	9.96447235	0.00000512	0x88	0x07
SPI [1]	result	9.96447763	0.00000512	0x32	0xFF
SPI [1]	result	10.00321176	0.00000512	0x00	0x00
SPI [1]	result	10.00321704	0.00000512	0x00	0x00
SPI [1]	result	10.00322232	0.00000512	0x08	0x00
SPI [1]	result	10.00322760	0.00000512	0x20	0x10
SPI [1]	result	10.00364946	0.00000512	0x0F	0x00
SPI [1]	result	10.00365474	0.00000512	0x10	0x00
SPI [1]	result	10.00366002	0.00000512	0x80	0xFF
SPI [1]	result	10.00366530	0.00000512	0x1A	0xFF
SPI [1]	result	10.00406524	0.00000512	0x00	0x00
SPI [1]	result	10.00407052	0.00000512	0x00	0x00
SPI [1]	result	10.00407580	0.00000512	0x00	0x00
SPI [1]	result	10.00408108	0.00000512	0x00	0x00
SPI [1]	result	10.00448349	0.00000512	0x08	0x00
SPI [1]	result	10.00448877	0.00000512	0x00	0x00
SPI [1]	result	10.00449405	0.00000512	0x88	0x07
SPI [1]	result	10.00449933	0.00000512	0x32	0xFF
SPI [1]	result	10.04320984	0.00000512	0x00	0x00
SPI [1]	result	10.04321512	0.00000512	0x00	0x00
SPI [1]	result	10.04322040	0.00000512	0x08	0x00
SPI [1]	result	10.04322568	0.00000512	0x20	0x10
SPI [1]	result	10.04363145	0.00000512	0x08	0x00
SPI [1]	result	10.04363673	0.00000512	0x10	0x00
SPI [1]	result	10.04364201	0.00000512	0x80	0xFF
SPI [1]	result	10.04364729	0.00000512	0x22	0xFF
SPI [1]	result	10.04404868	0.00000512	0x00	0x00
SPI [1]	result	10.04405396	0.00000512	0x00	0x00
SPI [1]	result	10.04405924	0.00000512	0x09	0x00
SPI [1]	result	10.04406452	0.00000512	0xA6	0x7F
SPI [1]	result	10.04446646	0.00000512	0x09	0x00
SPI [1]	result	10.04447174	0.00000512	0x00	0x00
SPI [1]	result	10.04447702	0.00000512	0x88	0x7F
SPI [1]	result	10.04448230	0.00000512	0x3A	0xFF
SPI [1]	result	10.04488068	0.00000512	0x00	0x00
SPI [1]	result	10.04488596	0.00000512	0x00	0x00
SPI [1]	result	10.04489124	0.00000512	0x00	0x00
SPI [1]	result	10.04489652	0.00000512	0x00	0x00
SPI [1]	result	10.04529831	0.00000512	0x08	0x00
SPI [1]	result	10.04530359	0.00000512	0x00	0x00
SPI [1]	result	10.04530887	0.00000512	0x89	0x07
SPI [1]	result	10.04531415	0.00000512	0xB8	0xFF
SPI [1]	result	10.08322475	0.00000512	0x00	0x00
SPI [1]	result	10.08323003	0.00000512	0x00	0x00
SPI [1]	result	10.08323531	0.00000512	0x08	0x00
SPI [1]	result	10.08324059	0.00000512	0x20	0x10
SPI [1]	result	10.08371336	0.00000512	0x0A	0x00
SPI [1]	result	10.08371864	0.00000512	0x10	0x0F
SPI [1]	result	10.08372392	0.00000512	0x80	0xFF
SPI [1]	result	10.08372920	0.00000512	0x32	0xFF
SPI [1]	result	10.08413061	0.00000512	0x00	0x00
SPI [1]	result	10.08413589	0.00000512	0x00	0x00
SPI [1]	result	10.08414117	0.00000512	0x00	0x00
SPI [1]	result	10.08414645	0.00000512	0x00	0x00
SPI [1]	result	10.08461242	0.00000512	0x08	0x00
SPI [1]	result	10.08461770	0.00000512	0x00	0x00
SPI [1]	result	10.08462298	0.00000512	0x88	0x07
SPI [1]	result	10.08462826	0.00000512	0x32	0xFF
SPI [1]	result	10.12321312	0.00000512	0x00	0x00
SPI [1]	result	10.12321840	0.00000512	0x00	0x00
SPI [1]	result	10.12322368	0.00000512	0x08	0x00
SPI [1]	result	10.12322896	0.00000512	0x20	0x10
SPI [1]	result	10.12363926	0.00000512	0x0B	0x00
SPI [1]	result	10.12364454	0.00000512	0x10	0x0F
SPI [1]	result	10.12364982	0.00000512	0x80	0xFF
SPI [1]	result	10.12365510	0.00000512	0x3A	0xFF
SPI [1]	result	10.12405802	0.00000512	0x00	0x00
SPI [1]	result	10.12406330	0.00000512	0x00	0x00
SPI [1]	result	10.12406858	0.00000512	0x00	0x00
SPI [1]	result	10.12407386	0.00000512	0x00	0x00
SPI [1]	result	10.12447306	0.00000512	0x08	0x00
SPI [1]	result	10.12447834	0.00000512	0x00	0x00
SPI [1]	result	10.12448362	0.00000512	0x88	0x07
SPI [1]	result	10.12448890	0.00000512	0x32	0xFF
SPI [1]	result	10.16321284	0.00000512	0x00	0x00
SPI [1]	result	10.16321812	0.00000512	0x00	0x00
SPI [1]	result	10.16322340	0.00000512	0x08	0x00
SPI [1]	result	10.16322868	0.00000512	0x20	0x10
SPI [1]	result	10.16364284	0.00000512	0x0C	0x00
SPI [1]	result	10.16364812	0.00000512	0x10	0x00
SPI [1]	result	10.16365340	0.00000512	0x80	0x7F
SPI [1]	result	10.16365868	0.00000512	0x02	0xFF
SPI [1]	result	10.16405975	0.00000512	0x00	0x00
SPI [1]	result	10.16406503	0.00000512	0x00	0x00
SPI [1]	result	10.16407031	0.00000512	0x09	0x00
SPI [1]	result	10.16407559	0.00000512	0xA6	0x7F
SPI [1]	result	10.16447789	0.00000512	0x0D	0x00
SPI [1]	result	10.16448317	0.00000512	0x00	0x00
SPI [1]	result	10.16448845	0.00000512	0x88	0x7F
SPI [1]	result	10.16449373	0.00000512	0x1A	0xFF
SPI [1]	result	10.16489322	0.00000512	0x00	0x00
SPI [1]	result	10.16489850	0.00000512	0x00	0x00
SPI [1]	result	10.16490378	0.00000512	0x00	0x00
SPI [1]	result	10.16490906	0.00000512	0x00	0x00
SPI [1]	result	10.16531229	0.00000512	0x08	0x00
SPI [1]	result	10.16531757	0.00000512	0x00	0x00
SPI [1]	result	10.16532285	0.00000512	0x89	0x07
SPI [1]	result	10.16532813	0.00000512	0xB8	0xFF
SPI [1]	result	10.20320786	0.00000512	0x00	0x00
SPI [1]	result	10.20321314	0.00000512	0x00	0x00
SPI [1]	result	10.20321842	0.00000512	0x08	0x00
SPI [1]	result	10.20322370	0.00000512	0x20	0x10
SPI [1]	result	10.20362777	0.00000512	0x0E	0x00
SPI [1]	result	10.20363305	0.00000512	0x10	0x00
SPI [1]	result	10.20363833	0.00000512	0x80	0xFF
SPI [1]	result	10.20364361	0.00000512	0x12	0xFF
SPI [1]	result	10.20404571	0.00000512	0x00	0x00
SPI [1]	result	10.20405099	0.00000512	0x00	0x00
SPI [1]	result	10.20405627	0.00000512	0x00	0x00
SPI [1]	result	10.20406155	0.00000512	0x00	0x00
SPI [1]	result	10.20445967	0.00000512	0x08	0x00
SPI [1]	result	10.20446495	0.00000512	0x00	0x00
SPI [1]	result	10.20447023	0.00000512	0x88	0x27
SPI [1]	result	10.20447551	0.00000512	0x32	0xFF
SPI [1]	result	10.24321974	0.00000512	0x00	0x00
SPI [1]	result	10.24322502	0.00000512	0x00	0x00
SPI [1]	result	10.24323030	0.00000512	0x08	0x00
SPI [1]	result	10.24323558	0.00000512	0x20	0x10
SPI [1]	result	10.24367223	0.00000512	0x0F	0x00
SPI [1]	result	10.24367751	0.00000512	0x10	0x08
SPI [1]	result	10.24368279	0.00000512	0x80	0x7F
SPI [1]	result	10.24368807	0.00000512	0x1A	0xFF
SPI [1]	result	10.24409073	0.00000512	0x00	0x00
SPI [1]	result	10.24409601	0.00000512	0x00	0x00
SPI [1]	result	10.24410129	0.00000512	0x00	0x00
SPI [1]	result	10.24410657	0.00000512	0x00	0x00
SPI [1]	result	10.24450877	0.00000512	0x08	0x00
SPI [1]	result	10.24451405	0.00000512	0x00	0x00
SPI [1]	result	10.24451933	0.00000512	0x88	0x07
SPI [1]	result	10.24452461	0.00000512	0x32	0xFF
SPI [1]	result	10.28321179	0.00000512	0x00	0x00
SPI [1]	result	10.28321707	0.00000512	0x00	0x00
SPI [1]	result	10.28322235	0.00000512	0x08	0x00
SPI [1]	result	10.28322763	0.00000512	0x20	0x10
SPI [1]	result	10.28363562	0.00000512	0x08	0x00
SPI [1]	result	10.28364090	0.00000512	0x10	0x00
SPI [1]	result	10.28364618	0.00000512	0x80	0x7F
SPI [1]	result	10.28365146	0.00000512	0x22	0xFF
SPI [1]	result	10.28405699	0.00000512	0x00	0x00
SPI [1]	result	10.28406227	0.00000512	0x00	0x00
SPI [1]	result	10.28406755	0.00000512	0x09	0x00
SPI [1]	result	10.28407283	0.00000512	0xA6	0x7F
SPI [1]	result	10.28447497	0.00000512	0x09	0x00
SPI [1]	result	10.28448025	0.00000512	0x00	0x00
SPI [1]	result	10.28448553	0.00000512	0x88	0x7F
SPI [1]	result	10.28449081	0.00000512	0x3A	0xFF
SPI [1]	result	10.28489330	0.00000512	0x00	0x00
SPI [1]	result	10.28489858	0.00000512	0x00	0x00
SPI [1]	result	10.28490386	0.00000512	0x00	0x00
SPI [1]	result	10.28490914	0.00000512	0x00	0x00
SPI [1]	result	10.28531117	0.00000512	0x08	0x00
SPI [1]	result	10.28531645	0.00000512	0x00	0x00
SPI [1]	result	10.28532173	0.00000512	0x89	0x07
SPI [1]	result	10.28532701	0.00000512	0xB8	0xFF
SPI [1]	result	10.32321343	0.00000512	0x00	0x00
SPI [1]	result	10.32321871	0.00000512	0x00	0x00
SPI [1]	result	10.32322399	0.00000512	0x08	0x00
SPI [1]	result	10.32322927	0.00000512	0x20	0x10
SPI [1]	result	10.32364676	0.00000512	0x0A	0x00
SPI [1]	result	10.32365204	0.00000512	0x10	0x1F
SPI [1]	result	10.32365732	0.00000512	0x80	0xFF
SPI [1]	result	10.32366260	0.00000512	0x32	0xFF
SPI [1]	result	10.32406664	0.00000512	0x00	0x00
SPI [1]	result	10.32407192	0.00000512	0x00	0x00
SPI [1]	result	10.32407720	0.00000512	0x00	0x00
SPI [1]	result	10.32408248	0.00000512	0x00	0x00
SPI [1]	result	10.32448436	0.00000512	0x08	0x00
SPI [1]	result	10.32448964	0.00000512	0x00	0x00
SPI [1]	result	10.32449492	0.00000512	0x88	0x07
SPI [1]	result	10.32450020	0.00000512	0x32	0xFF
SPI [1]	result	10.36320798	0.00000512	0x00	0x00
SPI [1]	result	10.36321326	0.00000512	0x00	0x00
SPI [1]	result	10.36321854	0.00000512	0x08	0x00
SPI [1]	result	10.36322382	0.00000512	0x20	0x10
SPI [1]	result	10.36362863	0.00000512	0x0B	0x00
SPI [1]	result	10.36363391	0.00000512	0x10	0x1F
SPI [1]	result	10.36363919	0.00000512	0x80	0xFF
SPI [1]	result	10.36364447	0.00000512	0x3A	0xFF
SPI [1]	result	10.36404629	0.00000512	0x00	0x00
SPI [1]	result	10.36405157	0.00000512	0x00	0x00
SPI [1]	result	10.36405685	0.00000512	0x00	0x00
SPI [1]	result	10.36406213	0.00000512	0x00	0x00
SPI [1]	result	10.36446346	0.00000512	0x08	0x00
SPI [1]	result	10.36446874	0.00000512	0x00	0x00
SPI [1]	result	10.36447402	0.00000512	0x88	0x07
SPI [1]	result	10.36447930	0.00000512	0x32	0xFF
SPI [1]	result	10.40320954	0.00000512	0x00	0x00
SPI [1]	result	10.40321482	0.00000512	0x00	0x00
SPI [1]	result	10.40322010	0.00000512	0x08	0x00
SPI [1]	result	10.40322538	0.00000512	0x20	0x10
SPI [1]	result	10.40362525	0.00000512	0x0C	0x00
SPI [1]	result	10.40363053	0.00000512	0x10	0x00
SPI [1]	result	10.40363581	0.00000512	0x80	0xFF
SPI [1]	result	10.40364109	0.00000512	0x02	0xFB
SPI [1]	result	10.40404295	0.00000512	0x00	0x00
SPI [1]	result	10.40404823	0.00000512	0x00	0x00
SPI [1]	result	10.40405351	0.00000512	0x09	0x00
SPI [1]	result	10.40405879	0.00000512	0xA6	0x7F
SPI [1]	result	10.40445998	0.00000512	0x0D	0x00
SPI [1]	result	10.40446526	0.00000512	0x00	0x00
SPI [1]	result	10.40447054	0.00000512	0x88	0x7F
SPI [1]	result	10.40447582	0.00000512	0x1A	0xFF
SPI [1]	result	10.40487718	0.00000512	0x00	0x00
SPI [1]	result	10.40488246	0.00000512	0x00	0x00
SPI [1]	result	10.40488774	0.00000512	0x00	0x00
SPI [1]	result	10.40489302	0.00000512	0x00	0x00
SPI [1]	result	10.40529399	0.00000512	0x08	0x00
SPI [1]	result	10.40529927	0.00000512	0x00	0x00
SPI [1]	result	10.40530455	0.00000512	0x89	0x07
SPI [1]	result	10.40530983	0.00000512	0xB8	0xFF
SPI [1]	result	10.44320755	0.00000512	0x00	0x00
SPI [1]	result	10.44321283	0.00000512	0x00	0x00
SPI [1]	result	10.44321811	0.00000512	0x08	0x00
SPI [1]	result	10.44322339	0.00000512	0x20	0x10
SPI [1]	result	10.44362530	0.00000512	0x0E	0x00
SPI [1]	result	10.44363058	0.00000512	0x10	0x00
SPI [1]	result	10.44363586	0.00000512	0x80	0x7F
SPI [1]	result	10.44364114	0.00000512	0x12	0xFF
SPI [1]	result	10.44404219	0.00000512	0x00	0x00
SPI [1]	result	10.44404747	0.00000512	0x00	0x00
SPI [1]	result	10.44405275	0.00000512	0x00	0x00
SPI [1]	result	10.44405803	0.00000512	0x00	0x00
SPI [1]	result	10.44445902	0.00000512	0x08	0x00
SPI [1]	result	10.44446430	0.00000512	0x00	0x00
SPI [1]	result	10.44446958	0.00000512	0x88	0x07
SPI [1]	result	10.44447486	0.00000512	0x32	0xFF
SPI [1]	result	10.48321112	0.00000512	0x00	0x00
SPI [1]	result	10.48321640	0.00000512	0x00	0x00
SPI [1]	result	10.48322168	0.00000512	0x08	0x00
SPI [1]	result	10.48322696	0.00000512	0x20	0x12
SPI [1]	result	10.48364470	0.00000512	0x0F	0x00
SPI [1]	result	10.48364998	0.00000512	0x10	0x00
SPI [1]	result	10.48365526	0.00000512	0x80	0xFF
SPI [1]	result	10.48366054	0.00000512	0x1A	0xFF
SPI [1]	result	10.48406029	0.00000512	0x00	0x00
SPI [1]	result	10.48406557	0.00000512	0x00	0x00
SPI [1]	result	10.48407085	0.00000512	0x00	0x00
SPI [1]	result	10.48407613	0.00000512	0x00	0x00
SPI [1]	result	10.48447758	0.00000512	0x08	0x00
SPI [1]	result	10.48448286	0.00000512	0x00	0x00
SPI [1]	result	10.48448814	0.00000512	0x88	0x07
SPI [1]	result	10.48449342	0.00000512	0x32	0xFF
SPI [1]	result	10.52321214	0.00000512	0x00	0x00
SPI [1]	result	10.52321742	0.00000512	0x00	0x00
SPI [1]	result	10.52322270	0.00000512	0x08	0x00
SPI [1]	result	10.52322798	0.00000512	0x20	0x10
SPI [1]	result	10.52363653	0.00000512	0x08	0x00
SPI [1]	result	10.52364181	0.00000512	0x10	0x00
SPI [1]	result	10.52364709	0.00000512	0x80	0x7F
SPI [1]	result	10.52365237	0.00000512	0x22	0xFF
SPI [1]	result	10.52405533	0.00000512	0x00	0x00
SPI [1]	result	10.52406061	0.00000512	0x00	0x00
SPI [1]	result	10.52406589	0.00000512	0x09	0x00
SPI [1]	result	10.52407117	0.00000512	0xA6	0x7F
SPI [1]	result	10.52447258	0.00000512	0x09	0x00
SPI [1]	result	10.52447786	0.00000512	0x00	0x00
SPI [1]	result	10.52448314	0.00000512	0x88	0x7F
SPI [1]	result	10.52448842	0.00000512	0x3A	0xFF
SPI [1]	result	10.52488984	0.00000512	0x00	0x00
SPI [1]	result	10.52489512	0.00000512	0x00	0x00
SPI [1]	result	10.52490040	0.00000512	0x00	0x00
SPI [1]	result	10.52490568	0.00000512	0x00	0x00
SPI [1]	result	10.52530660	0.00000512	0x08	0x00
SPI [1]	result	10.52531188	0.00000512	0x00	0x00
SPI [1]	result	10.52531716	0.00000512	0x89	0x07
SPI [1]	result	10.52532244	0.00000512	0xB8	0xFF
SPI [1]	result	10.56320763	0.00000512	0x00	0x00
SPI [1]	result	10.56321291	0.00000512	0x00	0x00
SPI [1]	result	10.56321819	0.00000512	0x08	0x00
SPI [1]	result	10.56322347	0.00000512	0x20	0x14
SPI [1]	result	10.56362805	0.00000512	0x0A	0x01
SPI [1]	result	10.56363333	0.00000512	0x10	0x0F
SPI [1]	result	10.56363861	0.00000512	0x80	0xFF
SPI [1]	result	10.56364389	0.00000512	0x32	0xFF
SPI [1]	result	10.56404214	0.00000512	0x00	0x00
SPI [1]	result	10.56404742	0.00000512	0x00	0x00
SPI [1]	result	10.56405270	0.00000512	0x00	0x00
SPI [1]	result	10.56405798	0.00000512	0x00	0x00
SPI [1]	result	10.56445973	0.00000512	0x08	0x00
SPI [1]	result	10.56446501	0.00000512	0x00	0x00
SPI [1]	result	10.56447029	0.00000512	0x88	0x07
SPI [1]	result	10.56447557	0.00000512	0x32	0xFF
SPI [1]	result	10.60321091	0.00000512	0x00	0x00
SPI [1]	result	10.60321619	0.00000512	0x00	0x00
SPI [1]	result	10.60322147	0.00000512	0x08	0x00
SPI [1]	result	10.60322675	0.00000512	0x20	0x10
SPI [1]	result	10.60364056	0.00000512	0x0B	0x00
SPI [1]	result	10.60364584	0.00000512	0x10	0x0F
SPI [1]	result	10.60365112	0.00000512	0x80	0xFF
SPI [1]	result	10.60365640	0.00000512	0x3A	0xFF
SPI [1]	result	10.60405898	0.00000512	0x00	0x00
SPI [1]	result	10.60406426	0.00000512	0x00	0x00
SPI [1]	result	10.60406954	0.00000512	0x00	0x00
SPI [1]	result	10.60407482	0.00000512	0x00	0x00
SPI [1]	result	10.60447326	0.00000512	0x08	0x00
SPI [1]	result	10.60447854	0.00000512	0x00	0x00
SPI [1]	result	10.60448382	0.00000512	0x88	0x07
SPI [1]	result	10.60448910	0.00000512	0x32	0xFF
SPI [1]	result	10.64320910	0.00000512	0x00	0x00
SPI [1]	result	10.64321438	0.00000512	0x00	0x00
SPI [1]	result	10.64321966	0.00000512	0x08	0x00
SPI [1]	result	10.64322494	0.00000512	0x20	0x10
SPI [1]	result	10.64362760	0.00000512	0x0C	0x00
SPI [1]	result	10.64363288	0.00000512	0x10	0x00
SPI [1]	result	10.64363816	0.00000512	0x80	0x7F
SPI [1]	result	10.64364344	0.00000512	0x02	0xB3
SPI [1]	result	10.64404524	0.00000512	0x00	0x00
SPI [1]	result	10.64405052	0.00000512	0x00	0x00
SPI [1]	result	10.64405580	0.00000512	0x09	0x00
SPI [1]	result	10.64406108	0.00000512	0xA6	0x7F
SPI [1]	result	10.64446206	0.00000512	0x0D	0x00
SPI [1]	result	10.64446734	0.00000512	0x00	0x00
SPI [1]	result	10.64447262	0.00000512	0x88	0x7F
SPI [1]	result	10.64447790	0.00000512	0x1A	0xFF
SPI [1]	result	10.64487879	0.00000512	0x00	0x00
SPI [1]	result	10.64488407	0.00000512	0x00	0x00
SPI [1]	result	10.64488935	0.00000512	0x00	0x00
SPI [1]	result	10.64489463	0.00000512	0x00	0x00
SPI [1]	result	10.64529818	0.00000512	0x08	0x00
SPI [1]	result	10.64530346	0.00000512	0x00	0x00
SPI [1]	result	10.64530874	0.00000512	0x89	0x07
SPI [1]	result	10.64531402	0.00000512	0xB8	0xFF
