name	type	start_time	duration	mosi	miso
SPI [1]	result	0.00031085	0.00000512	0x00	0xFF
SPI [1]	result	0.00031613	0.00000512	0x00	0xFF
SPI [1]	result	0.00032141	0.00000512	0x3F	0xFF
SPI [1]	result	0.00032669	0.00000512	0xC6	0xFF
SPI [1]	result	0.00117004	0.00000512	0x08	0xFF
SPI [1]	result	0.00117532	0.00000512	0x10	0xFF
SPI [1]	result	0.00118060	0.00000512	0x80	0xFF
SPI [1]	result	0.00118588	0.00000512	0x22	0xFF
SPI [1]	result	0.00452290	0.00000512	0x00	0xFF
SPI [1]	result	0.00452818	0.00000512	0x00	0xFF
SPI [1]	result	0.00453346	0.00000512	0x00	0xFF
SPI [1]	result	0.00453874	0.00000512	0x00	0xFF
SPI [1]	result	0.00537018	0.00000512	0x08	0xFF
SPI [1]	result	0.00537546	0.00000512	0x00	0xFF
SPI [1]	result	0.00538074	0.00000512	0xBF	0xFF
SPI [1]	result	0.00538602	0.00000512	0xD8	0xFF
SPI [1]	result	0.00792097	0.00000512	0xB8	0x00
SPI [1]	result	0.00792625	0.00000512	0x01	0x00
SPI [1]	result	0.00793153	0.00000512	0x06	0x00
SPI [1]	result	0.00793681	0.00000512	0x26	0x00
SPI [1]	result	0.00871870	0.00000512	0x09	0x00
SPI [1]	result	0.00872398	0.00000512	0x10	0x00
SPI [1]	result	0.00872926	0.00000512	0x80	0x00
SPI [1]	result	0.00873454	0.00000512	0x2A	0x00
SPI [1]	result	0.00929811	0.00000512	0x00	0x08
SPI [1]	result	0.00930339	0.00000512	0x00	0x10
SPI [1]	result	0.00930867	0.00000512	0x05	0x86
SPI [1]	result	0.00931395	0.00000512	0x14	0x3A
SPI [1]	result	0.01008578	0.00000512	0x0A	0x00
SPI [1]	result	0.01009106	0.00000512	0x00	0x00
SPI [1]	result	0.01009634	0.00000512	0x86	0x03
SPI [1]	result	0.01010162	0.00000512	0x3A	0xD0
SPI [1]	result	0.01067190	0.00000512	0x00	0xC3
SPI [1]	result	0.01067718	0.00000512	0x00	0x3C
SPI [1]	result	0.01068246	0.00000512	0x00	0xA5
SPI [1]	result	0.01068774	0.00000512	0x00	0x5A
SPI [1]	result	0.01123390	0.00000512	0x08	0xC3
SPI [1]	result	0.01123918	0.00000512	0x00	0x3C
SPI [1]	result	0.01124446	0.00000512	0x85	0xA5
SPI [1]	result	0.01124974	0.00000512	0x26	0x5A
SPI [1]	result	0.01432579	0.00000512	0xFF	0xC3
SPI [1]	result	0.01433107	0.00000512	0xFF	0x3C
SPI [1]	result	0.01433635	0.00000512	0x00	0xA5
SPI [1]	result	0.01434163	0.00000512	0x00	0x5A
SPI [1]	result	0.01434691	0.00000512	0x00	0x00
SPI [1]	result	0.01435219	0.00000512	0x00	0x00
SPI [1]	result	0.01435747	0.00000512	0x00	0x00
SPI [1]	result	0.01436275	0.00000512	0x00	0x00
SPI [1]	result	0.01436803	0.00000512	0x00	0x00
SPI [1]	result	0.01437331	0.00000512	0x00	0x00
SPI [1]	result	0.01437859	0.00000512	0x00	0x00
SPI [1]	result	0.01438387	0.00000512	0x00	0x00
SPI [1]	result	0.01438915	0.00000512	0x00	0x00
SPI [1]	result	0.01439443	0.00000512	0x00	0x0C
SPI [1]	result	0.01439971	0.00000512	0x00	0x33
SPI [1]	result	0.01440499	0.00000512	0x00	0xCA
SPI [1]	result	0.01441027	0.00000512	0x00	0x55
SPI [1]	result	0.01441555	0.00000512	0x00	0xA0
SPI [1]	result	0.01442083	0.00000512	0x00	0x00
SPI [1]	result	0.01442611	0.00000512	0x00	0x00
SPI [1]	result	0.01443139	0.00000512	0x00	0x00
SPI [1]	result	0.01443667	0.00000512	0x00	0x00
SPI [1]	result	0.01444195	0.00000512	0x00	0x00
SPI [1]	result	0.01444723	0.00000512	0x00	0x00
SPI [1]	result	0.01445251	0.00000512	0x00	0x00
SPI [1]	result	0.01445779	0.00000512	0x00	0x00
SPI [1]	result	0.01446307	0.00000512	0x00	0x00
SPI [1]	result	0.01446835	0.00000512	0x00	0xC3
SPI [1]	result	0.01447363	0.00000512	0x00	0x3C
SPI [1]	result	0.01447891	0.00000512	0x00	0xA5
SPI [1]	result	0.01448419	0.00000512	0x00	0x5A
SPI [1]	result	0.01448947	0.00000512	0x00	0x00
SPI [1]	result	0.01449475	0.00000512	0x00	0x00
SPI [1]	result	0.01450003	0.00000512	0x00	0x00
SPI [1]	result	0.01450531	0.00000512	0x00	0x00
SPI [1]	result	0.01451059	0.00000512	0x00	0x00
SPI [1]	result	0.01451587	0.00000512	0x00	0x00
SPI [1]	result	0.01452115	0.00000512	0x00	0x00
SPI [1]	result	0.01452643	0.00000512	0x00	0x00
SPI [1]	result	0.01453171	0.00000512	0x00	0x00
SPI [1]	result	0.01453699	0.00000512	0x00	0x0C
SPI [1]	result	0.01454227	0.00000512	0x00	0x33
SPI [1]	result	0.01454755	0.00000512	0x00	0xCA
SPI [1]	result	0.01455283	0.00000512	0x00	0x55
SPI [1]	result	0.01455811	0.00000512	0x00	0xA0
SPI [1]	result	0.01456339	0.00000512	0x00	0x00
SPI [1]	result	0.01456867	0.00000512	0x00	0x00
SPI [1]	result	0.01457395	0.00000512	0x00	0x00
SPI [1]	result	0.01457923	0.00000512	0x00	0x00
SPI [1]	result	0.01458451	0.00000512	0x00	0x00
SPI [1]	result	0.01458979	0.00000512	0x00	0x00
SPI [1]	result	0.01459507	0.00000512	0x00	0x00
SPI [1]	result	0.01460035	0.00000512	0x00	0x00
SPI [1]	result	0.01460563	0.00000512	0x00	0x00
SPI [1]	result	0.01461091	0.00000512	0x00	0xC3
SPI [1]	result	0.01461619	0.00000512	0x00	0x3C
SPI [1]	result	0.01462147	0.00000512	0x00	0xA5
SPI [1]	result	0.01462675	0.00000512	0x00	0x5A
SPI [1]	result	0.01463203	0.00000512	0x00	0x00
SPI [1]	result	0.01463731	0.00000512	0x00	0x00
SPI [1]	result	0.01464259	0.00000512	0x00	0x00
SPI [1]	result	0.01464787	0.00000512	0x00	0x00
SPI [1]	result	0.01465315	0.00000512	0x00	0x00
SPI [1]	result	0.01465843	0.00000512	0x00	0x00
SPI [1]	result	0.01466371	0.00000512	0x00	0x00
SPI [1]	result	0.01466899	0.00000512	0x00	0x00
SPI [1]	result	0.01467427	0.00000512	0x00	0x00
SPI [1]	result	0.01467955	0.00000512	0x00	0x0C
SPI [1]	result	0.01468483	0.00000512	0x00	0x33
SPI [1]	result	0.01469011	0.00000512	0x00	0xCA
SPI [1]	result	0.01469539	0.00000512	0x00	0x55
SPI [1]	result	0.01470067	0.00000512	0x00	0xA0
SPI [1]	result	0.01470595	0.00000512	0x00	0x00
SPI [1]	result	0.01471123	0.00000512	0x00	0x00
SPI [1]	result	0.01471651	0.00000512	0x00	0x00
SPI [1]	result	0.01472179	0.00000512	0x00	0x00
SPI [1]	result	0.01472707	0.00000512	0x00	0x00
SPI [1]	result	0.01473235	0.00000512	0x00	0x00
SPI [1]	result	0.01473763	0.00000512	0x00	0x00
SPI [1]	result	0.01474291	0.00000512	0x00	0x00
SPI [1]	result	0.01474819	0.00000512	0x00	0x00
SPI [1]	result	0.01475347	0.00000512	0x00	0xC3
SPI [1]	result	0.01475875	0.00000512	0x00	0x3C
SPI [1]	result	0.01476403	0.00000512	0x00	0xA5
SPI [1]	result	0.01476931	0.00000512	0x00	0x5A
SPI [1]	result	0.01477459	0.00000512	0x00	0x00
SPI [1]	result	0.01477987	0.00000512	0x00	0x00
SPI [1]	result	0.01478515	0.00000512	0x00	0x00
SPI [1]	result	0.01479043	0.00000512	0x00	0x00
SPI [1]	result	0.01479571	0.00000512	0x00	0x00
SPI [1]	result	0.01480099	0.00000512	0x00	0x00
SPI [1]	result	0.01480627	0.00000512	0x00	0x00
SPI [1]	result	0.01481155	0.00000512	0x00	0x00
SPI [1]	result	0.01481683	0.00000512	0x00	0x00
SPI [1]	result	0.01482211	0.00000512	0x00	0x0C
SPI [1]	result	0.01482739	0.00000512	0x00	0x33
SPI [1]	result	0.01483267	0.00000512	0x00	0xCA
SPI [1]	result	0.01483795	0.00000512	0x00	0x55
SPI [1]	result	0.01484323	0.00000512	0x00	0xA0
SPI [1]	result	0.01484851	0.00000512	0x00	0x00
SPI [1]	result	0.01485379	0.00000512	0x00	0x00
SPI [1]	result	0.01485907	0.00000512	0x00	0x00
SPI [1]	result	0.01486435	0.00000512	0x00	0x00
SPI [1]	result	0.01486963	0.00000512	0x00	0x00
SPI [1]	result	0.01487491	0.00000512	0x00	0x00
SPI [1]	result	0.01488019	0.00000512	0x00	0x00
SPI [1]	result	0.01488547	0.00000512	0x00	0x00
SPI [1]	result	0.01489075	0.00000512	0x00	0x00
SPI [1]	result	0.01489603	0.00000512	0x00	0xC3
SPI [1]	result	0.01490131	0.00000512	0x00	0x3C
SPI [1]	result	0.01490659	0.00000512	0x00	0xA5
SPI [1]	result	0.01491187	0.00000512	0x00	0x5A
SPI [1]	result	0.01491715	0.00000512	0x00	0x00
SPI [1]	result	0.01492243	0.00000512	0x00	0x00
SPI [1]	result	0.01492771	0.00000512	0x00	0x00
SPI [1]	result	0.01493299	0.00000512	0x00	0x00
SPI [1]	result	0.01493827	0.00000512	0x00	0x00
SPI [1]	result	0.01494355	0.00000512	0x00	0x00
SPI [1]	result	0.01494883	0.00000512	0x00	0x00
SPI [1]	result	0.01495411	0.00000512	0x00	0x00
SPI [1]	result	0.01495939	0.00000512	0x00	0x00
SPI [1]	result	0.01496467	0.00000512	0x00	0x0C
SPI [1]	result	0.01496995	0.00000512	0x00	0x33
SPI [1]	result	0.01497523	0.00000512	0x00	0xCA
SPI [1]	result	0.01498051	0.00000512	0x00	0x55
SPI [1]	result	0.01498579	0.00000512	0x00	0xA0
SPI [1]	result	0.01499107	0.00000512	0x00	0x00
SPI [1]	result	0.01499635	0.00000512	0x00	0x00
SPI [1]	result	0.01500163	0.00000512	0x00	0x00
SPI [1]	result	0.01500691	0.00000512	0x00	0x00
SPI [1]	result	0.01501219	0.00000512	0x5A	0x00
SPI [1]	result	0.01814200	0.00000512	0xFF	0xC3
SPI [1]	result	0.01814728	0.00000512	0x00	0x3C
SPI [1]	result	0.01815256	0.00000512	0x00	0xA5
SPI [1]	result	0.01815784	0.00000512	0x00	0x5A
SPI [1]	result	0.01816312	0.00000512	0x00	0x00
SPI [1]	result	0.01816840	0.00000512	0x00	0x00
SPI [1]	result	0.01817368	0.00000512	0x00	0x00
SPI [1]	result	0.01817896	0.00000512	0x00	0x00
SPI [1]	result	0.01818424	0.00000512	0x00	0x00
SPI [1]	result	0.01818952	0.00000512	0x00	0x00
SPI [1]	result	0.01819480	0.00000512	0x00	0x00
SPI [1]	result	0.01820008	0.00000512	0x00	0x00
SPI [1]	result	0.01820536	0.00000512	0x00	0x00
SPI [1]	result	0.01821064	0.00000512	0x00	0x0C
SPI [1]	result	0.01821592	0.00000512	0x00	0x33
SPI [1]	result	0.01822120	0.00000512	0x00	0xCA
SPI [1]	result	0.01822648	0.00000512	0x00	0x55
SPI [1]	result	0.01823176	0.00000512	0x00	0xA0
SPI [1]	result	0.01823704	0.00000512	0x00	0x00
SPI [1]	result	0.01824232	0.00000512	0x00	0x00
SPI [1]	result	0.01824760	0.00000512	0x00	0x00
SPI [1]	result	0.01825288	0.00000512	0x00	0x00
SPI [1]	result	0.01825816	0.00000512	0x00	0x00
SPI [1]	result	0.01826344	0.00000512	0x00	0x00
SPI [1]	result	0.01826872	0.00000512	0x00	0x00
SPI [1]	result	0.01827400	0.00000512	0x00	0x00
SPI [1]	result	0.01827928	0.00000512	0x00	0x00
SPI [1]	result	0.01828456	0.00000512	0x00	0xC3
SPI [1]	result	0.01828984	0.00000512	0x00	0x3C
SPI [1]	result	0.01829512	0.00000512	0x00	0xA5
SPI [1]	result	0.01830040	0.00000512	0x00	0x5A
SPI [1]	result	0.01830568	0.00000512	0x00	0x00
SPI [1]	result	0.01831096	0.00000512	0x00	0x00
SPI [1]	result	0.01831624	0.00000512	0x00	0x00
SPI [1]	result	0.01832152	0.00000512	0x00	0x00
SPI [1]	result	0.01832680	0.00000512	0x00	0x00
SPI [1]	result	0.01833208	0.00000512	0x00	0x00
SPI [1]	result	0.01833736	0.00000512	0x00	0x00
SPI [1]	result	0.01834264	0.00000512	0x00	0x00
SPI [1]	result	0.01834792	0.00000512	0x00	0x00
SPI [1]	result	0.01835320	0.00000512	0x00	0x0C
SPI [1]	result	0.01835848	0.00000512	0x00	0x33
SPI [1]	result	0.01836376	0.00000512	0x00	0xCA
SPI [1]	result	0.01836904	0.00000512	0x00	0x55
SPI [1]	result	0.01837432	0.00000512	0x00	0xA0
SPI [1]	result	0.01837960	0.00000512	0x00	0x00
SPI [1]	result	0.01838488	0.00000512	0x00	0x00
SPI [1]	result	0.01839016	0.00000512	0x00	0x00
SPI [1]	result	0.01839544	0.00000512	0x00	0x00
SPI [1]	result	0.01840072	0.00000512	0x00	0x00
SPI [1]	result	0.01840600	0.00000512	0x00	0x00
SPI [1]	result	0.01841128	0.00000512	0x00	0x00
SPI [1]	result	0.01841656	0.00000512	0x00	0x00
SPI [1]	result	0.01842184	0.00000512	0x00	0x00
SPI [1]	result	0.01842712	0.00000512	0x00	0xC3
SPI [1]	result	0.01843240	0.00000512	0x00	0x3C
SPI [1]	result	0.01843768	0.00000512	0x00	0xA5
SPI [1]	result	0.01844296	0.00000512	0x00	0x5A
SPI [1]	result	0.01844824	0.00000512	0x00	0x00
SPI [1]	result	0.01845352	0.00000512	0x00	0x00
SPI [1]	result	0.01845880	0.00000512	0x00	0x00
SPI [1]	result	0.01846408	0.00000512	0x00	0x00
SPI [1]	result	0.01846936	0.00000512	0x00	0x00
SPI [1]	result	0.01847464	0.00000512	0x00	0x00
SPI [1]	result	0.01847992	0.00000512	0x00	0x00
SPI [1]	result	0.01848520	0.00000512	0x00	0x00
SPI [1]	result	0.01849048	0.00000512	0x00	0x00
SPI [1]	result	0.01849576	0.00000512	0x00	0x0C
SPI [1]	result	0.01850104	0.00000512	0x00	0x33
SPI [1]	result	0.01850632	0.00000512	0x00	0xCA
SPI [1]	result	0.01851160	0.00000512	0x00	0x55
SPI [1]	result	0.01851688	0.00000512	0x00	0xA0
SPI [1]	result	0.01852216	0.00000512	0x00	0x00
SPI [1]	result	0.01852744	0.00000512	0x00	0x00
SPI [1]	result	0.01853272	0.00000512	0x00	0x00
SPI [1]	result	0.01853800	0.00000512	0x00	0x00
SPI [1]	result	0.01854328	0.00000512	0x00	0x00
SPI [1]	result	0.01854856	0.00000512	0x00	0x00
SPI [1]	result	0.01855384	0.00000512	0x00	0x00
SPI [1]	result	0.01855912	0.00000512	0x00	0x00
SPI [1]	result	0.01856440	0.00000512	0x00	0x00
SPI [1]	result	0.01856968	0.00000512	0x00	0xC3
SPI [1]	result	0.01857496	0.00000512	0x00	0x3C
SPI [1]	result	0.01858024	0.00000512	0x00	0xA5
SPI [1]	result	0.01858552	0.00000512	0x00	0x5A
SPI [1]	result	0.01859080	0.00000512	0x00	0x00
SPI [1]	result	0.01859608	0.00000512	0x00	0x00
SPI [1]	result	0.01860136	0.00000512	0x00	0x00
SPI [1]	result	0.01860664	0.00000512	0x00	0x00
SPI [1]	result	0.01861192	0.00000512	0x00	0x00
SPI [1]	result	0.01861720	0.00000512	0x00	0x00
SPI [1]	result	0.01862248	0.00000512	0x00	0x00
SPI [1]	result	0.01862776	0.00000512	0x00	0x00
SPI [1]	result	0.01863304	0.00000512	0x00	0x00
SPI [1]	result	0.01863832	0.00000512	0x00	0x0C
SPI [1]	result	0.01864360	0.00000512	0x00	0x33
SPI [1]	result	0.01864888	0.00000512	0x00	0xCA
SPI [1]	result	0.01865416	0.00000512	0x00	0x55
SPI [1]	result	0.01865944	0.00000512	0x00	0xA0
SPI [1]	result	0.01866472	0.00000512	0x00	0x00
SPI [1]	result	0.01867000	0.00000512	0x00	0x00
SPI [1]	result	0.01867528	0.00000512	0x00	0x00
SPI [1]	result	0.01868056	0.00000512	0x00	0x00
SPI [1]	result	0.01868584	0.00000512	0x00	0x00
SPI [1]	result	0.01869112	0.00000512	0x00	0x00
SPI [1]	result	0.01869640	0.00000512	0x00	0x00
SPI [1]	result	0.01870168	0.00000512	0x00	0x00
SPI [1]	result	0.01870696	0.00000512	0x00	0x00
SPI [1]	result	0.01871224	0.00000512	0x00	0xC3
SPI [1]	result	0.01871752	0.00000512	0x00	0x3C
SPI [1]	result	0.01872280	0.00000512	0x00	0xA5
SPI [1]	result	0.01872808	0.00000512	0x00	0x5A
SPI [1]	result	0.01873336	0.00000512	0x00	0x00
SPI [1]	result	0.01873864	0.00000512	0x00	0x00
SPI [1]	result	0.01874392	0.00000512	0x00	0x00
SPI [1]	result	0.01874920	0.00000512	0x00	0x00
SPI [1]	result	0.01875448	0.00000512	0x00	0x00
SPI [1]	result	0.01875976	0.00000512	0x00	0x00
SPI [1]	result	0.01876504	0.00000512	0x00	0x00
SPI [1]	result	0.01877032	0.00000512	0x00	0x00
SPI [1]	result	0.01877560	0.00000512	0x00	0x00
SPI [1]	result	0.01878088	0.00000512	0x00	0x0C
SPI [1]	result	0.01878616	0.00000512	0x00	0x33
SPI [1]	result	0.01879144	0.00000512	0x00	0xCA
SPI [1]	result	0.01879672	0.00000512	0x00	0x55
SPI [1]	result	0.01880200	0.00000512	0x00	0xA0
SPI [1]	result	0.01880728	0.00000512	0x00	0x00
SPI [1]	result	0.01881256	0.00000512	0x00	0x00
SPI [1]	result	0.01881784	0.00000512	0x00	0x00
SPI [1]	result	0.01882312	0.00000512	0x00	0x00
SPI [1]	result	0.01882840	0.00000512	0x5A	0x00
SPI [1]	result	0.02197789	0.00000512	0xB8	0xC3
SPI [1]	result	0.02198317	0.00000512	0x01	0x3C
SPI [1]	result	0.02198845	0.00000512	0x06	0xA5
SPI [1]	result	0.02199373	0.00000512	0x26	0x5A
SPI [1]	result	0.02277989	0.00000512	0x0B	0xC3
SPI [1]	result	0.02278517	0.00000512	0x10	0x3C
SPI [1]	result	0.02279045	0.00000512	0x80	0xA5
SPI [1]	result	0.02279573	0.00000512	0x3A	0x5A
SPI [1]	result	0.02334471	0.00000512	0x00	0xC3
SPI [1]	result	0.02334999	0.00000512	0x00	0x3C
SPI [1]	result	0.02335527	0.00000512	0x05	0xA5
SPI [1]	result	0.02336055	0.00000512	0x56	0x5A
SPI [1]	result	0.02413587	0.00000512	0x0C	0x00
SPI [1]	result	0.02414115	0.00000512	0x00	0x00
SPI [1]	result	0.02414643	0.00000512	0x86	0x00
SPI [1]	result	0.02415171	0.00000512	0x0A	0x03
SPI [1]	result	0.02471985	0.00000512	0x00	0x00
SPI [1]	result	0.02472513	0.00000512	0x00	0x00
SPI [1]	result	0.02473041	0.00000512	0x00	0x00
SPI [1]	result	0.02473569	0.00000512	0x00	0x00
SPI [1]	result	0.02529485	0.00000512	0x08	0x00
SPI [1]	result	0.02530013	0.00000512	0x00	0x00
SPI [1]	result	0.02530541	0.00000512	0x85	0x01
SPI [1]	result	0.02531069	0.00000512	0x68	0x7F
SPI [1]	result	0.02839452	0.00000512	0x00	0x00
SPI [1]	result	0.02839980	0.00000512	0x00	0x00
SPI [1]	result	0.02840508	0.00000512	0x53	0x01
SPI [1]	result	0.02841036	0.00000512	0x50	0xFF
SPI [1]	result	0.02841564	0.00000512	0x58	0xFF
SPI [1]	result	0.02842092	0.00000512	0x31	0xFF
SPI [1]	result	0.02842620	0.00000512	0x00	0xFF
SPI [1]	result	0.02843148	0.00000512	0x00	0xFF
SPI [1]	result	0.02843676	0.00000512	0x00	0xFF
SPI [1]	result	0.02844204	0.00000512	0x00	0xFF
SPI [1]	result	0.02844732	0.00000512	0x00	0xFF
SPI [1]	result	0.02845260	0.00000512	0x00	0xFF
SPI [1]	result	0.02845788	0.00000512	0x47	0xFF
SPI [1]	result	0.02846316	0.00000512	0x46	0xFF
SPI [1]	result	0.02846844	0.00000512	0x58	0xFF
SPI [1]	result	0.02847372	0.00000512	0x20	0xFF
SPI [1]	result	0.02847900	0.00000512	0x35	0xFF
SPI [1]	result	0.02848428	0.00000512	0x30	0xFF
SPI [1]	result	0.02848956	0.00000512	0x53	0xFF
SPI [1]	result	0.02849484	0.00000512	0x00	0xFF
SPI [1]	result	0.02850012	0.00000512	0x00	0xFF
SPI [1]	result	0.02850540	0.00000512	0x00	0xFF
SPI [1]	result	0.02851068	0.00000512	0x00	0xFF
SPI [1]	result	0.02851596	0.00000512	0x00	0xFF
SPI [1]	result	0.02852124	0.00000512	0x00	0xFF
SPI [1]	result	0.02852652	0.00000512	0x00	0xFF
SPI [1]	result	0.02853180	0.00000512	0x00	0xFF
SPI [1]	result	0.02853708	0.00000512	0x00	0xFF
SPI [1]	result	0.02854236	0.00000512	0x00	0xFF
SPI [1]	result	0.02854764	0.00000512	0x00	0xFF
SPI [1]	result	0.02855292	0.00000512	0x00	0xFF
SPI [1]	result	0.02855820	0.00000512	0x00	0xB0
SPI [1]	result	0.02856348	0.00000512	0x47	0x7F
SPI [1]	result	0.02856876	0.00000512	0x46	0xFF
SPI [1]	result	0.02857404	0.00000512	0x58	0xFF
SPI [1]	result	0.02857932	0.00000512	0x20	0xFF
SPI [1]	result	0.02858460	0.00000512	0x35	0xFF
SPI [1]	result	0.02858988	0.00000512	0x30	0xFF
SPI [1]	result	0.02859516	0.00000512	0x53	0xFF
SPI [1]	result	0.02860044	0.00000512	0x00	0xFF
SPI [1]	result	0.02860572	0.00000512	0x00	0xFF
SPI [1]	result	0.02861100	0.00000512	0x00	0xFF
SPI [1]	result	0.02861628	0.00000512	0x00	0xFF
SPI [1]	result	0.02862156	0.00000512	0x00	0xFF
SPI [1]	result	0.02862684	0.00000512	0x00	0xFF
SPI [1]	result	0.02863212	0.00000512	0x00	0xFF
SPI [1]	result	0.02863740	0.00000512	0x00	0xFF
SPI [1]	result	0.02864268	0.00000512	0x35	0xFF
SPI [1]	result	0.02864796	0.00000512	0x39	0xFF
SPI [1]	result	0.02865324	0.00000512	0x33	0xFF
SPI [1]	result	0.02865852	0.00000512	0x35	0xFF
SPI [1]	result	0.02866380	0.00000512	0x33	0xFF
SPI [1]	result	0.02866908	0.00000512	0x33	0xFF
SPI [1]	result	0.02867436	0.00000512	0x33	0xFF
SPI [1]	result	0.02867964	0.00000512	0x31	0xFF
SPI [1]	result	0.02868492	0.00000512	0x33	0xFF
SPI [1]	result	0.02869020	0.00000512	0x36	0xFF
SPI [1]	result	0.02869548	0.00000512	0x33	0xFF
SPI [1]	result	0.02870076	0.00000512	0x31	0xFF
SPI [1]	result	0.02870604	0.00000512	0x31	0xFF
SPI [1]	result	0.02871132	0.00000512	0x37	0xFF
SPI [1]	result	0.02871660	0.00000512	0x30	0xFF
SPI [1]	result	0.02872188	0.00000512	0x32	0xFF
SPI [1]	result	0.02872716	0.00000512	0x31	0xFF
SPI [1]	result	0.02873244	0.00000512	0x36	0xFF
SPI [1]	result	0.02873772	0.00000512	0x37	0xFF
SPI [1]	result	0.02874300	0.00000512	0x30	0xFF
SPI [1]	result	0.02874828	0.00000512	0x32	0xFF
SPI [1]	result	0.02875356	0.00000512	0x30	0xFF
SPI [1]	result	0.02875884	0.00000512	0x31	0xFF
SPI [1]	result	0.02876412	0.00000512	0x30	0xFF
SPI [1]	result	0.02876940	0.00000512	0x31	0xFF
SPI [1]	result	0.02877468	0.00000512	0x31	0xFF
SPI [1]	result	0.02877996	0.00000512	0x30	0xFF
SPI [1]	result	0.02878524	0.00000512	0x36	0xFF
SPI [1]	result	0.02879052	0.00000512	0x39	0xFF
SPI [1]	result	0.02879580	0.00000512	0x41	0xFF
SPI [1]	result	0.02880108	0.00000512	0x04	0xFF
SPI [1]	result	0.02880636	0.00000512	0x20	0xFF
SPI [1]	result	0.02881164	0.00000512	0x02	0xFF
SPI [1]	result	0.02881692	0.00000512	0x16	0xFF
SPI [1]	result	0.02882220	0.00000512	0x01	0xFF
SPI [1]	result	0.02882748	0.00000512	0x00	0xFF
SPI [1]	result	0.02883276	0.00000512	0x01	0xFF
SPI [1]	result	0.02883804	0.00000512	0x00	0xFF
SPI [1]	result	0.02884332	0.00000512	0x01	0xFF
SPI [1]	result	0.02884860	0.00000512	0x00	0xFF
SPI [1]	result	0.02885388	0.00000512	0x00	0xFF
SPI [1]	result	0.02885916	0.00000512	0x00	0xFF
SPI [1]	result	0.02886444	0.00000512	0x00	0xFF
SPI [1]	result	0.02886972	0.00000512	0x00	0xFF
SPI [1]	result	0.02887500	0.00000512	0x00	0xFF
SPI [1]	result	0.02888028	0.00000512	0x00	0xFF
SPI [1]	result	0.02888556	0.00000512	0x00	0xFF
SPI [1]	result	0.02889084	0.00000512	0x00	0xFF
SPI [1]	result	0.02889612	0.00000512	0x00	0xFF
SPI [1]	result	0.02890140	0.00000512	0x00	0xFF
SPI [1]	result	0.02890668	0.00000512	0x00	0x00
SPI [1]	result	0.02891196	0.00000512	0x00	0x00
SPI [1]	result	0.02891724	0.00000512	0x00	0x00
SPI [1]	result	0.02892252	0.00000512	0x00	0x00
SPI [1]	result	0.02892780	0.00000512	0x00	0x00
SPI [1]	result	0.02893308	0.00000512	0x00	0x00
SPI [1]	result	0.02893836	0.00000512	0x00	0x00
SPI [1]	result	0.02894364	0.00000512	0x00	0x00
SPI [1]	result	0.02894892	0.00000512	0x00	0x00
SPI [1]	result	0.02895420	0.00000512	0x00	0x00
SPI [1]	result	0.02895948	0.00000512	0x00	0x00
SPI [1]	result	0.02896476	0.00000512	0x00	0x00
SPI [1]	result	0.02897004	0.00000512	0x00	0x00
SPI [1]	result	0.02897532	0.00000512	0x00	0x00
SPI [1]	result	0.02898060	0.00000512	0x00	0x00
SPI [1]	result	0.02898588	0.00000512	0x00	0x00
SPI [1]	result	0.02899116	0.00000512	0x00	0x00
SPI [1]	result	0.02899644	0.00000512	0x00	0x00
SPI [1]	result	0.02900172	0.00000512	0x00	0x00
SPI [1]	result	0.02900700	0.00000512	0x00	0x00
SPI [1]	result	0.02901228	0.00000512	0x00	0x00
SPI [1]	result	0.02901756	0.00000512	0x00	0x00
SPI [1]	result	0.02902284	0.00000512	0x00	0x00
SPI [1]	result	0.02902812	0.00000512	0x00	0x00
SPI [1]	result	0.02903340	0.00000512	0x00	0x00
SPI [1]	result	0.02903868	0.00000512	0x00	0x00
SPI [1]	result	0.02904396	0.00000512	0x00	0x00
SPI [1]	result	0.02904924	0.00000512	0x00	0x00
SPI [1]	result	0.02905452	0.00000512	0x00	0x00
SPI [1]	result	0.02905980	0.00000512	0x00	0x00
SPI [1]	result	0.02906508	0.00000512	0x00	0x00
SPI [1]	result	0.02907036	0.00000512	0x00	0x00
SPI [1]	result	0.02907564	0.00000512	0x00	0x00
SPI [1]	result	0.02908092	0.00000512	0xEF	0x00
SPI [1]	result	0.03220604	0.00000512	0xFF	0x00
SPI [1]	result	0.03221132	0.00000512	0xFF	0x00
SPI [1]	result	0.03221660	0.00000512	0x53	0x0F
SPI [1]	result	0.03222188	0.00000512	0x50	0xFF
SPI [1]	result	0.03222716	0.00000512	0x58	0xFF
SPI [1]	result	0.03223244	0.00000512	0x31	0xFF
SPI [1]	result	0.03223772	0.00000512	0x00	0xFF
SPI [1]	result	0.03224300	0.00000512	0x00	0xFF
SPI [1]	result	0.03224828	0.00000512	0x00	0xFF
SPI [1]	result	0.03225356	0.00000512	0x00	0xFF
SPI [1]	result	0.03225884	0.00000512	0x00	0xFF
SPI [1]	result	0.03226412	0.00000512	0x00	0xFF
SPI [1]	result	0.03226940	0.00000512	0x47	0xFF
SPI [1]	result	0.03227468	0.00000512	0x46	0xFF
SPI [1]	result	0.03227996	0.00000512	0x58	0xFF
SPI [1]	result	0.03228524	0.00000512	0x20	0xFF
SPI [1]	result	0.03229052	0.00000512	0x35	0xFF
SPI [1]	result	0.03229580	0.00000512	0x30	0xFF
SPI [1]	result	0.03230108	0.00000512	0x53	0xFF
SPI [1]	result	0.03230636	0.00000512	0x00	0xFF
SPI [1]	result	0.03231164	0.00000512	0x00	0xFF
SPI [1]	result	0.03231692	0.00000512	0x00	0xFF
SPI [1]	result	0.03232220	0.00000512	0x00	0xFF
SPI [1]	result	0.03232748	0.00000512	0x00	0xFF
SPI [1]	result	0.03233276	0.00000512	0x00	0xFF
SPI [1]	result	0.03233804	0.00000512	0x00	0xFF
SPI [1]	result	0.03234332	0.00000512	0x00	0xFF
SPI [1]	result	0.03234860	0.00000512	0x00	0xFF
SPI [1]	result	0.03235388	0.00000512	0x00	0xFF
SPI [1]	result	0.03235916	0.00000512	0x00	0xFF
SPI [1]	result	0.03236444	0.00000512	0x00	0xFE
SPI [1]	result	0.03236972	0.00000512	0x00	0x00
SPI [1]	result	0.03237500	0.00000512	0x47	0x7F
SPI [1]	result	0.03238028	0.00000512	0x46	0xFF
SPI [1]	result	0.03238556	0.00000512	0x58	0xFF
SPI [1]	result	0.03239084	0.00000512	0x20	0xFF
SPI [1]	result	0.03239612	0.00000512	0x35	0xFF
SPI [1]	result	0.03240140	0.00000512	0x30	0xFF
SPI [1]	result	0.03240668	0.00000512	0x53	0xFF
SPI [1]	result	0.03241196	0.00000512	0x00	0xFF
SPI [1]	result	0.03241724	0.00000512	0x00	0xFF
SPI [1]	result	0.03242252	0.00000512	0x00	0xFF
SPI [1]	result	0.03242780	0.00000512	0x00	0xFF
SPI [1]	result	0.03243308	0.00000512	0x00	0xFF
SPI [1]	result	0.03243836	0.00000512	0x00	0xFF
SPI [1]	result	0.03244364	0.00000512	0x00	0xFF
SPI [1]	result	0.03244892	0.00000512	0x00	0xFF
SPI [1]	result	0.03245420	0.00000512	0x35	0xFF
SPI [1]	result	0.03245948	0.00000512	0x39	0xFF
SPI [1]	result	0.03246476	0.00000512	0x33	0xFF
SPI [1]	result	0.03247004	0.00000512	0x35	0xFF
SPI [1]	result	0.03247532	0.00000512	0x33	0xFF
SPI [1]	result	0.03248060	0.00000512	0x33	0xFF
SPI [1]	result	0.03248588	0.00000512	0x33	0xFF
SPI [1]	result	0.03249116	0.00000512	0x31	0xFF
SPI [1]	result	0.03249644	0.00000512	0x33	0xFF
SPI [1]	result	0.03250172	0.00000512	0x36	0xFF
SPI [1]	result	0.03250700	0.00000512	0x33	0xFF
SPI [1]	result	0.03251228	0.00000512	0x31	0xFF
SPI [1]	result	0.03251756	0.00000512	0x31	0xFF
SPI [1]	result	0.03252284	0.00000512	0x37	0xFF
SPI [1]	result	0.03252812	0.00000512	0x30	0xFF
SPI [1]	result	0.03253340	0.00000512	0x32	0xFF
SPI [1]	result	0.03253868	0.00000512	0x31	0xFF
SPI [1]	result	0.03254396	0.00000512	0x36	0xFF
SPI [1]	result	0.03254924	0.00000512	0x37	0xFF
SPI [1]	result	0.03255452	0.00000512	0x30	0xFF
SPI [1]	result	0.03255980	0.00000512	0x32	0xFF
SPI [1]	result	0.03256508	0.00000512	0x30	0xFF
SPI [1]	result	0.03257036	0.00000512	0x31	0xFF
SPI [1]	result	0.03257564	0.00000512	0x30	0xFF
SPI [1]	result	0.03258092	0.00000512	0x31	0xFF
SPI [1]	result	0.03258620	0.00000512	0x31	0xFF
SPI [1]	result	0.03259148	0.00000512	0x30	0xFF
SPI [1]	result	0.03259676	0.00000512	0x36	0xFF
SPI [1]	result	0.03260204	0.00000512	0x39	0xFF
SPI [1]	result	0.03260732	0.00000512	0x41	0xFF
SPI [1]	result	0.03261260	0.00000512	0x04	0xFF
SPI [1]	result	0.03261788	0.00000512	0x20	0xFF
SPI [1]	result	0.03262316	0.00000512	0x02	0xFF
SPI [1]	result	0.03262844	0.00000512	0x16	0xFF
SPI [1]	result	0.03263372	0.00000512	0x01	0xFF
SPI [1]	result	0.03263900	0.00000512	0x00	0xFF
SPI [1]	result	0.03264428	0.00000512	0x01	0xFF
SPI [1]	result	0.03264956	0.00000512	0x00	0xFF
SPI [1]	result	0.03265484	0.00000512	0x01	0xFF
SPI [1]	result	0.03266012	0.00000512	0x00	0xFF
SPI [1]	result	0.03266540	0.00000512	0x00	0xFF
SPI [1]	result	0.03267068	0.00000512	0x00	0xFF
SPI [1]	result	0.03267596	0.00000512	0x00	0xFF
SPI [1]	result	0.03268124	0.00000512	0x00	0xFF
SPI [1]	result	0.03268652	0.00000512	0x00	0xFF
SPI [1]	result	0.03269180	0.00000512	0x00	0xFF
SPI [1]	result	0.03269708	0.00000512	0x00	0xFF
SPI [1]	result	0.03270236	0.00000512	0x00	0xFF
SPI [1]	result	0.03270764	0.00000512	0x00	0xFF
SPI [1]	result	0.03271292	0.00000512	0x00	0x80
SPI [1]	result	0.03271820	0.00000512	0x00	0x00
SPI [1]	result	0.03272348	0.00000512	0x00	0x00
SPI [1]	result	0.03272876	0.00000512	0x00	0x00
SPI [1]	result	0.03273404	0.00000512	0x00	0x00
SPI [1]	result	0.03273932	0.00000512	0x00	0x00
SPI [1]	result	0.03274460	0.00000512	0x00	0x00
SPI [1]	result	0.03274988	0.00000512	0x00	0x00
SPI [1]	result	0.03275516	0.00000512	0x00	0x00
SPI [1]	result	0.03276044	0.00000512	0x00	0x00
SPI [1]	result	0.03276572	0.00000512	0x00	0x00
SPI [1]	result	0.03277100	0.00000512	0x00	0x00
SPI [1]	result	0.03277628	0.00000512	0x00	0x00
SPI [1]	result	0.03278156	0.00000512	0x00	0x00
SPI [1]	result	0.03278684	0.00000512	0x00	0x00
SPI [1]	result	0.03279212	0.00000512	0x00	0x00
SPI [1]	result	0.03279740	0.00000512	0x00	0x00
SPI [1]	result	0.03280268	0.00000512	0x00	0x00
SPI [1]	result	0.03280796	0.00000512	0x00	0x00
SPI [1]	result	0.03281324	0.00000512	0x00	0x00
SPI [1]	result	0.03281852	0.00000512	0x00	0x00
SPI [1]	result	0.03282380	0.00000512	0x00	0x00
SPI [1]	result	0.03282908	0.00000512	0x00	0x00
SPI [1]	result	0.03283436	0.00000512	0x00	0x00
SPI [1]	result	0.03283964	0.00000512	0x00	0x00
SPI [1]	result	0.03284492	0.00000512	0x00	0x00
SPI [1]	result	0.03285020	0.00000512	0x00	0x00
SPI [1]	result	0.03285548	0.00000512	0x00	0x00
SPI [1]	result	0.03286076	0.00000512	0x00	0x00
SPI [1]	result	0.03286604	0.00000512	0x00	0x00
SPI [1]	result	0.03287132	0.00000512	0x00	0x00
SPI [1]	result	0.03287660	0.00000512	0x00	0x00
SPI [1]	result	0.03288188	0.00000512	0x00	0x00
SPI [1]	result	0.03288716	0.00000512	0x00	0x00
SPI [1]	result	0.03289244	0.00000512	0xED	0x03
SPI [1]	result	0.03602110	0.00000512	0x00	0x00
SPI [1]	result	0.03602638	0.00000512	0x00	0x00
SPI [1]	result	0.03603166	0.00000512	0x05	0x00
SPI [1]	result	0.03603694	0.00000512	0x96	0x1F
SPI [1]	result	0.03682798	0.00000512	0x0D	0x00
SPI [1]	result	0.03683326	0.00000512	0x10	0x0E
SPI [1]	result	0.03683854	0.00000512	0x80	0xFF
SPI [1]	result	0.03684382	0.00000512	0x0A	0xFF
SPI [1]	result	0.03739515	0.00000512	0x00	0x00
SPI [1]	result	0.03740043	0.00000512	0x00	0x00
SPI [1]	result	0.03740571	0.00000512	0x00	0x00
SPI [1]	result	0.03741099	0.00000512	0x00	0x00
SPI [1]	result	0.03797223	0.00000512	0x08	0x00
SPI [1]	result	0.03797751	0.00000512	0x00	0x00
SPI [1]	result	0.03798279	0.00000512	0x85	0x03
SPI [1]	result	0.03798807	0.00000512	0xA8	0xFF
SPI [1]	result	0.03856219	0.00000512	0x00	0x00
SPI [1]	result	0.03856747	0.00000512	0x00	0x00
SPI [1]	result	0.03857275	0.00000512	0x08	0x00
SPI [1]	result	0.03857803	0.00000512	0x20	0x00
SPI [1]	result	0.03935664	0.00000512	0x0E	0x00
SPI [1]	result	0.03936192	0.00000512	0x10	0x00
SPI [1]	result	0.03936720	0.00000512	0x80	0x58
SPI [1]	result	0.03937248	0.00000512	0x12	0x1F
SPI [1]	result	0.03992798	0.00000512	0x00	0x00
SPI [1]	result	0.03993326	0.00000512	0x00	0x00
SPI [1]	result	0.03993854	0.00000512	0x00	0x00
SPI [1]	result	0.03994382	0.00000512	0x00	0x00
SPI [1]	result	0.04050131	0.00000512	0x08	0x00
SPI [1]	result	0.04050659	0.00000512	0x00	0x00
SPI [1]	result	0.04051187	0.00000512	0x88	0x07
SPI [1]	result	0.04051715	0.00000512	0x32	0xBF
SPI [1]	result	0.04109873	0.00000512	0x00	0x00
SPI [1]	result	0.04110401	0.00000512	0x00	0x00
SPI [1]	result	0.04110929	0.00000512	0x0C	0x00
SPI [1]	result	0.04111457	0.00000512	0x30	0x00
SPI [1]	result	0.04189364	0.00000512	0x0F	0x00
SPI [1]	result	0.04189892	0.00000512	0x10	0x00
SPI [1]	result	0.04190420	0.00000512	0x80	0x78
SPI [1]	result	0.04190948	0.00000512	0x1A	0x0F
SPI [1]	result	0.04246373	0.00000512	0x00	0x00
SPI [1]	result	0.04246901	0.00000512	0x00	0x00
SPI [1]	result	0.04247429	0.00000512	0x0C	0x00
SPI [1]	result	0.04247957	0.00000512	0x72	0x01
SPI [1]	result	0.04325579	0.00000512	0x08	0x00
SPI [1]	result	0.04326107	0.00000512	0x00	0x00
SPI [1]	result	0.04326635	0.00000512	0x8C	0x02
SPI [1]	result	0.04327163	0.00000512	0x02	0xC3
SPI [1]	result	0.04384885	0.00000512	0x00	0x00
SPI [1]	result	0.04385413	0.00000512	0x00	0x00
SPI [1]	result	0.04385941	0.00000512	0x00	0x00
SPI [1]	result	0.04386469	0.00000512	0x00	0x00
SPI [1]	result	0.04442480	0.00000512	0x08	0x00
SPI [1]	result	0.04443008	0.00000512	0x00	0x00
SPI [1]	result	0.04443536	0.00000512	0x8C	0x03
SPI [1]	result	0.04444064	0.00000512	0x44	0xFF
SPI [1]	result	0.07957090	0.00000512	0x00	0x00
SPI [1]	result	0.07957618	0.00000512	0x00	0x00
SPI [1]	result	0.07958146	0.00000512	0x08	0x00
SPI [1]	result	0.07958674	0.00000512	0x20	0x00
SPI [1]	result	0.08036048	0.00000512	0x09	0x00
SPI [1]	result	0.08036576	0.00000512	0x10	0x0F
SPI [1]	result	0.08037104	0.00000512	0x80	0xFF
SPI [1]	result	0.08037632	0.00000512	0x2A	0xFF
SPI [1]	result	0.08093450	0.00000512	0x00	0x00
SPI [1]	result	0.08093978	0.00000512	0x00	0x00
SPI [1]	result	0.08094506	0.00000512	0x00	0x00
SPI [1]	result	0.08095034	0.00000512	0x00	0x00
SPI [1]	result	0.08149954	0.00000512	0x08	0x00
SPI [1]	result	0.08150482	0.00000512	0x00	0x00
SPI [1]	result	0.08151010	0.00000512	0x88	0x05
SPI [1]	result	0.08151538	0.00000512	0x32	0xBF
SPI [1]	result	0.14208662	0.00000512	0x00	0x00
SPI [1]	result	0.14209190	0.00000512	0x00	0x00
SPI [1]	result	0.14209718	0.00000512	0x08	0x00
SPI [1]	result	0.14210246	0.00000512	0x20	0x00
SPI [1]	result	0.14256357	0.00000512	0x0A	0x00
SPI [1]	result	0.14256885	0.00000512	0x10	0x0F
SPI [1]	result	0.14257413	0.00000512	0x80	0xFF
SPI [1]	result	0.14257941	0.00000512	0x32	0xFF
SPI [1]	result	0.14284755	0.00000512	0x00	0x00
SPI [1]	result	0.14285283	0.00000512	0x00	0x00
SPI [1]	result	0.14285811	0.00000512	0x00	0x00
SPI [1]	result	0.14286339	0.00000512	0x00	0x00
SPI [1]	result	0.14312759	0.00000512	0x08	0x00
SPI [1]	result	0.14313287	0.00000512	0x00	0x00
SPI [1]	result	0.14313815	0.00000512	0x88	0x07
SPI [1]	result	0.14314343	0.00000512	0x32	0xFF
SPI [1]	result	0.15694882	0.00000512	0x00	0x00
SPI [1]	result	0.15695410	0.00000512	0x00	0x00
SPI [1]	result	0.15695938	0.00000512	0x20	0x00
SPI [1]	result	0.15696466	0.00000512	0x04	0x00
SPI [1]	result	0.15744360	0.00000512	0x0B	0x00
SPI [1]	result	0.15744888	0.00000512	0x10	0x0F
SPI [1]	result	0.15745416	0.00000512	0x80	0xFF
SPI [1]	result	0.15745944	0.00000512	0x3A	0xFF
SPI [1]	result	0.15775042	0.00000512	0x00	0x00
SPI [1]	result	0.15775570	0.00000512	0x00	0x00
SPI [1]	result	0.15776098	0.00000512	0x3F	0x00
SPI [1]	result	0.15776626	0.00000512	0xC6	0x00
SPI [1]	result	0.15824444	0.00000512	0x0C	0x00
SPI [1]	result	0.15824972	0.00000512	0x00	0x00
SPI [1]	result	0.15825500	0.00000512	0xA0	0x1F
SPI [1]	result	0.15826028	0.00000512	0x36	0x7F
SPI [1]	result	0.15854670	0.00000512	0x00	0x00
SPI [1]	result	0.15855198	0.00000512	0x00	0x00
SPI [1]	result	0.15855726	0.00000512	0x00	0x00
SPI [1]	result	0.15856254	0.00000512	0x00	0x00
SPI [1]	result	0.15882759	0.00000512	0x08	0x00
SPI [1]	result	0.15883287	0.00000512	0x00	0x00
SPI [1]	result	0.15883815	0.00000512	0xBF	0x00
SPI [1]	result	0.15884343	0.00000512	0xD8	0x3F
SPI [1]	result	0.15911676	0.00000512	0x00	0x00
SPI [1]	result	0.15912204	0.00000512	0x02	0x00
SPI [1]	result	0.15912732	0.00000512	0x2A	0x07
SPI [1]	result	0.15913260	0.00000512	0x2E	0xFF
SPI [1]	result	0.15957983	0.00000512	0x0D	0x00
SPI [1]	result	0.15958511	0.00000512	0x10	0x0F
SPI [1]	result	0.15959039	0.00000512	0x80	0xFF
SPI [1]	result	0.15959567	0.00000512	0x0A	0xFF
SPI [1]	result	0.15986463	0.00000512	0x00	0x00
SPI [1]	result	0.15986991	0.00000512	0x00	0x00
SPI [1]	result	0.15987519	0.00000512	0x3F	0x00
SPI [1]	result	0.15988047	0.00000512	0xC6	0x01
SPI [1]	result	0.16034639	0.00000512	0x0E	0x00
SPI [1]	result	0.16035167	0.00000512	0x00	0x00
SPI [1]	result	0.16035695	0.00000512	0xAA	0x1F
SPI [1]	result	0.16036223	0.00000512	0x2E	0xFF
SPI [1]	result	0.16064975	0.00000512	0x00	0x00
SPI [1]	result	0.16065503	0.00000512	0x00	0x00
SPI [1]	result	0.16066031	0.00000512	0x00	0x00
SPI [1]	result	0.16066559	0.00000512	0x00	0x00
SPI [1]	result	0.16093558	0.00000512	0x08	0x00
SPI [1]	result	0.16094086	0.00000512	0x00	0x00
SPI [1]	result	0.16094614	0.00000512	0xBF	0x00
SPI [1]	result	0.16095142	0.00000512	0xD8	0x3F
SPI [1]	result	0.18204765	0.00000512	0x00	0x00
SPI [1]	result	0.18205293	0.00000512	0x00	0x00
SPI [1]	result	0.18205821	0.00000512	0x08	0x00
SPI [1]	result	0.18206349	0.00000512	0x20	0x00
SPI [1]	result	0.18252760	0.00000512	0x0F	0x00
SPI [1]	result	0.18253288	0.00000512	0x10	0x00
SPI [1]	result	0.18253816	0.00000512	0x80	0x7E
SPI [1]	result	0.18254344	0.00000512	0x1A	0x1F
SPI [1]	result	0.18281443	0.00000512	0x00	0x00
SPI [1]	result	0.18281971	0.00000512	0x00	0x00
SPI [1]	result	0.18282499	0.00000512	0x00	0x00
SPI [1]	result	0.18283027	0.00000512	0x00	0x00
SPI [1]	result	0.18308955	0.00000512	0x08	0x00
SPI [1]	result	0.18309483	0.00000512	0x00	0x00
SPI [1]	result	0.18310011	0.00000512	0x88	0x07
SPI [1]	result	0.18310539	0.00000512	0x32	0xFF
SPI [1]	result	0.18338647	0.00000512	0x00	0x00
SPI [1]	result	0.18339175	0.00000512	0x00	0x00
SPI [1]	result	0.18339703	0.00000512	0x0C	0x00
SPI [1]	result	0.18340231	0.00000512	0xB2	0x5F
SPI [1]	result	0.18385957	0.00000512	0x08	0x00
SPI [1]	result	0.18386485	0.00000512	0x10	0x00
SPI [1]	result	0.18387013	0.00000512	0x80	0x6F
SPI [1]	result	0.18387541	0.00000512	0x22	0x3F
SPI [1]	result	0.18414444	0.00000512	0x00	0x00
SPI [1]	result	0.18414972	0.00000512	0x00	0x00
SPI [1]	result	0.18415500	0.00000512	0x0C	0x00
SPI [1]	result	0.18416028	0.00000512	0x30	0x00
SPI [1]	result	0.18460163	0.00000512	0x09	0x00
SPI [1]	result	0.18460691	0.00000512	0x00	0x00
SPI [1]	result	0.18461219	0.00000512	0x8C	0x7F
SPI [1]	result	0.18461747	0.00000512	0x8C	0xFF
SPI [1]	result	0.18489359	0.00000512	0x00	0x00
SPI [1]	result	0.18489887	0.00000512	0x00	0x00
SPI [1]	result	0.18490415	0.00000512	0x00	0x00
SPI [1]	result	0.18490943	0.00000512	0x00	0x00
SPI [1]	result	0.18518458	0.00000512	0x08	0x00
SPI [1]	result	0.18518986	0.00000512	0x00	0x00
SPI [1]	result	0.18519514	0.00000512	0x8C	0x03
SPI [1]	result	0.18520042	0.00000512	0x02	0x03
SPI [1]	result	0.22206450	0.00000512	0x00	0x00
SPI [1]	result	0.22206978	0.00000512	0x00	0x00
SPI [1]	result	0.22207506	0.00000512	0x08	0x00
SPI [1]	result	0.22208034	0.00000512	0x20	0x00
SPI [1]	result	0.22253165	0.00000512	0x0A	0x00
SPI [1]	result	0.22253693	0.00000512	0x10	0x0F
SPI [1]	result	0.22254221	0.00000512	0x80	0xFF
SPI [1]	result	0.22254749	0.00000512	0x32	0xFF
SPI [1]	result	0.22280847	0.00000512	0x00	0x00
SPI [1]	result	0.22281375	0.00000512	0x00	0x00
SPI [1]	result	0.22281903	0.00000512	0x00	0x00
SPI [1]	result	0.22282431	0.00000512	0x00	0x00
SPI [1]	result	0.22308056	0.00000512	0x08	0x00
SPI [1]	result	0.22308584	0.00000512	0x00	0x00
SPI [1]	result	0.22309112	0.00000512	0x88	0x07
SPI [1]	result	0.22309640	0.00000512	0x32	0xFF
SPI [1]	result	0.26204968	0.00000512	0x00	0x00
SPI [1]	result	0.26205496	0.00000512	0x00	0x00
SPI [1]	result	0.26206024	0.00000512	0x08	0x00
SPI [1]	result	0.26206552	0.00000512	0x20	0x00
SPI [1]	result	0.26252057	0.00000512	0x0B	0x00
SPI [1]	result	0.26252585	0.00000512	0x10	0x0F
SPI [1]	result	0.26253113	0.00000512	0x80	0xFF
SPI [1]	result	0.26253641	0.00000512	0x3A	0xFF
SPI [1]	result	0.26279963	0.00000512	0x00	0x00
SPI [1]	result	0.26280491	0.00000512	0x00	0x00
SPI [1]	result	0.26281019	0.00000512	0x00	0x00
SPI [1]	result	0.26281547	0.00000512	0x00	0x00
SPI [1]	result	0.26308446	0.00000512	0x08	0x00
SPI [1]	result	0.26308974	0.00000512	0x00	0x00
SPI [1]	result	0.26309502	0.00000512	0x88	0x07
SPI [1]	result	0.26310030	0.00000512	0x32	0xFF
SPI [1]	result	0.30204782	0.00000512	0x00	0x00
SPI [1]	result	0.30205310	0.00000512	0x00	0x00
SPI [1]	result	0.30205838	0.00000512	0x08	0x00
SPI [1]	result	0.30206366	0.00000512	0x20	0x00
SPI [1]	result	0.30251653	0.00000512	0x0C	0x00
SPI [1]	result	0.30252181	0.00000512	0x10	0x00
SPI [1]	result	0.30252709	0.00000512	0x80	0x68
SPI [1]	result	0.30253237	0.00000512	0x02	0x01
SPI [1]	result	0.30279455	0.00000512	0x00	0x00
SPI [1]	result	0.30279983	0.00000512	0x00	0x00
SPI [1]	result	0.30280511	0.00000512	0x00	0x00
SPI [1]	result	0.30281039	0.00000512	0x00	0x00
SPI [1]	result	0.30308348	0.00000512	0x08	0x00
SPI [1]	result	0.30308876	0.00000512	0x00	0x00
SPI [1]	result	0.30309404	0.00000512	0x88	0x07
SPI [1]	result	0.30309932	0.00000512	0x32	0xBF
SPI [1]	result	0.34204793	0.00000512	0x00	0x00
SPI [1]	result	0.34205321	0.00000512	0x00	0x00
SPI [1]	result	0.34205849	0.00000512	0x08	0x00
SPI [1]	result	0.34206377	0.00000512	0x20	0x00
SPI [1]	result	0.34251651	0.00000512	0x0D	0x00
SPI [1]	result	0.34252179	0.00000512	0x10	0x0F
SPI [1]	result	0.34252707	0.00000512	0x80	0xFF
SPI [1]	result	0.34253235	0.00000512	0x0A	0xFF
SPI [1]	result	0.34281164	0.00000512	0x00	0x00
SPI [1]	result	0.34281692	0.00000512	0x00	0x00
SPI [1]	result	0.34282220	0.00000512	0x00	0x00
SPI [1]	result	0.34282748	0.00000512	0x00	0x00
SPI [1]	result	0.34309562	0.00000512	0x08	0x00
SPI [1]	result	0.34310090	0.00000512	0x00	0x00
SPI [1]	result	0.34310618	0.00000512	0x88	0x07
SPI [1]	result	0.34311146	0.00000512	0x32	0xFF
SPI [1]	result	0.38204541	0.00000512	0x00	0x00
SPI [1]	result	0.38205069	0.00000512	0x00	0x00
SPI [1]	result	0.38205597	0.00000512	0x08	0x00
SPI [1]	result	0.38206125	0.00000512	0x20	0x00
SPI [1]	result	0.38251462	0.00000512	0x0E	0x00
SPI [1]	result	0.38251990	0.00000512	0x10	0x00
SPI [1]	result	0.38252518	0.00000512	0x80	0x7F
SPI [1]	result	0.38253046	0.00000512	0x12	0x1F
SPI [1]	result	0.38279845	0.00000512	0x00	0x00
SPI [1]	result	0.38280373	0.00000512	0x00	0x00
SPI [1]	result	0.38280901	0.00000512	0x00	0x00
SPI [1]	result	0.38281429	0.00000512	0x00	0x00
SPI [1]	result	0.38308749	0.00000512	0x08	0x00
SPI [1]	result	0.38309277	0.00000512	0x00	0x00
SPI [1]	result	0.38309805	0.00000512	0x88	0x05
SPI [1]	result	0.38310333	0.00000512	0x32	0xFF
SPI [1]	result	0.42205290	0.00000512	0x00	0x00
SPI [1]	result	0.42205818	0.00000512	0x00	0x00
SPI [1]	result	0.42206346	0.00000512	0x08	0x00
SPI [1]	result	0.42206874	0.00000512	0x20	0x00
SPI [1]	result	0.42253463	0.00000512	0x0F	0x00
SPI [1]	result	0.42253991	0.00000512	0x10	0x00
SPI [1]	result	0.42254519	0.00000512	0x80	0x7C
SPI [1]	result	0.42255047	0.00000512	0x1A	0x1F
SPI [1]	result	0.42282263	0.00000512	0x00	0x00
SPI [1]	result	0.42282791	0.00000512	0x00	0x00
SPI [1]	result	0.42283319	0.00000512	0x00	0x00
SPI [1]	result	0.42283847	0.00000512	0x00	0x00
SPI [1]	result	0.42309652	0.00000512	0x08	0x00
SPI [1]	result	0.42310180	0.00000512	0x00	0x00
SPI [1]	result	0.42310708	0.00000512	0x88	0x07
SPI [1]	result	0.42311236	0.00000512	0x32	0xFF
SPI [1]	result	0.46203947	0.00000512	0x00	0x00
SPI [1]	result	0.46204475	0.00000512	0x00	0x00
SPI [1]	result	0.46205003	0.00000512	0x08	0x00
SPI [1]	result	0.46205531	0.00000512	0x20	0x00
SPI [1]	result	0.46250846	0.00000512	0x08	0x00
SPI [1]	result	0.46251374	0.00000512	0x10	0x00
SPI [1]	result	0.46251902	0.00000512	0x80	0x70
SPI [1]	result	0.46252430	0.00000512	0x22	0x3F
SPI [1]	result	0.46278552	0.00000512	0x00	0x00
SPI [1]	result	0.46279080	0.00000512	0x00	0x00
SPI [1]	result	0.46279608	0.00000512	0x00	0x00
SPI [1]	result	0.46280136	0.00000512	0x00	0x00
SPI [1]	result	0.46305846	0.00000512	0x08	0x00
SPI [1]	result	0.46306374	0.00000512	0x00	0x00
SPI [1]	result	0.46306902	0.00000512	0x88	0x07
SPI [1]	result	0.46307430	0.00000512	0x32	0xFF
SPI [1]	result	0.50202780	0.00000512	0x00	0x00
SPI [1]	result	0.50203308	0.00000512	0x00	0x00
SPI [1]	result	0.50203836	0.00000512	0x08	0x00
SPI [1]	result	0.50204364	0.00000512	0x20	0x00
SPI [1]	result	0.50249262	0.00000512	0x09	0x00
SPI [1]	result	0.50249790	0.00000512	0x10	0x0F
SPI [1]	result	0.50250318	0.00000512	0x80	0xFF
SPI [1]	result	0.50250846	0.00000512	0x2A	0xFF
SPI [1]	result	0.50276747	0.00000512	0x00	0x00
SPI [1]	result	0.50277275	0.00000512	0x00	0x00
SPI [1]	result	0.50277803	0.00000512	0x00	0x00
SPI [1]	result	0.50278331	0.00000512	0x00	0x00
SPI [1]	result	0.50303762	0.00000512	0x08	0x00
SPI [1]	result	0.50304290	0.00000512	0x00	0x00
SPI [1]	result	0.50304818	0.00000512	0x88	0x07
SPI [1]	result	0.50305346	0.00000512	0x32	0xFF
SPI [1]	result	0.54204474	0.00000512	0x00	0x00
SPI [1]	result	0.54205002	0.00000512	0x00	0x00
SPI [1]	result	0.54205530	0.00000512	0x08	0x00
SPI [1]	result	0.54206058	0.00000512	0x20	0x00
SPI [1]	result	0.54251449	0.00000512	0x0A	0x00
SPI [1]	result	0.54251977	0.00000512	0x10	0x0C
SPI [1]	result	0.54252505	0.00000512	0x80	0xFF
SPI [1]	result	0.54253033	0.00000512	0x32	0xFF
SPI [1]	result	0.54279258	0.00000512	0x00	0x00
SPI [1]	result	0.54279786	0.00000512	0x00	0x00
SPI [1]	result	0.54280314	0.00000512	0x00	0x00
SPI [1]	result	0.54280842	0.00000512	0x00	0x00
SPI [1]	result	0.54306258	0.00000512	0x08	0x00
SPI [1]	result	0.54306786	0.00000512	0x00	0x00
SPI [1]	result	0.54307314	0.00000512	0x88	0x07
SPI [1]	result	0.54307842	0.00000512	0x32	0xFF
SPI [1]	result	0.54334849	0.00000512	0x00	0x00
SPI [1]	result	0.54335377	0.00000512	0x00	0x00
SPI [1]	result	0.54335905	0.00000512	0x0C	0x00
SPI [1]	result	0.54336433	0.00000512	0x72	0x03
SPI [1]	result	0.54380155	0.00000512	0x0B	0x00
SPI [1]	result	0.54380683	0.00000512	0x10	0x0E
SPI [1]	result	0.54381211	0.00000512	0x80	0xFF
SPI [1]	result	0.54381739	0.00000512	0x3A	0xFF
SPI [1]	result	0.54407376	0.00000512	0x00	0x00
SPI [1]	result	0.54407904	0.00000512	0x00	0x00
SPI [1]	result	0.54408432	0.00000512	0x00	0x00
SPI [1]	result	0.54408960	0.00000512	0x00	0x00
SPI [1]	result	0.54434374	0.00000512	0x08	0x00
SPI [1]	result	0.54434902	0.00000512	0x00	0x00
SPI [1]	result	0.54435430	0.00000512	0x8C	0x03
SPI [1]	result	0.54435958	0.00000512	0x44	0xFF
SPI [1]	result	0.56446615	0.00000512	0x00	0x00
SPI [1]	result	0.56447143	0.00000512	0x00	0x00
SPI [1]	result	0.56447671	0.00000512	0x0F	0x00
SPI [1]	result	0.56448199	0.00000512	0xC0	0x00
SPI [1]	result	0.56492553	0.00000512	0x0C	0x00
SPI [1]	result	0.56493081	0.00000512	0x10	0x00
SPI [1]	result	0.56493609	0.00000512	0x80	0x7C
SPI [1]	result	0.56494137	0.00000512	0x02	0x03
SPI [1]	result	0.56519971	0.00000512	0x00	0x00
SPI [1]	result	0.56520499	0.00000512	0x01	0x00
SPI [1]	result	0.56521027	0.00000512	0x09	0x01
SPI [1]	result	0.56521555	0.00000512	0x04	0xFF
SPI [1]	result	0.56565062	0.00000512	0x0D	0x00
SPI [1]	result	0.56565590	0.00000512	0x00	0x00
SPI [1]	result	0.56566118	0.00000512	0x8F	0x7F
SPI [1]	result	0.56566646	0.00000512	0xFA	0xFF
SPI [1]	result	0.56593144	0.00000512	0x00	0x00
SPI [1]	result	0.56593672	0.00000512	0x01	0x00
SPI [1]	result	0.56594200	0.00000512	0x08	0x00
SPI [1]	result	0.56594728	0.00000512	0x42	0x3F
SPI [1]	result	0.56638374	0.00000512	0x0E	0x00
SPI [1]	result	0.56638902	0.00000512	0x00	0x00
SPI [1]	result	0.56639430	0.00000512	0x89	0x07
SPI [1]	result	0.56639958	0.00000512	0x26	0xFF
SPI [1]	result	0.56666374	0.00000512	0x00	0x00
SPI [1]	result	0.56666902	0.00000512	0x01	0x00
SPI [1]	result	0.56667430	0.00000512	0x08	0x04
SPI [1]	result	0.56667958	0.00000512	0x82	0xFF
SPI [1]	result	0.56711860	0.00000512	0x0F	0x00
SPI [1]	result	0.56712388	0.00000512	0x00	0x00
SPI [1]	result	0.56712916	0.00000512	0x88	0x06
SPI [1]	result	0.56713444	0.00000512	0x6C	0xFF
SPI [1]	result	0.56740065	0.00000512	0x00	0x00
SPI [1]	result	0.56740593	0.00000512	0x00	0x00
SPI [1]	result	0.56741121	0.00000512	0x09	0x00
SPI [1]	result	0.56741649	0.00000512	0xE8	0x07
SPI [1]	result	0.56785262	0.00000512	0x08	0x00
SPI [1]	result	0.56785790	0.00000512	0x00	0x00
SPI [1]	result	0.56786318	0.00000512	0x88	0x07
SPI [1]	result	0.56786846	0.00000512	0xB4	0xFF
SPI [1]	result	0.56813173	0.00000512	0x00	0x00
SPI [1]	result	0.56813701	0.00000512	0x00	0x00
SPI [1]	result	0.56814229	0.00000512	0x00	0x00
SPI [1]	result	0.56814757	0.00000512	0x00	0x00
SPI [1]	result	0.56840262	0.00000512	0x08	0x00
SPI [1]	result	0.56840790	0.00000512	0x00	0x00
SPI [1]	result	0.56841318	0.00000512	0x89	0x07
SPI [1]	result	0.56841846	0.00000512	0xFA	0xFF
SPI [1]	result	0.56869062	0.00000512	0x00	0x00
SPI [1]	result	0.56869590	0.00000512	0x00	0x00
SPI [1]	result	0.56870118	0.00000512	0x09	0x00
SPI [1]	result	0.56870646	0.00000512	0xA6	0x7F
SPI [1]	result	0.56915068	0.00000512	0x09	0x00
SPI [1]	result	0.56915596	0.00000512	0x10	0x06
SPI [1]	result	0.56916124	0.00000512	0x80	0xFF
SPI [1]	result	0.56916652	0.00000512	0x2A	0xFF
SPI [1]	result	0.56942568	0.00000512	0x00	0x00
SPI [1]	result	0.56943096	0.00000512	0x00	0x00
SPI [1]	result	0.56943624	0.00000512	0x00	0x00
SPI [1]	result	0.56944152	0.00000512	0x00	0x00
SPI [1]	result	0.56970265	0.00000512	0x08	0x00
SPI [1]	result	0.56970793	0.00000512	0x00	0x00
SPI [1]	result	0.56971321	0.00000512	0x89	0x07
SPI [1]	result	0.56971849	0.00000512	0xB8	0xFF
SPI [1]	result	0.56998678	0.00000512	0x80	0x00
SPI [1]	result	0.56999206	0.00000512	0x02	0x00
SPI [1]	result	0.56999734	0.00000512	0x28	0x1F
SPI [1]	result	0.57000262	0.00000512	0x06	0xFF
SPI [1]	result	0.57044075	0.00000512	0x0A	0x00
SPI [1]	result	0.57044603	0.00000512	0x10	0x0F
SPI [1]	result	0.57045131	0.00000512	0x80	0xFF
SPI [1]	result	0.57045659	0.00000512	0x32	0xFF
SPI [1]	result	0.57071473	0.00000512	0x7F	0x00
SPI [1]	result	0.57072001	0.00000512	0xFF	0x00
SPI [1]	result	0.57072529	0.00000512	0x15	0x03
SPI [1]	result	0.57073057	0.00000512	0x10	0xFF
SPI [1]	result	0.57116671	0.00000512	0x0B	0x00
SPI [1]	result	0.57117199	0.00000512	0x00	0x00
SPI [1]	result	0.57117727	0.00000512	0xA8	0x7F
SPI [1]	result	0.57118255	0.00000512	0x0E	0xFF
SPI [1]	result	0.57144562	0.00000512	0x01	0x00
SPI [1]	result	0.57145090	0.00000512	0x23	0x01
SPI [1]	result	0.57145618	0.00000512	0x15	0xFF
SPI [1]	result	0.57146146	0.00000512	0x62	0xFF
SPI [1]	result	0.57189655	0.00000512	0x0C	0x00
SPI [1]	result	0.57190183	0.00000512	0x00	0x00
SPI [1]	result	0.57190711	0.00000512	0x95	0x0F
SPI [1]	result	0.57191239	0.00000512	0x08	0xFF
SPI [1]	result	0.57217455	0.00000512	0x0A	0x00
SPI [1]	result	0.57217983	0.00000512	0x00	0x00
SPI [1]	result	0.57218511	0.00000512	0x15	0x0F
SPI [1]	result	0.57219039	0.00000512	0xAA	0xFF
SPI [1]	result	0.57262668	0.00000512	0x0D	0x00
SPI [1]	result	0.57263196	0.00000512	0x00	0x00
SPI [1]	result	0.57263724	0.00000512	0x95	0x7F
SPI [1]	result	0.57264252	0.00000512	0x52	0xFF
SPI [1]	result	0.57290358	0.00000512	0x00	0x00
SPI [1]	result	0.57290886	0.00000512	0x00	0x00
SPI [1]	result	0.57291414	0.00000512	0x3F	0x00
SPI [1]	result	0.57291942	0.00000512	0xC6	0x00
SPI [1]	result	0.57335469	0.00000512	0x0E	0x00
SPI [1]	result	0.57335997	0.00000512	0x00	0x00
SPI [1]	result	0.57336525	0.00000512	0x95	0x0F
SPI [1]	result	0.57337053	0.00000512	0x9A	0xFF
SPI [1]	result	0.57363262	0.00000512	0x00	0x00
SPI [1]	result	0.57363790	0.00000512	0x00	0x00
SPI [1]	result	0.57364318	0.00000512	0x00	0x00
SPI [1]	result	0.57364846	0.00000512	0x00	0x00
SPI [1]	result	0.57390458	0.00000512	0x08	0x00
SPI [1]	result	0.57390986	0.00000512	0x00	0x00
SPI [1]	result	0.57391514	0.00000512	0xBF	0x00
SPI [1]	result	0.57392042	0.00000512	0xD8	0x3F
SPI [1]	result	0.58199509	0.00000512	0x00	0x00
SPI [1]	result	0.58200037	0.00000512	0x00	0x00
SPI [1]	result	0.58200565	0.00000512	0x08	0x00
SPI [1]	result	0.58201093	0.00000512	0x20	0x00
SPI [1]	result	0.58244861	0.00000512	0x0F	0x00
SPI [1]	result	0.58245389	0.00000512	0x10	0x00
SPI [1]	result	0.58245917	0.00000512	0x80	0x7E
SPI [1]	result	0.58246445	0.00000512	0x1A	0x5F
SPI [1]	result	0.58366986	0.00000512	0x00	0x00
SPI [1]	result	0.58367514	0.00000512	0x00	0x00
SPI [1]	result	0.58368042	0.00000512	0x00	0x00
SPI [1]	result	0.58368570	0.00000512	0x00	0x00
SPI [1]	result	0.58376095	0.00000512	0x08	0x00
SPI [1]	result	0.58376623	0.00000512	0x00	0x00
SPI [1]	result	0.58377151	0.00000512	0x88	0x07
SPI [1]	result	0.58377679	0.00000512	0x32	0xFF
SPI [1]	result	0.60822652	0.00000512	0x00	0x00
SPI [1]	result	0.60823180	0.00000512	0x00	0x00
SPI [1]	result	0.60823708	0.00000512	0x0F	0x00
SPI [1]	result	0.60824236	0.00000512	0xC0	0x00
SPI [1]	result	0.60868155	0.00000512	0x08	0x00
SPI [1]	result	0.60868683	0.00000512	0x10	0x00
SPI [1]	result	0.60869211	0.00000512	0x80	0x7C
SPI [1]	result	0.60869739	0.00000512	0x22	0x3F
SPI [1]	result	0.60895458	0.00000512	0x00	0x00
SPI [1]	result	0.60895986	0.00000512	0x00	0x00
SPI [1]	result	0.60896514	0.00000512	0x00	0x00
SPI [1]	result	0.60897042	0.00000512	0x00	0x00
SPI [1]	result	0.60922468	0.00000512	0x08	0x00
SPI [1]	result	0.60922996	0.00000512	0x00	0x00
SPI [1]	result	0.60923524	0.00000512	0x8F	0x00
SPI [1]	result	0.60924052	0.00000512	0xD2	0x3F
SPI [1]	result	0.60950461	0.00000512	0x00	0x00
SPI [1]	result	0.60950989	0.00000512	0x00	0x00
SPI [1]	result	0.60951517	0.00000512	0x09	0x00
SPI [1]	result	0.60952045	0.00000512	0xE8	0x07
SPI [1]	result	0.60995665	0.00000512	0x09	0x00
SPI [1]	result	0.60996193	0.00000512	0x10	0x0F
SPI [1]	result	0.60996721	0.00000512	0x80	0xFF
SPI [1]	result	0.60997249	0.00000512	0x2A	0xFF
SPI [1]	result	0.61022865	0.00000512	0x00	0x00
SPI [1]	result	0.61023393	0.00000512	0x00	0x00
SPI [1]	result	0.61023921	0.00000512	0x00	0x00
SPI [1]	result	0.61024449	0.00000512	0x00	0x00
SPI [1]	result	0.61049867	0.00000512	0x08	0x00
SPI [1]	result	0.61050395	0.00000512	0x00	0x00
SPI [1]	result	0.61050923	0.00000512	0x89	0x07
SPI [1]	result	0.61051451	0.00000512	0xFA	0xFF
SPI [1]	result	0.61077663	0.00000512	0x00	0x00
SPI [1]	result	0.61078191	0.00000512	0x01	0x00
SPI [1]	result	0.61078719	0.00000512	0x08	0x00
SPI [1]	result	0.61079247	0.00000512	0x42	0x3F
SPI [1]	result	0.61122871	0.00000512	0x0A	0x00
SPI [1]	result	0.61123399	0.00000512	0x10	0x0A
SPI [1]	result	0.61123927	0.00000512	0x80	0xFF
SPI [1]	result	0.61124455	0.00000512	0x32	0xFF
SPI [1]	result	0.61150069	0.00000512	0x00	0x00
SPI [1]	result	0.61150597	0.00000512	0x00	0x00
SPI [1]	result	0.61151125	0.00000512	0x00	0x00
SPI [1]	result	0.61151653	0.00000512	0x00	0x00
SPI [1]	result	0.61177066	0.00000512	0x08	0x00
SPI [1]	result	0.61177594	0.00000512	0x00	0x00
SPI [1]	result	0.61178122	0.00000512	0x88	0x04
SPI [1]	result	0.61178650	0.00000512	0x74	0x7F
SPI [1]	result	0.61292965	0.00000512	0x00	0x00
SPI [1]	result	0.61293493	0.00000512	0x00	0x00
SPI [1]	result	0.61294021	0.00000512	0x2A	0x03
SPI [1]	result	0.61294549	0.00000512	0x6E	0xFF
SPI [1]	result	0.61340474	0.00000512	0x0B	0x00
SPI [1]	result	0.61341002	0.00000512	0x10	0x0F
SPI [1]	result	0.61341530	0.00000512	0x80	0xFF
SPI [1]	result	0.61342058	0.00000512	0x3A	0xFF
SPI [1]	result	0.61369274	0.00000512	0x00	0x00
SPI [1]	result	0.61369802	0.00000512	0x00	0x00
SPI [1]	result	0.61370330	0.00000512	0x3F	0x00
SPI [1]	result	0.61370858	0.00000512	0xC6	0x00
SPI [1]	result	0.61482080	0.00000512	0x0C	0x00
SPI [1]	result	0.61482608	0.00000512	0x00	0x00
SPI [1]	result	0.61483136	0.00000512	0xAA	0x1F
SPI [1]	result	0.61483664	0.00000512	0x60	0xFF
SPI [1]	result	0.61491043	0.00000512	0x00	0x00
SPI [1]	result	0.61491571	0.00000512	0x00	0x00
SPI [1]	result	0.61492099	0.00000512	0x00	0x00
SPI [1]	result	0.61492627	0.00000512	0x00	0x00
SPI [1]	result	0.61499251	0.00000512	0x08	0x00
SPI [1]	result	0.61499779	0.00000512	0x00	0x00
SPI [1]	result	0.61500307	0.00000512	0xBF	0x18
SPI [1]	result	0.61500835	0.00000512	0xD8	0x3F
SPI [1]	result	0.62203292	0.00000512	0x00	0x00
SPI [1]	result	0.62203820	0.00000512	0x00	0x00
SPI [1]	result	0.62204348	0.00000512	0x08	0x00
SPI [1]	result	0.62204876	0.00000512	0x20	0x00
SPI [1]	result	0.62249763	0.00000512	0x0D	0x00
SPI [1]	result	0.62250291	0.00000512	0x10	0x0F
SPI [1]	result	0.62250819	0.00000512	0x80	0xFF
SPI [1]	result	0.62251347	0.00000512	0x0A	0xFF
SPI [1]	result	0.62277263	0.00000512	0x00	0x00
SPI [1]	result	0.62277791	0.00000512	0x00	0x00
SPI [1]	result	0.62278319	0.00000512	0x00	0x00
SPI [1]	result	0.62278847	0.00000512	0x00	0x00
SPI [1]	result	0.62304265	0.00000512	0x08	0x00
SPI [1]	result	0.62304793	0.00000512	0x00	0x00
SPI [1]	result	0.62305321	0.00000512	0x88	0x07
SPI [1]	result	0.62305849	0.00000512	0x32	0xFF
SPI [1]	result	0.64119574	0.00000512	0x00	0x00
SPI [1]	result	0.64120102	0.00000512	0x04	0x00
SPI [1]	result	0.64120630	0.00000512	0x2A	0x0F
SPI [1]	result	0.64121158	0.00000512	0x72	0xFF
SPI [1]	result	0.64167070	0.00000512	0x0E	0x00
SPI [1]	result	0.64167598	0.00000512	0x10	0x00
SPI [1]	result	0.64168126	0.00000512	0x80	0x7F
SPI [1]	result	0.64168654	0.00000512	0x12	0x9F
SPI [1]	result	0.64195863	0.00000512	0x00	0x00
SPI [1]	result	0.64196391	0.00000512	0x00	0x00
SPI [1]	result	0.64196919	0.00000512	0x3F	0x00
SPI [1]	result	0.64197447	0.00000512	0xC6	0x00
SPI [1]	result	0.64241771	0.00000512	0x0F	0x00
SPI [1]	result	0.64242299	0.00000512	0x00	0x00
SPI [1]	result	0.64242827	0.00000512	0xAA	0x1F
SPI [1]	result	0.64243355	0.00000512	0x78	0xFF
SPI [1]	result	0.64271645	0.00000512	0x00	0x00
SPI [1]	result	0.64272173	0.00000512	0x00	0x00
SPI [1]	result	0.64272701	0.00000512	0x00	0x00
SPI [1]	result	0.64273229	0.00000512	0x00	0x00
SPI [1]	result	0.64300462	0.00000512	0x08	0x00
SPI [1]	result	0.64300990	0.00000512	0x00	0x00
SPI [1]	result	0.64301518	0.00000512	0xBF	0x00
SPI [1]	result	0.64302046	0.00000512	0xD8	0x3F
SPI [1]	result	0.68320249	0.00000512	0x00	0x00
SPI [1]	result	0.68320777	0.00000512	0x00	0x00
SPI [1]	result	0.68321305	0.00000512	0x08	0x00
SPI [1]	result	0.68321833	0.00000512	0x20	0x00
SPI [1]	result	0.68365499	0.00000512	0x08	0x00
SPI [1]	result	0.68366027	0.00000512	0x10	0x00
SPI [1]	result	0.68366555	0.00000512	0x80	0x74
SPI [1]	result	0.68367083	0.00000512	0x22	0x3F
SPI [1]	result	0.68406642	0.00000512	0x00	0x00
SPI [1]	result	0.68407170	0.00000512	0x00	0x00
SPI [1]	result	0.68407698	0.00000512	0x09	0x00
SPI [1]	result	0.68408226	0.00000512	0xA6	0x3F
SPI [1]	result	0.68447531	0.00000512	0x09	0x00
SPI [1]	result	0.68448059	0.00000512	0x00	0x00
SPI [1]	result	0.68448587	0.00000512	0x88	0x7F
SPI [1]	result	0.68449115	0.00000512	0x3A	0xFF
SPI [1]	result	0.68488387	0.00000512	0x00	0x00
SPI [1]	result	0.68488915	0.00000512	0x00	0x00
SPI [1]	result	0.68489443	0.00000512	0x00	0x00
SPI [1]	result	0.68489971	0.00000512	0x00	0x00
SPI [1]	result	0.68529291	0.00000512	0x08	0x00
SPI [1]	result	0.68529819	0.00000512	0x00	0x00
SPI [1]	result	0.68530347	0.00000512	0x89	0x07
SPI [1]	result	0.68530875	0.00000512	0xB8	0xFF
SPI [1]	result	0.72319574	0.00000512	0x00	0x00
SPI [1]	result	0.72320102	0.00000512	0x00	0x00
SPI [1]	result	0.72320630	0.00000512	0x08	0x00
SPI [1]	result	0.72321158	0.00000512	0x20	0x00
SPI [1]	result	0.72364595	0.00000512	0x0A	0x00
SPI [1]	result	0.72365123	0.00000512	0x10	0x0F
SPI [1]	result	0.72365651	0.00000512	0x80	0xFF
SPI [1]	result	0.72366179	0.00000512	0x32	0xFF
SPI [1]	result	0.72405465	0.00000512	0x00	0x00
SPI [1]	result	0.72405993	0.00000512	0x00	0x00
SPI [1]	result	0.72406521	0.00000512	0x00	0x00
SPI [1]	result	0.72407049	0.00000512	0x00	0x00
SPI [1]	result	0.72446234	0.00000512	0x08	0x00
SPI [1]	result	0.72446762	0.00000512	0x00	0x00
SPI [1]	result	0.72447290	0.00000512	0x88	0x07
SPI [1]	result	0.72447818	0.00000512	0x32	0xBF
SPI [1]	result	0.76317994	0.00000512	0x00	0x00
SPI [1]	result	0.76318522	0.00000512	0x00	0x00
SPI [1]	result	0.76319050	0.00000512	0x08	0x00
SPI [1]	result	0.76319578	0.00000512	0x20	0x00
SPI [1]	result	0.76358987	0.00000512	0x0B	0x00
SPI [1]	result	0.76359515	0.00000512	0x10	0x0F
SPI [1]	result	0.76360043	0.00000512	0x80	0xFF
SPI [1]	result	0.76360571	0.00000512	0x3A	0xFF
SPI [1]	result	0.76399780	0.00000512	0x00	0x00
SPI [1]	result	0.76400308	0.00000512	0x00	0x00
SPI [1]	result	0.76400836	0.00000512	0x00	0x00
SPI [1]	result	0.76401364	0.00000512	0x00	0x00
SPI [1]	result	0.76440525	0.00000512	0x08	0x00
SPI [1]	result	0.76441053	0.00000512	0x00	0x00
SPI [1]	result	0.76441581	0.00000512	0x88	0x07
SPI [1]	result	0.76442109	0.00000512	0x32	0x3F
SPI [1]	result	0.80319688	0.00000512	0x00	0x00
SPI [1]	result	0.80320216	0.00000512	0x00	0x00
SPI [1]	result	0.80320744	0.00000512	0x08	0x00
SPI [1]	result	0.80321272	0.00000512	0x20	0x00
SPI [1]	result	0.80364938	0.00000512	0x0C	0x00
SPI [1]	result	0.80365466	0.00000512	0x10	0x00
SPI [1]	result	0.80365994	0.00000512	0x80	0x5E
SPI [1]	result	0.80366522	0.00000512	0x02	0x01
SPI [1]	result	0.80405667	0.00000512	0x00	0x00
SPI [1]	result	0.80406195	0.00000512	0x00	0x00
SPI [1]	result	0.80406723	0.00000512	0x09	0x00
SPI [1]	result	0.80407251	0.00000512	0xA6	0x3F
SPI [1]	result	0.80446407	0.00000512	0x0D	0x00
SPI [1]	result	0.80446935	0.00000512	0x00	0x00
SPI [1]	result	0.80447463	0.00000512	0x88	0x7F
SPI [1]	result	0.80447991	0.00000512	0x1A	0xFF
SPI [1]	result	0.80487311	0.00000512	0x00	0x00
SPI [1]	result	0.80487839	0.00000512	0x00	0x00
SPI [1]	result	0.80488367	0.00000512	0x00	0x00
SPI [1]	result	0.80488895	0.00000512	0x00	0x00
SPI [1]	result	0.80528143	0.00000512	0x08	0x00
SPI [1]	result	0.80528671	0.00000512	0x00	0x00
SPI [1]	result	0.80529199	0.00000512	0x89	0x07
SPI [1]	result	0.80529727	0.00000512	0xB8	0xFF
SPI [1]	result	0.84317684	0.00000512	0x00	0x00
SPI [1]	result	0.84318212	0.00000512	0x00	0x00
SPI [1]	result	0.84318740	0.00000512	0x08	0x00
SPI [1]	result	0.84319268	0.00000512	0x20	0x00
SPI [1]	result	0.84358807	0.00000512	0x0E	0x00
SPI [1]	result	0.84359335	0.00000512	0x10	0x00
SPI [1]	result	0.84359863	0.00000512	0x80	0x7D
SPI [1]	result	0.84360391	0.00000512	0x12	0xDF
SPI [1]	result	0.84399435	0.00000512	0x00	0x00
SPI [1]	result	0.84399963	0.00000512	0x00	0x00
SPI [1]	result	0.84400491	0.00000512	0x00	0x00
SPI [1]	result	0.84401019	0.00000512	0x00	0x00
SPI [1]	result	0.84440163	0.00000512	0x08	0x00
SPI [1]	result	0.84440691	0.00000512	0x00	0x00
SPI [1]	result	0.84441219	0.00000512	0x88	0x07
SPI [1]	result	0.84441747	0.00000512	0x32	0x3F
SPI [1]	result	0.88317773	0.00000512	0x00	0x00
SPI [1]	result	0.88318301	0.00000512	0x00	0x00
SPI [1]	result	0.88318829	0.00000512	0x08	0x00
SPI [1]	result	0.88319357	0.00000512	0x20	0x00
SPI [1]	result	0.88358652	0.00000512	0x0F	0x00
SPI [1]	result	0.88359180	0.00000512	0x10	0x00
SPI [1]	result	0.88359708	0.00000512	0x80	0x7F
SPI [1]	result	0.88360236	0.00000512	0x1A	0x7F
SPI [1]	result	0.88399345	0.00000512	0x00	0x00
SPI [1]	result	0.88399873	0.00000512	0x00	0x00
SPI [1]	result	0.88400401	0.00000512	0x00	0x00
SPI [1]	result	0.88400929	0.00000512	0x00	0x00
SPI [1]	result	0.88440109	0.00000512	0x08	0x00
SPI [1]	result	0.88440637	0.00000512	0x00	0x00
SPI [1]	result	0.88441165	0.00000512	0x88	0x07
SPI [1]	result	0.88441693	0.00000512	0x32	0xFF
SPI [1]	result	0.92318678	0.00000512	0x00	0x00
SPI [1]	result	0.92319206	0.00000512	0x00	0x00
SPI [1]	result	0.92319734	0.00000512	0x08	0x00
SPI [1]	result	0.92320262	0.00000512	0x20	0x00
SPI [1]	result	0.92362582	0.00000512	0x08	0x00
SPI [1]	result	0.92363110	0.00000512	0x10	0x00
SPI [1]	result	0.92363638	0.00000512	0x80	0x78
SPI [1]	result	0.92364166	0.00000512	0x22	0x3F
SPI [1]	result	0.92403447	0.00000512	0x00	0x00
SPI [1]	result	0.92403975	0.00000512	0x00	0x00
SPI [1]	result	0.92404503	0.00000512	0x09	0x00
SPI [1]	result	0.92405031	0.00000512	0xA6	0x3F
SPI [1]	result	0.92444203	0.00000512	0x09	0x00
SPI [1]	result	0.92444731	0.00000512	0x00	0x00
SPI [1]	result	0.92445259	0.00000512	0x88	0x7F
SPI [1]	result	0.92445787	0.00000512	0x3A	0xFF
SPI [1]	result	0.92484977	0.00000512	0x00	0x00
SPI [1]	result	0.92485505	0.00000512	0x00	0x00
SPI [1]	result	0.92486033	0.00000512	0x00	0x00
SPI [1]	result	0.92486561	0.00000512	0x00	0x00
SPI [1]	result	0.92525731	0.00000512	0x08	0x00
SPI [1]	result	0.92526259	0.00000512	0x00	0x00
SPI [1]	result	0.92526787	0.00000512	0x89	0x07
SPI [1]	result	0.92527315	0.00000512	0xB8	0xFF
SPI [1]	result	0.96317707	0.00000512	0x00	0x00
SPI [1]	result	0.96318235	0.00000512	0x00	0x00
SPI [1]	result	0.96318763	0.00000512	0x08	0x00
SPI [1]	result	0.96319291	0.00000512	0x20	0x00
SPI [1]	result	0.96358615	0.00000512	0x0A	0x00
SPI [1]	result	0.96359143	0.00000512	0x10	0x0F
SPI [1]	result	0.96359671	0.00000512	0x80	0xFF
SPI [1]	result	0.96360199	0.00000512	0x32	0xFF
SPI [1]	result	0.96399320	0.00000512	0x00	0x00
SPI [1]	result	0.96399848	0.00000512	0x00	0x00
SPI [1]	result	0.96400376	0.00000512	0x00	0x00
SPI [1]	result	0.96400904	0.00000512	0x00	0x00
SPI [1]	result	0.96440234	0.00000512	0x08	0x00
SPI [1]	result	0.96440762	0.00000512	0x00	0x00
SPI [1]	result	0.96441290	0.00000512	0x88	0x07
SPI [1]	result	0.96441818	0.00000512	0x32	0xBF
SPI [1]	result	1.00317742	0.00000512	0x00	0x00
SPI [1]	result	1.00318270	0.00000512	0x00	0x00
SPI [1]	result	1.00318798	0.00000512	0x08	0x00
SPI [1]	result	1.00319326	0.00000512	0x20	0x00
SPI [1]	result	1.00359344	0.00000512	0x0B	0x00
SPI [1]	result	1.00359872	0.00000512	0x10	0x0F
SPI [1]	result	1.00360400	0.00000512	0x80	0xFF
SPI [1]	result	1.00360928	0.00000512	0x3A	0xFF
SPI [1]	result	1.00400155	0.00000512	0x00	0x00
SPI [1]	result	1.00400683	0.00000512	0x00	0x00
SPI [1]	result	1.00401211	0.00000512	0x00	0x00
SPI [1]	result	1.00401739	0.00000512	0x00	0x00
SPI [1]	result	1.00440994	0.00000512	0x08	0x00
SPI [1]	result	1.00441522	0.00000512	0x00	0x00
SPI [1]	result	1.00442050	0.00000512	0x88	0x07
SPI [1]	result	1.00442578	0.00000512	0x32	0x3F
SPI [1]	result	1.04317754	0.00000512	0x00	0x00
SPI [1]	result	1.04318282	0.00000512	0x00	0x00
SPI [1]	result	1.04318810	0.00000512	0x08	0x00
SPI [1]	result	1.04319338	0.00000512	0x20	0x00
SPI [1]	result	1.04358705	0.00000512	0x0C	0x00
SPI [1]	result	1.04359233	0.00000512	0x10	0x00
SPI [1]	result	1.04359761	0.00000512	0x80	0x7C
SPI [1]	result	1.04360289	0.00000512	0x02	0x03
SPI [1]	result	1.04399492	0.00000512	0x00	0x00
SPI [1]	result	1.04400020	0.00000512	0x00	0x00
SPI [1]	result	1.04400548	0.00000512	0x09	0x00
SPI [1]	result	1.04401076	0.00000512	0xA6	0x7F
SPI [1]	result	1.04440387	0.00000512	0x0D	0x00
SPI [1]	result	1.04440915	0.00000512	0x00	0x00
SPI [1]	result	1.04441443	0.00000512	0x88	0x7F
SPI [1]	result	1.04441971	0.00000512	0x1A	0xFF
SPI [1]	result	1.04481209	0.00000512	0x00	0x00
SPI [1]	result	1.04481737	0.00000512	0x00	0x00
SPI [1]	result	1.04482265	0.00000512	0x00	0x00
SPI [1]	result	1.04482793	0.00000512	0x00	0x00
SPI [1]	result	1.04521998	0.00000512	0x08	0x00
SPI [1]	result	1.04522526	0.00000512	0x00	0x00
SPI [1]	result	1.04523054	0.00000512	0x89	0x07
SPI [1]	result	1.04523582	0.00000512	0xB8	0xFF
SPI [1]	result	1.08317858	0.00000512	0x00	0x00
SPI [1]	result	1.08318386	0.00000512	0x00	0x00
SPI [1]	result	1.08318914	0.00000512	0x08	0x00
SPI [1]	result	1.08319442	0.00000512	0x20	0x00
SPI [1]	result	1.08359645	0.00000512	0x0E	0x00
SPI [1]	result	1.08360173	0.00000512	0x10	0x00
SPI [1]	result	1.08360701	0.00000512	0x80	0x00
SPI [1]	result	1.08361229	0.00000512	0x12	0x00
SPI [1]	result	1.08400477	0.00000512	0x00	0x00
SPI [1]	result	1.08401005	0.00000512	0x00	0x00
SPI [1]	result	1.08401533	0.00000512	0x00	0x00
SPI [1]	result	1.08402061	0.00000512	0x00	0x00
SPI [1]	result	1.08441275	0.00000512	0x08	0x00
SPI [1]	result	1.08441803	0.00000512	0x00	0x00
SPI [1]	result	1.08442331	0.00000512	0x88	0x00
SPI [1]	result	1.08442859	0.00000512	0x32	0x00
SPI [1]	result	1.12317844	0.00000512	0x00	0xFF
SPI [1]	result	1.12318372	0.00000512	0x00	0xFF
SPI [1]	result	1.12318900	0.00000512	0x08	0xFF
SPI [1]	result	1.12319428	0.00000512	0x20	0xFF
SPI [1]	result	1.12359404	0.00000512	0x0F	0xFF
SPI [1]	result	1.12359932	0.00000512	0x10	0xFF
SPI [1]	result	1.12360460	0.00000512	0x80	0xFF
SPI [1]	result	1.12360988	0.00000512	0x1A	0xFF
SPI [1]	result	1.12400204	0.00000512	0x00	0xFF
SPI [1]	result	1.12400732	0.00000512	0x00	0xFF
SPI [1]	result	1.12401260	0.00000512	0x00	0xFF
SPI [1]	result	1.12401788	0.00000512	0x00	0xFF
SPI [1]	result	1.12440936	0.00000512	0x08	0xFF
SPI [1]	result	1.12441464	0.00000512	0x00	0xFF
SPI [1]	result	1.12441992	0.00000512	0x88	0xFF
SPI [1]	result	1.12442520	0.00000512	0x32	0xFF
SPI [1]	result	1.16317757	0.00000512	0x00	0xFF
SPI [1]	result	1.16318285	0.00000512	0x00	0xFF
SPI [1]	result	1.16318813	0.00000512	0x08	0xFF
SPI [1]	result	1.16319341	0.00000512	0x20	0xFF
SPI [1]	result	1.16362783	0.00000512	0x08	0xFF
SPI [1]	result	1.16363311	0.00000512	0x10	0xFF
SPI [1]	result	1.16363839	0.00000512	0x80	0xFF
SPI [1]	result	1.16364367	0.00000512	0x22	0xFF
SPI [1]	result	1.16404011	0.00000512	0x00	0xFF
SPI [1]	result	1.16404539	0.00000512	0x00	0xFF
SPI [1]	result	1.16405067	0.00000512	0x09	0xFF
SPI [1]	result	1.16405595	0.00000512	0xA6	0xFF
SPI [1]	result	1.16444782	0.00000512	0x09	0x00
SPI [1]	result	1.16445310	0.00000512	0x00	0x00
SPI [1]	result	1.16445838	0.00000512	0x88	0x00
SPI [1]	result	1.16446366	0.00000512	0x3A	0x00
SPI [1]	result	1.16485415	0.00000512	0x00	0x00
SPI [1]	result	1.16485943	0.00000512	0x00	0x00
SPI [1]	result	1.16486471	0.00000512	0x00	0x00
SPI [1]	result	1.16486999	0.00000512	0x00	0x00
SPI [1]	result	1.16526219	0.00000512	0x08	0x00
SPI [1]	result	1.16526747	0.00000512	0x00	0x00
SPI [1]	result	1.16527275	0.00000512	0x89	0x00
SPI [1]	result	1.16527803	0.00000512	0xB8	0x00
SPI [1]	result	1.20317799	0.00000512	0x00	0x00
SPI [1]	result	1.20318327	0.00000512	0x00	0x00
SPI [1]	result	1.20318855	0.00000512	0x08	0x00
SPI [1]	result	1.20319383	0.00000512	0x20	0x00
SPI [1]	result	1.20359610	0.00000512	0x0A	0x00
SPI [1]	result	1.20360138	0.00000512	0x10	0x0E
SPI [1]	result	1.20360666	0.00000512	0x80	0xFF
SPI [1]	result	1.20361194	0.00000512	0x32	0xFF
SPI [1]	result	1.20400224	0.00000512	0x00	0x00
SPI [1]	result	1.20400752	0.00000512	0x00	0x00
SPI [1]	result	1.20401280	0.00000512	0x00	0x00
SPI [1]	result	1.20401808	0.00000512	0x00	0x00
SPI [1]	result	1.20441081	0.00000512	0x08	0x00
SPI [1]	result	1.20441609	0.00000512	0x00	0x00
SPI [1]	result	1.20442137	0.00000512	0x88	0x07
SPI [1]	result	1.20442665	0.00000512	0x32	0xBF
SPI [1]	result	1.24317602	0.00000512	0x00	0x00
SPI [1]	result	1.24318130	0.00000512	0x00	0x00
SPI [1]	result	1.24318658	0.00000512	0x08	0x00
SPI [1]	result	1.24319186	0.00000512	0x20	0x00
SPI [1]	result	1.24358819	0.00000512	0x0B	0x00
SPI [1]	result	1.24359347	0.00000512	0x10	0x4F
SPI [1]	result	1.24359875	0.00000512	0x80	0xFF
SPI [1]	result	1.24360403	0.00000512	0x3A	0xFF
SPI [1]	result	1.24399545	0.00000512	0x00	0x00
SPI [1]	result	1.24400073	0.00000512	0x00	0x00
SPI [1]	result	1.24400601	0.00000512	0x00	0x00
SPI [1]	result	1.24401129	0.00000512	0x00	0x00
SPI [1]	result	1.24440099	0.00000512	0x08	0x00
SPI [1]	result	1.24440627	0.00000512	0x00	0x00
SPI [1]	result	1.24441155	0.00000512	0x88	0x07
SPI [1]	result	1.24441683	0.00000512	0x32	0xBF
SPI [1]	result	1.28317983	0.00000512	0x00	0x00
SPI [1]	result	1.28318511	0.00000512	0x00	0x00
SPI [1]	result	1.28319039	0.00000512	0x08	0x00
SPI [1]	result	1.28319567	0.00000512	0x20	0x00
SPI [1]	result	1.28359658	0.00000512	0x0C	0x00
SPI [1]	result	1.28360186	0.00000512	0x10	0x00
SPI [1]	result	1.28360714	0.00000512	0x80	0x7F
SPI [1]	result	1.28361242	0.00000512	0x02	0x03
SPI [1]	result	1.28400480	0.00000512	0x00	0x00
SPI [1]	result	1.28401008	0.00000512	0x00	0x00
SPI [1]	result	1.28401536	0.00000512	0x09	0x00
SPI [1]	result	1.28402064	0.00000512	0xA6	0x3F
SPI [1]	result	1.28441256	0.00000512	0x0D	0x00
SPI [1]	result	1.28441784	0.00000512	0x00	0x00
SPI [1]	result	1.28442312	0.00000512	0x88	0x7F
SPI [1]	result	1.28442840	0.00000512	0x1A	0xFF
SPI [1]	result	1.28481908	0.00000512	0x00	0x00
SPI [1]	result	1.28482436	0.00000512	0x00	0x00
SPI [1]	result	1.28482964	0.00000512	0x00	0x00
SPI [1]	result	1.28483492	0.00000512	0x00	0x00
SPI [1]	result	1.28522718	0.00000512	0x08	0x00
SPI [1]	result	1.28523246	0.00000512	0x00	0x00
SPI [1]	result	1.28523774	0.00000512	0x89	0x07
SPI [1]	result	1.28524302	0.00000512	0xB8	0xFF
SPI [1]	result	1.32318448	0.00000512	0x00	0x00
SPI [1]	result	1.32318976	0.00000512	0x00	0x00
SPI [1]	result	1.32319504	0.00000512	0x08	0x00
SPI [1]	result	1.32320032	0.00000512	0x20	0x00
SPI [1]	result	1.32362354	0.00000512	0x0E	0x00
SPI [1]	result	1.32362882	0.00000512	0x10	0x00
SPI [1]	result	1.32363410	0.00000512	0x80	0x7F
SPI [1]	result	1.32363938	0.00000512	0x12	0x1F
SPI [1]	result	1.32403063	0.00000512	0x00	0x00
SPI [1]	result	1.32403591	0.00000512	0x00	0x00
SPI [1]	result	1.32404119	0.00000512	0x00	0x00
SPI [1]	result	1.32404647	0.00000512	0x00	0x00
SPI [1]	result	1.32443782	0.00000512	0x08	0x00
SPI [1]	result	1.32444310	0.00000512	0x00	0x00
SPI [1]	result	1.32444838	0.00000512	0x88	0x06
SPI [1]	result	1.32445366	0.00000512	0x32	0xBF
SPI [1]	result	1.36317899	0.00000512	0x00	0x00
SPI [1]	result	1.36318427	0.00000512	0x00	0x00
SPI [1]	result	1.36318955	0.00000512	0x08	0x00
SPI [1]	result	1.36319483	0.00000512	0x20	0x00
SPI [1]	result	1.36360020	0.00000512	0x0F	0x00
SPI [1]	result	1.36360548	0.00000512	0x10	0x00
SPI [1]	result	1.36361076	0.00000512	0x80	0x7F
SPI [1]	result	1.36361604	0.00000512	0x1A	0x1F
SPI [1]	result	1.36400950	0.00000512	0x00	0x00
SPI [1]	result	1.36401478	0.00000512	0x00	0x00
SPI [1]	result	1.36402006	0.00000512	0x00	0x00
SPI [1]	result	1.36402534	0.00000512	0x00	0x00
SPI [1]	result	1.36441515	0.00000512	0x08	0x00
SPI [1]	result	1.36442043	0.00000512	0x00	0x00
SPI [1]	result	1.36442571	0.00000512	0x88	0x07
SPI [1]	result	1.36443099	0.00000512	0x32	0xFF
SPI [1]	result	1.40318066	0.00000512	0x00	0x00
SPI [1]	result	1.40318594	0.00000512	0x00	0x00
SPI [1]	result	1.40319122	0.00000512	0x08	0x00
SPI [1]	result	1.40319650	0.00000512	0x20	0x00
SPI [1]	result	1.40359964	0.00000512	0x08	0x00
SPI [1]	result	1.40360492	0.00000512	0x10	0x00
SPI [1]	result	1.40361020	0.00000512	0x80	0x58
SPI [1]	result	1.40361548	0.00000512	0x22	0x3F
SPI [1]	result	1.40400803	0.00000512	0x00	0x00
SPI [1]	result	1.40401331	0.00000512	0x00	0x00
SPI [1]	result	1.40401859	0.00000512	0x09	0x00
SPI [1]	result	1.40402387	0.00000512	0xA6	0x3F
SPI [1]	result	1.40441546	0.00000512	0x09	0x00
SPI [1]	result	1.40442074	0.00000512	0x00	0x00
SPI [1]	result	1.40442602	0.00000512	0x88	0x5F
SPI [1]	result	1.40443130	0.00000512	0x3A	0xFF
SPI [1]	result	1.40482126	0.00000512	0x00	0x00
SPI [1]	result	1.40482654	0.00000512	0x00	0x00
SPI [1]	result	1.40483182	0.00000512	0x00	0x00
SPI [1]	result	1.40483710	0.00000512	0x00	0x00
SPI [1]	result	1.40522996	0.00000512	0x08	0x00
SPI [1]	result	1.40523524	0.00000512	0x00	0x00
SPI [1]	result	1.40524052	0.00000512	0x89	0x07
SPI [1]	result	1.40524580	0.00000512	0xB8	0xFF
SPI [1]	result	1.44317602	0.00000512	0x00	0x00
SPI [1]	result	1.44318130	0.00000512	0x00	0x00
SPI [1]	result	1.44318658	0.00000512	0x08	0x00
SPI [1]	result	1.44319186	0.00000512	0x20	0x00
SPI [1]	result	1.44358734	0.00000512	0x0A	0x00
SPI [1]	result	1.44359262	0.00000512	0x10	0x0F
SPI [1]	result	1.44359790	0.00000512	0x80	0xFF
SPI [1]	result	1.44360318	0.00000512	0x32	0xFF
SPI [1]	result	1.44399443	0.00000512	0x00	0x00
SPI [1]	result	1.44399971	0.00000512	0x00	0x00
SPI [1]	result	1.44400499	0.00000512	0x00	0x00
SPI [1]	result	1.44401027	0.00000512	0x00	0x00
SPI [1]	result	1.44439986	0.00000512	0x08	0x00
SPI [1]	result	1.44440514	0.00000512	0x00	0x00
SPI [1]	result	1.44441042	0.00000512	0x88	0x07
SPI [1]	result	1.44441570	0.00000512	0x32	0xBF
SPI [1]	result	1.48317537	0.00000512	0x00	0x00
SPI [1]	result	1.48318065	0.00000512	0x00	0x00
SPI [1]	result	1.48318593	0.00000512	0x08	0x00
SPI [1]	result	1.48319121	0.00000512	0x20	0x00
SPI [1]	result	1.48358485	0.00000512	0x0B	0x00
SPI [1]	result	1.48359013	0.00000512	0x10	0x00
SPI [1]	result	1.48359541	0.00000512	0x80	0x00
SPI [1]	result	1.48360069	0.00000512	0x3A	0x00
SPI [1]	result	1.48399175	0.00000512	0x00	0x00
SPI [1]	result	1.48399703	0.00000512	0x00	0x00
SPI [1]	result	1.48400231	0.00000512	0x00	0x00
SPI [1]	result	1.48400759	0.00000512	0x00	0x00
SPI [1]	result	1.48439882	0.00000512	0x08	0x00
SPI [1]	result	1.48440410	0.00000512	0x00	0x00
SPI [1]	result	1.48440938	0.00000512	0x88	0x00
SPI [1]	result	1.48441466	0.00000512	0x32	0x00
SPI [1]	result	1.52317994	0.00000512	0x00	0xFF
SPI [1]	result	1.52318522	0.00000512	0x00	0xFF
SPI [1]	result	1.52319050	0.00000512	0x08	0xFF
SPI [1]	result	1.52319578	0.00000512	0x20	0xFF
SPI [1]	result	1.52359676	0.00000512	0x0C	0xFF
SPI [1]	result	1.52360204	0.00000512	0x10	0xFF
SPI [1]	result	1.52360732	0.00000512	0x80	0xFF
SPI [1]	result	1.52361260	0.00000512	0x02	0xFF
SPI [1]	result	1.52400533	0.00000512	0x00	0xFF
SPI [1]	result	1.52401061	0.00000512	0x00	0xFF
SPI [1]	result	1.52401589	0.00000512	0x09	0xFF
SPI [1]	result	1.52402117	0.00000512	0xA6	0xFF
SPI [1]	result	1.52445882	0.00000512	0x0D	0xFF
SPI [1]	result	1.52446410	0.00000512	0x00	0xFF
SPI [1]	result	1.52446938	0.00000512	0x88	0xFF
SPI [1]	result	1.52447466	0.00000512	0x1A	0xFF
SPI [1]	result	1.52487082	0.00000512	0x00	0xFF
SPI [1]	result	1.52487610	0.00000512	0x00	0xFF
SPI [1]	result	1.52488138	0.00000512	0x00	0xFF
SPI [1]	result	1.52488666	0.00000512	0x00	0xFF
SPI [1]	result	1.52527773	0.00000512	0x08	0xFF
SPI [1]	result	1.52528301	0.00000512	0x00	0xFF
SPI [1]	result	1.52528829	0.00000512	0x89	0xFF
SPI [1]	result	1.52529357	0.00000512	0xB8	0xFF
SPI [1]	result	1.56317616	0.00000512	0x00	0xFF
SPI [1]	result	1.56318144	0.00000512	0x00	0xFF
SPI [1]	result	1.56318672	0.00000512	0x08	0xFF
SPI [1]	result	1.56319200	0.00000512	0x20	0xFF
SPI [1]	result	1.56358527	0.00000512	0x0E	0xFF
SPI [1]	result	1.56359055	0.00000512	0x10	0xFF
SPI [1]	result	1.56359583	0.00000512	0x80	0xFF
SPI [1]	result	1.56360111	0.00000512	0x12	0xFF
SPI [1]	result	1.56399242	0.00000512	0x00	0x00
SPI [1]	result	1.56399770	0.00000512	0x00	0x00
SPI [1]	result	1.56400298	0.00000512	0x00	0x00
SPI [1]	result	1.56400826	0.00000512	0x00	0x00
SPI [1]	result	1.56439974	0.00000512	0x08	0x00
SPI [1]	result	1.56440502	0.00000512	0x00	0x00
SPI [1]	result	1.56441030	0.00000512	0x88	0x00
SPI [1]	result	1.56441558	0.00000512	0x32	0x00
SPI [1]	result	1.60317786	0.00000512	0x00	0x00
SPI [1]	result	1.60318314	0.00000512	0x00	0x00
SPI [1]	result	1.60318842	0.00000512	0x08	0x00
SPI [1]	result	1.60319370	0.00000512	0x20	0x00
SPI [1]	result	1.60359449	0.00000512	0x0F	0x00
SPI [1]	result	1.60359977	0.00000512	0x10	0x00
SPI [1]	result	1.60360505	0.00000512	0x80	0x7E
SPI [1]	result	1.60361033	0.00000512	0x1A	0x1F
SPI [1]	result	1.60400342	0.00000512	0x00	0x00
SPI [1]	result	1.60400870	0.00000512	0x00	0x00
SPI [1]	result	1.60401398	0.00000512	0x00	0x00
SPI [1]	result	1.60401926	0.00000512	0x00	0x00
SPI [1]	result	1.60441150	0.00000512	0x08	0x00
SPI [1]	result	1.60441678	0.00000512	0x00	0x00
SPI [1]	result	1.60442206	0.00000512	0x88	0x07
SPI [1]	result	1.60442734	0.00000512	0x32	0xBF
SPI [1]	result	1.64317760	0.00000512	0x00	0x00
SPI [1]	result	1.64318288	0.00000512	0x00	0x00
SPI [1]	result	1.64318816	0.00000512	0x08	0x00
SPI [1]	result	1.64319344	0.00000512	0x20	0x00
SPI [1]	result	1.64358638	0.00000512	0x08	0x00
SPI [1]	result	1.64359166	0.00000512	0x10	0x00
SPI [1]	result	1.64359694	0.00000512	0x80	0x7C
SPI [1]	result	1.64360222	0.00000512	0x22	0x3F
SPI [1]	result	1.64399408	0.00000512	0x00	0x00
SPI [1]	result	1.64399936	0.00000512	0x00	0x00
SPI [1]	result	1.64400464	0.00000512	0x09	0x00
SPI [1]	result	1.64400992	0.00000512	0xA6	0x1F
SPI [1]	result	1.64440112	0.00000512	0x09	0x00
SPI [1]	result	1.64440640	0.00000512	0x00	0x00
SPI [1]	result	1.64441168	0.00000512	0x88	0x5F
SPI [1]	result	1.64441696	0.00000512	0x3A	0xFF
SPI [1]	result	1.64480859	0.00000512	0x00	0x00
SPI [1]	result	1.64481387	0.00000512	0x00	0x00
SPI [1]	result	1.64481915	0.00000512	0x00	0x00
SPI [1]	result	1.64482443	0.00000512	0x00	0x00
SPI [1]	result	1.64521518	0.00000512	0x08	0x00
SPI [1]	result	1.64522046	0.00000512	0x00	0x00
SPI [1]	result	1.64522574	0.00000512	0x89	0x07
SPI [1]	result	1.64523102	0.00000512	0xB8	0xFF
SPI [1]	result	1.68318291	0.00000512	0x00	0x00
SPI [1]	result	1.68318819	0.00000512	0x00	0x00
SPI [1]	result	1.68319347	0.00000512	0x08	0x00
SPI [1]	result	1.68319875	0.00000512	0x20	0x00
SPI [1]	result	1.68361502	0.00000512	0x0A	0x00
SPI [1]	result	1.68362030	0.00000512	0x10	0x0F
SPI [1]	result	1.68362558	0.00000512	0x80	0xFF
SPI [1]	result	1.68363086	0.00000512	0x32	0xFF
SPI [1]	result	1.68402523	0.00000512	0x00	0x00
SPI [1]	result	1.68403051	0.00000512	0x00	0x00
SPI [1]	result	1.68403579	0.00000512	0x00	0x00
SPI [1]	result	1.68404107	0.00000512	0x00	0x00
SPI [1]	result	1.68443258	0.00000512	0x08	0x00
SPI [1]	result	1.68443786	0.00000512	0x00	0x00
SPI [1]	result	1.68444314	0.00000512	0x88	0x07
SPI [1]	result	1.68444842	0.00000512	0x32	0xBF
SPI [1]	result	1.72317824	0.00000512	0x00	0x00
SPI [1]	result	1.72318352	0.00000512	0x00	0x00
SPI [1]	result	1.72318880	0.00000512	0x08	0x00
SPI [1]	result	1.72319408	0.00000512	0x20	0x00
SPI [1]	result	1.72359672	0.00000512	0x0B	0x00
SPI [1]	result	1.72360200	0.00000512	0x10	0x0F
SPI [1]	result	1.72360728	0.00000512	0x80	0xFF
SPI [1]	result	1.72361256	0.00000512	0x3A	0xFF
SPI [1]	result	1.72400689	0.00000512	0x00	0x00
SPI [1]	result	1.72401217	0.00000512	0x00	0x00
SPI [1]	result	1.72401745	0.00000512	0x00	0x00
SPI [1]	result	1.72402273	0.00000512	0x00	0x00
SPI [1]	result	1.72441547	0.00000512	0x08	0x00
SPI [1]	result	1.72442075	0.00000512	0x00	0x00
SPI [1]	result	1.72442603	0.00000512	0x88	0x07
SPI [1]	result	1.72443131	0.00000512	0x32	0x3F
SPI [1]	result	1.76317773	0.00000512	0x00	0x00
SPI [1]	result	1.76318301	0.00000512	0x00	0x00
SPI [1]	result	1.76318829	0.00000512	0x08	0x00
SPI [1]	result	1.76319357	0.00000512	0x20	0x00
SPI [1]	result	1.76358623	0.00000512	0x0C	0x00
SPI [1]	result	1.76359151	0.00000512	0x10	0x00
SPI [1]	result	1.76359679	0.00000512	0x80	0x7E
SPI [1]	result	1.76360207	0.00000512	0x02	0x0B
SPI [1]	result	1.76399427	0.00000512	0x00	0x00
SPI [1]	result	1.76399955	0.00000512	0x00	0x00
SPI [1]	result	1.76400483	0.00000512	0x09	0x00
SPI [1]	result	1.76401011	0.00000512	0xA6	0x1F
SPI [1]	result	1.76440235	0.00000512	0x0D	0x00
SPI [1]	result	1.76440763	0.00000512	0x00	0x00
SPI [1]	result	1.76441291	0.00000512	0x88	0x7F
SPI [1]	result	1.76441819	0.00000512	0x1A	0xFF
SPI [1]	result	1.76481015	0.00000512	0x00	0x00
SPI [1]	result	1.76481543	0.00000512	0x00	0x00
SPI [1]	result	1.76482071	0.00000512	0x00	0x00
SPI [1]	result	1.76482599	0.00000512	0x00	0x00
SPI [1]	result	1.76521784	0.00000512	0x08	0x00
SPI [1]	result	1.76522312	0.00000512	0x00	0x00
SPI [1]	result	1.76522840	0.00000512	0x89	0x07
SPI [1]	result	1.76523368	0.00000512	0xB8	0xFF
SPI [1]	result	1.80318876	0.00000512	0x00	0x00
SPI [1]	result	1.80319404	0.00000512	0x00	0x00
SPI [1]	result	1.80319932	0.00000512	0x08	0x00
SPI [1]	result	1.80320460	0.00000512	0x20	0x10
SPI [1]	result	1.80363747	0.00000512	0x0E	0x00
SPI [1]	result	1.80364275	0.00000512	0x10	0x08
SPI [1]	result	1.80364803	0.00000512	0x80	0x7F
SPI [1]	result	1.80365331	0.00000512	0x12	0x9F
SPI [1]	result	1.80404631	0.00000512	0x00	0x00
SPI [1]	result	1.80405159	0.00000512	0x00	0x00
SPI [1]	result	1.80405687	0.00000512	0x00	0x00
SPI [1]	result	1.80406215	0.00000512	0x00	0x00
SPI [1]	result	1.80445575	0.00000512	0x08	0x00
SPI [1]	result	1.80446103	0.00000512	0x00	0x00
SPI [1]	result	1.80446631	0.00000512	0x88	0x07
SPI [1]	result	1.80447159	0.00000512	0x32	0x3F
SPI [1]	result	1.84317622	0.00000512	0x00	0x00
SPI [1]	result	1.84318150	0.00000512	0x00	0x00
SPI [1]	result	1.84318678	0.00000512	0x08	0x00
SPI [1]	result	1.84319206	0.00000512	0x20	0x00
SPI [1]	result	1.84358560	0.00000512	0x0F	0x00
SPI [1]	result	1.84359088	0.00000512	0x10	0x00
SPI [1]	result	1.84359616	0.00000512	0x80	0x7D
SPI [1]	result	1.84360144	0.00000512	0x1A	0x1F
SPI [1]	result	1.84399371	0.00000512	0x00	0x00
SPI [1]	result	1.84399899	0.00000512	0x00	0x00
SPI [1]	result	1.84400427	0.00000512	0x00	0x00
SPI [1]	result	1.84400955	0.00000512	0x00	0x00
SPI [1]	result	1.84440119	0.00000512	0x08	0x00
SPI [1]	result	1.84440647	0.00000512	0x00	0x00
SPI [1]	result	1.84441175	0.00000512	0x88	0x07
SPI [1]	result	1.84441703	0.00000512	0x32	0xFF
SPI [1]	result	1.88317731	0.00000512	0x00	0x00
SPI [1]	result	1.88318259	0.00000512	0x00	0x00
SPI [1]	result	1.88318787	0.00000512	0x08	0x00
SPI [1]	result	1.88319315	0.00000512	0x20	0x00
SPI [1]	result	1.88358750	0.00000512	0x08	0x00
SPI [1]	result	1.88359278	0.00000512	0x10	0x00
SPI [1]	result	1.88359806	0.00000512	0x80	0x00
SPI [1]	result	1.88360334	0.00000512	0x22	0x00
SPI [1]	result	1.88399469	0.00000512	0x00	0x00
SPI [1]	result	1.88399997	0.00000512	0x00	0x00
SPI [1]	result	1.88400525	0.00000512	0x09	0x00
SPI [1]	result	1.88401053	0.00000512	0xA6	0x00
SPI [1]	result	1.88440176	0.00000512	0x09	0x00
SPI [1]	result	1.88440704	0.00000512	0x00	0x00
SPI [1]	result	1.88441232	0.00000512	0x88	0x00
SPI [1]	result	1.88441760	0.00000512	0x3A	0x00
SPI [1]	result	1.88485390	0.00000512	0x00	0x00
SPI [1]	result	1.88485918	0.00000512	0x00	0x00
SPI [1]	result	1.88486446	0.00000512	0x00	0x00
SPI [1]	result	1.88486974	0.00000512	0x00	0x00
SPI [1]	result	1.88526573	0.00000512	0x08	0x00
SPI [1]	result	1.88527101	0.00000512	0x00	0x00
SPI [1]	result	1.88527629	0.00000512	0x89	0x00
SPI [1]	result	1.88528157	0.00000512	0xB8	0x00
SPI [1]	result	1.92317814	0.00000512	0x00	0xFF
SPI [1]	result	1.92318342	0.00000512	0x00	0xFF
SPI [1]	result	1.92318870	0.00000512	0x08	0xFF
SPI [1]	result	1.92319398	0.00000512	0x20	0xFF
SPI [1]	result	1.92359627	0.00000512	0x0A	0xFF
SPI [1]	result	1.92360155	0.00000512	0x10	0xFF
SPI [1]	result	1.92360683	0.00000512	0x80	0xFF
SPI [1]	result	1.92361211	0.00000512	0x32	0xFF
SPI [1]	result	1.92400322	0.00000512	0x00	0xFF
SPI [1]	result	1.92400850	0.00000512	0x00	0xFF
SPI [1]	result	1.92401378	0.00000512	0x00	0xFF
SPI [1]	result	1.92401906	0.00000512	0x00	0xFF
SPI [1]	result	1.92441035	0.00000512	0x08	0xFF
SPI [1]	result	1.92441563	0.00000512	0x00	0xFF
SPI [1]	result	1.92442091	0.00000512	0x88	0xFF
SPI [1]	result	1.92442619	0.00000512	0x32	0xFF
SPI [1]	result	1.96317608	0.00000512	0x00	0xFF
SPI [1]	result	1.96318136	0.00000512	0x00	0xFF
SPI [1]	result	1.96318664	0.00000512	0x08	0xFF
SPI [1]	result	1.96319192	0.00000512	0x20	0xFF
SPI [1]	result	1.96358833	0.00000512	0x0B	0xFF
SPI [1]	result	1.96359361	0.00000512	0x10	0xFF
SPI [1]	result	1.96359889	0.00000512	0x80	0xFF
SPI [1]	result	1.96360417	0.00000512	0x3A	0xFF
SPI [1]	result	1.96399625	0.00000512	0x00	0x00
SPI [1]	result	1.96400153	0.00000512	0x00	0x00
SPI [1]	result	1.96400681	0.00000512	0x00	0x00
SPI [1]	result	1.96401209	0.00000512	0x00	0x00
SPI [1]	result	1.96440337	0.00000512	0x08	0x00
SPI [1]	result	1.96440865	0.00000512	0x00	0x00
SPI [1]	result	1.96441393	0.00000512	0x88	0x00
SPI [1]	result	1.96441921	0.00000512	0x32	0x00
SPI [1]	result	2.00317991	0.00000512	0x00	0x00
SPI [1]	result	2.00318519	0.00000512	0x00	0x00
SPI [1]	result	2.00319047	0.00000512	0x08	0x00
SPI [1]	result	2.00319575	0.00000512	0x20	0x00
SPI [1]	result	2.00359945	0.00000512	0x0C	0x00
SPI [1]	result	2.00360473	0.00000512	0x10	0x00
SPI [1]	result	2.00361001	0.00000512	0x80	0x7F
SPI [1]	result	2.00361529	0.00000512	0x02	0x03
SPI [1]	result	2.00400779	0.00000512	0x00	0x00
SPI [1]	result	2.00401307	0.00000512	0x00	0x00
SPI [1]	result	2.00401835	0.00000512	0x09	0x00
SPI [1]	result	2.00402363	0.00000512	0xA6	0x3F
SPI [1]	result	2.00441555	0.00000512	0x0D	0x00
SPI [1]	result	2.00442083	0.00000512	0x00	0x00
SPI [1]	result	2.00442611	0.00000512	0x88	0x7F
SPI [1]	result	2.00443139	0.00000512	0x1A	0xFF
SPI [1]	result	2.00482363	0.00000512	0x00	0x00
SPI [1]	result	2.00482891	0.00000512	0x00	0x00
SPI [1]	result	2.00483419	0.00000512	0x00	0x00
SPI [1]	result	2.00483947	0.00000512	0x00	0x00
SPI [1]	result	2.00523142	0.00000512	0x08	0x00
SPI [1]	result	2.00523670	0.00000512	0x00	0x00
SPI [1]	result	2.00524198	0.00000512	0x89	0x07
SPI [1]	result	2.00524726	0.00000512	0xB8	0xFF
SPI [1]	result	2.04318367	0.00000512	0x00	0x00
SPI [1]	result	2.04318895	0.00000512	0x00	0x00
SPI [1]	result	2.04319423	0.00000512	0x08	0x00
SPI [1]	result	2.04319951	0.00000512	0x20	0x00
SPI [1]	result	2.04361752	0.00000512	0x0E	0x00
SPI [1]	result	2.04362280	0.00000512	0x10	0x00
SPI [1]	result	2.04362808	0.00000512	0x80	0x58
SPI [1]	result	2.04363336	0.00000512	0x12	0x0F
SPI [1]	result	2.04402571	0.00000512	0x00	0x00
SPI [1]	result	2.04403099	0.00000512	0x00	0x00
SPI [1]	result	2.04403627	0.00000512	0x00	0x00
SPI [1]	result	2.04404155	0.00000512	0x00	0x00
SPI [1]	result	2.04443440	0.00000512	0x08	0x00
SPI [1]	result	2.04443968	0.00000512	0x00	0x00
SPI [1]	result	2.04444496	0.00000512	0x88	0x07
SPI [1]	result	2.04445024	0.00000512	0x32	0x7F
SPI [1]	result	2.08317639	0.00000512	0x00	0x00
SPI [1]	result	2.08318167	0.00000512	0x00	0x00
SPI [1]	result	2.08318695	0.00000512	0x08	0x00
SPI [1]	result	2.08319223	0.00000512	0x20	0x10
SPI [1]	result	2.08358524	0.00000512	0x0F	0x00
SPI [1]	result	2.08359052	0.00000512	0x10	0x00
SPI [1]	result	2.08359580	0.00000512	0x80	0x7F
SPI [1]	result	2.08360108	0.00000512	0x1A	0x9F
SPI [1]	result	2.08399246	0.00000512	0x00	0x00
SPI [1]	result	2.08399774	0.00000512	0x00	0x00
SPI [1]	result	2.08400302	0.00000512	0x00	0x00
SPI [1]	result	2.08400830	0.00000512	0x00	0x00
SPI [1]	result	2.08440110	0.00000512	0x08	0x00
SPI [1]	result	2.08440638	0.00000512	0x00	0x00
SPI [1]	result	2.08441166	0.00000512	0x88	0x07
SPI [1]	result	2.08441694	0.00000512	0x32	0xFF
SPI [1]	result	2.12318035	0.00000512	0x00	0x00
SPI [1]	result	2.12318563	0.00000512	0x00	0x00
SPI [1]	result	2.12319091	0.00000512	0x08	0x00
SPI [1]	result	2.12319619	0.00000512	0x20	0x00
SPI [1]	result	2.12359714	0.00000512	0x08	0x00
SPI [1]	result	2.12360242	0.00000512	0x10	0x00
SPI [1]	result	2.12360770	0.00000512	0x80	0x70
SPI [1]	result	2.12361298	0.00000512	0x22	0x1F
SPI [1]	result	2.12400559	0.00000512	0x00	0x00
SPI [1]	result	2.12401087	0.00000512	0x00	0x00
SPI [1]	result	2.12401615	0.00000512	0x09	0x00
SPI [1]	result	2.12402143	0.00000512	0xA6	0x3F
SPI [1]	result	2.12441385	0.00000512	0x09	0x00
SPI [1]	result	2.12441913	0.00000512	0x00	0x00
SPI [1]	result	2.12442441	0.00000512	0x88	0x7F
SPI [1]	result	2.12442969	0.00000512	0x3A	0xFF
SPI [1]	result	2.12482235	0.00000512	0x00	0x00
SPI [1]	result	2.12482763	0.00000512	0x00	0x00
SPI [1]	result	2.12483291	0.00000512	0x00	0x00
SPI [1]	result	2.12483819	0.00000512	0x00	0x00
SPI [1]	result	2.12523071	0.00000512	0x08	0x00
SPI [1]	result	2.12523599	0.00000512	0x00	0x00
SPI [1]	result	2.12524127	0.00000512	0x89	0x07
SPI [1]	result	2.12524655	0.00000512	0xB8	0xFF
SPI [1]	result	2.16317588	0.00000512	0x00	0x00
SPI [1]	result	2.16318116	0.00000512	0x00	0x00
SPI [1]	result	2.16318644	0.00000512	0x08	0x00
SPI [1]	result	2.16319172	0.00000512	0x20	0x10
SPI [1]	result	2.16358447	0.00000512	0x0A	0x00
SPI [1]	result	2.16358975	0.00000512	0x10	0x0F
SPI [1]	result	2.16359503	0.00000512	0x80	0xFF
SPI [1]	result	2.16360031	0.00000512	0x32	0xFF
SPI [1]	result	2.16399225	0.00000512	0x00	0x00
SPI [1]	result	2.16399753	0.00000512	0x00	0x00
SPI [1]	result	2.16400281	0.00000512	0x00	0x00
SPI [1]	result	2.16400809	0.00000512	0x00	0x00
SPI [1]	result	2.16439766	0.00000512	0x08	0x00
SPI [1]	result	2.16440294	0.00000512	0x00	0x00
SPI [1]	result	2.16440822	0.00000512	0x88	0x07
SPI [1]	result	2.16441350	0.00000512	0x32	0xFF
SPI [1]	result	2.20317743	0.00000512	0x00	0x00
SPI [1]	result	2.20318271	0.00000512	0x00	0x00
SPI [1]	result	2.20318799	0.00000512	0x08	0x00
SPI [1]	result	2.20319327	0.00000512	0x20	0x00
SPI [1]	result	2.20359427	0.00000512	0x0B	0x00
SPI [1]	result	2.20359955	0.00000512	0x10	0x0F
SPI [1]	result	2.20360483	0.00000512	0x80	0xFF
SPI [1]	result	2.20361011	0.00000512	0x3A	0xFF
SPI [1]	result	2.20400249	0.00000512	0x00	0x00
SPI [1]	result	2.20400777	0.00000512	0x00	0x00
SPI [1]	result	2.20401305	0.00000512	0x00	0x00
SPI [1]	result	2.20401833	0.00000512	0x00	0x00
SPI [1]	result	2.20441051	0.00000512	0x08	0x00
SPI [1]	result	2.20441579	0.00000512	0x00	0x00
SPI [1]	result	2.20442107	0.00000512	0x88	0x07
SPI [1]	result	2.20442635	0.00000512	0x32	0xFF
SPI [1]	result	2.24317720	0.00000512	0x00	0x00
SPI [1]	result	2.24318248	0.00000512	0x00	0x00
SPI [1]	result	2.24318776	0.00000512	0x08	0x00
SPI [1]	result	2.24319304	0.00000512	0x20	0x00
SPI [1]	result	2.24358654	0.00000512	0x0C	0x00
SPI [1]	result	2.24359182	0.00000512	0x10	0x00
SPI [1]	result	2.24359710	0.00000512	0x80	0x7F
SPI [1]	result	2.24360238	0.00000512	0x02	0x03
SPI [1]	result	2.24399388	0.00000512	0x00	0x00
SPI [1]	result	2.24399916	0.00000512	0x00	0x00
SPI [1]	result	2.24400444	0.00000512	0x09	0x00
SPI [1]	result	2.24400972	0.00000512	0xA6	0x3F
SPI [1]	result	2.24440064	0.00000512	0x0D	0x00
SPI [1]	result	2.24440592	0.00000512	0x00	0x00
SPI [1]	result	2.24441120	0.00000512	0x88	0x7F
SPI [1]	result	2.24441648	0.00000512	0x1A	0xFF
SPI [1]	result	2.24480795	0.00000512	0x00	0x00
SPI [1]	result	2.24481323	0.00000512	0x00	0x00
SPI [1]	result	2.24481851	0.00000512	0x00	0x00
SPI [1]	result	2.24482379	0.00000512	0x00	0x00
SPI [1]	result	2.24521581	0.00000512	0x08	0x00
SPI [1]	result	2.24522109	0.00000512	0x00	0x00
SPI [1]	result	2.24522637	0.00000512	0x89	0x07
SPI [1]	result	2.24523165	0.00000512	0xB8	0xFF
SPI [1]	result	2.28317813	0.00000512	0x00	0x00
SPI [1]	result	2.28318341	0.00000512	0x00	0x00
SPI [1]	result	2.28318869	0.00000512	0x08	0x00
SPI [1]	result	2.28319397	0.00000512	0x20	0x00
SPI [1]	result	2.28359446	0.00000512	0x0E	0x00
SPI [1]	result	2.28359974	0.00000512	0x10	0x00
SPI [1]	result	2.28360502	0.00000512	0x80	0x00
SPI [1]	result	2.28361030	0.00000512	0x12	0x00
SPI [1]	result	2.28400256	0.00000512	0x00	0x00
SPI [1]	result	2.28400784	0.00000512	0x00	0x00
SPI [1]	result	2.28401312	0.00000512	0x00	0x00
SPI [1]	result	2.28401840	0.00000512	0x00	0x00
SPI [1]	result	2.28440989	0.00000512	0x08	0x00
SPI [1]	result	2.28441517	0.00000512	0x00	0x00
SPI [1]	result	2.28442045	0.00000512	0x88	0x00
SPI [1]	result	2.28442573	0.00000512	0x32	0x00
SPI [1]	result	2.32317916	0.00000512	0x00	0xFF
SPI [1]	result	2.32318444	0.00000512	0x00	0xFF
SPI [1]	result	2.32318972	0.00000512	0x08	0xFF
SPI [1]	result	2.32319500	0.00000512	0x20	0xFF
SPI [1]	result	2.32360037	0.00000512	0x0F	0xFF
SPI [1]	result	2.32360565	0.00000512	0x10	0xFF
SPI [1]	result	2.32361093	0.00000512	0x80	0xFF
SPI [1]	result	2.32361621	0.00000512	0x1A	0xFF
SPI [1]	result	2.32400894	0.00000512	0x00	0xFF
SPI [1]	result	2.32401422	0.00000512	0x00	0xFF
SPI [1]	result	2.32401950	0.00000512	0x00	0xFF
SPI [1]	result	2.32402478	0.00000512	0x00	0xFF
SPI [1]	result	2.32441667	0.00000512	0x08	0xFF
SPI [1]	result	2.32442195	0.00000512	0x00	0xFF
SPI [1]	result	2.32442723	0.00000512	0x88	0xFF
SPI [1]	result	2.32443251	0.00000512	0x32	0xFF
SPI [1]	result	2.36317766	0.00000512	0x00	0xFF
SPI [1]	result	2.36318294	0.00000512	0x00	0xFF
SPI [1]	result	2.36318822	0.00000512	0x08	0xFF
SPI [1]	result	2.36319350	0.00000512	0x20	0xFF
SPI [1]	result	2.36358714	0.00000512	0x08	0xFF
SPI [1]	result	2.36359242	0.00000512	0x10	0xFF
SPI [1]	result	2.36359770	0.00000512	0x80	0xFF
SPI [1]	result	2.36360298	0.00000512	0x22	0xFF
SPI [1]	result	2.36399488	0.00000512	0x00	0xFF
SPI [1]	result	2.36400016	0.00000512	0x00	0xFF
SPI [1]	result	2.36400544	0.00000512	0x09	0xFF
SPI [1]	result	2.36401072	0.00000512	0xA6	0xFF
SPI [1]	result	2.36440239	0.00000512	0x09	0x00
SPI [1]	result	2.36440767	0.00000512	0x00	0x00
SPI [1]	result	2.36441295	0.00000512	0x88	0x00
SPI [1]	result	2.36441823	0.00000512	0x3A	0x00
SPI [1]	result	2.36481002	0.00000512	0x00	0x00
SPI [1]	result	2.36481530	0.00000512	0x00	0x00
SPI [1]	result	2.36482058	0.00000512	0x00	0x00
SPI [1]	result	2.36482586	0.00000512	0x00	0x00
SPI [1]	result	2.36521861	0.00000512	0x08	0x00
SPI [1]	result	2.36522389	0.00000512	0x00	0x00
SPI [1]	result	2.36522917	0.00000512	0x89	0x00
SPI [1]	result	2.36523445	0.00000512	0xB8	0x00
SPI [1]	result	2.40318363	0.00000512	0x00	0x00
SPI [1]	result	2.40318891	0.00000512	0x00	0x00
SPI [1]	result	2.40319419	0.00000512	0x08	0x00
SPI [1]	result	2.40319947	0.00000512	0x20	0x00
SPI [1]	result	2.40361264	0.00000512	0x0A	0x00
SPI [1]	result	2.40361792	0.00000512	0x10	0x0E
SPI [1]	result	2.40362320	0.00000512	0x80	0xFF
SPI [1]	result	2.40362848	0.00000512	0x32	0xFF
SPI [1]	result	2.40402201	0.00000512	0x00	0x00
SPI [1]	result	2.40402729	0.00000512	0x00	0x00
SPI [1]	result	2.40403257	0.00000512	0x00	0x00
SPI [1]	result	2.40403785	0.00000512	0x00	0x00
SPI [1]	result	2.40442953	0.00000512	0x08	0x00
SPI [1]	result	2.40443481	0.00000512	0x00	0x00
SPI [1]	result	2.40444009	0.00000512	0x88	0x07
SPI [1]	result	2.40444537	0.00000512	0x32	0xBF
SPI [1]	result	2.44317598	0.00000512	0x00	0x00
SPI [1]	result	2.44318126	0.00000512	0x00	0x00
SPI [1]	result	2.44318654	0.00000512	0x08	0x00
SPI [1]	result	2.44319182	0.00000512	0x20	0x00
SPI [1]	result	2.44358700	0.00000512	0x0B	0x00
SPI [1]	result	2.44359228	0.00000512	0x10	0x0F
SPI [1]	result	2.44359756	0.00000512	0x80	0xFF
SPI [1]	result	2.44360284	0.00000512	0x3A	0xFF
SPI [1]	result	2.44399475	0.00000512	0x00	0x00
SPI [1]	result	2.44400003	0.00000512	0x00	0x00
SPI [1]	result	2.44400531	0.00000512	0x00	0x00
SPI [1]	result	2.44401059	0.00000512	0x00	0x00
SPI [1]	result	2.44440184	0.00000512	0x08	0x00
SPI [1]	result	2.44440712	0.00000512	0x00	0x00
SPI [1]	result	2.44441240	0.00000512	0x88	0x07
SPI [1]	result	2.44441768	0.00000512	0x32	0xBF
SPI [1]	result	2.48317744	0.00000512	0x00	0x00
SPI [1]	result	2.48318272	0.00000512	0x00	0x00
SPI [1]	result	2.48318800	0.00000512	0x08	0x00
SPI [1]	result	2.48319328	0.00000512	0x20	0x00
SPI [1]	result	2.48358744	0.00000512	0x0C	0x00
SPI [1]	result	2.48359272	0.00000512	0x10	0x00
SPI [1]	result	2.48359800	0.00000512	0x80	0x50
SPI [1]	result	2.48360328	0.00000512	0x02	0x01
SPI [1]	result	2.48399513	0.00000512	0x00	0x00
SPI [1]	result	2.48400041	0.00000512	0x00	0x00
SPI [1]	result	2.48400569	0.00000512	0x09	0x00
SPI [1]	result	2.48401097	0.00000512	0xA6	0x1F
SPI [1]	result	2.48440067	0.00000512	0x0D	0x00
SPI [1]	result	2.48440595	0.00000512	0x00	0x00
SPI [1]	result	2.48441123	0.00000512	0x88	0x7F
SPI [1]	result	2.48441651	0.00000512	0x1A	0xFF
SPI [1]	result	2.48480836	0.00000512	0x00	0x00
SPI [1]	result	2.48481364	0.00000512	0x00	0x00
SPI [1]	result	2.48481892	0.00000512	0x00	0x00
SPI [1]	result	2.48482420	0.00000512	0x00	0x00
SPI [1]	result	2.48521675	0.00000512	0x08	0x00
SPI [1]	result	2.48522203	0.00000512	0x00	0x00
SPI [1]	result	2.48522731	0.00000512	0x89	0x07
SPI [1]	result	2.48523259	0.00000512	0xB8	0xFF
SPI [1]	result	2.52317870	0.00000512	0x00	0x00
SPI [1]	result	2.52318398	0.00000512	0x00	0x00
SPI [1]	result	2.52318926	0.00000512	0x08	0x00
SPI [1]	result	2.52319454	0.00000512	0x20	0x00
SPI [1]	result	2.52359868	0.00000512	0x0E	0x00
SPI [1]	result	2.52360396	0.00000512	0x10	0x00
SPI [1]	result	2.52360924	0.00000512	0x80	0x58
SPI [1]	result	2.52361452	0.00000512	0x12	0x0F
SPI [1]	result	2.52400539	0.00000512	0x00	0x00
SPI [1]	result	2.52401067	0.00000512	0x00	0x00
SPI [1]	result	2.52401595	0.00000512	0x00	0x00
SPI [1]	result	2.52402123	0.00000512	0x00	0x00
SPI [1]	result	2.52441289	0.00000512	0x08	0x00
SPI [1]	result	2.52441817	0.00000512	0x00	0x00
SPI [1]	result	2.52442345	0.00000512	0x88	0x07
SPI [1]	result	2.52442873	0.00000512	0x32	0x3F
SPI [1]	result	2.56317638	0.00000512	0x00	0x00
SPI [1]	result	2.56318166	0.00000512	0x00	0x00
SPI [1]	result	2.56318694	0.00000512	0x08	0x00
SPI [1]	result	2.56319222	0.00000512	0x20	0x00
SPI [1]	result	2.56358538	0.00000512	0x0F	0x00
SPI [1]	result	2.56359066	0.00000512	0x10	0x00
SPI [1]	result	2.56359594	0.00000512	0x80	0x7C
SPI [1]	result	2.56360122	0.00000512	0x1A	0x0F
SPI [1]	result	2.56399283	0.00000512	0x00	0x00
SPI [1]	result	2.56399811	0.00000512	0x00	0x00
SPI [1]	result	2.56400339	0.00000512	0x00	0x00
SPI [1]	result	2.56400867	0.00000512	0x00	0x00
SPI [1]	result	2.56440013	0.00000512	0x08	0x00
SPI [1]	result	2.56440541	0.00000512	0x00	0x00
SPI [1]	result	2.56441069	0.00000512	0x88	0x07
SPI [1]	result	2.56441597	0.00000512	0x32	0xBF
SPI [1]	result	2.60317897	0.00000512	0x00	0x00
SPI [1]	result	2.60318425	0.00000512	0x00	0x00
SPI [1]	result	2.60318953	0.00000512	0x08	0x00
SPI [1]	result	2.60319481	0.00000512	0x20	0x00
SPI [1]	result	2.60359752	0.00000512	0x08	0x00
SPI [1]	result	2.60360280	0.00000512	0x10	0x00
SPI [1]	result	2.60360808	0.00000512	0x80	0x78
SPI [1]	result	2.60361336	0.00000512	0x22	0x1F
SPI [1]	result	2.60400566	0.00000512	0x00	0x00
SPI [1]	result	2.60401094	0.00000512	0x00	0x00
SPI [1]	result	2.60401622	0.00000512	0x09	0x00
SPI [1]	result	2.60402150	0.00000512	0xA6	0x1F
SPI [1]	result	2.60441321	0.00000512	0x09	0x00
SPI [1]	result	2.60441849	0.00000512	0x00	0x00
SPI [1]	result	2.60442377	0.00000512	0x88	0x6F
SPI [1]	result	2.60442905	0.00000512	0x3A	0xFF
SPI [1]	result	2.60482116	0.00000512	0x00	0x00
SPI [1]	result	2.60482644	0.00000512	0x00	0x00
SPI [1]	result	2.60483172	0.00000512	0x00	0x00
SPI [1]	result	2.60483700	0.00000512	0x00	0x00
SPI [1]	result	2.60522950	0.00000512	0x08	0x00
SPI [1]	result	2.60523478	0.00000512	0x00	0x00
SPI [1]	result	2.60524006	0.00000512	0x89	0x07
SPI [1]	result	2.60524534	0.00000512	0xB8	0xFF
SPI [1]	result	2.64317570	0.00000512	0x00	0x00
SPI [1]	result	2.64318098	0.00000512	0x00	0x00
SPI [1]	result	2.64318626	0.00000512	0x08	0x00
SPI [1]	result	2.64319154	0.00000512	0x20	0x00
SPI [1]	result	2.64362597	0.00000512	0x0A	0x00
SPI [1]	result	2.64363125	0.00000512	0x10	0x0B
SPI [1]	result	2.64363653	0.00000512	0x80	0xFF
SPI [1]	result	2.64364181	0.00000512	0x32	0xFF
SPI [1]	result	2.64403788	0.00000512	0x00	0x00
SPI [1]	result	2.64404316	0.00000512	0x00	0x00
SPI [1]	result	2.64404844	0.00000512	0x00	0x00
SPI [1]	result	2.64405372	0.00000512	0x00	0x00
SPI [1]	result	2.64444542	0.00000512	0x08	0x00
SPI [1]	result	2.64445070	0.00000512	0x00	0x00
SPI [1]	result	2.64445598	0.00000512	0x88	0x07
SPI [1]	result	2.64446126	0.00000512	0x32	0x3F
SPI [1]	result	2.68317596	0.00000512	0x00	0x00
SPI [1]	result	2.68318124	0.00000512	0x00	0x00
SPI [1]	result	2.68318652	0.00000512	0x08	0x00
SPI [1]	result	2.68319180	0.00000512	0x20	0x00
SPI [1]	result	2.68358328	0.00000512	0x0B	0x00
SPI [1]	result	2.68358856	0.00000512	0x10	0x0F
SPI [1]	result	2.68359384	0.00000512	0x80	0xFF
SPI [1]	result	2.68359912	0.00000512	0x3A	0xFF
SPI [1]	result	2.68399061	0.00000512	0x00	0x00
SPI [1]	result	2.68399589	0.00000512	0x00	0x00
SPI [1]	result	2.68400117	0.00000512	0x00	0x00
SPI [1]	result	2.68400645	0.00000512	0x00	0x00
SPI [1]	result	2.68439826	0.00000512	0x08	0x00
SPI [1]	result	2.68440354	0.00000512	0x00	0x00
SPI [1]	result	2.68440882	0.00000512	0x88	0x07
SPI [1]	result	2.68441410	0.00000512	0x32	0xFF
SPI [1]	result	2.72317996	0.00000512	0x00	0x00
SPI [1]	result	2.72318524	0.00000512	0x00	0x00
SPI [1]	result	2.72319052	0.00000512	0x08	0x00
SPI [1]	result	2.72319580	0.00000512	0x20	0x00
SPI [1]	result	2.72359675	0.00000512	0x0C	0x00
SPI [1]	result	2.72360203	0.00000512	0x10	0x00
SPI [1]	result	2.72360731	0.00000512	0x80	0x7E
SPI [1]	result	2.72361259	0.00000512	0x02	0x01
SPI [1]	result	2.72400639	0.00000512	0x00	0x00
SPI [1]	result	2.72401167	0.00000512	0x00	0x00
SPI [1]	result	2.72401695	0.00000512	0x09	0x00
SPI [1]	result	2.72402223	0.00000512	0xA6	0x3F
SPI [1]	result	2.72441428	0.00000512	0x0D	0x00
SPI [1]	result	2.72441956	0.00000512	0x00	0x00
SPI [1]	result	2.72442484	0.00000512	0x88	0x7F
SPI [1]	result	2.72443012	0.00000512	0x1A	0xFF
SPI [1]	result	2.72482245	0.00000512	0x00	0x00
SPI [1]	result	2.72482773	0.00000512	0x00	0x00
SPI [1]	result	2.72483301	0.00000512	0x00	0x00
SPI [1]	result	2.72483829	0.00000512	0x00	0x00
SPI [1]	result	2.72523030	0.00000512	0x08	0x00
SPI [1]	result	2.72523558	0.00000512	0x00	0x00
SPI [1]	result	2.72524086	0.00000512	0x89	0x07
SPI [1]	result	2.72524614	0.00000512	0xB8	0xFF
SPI [1]	result	2.76317606	0.00000512	0x00	0x00
SPI [1]	result	2.76318134	0.00000512	0x00	0x00
SPI [1]	result	2.76318662	0.00000512	0x08	0x00
SPI [1]	result	2.76319190	0.00000512	0x20	0x00
SPI [1]	result	2.76358416	0.00000512	0x0E	0x00
SPI [1]	result	2.76358944	0.00000512	0x10	0x00
SPI [1]	result	2.76359472	0.00000512	0x80	0x7E
SPI [1]	result	2.76360000	0.00000512	0x12	0x1F
SPI [1]	result	2.76399138	0.00000512	0x00	0x00
SPI [1]	result	2.76399666	0.00000512	0x00	0x00
SPI [1]	result	2.76400194	0.00000512	0x00	0x00
SPI [1]	result	2.76400722	0.00000512	0x00	0x00
SPI [1]	result	2.76439905	0.00000512	0x08	0x00
SPI [1]	result	2.76440433	0.00000512	0x00	0x00
SPI [1]	result	2.76440961	0.00000512	0x88	0x07
SPI [1]	result	2.76441489	0.00000512	0x32	0xBF
SPI [1]	result	2.80319049	0.00000512	0x00	0x00
SPI [1]	result	2.80319577	0.00000512	0x00	0x00
SPI [1]	result	2.80320105	0.00000512	0x08	0x00
SPI [1]	result	2.80320633	0.00000512	0x20	0x00
SPI [1]	result	2.80364788	0.00000512	0x0F	0x00
SPI [1]	result	2.80365316	0.00000512	0x10	0x00
SPI [1]	result	2.80365844	0.00000512	0x80	0x7F
SPI [1]	result	2.80366372	0.00000512	0x1A	0x1F
SPI [1]	result	2.80405634	0.00000512	0x00	0x00
SPI [1]	result	2.80406162	0.00000512	0x00	0x00
SPI [1]	result	2.80406690	0.00000512	0x00	0x00
SPI [1]	result	2.80407218	0.00000512	0x00	0x00
SPI [1]	result	2.80446433	0.00000512	0x08	0x00
SPI [1]	result	2.80446961	0.00000512	0x00	0x00
SPI [1]	result	2.80447489	0.00000512	0x88	0x06
SPI [1]	result	2.80448017	0.00000512	0x32	0xFF
SPI [1]	result	2.84318069	0.00000512	0x00	0x00
SPI [1]	result	2.84318597	0.00000512	0x00	0x00
SPI [1]	result	2.84319125	0.00000512	0x08	0x00
SPI [1]	result	2.84319653	0.00000512	0x20	0x00
SPI [1]	result	2.84360200	0.00000512	0x08	0x00
SPI [1]	result	2.84360728	0.00000512	0x10	0x00
SPI [1]	result	2.84361256	0.00000512	0x80	0x7C
SPI [1]	result	2.84361784	0.00000512	0x22	0x3F
SPI [1]	result	2.84401213	0.00000512	0x00	0x00
SPI [1]	result	2.84401741	0.00000512	0x00	0x00
SPI [1]	result	2.84402269	0.00000512	0x09	0x00
SPI [1]	result	2.84402797	0.00000512	0xA6	0x1F
SPI [1]	result	2.84442108	0.00000512	0x09	0x00
SPI [1]	result	2.84442636	0.00000512	0x00	0x00
SPI [1]	result	2.84443164	0.00000512	0x88	0x7F
SPI [1]	result	2.84443692	0.00000512	0x3A	0xFF
SPI [1]	result	2.84482738	0.00000512	0x00	0x00
SPI [1]	result	2.84483266	0.00000512	0x00	0x00
SPI [1]	result	2.84483794	0.00000512	0x00	0x00
SPI [1]	result	2.84484322	0.00000512	0x00	0x00
SPI [1]	result	2.84523564	0.00000512	0x08	0x00
SPI [1]	result	2.84524092	0.00000512	0x00	0x00
SPI [1]	result	2.84524620	0.00000512	0x89	0x07
SPI [1]	result	2.84525148	0.00000512	0xB8	0xFF
SPI [1]	result	2.88317590	0.00000512	0x00	0x00
SPI [1]	result	2.88318118	0.00000512	0x00	0x00
SPI [1]	result	2.88318646	0.00000512	0x08	0x00
SPI [1]	result	2.88319174	0.00000512	0x20	0x00
SPI [1]	result	2.88358572	0.00000512	0x0A	0x00
SPI [1]	result	2.88359100	0.00000512	0x10	0x0F
SPI [1]	result	2.88359628	0.00000512	0x80	0xFF
SPI [1]	result	2.88360156	0.00000512	0x32	0xFF
SPI [1]	result	2.88399302	0.00000512	0x00	0x00
SPI [1]	result	2.88399830	0.00000512	0x00	0x00
SPI [1]	result	2.88400358	0.00000512	0x00	0x00
SPI [1]	result	2.88400886	0.00000512	0x00	0x00
SPI [1]	result	2.88439887	0.00000512	0x08	0x00
SPI [1]	result	2.88440415	0.00000512	0x00	0x00
SPI [1]	result	2.88440943	0.00000512	0x88	0x07
SPI [1]	result	2.88441471	0.00000512	0x32	0xFF
SPI [1]	result	2.92317807	0.00000512	0x00	0x00
SPI [1]	result	2.92318335	0.00000512	0x00	0x00
SPI [1]	result	2.92318863	0.00000512	0x08	0x00
SPI [1]	result	2.92319391	0.00000512	0x20	0x00
SPI [1]	result	2.92359633	0.00000512	0x0B	0x00
SPI [1]	result	2.92360161	0.00000512	0x10	0x0F
SPI [1]	result	2.92360689	0.00000512	0x80	0xFF
SPI [1]	result	2.92361217	0.00000512	0x3A	0xFF
SPI [1]	result	2.92400483	0.00000512	0x00	0x00
SPI [1]	result	2.92401011	0.00000512	0x00	0x00
SPI [1]	result	2.92401539	0.00000512	0x00	0x00
SPI [1]	result	2.92402067	0.00000512	0x00	0x00
SPI [1]	result	2.92441233	0.00000512	0x08	0x00
SPI [1]	result	2.92441761	0.00000512	0x00	0x00
SPI [1]	result	2.92442289	0.00000512	0x88	0x07
SPI [1]	result	2.92442817	0.00000512	0x32	0x7F
SPI [1]	result	2.96317684	0.00000512	0x00	0x00
SPI [1]	result	2.96318212	0.00000512	0x00	0x00
SPI [1]	result	2.96318740	0.00000512	0x08	0x00
SPI [1]	result	2.96319268	0.00000512	0x20	0x00
SPI [1]	result	2.96358566	0.00000512	0x0C	0x00
SPI [1]	result	2.96359094	0.00000512	0x10	0x00
SPI [1]	result	2.96359622	0.00000512	0x80	0x78
SPI [1]	result	2.96360150	0.00000512	0x02	0x01
SPI [1]	result	2.96399359	0.00000512	0x00	0x00
SPI [1]	result	2.96399887	0.00000512	0x00	0x00
SPI [1]	result	2.96400415	0.00000512	0x09	0x00
SPI [1]	result	2.96400943	0.00000512	0xA6	0x3F
SPI [1]	result	2.96440074	0.00000512	0x0D	0x00
SPI [1]	result	2.96440602	0.00000512	0x00	0x00
SPI [1]	result	2.96441130	0.00000512	0x88	0x7F
SPI [1]	result	2.96441658	0.00000512	0x1A	0xFF
SPI [1]	result	2.96480826	0.00000512	0x00	0x00
SPI [1]	result	2.96481354	0.00000512	0x00	0x00
SPI [1]	result	2.96481882	0.00000512	0x00	0x00
SPI [1]	result	2.96482410	0.00000512	0x00	0x00
SPI [1]	result	2.96521611	0.00000512	0x08	0x00
SPI [1]	result	2.96522139	0.00000512	0x00	0x00
SPI [1]	result	2.96522667	0.00000512	0x89	0x07
SPI [1]	result	2.96523195	0.00000512	0xB8	0xFF
SPI [1]	result	3.00317758	0.00000512	0x00	0x00
SPI [1]	result	3.00318286	0.00000512	0x00	0x00
SPI [1]	result	3.00318814	0.00000512	0x08	0x00
SPI [1]	result	3.00319342	0.00000512	0x20	0x00
SPI [1]	result	3.00359206	0.00000512	0x0E	0x00
SPI [1]	result	3.00359734	0.00000512	0x10	0x00
SPI [1]	result	3.00360262	0.00000512	0x80	0x7E
SPI [1]	result	3.00360790	0.00000512	0x12	0x1F
SPI [1]	result	3.00400038	0.00000512	0x00	0x00
SPI [1]	result	3.00400566	0.00000512	0x00	0x00
SPI [1]	result	3.00401094	0.00000512	0x00	0x00
SPI [1]	result	3.00401622	0.00000512	0x00	0x00
SPI [1]	result	3.00445699	0.00000512	0x08	0x00
SPI [1]	result	3.00446227	0.00000512	0x00	0x00
SPI [1]	result	3.00446755	0.00000512	0x88	0x05
SPI [1]	result	3.00447283	0.00000512	0x32	0x3F
SPI [1]	result	3.04317622	0.00000512	0x00	0x00
SPI [1]	result	3.04318150	0.00000512	0x00	0x00
SPI [1]	result	3.04318678	0.00000512	0x08	0x00
SPI [1]	result	3.04319206	0.00000512	0x20	0x00
SPI [1]	result	3.04358587	0.00000512	0x0F	0x00
SPI [1]	result	3.04359115	0.00000512	0x10	0x00
SPI [1]	result	3.04359643	0.00000512	0x80	0x7E
SPI [1]	result	3.04360171	0.00000512	0x1A	0x9F
SPI [1]	result	3.04399312	0.00000512	0x00	0x00
SPI [1]	result	3.04399840	0.00000512	0x00	0x00
SPI [1]	result	3.04400368	0.00000512	0x00	0x00
SPI [1]	result	3.04400896	0.00000512	0x00	0x00
SPI [1]	result	3.04440032	0.00000512	0x08	0x00
SPI [1]	result	3.04440560	0.00000512	0x00	0x00
SPI [1]	result	3.04441088	0.00000512	0x88	0x07
SPI [1]	result	3.04441616	0.00000512	0x32	0xFF
SPI [1]	result	3.08317742	0.00000512	0x00	0x00
SPI [1]	result	3.08318270	0.00000512	0x00	0x00
SPI [1]	result	3.08318798	0.00000512	0x08	0x00
SPI [1]	result	3.08319326	0.00000512	0x20	0x00
SPI [1]	result	3.08358972	0.00000512	0x08	0x00
SPI [1]	result	3.08359500	0.00000512	0x10	0x00
SPI [1]	result	3.08360028	0.00000512	0x80	0x72
SPI [1]	result	3.08360556	0.00000512	0x22	0x1F
SPI [1]	result	3.08399732	0.00000512	0x00	0x00
SPI [1]	result	3.08400260	0.00000512	0x00	0x00
SPI [1]	result	3.08400788	0.00000512	0x09	0x00
SPI [1]	result	3.08401316	0.00000512	0xA6	0x1F
SPI [1]	result	3.08440536	0.00000512	0x09	0x00
SPI [1]	result	3.08441064	0.00000512	0x00	0x00
SPI [1]	result	3.08441592	0.00000512	0x88	0x7F
SPI [1]	result	3.08442120	0.00000512	0x3A	0xFF
SPI [1]	result	3.08481239	0.00000512	0x00	0x00
SPI [1]	result	3.08481767	0.00000512	0x00	0x00
SPI [1]	result	3.08482295	0.00000512	0x00	0x00
SPI [1]	result	3.08482823	0.00000512	0x00	0x00
SPI [1]	result	3.08522029	0.00000512	0x08	0x00
SPI [1]	result	3.08522557	0.00000512	0x00	0x00
SPI [1]	result	3.08523085	0.00000512	0x89	0x07
SPI [1]	result	3.08523613	0.00000512	0xB8	0xFF
SPI [1]	result	3.12317812	0.00000512	0x00	0x00
SPI [1]	result	3.12318340	0.00000512	0x00	0x00
SPI [1]	result	3.12318868	0.00000512	0x08	0x00
SPI [1]	result	3.12319396	0.00000512	0x20	0x00
SPI [1]	result	3.12359727	0.00000512	0x0A	0x00
SPI [1]	result	3.12360255	0.00000512	0x10	0x0F
SPI [1]	result	3.12360783	0.00000512	0x80	0xFF
SPI [1]	result	3.12361311	0.00000512	0x32	0xFF
SPI [1]	result	3.12400609	0.00000512	0x00	0x00
SPI [1]	result	3.12401137	0.00000512	0x00	0x00
SPI [1]	result	3.12401665	0.00000512	0x00	0x00
SPI [1]	result	3.12402193	0.00000512	0x00	0x00
SPI [1]	result	3.12441354	0.00000512	0x08	0x00
SPI [1]	result	3.12441882	0.00000512	0x00	0x00
SPI [1]	result	3.12442410	0.00000512	0x88	0x07
SPI [1]	result	3.12442938	0.00000512	0x32	0x3F
SPI [1]	result	3.16318647	0.00000512	0x00	0x00
SPI [1]	result	3.16319175	0.00000512	0x00	0x00
SPI [1]	result	3.16319703	0.00000512	0x08	0x00
SPI [1]	result	3.16320231	0.00000512	0x20	0x00
SPI [1]	result	3.16362303	0.00000512	0x0B	0x00
SPI [1]	result	3.16362831	0.00000512	0x10	0x0F
SPI [1]	result	3.16363359	0.00000512	0x80	0xFF
SPI [1]	result	3.16363887	0.00000512	0x3A	0xFF
SPI [1]	result	3.16403103	0.00000512	0x00	0x00
SPI [1]	result	3.16403631	0.00000512	0x00	0x00
SPI [1]	result	3.16404159	0.00000512	0x00	0x00
SPI [1]	result	3.16404687	0.00000512	0x00	0x00
SPI [1]	result	3.16443822	0.00000512	0x08	0x00
SPI [1]	result	3.16444350	0.00000512	0x00	0x00
SPI [1]	result	3.16444878	0.00000512	0x88	0x07
SPI [1]	result	3.16445406	0.00000512	0x32	0xBF
SPI [1]	result	3.20317950	0.00000512	0x00	0x00
SPI [1]	result	3.20318478	0.00000512	0x00	0x00
SPI [1]	result	3.20319006	0.00000512	0x08	0x00
SPI [1]	result	3.20319534	0.00000512	0x20	0x00
SPI [1]	result	3.20359688	0.00000512	0x0C	0x00
SPI [1]	result	3.20360216	0.00000512	0x10	0x00
SPI [1]	result	3.20360744	0.00000512	0x80	0x74
SPI [1]	result	3.20361272	0.00000512	0x02	0x01
SPI [1]	result	3.20400497	0.00000512	0x00	0x00
SPI [1]	result	3.20401025	0.00000512	0x00	0x00
SPI [1]	result	3.20401553	0.00000512	0x09	0x00
SPI [1]	result	3.20402081	0.00000512	0xA6	0x3F
SPI [1]	result	3.20441284	0.00000512	0x0D	0x00
SPI [1]	result	3.20441812	0.00000512	0x00	0x00
SPI [1]	result	3.20442340	0.00000512	0x88	0x7F
SPI [1]	result	3.20442868	0.00000512	0x1A	0xFF
SPI [1]	result	3.20482225	0.00000512	0x00	0x00
SPI [1]	result	3.20482753	0.00000512	0x00	0x00
SPI [1]	result	3.20483281	0.00000512	0x00	0x00
SPI [1]	result	3.20483809	0.00000512	0x00	0x00
SPI [1]	result	3.20523090	0.00000512	0x08	0x00
SPI [1]	result	3.20523618	0.00000512	0x00	0x00
SPI [1]	result	3.20524146	0.00000512	0x89	0x07
SPI [1]	result	3.20524674	0.00000512	0xB8	0xFF
SPI [1]	result	3.24317587	0.00000512	0x00	0x00
SPI [1]	result	3.24318115	0.00000512	0x00	0x00
SPI [1]	result	3.24318643	0.00000512	0x08	0x00
SPI [1]	result	3.24319171	0.00000512	0x20	0x02
SPI [1]	result	3.24358448	0.00000512	0x0E	0x00
SPI [1]	result	3.24358976	0.00000512	0x10	0x00
SPI [1]	result	3.24359504	0.00000512	0x80	0x7F
SPI [1]	result	3.24360032	0.00000512	0x12	0x9F
SPI [1]	result	3.24399284	0.00000512	0x00	0x00
SPI [1]	result	3.24399812	0.00000512	0x00	0x00
SPI [1]	result	3.24400340	0.00000512	0x00	0x00
SPI [1]	result	3.24400868	0.00000512	0x00	0x00
SPI [1]	result	3.24440017	0.00000512	0x08	0x00
SPI [1]	result	3.24440545	0.00000512	0x00	0x00
SPI [1]	result	3.24441073	0.00000512	0x88	0x07
SPI [1]	result	3.24441601	0.00000512	0x32	0xBF
SPI [1]	result	3.28317800	0.00000512	0x00	0x00
SPI [1]	result	3.28318328	0.00000512	0x00	0x00
SPI [1]	result	3.28318856	0.00000512	0x08	0x00
SPI [1]	result	3.28319384	0.00000512	0x20	0x00
SPI [1]	result	3.28359300	0.00000512	0x0F	0x00
SPI [1]	result	3.28359828	0.00000512	0x10	0x00
SPI [1]	result	3.28360356	0.00000512	0x80	0x7E
SPI [1]	result	3.28360884	0.00000512	0x1A	0x0F
SPI [1]	result	3.28400178	0.00000512	0x00	0x00
SPI [1]	result	3.28400706	0.00000512	0x00	0x00
SPI [1]	result	3.28401234	0.00000512	0x00	0x00
SPI [1]	result	3.28401762	0.00000512	0x00	0x00
SPI [1]	result	3.28440971	0.00000512	0x08	0x00
SPI [1]	result	3.28441499	0.00000512	0x00	0x00
SPI [1]	result	3.28442027	0.00000512	0x88	0x07
SPI [1]	result	3.28442555	0.00000512	0x32	0xFF
SPI [1]	result	3.32317942	0.00000512	0x00	0x00
SPI [1]	result	3.32318470	0.00000512	0x00	0x00
SPI [1]	result	3.32318998	0.00000512	0x08	0x00
SPI [1]	result	3.32319526	0.00000512	0x20	0x00
SPI [1]	result	3.32359872	0.00000512	0x08	0x00
SPI [1]	result	3.32360400	0.00000512	0x10	0x00
SPI [1]	result	3.32360928	0.00000512	0x80	0x78
SPI [1]	result	3.32361456	0.00000512	0x22	0x1F
SPI [1]	result	3.32400748	0.00000512	0x00	0x00
SPI [1]	result	3.32401276	0.00000512	0x00	0x00
SPI [1]	result	3.32401804	0.00000512	0x09	0x00
SPI [1]	result	3.32402332	0.00000512	0xA6	0x1F
SPI [1]	result	3.32441491	0.00000512	0x09	0x00
SPI [1]	result	3.32442019	0.00000512	0x00	0x00
SPI [1]	result	3.32442547	0.00000512	0x88	0x7F
SPI [1]	result	3.32443075	0.00000512	0x3A	0xFF
SPI [1]	result	3.32482187	0.00000512	0x00	0x00
SPI [1]	result	3.32482715	0.00000512	0x00	0x00
SPI [1]	result	3.32483243	0.00000512	0x00	0x00
SPI [1]	result	3.32483771	0.00000512	0x00	0x00
SPI [1]	result	3.32523030	0.00000512	0x08	0x00
SPI [1]	result	3.32523558	0.00000512	0x00	0x00
SPI [1]	result	3.32524086	0.00000512	0x89	0x05
SPI [1]	result	3.32524614	0.00000512	0xB8	0xFF
SPI [1]	result	3.36317619	0.00000512	0x00	0x00
SPI [1]	result	3.36318147	0.00000512	0x00	0x00
SPI [1]	result	3.36318675	0.00000512	0x08	0x00
SPI [1]	result	3.36319203	0.00000512	0x20	0x00
SPI [1]	result	3.36358557	0.00000512	0x0A	0x00
SPI [1]	result	3.36359085	0.00000512	0x10	0x0F
SPI [1]	result	3.36359613	0.00000512	0x80	0xFF
SPI [1]	result	3.36360141	0.00000512	0x32	0xFF
SPI [1]	result	3.36399268	0.00000512	0x00	0x00
SPI [1]	result	3.36399796	0.00000512	0x00	0x00
SPI [1]	result	3.36400324	0.00000512	0x00	0x00
SPI [1]	result	3.36400852	0.00000512	0x00	0x00
SPI [1]	result	3.36439985	0.00000512	0x08	0x00
SPI [1]	result	3.36440513	0.00000512	0x00	0x00
SPI [1]	result	3.36441041	0.00000512	0x88	0x07
SPI [1]	result	3.36441569	0.00000512	0x32	0xFF
SPI [1]	result	3.40317795	0.00000512	0x00	0x00
SPI [1]	result	3.40318323	0.00000512	0x00	0x00
SPI [1]	result	3.40318851	0.00000512	0x08	0x00
SPI [1]	result	3.40319379	0.00000512	0x20	0x00
SPI [1]	result	3.40359828	0.00000512	0x0B	0x00
SPI [1]	result	3.40360356	0.00000512	0x10	0x0F
SPI [1]	result	3.40360884	0.00000512	0x80	0xFF
SPI [1]	result	3.40361412	0.00000512	0x3A	0xFF
SPI [1]	result	3.40400658	0.00000512	0x00	0x00
SPI [1]	result	3.40401186	0.00000512	0x00	0x00
SPI [1]	result	3.40401714	0.00000512	0x00	0x00
SPI [1]	result	3.40402242	0.00000512	0x00	0x00
SPI [1]	result	3.40441381	0.00000512	0x08	0x00
SPI [1]	result	3.40441909	0.00000512	0x00	0x00
SPI [1]	result	3.40442437	0.00000512	0x88	0x04
SPI [1]	result	3.40442965	0.00000512	0x32	0x3F
SPI [1]	result	3.44317739	0.00000512	0x00	0x00
SPI [1]	result	3.44318267	0.00000512	0x00	0x00
SPI [1]	result	3.44318795	0.00000512	0x08	0x00
SPI [1]	result	3.44319323	0.00000512	0x20	0x00
SPI [1]	result	3.44358998	0.00000512	0x0C	0x00
SPI [1]	result	3.44359526	0.00000512	0x10	0x00
SPI [1]	result	3.44360054	0.00000512	0x80	0x7A
SPI [1]	result	3.44360582	0.00000512	0x02	0x01
SPI [1]	result	3.44399778	0.00000512	0x00	0x00
SPI [1]	result	3.44400306	0.00000512	0x00	0x00
SPI [1]	result	3.44400834	0.00000512	0x09	0x00
SPI [1]	result	3.44401362	0.00000512	0xA6	0x3F
SPI [1]	result	3.44440477	0.00000512	0x0D	0x00
SPI [1]	result	3.44441005	0.00000512	0x00	0x00
SPI [1]	result	3.44441533	0.00000512	0x88	0x7F
SPI [1]	result	3.44442061	0.00000512	0x1A	0xFF
SPI [1]	result	3.44481301	0.00000512	0x00	0x00
SPI [1]	result	3.44481829	0.00000512	0x00	0x00
SPI [1]	result	3.44482357	0.00000512	0x00	0x00
SPI [1]	result	3.44482885	0.00000512	0x00	0x00
SPI [1]	result	3.44522109	0.00000512	0x08	0x00
SPI [1]	result	3.44522637	0.00000512	0x00	0x00
SPI [1]	result	3.44523165	0.00000512	0x89	0x07
SPI [1]	result	3.44523693	0.00000512	0xB8	0xFF
SPI [1]	result	3.48317533	0.00000512	0x00	0x00
SPI [1]	result	3.48318061	0.00000512	0x00	0x00
SPI [1]	result	3.48318589	0.00000512	0x08	0x00
SPI [1]	result	3.48319117	0.00000512	0x20	0x00
SPI [1]	result	3.48358322	0.00000512	0x0E	0x00
SPI [1]	result	3.48358850	0.00000512	0x10	0x00
SPI [1]	result	3.48359378	0.00000512	0x80	0x7E
SPI [1]	result	3.48359906	0.00000512	0x12	0x1F
SPI [1]	result	3.48399111	0.00000512	0x00	0x00
SPI [1]	result	3.48399639	0.00000512	0x00	0x00
SPI [1]	result	3.48400167	0.00000512	0x00	0x00
SPI [1]	result	3.48400695	0.00000512	0x00	0x00
SPI [1]	result	3.48439843	0.00000512	0x08	0x00
SPI [1]	result	3.48440371	0.00000512	0x00	0x00
SPI [1]	result	3.48440899	0.00000512	0x88	0x07
SPI [1]	result	3.48441427	0.00000512	0x32	0x3F
SPI [1]	result	3.52318270	0.00000512	0x00	0x00
SPI [1]	result	3.52318798	0.00000512	0x00	0x00
SPI [1]	result	3.52319326	0.00000512	0x08	0x00
SPI [1]	result	3.52319854	0.00000512	0x20	0x00
SPI [1]	result	3.52361944	0.00000512	0x0F	0x00
SPI [1]	result	3.52362472	0.00000512	0x10	0x00
SPI [1]	result	3.52363000	0.00000512	0x80	0x7C
SPI [1]	result	3.52363528	0.00000512	0x1A	0x1F
SPI [1]	result	3.52402859	0.00000512	0x00	0x00
SPI [1]	result	3.52403387	0.00000512	0x00	0x00
SPI [1]	result	3.52403915	0.00000512	0x00	0x00
SPI [1]	result	3.52404443	0.00000512	0x00	0x00
SPI [1]	result	3.52443609	0.00000512	0x08	0x00
SPI [1]	result	3.52444137	0.00000512	0x00	0x00
SPI [1]	result	3.52444665	0.00000512	0x88	0x07
SPI [1]	result	3.52445193	0.00000512	0x32	0xFF
SPI [1]	result	3.56317816	0.00000512	0x00	0x00
SPI [1]	result	3.56318344	0.00000512	0x00	0x00
SPI [1]	result	3.56318872	0.00000512	0x08	0x00
SPI [1]	result	3.56319400	0.00000512	0x20	0x00
SPI [1]	result	3.56358855	0.00000512	0x08	0x00
SPI [1]	result	3.56359383	0.00000512	0x10	0x00
SPI [1]	result	3.56359911	0.00000512	0x80	0x68
SPI [1]	result	3.56360439	0.00000512	0x22	0x3F
SPI [1]	result	3.56399605	0.00000512	0x00	0x00
SPI [1]	result	3.56400133	0.00000512	0x00	0x00
SPI [1]	result	3.56400661	0.00000512	0x09	0x00
SPI [1]	result	3.56401189	0.00000512	0xA6	0x3F
SPI [1]	result	3.56440300	0.00000512	0x09	0x00
SPI [1]	result	3.56440828	0.00000512	0x00	0x00
SPI [1]	result	3.56441356	0.00000512	0x88	0x5F
SPI [1]	result	3.56441884	0.00000512	0x3A	0xFF
SPI [1]	result	3.56481030	0.00000512	0x00	0x00
SPI [1]	result	3.56481558	0.00000512	0x00	0x00
SPI [1]	result	3.56482086	0.00000512	0x00	0x00
SPI [1]	result	3.56482614	0.00000512	0x00	0x00
SPI [1]	result	3.56521980	0.00000512	0x08	0x00
SPI [1]	result	3.56522508	0.00000512	0x00	0x00
SPI [1]	result	3.56523036	0.00000512	0x89	0x07
SPI [1]	result	3.56523564	0.00000512	0xB8	0xFF
SPI [1]	result	3.60317762	0.00000512	0x00	0x00
SPI [1]	result	3.60318290	0.00000512	0x00	0x00
SPI [1]	result	3.60318818	0.00000512	0x08	0x00
SPI [1]	result	3.60319346	0.00000512	0x20	0x00
SPI [1]	result	3.60359482	0.00000512	0x0A	0x00
SPI [1]	result	3.60360010	0.00000512	0x10	0x0F
SPI [1]	result	3.60360538	0.00000512	0x80	0xFF
SPI [1]	result	3.60361066	0.00000512	0x32	0xFF
SPI [1]	result	3.60400088	0.00000512	0x00	0x00
SPI [1]	result	3.60400616	0.00000512	0x00	0x00
SPI [1]	result	3.60401144	0.00000512	0x00	0x00
SPI [1]	result	3.60401672	0.00000512	0x00	0x00
SPI [1]	result	3.60440857	0.00000512	0x08	0x00
SPI [1]	result	3.60441385	0.00000512	0x00	0x00
SPI [1]	result	3.60441913	0.00000512	0x88	0x07
SPI [1]	result	3.60442441	0.00000512	0x32	0xBF
SPI [1]	result	3.64317622	0.00000512	0x00	0x00
SPI [1]	result	3.64318150	0.00000512	0x00	0x00
SPI [1]	result	3.64318678	0.00000512	0x08	0x00
SPI [1]	result	3.64319206	0.00000512	0x20	0x00
SPI [1]	result	3.64358471	0.00000512	0x0B	0x00
SPI [1]	result	3.64358999	0.00000512	0x10	0x0F
SPI [1]	result	3.64359527	0.00000512	0x80	0xFF
SPI [1]	result	3.64360055	0.00000512	0x3A	0xFF
SPI [1]	result	3.64399221	0.00000512	0x00	0x00
SPI [1]	result	3.64399749	0.00000512	0x00	0x00
SPI [1]	result	3.64400277	0.00000512	0x00	0x00
SPI [1]	result	3.64400805	0.00000512	0x00	0x00
SPI [1]	result	3.64439956	0.00000512	0x08	0x00
SPI [1]	result	3.64440484	0.00000512	0x00	0x00
SPI [1]	result	3.64441012	0.00000512	0x88	0x07
SPI [1]	result	3.64441540	0.00000512	0x32	0xBF
SPI [1]	result	3.68317650	0.00000512	0x00	0x00
SPI [1]	result	3.68318178	0.00000512	0x00	0x00
SPI [1]	result	3.68318706	0.00000512	0x08	0x00
SPI [1]	result	3.68319234	0.00000512	0x20	0x00
SPI [1]	result	3.68358515	0.00000512	0x0C	0x00
SPI [1]	result	3.68359043	0.00000512	0x10	0x00
SPI [1]	result	3.68359571	0.00000512	0x80	0x79
SPI [1]	result	3.68360099	0.00000512	0x02	0x03
SPI [1]	result	3.68399250	0.00000512	0x00	0x00
SPI [1]	result	3.68399778	0.00000512	0x00	0x00
SPI [1]	result	3.68400306	0.00000512	0x09	0x00
SPI [1]	result	3.68400834	0.00000512	0xA6	0x3F
SPI [1]	result	3.68439851	0.00000512	0x0D	0x00
SPI [1]	result	3.68440379	0.00000512	0x00	0x80
SPI [1]	result	3.68440907	0.00000512	0x88	0x7F
SPI [1]	result	3.68441435	0.00000512	0x1A	0xFF
SPI [1]	result	3.68480610	0.00000512	0x00	0x00
SPI [1]	result	3.68481138	0.00000512	0x00	0x00
SPI [1]	result	3.68481666	0.00000512	0x00	0x00
SPI [1]	result	3.68482194	0.00000512	0x00	0x00
SPI [1]	result	3.68521401	0.00000512	0x08	0x00
SPI [1]	result	3.68521929	0.00000512	0x00	0x00
SPI [1]	result	3.68522457	0.00000512	0x89	0x07
SPI [1]	result	3.68522985	0.00000512	0xB8	0xFF
SPI [1]	result	3.72317809	0.00000512	0x00	0x00
SPI [1]	result	3.72318337	0.00000512	0x00	0x00
SPI [1]	result	3.72318865	0.00000512	0x08	0x00
SPI [1]	result	3.72319393	0.00000512	0x20	0x10
SPI [1]	result	3.72359405	0.00000512	0x0E	0x00
SPI [1]	result	3.72359933	0.00000512	0x10	0x00
SPI [1]	result	3.72360461	0.00000512	0x80	0x5C
SPI [1]	result	3.72360989	0.00000512	0x12	0x5F
SPI [1]	result	3.72400207	0.00000512	0x00	0x00
SPI [1]	result	3.72400735	0.00000512	0x00	0x00
SPI [1]	result	3.72401263	0.00000512	0x00	0x00
SPI [1]	result	3.72401791	0.00000512	0x00	0x00
SPI [1]	result	3.72440943	0.00000512	0x08	0x00
SPI [1]	result	3.72441471	0.00000512	0x00	0x00
SPI [1]	result	3.72441999	0.00000512	0x88	0x07
SPI [1]	result	3.72442527	0.00000512	0x32	0xBF
SPI [1]	result	3.76317766	0.00000512	0x00	0x00
SPI [1]	result	3.76318294	0.00000512	0x00	0x00
SPI [1]	result	3.76318822	0.00000512	0x08	0x00
SPI [1]	result	3.76319350	0.00000512	0x20	0x00
SPI [1]	result	3.76359325	0.00000512	0x0F	0x00
SPI [1]	result	3.76359853	0.00000512	0x10	0x00
SPI [1]	result	3.76360381	0.00000512	0x80	0x5E
SPI [1]	result	3.76360909	0.00000512	0x1A	0x1F
SPI [1]	result	3.76405103	0.00000512	0x00	0x00
SPI [1]	result	3.76405631	0.00000512	0x00	0x00
SPI [1]	result	3.76406159	0.00000512	0x00	0x00
SPI [1]	result	3.76406687	0.00000512	0x00	0x00
SPI [1]	result	3.76446091	0.00000512	0x08	0x00
SPI [1]	result	3.76446619	0.00000512	0x00	0x00
SPI [1]	result	3.76447147	0.00000512	0x88	0x07
SPI [1]	result	3.76447675	0.00000512	0x32	0xFF
SPI [1]	result	3.80319021	0.00000512	0x00	0x00
SPI [1]	result	3.80319549	0.00000512	0x00	0x00
SPI [1]	result	3.80320077	0.00000512	0x08	0x00
SPI [1]	result	3.80320605	0.00000512	0x20	0x00
SPI [1]	result	3.80363929	0.00000512	0x08	0x00
SPI [1]	result	3.80364457	0.00000512	0x10	0x00
SPI [1]	result	3.80364985	0.00000512	0x80	0x78
SPI [1]	result	3.80365513	0.00000512	0x22	0x1F
SPI [1]	result	3.80404851	0.00000512	0x00	0x00
SPI [1]	result	3.80405379	0.00000512	0x00	0x00
SPI [1]	result	3.80405907	0.00000512	0x09	0x00
SPI [1]	result	3.80406435	0.00000512	0xA6	0x3F
SPI [1]	result	3.80445627	0.00000512	0x09	0x00
SPI [1]	result	3.80446155	0.00000512	0x00	0x00
SPI [1]	result	3.80446683	0.00000512	0x88	0x7F
SPI [1]	result	3.80447211	0.00000512	0x3A	0xFF
SPI [1]	result	3.80486557	0.00000512	0x00	0x00
SPI [1]	result	3.80487085	0.00000512	0x00	0x00
SPI [1]	result	3.80487613	0.00000512	0x00	0x00
SPI [1]	result	3.80488141	0.00000512	0x00	0x00
SPI [1]	result	3.80527231	0.00000512	0x08	0x00
SPI [1]	result	3.80527759	0.00000512	0x00	0x00
SPI [1]	result	3.80528287	0.00000512	0x89	0x07
SPI [1]	result	3.80528815	0.00000512	0xB8	0xFF
SPI [1]	result	3.84317613	0.00000512	0x00	0x00
SPI [1]	result	3.84318141	0.00000512	0x00	0x00
SPI [1]	result	3.84318669	0.00000512	0x08	0x00
SPI [1]	result	3.84319197	0.00000512	0x20	0x00
SPI [1]	result	3.84358702	0.00000512	0x0A	0x00
SPI [1]	result	3.84359230	0.00000512	0x10	0x0F
SPI [1]	result	3.84359758	0.00000512	0x80	0xFF
SPI [1]	result	3.84360286	0.00000512	0x32	0xFF
SPI [1]	result	3.84399477	0.00000512	0x00	0x00
SPI [1]	result	3.84400005	0.00000512	0x00	0x00
SPI [1]	result	3.84400533	0.00000512	0x00	0x00
SPI [1]	result	3.84401061	0.00000512	0x00	0x00
SPI [1]	result	3.84440168	0.00000512	0x08	0x00
SPI [1]	result	3.84440696	0.00000512	0x00	0x00
SPI [1]	result	3.84441224	0.00000512	0x88	0x07
SPI [1]	result	3.84441752	0.00000512	0x32	0xFF
SPI [1]	result	3.88317546	0.00000512	0x00	0x00
SPI [1]	result	3.88318074	0.00000512	0x00	0x00
SPI [1]	result	3.88318602	0.00000512	0x08	0x00
SPI [1]	result	3.88319130	0.00000512	0x20	0x00
SPI [1]	result	3.88358409	0.00000512	0x0B	0x00
SPI [1]	result	3.88358937	0.00000512	0x10	0x0F
SPI [1]	result	3.88359465	0.00000512	0x80	0xFF
SPI [1]	result	3.88359993	0.00000512	0x3A	0xFF
SPI [1]	result	3.88399161	0.00000512	0x00	0x00
SPI [1]	result	3.88399689	0.00000512	0x00	0x00
SPI [1]	result	3.88400217	0.00000512	0x00	0x00
SPI [1]	result	3.88400745	0.00000512	0x00	0x00
SPI [1]	result	3.88439841	0.00000512	0x08	0x00
SPI [1]	result	3.88440369	0.00000512	0x00	0x00
SPI [1]	result	3.88440897	0.00000512	0x88	0x07
SPI [1]	result	3.88441425	0.00000512	0x32	0xFF
SPI [1]	result	3.92318705	0.00000512	0x00	0x00
SPI [1]	result	3.92319233	0.00000512	0x00	0x00
SPI [1]	result	3.92319761	0.00000512	0x08	0x00
SPI [1]	result	3.92320289	0.00000512	0x20	0x00
SPI [1]	result	3.92362628	0.00000512	0x0C	0x00
SPI [1]	result	3.92363156	0.00000512	0x10	0x00
SPI [1]	result	3.92363684	0.00000512	0x80	0x7E
SPI [1]	result	3.92364212	0.00000512	0x02	0x03
SPI [1]	result	3.92403324	0.00000512	0x00	0x00
SPI [1]	result	3.92403852	0.00000512	0x00	0x00
SPI [1]	result	3.92404380	0.00000512	0x09	0x00
SPI [1]	result	3.92404908	0.00000512	0xA6	0x3F
SPI [1]	result	3.92444237	0.00000512	0x0D	0x00
SPI [1]	result	3.92444765	0.00000512	0x00	0x00
SPI [1]	result	3.92445293	0.00000512	0x88	0x7F
SPI [1]	result	3.92445821	0.00000512	0x1A	0xFF
SPI [1]	result	3.92485069	0.00000512	0x00	0x00
SPI [1]	result	3.92485597	0.00000512	0x00	0x00
SPI [1]	result	3.92486125	0.00000512	0x00	0x00
SPI [1]	result	3.92486653	0.00000512	0x00	0x00
SPI [1]	result	3.92525877	0.00000512	0x08	0x00
SPI [1]	result	3.92526405	0.00000512	0x00	0x00
SPI [1]	result	3.92526933	0.00000512	0x89	0x07
SPI [1]	result	3.92527461	0.00000512	0xB8	0xFF
SPI [1]	result	3.96317627	0.00000512	0x00	0x00
SPI [1]	result	3.96318155	0.00000512	0x00	0x00
SPI [1]	result	3.96318683	0.00000512	0x08	0x00
SPI [1]	result	3.96319211	0.00000512	0x20	0x00
SPI [1]	result	3.96358651	0.00000512	0x0E	0x00
SPI [1]	result	3.96359179	0.00000512	0x10	0x00
SPI [1]	result	3.96359707	0.00000512	0x80	0x7E
SPI [1]	result	3.96360235	0.00000512	0x12	0x9F
SPI [1]	result	3.96399246	0.00000512	0x00	0x00
SPI [1]	result	3.96399774	0.00000512	0x00	0x00
SPI [1]	result	3.96400302	0.00000512	0x00	0x00
SPI [1]	result	3.96400830	0.00000512	0x00	0x00
SPI [1]	result	3.96439963	0.00000512	0x08	0x00
SPI [1]	result	3.96440491	0.00000512	0x00	0x00
SPI [1]	result	3.96441019	0.00000512	0x88	0x07
SPI [1]	result	3.96441547	0.00000512	0x32	0xFF
SPI [1]	result	4.00317788	0.00000512	0x00	0x00
SPI [1]	result	4.00318316	0.00000512	0x00	0x00
SPI [1]	result	4.00318844	0.00000512	0x08	0x00
SPI [1]	result	4.00319372	0.00000512	0x20	0x00
SPI [1]	result	4.00359645	0.00000512	0x0F	0x00
SPI [1]	result	4.00360173	0.00000512	0x10	0x00
SPI [1]	result	4.00360701	0.00000512	0x80	0x7C
SPI [1]	result	4.00361229	0.00000512	0x1A	0x9F
SPI [1]	result	4.00400359	0.00000512	0x00	0x00
SPI [1]	result	4.00400887	0.00000512	0x00	0x00
SPI [1]	result	4.00401415	0.00000512	0x00	0x00
SPI [1]	result	4.00401943	0.00000512	0x00	0x00
SPI [1]	result	4.00441137	0.00000512	0x08	0x00
SPI [1]	result	4.00441665	0.00000512	0x00	0x00
SPI [1]	result	4.00442193	0.00000512	0x88	0x07
SPI [1]	result	4.00442721	0.00000512	0x32	0x3F
SPI [1]	result	4.04317721	0.00000512	0x00	0x00
SPI [1]	result	4.04318249	0.00000512	0x00	0x00
SPI [1]	result	4.04318777	0.00000512	0x08	0x00
SPI [1]	result	4.04319305	0.00000512	0x20	0x00
SPI [1]	result	4.04358854	0.00000512	0x08	0x00
SPI [1]	result	4.04359382	0.00000512	0x10	0x00
SPI [1]	result	4.04359910	0.00000512	0x80	0x7F
SPI [1]	result	4.04360438	0.00000512	0x22	0xBF
SPI [1]	result	4.04399780	0.00000512	0x00	0x00
SPI [1]	result	4.04400308	0.00000512	0x00	0x00
SPI [1]	result	4.04400836	0.00000512	0x09	0x00
SPI [1]	result	4.04401364	0.00000512	0xA6	0x3F
SPI [1]	result	4.04440582	0.00000512	0x09	0x00
SPI [1]	result	4.04441110	0.00000512	0x00	0x00
SPI [1]	result	4.04441638	0.00000512	0x88	0x7F
SPI [1]	result	4.04442166	0.00000512	0x3A	0xFF
SPI [1]	result	4.04481188	0.00000512	0x00	0x00
SPI [1]	result	4.04481716	0.00000512	0x00	0x00
SPI [1]	result	4.04482244	0.00000512	0x00	0x00
SPI [1]	result	4.04482772	0.00000512	0x00	0x00
SPI [1]	result	4.04521983	0.00000512	0x08	0x00
SPI [1]	result	4.04522511	0.00000512	0x00	0x00
SPI [1]	result	4.04523039	0.00000512	0x89	0x07
SPI [1]	result	4.04523567	0.00000512	0xB8	0xFF
SPI [1]	result	4.08317631	0.00000512	0x00	0x00
SPI [1]	result	4.08318159	0.00000512	0x00	0x00
SPI [1]	result	4.08318687	0.00000512	0x08	0x00
SPI [1]	result	4.08319215	0.00000512	0x20	0x00
SPI [1]	result	4.08358680	0.00000512	0x0A	0x00
SPI [1]	result	4.08359208	0.00000512	0x10	0x0F
SPI [1]	result	4.08359736	0.00000512	0x80	0xFF
SPI [1]	result	4.08360264	0.00000512	0x32	0xFF
SPI [1]	result	4.08399486	0.00000512	0x00	0x00
SPI [1]	result	4.08400014	0.00000512	0x00	0x00
SPI [1]	result	4.08400542	0.00000512	0x00	0x00
SPI [1]	result	4.08401070	0.00000512	0x00	0x00
SPI [1]	result	4.08440045	0.00000512	0x08	0x00
SPI [1]	result	4.08440573	0.00000512	0x00	0x00
SPI [1]	result	4.08441101	0.00000512	0x88	0x07
SPI [1]	result	4.08441629	0.00000512	0x32	0x3F
SPI [1]	result	4.12317751	0.00000512	0x00	0x00
SPI [1]	result	4.12318279	0.00000512	0x00	0x00
SPI [1]	result	4.12318807	0.00000512	0x08	0x00
SPI [1]	result	4.12319335	0.00000512	0x20	0x00
SPI [1]	result	4.12359550	0.00000512	0x0B	0x00
SPI [1]	result	4.12360078	0.00000512	0x10	0x0F
SPI [1]	result	4.12360606	0.00000512	0x80	0xFF
SPI [1]	result	4.12361134	0.00000512	0x3A	0xFF
SPI [1]	result	4.12400393	0.00000512	0x00	0x00
SPI [1]	result	4.12400921	0.00000512	0x00	0x00
SPI [1]	result	4.12401449	0.00000512	0x00	0x00
SPI [1]	result	4.12401977	0.00000512	0x00	0x00
SPI [1]	result	4.12445202	0.00000512	0x08	0x00
SPI [1]	result	4.12445730	0.00000512	0x00	0x00
SPI [1]	result	4.12446258	0.00000512	0x88	0x07
SPI [1]	result	4.12446786	0.00000512	0x32	0xBF
SPI [1]	result	4.16317931	0.00000512	0x00	0x00
SPI [1]	result	4.16318459	0.00000512	0x00	0x00
SPI [1]	result	4.16318987	0.00000512	0x08	0x00
SPI [1]	result	4.16319515	0.00000512	0x20	0x00
SPI [1]	result	4.16359764	0.00000512	0x0C	0x00
SPI [1]	result	4.16360292	0.00000512	0x10	0x00
SPI [1]	result	4.16360820	0.00000512	0x80	0x7F
SPI [1]	result	4.16361348	0.00000512	0x02	0x83
SPI [1]	result	4.16400576	0.00000512	0x00	0x00
SPI [1]	result	4.16401104	0.00000512	0x00	0x00
SPI [1]	result	4.16401632	0.00000512	0x09	0x00
SPI [1]	result	4.16402160	0.00000512	0xA6	0x1F
SPI [1]	result	4.16441324	0.00000512	0x0D	0x00
SPI [1]	result	4.16441852	0.00000512	0x00	0x00
SPI [1]	result	4.16442380	0.00000512	0x88	0x7F
SPI [1]	result	4.16442908	0.00000512	0x1A	0xFF
SPI [1]	result	4.16482139	0.00000512	0x00	0x00
SPI [1]	result	4.16482667	0.00000512	0x00	0x00
SPI [1]	result	4.16483195	0.00000512	0x00	0x00
SPI [1]	result	4.16483723	0.00000512	0x00	0x00
SPI [1]	result	4.16522997	0.00000512	0x08	0x00
SPI [1]	result	4.16523525	0.00000512	0x00	0x00
SPI [1]	result	4.16524053	0.00000512	0x89	0x07
SPI [1]	result	4.16524581	0.00000512	0xB8	0xFF
SPI [1]	result	4.20317780	0.00000512	0x00	0x00
SPI [1]	result	4.20318308	0.00000512	0x00	0x00
SPI [1]	result	4.20318836	0.00000512	0x08	0x00
SPI [1]	result	4.20319364	0.00000512	0x20	0x00
SPI [1]	result	4.20359892	0.00000512	0x0E	0x00
SPI [1]	result	4.20360420	0.00000512	0x10	0x00
SPI [1]	result	4.20360948	0.00000512	0x80	0x78
SPI [1]	result	4.20361476	0.00000512	0x12	0x1F
SPI [1]	result	4.20400527	0.00000512	0x00	0x00
SPI [1]	result	4.20401055	0.00000512	0x00	0x00
SPI [1]	result	4.20401583	0.00000512	0x00	0x00
SPI [1]	result	4.20402111	0.00000512	0x00	0x00
SPI [1]	result	4.20441381	0.00000512	0x08	0x00
SPI [1]	result	4.20441909	0.00000512	0x00	0x00
SPI [1]	result	4.20442437	0.00000512	0x88	0x07
SPI [1]	result	4.20442965	0.00000512	0x32	0xFF
SPI [1]	result	4.24317571	0.00000512	0x00	0x00
SPI [1]	result	4.24318099	0.00000512	0x00	0x00
SPI [1]	result	4.24318627	0.00000512	0x08	0x00
SPI [1]	result	4.24319155	0.00000512	0x20	0x00
SPI [1]	result	4.24358445	0.00000512	0x0F	0x00
SPI [1]	result	4.24358973	0.00000512	0x10	0x00
SPI [1]	result	4.24359501	0.00000512	0x80	0x7F
SPI [1]	result	4.24360029	0.00000512	0x1A	0x1F
SPI [1]	result	4.24399245	0.00000512	0x00	0x00
SPI [1]	result	4.24399773	0.00000512	0x00	0x00
SPI [1]	result	4.24400301	0.00000512	0x00	0x00
SPI [1]	result	4.24400829	0.00000512	0x00	0x00
SPI [1]	result	4.24439797	0.00000512	0x08	0x00
SPI [1]	result	4.24440325	0.00000512	0x00	0x00
SPI [1]	result	4.24440853	0.00000512	0x88	0x07
SPI [1]	result	4.24441381	0.00000512	0x32	0xBF
SPI [1]	result	4.28318509	0.00000512	0x00	0x00
SPI [1]	result	4.28319037	0.00000512	0x00	0x00
SPI [1]	result	4.28319565	0.00000512	0x08	0x00
SPI [1]	result	4.28320093	0.00000512	0x20	0x00
SPI [1]	result	4.28362469	0.00000512	0x08	0x00
SPI [1]	result	4.28362997	0.00000512	0x10	0x00
SPI [1]	result	4.28363525	0.00000512	0x80	0x7E
SPI [1]	result	4.28364053	0.00000512	0x22	0x3F
SPI [1]	result	4.28403154	0.00000512	0x00	0x00
SPI [1]	result	4.28403682	0.00000512	0x00	0x00
SPI [1]	result	4.28404210	0.00000512	0x09	0x00
SPI [1]	result	4.28404738	0.00000512	0xA6	0x3F
SPI [1]	result	4.28443945	0.00000512	0x09	0x00
SPI [1]	result	4.28444473	0.00000512	0x00	0x00
SPI [1]	result	4.28445001	0.00000512	0x88	0x7F
SPI [1]	result	4.28445529	0.00000512	0x3A	0xFF
SPI [1]	result	4.28484881	0.00000512	0x00	0x00
SPI [1]	result	4.28485409	0.00000512	0x00	0x00
SPI [1]	result	4.28485937	0.00000512	0x00	0x00
SPI [1]	result	4.28486465	0.00000512	0x00	0x00
SPI [1]	result	4.28525748	0.00000512	0x08	0x00
SPI [1]	result	4.28526276	0.00000512	0x00	0x00
SPI [1]	result	4.28526804	0.00000512	0x89	0x07
SPI [1]	result	4.28527332	0.00000512	0xB8	0xFF
SPI [1]	result	4.32317837	0.00000512	0x00	0x00
SPI [1]	result	4.32318365	0.00000512	0x00	0x00
SPI [1]	result	4.32318893	0.00000512	0x08	0x00
SPI [1]	result	4.32319421	0.00000512	0x20	0x00
SPI [1]	result	4.32359418	0.00000512	0x0A	0x00
SPI [1]	result	4.32359946	0.00000512	0x10	0x0F
SPI [1]	result	4.32360474	0.00000512	0x80	0xFF
SPI [1]	result	4.32361002	0.00000512	0x32	0xFF
SPI [1]	result	4.32400435	0.00000512	0x00	0x00
SPI [1]	result	4.32400963	0.00000512	0x00	0x00
SPI [1]	result	4.32401491	0.00000512	0x00	0x00
SPI [1]	result	4.32402019	0.00000512	0x00	0x00
SPI [1]	result	4.32441219	0.00000512	0x08	0x00
SPI [1]	result	4.32441747	0.00000512	0x00	0x00
SPI [1]	result	4.32442275	0.00000512	0x88	0x05
SPI [1]	result	4.32442803	0.00000512	0x32	0xBF
SPI [1]	result	4.36317772	0.00000512	0x00	0x00
SPI [1]	result	4.36318300	0.00000512	0x00	0x00
SPI [1]	result	4.36318828	0.00000512	0x08	0x00
SPI [1]	result	4.36319356	0.00000512	0x20	0x00
SPI [1]	result	4.36359522	0.00000512	0x0B	0x00
SPI [1]	result	4.36360050	0.00000512	0x10	0x0F
SPI [1]	result	4.36360578	0.00000512	0x80	0xFF
SPI [1]	result	4.36361106	0.00000512	0x3A	0xFF
SPI [1]	result	4.36400442	0.00000512	0x00	0x00
SPI [1]	result	4.36400970	0.00000512	0x00	0x00
SPI [1]	result	4.36401498	0.00000512	0x00	0x00
SPI [1]	result	4.36402026	0.00000512	0x00	0x00
SPI [1]	result	4.36441170	0.00000512	0x08	0x00
SPI [1]	result	4.36441698	0.00000512	0x00	0x00
SPI [1]	result	4.36442226	0.00000512	0x88	0x07
SPI [1]	result	4.36442754	0.00000512	0x32	0xBF
SPI [1]	result	4.40317716	0.00000512	0x00	0x00
SPI [1]	result	4.40318244	0.00000512	0x00	0x00
SPI [1]	result	4.40318772	0.00000512	0x08	0x00
SPI [1]	result	4.40319300	0.00000512	0x20	0x00
SPI [1]	result	4.40362503	0.00000512	0x0C	0x00
SPI [1]	result	4.40363031	0.00000512	0x10	0x00
SPI [1]	result	4.40363559	0.00000512	0x80	0x7F
SPI [1]	result	4.40364087	0.00000512	0x02	0x01
SPI [1]	result	4.40403724	0.00000512	0x00	0x00
SPI [1]	result	4.40404252	0.00000512	0x00	0x00
SPI [1]	result	4.40404780	0.00000512	0x09	0x00
SPI [1]	result	4.40405308	0.00000512	0xA6	0x1F
SPI [1]	result	4.40444531	0.00000512	0x0D	0x00
SPI [1]	result	4.40445059	0.00000512	0x00	0x00
SPI [1]	result	4.40445587	0.00000512	0x88	0x7F
SPI [1]	result	4.40446115	0.00000512	0x1A	0xFF
SPI [1]	result	4.40485363	0.00000512	0x00	0x00
SPI [1]	result	4.40485891	0.00000512	0x00	0x00
SPI [1]	result	4.40486419	0.00000512	0x00	0x00
SPI [1]	result	4.40486947	0.00000512	0x00	0x00
SPI [1]	result	4.40526182	0.00000512	0x08	0x00
SPI [1]	result	4.40526710	0.00000512	0x00	0x00
SPI [1]	result	4.40527238	0.00000512	0x89	0x05
SPI [1]	result	4.40527766	0.00000512	0xB8	0xFF
SPI [1]	result	4.44317693	0.00000512	0x00	0x00
SPI [1]	result	4.44318221	0.00000512	0x00	0x00
SPI [1]	result	4.44318749	0.00000512	0x08	0x00
SPI [1]	result	4.44319277	0.00000512	0x20	0x00
SPI [1]	result	4.44359019	0.00000512	0x0E	0x00
SPI [1]	result	4.44359547	0.00000512	0x10	0x00
SPI [1]	result	4.44360075	0.00000512	0x80	0x7E
SPI [1]	result	4.44360603	0.00000512	0x12	0x0F
SPI [1]	result	4.44399771	0.00000512	0x00	0x00
SPI [1]	result	4.44400299	0.00000512	0x00	0x00
SPI [1]	result	4.44400827	0.00000512	0x00	0x00
SPI [1]	result	4.44401355	0.00000512	0x00	0x00
SPI [1]	result	4.44440501	0.00000512	0x08	0x00
SPI [1]	result	4.44441029	0.00000512	0x00	0x00
SPI [1]	result	4.44441557	0.00000512	0x88	0x07
SPI [1]	result	4.44442085	0.00000512	0x32	0xFF
SPI [1]	result	4.48317545	0.00000512	0x00	0x00
SPI [1]	result	4.48318073	0.00000512	0x00	0x00
SPI [1]	result	4.48318601	0.00000512	0x08	0x00
SPI [1]	result	4.48319129	0.00000512	0x20	0x00
SPI [1]	result	4.48358360	0.00000512	0x0F	0x00
SPI [1]	result	4.48358888	0.00000512	0x10	0x00
SPI [1]	result	4.48359416	0.00000512	0x80	0x7F
SPI [1]	result	4.48359944	0.00000512	0x1A	0x1F
SPI [1]	result	4.48399056	0.00000512	0x00	0x00
SPI [1]	result	4.48399584	0.00000512	0x00	0x00
SPI [1]	result	4.48400112	0.00000512	0x00	0x00
SPI [1]	result	4.48400640	0.00000512	0x00	0x00
SPI [1]	result	4.48439766	0.00000512	0x08	0x00
SPI [1]	result	4.48440294	0.00000512	0x00	0x00
SPI [1]	result	4.48440822	0.00000512	0x88	0x05
SPI [1]	result	4.48441350	0.00000512	0x32	0x3F
SPI [1]	result	4.52317913	0.00000512	0x00	0x00
SPI [1]	result	4.52318441	0.00000512	0x00	0x00
SPI [1]	result	4.52318969	0.00000512	0x08	0x00
SPI [1]	result	4.52319497	0.00000512	0x20	0x00
SPI [1]	result	4.52364663	0.00000512	0x08	0x00
SPI [1]	result	4.52365191	0.00000512	0x10	0x00
SPI [1]	result	4.52365719	0.00000512	0x80	0x78
SPI [1]	result	4.52366247	0.00000512	0x22	0x3F
SPI [1]	result	4.52405636	0.00000512	0x00	0x00
SPI [1]	result	4.52406164	0.00000512	0x00	0x00
SPI [1]	result	4.52406692	0.00000512	0x09	0x00
SPI [1]	result	4.52407220	0.00000512	0xA6	0x3F
SPI [1]	result	4.52446430	0.00000512	0x09	0x00
SPI [1]	result	4.52446958	0.00000512	0x00	0x00
SPI [1]	result	4.52447486	0.00000512	0x88	0x7F
SPI [1]	result	4.52448014	0.00000512	0x3A	0xFF
SPI [1]	result	4.52487255	0.00000512	0x00	0x00
SPI [1]	result	4.52487783	0.00000512	0x00	0x00
SPI [1]	result	4.52488311	0.00000512	0x00	0x00
SPI [1]	result	4.52488839	0.00000512	0x00	0x00
SPI [1]	result	4.52528147	0.00000512	0x08	0x00
SPI [1]	result	4.52528675	0.00000512	0x00	0x00
SPI [1]	result	4.52529203	0.00000512	0x89	0x07
SPI [1]	result	4.52529731	0.00000512	0xB8	0xFF
SPI [1]	result	4.56317644	0.00000512	0x00	0x00
SPI [1]	result	4.56318172	0.00000512	0x00	0x00
SPI [1]	result	4.56318700	0.00000512	0x08	0x00
SPI [1]	result	4.56319228	0.00000512	0x20	0x00
SPI [1]	result	4.56358800	0.00000512	0x0A	0x00
SPI [1]	result	4.56359328	0.00000512	0x10	0x0F
SPI [1]	result	4.56359856	0.00000512	0x80	0xFF
SPI [1]	result	4.56360384	0.00000512	0x32	0xFF
SPI [1]	result	4.56399372	0.00000512	0x00	0x00
SPI [1]	result	4.56399900	0.00000512	0x00	0x00
SPI [1]	result	4.56400428	0.00000512	0x00	0x00
SPI [1]	result	4.56400956	0.00000512	0x00	0x00
SPI [1]	result	4.56440100	0.00000512	0x08	0x00
SPI [1]	result	4.56440628	0.00000512	0x00	0x00
SPI [1]	result	4.56441156	0.00000512	0x88	0x05
SPI [1]	result	4.56441684	0.00000512	0x32	0x7F
SPI [1]	result	4.60317627	0.00000512	0x00	0x00
SPI [1]	result	4.60318155	0.00000512	0x00	0x00
SPI [1]	result	4.60318683	0.00000512	0x08	0x00
SPI [1]	result	4.60319211	0.00000512	0x20	0x00
SPI [1]	result	4.60359333	0.00000512	0x0B	0x00
SPI [1]	result	4.60359861	0.00000512	0x10	0x0F
SPI [1]	result	4.60360389	0.00000512	0x80	0xFF
SPI [1]	result	4.60360917	0.00000512	0x3A	0xFF
SPI [1]	result	4.60401355	0.00000512	0x00	0x00
SPI [1]	result	4.60401883	0.00000512	0x00	0x00
SPI [1]	result	4.60402411	0.00000512	0x00	0x00
SPI [1]	result	4.60402939	0.00000512	0x00	0x00
SPI [1]	result	4.60442054	0.00000512	0x08	0x00
SPI [1]	result	4.60442582	0.00000512	0x00	0x00
SPI [1]	result	4.60443110	0.00000512	0x88	0x07
SPI [1]	result	4.60443638	0.00000512	0x32	0xFF
SPI [1]	result	4.64317862	0.00000512	0x00	0x00
SPI [1]	result	4.64318390	0.00000512	0x00	0x00
SPI [1]	result	4.64318918	0.00000512	0x08	0x00
SPI [1]	result	4.64319446	0.00000512	0x20	0x00
SPI [1]	result	4.64359034	0.00000512	0x0C	0x00
SPI [1]	result	4.64359562	0.00000512	0x10	0x00
SPI [1]	result	4.64360090	0.00000512	0x80	0x60
SPI [1]	result	4.64360618	0.00000512	0x02	0x01
SPI [1]	result	4.64399809	0.00000512	0x00	0x00
SPI [1]	result	4.64400337	0.00000512	0x00	0x00
SPI [1]	result	4.64400865	0.00000512	0x09	0x00
SPI [1]	result	4.64401393	0.00000512	0xA6	0x7F
SPI [1]	result	4.64440585	0.00000512	0x0D	0x00
SPI [1]	result	4.64441113	0.00000512	0x00	0x00
SPI [1]	result	4.64441641	0.00000512	0x88	0x7F
SPI [1]	result	4.64442169	0.00000512	0x1A	0xFF
SPI [1]	result	4.64481379	0.00000512	0x00	0x00
SPI [1]	result	4.64481907	0.00000512	0x00	0x00
SPI [1]	result	4.64482435	0.00000512	0x00	0x00
SPI [1]	result	4.64482963	0.00000512	0x00	0x00
SPI [1]	result	4.64522185	0.00000512	0x08	0x00
SPI [1]	result	4.64522713	0.00000512	0x00	0x00
SPI [1]	result	4.64523241	0.00000512	0x89	0x07
SPI [1]	result	4.64523769	0.00000512	0xB8	0xFF
SPI [1]	result	4.68318278	0.00000512	0x00	0x00
SPI [1]	result	4.68318806	0.00000512	0x00	0x00
SPI [1]	result	4.68319334	0.00000512	0x08	0x00
SPI [1]	result	4.68319862	0.00000512	0x20	0x00
SPI [1]	result	4.68361891	0.00000512	0x0E	0x00
SPI [1]	result	4.68362419	0.00000512	0x10	0x00
SPI [1]	result	4.68362947	0.00000512	0x80	0x70
SPI [1]	result	4.68363475	0.00000512	0x12	0x1F
SPI [1]	result	4.68402527	0.00000512	0x00	0x00
SPI [1]	result	4.68403055	0.00000512	0x00	0x00
SPI [1]	result	4.68403583	0.00000512	0x00	0x00
SPI [1]	result	4.68404111	0.00000512	0x00	0x00
SPI [1]	result	4.68443223	0.00000512	0x08	0x00
SPI [1]	result	4.68443751	0.00000512	0x00	0x00
SPI [1]	result	4.68444279	0.00000512	0x88	0x07
SPI [1]	result	4.68444807	0.00000512	0x32	0xBF
SPI [1]	result	4.72317880	0.00000512	0x00	0x00
SPI [1]	result	4.72318408	0.00000512	0x00	0x00
SPI [1]	result	4.72318936	0.00000512	0x08	0x00
SPI [1]	result	4.72319464	0.00000512	0x20	0x00
SPI [1]	result	4.72360008	0.00000512	0x0F	0x00
SPI [1]	result	4.72360536	0.00000512	0x10	0x00
SPI [1]	result	4.72361064	0.00000512	0x80	0x74
SPI [1]	result	4.72361592	0.00000512	0x1A	0x1F
SPI [1]	result	4.72400675	0.00000512	0x00	0x00
SPI [1]	result	4.72401203	0.00000512	0x00	0x00
SPI [1]	result	4.72401731	0.00000512	0x00	0x00
SPI [1]	result	4.72402259	0.00000512	0x00	0x00
SPI [1]	result	4.72441412	0.00000512	0x08	0x00
SPI [1]	result	4.72441940	0.00000512	0x00	0x00
SPI [1]	result	4.72442468	0.00000512	0x88	0x07
SPI [1]	result	4.72442996	0.00000512	0x32	0xBF
SPI [1]	result	4.76317768	0.00000512	0x00	0x00
SPI [1]	result	4.76318296	0.00000512	0x00	0x00
SPI [1]	result	4.76318824	0.00000512	0x08	0x00
SPI [1]	result	4.76319352	0.00000512	0x20	0x00
SPI [1]	result	4.76358800	0.00000512	0x08	0x00
SPI [1]	result	4.76359328	0.00000512	0x10	0x00
SPI [1]	result	4.76359856	0.00000512	0x80	0x70
SPI [1]	result	4.76360384	0.00000512	0x22	0x3F
SPI [1]	result	4.76399522	0.00000512	0x00	0x00
SPI [1]	result	4.76400050	0.00000512	0x00	0x00
SPI [1]	result	4.76400578	0.00000512	0x09	0x00
SPI [1]	result	4.76401106	0.00000512	0xA6	0x1F
SPI [1]	result	4.76440271	0.00000512	0x09	0x00
SPI [1]	result	4.76440799	0.00000512	0x00	0x00
SPI [1]	result	4.76441327	0.00000512	0x88	0x7F
SPI [1]	result	4.76441855	0.00000512	0x3A	0xFF
SPI [1]	result	4.76481027	0.00000512	0x00	0x00
SPI [1]	result	4.76481555	0.00000512	0x00	0x00
SPI [1]	result	4.76482083	0.00000512	0x00	0x00
SPI [1]	result	4.76482611	0.00000512	0x00	0x00
SPI [1]	result	4.76521851	0.00000512	0x08	0x00
SPI [1]	result	4.76522379	0.00000512	0x00	0x00
SPI [1]	result	4.76522907	0.00000512	0x89	0x07
SPI [1]	result	4.76523435	0.00000512	0xB8	0xFF
SPI [1]	result	4.80318692	0.00000512	0x00	0x00
SPI [1]	result	4.80319220	0.00000512	0x00	0x00
SPI [1]	result	4.80319748	0.00000512	0x08	0x00
SPI [1]	result	4.80320276	0.00000512	0x20	0x00
SPI [1]	result	4.80373718	0.00000512	0x0A	0x00
SPI [1]	result	4.80374246	0.00000512	0x10	0x0F
SPI [1]	result	4.80374774	0.00000512	0x80	0xFF
SPI [1]	result	4.80375302	0.00000512	0x32	0xFF
SPI [1]	result	4.80414900	0.00000512	0x00	0x00
SPI [1]	result	4.80415428	0.00000512	0x00	0x00
SPI [1]	result	4.80415956	0.00000512	0x00	0x00
SPI [1]	result	4.80416484	0.00000512	0x00	0x00
SPI [1]	result	4.80455685	0.00000512	0x08	0x00
SPI [1]	result	4.80456213	0.00000512	0x00	0x00
SPI [1]	result	4.80456741	0.00000512	0x88	0x07
SPI [1]	result	4.80457269	0.00000512	0x32	0xBF
SPI [1]	result	4.84317829	0.00000512	0x00	0x00
SPI [1]	result	4.84318357	0.00000512	0x00	0x00
SPI [1]	result	4.84318885	0.00000512	0x08	0x00
SPI [1]	result	4.84319413	0.00000512	0x20	0x00
SPI [1]	result	4.84359397	0.00000512	0x0B	0x00
SPI [1]	result	4.84359925	0.00000512	0x10	0x0F
SPI [1]	result	4.84360453	0.00000512	0x80	0xFF
SPI [1]	result	4.84360981	0.00000512	0x3A	0xFF
SPI [1]	result	4.84400214	0.00000512	0x00	0x00
SPI [1]	result	4.84400742	0.00000512	0x00	0x00
SPI [1]	result	4.84401270	0.00000512	0x00	0x00
SPI [1]	result	4.84401798	0.00000512	0x00	0x00
SPI [1]	result	4.84440929	0.00000512	0x08	0x00
SPI [1]	result	4.84441457	0.00000512	0x00	0x00
SPI [1]	result	4.84441985	0.00000512	0x88	0x05
SPI [1]	result	4.84442513	0.00000512	0x32	0xBF
SPI [1]	result	4.88317749	0.00000512	0x00	0x00
SPI [1]	result	4.88318277	0.00000512	0x00	0x00
SPI [1]	result	4.88318805	0.00000512	0x08	0x00
SPI [1]	result	4.88319333	0.00000512	0x20	0x00
SPI [1]	result	4.88358614	0.00000512	0x0C	0x00
SPI [1]	result	4.88359142	0.00000512	0x10	0x00
SPI [1]	result	4.88359670	0.00000512	0x80	0x74
SPI [1]	result	4.88360198	0.00000512	0x02	0x01
SPI [1]	result	4.88403792	0.00000512	0x00	0x00
SPI [1]	result	4.88404320	0.00000512	0x00	0x00
SPI [1]	result	4.88404848	0.00000512	0x09	0x00
SPI [1]	result	4.88405376	0.00000512	0xA6	0x1F
SPI [1]	result	4.88445242	0.00000512	0x0D	0x00
SPI [1]	result	4.88445770	0.00000512	0x00	0x00
SPI [1]	result	4.88446298	0.00000512	0x88	0x7F
SPI [1]	result	4.88446826	0.00000512	0x1A	0xFF
SPI [1]	result	4.88486201	0.00000512	0x00	0x00
SPI [1]	result	4.88486729	0.00000512	0x00	0x00
SPI [1]	result	4.88487257	0.00000512	0x00	0x00
SPI [1]	result	4.88487785	0.00000512	0x00	0x00
SPI [1]	result	4.88527039	0.00000512	0x08	0x00
SPI [1]	result	4.88527567	0.00000512	0x00	0x00
SPI [1]	result	4.88528095	0.00000512	0x89	0x07
SPI [1]	result	4.88528623	0.00000512	0xB8	0xFF
SPI [1]	result	4.92317787	0.00000512	0x00	0x00
SPI [1]	result	4.92318315	0.00000512	0x00	0x00
SPI [1]	result	4.92318843	0.00000512	0x08	0x00
SPI [1]	result	4.92319371	0.00000512	0x20	0x00
SPI [1]	result	4.92359260	0.00000512	0x0E	0x00
SPI [1]	result	4.92359788	0.00000512	0x10	0x00
SPI [1]	result	4.92360316	0.00000512	0x80	0x78
SPI [1]	result	4.92360844	0.00000512	0x12	0x0F
SPI [1]	result	4.92400138	0.00000512	0x00	0x00
SPI [1]	result	4.92400666	0.00000512	0x00	0x00
SPI [1]	result	4.92401194	0.00000512	0x00	0x00
SPI [1]	result	4.92401722	0.00000512	0x00	0x00
SPI [1]	result	4.92440843	0.00000512	0x08	0x00
SPI [1]	result	4.92441371	0.00000512	0x00	0x00
SPI [1]	result	4.92441899	0.00000512	0x88	0x07
SPI [1]	result	4.92442427	0.00000512	0x32	0xBF
SPI [1]	result	4.96317600	0.00000512	0x00	0x00
SPI [1]	result	4.96318128	0.00000512	0x00	0x00
SPI [1]	result	4.96318656	0.00000512	0x08	0x00
SPI [1]	result	4.96319184	0.00000512	0x20	0x00
SPI [1]	result	4.96358741	0.00000512	0x0F	0x00
SPI [1]	result	4.96359269	0.00000512	0x10	0x00
SPI [1]	result	4.96359797	0.00000512	0x80	0x7F
SPI [1]	result	4.96360325	0.00000512	0x1A	0x5F
SPI [1]	result	4.96399537	0.00000512	0x00	0x00
SPI [1]	result	4.96400065	0.00000512	0x00	0x00
SPI [1]	result	4.96400593	0.00000512	0x00	0x00
SPI [1]	result	4.96401121	0.00000512	0x00	0x00
SPI [1]	result	4.96440234	0.00000512	0x08	0x00
SPI [1]	result	4.96440762	0.00000512	0x00	0x00
SPI [1]	result	4.96441290	0.00000512	0x88	0x07
SPI [1]	result	4.96441818	0.00000512	0x32	0x3F
SPI [1]	result	5.00317657	0.00000512	0x00	0x00
SPI [1]	result	5.00318185	0.00000512	0x00	0x00
SPI [1]	result	5.00318713	0.00000512	0x08	0x00
SPI [1]	result	5.00319241	0.00000512	0x20	0x00
SPI [1]	result	5.00358494	0.00000512	0x08	0x00
SPI [1]	result	5.00359022	0.00000512	0x10	0x00
SPI [1]	result	5.00359550	0.00000512	0x80	0x58
SPI [1]	result	5.00360078	0.00000512	0x22	0x3F
SPI [1]	result	5.00401983	0.00000512	0x00	0x00
SPI [1]	result	5.00402511	0.00000512	0x00	0x00
SPI [1]	result	5.00403039	0.00000512	0x09	0x00
SPI [1]	result	5.00403567	0.00000512	0xA6	0x3F
SPI [1]	result	5.00443774	0.00000512	0x09	0x00
SPI [1]	result	5.00444302	0.00000512	0x00	0x00
SPI [1]	result	5.00444830	0.00000512	0x88	0x7F
SPI [1]	result	5.00445358	0.00000512	0x3A	0xFF
SPI [1]	result	5.00484747	0.00000512	0x00	0x00
SPI [1]	result	5.00485275	0.00000512	0x00	0x00
SPI [1]	result	5.00485803	0.00000512	0x00	0x00
SPI [1]	result	5.00486331	0.00000512	0x00	0x00
SPI [1]	result	5.00525412	0.00000512	0x08	0x00
SPI [1]	result	5.00525940	0.00000512	0x00	0x00
SPI [1]	result	5.00526468	0.00000512	0x89	0x07
SPI [1]	result	5.00526996	0.00000512	0xB8	0xFF
SPI [1]	result	5.04318351	0.00000512	0x00	0x00
SPI [1]	result	5.04318879	0.00000512	0x00	0x00
SPI [1]	result	5.04319407	0.00000512	0x08	0x00
SPI [1]	result	5.04319935	0.00000512	0x20	0x00
SPI [1]	result	5.04361585	0.00000512	0x0A	0x00
SPI [1]	result	5.04362113	0.00000512	0x10	0x0A
SPI [1]	result	5.04362641	0.00000512	0x80	0xFF
SPI [1]	result	5.04363169	0.00000512	0x32	0xFF
SPI [1]	result	5.04402376	0.00000512	0x00	0x00
SPI [1]	result	5.04402904	0.00000512	0x00	0x00
SPI [1]	result	5.04403432	0.00000512	0x00	0x00
SPI [1]	result	5.04403960	0.00000512	0x00	0x00
SPI [1]	result	5.04443117	0.00000512	0x08	0x00
SPI [1]	result	5.04443645	0.00000512	0x00	0x00
SPI [1]	result	5.04444173	0.00000512	0x88	0x07
SPI [1]	result	5.04444701	0.00000512	0x32	0xBF
SPI [1]	result	5.08318243	0.00000512	0x00	0x00
SPI [1]	result	5.08318771	0.00000512	0x00	0x00
SPI [1]	result	5.08319299	0.00000512	0x08	0x00
SPI [1]	result	5.08319827	0.00000512	0x20	0x00
SPI [1]	result	5.08361571	0.00000512	0x0B	0x00
SPI [1]	result	5.08362099	0.00000512	0x10	0x0F
SPI [1]	result	5.08362627	0.00000512	0x80	0xFF
SPI [1]	result	5.08363155	0.00000512	0x3A	0xFF
SPI [1]	result	5.08403449	0.00000512	0x00	0x00
SPI [1]	result	5.08403977	0.00000512	0x00	0x00
SPI [1]	result	5.08404505	0.00000512	0x00	0x00
SPI [1]	result	5.08405033	0.00000512	0x00	0x00
SPI [1]	result	5.08445185	0.00000512	0x08	0x00
SPI [1]	result	5.08445713	0.00000512	0x00	0x00
SPI [1]	result	5.08446241	0.00000512	0x88	0x07
SPI [1]	result	5.08446769	0.00000512	0x32	0xFF
SPI [1]	result	5.12318430	0.00000512	0x00	0x00
SPI [1]	result	5.12318958	0.00000512	0x00	0x00
SPI [1]	result	5.12319486	0.00000512	0x08	0x00
SPI [1]	result	5.12320014	0.00000512	0x20	0x00
SPI [1]	result	5.12361808	0.00000512	0x0C	0x00
SPI [1]	result	5.12362336	0.00000512	0x10	0x00
SPI [1]	result	5.12362864	0.00000512	0x80	0x70
SPI [1]	result	5.12363392	0.00000512	0x02	0x01
SPI [1]	result	5.12403716	0.00000512	0x00	0x00
SPI [1]	result	5.12404244	0.00000512	0x00	0x00
SPI [1]	result	5.12404772	0.00000512	0x09	0x00
SPI [1]	result	5.12405300	0.00000512	0xA6	0x1F
SPI [1]	result	5.12445471	0.00000512	0x0D	0x00
SPI [1]	result	5.12445999	0.00000512	0x00	0x00
SPI [1]	result	5.12446527	0.00000512	0x88	0x7F
SPI [1]	result	5.12447055	0.00000512	0x1A	0xFF
SPI [1]	result	5.12487364	0.00000512	0x00	0x00
SPI [1]	result	5.12487892	0.00000512	0x00	0x00
SPI [1]	result	5.12488420	0.00000512	0x00	0x00
SPI [1]	result	5.12488948	0.00000512	0x00	0x00
SPI [1]	result	5.12528970	0.00000512	0x08	0x00
SPI [1]	result	5.12529498	0.00000512	0x00	0x00
SPI [1]	result	5.12530026	0.00000512	0x89	0x07
SPI [1]	result	5.12530554	0.00000512	0xB8	0xFF
SPI [1]	result	5.16317770	0.00000512	0x00	0x00
SPI [1]	result	5.16318298	0.00000512	0x00	0x00
SPI [1]	result	5.16318826	0.00000512	0x08	0x00
SPI [1]	result	5.16319354	0.00000512	0x20	0x00
SPI [1]	result	5.16359824	0.00000512	0x0E	0x00
SPI [1]	result	5.16360352	0.00000512	0x10	0x00
SPI [1]	result	5.16360880	0.00000512	0x80	0x7F
SPI [1]	result	5.16361408	0.00000512	0x12	0xDF
SPI [1]	result	5.16401623	0.00000512	0x00	0x00
SPI [1]	result	5.16402151	0.00000512	0x00	0x00
SPI [1]	result	5.16402679	0.00000512	0x00	0x00
SPI [1]	result	5.16403207	0.00000512	0x00	0x00
SPI [1]	result	5.16443484	0.00000512	0x08	0x00
SPI [1]	result	5.16444012	0.00000512	0x00	0x00
SPI [1]	result	5.16444540	0.00000512	0x88	0x07
SPI [1]	result	5.16445068	0.00000512	0x32	0x3F
SPI [1]	result	5.20317687	0.00000512	0x00	0x00
SPI [1]	result	5.20318215	0.00000512	0x00	0x00
SPI [1]	result	5.20318743	0.00000512	0x08	0x00
SPI [1]	result	5.20319271	0.00000512	0x20	0x00
SPI [1]	result	5.20359622	0.00000512	0x0F	0x00
SPI [1]	result	5.20360150	0.00000512	0x10	0x00
SPI [1]	result	5.20360678	0.00000512	0x80	0x7E
SPI [1]	result	5.20361206	0.00000512	0x1A	0x1F
SPI [1]	result	5.20401335	0.00000512	0x00	0x00
SPI [1]	result	5.20401863	0.00000512	0x00	0x00
SPI [1]	result	5.20402391	0.00000512	0x00	0x00
SPI [1]	result	5.20402919	0.00000512	0x00	0x00
SPI [1]	result	5.20443176	0.00000512	0x08	0x00
SPI [1]	result	5.20443704	0.00000512	0x00	0x00
SPI [1]	result	5.20444232	0.00000512	0x88	0x06
SPI [1]	result	5.20444760	0.00000512	0x32	0x3F
SPI [1]	result	5.24318164	0.00000512	0x00	0x00
SPI [1]	result	5.24318692	0.00000512	0x00	0x00
SPI [1]	result	5.24319220	0.00000512	0x08	0x00
SPI [1]	result	5.24319748	0.00000512	0x20	0x00
SPI [1]	result	5.24360827	0.00000512	0x08	0x00
SPI [1]	result	5.24361355	0.00000512	0x10	0x00
SPI [1]	result	5.24361883	0.00000512	0x80	0x70
SPI [1]	result	5.24362411	0.00000512	0x22	0x1F
SPI [1]	result	5.24402646	0.00000512	0x00	0x00
SPI [1]	result	5.24403174	0.00000512	0x00	0x00
SPI [1]	result	5.24403702	0.00000512	0x09	0x00
SPI [1]	result	5.24404230	0.00000512	0xA6	0x3F
SPI [1]	result	5.24444435	0.00000512	0x09	0x00
SPI [1]	result	5.24444963	0.00000512	0x00	0x00
SPI [1]	result	5.24445491	0.00000512	0x88	0x7F
SPI [1]	result	5.24446019	0.00000512	0x3A	0xFF
SPI [1]	result	5.24492663	0.00000512	0x00	0x00
SPI [1]	result	5.24493191	0.00000512	0x00	0x00
SPI [1]	result	5.24493719	0.00000512	0x00	0x00
SPI [1]	result	5.24494247	0.00000512	0x00	0x00
SPI [1]	result	5.24535041	0.00000512	0x08	0x00
SPI [1]	result	5.24535569	0.00000512	0x00	0x00
SPI [1]	result	5.24536097	0.00000512	0x89	0x05
SPI [1]	result	5.24536625	0.00000512	0xB8	0xFF
SPI [1]	result	5.28318130	0.00000512	0x00	0x00
SPI [1]	result	5.28318658	0.00000512	0x00	0x00
SPI [1]	result	5.28319186	0.00000512	0x08	0x00
SPI [1]	result	5.28319714	0.00000512	0x20	0x00
SPI [1]	result	5.28361438	0.00000512	0x0A	0x00
SPI [1]	result	5.28361966	0.00000512	0x10	0x0F
SPI [1]	result	5.28362494	0.00000512	0x80	0xFF
SPI [1]	result	5.28363022	0.00000512	0x32	0xFF
SPI [1]	result	5.28403049	0.00000512	0x00	0x00
SPI [1]	result	5.28403577	0.00000512	0x00	0x00
SPI [1]	result	5.28404105	0.00000512	0x00	0x00
SPI [1]	result	5.28404633	0.00000512	0x00	0x00
SPI [1]	result	5.28444789	0.00000512	0x08	0x00
SPI [1]	result	5.28445317	0.00000512	0x00	0x00
SPI [1]	result	5.28445845	0.00000512	0x88	0x07
SPI [1]	result	5.28446373	0.00000512	0x32	0xBF
SPI [1]	result	5.32318112	0.00000512	0x00	0x00
SPI [1]	result	5.32318640	0.00000512	0x00	0x00
SPI [1]	result	5.32319168	0.00000512	0x08	0x00
SPI [1]	result	5.32319696	0.00000512	0x20	0x00
SPI [1]	result	5.32361834	0.00000512	0x0B	0x00
SPI [1]	result	5.32362362	0.00000512	0x10	0x0F
SPI [1]	result	5.32362890	0.00000512	0x80	0xFF
SPI [1]	result	5.32363418	0.00000512	0x3A	0xFF
SPI [1]	result	5.32403794	0.00000512	0x00	0x00
SPI [1]	result	5.32404322	0.00000512	0x00	0x00
SPI [1]	result	5.32404850	0.00000512	0x00	0x00
SPI [1]	result	5.32405378	0.00000512	0x00	0x00
SPI [1]	result	5.32445272	0.00000512	0x08	0x00
SPI [1]	result	5.32445800	0.00000512	0x00	0x00
SPI [1]	result	5.32446328	0.00000512	0x88	0x07
SPI [1]	result	5.32446856	0.00000512	0x32	0x3F
SPI [1]	result	5.36318254	0.00000512	0x00	0x00
SPI [1]	result	5.36318782	0.00000512	0x00	0x00
SPI [1]	result	5.36319310	0.00000512	0x08	0x00
SPI [1]	result	5.36319838	0.00000512	0x20	0x00
SPI [1]	result	5.36361254	0.00000512	0x0C	0x00
SPI [1]	result	5.36361782	0.00000512	0x10	0x00
SPI [1]	result	5.36362310	0.00000512	0x80	0x7C
SPI [1]	result	5.36362838	0.00000512	0x02	0x01
SPI [1]	result	5.36403149	0.00000512	0x00	0x00
SPI [1]	result	5.36403677	0.00000512	0x00	0x00
SPI [1]	result	5.36404205	0.00000512	0x09	0x00
SPI [1]	result	5.36404733	0.00000512	0xA6	0x1F
SPI [1]	result	5.36444968	0.00000512	0x0D	0x00
SPI [1]	result	5.36445496	0.00000512	0x00	0x00
SPI [1]	result	5.36446024	0.00000512	0x88	0x7F
SPI [1]	result	5.36446552	0.00000512	0x1A	0xFF
SPI [1]	result	5.36486523	0.00000512	0x00	0x00
SPI [1]	result	5.36487051	0.00000512	0x00	0x00
SPI [1]	result	5.36487579	0.00000512	0x00	0x00
SPI [1]	result	5.36488107	0.00000512	0x00	0x00
SPI [1]	result	5.36528372	0.00000512	0x08	0x00
SPI [1]	result	5.36528900	0.00000512	0x00	0x00
SPI [1]	result	5.36529428	0.00000512	0x89	0x07
SPI [1]	result	5.36529956	0.00000512	0xB8	0xFF
SPI [1]	result	5.40318522	0.00000512	0x00	0x00
SPI [1]	result	5.40319050	0.00000512	0x00	0x00
SPI [1]	result	5.40319578	0.00000512	0x08	0x00
SPI [1]	result	5.40320106	0.00000512	0x20	0x00
SPI [1]	result	5.40363528	0.00000512	0x0E	0x00
SPI [1]	result	5.40364056	0.00000512	0x10	0x00
SPI [1]	result	5.40364584	0.00000512	0x80	0x7E
SPI [1]	result	5.40365112	0.00000512	0x12	0x1F
SPI [1]	result	5.40405136	0.00000512	0x00	0x00
SPI [1]	result	5.40405664	0.00000512	0x00	0x00
SPI [1]	result	5.40406192	0.00000512	0x00	0x00
SPI [1]	result	5.40406720	0.00000512	0x00	0x00
SPI [1]	result	5.40447015	0.00000512	0x08	0x00
SPI [1]	result	5.40447543	0.00000512	0x00	0x00
SPI [1]	result	5.40448071	0.00000512	0x88	0x07
SPI [1]	result	5.40448599	0.00000512	0x32	0x3F
SPI [1]	result	5.44318107	0.00000512	0x00	0x00
SPI [1]	result	5.44318635	0.00000512	0x00	0x00
SPI [1]	result	5.44319163	0.00000512	0x08	0x00
SPI [1]	result	5.44319691	0.00000512	0x20	0x00
SPI [1]	result	5.44361420	0.00000512	0x0F	0x00
SPI [1]	result	5.44361948	0.00000512	0x10	0x00
SPI [1]	result	5.44362476	0.00000512	0x80	0x7F
SPI [1]	result	5.44363004	0.00000512	0x1A	0x9F
SPI [1]	result	5.44403307	0.00000512	0x00	0x00
SPI [1]	result	5.44403835	0.00000512	0x00	0x00
SPI [1]	result	5.44404363	0.00000512	0x00	0x00
SPI [1]	result	5.44404891	0.00000512	0x00	0x00
SPI [1]	result	5.44444987	0.00000512	0x08	0x00
SPI [1]	result	5.44445515	0.00000512	0x00	0x00
SPI [1]	result	5.44446043	0.00000512	0x88	0x05
SPI [1]	result	5.44446571	0.00000512	0x32	0xBF
SPI [1]	result	5.48318258	0.00000512	0x00	0x00
SPI [1]	result	5.48318786	0.00000512	0x00	0x00
SPI [1]	result	5.48319314	0.00000512	0x08	0x00
SPI [1]	result	5.48319842	0.00000512	0x20	0x00
SPI [1]	result	5.48361370	0.00000512	0x08	0x00
SPI [1]	result	5.48361898	0.00000512	0x10	0x00
SPI [1]	result	5.48362426	0.00000512	0x80	0x7E
SPI [1]	result	5.48362954	0.00000512	0x22	0x3F
SPI [1]	result	5.48403085	0.00000512	0x00	0x00
SPI [1]	result	5.48403613	0.00000512	0x00	0x00
SPI [1]	result	5.48404141	0.00000512	0x09	0x00
SPI [1]	result	5.48404669	0.00000512	0xA6	0x7F
SPI [1]	result	5.48444865	0.00000512	0x09	0x00
SPI [1]	result	5.48445393	0.00000512	0x00	0x00
SPI [1]	result	5.48445921	0.00000512	0x88	0x7F
SPI [1]	result	5.48446449	0.00000512	0x3A	0xFF
SPI [1]	result	5.48486617	0.00000512	0x00	0x00
SPI [1]	result	5.48487145	0.00000512	0x00	0x00
SPI [1]	result	5.48487673	0.00000512	0x00	0x00
SPI [1]	result	5.48488201	0.00000512	0x00	0x00
SPI [1]	result	5.48528197	0.00000512	0x08	0x00
SPI [1]	result	5.48528725	0.00000512	0x00	0x00
SPI [1]	result	5.48529253	0.00000512	0x89	0x07
SPI [1]	result	5.48529781	0.00000512	0xB8	0xFF
SPI [1]	result	5.52318143	0.00000512	0x00	0x00
SPI [1]	result	5.52318671	0.00000512	0x00	0x00
SPI [1]	result	5.52319199	0.00000512	0x08	0x00
SPI [1]	result	5.52319727	0.00000512	0x20	0x00
SPI [1]	result	5.52361727	0.00000512	0x0A	0x00
SPI [1]	result	5.52362255	0.00000512	0x10	0x0B
SPI [1]	result	5.52362783	0.00000512	0x80	0xFF
SPI [1]	result	5.52363311	0.00000512	0x32	0xFF
SPI [1]	result	5.52403690	0.00000512	0x00	0x00
SPI [1]	result	5.52404218	0.00000512	0x00	0x00
SPI [1]	result	5.52404746	0.00000512	0x00	0x00
SPI [1]	result	5.52405274	0.00000512	0x00	0x00
SPI [1]	result	5.52445503	0.00000512	0x08	0x00
SPI [1]	result	5.52446031	0.00000512	0x00	0x00
SPI [1]	result	5.52446559	0.00000512	0x88	0x07
SPI [1]	result	5.52447087	0.00000512	0x32	0xBF
SPI [1]	result	5.56317758	0.00000512	0x00	0x00
SPI [1]	result	5.56318286	0.00000512	0x00	0x00
SPI [1]	result	5.56318814	0.00000512	0x08	0x00
SPI [1]	result	5.56319342	0.00000512	0x20	0x00
SPI [1]	result	5.56359969	0.00000512	0x0B	0x00
SPI [1]	result	5.56360497	0.00000512	0x10	0x0F
SPI [1]	result	5.56361025	0.00000512	0x80	0xFF
SPI [1]	result	5.56361553	0.00000512	0x3A	0xFF
SPI [1]	result	5.56401706	0.00000512	0x00	0x00
SPI [1]	result	5.56402234	0.00000512	0x00	0x00
SPI [1]	result	5.56402762	0.00000512	0x00	0x00
SPI [1]	result	5.56403290	0.00000512	0x00	0x00
SPI [1]	result	5.56443486	0.00000512	0x08	0x00
SPI [1]	result	5.56444014	0.00000512	0x00	0x00
SPI [1]	result	5.56444542	0.00000512	0x88	0x07
SPI [1]	result	5.56445070	0.00000512	0x32	0xBF
SPI [1]	result	5.60317843	0.00000512	0x00	0x00
SPI [1]	result	5.60318371	0.00000512	0x00	0x00
SPI [1]	result	5.60318899	0.00000512	0x08	0x00
SPI [1]	result	5.60319427	0.00000512	0x20	0x00
SPI [1]	result	5.60359519	0.00000512	0x0C	0x00
SPI [1]	result	5.60360047	0.00000512	0x10	0x00
SPI [1]	result	5.60360575	0.00000512	0x80	0x7F
SPI [1]	result	5.60361103	0.00000512	0x02	0x83
SPI [1]	result	5.60401271	0.00000512	0x00	0x00
SPI [1]	result	5.60401799	0.00000512	0x00	0x00
SPI [1]	result	5.60402327	0.00000512	0x09	0x00
SPI [1]	result	5.60402855	0.00000512	0xA6	0x3F
SPI [1]	result	5.60442990	0.00000512	0x0D	0x00
SPI [1]	result	5.60443518	0.00000512	0x00	0x00
SPI [1]	result	5.60444046	0.00000512	0x88	0x7F
SPI [1]	result	5.60444574	0.00000512	0x1A	0xFF
SPI [1]	result	5.60484890	0.00000512	0x00	0x00
SPI [1]	result	5.60485418	0.00000512	0x00	0x00
SPI [1]	result	5.60485946	0.00000512	0x00	0x00
SPI [1]	result	5.60486474	0.00000512	0x00	0x00
SPI [1]	result	5.60533075	0.00000512	0x08	0x00
SPI [1]	result	5.60533603	0.00000512	0x00	0x00
SPI [1]	result	5.60534131	0.00000512	0x89	0x05
SPI [1]	result	5.60534659	0.00000512	0xB8	0xFF
SPI [1]	result	5.64318031	0.00000512	0x00	0x00
SPI [1]	result	5.64318559	0.00000512	0x00	0x00
SPI [1]	result	5.64319087	0.00000512	0x08	0x00
SPI [1]	result	5.64319615	0.00000512	0x20	0x00
SPI [1]	result	5.64361161	0.00000512	0x0E	0x00
SPI [1]	result	5.64361689	0.00000512	0x10	0x00
SPI [1]	result	5.64362217	0.00000512	0x80	0x7E
SPI [1]	result	5.64362745	0.00000512	0x12	0x1F
SPI [1]	result	5.64402993	0.00000512	0x00	0x00
SPI [1]	result	5.64403521	0.00000512	0x00	0x00
SPI [1]	result	5.64404049	0.00000512	0x00	0x00
SPI [1]	result	5.64404577	0.00000512	0x00	0x00
SPI [1]	result	5.64444725	0.00000512	0x08	0x00
SPI [1]	result	5.64445253	0.00000512	0x00	0x00
SPI [1]	result	5.64445781	0.00000512	0x88	0x07
SPI [1]	result	5.64446309	0.00000512	0x32	0xBF
